Timestamp;ElapsedTime;ID_Subject;ID_Session;sessionNumber;ID_Test;HeadPosition_X;HeadPosition_Y;HeadPosition_Z;HeadRotation_X;HeadRotation_Y;HeadRotation_Z;HeadRotation_W;Events;FalseStart
2033,97;0.0;pa031​;20250619_105200;1;FO1;-0,0392;1,6030;0,5666;-0,0696;-0,0200;0,0118;0,9973;;True
2033,99;0.0;pa031​;20250619_105200;1;FO1;-0,0392;1,6040;0,5646;-0,0728;-0,0195;0,0107;0,9971;;True
2034,00;0.0;pa031​;20250619_105200;1;FO1;-0,0395;1,6047;0,5628;-0,0740;-0,0187;0,0107;0,9970;;True
2034,02;0.0;pa031​;20250619_105200;1;FO1;-0,0400;1,6054;0,5611;-0,0740;-0,0176;0,0112;0,9970;;True
2034,03;0.0;pa031​;20250619_105200;1;FO1;-0,0406;1,6057;0,5597;-0,0739;-0,0173;0,0125;0,9970;;True
2034,04;0.0;pa031​;20250619_105200;1;FO1;-0,0412;1,6060;0,5584;-0,0736;-0,0171;0,0139;0,9970;;True
2034,06;0.0;pa031​;20250619_105200;1;FO1;-0,0419;1,6066;0,5572;-0,0742;-0,0168;0,0158;0,9970;;True
2034,07;0.0;pa031​;20250619_105200;1;FO1;-0,0428;1,6070;0,5562;-0,0741;-0,0165;0,0166;0,9970;;True
2034,09;0.0;pa031​;20250619_105200;1;FO1;-0,0437;1,6069;0,5551;-0,0737;-0,0160;0,0174;0,9970;;True
2034,10;0.0;pa031​;20250619_105200;1;FO1;-0,0444;1,6064;0,5542;-0,0713;-0,0160;0,0181;0,9972;;True
2034,11;0.0;pa031​;20250619_105200;1;FO1;-0,0451;1,6058;0,5534;-0,0682;-0,0156;0,0188;0,9974;;True
2034,12;0.0;pa031​;20250619_105200;1;FO1;-0,0459;1,6051;0,5527;-0,0654;-0,0154;0,0191;0,9976;;True
2034,14;0.0;pa031​;20250619_105200;1;FO1;-0,0467;1,6044;0,5520;-0,0632;-0,0155;0,0191;0,9977;;True
2034,15;0.0;pa031​;20250619_105200;1;FO1;-0,0477;1,6037;0,5512;-0,0610;-0,0157;0,0193;0,9978;;True
2034,16;0.0;pa031​;20250619_105200;1;FO1;-0,0487;1,6027;0,5504;-0,0594;-0,0158;0,0193;0,9979;;True
2034,18;0.0;pa031​;20250619_105200;1;FO1;-0,0496;1,6015;0,5495;-0,0581;-0,0161;0,0195;0,9980;;True
2034,19;0.0;pa031​;20250619_105200;1;FO1;-0,0506;1,6002;0,5486;-0,0566;-0,0156;0,0197;0,9981;;True
2034,21;0.0;pa031​;20250619_105200;1;FO1;-0,0515;1,5988;0,5478;-0,0560;-0,0148;0,0196;0,9981;;True
2034,22;0.0;pa031​;20250619_105200;1;FO1;-0,0525;1,5973;0,5469;-0,0556;-0,0139;0,0198;0,9982;;True
2034,23;0.0;pa031​;20250619_105200;1;FO1;-0,0536;1,5959;0,5461;-0,0553;-0,0127;0,0203;0,9982;;True
2034,25;0.0;pa031​;20250619_105200;1;FO1;-0,0547;1,5946;0,5455;-0,0548;-0,0115;0,0210;0,9982;;True
2034,26;0.0;pa031​;20250619_105200;1;FO1;-0,0559;1,5930;0,5448;-0,0547;-0,0107;0,0218;0,9982;;True
2034,27;0.0;pa031​;20250619_105200;1;FO1;-0,0574;1,5917;0,5439;-0,0544;-0,0105;0,0232;0,9982;;True
2034,29;0.0;pa031​;20250619_105200;1;FO1;-0,0590;1,5906;0,5428;-0,0554;-0,0110;0,0248;0,9981;;True
2034,30;0.0;pa031​;20250619_105200;1;FO1;-0,0606;1,5895;0,5419;-0,0559;-0,0120;0,0259;0,9980;;True
2034,32;0.0;pa031​;20250619_105200;1;FO1;-0,0620;1,5883;0,5408;-0,0557;-0,0131;0,0266;0,9980;;True
2034,33;0.0;pa031​;20250619_105200;1;FO1;-0,0633;1,5870;0,5398;-0,0542;-0,0136;0,0275;0,9981;;True
2034,34;0.0;pa031​;20250619_105200;1;FO1;-0,0647;1,5860;0,5388;-0,0523;-0,0137;0,0288;0,9981;;True
2034,36;0.0;pa031​;20250619_105200;1;FO1;-0,0660;1,5854;0,5376;-0,0505;-0,0145;0,0299;0,9982;;True
2034,37;0.0;pa031​;20250619_105200;1;FO1;-0,0671;1,5846;0,5361;-0,0495;-0,0154;0,0306;0,9982;;True
2034,39;0.0;pa031​;20250619_105200;1;FO1;-0,0680;1,5837;0,5343;-0,0484;-0,0163;0,0315;0,9982;;True
2034,40;0.0;pa031​;20250619_105200;1;FO1;-0,0687;1,5829;0,5324;-0,0474;-0,0167;0,0319;0,9982;;True
2034,42;0.0;pa031​;20250619_105200;1;FO1;-0,0692;1,5821;0,5302;-0,0467;-0,0168;0,0327;0,9982;;True
2034,43;0.0;pa031​;20250619_105200;1;FO1;-0,0696;1,5818;0,5281;-0,0459;-0,0163;0,0337;0,9982;;True
2034,44;0.0;pa031​;20250619_105200;1;FO1;-0,0698;1,5815;0,5259;-0,0462;-0,0157;0,0345;0,9982;;True
2034,46;0.0;pa031​;20250619_105200;1;FO1;-0,0700;1,5815;0,5235;-0,0469;-0,0153;0,0346;0,9982;;True
2034,47;0.0;pa031​;20250619_105200;1;FO1;-0,0704;1,5817;0,5212;-0,0470;-0,0154;0,0347;0,9982;;True
2034,48;0.0;pa031​;20250619_105200;1;FO1;-0,0706;1,5821;0,5188;-0,0472;-0,0157;0,0346;0,9982;;True
2034,50;0.0;pa031​;20250619_105200;1;FO1;-0,0704;1,5826;0,5163;-0,0475;-0,0159;0,0343;0,9982;;True
2034,51;0.0;pa031​;20250619_105200;1;FO1;-0,0699;1,5830;0,5137;-0,0478;-0,0159;0,0340;0,9982;;True
2034,52;0.0;pa031​;20250619_105200;1;FO1;-0,0693;1,5835;0,5111;-0,0486;-0,0160;0,0326;0,9982;;True
2034,54;0.0;pa031​;20250619_105200;1;FO1;-0,0684;1,5837;0,5083;-0,0495;-0,0160;0,0313;0,9982;;True
2034,55;0.0;pa031​;20250619_105200;1;FO1;-0,0673;1,5837;0,5054;-0,0497;-0,0159;0,0304;0,9982;;True
2034,57;0.0;pa031​;20250619_105200;1;FO1;-0,0660;1,5837;0,5025;-0,0498;-0,0150;0,0293;0,9982;;True
2034,58;0.0;pa031​;20250619_105200;1;FO1;-0,0644;1,5840;0,4997;-0,0510;-0,0140;0,0285;0,9982;;True
2034,59;0.0;pa031​;20250619_105200;1;FO1;-0,0631;1,5848;0,4972;-0,0521;-0,0126;0,0280;0,9982;;True
2034,61;0.0;pa031​;20250619_105200;1;FO1;-0,0615;1,5853;0,4943;-0,0530;-0,0115;0,0274;0,9982;;True
2034,62;0.0;pa031​;20250619_105200;1;FO1;-0,0597;1,5859;0,4915;-0,0528;-0,0104;0,0268;0,9982;;True
2034,64;0.0;pa031​;20250619_105200;1;FO1;-0,0579;1,5869;0,4888;-0,0530;-0,0094;0,0269;0,9982;;True
2034,65;0.0;pa031​;20250619_105200;1;FO1;-0,0560;1,5875;0,4858;-0,0540;-0,0087;0,0266;0,9982;;True
2034,66;0.0;pa031​;20250619_105200;1;FO1;-0,0538;1,5882;0,4829;-0,0547;-0,0088;0,0262;0,9981;;True
2034,68;0.0;pa031​;20250619_105200;1;FO1;-0,0515;1,5889;0,4800;-0,0571;-0,0092;0,0260;0,9980;;True
2034,69;0.0;pa031​;20250619_105200;1;FO1;-0,0490;1,5893;0,4770;-0,0607;-0,0093;0,0243;0,9978;;True
2034,71;0.0;pa031​;20250619_105200;1;FO1;-0,0462;1,5898;0,4742;-0,0636;-0,0088;0,0219;0,9977;;True
2034,72;0.0;pa031​;20250619_105200;1;FO1;-0,0433;1,5901;0,4718;-0,0675;-0,0074;0,0198;0,9975;;True
2034,73;0.0;pa031​;20250619_105200;1;FO1;-0,0405;1,5904;0,4695;-0,0692;-0,0059;0,0185;0,9974;;True
2034,75;0.0;pa031​;20250619_105200;1;FO1;-0,0374;1,5904;0,4675;-0,0707;-0,0051;0,0178;0,9973;;True
2034,76;0.0;pa031​;20250619_105200;1;FO1;-0,0342;1,5904;0,4658;-0,0704;-0,0034;0,0171;0,9974;;True
2034,78;0.0;pa031​;20250619_105200;1;FO1;-0,0307;1,5905;0,4644;-0,0696;-0,0011;0,0169;0,9974;;True
2034,79;0.0;pa031​;20250619_105200;1;FO1;-0,0269;1,5915;0,4635;-0,0674;0,0021;0,0173;0,9976;;True
2034,80;0.0;pa031​;20250619_105200;1;FO1;-0,0230;1,5925;0,4630;-0,0671;0,0057;0,0170;0,9976;;True
2034,82;0.0;pa031​;20250619_105200;1;FO1;-0,0186;1,5928;0,4624;-0,0662;0,0093;0,0146;0,9977;;True
2034,83;0.0;pa031​;20250619_105200;1;FO1;-0,0141;1,5926;0,4619;-0,0649;0,0138;0,0125;0,9977;;True
2034,84;0.0;pa031​;20250619_105200;1;FO1;-0,0091;1,5921;0,4613;-0,0634;0,0185;0,0100;0,9978;;True
2034,86;0.0;pa031​;20250619_105200;1;FO1;-0,0043;1,5913;0,4605;-0,0616;0,0241;0,0076;0,9978;;True
2034,87;0.0;pa031​;20250619_105200;1;FO1;0,0004;1,5904;0,4596;-0,0598;0,0292;0,0049;0,9978;;True
2034,89;0.0;pa031​;20250619_105200;1;FO1;0,0050;1,5897;0,4587;-0,0581;0,0336;0,0027;0,9977;;True
2034,90;0.0;pa031​;20250619_105200;1;FO1;0,0093;1,5891;0,4576;-0,0563;0,0383;0,0001;0,9977;;True
2034,92;0.0;pa031​;20250619_105200;1;FO1;0,0135;1,5887;0,4564;-0,0546;0,0426;-0,0013;0,9976;;True
2034,93;0.0;pa031​;20250619_105200;1;FO1;0,0174;1,5884;0,4550;-0,0532;0,0470;-0,0024;0,9975;;True
2034,94;0.0;pa031​;20250619_105200;1;FO1;0,0209;1,5885;0,4536;-0,0526;0,0503;-0,0021;0,9973;;True
2034,96;0.0;pa031​;20250619_105200;1;FO1;0,0240;1,5890;0,4521;-0,0519;0,0527;-0,0029;0,9973;;True
2034,97;0.0;pa031​;20250619_105200;1;FO1;0,0271;1,5894;0,4502;-0,0514;0,0543;-0,0035;0,9972;;True
2034,98;0.0;pa031​;20250619_105200;1;FO1;0,0303;1,5901;0,4481;-0,0508;0,0546;-0,0033;0,9972;;True
2035,00;0.0;pa031​;20250619_105200;1;FO1;0,0334;1,5914;0,4462;-0,0518;0,0553;-0,0045;0,9971;;True
2035,01;0.0;pa031​;20250619_105200;1;FO1;0,0364;1,5927;0,4443;-0,0546;0,0564;-0,0063;0,9969;;True
2035,03;0.0;pa031​;20250619_105200;1;FO1;0,0393;1,5936;0,4420;-0,0585;0,0582;-0,0077;0,9966;;True
2035,04;0.0;pa031​;20250619_105200;1;FO1;0,0419;1,5942;0,4399;-0,0617;0,0595;-0,0077;0,9963;;True
2035,06;0.0;pa031​;20250619_105200;1;FO1;0,0444;1,5947;0,4380;-0,0640;0,0602;-0,0078;0,9961;;True
2035,08;0.0;pa031​;20250619_105200;1;FO1;0,0467;1,5952;0,4365;-0,0657;0,0606;-0,0078;0,9960;;True
2035,09;0.0;pa031​;20250619_105200;1;FO1;0,0489;1,5955;0,4349;-0,0664;0,0609;-0,0080;0,9959;;True
2035,11;0.0;pa031​;20250619_105200;1;FO1;0,0512;1,5955;0,4332;-0,0659;0,0608;-0,0083;0,9959;;True
2035,12;0.0;pa031​;20250619_105200;1;FO1;0,0553;1,5956;0,4298;-0,0653;0,0616;-0,0089;0,9959;;True
2035,14;0.0;pa031​;20250619_105200;1;FO1;0,0574;1,5959;0,4282;-0,0649;0,0618;-0,0091;0,9959;;True
2035,15;0.0;pa031​;20250619_105200;1;FO1;0,0593;1,5962;0,4266;-0,0652;0,0625;-0,0088;0,9959;;True
2035,17;0.0;pa031​;20250619_105200;1;FO1;0,0611;1,5965;0,4249;-0,0658;0,0633;-0,0086;0,9958;;True
2035,18;0.0;pa031​;20250619_105200;1;FO1;0,0627;1,5970;0,4234;-0,0666;0,0640;-0,0081;0,9957;;True
2035,20;0.0;pa031​;20250619_105200;1;FO1;0,0641;1,5976;0,4221;-0,0678;0,0644;-0,0080;0,9956;;True
2035,21;0.0;pa031​;20250619_105200;1;FO1;0,0654;1,5983;0,4209;-0,0688;0,0645;-0,0084;0,9955;;True
2035,23;0.0;pa031​;20250619_105200;1;FO1;0,0670;1,5986;0,4196;-0,0698;0,0645;-0,0087;0,9954;;True
2035,24;0.0;pa031​;20250619_105200;1;FO1;0,0686;1,5989;0,4184;-0,0705;0,0644;-0,0090;0,9954;;True
2035,26;0.0;pa031​;20250619_105200;1;FO1;0,0701;1,5993;0,4173;-0,0716;0,0645;-0,0095;0,9953;;True
2035,27;0.0;pa031​;20250619_105200;1;FO1;0,0718;1,5997;0,4164;-0,0726;0,0648;-0,0100;0,9952;;True
2035,29;0.0;pa031​;20250619_105200;1;FO1;0,0748;1,6002;0,4147;-0,0742;0,0651;-0,0099;0,9951;;True
2035,31;0.0;pa031​;20250619_105200;1;FO1;0,0763;1,6002;0,4143;-0,0747;0,0649;-0,0099;0,9950;;True
2035,32;0.0;pa031​;20250619_105200;1;FO1;0,0777;1,6003;0,4139;-0,0748;0,0649;-0,0100;0,9950;;True
2035,34;0.0;pa031​;20250619_105200;1;FO1;0,0793;1,6003;0,4138;-0,0751;0,0653;-0,0106;0,9950;;True
2035,35;0.0;pa031​;20250619_105200;1;FO1;0,0809;1,6001;0,4137;-0,0753;0,0658;-0,0109;0,9949;;True
2035,37;0.0;pa031​;20250619_105200;1;FO1;0,0825;1,5998;0,4138;-0,0750;0,0663;-0,0113;0,9949;;True
2035,38;0.0;pa031​;20250619_105200;1;FO1;0,0840;1,5995;0,4140;-0,0746;0,0664;-0,0114;0,9949;;True
2035,40;0.0;pa031​;20250619_105200;1;FO1;0,0857;1,5992;0,4144;-0,0738;0,0661;-0,0119;0,9950;;True
2035,41;0.0;pa031​;20250619_105200;1;FO1;0,0873;1,5987;0,4146;-0,0730;0,0667;-0,0129;0,9950;;True
2035,43;0.0;pa031​;20250619_105200;1;FO1;0,0908;1,5979;0,4152;-0,0715;0,0683;-0,0139;0,9950;;True
2035,45;0.0;pa031​;20250619_105200;1;FO1;0,0925;1,5976;0,4155;-0,0707;0,0700;-0,0139;0,9949;;True
2035,46;0.0;pa031​;20250619_105200;1;FO1;0,0943;1,5973;0,4159;-0,0697;0,0711;-0,0141;0,9949;;True
2035,48;0.0;pa031​;20250619_105200;1;FO1;0,0961;1,5969;0,4162;-0,0688;0,0719;-0,0144;0,9949;;True
2035,50;0.0;pa031​;20250619_105200;1;FO1;0,0997;1,5963;0,4169;-0,0666;0,0739;-0,0156;0,9949;;True
2035,51;0.0;pa031​;20250619_105200;1;FO1;0,1015;1,5962;0,4172;-0,0658;0,0748;-0,0164;0,9949;;True
2035,53;0.0;pa031​;20250619_105200;1;FO1;0,1033;1,5960;0,4174;-0,0657;0,0755;-0,0169;0,9948;;True
2035,54;0.0;pa031​;20250619_105200;1;FO1;0,1048;1,5960;0,4176;-0,0657;0,0765;-0,0181;0,9947;;True
2035,56;0.0;pa031​;20250619_105200;1;FO1;0,1063;1,5960;0,4178;-0,0658;0,0771;-0,0186;0,9947;;True
2035,57;0.0;pa031​;20250619_105200;1;FO1;0,1076;1,5960;0,4179;-0,0661;0,0777;-0,0190;0,9946;;True
2035,59;0.0;pa031​;20250619_105200;1;FO1;0,1085;1,5960;0,4179;-0,0663;0,0777;-0,0195;0,9946;;True
2035,60;0.0;pa031​;20250619_105200;1;FO1;0,1091;1,5960;0,4179;-0,0660;0,0776;-0,0193;0,9946;;True
2035,62;0.0;pa031​;20250619_105200;1;FO1;0,1099;1,5958;0,4178;-0,0656;0,0774;-0,0193;0,9947;;True
2035,63;0.0;pa031​;20250619_105200;1;FO1;0,1107;1,5958;0,4179;-0,0649;0,0772;-0,0194;0,9947;;True
2035,65;0.0;pa031​;20250619_105200;1;FO1;0,1115;1,5957;0,4180;-0,0647;0,0768;-0,0193;0,9948;;True
2035,67;0.0;pa031​;20250619_105200;1;FO1;0,1129;1,5957;0,4181;-0,0640;0,0765;-0,0194;0,9948;;True
2035,68;0.0;pa031​;20250619_105200;1;FO1;0,1134;1,5955;0,4182;-0,0641;0,0764;-0,0196;0,9948;;True
2035,70;0.0;pa031​;20250619_105200;1;FO1;0,1138;1,5955;0,4184;-0,0639;0,0763;-0,0195;0,9948;;True
2035,71;0.0;pa031​;20250619_105200;1;FO1;0,1143;1,5954;0,4185;-0,0637;0,0757;-0,0193;0,9949;;True
2035,72;0.0;pa031​;20250619_105200;1;FO1;0,1145;1,5952;0,4186;-0,0631;0,0753;-0,0191;0,9950;;True
2035,74;0.0;pa031​;20250619_105200;1;FO1;0,1149;1,5950;0,4187;-0,0626;0,0747;-0,0190;0,9951;;True
2035,75;0.0;pa031​;20250619_105200;1;FO1;0,1148;1,5952;0,4188;-0,0623;0,0745;-0,0186;0,9951;;True
2035,76;0.0;pa031​;20250619_105200;1;FO1;0,1147;1,5952;0,4188;-0,0622;0,0741;-0,0183;0,9951;;True
2035,78;0.0;pa031​;20250619_105200;1;FO1;0,1147;1,5952;0,4188;-0,0622;0,0739;-0,0176;0,9952;;True
2035,79;0.0;pa031​;20250619_105200;1;FO1;0,1151;1,5952;0,4189;-0,0620;0,0736;-0,0170;0,9952;;True
2035,80;0.0;pa031​;20250619_105200;1;FO1;0,1151;1,5952;0,4190;-0,0622;0,0732;-0,0168;0,9952;;True
2035,82;0.0;pa031​;20250619_105200;1;FO1;0,1152;1,5952;0,4191;-0,0625;0,0729;-0,0163;0,9952;;True
2035,83;0.0;pa031​;20250619_105200;1;FO1;0,1150;1,5952;0,4191;-0,0626;0,0726;-0,0159;0,9953;;True
2035,84;0.0;pa031​;20250619_105200;1;FO1;0,1148;1,5952;0,4190;-0,0627;0,0721;-0,0157;0,9953;;True
2035,86;0.0;pa031​;20250619_105200;1;FO1;0,1148;1,5952;0,4190;-0,0628;0,0714;-0,0158;0,9953;;True
2035,87;0.0;pa031​;20250619_105200;1;FO1;0,1148;1,5952;0,4192;-0,0629;0,0708;-0,0160;0,9954;;True
2035,89;0.0;pa031​;20250619_105200;1;FO1;0,1149;1,5951;0,4193;-0,0629;0,0705;-0,0157;0,9954;;True
2035,90;0.0;pa031​;20250619_105200;1;FO1;0,1150;1,5951;0,4194;-0,0629;0,0704;-0,0157;0,9954;;True
2035,91;0.0;pa031​;20250619_105200;1;FO1;0,1150;1,5951;0,4194;-0,0628;0,0704;-0,0158;0,9954;;True
2035,93;0.0;pa031​;20250619_105200;1;FO1;0,1151;1,5950;0,4194;-0,0626;0,0704;-0,0159;0,9954;;True
2035,94;0.0;pa031​;20250619_105200;1;FO1;0,1152;1,5949;0,4196;-0,0624;0,0703;-0,0160;0,9954;;True
2035,96;0.0;pa031​;20250619_105200;1;FO1;0,1153;1,5949;0,4198;-0,0623;0,0697;-0,0161;0,9955;;True
2035,97;0.0;pa031​;20250619_105200;1;FO1;0,1154;1,5948;0,4200;-0,0622;0,0695;-0,0163;0,9955;;True
2035,98;0.0;pa031​;20250619_105200;1;FO1;0,1154;1,5948;0,4203;-0,0625;0,0690;-0,0165;0,9955;;True
2036,00;0.0;pa031​;20250619_105200;1;FO1;0,1154;1,5947;0,4206;-0,0624;0,0690;-0,0167;0,9955;;True
2036,01;0.0;pa031​;20250619_105200;1;FO1;0,1155;1,5946;0,4209;-0,0628;0,0689;-0,0169;0,9955;;True
2036,03;0.0;pa031​;20250619_105200;1;FO1;0,1156;1,5946;0,4212;-0,0625;0,0688;-0,0173;0,9955;;True
2036,04;0.0;pa031​;20250619_105200;1;FO1;0,1157;1,5945;0,4216;-0,0625;0,0693;-0,0174;0,9955;;True
2036,05;0.0;pa031​;20250619_105200;1;FO1;0,1159;1,5944;0,4220;-0,0621;0,0698;-0,0172;0,9955;;True
2036,07;0.0;pa031​;20250619_105200;1;FO1;0,1158;1,5943;0,4223;-0,0616;0,0703;-0,0171;0,9955;;True
2036,08;0.0;pa031​;20250619_105200;1;FO1;0,1158;1,5942;0,4226;-0,0612;0,0705;-0,0174;0,9955;;True
2036,09;0.0;pa031​;20250619_105200;1;FO1;0,1157;1,5941;0,4229;-0,0607;0,0707;-0,0173;0,9955;;True
2036,11;0.0;pa031​;20250619_105200;1;FO1;0,1158;1,5940;0,4233;-0,0600;0,0707;-0,0179;0,9955;;True
2036,12;0.0;pa031​;20250619_105200;1;FO1;0,1157;1,5939;0,4237;-0,0591;0,0710;-0,0183;0,9956;;True
2036,14;0.0;pa031​;20250619_105200;1;FO1;0,1157;1,5938;0,4241;-0,0585;0,0711;-0,0185;0,9956;;True
2036,15;0.0;pa031​;20250619_105200;1;FO1;0,1156;1,5937;0,4244;-0,0578;0,0714;-0,0187;0,9956;;True
2036,16;0.0;pa031​;20250619_105200;1;FO1;0,1153;1,5935;0,4247;-0,0576;0,0714;-0,0182;0,9956;;True
2036,18;0.0;pa031​;20250619_105200;1;FO1;0,1151;1,5933;0,4251;-0,0572;0,0711;-0,0180;0,9957;;True
2036,19;0.0;pa031​;20250619_105200;1;FO1;0,1149;1,5930;0,4256;-0,0566;0,0706;-0,0176;0,9957;;True
2036,21;0.0;pa031​;20250619_105200;1;FO1;0,1147;1,5928;0,4260;-0,0558;0,0704;-0,0176;0,9958;;True
2036,22;0.0;pa031​;20250619_105200;1;FO1;0,1145;1,5926;0,4265;-0,0550;0,0699;-0,0178;0,9959;;True
2036,23;0.0;pa031​;20250619_105200;1;FO1;0,1144;1,5923;0,4269;-0,0541;0,0695;-0,0177;0,9960;;True
2036,25;0.0;pa031​;20250619_105200;1;FO1;0,1142;1,5922;0,4274;-0,0536;0,0693;-0,0177;0,9960;;True
2036,26;0.0;pa031​;20250619_105200;1;FO1;0,1141;1,5922;0,4280;-0,0532;0,0689;-0,0177;0,9960;;True
2036,28;0.0;pa031​;20250619_105200;1;FO1;0,1138;1,5922;0,4285;-0,0531;0,0686;-0,0171;0,9961;;True
2036,29;0.0;pa031​;20250619_105200;1;FO1;0,1136;1,5920;0,4290;-0,0527;0,0682;-0,0164;0,9961;;True
2036,30;0.0;pa031​;20250619_105200;1;FO1;0,1134;1,5918;0,4293;-0,0521;0,0674;-0,0159;0,9962;;True
2036,32;0.0;pa031​;20250619_105200;1;FO1;0,1130;1,5916;0,4297;-0,0513;0,0666;-0,0152;0,9963;;True
2036,33;0.0;pa031​;20250619_105200;1;FO1;0,1128;1,5914;0,4300;-0,0507;0,0655;-0,0151;0,9964;;True
2036,34;0.0;pa031​;20250619_105200;1;FO1;0,1128;1,5910;0,4303;-0,0504;0,0642;-0,0148;0,9966;;True
2036,36;0.0;pa031​;20250619_105200;1;FO1;0,1127;1,5907;0,4307;-0,0497;0,0631;-0,0150;0,9967;;True
2036,37;0.0;pa031​;20250619_105200;1;FO1;0,1128;1,5902;0,4311;-0,0493;0,0618;-0,0155;0,9967;;True
2036,39;0.0;pa031​;20250619_105200;1;FO1;0,1128;1,5896;0,4313;-0,0485;0,0608;-0,0157;0,9969;;True
2036,40;0.0;pa031​;20250619_105200;1;FO1;0,1129;1,5889;0,4315;-0,0473;0,0595;-0,0160;0,9970;;True
2036,42;0.0;pa031​;20250619_105200;1;FO1;0,1131;1,5883;0,4316;-0,0454;0,0586;-0,0162;0,9971;;True
2036,43;0.0;pa031​;20250619_105200;1;FO1;0,1134;1,5877;0,4316;-0,0431;0,0580;-0,0166;0,9972;;True
2036,44;0.0;pa031​;20250619_105200;1;FO1;0,1137;1,5870;0,4314;-0,0407;0,0574;-0,0167;0,9974;;True
2036,46;0.0;pa031​;20250619_105200;1;FO1;0,1141;1,5866;0,4311;-0,0385;0,0572;-0,0170;0,9975;;True
2036,47;0.0;pa031​;20250619_105200;1;FO1;0,1146;1,5863;0,4306;-0,0372;0,0570;-0,0173;0,9975;;True
2036,48;0.0;pa031​;20250619_105200;1;FO1;0,1152;1,5862;0,4300;-0,0368;0,0567;-0,0174;0,9976;;True
2036,50;0.0;pa031​;20250619_105200;1;FO1;0,1157;1,5863;0,4293;-0,0374;0,0567;-0,0173;0,9975;;True
2036,51;0.0;pa031​;20250619_105200;1;FO1;0,1162;1,5865;0,4284;-0,0380;0,0564;-0,0173;0,9975;;True
2036,53;0.0;pa031​;20250619_105200;1;FO1;0,1166;1,5866;0,4275;-0,0396;0,0560;-0,0170;0,9975;;True
2036,54;0.0;pa031​;20250619_105200;1;FO1;0,1171;1,5867;0,4265;-0,0408;0,0554;-0,0170;0,9975;;True
2036,55;0.0;pa031​;20250619_105200;1;FO1;0,1176;1,5869;0,4254;-0,0420;0,0549;-0,0169;0,9975;;True
2036,57;0.0;pa031​;20250619_105200;1;FO1;0,1182;1,5871;0,4244;-0,0434;0,0542;-0,0170;0,9974;;True
2036,58;0.0;pa031​;20250619_105200;1;FO1;0,1188;1,5872;0,4234;-0,0448;0,0536;-0,0172;0,9974;;True
2036,60;0.0;pa031​;20250619_105200;1;FO1;0,1194;1,5872;0,4225;-0,0457;0,0528;-0,0172;0,9974;;True
2036,61;0.0;pa031​;20250619_105200;1;FO1;0,1200;1,5871;0,4215;-0,0464;0,0518;-0,0173;0,9974;;True
2036,62;0.0;pa031​;20250619_105200;1;FO1;0,1206;1,5870;0,4206;-0,0469;0,0508;-0,0173;0,9975;;True
2036,64;0.0;pa031​;20250619_105200;1;FO1;0,1211;1,5871;0,4196;-0,0471;0,0496;-0,0173;0,9975;;True
2036,65;0.0;pa031​;20250619_105200;1;FO1;0,1218;1,5873;0,4187;-0,0472;0,0488;-0,0180;0,9975;;True
2036,66;0.0;pa031​;20250619_105200;1;FO1;0,1227;1,5872;0,4177;-0,0470;0,0484;-0,0186;0,9975;;True
2036,68;0.0;pa031​;20250619_105200;1;FO1;0,1237;1,5872;0,4168;-0,0466;0,0484;-0,0196;0,9976;;True
2036,69;0.0;pa031​;20250619_105200;1;FO1;0,1248;1,5875;0,4159;-0,0464;0,0482;-0,0203;0,9976;;True
2036,71;0.0;pa031​;20250619_105200;1;FO1;0,1257;1,5877;0,4150;-0,0467;0,0484;-0,0214;0,9975;;True
2036,72;0.0;pa031​;20250619_105200;1;FO1;0,1266;1,5879;0,4141;-0,0472;0,0487;-0,0227;0,9974;;True
2036,74;0.0;pa031​;20250619_105200;1;FO1;0,1275;1,5883;0,4133;-0,0478;0,0489;-0,0237;0,9974;;True
2036,75;0.0;pa031​;20250619_105200;1;FO1;0,1283;1,5886;0,4124;-0,0488;0,0493;-0,0244;0,9973;;True
2036,77;0.0;pa031​;20250619_105200;1;FO1;0,1290;1,5887;0,4116;-0,0499;0,0495;-0,0251;0,9972;;True
2036,79;0.0;pa031​;20250619_105200;1;FO1;0,1297;1,5889;0,4110;-0,0508;0,0500;-0,0251;0,9971;;True
2036,80;0.0;pa031​;20250619_105200;1;FO1;0,1304;1,5892;0,4106;-0,0516;0,0501;-0,0249;0,9971;;True
2036,82;0.0;pa031​;20250619_105200;1;FO1;0,1310;1,5891;0,4101;-0,0525;0,0500;-0,0250;0,9971;;True
2036,83;0.0;pa031​;20250619_105200;1;FO1;0,1315;1,5891;0,4098;-0,0526;0,0502;-0,0252;0,9970;;True
2036,86;0.0;pa031​;20250619_105200;1;FO1;0,1327;1,5891;0,4092;-0,0523;0,0503;-0,0253;0,9970;;True
2036,87;0.0;pa031​;20250619_105200;1;FO1;0,1333;1,5893;0,4091;-0,0524;0,0503;-0,0254;0,9970;;True
2036,89;0.0;pa031​;20250619_105200;1;FO1;0,1339;1,5895;0,4089;-0,0524;0,0505;-0,0254;0,9970;;True
2036,91;0.0;pa031​;20250619_105200;1;FO1;0,1349;1,5895;0,4086;-0,0523;0,0511;-0,0255;0,9970;;True
2036,93;0.0;pa031​;20250619_105200;1;FO1;0,1355;1,5895;0,4084;-0,0523;0,0518;-0,0258;0,9970;;True
2036,95;0.0;pa031​;20250619_105200;1;FO1;0,1364;1,5896;0,4081;-0,0529;0,0530;-0,0254;0,9969;;True
2036,98;0.0;pa031​;20250619_105200;1;FO1;0,1373;1,5897;0,4078;-0,0533;0,0534;-0,0255;0,9968;;True
2037,00;0.0;pa031​;20250619_105200;1;FO1;0,1376;1,5899;0,4074;-0,0534;0,0538;-0,0258;0,9968;;True
2037,03;0.0;pa031​;20250619_105200;1;FO1;0,1382;1,5900;0,4070;-0,0531;0,0539;-0,0263;0,9968;;True
2037,05;0.0;pa031​;20250619_105200;1;FO1;0,1387;1,5900;0,4069;-0,0531;0,0538;-0,0266;0,9968;;True
2037,08;0.0;pa031​;20250619_105200;1;FO1;0,1392;1,5900;0,4068;-0,0533;0,0541;-0,0266;0,9968;;True
2037,10;0.0;pa031​;20250619_105200;1;FO1;0,1393;1,5899;0,4068;-0,0534;0,0547;-0,0267;0,9967;;True
2037,12;0.0;pa031​;20250619_105200;1;FO1;0,1396;1,5901;0,4068;-0,0531;0,0555;-0,0266;0,9967;;True
2037,15;0.0;pa031​;20250619_105200;1;FO1;0,1396;1,5902;0,4069;-0,0520;0,0560;-0,0270;0,9967;;True
2037,16;0.0;pa031​;20250619_105200;1;FO1;0,1396;1,5901;0,4071;-0,0513;0,0563;-0,0270;0,9967;;True
2037,18;0.0;pa031​;20250619_105200;1;FO1;0,1395;1,5899;0,4072;-0,0506;0,0564;-0,0270;0,9968;;True
2037,19;0.0;pa031​;20250619_105200;1;FO1;0,1393;1,5898;0,4074;-0,0501;0,0564;-0,0269;0,9968;;True
2037,20;0.0;pa031​;20250619_105200;1;FO1;0,1391;1,5896;0,4078;-0,0497;0,0565;-0,0268;0,9968;;True
2037,22;0.0;pa031​;20250619_105200;1;FO1;0,1385;1,5890;0,4083;-0,0481;0,0565;-0,0264;0,9969;;True
2037,23;0.0;pa031​;20250619_105200;1;FO1;0,1382;1,5884;0,4088;-0,0463;0,0560;-0,0259;0,9970;;True
2037,25;0.0;pa031​;20250619_105200;1;FO1;0,1377;1,5878;0,4093;-0,0433;0,0557;-0,0255;0,9972;;True
2037,26;0.0;pa031​;20250619_105200;1;FO1;0,1372;1,5872;0,4102;-0,0388;0,0548;-0,0249;0,9974;;True
2037,27;0.0;pa031​;20250619_105200;1;FO1;0,1364;1,5862;0,4111;-0,0331;0,0533;-0,0244;0,9977;;True
2037,29;0.0;pa031​;20250619_105200;1;FO1;0,1356;1,5849;0,4123;-0,0258;0,0515;-0,0244;0,9980;;True
2037,30;0.0;pa031​;20250619_105200;1;FO1;0,1349;1,5834;0,4137;-0,0175;0,0488;-0,0242;0,9984;;True
2037,31;0.0;pa031​;20250619_105200;1;FO1;0,1341;1,5814;0,4149;-0,0086;0,0466;-0,0239;0,9986;;True
2037,33;0.0;pa031​;20250619_105200;1;FO1;0,1334;1,5794;0,4163;-0,0003;0,0439;-0,0228;0,9988;;True
2037,34;0.0;pa031​;20250619_105200;1;FO1;0,1325;1,5776;0,4176;0,0072;0,0419;-0,0212;0,9989;;True
2037,36;0.0;pa031​;20250619_105200;1;FO1;0,1318;1,5756;0,4188;0,0142;0,0390;-0,0202;0,9989;;True
2037,37;0.0;pa031​;20250619_105200;1;FO1;0,1311;1,5735;0,4198;0,0217;0,0364;-0,0194;0,9989;;True
2037,38;0.0;pa031​;20250619_105200;1;FO1;0,1304;1,5713;0,4206;0,0284;0,0337;-0,0192;0,9988;;True
2037,40;0.0;pa031​;20250619_105200;1;FO1;0,1298;1,5695;0,4214;0,0349;0,0318;-0,0197;0,9987;;True
2037,41;0.0;pa031​;20250619_105200;1;FO1;0,1295;1,5677;0,4222;0,0405;0,0295;-0,0206;0,9985;;True
2037,43;0.0;pa031​;20250619_105200;1;FO1;0,1290;1,5658;0,4227;0,0445;0,0283;-0,0216;0,9984;;True
2037,44;0.0;pa031​;20250619_105200;1;FO1;0,1287;1,5645;0,4230;0,0483;0,0274;-0,0229;0,9982;;True
2037,45;0.0;pa031​;20250619_105200;1;FO1;0,1283;1,5633;0,4232;0,0501;0,0276;-0,0243;0,9981;;True
2037,47;0.0;pa031​;20250619_105200;1;FO1;0,1278;1,5621;0,4228;0,0521;0,0273;-0,0254;0,9979;;True
2037,48;0.0;pa031​;20250619_105200;1;FO1;0,1270;1,5611;0,4220;0,0553;0,0275;-0,0262;0,9977;;True
2037,50;0.0;pa031​;20250619_105200;1;FO1;0,1262;1,5599;0,4209;0,0581;0,0268;-0,0271;0,9976;;True
2037,51;0.0;pa031​;20250619_105200;1;FO1;0,1253;1,5592;0,4201;0,0609;0,0263;-0,0277;0,9974;;True
2037,52;0.0;pa031​;20250619_105200;1;FO1;0,1243;1,5587;0,4192;0,0638;0,0261;-0,0283;0,9972;;True
2037,54;0.0;pa031​;20250619_105200;1;FO1;0,1232;1,5579;0,4178;0,0673;0,0256;-0,0278;0,9970;;True
2037,55;0.0;pa031​;20250619_105200;1;FO1;0,1218;1,5570;0,4163;0,0720;0,0251;-0,0271;0,9967;;True
2037,56;0.0;pa031​;20250619_105200;1;FO1;0,1203;1,5563;0,4147;0,0758;0,0245;-0,0265;0,9965;;True
2037,58;0.0;pa031​;20250619_105200;1;FO1;0,1189;1,5557;0,4132;0,0791;0,0233;-0,0258;0,9963;;True
2037,59;0.0;pa031​;20250619_105200;1;FO1;0,1171;1,5552;0,4111;0,0822;0,0228;-0,0248;0,9960;;True
2037,61;0.0;pa031​;20250619_105200;1;FO1;0,1155;1,5546;0,4089;0,0859;0,0220;-0,0242;0,9958;;True
2037,62;0.0;pa031​;20250619_105200;1;FO1;0,1138;1,5537;0,4066;0,0892;0,0210;-0,0235;0,9955;;True
2037,63;0.0;pa031​;20250619_105200;1;FO1;0,1121;1,5529;0,4042;0,0918;0,0202;-0,0227;0,9953;;True
2037,65;0.0;pa031​;20250619_105200;1;FO1;0,1103;1,5522;0,4018;0,0948;0,0196;-0,0219;0,9951;;True
2037,66;0.0;pa031​;20250619_105200;1;FO1;0,1084;1,5513;0,3991;0,0978;0,0196;-0,0212;0,9948;;True
2037,68;0.0;pa031​;20250619_105200;1;FO1;0,1066;1,5503;0,3965;0,0994;0,0194;-0,0210;0,9946;;True
2037,69;0.0;pa031​;20250619_105200;1;FO1;0,1047;1,5497;0,3938;0,1012;0,0200;-0,0210;0,9944;;True
2037,71;0.0;pa031​;20250619_105200;1;FO1;0,1026;1,5486;0,3906;0,1029;0,0210;-0,0208;0,9943;;True
2037,72;0.0;pa031​;20250619_105200;1;FO1;0,1005;1,5474;0,3871;0,1051;0,0219;-0,0207;0,9940;;True
2037,73;0.0;pa031​;20250619_105200;1;FO1;0,0982;1,5459;0,3835;0,1079;0,0227;-0,0205;0,9937;;True
2037,75;0.0;pa031​;20250619_105200;1;FO1;0,0958;1,5446;0,3801;0,1120;0,0236;-0,0202;0,9932;;True
2037,76;0.0;pa031​;20250619_105200;1;FO1;0,0933;1,5431;0,3765;0,1160;0,0242;-0,0196;0,9928;;True
2037,77;0.0;pa031​;20250619_105200;1;FO1;0,0906;1,5415;0,3727;0,1205;0,0250;-0,0187;0,9922;;True
2037,79;0.0;pa031​;20250619_105200;1;FO1;0,0876;1,5399;0,3687;0,1239;0,0260;-0,0173;0,9918;;True
2037,80;0.0;pa031​;20250619_105200;1;FO1;0,0845;1,5387;0,3646;0,1273;0,0270;-0,0157;0,9914;;True
2037,82;0.0;pa031​;20250619_105200;1;FO1;0,0813;1,5372;0,3604;0,1297;0,0275;-0,0147;0,9911;;True
2037,83;0.0;pa031​;20250619_105200;1;FO1;0,0779;1,5358;0,3557;0,1326;0,0278;-0,0132;0,9907;;True
2037,84;0.0;pa031​;20250619_105200;1;FO1;0,0743;1,5343;0,3511;0,1346;0,0284;-0,0121;0,9904;;True
2037,86;0.0;pa031​;20250619_105200;1;FO1;0,0706;1,5328;0,3466;0,1361;0,0288;-0,0111;0,9902;;True
2037,87;0.0;pa031​;20250619_105200;1;FO1;0,0669;1,5316;0,3422;0,1367;0,0291;-0,0092;0,9901;;True
2037,88;0.0;pa031​;20250619_105200;1;FO1;0,0632;1,5300;0,3379;0,1373;0,0291;-0,0073;0,9901;;True
2037,90;0.0;pa031​;20250619_105200;1;FO1;0,0595;1,5281;0,3335;0,1389;0,0291;-0,0055;0,9899;;True
2037,91;0.0;pa031​;20250619_105200;1;FO1;0,0558;1,5261;0,3292;0,1411;0,0289;-0,0033;0,9896;;True
2037,93;0.0;pa031​;20250619_105200;1;FO1;0,0523;1,5238;0,3248;0,1439;0,0287;-0,0010;0,9892;;True
2037,94;0.0;pa031​;20250619_105200;1;FO1;0,0492;1,5218;0,3208;0,1486;0,0283;0,0007;0,9885;;True
2037,95;0.0;pa031​;20250619_105200;1;FO1;0,0462;1,5200;0,3167;0,1528;0,0285;0,0018;0,9878;;True
2037,97;0.0;pa031​;20250619_105200;1;FO1;0,0433;1,5184;0,3125;0,1580;0,0294;0,0033;0,9870;;True
2037,98;0.0;pa031​;20250619_105200;1;FO1;0,0408;1,5168;0,3079;0,1629;0,0296;0,0052;0,9862;;True
2037,99;0.0;pa031​;20250619_105200;1;FO1;0,0384;1,5158;0,3031;0,1683;0,0291;0,0078;0,9853;;True
2038,01;0.0;pa031​;20250619_105200;1;FO1;0,0365;1,5149;0,2979;0,1725;0,0273;0,0108;0,9846;;True
2038,02;0.0;pa031​;20250619_105200;1;FO1;0,0348;1,5147;0,2926;0,1763;0,0250;0,0140;0,9839;;True
2038,03;0.0;pa031​;20250619_105200;1;FO1;0,0334;1,5151;0,2871;0,1783;0,0235;0,0164;0,9836;;True
2038,04;0.0;pa031​;20250619_105200;1;FO1;0,0325;1,5160;0,2816;0,1786;0,0227;0,0163;0,9835;;True
2038,06;0.0;pa031​;20250619_105200;1;FO1;0,0318;1,5176;0,2759;0,1782;0,0237;0,0143;0,9836;;True
2038,07;0.0;pa031​;20250619_105200;1;FO1;0,0312;1,5191;0,2697;0,1765;0,0246;0,0131;0,9839;;True
2038,09;0.0;pa031​;20250619_105200;1;FO1;0,0307;1,5210;0,2636;0,1748;0,0248;0,0120;0,9842;;True
2038,10;0.0;pa031​;20250619_105200;1;FO1;0,0302;1,5232;0,2576;0,1717;0,0248;0,0106;0,9848;;True
2038,11;0.0;pa031​;20250619_105200;1;FO1;0,0298;1,5257;0,2517;0,1678;0,0250;0,0088;0,9855;;True
2038,12;0.0;pa031​;20250619_105200;1;FO1;0,0295;1,5284;0,2459;0,1629;0,0251;0,0075;0,9863;;True
2038,14;0.0;pa031​;20250619_105200;1;FO1;0,0292;1,5309;0,2400;0,1570;0,0254;0,0067;0,9873;;True
2038,15;0.0;pa031​;20250619_105200;1;FO1;0,0287;1,5332;0,2342;0,1516;0,0255;0,0074;0,9881;;True
2038,17;0.0;pa031​;20250619_105200;1;FO1;0,0284;1,5353;0,2287;0,1460;0,0248;0,0079;0,9889;;True
2038,19;0.0;pa031​;20250619_105200;1;FO1;0,0280;1,5373;0,2232;0,1401;0,0243;0,0091;0,9898;;True
2038,20;0.0;pa031​;20250619_105200;1;FO1;0,0276;1,5390;0,2177;0,1342;0,0227;0,0110;0,9906;;True
2038,22;0.0;pa031​;20250619_105200;1;FO1;0,0273;1,5407;0,2125;0,1284;0,0208;0,0127;0,9914;;True
2038,23;0.0;pa031​;20250619_105200;1;FO1;0,0268;1,5439;0,2021;0,1150;0,0166;0,0158;0,9931;;True
2038,25;0.0;pa031​;20250619_105200;1;FO1;0,0268;1,5454;0,1970;0,1055;0,0133;0,0168;0,9942;;True
2038,27;0.0;pa031​;20250619_105200;1;FO1;0,0269;1,5471;0,1920;0,0963;0,0084;0,0184;0,9952;;True
2038,28;0.0;pa031​;20250619_105200;1;FO1;0,0269;1,5485;0,1868;0,0871;0,0030;0,0191;0,9960;;True
2038,30;0.0;pa031​;20250619_105200;1;FO1;0,0273;1,5494;0,1814;0,0795;-0,0033;0,0189;0,9967;;True
2038,32;0.0;pa031​;20250619_105200;1;FO1;0,0278;1,5503;0,1763;0,0743;-0,0105;0,0189;0,9970;;True
2038,33;0.0;pa031​;20250619_105200;1;FO1;0,0293;1,5518;0,1658;0,0630;-0,0239;0,0185;0,9976;;True
2038,35;0.0;pa031​;20250619_105200;1;FO1;0,0309;1,5528;0,1610;0,0622;-0,0310;0,0167;0,9974;;True
2038,37;0.0;pa031​;20250619_105200;1;FO1;0,0330;1,5530;0,1558;0,0596;-0,0375;0,0145;0,9974;;True
2038,38;0.0;pa031​;20250619_105200;1;FO1;0,0354;1,5532;0,1510;0,0597;-0,0429;0,0111;0,9972;;True
2038,40;0.0;pa031​;20250619_105200;1;FO1;0,0379;1,5549;0,1477;0,0628;-0,0477;0,0084;0,9968;;True
2038,41;0.0;pa031​;20250619_105200;1;FO1;0,0406;1,5562;0,1445;0,0619;-0,0509;0,0040;0,9968;;True
2038,43;0.0;pa031​;20250619_105200;1;FO1;0,0468;1,5555;0,1363;0,0639;-0,0553;-0,0066;0,9964;;True
2038,45;0.0;pa031​;20250619_105200;1;FO1;0,0504;1,5531;0,1318;0,0701;-0,0532;-0,0141;0,9960;;True
2038,47;0.0;pa031​;20250619_105200;1;FO1;0,0533;1,5514;0,1273;0,0786;-0,0478;-0,0189;0,9956;;True
2038,49;0.0;pa031​;20250619_105200;1;FO1;0,0582;1,5496;0,1193;0,0890;-0,0415;-0,0228;0,9949;;True
2038,50;0.0;pa031​;20250619_105200;1;FO1;0,0596;1,5497;0,1153;0,0917;-0,0393;-0,0195;0,9948;;True
2038,52;0.0;pa031​;20250619_105200;1;FO1;0,0604;1,5501;0,1113;0,0936;-0,0398;-0,0157;0,9947;;True
2038,54;0.0;pa031​;20250619_105200;1;FO1;0,0620;1,5500;0,1028;0,0964;-0,0416;-0,0118;0,9944;;True
2038,56;0.0;pa031​;20250619_105200;1;FO1;0,0623;1,5494;0,0983;0,0978;-0,0443;-0,0094;0,9942;;True
2038,57;0.0;pa031​;20250619_105200;1;FO1;0,0626;1,5488;0,0936;0,1004;-0,0461;-0,0081;0,9938;;True
2038,59;0.0;pa031​;20250619_105200;1;FO1;0,0629;1,5483;0,0891;0,1041;-0,0475;-0,0084;0,9934;;True
2038,61;0.0;pa031​;20250619_105200;1;FO1;0,0628;1,5483;0,0848;0,1089;-0,0487;-0,0093;0,9928;;True
2038,62;0.0;pa031​;20250619_105200;1;FO1;0,0627;1,5481;0,0804;0,1133;-0,0500;-0,0101;0,9922;;True
2038,64;0.0;pa031​;20250619_105200;1;FO1;0,0620;1,5480;0,0718;0,1198;-0,0538;-0,0099;0,9913;;True
2038,65;0.0;pa031​;20250619_105200;1;FO1;0,0610;1,5489;0,0679;0,1214;-0,0553;-0,0093;0,9910;;True
2038,67;0.0;pa031​;20250619_105200;1;FO1;0,0601;1,5493;0,0639;0,1216;-0,0573;-0,0092;0,9909;;True
2038,69;0.0;pa031​;20250619_105200;1;FO1;0,0588;1,5496;0,0598;0,1226;-0,0588;-0,0087;0,9907;;True
2038,70;0.0;pa031​;20250619_105200;1;FO1;0,0575;1,5501;0,0558;0,1228;-0,0598;-0,0087;0,9906;;True
2038,72;0.0;pa031​;20250619_105200;1;FO1;0,0560;1,5510;0,0520;0,1213;-0,0603;-0,0093;0,9907;;True
2038,73;0.0;pa031​;20250619_105200;1;FO1;0,0530;1,5532;0,0447;0,1172;-0,0604;-0,0100;0,9912;;True
2038,75;0.0;pa031​;20250619_105200;1;FO1;0,0514;1,5543;0,0412;0,1124;-0,0591;-0,0099;0,9919;;True
2038,77;0.0;pa031​;20250619_105200;1;FO1;0,0495;1,5551;0,0376;0,1090;-0,0576;-0,0096;0,9923;;True
2038,78;0.0;pa031​;20250619_105200;1;FO1;0,0474;1,5557;0,0343;0,1065;-0,0559;-0,0098;0,9927;;True
2038,80;0.0;pa031​;20250619_105200;1;FO1;0,0449;1,5560;0,0310;0,1045;-0,0543;-0,0092;0,9930;;True
2038,82;0.0;pa031​;20250619_105200;1;FO1;0,0422;1,5562;0,0278;0,1034;-0,0528;-0,0085;0,9932;;True
2038,83;0.0;pa031​;20250619_105200;1;FO1;0,0366;1,5576;0,0224;0,1028;-0,0491;-0,0081;0,9935;;True
2038,85;0.0;pa031​;20250619_105200;1;FO1;0,0334;1,5586;0,0205;0,1032;-0,0459;-0,0075;0,9936;;True
2038,87;0.0;pa031​;20250619_105200;1;FO1;0,0301;1,5585;0,0180;0,1020;-0,0442;-0,0035;0,9938;;True
2038,88;0.0;pa031​;20250619_105200;1;FO1;0,0269;1,5579;0,0153;0,1030;-0,0445;0,0020;0,9937;;True
2038,90;0.0;pa031​;20250619_105200;1;FO1;0,0237;1,5569;0,0126;0,1046;-0,0449;0,0059;0,9935;;True
2038,92;0.0;pa031​;20250619_105200;1;FO1;0,0176;1,5550;0,0074;0,1075;-0,0435;0,0109;0,9932;;True
2038,93;0.0;pa031​;20250619_105200;1;FO1;0,0154;1,5541;0,0049;0,1101;-0,0418;0,0120;0,9930;;True
2038,95;0.0;pa031​;20250619_105200;1;FO1;0,0134;1,5536;0,0026;0,1114;-0,0388;0,0131;0,9929;;True
2038,96;0.0;pa031​;20250619_105200;1;FO1;0,0111;1,5533;0,0000;0,1111;-0,0353;0,0146;0,9931;;True
2038,98;0.0;pa031​;20250619_105200;1;FO1;0,0091;1,5530;-0,0026;0,1107;-0,0332;0,0169;0,9932;;True
2038,99;0.0;pa031​;20250619_105200;1;FO1;0,0068;1,5526;-0,0054;0,1109;-0,0316;0,0200;0,9931;;True
2039,01;0.0;pa031​;20250619_105200;1;FO1;0,0050;1,5524;-0,0083;0,1120;-0,0317;0,0228;0,9929;;True
2039,02;0.0;pa031​;20250619_105200;1;FO1;0,0034;1,5523;-0,0114;0,1129;-0,0316;0,0255;0,9928;;True
2039,04;0.0;pa031​;20250619_105200;1;FO1;0,0021;1,5524;-0,0144;0,1130;-0,0320;0,0279;0,9927;;True
2039,05;0.0;pa031​;20250619_105200;1;FO1;0,0010;1,5529;-0,0174;0,1123;-0,0324;0,0295;0,9927;;True
2039,06;0.0;pa031​;20250619_105200;1;FO1;0,0001;1,5538;-0,0207;0,1108;-0,0326;0,0298;0,9929;;True
2039,08;0.0;pa031​;20250619_105200;1;FO1;-0,0005;1,5546;-0,0241;0,1082;-0,0328;0,0296;0,9931;;True
2039,09;0.0;pa031​;20250619_105200;1;FO1;-0,0010;1,5554;-0,0276;0,1059;-0,0328;0,0290;0,9934;;True
2039,10;0.0;pa031​;20250619_105200;1;FO1;-0,0013;1,5564;-0,0311;0,1030;-0,0326;0,0280;0,9938;;True
2039,12;0.0;pa031​;20250619_105200;1;FO1;-0,0015;1,5573;-0,0344;0,0994;-0,0328;0,0275;0,9941;;True
2039,13;0.0;pa031​;20250619_105200;1;FO1;-0,0016;1,5581;-0,0377;0,0958;-0,0333;0,0274;0,9945;;True
2039,14;0.0;pa031​;20250619_105200;1;FO1;-0,0014;1,5587;-0,0409;0,0922;-0,0340;0,0272;0,9948;;True
2039,16;0.0;pa031​;20250619_105200;1;FO1;-0,0008;1,5589;-0,0440;0,0890;-0,0350;0,0269;0,9951;;True
2039,17;0.0;pa031​;20250619_105200;1;FO1;-0,0002;1,5588;-0,0471;0,0862;-0,0362;0,0273;0,9952;;True
2039,18;0.0;pa031​;20250619_105200;1;FO1;0,0003;1,5590;-0,0499;0,0847;-0,0373;0,0276;0,9953;;True
2039,20;0.0;pa031​;20250619_105200;1;FO1;0,0010;1,5592;-0,0526;0,0834;-0,0382;0,0280;0,9954;;True
2039,21;0.0;pa031​;20250619_105200;1;FO1;0,0018;1,5594;-0,0551;0,0831;-0,0391;0,0281;0,9954;;True
2039,22;0.0;pa031​;20250619_105200;1;FO1;0,0027;1,5605;-0,0568;0,0839;-0,0400;0,0281;0,9953;;True
2039,24;0.0;pa031​;20250619_105200;1;FO1;0,0037;1,5620;-0,0580;0,0834;-0,0406;0,0276;0,9953;;True
2039,25;0.0;pa031​;20250619_105200;1;FO1;0,0048;1,5635;-0,0589;0,0821;-0,0405;0,0258;0,9955;;True
2039,26;0.0;pa031​;20250619_105200;1;FO1;0,0061;1,5632;-0,0608;0,0786;-0,0381;0,0216;0,9959;;True
2039,28;0.0;pa031​;20250619_105200;1;FO1;0,0072;1,5632;-0,0625;0,0791;-0,0343;0,0180;0,9961;;True
2039,29;0.0;pa031​;20250619_105200;1;FO1;0,0082;1,5635;-0,0637;0,0788;-0,0307;0,0162;0,9963;;True
2039,30;0.0;pa031​;20250619_105200;1;FO1;0,0089;1,5641;-0,0647;0,0776;-0,0274;0,0162;0,9965;;True
2039,32;0.0;pa031​;20250619_105200;1;FO1;0,0091;1,5648;-0,0654;0,0759;-0,0248;0,0180;0,9966;;True
2039,33;0.0;pa031​;20250619_105200;1;FO1;0,0092;1,5655;-0,0659;0,0741;-0,0233;0,0208;0,9968;;True
2039,35;0.0;pa031​;20250619_105200;1;FO1;0,0089;1,5661;-0,0663;0,0730;-0,0226;0,0248;0,9968;;True
2039,36;0.0;pa031​;20250619_105200;1;FO1;0,0084;1,5664;-0,0666;0,0720;-0,0217;0,0286;0,9968;;True
2039,37;0.0;pa031​;20250619_105200;1;FO1;0,0078;1,5666;-0,0668;0,0717;-0,0205;0,0324;0,9967;;True
2039,39;0.0;pa031​;20250619_105200;1;FO1;0,0072;1,5668;-0,0667;0,0710;-0,0188;0,0376;0,9966;;True
2039,40;0.0;pa031​;20250619_105200;1;FO1;0,0064;1,5670;-0,0666;0,0707;-0,0166;0,0444;0,9964;;True
2039,42;0.0;pa031​;20250619_105200;1;FO1;0,0053;1,5668;-0,0663;0,0706;-0,0156;0,0523;0,9960;;True
2039,43;0.0;pa031​;20250619_105200;1;FO1;0,0038;1,5666;-0,0660;0,0706;-0,0150;0,0596;0,9956;;True
2039,44;0.0;pa031​;20250619_105200;1;FO1;0,0022;1,5662;-0,0655;0,0707;-0,0153;0,0663;0,9952;;True
2039,46;0.0;pa031​;20250619_105200;1;FO1;0,0005;1,5660;-0,0647;0,0713;-0,0165;0,0728;0,9947;;True
2039,47;0.0;pa031​;20250619_105200;1;FO1;-0,0015;1,5655;-0,0637;0,0719;-0,0182;0,0780;0,9942;;True
2039,48;0.0;pa031​;20250619_105200;1;FO1;-0,0034;1,5650;-0,0627;0,0734;-0,0202;0,0817;0,9937;;True
2039,50;0.0;pa031​;20250619_105200;1;FO1;-0,0054;1,5644;-0,0614;0,0757;-0,0225;0,0849;0,9933;;True
2039,51;0.0;pa031​;20250619_105200;1;FO1;-0,0073;1,5637;-0,0599;0,0783;-0,0243;0,0875;0,9928;;True
2039,53;0.0;pa031​;20250619_105200;1;FO1;-0,0091;1,5629;-0,0585;0,0804;-0,0265;0,0901;0,9923;;True
2039,54;0.0;pa031​;20250619_105200;1;FO1;-0,0109;1,5622;-0,0567;0,0839;-0,0284;0,0917;0,9918;;True
2039,55;0.0;pa031​;20250619_105200;1;FO1;-0,0126;1,5617;-0,0548;0,0864;-0,0309;0,0939;0,9914;;True
2039,57;0.0;pa031​;20250619_105200;1;FO1;-0,0142;1,5610;-0,0529;0,0879;-0,0332;0,0956;0,9910;;True
2039,58;0.0;pa031​;20250619_105200;1;FO1;-0,0159;1,5606;-0,0507;0,0892;-0,0353;0,0968;0,9907;;True
2039,59;0.0;pa031​;20250619_105200;1;FO1;-0,0172;1,5601;-0,0485;0,0900;-0,0373;0,0973;0,9905;;True
2039,61;0.0;pa031​;20250619_105200;1;FO1;-0,0184;1,5594;-0,0464;0,0906;-0,0385;0,0974;0,9904;;True
2039,62;0.0;pa031​;20250619_105200;1;FO1;-0,0194;1,5588;-0,0441;0,0919;-0,0394;0,0983;0,9901;;True
2039,64;0.0;pa031​;20250619_105200;1;FO1;-0,0202;1,5581;-0,0418;0,0929;-0,0405;0,0990;0,9899;;True
2039,65;0.0;pa031​;20250619_105200;1;FO1;-0,0210;1,5576;-0,0393;0,0935;-0,0422;0,0995;0,9897;;True
2039,66;0.0;pa031​;20250619_105200;1;FO1;-0,0222;1,5575;-0,0367;0,0935;-0,0444;0,0990;0,9897;;True
2039,68;0.0;pa031​;20250619_105200;1;FO1;-0,0232;1,5574;-0,0342;0,0937;-0,0464;0,0978;0,9897;;True
2039,69;0.0;pa031​;20250619_105200;1;FO1;-0,0241;1,5575;-0,0316;0,0935;-0,0482;0,0969;0,9897;;True
2039,71;0.0;pa031​;20250619_105200;1;FO1;-0,0250;1,5577;-0,0290;0,0930;-0,0500;0,0968;0,9897;;True
2039,72;0.0;pa031​;20250619_105200;1;FO1;-0,0260;1,5579;-0,0263;0,0918;-0,0530;0,0968;0,9896;;True
2039,73;0.0;pa031​;20250619_105200;1;FO1;-0,0270;1,5581;-0,0237;0,0908;-0,0563;0,0958;0,9896;;True
2039,75;0.0;pa031​;20250619_105200;1;FO1;-0,0276;1,5582;-0,0211;0,0901;-0,0598;0,0942;0,9897;;True
2039,76;0.0;pa031​;20250619_105200;1;FO1;-0,0282;1,5582;-0,0185;0,0889;-0,0626;0,0932;0,9897;;True
2039,78;0.0;pa031​;20250619_105200;1;FO1;-0,0288;1,5584;-0,0159;0,0878;-0,0652;0,0916;0,9898;;True
2039,79;0.0;pa031​;20250619_105200;1;FO1;-0,0294;1,5587;-0,0133;0,0858;-0,0684;0,0895;0,9899;;True
2039,80;0.0;pa031​;20250619_105200;1;FO1;-0,0300;1,5590;-0,0106;0,0839;-0,0717;0,0870;0,9901;;True
2039,82;0.0;pa031​;20250619_105200;1;FO1;-0,0304;1,5589;-0,0083;0,0823;-0,0748;0,0847;0,9902;;True
2039,83;0.0;pa031​;20250619_105200;1;FO1;-0,0306;1,5589;-0,0058;0,0815;-0,0779;0,0821;0,9902;;True
2039,85;0.0;pa031​;20250619_105200;1;FO1;-0,0311;1,5588;-0,0033;0,0807;-0,0798;0,0800;0,9903;;True
2039,86;0.0;pa031​;20250619_105200;1;FO1;-0,0314;1,5588;-0,0009;0,0800;-0,0818;0,0777;0,9904;;True
2039,87;0.0;pa031​;20250619_105200;1;FO1;-0,0316;1,5586;0,0014;0,0797;-0,0838;0,0758;0,9904;;True
2039,89;0.0;pa031​;20250619_105200;1;FO1;-0,0320;1,5585;0,0036;0,0803;-0,0853;0,0744;0,9903;;True
2039,90;0.0;pa031​;20250619_105200;1;FO1;-0,0322;1,5584;0,0056;0,0805;-0,0873;0,0734;0,9902;;True
2039,92;0.0;pa031​;20250619_105200;1;FO1;-0,0326;1,5582;0,0073;0,0814;-0,0889;0,0731;0,9900;;True
2039,93;0.0;pa031​;20250619_105200;1;FO1;-0,0329;1,5579;0,0089;0,0825;-0,0900;0,0718;0,9899;;True
2039,94;0.0;pa031​;20250619_105200;1;FO1;-0,0334;1,5579;0,0105;0,0839;-0,0909;0,0712;0,9898;;True
2039,96;0.0;pa031​;20250619_105200;1;FO1;-0,0339;1,5578;0,0119;0,0847;-0,0923;0,0712;0,9896;;True
2039,97;0.0;pa031​;20250619_105200;1;FO1;-0,0344;1,5578;0,0132;0,0854;-0,0940;0,0710;0,9894;;True
2039,99;0.0;pa031​;20250619_105200;1;FO1;-0,0350;1,5579;0,0143;0,0860;-0,0952;0,0708;0,9892;;True
2040,00;0.0;pa031​;20250619_105200;1;FO1;-0,0355;1,5580;0,0155;0,0857;-0,0966;0,0705;0,9891;;True
2040,01;0.0;pa031​;20250619_105200;1;FO1;-0,0360;1,5583;0,0166;0,0844;-0,0979;0,0706;0,9891;;True
2040,03;0.0;pa031​;20250619_105200;1;FO1;-0,0364;1,5587;0,0177;0,0832;-0,0991;0,0706;0,9891;;True
2040,05;0.0;pa031​;20250619_105200;1;FO1;-0,0365;1,5588;0,0185;0,0822;-0,1001;0,0708;0,9890;;True
2040,07;0.0;pa031​;20250619_105200;1;FO1;-0,0366;1,5590;0,0195;0,0818;-0,1004;0,0707;0,9890;;True
2040,09;0.0;pa031​;20250619_105200;1;FO1;-0,0366;1,5595;0,0211;0,0806;-0,1011;0,0703;0,9891;;True
2040,12;0.0;pa031​;20250619_105200;1;FO1;-0,0355;1,5598;0,0227;0,0789;-0,1010;0,0684;0,9894;;True
2040,15;0.0;pa031​;20250619_105200;1;FO1;-0,0343;1,5605;0,0239;0,0764;-0,0997;0,0663;0,9899;;True
2040,17;0.0;pa031​;20250619_105200;1;FO1;-0,0339;1,5611;0,0244;0,0743;-0,0991;0,0649;0,9902;;True
2040,19;0.0;pa031​;20250619_105200;1;FO1;-0,0331;1,5622;0,0253;0,0699;-0,0981;0,0618;0,9908;;True
2040,21;0.0;pa031​;20250619_105200;1;FO1;-0,0326;1,5629;0,0257;0,0674;-0,0980;0,0602;0,9911;;True
2040,23;0.0;pa031​;20250619_105200;1;FO1;-0,0316;1,5643;0,0262;0,0621;-0,0973;0,0573;0,9917;;True
2040,25;0.0;pa031​;20250619_105200;1;FO1;-0,0310;1,5651;0,0264;0,0594;-0,0968;0,0556;0,9920;;True
2040,27;0.0;pa031​;20250619_105200;1;FO1;-0,0296;1,5664;0,0265;0,0546;-0,0947;0,0531;0,9926;;True
2040,29;0.0;pa031​;20250619_105200;1;FO1;-0,0288;1,5670;0,0265;0,0523;-0,0943;0,0523;0,9928;;True
2040,32;0.0;pa031​;20250619_105200;1;FO1;-0,0276;1,5685;0,0265;0,0474;-0,0941;0,0506;0,9931;;True
2040,34;0.0;pa031​;20250619_105200;1;FO1;-0,0260;1,5699;0,0266;0,0426;-0,0934;0,0470;0,9936;;True
2040,36;0.0;pa031​;20250619_105200;1;FO1;-0,0252;1,5706;0,0267;0,0398;-0,0920;0,0455;0,9939;;True
2040,38;0.0;pa031​;20250619_105200;1;FO1;-0,0235;1,5718;0,0268;0,0359;-0,0904;0,0425;0,9944;;True
2040,40;0.0;pa031​;20250619_105200;1;FO1;-0,0227;1,5723;0,0269;0,0339;-0,0897;0,0409;0,9946;;True
2040,43;0.0;pa031​;20250619_105200;1;FO1;-0,0209;1,5734;0,0272;0,0296;-0,0885;0,0382;0,9949;;True
2040,44;0.0;pa031​;20250619_105200;1;FO1;-0,0195;1,5737;0,0273;0,0279;-0,0875;0,0367;0,9951;;True
2040,47;0.0;pa031​;20250619_105200;1;FO1;-0,0174;1,5745;0,0275;0,0237;-0,0853;0,0344;0,9955;;True
2040,48;0.0;pa031​;20250619_105200;1;FO1;-0,0165;1,5750;0,0276;0,0213;-0,0849;0,0332;0,9956;;True
2040,51;0.0;pa031​;20250619_105200;1;FO1;-0,0141;1,5760;0,0277;0,0172;-0,0837;0,0302;0,9959;;True
2040,52;0.0;pa031​;20250619_105200;1;FO1;-0,0129;1,5765;0,0278;0,0150;-0,0830;0,0289;0,9960;;True
2040,54;0.0;pa031​;20250619_105200;1;FO1;-0,0118;1,5772;0,0279;0,0128;-0,0826;0,0271;0,9961;;True
2040,56;0.0;pa031​;20250619_105200;1;FO1;-0,0097;1,5784;0,0280;0,0088;-0,0812;0,0224;0,9964;;True
2040,58;0.0;pa031​;20250619_105200;1;FO1;-0,0085;1,5790;0,0281;0,0070;-0,0804;0,0208;0,9965;;True
2040,61;0.0;pa031​;20250619_105200;1;FO1;-0,0065;1,5797;0,0279;0,0037;-0,0791;0,0187;0,9967;;True
2040,62;0.0;pa031​;20250619_105200;1;FO1;-0,0056;1,5799;0,0277;0,0034;-0,0793;0,0184;0,9967;;True
2040,65;0.0;pa031​;20250619_105200;1;FO1;-0,0036;1,5802;0,0271;0,0025;-0,0790;0,0172;0,9967;;True
2040,67;0.0;pa031​;20250619_105200;1;FO1;-0,0027;1,5805;0,0268;0,0027;-0,0785;0,0164;0,9968;;True
2040,69;0.0;pa031​;20250619_105200;1;FO1;-0,0007;1,5806;0,0260;0,0033;-0,0771;0,0144;0,9969;;True
2040,72;0.0;pa031​;20250619_105200;1;FO1;0,0012;1,5810;0,0250;0,0037;-0,0753;0,0131;0,9971;;True
2040,74;0.0;pa031​;20250619_105200;1;FO1;0,0032;1,5814;0,0235;0,0032;-0,0728;0,0118;0,9973;;True
2040,76;0.0;pa031​;20250619_105200;1;FO1;0,0046;1,5813;0,0226;0,0029;-0,0703;0,0114;0,9975;;True
2040,78;0.0;pa031​;20250619_105200;1;FO1;0,0059;1,5815;0,0216;0,0022;-0,0667;0,0114;0,9977;;True
2040,80;0.0;pa031​;20250619_105200;1;FO1;0,0084;1,5825;0,0195;-0,0009;-0,0585;0,0117;0,9982;;True
2040,83;0.0;pa031​;20250619_105200;1;FO1;0,0110;1,5835;0,0169;-0,0048;-0,0479;0,0135;0,9987;;True
2040,84;0.0;pa031​;20250619_105200;1;FO1;0,0124;1,5839;0,0155;-0,0064;-0,0426;0,0147;0,9990;;True
2040,86;0.0;pa031​;20250619_105200;1;FO1;0,0137;1,5844;0,0140;-0,0074;-0,0375;0,0163;0,9991;;True
2040,88;0.0;pa031​;20250619_105200;1;FO1;0,0159;1,5850;0,0109;-0,0097;-0,0283;0,0181;0,9994;;True
2040,91;0.0;pa031​;20250619_105200;1;FO1;0,0178;1,5853;0,0077;-0,0100;-0,0214;0,0188;0,9995;;True
2040,93;0.0;pa031​;20250619_105200;1;FO1;0,0187;1,5851;0,0061;-0,0096;-0,0189;0,0192;0,9996;;True
2040,94;0.0;pa031​;20250619_105200;1;FO1;0,0194;1,5849;0,0044;-0,0086;-0,0166;0,0194;0,9996;;True
2040,96;0.0;pa031​;20250619_105200;1;FO1;0,0203;1,5846;0,0029;-0,0066;-0,0153;0,0197;0,9997;;True
2040,97;0.0;pa031​;20250619_105200;1;FO1;0,0209;1,5844;0,0014;-0,0053;-0,0136;0,0204;0,9997;;True
2041,00;0.0;pa031​;20250619_105200;1;FO1;0,0223;1,5839;-0,0016;-0,0025;-0,0104;0,0215;0,9997;;True
2041,01;0.0;pa031​;20250619_105200;1;FO1;0,0230;1,5834;-0,0032;-0,0006;-0,0085;0,0219;0,9997;;True
2041,03;0.0;pa031​;20250619_105200;1;FO1;0,0236;1,5831;-0,0048;0,0014;-0,0065;0,0222;0,9997;;True
2041,05;0.0;pa031​;20250619_105200;1;FO1;0,0252;1,5829;-0,0080;0,0046;-0,0025;0,0227;0,9997;;True
2041,08;0.0;pa031​;20250619_105200;1;FO1;0,0266;1,5829;-0,0110;0,0068;0,0014;0,0238;0,9997;;True
2041,10;0.0;pa031​;20250619_105200;1;FO1;0,0273;1,5827;-0,0125;0,0076;0,0032;0,0239;0,9997;;True
2041,12;0.0;pa031​;20250619_105200;1;FO1;0,0285;1,5825;-0,0156;0,0099;0,0068;0,0244;0,9996;;True
2041,15;0.0;pa031​;20250619_105200;1;FO1;0,0296;1,5821;-0,0186;0,0117;0,0097;0,0256;0,9996;;True
2041,16;0.0;pa031​;20250619_105200;1;FO1;0,0302;1,5819;-0,0201;0,0129;0,0100;0,0268;0,9995;;True
2041,19;0.0;pa031​;20250619_105200;1;FO1;0,0310;1,5816;-0,0230;0,0154;0,0102;0,0283;0,9994;;True
2041,22;0.0;pa031​;20250619_105200;1;FO1;0,0319;1,5809;-0,0259;0,0187;0,0093;0,0290;0,9994;;True
2041,25;0.0;pa031​;20250619_105200;1;FO1;0,0326;1,5806;-0,0286;0,0213;0,0072;0,0293;0,9993;;True
2041,26;0.0;pa031​;20250619_105200;1;FO1;0,0330;1,5806;-0,0299;0,0216;0,0055;0,0290;0,9993;;True
2041,29;0.0;pa031​;20250619_105200;1;FO1;0,0337;1,5807;-0,0329;0,0220;0,0022;0,0278;0,9994;;True
2041,31;0.0;pa031​;20250619_105200;1;FO1;0,0346;1,5812;-0,0358;0,0209;-0,0020;0,0266;0,9994;;True
2041,34;0.0;pa031​;20250619_105200;1;FO1;0,0355;1,5820;-0,0387;0,0187;-0,0059;0,0246;0,9995;;True
2041,36;0.0;pa031​;20250619_105200;1;FO1;0,0361;1,5822;-0,0401;0,0173;-0,0076;0,0232;0,9996;;True
2041,39;0.0;pa031​;20250619_105200;1;FO1;0,0373;1,5826;-0,0428;0,0156;-0,0106;0,0207;0,9996;;True
2041,40;0.0;pa031​;20250619_105200;1;FO1;0,0379;1,5826;-0,0442;0,0159;-0,0115;0,0185;0,9996;;True
2041,43;0.0;pa031​;20250619_105200;1;FO1;0,0390;1,5827;-0,0470;0,0166;-0,0128;0,0148;0,9997;;True
2041,44;0.0;pa031​;20250619_105200;1;FO1;0,0394;1,5829;-0,0483;0,0166;-0,0136;0,0138;0,9997;;True
2041,47;0.0;pa031​;20250619_105200;1;FO1;0,0399;1,5831;-0,0511;0,0159;-0,0158;0,0130;0,9997;;True
2041,48;0.0;pa031​;20250619_105200;1;FO1;0,0401;1,5833;-0,0526;0,0150;-0,0172;0,0131;0,9997;;True
2041,50;0.0;pa031​;20250619_105200;1;FO1;0,0403;1,5836;-0,0540;0,0141;-0,0186;0,0130;0,9996;;True
2041,53;0.0;pa031​;20250619_105200;1;FO1;0,0406;1,5842;-0,0569;0,0120;-0,0213;0,0124;0,9996;;True
2041,55;0.0;pa031​;20250619_105200;1;FO1;0,0408;1,5849;-0,0597;0,0098;-0,0238;0,0118;0,9996;;True
2041,57;0.0;pa031​;20250619_105200;1;FO1;0,0409;1,5851;-0,0610;0,0088;-0,0252;0,0116;0,9996;;True
2041,58;0.0;pa031​;20250619_105200;1;FO1;0,0411;1,5854;-0,0636;0,0075;-0,0277;0,0110;0,9995;;True
2041,60;0.0;pa031​;20250619_105200;1;FO1;0,0413;1,5854;-0,0647;0,0074;-0,0290;0,0106;0,9995;;True
2041,61;0.0;pa031​;20250619_105200;1;FO1;0,0415;1,5854;-0,0657;0,0080;-0,0297;0,0103;0,9995;;True
2041,63;0.0;pa031​;20250619_105200;1;FO1;0,0418;1,5852;-0,0666;0,0086;-0,0307;0,0100;0,9994;;True
2041,64;0.0;pa031​;20250619_105200;1;FO1;0,0420;1,5851;-0,0676;0,0082;-0,0310;0,0100;0,9994;;True
2041,65;0.0;pa031​;20250619_105200;1;FO1;0,0424;1,5849;-0,0686;0,0090;-0,0314;0,0098;0,9994;;True
2041,67;0.0;pa031​;20250619_105200;1;FO1;0,0427;1,5848;-0,0694;0,0094;-0,0317;0,0100;0,9994;;True
2041,68;0.0;pa031​;20250619_105200;1;FO1;0,0431;1,5849;-0,0701;0,0096;-0,0317;0,0101;0,9994;;True
2041,70;0.0;pa031​;20250619_105200;1;FO1;0,0435;1,5848;-0,0709;0,0094;-0,0317;0,0100;0,9994;;True
2041,71;0.0;pa031​;20250619_105200;1;FO1;0,0440;1,5849;-0,0716;0,0091;-0,0314;0,0100;0,9994;;True
2041,72;0.0;pa031​;20250619_105200;1;FO1;0,0446;1,5849;-0,0723;0,0090;-0,0314;0,0101;0,9994;;True
2041,74;0.0;pa031​;20250619_105200;1;FO1;0,0451;1,5849;-0,0730;0,0090;-0,0310;0,0101;0,9994;;True
2041,75;0.0;pa031​;20250619_105200;1;FO1;0,0457;1,5848;-0,0736;0,0090;-0,0306;0,0099;0,9994;;True
2041,76;0.0;pa031​;20250619_105200;1;FO1;0,0462;1,5849;-0,0742;0,0094;-0,0298;0,0098;0,9995;;True
2041,78;0.0;pa031​;20250619_105200;1;FO1;0,0468;1,5848;-0,0747;0,0096;-0,0290;0,0099;0,9995;;True
2041,79;0.0;pa031​;20250619_105200;1;FO1;0,0473;1,5846;-0,0753;0,0104;-0,0283;0,0097;0,9995;;True
2041,81;0.0;pa031​;20250619_105200;1;FO1;0,0479;1,5843;-0,0759;0,0114;-0,0276;0,0096;0,9995;;True
2041,82;0.0;pa031​;20250619_105200;1;FO1;0,0484;1,5842;-0,0763;0,0127;-0,0270;0,0097;0,9995;;True
2041,84;0.0;pa031​;20250619_105200;1;FO1;0,0488;1,5839;-0,0766;0,0135;-0,0266;0,0099;0,9995;;True
2041,85;0.0;pa031​;20250619_105200;1;FO1;0,0493;1,5838;-0,0770;0,0139;-0,0263;0,0102;0,9995;;True
2041,86;0.0;pa031​;20250619_105200;1;FO1;0,0498;1,5838;-0,0774;0,0140;-0,0258;0,0102;0,9995;;True
2041,88;0.0;pa031​;20250619_105200;1;FO1;0,0504;1,5838;-0,0778;0,0141;-0,0250;0,0102;0,9995;;True
2041,89;0.0;pa031​;20250619_105200;1;FO1;0,0510;1,5838;-0,0782;0,0145;-0,0239;0,0100;0,9996;;True
2041,91;0.0;pa031​;20250619_105200;1;FO1;0,0516;1,5837;-0,0786;0,0150;-0,0231;0,0101;0,9996;;True
2041,92;0.0;pa031​;20250619_105200;1;FO1;0,0522;1,5835;-0,0790;0,0155;-0,0225;0,0100;0,9996;;True
2041,93;0.0;pa031​;20250619_105200;1;FO1;0,0528;1,5834;-0,0794;0,0162;-0,0219;0,0100;0,9996;;True
2041,95;0.0;pa031​;20250619_105200;1;FO1;0,0535;1,5832;-0,0797;0,0169;-0,0216;0,0098;0,9996;;True
2041,96;0.0;pa031​;20250619_105200;1;FO1;0,0540;1,5832;-0,0801;0,0176;-0,0209;0,0099;0,9996;;True
2041,97;0.0;pa031​;20250619_105200;1;FO1;0,0545;1,5832;-0,0805;0,0183;-0,0208;0,0095;0,9996;;True
2041,99;0.0;pa031​;20250619_105200;1;FO1;0,0550;1,5831;-0,0808;0,0182;-0,0206;0,0092;0,9996;;True
2042,00;0.0;pa031​;20250619_105200;1;FO1;0,0556;1,5831;-0,0812;0,0182;-0,0206;0,0089;0,9996;;True
2042,02;0.0;pa031​;20250619_105200;1;FO1;0,0561;1,5831;-0,0814;0,0178;-0,0204;0,0087;0,9996;;True
2042,03;0.0;pa031​;20250619_105200;1;FO1;0,0566;1,5831;-0,0816;0,0173;-0,0203;0,0089;0,9996;;True
2042,04;0.0;pa031​;20250619_105200;1;FO1;0,0571;1,5830;-0,0819;0,0173;-0,0202;0,0087;0,9996;;True
2042,05;0.0;pa031​;20250619_105200;1;FO1;0,0576;1,5828;-0,0821;0,0174;-0,0202;0,0082;0,9996;;True
2042,07;0.0;pa031​;20250619_105200;1;FO1;0,0581;1,5827;-0,0822;0,0177;-0,0201;0,0078;0,9996;;True
2042,08;0.0;pa031​;20250619_105200;1;FO1;0,0585;1,5826;-0,0823;0,0181;-0,0200;0,0072;0,9996;;True
2042,10;0.0;pa031​;20250619_105200;1;FO1;0,0589;1,5825;-0,0824;0,0187;-0,0201;0,0065;0,9996;;True
2042,11;0.0;pa031​;20250619_105200;1;FO1;0,0591;1,5824;-0,0826;0,0192;-0,0200;0,0064;0,9996;;True
2042,12;0.0;pa031​;20250619_105200;1;FO1;0,0593;1,5823;-0,0828;0,0194;-0,0199;0,0063;0,9996;;True
2042,14;0.0;pa031​;20250619_105200;1;FO1;0,0595;1,5824;-0,0828;0,0194;-0,0201;0,0060;0,9996;;True
2042,15;0.0;pa031​;20250619_105200;1;FO1;0,0596;1,5826;-0,0829;0,0192;-0,0200;0,0059;0,9996;;True
2042,17;0.0;pa031​;20250619_105200;1;FO1;0,0598;1,5828;-0,0827;0,0186;-0,0204;0,0059;0,9996;;True
2042,18;0.0;pa031​;20250619_105200;1;FO1;0,0601;1,5827;-0,0829;0,0176;-0,0206;0,0059;0,9996;;True
2042,19;0.0;pa031​;20250619_105200;1;FO1;0,0601;1,5829;-0,0827;0,0169;-0,0211;0,0061;0,9996;;True
2042,21;0.0;pa031​;20250619_105200;1;FO1;0,0602;1,5831;-0,0826;0,0163;-0,0219;0,0059;0,9996;;True
2042,22;0.0;pa031​;20250619_105200;1;FO1;0,0601;1,5831;-0,0824;0,0160;-0,0226;0,0057;0,9996;;True
2042,24;0.0;pa031​;20250619_105200;1;FO1;0,0601;1,5831;-0,0821;0,0156;-0,0236;0,0055;0,9996;;True
2042,25;0.0;pa031​;20250619_105200;1;FO1;0,0600;1,5830;-0,0818;0,0158;-0,0245;0,0052;0,9996;;True
2042,26;0.0;pa031​;20250619_105200;1;FO1;0,0599;1,5829;-0,0814;0,0160;-0,0252;0,0051;0,9995;;True
2042,28;0.0;pa031​;20250619_105200;1;FO1;0,0597;1,5825;-0,0807;0,0166;-0,0260;0,0048;0,9995;;True
2042,29;0.0;pa031​;20250619_105200;1;FO1;0,0596;1,5823;-0,0802;0,0174;-0,0265;0,0046;0,9995;;True
2042,30;0.0;pa031​;20250619_105200;1;FO1;0,0595;1,5820;-0,0797;0,0183;-0,0270;0,0045;0,9995;;True
2042,32;0.0;pa031​;20250619_105200;1;FO1;0,0594;1,5818;-0,0791;0,0190;-0,0273;0,0048;0,9994;;True
2042,33;0.0;pa031​;20250619_105200;1;FO1;0,0592;1,5816;-0,0785;0,0200;-0,0277;0,0047;0,9994;;True
2042,34;0.0;pa031​;20250619_105200;1;FO1;0,0590;1,5813;-0,0780;0,0206;-0,0280;0,0048;0,9994;;True
2042,36;0.0;pa031​;20250619_105200;1;FO1;0,0587;1,5812;-0,0774;0,0213;-0,0282;0,0048;0,9994;;True
2042,37;0.0;pa031​;20250619_105200;1;FO1;0,0584;1,5810;-0,0769;0,0214;-0,0283;0,0051;0,9994;;True
2042,39;0.0;pa031​;20250619_105200;1;FO1;0,0583;1,5809;-0,0763;0,0219;-0,0286;0,0050;0,9993;;True
2042,40;0.0;pa031​;20250619_105200;1;FO1;0,0581;1,5808;-0,0756;0,0221;-0,0287;0,0050;0,9993;;True
2042,42;0.0;pa031​;20250619_105200;1;FO1;0,0579;1,5807;-0,0750;0,0223;-0,0288;0,0052;0,9993;;True
2042,43;0.0;pa031​;20250619_105200;1;FO1;0,0577;1,5806;-0,0743;0,0224;-0,0289;0,0053;0,9993;;True
2042,44;0.0;pa031​;20250619_105200;1;FO1;0,0575;1,5805;-0,0736;0,0226;-0,0291;0,0053;0,9993;;True
2042,46;0.0;pa031​;20250619_105200;1;FO1;0,0574;1,5804;-0,0729;0,0227;-0,0292;0,0055;0,9993;;True
2042,47;0.0;pa031​;20250619_105200;1;FO1;0,0571;1,5803;-0,0723;0,0230;-0,0291;0,0056;0,9993;;True
2042,48;0.0;pa031​;20250619_105200;1;FO1;0,0569;1,5801;-0,0716;0,0234;-0,0293;0,0058;0,9993;;True
2042,50;0.0;pa031​;20250619_105200;1;FO1;0,0567;1,5799;-0,0708;0,0235;-0,0291;0,0056;0,9993;;True
2042,51;0.0;pa031​;20250619_105200;1;FO1;0,0566;1,5798;-0,0700;0,0240;-0,0293;0,0054;0,9993;;True
2042,53;0.0;pa031​;20250619_105200;1;FO1;0,0564;1,5797;-0,0693;0,0244;-0,0290;0,0054;0,9993;;True
2042,54;0.0;pa031​;20250619_105200;1;FO1;0,0562;1,5795;-0,0684;0,0245;-0,0289;0,0056;0,9993;;True
2042,55;0.0;pa031​;20250619_105200;1;FO1;0,0560;1,5794;-0,0675;0,0248;-0,0288;0,0060;0,9993;;True
2042,57;0.0;pa031​;20250619_105200;1;FO1;0,0557;1,5790;-0,0667;0,0250;-0,0287;0,0061;0,9993;;True
2042,58;0.0;pa031​;20250619_105200;1;FO1;0,0554;1,5787;-0,0659;0,0260;-0,0288;0,0064;0,9992;;True
2042,59;0.0;pa031​;20250619_105200;1;FO1;0,0549;1,5783;-0,0650;0,0271;-0,0289;0,0066;0,9992;;True
2042,61;0.0;pa031​;20250619_105200;1;FO1;0,0545;1,5780;-0,0642;0,0284;-0,0289;0,0066;0,9992;;True
2042,62;0.0;pa031​;20250619_105200;1;FO1;0,0542;1,5777;-0,0634;0,0295;-0,0289;0,0065;0,9991;;True
2042,64;0.0;pa031​;20250619_105200;1;FO1;0,0539;1,5774;-0,0627;0,0307;-0,0289;0,0065;0,9991;;True
2042,65;0.0;pa031​;20250619_105200;1;FO1;0,0537;1,5771;-0,0619;0,0318;-0,0289;0,0068;0,9991;;True
2042,66;0.0;pa031​;20250619_105200;1;FO1;0,0534;1,5770;-0,0612;0,0330;-0,0289;0,0070;0,9990;;True
2042,68;0.0;pa031​;20250619_105200;1;FO1;0,0532;1,5768;-0,0605;0,0337;-0,0290;0,0069;0,9990;;True
2042,69;0.0;pa031​;20250619_105200;1;FO1;0,0528;1,5767;-0,0598;0,0341;-0,0290;0,0070;0,9990;;True
2042,71;0.0;pa031​;20250619_105200;1;FO1;0,0524;1,5765;-0,0591;0,0342;-0,0289;0,0073;0,9990;;True
2042,72;0.0;pa031​;20250619_105200;1;FO1;0,0521;1,5763;-0,0585;0,0345;-0,0291;0,0075;0,9990;;True
2042,73;0.0;pa031​;20250619_105200;1;FO1;0,0518;1,5761;-0,0578;0,0345;-0,0290;0,0077;0,9990;;True
2042,75;0.0;pa031​;20250619_105200;1;FO1;0,0515;1,5760;-0,0571;0,0345;-0,0287;0,0078;0,9990;;True
2042,76;0.0;pa031​;20250619_105200;1;FO1;0,0512;1,5759;-0,0564;0,0348;-0,0284;0,0078;0,9990;;True
2042,78;0.0;pa031​;20250619_105200;1;FO1;0,0509;1,5758;-0,0555;0,0348;-0,0283;0,0082;0,9990;;True
2042,79;0.0;pa031​;20250619_105200;1;FO1;0,0506;1,5757;-0,0547;0,0348;-0,0284;0,0085;0,9990;;True
2042,80;0.0;pa031​;20250619_105200;1;FO1;0,0503;1,5755;-0,0539;0,0351;-0,0287;0,0087;0,9989;;True
2042,82;0.0;pa031​;20250619_105200;1;FO1;0,0499;1,5752;-0,0530;0,0359;-0,0287;0,0091;0,9989;;True
2042,83;0.0;pa031​;20250619_105200;1;FO1;0,0501;1,5755;-0,0521;0,0370;-0,0290;0,0092;0,9989;;True
2042,85;0.0;pa031​;20250619_105200;1;FO1;0,0503;1,5756;-0,0511;0,0382;-0,0296;0,0093;0,9988;;True
2042,86;0.0;pa031​;20250619_105200;1;FO1;0,0502;1,5754;-0,0502;0,0397;-0,0299;0,0095;0,9987;;True
2042,88;0.0;pa031​;20250619_105200;1;FO1;0,0500;1,5748;-0,0493;0,0414;-0,0301;0,0095;0,9986;;True
2042,89;0.0;pa031​;20250619_105200;1;FO1;0,0498;1,5744;-0,0485;0,0434;-0,0301;0,0093;0,9986;;True
2042,91;0.0;pa031​;20250619_105200;1;FO1;0,0497;1,5739;-0,0477;0,0451;-0,0301;0,0091;0,9985;;True
2042,93;0.0;pa031​;20250619_105200;1;FO1;0,0494;1,5734;-0,0470;0,0463;-0,0300;0,0092;0,9984;;True
2042,94;0.0;pa031​;20250619_105200;1;FO1;0,0490;1,5728;-0,0455;0,0485;-0,0298;0,0093;0,9983;;True
2042,96;0.0;pa031​;20250619_105200;1;FO1;0,0488;1,5728;-0,0449;0,0491;-0,0297;0,0096;0,9983;;True
2042,98;0.0;pa031​;20250619_105200;1;FO1;0,0486;1,5726;-0,0444;0,0491;-0,0297;0,0099;0,9983;;True
2042,99;0.0;pa031​;20250619_105200;1;FO1;0,0485;1,5729;-0,0439;0,0491;-0,0297;0,0103;0,9983;;True
2043,01;0.0;pa031​;20250619_105200;1;FO1;0,0484;1,5730;-0,0434;0,0487;-0,0302;0,0108;0,9983;;True
2043,03;0.0;pa031​;20250619_105200;1;FO1;0,0480;1,5728;-0,0422;0,0489;-0,0311;0,0115;0,9983;;True
2043,04;0.0;pa031​;20250619_105200;1;FO1;0,0478;1,5724;-0,0415;0,0496;-0,0317;0,0114;0,9982;;True
2043,06;0.0;pa031​;20250619_105200;1;FO1;0,0476;1,5719;-0,0409;0,0509;-0,0320;0,0113;0,9981;;True
2043,08;0.0;pa031​;20250619_105200;1;FO1;0,0473;1,5714;-0,0402;0,0521;-0,0319;0,0114;0,9981;;True
2043,09;0.0;pa031​;20250619_105200;1;FO1;0,0471;1,5709;-0,0396;0,0528;-0,0319;0,0115;0,9980;;True
2043,11;0.0;pa031​;20250619_105200;1;FO1;0,0468;1,5705;-0,0390;0,0538;-0,0320;0,0116;0,9980;;True
2043,12;0.0;pa031​;20250619_105200;1;FO1;0,0464;1,5696;-0,0379;0,0560;-0,0321;0,0120;0,9978;;True
2043,14;0.0;pa031​;20250619_105200;1;FO1;0,0462;1,5692;-0,0373;0,0574;-0,0321;0,0125;0,9978;;True
2043,16;0.0;pa031​;20250619_105200;1;FO1;0,0461;1,5693;-0,0368;0,0589;-0,0322;0,0128;0,9977;;True
2043,17;0.0;pa031​;20250619_105200;1;FO1;0,0459;1,5692;-0,0363;0,0603;-0,0323;0,0132;0,9976;;True
2043,19;0.0;pa031​;20250619_105200;1;FO1;0,0454;1,5685;-0,0353;0,0626;-0,0331;0,0141;0,9974;;True
2043,21;0.0;pa031​;20250619_105200;1;FO1;0,0452;1,5683;-0,0349;0,0634;-0,0338;0,0141;0,9973;;True
2043,23;0.0;pa031​;20250619_105200;1;FO1;0,0448;1,5680;-0,0346;0,0643;-0,0340;0,0137;0,9973;;True
2043,24;0.0;pa031​;20250619_105200;1;FO1;0,0445;1,5678;-0,0344;0,0650;-0,0335;0,0133;0,9972;;True
2043,26;0.0;pa031​;20250619_105200;1;FO1;0,0443;1,5677;-0,0340;0,0650;-0,0334;0,0138;0,9972;;True
2043,28;0.0;pa031​;20250619_105200;1;FO1;0,0437;1,5674;-0,0334;0,0654;-0,0333;0,0144;0,9972;;True
2043,30;0.0;pa031​;20250619_105200;1;FO1;0,0434;1,5672;-0,0330;0,0657;-0,0335;0,0151;0,9972;;True
2043,31;0.0;pa031​;20250619_105200;1;FO1;0,0432;1,5670;-0,0327;0,0662;-0,0334;0,0155;0,9971;;True
2043,33;0.0;pa031​;20250619_105200;1;FO1;0,0430;1,5669;-0,0324;0,0671;-0,0334;0,0156;0,9971;;True
2043,35;0.0;pa031​;20250619_105200;1;FO1;0,0425;1,5666;-0,0317;0,0683;-0,0334;0,0163;0,9970;;True
2043,37;0.0;pa031​;20250619_105200;1;FO1;0,0422;1,5665;-0,0314;0,0687;-0,0333;0,0164;0,9969;;True
2043,39;0.0;pa031​;20250619_105200;1;FO1;0,0418;1,5665;-0,0310;0,0688;-0,0331;0,0165;0,9969;;True
2043,40;0.0;pa031​;20250619_105200;1;FO1;0,0411;1,5664;-0,0302;0,0691;-0,0331;0,0171;0,9969;;True
2043,42;0.0;pa031​;20250619_105200;1;FO1;0,0407;1,5663;-0,0298;0,0692;-0,0332;0,0175;0,9969;;True
2043,43;0.0;pa031​;20250619_105200;1;FO1;0,0404;1,5662;-0,0293;0,0690;-0,0334;0,0178;0,9969;;True
2043,45;0.0;pa031​;20250619_105200;1;FO1;0,0400;1,5663;-0,0287;0,0689;-0,0336;0,0185;0,9969;;True
2043,46;0.0;pa031​;20250619_105200;1;FO1;0,0396;1,5662;-0,0280;0,0689;-0,0338;0,0189;0,9969;;True
2043,48;0.0;pa031​;20250619_105200;1;FO1;0,0395;1,5663;-0,0273;0,0691;-0,0339;0,0192;0,9968;;True
2043,49;0.0;pa031​;20250619_105200;1;FO1;0,0392;1,5664;-0,0266;0,0698;-0,0343;0,0197;0,9968;;True
2043,50;0.0;pa031​;20250619_105200;1;FO1;0,0388;1,5663;-0,0259;0,0702;-0,0347;0,0203;0,9967;;True
2043,52;0.0;pa031​;20250619_105200;1;FO1;0,0384;1,5661;-0,0252;0,0710;-0,0350;0,0210;0,9966;;True
2043,53;0.0;pa031​;20250619_105200;1;FO1;0,0380;1,5659;-0,0244;0,0719;-0,0354;0,0214;0,9966;;True
2043,55;0.0;pa031​;20250619_105200;1;FO1;0,0376;1,5657;-0,0236;0,0725;-0,0354;0,0221;0,9965;;True
2043,56;0.0;pa031​;20250619_105200;1;FO1;0,0371;1,5655;-0,0227;0,0729;-0,0357;0,0226;0,9964;;True
2043,58;0.0;pa031​;20250619_105200;1;FO1;0,0365;1,5654;-0,0218;0,0730;-0,0362;0,0229;0,9964;;True
2043,59;0.0;pa031​;20250619_105200;1;FO1;0,0359;1,5653;-0,0209;0,0732;-0,0371;0,0234;0,9964;;True
2043,60;0.0;pa031​;20250619_105200;1;FO1;0,0352;1,5652;-0,0198;0,0732;-0,0381;0,0238;0,9963;;True
2043,62;0.0;pa031​;20250619_105200;1;FO1;0,0346;1,5650;-0,0188;0,0732;-0,0393;0,0244;0,9962;;True
2043,63;0.0;pa031​;20250619_105200;1;FO1;0,0339;1,5650;-0,0177;0,0736;-0,0406;0,0251;0,9961;;True
2043,64;0.0;pa031​;20250619_105200;1;FO1;0,0330;1,5650;-0,0166;0,0742;-0,0421;0,0255;0,9960;;True
2043,66;0.0;pa031​;20250619_105200;1;FO1;0,0322;1,5648;-0,0154;0,0749;-0,0437;0,0259;0,9959;;True
2043,67;0.0;pa031​;20250619_105200;1;FO1;0,0314;1,5645;-0,0143;0,0756;-0,0453;0,0264;0,9958;;True
2043,68;0.0;pa031​;20250619_105200;1;FO1;0,0305;1,5643;-0,0132;0,0767;-0,0471;0,0271;0,9956;;True
2043,70;0.0;pa031​;20250619_105200;1;FO1;0,0296;1,5641;-0,0121;0,0778;-0,0486;0,0277;0,9954;;True
2043,71;0.0;pa031​;20250619_105200;1;FO1;0,0287;1,5639;-0,0109;0,0786;-0,0500;0,0282;0,9953;;True
2043,72;0.0;pa031​;20250619_105200;1;FO1;0,0278;1,5636;-0,0098;0,0789;-0,0514;0,0288;0,9951;;True
2043,74;0.0;pa031​;20250619_105200;1;FO1;0,0270;1,5634;-0,0087;0,0793;-0,0527;0,0299;0,9950;;True
2043,75;0.0;pa031​;20250619_105200;1;FO1;0,0262;1,5631;-0,0077;0,0799;-0,0537;0,0303;0,9949;;True
2043,77;0.0;pa031​;20250619_105200;1;FO1;0,0253;1,5630;-0,0067;0,0802;-0,0547;0,0310;0,9948;;True
2043,78;0.0;pa031​;20250619_105200;1;FO1;0,0244;1,5629;-0,0055;0,0803;-0,0558;0,0317;0,9947;;True
2043,80;0.0;pa031​;20250619_105200;1;FO1;0,0235;1,5628;-0,0044;0,0805;-0,0570;0,0322;0,9946;;True
2043,81;0.0;pa031​;20250619_105200;1;FO1;0,0227;1,5627;-0,0033;0,0806;-0,0583;0,0326;0,9945;;True
2043,82;0.0;pa031​;20250619_105200;1;FO1;0,0218;1,5625;-0,0023;0,0812;-0,0592;0,0334;0,9944;;True
2043,83;0.0;pa031​;20250619_105200;1;FO1;0,0209;1,5623;-0,0014;0,0817;-0,0601;0,0341;0,9943;;True
2043,85;0.0;pa031​;20250619_105200;1;FO1;0,0199;1,5621;-0,0004;0,0822;-0,0612;0,0348;0,9941;;True
2043,86;0.0;pa031​;20250619_105200;1;FO1;0,0190;1,5620;0,0006;0,0824;-0,0623;0,0356;0,9940;;True
2043,87;0.0;pa031​;20250619_105200;1;FO1;0,0180;1,5618;0,0015;0,0826;-0,0635;0,0363;0,9939;;True
2043,89;0.0;pa031​;20250619_105200;1;FO1;0,0170;1,5616;0,0024;0,0829;-0,0648;0,0371;0,9938;;True
2043,90;0.0;pa031​;20250619_105200;1;FO1;0,0161;1,5614;0,0033;0,0831;-0,0665;0,0382;0,9936;;True
2043,92;0.0;pa031​;20250619_105200;1;FO1;0,0151;1,5612;0,0041;0,0833;-0,0678;0,0387;0,9935;;True
2043,93;0.0;pa031​;20250619_105200;1;FO1;0,0144;1,5610;0,0049;0,0839;-0,0694;0,0389;0,9933;;True
2043,94;0.0;pa031​;20250619_105200;1;FO1;0,0136;1,5608;0,0057;0,0846;-0,0707;0,0390;0,9931;;True
2043,96;0.0;pa031​;20250619_105200;1;FO1;0,0127;1,5607;0,0065;0,0852;-0,0716;0,0388;0,9930;;True
2043,97;0.0;pa031​;20250619_105200;1;FO1;0,0119;1,5605;0,0073;0,0855;-0,0728;0,0392;0,9929;;True
2043,99;0.0;pa031​;20250619_105200;1;FO1;0,0111;1,5602;0,0080;0,0861;-0,0741;0,0402;0,9927;;True
2044,00;0.0;pa031​;20250619_105200;1;FO1;0,0104;1,5599;0,0086;0,0870;-0,0753;0,0402;0,9925;;True
2044,01;0.0;pa031​;20250619_105200;1;FO1;0,0097;1,5596;0,0092;0,0879;-0,0762;0,0403;0,9924;;True
2044,03;0.0;pa031​;20250619_105200;1;FO1;0,0092;1,5594;0,0098;0,0889;-0,0769;0,0406;0,9922;;True
2044,04;0.0;pa031​;20250619_105200;1;FO1;0,0086;1,5592;0,0103;0,0897;-0,0775;0,0409;0,9921;;True
2044,06;0.0;pa031​;20250619_105200;1;FO1;0,0082;1,5591;0,0109;0,0900;-0,0776;0,0408;0,9921;;True
2044,07;0.0;pa031​;20250619_105200;1;FO1;0,0079;1,5590;0,0114;0,0899;-0,0778;0,0407;0,9921;;True
2044,08;0.0;pa031​;20250619_105200;1;FO1;0,0076;1,5589;0,0119;0,0897;-0,0773;0,0407;0,9921;;True
2044,10;0.0;pa031​;20250619_105200;1;FO1;0,0075;1,5589;0,0124;0,0897;-0,0765;0,0402;0,9922;;True
2044,11;0.0;pa031​;20250619_105200;1;FO1;0,0075;1,5588;0,0128;0,0898;-0,0757;0,0398;0,9923;;True
2044,13;0.0;pa031​;20250619_105200;1;FO1;0,0073;1,5587;0,0133;0,0902;-0,0743;0,0398;0,9924;;True
2044,14;0.0;pa031​;20250619_105200;1;FO1;0,0073;1,5585;0,0138;0,0905;-0,0729;0,0399;0,9924;;True
2044,15;0.0;pa031​;20250619_105200;1;FO1;0,0073;1,5583;0,0143;0,0907;-0,0720;0,0399;0,9925;;True
2044,17;0.0;pa031​;20250619_105200;1;FO1;0,0074;1,5580;0,0149;0,0916;-0,0711;0,0399;0,9925;;True
2044,18;0.0;pa031​;20250619_105200;1;FO1;0,0073;1,5578;0,0153;0,0924;-0,0699;0,0398;0,9925;;True
2044,20;0.0;pa031​;20250619_105200;1;FO1;0,0072;1,5577;0,0157;0,0933;-0,0689;0,0396;0,9925;;True
2044,21;0.0;pa031​;20250619_105200;1;FO1;0,0071;1,5575;0,0161;0,0939;-0,0680;0,0397;0,9925;;True
2044,22;0.0;pa031​;20250619_105200;1;FO1;0,0070;1,5574;0,0164;0,0944;-0,0671;0,0399;0,9925;;True
2044,23;0.0;pa031​;20250619_105200;1;FO1;0,0069;1,5572;0,0167;0,0950;-0,0664;0,0400;0,9925;;True
2044,25;0.0;pa031​;20250619_105200;1;FO1;0,0068;1,5571;0,0169;0,0953;-0,0657;0,0399;0,9925;;True
2044,26;0.0;pa031​;20250619_105200;1;FO1;0,0067;1,5570;0,0171;0,0957;-0,0651;0,0399;0,9925;;True
2044,28;0.0;pa031​;20250619_105200;1;FO1;0,0066;1,5570;0,0172;0,0957;-0,0646;0,0398;0,9925;;True
2044,29;0.0;pa031​;20250619_105200;1;FO1;0,0065;1,5570;0,0174;0,0957;-0,0640;0,0398;0,9926;;True
2044,30;0.0;pa031​;20250619_105200;1;FO1;0,0063;1,5569;0,0177;0,0960;-0,0632;0,0395;0,9926;;True
2044,32;0.0;pa031​;20250619_105200;1;FO1;0,0063;1,5568;0,0177;0,0960;-0,0626;0,0391;0,9926;;True
2044,33;0.0;pa031​;20250619_105200;1;FO1;0,0063;1,5568;0,0177;0,0959;-0,0619;0,0390;0,9927;;True
2044,35;0.0;pa031​;20250619_105200;1;FO1;0,0062;1,5568;0,0177;0,0959;-0,0612;0,0389;0,9927;;True
2044,36;0.0;pa031​;20250619_105200;1;FO1;0,0063;1,5569;0,0177;0,0957;-0,0605;0,0390;0,9928;;True
2044,37;0.0;pa031​;20250619_105200;1;FO1;0,0063;1,5570;0,0177;0,0955;-0,0595;0,0388;0,9929;;True
2044,39;0.0;pa031​;20250619_105200;1;FO1;0,0065;1,5572;0,0177;0,0951;-0,0585;0,0383;0,9930;;True
2044,40;0.0;pa031​;20250619_105200;1;FO1;0,0068;1,5574;0,0177;0,0948;-0,0575;0,0382;0,9931;;True
2044,42;0.0;pa031​;20250619_105200;1;FO1;0,0070;1,5576;0,0176;0,0943;-0,0564;0,0381;0,9932;;True
2044,44;0.0;pa031​;20250619_105200;1;FO1;0,0071;1,5578;0,0174;0,0936;-0,0554;0,0379;0,9934;;True
2044,45;0.0;pa031​;20250619_105200;1;FO1;0,0071;1,5580;0,0173;0,0929;-0,0545;0,0378;0,9935;;True
2044,47;0.0;pa031​;20250619_105200;1;FO1;0,0071;1,5584;0,0171;0,0920;-0,0526;0,0375;0,9937;;True
2044,49;0.0;pa031​;20250619_105200;1;FO1;0,0071;1,5585;0,0169;0,0917;-0,0518;0,0377;0,9937;;True
2044,50;0.0;pa031​;20250619_105200;1;FO1;0,0071;1,5586;0,0167;0,0913;-0,0512;0,0375;0,9938;;True
2044,52;0.0;pa031​;20250619_105200;1;FO1;0,0072;1,5587;0,0166;0,0913;-0,0503;0,0374;0,9939;;True
2044,54;0.0;pa031​;20250619_105200;1;FO1;0,0073;1,5588;0,0164;0,0914;-0,0494;0,0372;0,9939;;True
2044,55;0.0;pa031​;20250619_105200;1;FO1;0,0074;1,5589;0,0161;0,0915;-0,0479;0,0365;0,9940;;True
2044,57;0.0;pa031​;20250619_105200;1;FO1;0,0074;1,5589;0,0158;0,0917;-0,0473;0,0363;0,9940;;True
2044,59;0.0;pa031​;20250619_105200;1;FO1;0,0073;1,5589;0,0156;0,0920;-0,0471;0,0362;0,9940;;True
2044,60;0.0;pa031​;20250619_105200;1;FO1;0,0071;1,5589;0,0153;0,0922;-0,0472;0,0360;0,9940;;True
2044,62;0.0;pa031​;20250619_105200;1;FO1;0,0071;1,5589;0,0152;0,0921;-0,0473;0,0361;0,9940;;True
2044,64;0.0;pa031​;20250619_105200;1;FO1;0,0072;1,5592;0,0153;0,0919;-0,0470;0,0358;0,9940;;True
2044,65;0.0;pa031​;20250619_105200;1;FO1;0,0073;1,5595;0,0151;0,0916;-0,0461;0,0350;0,9941;;True
2044,67;0.0;pa031​;20250619_105200;1;FO1;0,0074;1,5596;0,0149;0,0915;-0,0450;0,0343;0,9942;;True
2044,68;0.0;pa031​;20250619_105200;1;FO1;0,0075;1,5597;0,0148;0,0911;-0,0443;0,0342;0,9943;;True
2044,70;0.0;pa031​;20250619_105200;1;FO1;0,0077;1,5597;0,0146;0,0907;-0,0434;0,0342;0,9943;;True
2044,72;0.02;pa031​;20250619_105200;1;FO1;0,0079;1,5596;0,0144;0,0910;-0,0426;0,0344;0,9943;;False
2044,74;0.04;pa031​;20250619_105200;1;FO1;0,0084;1,5595;0,0141;0,0915;-0,0403;0,0341;0,9944;;False
2044,75;0.05;pa031​;20250619_105200;1;FO1;0,0092;1,5594;0,0140;0,0920;-0,0390;0,0338;0,9944;;False
2044,77;0.07;pa031​;20250619_105200;1;FO1;0,0097;1,5593;0,0140;0,0930;-0,0377;0,0333;0,9944;;False
2044,79;0.08;pa031​;20250619_105200;1;FO1;0,0100;1,5592;0,0139;0,0940;-0,0362;0,0330;0,9944;;False
2044,80;0.1;pa031​;20250619_105200;1;FO1;0,0104;1,5590;0,0138;0,0951;-0,0350;0,0327;0,9943;;False
2044,82;0.12;pa031​;20250619_105200;1;FO1;0,0107;1,5587;0,0136;0,0964;-0,0339;0,0324;0,9942;;False
2044,84;0.14;pa031​;20250619_105200;1;FO1;0,0112;1,5585;0,0133;0,0987;-0,0317;0,0318;0,9941;;False
2044,85;0.15;pa031​;20250619_105200;1;FO1;0,0114;1,5586;0,0131;0,0991;-0,0309;0,0315;0,9941;;False
2044,87;0.17;pa031​;20250619_105200;1;FO1;0,0117;1,5587;0,0131;0,0991;-0,0301;0,0314;0,9941;;False
2044,88;0.18;pa031​;20250619_105200;1;FO1;0,0121;1,5589;0,0131;0,0989;-0,0290;0,0312;0,9942;;False
2044,90;0.2;pa031​;20250619_105200;1;FO1;0,0122;1,5591;0,0129;0,0982;-0,0282;0,0314;0,9943;;False
2044,92;0.21;pa031​;20250619_105200;1;FO1;0,0126;1,5592;0,0125;0,0970;-0,0269;0,0315;0,9944;;False
2044,93;0.23;pa031​;20250619_105200;1;FO1;0,0125;1,5595;0,0123;0,0963;-0,0262;0,0317;0,9945;;False
2044,95;0.25;pa031​;20250619_105200;1;FO1;0,0125;1,5596;0,0120;0,0961;-0,0258;0,0320;0,9945;;False
2044,96;0.26;pa031​;20250619_105200;1;FO1;0,0124;1,5596;0,0118;0,0963;-0,0252;0,0322;0,9945;;False
2044,98;0.28;pa031​;20250619_105200;1;FO1;0,0123;1,5597;0,0115;0,0966;-0,0250;0,0323;0,9945;;False
2044,99;0.29;pa031​;20250619_105200;1;FO1;0,0122;1,5598;0,0114;0,0967;-0,0248;0,0324;0,9945;;False
2045,01;0.31;pa031​;20250619_105200;1;FO1;0,0119;1,5602;0,0113;0,0963;-0,0245;0,0326;0,9945;;False
2045,03;0.33;pa031​;20250619_105200;1;FO1;0,0113;1,5608;0,0107;0,0946;-0,0240;0,0333;0,9947;;False
2045,04;0.34;pa031​;20250619_105200;1;FO1;0,0109;1,5615;0,0105;0,0924;-0,0247;0,0341;0,9948;;False
2045,06;0.36;pa031​;20250619_105200;1;FO1;0,0104;1,5621;0,0101;0,0895;-0,0252;0,0343;0,9951;;False
2045,07;0.37;pa031​;20250619_105200;1;FO1;0,0100;1,5629;0,0098;0,0859;-0,0260;0,0344;0,9954;;False
2045,09;0.39;pa031​;20250619_105200;1;FO1;0,0095;1,5636;0,0094;0,0823;-0,0269;0,0342;0,9957;;False
2045,10;0.4;pa031​;20250619_105200;1;FO1;0,0090;1,5642;0,0089;0,0788;-0,0284;0,0340;0,9959;;False
2045,11;0.41;pa031​;20250619_105200;1;FO1;0,0084;1,5649;0,0086;0,0761;-0,0301;0,0338;0,9961;;False
2045,13;0.42;pa031​;20250619_105200;1;FO1;0,0079;1,5653;0,0081;0,0731;-0,0324;0,0336;0,9962;;False
2045,14;0.44;pa031​;20250619_105200;1;FO1;0,0075;1,5658;0,0076;0,0709;-0,0348;0,0335;0,9963;;False
2045,15;0.45;pa031​;20250619_105200;1;FO1;0,0070;1,5664;0,0071;0,0693;-0,0367;0,0329;0,9964;;False
2045,16;0.46;pa031​;20250619_105200;1;FO1;0,0068;1,5669;0,0066;0,0677;-0,0386;0,0324;0,9964;;False
2045,18;0.48;pa031​;20250619_105200;1;FO1;0,0064;1,5673;0,0061;0,0653;-0,0399;0,0320;0,9966;;False
2045,19;0.49;pa031​;20250619_105200;1;FO1;0,0063;1,5681;0,0058;0,0634;-0,0419;0,0314;0,9966;;False
2045,21;0.5;pa031​;20250619_105200;1;FO1;0,0061;1,5687;0,0054;0,0606;-0,0436;0,0309;0,9967;;False
2045,22;0.52;pa031​;20250619_105200;1;FO1;0,0061;1,5695;0,0051;0,0580;-0,0453;0,0303;0,9968;;False
2045,23;0.53;pa031​;20250619_105200;1;FO1;0,0063;1,5701;0,0047;0,0557;-0,0468;0,0293;0,9969;;False
2045,25;0.55;pa031​;20250619_105200;1;FO1;0,0067;1,5706;0,0043;0,0539;-0,0480;0,0288;0,9970;;False
2045,26;0.56;pa031​;20250619_105200;1;FO1;0,0070;1,5710;0,0040;0,0520;-0,0483;0,0281;0,9971;;False
2045,28;0.57;pa031​;20250619_105200;1;FO1;0,0075;1,5718;0,0039;0,0498;-0,0488;0,0276;0,9972;;False
2045,29;0.59;pa031​;20250619_105200;1;FO1;0,0079;1,5725;0,0039;0,0463;-0,0490;0,0269;0,9974;;False
2045,30;0.6;pa031​;20250619_105200;1;FO1;0,0083;1,5738;0,0039;0,0415;-0,0494;0,0262;0,9976;;False
2045,32;0.62;pa031​;20250619_105200;1;FO1;0,0088;1,5751;0,0039;0,0358;-0,0497;0,0255;0,9978;;False
2045,33;0.63;pa031​;20250619_105200;1;FO1;0,0096;1,5764;0,0038;0,0301;-0,0498;0,0246;0,9980;;False
2045,34;0.64;pa031​;20250619_105200;1;FO1;0,0103;1,5773;0,0034;0,0243;-0,0490;0,0239;0,9982;;False
2045,36;0.66;pa031​;20250619_105200;1;FO1;0,0111;1,5785;0,0031;0,0188;-0,0485;0,0228;0,9984;;False
2045,37;0.67;pa031​;20250619_105200;1;FO1;0,0120;1,5799;0,0030;0,0128;-0,0478;0,0213;0,9986;;False
2045,39;0.69;pa031​;20250619_105200;1;FO1;0,0128;1,5811;0,0029;0,0067;-0,0472;0,0201;0,9987;;False
2045,40;0.7;pa031​;20250619_105200;1;FO1;0,0134;1,5821;0,0026;0,0012;-0,0470;0,0196;0,9987;;False
2045,41;0.71;pa031​;20250619_105200;1;FO1;0,0140;1,5831;0,0022;-0,0045;-0,0467;0,0192;0,9987;;False
2045,43;0.73;pa031​;20250619_105200;1;FO1;0,0147;1,5841;0,0019;-0,0100;-0,0469;0,0187;0,9987;;False
2045,44;0.74;pa031​;20250619_105200;1;FO1;0,0159;1,5859;0,0018;-0,0162;-0,0477;0,0173;0,9986;;False
2045,46;0.75;pa031​;20250619_105200;1;FO1;0,0166;1,5874;0,0012;-0,0242;-0,0466;0,0167;0,9985;;False
2045,47;0.77;pa031​;20250619_105200;1;FO1;0,0177;1,5889;0,0004;-0,0308;-0,0460;0,0162;0,9983;;False
2045,48;0.78;pa031​;20250619_105200;1;FO1;0,0187;1,5897;-0,0007;-0,0359;-0,0445;0,0151;0,9983;;False
2045,50;0.8;pa031​;20250619_105200;1;FO1;0,0198;1,5905;-0,0015;-0,0392;-0,0436;0,0147;0,9982;;False
2045,51;0.81;pa031​;20250619_105200;1;FO1;0,0206;1,5914;-0,0026;-0,0449;-0,0420;0,0149;0,9980;;False
2045,53;0.82;pa031​;20250619_105200;1;FO1;0,0215;1,5931;-0,0034;-0,0492;-0,0409;0,0147;0,9978;;False
2045,54;0.84;pa031​;20250619_105200;1;FO1;0,0222;1,5940;-0,0045;-0,0541;-0,0390;0,0149;0,9977;;False
2045,55;0.85;pa031​;20250619_105200;1;FO1;0,0230;1,5950;-0,0056;-0,0578;-0,0375;0,0153;0,9975;;False
2045,57;0.87;pa031​;20250619_105200;1;FO1;0,0238;1,5959;-0,0067;-0,0620;-0,0359;0,0162;0,9973;;False
2045,58;0.88;pa031​;20250619_105200;1;FO1;0,0245;1,5970;-0,0079;-0,0660;-0,0343;0,0165;0,9971;;False
2045,60;0.89;pa031​;20250619_105200;1;FO1;0,0250;1,5978;-0,0091;-0,0695;-0,0319;0,0165;0,9969;;False
2045,61;0.91;pa031​;20250619_105200;1;FO1;0,0258;1,5987;-0,0102;-0,0732;-0,0306;0,0169;0,9967;;False
2045,62;0.92;pa031​;20250619_105200;1;FO1;0,0265;1,5998;-0,0115;-0,0771;-0,0288;0,0176;0,9964;;False
2045,64;0.94;pa031​;20250619_105200;1;FO1;0,0269;1,6008;-0,0128;-0,0805;-0,0265;0,0183;0,9962;;False
2045,65;0.95;pa031​;20250619_105200;1;FO1;0,0275;1,6016;-0,0142;-0,0843;-0,0245;0,0191;0,9960;;False
2045,66;0.96;pa031​;20250619_105200;1;FO1;0,0278;1,6024;-0,0158;-0,0883;-0,0226;0,0211;0,9956;;False
2045,68;0.98;pa031​;20250619_105200;1;FO1;0,0282;1,6035;-0,0173;-0,0924;-0,0212;0,0217;0,9953;;False
2045,69;0.99;pa031​;20250619_105200;1;FO1;0,0284;1,6045;-0,0188;-0,0964;-0,0197;0,0225;0,9949;;False
2045,71;1.0;pa031​;20250619_105200;1;FO1;0,0289;1,6052;-0,0203;-0,1002;-0,0193;0,0231;0,9945;;False
2045,72;1.02;pa031​;20250619_105200;1;FO1;0,0293;1,6057;-0,0218;-0,1035;-0,0186;0,0234;0,9942;;False
2045,73;1.03;pa031​;20250619_105200;1;FO1;0,0298;1,6061;-0,0232;-0,1061;-0,0183;0,0238;0,9939;;False
2045,75;1.05;pa031​;20250619_105200;1;FO1;0,0300;1,6068;-0,0247;-0,1088;-0,0178;0,0242;0,9936;;False
2045,76;1.06;pa031​;20250619_105200;1;FO1;0,0302;1,6078;-0,0261;-0,1115;-0,0175;0,0248;0,9933;;False
2045,78;1.07;pa031​;20250619_105200;1;FO1;0,0304;1,6086;-0,0275;-0,1148;-0,0175;0,0250;0,9929;;False
2045,79;1.09;pa031​;20250619_105200;1;FO1;0,0305;1,6093;-0,0288;-0,1175;-0,0177;0,0253;0,9926;;False
2045,80;1.1;pa031​;20250619_105200;1;FO1;0,0307;1,6098;-0,0302;-0,1202;-0,0170;0,0252;0,9923;;False
2045,82;1.12;pa031​;20250619_105200;1;FO1;0,0309;1,6103;-0,0314;-0,1223;-0,0163;0,0257;0,9920;;False
2045,83;1.13;pa031​;20250619_105200;1;FO1;0,0312;1,6105;-0,0326;-0,1240;-0,0160;0,0260;0,9918;;False
2045,84;1.14;pa031​;20250619_105200;1;FO1;0,0312;1,6106;-0,0337;-0,1250;-0,0153;0,0264;0,9917;;False
2045,86;1.16;pa031​;20250619_105200;1;FO1;0,0315;1,6106;-0,0345;-0,1253;-0,0150;0,0264;0,9917;;False
2045,87;1.17;pa031​;20250619_105200;1;FO1;0,0319;1,6108;-0,0353;-0,1256;-0,0143;0,0263;0,9916;;False
2045,89;1.19;pa031​;20250619_105200;1;FO1;0,0324;1,6110;-0,0360;-0,1263;-0,0127;0,0265;0,9916;;False
2045,90;1.2;pa031​;20250619_105200;1;FO1;0,0329;1,6113;-0,0367;-0,1271;-0,0110;0,0268;0,9915;;False
2045,91;1.21;pa031​;20250619_105200;1;FO1;0,0334;1,6115;-0,0373;-0,1281;-0,0093;0,0271;0,9914;;False
2045,93;1.23;pa031​;20250619_105200;1;FO1;0,0338;1,6117;-0,0378;-0,1289;-0,0081;0,0274;0,9912;;False
2045,94;1.24;pa031​;20250619_105200;1;FO1;0,0343;1,6116;-0,0382;-0,1288;-0,0072;0,0277;0,9913;;False
2045,96;1.25;pa031​;20250619_105200;1;FO1;0,0347;1,6115;-0,0385;-0,1287;-0,0066;0,0278;0,9913;;False
2045,97;1.27;pa031​;20250619_105200;1;FO1;0,0351;1,6116;-0,0386;-0,1287;-0,0063;0,0276;0,9913;;False
2045,98;1.28;pa031​;20250619_105200;1;FO1;0,0354;1,6117;-0,0389;-0,1290;-0,0057;0,0274;0,9913;;False
2046,00;1.3;pa031​;20250619_105200;1;FO1;0,0359;1,6116;-0,0392;-0,1290;-0,0055;0,0269;0,9913;;False
2046,01;1.31;pa031​;20250619_105200;1;FO1;0,0363;1,6114;-0,0395;-0,1282;-0,0053;0,0266;0,9914;;False
2046,03;1.32;pa031​;20250619_105200;1;FO1;0,0366;1,6112;-0,0397;-0,1270;-0,0053;0,0264;0,9915;;False
2046,04;1.34;pa031​;20250619_105200;1;FO1;0,0370;1,6112;-0,0399;-0,1261;-0,0059;0,0266;0,9916;;False
2046,05;1.35;pa031​;20250619_105200;1;FO1;0,0372;1,6111;-0,0401;-0,1255;-0,0065;0,0259;0,9917;;False
2046,07;1.37;pa031​;20250619_105200;1;FO1;0,0377;1,6108;-0,0403;-0,1247;-0,0073;0,0247;0,9919;;False
2046,08;1.38;pa031​;20250619_105200;1;FO1;0,0381;1,6106;-0,0405;-0,1240;-0,0071;0,0232;0,9920;;False
2046,10;1.4;pa031​;20250619_105200;1;FO1;0,0383;1,6104;-0,0408;-0,1232;-0,0069;0,0222;0,9921;;False
2046,11;1.41;pa031​;20250619_105200;1;FO1;0,0385;1,6103;-0,0411;-0,1227;-0,0067;0,0220;0,9922;;False
2046,13;1.43;pa031​;20250619_105200;1;FO1;0,0386;1,6102;-0,0414;-0,1228;-0,0073;0,0218;0,9922;;False
2046,14;1.44;pa031​;20250619_105200;1;FO1;0,0386;1,6102;-0,0417;-0,1225;-0,0080;0,0216;0,9922;;False
2046,16;1.46;pa031​;20250619_105200;1;FO1;0,0386;1,6101;-0,0420;-0,1227;-0,0089;0,0213;0,9922;;False
2046,17;1.47;pa031​;20250619_105200;1;FO1;0,0386;1,6101;-0,0423;-0,1223;-0,0102;0,0212;0,9922;;False
2046,19;1.49;pa031​;20250619_105200;1;FO1;0,0383;1,6100;-0,0425;-0,1220;-0,0113;0,0209;0,9922;;False
2046,20;1.5;pa031​;20250619_105200;1;FO1;0,0380;1,6100;-0,0427;-0,1222;-0,0124;0,0202;0,9922;;False
2046,22;1.52;pa031​;20250619_105200;1;FO1;0,0376;1,6098;-0,0432;-0,1223;-0,0150;0,0197;0,9922;;False
2046,24;1.54;pa031​;20250619_105200;1;FO1;0,0373;1,6098;-0,0435;-0,1221;-0,0165;0,0195;0,9922;;False
2046,25;1.55;pa031​;20250619_105200;1;FO1;0,0370;1,6097;-0,0438;-0,1221;-0,0176;0,0194;0,9922;;False
2046,27;1.57;pa031​;20250619_105200;1;FO1;0,0370;1,6096;-0,0440;-0,1221;-0,0183;0,0196;0,9922;;False
2046,29;1.58;pa031​;20250619_105200;1;FO1;0,0368;1,6095;-0,0442;-0,1218;-0,0188;0,0201;0,9922;;False
2046,30;1.6;pa031​;20250619_105200;1;FO1;0,0365;1,6092;-0,0446;-0,1209;-0,0205;0,0199;0,9923;;False
2046,32;1.62;pa031​;20250619_105200;1;FO1;0,0364;1,6090;-0,0445;-0,1204;-0,0214;0,0190;0,9923;;False
2046,33;1.63;pa031​;20250619_105200;1;FO1;0,0362;1,6089;-0,0447;-0,1197;-0,0221;0,0189;0,9924;;False
2046,35;1.65;pa031​;20250619_105200;1;FO1;0,0361;1,6086;-0,0448;-0,1188;-0,0230;0,0187;0,9925;;False
2046,37;1.66;pa031​;20250619_105200;1;FO1;0,0361;1,6084;-0,0448;-0,1181;-0,0237;0,0182;0,9926;;False
2046,38;1.68;pa031​;20250619_105200;1;FO1;0,0361;1,6083;-0,0449;-0,1177;-0,0237;0,0180;0,9926;;False
2046,40;1.7;pa031​;20250619_105200;1;FO1;0,0361;1,6081;-0,0449;-0,1169;-0,0238;0,0176;0,9927;;False
2046,41;1.71;pa031​;20250619_105200;1;FO1;0,0362;1,6079;-0,0450;-0,1158;-0,0237;0,0176;0,9928;;False
2046,43;1.73;pa031​;20250619_105200;1;FO1;0,0361;1,6074;-0,0448;-0,1126;-0,0237;0,0172;0,9932;;False
2046,45;1.74;pa031​;20250619_105200;1;FO1;0,0360;1,6063;-0,0440;-0,1092;-0,0236;0,0172;0,9936;;False
2046,46;1.76;pa031​;20250619_105200;1;FO1;0,0360;1,6055;-0,0434;-0,1048;-0,0238;0,0170;0,9941;;False
2046,48;1.78;pa031​;20250619_105200;1;FO1;0,0361;1,6043;-0,0428;-0,0992;-0,0239;0,0168;0,9946;;False
2046,49;1.79;pa031​;20250619_105200;1;FO1;0,0363;1,6029;-0,0420;-0,0920;-0,0240;0,0165;0,9953;;False
2046,51;1.81;pa031​;20250619_105200;1;FO1;0,0364;1,6012;-0,0409;-0,0832;-0,0240;0,0161;0,9961;;False
2046,52;1.82;pa031​;20250619_105200;1;FO1;0,0367;1,5993;-0,0397;-0,0735;-0,0243;0,0164;0,9969;;False
2046,54;1.84;pa031​;20250619_105200;1;FO1;0,0370;1,5953;-0,0371;-0,0561;-0,0245;0,0169;0,9980;;False
2046,56;1.86;pa031​;20250619_105200;1;FO1;0,0375;1,5938;-0,0355;-0,0472;-0,0250;0,0166;0,9984;;False
2046,57;1.87;pa031​;20250619_105200;1;FO1;0,0377;1,5922;-0,0341;-0,0386;-0,0244;0,0174;0,9988;;False
2046,59;1.89;pa031​;20250619_105200;1;FO1;0,0382;1,5900;-0,0326;-0,0287;-0,0244;0,0170;0,9991;;False
2046,60;1.9;pa031​;20250619_105200;1;FO1;0,0386;1,5877;-0,0311;-0,0183;-0,0243;0,0176;0,9994;;False
2046,62;1.92;pa031​;20250619_105200;1;FO1;0,0391;1,5858;-0,0295;-0,0097;-0,0248;0,0184;0,9995;;False
2046,64;1.93;pa031​;20250619_105200;1;FO1;0,0396;1,5848;-0,0277;-0,0037;-0,0260;0,0181;0,9995;;False
2046,65;1.95;pa031​;20250619_105200;1;FO1;0,0404;1,5830;-0,0240;0,0066;-0,0272;0,0167;0,9995;;False
2046,67;1.96;pa031​;20250619_105200;1;FO1;0,0408;1,5820;-0,0221;0,0087;-0,0274;0,0147;0,9995;;False
2046,68;1.98;pa031​;20250619_105200;1;FO1;0,0412;1,5808;-0,0200;0,0124;-0,0273;0,0134;0,9995;;False
2046,70;2.0;pa031​;20250619_105200;1;FO1;0,0418;1,5794;-0,0179;0,0169;-0,0272;0,0128;0,9994;;False
2046,71;2.01;pa031​;20250619_105200;1;FO1;0,0427;1,5782;-0,0159;0,0206;-0,0275;0,0129;0,9993;;False
2046,73;2.03;pa031​;20250619_105200;1;FO1;0,0437;1,5776;-0,0136;0,0240;-0,0272;0,0130;0,9993;;False
2046,75;2.04;pa031​;20250619_105200;1;FO1;0,0448;1,5765;-0,0113;0,0268;-0,0266;0,0128;0,9992;;False
2046,76;2.06;pa031​;20250619_105200;1;FO1;0,0459;1,5752;-0,0091;0,0314;-0,0260;0,0127;0,9991;;False
2046,77;2.07;pa031​;20250619_105200;1;FO1;0,0470;1,5738;-0,0068;0,0369;-0,0246;0,0124;0,9989;;False
2046,79;2.09;pa031​;20250619_105200;1;FO1;0,0493;1,5708;-0,0017;0,0491;-0,0234;0,0124;0,9984;;False
2046,81;2.11;pa031​;20250619_105200;1;FO1;0,0506;1,5688;0,0010;0,0575;-0,0235;0,0132;0,9980;;False
2046,82;2.12;pa031​;20250619_105200;1;FO1;0,0517;1,5664;0,0038;0,0669;-0,0234;0,0129;0,9974;;False
2046,84;2.14;pa031​;20250619_105200;1;FO1;0,0527;1,5643;0,0070;0,0765;-0,0234;0,0127;0,9967;;False
2046,86;2.16;pa031​;20250619_105200;1;FO1;0,0539;1,5627;0,0104;0,0837;-0,0240;0,0127;0,9961;;False
2046,87;2.17;pa031​;20250619_105200;1;FO1;0,0568;1,5596;0,0169;0,0953;-0,0239;0,0125;0,9951;;False
2046,89;2.19;pa031​;20250619_105200;1;FO1;0,0584;1,5582;0,0202;0,0990;-0,0242;0,0125;0,9947;;False
2046,90;2.2;pa031​;20250619_105200;1;FO1;0,0600;1,5569;0,0235;0,1027;-0,0245;0,0124;0,9943;;False
2046,92;2.22;pa031​;20250619_105200;1;FO1;0,0619;1,5556;0,0270;0,1056;-0,0245;0,0113;0,9940;;False
2046,93;2.23;pa031​;20250619_105200;1;FO1;0,0639;1,5547;0,0307;0,1083;-0,0243;0,0105;0,9938;;False
2046,95;2.25;pa031​;20250619_105200;1;FO1;0,0659;1,5538;0,0346;0,1103;-0,0239;0,0099;0,9936;;False
2046,97;2.26;pa031​;20250619_105200;1;FO1;0,0680;1,5530;0,0385;0,1122;-0,0236;0,0092;0,9934;;False
2046,98;2.28;pa031​;20250619_105200;1;FO1;0,0701;1,5522;0,0427;0,1137;-0,0232;0,0086;0,9932;;False
2047,00;2.29;pa031​;20250619_105200;1;FO1;0,0722;1,5514;0,0469;0,1156;-0,0234;0,0081;0,9930;;False
2047,01;2.31;pa031​;20250619_105200;1;FO1;0,0764;1,5493;0,0560;0,1201;-0,0231;0,0073;0,9925;;False
2047,03;2.33;pa031​;20250619_105200;1;FO1;0,0786;1,5477;0,0611;0,1224;-0,0231;0,0074;0,9922;;False
2047,05;2.35;pa031​;20250619_105200;1;FO1;0,0808;1,5457;0,0664;0,1256;-0,0234;0,0071;0,9918;;False
2047,07;2.37;pa031​;20250619_105200;1;FO1;0,0852;1,5409;0,0771;0,1331;-0,0241;0,0061;0,9908;;False
2047,08;2.38;pa031​;20250619_105200;1;FO1;0,0872;1,5379;0,0830;0,1392;-0,0241;0,0051;0,9900;;False
2047,10;2.4;pa031​;20250619_105200;1;FO1;0,0891;1,5349;0,0892;0,1455;-0,0239;0,0040;0,9891;;False
2047,12;2.42;pa031​;20250619_105200;1;FO1;0,0909;1,5316;0,0959;0,1519;-0,0240;0,0024;0,9881;;False
2047,13;2.43;pa031​;20250619_105200;1;FO1;0,0925;1,5282;0,1028;0,1584;-0,0232;0,0009;0,9871;;False
2047,15;2.45;pa031​;20250619_105200;1;FO1;0,0939;1,5248;0,1099;0,1642;-0,0227;0,0006;0,9862;;False
2047,17;2.47;pa031​;20250619_105200;1;FO1;0,0962;1,5183;0,1244;0,1758;-0,0217;0,0004;0,9842;;False
2047,19;2.49;pa031​;20250619_105200;1;FO1;0,0969;1,5156;0,1320;0,1811;-0,0217;0,0005;0,9832;;False
2047,20;2.5;pa031​;20250619_105200;1;FO1;0,0976;1,5134;0,1402;0,1875;-0,0213;-0,0008;0,9820;;False
2047,22;2.52;pa031​;20250619_105200;1;FO1;0,0986;1,5091;0,1572;0,1977;-0,0201;-0,0037;0,9800;;False
2047,24;2.54;pa031​;20250619_105200;1;FO1;0,0986;1,5074;0,1662;0,2012;-0,0194;-0,0043;0,9794;;False
2047,25;2.55;pa031​;20250619_105200;1;FO1;0,0984;1,5057;0,1754;0,2040;-0,0196;-0,0035;0,9788;;False
2047,27;2.57;pa031​;20250619_105200;1;FO1;0,0978;1,5044;0,1849;0,2064;-0,0203;-0,0017;0,9782;;False
2047,29;2.58;pa031​;20250619_105200;1;FO1;0,0973;1,5028;0,1945;0,2076;-0,0218;-0,0004;0,9780;Collision avec Debut - Objet Parent SceneAnchor;False
2047,30;2.6;pa031​;20250619_105200;1;FO1;0,0966;1,5011;0,2042;0,2082;-0,0238;0,0013;0,9778;Collision avec Debut - Objet Parent SceneAnchor;False
2047,32;2.62;pa031​;20250619_105200;1;FO1;0,0951;1,4975;0,2240;0,2098;-0,0270;0,0034;0,9774;Collision avec Debut - Objet Parent SceneAnchor;False
2047,33;2.63;pa031​;20250619_105200;1;FO1;0,0942;1,4953;0,2344;0,2102;-0,0290;0,0038;0,9772;Collision avec Debut - Objet Parent SceneAnchor;False
2047,35;2.65;pa031​;20250619_105200;1;FO1;0,0934;1,4928;0,2448;0,2107;-0,0307;0,0040;0,9771;Collision avec Debut - Objet Parent SceneAnchor;False
2047,36;2.66;pa031​;20250619_105200;1;FO1;0,0927;1,4902;0,2555;0,2117;-0,0325;0,0040;0,9768;Collision avec Debut - Objet Parent SceneAnchor;False
2047,38;2.68;pa031​;20250619_105200;1;FO1;0,0919;1,4878;0,2665;0,2127;-0,0343;0,0041;0,9765;Collision avec Debut - Objet Parent SceneAnchor;False
2047,39;2.69;pa031​;20250619_105200;1;FO1;0,0910;1,4855;0,2778;0,2136;-0,0359;0,0042;0,9763;Collision avec Debut - Objet Parent SceneAnchor;False
2047,40;2.7;pa031​;20250619_105200;1;FO1;0,0902;1,4831;0,2893;0,2145;-0,0370;0,0038;0,9760;Collision avec Debut - Objet Parent SceneAnchor;False
2047,42;2.72;pa031​;20250619_105200;1;FO1;0,0892;1,4809;0,3012;0,2160;-0,0377;0,0036;0,9756;Collision avec Debut - Objet Parent SceneAnchor;False
2047,43;2.73;pa031​;20250619_105200;1;FO1;0,0882;1,4789;0,3134;0,2160;-0,0383;0,0035;0,9756;;False
2047,44;2.74;pa031​;20250619_105200;1;FO1;0,0869;1,4773;0,3262;0,2152;-0,0386;0,0037;0,9758;;False
2047,46;2.76;pa031​;20250619_105200;1;FO1;0,0854;1,4757;0,3391;0,2130;-0,0386;0,0042;0,9763;;False
2047,47;2.77;pa031​;20250619_105200;1;FO1;0,0840;1,4740;0,3521;0,2110;-0,0387;0,0048;0,9767;;False
2047,49;2.79;pa031​;20250619_105200;1;FO1;0,0823;1,4728;0,3657;0,2103;-0,0385;0,0059;0,9769;;False
2047,50;2.8;pa031​;20250619_105200;1;FO1;0,0804;1,4716;0,3801;0,2091;-0,0390;0,0075;0,9771;;False
2047,52;2.82;pa031​;20250619_105200;1;FO1;0,0784;1,4706;0,3948;0,2078;-0,0394;0,0090;0,9773;;False
2047,53;2.83;pa031​;20250619_105200;1;FO1;0,0763;1,4701;0,4100;0,2076;-0,0391;0,0095;0,9774;;False
2047,54;2.84;pa031​;20250619_105200;1;FO1;0,0743;1,4698;0,4254;0,2070;-0,0382;0,0092;0,9776;;False
2047,56;2.86;pa031​;20250619_105200;1;FO1;0,0722;1,4701;0,4411;0,2078;-0,0367;0,0087;0,9774;;False
2047,57;2.87;pa031​;20250619_105200;1;FO1;0,0700;1,4707;0,4570;0,2079;-0,0346;0,0079;0,9775;;False
2047,58;2.88;pa031​;20250619_105200;1;FO1;0,0676;1,4719;0,4731;0,2073;-0,0322;0,0065;0,9777;;False
2047,60;2.9;pa031​;20250619_105200;1;FO1;0,0651;1,4736;0,4892;0,2071;-0,0288;0,0043;0,9779;;False
2047,61;2.91;pa031​;20250619_105200;1;FO1;0,0624;1,4768;0,5067;0,2089;-0,0241;0,0017;0,9776;;False
2047,63;2.92;pa031​;20250619_105200;1;FO1;0,0593;1,4778;0,5230;0,1996;-0,0197;0,0023;0,9797;;False
2047,64;2.94;pa031​;20250619_105200;1;FO1;0,0565;1,4790;0,5370;0,1978;-0,0202;0,0069;0,9800;;False
2047,65;2.95;pa031​;20250619_105200;1;FO1;0,0532;1,4798;0,5508;0,1992;-0,0208;0,0087;0,9797;;False
2047,67;2.97;pa031​;20250619_105200;1;FO1;0,0506;1,4803;0,5638;0,1986;-0,0234;0,0095;0,9798;;False
2047,68;2.98;pa031​;20250619_105200;1;FO1;0,0485;1,4823;0,5773;0,2021;-0,0273;0,0122;0,9789;;False
2047,70;2.99;pa031​;20250619_105200;1;FO1;0,0465;1,4853;0,5925;0,2037;-0,0293;0,0132;0,9785;;False
2047,71;3.01;pa031​;20250619_105200;1;FO1;0,0447;1,4885;0,6077;0,2012;-0,0302;0,0116;0,9790;;False
2047,72;3.02;pa031​;20250619_105200;1;FO1;0,0429;1,4911;0,6224;0,1988;-0,0316;0,0113;0,9795;;False
2047,74;3.04;pa031​;20250619_105200;1;FO1;0,0413;1,4937;0,6374;0,1980;-0,0339;0,0106;0,9796;;False
2047,75;3.05;pa031​;20250619_105200;1;FO1;0,0398;1,4959;0,6526;0,1971;-0,0350;0,0079;0,9797;;False
2047,77;3.07;pa031​;20250619_105200;1;FO1;0,0385;1,4978;0,6678;0,1967;-0,0356;0,0058;0,9798;;False
2047,78;3.08;pa031​;20250619_105200;1;FO1;0,0374;1,4992;0,6830;0,1965;-0,0356;0,0042;0,9798;;False
2047,79;3.09;pa031​;20250619_105200;1;FO1;0,0365;1,5002;0,6982;0,1974;-0,0351;0,0027;0,9797;;False
2047,81;3.11;pa031​;20250619_105200;1;FO1;0,0356;1,5010;0,7137;0,1979;-0,0339;0,0018;0,9796;;False
2047,83;3.13;pa031​;20250619_105200;1;FO1;0,0347;1,5008;0,7294;0,1975;-0,0316;0,0018;0,9798;;False
2047,84;3.14;pa031​;20250619_105200;1;FO1;0,0338;1,5006;0,7452;0,1977;-0,0298;0,0021;0,9798;;False
2047,85;3.15;pa031​;20250619_105200;1;FO1;0,0330;1,5001;0,7612;0,1976;-0,0280;0,0027;0,9799;;False
2047,87;3.17;pa031​;20250619_105200;1;FO1;0,0321;1,4993;0,7775;0,1969;-0,0266;0,0038;0,9801;;False
2047,88;3.18;pa031​;20250619_105200;1;FO1;0,0312;1,4982;0,7941;0,1958;-0,0256;0,0048;0,9803;;False
2047,90;3.2;pa031​;20250619_105200;1;FO1;0,0304;1,4965;0,8107;0,1947;-0,0248;0,0053;0,9805;;False
2047,91;3.21;pa031​;20250619_105200;1;FO1;0,0299;1,4944;0,8276;0,1942;-0,0241;0,0049;0,9807;;False
2047,92;3.22;pa031​;20250619_105200;1;FO1;0,0295;1,4919;0,8447;0,1935;-0,0234;0,0047;0,9808;;False
2047,94;3.23;pa031​;20250619_105200;1;FO1;0,0292;1,4892;0,8623;0,1933;-0,0232;0,0045;0,9809;;False
2047,95;3.25;pa031​;20250619_105200;1;FO1;0,0291;1,4864;0,8803;0,1921;-0,0240;0,0043;0,9811;;False
2047,96;3.26;pa031​;20250619_105200;1;FO1;0,0290;1,4836;0,8987;0,1905;-0,0253;0,0037;0,9814;;False
2047,98;3.28;pa031​;20250619_105200;1;FO1;0,0292;1,4805;0,9174;0,1888;-0,0279;0,0023;0,9816;;False
2047,99;3.29;pa031​;20250619_105200;1;FO1;0,0296;1,4773;0,9366;0,1881;-0,0301;-0,0002;0,9817;;False
2048,00;3.3;pa031​;20250619_105200;1;FO1;0,0304;1,4741;0,9559;0,1882;-0,0316;-0,0031;0,9816;;False
2048,02;3.32;pa031​;20250619_105200;1;FO1;0,0315;1,4708;0,9759;0,1878;-0,0322;-0,0061;0,9817;;False
2048,03;3.33;pa031​;20250619_105200;1;FO1;0,0328;1,4681;0,9964;0,1874;-0,0326;-0,0084;0,9817;;False
2048,04;3.34;pa031​;20250619_105200;1;FO1;0,0341;1,4658;1,0175;0,1876;-0,0329;-0,0098;0,9816;;False
2048,05;3.35;pa031​;20250619_105200;1;FO1;0,0358;1,4633;1,0388;0,1884;-0,0340;-0,0112;0,9814;;False
2048,07;3.37;pa031​;20250619_105200;1;FO1;0,0374;1,4610;1,0601;0,1905;-0,0353;-0,0113;0,9810;;False
2048,08;3.38;pa031​;20250619_105200;1;FO1;0,0393;1,4590;1,0816;0,1928;-0,0365;-0,0114;0,9805;;False
2048,09;3.39;pa031​;20250619_105200;1;FO1;0,0412;1,4580;1,1034;0,1954;-0,0365;-0,0115;0,9800;;False
2048,11;3.41;pa031​;20250619_105200;1;FO1;0,0432;1,4572;1,1251;0,1956;-0,0368;-0,0105;0,9799;;False
2048,12;3.42;pa031​;20250619_105200;1;FO1;0,0452;1,4566;1,1462;0,1941;-0,0375;-0,0086;0,9802;;False
2048,14;3.43;pa031​;20250619_105200;1;FO1;0,0471;1,4563;1,1670;0,1924;-0,0390;-0,0050;0,9805;;False
2048,15;3.45;pa031​;20250619_105200;1;FO1;0,0486;1,4564;1,1877;0,1902;-0,0411;-0,0009;0,9809;;False
2048,16;3.46;pa031​;20250619_105200;1;FO1;0,0496;1,4589;1,2104;0,1933;-0,0443;0,0017;0,9801;;False
2048,18;3.48;pa031​;20250619_105200;1;FO1;0,0505;1,4600;1,2339;0,1852;-0,0466;-0,0001;0,9816;;False
2048,19;3.49;pa031​;20250619_105200;1;FO1;0,0517;1,4559;1,2508;0,1737;-0,0450;-0,0057;0,9838;;False
2048,21;3.5;pa031​;20250619_105200;1;FO1;0,0531;1,4560;1,2695;0,1839;-0,0395;-0,0158;0,9820;;False
2048,22;3.52;pa031​;20250619_105200;1;FO1;0,0537;1,4565;1,2890;0,1911;-0,0326;-0,0195;0,9808;;False
2048,23;3.53;pa031​;20250619_105200;1;FO1;0,0542;1,4586;1,3072;0,1986;-0,0309;-0,0143;0,9795;;False
2048,25;3.55;pa031​;20250619_105200;1;FO1;0,0538;1,4616;1,3257;0,2035;-0,0328;-0,0058;0,9785;;False
2048,26;3.56;pa031​;20250619_105200;1;FO1;0,0529;1,4647;1,3440;0,2000;-0,0348;-0,0030;0,9792;;False
2048,27;3.57;pa031​;20250619_105200;1;FO1;0,0527;1,4696;1,3624;0,2030;-0,0333;-0,0070;0,9786;;False
2048,29;3.59;pa031​;20250619_105200;1;FO1;0,0531;1,4734;1,3812;0,2030;-0,0290;-0,0098;0,9787;;False
2048,30;3.6;pa031​;20250619_105200;1;FO1;0,0534;1,4767;1,3997;0,2010;-0,0253;-0,0069;0,9792;;False
2048,32;3.62;pa031​;20250619_105200;1;FO1;0,0529;1,4799;1,4183;0,2026;-0,0206;-0,0073;0,9790;;False
2048,33;3.63;pa031​;20250619_105200;1;FO1;0,0521;1,4822;1,4371;0,2021;-0,0171;-0,0095;0,9792;;False
2048,35;3.64;pa031​;20250619_105200;1;FO1;0,0511;1,4837;1,4557;0,2024;-0,0158;-0,0083;0,9791;;False
2048,36;3.66;pa031​;20250619_105200;1;FO1;0,0504;1,4848;1,4746;0,2041;-0,0172;-0,0041;0,9788;;False
2048,37;3.67;pa031​;20250619_105200;1;FO1;0,0498;1,4853;1,4934;0,2057;-0,0194;0,0002;0,9784;Collision avec Chemin1 - Objet Parent Plot-Mousse1;False
2048,39;3.69;pa031​;20250619_105200;1;FO1;0,0493;1,4853;1,5130;0,2079;-0,0221;0,0024;0,9779;Collision avec Chemin1 - Objet Parent Plot-Mousse1;False
2048,40;3.7;pa031​;20250619_105200;1;FO1;0,0490;1,4850;1,5327;0,2072;-0,0245;0,0021;0,9780;Collision avec Chemin1 - Objet Parent Plot-Mousse1;False
2048,42;3.72;pa031​;20250619_105200;1;FO1;0,0488;1,4844;1,5525;0,2067;-0,0259;0,0000;0,9781;Collision avec Chemin1 - Objet Parent Plot-Mousse1;False
2048,43;3.73;pa031​;20250619_105200;1;FO1;0,0486;1,4826;1,5720;0,2058;-0,0263;-0,0026;0,9782;Collision avec Chemin1 - Objet Parent Plot-Mousse1;False
2048,45;3.75;pa031​;20250619_105200;1;FO1;0,0485;1,4809;1,5917;0,2064;-0,0265;-0,0040;0,9781;Collision avec Chemin1 - Objet Parent Plot-Mousse1;False
2048,46;3.76;pa031​;20250619_105200;1;FO1;0,0482;1,4789;1,6116;0,2070;-0,0263;-0,0038;0,9780;Collision avec Chemin1 - Objet Parent Plot-Mousse1;False
2048,48;3.78;pa031​;20250619_105200;1;FO1;0,0483;1,4768;1,6317;0,2071;-0,0262;-0,0032;0,9780;Collision avec Chemin1 - Objet Parent Plot-Mousse1;False
2048,49;3.79;pa031​;20250619_105200;1;FO1;0,0482;1,4747;1,6518;0,2073;-0,0247;-0,0033;0,9780;Collision avec Chemin1 - Objet Parent Plot-Mousse1;False
2048,51;3.81;pa031​;20250619_105200;1;FO1;0,0480;1,4727;1,6722;0,2066;-0,0227;-0,0033;0,9782;Collision avec Chemin1 - Objet Parent Plot-Mousse1;False
2048,52;3.82;pa031​;20250619_105200;1;FO1;0,0473;1,4712;1,6926;0,2057;-0,0203;-0,0026;0,9784;Collision avec Chemin1 - Objet Parent Plot-Mousse1;False
2048,54;3.84;pa031​;20250619_105200;1;FO1;0,0454;1,4680;1,7336;0,2044;-0,0162;-0,0009;0,9787;Collision avec Chemin1 - Objet Parent Plot-Mousse1;False
2048,56;3.86;pa031​;20250619_105200;1;FO1;0,0436;1,4671;1,7541;0,2058;-0,0147;0,0016;0,9785;Collision avec Chemin1 - Objet Parent Plot-Mousse1;False
2048,57;3.87;pa031​;20250619_105200;1;FO1;0,0417;1,4667;1,7747;0,2068;-0,0137;0,0035;0,9783;Collision avec Chemin1 - Objet Parent Plot-Mousse1;False
2048,59;3.89;pa031​;20250619_105200;1;FO1;0,0396;1,4672;1,7953;0,2078;-0,0120;0,0046;0,9781;Collision avec Chemin1 - Objet Parent Plot-Mousse1;False
2048,60;3.9;pa031​;20250619_105200;1;FO1;0,0375;1,4681;1,8157;0,2088;-0,0107;0,0054;0,9779;Collision avec Chemin1 - Objet Parent Plot-Mousse1;False
2048,62;3.92;pa031​;20250619_105200;1;FO1;0,0348;1,4697;1,8359;0,2099;-0,0093;0,0056;0,9777;Collision avec Chemin1 - Objet Parent Plot-Mousse1;False
2048,63;3.93;pa031​;20250619_105200;1;FO1;0,0316;1,4721;1,8567;0,2094;-0,0075;0,0048;0,9778;Collision avec Chemin1 - Objet Parent Plot-Mousse1;False
2048,65;3.95;pa031​;20250619_105200;1;FO1;0,0281;1,4753;1,8781;0,2061;-0,0051;0,0040;0,9785;Collision avec Chemin1 - Objet Parent Plot-Mousse1;False
2048,67;3.96;pa031​;20250619_105200;1;FO1;0,0203;1,4818;1,9215;0,1961;0,0002;0,0035;0,9806;Collision avec Chemin1 - Objet Parent Plot-Mousse1;False
2048,68;3.98;pa031​;20250619_105200;1;FO1;0,0158;1,4840;1,9436;0,1882;0,0014;0,0033;0,9821;Collision avec Chemin1 - Objet Parent Plot-Mousse1;False
2048,70;4.0;pa031​;20250619_105200;1;FO1;0,0108;1,4852;1,9660;0,1814;0,0033;0,0032;0,9834;Collision avec Chemin1 - Objet Parent Plot-Mousse1;False
2048,71;4.01;pa031​;20250619_105200;1;FO1;0,0064;1,4857;1,9896;0,1757;0,0034;0,0027;0,9844;;False
2048,73;4.03;pa031​;20250619_105200;1;FO1;0,0019;1,4873;2,0155;0,1738;0,0047;0,0028;0,9848;;False
2048,74;4.04;pa031​;20250619_105200;1;FO1;-0,0021;1,4856;2,0408;0,1625;0,0061;0,0039;0,9867;;False
2048,76;4.06;pa031​;20250619_105200;1;FO1;-0,0053;1,4845;2,0655;0,1638;0,0035;0,0111;0,9864;;False
2048,77;4.07;pa031​;20250619_105200;1;FO1;-0,0083;1,4834;2,0893;0,1706;0,0014;0,0158;0,9852;;False
2048,78;4.08;pa031​;20250619_105200;1;FO1;-0,0104;1,4818;2,1116;0,1805;-0,0017;0,0175;0,9834;;False
2048,80;4.1;pa031​;20250619_105200;1;FO1;-0,0115;1,4816;2,1331;0,1944;-0,0061;0,0176;0,9807;;False
2048,81;4.11;pa031​;20250619_105200;1;FO1;-0,0126;1,4836;2,1556;0,2038;-0,0085;0,0138;0,9789;;False
2048,83;4.13;pa031​;20250619_105200;1;FO1;-0,0139;1,4870;2,1795;0,2000;-0,0109;0,0089;0,9797;;False
2048,85;4.14;pa031​;20250619_105200;1;FO1;-0,0157;1,4930;2,2274;0,1927;-0,0192;0,0062;0,9810;;False
2048,86;4.16;pa031​;20250619_105200;1;FO1;-0,0152;1,4937;2,2503;0,1861;-0,0255;0,0043;0,9822;;False
2048,88;4.18;pa031​;20250619_105200;1;FO1;-0,0143;1,4940;2,2738;0,1856;-0,0284;0,0018;0,9822;;False
2048,89;4.19;pa031​;20250619_105200;1;FO1;-0,0131;1,4941;2,2977;0,1869;-0,0287;-0,0007;0,9820;;False
2048,91;4.21;pa031​;20250619_105200;1;FO1;-0,0115;1,4937;2,3212;0,1894;-0,0269;-0,0030;0,9815;;False
2048,93;4.23;pa031​;20250619_105200;1;FO1;-0,0084;1,4928;2,3686;0,1914;-0,0233;-0,0083;0,9812;Collision avec Chemin2 - Objet Parent Plot-Mousse2;False
2048,95;4.24;pa031​;20250619_105200;1;FO1;-0,0067;1,4915;2,3925;0,1926;-0,0197;-0,0115;0,9810;Collision avec Chemin2 - Objet Parent Plot-Mousse2;False
2048,96;4.26;pa031​;20250619_105200;1;FO1;-0,0051;1,4902;2,4160;0,1937;-0,0157;-0,0141;0,9808;Collision avec Chemin2 - Objet Parent Plot-Mousse2;False
2048,98;4.27;pa031​;20250619_105200;1;FO1;-0,0036;1,4885;2,4392;0,1947;-0,0117;-0,0160;0,9807;Collision avec Chemin2 - Objet Parent Plot-Mousse2;False
2048,99;4.29;pa031​;20250619_105200;1;FO1;-0,0024;1,4869;2,4624;0,1955;-0,0081;-0,0168;0,9805;Collision avec Chemin2 - Objet Parent Plot-Mousse2;False
2049,00;4.3;pa031​;20250619_105200;1;FO1;-0,0008;1,4856;2,4861;0,1945;-0,0058;-0,0163;0,9807;Collision avec Chemin2 - Objet Parent Plot-Mousse2;False
2049,02;4.32;pa031​;20250619_105200;1;FO1;0,0005;1,4845;2,5100;0,1910;-0,0050;-0,0153;0,9815;Collision avec Chemin2 - Objet Parent Plot-Mousse2;False
2049,03;4.33;pa031​;20250619_105200;1;FO1;0,0014;1,4828;2,5337;0,1874;-0,0060;-0,0154;0,9821;Collision avec Chemin2 - Objet Parent Plot-Mousse2;False
2049,05;4.35;pa031​;20250619_105200;1;FO1;0,0021;1,4806;2,5567;0,1839;-0,0079;-0,0175;0,9828;Collision avec Chemin2 - Objet Parent Plot-Mousse2;False
2049,06;4.36;pa031​;20250619_105200;1;FO1;0,0029;1,4783;2,5796;0,1822;-0,0095;-0,0204;0,9830;Collision avec Chemin2 - Objet Parent Plot-Mousse2;False
2049,08;4.38;pa031​;20250619_105200;1;FO1;0,0036;1,4755;2,6022;0,1806;-0,0118;-0,0227;0,9832;Collision avec Chemin2 - Objet Parent Plot-Mousse2;False
2049,10;4.39;pa031​;20250619_105200;1;FO1;0,0042;1,4728;2,6248;0,1791;-0,0138;-0,0244;0,9834;Collision avec Chemin2 - Objet Parent Plot-Mousse2;False
2049,11;4.41;pa031​;20250619_105200;1;FO1;0,0057;1,4688;2,6715;0,1768;-0,0178;-0,0272;0,9837;Collision avec Chemin2 - Objet Parent Plot-Mousse2;False
2049,12;4.42;pa031​;20250619_105200;1;FO1;0,0066;1,4680;2,6963;0,1753;-0,0198;-0,0287;0,9839;Collision avec Chemin2 - Objet Parent Plot-Mousse2;False
2049,14;4.44;pa031​;20250619_105200;1;FO1;0,0075;1,4675;2,7218;0,1724;-0,0222;-0,0281;0,9844;Collision avec Chemin2 - Objet Parent Plot-Mousse2;False
2049,15;4.45;pa031​;20250619_105200;1;FO1;0,0084;1,4668;2,7471;0,1710;-0,0246;-0,0265;0,9846;Collision avec Chemin2 - Objet Parent Plot-Mousse2;False
2049,17;4.47;pa031​;20250619_105200;1;FO1;0,0094;1,4655;2,7721;0,1687;-0,0274;-0,0259;0,9849;Collision avec Chemin2 - Objet Parent Plot-Mousse2;False
2049,18;4.48;pa031​;20250619_105200;1;FO1;0,0107;1,4648;2,7977;0,1672;-0,0319;-0,0247;0,9851;Collision avec Chemin2 - Objet Parent Plot-Mousse2;False
2049,20;4.49;pa031​;20250619_105200;1;FO1;0,0115;1,4636;2,8231;0,1634;-0,0362;-0,0234;0,9856;Collision avec Chemin2 - Objet Parent Plot-Mousse2;False
2049,21;4.51;pa031​;20250619_105200;1;FO1;0,0121;1,4641;2,8484;0,1629;-0,0398;-0,0240;0,9856;Collision avec Chemin2 - Objet Parent Plot-Mousse2;False
2049,23;4.53;pa031​;20250619_105200;1;FO1;0,0128;1,4695;2,8788;0,1698;-0,0438;-0,0253;0,9842;;False
2049,24;4.54;pa031​;20250619_105200;1;FO1;0,0126;1,4644;2,9011;0,1425;-0,0436;-0,0275;0,9885;;False
2049,26;4.55;pa031​;20250619_105200;1;FO1;0,0131;1,4640;2,9242;0,1492;-0,0405;-0,0336;0,9874;;False
2049,27;4.57;pa031​;20250619_105200;1;FO1;0,0131;1,4656;2,9488;0,1614;-0,0330;-0,0387;0,9856;;False
2049,29;4.58;pa031​;20250619_105200;1;FO1;0,0131;1,4668;2,9718;0,1677;-0,0280;-0,0335;0,9849;;False
2049,30;4.6;pa031​;20250619_105200;1;FO1;0,0133;1,4709;2,9957;0,1796;-0,0270;-0,0243;0,9831;;False
2049,31;4.61;pa031​;20250619_105200;1;FO1;0,0130;1,4748;3,0193;0,1831;-0,0238;-0,0216;0,9826;;False
2049,33;4.63;pa031​;20250619_105200;1;FO1;0,0135;1,4798;3,0421;0,1859;-0,0217;-0,0224;0,9821;;False
2049,34;4.64;pa031​;20250619_105200;1;FO1;0,0142;1,4851;3,0653;0,1848;-0,0194;-0,0217;0,9824;;False
2049,35;4.65;pa031​;20250619_105200;1;FO1;0,0152;1,4905;3,0889;0,1828;-0,0167;-0,0232;0,9827;;False
2049,37;4.67;pa031​;20250619_105200;1;FO1;0,0159;1,4952;3,1129;0,1785;-0,0130;-0,0266;0,9835;;False
2049,39;4.69;pa031​;20250619_105200;1;FO1;0,0172;1,5031;3,1604;0,1738;-0,0085;-0,0285;0,9843;;False
2049,40;4.7;pa031​;20250619_105200;1;FO1;0,0174;1,5049;3,1838;0,1708;-0,0071;-0,0277;0,9849;;False
2049,42;4.72;pa031​;20250619_105200;1;FO1;0,0176;1,5054;3,2064;0,1691;-0,0064;-0,0257;0,9852;;False
2049,43;4.73;pa031​;20250619_105200;1;FO1;0,0184;1,5050;3,2295;0,1709;-0,0071;-0,0221;0,9850;;False
2049,45;4.75;pa031​;20250619_105200;1;FO1;0,0192;1,5040;3,2527;0,1716;-0,0075;-0,0192;0,9850;;False
2049,46;4.76;pa031​;20250619_105200;1;FO1;0,0200;1,5024;3,2760;0,1710;-0,0072;-0,0181;0,9851;;False
2049,48;4.78;pa031​;20250619_105200;1;FO1;0,0208;1,5007;3,2997;0,1705;-0,0065;-0,0182;0,9852;;False
2049,49;4.79;pa031​;20250619_105200;1;FO1;0,0216;1,4984;3,3237;0,1694;-0,0054;-0,0167;0,9854;;False
2049,50;4.8;pa031​;20250619_105200;1;FO1;0,0221;1,4955;3,3475;0,1688;-0,0045;-0,0139;0,9855;;False
2049,52;4.82;pa031​;20250619_105200;1;FO1;0,0222;1,4922;3,3714;0,1699;-0,0041;-0,0109;0,9854;;False
2049,53;4.83;pa031​;20250619_105200;1;FO1;0,0220;1,4889;3,3953;0,1703;-0,0036;-0,0084;0,9853;;False
2049,55;4.85;pa031​;20250619_105200;1;FO1;0,0215;1,4864;3,4198;0,1712;-0,0036;-0,0068;0,9852;;False
2049,56;4.86;pa031​;20250619_105200;1;FO1;0,0209;1,4845;3,4452;0,1710;-0,0036;-0,0050;0,9852;;False
2049,58;4.88;pa031​;20250619_105200;1;FO1;0,0199;1,4824;3,4704;0,1679;-0,0029;-0,0046;0,9858;;False
2049,59;4.89;pa031​;20250619_105200;1;FO1;0,0189;1,4809;3,4961;0,1667;-0,0005;-0,0055;0,9860;;False
2049,61;4.9;pa031​;20250619_105200;1;FO1;0,0177;1,4790;3,5220;0,1644;0,0020;-0,0054;0,9864;;False
2049,62;4.92;pa031​;20250619_105200;1;FO1;0,0161;1,4774;3,5480;0,1638;0,0049;-0,0049;0,9865;;False
2049,63;4.93;pa031​;20250619_105200;1;FO1;0,0142;1,4761;3,5743;0,1644;0,0078;-0,0056;0,9863;;False
2049,65;4.95;pa031​;20250619_105200;1;FO1;0,0122;1,4749;3,6002;0,1635;0,0094;-0,0054;0,9865;;False
2049,66;4.96;pa031​;20250619_105200;1;FO1;0,0105;1,4749;3,6253;0,1668;0,0102;-0,0046;0,9859;;False
2049,68;4.98;pa031​;20250619_105200;1;FO1;0,0092;1,4780;3,6529;0,1759;0,0122;-0,0050;0,9843;;False
2049,69;4.99;pa031​;20250619_105200;1;FO1;0,0076;1,4783;3,6787;0,1649;0,0139;-0,0033;0,9862;;False
2049,71;5.0;pa031​;20250619_105200;1;FO1;0,0064;1,4796;3,7033;0,1638;0,0085;0,0046;0,9864;;False
2049,72;5.02;pa031​;20250619_105200;1;FO1;0,0043;1,4830;3,7533;0,1673;-0,0007;0,0093;0,9859;;False
2049,73;5.03;pa031​;20250619_105200;1;FO1;0,0046;1,4865;3,7784;0,1751;-0,0098;0,0077;0,9845;;False
2049,75;5.05;pa031​;20250619_105200;1;FO1;0,0053;1,4901;3,8035;0,1776;-0,0167;0,0041;0,9839;;False
2049,76;5.06;pa031​;20250619_105200;1;FO1;0,0067;1,4949;3,8291;0,1796;-0,0220;-0,0007;0,9835;;False
2049,78;5.08;pa031​;20250619_105200;1;FO1;0,0082;1,4986;3,8539;0,1768;-0,0229;-0,0072;0,9840;;False
2049,79;5.09;pa031​;20250619_105200;1;FO1;0,0101;1,5023;3,8785;0,1754;-0,0222;-0,0122;0,9842;;False
2049,81;5.11;pa031​;20250619_105200;1;FO1;0,0117;1,5054;3,9032;0,1737;-0,0208;-0,0148;0,9845;;False
2049,82;5.12;pa031​;20250619_105200;1;FO1;0,0130;1,5077;3,9275;0,1723;-0,0185;-0,0181;0,9847;;False
2049,83;5.13;pa031​;20250619_105200;1;FO1;0,0138;1,5092;3,9517;0,1711;-0,0143;-0,0219;0,9849;;False
2049,85;5.15;pa031​;20250619_105200;1;FO1;0,0143;1,5101;3,9754;0,1701;-0,0093;-0,0233;0,9851;;False
2049,86;5.16;pa031​;20250619_105200;1;FO1;0,0145;1,5103;3,9993;0,1697;-0,0059;-0,0212;0,9852;;False
2049,88;5.17;pa031​;20250619_105200;1;FO1;0,0143;1,5106;4,0233;0,1686;-0,0048;-0,0158;0,9855;;False
2049,89;5.19;pa031​;20250619_105200;1;FO1;0,0142;1,5103;4,0475;0,1664;-0,0059;-0,0112;0,9860;;False
2049,90;5.2;pa031​;20250619_105200;1;FO1;0,0143;1,5091;4,0718;0,1628;-0,0084;-0,0080;0,9866;;False
2049,92;5.22;pa031​;20250619_105200;1;FO1;0,0148;1,5070;4,0962;0,1586;-0,0109;-0,0064;0,9873;;False
2049,93;5.23;pa031​;20250619_105200;1;FO1;0,0154;1,5044;4,1206;0,1543;-0,0127;-0,0065;0,9879;;False
2049,94;5.24;pa031​;20250619_105200;1;FO1;0,0162;1,5014;4,1454;0,1507;-0,0137;-0,0099;0,9884;;False
2049,96;5.26;pa031​;20250619_105200;1;FO1;0,0172;1,4984;4,1704;0,1485;-0,0146;-0,0139;0,9887;;False
2049,97;5.27;pa031​;20250619_105200;1;FO1;0,0183;1,4957;4,1956;0,1475;-0,0156;-0,0158;0,9888;;False
2049,98;5.28;pa031​;20250619_105200;1;FO1;0,0198;1,4927;4,2207;0,1460;-0,0170;-0,0168;0,9890;;False
2050,00;5.3;pa031​;20250619_105200;1;FO1;0,0213;1,4903;4,2462;0,1480;-0,0189;-0,0166;0,9887;;False
2050,01;5.31;pa031​;20250619_105200;1;FO1;0,0229;1,4880;4,2713;0,1509;-0,0216;-0,0158;0,9882;;False
2050,03;5.33;pa031​;20250619_105200;1;FO1;0,0247;1,4857;4,2958;0,1549;-0,0241;-0,0158;0,9875;;False
2050,04;5.34;pa031​;20250619_105200;1;FO1;0,0267;1,4843;4,3210;0,1570;-0,0262;-0,0157;0,9871;;False
2050,06;5.36;pa031​;20250619_105200;1;FO1;0,0291;1,4841;4,3468;0,1546;-0,0287;-0,0134;0,9875;;False
2050,07;5.37;pa031​;20250619_105200;1;FO1;0,0313;1,4840;4,3720;0,1507;-0,0314;-0,0120;0,9880;;False
2050,09;5.39;pa031​;20250619_105200;1;FO1;0,0334;1,4822;4,3954;0,1458;-0,0340;-0,0133;0,9886;;False
2050,10;5.4;pa031​;20250619_105200;1;FO1;0,0350;1,4827;4,4198;0,1470;-0,0383;-0,0122;0,9883;;False
2050,12;5.42;pa031​;20250619_105200;1;FO1;0,0356;1,4890;4,4500;0,1449;-0,0437;-0,0106;0,9884;;False
2050,13;5.43;pa031​;20250619_105200;1;FO1;0,0363;1,4860;4,4747;0,1193;-0,0465;-0,0120;0,9917;;False
2050,15;5.44;pa031​;20250619_105200;1;FO1;0,0379;1,4861;4,4988;0,1219;-0,0465;-0,0201;0,9912;;False
2050,16;5.46;pa031​;20250619_105200;1;FO1;0,0385;1,4864;4,5234;0,1312;-0,0434;-0,0247;0,9901;;False
2050,17;5.47;pa031​;20250619_105200;1;FO1;0,0394;1,4885;4,5478;0,1469;-0,0419;-0,0230;0,9880;;False
2050,19;5.49;pa031​;20250619_105200;1;FO1;0,0401;1,4912;4,5717;0,1572;-0,0421;-0,0165;0,9865;;False
2050,20;5.5;pa031​;20250619_105200;1;FO1;0,0403;1,4959;4,5960;0,1648;-0,0399;-0,0172;0,9854;;False
2050,22;5.51;pa031​;20250619_105200;1;FO1;0,0411;1,5005;4,6194;0,1677;-0,0384;-0,0188;0,9849;;False
2050,23;5.53;pa031​;20250619_105200;1;FO1;0,0422;1,5051;4,6426;0,1677;-0,0373;-0,0188;0,9850;;False
2050,24;5.54;pa031​;20250619_105200;1;FO1;0,0437;1,5102;4,6663;0,1675;-0,0352;-0,0209;0,9850;;False
2050,26;5.56;pa031​;20250619_105200;1;FO1;0,0452;1,5146;4,6894;0,1658;-0,0321;-0,0237;0,9853;;False
2050,27;5.57;pa031​;20250619_105200;1;FO1;0,0466;1,5182;4,7122;0,1652;-0,0289;-0,0258;0,9855;;False
2050,29;5.59;pa031​;20250619_105200;1;FO1;0,0493;1,5246;4,7579;0,1649;-0,0225;-0,0292;0,9856;;False
2050,31;5.61;pa031​;20250619_105200;1;FO1;0,0505;1,5263;4,7809;0,1641;-0,0197;-0,0302;0,9858;Collision avec Chemin3 - Objet Parent Plot-Mousse3;False
2050,32;5.62;pa031​;20250619_105200;1;FO1;0,0520;1,5274;4,8040;0,1625;-0,0180;-0,0296;0,9861;Collision avec Chemin3 - Objet Parent Plot-Mousse3;False
2050,33;5.63;pa031​;20250619_105200;1;FO1;0,0534;1,5276;4,8270;0,1590;-0,0157;-0,0287;0,9867;Collision avec Chemin3 - Objet Parent Plot-Mousse3;False
2050,35;5.65;pa031​;20250619_105200;1;FO1;0,0551;1,5274;4,8500;0,1559;-0,0137;-0,0276;0,9873;Collision avec Chemin3 - Objet Parent Plot-Mousse3;False
2050,36;5.66;pa031​;20250619_105200;1;FO1;0,0565;1,5256;4,8724;0,1514;-0,0108;-0,0269;0,9880;Collision avec Chemin3 - Objet Parent Plot-Mousse3;False
2050,38;5.67;pa031​;20250619_105200;1;FO1;0,0579;1,5228;4,8943;0,1503;-0,0077;-0,0273;0,9882;Collision avec Chemin3 - Objet Parent Plot-Mousse3;False
2050,39;5.69;pa031​;20250619_105200;1;FO1;0,0591;1,5196;4,9159;0,1510;-0,0051;-0,0266;0,9882;Collision avec Chemin3 - Objet Parent Plot-Mousse3;False
2050,40;5.7;pa031​;20250619_105200;1;FO1;0,0602;1,5160;4,9372;0,1530;-0,0035;-0,0249;0,9879;Collision avec Chemin3 - Objet Parent Plot-Mousse3;False
2050,42;5.72;pa031​;20250619_105200;1;FO1;0,0610;1,5134;4,9592;0,1554;-0,0025;-0,0218;0,9876;Collision avec Chemin3 - Objet Parent Plot-Mousse3;False
2050,43;5.73;pa031​;20250619_105200;1;FO1;0,0623;1,5115;4,9823;0,1543;-0,0028;-0,0182;0,9879;Collision avec Chemin3 - Objet Parent Plot-Mousse3;False
2050,44;5.74;pa031​;20250619_105200;1;FO1;0,0637;1,5097;5,0055;0,1501;-0,0033;-0,0153;0,9885;Collision avec Chemin3 - Objet Parent Plot-Mousse3;False
2050,46;5.76;pa031​;20250619_105200;1;FO1;0,0655;1,5077;5,0288;0,1472;-0,0030;-0,0155;0,9890;Collision avec Chemin3 - Objet Parent Plot-Mousse3;False
2050,47;5.77;pa031​;20250619_105200;1;FO1;0,0671;1,5059;5,0521;0,1467;0,0004;-0,0198;0,9890;Collision avec Chemin3 - Objet Parent Plot-Mousse3;False
2050,49;5.79;pa031​;20250619_105200;1;FO1;0,0685;1,5044;5,0758;0,1474;0,0060;-0,0252;0,9887;Collision avec Chemin3 - Objet Parent Plot-Mousse3;False
2050,50;5.8;pa031​;20250619_105200;1;FO1;0,0694;1,5032;5,1000;0,1470;0,0120;-0,0286;0,9886;Collision avec Chemin3 - Objet Parent Plot-Mousse3;False
2050,52;5.81;pa031​;20250619_105200;1;FO1;0,0700;1,5028;5,1254;0,1450;0,0151;-0,0286;0,9889;Collision avec Chemin3 - Objet Parent Plot-Mousse3;False
2050,53;5.83;pa031​;20250619_105200;1;FO1;0,0702;1,5024;5,1513;0,1392;0,0169;-0,0282;0,9897;Collision avec Chemin3 - Objet Parent Plot-Mousse3;False
2050,54;5.84;pa031​;20250619_105200;1;FO1;0,0706;1,5011;5,1768;0,1295;0,0189;-0,0303;0,9909;Collision avec Chemin3 - Objet Parent Plot-Mousse3;False
2050,56;5.86;pa031​;20250619_105200;1;FO1;0,0720;1,5006;5,2023;0,1263;0,0221;-0,0332;0,9912;Collision avec Chemin3 - Objet Parent Plot-Mousse3;False
2050,57;5.87;pa031​;20250619_105200;1;FO1;0,0736;1,5063;5,2346;0,1363;0,0298;-0,0362;0,9896;Collision avec Chemin3 - Objet Parent Plot-Mousse3;False
2050,59;5.88;pa031​;20250619_105200;1;FO1;0,0741;1,4998;5,2607;0,1065;0,0400;-0,0350;0,9929;;False
2050,60;5.9;pa031​;20250619_105200;1;FO1;0,0746;1,4959;5,2850;0,1064;0,0416;-0,0276;0,9931;;False
2050,61;5.91;pa031​;20250619_105200;1;FO1;0,0747;1,4928;5,3121;0,1143;0,0390;-0,0208;0,9925;;False
2050,63;5.93;pa031​;20250619_105200;1;FO1;0,0752;1,4909;5,3380;0,1281;0,0319;-0,0153;0,9911;;False
2050,64;5.94;pa031​;20250619_105200;1;FO1;0,0765;1,4904;5,3634;0,1482;0,0213;-0,0138;0,9886;;False
2050,66;5.96;pa031​;20250619_105200;1;FO1;0,0779;1,4905;5,3881;0,1592;0,0143;-0,0167;0,9870;;False
2050,67;5.97;pa031​;20250619_105200;1;FO1;0,0800;1,4921;5,4116;0,1655;0,0097;-0,0222;0,9859;;False
2050,68;5.98;pa031​;20250619_105200;1;FO1;0,0824;1,4955;5,4361;0,1717;0,0097;-0,0297;0,9847;;False
2050,70;6.0;pa031​;20250619_105200;1;FO1;0,0847;1,4985;5,4604;0,1714;0,0136;-0,0356;0,9845;;False
2050,71;6.01;pa031​;20250619_105200;1;FO1;0,0870;1,5018;5,4840;0,1698;0,0160;-0,0372;0,9846;;False
2050,73;6.03;pa031​;20250619_105200;1;FO1;0,0885;1,5046;5,5078;0,1666;0,0159;-0,0364;0,9852;;False
2050,74;6.04;pa031​;20250619_105200;1;FO1;0,0898;1,5071;5,5314;0,1638;0,0147;-0,0376;0,9857;;False
2050,76;6.05;pa031​;20250619_105200;1;FO1;0,0914;1,5089;5,5546;0,1616;0,0124;-0,0394;0,9860;;False
2050,77;6.07;pa031​;20250619_105200;1;FO1;0,0931;1,5103;5,5777;0,1596;0,0117;-0,0406;0,9863;;False
2050,78;6.08;pa031​;20250619_105200;1;FO1;0,0951;1,5116;5,6010;0,1589;0,0119;-0,0416;0,9864;;False
2050,79;6.09;pa031​;20250619_105200;1;FO1;0,0970;1,5124;5,6239;0,1570;0,0128;-0,0417;0,9866;;False
2050,81;6.11;pa031​;20250619_105200;1;FO1;0,0987;1,5127;5,6464;0,1556;0,0144;-0,0419;0,9868;;False
2050,82;6.12;pa031​;20250619_105200;1;FO1;0,1002;1,5119;5,6680;0,1556;0,0165;-0,0424;0,9868;;False
2050,83;6.13;pa031​;20250619_105200;1;FO1;0,1013;1,5109;5,6885;0,1588;0,0177;-0,0425;0,9862;;False
2050,85;6.14;pa031​;20250619_105200;1;FO1;0,1019;1,5098;5,7083;0,1642;0,0157;-0,0399;0,9855;;False
2050,86;6.16;pa031​;20250619_105200;1;FO1;0,1025;1,5103;5,7293;0,1713;0,0097;-0,0351;0,9845;;False
2050,87;6.17;pa031​;20250619_105200;1;FO1;0,1030;1,5112;5,7515;0,1718;0,0020;-0,0318;0,9846;;False
2050,89;6.18;pa031​;20250619_105200;1;FO1;0,1029;1,5105;5,7731;0,1636;-0,0056;-0,0299;0,9861;;False
2050,90;6.2;pa031​;20250619_105200;1;FO1;0,1031;1,5081;5,7937;0,1572;-0,0138;-0,0277;0,9871;;False
2050,91;6.21;pa031​;20250619_105200;1;FO1;0,1030;1,5042;5,8127;0,1505;-0,0227;-0,0242;0,9881;;False
2050,93;6.23;pa031​;20250619_105200;1;FO1;0,1027;1,5022;5,8323;0,1496;-0,0321;-0,0220;0,9880;;False
2050,94;6.24;pa031​;20250619_105200;1;FO1;0,1032;1,5076;5,8592;0,1629;-0,0441;-0,0206;0,9854;;False
2050,96;6.26;pa031​;20250619_105200;1;FO1;0,1032;1,5076;5,8831;0,1433;-0,0510;-0,0240;0,9881;;False
2050,97;6.27;pa031​;20250619_105200;1;FO1;0,1039;1,5059;5,9038;0,1392;-0,0521;-0,0323;0,9884;;False
2050,99;6.28;pa031​;20250619_105200;1;FO1;0,1047;1,5055;5,9259;0,1462;-0,0488;-0,0444;0,9871;;False
2051,00;6.3;pa031​;20250619_105200;1;FO1;0,1039;1,5041;5,9479;0,1529;-0,0380;-0,0557;0,9859;;False
2051,01;6.31;pa031​;20250619_105200;1;FO1;0,1034;1,5049;5,9698;0,1652;-0,0311;-0,0567;0,9841;;False
2051,03;6.33;pa031​;20250619_105200;1;FO1;0,1022;1,5061;5,9920;0,1737;-0,0286;-0,0469;0,9833;;False
2051,04;6.34;pa031​;20250619_105200;1;FO1;0,1003;1,5077;6,0137;0,1765;-0,0293;-0,0344;0,9833;;False
2051,06;6.36;pa031​;20250619_105200;1;FO1;0,0985;1,5104;6,0359;0,1739;-0,0332;-0,0286;0,9838;;False
2051,08;6.37;pa031​;20250619_105200;1;FO1;0,0972;1,5118;6,0577;0,1675;-0,0334;-0,0286;0,9849;;False
2051,09;6.39;pa031​;20250619_105200;1;FO1;0,0963;1,5126;6,0789;0,1656;-0,0320;-0,0262;0,9853;;False
2051,10;6.4;pa031​;20250619_105200;1;FO1;0,0954;1,5127;6,0999;0,1634;-0,0301;-0,0243;0,9858;;False
2051,12;6.42;pa031​;20250619_105200;1;FO1;0,0945;1,5122;6,1208;0,1617;-0,0275;-0,0237;0,9862;;False
2051,13;6.43;pa031​;20250619_105200;1;FO1;0,0934;1,5111;6,1416;0,1584;-0,0256;-0,0222;0,9868;;False
2051,15;6.44;pa031​;20250619_105200;1;FO1;0,0918;1,5099;6,1628;0,1557;-0,0232;-0,0195;0,9873;;False
2051,16;6.46;pa031​;20250619_105200;1;FO1;0,0902;1,5081;6,1838;0,1516;-0,0212;-0,0170;0,9881;;False
2051,17;6.47;pa031​;20250619_105200;1;FO1;0,0884;1,5061;6,2048;0,1486;-0,0196;-0,0136;0,9886;;False
2051,19;6.48;pa031​;20250619_105200;1;FO1;0,0866;1,5043;6,2263;0,1472;-0,0188;-0,0100;0,9889;;False
2051,20;6.5;pa031​;20250619_105200;1;FO1;0,0846;1,5028;6,2486;0,1459;-0,0177;-0,0075;0,9891;;False
2051,21;6.51;pa031​;20250619_105200;1;FO1;0,0825;1,5015;6,2710;0,1449;-0,0165;-0,0063;0,9893;;False
2051,22;6.52;pa031​;20250619_105200;1;FO1;0,0803;1,4995;6,2930;0,1433;-0,0145;-0,0062;0,9896;;False
2051,24;6.54;pa031​;20250619_105200;1;FO1;0,0787;1,4974;6,3144;0,1424;-0,0131;-0,0061;0,9897;;False
2051,25;6.55;pa031​;20250619_105200;1;FO1;0,0771;1,4966;6,3360;0,1437;-0,0118;-0,0055;0,9895;;False
2051,26;6.56;pa031​;20250619_105200;1;FO1;0,0762;1,4970;6,3574;0,1438;-0,0112;-0,0047;0,9895;;False
2051,28;6.58;pa031​;20250619_105200;1;FO1;0,0753;1,5031;6,3828;0,1544;-0,0084;-0,0051;0,9880;;False
2051,29;6.59;pa031​;20250619_105200;1;FO1;0,0741;1,5040;6,4056;0,1390;-0,0013;-0,0067;0,9903;;False
2051,30;6.6;pa031​;20250619_105200;1;FO1;0,0737;1,5049;6,4263;0,1321;0,0000;-0,0006;0,9912;;False
2051,32;6.62;pa031​;20250619_105200;1;FO1;0,0728;1,5064;6,4469;0,1327;-0,0007;0,0042;0,9911;;False
2051,33;6.63;pa031​;20250619_105200;1;FO1;0,0728;1,5094;6,4698;0,1358;-0,0070;0,0116;0,9906;;False
2051,35;6.65;pa031​;20250619_105200;1;FO1;0,0735;1,5124;6,4923;0,1369;-0,0152;0,0162;0,9903;;False
2051,36;6.66;pa031​;20250619_105200;1;FO1;0,0747;1,5158;6,5153;0,1396;-0,0186;0,0130;0,9900;;False
2051,37;6.67;pa031​;20250619_105200;1;FO1;0,0767;1,5184;6,5379;0,1408;-0,0191;0,0056;0,9898;;False
2051,39;6.69;pa031​;20250619_105200;1;FO1;0,0787;1,5204;6,5594;0,1433;-0,0177;-0,0012;0,9895;;False
2051,40;6.7;pa031​;20250619_105200;1;FO1;0,0804;1,5219;6,5810;0,1459;-0,0155;-0,0075;0,9892;;False
2051,41;6.71;pa031​;20250619_105200;1;FO1;0,0815;1,5242;6,6028;0,1473;-0,0123;-0,0135;0,9889;Collision avec Chemin4 - Objet Parent Plot-Mousse4;False
2051,43;6.73;pa031​;20250619_105200;1;FO1;0,0821;1,5264;6,6250;0,1462;-0,0090;-0,0178;0,9890;Collision avec Chemin4 - Objet Parent Plot-Mousse4;False
2051,44;6.74;pa031​;20250619_105200;1;FO1;0,0823;1,5280;6,6471;0,1417;-0,0063;-0,0181;0,9897;Collision avec Chemin4 - Objet Parent Plot-Mousse4;False
2051,46;6.76;pa031​;20250619_105200;1;FO1;0,0823;1,5289;6,6689;0,1384;-0,0042;-0,0164;0,9902;Collision avec Chemin4 - Objet Parent Plot-Mousse4;False
2051,47;6.77;pa031​;20250619_105200;1;FO1;0,0823;1,5290;6,6907;0,1361;-0,0025;-0,0142;0,9906;Collision avec Chemin4 - Objet Parent Plot-Mousse4;False
2051,48;6.78;pa031​;20250619_105200;1;FO1;0,0821;1,5286;6,7123;0,1355;-0,0008;-0,0110;0,9907;Collision avec Chemin4 - Objet Parent Plot-Mousse4;False
2051,50;6.8;pa031​;20250619_105200;1;FO1;0,0818;1,5276;6,7342;0,1347;-0,0001;-0,0077;0,9909;Collision avec Chemin4 - Objet Parent Plot-Mousse4;False
2051,51;6.81;pa031​;20250619_105200;1;FO1;0,0815;1,5259;6,7562;0,1325;-0,0005;-0,0061;0,9912;Collision avec Chemin4 - Objet Parent Plot-Mousse4;False
2051,53;6.83;pa031​;20250619_105200;1;FO1;0,0809;1,5237;6,7782;0,1310;-0,0010;-0,0070;0,9914;Collision avec Chemin4 - Objet Parent Plot-Mousse4;False
2051,54;6.84;pa031​;20250619_105200;1;FO1;0,0805;1,5209;6,8001;0,1302;-0,0018;-0,0087;0,9915;Collision avec Chemin4 - Objet Parent Plot-Mousse4;False
2051,55;6.85;pa031​;20250619_105200;1;FO1;0,0801;1,5180;6,8221;0,1318;-0,0035;-0,0095;0,9912;Collision avec Chemin4 - Objet Parent Plot-Mousse4;False
2051,57;6.87;pa031​;20250619_105200;1;FO1;0,0797;1,5143;6,8439;0,1357;-0,0063;-0,0103;0,9907;Collision avec Chemin4 - Objet Parent Plot-Mousse4;False
2051,58;6.88;pa031​;20250619_105200;1;FO1;0,0793;1,5102;6,8649;0,1422;-0,0111;-0,0097;0,9897;Collision avec Chemin4 - Objet Parent Plot-Mousse4;False
2051,59;6.89;pa031​;20250619_105200;1;FO1;0,0791;1,5059;6,8854;0,1486;-0,0158;-0,0096;0,9887;Collision avec Chemin4 - Objet Parent Plot-Mousse4;False
2051,61;6.91;pa031​;20250619_105200;1;FO1;0,0792;1,5028;6,9061;0,1568;-0,0205;-0,0104;0,9874;Collision avec Chemin4 - Objet Parent Plot-Mousse4;False
2051,62;6.92;pa031​;20250619_105200;1;FO1;0,0793;1,5016;6,9273;0,1598;-0,0245;-0,0108;0,9868;Collision avec Chemin4 - Objet Parent Plot-Mousse4;False
2051,64;6.93;pa031​;20250619_105200;1;FO1;0,0796;1,5019;6,9493;0,1566;-0,0280;-0,0116;0,9872;Collision avec Chemin4 - Objet Parent Plot-Mousse4;False
2051,65;6.95;pa031​;20250619_105200;1;FO1;0,0800;1,5014;6,9718;0,1506;-0,0321;-0,0128;0,9880;Collision avec Chemin4 - Objet Parent Plot-Mousse4;False
2051,66;6.96;pa031​;20250619_105200;1;FO1;0,0804;1,4999;6,9943;0,1433;-0,0391;-0,0109;0,9888;Collision avec Chemin4 - Objet Parent Plot-Mousse4;False
2051,68;6.98;pa031​;20250619_105200;1;FO1;0,0805;1,4976;7,0170;0,1363;-0,0466;-0,0085;0,9895;Collision avec Chemin4 - Objet Parent Plot-Mousse4;False
2051,69;6.99;pa031​;20250619_105200;1;FO1;0,0808;1,4946;7,0402;0,1291;-0,0551;-0,0055;0,9901;Collision avec Chemin4 - Objet Parent Plot-Mousse4;False
2051,71;7.0;pa031​;20250619_105200;1;FO1;0,0809;1,4911;7,0632;0,1246;-0,0632;-0,0033;0,9902;;False
2051,72;7.02;pa031​;20250619_105200;1;FO1;0,0808;1,4946;7,0919;0,1355;-0,0728;-0,0013;0,9881;;False
2051,73;7.03;pa031​;20250619_105200;1;FO1;0,0804;1,4946;7,1195;0,1226;-0,0815;-0,0007;0,9891;;False
2051,75;7.05;pa031​;20250619_105200;1;FO1;0,0810;1,4852;7,1377;0,1105;-0,0858;-0,0055;0,9902;;False
2051,76;7.06;pa031​;20250619_105200;1;FO1;0,0818;1,4824;7,1598;0,1264;-0,0826;-0,0231;0,9883;;False
2051,77;7.07;pa031​;20250619_105200;1;FO1;0,0818;1,4797;7,1824;0,1372;-0,0728;-0,0354;0,9872;;False
2051,79;7.09;pa031​;20250619_105200;1;FO1;0,0821;1,4797;7,2023;0,1595;-0,0647;-0,0279;0,9847;;False
2051,80;7.1;pa031​;20250619_105200;1;FO1;0,0823;1,4804;7,2214;0,1822;-0,0625;-0,0151;0,9812;;False
2051,82;7.12;pa031​;20250619_105200;1;FO1;0,0815;1,4832;7,2403;0,2018;-0,0610;-0,0033;0,9775;;False
2051,83;7.13;pa031​;20250619_105200;1;FO1;0,0819;1,4878;7,2582;0,1982;-0,0604;-0,0022;0,9783;;False
2051,84;7.14;pa031​;20250619_105200;1;FO1;0,0823;1,4966;7,2794;0,2020;-0,0564;-0,0101;0,9777;;False
2051,86;7.16;pa031​;20250619_105200;1;FO1;0,0833;1,4998;7,2981;0,1938;-0,0504;-0,0143;0,9796;;False
2051,87;7.17;pa031​;20250619_105200;1;FO1;0,0847;1,5041;7,3158;0,1942;-0,0455;-0,0131;0,9798;;False
2051,89;7.18;pa031​;20250619_105200;1;FO1;0,0852;1,5075;7,3345;0,1929;-0,0397;-0,0139;0,9803;;False
2051,90;7.2;pa031​;20250619_105200;1;FO1;0,0853;1,5120;7,3541;0,1892;-0,0359;-0,0146;0,9812;;False
2051,91;7.21;pa031​;20250619_105200;1;FO1;0,0851;1,5166;7,3736;0,1818;-0,0325;-0,0135;0,9827;;False
2051,93;7.23;pa031​;20250619_105200;1;FO1;0,0850;1,5207;7,3927;0,1742;-0,0285;-0,0118;0,9842;;False
2051,94;7.24;pa031​;20250619_105200;1;FO1;0,0850;1,5236;7,4116;0,1693;-0,0241;-0,0095;0,9852;;False
2051,95;7.25;pa031​;20250619_105200;1;FO1;0,0848;1,5254;7,4302;0,1664;-0,0189;-0,0078;0,9858;;False
2051,97;7.27;pa031​;20250619_105200;1;FO1;0,0844;1,5267;7,4483;0,1658;-0,0153;-0,0047;0,9860;;False
2051,98;7.28;pa031​;20250619_105200;1;FO1;0,0836;1,5274;7,4661;0,1666;-0,0123;-0,0032;0,9859;;False
2052,00;7.3;pa031​;20250619_105200;1;FO1;0,0825;1,5276;7,4837;0,1681;-0,0101;-0,0023;0,9857;;False
2052,01;7.31;pa031​;20250619_105200;1;FO1;0,0813;1,5273;7,5011;0,1674;-0,0088;-0,0012;0,9858;;False
2052,02;7.32;pa031​;20250619_105200;1;FO1;0,0799;1,5265;7,5182;0,1654;-0,0083;0,0013;0,9862;;False
2052,04;7.34;pa031​;20250619_105200;1;FO1;0,0788;1,5247;7,5349;0,1591;-0,0091;0,0036;0,9872;;False
2052,05;7.35;pa031​;20250619_105200;1;FO1;0,0776;1,5226;7,5513;0,1515;-0,0101;0,0061;0,9884;;False
2052,07;7.37;pa031​;20250619_105200;1;FO1;0,0762;1,5208;7,5673;0,1440;-0,0111;0,0073;0,9895;;False
2052,08;7.38;pa031​;20250619_105200;1;FO1;0,0748;1,5192;7,5840;0,1359;-0,0121;0,0082;0,9906;;False
2052,09;7.39;pa031​;20250619_105200;1;FO1;0,0735;1,5183;7,6016;0,1271;-0,0119;0,0081;0,9918;;False
2052,11;7.41;pa031​;20250619_105200;1;FO1;0,0724;1,5170;7,6200;0,1162;-0,0111;0,0075;0,9931;;False
2052,12;7.42;pa031​;20250619_105200;1;FO1;0,0706;1,5151;7,6379;0,1058;-0,0083;0,0062;0,9943;;False
2052,15;7.45;pa031​;20250619_105200;1;FO1;0,0685;1,5117;7,6562;0,0977;-0,0037;0,0013;0,9952;;False
2052,16;7.46;pa031​;20250619_105200;1;FO1;0,0672;1,5086;7,6738;0,0919;-0,0007;0,0004;0,9958;;False
2052,18;7.47;pa031​;20250619_105200;1;FO1;0,0663;1,5068;7,6920;0,0923;0,0030;-0,0012;0,9957;;False
2052,19;7.49;pa031​;20250619_105200;1;FO1;0,0652;1,5083;7,7129;0,0993;0,0105;-0,0045;0,9950;;False
2052,20;7.5;pa031​;20250619_105200;1;FO1;0,0640;1,5049;7,7318;0,0848;0,0197;-0,0060;0,9962;;False
2052,22;7.51;pa031​;20250619_105200;1;FO1;0,0632;1,5027;7,7494;0,0838;0,0239;-0,0011;0,9962;;False
2052,23;7.53;pa031​;20250619_105200;1;FO1;0,0613;1,5040;7,7697;0,0940;0,0251;0,0055;0,9952;;False
2052,25;7.54;pa031​;20250619_105200;1;FO1;0,0597;1,5033;7,7883;0,0915;0,0225;0,0113;0,9955;;False
2052,26;7.56;pa031​;20250619_105200;1;FO1;0,0587;1,5036;7,8052;0,0973;0,0160;0,0173;0,9950;;False
2052,27;7.57;pa031​;20250619_105200;1;FO1;0,0581;1,5042;7,8219;0,1027;0,0118;0,0165;0,9945;;False
2052,29;7.59;pa031​;20250619_105200;1;FO1;0,0587;1,5061;7,8377;0,1085;0,0106;0,0119;0,9940;;False
2052,30;7.6;pa031​;20250619_105200;1;FO1;0,0601;1,5084;7,8529;0,1116;0,0125;0,0057;0,9937;;False
2052,31;7.61;pa031​;20250619_105200;1;FO1;0,0616;1,5119;7,8685;0,1111;0,0183;0,0007;0,9936;;False
2052,33;7.63;pa031​;20250619_105200;1;FO1;0,0632;1,5161;7,8838;0,1076;0,0249;-0,0033;0,9939;;False
2052,34;7.64;pa031​;20250619_105200;1;FO1;0,0642;1,5202;7,8990;0,1037;0,0312;-0,0066;0,9941;;False
2052,36;7.65;pa031​;20250619_105200;1;FO1;0,0652;1,5235;7,9133;0,1003;0,0356;-0,0084;0,9943;;False
2052,37;7.67;pa031​;20250619_105200;1;FO1;0,0661;1,5265;7,9271;0,0981;0,0397;-0,0080;0,9944;;False
2052,38;7.68;pa031​;20250619_105200;1;FO1;0,0667;1,5294;7,9406;0,0968;0,0447;-0,0074;0,9943;;False
2052,40;7.7;pa031​;20250619_105200;1;FO1;0,0675;1,5320;7,9543;0,0961;0,0500;-0,0065;0,9941;;False
2052,41;7.71;pa031​;20250619_105200;1;FO1;0,0686;1,5341;7,9680;0,0941;0,0554;-0,0060;0,9940;;False
2052,43;7.73;pa031​;20250619_105200;1;FO1;0,0699;1,5356;7,9815;0,0913;0,0613;-0,0057;0,9939;;False
2052,44;7.74;pa031​;20250619_105200;1;FO1;0,0714;1,5361;7,9945;0,0882;0,0667;-0,0046;0,9939;;False
2052,45;7.75;pa031​;20250619_105200;1;FO1;0,0726;1,5362;8,0071;0,0872;0,0719;-0,0029;0,9936;;False
2052,47;7.77;pa031​;20250619_105200;1;FO1;0,0739;1,5358;8,0194;0,0869;0,0767;-0,0016;0,9933;;False
2052,48;7.78;pa031​;20250619_105200;1;FO1;0,0756;1,5356;8,0316;0,0890;0,0809;0,0002;0,9927;;False
2052,50;7.79;pa031​;20250619_105200;1;FO1;0,0777;1,5350;8,0434;0,0899;0,0852;0,0034;0,9923;;False
2052,51;7.81;pa031​;20250619_105200;1;FO1;0,0802;1,5346;8,0549;0,0901;0,0898;0,0053;0,9919;;False
2052,52;7.82;pa031​;20250619_105200;1;FO1;0,0831;1,5344;8,0659;0,0885;0,0954;0,0065;0,9915;;False
2052,54;7.84;pa031​;20250619_105200;1;FO1;0,0866;1,5348;8,0771;0,0855;0,1014;0,0083;0,9911;;False
2052,55;7.85;pa031​;20250619_105200;1;FO1;0,0903;1,5351;8,0893;0,0772;0,1075;0,0098;0,9912;;False
2052,56;7.86;pa031​;20250619_105200;1;FO1;0,0942;1,5353;8,1021;0,0663;0,1132;0,0086;0,9913;;False
2052,58;7.88;pa031​;20250619_105200;1;FO1;0,0980;1,5348;8,1145;0,0559;0,1184;0,0064;0,9914;;False
2052,59;7.89;pa031​;20250619_105200;1;FO1;0,1016;1,5333;8,1260;0,0513;0,1229;0,0060;0,9911;;False
2052,61;7.91;pa031​;20250619_105200;1;FO1;0,1050;1,5318;8,1379;0,0518;0,1270;0,0062;0,9905;;False
2052,62;7.92;pa031​;20250619_105200;1;FO1;0,1083;1,5319;8,1505;0,0564;0,1294;0,0067;0,9900;;False
2052,64;7.93;pa031​;20250619_105200;1;FO1;0,1118;1,5350;8,1649;0,0590;0,1302;0,0082;0,9897;;False
2052,65;7.95;pa031​;20250619_105200;1;FO1;0,1150;1,5357;8,1778;0,0508;0,1319;0,0107;0,9899;;False
2052,66;7.96;pa031​;20250619_105200;1;FO1;0,1188;1,5363;8,1896;0,0504;0,1346;0,0081;0,9896;;False
2052,68;7.98;pa031​;20250619_105200;1;FO1;0,1227;1,5372;8,2009;0,0510;0,1411;0,0052;0,9887;;False
