Timestamp;ElapsedTime;ID_Subject;ID_Session;sessionNumber;ID_Test;HeadPosition_X;HeadPosition_Y;HeadPosition_Z;HeadRotation_X;HeadRotation_Y;HeadRotation_Z;HeadRotation_W;Events;FalseStart
1198,48;0.0;pa030​;20250612_123326;1;TUG2;-0,2787;1,2669;2,7135;-0,0246;0,9910;-0,1306;0,0140;;False
1198,49;0.01;pa030​;20250612_123326;1;TUG2;-0,2798;1,2669;2,7054;-0,0223;0,9909;-0,1316;0,0175;;False
1198,53;0.06;pa030​;20250612_123326;1;TUG2;-0,2820;1,2706;2,6797;-0,0140;0,9913;-0,1284;0,0250;;False
1198,54;0.07;pa030​;20250612_123326;1;TUG2;-0,2826;1,2730;2,6704;-0,0111;0,9917;-0,1246;0,0281;;False
1198,56;0.08;pa030​;20250612_123326;1;TUG2;-0,2829;1,2760;2,6603;-0,0087;0,9924;-0,1189;0,0309;;False
1198,58;0.1;pa030​;20250612_123326;1;TUG2;-0,2830;1,2792;2,6497;-0,0073;0,9930;-0,1130;0,0338;;False
1198,60;0.13;pa030​;20250612_123326;1;TUG2;-0,2824;1,2854;2,6278;-0,0048;0,9938;-0,1038;0,0390;;False
1198,61;0.14;pa030​;20250612_123326;1;TUG2;-0,2817;1,2887;2,6162;-0,0046;0,9941;-0,1000;0,0415;;False
1198,63;0.15;pa030​;20250612_123326;1;TUG2;-0,2810;1,2922;2,6039;-0,0041;0,9944;-0,0960;0,0441;;False
1198,64;0.17;pa030​;20250612_123326;1;TUG2;-0,2800;1,2957;2,5912;-0,0043;0,9947;-0,0915;0,0465;;False
1198,66;0.18;pa030​;20250612_123326;1;TUG2;-0,2786;1,2993;2,5786;-0,0048;0,9949;-0,0883;0,0486;;False
1198,67;0.19;pa030​;20250612_123326;1;TUG2;-0,2771;1,3024;2,5658;-0,0064;0,9951;-0,0849;0,0503;;False
1198,68;0.21;pa030​;20250612_123326;1;TUG2;-0,2751;1,3055;2,5527;-0,0081;0,9953;-0,0820;0,0506;;False
1198,70;0.22;pa030​;20250612_123326;1;TUG2;-0,2729;1,3085;2,5391;-0,0092;0,9957;-0,0769;0,0504;;False
1198,71;0.24;pa030​;20250612_123326;1;TUG2;-0,2708;1,3116;2,5247;-0,0096;0,9963;-0,0692;0,0503;;False
1198,72;0.25;pa030​;20250612_123326;1;TUG2;-0,2684;1,3145;2,5092;-0,0093;0,9972;-0,0551;0,0507;;False
1198,74;0.26;pa030​;20250612_123326;1;TUG2;-0,2659;1,3148;2,4945;-0,0073;0,9981;-0,0316;0,0520;;False
1198,75;0.28;pa030​;20250612_123326;1;TUG2;-0,2634;1,3140;2,4797;-0,0046;0,9982;-0,0221;0,0549;;False
1198,77;0.29;pa030​;20250612_123326;1;TUG2;-0,2610;1,3119;2,4648;-0,0021;0,9981;-0,0205;0,0574;;False
1198,78;0.31;pa030​;20250612_123326;1;TUG2;-0,2593;1,3094;2,4500;0,0014;0,9979;-0,0227;0,0599;;False
1198,80;0.32;pa030​;20250612_123326;1;TUG2;-0,2580;1,3063;2,4352;0,0046;0,9977;-0,0282;0,0609;;False
1198,81;0.33;pa030​;20250612_123326;1;TUG2;-0,2567;1,3038;2,4205;0,0035;0,9975;-0,0363;0,0606;;False
1198,82;0.35;pa030​;20250612_123326;1;TUG2;-0,2551;1,3013;2,4057;-0,0010;0,9974;-0,0411;0,0598;;False
1198,84;0.36;pa030​;20250612_123326;1;TUG2;-0,2531;1,2994;2,3904;-0,0026;0,9973;-0,0424;0,0599;;False
1198,85;0.37;pa030​;20250612_123326;1;TUG2;-0,2510;1,2979;2,3758;-0,0040;0,9972;-0,0436;0,0604;;False
1198,86;0.39;pa030​;20250612_123326;1;TUG2;-0,2489;1,2962;2,3613;-0,0054;0,9971;-0,0456;0,0600;;False
1198,88;0.4;pa030​;20250612_123326;1;TUG2;-0,2471;1,2953;2,3471;-0,0043;0,9970;-0,0482;0,0605;;False
1198,89;0.42;pa030​;20250612_123326;1;TUG2;-0,2449;1,2955;2,3329;-0,0037;0,9969;-0,0501;0,0598;;False
1198,91;0.43;pa030​;20250612_123326;1;TUG2;-0,2426;1,2967;2,3184;-0,0049;0,9969;-0,0507;0,0593;;False
1198,92;0.44;pa030​;20250612_123326;1;TUG2;-0,2403;1,2987;2,3036;-0,0050;0,9969;-0,0500;0,0599;;False
1198,93;0.46;pa030​;20250612_123326;1;TUG2;-0,2378;1,3012;2,2887;-0,0053;0,9968;-0,0494;0,0621;;False
1198,95;0.47;pa030​;20250612_123326;1;TUG2;-0,2356;1,3043;2,2735;-0,0066;0,9965;-0,0526;0,0646;;False
1198,96;0.49;pa030​;20250612_123326;1;TUG2;-0,2337;1,3083;2,2576;-0,0052;0,9962;-0,0550;0,0680;;False
1198,98;0.5;pa030​;20250612_123326;1;TUG2;-0,2318;1,3131;2,2414;-0,0041;0,9959;-0,0562;0,0707;;False
1198,99;0.51;pa030​;20250612_123326;1;TUG2;-0,2301;1,3183;2,2247;-0,0052;0,9958;-0,0559;0,0729;;False
1199,00;0.53;pa030​;20250612_123326;1;TUG2;-0,2284;1,3238;2,2077;-0,0064;0,9957;-0,0552;0,0742;;False
1199,02;0.54;pa030​;20250612_123326;1;TUG2;-0,2269;1,3292;2,1909;-0,0069;0,9956;-0,0549;0,0755;;False
1199,03;0.56;pa030​;20250612_123326;1;TUG2;-0,2254;1,3346;2,1743;-0,0066;0,9955;-0,0554;0,0771;;False
1199,04;0.57;pa030​;20250612_123326;1;TUG2;-0,2239;1,3397;2,1577;-0,0046;0,9952;-0,0565;0,0797;;False
1199,06;0.58;pa030​;20250612_123326;1;TUG2;-0,2223;1,3439;2,1412;-0,0025;0,9949;-0,0560;0,0833;;False
1199,07;0.6;pa030​;20250612_123326;1;TUG2;-0,2209;1,3468;2,1251;-0,0017;0,9949;-0,0504;0,0875;;False
1199,09;0.61;pa030​;20250612_123326;1;TUG2;-0,2199;1,3482;2,1095;-0,0001;0,9948;-0,0448;0,0919;;False
1199,10;0.63;pa030​;20250612_123326;1;TUG2;-0,2193;1,3480;2,0942;0,0010;0,9946;-0,0403;0,0960;;False
1199,11;0.64;pa030​;20250612_123326;1;TUG2;-0,2183;1,3475;2,0778;0,0015;0,9942;-0,0447;0,0973;;False
1199,13;0.65;pa030​;20250612_123326;1;TUG2;-0,2175;1,3477;2,0603;0,0014;0,9938;-0,0513;0,0988;;False
1199,14;0.67;pa030​;20250612_123326;1;TUG2;-0,2168;1,3478;2,0421;-0,0012;0,9942;-0,0415;0,0992;;False
1199,16;0.68;pa030​;20250612_123326;1;TUG2;-0,2153;1,3462;2,0235;-0,0061;0,9949;-0,0317;0,0951;;False
1199,17;0.7;pa030​;20250612_123326;1;TUG2;-0,2143;1,3439;2,0069;-0,0083;0,9954;-0,0337;0,0891;;False
1199,18;0.71;pa030​;20250612_123326;1;TUG2;-0,2135;1,3408;1,9902;-0,0055;0,9953;-0,0399;0,0880;;False
1199,20;0.72;pa030​;20250612_123326;1;TUG2;-0,2124;1,3374;1,9742;0,0010;0,9948;-0,0499;0,0893;;False
1199,21;0.74;pa030​;20250612_123326;1;TUG2;-0,2108;1,3348;1,9581;0,0066;0,9939;-0,0585;0,0936;;False
1199,23;0.75;pa030​;20250612_123326;1;TUG2;-0,2088;1,3343;1,9410;0,0034;0,9935;-0,0622;0,0949;;False
1199,24;0.76;pa030​;20250612_123326;1;TUG2;-0,2073;1,3349;1,9231;0,0014;0,9937;-0,0610;0,0942;;False
1199,25;0.78;pa030​;20250612_123326;1;TUG2;-0,2060;1,3355;1,9043;0,0035;0,9945;-0,0483;0,0933;;False
1199,27;0.79;pa030​;20250612_123326;1;TUG2;-0,2040;1,3356;1,8862;0,0039;0,9950;-0,0388;0,0917;;False
1199,28;0.81;pa030​;20250612_123326;1;TUG2;-0,2021;1,3352;1,8689;0,0013;0,9952;-0,0361;0,0908;;False
1199,30;0.82;pa030​;20250612_123326;1;TUG2;-0,2004;1,3342;1,8514;0,0033;0,9951;-0,0377;0,0914;;False
1199,31;0.83;pa030​;20250612_123326;1;TUG2;-0,1983;1,3335;1,8335;0,0040;0,9950;-0,0406;0,0914;;False
1199,32;0.85;pa030​;20250612_123326;1;TUG2;-0,1962;1,3339;1,8155;0,0032;0,9949;-0,0463;0,0897;;False
1199,34;0.86;pa030​;20250612_123326;1;TUG2;-0,1941;1,3337;1,7977;0,0033;0,9950;-0,0475;0,0878;;False
1199,35;0.87;pa030​;20250612_123326;1;TUG2;-0,1916;1,3343;1,7800;0,0035;0,9949;-0,0531;0,0854;;False
1199,37;0.89;pa030​;20250612_123326;1;TUG2;-0,1884;1,3355;1,7623;0,0034;0,9948;-0,0582;0,0835;;False
1199,38;0.9;pa030​;20250612_123326;1;TUG2;-0,1846;1,3373;1,7442;0,0040;0,9947;-0,0601;0,0831;;False
1199,39;0.92;pa030​;20250612_123326;1;TUG2;-0,1805;1,3393;1,7258;0,0052;0,9945;-0,0607;0,0848;;False
1199,41;0.93;pa030​;20250612_123326;1;TUG2;-0,1764;1,3409;1,7074;0,0070;0,9943;-0,0595;0,0877;;False
1199,42;0.94;pa030​;20250612_123326;1;TUG2;-0,1725;1,3422;1,6889;0,0058;0,9941;-0,0598;0,0900;;False
1199,43;0.96;pa030​;20250612_123326;1;TUG2;-0,1688;1,3429;1,6701;0,0023;0,9941;-0,0587;0,0907;;False
1199,45;0.97;pa030​;20250612_123326;1;TUG2;-0,1651;1,3441;1,6501;-0,0009;0,9945;-0,0534;0,0898;;False
1199,46;0.99;pa030​;20250612_123326;1;TUG2;-0,1618;1,3436;1,6305;0,0016;0,9952;-0,0389;0,0899;;False
1199,47;1.0;pa030​;20250612_123326;1;TUG2;-0,1589;1,3427;1,6111;0,0063;0,9953;-0,0312;0,0914;;False
1199,49;1.01;pa030​;20250612_123326;1;TUG2;-0,1565;1,3413;1,5921;0,0128;0,9951;-0,0335;0,0921;;False
1199,50;1.03;pa030​;20250612_123326;1;TUG2;-0,1549;1,3393;1,5730;0,0159;0,9950;-0,0389;0,0905;;False
1199,52;1.04;pa030​;20250612_123326;1;TUG2;-0,1534;1,3376;1,5536;0,0126;0,9952;-0,0468;0,0848;;False
1199,53;1.06;pa030​;20250612_123326;1;TUG2;-0,1518;1,3364;1,5344;0,0070;0,9956;-0,0538;0,0768;;False
1199,54;1.07;pa030​;20250612_123326;1;TUG2;-0,1499;1,3358;1,5152;0,0065;0,9957;-0,0590;0,0713;;False
1199,56;1.08;pa030​;20250612_123326;1;TUG2;-0,1475;1,3359;1,4963;0,0083;0,9956;-0,0630;0,0693;;False
1199,57;1.1;pa030​;20250612_123326;1;TUG2;-0,1446;1,3368;1,4773;0,0104;0,9953;-0,0649;0,0706;;False
1199,59;1.11;pa030​;20250612_123326;1;TUG2;-0,1418;1,3386;1,4582;0,0126;0,9951;-0,0623;0,0755;;False
1199,60;1.12;pa030​;20250612_123326;1;TUG2;-0,1394;1,3406;1,4390;0,0130;0,9950;-0,0596;0,0797;;False
1199,61;1.14;pa030​;20250612_123326;1;TUG2;-0,1373;1,3426;1,4194;0,0119;0,9948;-0,0573;0,0832;;False
1199,63;1.15;pa030​;20250612_123326;1;TUG2;-0,1355;1,3439;1,3997;0,0105;0,9946;-0,0562;0,0864;;False
1199,64;1.17;pa030​;20250612_123326;1;TUG2;-0,1338;1,3453;1,3800;0,0093;0,9943;-0,0596;0,0884;;False
1199,66;1.18;pa030​;20250612_123326;1;TUG2;-0,1325;1,3462;1,3607;0,0090;0,9939;-0,0646;0,0894;;False
1199,67;1.19;pa030​;20250612_123326;1;TUG2;-0,1310;1,3475;1,3417;0,0093;0,9934;-0,0722;0,0885;;False
1199,68;1.21;pa030​;20250612_123326;1;TUG2;-0,1296;1,3485;1,3232;0,0094;0,9931;-0,0789;0,0866;;False
1199,70;1.22;pa030​;20250612_123326;1;TUG2;-0,1282;1,3497;1,3049;0,0113;0,9929;-0,0818;0,0857;;False
1199,71;1.24;pa030​;20250612_123326;1;TUG2;-0,1267;1,3507;1,2869;0,0138;0,9928;-0,0824;0,0860;;False
1199,73;1.25;pa030​;20250612_123326;1;TUG2;-0,1250;1,3504;1,2693;0,0168;0,9929;-0,0773;0,0884;;False
1199,74;1.26;pa030​;20250612_123326;1;TUG2;-0,1233;1,3493;1,2520;0,0191;0,9930;-0,0734;0,0911;;False
1199,75;1.28;pa030​;20250612_123326;1;TUG2;-0,1216;1,3469;1,2351;0,0196;0,9931;-0,0683;0,0933;;False
1199,77;1.29;pa030​;20250612_123326;1;TUG2;-0,1198;1,3444;1,2178;0,0190;0,9929;-0,0691;0,0949;;False
1199,78;1.31;pa030​;20250612_123326;1;TUG2;-0,1176;1,3428;1,1998;0,0177;0,9925;-0,0741;0,0951;;False
1199,79;1.32;pa030​;20250612_123326;1;TUG2;-0,1148;1,3413;1,1814;0,0143;0,9927;-0,0732;0,0949;;False
1199,81;1.33;pa030​;20250612_123326;1;TUG2;-0,1114;1,3385;1,1637;0,0109;0,9932;-0,0671;0,0943;;False
1199,82;1.35;pa030​;20250612_123326;1;TUG2;-0,1080;1,3355;1,1476;0,0113;0,9929;-0,0699;0,0951;;False
1199,84;1.36;pa030​;20250612_123326;1;TUG2;-0,1042;1,3328;1,1319;0,0156;0,9919;-0,0801;0,0973;;False
1199,85;1.38;pa030​;20250612_123326;1;TUG2;-0,1001;1,3309;1,1159;0,0210;0,9907;-0,0889;0,1007;;False
1199,87;1.39;pa030​;20250612_123326;1;TUG2;-0,0955;1,3306;1,0993;0,0213;0,9902;-0,0928;0,1026;;False
1199,88;1.4;pa030​;20250612_123326;1;TUG2;-0,0906;1,3311;1,0825;0,0211;0,9903;-0,0903;0,1037;;False
1199,89;1.42;pa030​;20250612_123326;1;TUG2;-0,0857;1,3318;1,0655;0,0231;0,9907;-0,0826;0,1058;;False
1199,91;1.43;pa030​;20250612_123326;1;TUG2;-0,0807;1,3322;1,0501;0,0250;0,9906;-0,0803;0,1081;;False
1199,92;1.44;pa030​;20250612_123326;1;TUG2;-0,0756;1,3324;1,0349;0,0267;0,9901;-0,0822;0,1108;;False
1199,93;1.46;pa030​;20250612_123326;1;TUG2;-0,0701;1,3324;1,0198;0,0279;0,9897;-0,0838;0,1129;;False
1199,95;1.47;pa030​;20250612_123326;1;TUG2;-0,0646;1,3324;1,0047;0,0293;0,9894;-0,0836;0,1146;;False
1199,96;1.49;pa030​;20250612_123326;1;TUG2;-0,0588;1,3322;0,9897;0,0315;0,9893;-0,0826;0,1164;;False
1199,98;1.5;pa030​;20250612_123326;1;TUG2;-0,0528;1,3318;0,9751;0,0341;0,9889;-0,0828;0,1185;;False
1199,99;1.51;pa030​;20250612_123326;1;TUG2;-0,0466;1,3309;0,9609;0,0369;0,9885;-0,0833;0,1210;;False
1200,00;1.53;pa030​;20250612_123326;1;TUG2;-0,0402;1,3297;0,9470;0,0393;0,9879;-0,0853;0,1237;;False
1200,02;1.54;pa030​;20250612_123326;1;TUG2;-0,0339;1,3282;0,9331;0,0412;0,9871;-0,0873;0,1276;;False
1200,03;1.55;pa030​;20250612_123326;1;TUG2;-0,0276;1,3264;0,9192;0,0427;0,9863;-0,0893;0,1321;;False
1200,04;1.57;pa030​;20250612_123326;1;TUG2;-0,0213;1,3246;0,9052;0,0433;0,9854;-0,0920;0,1368;;False
1200,06;1.58;pa030​;20250612_123326;1;TUG2;-0,0152;1,3225;0,8913;0,0413;0,9848;-0,0928;0,1406;;False
1200,07;1.6;pa030​;20250612_123326;1;TUG2;-0,0090;1,3204;0,8773;0,0395;0,9847;-0,0921;0,1426;;False
1200,09;1.61;pa030​;20250612_123326;1;TUG2;-0,0030;1,3186;0,8627;0,0372;0,9850;-0,0888;0,1435;;False
1200,10;1.63;pa030​;20250612_123326;1;TUG2;0,0033;1,3173;0,8476;0,0374;0,9855;-0,0821;0,1438;;False
1200,11;1.64;pa030​;20250612_123326;1;TUG2;0,0095;1,3161;0,8328;0,0419;0,9853;-0,0773;0,1463;;False
1200,13;1.65;pa030​;20250612_123326;1;TUG2;0,0149;1,3133;0,8189;0,0481;0,9847;-0,0725;0,1510;;False
1200,14;1.67;pa030​;20250612_123326;1;TUG2;0,0198;1,3105;0,8055;0,0547;0,9834;-0,0766;0,1550;;False
1200,16;1.68;pa030​;20250612_123326;1;TUG2;0,0240;1,3086;0,7923;0,0593;0,9819;-0,0875;0,1572;;False
1200,17;1.69;pa030​;20250612_123326;1;TUG2;0,0275;1,3067;0,7790;0,0617;0,9810;-0,0941;0,1582;;False
1200,18;1.71;pa030​;20250612_123326;1;TUG2;0,0310;1,3058;0,7661;0,0642;0,9801;-0,1009;0,1585;;False
1200,20;1.72;pa030​;20250612_123326;1;TUG2;0,0344;1,3063;0,7538;0,0664;0,9792;-0,1069;0,1593;;False
1200,21;1.74;pa030​;20250612_123326;1;TUG2;0,0380;1,3074;0,7414;0,0675;0,9788;-0,1072;0,1610;;False
1200,23;1.75;pa030​;20250612_123326;1;TUG2;0,0419;1,3094;0,7295;0,0701;0,9787;-0,1047;0,1619;;False
1200,24;1.76;pa030​;20250612_123326;1;TUG2;0,0455;1,3114;0,7177;0,0735;0,9784;-0,1006;0,1651;;False
1200,25;1.78;pa030​;20250612_123326;1;TUG2;0,0491;1,3132;0,7064;0,0766;0,9777;-0,0974;0,1698;;False
1200,27;1.79;pa030​;20250612_123326;1;TUG2;0,0532;1,3147;0,6952;0,0793;0,9768;-0,0957;0,1743;;False
1200,28;1.81;pa030​;20250612_123326;1;TUG2;0,0573;1,3160;0,6842;0,0815;0,9757;-0,0947;0,1798;;False
1200,29;1.82;pa030​;20250612_123326;1;TUG2;0,0612;1,3170;0,6734;0,0828;0,9744;-0,0952;0,1862;;False
1200,31;1.83;pa030​;20250612_123326;1;TUG2;0,0652;1,3180;0,6627;0,0850;0,9728;-0,0964;0,1927;;False
1200,32;1.85;pa030​;20250612_123326;1;TUG2;0,0692;1,3187;0,6521;0,0864;0,9714;-0,0970;0,1987;;False
1200,34;1.86;pa030​;20250612_123326;1;TUG2;0,0734;1,3195;0,6415;0,0877;0,9700;-0,0973;0,2046;;False
1200,35;1.88;pa030​;20250612_123326;1;TUG2;0,0774;1,3200;0,6313;0,0880;0,9686;-0,0977;0,2109;;False
1200,36;1.89;pa030​;20250612_123326;1;TUG2;0,0816;1,3202;0,6213;0,0898;0,9669;-0,0979;0,2178;;False
1200,38;1.9;pa030​;20250612_123326;1;TUG2;0,0861;1,3197;0,6112;0,0913;0,9651;-0,0984;0,2249;;False
1200,39;1.92;pa030​;20250612_123326;1;TUG2;0,0908;1,3190;0,6012;0,0939;0,9629;-0,0993;0,2328;;False
1200,41;1.93;pa030​;20250612_123326;1;TUG2;0,0954;1,3181;0,5911;0,0970;0,9603;-0,1005;0,2414;;False
1200,42;1.94;pa030​;20250612_123326;1;TUG2;0,1004;1,3168;0,5810;0,1006;0,9576;-0,1004;0,2506;;False
1200,43;1.96;pa030​;20250612_123326;1;TUG2;0,1056;1,3154;0,5707;0,1037;0,9544;-0,1014;0,2607;;False
1200,45;1.97;pa030​;20250612_123326;1;TUG2;0,1109;1,3134;0,5606;0,1063;0,9514;-0,1013;0,2708;;False
1200,46;1.99;pa030​;20250612_123326;1;TUG2;0,1165;1,3111;0,5504;0,1091;0,9480;-0,1013;0,2814;;False
1200,48;2.0;pa030​;20250612_123326;1;TUG2;0,1220;1,3085;0,5403;0,1123;0,9443;-0,1013;0,2922;;False
1200,49;2.02;pa030​;20250612_123326;1;TUG2;0,1277;1,3056;0,5304;0,1161;0,9403;-0,1011;0,3034;;False
1200,50;2.03;pa030​;20250612_123326;1;TUG2;0,1335;1,3028;0,5203;0,1200;0,9360;-0,1017;0,3150;;False
1200,52;2.04;pa030​;20250612_123326;1;TUG2;0,1401;1,3008;0,5101;0,1257;0,9306;-0,1039;0,3277;;False
1200,53;2.06;pa030​;20250612_123326;1;TUG2;0,1476;1,2996;0,4998;0,1301;0,9250;-0,1057;0,3410;;False
1200,55;2.07;pa030​;20250612_123326;1;TUG2;0,1549;1,2975;0,4893;0,1294;0,9199;-0,0970;0,3572;;False
1200,56;2.08;pa030​;20250612_123326;1;TUG2;0,1618;1,2954;0,4797;0,1249;0,9159;-0,0934;0,3699;;False
1200,57;2.1;pa030​;20250612_123326;1;TUG2;0,1676;1,2932;0,4712;0,1237;0,9113;-0,0959;0,3809;;False
1200,59;2.11;pa030​;20250612_123326;1;TUG2;0,1735;1,2914;0,4633;0,1263;0,9055;-0,1009;0,3924;;False
1200,60;2.13;pa030​;20250612_123326;1;TUG2;0,1794;1,2901;0,4563;0,1278;0,8994;-0,1044;0,4048;;False
1200,62;2.14;pa030​;20250612_123326;1;TUG2;0,1855;1,2890;0,4494;0,1274;0,8938;-0,1051;0,4170;;False
1200,63;2.15;pa030​;20250612_123326;1;TUG2;0,1910;1,2879;0,4428;0,1276;0,8883;-0,1028;0,4291;;False
1200,64;2.17;pa030​;20250612_123326;1;TUG2;0,1959;1,2867;0,4368;0,1293;0,8833;-0,1021;0,4389;;False
1200,66;2.18;pa030​;20250612_123326;1;TUG2;0,1998;1,2853;0,4315;0,1321;0,8782;-0,1016;0,4483;;False
1200,67;2.2;pa030​;20250612_123326;1;TUG2;0,2034;1,2839;0,4267;0,1343;0,8737;-0,1039;0,4559;;False
1200,68;2.21;pa030​;20250612_123326;1;TUG2;0,2068;1,2830;0,4224;0,1368;0,8690;-0,1067;0,4634;;False
1200,70;2.22;pa030​;20250612_123326;1;TUG2;0,2101;1,2823;0,4188;0,1387;0,8643;-0,1074;0,4713;;False
1200,71;2.24;pa030​;20250612_123326;1;TUG2;0,2132;1,2819;0,4155;0,1403;0,8592;-0,1069;0,4802;;False
1200,73;2.25;pa030​;20250612_123326;1;TUG2;0,2160;1,2814;0,4129;0,1406;0,8542;-0,1059;0,4892;;False
1200,74;2.26;pa030​;20250612_123326;1;TUG2;0,2184;1,2809;0,4108;0,1406;0,8487;-0,1042;0,4992;;False
1200,75;2.28;pa030​;20250612_123326;1;TUG2;0,2203;1,2805;0,4096;0,1414;0,8428;-0,1022;0,5092;;False
1200,77;2.29;pa030​;20250612_123326;1;TUG2;0,2220;1,2799;0,4088;0,1422;0,8365;-0,1004;0,5196;;False
1200,78;2.31;pa030​;20250612_123326;1;TUG2;0,2233;1,2792;0,4084;0,1423;0,8300;-0,0987;0,5302;;False
1200,79;2.32;pa030​;20250612_123326;1;TUG2;0,2244;1,2785;0,4083;0,1426;0,8234;-0,0966;0,5407;;False
1200,81;2.33;pa030​;20250612_123326;1;TUG2;0,2252;1,2778;0,4084;0,1428;0,8167;-0,0942;0,5512;;False
1200,82;2.35;pa030​;20250612_123326;1;TUG2;0,2258;1,2768;0,4089;0,1431;0,8097;-0,0918;0,5617;;False
1200,84;2.36;pa030​;20250612_123326;1;TUG2;0,2260;1,2755;0,4096;0,1427;0,8029;-0,0898;0,5718;;False
1200,85;2.37;pa030​;20250612_123326;1;TUG2;0,2259;1,2740;0,4106;0,1423;0,7964;-0,0887;0,5811;;False
1200,86;2.39;pa030​;20250612_123326;1;TUG2;0,2251;1,2721;0,4119;0,1424;0,7894;-0,0871;0,5907;;False
1200,88;2.4;pa030​;20250612_123326;1;TUG2;0,2240;1,2701;0,4135;0,1432;0,7823;-0,0857;0,6002;;False
1200,89;2.42;pa030​;20250612_123326;1;TUG2;0,2224;1,2679;0,4154;0,1443;0,7753;-0,0848;0,6090;;False
1200,91;2.43;pa030​;20250612_123326;1;TUG2;0,2204;1,2653;0,4174;0,1450;0,7684;-0,0835;0,6178;;False
1200,92;2.44;pa030​;20250612_123326;1;TUG2;0,2185;1,2626;0,4197;0,1464;0,7616;-0,0826;0,6259;;False
1200,93;2.46;pa030​;20250612_123326;1;TUG2;0,2166;1,2596;0,4225;0,1474;0,7551;-0,0814;0,6336;;False
1200,95;2.47;pa030​;20250612_123326;1;TUG2;0,2147;1,2564;0,4256;0,1485;0,7478;-0,0786;0,6424;;False
1200,96;2.49;pa030​;20250612_123326;1;TUG2;0,2127;1,2528;0,4293;0,1499;0,7388;-0,0744;0,6528;;False
1200,98;2.5;pa030​;20250612_123326;1;TUG2;0,2104;1,2486;0,4333;0,1515;0,7276;-0,0709;0,6653;;False
1200,99;2.51;pa030​;20250612_123326;1;TUG2;0,2082;1,2441;0,4372;0,1537;0,7148;-0,0675;0,6789;;False
1201,00;2.53;pa030​;20250612_123326;1;TUG2;0,2058;1,2392;0,4410;0,1558;0,7011;-0,0646;0,6928;;False
1201,02;2.54;pa030​;20250612_123326;1;TUG2;0,2034;1,2339;0,4444;0,1583;0,6875;-0,0636;0,7058;;False
1201,03;2.56;pa030​;20250612_123326;1;TUG2;0,2006;1,2277;0,4475;0,1599;0,6745;-0,0638;0,7179;;False
1201,04;2.57;pa030​;20250612_123326;1;TUG2;0,1979;1,2214;0,4503;0,1628;0,6624;-0,0655;0,7283;;False
1201,06;2.58;pa030​;20250612_123326;1;TUG2;0,1955;1,2152;0,4530;0,1660;0,6510;-0,0687;0,7375;;False
1201,07;2.6;pa030​;20250612_123326;1;TUG2;0,1937;1,2089;0,4559;0,1676;0,6401;-0,0708;0,7465;;False
1201,09;2.61;pa030​;20250612_123326;1;TUG2;0,1921;1,2024;0,4589;0,1680;0,6284;-0,0703;0,7563;;False
1201,10;2.63;pa030​;20250612_123326;1;TUG2;0,1905;1,1955;0,4621;0,1688;0,6153;-0,0677;0,7670;;False
1201,12;2.64;pa030​;20250612_123326;1;TUG2;0,1883;1,1882;0,4651;0,1714;0,6024;-0,0670;0,7767;;False
1201,13;2.65;pa030​;20250612_123326;1;TUG2;0,1862;1,1807;0,4676;0,1750;0,5909;-0,0671;0,7847;;False
1201,14;2.67;pa030​;20250612_123326;1;TUG2;0,1847;1,1731;0,4698;0,1792;0,5805;-0,0672;0,7914;;False
1201,16;2.68;pa030​;20250612_123326;1;TUG2;0,1834;1,1654;0,4716;0,1827;0,5714;-0,0662;0,7973;;False
1201,17;2.69;pa030​;20250612_123326;1;TUG2;0,1820;1,1576;0,4738;0,1860;0,5627;-0,0650;0,8028;;False
1201,18;2.71;pa030​;20250612_123326;1;TUG2;0,1802;1,1497;0,4760;0,1892;0,5534;-0,0645;0,8085;;False
1201,20;2.72;pa030​;20250612_123326;1;TUG2;0,1782;1,1416;0,4780;0,1929;0,5434;-0,0641;0,8145;;False
1201,21;2.74;pa030​;20250612_123326;1;TUG2;0,1760;1,1339;0,4800;0,1978;0,5327;-0,0641;0,8204;;False
1201,23;2.75;pa030​;20250612_123326;1;TUG2;0,1739;1,1263;0,4815;0,2022;0,5212;-0,0638;0,8267;;False
1201,24;2.77;pa030​;20250612_123326;1;TUG2;0,1718;1,1190;0,4830;0,2056;0,5109;-0,0638;0,8322;;False
1201,25;2.78;pa030​;20250612_123326;1;TUG2;0,1698;1,1121;0,4843;0,2083;0,5011;-0,0627;0,8376;;False
1201,27;2.79;pa030​;20250612_123326;1;TUG2;0,1678;1,1053;0,4854;0,2106;0,4915;-0,0617;0,8428;;False
1201,28;2.81;pa030​;20250612_123326;1;TUG2;0,1658;1,0987;0,4867;0,2140;0,4823;-0,0609;0,8473;;False
1201,30;2.82;pa030​;20250612_123326;1;TUG2;0,1637;1,0923;0,4879;0,2170;0,4730;-0,0606;0,8518;;False
1201,31;2.83;pa030​;20250612_123326;1;TUG2;0,1616;1,0862;0,4890;0,2208;0,4637;-0,0603;0,8559;;False
1201,32;2.85;pa030​;20250612_123326;1;TUG2;0,1592;1,0805;0,4897;0,2258;0,4539;-0,0589;0,8599;;False
1201,35;2.88;pa030​;20250612_123326;1;TUG2;0,1546;1,0706;0,4909;0,2342;0,4351;-0,0557;0,8676;;False
1201,36;2.89;pa030​;20250612_123326;1;TUG2;0,1525;1,0662;0,4912;0,2356;0,4261;-0,0531;0,8718;;False
1201,38;2.9;pa030​;20250612_123326;1;TUG2;0,1505;1,0619;0,4912;0,2370;0,4177;-0,0505;0,8757;;False
1201,39;2.92;pa030​;20250612_123326;1;TUG2;0,1486;1,0581;0,4906;0,2405;0,4105;-0,0492;0,8782;;False
1201,41;2.93;pa030​;20250612_123326;1;TUG2;0,1469;1,0548;0,4898;0,2445;0,4046;-0,0493;0,8798;;False
1201,42;2.95;pa030​;20250612_123326;1;TUG2;0,1452;1,0518;0,4890;0,2467;0,4001;-0,0503;0,8812;;False
1201,43;2.96;pa030​;20250612_123326;1;TUG2;0,1432;1,0491;0,4882;0,2490;0,3947;-0,0505;0,8830;;False
1201,45;2.97;pa030​;20250612_123326;1;TUG2;0,1410;1,0469;0,4874;0,2510;0,3884;-0,0513;0,8852;;False
1201,46;2.99;pa030​;20250612_123326;1;TUG2;0,1384;1,0450;0,4864;0,2526;0,3815;-0,0519;0,8877;;False
1201,48;3.0;pa030​;20250612_123326;1;TUG2;0,1358;1,0437;0,4851;0,2541;0,3736;-0,0516;0,8906;;False
1201,49;3.01;pa030​;20250612_123326;1;TUG2;0,1331;1,0426;0,4838;0,2545;0,3660;-0,0508;0,8937;;False
1201,50;3.03;pa030​;20250612_123326;1;TUG2;0,1305;1,0417;0,4824;0,2530;0,3585;-0,0497;0,8972;;False
1201,52;3.04;pa030​;20250612_123326;1;TUG2;0,1280;1,0410;0,4810;0,2506;0,3514;-0,0479;0,9008;;False
1201,53;3.06;pa030​;20250612_123326;1;TUG2;0,1257;1,0403;0,4793;0,2479;0,3447;-0,0465;0,9042;;False
1201,54;3.07;pa030​;20250612_123326;1;TUG2;0,1234;1,0393;0,4774;0,2450;0,3396;-0,0448;0,9070;;False
1201,56;3.08;pa030​;20250612_123326;1;TUG2;0,1213;1,0382;0,4753;0,2420;0,3350;-0,0442;0,9095;;False
1201,57;3.1;pa030​;20250612_123326;1;TUG2;0,1192;1,0368;0,4732;0,2397;0,3313;-0,0432;0,9115;;False
1201,59;3.11;pa030​;20250612_123326;1;TUG2;0,1171;1,0354;0,4711;0,2377;0,3271;-0,0423;0,9136;;False
1201,60;3.12;pa030​;20250612_123326;1;TUG2;0,1149;1,0340;0,4691;0,2363;0,3228;-0,0409;0,9156;;False
1201,62;3.14;pa030​;20250612_123326;1;TUG2;0,1127;1,0324;0,4672;0,2352;0,3183;-0,0385;0,9175;;False
1201,63;3.15;pa030​;20250612_123326;1;TUG2;0,1105;1,0307;0,4652;0,2344;0,3136;-0,0366;0,9194;;False
1201,64;3.17;pa030​;20250612_123326;1;TUG2;0,1085;1,0287;0,4634;0,2348;0,3088;-0,0346;0,9210;;False
1201,65;3.18;pa030​;20250612_123326;1;TUG2;0,1067;1,0267;0,4615;0,2345;0,3042;-0,0325;0,9227;;False
1201,67;3.19;pa030​;20250612_123326;1;TUG2;0,1049;1,0248;0,4597;0,2352;0,3002;-0,0305;0,9239;;False
1201,68;3.21;pa030​;20250612_123326;1;TUG2;0,1032;1,0230;0,4578;0,2357;0,2963;-0,0294;0,9251;;False
1201,70;3.22;pa030​;20250612_123326;1;TUG2;0,1014;1,0211;0,4558;0,2367;0,2931;-0,0283;0,9259;;False
1201,71;3.24;pa030​;20250612_123326;1;TUG2;0,0998;1,0193;0,4537;0,2383;0,2900;-0,0276;0,9265;;False
1201,72;3.25;pa030​;20250612_123326;1;TUG2;0,0983;1,0175;0,4516;0,2403;0,2869;-0,0273;0,9269;;False
1201,74;3.26;pa030​;20250612_123326;1;TUG2;0,0966;1,0161;0,4496;0,2424;0,2839;-0,0265;0,9273;;False
1201,75;3.28;pa030​;20250612_123326;1;TUG2;0,0950;1,0147;0,4475;0,2438;0,2798;-0,0255;0,9282;;False
1201,77;3.29;pa030​;20250612_123326;1;TUG2;0,0934;1,0135;0,4454;0,2449;0,2762;-0,0239;0,9291;;False
1201,78;3.31;pa030​;20250612_123326;1;TUG2;0,0920;1,0123;0,4433;0,2462;0,2724;-0,0214;0,9299;;False
1201,79;3.32;pa030​;20250612_123326;1;TUG2;0,0905;1,0110;0,4410;0,2466;0,2691;-0,0184;0,9308;;False
1201,81;3.33;pa030​;20250612_123326;1;TUG2;0,0891;1,0097;0,4386;0,2466;0,2667;-0,0163;0,9316;;False
1201,82;3.35;pa030​;20250612_123326;1;TUG2;0,0880;1,0084;0,4361;0,2461;0,2650;-0,0149;0,9322;;False
1201,84;3.36;pa030​;20250612_123326;1;TUG2;0,0870;1,0071;0,4336;0,2459;0,2639;-0,0143;0,9326;;False
1201,85;3.37;pa030​;20250612_123326;1;TUG2;0,0857;1,0057;0,4309;0,2459;0,2633;-0,0133;0,9327;;False
1201,86;3.39;pa030​;20250612_123326;1;TUG2;0,0844;1,0043;0,4282;0,2461;0,2631;-0,0126;0,9328;;False
1201,88;3.4;pa030​;20250612_123326;1;TUG2;0,0829;1,0028;0,4256;0,2458;0,2626;-0,0118;0,9330;;False
1201,89;3.42;pa030​;20250612_123326;1;TUG2;0,0812;1,0014;0,4230;0,2453;0,2622;-0,0105;0,9333;;False
1201,91;3.43;pa030​;20250612_123326;1;TUG2;0,0795;0,9999;0,4204;0,2444;0,2613;-0,0089;0,9337;;False
1201,92;3.44;pa030​;20250612_123326;1;TUG2;0,0776;0,9986;0,4180;0,2433;0,2607;-0,0072;0,9342;;False
1201,93;3.46;pa030​;20250612_123326;1;TUG2;0,0754;0,9972;0,4157;0,2422;0,2608;-0,0066;0,9345;;False
1201,95;3.47;pa030​;20250612_123326;1;TUG2;0,0729;0,9956;0,4132;0,2399;0,2594;-0,0047;0,9355;;False
1201,96;3.49;pa030​;20250612_123326;1;TUG2;0,0697;0,9937;0,4104;0,2380;0,2570;-0,0029;0,9367;;False
1201,97;3.5;pa030​;20250612_123326;1;TUG2;0,0661;0,9917;0,4072;0,2372;0,2545;-0,0014;0,9375;;False
1201,99;3.51;pa030​;20250612_123326;1;TUG2;0,0624;0,9900;0,4046;0,2415;0,2519;-0,0002;0,9371;;False
1202,00;3.53;pa030​;20250612_123326;1;TUG2;0,0585;0,9887;0,4023;0,2444;0,2469;0,0036;0,9377;;False
1202,02;3.54;pa030​;20250612_123326;1;TUG2;0,0546;0,9877;0,4005;0,2443;0,2403;0,0077;0,9394;;False
1202,03;3.56;pa030​;20250612_123326;1;TUG2;0,0509;0,9865;0,3982;0,2427;0,2333;0,0112;0,9416;;False
1202,04;3.57;pa030​;20250612_123326;1;TUG2;0,0472;0,9855;0,3953;0,2422;0,2286;0,0128;0,9428;;False
1202,06;3.58;pa030​;20250612_123326;1;TUG2;0,0437;0,9848;0,3922;0,2429;0,2250;0,0130;0,9435;;False
1202,07;3.6;pa030​;20250612_123326;1;TUG2;0,0403;0,9843;0,3892;0,2433;0,2214;0,0147;0,9442;;False
1202,09;3.61;pa030​;20250612_123326;1;TUG2;0,0369;0,9838;0,3861;0,2426;0,2172;0,0162;0,9454;;False
1202,10;3.63;pa030​;20250612_123326;1;TUG2;0,0333;0,9833;0,3829;0,2425;0,2122;0,0176;0,9465;;False
1202,11;3.64;pa030​;20250612_123326;1;TUG2;0,0296;0,9828;0,3792;0,2433;0,2067;0,0190;0,9475;;False
1202,13;3.65;pa030​;20250612_123326;1;TUG2;0,0258;0,9825;0,3755;0,2444;0,2002;0,0213;0,9486;;False
1202,14;3.67;pa030​;20250612_123326;1;TUG2;0,0221;0,9827;0,3715;0,2447;0,1931;0,0227;0,9499;;False
1202,16;3.68;pa030​;20250612_123326;1;TUG2;0,0185;0,9829;0,3671;0,2437;0,1855;0,0242;0,9516;;False
1202,17;3.69;pa030​;20250612_123326;1;TUG2;0,0152;0,9834;0,3623;0,2417;0,1783;0,0242;0,9535;;False
1202,18;3.71;pa030​;20250612_123326;1;TUG2;0,0120;0,9841;0,3570;0,2390;0,1719;0,0240;0,9554;;False
1202,20;3.72;pa030​;20250612_123326;1;TUG2;0,0090;0,9851;0,3514;0,2356;0,1660;0,0248;0,9573;;False
1202,21;3.74;pa030​;20250612_123326;1;TUG2;0,0065;0,9864;0,3454;0,2301;0,1606;0,0248;0,9595;;False
1202,22;3.75;pa030​;20250612_123326;1;TUG2;0,0043;0,9879;0,3391;0,2242;0,1561;0,0254;0,9616;;False
1202,24;3.76;pa030​;20250612_123326;1;TUG2;0,0022;0,9894;0,3323;0,2176;0,1523;0,0255;0,9638;;False
1202,25;3.78;pa030​;20250612_123326;1;TUG2;0,0003;0,9910;0,3249;0,2106;0,1492;0,0260;0,9658;;False
1202,27;3.79;pa030​;20250612_123326;1;TUG2;-0,0012;0,9927;0,3171;0,2034;0,1459;0,0271;0,9678;;False
1202,28;3.8;pa030​;20250612_123326;1;TUG2;-0,0027;0,9945;0,3089;0,1950;0,1427;0,0288;0,9700;;False
1202,29;3.82;pa030​;20250612_123326;1;TUG2;-0,0044;0,9964;0,3004;0,1860;0,1398;0,0302;0,9721;;False
1202,31;3.83;pa030​;20250612_123326;1;TUG2;-0,0059;0,9983;0,2914;0,1774;0,1353;0,0315;0,9743;;False
1202,32;3.85;pa030​;20250612_123326;1;TUG2;-0,0072;1,0003;0,2820;0,1691;0,1313;0,0320;0,9763;;False
1202,34;3.86;pa030​;20250612_123326;1;TUG2;-0,0083;1,0024;0,2722;0,1611;0,1270;0,0323;0,9782;;False
1202,35;3.87;pa030​;20250612_123326;1;TUG2;-0,0092;1,0046;0,2621;0,1535;0,1229;0,0320;0,9799;;False
1202,36;3.89;pa030​;20250612_123326;1;TUG2;-0,0099;1,0070;0,2516;0,1467;0,1192;0,0310;0,9815;;False
1202,38;3.9;pa030​;20250612_123326;1;TUG2;-0,0101;1,0099;0,2411;0,1402;0,1145;0,0301;0,9830;;False
1202,39;3.92;pa030​;20250612_123326;1;TUG2;-0,0104;1,0134;0,2304;0,1339;0,1105;0,0284;0,9844;;False
1202,41;3.93;pa030​;20250612_123326;1;TUG2;-0,0104;1,0175;0,2198;0,1281;0,1065;0,0256;0,9857;;False
1202,42;3.94;pa030​;20250612_123326;1;TUG2;-0,0105;1,0225;0,2093;0,1222;0,1023;0,0226;0,9870;;False
1202,43;3.96;pa030​;20250612_123326;1;TUG2;-0,0106;1,0280;0,1987;0,1149;0,0972;0,0203;0,9884;;False
1202,45;3.97;pa030​;20250612_123326;1;TUG2;-0,0108;1,0343;0,1883;0,1061;0,0913;0,0190;0,9900;;False
1202,46;3.99;pa030​;20250612_123326;1;TUG2;-0,0107;1,0410;0,1778;0,0950;0,0846;0,0178;0,9917;;False
1202,48;4.0;pa030​;20250612_123326;1;TUG2;-0,0105;1,0476;0,1672;0,0830;0,0789;0,0162;0,9933;;False
1202,49;4.01;pa030​;20250612_123326;1;TUG2;-0,0103;1,0540;0,1567;0,0716;0,0736;0,0149;0,9946;;False
1202,50;4.03;pa030​;20250612_123326;1;TUG2;-0,0099;1,0597;0,1460;0,0603;0,0687;0,0142;0,9957;;False
1202,52;4.04;pa030​;20250612_123326;1;TUG2;-0,0095;1,0650;0,1356;0,0502;0,0643;0,0128;0,9966;;False
1202,53;4.06;pa030​;20250612_123326;1;TUG2;-0,0090;1,0694;0,1253;0,0418;0,0613;0,0111;0,9972;;False
1202,54;4.07;pa030​;20250612_123326;1;TUG2;-0,0081;1,0732;0,1154;0,0354;0,0590;0,0095;0,9976;;False
1202,56;4.08;pa030​;20250612_123326;1;TUG2;-0,0073;1,0766;0,1059;0,0309;0,0585;0,0082;0,9978;;False
1202,57;4.1;pa030​;20250612_123326;1;TUG2;-0,0062;1,0794;0,0969;0,0282;0,0580;0,0067;0,9979;;False
1202,59;4.11;pa030​;20250612_123326;1;TUG2;-0,0053;1,0817;0,0884;0,0261;0,0583;0,0052;0,9979;;False
1202,60;4.12;pa030​;20250612_123326;1;TUG2;-0,0045;1,0834;0,0805;0,0245;0,0595;0,0038;0,9979;;False
1202,61;4.14;pa030​;20250612_123326;1;TUG2;-0,0038;1,0846;0,0731;0,0238;0,0604;0,0022;0,9979;;False
1202,63;4.15;pa030​;20250612_123326;1;TUG2;-0,0033;1,0854;0,0661;0,0236;0,0615;0,0008;0,9978;;False
1202,64;4.17;pa030​;20250612_123326;1;TUG2;-0,0033;1,0857;0,0595;0,0251;0,0624;-0,0001;0,9977;;False
1202,65;4.18;pa030​;20250612_123326;1;TUG2;-0,0033;1,0858;0,0530;0,0277;0,0626;-0,0002;0,9977;;False
1202,67;4.19;pa030​;20250612_123326;1;TUG2;-0,0035;1,0854;0,0467;0,0331;0,0624;0,0003;0,9975;;False
1202,68;4.21;pa030​;20250612_123326;1;TUG2;-0,0038;1,0847;0,0405;0,0413;0,0629;0,0011;0,9972;;False
1202,70;4.23;pa030​;20250612_123326;1;TUG2;-0,0039;1,0841;0,0344;0,0491;0,0643;0,0030;0,9967;;False
1202,72;4.25;pa030​;20250612_123326;1;TUG2;-0,0046;1,0831;0,0227;0,0631;0,0670;0,0065;0,9957;;False
1202,74;4.26;pa030​;20250612_123326;1;TUG2;-0,0051;1,0825;0,0169;0,0700;0,0683;0,0081;0,9952;;False
1202,75;4.28;pa030​;20250612_123326;1;TUG2;-0,0055;1,0816;0,0112;0,0773;0,0696;0,0089;0,9945;;False
1202,77;4.29;pa030​;20250612_123326;1;TUG2;-0,0060;1,0810;0,0055;0,0838;0,0706;0,0097;0,9939;;False
1202,78;4.3;pa030​;20250612_123326;1;TUG2;-0,0064;1,0807;0,0002;0,0891;0,0715;0,0101;0,9934;;False
1202,79;4.32;pa030​;20250612_123326;1;TUG2;-0,0068;1,0805;-0,0048;0,0933;0,0718;0,0100;0,9930;;False
1202,81;4.33;pa030​;20250612_123326;1;TUG2;-0,0070;1,0802;-0,0097;0,0969;0,0723;0,0094;0,9926;;False
1202,82;4.35;pa030​;20250612_123326;1;TUG2;-0,0073;1,0799;-0,0143;0,1003;0,0735;0,0086;0,9922;;False
1202,84;4.36;pa030​;20250612_123326;1;TUG2;-0,0076;1,0797;-0,0188;0,1030;0,0754;0,0069;0,9918;;False
1202,85;4.37;pa030​;20250612_123326;1;TUG2;-0,0077;1,0797;-0,0227;0,1040;0,0774;0,0053;0,9916;;False
1202,86;4.39;pa030​;20250612_123326;1;TUG2;-0,0077;1,0803;-0,0263;0,1021;0,0808;0,0042;0,9915;;False
1202,88;4.41;pa030​;20250612_123326;1;TUG2;-0,0074;1,0816;-0,0296;0,0969;0,0856;0,0049;0,9916;;False
1202,89;4.42;pa030​;20250612_123326;1;TUG2;-0,0072;1,0827;-0,0329;0,0925;0,0903;0,0056;0,9916;;False
1202,90;4.43;pa030​;20250612_123326;1;TUG2;-0,0070;1,0838;-0,0364;0,0875;0,0952;0,0068;0,9916;;False
1202,92;4.44;pa030​;20250612_123326;1;TUG2;-0,0070;1,0849;-0,0401;0,0833;0,1004;0,0076;0,9914;;False
1202,93;4.46;pa030​;20250612_123326;1;TUG2;-0,0071;1,0861;-0,0437;0,0796;0,1052;0,0086;0,9912;;False
1202,95;4.47;pa030​;20250612_123326;1;TUG2;-0,0071;1,0874;-0,0472;0,0755;0,1089;0,0093;0,9911;;False
1202,96;4.48;pa030​;20250612_123326;1;TUG2;-0,0071;1,0890;-0,0504;0,0711;0,1118;0,0098;0,9911;;False
1202,97;4.5;pa030​;20250612_123326;1;TUG2;-0,0071;1,0909;-0,0532;0,0657;0,1143;0,0098;0,9912;;False
1202,99;4.51;pa030​;20250612_123326;1;TUG2;-0,0071;1,0928;-0,0560;0,0590;0,1159;0,0095;0,9915;;False
1203,00;4.53;pa030​;20250612_123326;1;TUG2;-0,0071;1,0947;-0,0586;0,0512;0,1172;0,0092;0,9917;;False
1203,02;4.54;pa030​;20250612_123326;1;TUG2;-0,0070;1,0969;-0,0608;0,0434;0,1178;0,0086;0,9921;;False
1203,03;4.55;pa030​;20250612_123326;1;TUG2;-0,0071;1,0990;-0,0628;0,0354;0,1186;0,0086;0,9923;;False
1203,04;4.57;pa030​;20250612_123326;1;TUG2;-0,0068;1,1011;-0,0647;0,0272;0,1191;0,0084;0,9925;;False
1203,06;4.58;pa030​;20250612_123326;1;TUG2;-0,0066;1,1028;-0,0663;0,0181;0,1203;0,0085;0,9925;;False
1203,07;4.6;pa030​;20250612_123326;1;TUG2;-0,0062;1,1044;-0,0677;0,0096;0,1216;0,0077;0,9925;;False
1203,09;4.61;pa030​;20250612_123326;1;TUG2;-0,0058;1,1056;-0,0689;0,0005;0,1230;0,0064;0,9924;;False
1203,10;4.62;pa030​;20250612_123326;1;TUG2;-0,0052;1,1067;-0,0700;-0,0075;0,1248;0,0050;0,9921;;False
1203,11;4.64;pa030​;20250612_123326;1;TUG2;-0,0049;1,1075;-0,0708;-0,0146;0,1273;0,0033;0,9918;;False
1203,13;4.65;pa030​;20250612_123326;1;TUG2;-0,0044;1,1080;-0,0713;-0,0212;0,1298;0,0014;0,9913;;False
1203,14;4.67;pa030​;20250612_123326;1;TUG2;-0,0040;1,1086;-0,0717;-0,0261;0,1322;0,0001;0,9909;;False
1203,15;4.68;pa030​;20250612_123326;1;TUG2;-0,0035;1,1090;-0,0721;-0,0306;0,1344;-0,0006;0,9904;;False
1203,17;4.69;pa030​;20250612_123326;1;TUG2;-0,0031;1,1093;-0,0724;-0,0342;0,1363;-0,0009;0,9901;;False
1203,18;4.71;pa030​;20250612_123326;1;TUG2;-0,0029;1,1096;-0,0727;-0,0368;0,1384;-0,0016;0,9897;;False
1203,20;4.72;pa030​;20250612_123326;1;TUG2;-0,0027;1,1097;-0,0727;-0,0389;0,1403;-0,0021;0,9893;;False
1203,21;4.73;pa030​;20250612_123326;1;TUG2;-0,0024;1,1097;-0,0724;-0,0407;0,1417;-0,0028;0,9891;;False
1203,22;4.75;pa030​;20250612_123326;1;TUG2;-0,0023;1,1095;-0,0722;-0,0431;0,1433;-0,0028;0,9887;;False
1203,24;4.76;pa030​;20250612_123326;1;TUG2;-0,0021;1,1097;-0,0723;-0,0453;0,1445;-0,0033;0,9885;;False
1203,25;4.78;pa030​;20250612_123326;1;TUG2;-0,0022;1,1094;-0,0721;-0,0472;0,1453;-0,0035;0,9883;;False
1203,27;4.79;pa030​;20250612_123326;1;TUG2;-0,0022;1,1093;-0,0719;-0,0501;0,1456;-0,0034;0,9881;;False
1203,28;4.8;pa030​;20250612_123326;1;TUG2;-0,0025;1,1093;-0,0715;-0,0537;0,1456;-0,0037;0,9879;;False
1203,29;4.82;pa030​;20250612_123326;1;TUG2;-0,0027;1,1093;-0,0711;-0,0567;0,1455;-0,0041;0,9877;;False
1203,31;4.83;pa030​;20250612_123326;1;TUG2;-0,0031;1,1092;-0,0703;-0,0578;0,1453;-0,0039;0,9877;;False
1203,32;4.85;pa030​;20250612_123326;1;TUG2;-0,0033;1,1091;-0,0693;-0,0584;0,1449;-0,0038;0,9877;;False
1203,34;4.86;pa030​;20250612_123326;1;TUG2;-0,0035;1,1090;-0,0684;-0,0581;0,1442;-0,0038;0,9878;;False
1203,35;4.87;pa030​;20250612_123326;1;TUG2;-0,0038;1,1086;-0,0676;-0,0570;0,1432;-0,0035;0,9880;;False
1203,36;4.89;pa030​;20250612_123326;1;TUG2;-0,0041;1,1081;-0,0669;-0,0555;0,1422;-0,0033;0,9883;;False
1203,38;4.9;pa030​;20250612_123326;1;TUG2;-0,0046;1,1077;-0,0662;-0,0535;0,1410;-0,0029;0,9886;;False
1203,39;4.92;pa030​;20250612_123326;1;TUG2;-0,0050;1,1071;-0,0656;-0,0512;0,1396;-0,0027;0,9889;;False
1203,41;4.93;pa030​;20250612_123326;1;TUG2;-0,0054;1,1064;-0,0650;-0,0483;0,1380;-0,0028;0,9893;;False
1203,42;4.94;pa030​;20250612_123326;1;TUG2;-0,0058;1,1058;-0,0645;-0,0451;0,1368;-0,0034;0,9896;;False
1203,43;4.96;pa030​;20250612_123326;1;TUG2;-0,0061;1,1052;-0,0636;-0,0429;0,1356;-0,0036;0,9898;;False
1203,45;4.97;pa030​;20250612_123326;1;TUG2;-0,0064;1,1048;-0,0626;-0,0409;0,1345;-0,0042;0,9901;;False
1203,46;4.99;pa030​;20250612_123326;1;TUG2;-0,0067;1,1044;-0,0615;-0,0395;0,1332;-0,0046;0,9903;;False
1203,47;5.0;pa030​;20250612_123326;1;TUG2;-0,0070;1,1039;-0,0609;-0,0382;0,1317;-0,0050;0,9905;;False
1203,49;5.01;pa030​;20250612_123326;1;TUG2;-0,0073;1,1035;-0,0604;-0,0369;0,1301;-0,0055;0,9908;;False
1203,50;5.03;pa030​;20250612_123326;1;TUG2;-0,0075;1,1032;-0,0598;-0,0357;0,1285;-0,0058;0,9910;;False
1203,52;5.04;pa030​;20250612_123326;1;TUG2;-0,0077;1,1029;-0,0593;-0,0346;0,1274;-0,0063;0,9912;;False
1203,53;5.05;pa030​;20250612_123326;1;TUG2;-0,0078;1,1027;-0,0588;-0,0339;0,1264;-0,0065;0,9914;;False
1203,54;5.07;pa030​;20250612_123326;1;TUG2;-0,0078;1,1025;-0,0582;-0,0334;0,1259;-0,0063;0,9915;;False
1203,56;5.08;pa030​;20250612_123326;1;TUG2;-0,0075;1,1024;-0,0578;-0,0330;0,1259;-0,0061;0,9915;;False
1203,57;5.1;pa030​;20250612_123326;1;TUG2;-0,0072;1,1022;-0,0574;-0,0329;0,1263;-0,0055;0,9914;;False
1203,59;5.11;pa030​;20250612_123326;1;TUG2;-0,0069;1,1020;-0,0570;-0,0327;0,1267;-0,0049;0,9914;;False
1203,60;5.12;pa030​;20250612_123326;1;TUG2;-0,0066;1,1018;-0,0566;-0,0324;0,1272;-0,0043;0,9913;;False
1203,61;5.14;pa030​;20250612_123326;1;TUG2;-0,0062;1,1016;-0,0562;-0,0321;0,1278;-0,0041;0,9913;;False
1203,63;5.15;pa030​;20250612_123326;1;TUG2;-0,0058;1,1014;-0,0558;-0,0315;0,1283;-0,0040;0,9912;;False
1203,64;5.17;pa030​;20250612_123326;1;TUG2;-0,0054;1,1012;-0,0555;-0,0311;0,1290;-0,0045;0,9911;;False
1203,66;5.18;pa030​;20250612_123326;1;TUG2;-0,0050;1,1010;-0,0551;-0,0307;0,1295;-0,0047;0,9911;;False
1203,67;5.19;pa030​;20250612_123326;1;TUG2;-0,0046;1,1010;-0,0548;-0,0302;0,1297;-0,0050;0,9911;;False
1203,68;5.21;pa030​;20250612_123326;1;TUG2;-0,0042;1,1011;-0,0545;-0,0299;0,1298;-0,0052;0,9911;;False
1203,70;5.22;pa030​;20250612_123326;1;TUG2;-0,0038;1,1012;-0,0542;-0,0295;0,1299;-0,0055;0,9911;;False
1203,71;5.24;pa030​;20250612_123326;1;TUG2;-0,0034;1,1012;-0,0541;-0,0293;0,1298;-0,0057;0,9911;;False
1203,73;5.25;pa030​;20250612_123326;1;TUG2;-0,0032;1,1012;-0,0540;-0,0293;0,1298;-0,0059;0,9911;;False
1203,74;5.26;pa030​;20250612_123326;1;TUG2;-0,0029;1,1012;-0,0539;-0,0295;0,1295;-0,0061;0,9911;;False
1203,75;5.28;pa030​;20250612_123326;1;TUG2;-0,0026;1,1012;-0,0538;-0,0298;0,1294;-0,0062;0,9911;;False
1203,77;5.29;pa030​;20250612_123326;1;TUG2;-0,0024;1,1012;-0,0538;-0,0302;0,1294;-0,0065;0,9911;;False
1203,78;5.31;pa030​;20250612_123326;1;TUG2;-0,0021;1,1013;-0,0537;-0,0307;0,1292;-0,0065;0,9911;;False
1203,79;5.32;pa030​;20250612_123326;1;TUG2;-0,0020;1,1014;-0,0540;-0,0311;0,1291;-0,0067;0,9911;;False
1203,81;5.33;pa030​;20250612_123326;1;TUG2;-0,0019;1,1015;-0,0543;-0,0314;0,1290;-0,0067;0,9911;;False
1203,82;5.35;pa030​;20250612_123326;1;TUG2;-0,0018;1,1015;-0,0543;-0,0315;0,1288;-0,0067;0,9912;;False
1203,84;5.36;pa030​;20250612_123326;1;TUG2;-0,0018;1,1015;-0,0543;-0,0315;0,1282;-0,0067;0,9912;;False
1203,85;5.37;pa030​;20250612_123326;1;TUG2;-0,0018;1,1015;-0,0543;-0,0316;0,1275;-0,0065;0,9913;;False
1203,86;5.39;pa030​;20250612_123326;1;TUG2;-0,0018;1,1014;-0,0544;-0,0315;0,1269;-0,0065;0,9914;;False
1203,88;5.4;pa030​;20250612_123326;1;TUG2;-0,0018;1,1013;-0,0544;-0,0313;0,1264;-0,0064;0,9915;;False
1203,89;5.42;pa030​;20250612_123326;1;TUG2;-0,0019;1,1013;-0,0545;-0,0313;0,1258;-0,0063;0,9915;;False
1203,91;5.43;pa030​;20250612_123326;1;TUG2;-0,0020;1,1013;-0,0546;-0,0313;0,1251;-0,0062;0,9916;;False
1203,92;5.44;pa030​;20250612_123326;1;TUG2;-0,0022;1,1014;-0,0548;-0,0313;0,1247;-0,0061;0,9917;;False
1203,93;5.46;pa030​;20250612_123326;1;TUG2;-0,0024;1,1014;-0,0549;-0,0312;0,1241;-0,0060;0,9918;;False
1203,95;5.47;pa030​;20250612_123326;1;TUG2;-0,0025;1,1013;-0,0550;-0,0310;0,1236;-0,0057;0,9918;;False
1203,96;5.49;pa030​;20250612_123326;1;TUG2;-0,0026;1,1013;-0,0551;-0,0310;0,1232;-0,0055;0,9919;;False
1203,97;5.5;pa030​;20250612_123326;1;TUG2;-0,0028;1,1012;-0,0551;-0,0310;0,1228;-0,0052;0,9919;;False
1203,99;5.51;pa030​;20250612_123326;1;TUG2;-0,0029;1,1011;-0,0552;-0,0309;0,1224;-0,0050;0,9920;;False
1204,00;5.53;pa030​;20250612_123326;1;TUG2;-0,0030;1,1010;-0,0552;-0,0307;0,1225;-0,0048;0,9920;;False
1204,02;5.54;pa030​;20250612_123326;1;TUG2;-0,0031;1,1010;-0,0553;-0,0307;0,1227;-0,0044;0,9920;;False
1204,03;5.55;pa030​;20250612_123326;1;TUG2;-0,0030;1,1011;-0,0555;-0,0308;0,1228;-0,0042;0,9919;;False
1204,04;5.57;pa030​;20250612_123326;1;TUG2;-0,0029;1,1012;-0,0556;-0,0311;0,1231;-0,0040;0,9919;;False
1204,06;5.58;pa030​;20250612_123326;1;TUG2;-0,0029;1,1012;-0,0557;-0,0313;0,1232;-0,0038;0,9919;;False
1204,07;5.6;pa030​;20250612_123326;1;TUG2;-0,0029;1,1012;-0,0557;-0,0314;0,1232;-0,0035;0,9919;;False
1204,09;5.61;pa030​;20250612_123326;1;TUG2;-0,0030;1,1012;-0,0557;-0,0315;0,1233;-0,0033;0,9919;;False
1204,10;5.62;pa030​;20250612_123326;1;TUG2;-0,0030;1,1011;-0,0557;-0,0314;0,1233;-0,0032;0,9919;;False
1204,11;5.64;pa030​;20250612_123326;1;TUG2;-0,0030;1,1011;-0,0557;-0,0315;0,1232;-0,0031;0,9919;;False
1204,13;5.65;pa030​;20250612_123326;1;TUG2;-0,0031;1,1010;-0,0556;-0,0316;0,1233;-0,0032;0,9919;;False
1204,14;5.67;pa030​;20250612_123326;1;TUG2;-0,0031;1,1011;-0,0557;-0,0316;0,1232;-0,0033;0,9919;;False
1204,15;5.68;pa030​;20250612_123326;1;TUG2;-0,0032;1,1012;-0,0559;-0,0315;0,1232;-0,0033;0,9919;;False
1204,17;5.69;pa030​;20250612_123326;1;TUG2;-0,0032;1,1013;-0,0560;-0,0315;0,1233;-0,0034;0,9919;;False
1204,18;5.71;pa030​;20250612_123326;1;TUG2;-0,0032;1,1013;-0,0559;-0,0315;0,1233;-0,0036;0,9919;;False
1204,20;5.72;pa030​;20250612_123326;1;TUG2;-0,0031;1,1012;-0,0558;-0,0315;0,1233;-0,0037;0,9919;;False
1204,21;5.74;pa030​;20250612_123326;1;TUG2;-0,0031;1,1012;-0,0557;-0,0315;0,1233;-0,0038;0,9919;;False
1204,22;5.75;pa030​;20250612_123326;1;TUG2;-0,0031;1,1012;-0,0556;-0,0315;0,1234;-0,0039;0,9919;;False
1204,24;5.76;pa030​;20250612_123326;1;TUG2;-0,0030;1,1012;-0,0555;-0,0315;0,1235;-0,0040;0,9918;;False
1204,25;5.78;pa030​;20250612_123326;1;TUG2;-0,0029;1,1012;-0,0554;-0,0317;0,1238;-0,0040;0,9918;;False
1204,27;5.79;pa030​;20250612_123326;1;TUG2;-0,0030;1,1013;-0,0554;-0,0318;0,1239;-0,0041;0,9918;;False
1204,28;5.81;pa030​;20250612_123326;1;TUG2;-0,0030;1,1015;-0,0555;-0,0317;0,1241;-0,0041;0,9918;;False
1204,29;5.82;pa030​;20250612_123326;1;TUG2;-0,0031;1,1016;-0,0555;-0,0317;0,1241;-0,0041;0,9918;;False
1204,31;5.83;pa030​;20250612_123326;1;TUG2;-0,0031;1,1015;-0,0553;-0,0315;0,1241;-0,0041;0,9918;;False
1204,32;5.85;pa030​;20250612_123326;1;TUG2;-0,0031;1,1015;-0,0552;-0,0313;0,1241;-0,0041;0,9918;;False
1204,34;5.86;pa030​;20250612_123326;1;TUG2;-0,0032;1,1014;-0,0550;-0,0310;0,1240;-0,0040;0,9918;;False
1204,35;5.87;pa030​;20250612_123326;1;TUG2;-0,0032;1,1013;-0,0549;-0,0309;0,1238;-0,0041;0,9918;;False
1204,36;5.89;pa030​;20250612_123326;1;TUG2;-0,0033;1,1012;-0,0547;-0,0307;0,1235;-0,0040;0,9919;;False
1204,38;5.9;pa030​;20250612_123326;1;TUG2;-0,0034;1,1011;-0,0546;-0,0305;0,1233;-0,0040;0,9919;;False
1204,39;5.92;pa030​;20250612_123326;1;TUG2;-0,0034;1,1010;-0,0546;-0,0304;0,1230;-0,0040;0,9919;;False
1204,41;5.93;pa030​;20250612_123326;1;TUG2;-0,0034;1,1010;-0,0547;-0,0304;0,1224;-0,0037;0,9920;;False
1204,42;5.95;pa030​;20250612_123326;1;TUG2;-0,0035;1,1009;-0,0545;-0,0303;0,1219;-0,0036;0,9921;;False
1204,43;5.96;pa030​;20250612_123326;1;TUG2;-0,0037;1,1009;-0,0543;-0,0302;0,1216;-0,0034;0,9921;;False
1204,45;5.97;pa030​;20250612_123326;1;TUG2;-0,0038;1,1008;-0,0540;-0,0302;0,1212;-0,0034;0,9922;;False
1204,46;5.99;pa030​;20250612_123326;1;TUG2;-0,0038;1,1007;-0,0538;-0,0302;0,1209;-0,0034;0,9922;;False
1204,47;6.0;pa030​;20250612_123326;1;TUG2;-0,0039;1,1007;-0,0536;-0,0304;0,1206;-0,0032;0,9922;;False
1204,49;6.01;pa030​;20250612_123326;1;TUG2;-0,0040;1,1006;-0,0533;-0,0303;0,1202;-0,0033;0,9923;;False
1204,50;6.03;pa030​;20250612_123326;1;TUG2;-0,0040;1,1006;-0,0531;-0,0301;0,1198;-0,0035;0,9923;;False
1204,52;6.04;pa030​;20250612_123326;1;TUG2;-0,0042;1,1006;-0,0531;-0,0296;0,1194;-0,0037;0,9924;;False
1204,53;6.05;pa030​;20250612_123326;1;TUG2;-0,0042;1,1007;-0,0531;-0,0291;0,1190;-0,0037;0,9925;;False
1204,54;6.07;pa030​;20250612_123326;1;TUG2;-0,0042;1,1005;-0,0528;-0,0284;0,1187;-0,0041;0,9925;;False
1204,56;6.08;pa030​;20250612_123326;1;TUG2;-0,0041;1,1003;-0,0526;-0,0278;0,1187;-0,0043;0,9925;;False
1204,57;6.1;pa030​;20250612_123326;1;TUG2;-0,0040;1,1002;-0,0524;-0,0273;0,1188;-0,0047;0,9925;;False
1204,59;6.11;pa030​;20250612_123326;1;TUG2;-0,0040;1,1000;-0,0522;-0,0271;0,1189;-0,0048;0,9925;;False
1204,60;6.13;pa030​;20250612_123326;1;TUG2;-0,0040;1,1000;-0,0520;-0,0269;0,1191;-0,0050;0,9925;;False
1204,61;6.14;pa030​;20250612_123326;1;TUG2;-0,0039;1,0999;-0,0518;-0,0268;0,1192;-0,0048;0,9925;;False
1204,63;6.15;pa030​;20250612_123326;1;TUG2;-0,0038;1,0999;-0,0518;-0,0266;0,1190;-0,0046;0,9925;;False
1204,64;6.17;pa030​;20250612_123326;1;TUG2;-0,0037;1,0998;-0,0518;-0,0264;0,1189;-0,0045;0,9925;;False
1204,66;6.18;pa030​;20250612_123326;1;TUG2;-0,0037;1,0997;-0,0518;-0,0261;0,1186;-0,0046;0,9926;;False
1204,67;6.19;pa030​;20250612_123326;1;TUG2;-0,0037;1,0996;-0,0517;-0,0258;0,1183;-0,0047;0,9926;;False
1204,68;6.21;pa030​;20250612_123326;1;TUG2;-0,0038;1,0996;-0,0516;-0,0257;0,1178;-0,0047;0,9927;;False
1204,70;6.22;pa030​;20250612_123326;1;TUG2;-0,0038;1,0995;-0,0515;-0,0257;0,1174;-0,0047;0,9927;;False
1204,71;6.24;pa030​;20250612_123326;1;TUG2;-0,0039;1,0995;-0,0514;-0,0256;0,1171;-0,0047;0,9928;;False
1204,73;6.25;pa030​;20250612_123326;1;TUG2;-0,0039;1,0995;-0,0514;-0,0254;0,1166;-0,0048;0,9928;;False
1204,74;6.26;pa030​;20250612_123326;1;TUG2;-0,0040;1,0994;-0,0513;-0,0253;0,1162;-0,0050;0,9929;;False
1204,75;6.28;pa030​;20250612_123326;1;TUG2;-0,0041;1,0994;-0,0513;-0,0252;0,1158;-0,0052;0,9929;;False
1204,77;6.29;pa030​;20250612_123326;1;TUG2;-0,0042;1,0994;-0,0513;-0,0254;0,1155;-0,0053;0,9930;;False
1204,78;6.31;pa030​;20250612_123326;1;TUG2;-0,0042;1,0994;-0,0513;-0,0253;0,1150;-0,0055;0,9930;;False
1204,79;6.32;pa030​;20250612_123326;1;TUG2;-0,0042;1,0994;-0,0513;-0,0253;0,1149;-0,0058;0,9930;;False
1204,81;6.33;pa030​;20250612_123326;1;TUG2;-0,0042;1,0993;-0,0512;-0,0253;0,1148;-0,0062;0,9930;;False
1204,82;6.35;pa030​;20250612_123326;1;TUG2;-0,0042;1,0993;-0,0512;-0,0252;0,1149;-0,0064;0,9930;;False
1204,84;6.36;pa030​;20250612_123326;1;TUG2;-0,0042;1,0992;-0,0512;-0,0249;0,1148;-0,0065;0,9931;;False
1204,85;6.37;pa030​;20250612_123326;1;TUG2;-0,0041;1,0990;-0,0512;-0,0246;0,1150;-0,0066;0,9930;;False
1204,86;6.39;pa030​;20250612_123326;1;TUG2;-0,0040;1,0989;-0,0514;-0,0243;0,1151;-0,0066;0,9930;;False
1204,88;6.4;pa030​;20250612_123326;1;TUG2;-0,0039;1,0987;-0,0516;-0,0239;0,1151;-0,0063;0,9930;;False
1204,89;6.42;pa030​;20250612_123326;1;TUG2;-0,0038;1,0986;-0,0518;-0,0236;0,1151;-0,0064;0,9930;;False
1204,91;6.43;pa030​;20250612_123326;1;TUG2;-0,0038;1,0984;-0,0518;-0,0231;0,1153;-0,0062;0,9930;;False
1204,92;6.44;pa030​;20250612_123326;1;TUG2;-0,0038;1,0983;-0,0517;-0,0224;0,1154;-0,0063;0,9930;;False
1204,93;6.46;pa030​;20250612_123326;1;TUG2;-0,0038;1,0981;-0,0516;-0,0220;0,1154;-0,0062;0,9931;;False
1204,95;6.47;pa030​;20250612_123326;1;TUG2;-0,0038;1,0980;-0,0515;-0,0216;0,1154;-0,0062;0,9931;;False
1204,96;6.49;pa030​;20250612_123326;1;TUG2;-0,0038;1,0978;-0,0514;-0,0211;0,1151;-0,0061;0,9931;;False
1204,98;6.5;pa030​;20250612_123326;1;TUG2;-0,0039;1,0977;-0,0513;-0,0205;0,1145;-0,0060;0,9932;;False
1204,99;6.51;pa030​;20250612_123326;1;TUG2;-0,0040;1,0978;-0,0514;-0,0204;0,1143;-0,0060;0,9932;;False
1205,00;6.53;pa030​;20250612_123326;1;TUG2;-0,0041;1,0979;-0,0515;-0,0202;0,1144;-0,0061;0,9932;;False
1205,02;6.54;pa030​;20250612_123326;1;TUG2;-0,0041;1,0980;-0,0515;-0,0200;0,1143;-0,0062;0,9932;;False
1205,03;6.55;pa030​;20250612_123326;1;TUG2;-0,0041;1,0980;-0,0515;-0,0199;0,1144;-0,0060;0,9932;;False
1205,04;6.57;pa030​;20250612_123326;1;TUG2;-0,0041;1,0979;-0,0515;-0,0199;0,1144;-0,0058;0,9932;;False
1205,06;6.58;pa030​;20250612_123326;1;TUG2;-0,0041;1,0979;-0,0515;-0,0200;0,1144;-0,0059;0,9932;;False
1205,07;6.6;pa030​;20250612_123326;1;TUG2;-0,0042;1,0980;-0,0515;-0,0202;0,1145;-0,0060;0,9932;;False
1205,09;6.61;pa030​;20250612_123326;1;TUG2;-0,0042;1,0980;-0,0515;-0,0201;0,1145;-0,0059;0,9932;;False
1205,10;6.62;pa030​;20250612_123326;1;TUG2;-0,0042;1,0980;-0,0514;-0,0198;0,1145;-0,0058;0,9932;;False
1205,11;6.64;pa030​;20250612_123326;1;TUG2;-0,0044;1,0981;-0,0514;-0,0192;0,1142;-0,0058;0,9933;;False
1205,13;6.65;pa030​;20250612_123326;1;TUG2;-0,0045;1,0982;-0,0513;-0,0190;0,1142;-0,0058;0,9933;;False
1205,14;6.67;pa030​;20250612_123326;1;TUG2;-0,0046;1,0982;-0,0512;-0,0192;0,1141;-0,0055;0,9933;;False
1205,16;6.68;pa030​;20250612_123326;1;TUG2;-0,0046;1,0982;-0,0511;-0,0192;0,1140;-0,0055;0,9933;;False
1205,17;6.69;pa030​;20250612_123326;1;TUG2;-0,0047;1,0982;-0,0511;-0,0189;0,1140;-0,0054;0,9933;;False
1205,18;6.71;pa030​;20250612_123326;1;TUG2;-0,0047;1,0981;-0,0511;-0,0186;0,1140;-0,0054;0,9933;;False
1205,20;6.72;pa030​;20250612_123326;1;TUG2;-0,0047;1,0981;-0,0510;-0,0186;0,1140;-0,0053;0,9933;;False
1205,21;6.74;pa030​;20250612_123326;1;TUG2;-0,0048;1,0981;-0,0509;-0,0188;0,1138;-0,0052;0,9933;;False
1205,22;6.75;pa030​;20250612_123326;1;TUG2;-0,0048;1,0983;-0,0508;-0,0188;0,1137;-0,0053;0,9933;;False
1205,24;6.76;pa030​;20250612_123326;1;TUG2;-0,0049;1,0984;-0,0507;-0,0186;0,1137;-0,0054;0,9933;;False
1205,25;6.78;pa030​;20250612_123326;1;TUG2;-0,0049;1,0985;-0,0506;-0,0185;0,1138;-0,0055;0,9933;;False
1205,27;6.79;pa030​;20250612_123326;1;TUG2;-0,0049;1,0984;-0,0505;-0,0185;0,1139;-0,0055;0,9933;;False
1205,28;6.81;pa030​;20250612_123326;1;TUG2;-0,0049;1,0984;-0,0504;-0,0184;0,1140;-0,0054;0,9933;;False
1205,29;6.82;pa030​;20250612_123326;1;TUG2;-0,0049;1,0983;-0,0503;-0,0183;0,1140;-0,0054;0,9933;;False
1205,31;6.83;pa030​;20250612_123326;1;TUG2;-0,0049;1,0983;-0,0501;-0,0180;0,1140;-0,0053;0,9933;;False
1205,32;6.85;pa030​;20250612_123326;1;TUG2;-0,0049;1,0982;-0,0500;-0,0177;0,1141;-0,0052;0,9933;;False
1205,34;6.86;pa030​;20250612_123326;1;TUG2;-0,0049;1,0981;-0,0499;-0,0176;0,1141;-0,0050;0,9933;;False
1205,35;6.87;pa030​;20250612_123326;1;TUG2;-0,0049;1,0980;-0,0498;-0,0175;0,1140;-0,0050;0,9933;;False
1205,36;6.89;pa030​;20250612_123326;1;TUG2;-0,0049;1,0980;-0,0497;-0,0175;0,1140;-0,0050;0,9933;;False
1205,38;6.9;pa030​;20250612_123326;1;TUG2;-0,0050;1,0980;-0,0496;-0,0174;0,1137;-0,0050;0,9933;;False
1205,39;6.92;pa030​;20250612_123326;1;TUG2;-0,0050;1,0979;-0,0494;-0,0173;0,1134;-0,0051;0,9934;;False
1205,41;6.93;pa030​;20250612_123326;1;TUG2;-0,0051;1,0978;-0,0492;-0,0170;0,1135;-0,0053;0,9934;;False
1205,42;6.94;pa030​;20250612_123326;1;TUG2;-0,0051;1,0977;-0,0491;-0,0168;0,1134;-0,0053;0,9934;;False
1205,43;6.96;pa030​;20250612_123326;1;TUG2;-0,0050;1,0976;-0,0489;-0,0168;0,1133;-0,0053;0,9934;;False
1205,45;6.97;pa030​;20250612_123326;1;TUG2;-0,0050;1,0975;-0,0486;-0,0168;0,1133;-0,0054;0,9934;;False
1205,46;6.99;pa030​;20250612_123326;1;TUG2;-0,0050;1,0975;-0,0484;-0,0168;0,1133;-0,0054;0,9934;;False
1205,48;7.0;pa030​;20250612_123326;1;TUG2;-0,0050;1,0976;-0,0483;-0,0167;0,1133;-0,0054;0,9934;;False
1205,49;7.01;pa030​;20250612_123326;1;TUG2;-0,0049;1,0976;-0,0481;-0,0165;0,1133;-0,0053;0,9934;;False
1205,50;7.03;pa030​;20250612_123326;1;TUG2;-0,0049;1,0974;-0,0479;-0,0159;0,1136;-0,0054;0,9934;;False
1205,52;7.04;pa030​;20250612_123326;1;TUG2;-0,0048;1,0972;-0,0477;-0,0155;0,1138;-0,0054;0,9934;;False
1205,53;7.05;pa030​;20250612_123326;1;TUG2;-0,0048;1,0970;-0,0475;-0,0152;0,1136;-0,0052;0,9934;;False
1205,54;7.07;pa030​;20250612_123326;1;TUG2;-0,0048;1,0967;-0,0473;-0,0146;0,1137;-0,0052;0,9934;;False
1205,56;7.08;pa030​;20250612_123326;1;TUG2;-0,0048;1,0964;-0,0471;-0,0141;0,1138;-0,0051;0,9934;;False
1205,57;7.1;pa030​;20250612_123326;1;TUG2;-0,0047;1,0962;-0,0469;-0,0136;0,1138;-0,0050;0,9934;;False
1205,59;7.11;pa030​;20250612_123326;1;TUG2;-0,0047;1,0960;-0,0467;-0,0134;0,1138;-0,0049;0,9934;;False
1205,60;7.12;pa030​;20250612_123326;1;TUG2;-0,0047;1,0959;-0,0464;-0,0133;0,1137;-0,0048;0,9934;;False
1205,61;7.14;pa030​;20250612_123326;1;TUG2;-0,0047;1,0958;-0,0463;-0,0130;0,1136;-0,0049;0,9934;;False
1205,63;7.15;pa030​;20250612_123326;1;TUG2;-0,0046;1,0955;-0,0461;-0,0125;0,1137;-0,0052;0,9934;;False
1205,64;7.17;pa030​;20250612_123326;1;TUG2;-0,0046;1,0953;-0,0461;-0,0121;0,1137;-0,0055;0,9934;;False
1205,66;7.18;pa030​;20250612_123326;1;TUG2;-0,0045;1,0951;-0,0461;-0,0120;0,1137;-0,0058;0,9934;;False
1205,67;7.19;pa030​;20250612_123326;1;TUG2;-0,0044;1,0949;-0,0461;-0,0121;0,1135;-0,0060;0,9934;;False
1205,68;7.21;pa030​;20250612_123326;1;TUG2;-0,0043;1,0948;-0,0460;-0,0121;0,1133;-0,0065;0,9935;;False
1205,70;7.22;pa030​;20250612_123326;1;TUG2;-0,0042;1,0947;-0,0461;-0,0119;0,1133;-0,0066;0,9935;;False
1205,71;7.23;pa030​;20250612_123326;1;TUG2;-0,0041;1,0946;-0,0461;-0,0117;0,1131;-0,0066;0,9935;;False
1205,72;7.25;pa030​;20250612_123326;1;TUG2;-0,0041;1,0947;-0,0462;-0,0114;0,1130;-0,0066;0,9935;;False
1205,74;7.26;pa030​;20250612_123326;1;TUG2;-0,0040;1,0947;-0,0463;-0,0115;0,1128;-0,0067;0,9935;;False
1205,75;7.28;pa030​;20250612_123326;1;TUG2;-0,0039;1,0948;-0,0463;-0,0116;0,1128;-0,0067;0,9935;;False
1205,77;7.29;pa030​;20250612_123326;1;TUG2;-0,0038;1,0948;-0,0464;-0,0116;0,1127;-0,0069;0,9935;;False
1205,78;7.31;pa030​;20250612_123326;1;TUG2;-0,0037;1,0948;-0,0464;-0,0117;0,1127;-0,0070;0,9935;;False
1205,79;7.32;pa030​;20250612_123326;1;TUG2;-0,0035;1,0947;-0,0465;-0,0119;0,1128;-0,0071;0,9935;;False
1205,81;7.33;pa030​;20250612_123326;1;TUG2;-0,0034;1,0947;-0,0465;-0,0121;0,1130;-0,0070;0,9935;;False
1205,82;7.35;pa030​;20250612_123326;1;TUG2;-0,0033;1,0947;-0,0466;-0,0117;0,1134;-0,0071;0,9935;;False
1205,84;7.36;pa030​;20250612_123326;1;TUG2;-0,0032;1,0947;-0,0466;-0,0114;0,1137;-0,0070;0,9934;;False
1205,85;7.37;pa030​;20250612_123326;1;TUG2;-0,0031;1,0946;-0,0467;-0,0111;0,1140;-0,0071;0,9934;;False
1205,86;7.39;pa030​;20250612_123326;1;TUG2;-0,0030;1,0945;-0,0468;-0,0109;0,1143;-0,0071;0,9934;;False
1205,88;7.4;pa030​;20250612_123326;1;TUG2;-0,0028;1,0944;-0,0468;-0,0109;0,1143;-0,0072;0,9934;;False
1205,89;7.42;pa030​;20250612_123326;1;TUG2;-0,0027;1,0944;-0,0468;-0,0110;0,1142;-0,0072;0,9934;;False
1205,91;7.43;pa030​;20250612_123326;1;TUG2;-0,0027;1,0943;-0,0468;-0,0110;0,1144;-0,0073;0,9934;;False
1205,92;7.44;pa030​;20250612_123326;1;TUG2;-0,0026;1,0943;-0,0468;-0,0110;0,1144;-0,0075;0,9933;;False
1205,93;7.46;pa030​;20250612_123326;1;TUG2;-0,0025;1,0942;-0,0469;-0,0110;0,1144;-0,0075;0,9933;;False
1205,95;7.47;pa030​;20250612_123326;1;TUG2;-0,0025;1,0943;-0,0469;-0,0112;0,1144;-0,0074;0,9933;;False
1205,96;7.48;pa030​;20250612_123326;1;TUG2;-0,0025;1,0944;-0,0470;-0,0117;0,1144;-0,0073;0,9933;;False
1205,97;7.5;pa030​;20250612_123326;1;TUG2;-0,0024;1,0944;-0,0470;-0,0119;0,1144;-0,0073;0,9933;;False
1205,99;7.51;pa030​;20250612_123326;1;TUG2;-0,0024;1,0944;-0,0471;-0,0121;0,1146;-0,0072;0,9933;;False
1206,00;7.53;pa030​;20250612_123326;1;TUG2;-0,0023;1,0944;-0,0471;-0,0123;0,1149;-0,0073;0,9933;;False
1206,02;7.54;pa030​;20250612_123326;1;TUG2;-0,0022;1,0945;-0,0472;-0,0125;0,1153;-0,0072;0,9932;;False
1206,03;7.55;pa030​;20250612_123326;1;TUG2;-0,0021;1,0945;-0,0472;-0,0129;0,1155;-0,0072;0,9932;;False
1206,04;7.57;pa030​;20250612_123326;1;TUG2;-0,0020;1,0945;-0,0472;-0,0134;0,1157;-0,0071;0,9932;;False
1206,06;7.58;pa030​;20250612_123326;1;TUG2;-0,0019;1,0946;-0,0472;-0,0138;0,1160;-0,0071;0,9931;;False
1206,07;7.6;pa030​;20250612_123326;1;TUG2;-0,0019;1,0948;-0,0473;-0,0141;0,1161;-0,0071;0,9931;;False
1206,09;7.61;pa030​;20250612_123326;1;TUG2;-0,0019;1,0950;-0,0473;-0,0144;0,1162;-0,0072;0,9931;;False
1206,10;7.62;pa030​;20250612_123326;1;TUG2;-0,0018;1,0951;-0,0473;-0,0146;0,1163;-0,0074;0,9931;;False
1206,11;7.64;pa030​;20250612_123326;1;TUG2;-0,0017;1,0951;-0,0473;-0,0151;0,1165;-0,0074;0,9930;;False
1206,13;7.65;pa030​;20250612_123326;1;TUG2;-0,0016;1,0951;-0,0473;-0,0155;0,1167;-0,0075;0,9930;;False
1206,14;7.67;pa030​;20250612_123326;1;TUG2;-0,0015;1,0952;-0,0472;-0,0158;0,1169;-0,0077;0,9930;;False
1206,16;7.68;pa030​;20250612_123326;1;TUG2;-0,0014;1,0952;-0,0472;-0,0159;0,1170;-0,0080;0,9930;;False
1206,17;7.69;pa030​;20250612_123326;1;TUG2;-0,0013;1,0951;-0,0472;-0,0159;0,1169;-0,0080;0,9930;;False
1206,18;7.71;pa030​;20250612_123326;1;TUG2;-0,0013;1,0952;-0,0471;-0,0157;0,1170;-0,0081;0,9930;;False
1206,20;7.72;pa030​;20250612_123326;1;TUG2;-0,0013;1,0953;-0,0469;-0,0157;0,1168;-0,0083;0,9930;;False
1206,21;7.74;pa030​;20250612_123326;1;TUG2;-0,0012;1,0953;-0,0468;-0,0157;0,1167;-0,0085;0,9930;;False
1206,23;7.75;pa030​;20250612_123326;1;TUG2;-0,0012;1,0953;-0,0467;-0,0157;0,1167;-0,0085;0,9930;;False
1206,24;7.76;pa030​;20250612_123326;1;TUG2;-0,0011;1,0953;-0,0467;-0,0159;0,1167;-0,0086;0,9930;;False
1206,25;7.78;pa030​;20250612_123326;1;TUG2;-0,0010;1,0953;-0,0466;-0,0159;0,1167;-0,0087;0,9930;;False
1206,27;7.79;pa030​;20250612_123326;1;TUG2;-0,0009;1,0953;-0,0466;-0,0159;0,1167;-0,0088;0,9930;;False
1206,28;7.81;pa030​;20250612_123326;1;TUG2;-0,0009;1,0953;-0,0466;-0,0160;0,1167;-0,0089;0,9930;;False
1206,29;7.82;pa030​;20250612_123326;1;TUG2;-0,0008;1,0953;-0,0465;-0,0165;0,1166;-0,0090;0,9930;;False
1206,31;7.83;pa030​;20250612_123326;1;TUG2;-0,0009;1,0955;-0,0465;-0,0168;0,1168;-0,0090;0,9930;;False
1206,32;7.85;pa030​;20250612_123326;1;TUG2;-0,0010;1,0957;-0,0465;-0,0173;0,1169;-0,0093;0,9929;;False
1206,34;7.86;pa030​;20250612_123326;1;TUG2;-0,0010;1,0959;-0,0465;-0,0175;0,1168;-0,0096;0,9930;;False
1206,35;7.87;pa030​;20250612_123326;1;TUG2;-0,0009;1,0959;-0,0465;-0,0179;0,1169;-0,0097;0,9929;;False
1206,36;7.89;pa030​;20250612_123326;1;TUG2;-0,0009;1,0959;-0,0465;-0,0181;0,1170;-0,0099;0,9929;;False
1206,38;7.9;pa030​;20250612_123326;1;TUG2;-0,0008;1,0959;-0,0465;-0,0181;0,1169;-0,0101;0,9929;;False
1206,39;7.92;pa030​;20250612_123326;1;TUG2;-0,0008;1,0959;-0,0464;-0,0181;0,1168;-0,0103;0,9929;;False
1206,41;7.93;pa030​;20250612_123326;1;TUG2;-0,0008;1,0959;-0,0464;-0,0181;0,1167;-0,0105;0,9929;;False
1206,42;7.95;pa030​;20250612_123326;1;TUG2;-0,0007;1,0959;-0,0464;-0,0182;0,1166;-0,0105;0,9930;;False
1206,43;7.96;pa030​;20250612_123326;1;TUG2;-0,0006;1,0960;-0,0463;-0,0181;0,1165;-0,0106;0,9930;;False
1206,45;7.97;pa030​;20250612_123326;1;TUG2;-0,0006;1,0961;-0,0463;-0,0176;0,1161;-0,0104;0,9930;;False
1206,46;7.99;pa030​;20250612_123326;1;TUG2;-0,0006;1,0960;-0,0463;-0,0176;0,1155;-0,0102;0,9931;;False
1206,48;8.0;pa030​;20250612_123326;1;TUG2;-0,0006;1,0960;-0,0463;-0,0173;0,1149;-0,0103;0,9932;;False
1206,49;8.01;pa030​;20250612_123326;1;TUG2;-0,0006;1,0960;-0,0463;-0,0172;0,1141;-0,0105;0,9933;;False
1206,50;8.03;pa030​;20250612_123326;1;TUG2;-0,0007;1,0959;-0,0463;-0,0170;0,1134;-0,0108;0,9933;;False
1206,52;8.04;pa030​;20250612_123326;1;TUG2;-0,0007;1,0959;-0,0464;-0,0170;0,1125;-0,0112;0,9934;;False
1206,53;8.06;pa030​;20250612_123326;1;TUG2;-0,0008;1,0958;-0,0464;-0,0170;0,1116;-0,0112;0,9935;;False
1206,54;8.07;pa030​;20250612_123326;1;TUG2;-0,0009;1,0959;-0,0464;-0,0171;0,1105;-0,0114;0,9937;;False
1206,56;8.08;pa030​;20250612_123326;1;TUG2;-0,0010;1,0961;-0,0463;-0,0172;0,1098;-0,0118;0,9937;;False
1206,57;8.1;pa030​;20250612_123326;1;TUG2;-0,0011;1,0962;-0,0464;-0,0171;0,1090;-0,0121;0,9938;;False
1206,59;8.11;pa030​;20250612_123326;1;TUG2;-0,0012;1,0962;-0,0465;-0,0171;0,1083;-0,0122;0,9939;;False
1206,60;8.13;pa030​;20250612_123326;1;TUG2;-0,0012;1,0962;-0,0466;-0,0172;0,1074;-0,0126;0,9940;;False
1206,61;8.14;pa030​;20250612_123326;1;TUG2;-0,0012;1,0962;-0,0467;-0,0173;0,1068;-0,0129;0,9940;;False
1206,63;8.15;pa030​;20250612_123326;1;TUG2;-0,0012;1,0962;-0,0468;-0,0178;0,1066;-0,0128;0,9941;;False
1206,64;8.17;pa030​;20250612_123326;1;TUG2;-0,0011;1,0963;-0,0470;-0,0181;0,1066;-0,0128;0,9941;;False
1206,66;8.18;pa030​;20250612_123326;1;TUG2;-0,0010;1,0964;-0,0471;-0,0186;0,1067;-0,0130;0,9940;;False
1206,67;8.19;pa030​;20250612_123326;1;TUG2;-0,0009;1,0966;-0,0473;-0,0190;0,1070;-0,0131;0,9940;;False
1206,68;8.21;pa030​;20250612_123326;1;TUG2;-0,0009;1,0967;-0,0475;-0,0195;0,1070;-0,0132;0,9940;;False
1206,70;8.22;pa030​;20250612_123326;1;TUG2;-0,0008;1,0968;-0,0477;-0,0204;0,1069;-0,0130;0,9940;;False
1206,71;8.24;pa030​;20250612_123326;1;TUG2;-0,0007;1,0969;-0,0479;-0,0211;0,1069;-0,0131;0,9940;;False
1206,72;8.25;pa030​;20250612_123326;1;TUG2;-0,0007;1,0969;-0,0481;-0,0215;0,1069;-0,0130;0,9940;;False
1206,74;8.26;pa030​;20250612_123326;1;TUG2;-0,0006;1,0970;-0,0483;-0,0219;0,1069;-0,0129;0,9939;;False
1206,75;8.28;pa030​;20250612_123326;1;TUG2;-0,0006;1,0970;-0,0485;-0,0220;0,1069;-0,0129;0,9939;;False
1206,77;8.29;pa030​;20250612_123326;1;TUG2;-0,0005;1,0970;-0,0487;-0,0222;0,1071;-0,0129;0,9939;;False
1206,78;8.31;pa030​;20250612_123326;1;TUG2;-0,0004;1,0971;-0,0488;-0,0223;0,1073;-0,0129;0,9939;;False
1206,79;8.32;pa030​;20250612_123326;1;TUG2;-0,0002;1,0972;-0,0490;-0,0225;0,1076;-0,0130;0,9939;;False
1206,81;8.33;pa030​;20250612_123326;1;TUG2;-0,0001;1,0974;-0,0491;-0,0225;0,1080;-0,0132;0,9938;;False
1206,82;8.35;pa030​;20250612_123326;1;TUG2;0,0000;1,0974;-0,0493;-0,0226;0,1081;-0,0134;0,9938;;False
1206,84;8.36;pa030​;20250612_123326;1;TUG2;0,0000;1,0974;-0,0495;-0,0231;0,1081;-0,0135;0,9938;;False
1206,85;8.37;pa030​;20250612_123326;1;TUG2;0,0000;1,0973;-0,0497;-0,0233;0,1080;-0,0135;0,9938;;False
1206,86;8.39;pa030​;20250612_123326;1;TUG2;0,0000;1,0973;-0,0499;-0,0237;0,1080;-0,0134;0,9938;;False
1206,88;8.4;pa030​;20250612_123326;1;TUG2;0,0000;1,0973;-0,0501;-0,0240;0,1081;-0,0134;0,9938;;False
1206,89;8.42;pa030​;20250612_123326;1;TUG2;0,0000;1,0973;-0,0502;-0,0245;0,1081;-0,0129;0,9938;;False
1206,91;8.43;pa030​;20250612_123326;1;TUG2;0,0000;1,0975;-0,0505;-0,0251;0,1082;-0,0125;0,9937;;False
1206,92;8.44;pa030​;20250612_123326;1;TUG2;0,0000;1,0976;-0,0508;-0,0255;0,1083;-0,0120;0,9937;;False
1206,93;8.46;pa030​;20250612_123326;1;TUG2;0,0000;1,0978;-0,0510;-0,0263;0,1084;-0,0115;0,9937;;False
1206,95;8.47;pa030​;20250612_123326;1;TUG2;-0,0001;1,0979;-0,0511;-0,0270;0,1089;-0,0108;0,9936;;False
1206,96;8.49;pa030​;20250612_123326;1;TUG2;-0,0001;1,0981;-0,0513;-0,0278;0,1092;-0,0102;0,9936;;False
1206,98;8.5;pa030​;20250612_123326;1;TUG2;-0,0002;1,0983;-0,0514;-0,0290;0,1094;-0,0095;0,9935;;False
1206,99;8.51;pa030​;20250612_123326;1;TUG2;-0,0003;1,0986;-0,0515;-0,0304;0,1095;-0,0089;0,9935;;False
1207,00;8.53;pa030​;20250612_123326;1;TUG2;-0,0004;1,0988;-0,0516;-0,0315;0,1098;-0,0084;0,9934;;False
1207,02;8.54;pa030​;20250612_123326;1;TUG2;-0,0005;1,0989;-0,0517;-0,0325;0,1095;-0,0080;0,9934;;False
1207,03;8.55;pa030​;20250612_123326;1;TUG2;-0,0005;1,0991;-0,0519;-0,0334;0,1092;-0,0075;0,9934;;False
1207,04;8.57;pa030​;20250612_123326;1;TUG2;-0,0005;1,0992;-0,0520;-0,0343;0,1088;-0,0074;0,9934;;False
1207,06;8.58;pa030​;20250612_123326;1;TUG2;-0,0006;1,0994;-0,0520;-0,0352;0,1086;-0,0073;0,9934;;False
1207,07;8.6;pa030​;20250612_123326;1;TUG2;-0,0007;1,0995;-0,0519;-0,0362;0,1087;-0,0070;0,9934;;False
1207,09;8.61;pa030​;20250612_123326;1;TUG2;-0,0008;1,0997;-0,0518;-0,0373;0,1088;-0,0065;0,9933;;False
1207,10;8.62;pa030​;20250612_123326;1;TUG2;-0,0009;1,0998;-0,0517;-0,0383;0,1093;-0,0063;0,9933;;False
1207,11;8.64;pa030​;20250612_123326;1;TUG2;-0,0009;1,1000;-0,0516;-0,0391;0,1096;-0,0058;0,9932;;False
1207,13;8.65;pa030​;20250612_123326;1;TUG2;-0,0010;1,1002;-0,0515;-0,0401;0,1100;-0,0053;0,9931;;False
1207,14;8.67;pa030​;20250612_123326;1;TUG2;-0,0010;1,1005;-0,0515;-0,0412;0,1105;-0,0046;0,9930;;False
1207,15;8.68;pa030​;20250612_123326;1;TUG2;-0,0010;1,1008;-0,0515;-0,0423;0,1107;-0,0039;0,9930;;False
1207,17;8.69;pa030​;20250612_123326;1;TUG2;-0,0009;1,1011;-0,0515;-0,0431;0,1106;-0,0033;0,9929;;False
1207,18;8.71;pa030​;20250612_123326;1;TUG2;-0,0010;1,1012;-0,0514;-0,0437;0,1106;-0,0028;0,9929;;False
1207,20;8.72;pa030​;20250612_123326;1;TUG2;-0,0012;1,1013;-0,0513;-0,0438;0,1105;-0,0025;0,9929;;False
1207,21;8.74;pa030​;20250612_123326;1;TUG2;-0,0013;1,1013;-0,0512;-0,0438;0,1104;-0,0022;0,9929;;False
1207,23;8.75;pa030​;20250612_123326;1;TUG2;-0,0014;1,1014;-0,0510;-0,0441;0,1102;-0,0021;0,9929;;False
1207,24;8.76;pa030​;20250612_123326;1;TUG2;-0,0015;1,1015;-0,0509;-0,0445;0,1102;-0,0017;0,9929;;False
1207,25;8.78;pa030​;20250612_123326;1;TUG2;-0,0015;1,1016;-0,0508;-0,0448;0,1104;-0,0019;0,9929;;False
1207,26;8.79;pa030​;20250612_123326;1;TUG2;-0,0015;1,1017;-0,0507;-0,0449;0,1106;-0,0018;0,9929;;False
1207,28;8.8;pa030​;20250612_123326;1;TUG2;-0,0014;1,1018;-0,0507;-0,0449;0,1106;-0,0019;0,9928;;False
1207,29;8.82;pa030​;20250612_123326;1;TUG2;-0,0013;1,1018;-0,0506;-0,0449;0,1107;-0,0017;0,9928;;False
1207,31;8.83;pa030​;20250612_123326;1;TUG2;-0,0013;1,1019;-0,0504;-0,0447;0,1107;-0,0016;0,9928;;False
1207,32;8.85;pa030​;20250612_123326;1;TUG2;-0,0013;1,1019;-0,0502;-0,0446;0,1109;-0,0014;0,9928;;False
1207,33;8.86;pa030​;20250612_123326;1;TUG2;-0,0013;1,1018;-0,0500;-0,0443;0,1112;-0,0013;0,9928;;False
1207,35;8.87;pa030​;20250612_123326;1;TUG2;-0,0014;1,1017;-0,0498;-0,0433;0,1111;-0,0012;0,9929;;False
1207,36;8.89;pa030​;20250612_123326;1;TUG2;-0,0014;1,1015;-0,0496;-0,0423;0,1111;-0,0012;0,9929;;False
1207,38;8.9;pa030​;20250612_123326;1;TUG2;-0,0015;1,1013;-0,0494;-0,0414;0,1107;-0,0011;0,9930;;False
1207,39;8.91;pa030​;20250612_123326;1;TUG2;-0,0016;1,1012;-0,0491;-0,0404;0,1102;-0,0011;0,9931;;False
1207,40;8.93;pa030​;20250612_123326;1;TUG2;-0,0018;1,1008;-0,0488;-0,0389;0,1096;-0,0010;0,9932;;False
1207,42;8.94;pa030​;20250612_123326;1;TUG2;-0,0020;1,1005;-0,0485;-0,0369;0,1085;-0,0012;0,9934;;False
1207,43;8.96;pa030​;20250612_123326;1;TUG2;-0,0023;1,1000;-0,0482;-0,0348;0,1068;-0,0016;0,9937;;False
1207,45;8.97;pa030​;20250612_123326;1;TUG2;-0,0027;1,0994;-0,0478;-0,0316;0,1048;-0,0020;0,9940;;False
1207,46;8.99;pa030​;20250612_123326;1;TUG2;-0,0032;1,0986;-0,0473;-0,0271;0,1018;-0,0021;0,9944;;False
1207,47;9.0;pa030​;20250612_123326;1;TUG2;-0,0037;1,0976;-0,0468;-0,0219;0,0986;-0,0026;0,9949;;False
1207,49;9.01;pa030​;20250612_123326;1;TUG2;-0,0042;1,0966;-0,0462;-0,0164;0,0945;-0,0026;0,9954;;False
1207,50;9.03;pa030​;20250612_123326;1;TUG2;-0,0048;1,0955;-0,0456;-0,0101;0,0900;-0,0027;0,9959;;False
1207,52;9.04;pa030​;20250612_123326;1;TUG2;-0,0055;1,0943;-0,0451;-0,0036;0,0850;-0,0029;0,9964;;False
1207,53;9.06;pa030​;20250612_123326;1;TUG2;-0,0063;1,0929;-0,0445;0,0034;0,0794;-0,0030;0,9968;;False
1207,54;9.07;pa030​;20250612_123326;1;TUG2;-0,0072;1,0914;-0,0438;0,0111;0,0738;-0,0036;0,9972;;False
1207,56;9.08;pa030​;20250612_123326;1;TUG2;-0,0081;1,0897;-0,0431;0,0202;0,0676;-0,0042;0,9975;;False
1207,57;9.1;pa030​;20250612_123326;1;TUG2;-0,0092;1,0878;-0,0423;0,0301;0,0615;-0,0049;0,9976;;False
1207,59;9.11;pa030​;20250612_123326;1;TUG2;-0,0103;1,0857;-0,0415;0,0410;0,0549;-0,0059;0,9976;;False
1207,60;9.12;pa030​;20250612_123326;1;TUG2;-0,0114;1,0834;-0,0405;0,0523;0,0482;-0,0063;0,9974;;False
1207,61;9.14;pa030​;20250612_123326;1;TUG2;-0,0127;1,0809;-0,0395;0,0644;0,0420;-0,0070;0,9970;;False
1207,63;9.15;pa030​;20250612_123326;1;TUG2;-0,0138;1,0780;-0,0383;0,0767;0,0351;-0,0072;0,9964;;False
1207,64;9.17;pa030​;20250612_123326;1;TUG2;-0,0151;1,0751;-0,0370;0,0896;0,0290;-0,0072;0,9955;;False
1207,65;9.18;pa030​;20250612_123326;1;TUG2;-0,0163;1,0721;-0,0355;0,1035;0,0230;-0,0068;0,9943;;False
1207,67;9.19;pa030​;20250612_123326;1;TUG2;-0,0175;1,0688;-0,0342;0,1175;0,0171;-0,0058;0,9929;;False
1207,68;9.21;pa030​;20250612_123326;1;TUG2;-0,0185;1,0654;-0,0331;0,1329;0,0111;-0,0048;0,9910;;False
1207,70;9.22;pa030​;20250612_123326;1;TUG2;-0,0196;1,0619;-0,0323;0,1495;0,0055;-0,0036;0,9887;;False
1207,71;9.24;pa030​;20250612_123326;1;TUG2;-0,0206;1,0583;-0,0318;0,1658;0,0001;-0,0025;0,9862;;False
1207,72;9.25;pa030​;20250612_123326;1;TUG2;-0,0216;1,0551;-0,0311;0,1806;-0,0046;-0,0006;0,9835;;False
1207,74;9.26;pa030​;20250612_123326;1;TUG2;-0,0224;1,0521;-0,0305;0,1928;-0,0091;0,0003;0,9812;;False
1207,75;9.28;pa030​;20250612_123326;1;TUG2;-0,0232;1,0494;-0,0298;0,2026;-0,0130;0,0017;0,9792;;False
1207,77;9.29;pa030​;20250612_123326;1;TUG2;-0,0239;1,0472;-0,0293;0,2103;-0,0165;0,0033;0,9775;;False
1207,78;9.31;pa030​;20250612_123326;1;TUG2;-0,0244;1,0456;-0,0288;0,2142;-0,0189;0,0043;0,9766;;False
1207,79;9.32;pa030​;20250612_123326;1;TUG2;-0,0248;1,0443;-0,0283;0,2178;-0,0210;0,0050;0,9758;;False
1207,81;9.33;pa030​;20250612_123326;1;TUG2;-0,0253;1,0435;-0,0280;0,2187;-0,0218;0,0051;0,9755;;False
1207,82;9.35;pa030​;20250612_123326;1;TUG2;-0,0257;1,0429;-0,0278;0,2201;-0,0229;0,0054;0,9752;;False
1207,84;9.36;pa030​;20250612_123326;1;TUG2;-0,0262;1,0426;-0,0277;0,2207;-0,0230;0,0065;0,9750;;False
1207,85;9.37;pa030​;20250612_123326;1;TUG2;-0,0265;1,0425;-0,0276;0,2208;-0,0237;0,0072;0,9750;;False
1207,86;9.39;pa030​;20250612_123326;1;TUG2;-0,0268;1,0426;-0,0277;0,2192;-0,0241;0,0077;0,9753;;False
1207,88;9.4;pa030​;20250612_123326;1;TUG2;-0,0272;1,0428;-0,0279;0,2175;-0,0241;0,0079;0,9757;;False
1207,89;9.42;pa030​;20250612_123326;1;TUG2;-0,0275;1,0431;-0,0282;0,2155;-0,0243;0,0081;0,9762;;False
1207,90;9.43;pa030​;20250612_123326;1;TUG2;-0,0277;1,0433;-0,0282;0,2132;-0,0241;0,0082;0,9767;;False
1207,92;9.44;pa030​;20250612_123326;1;TUG2;-0,0279;1,0434;-0,0283;0,2114;-0,0241;0,0081;0,9771;;False
1207,93;9.46;pa030​;20250612_123326;1;TUG2;-0,0280;1,0435;-0,0284;0,2101;-0,0239;0,0084;0,9774;;False
1207,95;9.47;pa030​;20250612_123326;1;TUG2;-0,0282;1,0437;-0,0284;0,2092;-0,0239;0,0084;0,9775;;False
1207,96;9.49;pa030​;20250612_123326;1;TUG2;-0,0283;1,0438;-0,0286;0,2079;-0,0235;0,0081;0,9778;;False
1207,97;9.5;pa030​;20250612_123326;1;TUG2;-0,0284;1,0438;-0,0288;0,2069;-0,0232;0,0078;0,9781;;False
1207,99;9.51;pa030​;20250612_123326;1;TUG2;-0,0286;1,0440;-0,0292;0,2055;-0,0228;0,0075;0,9784;;False
1208,00;9.53;pa030​;20250612_123326;1;TUG2;-0,0286;1,0445;-0,0299;0,2042;-0,0222;0,0076;0,9787;;False
1208,02;9.54;pa030​;20250612_123326;1;TUG2;-0,0287;1,0450;-0,0304;0,2016;-0,0214;0,0069;0,9792;;False
1208,03;9.56;pa030​;20250612_123326;1;TUG2;-0,0287;1,0458;-0,0309;0,1985;-0,0204;0,0063;0,9799;;False
1208,04;9.57;pa030​;20250612_123326;1;TUG2;-0,0286;1,0468;-0,0314;0,1943;-0,0190;0,0057;0,9807;;False
1208,06;9.58;pa030​;20250612_123326;1;TUG2;-0,0285;1,0480;-0,0321;0,1895;-0,0172;0,0053;0,9817;;False
1208,07;9.6;pa030​;20250612_123326;1;TUG2;-0,0283;1,0493;-0,0328;0,1840;-0,0157;0,0050;0,9828;;False
1208,09;9.61;pa030​;20250612_123326;1;TUG2;-0,0281;1,0510;-0,0336;0,1774;-0,0141;0,0051;0,9840;;False
1208,10;9.62;pa030​;20250612_123326;1;TUG2;-0,0278;1,0529;-0,0344;0,1700;-0,0120;0,0046;0,9854;;False
1208,11;9.64;pa030​;20250612_123326;1;TUG2;-0,0274;1,0546;-0,0354;0,1619;-0,0099;0,0048;0,9867;;False
1208,13;9.65;pa030​;20250612_123326;1;TUG2;-0,0269;1,0563;-0,0365;0,1538;-0,0080;0,0045;0,9881;;False
1208,14;9.67;pa030​;20250612_123326;1;TUG2;-0,0267;1,0581;-0,0371;0,1462;-0,0055;0,0042;0,9892;;False
1208,15;9.68;pa030​;20250612_123326;1;TUG2;-0,0263;1,0597;-0,0375;0,1385;-0,0036;0,0037;0,9904;;False
1208,17;9.69;pa030​;20250612_123326;1;TUG2;-0,0261;1,0611;-0,0378;0,1304;-0,0016;0,0036;0,9915;;False
1208,18;9.71;pa030​;20250612_123326;1;TUG2;-0,0259;1,0625;-0,0381;0,1237;0,0005;0,0031;0,9923;;False
1208,20;9.72;pa030​;20250612_123326;1;TUG2;-0,0258;1,0635;-0,0385;0,1191;0,0029;0,0027;0,9929;;False
1208,21;9.73;pa030​;20250612_123326;1;TUG2;-0,0257;1,0645;-0,0392;0,1158;0,0049;0,0022;0,9933;;False
1208,22;9.75;pa030​;20250612_123326;1;TUG2;-0,0256;1,0652;-0,0401;0,1146;0,0067;0,0022;0,9934;;False
1208,24;9.76;pa030​;20250612_123326;1;TUG2;-0,0253;1,0659;-0,0413;0,1146;0,0076;0,0024;0,9934;;False
1208,25;9.78;pa030​;20250612_123326;1;TUG2;-0,0253;1,0667;-0,0425;0,1152;0,0088;0,0029;0,9933;;False
1208,27;9.79;pa030​;20250612_123326;1;TUG2;-0,0254;1,0676;-0,0435;0,1148;0,0097;0,0035;0,9933;;False
1208,28;9.8;pa030​;20250612_123326;1;TUG2;-0,0255;1,0687;-0,0446;0,1135;0,0104;0,0037;0,9935;;False
1208,30;9.82;pa030​;20250612_123326;1;TUG2;-0,0256;1,0699;-0,0457;0,1095;0,0117;0,0031;0,9939;;False
1208,32;9.85;pa030​;20250612_123326;1;TUG2;-0,0257;1,0731;-0,0478;0,0980;0,0146;0,0018;0,9951;;False
1208,34;9.86;pa030​;20250612_123326;1;TUG2;-0,0259;1,0748;-0,0487;0,0902;0,0160;0,0017;0,9958;;False
1208,36;9.89;pa030​;20250612_123326;1;TUG2;-0,0262;1,0776;-0,0509;0,0761;0,0185;0,0004;0,9969;;False
1208,38;9.9;pa030​;20250612_123326;1;TUG2;-0,0266;1,0793;-0,0519;0,0681;0,0203;-0,0001;0,9975;;False
1208,39;9.92;pa030​;20250612_123326;1;TUG2;-0,0268;1,0814;-0,0528;0,0589;0,0222;-0,0011;0,9980;;False
1208,40;9.93;pa030​;20250612_123326;1;TUG2;-0,0270;1,0834;-0,0538;0,0498;0,0248;-0,0013;0,9985;;False
1208,42;9.94;pa030​;20250612_123326;1;TUG2;-0,0272;1,0852;-0,0550;0,0412;0,0270;-0,0005;0,9988;;False
1208,43;9.96;pa030​;20250612_123326;1;TUG2;-0,0277;1,0870;-0,0563;0,0338;0,0295;0,0002;0,9990;;False
1208,45;9.97;pa030​;20250612_123326;1;TUG2;-0,0283;1,0886;-0,0577;0,0264;0,0312;0,0011;0,9992;;False
1208,46;9.99;pa030​;20250612_123326;1;TUG2;-0,0289;1,0902;-0,0592;0,0199;0,0326;0,0018;0,9993;;False
1208,47;10.0;pa030​;20250612_123326;1;TUG2;-0,0294;1,0916;-0,0609;0,0135;0,0342;0,0031;0,9993;;False
1208,49;10.01;pa030​;20250612_123326;1;TUG2;-0,0300;1,0929;-0,0626;0,0068;0,0361;0,0040;0,9993;;False
1208,50;10.03;pa030​;20250612_123326;1;TUG2;-0,0307;1,0950;-0,0643;-0,0006;0,0379;0,0052;0,9993;;False
1208,52;10.04;pa030​;20250612_123326;1;TUG2;-0,0313;1,0972;-0,0659;-0,0096;0,0399;0,0059;0,9991;;False
1208,53;10.06;pa030​;20250612_123326;1;TUG2;-0,0317;1,0998;-0,0678;-0,0198;0,0426;0,0061;0,9989;;False
1208,54;10.07;pa030​;20250612_123326;1;TUG2;-0,0317;1,1022;-0,0694;-0,0296;0,0453;0,0070;0,9985;;False
1208,56;10.08;pa030​;20250612_123326;1;TUG2;-0,0318;1,1044;-0,0712;-0,0393;0,0500;0,0068;0,9979;;False
1208,57;10.1;pa030​;20250612_123326;1;TUG2;-0,0314;1,1066;-0,0730;-0,0494;0,0564;0,0056;0,9972;;False
1208,59;10.11;pa030​;20250612_123326;1;TUG2;-0,0306;1,1092;-0,0746;-0,0599;0,0649;0,0050;0,9961;;False
1208,60;10.12;pa030​;20250612_123326;1;TUG2;-0,0296;1,1116;-0,0760;-0,0710;0,0761;0,0055;0,9946;;False
1208,61;10.14;pa030​;20250612_123326;1;TUG2;-0,0282;1,1137;-0,0773;-0,0825;0,0878;0,0059;0,9927;;False
1208,63;10.15;pa030​;20250612_123326;1;TUG2;-0,0271;1,1153;-0,0787;-0,0917;0,1002;0,0065;0,9907;;False
1208,64;10.17;pa030​;20250612_123326;1;TUG2;-0,0258;1,1163;-0,0797;-0,0979;0,1123;0,0065;0,9888;;False
1208,66;10.18;pa030​;20250612_123326;1;TUG2;-0,0245;1,1168;-0,0805;-0,1016;0,1238;0,0076;0,9871;;False
1208,67;10.19;pa030​;20250612_123326;1;TUG2;-0,0235;1,1170;-0,0810;-0,1027;0,1343;0,0088;0,9856;;False
1208,68;10.21;pa030​;20250612_123326;1;TUG2;-0,0227;1,1169;-0,0809;-0,1032;0,1412;0,0104;0,9845;;False
1208,70;10.22;pa030​;20250612_123326;1;TUG2;-0,0224;1,1164;-0,0804;-0,1020;0,1447;0,0115;0,9841;;False
1208,71;10.24;pa030​;20250612_123326;1;TUG2;-0,0224;1,1158;-0,0795;-0,1008;0,1470;0,0121;0,9839;;False
1208,72;10.25;pa030​;20250612_123326;1;TUG2;-0,0226;1,1147;-0,0783;-0,0987;0,1466;0,0111;0,9842;;False
1208,74;10.26;pa030​;20250612_123326;1;TUG2;-0,0226;1,1132;-0,0769;-0,0945;0,1449;0,0094;0,9849;;False
1208,75;10.28;pa030​;20250612_123326;1;TUG2;-0,0226;1,1116;-0,0756;-0,0886;0,1431;0,0086;0,9857;;False
1208,77;10.29;pa030​;20250612_123326;1;TUG2;-0,0229;1,1098;-0,0743;-0,0813;0,1404;0,0075;0,9867;;False
1208,78;10.31;pa030​;20250612_123326;1;TUG2;-0,0234;1,1082;-0,0732;-0,0733;0,1365;0,0060;0,9879;;False
1208,79;10.32;pa030​;20250612_123326;1;TUG2;-0,0237;1,1070;-0,0724;-0,0687;0,1318;0,0049;0,9889;;False
1208,81;10.33;pa030​;20250612_123326;1;TUG2;-0,0238;1,1066;-0,0721;-0,0667;0,1284;0,0044;0,9895;;False
1208,82;10.35;pa030​;20250612_123326;1;TUG2;-0,0237;1,1065;-0,0719;-0,0683;0,1277;0,0045;0,9895;;False
1208,84;10.36;pa030​;20250612_123326;1;TUG2;-0,0235;1,1064;-0,0718;-0,0702;0,1276;0,0041;0,9893;;False
1208,85;10.37;pa030​;20250612_123326;1;TUG2;-0,0235;1,1068;-0,0722;-0,0739;0,1284;0,0042;0,9890;;False
1208,86;10.39;pa030​;20250612_123326;1;TUG2;-0,0234;1,1064;-0,0718;-0,0786;0,1294;0,0045;0,9885;;False
1208,88;10.4;pa030​;20250612_123326;1;TUG2;-0,0223;1,1084;-0,0726;-0,0841;0,1309;0,0059;0,9878;;False
1208,89;10.42;pa030​;20250612_123326;1;TUG2;-0,0216;1,1092;-0,0729;-0,0901;0,1336;0,0080;0,9869;;False
1208,90;10.43;pa030​;20250612_123326;1;TUG2;-0,0211;1,1100;-0,0733;-0,0946;0,1359;0,0098;0,9861;;False
1208,92;10.44;pa030​;20250612_123326;1;TUG2;-0,0206;1,1104;-0,0736;-0,0976;0,1375;0,0117;0,9856;;False
1208,93;10.46;pa030​;20250612_123326;1;TUG2;-0,0203;1,1106;-0,0740;-0,0993;0,1386;0,0139;0,9853;;False
1208,95;10.47;pa030​;20250612_123326;1;TUG2;-0,0201;1,1108;-0,0743;-0,0987;0,1387;0,0155;0,9853;;False
1208,96;10.49;pa030​;20250612_123326;1;TUG2;-0,0198;1,1109;-0,0742;-0,0992;0,1377;0,0169;0,9853;;False
1208,98;10.5;pa030​;20250612_123326;1;TUG2;-0,0195;1,1113;-0,0741;-0,1011;0,1366;0,0184;0,9853;;False
1208,99;10.51;pa030​;20250612_123326;1;TUG2;-0,0191;1,1115;-0,0739;-0,1032;0,1355;0,0197;0,9852;;False
1209,00;10.53;pa030​;20250612_123326;1;TUG2;-0,0188;1,1113;-0,0736;-0,1035;0,1340;0,0206;0,9853;;False
1209,02;10.54;pa030​;20250612_123326;1;TUG2;-0,0184;1,1112;-0,0732;-0,1021;0,1323;0,0213;0,9857;;False
1209,03;10.55;pa030​;20250612_123326;1;TUG2;-0,0177;1,1112;-0,0727;-0,1010;0,1307;0,0218;0,9860;;False
1209,04;10.57;pa030​;20250612_123326;1;TUG2;-0,0168;1,1114;-0,0719;-0,1009;0,1304;0,0225;0,9861;;False
1209,06;10.58;pa030​;20250612_123326;1;TUG2;-0,0158;1,1117;-0,0712;-0,1013;0,1310;0,0229;0,9859;;False
1209,07;10.6;pa030​;20250612_123326;1;TUG2;-0,0148;1,1121;-0,0702;-0,1020;0,1320;0,0228;0,9857;;False
1209,08;10.61;pa030​;20250612_123326;1;TUG2;-0,0136;1,1125;-0,0694;-0,1031;0,1331;0,0231;0,9855;;False
1209,10;10.62;pa030​;20250612_123326;1;TUG2;-0,0125;1,1128;-0,0688;-0,1038;0,1350;0,0224;0,9851;;False
1209,11;10.64;pa030​;20250612_123326;1;TUG2;-0,0115;1,1131;-0,0682;-0,1048;0,1370;0,0210;0,9848;;False
1209,13;10.65;pa030​;20250612_123326;1;TUG2;-0,0104;1,1135;-0,0678;-0,1061;0,1388;0,0205;0,9844;;False
1209,14;10.67;pa030​;20250612_123326;1;TUG2;-0,0095;1,1138;-0,0673;-0,1077;0,1404;0,0199;0,9840;;False
1209,15;10.68;pa030​;20250612_123326;1;TUG2;-0,0088;1,1141;-0,0669;-0,1095;0,1415;0,0189;0,9837;;False
1209,17;10.69;pa030​;20250612_123326;1;TUG2;-0,0081;1,1143;-0,0666;-0,1110;0,1423;0,0183;0,9834;;False
1209,18;10.71;pa030​;20250612_123326;1;TUG2;-0,0073;1,1145;-0,0663;-0,1124;0,1435;0,0181;0,9831;;False
1209,20;10.72;pa030​;20250612_123326;1;TUG2;-0,0066;1,1147;-0,0660;-0,1145;0,1456;0,0170;0,9825;;False
1209,21;10.73;pa030​;20250612_123326;1;TUG2;-0,0059;1,1149;-0,0655;-0,1169;0,1479;0,0170;0,9819;;False
1209,22;10.75;pa030​;20250612_123326;1;TUG2;-0,0054;1,1149;-0,0650;-0,1187;0,1495;0,0181;0,9814;;False
1209,24;10.76;pa030​;20250612_123326;1;TUG2;-0,0050;1,1148;-0,0646;-0,1192;0,1503;0,0189;0,9812;;False
1209,25;10.78;pa030​;20250612_123326;1;TUG2;-0,0047;1,1144;-0,0641;-0,1183;0,1498;0,0195;0,9814;;False
1209,26;10.79;pa030​;20250612_123326;1;TUG2;-0,0046;1,1140;-0,0638;-0,1165;0,1481;0,0195;0,9819;;False
1209,28;10.8;pa030​;20250612_123326;1;TUG2;-0,0046;1,1137;-0,0634;-0,1160;0,1464;0,0179;0,9823;;False
1209,29;10.82;pa030​;20250612_123326;1;TUG2;-0,0044;1,1134;-0,0633;-0,1170;0,1465;0,0145;0,9822;;False
1209,31;10.83;pa030​;20250612_123326;1;TUG2;-0,0044;1,1131;-0,0632;-0,1174;0,1479;0,0134;0,9819;;False
1209,32;10.85;pa030​;20250612_123326;1;TUG2;-0,0046;1,1128;-0,0630;-0,1167;0,1490;0,0127;0,9818;;False
1209,34;10.86;pa030​;20250612_123326;1;TUG2;-0,0050;1,1125;-0,0631;-0,1157;0,1481;0,0137;0,9821;;False
1209,35;10.87;pa030​;20250612_123326;1;TUG2;-0,0054;1,1122;-0,0633;-0,1147;0,1470;0,0140;0,9824;;False
1209,36;10.89;pa030​;20250612_123326;1;TUG2;-0,0055;1,1118;-0,0638;-0,1136;0,1463;0,0152;0,9826;;False
1209,38;10.9;pa030​;20250612_123326;1;TUG2;-0,0057;1,1115;-0,0645;-0,1126;0,1465;0,0161;0,9827;;False
1209,39;10.91;pa030​;20250612_123326;1;TUG2;-0,0058;1,1111;-0,0652;-0,1120;0,1472;0,0157;0,9826;;False
1209,41;10.93;pa030​;20250612_123326;1;TUG2;-0,0060;1,1109;-0,0660;-0,1114;0,1480;0,0158;0,9826;;False
1209,42;10.94;pa030​;20250612_123326;1;TUG2;-0,0061;1,1108;-0,0665;-0,1125;0,1474;0,0161;0,9825;;False
1209,43;10.96;pa030​;20250612_123326;1;TUG2;-0,0065;1,1109;-0,0668;-0,1141;0,1460;0,0149;0,9826;;False
1209,45;10.97;pa030​;20250612_123326;1;TUG2;-0,0068;1,1108;-0,0673;-0,1145;0,1453;0,0131;0,9827;;False
1209,46;10.99;pa030​;20250612_123326;1;TUG2;-0,0068;1,1107;-0,0681;-0,1128;0,1453;0,0117;0,9829;;False
1209,47;11.0;pa030​;20250612_123326;1;TUG2;-0,0069;1,1109;-0,0689;-0,1117;0,1452;0,0110;0,9830;;False
1209,49;11.01;pa030​;20250612_123326;1;TUG2;-0,0070;1,1112;-0,0698;-0,1119;0,1443;0,0113;0,9831;;False
1209,50;11.03;pa030​;20250612_123326;1;TUG2;-0,0069;1,1116;-0,0706;-0,1126;0,1434;0,0116;0,9832;;False
1209,52;11.04;pa030​;20250612_123326;1;TUG2;-0,0068;1,1119;-0,0716;-0,1133;0,1431;0,0106;0,9831;;False
1209,53;11.06;pa030​;20250612_123326;1;TUG2;-0,0067;1,1123;-0,0726;-0,1142;0,1427;0,0092;0,9831;;False
1209,54;11.07;pa030​;20250612_123326;1;TUG2;-0,0065;1,1127;-0,0734;-0,1154;0,1422;0,0085;0,9830;;False
1209,56;11.08;pa030​;20250612_123326;1;TUG2;-0,0063;1,1133;-0,0740;-0,1167;0,1418;0,0070;0,9830;;False
1209,57;11.1;pa030​;20250612_123326;1;TUG2;-0,0060;1,1139;-0,0746;-0,1185;0,1413;0,0049;0,9828;;False
1209,59;11.11;pa030​;20250612_123326;1;TUG2;-0,0058;1,1144;-0,0753;-0,1205;0,1406;0,0033;0,9827;;False
1209,60;11.13;pa030​;20250612_123326;1;TUG2;-0,0056;1,1147;-0,0761;-0,1221;0,1396;0,0013;0,9827;;False
1209,61;11.14;pa030​;20250612_123326;1;TUG2;-0,0054;1,1150;-0,0768;-0,1232;0,1388;-0,0011;0,9826;;False
1209,63;11.15;pa030​;20250612_123326;1;TUG2;-0,0051;1,1154;-0,0775;-0,1247;0,1384;-0,0035;0,9825;;False
1209,64;11.17;pa030​;20250612_123326;1;TUG2;-0,0050;1,1160;-0,0780;-0,1267;0,1386;-0,0059;0,9822;;False
1209,65;11.18;pa030​;20250612_123326;1;TUG2;-0,0048;1,1166;-0,0785;-0,1289;0,1392;-0,0072;0,9818;;False
1209,67;11.19;pa030​;20250612_123326;1;TUG2;-0,0045;1,1170;-0,0787;-0,1309;0,1405;-0,0078;0,9814;;False
1209,68;11.21;pa030​;20250612_123326;1;TUG2;-0,0042;1,1176;-0,0788;-0,1326;0,1420;-0,0072;0,9809;;False
1209,70;11.22;pa030​;20250612_123326;1;TUG2;-0,0038;1,1181;-0,0787;-0,1349;0,1433;-0,0051;0,9804;;False
1209,71;11.24;pa030​;20250612_123326;1;TUG2;-0,0034;1,1187;-0,0785;-0,1372;0,1448;-0,0033;0,9799;;False
1209,72;11.25;pa030​;20250612_123326;1;TUG2;-0,0028;1,1189;-0,0783;-0,1386;0,1461;-0,0021;0,9795;;False
1209,74;11.26;pa030​;20250612_123326;1;TUG2;-0,0023;1,1187;-0,0779;-0,1383;0,1480;-0,0018;0,9793;;False
1209,75;11.28;pa030​;20250612_123326;1;TUG2;-0,0016;1,1186;-0,0774;-0,1384;0,1495;-0,0016;0,9790;;False
1209,77;11.29;pa030​;20250612_123326;1;TUG2;-0,0010;1,1184;-0,0768;-0,1386;0,1508;-0,0017;0,9788;;False
1209,78;11.31;pa030​;20250612_123326;1;TUG2;-0,0004;1,1181;-0,0761;-0,1386;0,1514;-0,0017;0,9787;;False
1209,79;11.32;pa030​;20250612_123326;1;TUG2;0,0002;1,1178;-0,0754;-0,1375;0,1516;-0,0022;0,9788;;False
1209,81;11.33;pa030​;20250612_123326;1;TUG2;0,0005;1,1173;-0,0747;-0,1352;0,1513;-0,0029;0,9792;;False
1209,82;11.35;pa030​;20250612_123326;1;TUG2;0,0008;1,1166;-0,0740;-0,1327;0,1506;-0,0042;0,9796;;False
1209,84;11.36;pa030​;20250612_123326;1;TUG2;0,0010;1,1160;-0,0733;-0,1305;0,1493;-0,0049;0,9801;;False
1209,85;11.38;pa030​;20250612_123326;1;TUG2;0,0011;1,1155;-0,0726;-0,1288;0,1479;-0,0055;0,9806;;False
1209,86;11.39;pa030​;20250612_123326;1;TUG2;0,0012;1,1150;-0,0720;-0,1272;0,1462;-0,0059;0,9810;;False
1209,88;11.4;pa030​;20250612_123326;1;TUG2;0,0013;1,1146;-0,0714;-0,1255;0,1448;-0,0063;0,9814;;False
1209,89;11.42;pa030​;20250612_123326;1;TUG2;0,0014;1,1143;-0,0710;-0,1241;0,1436;-0,0063;0,9818;;False
1209,91;11.43;pa030​;20250612_123326;1;TUG2;0,0016;1,1141;-0,0706;-0,1227;0,1427;-0,0062;0,9821;;False
1209,92;11.44;pa030​;20250612_123326;1;TUG2;0,0019;1,1139;-0,0704;-0,1219;0,1424;-0,0061;0,9823;;False
1209,93;11.46;pa030​;20250612_123326;1;TUG2;0,0022;1,1138;-0,0704;-0,1215;0,1425;-0,0057;0,9823;;False
1209,95;11.47;pa030​;20250612_123326;1;TUG2;0,0024;1,1138;-0,0705;-0,1210;0,1429;-0,0052;0,9823;;False
1209,96;11.49;pa030​;20250612_123326;1;TUG2;0,0026;1,1136;-0,0703;-0,1213;0,1433;-0,0049;0,9822;;False
1209,97;11.5;pa030​;20250612_123326;1;TUG2;0,0029;1,1137;-0,0706;-0,1216;0,1436;-0,0046;0,9821;;False
1209,99;11.51;pa030​;20250612_123326;1;TUG2;0,0031;1,1138;-0,0709;-0,1220;0,1442;-0,0047;0,9820;;False
1210,00;11.53;pa030​;20250612_123326;1;TUG2;0,0034;1,1139;-0,0713;-0,1227;0,1451;-0,0047;0,9818;;False
1210,02;11.54;pa030​;20250612_123326;1;TUG2;0,0036;1,1139;-0,0716;-0,1232;0,1458;-0,0045;0,9816;;False
1210,03;11.56;pa030​;20250612_123326;1;TUG2;0,0039;1,1140;-0,0718;-0,1233;0,1464;-0,0043;0,9815;;False
1210,04;11.57;pa030​;20250612_123326;1;TUG2;0,0042;1,1141;-0,0720;-0,1233;0,1467;-0,0040;0,9815;;False
1210,06;11.58;pa030​;20250612_123326;1;TUG2;0,0044;1,1141;-0,0722;-0,1226;0,1467;-0,0037;0,9815;;False
1210,07;11.6;pa030​;20250612_123326;1;TUG2;0,0045;1,1140;-0,0723;-0,1221;0,1467;-0,0036;0,9816;;False
1210,09;11.61;pa030​;20250612_123326;1;TUG2;0,0045;1,1139;-0,0724;-0,1213;0,1468;-0,0034;0,9817;;False
1210,10;11.63;pa030​;20250612_123326;1;TUG2;0,0046;1,1137;-0,0724;-0,1206;0,1466;-0,0032;0,9818;;False
1210,11;11.64;pa030​;20250612_123326;1;TUG2;0,0046;1,1136;-0,0725;-0,1201;0,1464;-0,0028;0,9819;;False
1210,13;11.65;pa030​;20250612_123326;1;TUG2;0,0046;1,1135;-0,0725;-0,1198;0,1454;-0,0021;0,9821;;False
1210,14;11.67;pa030​;20250612_123326;1;TUG2;0,0044;1,1134;-0,0724;-0,1192;0,1429;-0,0010;0,9825;;False
1210,16;11.68;pa030​;20250612_123326;1;TUG2;0,0039;1,1134;-0,0723;-0,1184;0,1387;-0,0004;0,9832;;False
1210,17;11.7;pa030​;20250612_123326;1;TUG2;0,0024;1,1133;-0,0717;-0,1172;0,1316;0,0002;0,9844;;False
1210,18;11.71;pa030​;20250612_123326;1;TUG2;0,0009;1,1130;-0,0711;-0,1156;0,1213;0,0006;0,9859;;False
1210,20;11.72;pa030​;20250612_123326;1;TUG2;-0,0013;1,1127;-0,0704;-0,1135;0,1067;0,0007;0,9878;;False
1210,21;11.74;pa030​;20250612_123326;1;TUG2;-0,0042;1,1121;-0,0695;-0,1117;0,0865;-0,0011;0,9900;;False
1210,22;11.75;pa030​;20250612_123326;1;TUG2;-0,0075;1,1114;-0,0687;-0,1086;0,0650;-0,0033;0,9920;;False
1210,24;11.76;pa030​;20250612_123326;1;TUG2;-0,0107;1,1104;-0,0682;-0,1046;0,0421;-0,0074;0,9936;;False
1210,25;11.78;pa030​;20250612_123326;1;TUG2;-0,0132;1,1096;-0,0681;-0,0997;0,0227;-0,0142;0,9947;;False
1210,27;11.79;pa030​;20250612_123326;1;TUG2;-0,0149;1,1093;-0,0682;-0,0962;0,0080;-0,0190;0,9951;;False
1210,28;11.8;pa030​;20250612_123326;1;TUG2;-0,0150;1,1097;-0,0684;-0,0965;0,0051;-0,0204;0,9951;;False
1210,29;11.82;pa030​;20250612_123326;1;TUG2;-0,0142;1,1099;-0,0683;-0,0975;0,0093;-0,0187;0,9950;;False
1210,31;11.83;pa030​;20250612_123326;1;TUG2;-0,0130;1,1096;-0,0682;-0,0981;0,0177;-0,0158;0,9949;;False
1210,32;11.85;pa030​;20250612_123326;1;TUG2;-0,0138;1,1092;-0,0681;-0,0968;0,0293;-0,0133;0,9948;;False
1210,34;11.86;pa030​;20250612_123326;1;TUG2;-0,0102;1,1088;-0,0684;-0,0956;0,0414;-0,0103;0,9945;;False
1210,35;11.87;pa030​;20250612_123326;1;TUG2;-0,0087;1,1089;-0,0684;-0,0951;0,0546;-0,0070;0,9939;;False
1210,36;11.89;pa030​;20250612_123326;1;TUG2;-0,0071;1,1089;-0,0685;-0,0950;0,0670;-0,0051;0,9932;;False
1210,38;11.9;pa030​;20250612_123326;1;TUG2;-0,0056;1,1089;-0,0687;-0,0949;0,0792;-0,0040;0,9923;;False
1210,39;11.92;pa030​;20250612_123326;1;TUG2;-0,0041;1,1089;-0,0688;-0,0953;0,0908;-0,0029;0,9913;;False
1210,41;11.93;pa030​;20250612_123326;1;TUG2;-0,0027;1,1090;-0,0690;-0,0952;0,1022;-0,0020;0,9902;;False
1210,42;11.95;pa030​;20250612_123326;1;TUG2;-0,0013;1,1091;-0,0692;-0,0955;0,1121;-0,0018;0,9891;;False
1210,43;11.96;pa030​;20250612_123326;1;TUG2;-0,0002;1,1091;-0,0693;-0,0959;0,1213;-0,0016;0,9880;;False
1210,45;11.97;pa030​;20250612_123326;1;TUG2;0,0007;1,1091;-0,0694;-0,0962;0,1280;-0,0014;0,9871;;False
1210,46;11.99;pa030​;20250612_123326;1;TUG2;0,0014;1,1092;-0,0694;-0,0967;0,1325;-0,0015;0,9865;;False
1210,47;12.0;pa030​;20250612_123326;1;TUG2;0,0018;1,1093;-0,0694;-0,0974;0,1358;-0,0016;0,9859;;False
1210,49;12.01;pa030​;20250612_123326;1;TUG2;0,0023;1,1094;-0,0694;-0,0983;0,1373;-0,0021;0,9856;;False
1210,50;12.03;pa030​;20250612_123326;1;TUG2;0,0027;1,1095;-0,0694;-0,0988;0,1385;-0,0029;0,9854;;False
1210,52;12.04;pa030​;20250612_123326;1;TUG2;0,0029;1,1095;-0,0692;-0,0991;0,1398;-0,0035;0,9852;;False
1210,53;12.05;pa030​;20250612_123326;1;TUG2;0,0032;1,1096;-0,0690;-0,0987;0,1399;-0,0046;0,9852;;False
1210,54;12.07;pa030​;20250612_123326;1;TUG2;0,0035;1,1096;-0,0690;-0,0984;0,1394;-0,0055;0,9853;;False
1210,56;12.08;pa030​;20250612_123326;1;TUG2;0,0035;1,1094;-0,0687;-0,0981;0,1389;-0,0061;0,9854;;False
1210,57;12.1;pa030​;20250612_123326;1;TUG2;0,0035;1,1093;-0,0684;-0,0975;0,1383;-0,0063;0,9856;;False
1210,59;12.11;pa030​;20250612_123326;1;TUG2;0,0035;1,1092;-0,0681;-0,0968;0,1371;-0,0067;0,9858;;False
1210,60;12.13;pa030​;20250612_123326;1;TUG2;0,0033;1,1090;-0,0678;-0,0961;0,1358;-0,0069;0,9860;;False
1210,61;12.14;pa030​;20250612_123326;1;TUG2;0,0033;1,1089;-0,0675;-0,0955;0,1347;-0,0071;0,9862;;False
1210,63;12.15;pa030​;20250612_123326;1;TUG2;0,0032;1,1087;-0,0673;-0,0950;0,1336;-0,0074;0,9864;;False
1210,64;12.17;pa030​;20250612_123326;1;TUG2;0,0030;1,1086;-0,0671;-0,0945;0,1331;-0,0079;0,9866;;False
1210,66;12.18;pa030​;20250612_123326;1;TUG2;0,0031;1,1085;-0,0669;-0,0941;0,1327;-0,0083;0,9866;;False
1210,67;12.19;pa030​;20250612_123326;1;TUG2;0,0031;1,1083;-0,0666;-0,0938;0,1326;-0,0087;0,9867;;False
1210,68;12.21;pa030​;20250612_123326;1;TUG2;0,0032;1,1082;-0,0663;-0,0935;0,1324;-0,0091;0,9867;;False
1210,70;12.22;pa030​;20250612_123326;1;TUG2;0,0032;1,1082;-0,0660;-0,0936;0,1321;-0,0090;0,9868;;False
1210,71;12.24;pa030​;20250612_123326;1;TUG2;0,0033;1,1081;-0,0658;-0,0940;0,1318;-0,0092;0,9868;;False
1210,72;12.25;pa030​;20250612_123326;1;TUG2;0,0033;1,1079;-0,0655;-0,0941;0,1316;-0,0089;0,9868;;False
1210,74;12.26;pa030​;20250612_123326;1;TUG2;0,0033;1,1078;-0,0652;-0,0940;0,1314;-0,0087;0,9868;;False
1210,75;12.28;pa030​;20250612_123326;1;TUG2;0,0033;1,1077;-0,0649;-0,0936;0,1312;-0,0085;0,9869;;False
1210,77;12.29;pa030​;20250612_123326;1;TUG2;0,0033;1,1076;-0,0647;-0,0933;0,1313;-0,0082;0,9869;;False
1210,78;12.31;pa030​;20250612_123326;1;TUG2;0,0035;1,1075;-0,0644;-0,0930;0,1314;-0,0079;0,9869;;False
1210,79;12.32;pa030​;20250612_123326;1;TUG2;0,0036;1,1075;-0,0641;-0,0927;0,1316;-0,0073;0,9869;;False
1210,81;12.33;pa030​;20250612_123326;1;TUG2;0,0037;1,1073;-0,0639;-0,0926;0,1316;-0,0070;0,9869;;False
1210,82;12.35;pa030​;20250612_123326;1;TUG2;0,0038;1,1072;-0,0636;-0,0925;0,1315;-0,0067;0,9870;;False
1210,84;12.36;pa030​;20250612_123326;1;TUG2;0,0039;1,1071;-0,0634;-0,0923;0,1314;-0,0064;0,9870;;False
1210,85;12.38;pa030​;20250612_123326;1;TUG2;0,0039;1,1071;-0,0631;-0,0925;0,1310;-0,0060;0,9870;;False
1210,86;12.39;pa030​;20250612_123326;1;TUG2;0,0040;1,1070;-0,0629;-0,0928;0,1309;-0,0057;0,9870;;False
1210,88;12.4;pa030​;20250612_123326;1;TUG2;0,0040;1,1070;-0,0627;-0,0928;0,1307;-0,0056;0,9871;;False
1210,89;12.42;pa030​;20250612_123326;1;TUG2;0,0040;1,1070;-0,0624;-0,0927;0,1307;-0,0056;0,9871;;False
1210,91;12.43;pa030​;20250612_123326;1;TUG2;0,0041;1,1069;-0,0622;-0,0926;0,1307;-0,0056;0,9871;;False
1210,92;12.44;pa030​;20250612_123326;1;TUG2;0,0043;1,1067;-0,0619;-0,0923;0,1309;-0,0057;0,9871;;False
1210,93;12.46;pa030​;20250612_123326;1;TUG2;0,0045;1,1065;-0,0616;-0,0917;0,1315;-0,0057;0,9871;;False
1210,95;12.47;pa030​;20250612_123326;1;TUG2;0,0046;1,1064;-0,0613;-0,0914;0,1317;-0,0055;0,9871;;False
1210,96;12.49;pa030​;20250612_123326;1;TUG2;0,0047;1,1063;-0,0610;-0,0914;0,1315;-0,0054;0,9871;;False
1210,97;12.5;pa030​;20250612_123326;1;TUG2;0,0047;1,1062;-0,0607;-0,0913;0,1316;-0,0054;0,9871;;False
1210,99;12.51;pa030​;20250612_123326;1;TUG2;0,0047;1,1062;-0,0606;-0,0911;0,1315;-0,0056;0,9871;;False
1211,00;12.53;pa030​;20250612_123326;1;TUG2;0,0047;1,1062;-0,0605;-0,0910;0,1313;-0,0056;0,9871;;False
1211,02;12.54;pa030​;20250612_123326;1;TUG2;0,0047;1,1062;-0,0603;-0,0910;0,1311;-0,0057;0,9872;;False
1211,03;12.56;pa030​;20250612_123326;1;TUG2;0,0047;1,1061;-0,0600;-0,0911;0,1310;-0,0059;0,9872;;False
1211,04;12.57;pa030​;20250612_123326;1;TUG2;0,0047;1,1060;-0,0597;-0,0910;0,1310;-0,0058;0,9872;;False
1211,06;12.58;pa030​;20250612_123326;1;TUG2;0,0048;1,1059;-0,0594;-0,0908;0,1310;-0,0057;0,9872;;False
1211,07;12.6;pa030​;20250612_123326;1;TUG2;0,0049;1,1058;-0,0591;-0,0906;0,1311;-0,0057;0,9872;;False
1211,09;12.61;pa030​;20250612_123326;1;TUG2;0,0049;1,1057;-0,0589;-0,0899;0,1314;-0,0057;0,9872;;False
1211,10;12.63;pa030​;20250612_123326;1;TUG2;0,0050;1,1057;-0,0586;-0,0894;0,1315;-0,0056;0,9873;;False
1211,11;12.64;pa030​;20250612_123326;1;TUG2;0,0048;1,1058;-0,0585;-0,0891;0,1317;-0,0057;0,9873;;False
1211,13;12.65;pa030​;20250612_123326;1;TUG2;0,0047;1,1060;-0,0583;-0,0890;0,1316;-0,0057;0,9873;;False
1211,14;12.67;pa030​;20250612_123326;1;TUG2;0,0047;1,1059;-0,0581;-0,0891;0,1314;-0,0058;0,9873;;False
1211,16;12.68;pa030​;20250612_123326;1;TUG2;0,0047;1,1060;-0,0579;-0,0891;0,1312;-0,0058;0,9873;;False
1211,17;12.69;pa030​;20250612_123326;1;TUG2;0,0046;1,1060;-0,0578;-0,0893;0,1308;-0,0059;0,9874;;False
1211,18;12.71;pa030​;20250612_123326;1;TUG2;0,0046;1,1061;-0,0576;-0,0896;0,1306;-0,0060;0,9874;;False
1211,20;12.72;pa030​;20250612_123326;1;TUG2;0,0045;1,1061;-0,0575;-0,0896;0,1305;-0,0060;0,9874;;False
1211,21;12.74;pa030​;20250612_123326;1;TUG2;0,0044;1,1061;-0,0574;-0,0896;0,1303;-0,0059;0,9874;;False
1211,22;12.75;pa030​;20250612_123326;1;TUG2;0,0045;1,1062;-0,0573;-0,0897;0,1302;-0,0059;0,9874;;False
1211,24;12.76;pa030​;20250612_123326;1;TUG2;0,0047;1,1063;-0,0573;-0,0896;0,1300;-0,0057;0,9874;;False
1211,25;12.78;pa030​;20250612_123326;1;TUG2;0,0049;1,1063;-0,0573;-0,0896;0,1300;-0,0056;0,9874;;False
1211,27;12.79;pa030​;20250612_123326;1;TUG2;0,0049;1,1063;-0,0572;-0,0894;0,1299;-0,0056;0,9875;;False
1211,28;12.8;pa030​;20250612_123326;1;TUG2;0,0048;1,1062;-0,0571;-0,0893;0,1298;-0,0056;0,9875;;False
1211,29;12.82;pa030​;20250612_123326;1;TUG2;0,0047;1,1062;-0,0570;-0,0891;0,1296;-0,0056;0,9875;;False
1211,31;12.83;pa030​;20250612_123326;1;TUG2;0,0046;1,1061;-0,0570;-0,0886;0,1292;-0,0056;0,9876;;False
1211,32;12.85;pa030​;20250612_123326;1;TUG2;0,0045;1,1060;-0,0569;-0,0877;0,1286;-0,0059;0,9878;;False
1211,34;12.86;pa030​;20250612_123326;1;TUG2;0,0043;1,1058;-0,0569;-0,0863;0,1280;-0,0060;0,9880;;False
1211,35;12.87;pa030​;20250612_123326;1;TUG2;0,0039;1,1057;-0,0569;-0,0844;0,1271;-0,0057;0,9883;;False
1211,36;12.89;pa030​;20250612_123326;1;TUG2;0,0036;1,1057;-0,0569;-0,0815;0,1260;-0,0051;0,9887;;False
1211,38;12.9;pa030​;20250612_123326;1;TUG2;0,0032;1,1060;-0,0562;-0,0774;0,1248;-0,0043;0,9891;;False
1211,39;12.92;pa030​;20250612_123326;1;TUG2;0,0030;1,1065;-0,0553;-0,0737;0,1237;-0,0036;0,9896;;False
1211,41;12.93;pa030​;20250612_123326;1;TUG2;0,0026;1,1072;-0,0538;-0,0717;0,1224;-0,0031;0,9899;;False
1211,42;12.94;pa030​;20250612_123326;1;TUG2;0,0023;1,1075;-0,0519;-0,0705;0,1209;-0,0036;0,9902;;False
1211,43;12.96;pa030​;20250612_123326;1;TUG2;0,0018;1,1073;-0,0500;-0,0686;0,1189;-0,0038;0,9905;;False
1211,45;12.97;pa030​;20250612_123326;1;TUG2;0,0013;1,1064;-0,0476;-0,0654;0,1169;-0,0040;0,9910;;False
1211,46;12.99;pa030​;20250612_123326;1;TUG2;0,0007;1,1055;-0,0449;-0,0622;0,1142;-0,0045;0,9915;;False
1211,47;13.0;pa030​;20250612_123326;1;TUG2;-0,0002;1,1048;-0,0419;-0,0584;0,1115;-0,0048;0,9920;;False
1211,49;13.01;pa030​;20250612_123326;1;TUG2;-0,0010;1,1038;-0,0386;-0,0541;0,1093;-0,0051;0,9925;;False
1211,50;13.03;pa030​;20250612_123326;1;TUG2;-0,0017;1,1024;-0,0349;-0,0493;0,1070;-0,0051;0,9930;;False
1211,52;13.04;pa030​;20250612_123326;1;TUG2;-0,0024;1,1010;-0,0310;-0,0441;0,1053;-0,0043;0,9935;;False
1211,53;13.05;pa030​;20250612_123326;1;TUG2;-0,0032;1,0994;-0,0269;-0,0399;0,1039;-0,0028;0,9938;;False
1211,54;13.07;pa030​;20250612_123326;1;TUG2;-0,0039;1,0980;-0,0225;-0,0359;0,1021;-0,0013;0,9941;;False
1211,56;13.08;pa030​;20250612_123326;1;TUG2;-0,0045;1,0965;-0,0179;-0,0314;0,1013;0,0002;0,9944;;False
1211,57;13.1;pa030​;20250612_123326;1;TUG2;-0,0049;1,0950;-0,0134;-0,0275;0,1011;0,0014;0,9945;;False
1211,59;13.11;pa030​;20250612_123326;1;TUG2;-0,0053;1,0938;-0,0088;-0,0234;0,1018;0,0020;0,9945;;False
1211,60;13.13;pa030​;20250612_123326;1;TUG2;-0,0057;1,0927;-0,0041;-0,0201;0,1028;0,0027;0,9945;;False
1211,61;13.14;pa030​;20250612_123326;1;TUG2;-0,0061;1,0917;0,0007;-0,0172;0,1034;0,0031;0,9945;;False
1211,63;13.15;pa030​;20250612_123326;1;TUG2;-0,0067;1,0909;0,0057;-0,0152;0,1037;0,0035;0,9945;;False
1211,64;13.17;pa030​;20250612_123326;1;TUG2;-0,0072;1,0902;0,0110;-0,0139;0,1030;0,0036;0,9946;;False
1211,66;13.18;pa030​;20250612_123326;1;TUG2;-0,0077;1,0895;0,0165;-0,0131;0,1023;0,0036;0,9947;;False
1211,67;13.19;pa030​;20250612_123326;1;TUG2;-0,0083;1,0888;0,0223;-0,0125;0,1012;0,0033;0,9948;;False
1211,68;13.21;pa030​;20250612_123326;1;TUG2;-0,0088;1,0881;0,0285;-0,0124;0,1000;0,0032;0,9949;;False
1211,70;13.22;pa030​;20250612_123326;1;TUG2;-0,0093;1,0873;0,0349;-0,0118;0,0987;0,0032;0,9950;;False
1211,71;13.24;pa030​;20250612_123326;1;TUG2;-0,0096;1,0864;0,0415;-0,0111;0,0971;0,0032;0,9952;;False
1211,72;13.25;pa030​;20250612_123326;1;TUG2;-0,0100;1,0854;0,0485;-0,0100;0,0952;0,0030;0,9954;;False
1211,74;13.26;pa030​;20250612_123326;1;TUG2;-0,0104;1,0839;0,0560;-0,0087;0,0929;0,0027;0,9956;;False
1211,75;13.28;pa030​;20250612_123326;1;TUG2;-0,0109;1,0821;0,0639;-0,0070;0,0908;0,0024;0,9958;;False
1211,77;13.29;pa030​;20250612_123326;1;TUG2;-0,0112;1,0799;0,0720;-0,0045;0,0887;0,0021;0,9960;;False
1211,78;13.31;pa030​;20250612_123326;1;TUG2;-0,0115;1,0773;0,0807;-0,0009;0,0865;0,0019;0,9962;;False
1211,79;13.32;pa030​;20250612_123326;1;TUG2;-0,0118;1,0745;0,0898;0,0027;0,0845;0,0016;0,9964;;False
1211,81;13.33;pa030​;20250612_123326;1;TUG2;-0,0121;1,0713;0,0993;0,0072;0,0828;0,0012;0,9965;;False
1211,82;13.35;pa030​;20250612_123326;1;TUG2;-0,0122;1,0677;0,1092;0,0124;0,0811;0,0002;0,9966;;False
1211,84;13.36;pa030​;20250612_123326;1;TUG2;-0,0122;1,0638;0,1193;0,0182;0,0796;-0,0005;0,9967;;False
1211,85;13.38;pa030​;20250612_123326;1;TUG2;-0,0120;1,0595;0,1300;0,0255;0,0779;-0,0016;0,9966;;False
1211,86;13.39;pa030​;20250612_123326;1;TUG2;-0,0120;1,0548;0,1410;0,0330;0,0764;-0,0022;0,9965;;False
1211,88;13.4;pa030​;20250612_123326;1;TUG2;-0,0121;1,0498;0,1523;0,0409;0,0755;-0,0028;0,9963;;False
1211,89;13.42;pa030​;20250612_123326;1;TUG2;-0,0120;1,0444;0,1640;0,0490;0,0744;-0,0038;0,9960;;False
1211,91;13.43;pa030​;20250612_123326;1;TUG2;-0,0120;1,0386;0,1758;0,0578;0,0738;-0,0048;0,9956;;False
1211,92;13.44;pa030​;20250612_123326;1;TUG2;-0,0120;1,0327;0,1878;0,0669;0,0732;-0,0062;0,9951;;False
1211,93;13.46;pa030​;20250612_123326;1;TUG2;-0,0121;1,0267;0,1999;0,0751;0,0728;-0,0077;0,9945;;False
1211,95;13.47;pa030​;20250612_123326;1;TUG2;-0,0123;1,0208;0,2120;0,0836;0,0723;-0,0078;0,9938;;False
1211,96;13.49;pa030​;20250612_123326;1;TUG2;-0,0125;1,0152;0,2240;0,0927;0,0718;-0,0062;0,9931;;False
1211,98;13.5;pa030​;20250612_123326;1;TUG2;-0,0125;1,0098;0,2356;0,1006;0,0705;-0,0038;0,9924;;False
1211,99;13.51;pa030​;20250612_123326;1;TUG2;-0,0127;1,0057;0,2472;0,1105;0,0710;-0,0023;0,9913;;False
1212,00;13.53;pa030​;20250612_123326;1;TUG2;-0,0126;1,0028;0,2585;0,1189;0,0720;-0,0008;0,9903;;False
1212,02;13.54;pa030​;20250612_123326;1;TUG2;-0,0123;1,0009;0,2695;0,1267;0,0733;0,0016;0,9892;;False
1212,03;13.55;pa030​;20250612_123326;1;TUG2;-0,0119;1,0005;0,2801;0,1326;0,0751;0,0041;0,9883;;False
1212,04;13.57;pa030​;20250612_123326;1;TUG2;-0,0117;1,0010;0,2897;0,1361;0,0766;0,0060;0,9877;;False
1212,06;13.58;pa030​;20250612_123326;1;TUG2;-0,0115;1,0028;0,2986;0,1396;0,0767;0,0079;0,9872;;False
1212,07;13.6;pa030​;20250612_123326;1;TUG2;-0,0118;1,0057;0,3065;0,1412;0,0765;0,0083;0,9870;;False
1212,09;13.61;pa030​;20250612_123326;1;TUG2;-0,0120;1,0096;0,3138;0,1422;0,0758;0,0086;0,9869;;False
1212,10;13.62;pa030​;20250612_123326;1;TUG2;-0,0121;1,0145;0,3202;0,1428;0,0746;0,0087;0,9869;;False
1212,11;13.64;pa030​;20250612_123326;1;TUG2;-0,0120;1,0203;0,3259;0,1437;0,0734;0,0084;0,9869;;False
1212,13;13.65;pa030​;20250612_123326;1;TUG2;-0,0118;1,0272;0,3310;0,1444;0,0730;0,0074;0,9868;;False
1212,14;13.67;pa030​;20250612_123326;1;TUG2;-0,0114;1,0351;0,3356;0,1440;0,0731;0,0069;0,9868;;False
1212,16;13.68;pa030​;20250612_123326;1;TUG2;-0,0110;1,0440;0,3396;0,1427;0,0736;0,0067;0,9870;;False
1212,17;13.69;pa030​;20250612_123326;1;TUG2;-0,0106;1,0537;0,3430;0,1406;0,0739;0,0062;0,9873;;False
1212,18;13.71;pa030​;20250612_123326;1;TUG2;-0,0104;1,0642;0,3458;0,1384;0,0738;0,0051;0,9876;;False
1212,20;13.72;pa030​;20250612_123326;1;TUG2;-0,0102;1,0757;0,3480;0,1351;0,0732;0,0035;0,9881;;False
1212,21;13.74;pa030​;20250612_123326;1;TUG2;-0,0102;1,0879;0,3496;0,1309;0,0721;0,0021;0,9888;;False
1212,22;13.75;pa030​;20250612_123326;1;TUG2;-0,0102;1,1004;0,3510;0,1263;0,0705;0,0014;0,9895;;False
1212,24;13.76;pa030​;20250612_123326;1;TUG2;-0,0103;1,1135;0,3518;0,1207;0,0693;0,0002;0,9903;;False
1212,25;13.78;pa030​;20250612_123326;1;TUG2;-0,0104;1,1269;0,3520;0,1150;0,0678;-0,0003;0,9911;;False
1212,27;13.79;pa030​;20250612_123326;1;TUG2;-0,0104;1,1407;0,3519;0,1088;0,0664;-0,0002;0,9918;;False
1212,28;13.8;pa030​;20250612_123326;1;TUG2;-0,0103;1,1549;0,3513;0,1012;0,0661;0,0011;0,9927;;False
1212,29;13.82;pa030​;20250612_123326;1;TUG2;-0,0099;1,1695;0,3506;0,0933;0,0661;0,0015;0,9934;;False
1212,31;13.83;pa030​;20250612_123326;1;TUG2;-0,0097;1,1842;0,3490;0,0851;0,0673;0,0013;0,9941;;False
1212,32;13.85;pa030​;20250612_123326;1;TUG2;-0,0095;1,1990;0,3469;0,0775;0,0681;0,0002;0,9947;;False
1212,34;13.86;pa030​;20250612_123326;1;TUG2;-0,0096;1,2141;0,3444;0,0710;0,0682;-0,0008;0,9951;;False
1212,35;13.87;pa030​;20250612_123326;1;TUG2;-0,0101;1,2293;0,3414;0,0647;0,0684;-0,0027;0,9956;;False
1212,36;13.89;pa030​;20250612_123326;1;TUG2;-0,0107;1,2448;0,3382;0,0592;0,0673;-0,0041;0,9960;;False
1212,38;13.9;pa030​;20250612_123326;1;TUG2;-0,0116;1,2601;0,3345;0,0524;0,0655;-0,0049;0,9965;;False
1212,39;13.92;pa030​;20250612_123326;1;TUG2;-0,0128;1,2752;0,3304;0,0459;0,0636;-0,0059;0,9969;;False
1212,41;13.93;pa030​;20250612_123326;1;TUG2;-0,0140;1,2899;0,3260;0,0406;0,0613;-0,0065;0,9973;;False
1212,42;13.94;pa030​;20250612_123326;1;TUG2;-0,0153;1,3037;0,3210;0,0362;0,0588;-0,0067;0,9976;;False
1212,43;13.96;pa030​;20250612_123326;1;TUG2;-0,0167;1,3167;0,3156;0,0331;0,0562;-0,0060;0,9979;;False
1212,45;13.97;pa030​;20250612_123326;1;TUG2;-0,0184;1,3287;0,3099;0,0304;0,0544;-0,0049;0,9980;;False
1212,46;13.99;pa030​;20250612_123326;1;TUG2;-0,0198;1,3396;0,3041;0,0276;0,0527;-0,0039;0,9982;;False
1212,48;14.0;pa030​;20250612_123326;1;TUG2;-0,0217;1,3493;0,2981;0,0241;0,0535;-0,0025;0,9983;;False
1212,49;14.01;pa030​;20250612_123326;1;TUG2;-0,0227;1,3578;0,2924;0,0202;0,0505;-0,0009;0,9985;;False
1212,50;14.03;pa030​;20250612_123326;1;TUG2;-0,0242;1,3648;0,2866;0,0150;0,0498;0,0004;0,9986;;False
1212,52;14.04;pa030​;20250612_123326;1;TUG2;-0,0257;1,3708;0,2809;0,0097;0,0496;0,0020;0,9987;;False
1212,53;14.05;pa030​;20250612_123326;1;TUG2;-0,0271;1,3758;0,2755;0,0041;0,0492;0,0031;0,9988;;False
1212,54;14.07;pa030​;20250612_123326;1;TUG2;-0,0286;1,3797;0,2702;-0,0016;0,0492;0,0033;0,9988;;False
1212,56;14.08;pa030​;20250612_123326;1;TUG2;-0,0301;1,3826;0,2653;-0,0075;0,0491;0,0035;0,9988;;False
1212,57;14.1;pa030​;20250612_123326;1;TUG2;-0,0316;1,3850;0,2609;-0,0132;0,0487;0,0033;0,9987;;False
1212,59;14.11;pa030​;20250612_123326;1;TUG2;-0,0332;1,3872;0,2567;-0,0186;0,0485;0,0032;0,9986;;False
1212,60;14.12;pa030​;20250612_123326;1;TUG2;-0,0348;1,3885;0,2530;-0,0231;0,0476;0,0032;0,9986;;False
1212,61;14.14;pa030​;20250612_123326;1;TUG2;-0,0364;1,3896;0,2496;-0,0264;0,0464;0,0033;0,9986;;False
1212,63;14.15;pa030​;20250612_123326;1;TUG2;-0,0382;1,3906;0,2466;-0,0297;0,0444;0,0038;0,9986;;False
1212,64;14.17;pa030​;20250612_123326;1;TUG2;-0,0400;1,3916;0,2439;-0,0347;0,0414;0,0050;0,9985;;False
1212,66;14.18;pa030​;20250612_123326;1;TUG2;-0,0418;1,3926;0,2415;-0,0401;0,0386;0,0058;0,9984;;False
1212,67;14.19;pa030​;20250612_123326;1;TUG2;-0,0434;1,3932;0,2393;-0,0458;0,0364;0,0061;0,9983;;False
1212,68;14.21;pa030​;20250612_123326;1;TUG2;-0,0449;1,3934;0,2371;-0,0507;0,0348;0,0060;0,9981;;False
1212,70;14.22;pa030​;20250612_123326;1;TUG2;-0,0464;1,3936;0,2352;-0,0542;0,0339;0,0067;0,9979;;False
1212,71;14.24;pa030​;20250612_123326;1;TUG2;-0,0477;1,3939;0,2334;-0,0571;0,0331;0,0073;0,9978;;False
1212,73;14.25;pa030​;20250612_123326;1;TUG2;-0,0488;1,3940;0,2317;-0,0595;0,0335;0,0076;0,9976;;False
1212,74;14.26;pa030​;20250612_123326;1;TUG2;-0,0497;1,3943;0,2303;-0,0613;0,0341;0,0075;0,9975;;False
1212,75;14.28;pa030​;20250612_123326;1;TUG2;-0,0507;1,3945;0,2289;-0,0630;0,0352;0,0066;0,9974;;False
1212,77;14.29;pa030​;20250612_123326;1;TUG2;-0,0515;1,3946;0,2277;-0,0642;0,0364;0,0050;0,9973;;False
1212,78;14.31;pa030​;20250612_123326;1;TUG2;-0,0524;1,3945;0,2267;-0,0654;0,0374;0,0036;0,9971;;False
1212,80;14.32;pa030​;20250612_123326;1;TUG2;-0,0533;1,3940;0,2257;-0,0662;0,0380;0,0022;0,9971;;False
1212,81;14.33;pa030​;20250612_123326;1;TUG2;-0,0541;1,3935;0,2249;-0,0667;0,0384;0,0012;0,9970;;False
1212,82;14.35;pa030​;20250612_123326;1;TUG2;-0,0550;1,3934;0,2244;-0,0669;0,0386;0,0006;0,9970;;False
1212,84;14.36;pa030​;20250612_123326;1;TUG2;-0,0559;1,3933;0,2241;-0,0667;0,0385;0,0001;0,9970;;False
1212,85;14.38;pa030​;20250612_123326;1;TUG2;-0,0568;1,3931;0,2240;-0,0663;0,0381;0,0003;0,9971;;False
1212,86;14.39;pa030​;20250612_123326;1;TUG2;-0,0576;1,3930;0,2241;-0,0659;0,0379;0,0001;0,9971;;False
1212,88;14.4;pa030​;20250612_123326;1;TUG2;-0,0583;1,3930;0,2244;-0,0658;0,0379;-0,0002;0,9971;;False
1212,89;14.42;pa030​;20250612_123326;1;TUG2;-0,0590;1,3929;0,2249;-0,0659;0,0381;-0,0013;0,9971;;False
1212,91;14.43;pa030​;20250612_123326;1;TUG2;-0,0596;1,3927;0,2254;-0,0655;0,0387;-0,0024;0,9971;;False
1212,92;14.44;pa030​;20250612_123326;1;TUG2;-0,0602;1,3923;0,2259;-0,0647;0,0392;-0,0031;0,9971;;False
1212,93;14.46;pa030​;20250612_123326;1;TUG2;-0,0608;1,3920;0,2266;-0,0638;0,0396;-0,0030;0,9972;;False
1212,95;14.47;pa030​;20250612_123326;1;TUG2;-0,0613;1,3918;0,2272;-0,0625;0,0400;-0,0031;0,9972;;False
1212,96;14.49;pa030​;20250612_123326;1;TUG2;-0,0617;1,3917;0,2279;-0,0614;0,0402;-0,0032;0,9973;;False
1212,97;14.5;pa030​;20250612_123326;1;TUG2;-0,0622;1,3917;0,2287;-0,0606;0,0408;-0,0037;0,9973;;False
1212,99;14.51;pa030​;20250612_123326;1;TUG2;-0,0628;1,3918;0,2297;-0,0610;0,0413;-0,0049;0,9973;;False
1213,00;14.53;pa030​;20250612_123326;1;TUG2;-0,0633;1,3919;0,2308;-0,0617;0,0415;-0,0059;0,9972;;False
1213,02;14.54;pa030​;20250612_123326;1;TUG2;-0,0639;1,3919;0,2319;-0,0623;0,0417;-0,0062;0,9972;;False
1213,03;14.55;pa030​;20250612_123326;1;TUG2;-0,0646;1,3918;0,2332;-0,0629;0,0419;-0,0068;0,9971;;False
1213,05;14.57;pa030​;20250612_123326;1;TUG2;-0,0653;1,3916;0,2345;-0,0634;0,0419;-0,0072;0,9971;;False
1213,06;14.58;pa030​;20250612_123326;1;TUG2;-0,0660;1,3917;0,2358;-0,0638;0,0418;-0,0073;0,9971;;False
1213,07;14.6;pa030​;20250612_123326;1;TUG2;-0,0667;1,3918;0,2372;-0,0645;0,0421;-0,0076;0,9970;;False
1213,09;14.61;pa030​;20250612_123326;1;TUG2;-0,0673;1,3919;0,2386;-0,0657;0,0426;-0,0078;0,9969;;False
1213,10;14.62;pa030​;20250612_123326;1;TUG2;-0,0680;1,3920;0,2400;-0,0666;0,0433;-0,0079;0,9968;;False
1213,11;14.64;pa030​;20250612_123326;1;TUG2;-0,0687;1,3920;0,2414;-0,0675;0,0441;-0,0080;0,9967;;False
1213,13;14.65;pa030​;20250612_123326;1;TUG2;-0,0694;1,3920;0,2430;-0,0683;0,0450;-0,0077;0,9966;;False
1213,14;14.67;pa030​;20250612_123326;1;TUG2;-0,0702;1,3918;0,2445;-0,0688;0,0458;-0,0072;0,9966;;False
1213,16;14.68;pa030​;20250612_123326;1;TUG2;-0,0711;1,3915;0,2460;-0,0687;0,0464;-0,0066;0,9965;;False
1213,17;14.69;pa030​;20250612_123326;1;TUG2;-0,0719;1,3910;0,2475;-0,0680;0,0468;-0,0060;0,9966;;False
1213,18;14.71;pa030​;20250612_123326;1;TUG2;-0,0728;1,3907;0,2488;-0,0667;0,0470;-0,0056;0,9966;;False
1213,20;14.72;pa030​;20250612_123326;1;TUG2;-0,0736;1,3905;0,2503;-0,0657;0,0474;-0,0054;0,9967;;False
1213,21;14.74;pa030​;20250612_123326;1;TUG2;-0,0743;1,3904;0,2518;-0,0656;0,0478;-0,0052;0,9967;;False
1213,22;14.75;pa030​;20250612_123326;1;TUG2;-0,0749;1,3902;0,2532;-0,0658;0,0482;-0,0051;0,9967;;False
1213,24;14.76;pa030​;20250612_123326;1;TUG2;-0,0755;1,3900;0,2546;-0,0655;0,0485;-0,0047;0,9967;;False
1213,25;14.78;pa030​;20250612_123326;1;TUG2;-0,0761;1,3897;0,2559;-0,0646;0,0486;-0,0044;0,9967;;False
1213,27;14.79;pa030​;20250612_123326;1;TUG2;-0,0766;1,3894;0,2572;-0,0635;0,0486;-0,0042;0,9968;;False
1213,28;14.8;pa030​;20250612_123326;1;TUG2;-0,0770;1,3892;0,2586;-0,0625;0,0481;-0,0043;0,9969;;False
1213,29;14.82;pa030​;20250612_123326;1;TUG2;-0,0775;1,3890;0,2599;-0,0621;0,0474;-0,0047;0,9969;;False
1213,31;14.83;pa030​;20250612_123326;1;TUG2;-0,0780;1,3888;0,2610;-0,0616;0,0468;-0,0052;0,9970;;False
1213,32;14.85;pa030​;20250612_123326;1;TUG2;-0,0784;1,3885;0,2621;-0,0611;0,0463;-0,0057;0,9970;;False
1213,34;14.86;pa030​;20250612_123326;1;TUG2;-0,0788;1,3882;0,2632;-0,0603;0,0455;-0,0061;0,9971;;False
1213,35;14.87;pa030​;20250612_123326;1;TUG2;-0,0792;1,3878;0,2643;-0,0594;0,0447;-0,0058;0,9972;;False
1213,36;14.89;pa030​;20250612_123326;1;TUG2;-0,0797;1,3874;0,2654;-0,0584;0,0438;-0,0055;0,9973;;False
1213,38;14.9;pa030​;20250612_123326;1;TUG2;-0,0802;1,3871;0,2663;-0,0573;0,0427;-0,0050;0,9974;;False
1213,39;14.92;pa030​;20250612_123326;1;TUG2;-0,0806;1,3867;0,2673;-0,0560;0,0417;-0,0046;0,9975;;False
1213,41;14.93;pa030​;20250612_123326;1;TUG2;-0,0811;1,3863;0,2681;-0,0549;0,0409;-0,0042;0,9976;;False
1213,42;14.94;pa030​;20250612_123326;1;TUG2;-0,0814;1,3860;0,2688;-0,0534;0,0403;-0,0035;0,9978;;False
1213,43;14.96;pa030​;20250612_123326;1;TUG2;-0,0818;1,3856;0,2695;-0,0523;0,0398;-0,0031;0,9978;;False
1213,45;14.97;pa030​;20250612_123326;1;TUG2;-0,0820;1,3853;0,2701;-0,0510;0,0395;-0,0025;0,9979;;False
1213,46;14.99;pa030​;20250612_123326;1;TUG2;-0,0823;1,3850;0,2707;-0,0500;0,0392;-0,0019;0,9980;;False
1213,48;15.0;pa030​;20250612_123326;1;TUG2;-0,0826;1,3848;0,2713;-0,0497;0,0389;-0,0013;0,9980;;False
1213,49;15.01;pa030​;20250612_123326;1;TUG2;-0,0830;1,3845;0,2719;-0,0495;0,0383;-0,0008;0,9980;;False
1213,50;15.03;pa030​;20250612_123326;1;TUG2;-0,0832;1,3844;0,2726;-0,0483;0,0380;-0,0003;0,9981;;False
1213,52;15.04;pa030​;20250612_123326;1;TUG2;-0,0833;1,3843;0,2733;-0,0486;0,0376;0,0014;0,9981;;False
1213,53;15.06;pa030​;20250612_123326;1;TUG2;-0,0833;1,3840;0,2741;-0,0492;0,0368;0,0037;0,9981;;False
1213,54;15.07;pa030​;20250612_123326;1;TUG2;-0,0835;1,3837;0,2747;-0,0494;0,0361;0,0057;0,9981;;False
1213,56;15.08;pa030​;20250612_123326;1;TUG2;-0,0836;1,3834;0,2753;-0,0488;0,0357;0,0066;0,9981;;False
1213,57;15.1;pa030​;20250612_123326;1;TUG2;-0,0836;1,3831;0,2759;-0,0481;0,0358;0,0067;0,9982;;False
1213,59;15.11;pa030​;20250612_123326;1;TUG2;-0,0836;1,3829;0,2764;-0,0476;0,0359;0,0072;0,9982;;False
1213,60;15.13;pa030​;20250612_123326;1;TUG2;-0,0837;1,3827;0,2770;-0,0472;0,0357;0,0085;0,9982;;False
1213,61;15.14;pa030​;20250612_123326;1;TUG2;-0,0838;1,3826;0,2776;-0,0467;0,0349;0,0102;0,9982;;False
1213,63;15.15;pa030​;20250612_123326;1;TUG2;-0,0839;1,3824;0,2782;-0,0465;0,0342;0,0116;0,9983;;False
1213,64;15.17;pa030​;20250612_123326;1;TUG2;-0,0840;1,3822;0,2788;-0,0463;0,0333;0,0127;0,9983;;False
1213,66;15.18;pa030​;20250612_123326;1;TUG2;-0,0841;1,3820;0,2795;-0,0461;0,0333;0,0135;0,9983;;False
1213,67;15.19;pa030​;20250612_123326;1;TUG2;-0,0840;1,3819;0,2800;-0,0457;0,0340;0,0139;0,9983;;False
1213,68;15.21;pa030​;20250612_123326;1;TUG2;-0,0839;1,3816;0,2805;-0,0448;0,0354;0,0146;0,9983;;False
1213,70;15.22;pa030​;20250612_123326;1;TUG2;-0,0839;1,3814;0,2810;-0,0435;0,0368;0,0151;0,9983;;False
1213,71;15.24;pa030​;20250612_123326;1;TUG2;-0,0837;1,3811;0,2813;-0,0419;0,0385;0,0152;0,9983;;False
1213,72;15.25;pa030​;20250612_123326;1;TUG2;-0,0835;1,3809;0,2817;-0,0403;0,0405;0,0153;0,9982;;False
1213,74;15.26;pa030​;20250612_123326;1;TUG2;-0,0833;1,3807;0,2820;-0,0391;0,0429;0,0152;0,9982;;False
1213,75;15.28;pa030​;20250612_123326;1;TUG2;-0,0830;1,3806;0,2823;-0,0384;0,0453;0,0147;0,9981;;False
1213,77;15.29;pa030​;20250612_123326;1;TUG2;-0,0828;1,3803;0,2824;-0,0380;0,0479;0,0143;0,9980;;False
1213,78;15.31;pa030​;20250612_123326;1;TUG2;-0,0825;1,3801;0,2825;-0,0373;0,0507;0,0135;0,9979;;False
1213,79;15.32;pa030​;20250612_123326;1;TUG2;-0,0823;1,3799;0,2825;-0,0372;0,0535;0,0127;0,9978;;False
1213,81;15.33;pa030​;20250612_123326;1;TUG2;-0,0821;1,3798;0,2826;-0,0372;0,0565;0,0113;0,9976;;False
1213,82;15.35;pa030​;20250612_123326;1;TUG2;-0,0819;1,3799;0,2827;-0,0379;0,0594;0,0103;0,9975;;False
1213,84;15.36;pa030​;20250612_123326;1;TUG2;-0,0817;1,3797;0,2827;-0,0395;0,0623;0,0091;0,9972;;False
1213,85;15.37;pa030​;20250612_123326;1;TUG2;-0,0815;1,3799;0,2828;-0,0418;0,0653;0,0078;0,9970;;False
1213,86;15.39;pa030​;20250612_123326;1;TUG2;-0,0813;1,3803;0,2828;-0,0451;0,0674;0,0067;0,9967;;False
1213,88;15.4;pa030​;20250612_123326;1;TUG2;-0,0812;1,3810;0,2828;-0,0487;0,0696;0,0065;0,9964;;False
1213,89;15.42;pa030​;20250612_123326;1;TUG2;-0,0811;1,3814;0,2826;-0,0511;0,0713;0,0060;0,9961;;False
1213,91;15.43;pa030​;20250612_123326;1;TUG2;-0,0812;1,3821;0,2824;-0,0547;0,0727;0,0060;0,9958;;False
1213,92;15.45;pa030​;20250612_123326;1;TUG2;-0,0813;1,3830;0,2823;-0,0590;0,0742;0,0063;0,9955;;False
1213,93;15.46;pa030​;20250612_123326;1;TUG2;-0,0816;1,3840;0,2822;-0,0645;0,0755;0,0069;0,9950;;False
1213,95;15.47;pa030​;20250612_123326;1;TUG2;-0,0819;1,3850;0,2821;-0,0706;0,0758;0,0079;0,9946;;False
1213,96;15.49;pa030​;20250612_123326;1;TUG2;-0,0824;1,3858;0,2817;-0,0758;0,0762;0,0085;0,9942;;False
1213,98;15.5;pa030​;20250612_123326;1;TUG2;-0,0828;1,3864;0,2813;-0,0794;0,0762;0,0090;0,9939;;False
1213,99;15.51;pa030​;20250612_123326;1;TUG2;-0,0832;1,3868;0,2811;-0,0823;0,0762;0,0095;0,9936;;False
1214,00;15.53;pa030​;20250612_123326;1;TUG2;-0,0836;1,3872;0,2808;-0,0837;0,0764;0,0098;0,9935;;False
1214,02;15.54;pa030​;20250612_123326;1;TUG2;-0,0840;1,3876;0,2805;-0,0861;0,0764;0,0107;0,9933;;False
1214,03;15.56;pa030​;20250612_123326;1;TUG2;-0,0845;1,3881;0,2802;-0,0886;0,0767;0,0112;0,9931;;False
1214,05;15.57;pa030​;20250612_123326;1;TUG2;-0,0849;1,3885;0,2799;-0,0906;0,0770;0,0117;0,9928;;False
1214,06;15.58;pa030​;20250612_123326;1;TUG2;-0,0853;1,3887;0,2796;-0,0924;0,0776;0,0121;0,9926;;False
1214,07;15.6;pa030​;20250612_123326;1;TUG2;-0,0857;1,3889;0,2792;-0,0934;0,0785;0,0120;0,9925;;False
1214,09;15.61;pa030​;20250612_123326;1;TUG2;-0,0860;1,3891;0,2789;-0,0940;0,0799;0,0118;0,9923;;False
1214,10;15.63;pa030​;20250612_123326;1;TUG2;-0,0861;1,3893;0,2786;-0,0949;0,0814;0,0118;0,9921;;False
1214,11;15.64;pa030​;20250612_123326;1;TUG2;-0,0862;1,3894;0,2782;-0,0960;0,0836;0,0118;0,9918;;False
1214,13;15.65;pa030​;20250612_123326;1;TUG2;-0,0861;1,3895;0,2777;-0,0968;0,0866;0,0118;0,9915;;False
1214,14;15.67;pa030​;20250612_123326;1;TUG2;-0,0861;1,3896;0,2773;-0,0976;0,0895;0,0122;0,9911;;False
1214,16;15.68;pa030​;20250612_123326;1;TUG2;-0,0859;1,3898;0,2770;-0,0984;0,0926;0,0126;0,9908;;False
1214,17;15.7;pa030​;20250612_123326;1;TUG2;-0,0857;1,3899;0,2766;-0,0987;0,0958;0,0127;0,9904;;False
1214,18;15.71;pa030​;20250612_123326;1;TUG2;-0,0855;1,3900;0,2762;-0,0993;0,0995;0,0121;0,9900;;False
1214,20;15.72;pa030​;20250612_123326;1;TUG2;-0,0853;1,3901;0,2758;-0,0999;0,1029;0,0118;0,9896;;False
1214,21;15.74;pa030​;20250612_123326;1;TUG2;-0,0851;1,3902;0,2754;-0,1003;0,1061;0,0116;0,9892;;False
1214,22;15.75;pa030​;20250612_123326;1;TUG2;-0,0849;1,3903;0,2752;-0,1009;0,1093;0,0116;0,9888;;False
1214,24;15.76;pa030​;20250612_123326;1;TUG2;-0,0847;1,3905;0,2750;-0,1015;0,1125;0,0111;0,9884;;False
1214,25;15.78;pa030​;20250612_123326;1;TUG2;-0,0844;1,3907;0,2747;-0,1025;0,1159;0,0106;0,9879;;False
1214,27;15.79;pa030​;20250612_123326;1;TUG2;-0,0840;1,3909;0,2744;-0,1033;0,1191;0,0102;0,9874;;False
1214,28;15.81;pa030​;20250612_123326;1;TUG2;-0,0836;1,3910;0,2742;-0,1045;0,1219;0,0099;0,9870;;False
1214,29;15.82;pa030​;20250612_123326;1;TUG2;-0,0833;1,3912;0,2740;-0,1056;0,1245;0,0096;0,9865;;False
1214,31;15.83;pa030​;20250612_123326;1;TUG2;-0,0830;1,3913;0,2739;-0,1067;0,1269;0,0091;0,9861;;False
1214,32;15.85;pa030​;20250612_123326;1;TUG2;-0,0828;1,3914;0,2738;-0,1077;0,1291;0,0086;0,9857;;False
1214,34;15.86;pa030​;20250612_123326;1;TUG2;-0,0826;1,3914;0,2737;-0,1081;0,1310;0,0082;0,9854;;False
1214,35;15.87;pa030​;20250612_123326;1;TUG2;-0,0823;1,3914;0,2736;-0,1084;0,1327;0,0083;0,9852;;False
1214,36;15.89;pa030​;20250612_123326;1;TUG2;-0,0820;1,3915;0,2735;-0,1083;0,1342;0,0084;0,9850;;False
1214,38;15.9;pa030​;20250612_123326;1;TUG2;-0,0818;1,3914;0,2735;-0,1076;0,1352;0,0092;0,9849;;False
1214,39;15.92;pa030​;20250612_123326;1;TUG2;-0,0816;1,3912;0,2735;-0,1062;0,1360;0,0098;0,9850;;False
1214,41;15.93;pa030​;20250612_123326;1;TUG2;-0,0815;1,3910;0,2735;-0,1046;0,1366;0,0095;0,9851;;False
1214,42;15.94;pa030​;20250612_123326;1;TUG2;-0,0814;1,3907;0,2734;-0,1029;0,1369;0,0092;0,9852;;False
1214,43;15.96;pa030​;20250612_123326;1;TUG2;-0,0813;1,3904;0,2734;-0,1007;0,1369;0,0090;0,9854;;False
1214,45;15.97;pa030​;20250612_123326;1;TUG2;-0,0812;1,3901;0,2733;-0,0986;0,1369;0,0085;0,9856;;False
1214,46;15.99;pa030​;20250612_123326;1;TUG2;-0,0812;1,3899;0,2732;-0,0972;0,1368;0,0077;0,9858;;False
1214,48;16.0;pa030​;20250612_123326;1;TUG2;-0,0813;1,3898;0,2730;-0,0963;0,1372;0,0068;0,9858;;False
1214,49;16.01;pa030​;20250612_123326;1;TUG2;-0,0813;1,3898;0,2728;-0,0956;0,1380;0,0065;0,9858;;False
1214,50;16.03;pa030​;20250612_123326;1;TUG2;-0,0813;1,3898;0,2725;-0,0946;0,1391;0,0064;0,9857;;False
1214,52;16.04;pa030​;20250612_123326;1;TUG2;-0,0813;1,3897;0,2721;-0,0930;0,1405;0,0067;0,9857;;False
1214,53;16.06;pa030​;20250612_123326;1;TUG2;-0,0816;1,3892;0,2717;-0,0911;0,1418;0,0069;0,9857;;False
1214,54;16.07;pa030​;20250612_123326;1;TUG2;-0,0818;1,3887;0,2714;-0,0885;0,1428;0,0074;0,9858;;False
1214,56;16.08;pa030​;20250612_123326;1;TUG2;-0,0822;1,3881;0,2710;-0,0858;0,1439;0,0078;0,9858;;False
1214,57;16.1;pa030​;20250612_123326;1;TUG2;-0,0826;1,3876;0,2706;-0,0831;0,1444;0,0080;0,9860;;False
1214,59;16.11;pa030​;20250612_123326;1;TUG2;-0,0830;1,3872;0,2702;-0,0805;0,1454;0,0080;0,9861;;False
1214,60;16.12;pa030​;20250612_123326;1;TUG2;-0,0836;1,3868;0,2697;-0,0785;0,1462;0,0074;0,9861;;False
1214,61;16.14;pa030​;20250612_123326;1;TUG2;-0,0841;1,3866;0,2692;-0,0766;0,1464;0,0068;0,9862;;False
1214,63;16.15;pa030​;20250612_123326;1;TUG2;-0,0849;1,3862;0,2687;-0,0752;0,1470;0,0065;0,9862;;False
1214,64;16.17;pa030​;20250612_123326;1;TUG2;-0,0856;1,3858;0,2681;-0,0736;0,1469;0,0063;0,9864;;False
1214,66;16.18;pa030​;20250612_123326;1;TUG2;-0,0865;1,3854;0,2674;-0,0715;0,1468;0,0060;0,9866;;False
1214,67;16.19;pa030​;20250612_123326;1;TUG2;-0,0874;1,3851;0,2667;-0,0696;0,1464;0,0057;0,9868;;False
1214,68;16.21;pa030​;20250612_123326;1;TUG2;-0,0883;1,3850;0,2659;-0,0682;0,1456;0,0055;0,9870;;False
1214,70;16.22;pa030​;20250612_123326;1;TUG2;-0,0894;1,3850;0,2651;-0,0674;0,1446;0,0056;0,9872;;False
1214,71;16.24;pa030​;20250612_123326;1;TUG2;-0,0904;1,3851;0,2644;-0,0670;0,1436;0,0060;0,9873;;False
1214,73;16.25;pa030​;20250612_123326;1;TUG2;-0,0915;1,3851;0,2636;-0,0663;0,1425;0,0068;0,9876;;False
1214,74;16.26;pa030​;20250612_123326;1;TUG2;-0,0926;1,3851;0,2626;-0,0653;0,1411;0,0076;0,9878;;False
1214,75;16.28;pa030​;20250612_123326;1;TUG2;-0,0936;1,3850;0,2617;-0,0641;0,1398;0,0082;0,9881;;False
1214,77;16.29;pa030​;20250612_123326;1;TUG2;-0,0947;1,3851;0,2608;-0,0632;0,1388;0,0086;0,9883;;False
1214,78;16.31;pa030​;20250612_123326;1;TUG2;-0,0957;1,3851;0,2598;-0,0629;0,1382;0,0088;0,9884;;False
1214,79;16.32;pa030​;20250612_123326;1;TUG2;-0,0967;1,3850;0,2589;-0,0627;0,1377;0,0089;0,9884;;False
1214,81;16.33;pa030​;20250612_123326;1;TUG2;-0,0976;1,3849;0,2580;-0,0621;0,1373;0,0089;0,9885;;False
1214,82;16.35;pa030​;20250612_123326;1;TUG2;-0,0986;1,3847;0,2571;-0,0610;0,1372;0,0087;0,9886;;False
1214,84;16.36;pa030​;20250612_123326;1;TUG2;-0,0997;1,3845;0,2561;-0,0600;0,1371;0,0084;0,9887;;False
1214,85;16.37;pa030​;20250612_123326;1;TUG2;-0,1007;1,3843;0,2552;-0,0587;0,1374;0,0077;0,9887;;False
1214,86;16.39;pa030​;20250612_123326;1;TUG2;-0,1015;1,3840;0,2545;-0,0580;0,1378;0,0071;0,9887;;False
1214,88;16.4;pa030​;20250612_123326;1;TUG2;-0,1023;1,3839;0,2538;-0,0578;0,1385;0,0070;0,9886;;False
1214,89;16.42;pa030​;20250612_123326;1;TUG2;-0,1030;1,3838;0,2532;-0,0581;0,1390;0,0072;0,9886;;False
1214,91;16.43;pa030​;20250612_123326;1;TUG2;-0,1039;1,3836;0,2526;-0,0583;0,1395;0,0074;0,9885;;False
1214,92;16.45;pa030​;20250612_123326;1;TUG2;-0,1047;1,3833;0,2520;-0,0581;0,1399;0,0075;0,9884;;False
1214,93;16.46;pa030​;20250612_123326;1;TUG2;-0,1056;1,3830;0,2515;-0,0579;0,1403;0,0074;0,9884;;False
1214,95;16.47;pa030​;20250612_123326;1;TUG2;-0,1064;1,3826;0,2510;-0,0574;0,1404;0,0075;0,9884;;False
1214,96;16.49;pa030​;20250612_123326;1;TUG2;-0,1073;1,3822;0,2506;-0,0568;0,1403;0,0078;0,9885;;False
1214,98;16.5;pa030​;20250612_123326;1;TUG2;-0,1082;1,3818;0,2502;-0,0561;0,1398;0,0081;0,9886;;False
1214,99;16.51;pa030​;20250612_123326;1;TUG2;-0,1092;1,3815;0,2499;-0,0556;0,1392;0,0083;0,9887;;False
1215,00;16.53;pa030​;20250612_123326;1;TUG2;-0,1101;1,3812;0,2497;-0,0548;0,1384;0,0089;0,9888;;False
1215,02;16.54;pa030​;20250612_123326;1;TUG2;-0,1111;1,3809;0,2495;-0,0540;0,1374;0,0093;0,9890;;False
1215,03;16.55;pa030​;20250612_123326;1;TUG2;-0,1120;1,3806;0,2493;-0,0531;0,1363;0,0096;0,9892;;False
1215,04;16.57;pa030​;20250612_123326;1;TUG2;-0,1129;1,3804;0,2492;-0,0523;0,1352;0,0104;0,9894;;False
1215,06;16.58;pa030​;20250612_123326;1;TUG2;-0,1137;1,3804;0,2491;-0,0516;0,1337;0,0109;0,9896;;False
1215,07;16.6;pa030​;20250612_123326;1;TUG2;-0,1145;1,3804;0,2490;-0,0510;0,1324;0,0111;0,9898;;False
1215,09;16.61;pa030​;20250612_123326;1;TUG2;-0,1152;1,3804;0,2489;-0,0505;0,1309;0,0112;0,9900;;False
1215,10;16.62;pa030​;20250612_123326;1;TUG2;-0,1158;1,3805;0,2490;-0,0504;0,1295;0,0111;0,9902;;False
1215,11;16.64;pa030​;20250612_123326;1;TUG2;-0,1164;1,3805;0,2491;-0,0503;0,1285;0,0107;0,9904;;False
1215,13;16.65;pa030​;20250612_123326;1;TUG2;-0,1170;1,3804;0,2491;-0,0503;0,1278;0,0103;0,9905;;False
1215,14;16.67;pa030​;20250612_123326;1;TUG2;-0,1175;1,3803;0,2492;-0,0500;0,1274;0,0094;0,9906;;False
1215,16;16.68;pa030​;20250612_123326;1;TUG2;-0,1179;1,3802;0,2493;-0,0495;0,1274;0,0087;0,9906;;False
1215,17;16.69;pa030​;20250612_123326;1;TUG2;-0,1183;1,3800;0,2493;-0,0491;0,1276;0,0081;0,9906;;False
1215,18;16.71;pa030​;20250612_123326;1;TUG2;-0,1187;1,3800;0,2494;-0,0489;0,1278;0,0078;0,9906;;False
1215,20;16.72;pa030​;20250612_123326;1;TUG2;-0,1190;1,3800;0,2495;-0,0490;0,1281;0,0078;0,9905;;False
1215,21;16.74;pa030​;20250612_123326;1;TUG2;-0,1193;1,3799;0,2496;-0,0493;0,1283;0,0080;0,9905;;False
1215,23;16.75;pa030​;20250612_123326;1;TUG2;-0,1196;1,3799;0,2497;-0,0494;0,1284;0,0086;0,9904;;False
1215,24;16.76;pa030​;20250612_123326;1;TUG2;-0,1200;1,3799;0,2499;-0,0497;0,1285;0,0092;0,9904;;False
1215,25;16.78;pa030​;20250612_123326;1;TUG2;-0,1203;1,3799;0,2500;-0,0498;0,1284;0,0099;0,9904;;False
1215,27;16.79;pa030​;20250612_123326;1;TUG2;-0,1206;1,3798;0,2502;-0,0497;0,1281;0,0105;0,9905;;False
1215,28;16.81;pa030​;20250612_123326;1;TUG2;-0,1209;1,3798;0,2503;-0,0493;0,1280;0,0112;0,9905;;False
1215,29;16.82;pa030​;20250612_123326;1;TUG2;-0,1211;1,3797;0,2504;-0,0488;0,1277;0,0114;0,9905;;False
1215,31;16.83;pa030​;20250612_123326;1;TUG2;-0,1212;1,3797;0,2503;-0,0486;0,1275;0,0118;0,9906;;False
1215,32;16.85;pa030​;20250612_123326;1;TUG2;-0,1213;1,3797;0,2503;-0,0485;0,1271;0,0121;0,9906;;False
1215,34;16.86;pa030​;20250612_123326;1;TUG2;-0,1215;1,3797;0,2503;-0,0487;0,1267;0,0124;0,9907;;False
1215,35;16.87;pa030​;20250612_123326;1;TUG2;-0,1215;1,3798;0,2504;-0,0486;0,1262;0,0127;0,9907;;False
1215,36;16.89;pa030​;20250612_123326;1;TUG2;-0,1216;1,3798;0,2505;-0,0485;0,1256;0,0128;0,9908;;False
1215,38;16.9;pa030​;20250612_123326;1;TUG2;-0,1216;1,3798;0,2506;-0,0485;0,1251;0,0132;0,9909;;False
1215,39;16.92;pa030​;20250612_123326;1;TUG2;-0,1216;1,3799;0,2507;-0,0485;0,1247;0,0133;0,9909;;False
1215,41;16.93;pa030​;20250612_123326;1;TUG2;-0,1215;1,3799;0,2508;-0,0488;0,1242;0,0133;0,9910;;False
1215,42;16.94;pa030​;20250612_123326;1;TUG2;-0,1214;1,3799;0,2509;-0,0487;0,1239;0,0133;0,9910;;False
1215,43;16.96;pa030​;20250612_123326;1;TUG2;-0,1213;1,3799;0,2510;-0,0489;0,1236;0,0134;0,9910;;False
1215,45;16.97;pa030​;20250612_123326;1;TUG2;-0,1212;1,3800;0,2510;-0,0489;0,1233;0,0135;0,9911;;False
1215,46;16.99;pa030​;20250612_123326;1;TUG2;-0,1210;1,3800;0,2511;-0,0489;0,1230;0,0137;0,9911;;False
1215,47;17.0;pa030​;20250612_123326;1;TUG2;-0,1208;1,3799;0,2512;-0,0486;0,1229;0,0139;0,9911;;False
1215,49;17.01;pa030​;20250612_123326;1;TUG2;-0,1206;1,3798;0,2513;-0,0477;0,1225;0,0141;0,9912;;False
1215,50;17.03;pa030​;20250612_123326;1;TUG2;-0,1204;1,3797;0,2514;-0,0465;0,1219;0,0143;0,9913;;False
1215,52;17.04;pa030​;20250612_123326;1;TUG2;-0,1202;1,3795;0,2515;-0,0448;0,1215;0,0143;0,9915;;False
1215,53;17.06;pa030​;20250612_123326;1;TUG2;-0,1200;1,3792;0,2516;-0,0429;0,1206;0,0145;0,9917;;False
1215,54;17.07;pa030​;20250612_123326;1;TUG2;-0,1198;1,3788;0,2518;-0,0407;0,1194;0,0149;0,9919;;False
1215,56;17.08;pa030​;20250612_123326;1;TUG2;-0,1196;1,3783;0,2520;-0,0379;0,1176;0,0155;0,9922;;False
1215,57;17.1;pa030​;20250612_123326;1;TUG2;-0,1196;1,3777;0,2523;-0,0342;0,1154;0,0166;0,9926;;False
1215,59;17.11;pa030​;20250612_123326;1;TUG2;-0,1197;1,3769;0,2528;-0,0292;0,1124;0,0174;0,9931;;False
1215,60;17.13;pa030​;20250612_123326;1;TUG2;-0,1200;1,3758;0,2533;-0,0221;0,1080;0,0183;0,9937;;False
1215,61;17.14;pa030​;20250612_123326;1;TUG2;-0,1205;1,3744;0,2540;-0,0142;0,1027;0,0187;0,9944;;False
1215,63;17.15;pa030​;20250612_123326;1;TUG2;-0,1211;1,3729;0,2548;-0,0059;0,0963;0,0189;0,9952;;False
1215,64;17.17;pa030​;20250612_123326;1;TUG2;-0,1217;1,3714;0,2558;0,0033;0,0889;0,0193;0,9959;;False
1215,66;17.18;pa030​;20250612_123326;1;TUG2;-0,1224;1,3697;0,2568;0,0126;0,0811;0,0194;0,9964;;False
1215,67;17.19;pa030​;20250612_123326;1;TUG2;-0,1231;1,3679;0,2578;0,0221;0,0730;0,0194;0,9969;;False
1215,68;17.21;pa030​;20250612_123326;1;TUG2;-0,1239;1,3663;0,2589;0,0316;0,0649;0,0187;0,9972;;False
1215,70;17.22;pa030​;20250612_123326;1;TUG2;-0,1247;1,3645;0,2600;0,0403;0,0563;0,0185;0,9974;;False
1215,71;17.24;pa030​;20250612_123326;1;TUG2;-0,1256;1,3627;0,2610;0,0493;0,0477;0,0183;0,9975;;False
1215,72;17.25;pa030​;20250612_123326;1;TUG2;-0,1264;1,3610;0,2621;0,0588;0,0387;0,0178;0,9974;;False
1215,74;17.26;pa030​;20250612_123326;1;TUG2;-0,1274;1,3592;0,2631;0,0678;0,0302;0,0181;0,9971;;False
1215,75;17.28;pa030​;20250612_123326;1;TUG2;-0,1281;1,3575;0,2642;0,0766;0,0212;0,0183;0,9967;;False
1215,77;17.29;pa030​;20250612_123326;1;TUG2;-0,1290;1,3559;0,2652;0,0852;0,0133;0,0187;0,9961;;False
1215,78;17.31;pa030​;20250612_123326;1;TUG2;-0,1297;1,3542;0,2660;0,0932;0,0055;0,0194;0,9954;;False
1215,79;17.32;pa030​;20250612_123326;1;TUG2;-0,1303;1,3526;0,2666;0,1016;-0,0016;0,0198;0,9946;;False
1215,81;17.33;pa030​;20250612_123326;1;TUG2;-0,1306;1,3509;0,2671;0,1097;-0,0086;0,0199;0,9937;;False
1215,82;17.35;pa030​;20250612_123326;1;TUG2;-0,1312;1,3494;0,2679;0,1179;-0,0145;0,0201;0,9927;;False
1215,84;17.36;pa030​;20250612_123326;1;TUG2;-0,1317;1,3481;0,2687;0,1253;-0,0198;0,0200;0,9917;;False
1215,85;17.38;pa030​;20250612_123326;1;TUG2;-0,1320;1,3468;0,2695;0,1314;-0,0248;0,0195;0,9908;;False
1215,86;17.39;pa030​;20250612_123326;1;TUG2;-0,1322;1,3458;0,2703;0,1364;-0,0283;0,0187;0,9901;;False
1215,88;17.4;pa030​;20250612_123326;1;TUG2;-0,1324;1,3452;0,2713;0,1402;-0,0315;0,0184;0,9895;;False
1215,89;17.42;pa030​;20250612_123326;1;TUG2;-0,1323;1,3447;0,2723;0,1424;-0,0339;0,0175;0,9891;;False
1215,91;17.43;pa030​;20250612_123326;1;TUG2;-0,1323;1,3442;0,2732;0,1442;-0,0353;0,0168;0,9888;;False
1215,92;17.45;pa030​;20250612_123326;1;TUG2;-0,1321;1,3438;0,2741;0,1451;-0,0361;0,0160;0,9886;;False
1215,93;17.46;pa030​;20250612_123326;1;TUG2;-0,1317;1,3435;0,2751;0,1457;-0,0363;0,0154;0,9885;;False
1215,95;17.47;pa030​;20250612_123326;1;TUG2;-0,1314;1,3434;0,2761;0,1461;-0,0361;0,0149;0,9885;;False
1215,96;17.49;pa030​;20250612_123326;1;TUG2;-0,1311;1,3434;0,2770;0,1461;-0,0351;0,0144;0,9885;;False
1215,98;17.5;pa030​;20250612_123326;1;TUG2;-0,1307;1,3434;0,2780;0,1457;-0,0338;0,0139;0,9887;;False
1215,99;17.51;pa030​;20250612_123326;1;TUG2;-0,1303;1,3433;0,2789;0,1456;-0,0320;0,0135;0,9887;;False
1216,00;17.53;pa030​;20250612_123326;1;TUG2;-0,1299;1,3432;0,2798;0,1461;-0,0296;0,0130;0,9887;;False
1216,02;17.54;pa030​;20250612_123326;1;TUG2;-0,1294;1,3431;0,2806;0,1468;-0,0270;0,0125;0,9887;;False
1216,03;17.56;pa030​;20250612_123326;1;TUG2;-0,1288;1,3430;0,2811;0,1475;-0,0242;0,0119;0,9887;;False
1216,05;17.57;pa030​;20250612_123326;1;TUG2;-0,1281;1,3429;0,2815;0,1481;-0,0215;0,0114;0,9887;;False
1216,06;17.58;pa030​;20250612_123326;1;TUG2;-0,1276;1,3429;0,2823;0,1485;-0,0187;0,0111;0,9887;;False
1216,07;17.6;pa030​;20250612_123326;1;TUG2;-0,1272;1,3429;0,2831;0,1485;-0,0159;0,0110;0,9887;;False
1216,09;17.61;pa030​;20250612_123326;1;TUG2;-0,1268;1,3428;0,2839;0,1482;-0,0129;0,0106;0,9888;;False
1216,10;17.63;pa030​;20250612_123326;1;TUG2;-0,1265;1,3428;0,2845;0,1485;-0,0097;0,0098;0,9888;;False
1216,11;17.64;pa030​;20250612_123326;1;TUG2;-0,1262;1,3426;0,2851;0,1486;-0,0069;0,0093;0,9888;;False
1216,13;17.65;pa030​;20250612_123326;1;TUG2;-0,1260;1,3427;0,2855;0,1493;-0,0044;0,0090;0,9887;;False
1216,14;17.67;pa030​;20250612_123326;1;TUG2;-0,1259;1,3426;0,2858;0,1492;-0,0025;0,0084;0,9888;;False
1216,16;17.68;pa030​;20250612_123326;1;TUG2;-0,1258;1,3425;0,2859;0,1489;-0,0014;0,0084;0,9888;;False
1216,17;17.69;pa030​;20250612_123326;1;TUG2;-0,1258;1,3425;0,2860;0,1487;-0,0010;0,0083;0,9888;;False
1216,18;17.71;pa030​;20250612_123326;1;TUG2;-0,1258;1,3424;0,2864;0,1483;-0,0012;0,0082;0,9889;;False
1216,20;17.72;pa030​;20250612_123326;1;TUG2;-0,1261;1,3425;0,2864;0,1477;-0,0014;0,0081;0,9890;;False
1216,21;17.74;pa030​;20250612_123326;1;TUG2;-0,1265;1,3426;0,2864;0,1469;-0,0019;0,0077;0,9891;;False
1216,23;17.75;pa030​;20250612_123326;1;TUG2;-0,1268;1,3426;0,2864;0,1462;-0,0022;0,0071;0,9892;;False
1216,24;17.76;pa030​;20250612_123326;1;TUG2;-0,1272;1,3427;0,2862;0,1453;-0,0024;0,0069;0,9894;;False
1216,25;17.78;pa030​;20250612_123326;1;TUG2;-0,1274;1,3428;0,2862;0,1446;-0,0025;0,0063;0,9895;;False
1216,27;17.79;pa030​;20250612_123326;1;TUG2;-0,1275;1,3427;0,2860;0,1436;-0,0022;0,0056;0,9896;;False
1216,28;17.81;pa030​;20250612_123326;1;TUG2;-0,1276;1,3427;0,2856;0,1425;-0,0013;0,0045;0,9898;;False
1216,30;17.82;pa030​;20250612_123326;1;TUG2;-0,1276;1,3426;0,2853;0,1416;0,0002;0,0030;0,9899;;False
1216,31;17.83;pa030​;20250612_123326;1;TUG2;-0,1276;1,3426;0,2851;0,1406;0,0023;0,0018;0,9901;;False
1216,32;17.85;pa030​;20250612_123326;1;TUG2;-0,1275;1,3427;0,2849;0,1398;0,0053;0,0002;0,9902;;False
1216,34;17.86;pa030​;20250612_123326;1;TUG2;-0,1273;1,3427;0,2846;0,1391;0,0083;-0,0009;0,9902;;False
1216,35;17.87;pa030​;20250612_123326;1;TUG2;-0,1270;1,3425;0,2840;0,1394;0,0113;-0,0018;0,9902;;False
1216,36;17.89;pa030​;20250612_123326;1;TUG2;-0,1268;1,3424;0,2835;0,1399;0,0141;-0,0026;0,9901;;False
1216,38;17.9;pa030​;20250612_123326;1;TUG2;-0,1266;1,3422;0,2830;0,1410;0,0168;-0,0030;0,9899;;False
1216,39;17.92;pa030​;20250612_123326;1;TUG2;-0,1264;1,3419;0,2825;0,1424;0,0191;-0,0030;0,9896;;False
1216,41;17.93;pa030​;20250612_123326;1;TUG2;-0,1262;1,3416;0,2820;0,1440;0,0216;-0,0027;0,9893;;False
1216,42;17.94;pa030​;20250612_123326;1;TUG2;-0,1260;1,3413;0,2816;0,1458;0,0238;-0,0024;0,9890;;False
1216,43;17.96;pa030​;20250612_123326;1;TUG2;-0,1257;1,3409;0,2813;0,1475;0,0252;-0,0020;0,9887;;False
1216,45;17.97;pa030​;20250612_123326;1;TUG2;-0,1255;1,3405;0,2810;0,1495;0,0262;-0,0015;0,9884;;False
1216,46;17.99;pa030​;20250612_123326;1;TUG2;-0,1251;1,3401;0,2807;0,1521;0,0258;-0,0003;0,9880;;False
1216,47;18.0;pa030​;20250612_123326;1;TUG2;-0,1248;1,3397;0,2804;0,1551;0,0256;0,0004;0,9876;;False
1216,49;18.01;pa030​;20250612_123326;1;TUG2;-0,1245;1,3393;0,2802;0,1581;0,0255;-0,0001;0,9871;;False
1216,50;18.03;pa030​;20250612_123326;1;TUG2;-0,1243;1,3389;0,2800;0,1605;0,0258;-0,0014;0,9867;;False
1216,52;18.04;pa030​;20250612_123326;1;TUG2;-0,1239;1,3385;0,2796;0,1618;0,0261;-0,0031;0,9865;;False
1216,53;18.06;pa030​;20250612_123326;1;TUG2;-0,1234;1,3381;0,2793;0,1625;0,0260;-0,0038;0,9864;;False
1216,54;18.07;pa030​;20250612_123326;1;TUG2;-0,1231;1,3379;0,2793;0,1633;0,0262;-0,0041;0,9862;;False
1216,56;18.08;pa030​;20250612_123326;1;TUG2;-0,1227;1,3377;0,2791;0,1649;0,0264;-0,0040;0,9860;;False
1216,57;18.1;pa030​;20250612_123326;1;TUG2;-0,1222;1,3375;0,2789;0,1667;0,0272;-0,0044;0,9856;;False
1216,59;18.11;pa030​;20250612_123326;1;TUG2;-0,1214;1,3373;0,2788;0,1681;0,0289;-0,0048;0,9853;;False
1216,60;18.12;pa030​;20250612_123326;1;TUG2;-0,1205;1,3370;0,2786;0,1686;0,0311;-0,0053;0,9852;;False
1216,61;18.14;pa030​;20250612_123326;1;TUG2;-0,1196;1,3368;0,2784;0,1685;0,0340;-0,0066;0,9851;;False
1216,63;18.15;pa030​;20250612_123326;1;TUG2;-0,1187;1,3368;0,2782;0,1687;0,0368;-0,0081;0,9850;;False
1216,64;18.17;pa030​;20250612_123326;1;TUG2;-0,1178;1,3368;0,2779;0,1688;0,0393;-0,0090;0,9848;;False
1216,66;18.18;pa030​;20250612_123326;1;TUG2;-0,1170;1,3368;0,2776;0,1690;0,0414;-0,0097;0,9847;;False
1216,67;18.19;pa030​;20250612_123326;1;TUG2;-0,1161;1,3368;0,2771;0,1691;0,0431;-0,0112;0,9846;;False
1216,68;18.21;pa030​;20250612_123326;1;TUG2;-0,1152;1,3369;0,2766;0,1696;0,0454;-0,0135;0,9844;;False
1216,70;18.22;pa030​;20250612_123326;1;TUG2;-0,1142;1,3372;0,2763;0,1687;0,0480;-0,0155;0,9844;;False
1216,71;18.24;pa030​;20250612_123326;1;TUG2;-0,1132;1,3375;0,2762;0,1676;0,0513;-0,0173;0,9844;;False
1216,72;18.25;pa030​;20250612_123326;1;TUG2;-0,1122;1,3381;0,2762;0,1663;0,0548;-0,0194;0,9844;;False
1216,74;18.26;pa030​;20250612_123326;1;TUG2;-0,1112;1,3385;0,2761;0,1643;0,0588;-0,0214;0,9844;;False
1216,75;18.28;pa030​;20250612_123326;1;TUG2;-0,1102;1,3388;0,2761;0,1626;0,0629;-0,0229;0,9844;;False
1216,77;18.29;pa030​;20250612_123326;1;TUG2;-0,1092;1,3391;0,2760;0,1611;0,0673;-0,0243;0,9843;;False
1216,78;18.31;pa030​;20250612_123326;1;TUG2;-0,1083;1,3394;0,2760;0,1599;0,0722;-0,0255;0,9842;;False
1216,79;18.32;pa030​;20250612_123326;1;TUG2;-0,1076;1,3397;0,2758;0,1589;0,0777;-0,0268;0,9839;;False
1216,81;18.33;pa030​;20250612_123326;1;TUG2;-0,1067;1,3400;0,2755;0,1581;0,0839;-0,0278;0,9835;;False
1216,82;18.35;pa030​;20250612_123326;1;TUG2;-0,1059;1,3402;0,2752;0,1577;0,0901;-0,0280;0,9830;;False
1216,84;18.36;pa030​;20250612_123326;1;TUG2;-0,1053;1,3405;0,2749;0,1571;0,0968;-0,0278;0,9824;;False
1216,85;18.37;pa030​;20250612_123326;1;TUG2;-0,1045;1,3408;0,2747;0,1558;0,1027;-0,0268;0,9821;;False
1216,86;18.39;pa030​;20250612_123326;1;TUG2;-0,1038;1,3411;0,2746;0,1540;0,1090;-0,0249;0,9817;;False
1216,88;18.4;pa030​;20250612_123326;1;TUG2;-0,1030;1,3415;0,2746;0,1526;0,1152;-0,0230;0,9813;;False
1216,89;18.42;pa030​;20250612_123326;1;TUG2;-0,1022;1,3419;0,2746;0,1512;0,1214;-0,0212;0,9808;;False
1216,91;18.43;pa030​;20250612_123326;1;TUG2;-0,1015;1,3422;0,2746;0,1498;0,1270;-0,0198;0,9803;;False
1216,92;18.45;pa030​;20250612_123326;1;TUG2;-0,1011;1,3424;0,2747;0,1487;0,1319;-0,0188;0,9799;;False
1216,93;18.46;pa030​;20250612_123326;1;TUG2;-0,1009;1,3426;0,2748;0,1477;0,1360;-0,0186;0,9795;;False
1216,95;18.47;pa030​;20250612_123326;1;TUG2;-0,1006;1,3428;0,2750;0,1474;0,1380;-0,0179;0,9793;;False
1216,96;18.49;pa030​;20250612_123326;1;TUG2;-0,1005;1,3429;0,2752;0,1470;0,1399;-0,0174;0,9790;;False
1216,98;18.5;pa030​;20250612_123326;1;TUG2;-0,1001;1,3432;0,2753;0,1472;0,1417;-0,0174;0,9788;;False
1216,99;18.51;pa030​;20250612_123326;1;TUG2;-0,0996;1,3432;0,2755;0,1470;0,1435;-0,0170;0,9785;;False
1217,00;18.53;pa030​;20250612_123326;1;TUG2;-0,0991;1,3432;0,2757;0,1465;0,1456;-0,0168;0,9783;;False
1217,02;18.54;pa030​;20250612_123326;1;TUG2;-0,0988;1,3432;0,2759;0,1463;0,1478;-0,0173;0,9780;;False
1217,03;18.55;pa030​;20250612_123326;1;TUG2;-0,0986;1,3432;0,2762;0,1463;0,1500;-0,0178;0,9776;;False
1217,04;18.57;pa030​;20250612_123326;1;TUG2;-0,0983;1,3432;0,2764;0,1468;0,1523;-0,0182;0,9772;;False
1217,06;18.58;pa030​;20250612_123326;1;TUG2;-0,0981;1,3431;0,2766;0,1472;0,1542;-0,0182;0,9768;;False
1217,07;18.6;pa030​;20250612_123326;1;TUG2;-0,0979;1,3430;0,2769;0,1478;0,1556;-0,0178;0,9765;;False
1217,09;18.61;pa030​;20250612_123326;1;TUG2;-0,0978;1,3429;0,2773;0,1477;0,1567;-0,0176;0,9764;;False
1217,10;18.63;pa030​;20250612_123326;1;TUG2;-0,0978;1,3428;0,2775;0,1478;0,1581;-0,0177;0,9761;;False
1217,11;18.64;pa030​;20250612_123326;1;TUG2;-0,0977;1,3428;0,2778;0,1482;0,1593;-0,0177;0,9759;;False
1217,13;18.65;pa030​;20250612_123326;1;TUG2;-0,0976;1,3428;0,2781;0,1487;0,1601;-0,0169;0,9757;;False
1217,14;18.67;pa030​;20250612_123326;1;TUG2;-0,0976;1,3428;0,2785;0,1483;0,1606;-0,0167;0,9757;;False
1217,16;18.68;pa030​;20250612_123326;1;TUG2;-0,0976;1,3427;0,2788;0,1481;0,1610;-0,0168;0,9756;;False
1217,17;18.69;pa030​;20250612_123326;1;TUG2;-0,0977;1,3427;0,2791;0,1477;0,1610;-0,0172;0,9757;;False
1217,18;18.71;pa030​;20250612_123326;1;TUG2;-0,0978;1,3427;0,2795;0,1471;0,1612;-0,0177;0,9757;;False
1217,20;18.72;pa030​;20250612_123326;1;TUG2;-0,0979;1,3428;0,2798;0,1462;0,1611;-0,0179;0,9759;;False
1217,21;18.74;pa030​;20250612_123326;1;TUG2;-0,0981;1,3430;0,2800;0,1455;0,1610;-0,0177;0,9760;;False
1217,23;18.75;pa030​;20250612_123326;1;TUG2;-0,0982;1,3428;0,2801;0,1450;0,1605;-0,0172;0,9762;;False
1217,24;18.76;pa030​;20250612_123326;1;TUG2;-0,0984;1,3428;0,2801;0,1451;0,1596;-0,0170;0,9763;;False
1217,25;18.78;pa030​;20250612_123326;1;TUG2;-0,0986;1,3427;0,2801;0,1452;0,1587;-0,0171;0,9764;;False
1217,27;18.79;pa030​;20250612_123326;1;TUG2;-0,0989;1,3429;0,2803;0,1446;0,1579;-0,0175;0,9766;;False
1217,28;18.81;pa030​;20250612_123326;1;TUG2;-0,0991;1,3432;0,2803;0,1437;0,1573;-0,0180;0,9769;;False
1217,29;18.82;pa030​;20250612_123326;1;TUG2;-0,0993;1,3435;0,2804;0,1425;0,1568;-0,0182;0,9771;;False
1217,31;18.83;pa030​;20250612_123326;1;TUG2;-0,0995;1,3437;0,2804;0,1409;0,1565;-0,0189;0,9774;;False
1217,32;18.85;pa030​;20250612_123326;1;TUG2;-0,0997;1,3440;0,2803;0,1398;0,1562;-0,0197;0,9776;;False
1217,34;18.86;pa030​;20250612_123326;1;TUG2;-0,1000;1,3442;0,2801;0,1386;0,1558;-0,0198;0,9778;;False
1217,35;18.87;pa030​;20250612_123326;1;TUG2;-0,1003;1,3446;0,2799;0,1377;0,1552;-0,0197;0,9781;;False
1217,36;18.89;pa030​;20250612_123326;1;TUG2;-0,1007;1,3448;0,2796;0,1366;0,1538;-0,0192;0,9784;;False
1217,38;18.9;pa030​;20250612_123326;1;TUG2;-0,1010;1,3451;0,2794;0,1361;0,1516;-0,0189;0,9788;;False
1217,39;18.92;pa030​;20250612_123326;1;TUG2;-0,1015;1,3453;0,2792;0,1350;0,1489;-0,0185;0,9794;;False
1217,41;18.93;pa030​;20250612_123326;1;TUG2;-0,1019;1,3455;0,2789;0,1338;0,1460;-0,0188;0,9800;;False
1217,42;18.94;pa030​;20250612_123326;1;TUG2;-0,1021;1,3459;0,2787;0,1323;0,1433;-0,0193;0,9806;;False
1217,43;18.96;pa030​;20250612_123326;1;TUG2;-0,1023;1,3464;0,2783;0,1300;0,1412;-0,0201;0,9812;;False
1217,45;18.97;pa030​;20250612_123326;1;TUG2;-0,1024;1,3469;0,2780;0,1276;0,1394;-0,0212;0,9818;;False
1217,46;18.99;pa030​;20250612_123326;1;TUG2;-0,1025;1,3473;0,2777;0,1250;0,1379;-0,0219;0,9823;;False
1217,47;19.0;pa030​;20250612_123326;1;TUG2;-0,1027;1,3478;0,2774;0,1224;0,1361;-0,0217;0,9829;;False
1217,49;19.01;pa030​;20250612_123326;1;TUG2;-0,1027;1,3484;0,2770;0,1199;0,1344;-0,0213;0,9834;;False
1217,50;19.03;pa030​;20250612_123326;1;TUG2;-0,1026;1,3490;0,2765;0,1175;0,1330;-0,0207;0,9839;;False
1217,52;19.04;pa030​;20250612_123326;1;TUG2;-0,1026;1,3497;0,2760;0,1148;0,1324;-0,0202;0,9843;;False
1217,53;19.06;pa030​;20250612_123326;1;TUG2;-0,1024;1,3504;0,2755;0,1124;0,1322;-0,0207;0,9846;;False
1217,54;19.07;pa030​;20250612_123326;1;TUG2;-0,1024;1,3511;0,2751;0,1096;0,1322;-0,0213;0,9849;;False
1217,56;19.08;pa030​;20250612_123326;1;TUG2;-0,1026;1,3518;0,2747;0,1069;0,1321;-0,0220;0,9852;;False
1217,57;19.1;pa030​;20250612_123326;1;TUG2;-0,1027;1,3524;0,2743;0,1041;0,1314;-0,0227;0,9856;;False
1217,59;19.11;pa030​;20250612_123326;1;TUG2;-0,1030;1,3531;0,2737;0,1017;0,1313;-0,0233;0,9858;;False
1217,60;19.13;pa030​;20250612_123326;1;TUG2;-0,1034;1,3537;0,2731;0,0997;0,1310;-0,0245;0,9860;;False
1217,61;19.14;pa030​;20250612_123326;1;TUG2;-0,1040;1,3543;0,2726;0,0976;0,1306;-0,0250;0,9863;;False
1217,63;19.15;pa030​;20250612_123326;1;TUG2;-0,1046;1,3548;0,2721;0,0955;0,1298;-0,0251;0,9866;;False
1217,64;19.17;pa030​;20250612_123326;1;TUG2;-0,1053;1,3553;0,2716;0,0938;0,1296;-0,0243;0,9868;;False
1217,66;19.18;pa030​;20250612_123326;1;TUG2;-0,1059;1,3558;0,2711;0,0921;0,1292;-0,0222;0,9871;;False
1217,67;19.19;pa030​;20250612_123326;1;TUG2;-0,1066;1,3562;0,2705;0,0906;0,1290;-0,0200;0,9873;;False
1217,68;19.21;pa030​;20250612_123326;1;TUG2;-0,1073;1,3564;0,2699;0,0897;0,1287;-0,0180;0,9875;;False
1217,70;19.22;pa030​;20250612_123326;1;TUG2;-0,1081;1,3566;0,2693;0,0893;0,1282;-0,0165;0,9876;;False
1217,71;19.24;pa030​;20250612_123326;1;TUG2;-0,1087;1,3565;0,2687;0,0892;0,1271;-0,0154;0,9878;;False
1217,73;19.25;pa030​;20250612_123326;1;TUG2;-0,1093;1,3565;0,2681;0,0888;0,1260;-0,0144;0,9880;;False
1217,74;19.26;pa030​;20250612_123326;1;TUG2;-0,1097;1,3568;0,2677;0,0879;0,1247;-0,0136;0,9882;;False
1217,75;19.28;pa030​;20250612_123326;1;TUG2;-0,1100;1,3571;0,2672;0,0859;0,1234;-0,0131;0,9886;;False
1217,77;19.29;pa030​;20250612_123326;1;TUG2;-0,1101;1,3574;0,2667;0,0842;0,1233;-0,0134;0,9887;;False
1217,78;19.31;pa030​;20250612_123326;1;TUG2;-0,1099;1,3576;0,2660;0,0825;0,1241;-0,0137;0,9887;;False
1217,79;19.32;pa030​;20250612_123326;1;TUG2;-0,1097;1,3579;0,2653;0,0815;0,1254;-0,0138;0,9887;;False
1217,81;19.33;pa030​;20250612_123326;1;TUG2;-0,1094;1,3581;0,2644;0,0812;0,1272;-0,0137;0,9885;;False
1217,82;19.35;pa030​;20250612_123326;1;TUG2;-0,1092;1,3582;0,2636;0,0807;0,1286;-0,0134;0,9883;;False
1217,84;19.36;pa030​;20250612_123326;1;TUG2;-0,1089;1,3585;0,2626;0,0802;0,1299;-0,0134;0,9882;;False
1217,85;19.37;pa030​;20250612_123326;1;TUG2;-0,1085;1,3587;0,2616;0,0797;0,1312;-0,0134;0,9881;;False
1217,86;19.39;pa030​;20250612_123326;1;TUG2;-0,1081;1,3591;0,2608;0,0787;0,1321;-0,0125;0,9880;;False
1217,88;19.4;pa030​;20250612_123326;1;TUG2;-0,1077;1,3596;0,2600;0,0773;0,1328;-0,0119;0,9881;;False
1217,89;19.42;pa030​;20250612_123326;1;TUG2;-0,1071;1,3600;0,2593;0,0755;0,1331;-0,0120;0,9882;;False
1217,91;19.43;pa030​;20250612_123326;1;TUG2;-0,1063;1,3603;0,2584;0,0734;0,1339;-0,0122;0,9882;;False
1217,92;19.44;pa030​;20250612_123326;1;TUG2;-0,1056;1,3606;0,2574;0,0721;0,1354;-0,0133;0,9881;;False
1217,93;19.46;pa030​;20250612_123326;1;TUG2;-0,1048;1,3609;0,2566;0,0710;0,1373;-0,0148;0,9879;;False
1217,95;19.47;pa030​;20250612_123326;1;TUG2;-0,1041;1,3610;0,2558;0,0698;0,1389;-0,0158;0,9877;;False
1217,96;19.49;pa030​;20250612_123326;1;TUG2;-0,1034;1,3609;0,2551;0,0688;0,1401;-0,0167;0,9876;;False
1217,97;19.5;pa030​;20250612_123326;1;TUG2;-0,1028;1,3609;0,2544;0,0677;0,1410;-0,0171;0,9875;;False
1217,99;19.51;pa030​;20250612_123326;1;TUG2;-0,1023;1,3611;0,2536;0,0669;0,1413;-0,0177;0,9875;;False
1218,00;19.53;pa030​;20250612_123326;1;TUG2;-0,1018;1,3612;0,2528;0,0661;0,1409;-0,0184;0,9876;;False
1218,02;19.54;pa030​;20250612_123326;1;TUG2;-0,1014;1,3613;0,2517;0,0659;0,1403;-0,0196;0,9877;;False
1218,03;19.55;pa030​;20250612_123326;1;TUG2;-0,1009;1,3614;0,2508;0,0661;0,1398;-0,0208;0,9878;;False
1218,04;19.57;pa030​;20250612_123326;1;TUG2;-0,1005;1,3614;0,2497;0,0652;0,1395;-0,0228;0,9878;;False
1218,06;19.58;pa030​;20250612_123326;1;TUG2;-0,1002;1,3616;0,2486;0,0653;0,1396;-0,0246;0,9877;;False
1218,07;19.6;pa030​;20250612_123326;1;TUG2;-0,0997;1,3618;0,2473;0,0647;0,1396;-0,0267;0,9877;;False
1218,09;19.61;pa030​;20250612_123326;1;TUG2;-0,0993;1,3621;0,2462;0,0635;0,1398;-0,0280;0,9877;;False
1218,10;19.62;pa030​;20250612_123326;1;TUG2;-0,0988;1,3625;0,2454;0,0611;0,1399;-0,0289;0,9879;;False
1218,11;19.64;pa030​;20250612_123326;1;TUG2;-0,0984;1,3630;0,2445;0,0588;0,1399;-0,0293;0,9880;;False
1218,13;19.65;pa030​;20250612_123326;1;TUG2;-0,0983;1,3632;0,2437;0,0565;0,1404;-0,0310;0,9880;;False
1218,14;19.67;pa030​;20250612_123326;1;TUG2;-0,0982;1,3633;0,2430;0,0552;0,1399;-0,0322;0,9881;;False
1218,16;19.68;pa030​;20250612_123326;1;TUG2;-0,0983;1,3634;0,2424;0,0544;0,1392;-0,0335;0,9882;;False
1218,17;19.69;pa030​;20250612_123326;1;TUG2;-0,0985;1,3635;0,2420;0,0535;0,1379;-0,0342;0,9884;;False
1218,18;19.71;pa030​;20250612_123326;1;TUG2;-0,0988;1,3635;0,2416;0,0532;0,1358;-0,0340;0,9887;;False
1218,20;19.72;pa030​;20250612_123326;1;TUG2;-0,0992;1,3633;0,2414;0,0536;0,1334;-0,0339;0,9890;;False
1218,21;19.74;pa030​;20250612_123326;1;TUG2;-0,0997;1,3630;0,2411;0,0542;0,1305;-0,0338;0,9894;;False
1218,23;19.75;pa030​;20250612_123326;1;TUG2;-0,1002;1,3627;0,2411;0,0557;0,1273;-0,0338;0,9897;;False
1218,24;19.76;pa030​;20250612_123326;1;TUG2;-0,1009;1,3624;0,2411;0,0567;0,1235;-0,0339;0,9901;;False
1218,25;19.78;pa030​;20250612_123326;1;TUG2;-0,1017;1,3621;0,2412;0,0589;0,1190;-0,0344;0,9906;;False
1218,27;19.79;pa030​;20250612_123326;1;TUG2;-0,1026;1,3617;0,2412;0,0608;0,1150;-0,0356;0,9909;;False
1218,28;19.81;pa030​;20250612_123326;1;TUG2;-0,1034;1,3614;0,2414;0,0624;0,1102;-0,0370;0,9913;;False
1218,29;19.82;pa030​;20250612_123326;1;TUG2;-0,1043;1,3613;0,2415;0,0635;0,1062;-0,0380;0,9916;;False
1218,31;19.83;pa030​;20250612_123326;1;TUG2;-0,1050;1,3610;0,2416;0,0643;0,1021;-0,0385;0,9919;;False
1218,32;19.85;pa030​;20250612_123326;1;TUG2;-0,1059;1,3608;0,2416;0,0649;0,0987;-0,0390;0,9922;;False
1218,34;19.86;pa030​;20250612_123326;1;TUG2;-0,1067;1,3607;0,2417;0,0651;0,0957;-0,0388;0,9925;;False
1218,35;19.87;pa030​;20250612_123326;1;TUG2;-0,1074;1,3607;0,2417;0,0648;0,0938;-0,0395;0,9927;;False
1218,36;19.89;pa030​;20250612_123326;1;TUG2;-0,1081;1,3609;0,2417;0,0645;0,0927;-0,0400;0,9928;;False
1218,38;19.9;pa030​;20250612_123326;1;TUG2;-0,1087;1,3611;0,2418;0,0633;0,0932;-0,0400;0,9928;;False
1218,39;19.92;pa030​;20250612_123326;1;TUG2;-0,1092;1,3614;0,2419;0,0615;0,0942;-0,0394;0,9929;;False
1218,41;19.93;pa030​;20250612_123326;1;TUG2;-0,1098;1,3617;0,2421;0,0591;0,0957;-0,0379;0,9929;;False
1218,42;19.94;pa030​;20250612_123326;1;TUG2;-0,1104;1,3620;0,2422;0,0569;0,0970;-0,0367;0,9930;;False
1218,43;19.96;pa030​;20250612_123326;1;TUG2;-0,1110;1,3620;0,2422;0,0553;0,0984;-0,0352;0,9930;;False
1218,45;19.97;pa030​;20250612_123326;1;TUG2;-0,1116;1,3621;0,2423;0,0543;0,0997;-0,0338;0,9930;;False
1218,46;19.99;pa030​;20250612_123326;1;TUG2;-0,1123;1,3621;0,2424;0,0535;0,1014;-0,0324;0,9929;;False
1218,48;20.0;pa030​;20250612_123326;1;TUG2;-0,1130;1,3622;0,2426;0,0531;0,1028;-0,0313;0,9928;;False
1218,49;20.01;pa030​;20250612_123326;1;TUG2;-0,1137;1,3622;0,2429;0,0524;0,1040;-0,0301;0,9927;;False
1218,50;20.03;pa030​;20250612_123326;1;TUG2;-0,1144;1,3623;0,2431;0,0517;0,1047;-0,0283;0,9928;;False
1218,52;20.04;pa030​;20250612_123326;1;TUG2;-0,1152;1,3625;0,2434;0,0510;0,1051;-0,0265;0,9928;;False
1218,53;20.06;pa030​;20250612_123326;1;TUG2;-0,1159;1,3626;0,2436;0,0502;0,1047;-0,0248;0,9929;;False
1218,54;20.07;pa030​;20250612_123326;1;TUG2;-0,1165;1,3627;0,2437;0,0497;0,1039;-0,0229;0,9931;;False
1218,56;20.08;pa030​;20250612_123326;1;TUG2;-0,1170;1,3627;0,2437;0,0495;0,1027;-0,0211;0,9933;;False
1218,57;20.1;pa030​;20250612_123326;1;TUG2;-0,1175;1,3628;0,2437;0,0496;0,1011;-0,0201;0,9934;;False
1218,59;20.11;pa030​;20250612_123326;1;TUG2;-0,1180;1,3630;0,2438;0,0491;0,0993;-0,0202;0,9936;;False
1218,60;20.13;pa030​;20250612_123326;1;TUG2;-0,1185;1,3632;0,2438;0,0482;0,0980;-0,0209;0,9938;;False
1218,61;20.14;pa030​;20250612_123326;1;TUG2;-0,1189;1,3636;0,2439;0,0469;0,0968;-0,0215;0,9940;;False
1218,63;20.15;pa030​;20250612_123326;1;TUG2;-0,1192;1,3639;0,2440;0,0453;0,0961;-0,0220;0,9941;;False
1218,64;20.17;pa030​;20250612_123326;1;TUG2;-0,1196;1,3642;0,2441;0,0434;0,0957;-0,0222;0,9942;;False
1218,66;20.18;pa030​;20250612_123326;1;TUG2;-0,1199;1,3647;0,2442;0,0415;0,0955;-0,0216;0,9943;;False
1218,67;20.19;pa030​;20250612_123326;1;TUG2;-0,1200;1,3653;0,2443;0,0390;0,0958;-0,0208;0,9944;;False
1218,68;20.21;pa030​;20250612_123326;1;TUG2;-0,1202;1,3659;0,2444;0,0360;0,0968;-0,0199;0,9945;;False
1218,70;20.22;pa030​;20250612_123326;1;TUG2;-0,1204;1,3663;0,2445;0,0331;0,0981;-0,0188;0,9944;;False
1218,71;20.24;pa030​;20250612_123326;1;TUG2;-0,1208;1,3667;0,2447;0,0305;0,0996;-0,0178;0,9944;;False
1218,72;20.25;pa030​;20250612_123326;1;TUG2;-0,1212;1,3670;0,2450;0,0279;0,1015;-0,0166;0,9943;;False
1218,74;20.26;pa030​;20250612_123326;1;TUG2;-0,1217;1,3674;0,2454;0,0252;0,1028;-0,0154;0,9943;;False
1218,75;20.28;pa030​;20250612_123326;1;TUG2;-0,1223;1,3677;0,2458;0,0222;0,1046;-0,0137;0,9942;;False
1218,77;20.29;pa030​;20250612_123326;1;TUG2;-0,1229;1,3680;0,2463;0,0193;0,1060;-0,0112;0,9941;;False
1218,78;20.31;pa030​;20250612_123326;1;TUG2;-0,1237;1,3683;0,2467;0,0165;0,1075;-0,0086;0,9940;;False
1218,79;20.32;pa030​;20250612_123326;1;TUG2;-0,1246;1,3683;0,2471;0,0137;0,1085;-0,0060;0,9940;;False
1218,81;20.33;pa030​;20250612_123326;1;TUG2;-0,1255;1,3683;0,2476;0,0114;0,1092;-0,0028;0,9939;;False
1218,82;20.35;pa030​;20250612_123326;1;TUG2;-0,1266;1,3684;0,2481;0,0095;0,1099;0,0002;0,9939;;False
1218,84;20.36;pa030​;20250612_123326;1;TUG2;-0,1277;1,3684;0,2486;0,0075;0,1100;0,0028;0,9939;;False
1218,85;20.37;pa030​;20250612_123326;1;TUG2;-0,1290;1,3684;0,2490;0,0060;0,1105;0,0052;0,9938;;False
1218,86;20.39;pa030​;20250612_123326;1;TUG2;-0,1303;1,3686;0,2493;0,0045;0,1113;0,0070;0,9938;;False
1218,88;20.4;pa030​;20250612_123326;1;TUG2;-0,1313;1,3689;0,2497;0,0022;0,1121;0,0103;0,9936;;False
1218,89;20.42;pa030​;20250612_123326;1;TUG2;-0,1326;1,3692;0,2501;0,0000;0,1136;0,0139;0,9934;;False
1218,91;20.43;pa030​;20250612_123326;1;TUG2;-0,1337;1,3695;0,2504;-0,0018;0,1149;0,0167;0,9932;;False
1218,92;20.45;pa030​;20250612_123326;1;TUG2;-0,1346;1,3698;0,2505;-0,0037;0,1163;0,0204;0,9930;;False
1218,93;20.46;pa030​;20250612_123326;1;TUG2;-0,1356;1,3700;0,2506;-0,0051;0,1186;0,0227;0,9927;;False
1218,96;20.48;pa030​;20250612_123326;1;TUG2;-0,1377;1,3705;0,2509;-0,0076;0,1231;0,0275;0,9920;;False
1218,97;20.5;pa030​;20250612_123326;1;TUG2;-0,1388;1,3708;0,2510;-0,0078;0,1253;0,0297;0,9916;;False
1218,99;20.51;pa030​;20250612_123326;1;TUG2;-0,1398;1,3709;0,2512;-0,0083;0,1273;0,0314;0,9913;;False
1219,00;20.53;pa030​;20250612_123326;1;TUG2;-0,1406;1,3711;0,2514;-0,0086;0,1288;0,0335;0,9911;;False
1219,02;20.54;pa030​;20250612_123326;1;TUG2;-0,1417;1,3713;0,2518;-0,0092;0,1301;0,0357;0,9908;;False
1219,03;20.55;pa030​;20250612_123326;1;TUG2;-0,1426;1,3712;0,2523;-0,0097;0,1305;0,0377;0,9907;;False
1219,04;20.57;pa030​;20250612_123326;1;TUG2;-0,1434;1,3709;0,2527;-0,0094;0,1306;0,0392;0,9906;;False
1219,06;20.58;pa030​;20250612_123326;1;TUG2;-0,1441;1,3706;0,2530;-0,0082;0,1308;0,0401;0,9906;;False
1219,07;20.6;pa030​;20250612_123326;1;TUG2;-0,1446;1,3704;0,2534;-0,0062;0,1309;0,0409;0,9905;;False
1219,09;20.61;pa030​;20250612_123326;1;TUG2;-0,1449;1,3703;0,2538;-0,0048;0,1312;0,0415;0,9905;;False
1219,10;20.62;pa030​;20250612_123326;1;TUG2;-0,1449;1,3702;0,2543;-0,0038;0,1318;0,0421;0,9904;;False
1219,11;20.64;pa030​;20250612_123326;1;TUG2;-0,1448;1,3700;0,2547;-0,0036;0,1331;0,0415;0,9902;;False
1219,13;20.65;pa030​;20250612_123326;1;TUG2;-0,1446;1,3699;0,2551;-0,0028;0,1346;0,0405;0,9901;;False
1219,14;20.67;pa030​;20250612_123326;1;TUG2;-0,1443;1,3698;0,2555;-0,0026;0,1366;0,0397;0,9898;;False
1219,16;20.68;pa030​;20250612_123326;1;TUG2;-0,1438;1,3698;0,2559;-0,0024;0,1389;0,0390;0,9895;;False
1219,17;20.7;pa030​;20250612_123326;1;TUG2;-0,1433;1,3698;0,2563;-0,0020;0,1413;0,0389;0,9892;;False
1219,18;20.71;pa030​;20250612_123326;1;TUG2;-0,1425;1,3697;0,2567;-0,0013;0,1440;0,0390;0,9888;;False
1219,20;20.72;pa030​;20250612_123326;1;TUG2;-0,1416;1,3696;0,2571;-0,0007;0,1467;0,0389;0,9884;;False
1219,21;20.74;pa030​;20250612_123326;1;TUG2;-0,1406;1,3695;0,2575;-0,0001;0,1492;0,0384;0,9881;;False
1219,23;20.75;pa030​;20250612_123326;1;TUG2;-0,1395;1,3696;0,2577;0,0006;0,1512;0,0372;0,9878;;False
1219,24;20.76;pa030​;20250612_123326;1;TUG2;-0,1383;1,3697;0,2580;0,0008;0,1527;0,0357;0,9876;;False
1219,25;20.78;pa030​;20250612_123326;1;TUG2;-0,1371;1,3700;0,2584;0,0003;0,1537;0,0329;0,9876;;False
1219,27;20.79;pa030​;20250612_123326;1;TUG2;-0,1358;1,3702;0,2588;-0,0002;0,1542;0,0299;0,9876;;False
1219,28;20.81;pa030​;20250612_123326;1;TUG2;-0,1345;1,3701;0,2592;-0,0011;0,1543;0,0275;0,9876;;False
1219,29;20.82;pa030​;20250612_123326;1;TUG2;-0,1332;1,3702;0,2596;-0,0014;0,1542;0,0251;0,9877;;False
1219,31;20.83;pa030​;20250612_123326;1;TUG2;-0,1318;1,3703;0,2600;-0,0016;0,1529;0,0233;0,9880;;False
1219,32;20.85;pa030​;20250612_123326;1;TUG2;-0,1304;1,3706;0,2603;-0,0019;0,1521;0,0208;0,9881;;False
1219,34;20.86;pa030​;20250612_123326;1;TUG2;-0,1289;1,3708;0,2605;-0,0029;0,1517;0,0175;0,9883;;False
1219,35;20.87;pa030​;20250612_123326;1;TUG2;-0,1275;1,3712;0,2607;-0,0043;0,1515;0,0140;0,9883;;False
1219,36;20.89;pa030​;20250612_123326;1;TUG2;-0,1260;1,3716;0,2607;-0,0062;0,1514;0,0108;0,9884;;False
1219,38;20.9;pa030​;20250612_123326;1;TUG2;-0,1245;1,3721;0,2607;-0,0078;0,1514;0,0090;0,9884;;False
1219,39;20.92;pa030​;20250612_123326;1;TUG2;-0,1227;1,3726;0,2607;-0,0100;0,1515;0,0080;0,9884;;False
1219,41;20.93;pa030​;20250612_123326;1;TUG2;-0,1206;1,3732;0,2608;-0,0132;0,1530;0,0063;0,9881;;False
1219,42;20.94;pa030​;20250612_123326;1;TUG2;-0,1183;1,3740;0,2605;-0,0165;0,1557;0,0034;0,9877;;False
1219,43;20.96;pa030​;20250612_123326;1;TUG2;-0,1161;1,3747;0,2601;-0,0205;0,1599;-0,0003;0,9869;;False
1219,45;20.97;pa030​;20250612_123326;1;TUG2;-0,1141;1,3755;0,2596;-0,0247;0,1646;-0,0041;0,9860;;False
1219,46;20.99;pa030​;20250612_123326;1;TUG2;-0,1121;1,3765;0,2589;-0,0289;0,1689;-0,0069;0,9852;;False
1219,47;21.0;pa030​;20250612_123326;1;TUG2;-0,1105;1,3777;0,2583;-0,0331;0,1731;-0,0086;0,9843;;False
1219,49;21.01;pa030​;20250612_123326;1;TUG2;-0,1092;1,3787;0,2576;-0,0385;0,1767;-0,0095;0,9835;;False
1219,50;21.03;pa030​;20250612_123326;1;TUG2;-0,1082;1,3798;0,2569;-0,0443;0,1800;-0,0102;0,9826;;False
1219,52;21.04;pa030​;20250612_123326;1;TUG2;-0,1073;1,3808;0,2562;-0,0490;0,1821;-0,0112;0,9820;;False
1219,53;21.06;pa030​;20250612_123326;1;TUG2;-0,1069;1,3817;0,2556;-0,0535;0,1838;-0,0113;0,9814;;False
1219,54;21.07;pa030​;20250612_123326;1;TUG2;-0,1069;1,3825;0,2550;-0,0580;0,1846;-0,0115;0,9810;;False
1219,56;21.08;pa030​;20250612_123326;1;TUG2;-0,1070;1,3833;0,2547;-0,0617;0,1847;-0,0121;0,9808;;False
1219,57;21.1;pa030​;20250612_123326;1;TUG2;-0,1074;1,3842;0,2548;-0,0651;0,1845;-0,0118;0,9806;;False
1219,59;21.11;pa030​;20250612_123326;1;TUG2;-0,1078;1,3848;0,2550;-0,0686;0,1838;-0,0116;0,9805;;False
1219,60;21.13;pa030​;20250612_123326;1;TUG2;-0,1081;1,3853;0,2556;-0,0707;0,1833;-0,0097;0,9805;;False
1219,61;21.14;pa030​;20250612_123326;1;TUG2;-0,1085;1,3857;0,2565;-0,0719;0,1832;-0,0080;0,9804;;False
1219,63;21.15;pa030​;20250612_123326;1;TUG2;-0,1089;1,3858;0,2578;-0,0735;0,1839;-0,0090;0,9801;;False
1219,64;21.17;pa030​;20250612_123326;1;TUG2;-0,1090;1,3858;0,2595;-0,0750;0,1854;-0,0092;0,9798;;False
1219,66;21.18;pa030​;20250612_123326;1;TUG2;-0,1092;1,3857;0,2614;-0,0754;0,1878;-0,0083;0,9793;;False
1219,67;21.19;pa030​;20250612_123326;1;TUG2;-0,1095;1,3856;0,2635;-0,0751;0,1887;-0,0073;0,9791;;False
1219,68;21.21;pa030​;20250612_123326;1;TUG2;-0,1100;1,3852;0,2659;-0,0743;0,1882;-0,0063;0,9793;;False
1219,70;21.22;pa030​;20250612_123326;1;TUG2;-0,1103;1,3845;0,2685;-0,0727;0,1873;-0,0053;0,9796;;False
1219,71;21.24;pa030​;20250612_123326;1;TUG2;-0,1106;1,3839;0,2712;-0,0716;0,1867;-0,0040;0,9798;;False
1219,72;21.25;pa030​;20250612_123326;1;TUG2;-0,1108;1,3832;0,2735;-0,0697;0,1858;-0,0009;0,9801;;False
1219,74;21.26;pa030​;20250612_123326;1;TUG2;-0,1110;1,3822;0,2752;-0,0667;0,1847;0,0024;0,9805;;False
1219,75;21.28;pa030​;20250612_123326;1;TUG2;-0,1113;1,3812;0,2765;-0,0624;0,1828;0,0054;0,9811;;False
1219,77;21.29;pa030​;20250612_123326;1;TUG2;-0,1114;1,3804;0,2776;-0,0586;0,1797;0,0083;0,9819;;False
1219,78;21.31;pa030​;20250612_123326;1;TUG2;-0,1114;1,3799;0,2782;-0,0559;0,1757;0,0097;0,9828;;False
1219,79;21.32;pa030​;20250612_123326;1;TUG2;-0,1111;1,3794;0,2784;-0,0535;0,1716;0,0105;0,9837;;False
1219,81;21.33;pa030​;20250612_123326;1;TUG2;-0,1107;1,3789;0,2782;-0,0508;0,1684;0,0099;0,9844;;False
1219,82;21.35;pa030​;20250612_123326;1;TUG2;-0,1103;1,3784;0,2776;-0,0479;0,1647;0,0087;0,9851;;False
1219,84;21.36;pa030​;20250612_123326;1;TUG2;-0,1099;1,3781;0,2767;-0,0452;0,1610;0,0066;0,9859;;False
1219,85;21.37;pa030​;20250612_123326;1;TUG2;-0,1095;1,3777;0,2754;-0,0426;0,1579;0,0049;0,9865;;False
1219,86;21.39;pa030​;20250612_123326;1;TUG2;-0,1092;1,3773;0,2737;-0,0396;0,1556;0,0035;0,9870;;False
1219,88;21.4;pa030​;20250612_123326;1;TUG2;-0,1090;1,3770;0,2719;-0,0352;0,1529;0,0037;0,9876;;False
1219,89;21.42;pa030​;20250612_123326;1;TUG2;-0,1091;1,3765;0,2699;-0,0306;0,1506;0,0033;0,9881;;False
1219,91;21.43;pa030​;20250612_123326;1;TUG2;-0,1091;1,3758;0,2676;-0,0255;0,1479;0,0029;0,9887;;False
1219,92;21.44;pa030​;20250612_123326;1;TUG2;-0,1092;1,3750;0,2653;-0,0200;0,1454;0,0031;0,9892;;False
1219,93;21.46;pa030​;20250612_123326;1;TUG2;-0,1093;1,3740;0,2633;-0,0149;0,1429;0,0034;0,9896;;False
1219,95;21.47;pa030​;20250612_123326;1;TUG2;-0,1093;1,3731;0,2614;-0,0105;0,1402;0,0036;0,9901;;False
1219,96;21.49;pa030​;20250612_123326;1;TUG2;-0,1097;1,3722;0,2599;-0,0060;0,1387;0,0018;0,9903;;False
1219,98;21.5;pa030​;20250612_123326;1;TUG2;-0,1101;1,3717;0,2590;-0,0026;0,1374;-0,0014;0,9905;;False
1219,99;21.51;pa030​;20250612_123326;1;TUG2;-0,1103;1,3715;0,2583;-0,0003;0,1359;-0,0025;0,9907;;False
1220,00;21.53;pa030​;20250612_123326;1;TUG2;-0,1103;1,3716;0,2582;-0,0003;0,1348;-0,0020;0,9909;;False
1220,02;21.54;pa030​;20250612_123326;1;TUG2;-0,1101;1,3721;0,2583;-0,0018;0,1344;-0,0006;0,9909;;False
1220,03;21.56;pa030​;20250612_123326;1;TUG2;-0,1099;1,3727;0,2587;-0,0048;0,1347;0,0014;0,9909;;False
1220,04;21.57;pa030​;20250612_123326;1;TUG2;-0,1096;1,3733;0,2593;-0,0078;0,1360;0,0020;0,9907;;False
1220,06;21.58;pa030​;20250612_123326;1;TUG2;-0,1093;1,3737;0,2601;-0,0109;0,1378;0,0018;0,9904;;False
1220,07;21.6;pa030​;20250612_123326;1;TUG2;-0,1090;1,3740;0,2609;-0,0129;0,1406;0,0003;0,9900;;False
1220,09;21.61;pa030​;20250612_123326;1;TUG2;-0,1088;1,3741;0,2620;-0,0144;0,1435;-0,0015;0,9896;;False
1220,10;21.62;pa030​;20250612_123326;1;TUG2;-0,1087;1,3742;0,2632;-0,0153;0,1458;-0,0024;0,9892;;False
1220,11;21.64;pa030​;20250612_123326;1;TUG2;-0,1088;1,3744;0,2646;-0,0162;0,1475;-0,0032;0,9889;;False
1220,13;21.65;pa030​;20250612_123326;1;TUG2;-0,1091;1,3744;0,2661;-0,0165;0,1485;-0,0038;0,9888;;False
1220,14;21.67;pa030​;20250612_123326;1;TUG2;-0,1092;1,3742;0,2674;-0,0157;0,1490;-0,0042;0,9887;;False
1220,16;21.68;pa030​;20250612_123326;1;TUG2;-0,1092;1,3740;0,2685;-0,0145;0,1494;-0,0038;0,9887;;False
1220,17;21.69;pa030​;20250612_123326;1;TUG2;-0,1092;1,3739;0,2696;-0,0132;0,1495;-0,0036;0,9887;;False
1220,18;21.71;pa030​;20250612_123326;1;TUG2;-0,1092;1,3738;0,2707;-0,0120;0,1491;-0,0034;0,9887;;False
1220,20;21.72;pa030​;20250612_123326;1;TUG2;-0,1092;1,3739;0,2718;-0,0116;0,1486;-0,0040;0,9888;;False
1220,21;21.74;pa030​;20250612_123326;1;TUG2;-0,1091;1,3740;0,2727;-0,0116;0,1479;-0,0045;0,9889;;False
1220,22;21.75;pa030​;20250612_123326;1;TUG2;-0,1091;1,3741;0,2735;-0,0117;0,1473;-0,0055;0,9890;;False
1220,24;21.76;pa030​;20250612_123326;1;TUG2;-0,1092;1,3740;0,2743;-0,0123;0,1464;-0,0072;0,9891;;False
1220,25;21.78;pa030​;20250612_123326;1;TUG2;-0,1093;1,3739;0,2751;-0,0126;0,1449;-0,0090;0,9893;;False
1220,27;21.79;pa030​;20250612_123326;1;TUG2;-0,1097;1,3738;0,2760;-0,0130;0,1432;-0,0106;0,9896;;False
1220,28;21.81;pa030​;20250612_123326;1;TUG2;-0,1100;1,3734;0,2769;-0,0127;0,1406;-0,0117;0,9899;;False
1220,29;21.82;pa030​;20250612_123326;1;TUG2;-0,1105;1,3729;0,2778;-0,0108;0,1379;-0,0126;0,9903;;False
1220,31;21.83;pa030​;20250612_123326;1;TUG2;-0,1109;1,3724;0,2787;-0,0087;0,1350;-0,0131;0,9907;;False
1220,32;21.85;pa030​;20250612_123326;1;TUG2;-0,1113;1,3718;0,2796;-0,0061;0,1319;-0,0131;0,9912;;False
1220,34;21.86;pa030​;20250612_123326;1;TUG2;-0,1117;1,3712;0,2805;-0,0033;0,1287;-0,0129;0,9916;;False
1220,35;21.87;pa030​;20250612_123326;1;TUG2;-0,1122;1,3706;0,2813;-0,0001;0,1251;-0,0123;0,9921;;False
1220,36;21.89;pa030​;20250612_123326;1;TUG2;-0,1128;1,3700;0,2821;0,0034;0,1215;-0,0119;0,9925;;False
1220,38;21.9;pa030​;20250612_123326;1;TUG2;-0,1132;1,3693;0,2826;0,0072;0,1183;-0,0113;0,9929;;False
1220,39;21.92;pa030​;20250612_123326;1;TUG2;-0,1135;1,3686;0,2831;0,0109;0,1148;-0,0109;0,9933;;False
1220,41;21.93;pa030​;20250612_123326;1;TUG2;-0,1139;1,3681;0,2835;0,0136;0,1110;-0,0106;0,9937;;False
1220,42;21.94;pa030​;20250612_123326;1;TUG2;-0,1142;1,3677;0,2838;0,0157;0,1067;-0,0105;0,9941;;False
1220,43;21.96;pa030​;20250612_123326;1;TUG2;-0,1145;1,3673;0,2840;0,0175;0,1025;-0,0113;0,9945;;False
1220,45;21.97;pa030​;20250612_123326;1;TUG2;-0,1149;1,3670;0,2839;0,0194;0,0988;-0,0120;0,9948;;False
1220,46;21.99;pa030​;20250612_123326;1;TUG2;-0,1151;1,3666;0,2837;0,0205;0,0950;-0,0126;0,9952;;False
1220,47;22.0;pa030​;20250612_123326;1;TUG2;-0,1152;1,3665;0,2833;0,0215;0,0914;-0,0133;0,9955;;False
1220,49;22.01;pa030​;20250612_123326;1;TUG2;-0,1154;1,3665;0,2830;0,0210;0,0882;-0,0140;0,9958;;False
1220,50;22.03;pa030​;20250612_123326;1;TUG2;-0,1156;1,3667;0,2829;0,0198;0,0848;-0,0147;0,9961;;False
1220,52;22.04;pa030​;20250612_123326;1;TUG2;-0,1158;1,3666;0,2828;0,0184;0,0815;-0,0157;0,9964;;False
1220,53;22.06;pa030​;20250612_123326;1;TUG2;-0,1160;1,3668;0,2827;0,0168;0,0785;-0,0167;0,9966;;False
1220,54;22.07;pa030​;20250612_123326;1;TUG2;-0,1162;1,3670;0,2826;0,0155;0,0754;-0,0177;0,9969;;False
1220,56;22.08;pa030​;20250612_123326;1;TUG2;-0,1163;1,3670;0,2826;0,0144;0,0723;-0,0185;0,9971;;False
1220,57;22.1;pa030​;20250612_123326;1;TUG2;-0,1164;1,3670;0,2827;0,0138;0,0695;-0,0192;0,9973;;False
1220,59;22.11;pa030​;20250612_123326;1;TUG2;-0,1165;1,3668;0,2828;0,0133;0,0670;-0,0198;0,9975;;False
1220,60;22.12;pa030​;20250612_123326;1;TUG2;-0,1165;1,3666;0,2830;0,0124;0,0648;-0,0200;0,9976;;False
1220,61;22.14;pa030​;20250612_123326;1;TUG2;-0,1164;1,3664;0,2832;0,0121;0,0625;-0,0198;0,9978;;False
1220,63;22.15;pa030​;20250612_123326;1;TUG2;-0,1163;1,3661;0,2834;0,0123;0,0602;-0,0196;0,9979;;False
1220,64;22.17;pa030​;20250612_123326;1;TUG2;-0,1162;1,3657;0,2836;0,0128;0,0583;-0,0196;0,9980;;False
1220,66;22.18;pa030​;20250612_123326;1;TUG2;-0,1157;1,3653;0,2838;0,0130;0,0567;-0,0202;0,9981;;False
1220,67;22.19;pa030​;20250612_123326;1;TUG2;-0,1154;1,3650;0,2840;0,0133;0,0550;-0,0202;0,9982;;False
1220,68;22.21;pa030​;20250612_123326;1;TUG2;-0,1151;1,3648;0,2843;0,0133;0,0535;-0,0204;0,9983;;False
1220,70;22.22;pa030​;20250612_123326;1;TUG2;-0,1148;1,3645;0,2845;0,0129;0,0522;-0,0207;0,9983;;False
1220,71;22.24;pa030​;20250612_123326;1;TUG2;-0,1145;1,3642;0,2847;0,0129;0,0513;-0,0209;0,9984;;False
1220,72;22.25;pa030​;20250612_123326;1;TUG2;-0,1143;1,3640;0,2849;0,0129;0,0508;-0,0206;0,9984;;False
1220,74;22.26;pa030​;20250612_123326;1;TUG2;-0,1140;1,3638;0,2852;0,0132;0,0502;-0,0194;0,9985;;False
1220,75;22.28;pa030​;20250612_123326;1;TUG2;-0,1137;1,3636;0,2856;0,0135;0,0500;-0,0180;0,9985;;False
1220,77;22.29;pa030​;20250612_123326;1;TUG2;-0,1134;1,3634;0,2860;0,0137;0,0504;-0,0165;0,9985;;False
1220,78;22.31;pa030​;20250612_123326;1;TUG2;-0,1131;1,3632;0,2864;0,0137;0,0515;-0,0152;0,9985;;False
1220,79;22.32;pa030​;20250612_123326;1;TUG2;-0,1128;1,3630;0,2869;0,0137;0,0531;-0,0147;0,9984;;False
1220,81;22.33;pa030​;20250612_123326;1;TUG2;-0,1124;1,3628;0,2875;0,0137;0,0547;-0,0141;0,9983;;False
1220,82;22.35;pa030​;20250612_123326;1;TUG2;-0,1122;1,3627;0,2880;0,0138;0,0564;-0,0133;0,9982;;False
1220,84;22.36;pa030​;20250612_123326;1;TUG2;-0,1120;1,3626;0,2886;0,0141;0,0579;-0,0132;0,9981;;False
1220,85;22.38;pa030​;20250612_123326;1;TUG2;-0,1119;1,3626;0,2891;0,0143;0,0593;-0,0133;0,9981;;False
1220,86;22.39;pa030​;20250612_123326;1;TUG2;-0,1119;1,3624;0,2898;0,0147;0,0606;-0,0129;0,9980;;False
1220,88;22.4;pa030​;20250612_123326;1;TUG2;-0,1120;1,3623;0,2906;0,0153;0,0615;-0,0124;0,9979;;False
1220,89;22.42;pa030​;20250612_123326;1;TUG2;-0,1121;1,3621;0,2915;0,0157;0,0626;-0,0117;0,9978;;False
1220,91;22.43;pa030​;20250612_123326;1;TUG2;-0,1123;1,3620;0,2923;0,0164;0,0632;-0,0109;0,9978;;False
1220,92;22.44;pa030​;20250612_123326;1;TUG2;-0,1125;1,3618;0,2932;0,0173;0,0640;-0,0102;0,9978;;False
1220,93;22.46;pa030​;20250612_123326;1;TUG2;-0,1128;1,3617;0,2941;0,0182;0,0647;-0,0094;0,9977;;False
1220,95;22.47;pa030​;20250612_123326;1;TUG2;-0,1131;1,3616;0,2949;0,0190;0,0656;-0,0087;0,9976;;False
1220,96;22.49;pa030​;20250612_123326;1;TUG2;-0,1133;1,3614;0,2955;0,0197;0,0663;-0,0080;0,9976;;False
1220,97;22.5;pa030​;20250612_123326;1;TUG2;-0,1137;1,3613;0,2963;0,0209;0,0669;-0,0076;0,9975;;False
1220,99;22.51;pa030​;20250612_123326;1;TUG2;-0,1140;1,3612;0,2972;0,0215;0,0674;-0,0072;0,9975;;False
1221,00;22.53;pa030​;20250612_123326;1;TUG2;-0,1144;1,3613;0,2982;0,0219;0,0678;-0,0073;0,9974;;False
1221,02;22.54;pa030​;20250612_123326;1;TUG2;-0,1149;1,3613;0,2991;0,0215;0,0681;-0,0074;0,9974;;False
1221,03;22.56;pa030​;20250612_123326;1;TUG2;-0,1153;1,3614;0,3001;0,0214;0,0682;-0,0074;0,9974;;False
1221,04;22.57;pa030​;20250612_123326;1;TUG2;-0,1156;1,3614;0,3010;0,0212;0,0682;-0,0069;0,9974;;False
1221,06;22.58;pa030​;20250612_123326;1;TUG2;-0,1158;1,3616;0,3019;0,0213;0,0682;-0,0069;0,9974;;False
1221,07;22.6;pa030​;20250612_123326;1;TUG2;-0,1161;1,3619;0,3028;0,0213;0,0688;-0,0072;0,9974;;False
1221,09;22.61;pa030​;20250612_123326;1;TUG2;-0,1164;1,3621;0,3036;0,0211;0,0698;-0,0078;0,9973;;False
1221,10;22.63;pa030​;20250612_123326;1;TUG2;-0,1166;1,3622;0,3045;0,0212;0,0708;-0,0080;0,9972;;False
1221,11;22.64;pa030​;20250612_123326;1;TUG2;-0,1166;1,3622;0,3055;0,0210;0,0715;-0,0084;0,9972;;False
1221,13;22.65;pa030​;20250612_123326;1;TUG2;-0,1168;1,3621;0,3064;0,0211;0,0726;-0,0089;0,9971;;False
1221,14;22.67;pa030​;20250612_123326;1;TUG2;-0,1169;1,3619;0,3072;0,0211;0,0733;-0,0092;0,9970;;False
1221,15;22.68;pa030​;20250612_123326;1;TUG2;-0,1170;1,3617;0,3080;0,0217;0,0740;-0,0094;0,9970;;False
1221,17;22.69;pa030​;20250612_123326;1;TUG2;-0,1172;1,3614;0,3088;0,0228;0,0747;-0,0099;0,9969;;False
1221,18;22.71;pa030​;20250612_123326;1;TUG2;-0,1174;1,3610;0,3095;0,0236;0,0752;-0,0102;0,9968;;False
1221,20;22.72;pa030​;20250612_123326;1;TUG2;-0,1176;1,3607;0,3101;0,0244;0,0756;-0,0100;0,9968;;False
1221,21;22.74;pa030​;20250612_123326;1;TUG2;-0,1179;1,3603;0,3107;0,0251;0,0752;-0,0098;0,9968;;False
1221,22;22.75;pa030​;20250612_123326;1;TUG2;-0,1183;1,3600;0,3114;0,0256;0,0748;-0,0097;0,9968;;False
1221,24;22.76;pa030​;20250612_123326;1;TUG2;-0,1187;1,3597;0,3121;0,0264;0,0744;-0,0094;0,9968;;False
1221,25;22.78;pa030​;20250612_123326;1;TUG2;-0,1192;1,3593;0,3127;0,0270;0,0739;-0,0092;0,9969;;False
1221,27;22.79;pa030​;20250612_123326;1;TUG2;-0,1198;1,3590;0,3133;0,0280;0,0734;-0,0091;0,9969;;False
1221,28;22.81;pa030​;20250612_123326;1;TUG2;-0,1203;1,3586;0,3139;0,0286;0,0727;-0,0087;0,9969;;False
1221,29;22.82;pa030​;20250612_123326;1;TUG2;-0,1209;1,3582;0,3144;0,0297;0,0718;-0,0082;0,9969;;False
1221,31;22.83;pa030​;20250612_123326;1;TUG2;-0,1217;1,3580;0,3148;0,0310;0,0713;-0,0079;0,9969;;False
1221,32;22.85;pa030​;20250612_123326;1;TUG2;-0,1224;1,3579;0,3150;0,0327;0,0706;-0,0074;0,9969;;False
1221,34;22.86;pa030​;20250612_123326;1;TUG2;-0,1231;1,3576;0,3153;0,0342;0,0703;-0,0070;0,9969;;False
1221,35;22.87;pa030​;20250612_123326;1;TUG2;-0,1237;1,3571;0,3155;0,0357;0,0699;-0,0066;0,9969;;False
1221,36;22.89;pa030​;20250612_123326;1;TUG2;-0,1243;1,3568;0,3157;0,0372;0,0697;-0,0057;0,9969;;False
1221,38;22.9;pa030​;20250612_123326;1;TUG2;-0,1249;1,3564;0,3159;0,0383;0,0694;-0,0051;0,9968;;False
1221,39;22.92;pa030​;20250612_123326;1;TUG2;-0,1256;1,3560;0,3160;0,0393;0,0688;-0,0042;0,9968;;False
1221,41;22.93;pa030​;20250612_123326;1;TUG2;-0,1263;1,3557;0,3160;0,0405;0,0679;-0,0037;0,9969;;False
1221,42;22.94;pa030​;20250612_123326;1;TUG2;-0,1271;1,3553;0,3159;0,0419;0,0667;-0,0031;0,9969;;False
1221,43;22.96;pa030​;20250612_123326;1;TUG2;-0,1279;1,3549;0,3159;0,0435;0,0657;-0,0026;0,9969;;False
1221,45;22.97;pa030​;20250612_123326;1;TUG2;-0,1288;1,3545;0,3158;0,0450;0,0648;-0,0025;0,9969;;False
1221,46;22.99;pa030​;20250612_123326;1;TUG2;-0,1294;1,3541;0,3157;0,0471;0,0641;-0,0028;0,9968;;False
1221,47;23.0;pa030​;20250612_123326;1;TUG2;-0,1299;1,3535;0,3155;0,0489;0,0634;-0,0027;0,9968;;False
1221,49;23.01;pa030​;20250612_123326;1;TUG2;-0,1304;1,3529;0,3154;0,0513;0,0625;-0,0028;0,9967;;False
1221,50;23.03;pa030​;20250612_123326;1;TUG2;-0,1309;1,3523;0,3153;0,0537;0,0617;-0,0031;0,9966;;False
1221,52;23.04;pa030​;20250612_123326;1;TUG2;-0,1314;1,3517;0,3150;0,0566;0,0610;-0,0039;0,9965;;False
1221,53;23.06;pa030​;20250612_123326;1;TUG2;-0,1319;1,3510;0,3147;0,0599;0,0606;-0,0048;0,9964;;False
1221,54;23.07;pa030​;20250612_123326;1;TUG2;-0,1325;1,3503;0,3142;0,0636;0,0602;-0,0058;0,9961;;False
1221,56;23.08;pa030​;20250612_123326;1;TUG2;-0,1330;1,3497;0,3137;0,0674;0,0593;-0,0064;0,9959;;False
1221,57;23.1;pa030​;20250612_123326;1;TUG2;-0,1336;1,3491;0,3131;0,0713;0,0586;-0,0072;0,9957;;False
1221,59;23.11;pa030​;20250612_123326;1;TUG2;-0,1342;1,3484;0,3125;0,0748;0,0577;-0,0074;0,9955;;False
1221,60;23.12;pa030​;20250612_123326;1;TUG2;-0,1350;1,3475;0,3119;0,0781;0,0568;-0,0079;0,9953;;False
1221,61;23.14;pa030​;20250612_123326;1;TUG2;-0,1356;1,3469;0,3113;0,0814;0,0552;-0,0073;0,9951;;False
1221,63;23.15;pa030​;20250612_123326;1;TUG2;-0,1362;1,3463;0,3106;0,0841;0,0537;-0,0060;0,9950;;False
1221,64;23.17;pa030​;20250612_123326;1;TUG2;-0,1368;1,3457;0,3099;0,0870;0,0522;-0,0042;0,9948;;False
1221,66;23.18;pa030​;20250612_123326;1;TUG2;-0,1372;1,3451;0,3092;0,0899;0,0507;-0,0026;0,9947;;False
1221,67;23.19;pa030​;20250612_123326;1;TUG2;-0,1378;1,3443;0,3083;0,0926;0,0499;-0,0010;0,9945;;False
1221,68;23.21;pa030​;20250612_123326;1;TUG2;-0,1382;1,3436;0,3074;0,0952;0,0491;-0,0003;0,9942;;False
1221,70;23.22;pa030​;20250612_123326;1;TUG2;-0,1386;1,3431;0,3066;0,0977;0,0482;-0,0002;0,9940;;False
1221,71;23.24;pa030​;20250612_123326;1;TUG2;-0,1389;1,3427;0,3057;0,0992;0,0472;-0,0005;0,9939;;False
1221,73;23.25;pa030​;20250612_123326;1;TUG2;-0,1393;1,3423;0,3047;0,1010;0,0465;-0,0009;0,9938;;False
1221,74;23.26;pa030​;20250612_123326;1;TUG2;-0,1395;1,3420;0,3037;0,1022;0,0456;-0,0015;0,9937;;False
1221,75;23.28;pa030​;20250612_123326;1;TUG2;-0,1398;1,3417;0,3027;0,1032;0,0449;-0,0021;0,9936;;False
1221,77;23.29;pa030​;20250612_123326;1;TUG2;-0,1400;1,3416;0,3017;0,1041;0,0443;-0,0029;0,9936;;False
1221,78;23.31;pa030​;20250612_123326;1;TUG2;-0,1401;1,3415;0,3007;0,1048;0,0437;-0,0033;0,9935;;False
1221,79;23.32;pa030​;20250612_123326;1;TUG2;-0,1404;1,3415;0,2997;0,1056;0,0432;-0,0035;0,9935;;False
1221,81;23.33;pa030​;20250612_123326;1;TUG2;-0,1407;1,3415;0,2988;0,1067;0,0429;-0,0038;0,9934;;False
1221,82;23.35;pa030​;20250612_123326;1;TUG2;-0,1407;1,3413;0,2978;0,1078;0,0429;-0,0041;0,9932;;False
1221,84;23.36;pa030​;20250612_123326;1;TUG2;-0,1408;1,3412;0,2967;0,1087;0,0435;-0,0046;0,9931;;False
1221,85;23.37;pa030​;20250612_123326;1;TUG2;-0,1408;1,3412;0,2957;0,1094;0,0440;-0,0051;0,9930;;False
1221,86;23.39;pa030​;20250612_123326;1;TUG2;-0,1407;1,3412;0,2946;0,1102;0,0446;-0,0053;0,9929;;False
1221,88;23.4;pa030​;20250612_123326;1;TUG2;-0,1406;1,3411;0,2935;0,1111;0,0453;-0,0054;0,9928;;False
1221,89;23.42;pa030​;20250612_123326;1;TUG2;-0,1405;1,3411;0,2925;0,1118;0,0461;-0,0054;0,9927;;False
1221,91;23.43;pa030​;20250612_123326;1;TUG2;-0,1405;1,3412;0,2914;0,1120;0,0469;-0,0057;0,9926;;False
1221,92;23.44;pa030​;20250612_123326;1;TUG2;-0,1405;1,3413;0,2904;0,1119;0,0480;-0,0061;0,9925;;False
1221,93;23.46;pa030​;20250612_123326;1;TUG2;-0,1405;1,3414;0,2894;0,1114;0,0493;-0,0063;0,9925;;False
1221,95;23.47;pa030​;20250612_123326;1;TUG2;-0,1405;1,3416;0,2885;0,1109;0,0508;-0,0064;0,9925;;False
1221,96;23.49;pa030​;20250612_123326;1;TUG2;-0,1404;1,3418;0,2876;0,1105;0,0521;-0,0060;0,9925;;False
1221,98;23.5;pa030​;20250612_123326;1;TUG2;-0,1405;1,3419;0,2868;0,1099;0,0532;-0,0055;0,9925;;False
1221,99;23.51;pa030​;20250612_123326;1;TUG2;-0,1406;1,3421;0,2860;0,1094;0,0542;-0,0049;0,9925;;False
1222,00;23.53;pa030​;20250612_123326;1;TUG2;-0,1408;1,3423;0,2852;0,1089;0,0548;-0,0043;0,9925;;False
1222,02;23.54;pa030​;20250612_123326;1;TUG2;-0,1410;1,3424;0,2846;0,1083;0,0549;-0,0034;0,9926;;False
1222,03;23.56;pa030​;20250612_123326;1;TUG2;-0,1412;1,3425;0,2841;0,1080;0,0549;-0,0025;0,9926;;False
1222,04;23.57;pa030​;20250612_123326;1;TUG2;-0,1414;1,3425;0,2836;0,1081;0,0546;-0,0018;0,9926;;False
1222,06;23.58;pa030​;20250612_123326;1;TUG2;-0,1417;1,3425;0,2831;0,1086;0,0543;-0,0013;0,9926;;False
1222,07;23.6;pa030​;20250612_123326;1;TUG2;-0,1418;1,3423;0,2826;0,1095;0,0534;-0,0008;0,9926;;False
1222,09;23.61;pa030​;20250612_123326;1;TUG2;-0,1419;1,3420;0,2821;0,1108;0,0526;-0,0006;0,9924;;False
1222,10;23.63;pa030​;20250612_123326;1;TUG2;-0,1421;1,3417;0,2817;0,1127;0,0517;-0,0007;0,9923;;False
1222,11;23.64;pa030​;20250612_123326;1;TUG2;-0,1423;1,3413;0,2812;0,1149;0,0508;-0,0011;0,9921;;False
1222,13;23.65;pa030​;20250612_123326;1;TUG2;-0,1425;1,3408;0,2807;0,1177;0,0495;-0,0013;0,9918;;False
1222,14;23.67;pa030​;20250612_123326;1;TUG2;-0,1427;1,3403;0,2802;0,1210;0,0482;-0,0017;0,9915;;False
1222,16;23.68;pa030​;20250612_123326;1;TUG2;-0,1427;1,3397;0,2796;0,1246;0,0471;-0,0020;0,9911;;False
1222,17;23.69;pa030​;20250612_123326;1;TUG2;-0,1427;1,3392;0,2791;0,1281;0,0461;-0,0020;0,9907;;False
1222,18;23.71;pa030​;20250612_123326;1;TUG2;-0,1428;1,3388;0,2787;0,1306;0,0455;-0,0021;0,9904;;False
1222,20;23.72;pa030​;20250612_123326;1;TUG2;-0,1427;1,3383;0,2783;0,1330;0,0449;-0,0027;0,9901;;False
1222,21;23.74;pa030​;20250612_123326;1;TUG2;-0,1428;1,3377;0,2777;0,1355;0,0455;-0,0026;0,9897;;False
1222,22;23.75;pa030​;20250612_123326;1;TUG2;-0,1426;1,3372;0,2770;0,1383;0,0456;-0,0023;0,9893;;False
1222,24;23.76;pa030​;20250612_123326;1;TUG2;-0,1426;1,3368;0,2764;0,1408;0,0459;-0,0017;0,9890;;False
1222,25;23.78;pa030​;20250612_123326;1;TUG2;-0,1426;1,3365;0,2758;0,1425;0,0463;-0,0013;0,9887;;False
1222,27;23.79;pa030​;20250612_123326;1;TUG2;-0,1426;1,3364;0,2752;0,1439;0,0461;-0,0004;0,9885;;False
1222,28;23.8;pa030​;20250612_123326;1;TUG2;-0,1426;1,3363;0,2748;0,1445;0,0455;0,0007;0,9885;;False
1222,29;23.82;pa030​;20250612_123326;1;TUG2;-0,1427;1,3363;0,2742;0,1446;0,0447;0,0023;0,9885;;False
1222,31;23.83;pa030​;20250612_123326;1;TUG2;-0,1428;1,3364;0,2737;0,1443;0,0438;0,0035;0,9886;;False
1222,32;23.85;pa030​;20250612_123326;1;TUG2;-0,1429;1,3364;0,2731;0,1439;0,0430;0,0045;0,9886;;False
1222,34;23.86;pa030​;20250612_123326;1;TUG2;-0,1429;1,3366;0,2726;0,1433;0,0423;0,0050;0,9888;;False
1222,36;23.89;pa030​;20250612_123326;1;TUG2;-0,1429;1,3368;0,2716;0,1415;0,0419;0,0060;0,9890;;False
1222,38;23.9;pa030​;20250612_123326;1;TUG2;-0,1429;1,3371;0,2711;0,1406;0,0420;0,0061;0,9892;;False
1222,39;23.92;pa030​;20250612_123326;1;TUG2;-0,1429;1,3374;0,2706;0,1397;0,0423;0,0060;0,9893;;False
1222,41;23.93;pa030​;20250612_123326;1;TUG2;-0,1428;1,3377;0,2701;0,1391;0,0428;0,0062;0,9893;;False
1222,42;23.94;pa030​;20250612_123326;1;TUG2;-0,1426;1,3380;0,2696;0,1383;0,0434;0,0063;0,9894;;False
1222,43;23.96;pa030​;20250612_123326;1;TUG2;-0,1425;1,3382;0,2691;0,1375;0,0442;0,0062;0,9895;;False
1222,45;23.97;pa030​;20250612_123326;1;TUG2;-0,1422;1,3385;0,2686;0,1370;0,0451;0,0062;0,9895;;False
1222,46;23.99;pa030​;20250612_123326;1;TUG2;-0,1420;1,3388;0,2681;0,1363;0,0463;0,0059;0,9896;;False
1222,47;24.0;pa030​;20250612_123326;1;TUG2;-0,1417;1,3393;0,2676;0,1354;0,0477;0,0052;0,9896;;False
1222,49;24.01;pa030​;20250612_123326;1;TUG2;-0,1413;1,3397;0,2670;0,1338;0,0498;0,0044;0,9898;;False
1222,50;24.03;pa030​;20250612_123326;1;TUG2;-0,1409;1,3403;0,2666;0,1318;0,0523;0,0036;0,9899;;False
1222,52;24.04;pa030​;20250612_123326;1;TUG2;-0,1404;1,3410;0,2661;0,1289;0,0547;0,0031;0,9901;;False
1222,53;24.06;pa030​;20250612_123326;1;TUG2;-0,1401;1,3417;0,2656;0,1258;0,0576;0,0025;0,9904;;False
1222,54;24.07;pa030​;20250612_123326;1;TUG2;-0,1397;1,3423;0,2651;0,1229;0,0608;0,0018;0,9906;;False
1222,56;24.08;pa030​;20250612_123326;1;TUG2;-0,1394;1,3430;0,2646;0,1199;0,0648;0,0013;0,9907;;False
1222,57;24.1;pa030​;20250612_123326;1;TUG2;-0,1389;1,3436;0,2642;0,1170;0,0685;0,0013;0,9908;;False
1222,59;24.11;pa030​;20250612_123326;1;TUG2;-0,1385;1,3443;0,2638;0,1138;0,0722;0,0024;0,9909;;False
1222,60;24.13;pa030​;20250612_123326;1;TUG2;-0,1379;1,3448;0,2634;0,1109;0,0758;0,0031;0,9909;;False
1222,61;24.14;pa030​;20250612_123326;1;TUG2;-0,1374;1,3454;0,2630;0,1088;0,0797;0,0042;0,9909;;False
1222,63;24.15;pa030​;20250612_123326;1;TUG2;-0,1368;1,3459;0,2625;0,1068;0,0838;0,0046;0,9907;;False
1222,64;24.17;pa030​;20250612_123326;1;TUG2;-0,1362;1,3465;0,2621;0,1049;0,0882;0,0051;0,9906;;False
1222,66;24.18;pa030​;20250612_123326;1;TUG2;-0,1355;1,3470;0,2617;0,1027;0,0922;0,0056;0,9904;;False
1222,67;24.19;pa030​;20250612_123326;1;TUG2;-0,1350;1,3474;0,2613;0,1004;0,0965;0,0057;0,9902;;False
1222,68;24.21;pa030​;20250612_123326;1;TUG2;-0,1344;1,3480;0,2609;0,0988;0,1007;0,0058;0,9900;;False
1222,70;24.22;pa030​;20250612_123326;1;TUG2;-0,1337;1,3485;0,2606;0,0969;0,1042;0,0071;0,9898;;False
1222,71;24.24;pa030​;20250612_123326;1;TUG2;-0,1331;1,3492;0,2603;0,0950;0,1075;0,0081;0,9896;;False
1222,72;24.25;pa030​;20250612_123326;1;TUG2;-0,1325;1,3497;0,2601;0,0932;0,1102;0,0090;0,9895;;False
1222,74;24.26;pa030​;20250612_123326;1;TUG2;-0,1320;1,3501;0,2599;0,0911;0,1125;0,0100;0,9894;;False
1222,75;24.28;pa030​;20250612_123326;1;TUG2;-0,1316;1,3506;0,2598;0,0897;0,1147;0,0107;0,9893;;False
1222,77;24.29;pa030​;20250612_123326;1;TUG2;-0,1309;1,3509;0,2597;0,0880;0,1162;0,0109;0,9893;;False
1222,78;24.31;pa030​;20250612_123326;1;TUG2;-0,1304;1,3512;0,2597;0,0865;0,1183;0,0112;0,9891;;False
1222,79;24.32;pa030​;20250612_123326;1;TUG2;-0,1299;1,3516;0,2596;0,0854;0,1198;0,0115;0,9890;;False
1222,81;24.33;pa030​;20250612_123326;1;TUG2;-0,1294;1,3519;0,2595;0,0842;0,1219;0,0113;0,9889;;False
1222,82;24.35;pa030​;20250612_123326;1;TUG2;-0,1289;1,3523;0,2595;0,0830;0,1242;0,0114;0,9887;;False
1222,84;24.36;pa030​;20250612_123326;1;TUG2;-0,1284;1,3528;0,2595;0,0811;0,1264;0,0116;0,9886;;False
1222,85;24.37;pa030​;20250612_123326;1;TUG2;-0,1279;1,3532;0,2596;0,0790;0,1287;0,0121;0,9885;;False
1222,86;24.39;pa030​;20250612_123326;1;TUG2;-0,1274;1,3535;0,2598;0,0770;0,1308;0,0121;0,9883;;False
1222,88;24.4;pa030​;20250612_123326;1;TUG2;-0,1269;1,3536;0,2599;0,0752;0,1326;0,0121;0,9882;;False
1222,89;24.42;pa030​;20250612_123326;1;TUG2;-0,1265;1,3540;0,2600;0,0733;0,1342;0,0121;0,9882;;False
1222,91;24.43;pa030​;20250612_123326;1;TUG2;-0,1261;1,3545;0,2601;0,0706;0,1358;0,0116;0,9882;;False
1222,92;24.45;pa030​;20250612_123326;1;TUG2;-0,1256;1,3553;0,2603;0,0674;0,1375;0,0117;0,9881;;False
1222,93;24.46;pa030​;20250612_123326;1;TUG2;-0,1251;1,3561;0,2603;0,0630;0,1397;0,0120;0,9881;;False
1222,95;24.47;pa030​;20250612_123326;1;TUG2;-0,1245;1,3572;0,2604;0,0578;0,1415;0,0122;0,9882;;False
1222,96;24.49;pa030​;20250612_123326;1;TUG2;-0,1239;1,3585;0,2606;0,0518;0,1437;0,0127;0,9882;;False
1222,98;24.5;pa030​;20250612_123326;1;TUG2;-0,1232;1,3598;0,2608;0,0454;0,1457;0,0135;0,9882;;False
1222,99;24.51;pa030​;20250612_123326;1;TUG2;-0,1226;1,3611;0,2610;0,0385;0,1477;0,0143;0,9882;;False
1223,00;24.53;pa030​;20250612_123326;1;TUG2;-0,1220;1,3625;0,2611;0,0314;0,1498;0,0154;0,9881;;False
1223,02;24.54;pa030​;20250612_123326;1;TUG2;-0,1214;1,3639;0,2612;0,0243;0,1515;0,0160;0,9880;;False
1223,03;24.56;pa030​;20250612_123326;1;TUG2;-0,1208;1,3653;0,2613;0,0177;0,1533;0,0168;0,9879;;False
1223,04;24.57;pa030​;20250612_123326;1;TUG2;-0,1203;1,3667;0,2614;0,0111;0,1554;0,0181;0,9876;;False
1223,06;24.58;pa030​;20250612_123326;1;TUG2;-0,1197;1,3683;0,2615;0,0039;0,1573;0,0195;0,9874;;False
1223,07;24.6;pa030​;20250612_123326;1;TUG2;-0,1192;1,3698;0,2615;-0,0028;0,1595;0,0210;0,9870;;False
1223,09;24.61;pa030​;20250612_123326;1;TUG2;-0,1187;1,3709;0,2615;-0,0088;0,1614;0,0223;0,9866;;False
1223,10;24.63;pa030​;20250612_123326;1;TUG2;-0,1182;1,3719;0,2615;-0,0138;0,1628;0,0235;0,9863;;False
1223,11;24.64;pa030​;20250612_123326;1;TUG2;-0,1176;1,3730;0,2616;-0,0182;0,1642;0,0246;0,9859;;False
1223,13;24.65;pa030​;20250612_123326;1;TUG2;-0,1171;1,3739;0,2617;-0,0224;0,1657;0,0248;0,9856;;False
1223,14;24.67;pa030​;20250612_123326;1;TUG2;-0,1165;1,3746;0,2617;-0,0261;0,1671;0,0248;0,9853;;False
1223,16;24.68;pa030​;20250612_123326;1;TUG2;-0,1161;1,3751;0,2616;-0,0295;0,1690;0,0244;0,9849;;False
1223,17;24.69;pa030​;20250612_123326;1;TUG2;-0,1155;1,3756;0,2616;-0,0318;0,1703;0,0241;0,9846;;False
1223,18;24.71;pa030​;20250612_123326;1;TUG2;-0,1151;1,3759;0,2616;-0,0340;0,1718;0,0236;0,9843;;False
1223,20;24.72;pa030​;20250612_123326;1;TUG2;-0,1147;1,3763;0,2616;-0,0358;0,1729;0,0229;0,9840;;False
1223,21;24.74;pa030​;20250612_123326;1;TUG2;-0,1144;1,3765;0,2616;-0,0371;0,1739;0,0222;0,9838;;False
1223,23;24.75;pa030​;20250612_123326;1;TUG2;-0,1142;1,3767;0,2617;-0,0386;0,1749;0,0214;0,9836;;False
1223,24;24.76;pa030​;20250612_123326;1;TUG2;-0,1139;1,3770;0,2619;-0,0400;0,1754;0,0206;0,9835;;False
1223,25;24.78;pa030​;20250612_123326;1;TUG2;-0,1137;1,3772;0,2620;-0,0412;0,1756;0,0204;0,9834;;False
1223,27;24.79;pa030​;20250612_123326;1;TUG2;-0,1134;1,3774;0,2620;-0,0422;0,1755;0,0201;0,9834;;False
1223,28;24.81;pa030​;20250612_123326;1;TUG2;-0,1131;1,3775;0,2620;-0,0426;0,1754;0,0197;0,9834;;False
1223,29;24.82;pa030​;20250612_123326;1;TUG2;-0,1128;1,3776;0,2619;-0,0429;0,1751;0,0192;0,9834;;False
1223,31;24.83;pa030​;20250612_123326;1;TUG2;-0,1125;1,3777;0,2619;-0,0433;0,1749;0,0186;0,9835;;False
1223,32;24.85;pa030​;20250612_123326;1;TUG2;-0,1122;1,3779;0,2619;-0,0441;0,1747;0,0181;0,9835;;False
1223,34;24.86;pa030​;20250612_123326;1;TUG2;-0,1119;1,3781;0,2619;-0,0449;0,1741;0,0176;0,9835;;False
1223,35;24.87;pa030​;20250612_123326;1;TUG2;-0,1117;1,3782;0,2619;-0,0456;0,1738;0,0169;0,9836;;False
1223,36;24.89;pa030​;20250612_123326;1;TUG2;-0,1113;1,3783;0,2619;-0,0462;0,1732;0,0164;0,9837;;False
1223,38;24.9;pa030​;20250612_123326;1;TUG2;-0,1108;1,3784;0,2619;-0,0467;0,1731;0,0158;0,9837;;False
1223,39;24.92;pa030​;20250612_123326;1;TUG2;-0,1103;1,3786;0,2619;-0,0476;0,1732;0,0156;0,9836;;False
1223,41;24.93;pa030​;20250612_123326;1;TUG2;-0,1097;1,3788;0,2618;-0,0490;0,1736;0,0155;0,9835;;False
1223,42;24.95;pa030​;20250612_123326;1;TUG2;-0,1092;1,3790;0,2618;-0,0498;0,1739;0,0156;0,9834;;False
1223,43;24.96;pa030​;20250612_123326;1;TUG2;-0,1086;1,3791;0,2618;-0,0503;0,1739;0,0152;0,9834;;False
1223,45;24.97;pa030​;20250612_123326;1;TUG2;-0,1080;1,3791;0,2618;-0,0506;0,1742;0,0149;0,9833;;False
1223,46;24.99;pa030​;20250612_123326;1;TUG2;-0,1072;1,3792;0,2618;-0,0508;0,1745;0,0145;0,9832;;False
1223,48;25.0;pa030​;20250612_123326;1;TUG2;-0,1064;1,3791;0,2620;-0,0511;0,1748;0,0141;0,9832;;False
1223,49;25.01;pa030​;20250612_123326;1;TUG2;-0,1056;1,3791;0,2622;-0,0515;0,1754;0,0136;0,9831;;False
1223,50;25.03;pa030​;20250612_123326;1;TUG2;-0,1048;1,3792;0,2623;-0,0518;0,1760;0,0131;0,9829;;False
1223,52;25.04;pa030​;20250612_123326;1;TUG2;-0,1039;1,3793;0,2624;-0,0522;0,1767;0,0128;0,9828;;False
1223,53;25.06;pa030​;20250612_123326;1;TUG2;-0,1030;1,3794;0,2625;-0,0525;0,1773;0,0123;0,9827;;False
1223,54;25.07;pa030​;20250612_123326;1;TUG2;-0,1022;1,3795;0,2626;-0,0528;0,1780;0,0119;0,9825;;False
1223,56;25.08;pa030​;20250612_123326;1;TUG2;-0,1012;1,3795;0,2627;-0,0532;0,1786;0,0116;0,9824;;False
1223,57;25.1;pa030​;20250612_123326;1;TUG2;-0,1003;1,3795;0,2628;-0,0532;0,1794;0,0112;0,9823;;False
1223,59;25.11;pa030​;20250612_123326;1;TUG2;-0,0993;1,3795;0,2628;-0,0532;0,1801;0,0110;0,9821;;False
1223,60;25.13;pa030​;20250612_123326;1;TUG2;-0,0984;1,3795;0,2628;-0,0529;0,1809;0,0106;0,9820;;False
1223,61;25.14;pa030​;20250612_123326;1;TUG2;-0,0974;1,3794;0,2628;-0,0526;0,1813;0,0103;0,9820;;False
1223,63;25.15;pa030​;20250612_123326;1;TUG2;-0,0966;1,3793;0,2628;-0,0522;0,1819;0,0098;0,9819;;False
1223,64;25.17;pa030​;20250612_123326;1;TUG2;-0,0958;1,3795;0,2627;-0,0522;0,1824;0,0093;0,9818;;False
1223,66;25.18;pa030​;20250612_123326;1;TUG2;-0,0949;1,3795;0,2626;-0,0526;0,1829;0,0089;0,9817;;False
1223,67;25.19;pa030​;20250612_123326;1;TUG2;-0,0941;1,3796;0,2625;-0,0532;0,1835;0,0084;0,9815;;False
1223,68;25.21;pa030​;20250612_123326;1;TUG2;-0,0932;1,3796;0,2623;-0,0539;0,1844;0,0075;0,9814;;False
1223,70;25.22;pa030​;20250612_123326;1;TUG2;-0,0924;1,3797;0,2621;-0,0546;0,1854;0,0071;0,9811;;False
1223,71;25.24;pa030​;20250612_123326;1;TUG2;-0,0915;1,3797;0,2619;-0,0552;0,1864;0,0068;0,9809;;False
1223,72;25.25;pa030​;20250612_123326;1;TUG2;-0,0907;1,3797;0,2618;-0,0557;0,1877;0,0067;0,9806;;False
1223,74;25.26;pa030​;20250612_123326;1;TUG2;-0,0899;1,3797;0,2616;-0,0558;0,1884;0,0070;0,9805;;False
1223,75;25.28;pa030​;20250612_123326;1;TUG2;-0,0892;1,3797;0,2613;-0,0558;0,1890;0,0073;0,9804;;False
1223,77;25.29;pa030​;20250612_123326;1;TUG2;-0,0885;1,3796;0,2610;-0,0554;0,1895;0,0077;0,9803;;False
1223,78;25.31;pa030​;20250612_123326;1;TUG2;-0,0879;1,3794;0,2607;-0,0551;0,1899;0,0074;0,9802;;False
1223,79;25.32;pa030​;20250612_123326;1;TUG2;-0,0872;1,3793;0,2603;-0,0547;0,1903;0,0075;0,9802;;False
1223,81;25.33;pa030​;20250612_123326;1;TUG2;-0,0866;1,3792;0,2599;-0,0541;0,1907;0,0076;0,9801;;False
1223,82;25.35;pa030​;20250612_123326;1;TUG2;-0,0860;1,3791;0,2596;-0,0538;0,1912;0,0078;0,9801;;False
1223,84;25.36;pa030​;20250612_123326;1;TUG2;-0,0853;1,3792;0,2591;-0,0531;0,1915;0,0079;0,9800;;False
1223,85;25.37;pa030​;20250612_123326;1;TUG2;-0,0846;1,3792;0,2586;-0,0526;0,1918;0,0080;0,9800;;False
1223,86;25.39;pa030​;20250612_123326;1;TUG2;-0,0840;1,3793;0,2581;-0,0521;0,1922;0,0081;0,9799;;False
1223,88;25.4;pa030​;20250612_123326;1;TUG2;-0,0834;1,3794;0,2577;-0,0516;0,1922;0,0078;0,9800;;False
1223,89;25.42;pa030​;20250612_123326;1;TUG2;-0,0828;1,3794;0,2572;-0,0515;0,1923;0,0078;0,9800;;False
1223,91;25.43;pa030​;20250612_123326;1;TUG2;-0,0822;1,3796;0,2567;-0,0516;0,1925;0,0074;0,9799;;False
1223,92;25.44;pa030​;20250612_123326;1;TUG2;-0,0816;1,3798;0,2562;-0,0517;0,1927;0,0071;0,9799;;False
1223,93;25.46;pa030​;20250612_123326;1;TUG2;-0,0811;1,3799;0,2556;-0,0519;0,1930;0,0070;0,9798;;False
1223,95;25.47;pa030​;20250612_123326;1;TUG2;-0,0805;1,3800;0,2550;-0,0519;0,1932;0,0067;0,9798;;False
1223,96;25.49;pa030​;20250612_123326;1;TUG2;-0,0796;1,3800;0,2542;-0,0518;0,1936;0,0064;0,9797;;False
1223,97;25.5;pa030​;20250612_123326;1;TUG2;-0,0787;1,3800;0,2535;-0,0519;0,1944;0,0061;0,9795;;False
1223,99;25.51;pa030​;20250612_123326;1;TUG2;-0,0781;1,3802;0,2528;-0,0525;0,1952;0,0057;0,9793;;False
1224,00;25.53;pa030​;20250612_123326;1;TUG2;-0,0775;1,3803;0,2520;-0,0532;0,1963;0,0054;0,9791;;False
1224,02;25.54;pa030​;20250612_123326;1;TUG2;-0,0769;1,3805;0,2512;-0,0535;0,1974;0,0052;0,9789;;False
1224,03;25.56;pa030​;20250612_123326;1;TUG2;-0,0764;1,3807;0,2504;-0,0535;0,1984;0,0051;0,9786;;False
1224,04;25.57;pa030​;20250612_123326;1;TUG2;-0,0757;1,3810;0,2497;-0,0535;0,1994;0,0051;0,9785;;False
1224,06;25.58;pa030​;20250612_123326;1;TUG2;-0,0750;1,3814;0,2490;-0,0539;0,2002;0,0053;0,9783;;False
1224,07;25.6;pa030​;20250612_123326;1;TUG2;-0,0742;1,3819;0,2484;-0,0547;0,2014;0,0053;0,9780;;False
1224,09;25.61;pa030​;20250612_123326;1;TUG2;-0,0732;1,3824;0,2478;-0,0558;0,2028;0,0047;0,9776;;False
1224,10;25.63;pa030​;20250612_123326;1;TUG2;-0,0721;1,3828;0,2473;-0,0564;0,2045;0,0036;0,9772;;False
1224,11;25.64;pa030​;20250612_123326;1;TUG2;-0,0710;1,3831;0,2467;-0,0572;0,2064;0,0021;0,9768;;False
1224,13;25.65;pa030​;20250612_123326;1;TUG2;-0,0699;1,3834;0,2463;-0,0576;0,2085;0,0007;0,9763;;False
1224,14;25.67;pa030​;20250612_123326;1;TUG2;-0,0687;1,3838;0,2458;-0,0579;0,2103;-0,0010;0,9759;;False
1224,16;25.68;pa030​;20250612_123326;1;TUG2;-0,0675;1,3840;0,2454;-0,0582;0,2122;-0,0023;0,9755;;False
1224,17;25.69;pa030​;20250612_123326;1;TUG2;-0,0663;1,3842;0,2450;-0,0580;0,2140;-0,0035;0,9751;;False
1224,18;25.71;pa030​;20250612_123326;1;TUG2;-0,0651;1,3843;0,2447;-0,0579;0,2157;-0,0051;0,9747;;False
1224,20;25.72;pa030​;20250612_123326;1;TUG2;-0,0639;1,3845;0,2442;-0,0575;0,2176;-0,0062;0,9743;;False
1224,21;25.74;pa030​;20250612_123326;1;TUG2;-0,0627;1,3847;0,2438;-0,0574;0,2194;-0,0069;0,9739;;False
1224,23;25.75;pa030​;20250612_123326;1;TUG2;-0,0615;1,3849;0,2434;-0,0568;0,2212;-0,0077;0,9735;;False
1224,24;25.76;pa030​;20250612_123326;1;TUG2;-0,0602;1,3849;0,2431;-0,0564;0,2226;-0,0080;0,9733;;False
1224,25;25.78;pa030​;20250612_123326;1;TUG2;-0,0589;1,3850;0,2428;-0,0559;0,2240;-0,0082;0,9730;;False
1224,27;25.79;pa030​;20250612_123326;1;TUG2;-0,0575;1,3851;0,2426;-0,0557;0,2252;-0,0082;0,9727;;False
1224,28;25.81;pa030​;20250612_123326;1;TUG2;-0,0562;1,3853;0,2423;-0,0553;0,2264;-0,0083;0,9724;;False
1224,29;25.82;pa030​;20250612_123326;1;TUG2;-0,0548;1,3854;0,2419;-0,0550;0,2275;-0,0083;0,9722;;False
1224,31;25.83;pa030​;20250612_123326;1;TUG2;-0,0534;1,3856;0,2416;-0,0543;0,2286;-0,0082;0,9720;;False
1224,32;25.85;pa030​;20250612_123326;1;TUG2;-0,0521;1,3856;0,2412;-0,0536;0,2294;-0,0080;0,9718;;False
1224,34;25.86;pa030​;20250612_123326;1;TUG2;-0,0507;1,3858;0,2408;-0,0529;0,2301;-0,0078;0,9717;;False
1224,35;25.87;pa030​;20250612_123326;1;TUG2;-0,0492;1,3860;0,2403;-0,0525;0,2308;-0,0074;0,9716;;False
1224,36;25.89;pa030​;20250612_123326;1;TUG2;-0,0477;1,3862;0,2399;-0,0526;0,2312;-0,0069;0,9715;;False
1224,38;25.9;pa030​;20250612_123326;1;TUG2;-0,0462;1,3865;0,2394;-0,0528;0,2315;-0,0066;0,9714;;False
1224,39;25.92;pa030​;20250612_123326;1;TUG2;-0,0446;1,3869;0,2388;-0,0530;0,2317;-0,0066;0,9713;;False
1224,41;25.93;pa030​;20250612_123326;1;TUG2;-0,0429;1,3872;0,2383;-0,0534;0,2322;-0,0066;0,9712;;False
1224,42;25.94;pa030​;20250612_123326;1;TUG2;-0,0411;1,3875;0,2377;-0,0537;0,2331;-0,0069;0,9709;;False
1224,43;25.96;pa030​;20250612_123326;1;TUG2;-0,0393;1,3877;0,2371;-0,0542;0,2341;-0,0070;0,9707;;False
1224,45;25.97;pa030​;20250612_123326;1;TUG2;-0,0375;1,3877;0,2364;-0,0549;0,2352;-0,0073;0,9704;;False
1224,46;25.99;pa030​;20250612_123326;1;TUG2;-0,0356;1,3877;0,2357;-0,0555;0,2364;-0,0074;0,9700;;False
1224,48;26.0;pa030​;20250612_123326;1;TUG2;-0,0337;1,3880;0,2352;-0,0559;0,2375;-0,0071;0,9698;;False
1224,49;26.01;pa030​;20250612_123326;1;TUG2;-0,0318;1,3882;0,2347;-0,0560;0,2382;-0,0066;0,9696;;False
1224,50;26.03;pa030​;20250612_123326;1;TUG2;-0,0299;1,3885;0,2343;-0,0558;0,2390;-0,0062;0,9694;;False
1224,52;26.04;pa030​;20250612_123326;1;TUG2;-0,0279;1,3888;0,2339;-0,0560;0,2396;-0,0056;0,9692;;False
1224,53;26.06;pa030​;20250612_123326;1;TUG2;-0,0258;1,3891;0,2336;-0,0562;0,2402;-0,0051;0,9691;;False
1224,55;26.07;pa030​;20250612_123326;1;TUG2;-0,0237;1,3894;0,2333;-0,0564;0,2407;-0,0047;0,9690;;False
1224,56;26.08;pa030​;20250612_123326;1;TUG2;-0,0215;1,3899;0,2330;-0,0565;0,2412;-0,0046;0,9688;;False
1224,57;26.1;pa030​;20250612_123326;1;TUG2;-0,0191;1,3904;0,2329;-0,0565;0,2416;-0,0046;0,9687;;False
1224,59;26.11;pa030​;20250612_123326;1;TUG2;-0,0168;1,3907;0,2327;-0,0564;0,2419;-0,0044;0,9686;;False
1224,60;26.13;pa030​;20250612_123326;1;TUG2;-0,0145;1,3908;0,2326;-0,0562;0,2423;-0,0044;0,9686;;False
1224,61;26.14;pa030​;20250612_123326;1;TUG2;-0,0121;1,3908;0,2326;-0,0558;0,2424;-0,0044;0,9686;;False
1224,63;26.15;pa030​;20250612_123326;1;TUG2;-0,0096;1,3909;0,2327;-0,0552;0,2428;-0,0043;0,9685;;False
1224,64;26.17;pa030​;20250612_123326;1;TUG2;-0,0071;1,3909;0,2329;-0,0549;0,2431;-0,0039;0,9684;;False
1224,66;26.18;pa030​;20250612_123326;1;TUG2;-0,0046;1,3908;0,2331;-0,0545;0,2434;-0,0034;0,9684;;False
1224,67;26.19;pa030​;20250612_123326;1;TUG2;-0,0020;1,3907;0,2333;-0,0538;0,2435;-0,0032;0,9684;;False
1224,68;26.21;pa030​;20250612_123326;1;TUG2;0,0004;1,3907;0,2335;-0,0529;0,2437;-0,0031;0,9684;;False
1224,70;26.22;pa030​;20250612_123326;1;TUG2;0,0029;1,3907;0,2337;-0,0519;0,2437;-0,0034;0,9685;;False
1224,71;26.24;pa030​;20250612_123326;1;TUG2;0,0055;1,3905;0,2341;-0,0508;0,2437;-0,0036;0,9685;;False
1224,73;26.25;pa030​;20250612_123326;1;TUG2;0,0082;1,3903;0,2345;-0,0500;0,2436;-0,0041;0,9686;;False
1224,74;26.26;pa030​;20250612_123326;1;TUG2;0,0108;1,3901;0,2351;-0,0493;0,2437;-0,0045;0,9686;;False
1224,75;26.28;pa030​;20250612_123326;1;TUG2;0,0136;1,3898;0,2355;-0,0486;0,2437;-0,0051;0,9686;;False
1224,77;26.29;pa030​;20250612_123326;1;TUG2;0,0164;1,3894;0,2357;-0,0480;0,2437;-0,0056;0,9687;;False
1224,78;26.31;pa030​;20250612_123326;1;TUG2;0,0193;1,3889;0,2360;-0,0473;0,2436;-0,0062;0,9687;;False
1224,79;26.32;pa030​;20250612_123326;1;TUG2;0,0220;1,3886;0,2366;-0,0466;0,2438;-0,0069;0,9687;;False
1224,81;26.33;pa030​;20250612_123326;1;TUG2;0,0247;1,3884;0,2372;-0,0459;0,2442;-0,0076;0,9686;;False
1224,82;26.35;pa030​;20250612_123326;1;TUG2;0,0272;1,3882;0,2379;-0,0455;0,2446;-0,0078;0,9685;;False
1224,84;26.36;pa030​;20250612_123326;1;TUG2;0,0298;1,3879;0,2386;-0,0450;0,2449;-0,0080;0,9685;;False
1224,85;26.38;pa030​;20250612_123326;1;TUG2;0,0324;1,3877;0,2394;-0,0445;0,2449;-0,0079;0,9685;;False
1224,86;26.39;pa030​;20250612_123326;1;TUG2;0,0349;1,3874;0,2403;-0,0441;0,2448;-0,0081;0,9685;;False
1224,88;26.4;pa030​;20250612_123326;1;TUG2;0,0372;1,3872;0,2412;-0,0436;0,2447;-0,0081;0,9686;;False
1224,89;26.42;pa030​;20250612_123326;1;TUG2;0,0396;1,3870;0,2422;-0,0432;0,2447;-0,0082;0,9686;;False
1224,91;26.43;pa030​;20250612_123326;1;TUG2;0,0418;1,3869;0,2432;-0,0428;0,2446;-0,0081;0,9686;;False
1224,92;26.44;pa030​;20250612_123326;1;TUG2;0,0440;1,3867;0,2442;-0,0424;0,2447;-0,0080;0,9687;;False
1224,93;26.46;pa030​;20250612_123326;1;TUG2;0,0460;1,3865;0,2453;-0,0416;0,2446;-0,0080;0,9687;;False
1224,95;26.47;pa030​;20250612_123326;1;TUG2;0,0481;1,3862;0,2464;-0,0407;0,2441;-0,0079;0,9689;;False
1224,96;26.49;pa030​;20250612_123326;1;TUG2;0,0500;1,3858;0,2475;-0,0400;0,2434;-0,0076;0,9691;;False
1224,98;26.5;pa030​;20250612_123326;1;TUG2;0,0518;1,3855;0,2486;-0,0395;0,2427;-0,0075;0,9693;;False
1224,99;26.51;pa030​;20250612_123326;1;TUG2;0,0535;1,3853;0,2497;-0,0389;0,2420;-0,0069;0,9695;;False
1225,00;26.53;pa030​;20250612_123326;1;TUG2;0,0551;1,3852;0,2507;-0,0382;0,2412;-0,0064;0,9697;;False
1225,02;26.54;pa030​;20250612_123326;1;TUG2;0,0567;1,3849;0,2518;-0,0374;0,2403;-0,0060;0,9700;;False
1225,03;26.55;pa030​;20250612_123326;1;TUG2;0,0583;1,3846;0,2527;-0,0363;0,2393;-0,0056;0,9703;;False
1225,04;26.57;pa030​;20250612_123326;1;TUG2;0,0599;1,3843;0,2536;-0,0352;0,2387;-0,0052;0,9704;;False
1225,06;26.58;pa030​;20250612_123326;1;TUG2;0,0614;1,3841;0,2544;-0,0343;0,2386;-0,0046;0,9705;;False
1225,07;26.6;pa030​;20250612_123326;1;TUG2;0,0629;1,3840;0,2550;-0,0334;0,2387;-0,0041;0,9705;;False
1225,09;26.61;pa030​;20250612_123326;1;TUG2;0,0644;1,3841;0,2555;-0,0328;0,2388;-0,0035;0,9705;;False
1225,10;26.63;pa030​;20250612_123326;1;TUG2;0,0659;1,3842;0,2560;-0,0323;0,2391;-0,0029;0,9704;;False
1225,11;26.64;pa030​;20250612_123326;1;TUG2;0,0674;1,3843;0,2564;-0,0326;0,2394;-0,0019;0,9704;;False
1225,13;26.65;pa030​;20250612_123326;1;TUG2;0,0690;1,3844;0,2568;-0,0330;0,2396;-0,0015;0,9703;;False
1225,14;26.67;pa030​;20250612_123326;1;TUG2;0,0704;1,3845;0,2570;-0,0335;0,2401;-0,0012;0,9702;;False
1225,16;26.68;pa030​;20250612_123326;1;TUG2;0,0719;1,3847;0,2572;-0,0341;0,2409;-0,0011;0,9699;;False
1225,17;26.7;pa030​;20250612_123326;1;TUG2;0,0734;1,3849;0,2573;-0,0349;0,2418;-0,0009;0,9697;;False
1225,18;26.71;pa030​;20250612_123326;1;TUG2;0,0749;1,3850;0,2573;-0,0356;0,2425;-0,0008;0,9695;;False
1225,20;26.72;pa030​;20250612_123326;1;TUG2;0,0763;1,3852;0,2573;-0,0366;0,2436;-0,0008;0,9692;;False
1225,21;26.74;pa030​;20250612_123326;1;TUG2;0,0778;1,3854;0,2572;-0,0379;0,2450;-0,0009;0,9688;;False
1225,22;26.75;pa030​;20250612_123326;1;TUG2;0,0792;1,3855;0,2571;-0,0393;0,2468;-0,0006;0,9683;;False
1225,24;26.76;pa030​;20250612_123326;1;TUG2;0,0806;1,3857;0,2571;-0,0403;0,2485;-0,0005;0,9678;;False
1225,25;26.78;pa030​;20250612_123326;1;TUG2;0,0819;1,3857;0,2569;-0,0412;0,2502;-0,0002;0,9673;;False
1225,27;26.79;pa030​;20250612_123326;1;TUG2;0,0832;1,3856;0,2568;-0,0415;0,2516;0,0000;0,9670;;False
1225,28;26.81;pa030​;20250612_123326;1;TUG2;0,0843;1,3853;0,2565;-0,0414;0,2530;0,0003;0,9666;;False
1225,29;26.82;pa030​;20250612_123326;1;TUG2;0,0854;1,3850;0,2563;-0,0409;0,2544;0,0006;0,9662;;False
1225,31;26.83;pa030​;20250612_123326;1;TUG2;0,0865;1,3847;0,2559;-0,0403;0,2558;0,0011;0,9659;;False
1225,32;26.85;pa030​;20250612_123326;1;TUG2;0,0875;1,3845;0,2556;-0,0399;0,2572;0,0019;0,9655;;False
1225,34;26.86;pa030​;20250612_123326;1;TUG2;0,0884;1,3842;0,2553;-0,0398;0,2580;0,0025;0,9653;;False
1225,35;26.87;pa030​;20250612_123326;1;TUG2;0,0893;1,3840;0,2550;-0,0397;0,2585;0,0031;0,9652;;False
1225,36;26.89;pa030​;20250612_123326;1;TUG2;0,0900;1,3837;0,2546;-0,0391;0,2588;0,0037;0,9651;;False
1225,38;26.9;pa030​;20250612_123326;1;TUG2;0,0906;1,3835;0,2543;-0,0384;0,2587;0,0039;0,9652;;False
1225,39;26.92;pa030​;20250612_123326;1;TUG2;0,0912;1,3834;0,2540;-0,0378;0,2583;0,0040;0,9653;;False
1225,41;26.93;pa030​;20250612_123326;1;TUG2;0,0917;1,3834;0,2536;-0,0375;0,2579;0,0041;0,9654;;False
1225,42;26.94;pa030​;20250612_123326;1;TUG2;0,0922;1,3833;0,2532;-0,0372;0,2576;0,0040;0,9655;;False
1225,43;26.96;pa030​;20250612_123326;1;TUG2;0,0927;1,3832;0,2527;-0,0371;0,2572;0,0039;0,9656;;False
1225,45;26.97;pa030​;20250612_123326;1;TUG2;0,0932;1,3831;0,2522;-0,0369;0,2570;0,0039;0,9657;;False
1225,46;26.99;pa030​;20250612_123326;1;TUG2;0,0938;1,3830;0,2517;-0,0367;0,2570;0,0039;0,9657;;False
1225,47;27.0;pa030​;20250612_123326;1;TUG2;0,0942;1,3829;0,2512;-0,0365;0,2573;0,0039;0,9656;;False
1225,49;27.02;pa030​;20250612_123326;1;TUG2;0,0947;1,3828;0,2508;-0,0365;0,2575;0,0039;0,9656;;False
1225,50;27.03;pa030​;20250612_123326;1;TUG2;0,0951;1,3828;0,2503;-0,0368;0,2579;0,0039;0,9655;;False
1225,52;27.04;pa030​;20250612_123326;1;TUG2;0,0957;1,3827;0,2498;-0,0375;0,2584;0,0041;0,9653;;False
1225,53;27.06;pa030​;20250612_123326;1;TUG2;0,0962;1,3826;0,2493;-0,0377;0,2593;0,0041;0,9651;;False
1225,54;27.07;pa030​;20250612_123326;1;TUG2;0,0967;1,3826;0,2487;-0,0374;0,2606;0,0038;0,9647;;False
1225,56;27.08;pa030​;20250612_123326;1;TUG2;0,0972;1,3826;0,2482;-0,0370;0,2617;0,0038;0,9644;;False
1225,57;27.1;pa030​;20250612_123326;1;TUG2;0,0977;1,3827;0,2478;-0,0365;0,2630;0,0040;0,9641;;False
1225,59;27.11;pa030​;20250612_123326;1;TUG2;0,0981;1,3830;0,2473;-0,0365;0,2641;0,0049;0,9638;;False
1225,60;27.13;pa030​;20250612_123326;1;TUG2;0,0985;1,3832;0,2468;-0,0366;0,2646;0,0061;0,9636;;False
1225,61;27.14;pa030​;20250612_123326;1;TUG2;0,0989;1,3833;0,2462;-0,0369;0,2651;0,0064;0,9635;;False
1225,63;27.15;pa030​;20250612_123326;1;TUG2;0,0993;1,3833;0,2454;-0,0371;0,2657;0,0063;0,9633;;False
1225,64;27.17;pa030​;20250612_123326;1;TUG2;0,0997;1,3833;0,2445;-0,0371;0,2661;0,0059;0,9632;;False
1225,66;27.18;pa030​;20250612_123326;1;TUG2;0,1001;1,3834;0,2438;-0,0377;0,2671;0,0050;0,9629;;False
1225,67;27.19;pa030​;20250612_123326;1;TUG2;0,1006;1,3834;0,2430;-0,0386;0,2683;0,0040;0,9625;;False
1225,68;27.21;pa030​;20250612_123326;1;TUG2;0,1011;1,3834;0,2422;-0,0394;0,2705;0,0031;0,9619;;False
1225,70;27.22;pa030​;20250612_123326;1;TUG2;0,1017;1,3834;0,2414;-0,0398;0,2732;0,0019;0,9611;;False
1225,71;27.24;pa030​;20250612_123326;1;TUG2;0,1022;1,3835;0,2407;-0,0400;0,2763;0,0012;0,9602;;False
1225,72;27.25;pa030​;20250612_123326;1;TUG2;0,1028;1,3835;0,2399;-0,0400;0,2795;0,0010;0,9593;;False
1225,74;27.26;pa030​;20250612_123326;1;TUG2;0,1032;1,3835;0,2390;-0,0397;0,2827;0,0002;0,9584;;False
1225,75;27.28;pa030​;20250612_123326;1;TUG2;0,1034;1,3835;0,2381;-0,0395;0,2861;-0,0001;0,9574;;False
1225,77;27.29;pa030​;20250612_123326;1;TUG2;0,1037;1,3835;0,2372;-0,0393;0,2893;-0,0003;0,9564;;False
1225,78;27.31;pa030​;20250612_123326;1;TUG2;0,1037;1,3837;0,2363;-0,0394;0,2930;-0,0008;0,9553;;False
1225,79;27.32;pa030​;20250612_123326;1;TUG2;0,1039;1,3839;0,2353;-0,0400;0,2961;-0,0009;0,9543;;False
1225,81;27.33;pa030​;20250612_123326;1;TUG2;0,1039;1,3843;0,2345;-0,0402;0,2997;-0,0010;0,9532;;False
1225,82;27.35;pa030​;20250612_123326;1;TUG2;0,1040;1,3844;0,2337;-0,0411;0,3027;-0,0011;0,9522;;False
1225,84;27.36;pa030​;20250612_123326;1;TUG2;0,1039;1,3846;0,2329;-0,0417;0,3058;-0,0010;0,9512;;False
1225,85;27.38;pa030​;20250612_123326;1;TUG2;0,1038;1,3847;0,2322;-0,0422;0,3090;-0,0010;0,9501;;False
1225,86;27.39;pa030​;20250612_123326;1;TUG2;0,1037;1,3848;0,2316;-0,0423;0,3121;-0,0004;0,9491;;False
1225,88;27.4;pa030​;20250612_123326;1;TUG2;0,1036;1,3849;0,2310;-0,0428;0,3150;0,0000;0,9481;;False
1225,89;27.42;pa030​;20250612_123326;1;TUG2;0,1035;1,3849;0,2304;-0,0428;0,3176;0,0004;0,9472;;False
1225,91;27.43;pa030​;20250612_123326;1;TUG2;0,1033;1,3847;0,2298;-0,0431;0,3202;0,0009;0,9464;;False
1225,92;27.44;pa030​;20250612_123326;1;TUG2;0,1031;1,3847;0,2293;-0,0431;0,3226;0,0013;0,9456;;False
1225,93;27.46;pa030​;20250612_123326;1;TUG2;0,1029;1,3846;0,2288;-0,0432;0,3249;0,0018;0,9448;;False
1225,95;27.47;pa030​;20250612_123326;1;TUG2;0,1026;1,3844;0,2283;-0,0433;0,3271;0,0022;0,9440;;False
1225,96;27.49;pa030​;20250612_123326;1;TUG2;0,1024;1,3843;0,2278;-0,0430;0,3294;0,0023;0,9432;;False
1225,98;27.5;pa030​;20250612_123326;1;TUG2;0,1022;1,3843;0,2274;-0,0430;0,3314;0,0026;0,9425;;False
1225,99;27.51;pa030​;20250612_123326;1;TUG2;0,1020;1,3844;0,2269;-0,0429;0,3337;0,0028;0,9417;;False
1226,00;27.53;pa030​;20250612_123326;1;TUG2;0,1019;1,3845;0,2265;-0,0428;0,3356;0,0031;0,9410;;False
1226,02;27.54;pa030​;20250612_123326;1;TUG2;0,1017;1,3847;0,2259;-0,0426;0,3378;0,0034;0,9402;;False
1226,03;27.55;pa030​;20250612_123326;1;TUG2;0,1015;1,3848;0,2254;-0,0421;0,3402;0,0031;0,9394;;False
1226,04;27.57;pa030​;20250612_123326;1;TUG2;0,1013;1,3848;0,2248;-0,0422;0,3426;0,0031;0,9385;;False
1226,06;27.58;pa030​;20250612_123326;1;TUG2;0,1010;1,3849;0,2243;-0,0423;0,3451;0,0031;0,9376;;False
1226,07;27.6;pa030​;20250612_123326;1;TUG2;0,1008;1,3851;0,2238;-0,0427;0,3472;0,0030;0,9368;;False
1226,09;27.61;pa030​;20250612_123326;1;TUG2;0,1004;1,3852;0,2234;-0,0434;0,3492;0,0036;0,9360;;False
1226,10;27.63;pa030​;20250612_123326;1;TUG2;0,1001;1,3853;0,2230;-0,0441;0,3509;0,0041;0,9354;;False
1226,11;27.64;pa030​;20250612_123326;1;TUG2;0,0996;1,3855;0,2227;-0,0445;0,3525;0,0047;0,9347;;False
1226,13;27.65;pa030​;20250612_123326;1;TUG2;0,0992;1,3857;0,2224;-0,0448;0,3539;0,0051;0,9342;;False
1226,14;27.67;pa030​;20250612_123326;1;TUG2;0,0989;1,3857;0,2222;-0,0448;0,3552;0,0055;0,9337;;False
1226,16;27.68;pa030​;20250612_123326;1;TUG2;0,0986;1,3857;0,2220;-0,0445;0,3561;0,0058;0,9334;;False
1226,17;27.69;pa030​;20250612_123326;1;TUG2;0,0982;1,3857;0,2219;-0,0440;0,3570;0,0061;0,9330;;False
1226,18;27.71;pa030​;20250612_123326;1;TUG2;0,0979;1,3856;0,2218;-0,0432;0,3579;0,0060;0,9327;;False
1226,20;27.72;pa030​;20250612_123326;1;TUG2;0,0977;1,3855;0,2218;-0,0422;0,3589;0,0057;0,9324;;False
1226,21;27.74;pa030​;20250612_123326;1;TUG2;0,0974;1,3853;0,2218;-0,0409;0,3599;0,0052;0,9321;;False
1226,22;27.75;pa030​;20250612_123326;1;TUG2;0,0971;1,3851;0,2218;-0,0392;0,3609;0,0045;0,9318;;False
1226,24;27.76;pa030​;20250612_123326;1;TUG2;0,0968;1,3849;0,2221;-0,0372;0,3617;0,0037;0,9315;;False
1226,25;27.78;pa030​;20250612_123326;1;TUG2;0,0965;1,3846;0,2226;-0,0353;0,3622;0,0029;0,9314;;False
1226,27;27.79;pa030​;20250612_123326;1;TUG2;0,0961;1,3842;0,2231;-0,0330;0,3624;0,0019;0,9314;;False
1226,28;27.81;pa030​;20250612_123326;1;TUG2;0,0959;1,3836;0,2236;-0,0298;0,3619;0,0006;0,9318;;False
1226,30;27.82;pa030​;20250612_123326;1;TUG2;0,0954;1,3828;0,2244;-0,0256;0,3612;-0,0010;0,9322;;False
1226,31;27.83;pa030​;20250612_123326;1;TUG2;0,0951;1,3818;0,2253;-0,0204;0,3596;-0,0029;0,9329;;False
1226,32;27.85;pa030​;20250612_123326;1;TUG2;0,0947;1,3805;0,2263;-0,0147;0,3575;-0,0048;0,9338;;False
1226,34;27.86;pa030​;20250612_123326;1;TUG2;0,0943;1,3794;0,2274;-0,0084;0,3562;-0,0069;0,9344;;False
1226,35;27.87;pa030​;20250612_123326;1;TUG2;0,0942;1,3782;0,2285;-0,0024;0,3550;-0,0090;0,9348;;False
1226,36;27.89;pa030​;20250612_123326;1;TUG2;0,0940;1,3770;0,2296;0,0046;0,3544;-0,0111;0,9350;;False
1226,38;27.9;pa030​;20250612_123326;1;TUG2;0,0939;1,3756;0,2308;0,0120;0,3532;-0,0130;0,9354;;False
1226,39;27.92;pa030​;20250612_123326;1;TUG2;0,0936;1,3740;0,2320;0,0196;0,3519;-0,0149;0,9357;;False
1226,41;27.93;pa030​;20250612_123326;1;TUG2;0,0934;1,3724;0,2332;0,0276;0,3501;-0,0170;0,9361;;False
1226,42;27.94;pa030​;20250612_123326;1;TUG2;0,0932;1,3710;0,2345;0,0343;0,3485;-0,0191;0,9365;;False
1226,43;27.96;pa030​;20250612_123326;1;TUG2;0,0932;1,3698;0,2357;0,0401;0,3475;-0,0219;0,9366;;False
1226,45;27.97;pa030​;20250612_123326;1;TUG2;0,0933;1,3688;0,2368;0,0447;0,3474;-0,0236;0,9363;;False
1226,46;27.99;pa030​;20250612_123326;1;TUG2;0,0934;1,3677;0,2378;0,0491;0,3478;-0,0248;0,9360;;False
1226,48;28.0;pa030​;20250612_123326;1;TUG2;0,0936;1,3666;0,2389;0,0534;0,3480;-0,0260;0,9356;;False
1226,49;28.01;pa030​;20250612_123326;1;TUG2;0,0937;1,3654;0,2399;0,0576;0,3482;-0,0271;0,9353;;False
1226,50;28.03;pa030​;20250612_123326;1;TUG2;0,0937;1,3644;0,2409;0,0621;0,3480;-0,0280;0,9350;;False
1226,52;28.04;pa030​;20250612_123326;1;TUG2;0,0936;1,3633;0,2420;0,0670;0,3474;-0,0297;0,9348;;False
1226,53;28.06;pa030​;20250612_123326;1;TUG2;0,0935;1,3624;0,2429;0,0716;0,3466;-0,0309;0,9348;;False
1226,54;28.07;pa030​;20250612_123326;1;TUG2;0,0935;1,3614;0,2438;0,0760;0,3454;-0,0322;0,9348;;False
1226,56;28.08;pa030​;20250612_123326;1;TUG2;0,0934;1,3605;0,2446;0,0804;0,3441;-0,0335;0,9349;;False
1226,57;28.1;pa030​;20250612_123326;1;TUG2;0,0932;1,3596;0,2453;0,0847;0,3428;-0,0345;0,9349;;False
1226,59;28.11;pa030​;20250612_123326;1;TUG2;0,0931;1,3586;0,2459;0,0891;0,3414;-0,0360;0,9350;;False
1226,60;28.13;pa030​;20250612_123326;1;TUG2;0,0928;1,3576;0,2463;0,0935;0,3400;-0,0381;0,9350;;False
1226,61;28.14;pa030​;20250612_123326;1;TUG2;0,0927;1,3568;0,2467;0,0979;0,3384;-0,0403;0,9350;;False
1226,63;28.15;pa030​;20250612_123326;1;TUG2;0,0925;1,3559;0,2471;0,1015;0,3371;-0,0419;0,9351;;False
1226,64;28.17;pa030​;20250612_123326;1;TUG2;0,0924;1,3550;0,2475;0,1050;0,3359;-0,0441;0,9350;;False
1226,66;28.18;pa030​;20250612_123326;1;TUG2;0,0923;1,3543;0,2477;0,1089;0,3346;-0,0464;0,9349;;False
1226,67;28.19;pa030​;20250612_123326;1;TUG2;0,0922;1,3534;0,2480;0,1124;0,3337;-0,0483;0,9347;;False
1226,68;28.21;pa030​;20250612_123326;1;TUG2;0,0921;1,3527;0,2482;0,1157;0,3331;-0,0499;0,9344;;False
1226,70;28.22;pa030​;20250612_123326;1;TUG2;0,0922;1,3520;0,2485;0,1183;0,3328;-0,0510;0,9342;;False
1226,71;28.24;pa030​;20250612_123326;1;TUG2;0,0922;1,3516;0,2487;0,1200;0,3331;-0,0510;0,9339;;False
1226,73;28.25;pa030​;20250612_123326;1;TUG2;0,0923;1,3513;0,2488;0,1208;0,3337;-0,0506;0,9335;;False
1226,74;28.26;pa030​;20250612_123326;1;TUG2;0,0924;1,3511;0,2489;0,1216;0,3344;-0,0495;0,9332;;False
1226,75;28.28;pa030​;20250612_123326;1;TUG2;0,0925;1,3509;0,2489;0,1220;0,3351;-0,0481;0,9330;;False
1226,77;28.29;pa030​;20250612_123326;1;TUG2;0,0926;1,3508;0,2488;0,1220;0,3359;-0,0474;0,9328;;False
1226,78;28.31;pa030​;20250612_123326;1;TUG2;0,0927;1,3505;0,2489;0,1222;0,3363;-0,0467;0,9326;;False
1226,79;28.32;pa030​;20250612_123326;1;TUG2;0,0927;1,3504;0,2486;0,1224;0,3367;-0,0464;0,9325;;False
1226,81;28.33;pa030​;20250612_123326;1;TUG2;0,0927;1,3503;0,2482;0,1224;0,3368;-0,0461;0,9324;;False
1226,82;28.35;pa030​;20250612_123326;1;TUG2;0,0927;1,3503;0,2473;0,1224;0,3370;-0,0462;0,9324;;False
1226,84;28.36;pa030​;20250612_123326;1;TUG2;0,0927;1,3503;0,2465;0,1223;0,3375;-0,0469;0,9322;;False
1226,85;28.37;pa030​;20250612_123326;1;TUG2;0,0928;1,3503;0,2457;0,1219;0,3382;-0,0476;0,9319;;False
1226,87;28.39;pa030​;20250612_123326;1;TUG2;0,0928;1,3503;0,2449;0,1211;0,3394;-0,0481;0,9316;;False
1226,88;28.4;pa030​;20250612_123326;1;TUG2;0,0929;1,3504;0,2440;0,1205;0,3405;-0,0486;0,9312;;False
1226,89;28.42;pa030​;20250612_123326;1;TUG2;0,0930;1,3504;0,2430;0,1200;0,3417;-0,0484;0,9308;;False
1226,91;28.43;pa030​;20250612_123326;1;TUG2;0,0931;1,3504;0,2420;0,1197;0,3426;-0,0483;0,9306;;False
1226,92;28.45;pa030​;20250612_123326;1;TUG2;0,0931;1,3505;0,2410;0,1196;0,3436;-0,0482;0,9302;;False
1226,93;28.46;pa030​;20250612_123326;1;TUG2;0,0932;1,3505;0,2400;0,1195;0,3444;-0,0482;0,9299;;False
1226,95;28.47;pa030​;20250612_123326;1;TUG2;0,0933;1,3506;0,2389;0,1193;0,3451;-0,0484;0,9297;;False
1226,96;28.49;pa030​;20250612_123326;1;TUG2;0,0934;1,3506;0,2379;0,1192;0,3456;-0,0485;0,9295;;False
1226,98;28.5;pa030​;20250612_123326;1;TUG2;0,0934;1,3506;0,2368;0,1192;0,3461;-0,0489;0,9293;;False
1226,99;28.51;pa030​;20250612_123326;1;TUG2;0,0934;1,3505;0,2357;0,1195;0,3465;-0,0491;0,9291;;False
1227,00;28.53;pa030​;20250612_123326;1;TUG2;0,0934;1,3503;0,2345;0,1203;0,3468;-0,0493;0,9289;;False
1227,02;28.54;pa030​;20250612_123326;1;TUG2;0,0933;1,3502;0,2334;0,1210;0,3470;-0,0499;0,9287;;False
1227,03;28.55;pa030​;20250612_123326;1;TUG2;0,0932;1,3501;0,2324;0,1217;0,3472;-0,0503;0,9285;;False
1227,04;28.57;pa030​;20250612_123326;1;TUG2;0,0930;1,3499;0,2315;0,1222;0,3471;-0,0506;0,9285;;False
1227,06;28.58;pa030​;20250612_123326;1;TUG2;0,0928;1,3497;0,2305;0,1226;0,3469;-0,0507;0,9285;;False
1227,07;28.6;pa030​;20250612_123326;1;TUG2;0,0927;1,3496;0,2293;0,1231;0,3467;-0,0510;0,9285;;False
1227,09;28.61;pa030​;20250612_123326;1;TUG2;0,0926;1,3494;0,2282;0,1235;0,3466;-0,0510;0,9285;;False
1227,10;28.62;pa030​;20250612_123326;1;TUG2;0,0924;1,3494;0,2273;0,1238;0,3463;-0,0507;0,9285;;False
1227,11;28.64;pa030​;20250612_123326;1;TUG2;0,0920;1,3493;0,2266;0,1240;0,3456;-0,0505;0,9288;;False
1227,13;28.65;pa030​;20250612_123326;1;TUG2;0,0917;1,3492;0,2261;0,1241;0,3443;-0,0503;0,9293;;False
1227,14;28.67;pa030​;20250612_123326;1;TUG2;0,0913;1,3490;0,2257;0,1247;0,3422;-0,0497;0,9300;;False
1227,16;28.68;pa030​;20250612_123326;1;TUG2;0,0908;1,3489;0,2254;0,1257;0,3396;-0,0494;0,9308;;False
1227,17;28.69;pa030​;20250612_123326;1;TUG2;0,0904;1,3486;0,2253;0,1272;0,3360;-0,0488;0,9320;;False
1227,18;28.71;pa030​;20250612_123326;1;TUG2;0,0898;1,3482;0,2253;0,1287;0,3317;-0,0482;0,9333;;False
1227,20;28.72;pa030​;20250612_123326;1;TUG2;0,0890;1,3477;0,2254;0,1308;0,3271;-0,0481;0,9347;;False
1227,21;28.74;pa030​;20250612_123326;1;TUG2;0,0884;1,3472;0,2255;0,1335;0,3213;-0,0479;0,9363;;False
1227,22;28.75;pa030​;20250612_123326;1;TUG2;0,0876;1,3465;0,2257;0,1364;0,3153;-0,0479;0,9379;;False
1227,24;28.76;pa030​;20250612_123326;1;TUG2;0,0868;1,3458;0,2260;0,1393;0,3091;-0,0478;0,9395;;False
1227,25;28.78;pa030​;20250612_123326;1;TUG2;0,0859;1,3450;0,2263;0,1429;0,3029;-0,0473;0,9411;;False
1227,27;28.79;pa030​;20250612_123326;1;TUG2;0,0850;1,3442;0,2266;0,1468;0,2962;-0,0471;0,9426;;False
1227,28;28.8;pa030​;20250612_123326;1;TUG2;0,0840;1,3433;0,2269;0,1509;0,2888;-0,0464;0,9443;;False
1227,30;28.82;pa030​;20250612_123326;1;TUG2;0,0828;1,3423;0,2272;0,1554;0,2804;-0,0466;0,9461;;False
1227,31;28.83;pa030​;20250612_123326;1;TUG2;0,0814;1,3410;0,2275;0,1600;0,2720;-0,0465;0,9478;;False
1227,32;28.85;pa030​;20250612_123326;1;TUG2;0,0801;1,3398;0,2277;0,1651;0,2627;-0,0470;0,9495;;False
1227,34;28.86;pa030​;20250612_123326;1;TUG2;0,0787;1,3387;0,2282;0,1691;0,2542;-0,0469;0,9511;;False
1227,35;28.87;pa030​;20250612_123326;1;TUG2;0,0774;1,3378;0,2286;0,1726;0,2461;-0,0467;0,9526;;False
1227,36;28.89;pa030​;20250612_123326;1;TUG2;0,0763;1,3369;0,2290;0,1762;0,2386;-0,0459;0,9539;;False
1227,38;28.9;pa030​;20250612_123326;1;TUG2;0,0749;1,3359;0,2293;0,1797;0,2313;-0,0449;0,9551;;False
1227,39;28.92;pa030​;20250612_123326;1;TUG2;0,0736;1,3351;0,2296;0,1839;0,2237;-0,0436;0,9562;;False
1227,40;28.93;pa030​;20250612_123326;1;TUG2;0,0724;1,3341;0,2298;0,1875;0,2158;-0,0426;0,9573;;False
1227,42;28.94;pa030​;20250612_123326;1;TUG2;0,0712;1,3334;0,2300;0,1910;0,2071;-0,0405;0,9586;;False
1227,43;28.96;pa030​;20250612_123326;1;TUG2;0,0697;1,3328;0,2303;0,1940;0,1985;-0,0392;0,9599;;False
1227,45;28.97;pa030​;20250612_123326;1;TUG2;0,0682;1,3322;0,2306;0,1956;0,1904;-0,0387;0,9612;;False
1227,46;28.99;pa030​;20250612_123326;1;TUG2;0,0670;1,3318;0,2309;0,1971;0,1836;-0,0387;0,9623;;False
1227,47;29.0;pa030​;20250612_123326;1;TUG2;0,0659;1,3314;0,2312;0,1979;0,1777;-0,0388;0,9632;;False
1227,49;29.01;pa030​;20250612_123326;1;TUG2;0,0650;1,3312;0,2314;0,1980;0,1734;-0,0389;0,9640;;False
1227,50;29.03;pa030​;20250612_123326;1;TUG2;0,0644;1,3311;0,2315;0,1979;0,1697;-0,0386;0,9647;;False
1227,52;29.04;pa030​;20250612_123326;1;TUG2;0,0636;1,3312;0,2315;0,1975;0,1666;-0,0374;0,9653;;False
1227,53;29.06;pa030​;20250612_123326;1;TUG2;0,0628;1,3312;0,2314;0,1963;0,1638;-0,0367;0,9661;;False
1227,54;29.07;pa030​;20250612_123326;1;TUG2;0,0620;1,3316;0,2314;0,1954;0,1613;-0,0365;0,9667;;False
1227,56;29.08;pa030​;20250612_123326;1;TUG2;0,0612;1,3320;0,2313;0,1937;0,1591;-0,0370;0,9674;;False
1227,57;29.1;pa030​;20250612_123326;1;TUG2;0,0603;1,3324;0,2312;0,1917;0,1586;-0,0367;0,9679;;False
1227,59;29.11;pa030​;20250612_123326;1;TUG2;0,0598;1,3329;0,2311;0,1899;0,1585;-0,0362;0,9683;;False
1227,60;29.13;pa030​;20250612_123326;1;TUG2;0,0594;1,3335;0,2311;0,1875;0,1593;-0,0357;0,9686;;False
1227,61;29.14;pa030​;20250612_123326;1;TUG2;0,0585;1,3343;0,2314;0,1864;0,1594;-0,0332;0,9689;;False
1227,63;29.15;pa030​;20250612_123326;1;TUG2;0,0595;1,3341;0,2306;0,1771;0,1501;-0,0313;0,9722;;False
1227,64;29.17;pa030​;20250612_123326;1;TUG2;0,0560;1,3350;0,2317;0,1785;0,1560;-0,0273;0,9711;;False
1227,66;29.18;pa030​;20250612_123326;1;TUG2;0,0558;1,3358;0,2321;0,1808;0,1519;-0,0269;0,9713;;False
1227,67;29.19;pa030​;20250612_123326;1;TUG2;0,0546;1,3358;0,2324;0,1790;0,1503;-0,0257;0,9720;;False
1227,68;29.21;pa030​;20250612_123326;1;TUG2;0,0540;1,3359;0,2327;0,1791;0,1476;-0,0245;0,9724;;False
1227,70;29.22;pa030​;20250612_123326;1;TUG2;0,0533;1,3358;0,2332;0,1794;0,1449;-0,0233;0,9728;;False
1227,71;29.24;pa030​;20250612_123326;1;TUG2;0,0527;1,3355;0,2332;0,1790;0,1431;-0,0251;0,9731;;False
1227,72;29.25;pa030​;20250612_123326;1;TUG2;0,0522;1,3351;0,2335;0,1819;0,1412;-0,0258;0,9728;;False
1227,74;29.26;pa030​;20250612_123326;1;TUG2;0,0519;1,3347;0,2337;0,1836;0,1404;-0,0285;0,9725;;False
1227,75;29.28;pa030​;20250612_123326;1;TUG2;0,0516;1,3341;0,2340;0,1854;0,1395;-0,0306;0,9722;;False
1227,77;29.29;pa030​;20250612_123326;1;TUG2;0,0514;1,3337;0,2343;0,1876;0,1395;-0,0338;0,9717;;False
1227,78;29.31;pa030​;20250612_123326;1;TUG2;0,0514;1,3332;0,2346;0,1900;0,1396;-0,0363;0,9711;;False
1227,79;29.32;pa030​;20250612_123326;1;TUG2;0,0514;1,3327;0,2350;0,1919;0,1389;-0,0376;0,9708;;False
1227,81;29.33;pa030​;20250612_123326;1;TUG2;0,0511;1,3324;0,2354;0,1929;0,1379;-0,0381;0,9707;;False
1227,82;29.35;pa030​;20250612_123326;1;TUG2;0,0509;1,3322;0,2361;0,1943;0,1369;-0,0381;0,9706;;False
1227,84;29.36;pa030​;20250612_123326;1;TUG2;0,0508;1,3321;0,2367;0,1942;0,1354;-0,0378;0,9708;;False
1227,85;29.37;pa030​;20250612_123326;1;TUG2;0,0506;1,3321;0,2375;0,1939;0,1341;-0,0373;0,9711;;False
1227,86;29.39;pa030​;20250612_123326;1;TUG2;0,0503;1,3320;0,2385;0,1927;0,1319;-0,0358;0,9717;;False
1227,88;29.4;pa030​;20250612_123326;1;TUG2;0,0501;1,3319;0,2392;0,1923;0,1300;-0,0346;0,9721;;False
1227,89;29.42;pa030​;20250612_123326;1;TUG2;0,0499;1,3316;0,2399;0,1933;0,1289;-0,0331;0,9721;;False
1227,91;29.43;pa030​;20250612_123326;1;TUG2;0,0497;1,3311;0,2406;0,1948;0,1279;-0,0324;0,9719;;False
1227,92;29.44;pa030​;20250612_123326;1;TUG2;0,0495;1,3307;0,2414;0,1964;0,1270;-0,0331;0,9717;;False
1227,93;29.46;pa030​;20250612_123326;1;TUG2;0,0494;1,3303;0,2423;0,1975;0,1260;-0,0329;0,9716;;False
1227,95;29.47;pa030​;20250612_123326;1;TUG2;0,0492;1,3297;0,2432;0,1984;0,1249;-0,0330;0,9716;;False
1227,96;29.49;pa030​;20250612_123326;1;TUG2;0,0489;1,3292;0,2442;0,1981;0,1240;-0,0338;0,9717;;False
1227,97;29.5;pa030​;20250612_123326;1;TUG2;0,0487;1,3289;0,2453;0,1971;0,1231;-0,0346;0,9720;;False
1227,99;29.51;pa030​;20250612_123326;1;TUG2;0,0483;1,3289;0,2464;0,1955;0,1222;-0,0345;0,9725;;False
1228,00;29.53;pa030​;20250612_123326;1;TUG2;0,0482;1,3288;0,2476;0,1940;0,1205;-0,0347;0,9730;;False
1228,02;29.54;pa030​;20250612_123326;1;TUG2;0,0479;1,3285;0,2490;0,1917;0,1191;-0,0344;0,9736;;False
1228,03;29.56;pa030​;20250612_123326;1;TUG2;0,0475;1,3286;0,2502;0,1906;0,1182;-0,0344;0,9739;;False
1228,05;29.57;pa030​;20250612_123326;1;TUG2;0,0474;1,3285;0,2515;0,1892;0,1163;-0,0338;0,9744;;False
1228,06;29.58;pa030​;20250612_123326;1;TUG2;0,0472;1,3288;0,2528;0,1866;0,1152;-0,0343;0,9751;;False
1228,07;29.6;pa030​;20250612_123326;1;TUG2;0,0471;1,3290;0,2544;0,1842;0,1153;-0,0340;0,9755;;False
1228,09;29.61;pa030​;20250612_123326;1;TUG2;0,0471;1,3293;0,2559;0,1820;0,1159;-0,0333;0,9759;;False
1228,10;29.63;pa030​;20250612_123326;1;TUG2;0,0471;1,3302;0,2574;0,1775;0,1180;-0,0341;0,9764;;False
1228,11;29.64;pa030​;20250612_123326;1;TUG2;0,0473;1,3308;0,2590;0,1722;0,1197;-0,0336;0,9772;;False
1228,13;29.65;pa030​;20250612_123326;1;TUG2;0,0476;1,3313;0,2606;0,1664;0,1206;-0,0332;0,9781;;False
1228,14;29.67;pa030​;20250612_123326;1;TUG2;0,0478;1,3328;0,2627;0,1644;0,1213;-0,0326;0,9784;;False
1228,16;29.68;pa030​;20250612_123326;1;TUG2;0,0478;1,3334;0,2638;0,1576;0,1229;-0,0333;0,9793;;False
1228,17;29.69;pa030​;20250612_123326;1;TUG2;0,0480;1,3343;0,2651;0,1517;0,1242;-0,0337;0,9800;;False
1228,18;29.71;pa030​;20250612_123326;1;TUG2;0,0482;1,3354;0,2664;0,1486;0,1249;-0,0332;0,9804;;False
1228,20;29.72;pa030​;20250612_123326;1;TUG2;0,0483;1,3363;0,2677;0,1444;0,1249;-0,0331;0,9810;;False
1228,21;29.74;pa030​;20250612_123326;1;TUG2;0,0481;1,3375;0,2688;0,1402;0,1249;-0,0327;0,9817;;False
1228,23;29.75;pa030​;20250612_123326;1;TUG2;0,0482;1,3388;0,2701;0,1360;0,1231;-0,0325;0,9825;;False
1228,24;29.76;pa030​;20250612_123326;1;TUG2;0,0479;1,3401;0,2712;0,1322;0,1240;-0,0333;0,9829;;False
1228,25;29.78;pa030​;20250612_123326;1;TUG2;0,0480;1,3414;0,2726;0,1269;0,1230;-0,0338;0,9837;;False
1228,27;29.79;pa030​;20250612_123326;1;TUG2;0,0478;1,3431;0,2737;0,1226;0,1231;-0,0347;0,9842;;False
1228,28;29.81;pa030​;20250612_123326;1;TUG2;0,0485;1,3447;0,2748;0,1167;0,1205;-0,0351;0,9852;;False
1228,29;29.82;pa030​;20250612_123326;1;TUG2;0,0485;1,3464;0,2760;0,1096;0,1215;-0,0364;0,9858;;False
1228,31;29.83;pa030​;20250612_123326;1;TUG2;0,0484;1,3487;0,2768;0,1045;0,1225;-0,0381;0,9862;;False
1228,32;29.85;pa030​;20250612_123326;1;TUG2;0,0487;1,3507;0,2780;0,0976;0,1224;-0,0393;0,9869;;False
1228,34;29.86;pa030​;20250612_123326;1;TUG2;0,0489;1,3531;0,2790;0,0914;0,1233;-0,0410;0,9873;;False
1228,35;29.88;pa030​;20250612_123326;1;TUG2;0,0490;1,3554;0,2800;0,0844;0,1239;-0,0419;0,9878;;False
1228,36;29.89;pa030​;20250612_123326;1;TUG2;0,0493;1,3579;0,2806;0,0765;0,1239;-0,0427;0,9884;;False
1228,38;29.9;pa030​;20250612_123326;1;TUG2;0,0495;1,3606;0,2814;0,0697;0,1233;-0,0430;0,9890;;False
1228,39;29.92;pa030​;20250612_123326;1;TUG2;0,0497;1,3633;0,2820;0,0637;0,1230;-0,0430;0,9894;;False
1228,41;29.93;pa030​;20250612_123326;1;TUG2;0,0499;1,3661;0,2827;0,0576;0,1229;-0,0431;0,9898;;False
1228,42;29.94;pa030​;20250612_123326;1;TUG2;0,0502;1,3687;0,2830;0,0499;0,1228;-0,0428;0,9903;;False
1228,43;29.96;pa030​;20250612_123326;1;TUG2;0,0501;1,3715;0,2832;0,0428;0,1237;-0,0429;0,9905;;False
1228,45;29.97;pa030​;20250612_123326;1;TUG2;0,0503;1,3746;0,2835;0,0358;0,1231;-0,0432;0,9908;;False
1228,46;29.99;pa030​;20250612_123326;1;TUG2;0,0506;1,3774;0,2835;0,0301;0,1239;-0,0432;0,9909;;False
1228,48;30.0;pa030​;20250612_123326;1;TUG2;0,0508;1,3805;0,2835;0,0254;0,1242;-0,0425;0,9910;;False
1228,49;30.01;pa030​;20250612_123326;1;TUG2;0,0507;1,3835;0,2836;0,0202;0,1252;-0,0420;0,9910;;False
1228,50;30.03;pa030​;20250612_123326;1;TUG2;0,0510;1,3870;0,2838;0,0167;0,1259;-0,0425;0,9910;;False
1228,52;30.04;pa030​;20250612_123326;1;TUG2;0,0513;1,3900;0,2839;0,0114;0,1265;-0,0426;0,9910;;False
1228,53;30.06;pa030​;20250612_123326;1;TUG2;0,0516;1,3933;0,2840;0,0082;0,1273;-0,0432;0,9909;;False
1228,54;30.07;pa030​;20250612_123326;1;TUG2;0,0520;1,3967;0,2844;0,0049;0,1276;-0,0437;0,9909;;False
1228,56;30.08;pa030​;20250612_123326;1;TUG2;0,0523;1,4000;0,2847;0,0054;0,1278;-0,0448;0,9908;;False
1228,57;30.1;pa030​;20250612_123326;1;TUG2;0,0529;1,4034;0,2856;0,0087;0,1272;-0,0455;0,9908;;False
1228,60;30.12;pa030​;20250612_123326;1;TUG2;0,0542;1,4106;0,2887;0,0153;0,1256;-0,0453;0,9909;;False
1228,61;30.14;pa030​;20250612_123326;1;TUG2;0,0549;1,4144;0,2906;0,0223;0,1254;-0,0463;0,9908;;False
1228,63;30.15;pa030​;20250612_123326;1;TUG2;0,0559;1,4177;0,2933;0,0284;0,1263;-0,0472;0,9905;;False
1228,64;30.17;pa030​;20250612_123326;1;TUG2;0,0572;1,4212;0,2965;0,0372;0,1263;-0,0486;0,9901;;False
1228,66;30.18;pa030​;20250612_123326;1;TUG2;0,0584;1,4244;0,3000;0,0450;0,1263;-0,0493;0,9897;;False
1228,67;30.19;pa030​;20250612_123326;1;TUG2;0,0603;1,4273;0,3039;0,0537;0,1249;-0,0509;0,9894;;False
1228,68;30.21;pa030​;20250612_123326;1;TUG2;0,0623;1,4304;0,3090;0,0646;0,1252;-0,0530;0,9886;;False
1228,70;30.22;pa030​;20250612_123326;1;TUG2;0,0649;1,4336;0,3150;0,0796;0,1242;-0,0556;0,9875;;False
1228,71;30.24;pa030​;20250612_123326;1;TUG2;0,0676;1,4363;0,3217;0,0928;0,1242;-0,0575;0,9862;;False
1228,73;30.25;pa030​;20250612_123326;1;TUG2;0,0708;1,4392;0,3295;0,1099;0,1241;-0,0614;0,9843;;False
1228,74;30.26;pa030​;20250612_123326;1;TUG2;0,0746;1,4412;0,3385;0,1310;0,1246;-0,0661;0,9813;;False
1228,75;30.28;pa030​;20250612_123326;1;TUG2;0,0783;1,4421;0,3487;0,1513;0,1285;-0,0707;0,9776;;False
1228,77;30.29;pa030​;20250612_123326;1;TUG2;0,0819;1,4417;0,3596;0,1723;0,1324;-0,0750;0,9732;;False
1228,78;30.31;pa030​;20250612_123326;1;TUG2;0,0860;1,4407;0,3708;0,1952;0,1345;-0,0808;0,9681;;False
1228,79;30.32;pa030​;20250612_123326;1;TUG2;0,0900;1,4380;0,3821;0,2196;0,1366;-0,0848;0,9622;;False
1228,81;30.33;pa030​;20250612_123326;1;TUG2;0,0941;1,4340;0,3934;0,2440;0,1382;-0,0887;0,9558;;False
1228,82;30.35;pa030​;20250612_123326;1;TUG2;0,0986;1,4286;0,4044;0,2689;0,1393;-0,0928;0,9485;;False
1228,84;30.36;pa030​;20250612_123326;1;TUG2;0,1033;1,4217;0,4149;0,2938;0,1393;-0,0959;0,9408;;False
1228,85;30.37;pa030​;20250612_123326;1;TUG2;0,1077;1,4136;0,4247;0,3161;0,1389;-0,0981;0,9334;;False
1228,86;30.39;pa030​;20250612_123326;1;TUG2;0,1123;1,4044;0,4335;0,3376;0,1380;-0,1013;0,9256;;False
1228,88;30.4;pa030​;20250612_123326;1;TUG2;0,1170;1,3942;0,4415;0,3576;0,1378;-0,1039;0,9178;;False
1228,89;30.42;pa030​;20250612_123326;1;TUG2;0,1214;1,3830;0,4484;0,3762;0,1391;-0,1064;0,9099;;False
1228,90;30.43;pa030​;20250612_123326;1;TUG2;0,1255;1,3711;0,4542;0,3925;0,1406;-0,1079;0,9025;;False
1228,92;30.44;pa030​;20250612_123326;1;TUG2;0,1294;1,3592;0,4590;0,4078;0,1430;-0,1095;0,8951;;False
1228,93;30.46;pa030​;20250612_123326;1;TUG2;0,1329;1,3475;0,4633;0,4229;0,1460;-0,1111;0,8874;;False
1228,95;30.47;pa030​;20250612_123326;1;TUG2;0,1365;1,3361;0,4671;0,4363;0,1485;-0,1133;0,8802;;False
1228,96;30.49;pa030​;20250612_123326;1;TUG2;0,1399;1,3249;0,4699;0,4471;0,1521;-0,1161;0,8738;;False
1228,97;30.5;pa030​;20250612_123326;1;TUG2;0,1437;1,3141;0,4721;0,4582;0,1552;-0,1206;0,8668;;False
1228,99;30.51;pa030​;20250612_123326;1;TUG2;0,1476;1,3035;0,4740;0,4686;0,1593;-0,1261;0,8597;;False
1229,00;30.53;pa030​;20250612_123326;1;TUG2;0,1515;1,2931;0,4754;0,4763;0,1639;-0,1311;0,8539;;False
1229,02;30.54;pa030​;20250612_123326;1;TUG2;0,1555;1,2832;0,4764;0,4842;0,1676;-0,1363;0,8479;;False
1229,03;30.55;pa030​;20250612_123326;1;TUG2;0,1598;1,2739;0,4771;0,4922;0,1712;-0,1429;0,8415;;False
1229,04;30.57;pa030​;20250612_123326;1;TUG2;0,1643;1,2646;0,4771;0,4976;0,1746;-0,1485;0,8366;;False
1229,06;30.58;pa030​;20250612_123326;1;TUG2;0,1692;1,2559;0,4769;0,5038;0,1770;-0,1530;0,8315;;False
1229,07;30.6;pa030​;20250612_123326;1;TUG2;0,1744;1,2475;0,4760;0,5096;0,1772;-0,1576;0,8271;;False
1229,09;30.61;pa030​;20250612_123326;1;TUG2;0,1796;1,2396;0,4750;0,5154;0,1754;-0,1609;0,8232;;False
1229,10;30.63;pa030​;20250612_123326;1;TUG2;0,1846;1,2321;0,4736;0,5207;0,1738;-0,1635;0,8197;;False
1229,11;30.64;pa030​;20250612_123326;1;TUG2;0,1896;1,2251;0,4716;0,5251;0,1711;-0,1674;0,8167;;False
1229,13;30.65;pa030​;20250612_123326;1;TUG2;0,1946;1,2188;0,4696;0,5303;0,1688;-0,1724;0,8127;;False
1229,14;30.67;pa030​;20250612_123326;1;TUG2;0,1995;1,2127;0,4671;0,5340;0,1675;-0,1774;0,8096;;False
1229,15;30.68;pa030​;20250612_123326;1;TUG2;0,2044;1,2069;0,4645;0,5375;0,1671;-0,1822;0,8062;;False
1229,17;30.69;pa030​;20250612_123326;1;TUG2;0,2092;1,2016;0,4614;0,5396;0,1672;-0,1866;0,8038;;False
1229,18;30.71;pa030​;20250612_123326;1;TUG2;0,2142;1,1967;0,4581;0,5412;0,1684;-0,1912;0,8014;;False
1229,20;30.72;pa030​;20250612_123326;1;TUG2;0,2193;1,1922;0,4545;0,5422;0,1687;-0,1955;0,7996;;False
1229,21;30.74;pa030​;20250612_123326;1;TUG2;0,2246;1,1876;0,4500;0,5395;0,1674;-0,2012;0,8003;;False
1229,22;30.75;pa030​;20250612_123326;1;TUG2;0,2297;1,1840;0,4461;0,5394;0,1653;-0,2062;0,7995;;False
1229,24;30.76;pa030​;20250612_123326;1;TUG2;0,2346;1,1806;0,4413;0,5374;0,1624;-0,2118;0,8000;;False
1229,25;30.78;pa030​;20250612_123326;1;TUG2;0,2399;1,1776;0,4361;0,5328;0,1586;-0,2182;0,8021;;False
1229,27;30.79;pa030​;20250612_123326;1;TUG2;0,2451;1,1749;0,4305;0,5266;0,1538;-0,2249;0,8053;;False
1229,28;30.8;pa030​;20250612_123326;1;TUG2;0,2500;1,1722;0,4242;0,5154;0,1493;-0,2349;0,8105;;False
1229,29;30.82;pa030​;20250612_123326;1;TUG2;0,2550;1,1704;0,4185;0,5070;0,1446;-0,2423;0,8144;;False
1229,31;30.83;pa030​;20250612_123326;1;TUG2;0,2605;1,1685;0,4120;0,4958;0,1393;-0,2507;0,8197;;False
1229,32;30.85;pa030​;20250612_123326;1;TUG2;0,2658;1,1670;0,4054;0,4828;0,1342;-0,2573;0,8262;;False
1229,34;30.86;pa030​;20250612_123326;1;TUG2;0,2710;1,1660;0,3990;0,4716;0,1292;-0,2625;0,8318;;False
1229,36;30.89;pa030​;20250612_123326;1;TUG2;0,2813;1,1641;0,3854;0,4502;0,1190;-0,2733;0,8417;;False
1229,38;30.9;pa030​;20250612_123326;1;TUG2;0,2865;1,1636;0,3789;0,4411;0,1125;-0,2777;0,8460;;False
1229,39;30.92;pa030​;20250612_123326;1;TUG2;0,2912;1,1632;0,3725;0,4328;0,1078;-0,2818;0,8495;;False
1229,41;30.93;pa030​;20250612_123326;1;TUG2;0,2956;1,1627;0,3662;0,4259;0,1030;-0,2866;0,8520;;False
1229,42;30.94;pa030​;20250612_123326;1;TUG2;0,2995;1,1627;0,3601;0,4195;0,0996;-0,2912;0,8540;;False
1229,43;30.96;pa030​;20250612_123326;1;TUG2;0,3035;1,1627;0,3543;0,4147;0,0968;-0,2949;0,8554;;False
1229,45;30.97;pa030​;20250612_123326;1;TUG2;0,3072;1,1625;0,3486;0,4090;0,0941;-0,2978;0,8574;;False
1229,46;30.99;pa030​;20250612_123326;1;TUG2;0,3107;1,1626;0,3434;0,4046;0,0925;-0,3005;0,8587;;False
1229,47;31.0;pa030​;20250612_123326;1;TUG2;0,3142;1,1625;0,3383;0,3996;0,0904;-0,3030;0,8604;;False
1229,49;31.01;pa030​;20250612_123326;1;TUG2;0,3173;1,1628;0,3335;0,3967;0,0901;-0,3051;0,8611;;False
1229,50;31.03;pa030​;20250612_123326;1;TUG2;0,3210;1,1635;0,3291;0,3969;0,0882;-0,3089;0,8598;;False
1229,52;31.04;pa030​;20250612_123326;1;TUG2;0,3238;1,1638;0,3244;0,3954;0,0881;-0,3116;0,8595;;False
1229,53;31.05;pa030​;20250612_123326;1;TUG2;0,3259;1,1634;0,3198;0,3924;0,0898;-0,3103;0,8612;;False
1229,54;31.07;pa030​;20250612_123326;1;TUG2;0,3279;1,1633;0,3153;0,3917;0,0915;-0,3081;0,8621;;False
1229,56;31.08;pa030​;20250612_123326;1;TUG2;0,3299;1,1637;0,3111;0,3912;0,0930;-0,3073;0,8625;;False
1229,57;31.1;pa030​;20250612_123326;1;TUG2;0,3316;1,1642;0,3071;0,3902;0,0951;-0,3072;0,8627;;False
1229,59;31.11;pa030​;20250612_123326;1;TUG2;0,3328;1,1644;0,3033;0,3885;0,0980;-0,3060;0,8637;;False
1229,60;31.13;pa030​;20250612_123326;1;TUG2;0,3341;1,1644;0,2994;0,3872;0,1001;-0,3045;0,8645;;False
1229,61;31.14;pa030​;20250612_123326;1;TUG2;0,3354;1,1647;0,2957;0,3864;0,1004;-0,3039;0,8650;;False
1229,63;31.15;pa030​;20250612_123326;1;TUG2;0,3363;1,1650;0,2921;0,3852;0,1000;-0,3044;0,8655;;False
1229,64;31.17;pa030​;20250612_123326;1;TUG2;0,3369;1,1651;0,2888;0,3825;0,0991;-0,3043;0,8668;;False
1229,66;31.18;pa030​;20250612_123326;1;TUG2;0,3373;1,1653;0,2856;0,3803;0,0975;-0,3047;0,8678;;False
1229,67;31.19;pa030​;20250612_123326;1;TUG2;0,3378;1,1654;0,2825;0,3781;0,0946;-0,3053;0,8688;;False
1229,68;31.21;pa030​;20250612_123326;1;TUG2;0,3382;1,1652;0,2794;0,3759;0,0907;-0,3061;0,8699;;False
1229,70;31.22;pa030​;20250612_123326;1;TUG2;0,3384;1,1649;0,2765;0,3736;0,0855;-0,3071;0,8711;;False
1229,71;31.23;pa030​;20250612_123326;1;TUG2;0,3385;1,1647;0,2735;0,3720;0,0790;-0,3084;0,8720;;False
1229,72;31.25;pa030​;20250612_123326;1;TUG2;0,3388;1,1645;0,2708;0,3703;0,0708;-0,3088;0,8732;;False
1229,74;31.26;pa030​;20250612_123326;1;TUG2;0,3391;1,1641;0,2681;0,3681;0,0623;-0,3100;0,8743;;False
1229,75;31.28;pa030​;20250612_123326;1;TUG2;0,3391;1,1636;0,2655;0,3689;0,0523;-0,3109;0,8744;;False
1229,77;31.29;pa030​;20250612_123326;1;TUG2;0,3394;1,1633;0,2634;0,3684;0,0427;-0,3110;0,8750;;False
1229,78;31.31;pa030​;20250612_123326;1;TUG2;0,3392;1,1631;0,2612;0,3667;0,0356;-0,3117;0,8758;;False
1229,79;31.32;pa030​;20250612_123326;1;TUG2;0,3390;1,1630;0,2591;0,3638;0,0296;-0,3128;0,8769;;False
1229,81;31.33;pa030​;20250612_123326;1;TUG2;0,3387;1,1631;0,2573;0,3598;0,0257;-0,3138;0,8783;;False
1229,82;31.35;pa030​;20250612_123326;1;TUG2;0,3387;1,1634;0,2557;0,3570;0,0217;-0,3149;0,8792;;False
1229,84;31.36;pa030​;20250612_123326;1;TUG2;0,3385;1,1634;0,2540;0,3545;0,0172;-0,3161;0,8798;;False
1229,85;31.37;pa030​;20250612_123326;1;TUG2;0,3384;1,1634;0,2527;0,3543;0,0114;-0,3170;0,8797;;False
1229,86;31.39;pa030​;20250612_123326;1;TUG2;0,3383;1,1634;0,2516;0,3556;0,0057;-0,3171;0,8792;;False
1229,88;31.4;pa030​;20250612_123326;1;TUG2;0,3384;1,1635;0,2506;0,3566;0,0004;-0,3182;0,8784;;False
1229,89;31.42;pa030​;20250612_123326;1;TUG2;0,3381;1,1637;0,2504;0,3591;-0,0022;-0,3167;0,8779;;False
1229,91;31.43;pa030​;20250612_123326;1;TUG2;0,3383;1,1640;0,2500;0,3619;-0,0045;-0,3187;0,8761;;False
1229,92;31.44;pa030​;20250612_123326;1;TUG2;0,3387;1,1642;0,2492;0,3633;-0,0093;-0,3177;0,8758;;False
1229,93;31.46;pa030​;20250612_123326;1;TUG2;0,3394;1,1637;0,2490;0,3653;-0,0136;-0,3185;0,8746;;False
1229,95;31.47;pa030​;20250612_123326;1;TUG2;0,3396;1,1631;0,2488;0,3658;-0,0174;-0,3175;0,8747;;False
1229,96;31.49;pa030​;20250612_123326;1;TUG2;0,3403;1,1629;0,2484;0,3668;-0,0228;-0,3188;0,8737;;False
1229,97;31.5;pa030​;20250612_123326;1;TUG2;0,3411;1,1628;0,2486;0,3671;-0,0265;-0,3182;0,8737;;False
1229,99;31.51;pa030​;20250612_123326;1;TUG2;0,3416;1,1626;0,2484;0,3679;-0,0309;-0,3188;0,8730;;False
1230,00;31.53;pa030​;20250612_123326;1;TUG2;0,3423;1,1621;0,2484;0,3658;-0,0357;-0,3195;0,8734;;False
1230,02;31.54;pa030​;20250612_123326;1;TUG2;0,3430;1,1617;0,2489;0,3652;-0,0397;-0,3178;0,8741;;False
1230,03;31.55;pa030​;20250612_123326;1;TUG2;0,3435;1,1613;0,2494;0,3649;-0,0429;-0,3162;0,8746;;False
1230,04;31.57;pa030​;20250612_123326;1;TUG2;0,3440;1,1611;0,2500;0,3666;-0,0468;-0,3155;0,8740;;False
1230,06;31.58;pa030​;20250612_123326;1;TUG2;0,3447;1,1609;0,2508;0,3693;-0,0499;-0,3153;0,8728;;False
1230,07;31.6;pa030​;20250612_123326;1;TUG2;0,3454;1,1607;0,2514;0,3686;-0,0522;-0,3136;0,8735;;False
1230,09;31.61;pa030​;20250612_123326;1;TUG2;0,3459;1,1611;0,2524;0,3689;-0,0519;-0,3099;0,8748;;False
1230,10;31.62;pa030​;20250612_123326;1;TUG2;0,3465;1,1613;0,2532;0,3694;-0,0514;-0,3067;0,8757;;False
1230,12;31.64;pa030​;20250612_123326;1;TUG2;0,3470;1,1618;0,2543;0,3727;-0,0511;-0,3026;0,8758;;False
1230,13;31.65;pa030​;20250612_123326;1;TUG2;0,3475;1,1620;0,2549;0,3735;-0,0516;-0,3005;0,8761;;False
1230,14;31.67;pa030​;20250612_123326;1;TUG2;0,3480;1,1628;0,2555;0,3748;-0,0536;-0,2973;0,8765;;False
1230,16;31.68;pa030​;20250612_123326;1;TUG2;0,3485;1,1640;0,2559;0,3772;-0,0576;-0,2932;0,8766;;False
1230,17;31.69;pa030​;20250612_123326;1;TUG2;0,3488;1,1649;0,2560;0,3800;-0,0630;-0,2893;0,8763;;False
1230,18;31.71;pa030​;20250612_123326;1;TUG2;0,3484;1,1657;0,2568;0,3825;-0,0671;-0,2832;0,8769;;False
1230,20;31.72;pa030​;20250612_123326;1;TUG2;0,3484;1,1669;0,2577;0,3896;-0,0710;-0,2769;0,8755;;False
1230,21;31.74;pa030​;20250612_123326;1;TUG2;0,3485;1,1684;0,2586;0,3994;-0,0778;-0,2713;0,8722;;False
1230,22;31.75;pa030​;20250612_123326;1;TUG2;0,3486;1,1702;0,2594;0,4099;-0,0860;-0,2646;0,8687;;False
1230,24;31.76;pa030​;20250612_123326;1;TUG2;0,3483;1,1718;0,2595;0,4178;-0,0921;-0,2542;0,8674;;False
1230,25;31.78;pa030​;20250612_123326;1;TUG2;0,3477;1,1737;0,2599;0,4286;-0,0964;-0,2430;0,8649;;False
1230,27;31.79;pa030​;20250612_123326;1;TUG2;0,3474;1,1751;0,2603;0,4361;-0,1050;-0,2309;0,8634;;False
1230,28;31.81;pa030​;20250612_123326;1;TUG2;0,3474;1,1772;0,2605;0,4487;-0,1142;-0,2170;0,8594;;False
1230,29;31.82;pa030​;20250612_123326;1;TUG2;0,3475;1,1789;0,2598;0,4574;-0,1246;-0,2047;0,8563;;False
1230,31;31.83;pa030​;20250612_123326;1;TUG2;0,3477;1,1814;0,2594;0,4685;-0,1350;-0,1907;0,8520;;False
1230,32;31.85;pa030​;20250612_123326;1;TUG2;0,3484;1,1831;0,2574;0,4733;-0,1460;-0,1776;0,8504;;False
1230,34;31.86;pa030​;20250612_123326;1;TUG2;0,3490;1,1856;0,2558;0,4794;-0,1565;-0,1627;0,8481;;False
1230,35;31.87;pa030​;20250612_123326;1;TUG2;0,3495;1,1876;0,2543;0,4893;-0,1663;-0,1471;0,8434;;False
1230,36;31.89;pa030​;20250612_123326;1;TUG2;0,3507;1,1892;0,2524;0,5011;-0,1741;-0,1338;0,8371;;False
1230,38;31.9;pa030​;20250612_123326;1;TUG2;0,3516;1,1904;0,2509;0,5122;-0,1791;-0,1239;0,8308;;False
1230,39;31.92;pa030​;20250612_123326;1;TUG2;0,3526;1,1914;0,2496;0,5267;-0,1820;-0,1150;0,8223;;False
1230,41;31.93;pa030​;20250612_123326;1;TUG2;0,3538;1,1927;0,2487;0,5432;-0,1852;-0,1073;0,8119;;False
1230,42;31.95;pa030​;20250612_123326;1;TUG2;0,3556;1,1937;0,2467;0,5526;-0,1879;-0,1027;0,8055;;False
1230,43;31.96;pa030​;20250612_123326;1;TUG2;0,3571;1,1950;0,2455;0,5633;-0,1883;-0,0955;0,7988;;False
1230,45;31.97;pa030​;20250612_123326;1;TUG2;0,3590;1,1965;0,2441;0,5733;-0,1853;-0,0893;0,7931;;False
1230,46;31.99;pa030​;20250612_123326;1;TUG2;0,3611;1,1983;0,2422;0,5786;-0,1800;-0,0862;0,7908;;False
1230,47;32.0;pa030​;20250612_123326;1;TUG2;0,3632;1,2008;0,2408;0,5938;-0,1678;-0,0851;0,7823;;False
1230,49;32.01;pa030​;20250612_123326;1;TUG2;0,3659;1,2021;0,2377;0,6022;-0,1538;-0,0892;0,7783;;False
1230,50;32.03;pa030​;20250612_123326;1;TUG2;0,3690;1,2036;0,2350;0,6079;-0,1392;-0,0955;0,7759;;False
1230,52;32.04;pa030​;20250612_123326;1;TUG2;0,3718;1,2061;0,2330;0,6185;-0,1224;-0,0996;0,7698;;False
1230,53;32.06;pa030​;20250612_123326;1;TUG2;0,3747;1,2090;0,2304;0,6259;-0,1040;-0,1030;0,7660;;False
1230,54;32.07;pa030​;20250612_123326;1;TUG2;0,3774;1,2119;0,2281;0,6309;-0,0881;-0,1041;0,7638;;False
1230,56;32.08;pa030​;20250612_123326;1;TUG2;0,3804;1,2149;0,2265;0,6363;-0,0751;-0,1025;0,7609;;False
1230,57;32.1;pa030​;20250612_123326;1;TUG2;0,3835;1,2180;0,2249;0,6427;-0,0646;-0,0978;0,7571;;False
1230,59;32.11;pa030​;20250612_123326;1;TUG2;0,3869;1,2210;0,2235;0,6490;-0,0582;-0,0928;0,7528;;False
1230,60;32.12;pa030​;20250612_123326;1;TUG2;0,3905;1,2245;0,2215;0,6521;-0,0530;-0,0872;0,7512;;False
1230,61;32.14;pa030​;20250612_123326;1;TUG2;0,3941;1,2282;0,2202;0,6567;-0,0499;-0,0790;0,7483;;False
1230,63;32.15;pa030​;20250612_123326;1;TUG2;0,3972;1,2317;0,2190;0,6621;-0,0471;-0,0700;0,7447;;False
1230,64;32.17;pa030​;20250612_123326;1;TUG2;0,3996;1,2349;0,2173;0,6667;-0,0437;-0,0632;0,7413;;False
1230,66;32.18;pa030​;20250612_123326;1;TUG2;0,4020;1,2380;0,2161;0,6713;-0,0421;-0,0593;0,7376;;False
1230,67;32.19;pa030​;20250612_123326;1;TUG2;0,4040;1,2416;0,2150;0,6750;-0,0411;-0,0588;0,7343;;False
1230,68;32.21;pa030​;20250612_123326;1;TUG2;0,4055;1,2448;0,2137;0,6732;-0,0422;-0,0575;0,7360;;False
1230,70;32.22;pa030​;20250612_123326;1;TUG2;0,4074;1,2482;0,2132;0,6743;-0,0450;-0,0570;0,7348;;False
1230,71;32.24;pa030​;20250612_123326;1;TUG2;0,4089;1,2526;0,2144;0,6833;-0,0494;-0,0477;0,7269;;False
1230,72;32.25;pa030​;20250612_123326;1;TUG2;0,4118;1,2561;0,2133;0,6840;-0,0585;-0,0423;0,7259;;False
1230,74;32.26;pa030​;20250612_123326;1;TUG2;0,4138;1,2594;0,2126;0,6807;-0,0669;-0,0343;0,7287;;False
1230,75;32.28;pa030​;20250612_123326;1;TUG2;0,4158;1,2628;0,2130;0,6805;-0,0738;-0,0269;0,7286;;False
1230,77;32.29;pa030​;20250612_123326;1;TUG2;0,4180;1,2668;0,2138;0,6827;-0,0811;-0,0209;0,7258;;False
1230,78;32.31;pa030​;20250612_123326;1;TUG2;0,4199;1,2712;0,2143;0,6823;-0,0869;-0,0150;0,7257;;False
1230,80;32.32;pa030​;20250612_123326;1;TUG2;0,4215;1,2757;0,2143;0,6783;-0,0907;-0,0086;0,7291;;False
1230,81;32.33;pa030​;20250612_123326;1;TUG2;0,4233;1,2800;0,2148;0,6754;-0,0931;-0,0045;0,7316;;False
1230,82;32.35;pa030​;20250612_123326;1;TUG2;0,4249;1,2841;0,2154;0,6719;-0,0928;-0,0015;0,7348;;False
1230,84;32.36;pa030​;20250612_123326;1;TUG2;0,4266;1,2879;0,2155;0,6678;-0,0898;-0,0046;0,7389;;False
1230,85;32.37;pa030​;20250612_123326;1;TUG2;0,4278;1,2915;0,2155;0,6658;-0,0831;-0,0111;0,7414;;False
1230,86;32.39;pa030​;20250612_123326;1;TUG2;0,4294;1,2955;0,2156;0,6573;-0,0771;-0,0160;0,7495;;False
1230,88;32.4;pa030​;20250612_123326;1;TUG2;0,4311;1,2996;0,2159;0,6526;-0,0724;-0,0210;0,7540;;False
1230,89;32.42;pa030​;20250612_123326;1;TUG2;0,4325;1,3038;0,2162;0,6491;-0,0671;-0,0249;0,7573;;False
1230,91;32.43;pa030​;20250612_123326;1;TUG2;0,4341;1,3078;0,2164;0,6442;-0,0630;-0,0292;0,7617;;False
1230,92;32.44;pa030​;20250612_123326;1;TUG2;0,4357;1,3117;0,2166;0,6377;-0,0597;-0,0322;0,7673;;False
1230,93;32.46;pa030​;20250612_123326;1;TUG2;0,4373;1,3158;0,2170;0,6313;-0,0569;-0,0344;0,7727;;False
1230,95;32.47;pa030​;20250612_123326;1;TUG2;0,4391;1,3202;0,2174;0,6265;-0,0553;-0,0362;0,7766;;False
1230,96;32.49;pa030​;20250612_123326;1;TUG2;0,4407;1,3250;0,2172;0,6227;-0,0539;-0,0359;0,7798;;False
1230,97;32.5;pa030​;20250612_123326;1;TUG2;0,4424;1,3298;0,2168;0,6180;-0,0538;-0,0343;0,7836;;False
1230,99;32.51;pa030​;20250612_123326;1;TUG2;0,4438;1,3350;0,2170;0,6137;-0,0541;-0,0328;0,7870;;False
1231,00;32.53;pa030​;20250612_123326;1;TUG2;0,4446;1,3407;0,2179;0,6109;-0,0547;-0,0311;0,7892;;False
1231,02;32.54;pa030​;20250612_123326;1;TUG2;0,4451;1,3463;0,2180;0,6028;-0,0566;-0,0311;0,7953;;False
1231,03;32.56;pa030​;20250612_123326;1;TUG2;0,4448;1,3520;0,2176;0,5950;-0,0569;-0,0336;0,8010;;False
1231,04;32.57;pa030​;20250612_123326;1;TUG2;0,4449;1,3583;0,2175;0,5910;-0,0560;-0,0368;0,8039;;False
1231,06;32.58;pa030​;20250612_123326;1;TUG2;0,4455;1,3645;0,2171;0,5835;-0,0526;-0,0391;0,8095;;False
1231,07;32.6;pa030​;20250612_123326;1;TUG2;0,4466;1,3714;0,2168;0,5736;-0,0490;-0,0397;0,8167;;False
1231,09;32.61;pa030​;20250612_123326;1;TUG2;0,4479;1,3791;0,2170;0,5661;-0,0460;-0,0380;0,8222;;False
1231,10;32.62;pa030​;20250612_123326;1;TUG2;0,4496;1,3876;0,2171;0,5597;-0,0451;-0,0347;0,8267;;False
1231,11;32.64;pa030​;20250612_123326;1;TUG2;0,4509;1,3964;0,2167;0,5526;-0,0440;-0,0305;0,8317;;False
1231,13;32.65;pa030​;20250612_123326;1;TUG2;0,4520;1,4057;0,2160;0,5442;-0,0427;-0,0251;0,8375;;False
1231,14;32.67;pa030​;20250612_123326;1;TUG2;0,4533;1,4155;0,2156;0,5357;-0,0423;-0,0209;0,8431;;False
1231,16;32.68;pa030​;20250612_123326;1;TUG2;0,4551;1,4257;0,2150;0,5254;-0,0426;-0,0190;0,8496;;False
1231,17;32.69;pa030​;20250612_123326;1;TUG2;0,4566;1,4367;0,2140;0,5134;-0,0421;-0,0171;0,8569;;False
1231,18;32.71;pa030​;20250612_123326;1;TUG2;0,4582;1,4469;0,2123;0,4971;-0,0370;-0,0134;0,8668;;False
1231,20;32.72;pa030​;20250612_123326;1;TUG2;0,4597;1,4578;0,2105;0,4816;-0,0295;-0,0095;0,8758;;False
1231,21;32.74;pa030​;20250612_123326;1;TUG2;0,4613;1,4692;0,2085;0,4666;-0,0217;-0,0083;0,8842;;False
1231,22;32.75;pa030​;20250612_123326;1;TUG2;0,4625;1,4809;0,2063;0,4502;-0,0163;-0,0086;0,8927;;False
1231,24;32.76;pa030​;20250612_123326;1;TUG2;0,4634;1,4926;0,2038;0,4308;-0,0119;-0,0108;0,9023;;False
1231,25;32.78;pa030​;20250612_123326;1;TUG2;0,4645;1,5042;0,2008;0,4092;-0,0074;-0,0129;0,9123;;False
1231,27;32.79;pa030​;20250612_123326;1;TUG2;0,4652;1,5158;0,1979;0,3872;-0,0008;-0,0127;0,9219;;False
1231,28;32.81;pa030​;20250612_123326;1;TUG2;0,4668;1,5278;0,1951;0,3694;0,0070;-0,0147;0,9291;;False
1231,29;32.82;pa030​;20250612_123326;1;TUG2;0,4681;1,5399;0,1912;0,3501;0,0170;-0,0155;0,9364;;False
1231,31;32.83;pa030​;20250612_123326;1;TUG2;0,4696;1,5519;0,1875;0,3315;0,0236;-0,0174;0,9430;;False
1231,32;32.85;pa030​;20250612_123326;1;TUG2;0,4706;1,5636;0,1835;0,3123;0,0288;-0,0192;0,9494;;False
1231,34;32.86;pa030​;20250612_123326;1;TUG2;0,4715;1,5752;0,1791;0,2925;0,0337;-0,0185;0,9555;;False
1231,35;32.87;pa030​;20250612_123326;1;TUG2;0,4726;1,5862;0,1745;0,2736;0,0365;-0,0170;0,9610;;False
1231,36;32.89;pa030​;20250612_123326;1;TUG2;0,4739;1,5968;0,1695;0,2543;0,0391;-0,0155;0,9662;;False
1231,38;32.9;pa030​;20250612_123326;1;TUG2;0,4753;1,6068;0,1642;0,2320;0,0429;-0,0170;0,9716;;False
1231,39;32.92;pa030​;20250612_123326;1;TUG2;0,4766;1,6167;0,1588;0,2090;0,0464;-0,0201;0,9766;;False
1231,41;32.93;pa030​;20250612_123326;1;TUG2;0,4778;1,6266;0,1533;0,1879;0,0496;-0,0246;0,9806;;False
1231,42;32.94;pa030​;20250612_123326;1;TUG2;0,4784;1,6360;0,1477;0,1673;0,0532;-0,0283;0,9841;;False
1231,43;32.96;pa030​;20250612_123326;1;TUG2;0,4791;1,6448;0,1421;0,1462;0,0555;-0,0314;0,9872;;False
1231,45;32.97;pa030​;20250612_123326;1;TUG2;0,4800;1,6528;0,1364;0,1249;0,0557;-0,0344;0,9900;;False
1231,46;32.99;pa030​;20250612_123326;1;TUG2;0,4810;1,6602;0,1304;0,1033;0,0548;-0,0374;0,9924;;False
1231,47;33.0;pa030​;20250612_123326;1;TUG2;0,4823;1,6666;0,1240;0,0814;0,0531;-0,0411;0,9944;;False
1231,49;33.01;pa030​;20250612_123326;1;TUG2;0,4835;1,6721;0,1176;0,0578;0,0515;-0,0448;0,9960;;False
1231,50;33.03;pa030​;20250612_123326;1;TUG2;0,4845;1,6772;0,1115;0,0344;0,0505;-0,0485;0,9970;;False
1231,52;33.04;pa030​;20250612_123326;1;TUG2;0,4855;1,6817;0,1058;0,0135;0,0491;-0,0531;0,9973;;False
1231,53;33.05;pa030​;20250612_123326;1;TUG2;0,4865;1,6855;0,1001;-0,0041;0,0472;-0,0578;0,9972;;False
1231,54;33.07;pa030​;20250612_123326;1;TUG2;0,4873;1,6882;0,0945;-0,0205;0,0461;-0,0619;0,9968;;False
1231,56;33.08;pa030​;20250612_123326;1;TUG2;0,4880;1,6899;0,0892;-0,0385;0,0455;-0,0646;0,9961;;False
1231,57;33.1;pa030​;20250612_123326;1;TUG2;0,4888;1,6904;0,0841;-0,0589;0,0442;-0,0662;0,9951;;False
1231,59;33.11;pa030​;20250612_123326;1;TUG2;0,4894;1,6901;0,0796;-0,0804;0,0408;-0,0665;0,9937;;False
1231,60;33.13;pa030​;20250612_123326;1;TUG2;0,4899;1,6900;0,0755;-0,0962;0,0358;-0,0673;0,9924;;False
1231,61;33.14;pa030​;20250612_123326;1;TUG2;0,4904;1,6891;0,0718;-0,1127;0,0301;-0,0682;0,9908;;False
1231,63;33.15;pa030​;20250612_123326;1;TUG2;0,4909;1,6875;0,0684;-0,1277;0,0240;-0,0697;0,9891;;False
1231,64;33.17;pa030​;20250612_123326;1;TUG2;0,4913;1,6852;0,0655;-0,1415;0,0192;-0,0732;0,9870;;False
1231,66;33.18;pa030​;20250612_123326;1;TUG2;0,4916;1,6825;0,0630;-0,1528;0,0175;-0,0757;0,9852;;False
1231,67;33.2;pa030​;20250612_123326;1;TUG2;0,4915;1,6798;0,0617;-0,1581;0,0227;-0,0777;0,9841;;False
1231,68;33.21;pa030​;20250612_123326;1;TUG2;0,4912;1,6767;0,0609;-0,1635;0,0321;-0,0785;0,9829;;False
1231,70;33.22;pa030​;20250612_123326;1;TUG2;0,4912;1,6733;0,0600;-0,1671;0,0417;-0,0772;0,9820;;False
1231,71;33.23;pa030​;20250612_123326;1;TUG2;0,4921;1,6698;0,0592;-0,1697;0,0454;-0,0736;0,9817;;False
1231,72;33.25;pa030​;20250612_123326;1;TUG2;0,4929;1,6667;0,0581;-0,1664;0,0441;-0,0673;0,9828;;False
1231,74;33.26;pa030​;20250612_123326;1;TUG2;0,4937;1,6634;0,0572;-0,1624;0,0400;-0,0595;0,9841;;False
1231,75;33.28;pa030​;20250612_123326;1;TUG2;0,4938;1,6607;0,0573;-0,1582;0,0378;-0,0512;0,9854;;False
1231,77;33.29;pa030​;20250612_123326;1;TUG2;0,4936;1,6583;0,0577;-0,1505;0,0396;-0,0450;0,9868;;False
1231,78;33.31;pa030​;20250612_123326;1;TUG2;0,4934;1,6557;0,0578;-0,1404;0,0442;-0,0391;0,9883;;False
1231,79;33.32;pa030​;20250612_123326;1;TUG2;0,4934;1,6523;0,0576;-0,1342;0,0470;-0,0325;0,9893;;False
1231,81;33.33;pa030​;20250612_123326;1;TUG2;0,4934;1,6491;0,0571;-0,1287;0,0461;-0,0241;0,9903;;False
1231,82;33.35;pa030​;20250612_123326;1;TUG2;0,4927;1,6468;0,0562;-0,1197;0,0458;-0,0160;0,9916;;False
1231,84;33.36;pa030​;20250612_123326;1;TUG2;0,4924;1,6439;0,0555;-0,1123;0,0456;-0,0078;0,9926;;False
1231,85;33.37;pa030​;20250612_123326;1;TUG2;0,4924;1,6407;0,0546;-0,1080;0,0468;0,0008;0,9931;;False
1231,86;33.39;pa030​;20250612_123326;1;TUG2;0,4923;1,6376;0,0538;-0,1036;0,0476;0,0090;0,9934;;False
1231,88;33.4;pa030​;20250612_123326;1;TUG2;0,4922;1,6345;0,0529;-0,0983;0,0476;0,0170;0,9939;;False
1231,89;33.42;pa030​;20250612_123326;1;TUG2;0,4922;1,6314;0,0522;-0,0928;0,0471;0,0244;0,9943;;False
1231,91;33.43;pa030​;20250612_123326;1;TUG2;0,4923;1,6288;0,0517;-0,0871;0,0466;0,0325;0,9946;;False
1231,92;33.44;pa030​;20250612_123326;1;TUG2;0,4920;1,6267;0,0513;-0,0813;0,0463;0,0400;0,9948;;False
1231,93;33.46;pa030​;20250612_123326;1;TUG2;0,4921;1,6249;0,0511;-0,0754;0,0442;0,0465;0,9951;;False
1231,95;33.47;pa030​;20250612_123326;1;TUG2;0,4918;1,6233;0,0511;-0,0698;0,0433;0,0501;0,9954;;False
1231,96;33.49;pa030​;20250612_123326;1;TUG2;0,4915;1,6217;0,0512;-0,0658;0,0443;0,0513;0,9955;;False
1231,97;33.5;pa030​;20250612_123326;1;TUG2;0,4909;1,6204;0,0512;-0,0609;0,0439;0,0514;0,9959;;False
1231,99;33.51;pa030​;20250612_123326;1;TUG2;0,4905;1,6194;0,0513;-0,0589;0,0426;0,0500;0,9961;;False
1232,00;33.53;pa030​;20250612_123326;1;TUG2;0,4900;1,6186;0,0517;-0,0565;0,0431;0,0453;0,9964;;False
1232,02;33.54;pa030​;20250612_123326;1;TUG2;0,4895;1,6177;0,0518;-0,0538;0,0447;0,0414;0,9967;;False
1232,03;33.55;pa030​;20250612_123326;1;TUG2;0,4894;1,6167;0,0517;-0,0497;0,0451;0,0407;0,9969;;False
1232,05;33.57;pa030​;20250612_123326;1;TUG2;0,4896;1,6156;0,0515;-0,0455;0,0449;0,0432;0,9970;;False
1232,07;33.6;pa030​;20250612_123326;1;TUG2;0,4899;1,6133;0,0513;-0,0389;0,0462;0,0498;0,9969;;False
1232,09;33.61;pa030​;20250612_123326;1;TUG2;0,4898;1,6125;0,0514;-0,0364;0,0475;0,0512;0,9969;;False
1232,10;33.62;pa030​;20250612_123326;1;TUG2;0,4899;1,6113;0,0512;-0,0344;0,0493;0,0511;0,9969;;False
1232,11;33.64;pa030​;20250612_123326;1;TUG2;0,4901;1,6101;0,0506;-0,0323;0,0500;0,0511;0,9969;;False
1232,13;33.65;pa030​;20250612_123326;1;TUG2;0,4901;1,6088;0,0500;-0,0313;0,0512;0,0515;0,9969;;False
1232,14;33.67;pa030​;20250612_123326;1;TUG2;0,4904;1,6073;0,0497;-0,0300;0,0520;0,0522;0,9968;;False
1232,16;33.68;pa030​;20250612_123326;1;TUG2;0,4907;1,6060;0,0497;-0,0299;0,0521;0,0539;0,9967;;False
1232,17;33.69;pa030​;20250612_123326;1;TUG2;0,4906;1,6052;0,0497;-0,0291;0,0528;0,0552;0,9967;;False
1232,18;33.71;pa030​;20250612_123326;1;TUG2;0,4907;1,6047;0,0497;-0,0278;0,0530;0,0542;0,9967;;False
1232,20;33.72;pa030​;20250612_123326;1;TUG2;0,4907;1,6038;0,0498;-0,0279;0,0540;0,0529;0,9967;;False
1232,21;33.74;pa030​;20250612_123326;1;TUG2;0,4909;1,6031;0,0500;-0,0258;0,0537;0,0522;0,9969;;False
1232,22;33.75;pa030​;20250612_123326;1;TUG2;0,4911;1,6024;0,0499;-0,0249;0,0531;0,0528;0,9969;;False
1232,24;33.76;pa030​;20250612_123326;1;TUG2;0,4910;1,6021;0,0500;-0,0235;0,0527;0,0516;0,9970;;False
1232,25;33.78;pa030​;20250612_123326;1;TUG2;0,4907;1,6020;0,0503;-0,0223;0,0527;0,0484;0,9972;;False
1232,27;33.79;pa030​;20250612_123326;1;TUG2;0,4905;1,6013;0,0506;-0,0243;0,0528;0,0417;0,9974;;False
1232,28;33.81;pa030​;20250612_123326;1;TUG2;0,4903;1,6007;0,0512;-0,0277;0,0533;0,0348;0,9976;;False
1232,29;33.82;pa030​;20250612_123326;1;TUG2;0,4901;1,6010;0,0519;-0,0271;0,0533;0,0305;0,9977;;False
1232,31;33.83;pa030​;20250612_123326;1;TUG2;0,4901;1,6006;0,0522;-0,0273;0,0518;0,0283;0,9979;;False
1232,32;33.85;pa030​;20250612_123326;1;TUG2;0,4897;1,5999;0,0524;-0,0280;0,0509;0,0265;0,9980;;False
1232,34;33.86;pa030​;20250612_123326;1;TUG2;0,4894;1,5996;0,0527;-0,0267;0,0489;0,0249;0,9981;;False
1232,35;33.88;pa030​;20250612_123326;1;TUG2;0,4890;1,5984;0,0533;-0,0293;0,0486;0,0235;0,9981;;False
1232,36;33.89;pa030​;20250612_123326;1;TUG2;0,4888;1,5983;0,0538;-0,0280;0,0480;0,0200;0,9983;;False
1232,38;33.9;pa030​;20250612_123326;1;TUG2;0,4888;1,5972;0,0542;-0,0305;0,0466;0,0194;0,9983;;False
1232,39;33.92;pa030​;20250612_123326;1;TUG2;0,4891;1,5968;0,0542;-0,0304;0,0440;0,0188;0,9984;;False
1232,41;33.93;pa030​;20250612_123326;1;TUG2;0,4888;1,5960;0,0539;-0,0299;0,0434;0,0160;0,9985;;False
1232,42;33.94;pa030​;20250612_123326;1;TUG2;0,4888;1,5954;0,0542;-0,0304;0,0401;0,0130;0,9986;;False
1232,43;33.96;pa030​;20250612_123326;1;TUG2;0,4877;1,5944;0,0540;-0,0298;0,0406;0,0081;0,9987;;False
1232,45;33.97;pa030​;20250612_123326;1;TUG2;0,4874;1,5932;0,0540;-0,0305;0,0383;0,0059;0,9988;;False
1232,46;33.99;pa030​;20250612_123326;1;TUG2;0,4872;1,5927;0,0539;-0,0287;0,0348;0,0050;0,9990;;False
1232,47;34.0;pa030​;20250612_123326;1;TUG2;0,4870;1,5922;0,0533;-0,0279;0,0330;0,0045;0,9991;;False
1232,49;34.02;pa030​;20250612_123326;1;TUG2;0,4870;1,5918;0,0525;-0,0272;0,0315;0,0037;0,9991;;False
1232,50;34.03;pa030​;20250612_123326;1;TUG2;0,4865;1,5903;0,0524;-0,0264;0,0308;0,0023;0,9992;;False
1232,52;34.04;pa030​;20250612_123326;1;TUG2;0,4865;1,5898;0,0519;-0,0263;0,0297;0,0000;0,9992;;False
1232,53;34.05;pa030​;20250612_123326;1;TUG2;0,4865;1,5897;0,0514;-0,0245;0,0295;-0,0002;0,9993;;False
1232,54;34.07;pa030​;20250612_123326;1;TUG2;0,4868;1,5894;0,0505;-0,0230;0,0292;0,0011;0,9993;;False
1232,56;34.08;pa030​;20250612_123326;1;TUG2;0,4870;1,5894;0,0497;-0,0194;0,0283;0,0034;0,9994;;False
1232,57;34.1;pa030​;20250612_123326;1;TUG2;0,4868;1,5894;0,0489;-0,0162;0,0271;0,0063;0,9995;;False
1232,59;34.11;pa030​;20250612_123326;1;TUG2;0,4864;1,5898;0,0482;-0,0119;0,0252;0,0066;0,9996;;False
1232,60;34.13;pa030​;20250612_123326;1;TUG2;0,4863;1,5897;0,0478;-0,0133;0,0218;0,0044;0,9997;;False
1232,61;34.14;pa030​;20250612_123326;1;TUG2;0,4859;1,5900;0,0472;-0,0125;0,0195;0,0019;0,9997;;False
1232,63;34.15;pa030​;20250612_123326;1;TUG2;0,4860;1,5900;0,0467;-0,0143;0,0184;-0,0008;0,9997;;False
1232,64;34.17;pa030​;20250612_123326;1;TUG2;0,4864;1,5902;0,0460;-0,0153;0,0182;-0,0007;0,9997;;False
1232,65;34.18;pa030​;20250612_123326;1;TUG2;0,4866;1,5902;0,0454;-0,0151;0,0174;-0,0004;0,9997;;False
1232,67;34.19;pa030​;20250612_123326;1;TUG2;0,4869;1,5901;0,0451;-0,0140;0,0168;0,0004;0,9998;;False
1232,68;34.21;pa030​;20250612_123326;1;TUG2;0,4868;1,5902;0,0445;-0,0128;0,0156;0,0016;0,9998;;False
1232,70;34.22;pa030​;20250612_123326;1;TUG2;0,4869;1,5903;0,0441;-0,0111;0,0127;0,0023;0,9999;;False
1232,71;34.23;pa030​;20250612_123326;1;TUG2;0,4870;1,5903;0,0435;-0,0094;0,0096;0,0028;0,9999;;False
1232,72;34.25;pa030​;20250612_123326;1;TUG2;0,4870;1,5902;0,0429;-0,0056;0,0065;0,0032;1,0000;;False
1232,74;34.26;pa030​;20250612_123326;1;TUG2;0,4867;1,5895;0,0430;-0,0059;0,0051;0,0060;1,0000;;False
1232,75;34.28;pa030​;20250612_123326;1;TUG2;0,4867;1,5889;0,0434;-0,0079;0,0030;0,0120;0,9999;;False
1232,77;34.29;pa030​;20250612_123326;1;TUG2;0,4871;1,5890;0,0428;-0,0013;-0,0030;0,0189;0,9998;;False
1232,78;34.31;pa030​;20250612_123326;1;TUG2;0,4877;1,5902;0,0421;0,0211;-0,0160;0,0260;0,9993;;False
1232,79;34.32;pa030​;20250612_123326;1;TUG2;0,4875;1,5868;0,0402;0,0152;-0,0228;0,0322;0,9991;;False
1232,81;34.34;pa030​;20250612_123326;1;TUG2;0,4864;1,5864;0,0405;0,0173;-0,0201;0,0282;0,9993;;False
1232,82;34.35;pa030​;20250612_123326;1;TUG2;0,4865;1,5867;0,0407;0,0160;-0,0249;0,0229;0,9993;;False
1232,83;34.36;pa030​;20250612_123326;1;TUG2;0,4861;1,5875;0,0402;0,0121;-0,0287;0,0178;0,9994;;False
1232,85;34.38;pa030​;20250612_123326;1;TUG2;0,4859;1,5883;0,0403;0,0092;-0,0317;0,0164;0,9993;;False
1232,86;34.39;pa030​;20250612_123326;1;TUG2;0,4863;1,5888;0,0402;0,0059;-0,0338;0,0172;0,9993;;False
1232,88;34.4;pa030​;20250612_123326;1;TUG2;0,4869;1,5890;0,0396;0,0025;-0,0349;0,0180;0,9992;;False
1232,89;34.42;pa030​;20250612_123326;1;TUG2;0,4875;1,5895;0,0389;0,0009;-0,0355;0,0181;0,9992;;False
1232,91;34.43;pa030​;20250612_123326;1;TUG2;0,4876;1,5900;0,0380;-0,0056;-0,0371;0,0228;0,9990;;False
1232,92;34.45;pa030​;20250612_123326;1;TUG2;0,4884;1,5907;0,0379;-0,0077;-0,0399;0,0247;0,9989;;False
1232,93;34.46;pa030​;20250612_123326;1;TUG2;0,4888;1,5916;0,0372;-0,0082;-0,0400;0,0238;0,9989;;False
1232,95;34.47;pa030​;20250612_123326;1;TUG2;0,4894;1,5918;0,0361;-0,0112;-0,0399;0,0227;0,9989;;False
1232,96;34.49;pa030​;20250612_123326;1;TUG2;0,4899;1,5927;0,0351;-0,0128;-0,0413;0,0259;0,9987;;False
1232,97;34.5;pa030​;20250612_123326;1;TUG2;0,4904;1,5930;0,0339;-0,0141;-0,0412;0,0256;0,9987;;False
1232,99;34.51;pa030​;20250612_123326;1;TUG2;0,4907;1,5934;0,0330;-0,0147;-0,0420;0,0256;0,9987;;False
1233,00;34.53;pa030​;20250612_123326;1;TUG2;0,4911;1,5939;0,0323;-0,0166;-0,0448;0,0275;0,9985;;False
1233,02;34.54;pa030​;20250612_123326;1;TUG2;0,4913;1,5947;0,0317;-0,0196;-0,0473;0,0283;0,9983;;False
1233,03;34.55;pa030​;20250612_123326;1;TUG2;0,4918;1,5957;0,0309;-0,0240;-0,0492;0,0273;0,9981;;False
1233,04;34.57;pa030​;20250612_123326;1;TUG2;0,4922;1,5969;0,0302;-0,0280;-0,0504;0,0246;0,9980;;False
1233,06;34.58;pa030​;20250612_123326;1;TUG2;0,4922;1,5979;0,0295;-0,0324;-0,0515;0,0236;0,9979;;False
1233,07;34.6;pa030​;20250612_123326;1;TUG2;0,4921;1,5988;0,0289;-0,0373;-0,0540;0,0237;0,9976;;False
1233,09;34.61;pa030​;20250612_123326;1;TUG2;0,4918;1,5997;0,0283;-0,0425;-0,0566;0,0237;0,9972;;False
1233,10;34.62;pa030​;20250612_123326;1;TUG2;0,4915;1,6003;0,0277;-0,0479;-0,0587;0,0217;0,9969;;False
1233,11;34.64;pa030​;20250612_123326;1;TUG2;0,4913;1,6006;0,0265;-0,0496;-0,0588;0,0147;0,9969;;False
1233,13;34.65;pa030​;20250612_123326;1;TUG2;0,4914;1,6009;0,0253;-0,0506;-0,0591;0,0127;0,9969;;False
1233,14;34.67;pa030​;20250612_123326;1;TUG2;0,4916;1,6007;0,0248;-0,0488;-0,0582;0,0109;0,9971;;False
1233,16;34.68;pa030​;20250612_123326;1;TUG2;0,4917;1,6005;0,0244;-0,0477;-0,0582;0,0093;0,9971;;False
1233,17;34.7;pa030​;20250612_123326;1;TUG2;0,4918;1,6007;0,0242;-0,0478;-0,0587;0,0087;0,9971;;False
1233,18;34.71;pa030​;20250612_123326;1;TUG2;0,4918;1,6009;0,0242;-0,0490;-0,0588;0,0058;0,9971;;False
1233,20;34.72;pa030​;20250612_123326;1;TUG2;0,4920;1,6010;0,0239;-0,0501;-0,0583;-0,0008;0,9970;;False
1233,21;34.74;pa030​;20250612_123326;1;TUG2;0,4919;1,6012;0,0240;-0,0516;-0,0580;-0,0058;0,9970;;False
1233,23;34.75;pa030​;20250612_123326;1;TUG2;0,4917;1,6012;0,0241;-0,0527;-0,0580;-0,0083;0,9969;;False
1233,24;34.76;pa030​;20250612_123326;1;TUG2;0,4915;1,6011;0,0242;-0,0522;-0,0579;-0,0089;0,9969;;False
1233,25;34.78;pa030​;20250612_123326;1;TUG2;0,4913;1,6007;0,0243;-0,0501;-0,0586;-0,0070;0,9970;;False
1233,27;34.79;pa030​;20250612_123326;1;TUG2;0,4913;1,5999;0,0243;-0,0471;-0,0586;-0,0046;0,9972;;False
1233,28;34.81;pa030​;20250612_123326;1;TUG2;0,4914;1,5997;0,0244;-0,0448;-0,0568;-0,0035;0,9974;;False
1233,29;34.82;pa030​;20250612_123326;1;TUG2;0,4914;1,5997;0,0246;-0,0436;-0,0544;-0,0033;0,9976;;False
1233,31;34.83;pa030​;20250612_123326;1;TUG2;0,4912;1,5997;0,0247;-0,0438;-0,0522;-0,0018;0,9977;;False
1233,32;34.85;pa030​;20250612_123326;1;TUG2;0,4913;1,5994;0,0249;-0,0445;-0,0516;0,0012;0,9977;;False
1233,34;34.86;pa030​;20250612_123326;1;TUG2;0,4912;1,5991;0,0250;-0,0432;-0,0509;0,0035;0,9978;;False
1233,35;34.87;pa030​;20250612_123326;1;TUG2;0,4914;1,5987;0,0250;-0,0395;-0,0512;0,0047;0,9979;;False
1233,36;34.89;pa030​;20250612_123326;1;TUG2;0,4915;1,5986;0,0251;-0,0398;-0,0502;0,0027;0,9979;;False
1233,38;34.9;pa030​;20250612_123326;1;TUG2;0,4917;1,5984;0,0254;-0,0405;-0,0501;0,0013;0,9979;;False
1233,39;34.92;pa030​;20250612_123326;1;TUG2;0,4916;1,5985;0,0255;-0,0412;-0,0505;-0,0011;0,9979;;False
1233,41;34.93;pa030​;20250612_123326;1;TUG2;0,4915;1,5987;0,0256;-0,0421;-0,0509;-0,0030;0,9978;;False
1233,42;34.94;pa030​;20250612_123326;1;TUG2;0,4916;1,5989;0,0257;-0,0424;-0,0512;-0,0038;0,9978;;False
1233,43;34.96;pa030​;20250612_123326;1;TUG2;0,4918;1,5990;0,0258;-0,0425;-0,0517;-0,0051;0,9977;;False
1233,45;34.97;pa030​;20250612_123326;1;TUG2;0,4920;1,5992;0,0259;-0,0433;-0,0521;-0,0063;0,9977;;False
1233,46;34.99;pa030​;20250612_123326;1;TUG2;0,4922;1,5995;0,0260;-0,0442;-0,0524;-0,0053;0,9976;;False
1233,48;35.0;pa030​;20250612_123326;1;TUG2;0,4922;1,5998;0,0261;-0,0464;-0,0526;-0,0048;0,9975;;False
1233,49;35.01;pa030​;20250612_123326;1;TUG2;0,4922;1,6001;0,0262;-0,0481;-0,0526;-0,0046;0,9974;;False
1233,50;35.03;pa030​;20250612_123326;1;TUG2;0,4922;1,6004;0,0262;-0,0496;-0,0529;-0,0034;0,9974;;False
1233,52;35.04;pa030​;20250612_123326;1;TUG2;0,4922;1,6006;0,0263;-0,0506;-0,0530;-0,0024;0,9973;;False
1233,53;35.05;pa030​;20250612_123326;1;TUG2;0,4923;1,6006;0,0262;-0,0507;-0,0519;-0,0023;0,9974;;False
1233,54;35.07;pa030​;20250612_123326;1;TUG2;0,4925;1,6006;0,0261;-0,0507;-0,0507;-0,0024;0,9974;;False
1233,56;35.08;pa030​;20250612_123326;1;TUG2;0,4927;1,6007;0,0260;-0,0503;-0,0494;-0,0029;0,9975;;False
1233,57;35.1;pa030​;20250612_123326;1;TUG2;0,4928;1,6006;0,0259;-0,0495;-0,0478;-0,0035;0,9976;;False
1233,59;35.11;pa030​;20250612_123326;1;TUG2;0,4931;1,6006;0,0258;-0,0490;-0,0463;-0,0041;0,9977;;False
1233,60;35.13;pa030​;20250612_123326;1;TUG2;0,4935;1,6006;0,0257;-0,0490;-0,0444;-0,0055;0,9978;;False
1233,61;35.14;pa030​;20250612_123326;1;TUG2;0,4938;1,6006;0,0256;-0,0485;-0,0430;-0,0067;0,9979;;False
1233,63;35.15;pa030​;20250612_123326;1;TUG2;0,4941;1,6006;0,0254;-0,0480;-0,0423;-0,0064;0,9979;;False
1233,64;35.17;pa030​;20250612_123326;1;TUG2;0,4944;1,6007;0,0253;-0,0495;-0,0429;-0,0057;0,9978;;False
1233,66;35.18;pa030​;20250612_123326;1;TUG2;0,4946;1,6008;0,0252;-0,0514;-0,0425;-0,0065;0,9978;;False
1233,67;35.19;pa030​;20250612_123326;1;TUG2;0,4948;1,6009;0,0251;-0,0526;-0,0425;-0,0073;0,9977;;False
1233,68;35.21;pa030​;20250612_123326;1;TUG2;0,4949;1,6009;0,0250;-0,0534;-0,0429;-0,0076;0,9976;;False
1233,70;35.22;pa030​;20250612_123326;1;TUG2;0,4951;1,6009;0,0249;-0,0536;-0,0430;-0,0079;0,9976;;False
1233,71;35.24;pa030​;20250612_123326;1;TUG2;0,4952;1,6009;0,0248;-0,0535;-0,0431;-0,0075;0,9976;;False
1233,73;35.25;pa030​;20250612_123326;1;TUG2;0,4953;1,6008;0,0248;-0,0539;-0,0432;-0,0081;0,9976;;False
1233,74;35.26;pa030​;20250612_123326;1;TUG2;0,4954;1,6007;0,0247;-0,0539;-0,0431;-0,0086;0,9976;;False
1233,75;35.28;pa030​;20250612_123326;1;TUG2;0,4955;1,6007;0,0247;-0,0536;-0,0429;-0,0090;0,9976;;False
1233,77;35.29;pa030​;20250612_123326;1;TUG2;0,4956;1,6007;0,0247;-0,0534;-0,0427;-0,0090;0,9976;;False
1233,78;35.31;pa030​;20250612_123326;1;TUG2;0,4958;1,6006;0,0247;-0,0532;-0,0425;-0,0092;0,9976;;False
1233,79;35.32;pa030​;20250612_123326;1;TUG2;0,4960;1,6005;0,0246;-0,0530;-0,0424;-0,0095;0,9977;;False
1233,81;35.33;pa030​;20250612_123326;1;TUG2;0,4963;1,6004;0,0245;-0,0531;-0,0420;-0,0091;0,9977;;False
1233,82;35.35;pa030​;20250612_123326;1;TUG2;0,4965;1,6003;0,0245;-0,0533;-0,0414;-0,0093;0,9977;;False
1233,84;35.36;pa030​;20250612_123326;1;TUG2;0,4967;1,6003;0,0245;-0,0543;-0,0408;-0,0097;0,9976;;False
1233,85;35.37;pa030​;20250612_123326;1;TUG2;0,4969;1,6003;0,0245;-0,0552;-0,0402;-0,0099;0,9976;;False
1233,86;35.39;pa030​;20250612_123326;1;TUG2;0,4971;1,6003;0,0246;-0,0554;-0,0396;-0,0102;0,9976;;False
1233,88;35.4;pa030​;20250612_123326;1;TUG2;0,4973;1,6003;0,0246;-0,0549;-0,0393;-0,0107;0,9977;;False
1233,89;35.41;pa030​;20250612_123326;1;TUG2;0,4974;1,6002;0,0246;-0,0543;-0,0395;-0,0111;0,9977;;False
1233,90;35.43;pa030​;20250612_123326;1;TUG2;0,4975;1,6001;0,0246;-0,0541;-0,0397;-0,0114;0,9977;;False
1233,92;35.44;pa030​;20250612_123326;1;TUG2;0,4975;1,6000;0,0246;-0,0541;-0,0400;-0,0114;0,9977;;False
1233,93;35.46;pa030​;20250612_123326;1;TUG2;0,4976;1,6000;0,0246;-0,0539;-0,0403;-0,0116;0,9977;;False
1233,95;35.47;pa030​;20250612_123326;1;TUG2;0,4976;1,5999;0,0247;-0,0542;-0,0405;-0,0115;0,9976;;False
1233,96;35.48;pa030​;20250612_123326;1;TUG2;0,4976;1,5999;0,0248;-0,0543;-0,0404;-0,0121;0,9976;;False
1233,97;35.5;pa030​;20250612_123326;1;TUG2;0,4977;1,5998;0,0249;-0,0541;-0,0405;-0,0123;0,9976;;False
1233,99;35.51;pa030​;20250612_123326;1;TUG2;0,4977;1,5997;0,0250;-0,0537;-0,0404;-0,0126;0,9977;;False
1234,00;35.53;pa030​;20250612_123326;1;TUG2;0,4977;1,5996;0,0250;-0,0529;-0,0403;-0,0130;0,9977;;False
1234,02;35.54;pa030​;20250612_123326;1;TUG2;0,4978;1,5995;0,0251;-0,0522;-0,0403;-0,0129;0,9977;;False
1234,03;35.56;pa030​;20250612_123326;1;TUG2;0,4978;1,5993;0,0251;-0,0514;-0,0404;-0,0128;0,9978;;False
1234,04;35.57;pa030​;20250612_123326;1;TUG2;0,4978;1,5992;0,0251;-0,0507;-0,0405;-0,0126;0,9978;;False
1234,06;35.58;pa030​;20250612_123326;1;TUG2;0,4978;1,5990;0,0252;-0,0504;-0,0407;-0,0118;0,9978;;False
1234,07;35.6;pa030​;20250612_123326;1;TUG2;0,4977;1,5988;0,0254;-0,0494;-0,0411;-0,0115;0,9979;;False
1234,09;35.61;pa030​;20250612_123326;1;TUG2;0,4975;1,5984;0,0258;-0,0478;-0,0414;-0,0111;0,9979;;False
1234,10;35.62;pa030​;20250612_123326;1;TUG2;0,4973;1,5980;0,0261;-0,0461;-0,0417;-0,0105;0,9980;;False
1234,11;35.64;pa030​;20250612_123326;1;TUG2;0,4971;1,5976;0,0265;-0,0440;-0,0424;-0,0097;0,9981;;False
1234,13;35.65;pa030​;20250612_123326;1;TUG2;0,4969;1,5971;0,0270;-0,0413;-0,0432;-0,0091;0,9982;;False
1234,14;35.67;pa030​;20250612_123326;1;TUG2;0,4966;1,5964;0,0275;-0,0382;-0,0436;-0,0086;0,9983;;False
1234,16;35.68;pa030​;20250612_123326;1;TUG2;0,4965;1,5956;0,0280;-0,0349;-0,0440;-0,0079;0,9984;;False
1234,17;35.69;pa030​;20250612_123326;1;TUG2;0,4962;1,5949;0,0287;-0,0311;-0,0447;-0,0073;0,9985;;False
1234,18;35.71;pa030​;20250612_123326;1;TUG2;0,4958;1,5941;0,0295;-0,0281;-0,0449;-0,0069;0,9986;;False
1234,20;35.72;pa030​;20250612_123326;1;TUG2;0,4955;1,5934;0,0305;-0,0244;-0,0456;-0,0063;0,9986;;False
1234,21;35.74;pa030​;20250612_123326;1;TUG2;0,4950;1,5926;0,0313;-0,0206;-0,0461;-0,0055;0,9987;;False
1234,23;35.75;pa030​;20250612_123326;1;TUG2;0,4944;1,5917;0,0323;-0,0165;-0,0469;-0,0060;0,9987;;False
1234,24;35.76;pa030​;20250612_123326;1;TUG2;0,4939;1,5908;0,0335;-0,0123;-0,0476;-0,0058;0,9988;;False
1234,25;35.78;pa030​;20250612_123326;1;TUG2;0,4935;1,5898;0,0346;-0,0074;-0,0483;-0,0048;0,9988;;False
1234,27;35.79;pa030​;20250612_123326;1;TUG2;0,4931;1,5889;0,0359;-0,0028;-0,0488;-0,0033;0,9988;;False
1234,28;35.81;pa030​;20250612_123326;1;TUG2;0,4927;1,5880;0,0374;0,0017;-0,0491;-0,0014;0,9988;;False
1234,29;35.82;pa030​;20250612_123326;1;TUG2;0,4923;1,5870;0,0390;0,0072;-0,0494;0,0001;0,9988;;False
1234,31;35.83;pa030​;20250612_123326;1;TUG2;0,4918;1,5857;0,0404;0,0130;-0,0498;0,0008;0,9987;;False
1234,32;35.85;pa030​;20250612_123326;1;TUG2;0,4914;1,5844;0,0417;0,0194;-0,0495;0,0018;0,9986;;False
1234,34;35.86;pa030​;20250612_123326;1;TUG2;0,4909;1,5831;0,0432;0,0254;-0,0491;0,0029;0,9985;;False
1234,35;35.87;pa030​;20250612_123326;1;TUG2;0,4905;1,5817;0,0447;0,0313;-0,0487;0,0039;0,9983;;False
1234,36;35.89;pa030​;20250612_123326;1;TUG2;0,4900;1,5804;0,0462;0,0366;-0,0487;0,0050;0,9981;;False
1234,38;35.9;pa030​;20250612_123326;1;TUG2;0,4894;1,5791;0,0476;0,0424;-0,0483;0,0064;0,9979;;False
1234,39;35.92;pa030​;20250612_123326;1;TUG2;0,4891;1,5775;0,0491;0,0476;-0,0489;0,0083;0,9976;;False
1234,40;35.93;pa030​;20250612_123326;1;TUG2;0,4886;1,5760;0,0504;0,0531;-0,0492;0,0099;0,9973;;False
1234,42;35.95;pa030​;20250612_123326;1;TUG2;0,4882;1,5747;0,0519;0,0591;-0,0499;0,0104;0,9969;;False
1234,43;35.96;pa030​;20250612_123326;1;TUG2;0,4876;1,5733;0,0533;0,0645;-0,0503;0,0108;0,9966;;False
1234,45;35.97;pa030​;20250612_123326;1;TUG2;0,4870;1,5721;0,0547;0,0699;-0,0508;0,0121;0,9962;;False
1234,46;35.99;pa030​;20250612_123326;1;TUG2;0,4865;1,5707;0,0561;0,0749;-0,0517;0,0128;0,9958;;False
1234,47;36.0;pa030​;20250612_123326;1;TUG2;0,4859;1,5695;0,0574;0,0804;-0,0521;0,0139;0,9953;;False
1234,49;36.01;pa030​;20250612_123326;1;TUG2;0,4854;1,5682;0,0587;0,0858;-0,0529;0,0153;0,9948;;False
1234,50;36.03;pa030​;20250612_123326;1;TUG2;0,4849;1,5669;0,0601;0,0909;-0,0536;0,0162;0,9943;;False
1234,52;36.04;pa030​;20250612_123326;1;TUG2;0,4843;1,5656;0,0613;0,0954;-0,0539;0,0174;0,9938;;False
1234,53;36.05;pa030​;20250612_123326;1;TUG2;0,4838;1,5645;0,0627;0,1004;-0,0548;0,0186;0,9933;;False
1234,54;36.07;pa030​;20250612_123326;1;TUG2;0,4832;1,5632;0,0639;0,1054;-0,0556;0,0197;0,9927;;False
1234,56;36.08;pa030​;20250612_123326;1;TUG2;0,4826;1,5620;0,0652;0,1107;-0,0561;0,0211;0,9920;;False
1234,57;36.1;pa030​;20250612_123326;1;TUG2;0,4820;1,5607;0,0664;0,1151;-0,0567;0,0219;0,9915;;False
1234,59;36.11;pa030​;20250612_123326;1;TUG2;0,4813;1,5594;0,0677;0,1192;-0,0572;0,0230;0,9909;;False
1234,60;36.13;pa030​;20250612_123326;1;TUG2;0,4807;1,5581;0,0689;0,1241;-0,0580;0,0245;0,9903;;False
1234,61;36.14;pa030​;20250612_123326;1;TUG2;0,4801;1,5568;0,0700;0,1294;-0,0584;0,0263;0,9895;;False
1234,63;36.15;pa030​;20250612_123326;1;TUG2;0,4796;1,5553;0,0712;0,1349;-0,0592;0,0276;0,9887;;False
1234,64;36.17;pa030​;20250612_123326;1;TUG2;0,4790;1,5538;0,0720;0,1404;-0,0594;0,0291;0,9879;;False
1234,66;36.18;pa030​;20250612_123326;1;TUG2;0,4783;1,5522;0,0729;0,1467;-0,0598;0,0311;0,9869;;False
1234,67;36.19;pa030​;20250612_123326;1;TUG2;0,4776;1,5504;0,0741;0,1530;-0,0603;0,0329;0,9858;;False
1234,68;36.21;pa030​;20250612_123326;1;TUG2;0,4768;1,5486;0,0752;0,1600;-0,0610;0,0346;0,9846;;False
1234,70;36.22;pa030​;20250612_123326;1;TUG2;0,4761;1,5465;0,0764;0,1671;-0,0620;0,0360;0,9833;;False
1234,71;36.24;pa030​;20250612_123326;1;TUG2;0,4753;1,5443;0,0776;0,1748;-0,0628;0,0372;0,9819;;False
1234,73;36.25;pa030​;20250612_123326;1;TUG2;0,4744;1,5419;0,0790;0,1822;-0,0639;0,0384;0,9804;;False
1234,74;36.26;pa030​;20250612_123326;1;TUG2;0,4735;1,5394;0,0802;0,1908;-0,0647;0,0395;0,9787;;False
1234,75;36.28;pa030​;20250612_123326;1;TUG2;0,4727;1,5369;0,0815;0,2000;-0,0660;0,0416;0,9767;;False
1234,77;36.29;pa030​;20250612_123326;1;TUG2;0,4718;1,5344;0,0827;0,2085;-0,0676;0,0445;0,9747;;False
1234,78;36.31;pa030​;20250612_123326;1;TUG2;0,4708;1,5319;0,0841;0,2162;-0,0697;0,0465;0,9727;;False
1234,79;36.32;pa030​;20250612_123326;1;TUG2;0,4697;1,5295;0,0853;0,2233;-0,0720;0,0482;0,9709;;False
1234,81;36.33;pa030​;20250612_123326;1;TUG2;0,4685;1,5272;0,0867;0,2310;-0,0745;0,0491;0,9689;;False
1234,82;36.35;pa030​;20250612_123326;1;TUG2;0,4672;1,5248;0,0882;0,2383;-0,0773;0,0504;0,9668;;False
1234,84;36.36;pa030​;20250612_123326;1;TUG2;0,4659;1,5222;0,0897;0,2457;-0,0805;0,0514;0,9646;;False
1234,85;36.37;pa030​;20250612_123326;1;TUG2;0,4646;1,5196;0,0912;0,2533;-0,0835;0,0529;0,9623;;False
1234,86;36.39;pa030​;20250612_123326;1;TUG2;0,4632;1,5171;0,0927;0,2617;-0,0869;0,0550;0,9597;;False
1234,88;36.4;pa030​;20250612_123326;1;TUG2;0,4623;1,5146;0,0940;0,2696;-0,0910;0,0571;0,9570;;False
1234,89;36.42;pa030​;20250612_123326;1;TUG2;0,4611;1,5122;0,0953;0,2778;-0,0950;0,0595;0,9541;;False
1234,90;36.43;pa030​;20250612_123326;1;TUG2;0,4598;1,5096;0,0966;0,2857;-0,0991;0,0620;0,9512;;False
1234,92;36.44;pa030​;20250612_123326;1;TUG2;0,4584;1,5069;0,0979;0,2927;-0,1029;0,0636;0,9485;;False
1234,93;36.46;pa030​;20250612_123326;1;TUG2;0,4570;1,5046;0,0993;0,2999;-0,1070;0,0654;0,9457;;False
1234,95;36.47;pa030​;20250612_123326;1;TUG2;0,4556;1,5023;0,1003;0,3062;-0,1111;0,0668;0,9431;;False
1234,96;36.49;pa030​;20250612_123326;1;TUG2;0,4542;1,5001;0,1014;0,3129;-0,1159;0,0684;0,9402;;False
1234,97;36.5;pa030​;20250612_123326;1;TUG2;0,4529;1,4980;0,1024;0,3195;-0,1207;0,0696;0,9373;;False
1234,99;36.51;pa030​;20250612_123326;1;TUG2;0,4516;1,4961;0,1034;0,3254;-0,1257;0,0711;0,9345;;False
1235,00;36.53;pa030​;20250612_123326;1;TUG2;0,4503;1,4944;0,1042;0,3298;-0,1300;0,0720;0,9323;;False
1235,02;36.54;pa030​;20250612_123326;1;TUG2;0,4490;1,4929;0,1050;0,3334;-0,1344;0,0726;0,9303;;False
1235,03;36.55;pa030​;20250612_123326;1;TUG2;0,4475;1,4915;0,1059;0,3366;-0,1383;0,0732;0,9286;;False
1235,04;36.57;pa030​;20250612_123326;1;TUG2;0,4460;1,4903;0,1067;0,3399;-0,1426;0,0735;0,9267;;False
1235,06;36.58;pa030​;20250612_123326;1;TUG2;0,4446;1,4890;0,1075;0,3430;-0,1472;0,0742;0,9247;;False
1235,07;36.6;pa030​;20250612_123326;1;TUG2;0,4431;1,4878;0,1081;0,3459;-0,1514;0,0748;0,9229;;False
1235,09;36.61;pa030​;20250612_123326;1;TUG2;0,4418;1,4867;0,1087;0,3484;-0,1557;0,0755;0,9212;;False
1235,10;36.62;pa030​;20250612_123326;1;TUG2;0,4403;1,4857;0,1092;0,3507;-0,1601;0,0769;0,9195;;False
1235,11;36.64;pa030​;20250612_123326;1;TUG2;0,4392;1,4849;0,1097;0,3529;-0,1645;0,0786;0,9177;;False
1235,13;36.65;pa030​;20250612_123326;1;TUG2;0,4383;1,4842;0,1102;0,3546;-0,1696;0,0800;0,9160;;False
1235,14;36.67;pa030​;20250612_123326;1;TUG2;0,4375;1,4830;0,1102;0,3537;-0,1743;0,0809;0,9154;;False
1235,16;36.68;pa030​;20250612_123326;1;TUG2;0,4359;1,4829;0,1112;0,3580;-0,1785;0,0821;0,9128;;False
1235,17;36.69;pa030​;20250612_123326;1;TUG2;0,4345;1,4822;0,1115;0,3593;-0,1833;0,0831;0,9113;;False
1235,18;36.71;pa030​;20250612_123326;1;TUG2;0,4332;1,4814;0,1117;0,3601;-0,1882;0,0842;0,9098;;False
1235,20;36.72;pa030​;20250612_123326;1;TUG2;0,4317;1,4809;0,1118;0,3615;-0,1934;0,0856;0,9081;;False
1235,21;36.73;pa030​;20250612_123326;1;TUG2;0,4303;1,4804;0,1119;0,3628;-0,1989;0,0869;0,9062;;False
1235,22;36.75;pa030​;20250612_123326;1;TUG2;0,4291;1,4799;0,1118;0,3629;-0,2048;0,0882;0,9047;;False
1235,24;36.76;pa030​;20250612_123326;1;TUG2;0,4283;1,4797;0,1117;0,3629;-0,2111;0,0891;0,9032;;False
1235,25;36.78;pa030​;20250612_123326;1;TUG2;0,4271;1,4798;0,1115;0,3621;-0,2172;0,0900;0,9020;;False
1235,27;36.79;pa030​;20250612_123326;1;TUG2;0,4256;1,4801;0,1112;0,3601;-0,2236;0,0902;0,9012;;False
1235,28;36.8;pa030​;20250612_123326;1;TUG2;0,4242;1,4807;0,1109;0,3569;-0,2309;0,0903;0,9007;;False
1235,30;36.82;pa030​;20250612_123326;1;TUG2;0,4228;1,4818;0,1102;0,3522;-0,2387;0,0901;0,9005;;False
1235,31;36.83;pa030​;20250612_123326;1;TUG2;0,4214;1,4831;0,1095;0,3475;-0,2470;0,0903;0,9000;;False
1235,32;36.85;pa030​;20250612_123326;1;TUG2;0,4200;1,4848;0,1085;0,3414;-0,2566;0,0899;0,8997;;False
1235,34;36.86;pa030​;20250612_123326;1;TUG2;0,4186;1,4869;0,1075;0,3356;-0,2672;0,0896;0,8989;;False
1235,35;36.87;pa030​;20250612_123326;1;TUG2;0,4174;1,4890;0,1060;0,3283;-0,2781;0,0892;0,8983;;False
1235,36;36.89;pa030​;20250612_123326;1;TUG2;0,4164;1,4912;0,1042;0,3212;-0,2886;0,0881;0,8976;;False
1235,38;36.9;pa030​;20250612_123326;1;TUG2;0,4156;1,4933;0,1022;0,3135;-0,2996;0,0862;0,8970;;False
1235,39;36.92;pa030​;20250612_123326;1;TUG2;0,4146;1,4958;0,1005;0,3064;-0,3101;0,0845;0,8960;;False
1235,41;36.93;pa030​;20250612_123326;1;TUG2;0,4139;1,4981;0,0986;0,2988;-0,3206;0,0825;0,8951;;False
1235,42;36.94;pa030​;20250612_123326;1;TUG2;0,4133;1,5006;0,0967;0,2916;-0,3309;0,0813;0,8938;;False
1235,43;36.96;pa030​;20250612_123326;1;TUG2;0,4129;1,5032;0,0948;0,2848;-0,3416;0,0801;0,8921;;False
1235,45;36.97;pa030​;20250612_123326;1;TUG2;0,4126;1,5056;0,0927;0,2777;-0,3520;0,0785;0,8904;;False
1235,46;36.98;pa030​;20250612_123326;1;TUG2;0,4120;1,5079;0,0905;0,2707;-0,3623;0,0772;0,8886;;False
1235,47;37.0;pa030​;20250612_123326;1;TUG2;0,4116;1,5101;0,0883;0,2639;-0,3733;0,0757;0,8862;;False
1235,49;37.01;pa030​;20250612_123326;1;TUG2;0,4113;1,5123;0,0860;0,2575;-0,3849;0,0751;0,8831;;False
1235,50;37.03;pa030​;20250612_123326;1;TUG2;0,4109;1,5143;0,0837;0,2512;-0,3965;0,0750;0,8798;;False
1235,52;37.04;pa030​;20250612_123326;1;TUG2;0,4108;1,5161;0,0812;0,2451;-0,4084;0,0750;0,8761;;False
1235,53;37.05;pa030​;20250612_123326;1;TUG2;0,4106;1,5178;0,0789;0,2394;-0,4202;0,0751;0,8721;;False
1235,54;37.07;pa030​;20250612_123326;1;TUG2;0,4105;1,5193;0,0765;0,2334;-0,4321;0,0750;0,8679;;False
1235,56;37.08;pa030​;20250612_123326;1;TUG2;0,4104;1,5208;0,0739;0,2272;-0,4447;0,0756;0,8631;;False
1235,57;37.1;pa030​;20250612_123326;1;TUG2;0,4103;1,5222;0,0713;0,2219;-0,4581;0,0763;0,8574;;False
1235,59;37.11;pa030​;20250612_123326;1;TUG2;0,4102;1,5235;0,0686;0,2169;-0,4708;0,0770;0,8517;;False
1235,60;37.12;pa030​;20250612_123326;1;TUG2;0,4102;1,5247;0,0659;0,2125;-0,4832;0,0778;0,8458;;False
1235,61;37.14;pa030​;20250612_123326;1;TUG2;0,4103;1,5257;0,0636;0,2073;-0,4954;0,0783;0,8399;;False
1235,63;37.15;pa030​;20250612_123326;1;TUG2;0,4104;1,5269;0,0615;0,2020;-0,5067;0,0786;0,8344;;False
1235,64;37.17;pa030​;20250612_123326;1;TUG2;0,4106;1,5279;0,0595;0,1972;-0,5179;0,0790;0,8286;;False
1235,65;37.18;pa030​;20250612_123326;1;TUG2;0,4109;1,5290;0,0575;0,1932;-0,5292;0,0798;0,8223;;False
1235,67;37.19;pa030​;20250612_123326;1;TUG2;0,4114;1,5299;0,0554;0,1895;-0,5401;0,0801;0,8160;;False
1235,68;37.21;pa030​;20250612_123326;1;TUG2;0,4120;1,5308;0,0536;0,1864;-0,5506;0,0811;0,8096;;False
1235,70;37.22;pa030​;20250612_123326;1;TUG2;0,4127;1,5317;0,0519;0,1829;-0,5605;0,0811;0,8036;;False
1235,71;37.23;pa030​;20250612_123326;1;TUG2;0,4133;1,5325;0,0503;0,1790;-0,5700;0,0813;0,7978;;False
1235,72;37.25;pa030​;20250612_123326;1;TUG2;0,4140;1,5333;0,0488;0,1752;-0,5795;0,0814;0,7918;;False
1235,74;37.26;pa030​;20250612_123326;1;TUG2;0,4149;1,5340;0,0473;0,1717;-0,5889;0,0819;0,7855;;False
1235,75;37.28;pa030​;20250612_123326;1;TUG2;0,4157;1,5345;0,0458;0,1684;-0,5978;0,0822;0,7794;;False
1235,77;37.29;pa030​;20250612_123326;1;TUG2;0,4166;1,5350;0,0445;0,1656;-0,6067;0,0825;0,7731;;False
1235,78;37.3;pa030​;20250612_123326;1;TUG2;0,4176;1,5355;0,0432;0,1630;-0,6149;0,0824;0,7672;;False
1235,79;37.32;pa030​;20250612_123326;1;TUG2;0,4187;1,5358;0,0420;0,1606;-0,6232;0,0822;0,7610;;False
1235,81;37.33;pa030​;20250612_123326;1;TUG2;0,4199;1,5362;0,0409;0,1585;-0,6308;0,0820;0,7551;;False
1235,82;37.35;pa030​;20250612_123326;1;TUG2;0,4211;1,5367;0,0399;0,1568;-0,6384;0,0820;0,7491;;False
1235,84;37.36;pa030​;20250612_123326;1;TUG2;0,4223;1,5370;0,0389;0,1551;-0,6455;0,0817;0,7434;;False
1235,85;37.37;pa030​;20250612_123326;1;TUG2;0,4235;1,5373;0,0380;0,1530;-0,6521;0,0814;0,7381;;False
1235,86;37.39;pa030​;20250612_123326;1;TUG2;0,4247;1,5376;0,0374;0,1513;-0,6585;0,0809;0,7327;;False
1235,88;37.4;pa030​;20250612_123326;1;TUG2;0,4260;1,5380;0,0370;0,1494;-0,6645;0,0804;0,7278;;False
1235,89;37.41;pa030​;20250612_123326;1;TUG2;0,4271;1,5383;0,0366;0,1478;-0,6700;0,0801;0,7231;;False
1235,90;37.43;pa030​;20250612_123326;1;TUG2;0,4284;1,5386;0,0364;0,1459;-0,6753;0,0799;0,7185;;False
1235,92;37.44;pa030​;20250612_123326;1;TUG2;0,4296;1,5387;0,0362;0,1449;-0,6804;0,0800;0,7139;;False
1235,93;37.46;pa030​;20250612_123326;1;TUG2;0,4307;1,5387;0,0359;0,1438;-0,6847;0,0803;0,7100;;False
1235,95;37.47;pa030​;20250612_123326;1;TUG2;0,4318;1,5388;0,0359;0,1431;-0,6889;0,0804;0,7060;;False
1235,96;37.49;pa030​;20250612_123326;1;TUG2;0,4330;1,5388;0,0361;0,1426;-0,6924;0,0805;0,7027;;False
1235,98;37.5;pa030​;20250612_123326;1;TUG2;0,4340;1,5388;0,0364;0,1426;-0,6959;0,0806;0,6992;;False
1235,99;37.51;pa030​;20250612_123326;1;TUG2;0,4350;1,5386;0,0368;0,1428;-0,6989;0,0813;0,6961;;False
1236,00;37.53;pa030​;20250612_123326;1;TUG2;0,4358;1,5383;0,0372;0,1435;-0,7010;0,0820;0,6938;;False
1236,02;37.54;pa030​;20250612_123326;1;TUG2;0,4364;1,5377;0,0377;0,1451;-0,7027;0,0829;0,6916;;False
1236,03;37.56;pa030​;20250612_123326;1;TUG2;0,4371;1,5371;0,0385;0,1472;-0,7038;0,0842;0,6899;;False
1236,04;37.57;pa030​;20250612_123326;1;TUG2;0,4377;1,5363;0,0394;0,1500;-0,7048;0,0857;0,6880;;False
1236,06;37.58;pa030​;20250612_123326;1;TUG2;0,4381;1,5352;0,0405;0,1541;-0,7053;0,0880;0,6864;;False
1236,07;37.6;pa030​;20250612_123326;1;TUG2;0,4383;1,5340;0,0415;0,1594;-0,7049;0,0913;0,6851;;False
1236,09;37.61;pa030​;20250612_123326;1;TUG2;0,4385;1,5324;0,0427;0,1655;-0,7040;0,0946;0,6841;;False
1236,10;37.62;pa030​;20250612_123326;1;TUG2;0,4384;1,5307;0,0439;0,1712;-0,7030;0,0982;0,6833;;False
1236,11;37.64;pa030​;20250612_123326;1;TUG2;0,4385;1,5290;0,0452;0,1770;-0,7014;0,1012;0,6830;;False
1236,13;37.65;pa030​;20250612_123326;1;TUG2;0,4383;1,5273;0,0465;0,1823;-0,6999;0,1046;0,6827;;False
1236,14;37.67;pa030​;20250612_123326;1;TUG2;0,4381;1,5255;0,0478;0,1873;-0,6979;0,1083;0,6827;;False
1236,16;37.68;pa030​;20250612_123326;1;TUG2;0,4379;1,5233;0,0496;0,1931;-0,6957;0,1122;0,6828;;False
1236,17;37.69;pa030​;20250612_123326;1;TUG2;0,4376;1,5211;0,0515;0,1993;-0,6926;0,1164;0,6834;;False
1236,18;37.71;pa030​;20250612_123326;1;TUG2;0,4374;1,5188;0,0534;0,2055;-0,6890;0,1207;0,6844;;False
1236,20;37.72;pa030​;20250612_123326;1;TUG2;0,4369;1,5167;0,0554;0,2118;-0,6851;0,1248;0,6857;;False
1236,21;37.73;pa030​;20250612_123326;1;TUG2;0,4362;1,5147;0,0574;0,2177;-0,6808;0,1281;0,6876;;False
1236,22;37.75;pa030​;20250612_123326;1;TUG2;0,4354;1,5123;0,0594;0,2234;-0,6765;0,1308;0,6894;;False
1236,24;37.76;pa030​;20250612_123326;1;TUG2;0,4343;1,5098;0,0615;0,2289;-0,6721;0,1331;0,6915;;False
1236,25;37.78;pa030​;20250612_123326;1;TUG2;0,4334;1,5074;0,0637;0,2346;-0,6671;0,1351;0,6940;;False
1236,27;37.79;pa030​;20250612_123326;1;TUG2;0,4326;1,5053;0,0659;0,2405;-0,6619;0,1372;0,6966;;False
1236,28;37.81;pa030​;20250612_123326;1;TUG2;0,4317;1,5032;0,0681;0,2466;-0,6561;0,1391;0,6995;;False
1236,29;37.82;pa030​;20250612_123326;1;TUG2;0,4307;1,5011;0,0704;0,2527;-0,6505;0,1404;0,7024;;False
1236,31;37.83;pa030​;20250612_123326;1;TUG2;0,4297;1,4990;0,0726;0,2595;-0,6441;0,1413;0,7055;;False
1236,32;37.85;pa030​;20250612_123326;1;TUG2;0,4285;1,4968;0,0749;0,2664;-0,6374;0,1419;0,7090;;False
1236,33;37.86;pa030​;20250612_123326;1;TUG2;0,4273;1,4946;0,0772;0,2739;-0,6291;0,1413;0,7136;;False
1236,35;37.87;pa030​;20250612_123326;1;TUG2;0,4264;1,4927;0,0795;0,2827;-0,6186;0,1395;0,7197;;False
1236,38;37.9;pa030​;20250612_123326;1;TUG2;0,4242;1,4894;0,0847;0,3001;-0,5944;0,1358;0,7336;;False
1236,39;37.92;pa030​;20250612_123326;1;TUG2;0,4232;1,4874;0,0874;0,3061;-0,5834;0,1347;0,7402;;False
1236,40;37.93;pa030​;20250612_123326;1;TUG2;0,4223;1,4854;0,0900;0,3103;-0,5733;0,1339;0,7464;;False
1236,42;37.94;pa030​;20250612_123326;1;TUG2;0,4215;1,4839;0,0923;0,3147;-0,5640;0,1341;0,7516;;False
1236,43;37.96;pa030​;20250612_123326;1;TUG2;0,4207;1,4826;0,0944;0,3195;-0,5555;0,1350;0,7557;;False
1236,45;37.97;pa030​;20250612_123326;1;TUG2;0,4198;1,4814;0,0963;0,3236;-0,5472;0,1360;0,7599;;False
1236,46;37.99;pa030​;20250612_123326;1;TUG2;0,4187;1,4804;0,0985;0,3277;-0,5391;0,1369;0,7637;;False
1236,47;38.0;pa030​;20250612_123326;1;TUG2;0,4176;1,4794;0,1009;0,3319;-0,5309;0,1377;0,7675;;False
1236,49;38.01;pa030​;20250612_123326;1;TUG2;0,4165;1,4783;0,1034;0,3355;-0,5227;0,1375;0,7716;;False
1236,50;38.03;pa030​;20250612_123326;1;TUG2;0,4152;1,4773;0,1059;0,3388;-0,5139;0,1364;0,7763;;False
1236,52;38.04;pa030​;20250612_123326;1;TUG2;0,4136;1,4764;0,1083;0,3423;-0,5045;0,1341;0,7812;;False
1236,53;38.05;pa030​;20250612_123326;1;TUG2;0,4120;1,4755;0,1107;0,3452;-0,4949;0,1313;0,7865;;False
1236,54;38.07;pa030​;20250612_123326;1;TUG2;0,4105;1,4745;0,1133;0,3485;-0,4856;0,1288;0,7913;;False
1236,56;38.08;pa030​;20250612_123326;1;TUG2;0,4089;1,4734;0,1158;0,3522;-0,4755;0,1267;0,7961;;False
1236,57;38.1;pa030​;20250612_123326;1;TUG2;0,4073;1,4723;0,1186;0,3562;-0,4653;0,1241;0,8007;;False
1236,59;38.11;pa030​;20250612_123326;1;TUG2;0,4055;1,4713;0,1211;0,3599;-0,4542;0,1214;0,8058;;False
1236,60;38.12;pa030​;20250612_123326;1;TUG2;0,4036;1,4702;0,1239;0,3634;-0,4440;0,1188;0,8104;;False
1236,61;38.14;pa030​;20250612_123326;1;TUG2;0,4016;1,4692;0,1264;0,3670;-0,4330;0,1164;0,8150;;False
1236,63;38.15;pa030​;20250612_123326;1;TUG2;0,3994;1,4681;0,1290;0,3709;-0,4221;0,1137;0,8194;;False
1236,64;38.17;pa030​;20250612_123326;1;TUG2;0,3973;1,4668;0,1318;0,3749;-0,4110;0,1104;0,8236;;False
1236,65;38.18;pa030​;20250612_123326;1;TUG2;0,3949;1,4655;0,1344;0,3785;-0,3994;0,1070;0,8281;;False
1236,67;38.19;pa030​;20250612_123326;1;TUG2;0,3925;1,4644;0,1372;0,3824;-0,3880;0,1036;0,8322;;False
1236,68;38.21;pa030​;20250612_123326;1;TUG2;0,3898;1,4633;0,1397;0,3862;-0,3762;0,1003;0,8362;;False
1236,70;38.22;pa030​;20250612_123326;1;TUG2;0,3871;1,4622;0,1423;0,3900;-0,3646;0,0966;0,8400;;False
1236,71;38.24;pa030​;20250612_123326;1;TUG2;0,3843;1,4610;0,1446;0,3937;-0,3530;0,0930;0,8437;;False
1236,72;38.25;pa030​;20250612_123326;1;TUG2;0,3814;1,4598;0,1470;0,3975;-0,3415;0,0894;0,8470;;False
1236,74;38.26;pa030​;20250612_123326;1;TUG2;0,3782;1,4587;0,1492;0,4012;-0,3301;0,0861;0,8501;;False
1236,75;38.28;pa030​;20250612_123326;1;TUG2;0,3749;1,4576;0,1514;0,4046;-0,3189;0,0821;0,8532;;False
1236,77;38.29;pa030​;20250612_123326;1;TUG2;0,3714;1,4565;0,1536;0,4075;-0,3075;0,0785;0,8563;;False
1236,78;38.3;pa030​;20250612_123326;1;TUG2;0,3677;1,4554;0,1557;0,4100;-0,2959;0,0744;0,8596;;False
1236,79;38.32;pa030​;20250612_123326;1;TUG2;0,3640;1,4541;0,1580;0,4124;-0,2841;0,0693;0,8628;;False
1236,81;38.33;pa030​;20250612_123326;1;TUG2;0,3600;1,4530;0,1602;0,4146;-0,2721;0,0638;0,8660;;False
1236,82;38.35;pa030​;20250612_123326;1;TUG2;0,3560;1,4517;0,1622;0,4156;-0,2599;0,0581;0,8697;;False
1236,84;38.36;pa030​;20250612_123326;1;TUG2;0,3520;1,4502;0,1640;0,4160;-0,2474;0,0532;0,8734;;False
1236,85;38.37;pa030​;20250612_123326;1;TUG2;0,3480;1,4488;0,1658;0,4176;-0,2355;0,0482;0,8762;;False
1236,86;38.39;pa030​;20250612_123326;1;TUG2;0,3439;1,4475;0,1672;0,4202;-0,2230;0,0431;0,8785;;False
1236,88;38.4;pa030​;20250612_123326;1;TUG2;0,3396;1,4464;0,1683;0,4237;-0,2108;0,0387;0,8801;;False
1236,89;38.42;pa030​;20250612_123326;1;TUG2;0,3353;1,4454;0,1694;0,4271;-0,1991;0,0343;0,8813;;False
1236,90;38.43;pa030​;20250612_123326;1;TUG2;0,3310;1,4449;0,1705;0,4305;-0,1878;0,0303;0,8823;;False
1236,92;38.44;pa030​;20250612_123326;1;TUG2;0,3266;1,4446;0,1716;0,4338;-0,1769;0,0263;0,8831;;False
1236,93;38.46;pa030​;20250612_123326;1;TUG2;0,3222;1,4445;0,1726;0,4368;-0,1655;0,0214;0,8839;;False
1236,95;38.47;pa030​;20250612_123326;1;TUG2;0,3178;1,4445;0,1735;0,4383;-0,1547;0,0161;0,8853;;False
1236,96;38.49;pa030​;20250612_123326;1;TUG2;0,3134;1,4443;0,1743;0,4383;-0,1442;0,0105;0,8871;;False
1236,97;38.5;pa030​;20250612_123326;1;TUG2;0,3093;1,4442;0,1752;0,4381;-0,1343;0,0049;0,8889;;False
1236,99;38.51;pa030​;20250612_123326;1;TUG2;0,3051;1,4441;0,1755;0,4368;-0,1244;-0,0008;0,8909;;False
1237,00;38.53;pa030​;20250612_123326;1;TUG2;0,3011;1,4440;0,1753;0,4348;-0,1150;-0,0060;0,8931;;False
1237,02;38.54;pa030​;20250612_123326;1;TUG2;0,2971;1,4440;0,1750;0,4331;-0,1065;-0,0109;0,8950;;False
1237,03;38.55;pa030​;20250612_123326;1;TUG2;0,2933;1,4442;0,1746;0,4310;-0,0983;-0,0154;0,8969;;False
1237,04;38.57;pa030​;20250612_123326;1;TUG2;0,2898;1,4443;0,1738;0,4281;-0,0912;-0,0201;0,8989;;False
1237,06;38.58;pa030​;20250612_123326;1;TUG2;0,2861;1,4447;0,1726;0,4257;-0,0838;-0,0242;0,9007;;False
1237,07;38.6;pa030​;20250612_123326;1;TUG2;0,2825;1,4451;0,1711;0,4232;-0,0768;-0,0285;0,9023;;False
1237,09;38.61;pa030​;20250612_123326;1;TUG2;0,2790;1,4457;0,1693;0,4211;-0,0692;-0,0325;0,9038;;False
1237,10;38.62;pa030​;20250612_123326;1;TUG2;0,2757;1,4464;0,1672;0,4190;-0,0621;-0,0358;0,9052;;False
1237,11;38.64;pa030​;20250612_123326;1;TUG2;0,2725;1,4473;0,1651;0,4166;-0,0552;-0,0384;0,9066;;False
1237,13;38.65;pa030​;20250612_123326;1;TUG2;0,2696;1,4484;0,1631;0,4140;-0,0485;-0,0415;0,9080;;False
1237,14;38.67;pa030​;20250612_123326;1;TUG2;0,2668;1,4498;0,1609;0,4112;-0,0417;-0,0439;0,9095;;False
1237,16;38.68;pa030​;20250612_123326;1;TUG2;0,2640;1,4512;0,1585;0,4078;-0,0350;-0,0461;0,9112;;False
1237,17;38.69;pa030​;20250612_123326;1;TUG2;0,2615;1,4529;0,1561;0,4044;-0,0287;-0,0481;0,9129;;False
1237,18;38.71;pa030​;20250612_123326;1;TUG2;0,2592;1,4547;0,1537;0,4006;-0,0227;-0,0493;0,9146;;False
1237,20;38.72;pa030​;20250612_123326;1;TUG2;0,2573;1,4567;0,1515;0,3966;-0,0180;-0,0499;0,9165;;False
1237,21;38.73;pa030​;20250612_123326;1;TUG2;0,2553;1,4589;0,1490;0,3927;-0,0129;-0,0501;0,9182;;False
1237,22;38.75;pa030​;20250612_123326;1;TUG2;0,2532;1,4612;0,1460;0,3889;-0,0078;-0,0508;0,9199;;False
1237,24;38.76;pa030​;20250612_123326;1;TUG2;0,2512;1,4638;0,1430;0,3848;-0,0033;-0,0512;0,9216;;False
1237,25;38.78;pa030​;20250612_123326;1;TUG2;0,2492;1,4663;0,1399;0,3804;0,0013;-0,0516;0,9234;;False
1237,27;38.79;pa030​;20250612_123326;1;TUG2;0,2475;1,4690;0,1368;0,3753;0,0054;-0,0518;0,9254;;False
1237,28;38.81;pa030​;20250612_123326;1;TUG2;0,2462;1,4716;0,1340;0,3693;0,0094;-0,0517;0,9278;;False
1237,29;38.82;pa030​;20250612_123326;1;TUG2;0,2448;1,4744;0,1310;0,3629;0,0134;-0,0511;0,9303;;False
1237,31;38.83;pa030​;20250612_123326;1;TUG2;0,2436;1,4771;0,1276;0,3558;0,0163;-0,0501;0,9331;;False
1237,32;38.85;pa030​;20250612_123326;1;TUG2;0,2423;1,4799;0,1240;0,3488;0,0191;-0,0489;0,9357;;False
1237,33;38.86;pa030​;20250612_123326;1;TUG2;0,2411;1,4825;0,1203;0,3415;0,0220;-0,0477;0,9384;;False
1237,35;38.87;pa030​;20250612_123326;1;TUG2;0,2404;1,4853;0,1168;0,3348;0,0244;-0,0468;0,9408;;False
1237,36;38.89;pa030​;20250612_123326;1;TUG2;0,2398;1,4880;0,1132;0,3276;0,0274;-0,0461;0,9433;;False
1237,38;38.9;pa030​;20250612_123326;1;TUG2;0,2391;1,4907;0,1094;0,3202;0,0299;-0,0448;0,9458;;False
1237,39;38.91;pa030​;20250612_123326;1;TUG2;0,2385;1,4933;0,1052;0,3122;0,0325;-0,0442;0,9484;;False
1237,40;38.93;pa030​;20250612_123326;1;TUG2;0,2381;1,4959;0,1009;0,3037;0,0344;-0,0433;0,9512;;False
1237,42;38.94;pa030​;20250612_123326;1;TUG2;0,2378;1,4985;0,0965;0,2957;0,0358;-0,0419;0,9537;;False
1237,43;38.96;pa030​;20250612_123326;1;TUG2;0,2377;1,5011;0,0923;0,2877;0,0372;-0,0406;0,9561;;False
1237,45;38.97;pa030​;20250612_123326;1;TUG2;0,2380;1,5038;0,0882;0,2800;0,0379;-0,0395;0,9584;;False
1237,46;38.98;pa030​;20250612_123326;1;TUG2;0,2383;1,5067;0,0842;0,2724;0,0390;-0,0385;0,9606;;False
1237,47;39.0;pa030​;20250612_123326;1;TUG2;0,2385;1,5099;0,0802;0,2661;0,0404;-0,0376;0,9624;;False
1237,49;39.01;pa030​;20250612_123326;1;TUG2;0,2387;1,5133;0,0764;0,2592;0,0419;-0,0365;0,9642;;False
1237,50;39.03;pa030​;20250612_123326;1;TUG2;0,2392;1,5168;0,0730;0,2510;0,0434;-0,0358;0,9664;;False
1237,52;39.04;pa030​;20250612_123326;1;TUG2;0,2401;1,5200;0,0697;0,2410;0,0448;-0,0350;0,9689;;False
1237,53;39.05;pa030​;20250612_123326;1;TUG2;0,2409;1,5231;0,0664;0,2309;0,0466;-0,0345;0,9712;;False
1237,54;39.07;pa030​;20250612_123326;1;TUG2;0,2413;1,5260;0,0627;0,2218;0,0483;-0,0337;0,9733;;False
1237,56;39.08;pa030​;20250612_123326;1;TUG2;0,2417;1,5285;0,0590;0,2136;0,0506;-0,0333;0,9750;;False
1237,57;39.1;pa030​;20250612_123326;1;TUG2;0,2421;1,5309;0,0553;0,2066;0,0525;-0,0324;0,9765;;False
1237,59;39.11;pa030​;20250612_123326;1;TUG2;0,2424;1,5329;0,0517;0,2001;0,0541;-0,0321;0,9777;;False
1237,60;39.12;pa030​;20250612_123326;1;TUG2;0,2430;1,5347;0,0486;0,1947;0,0554;-0,0317;0,9788;;False
1237,61;39.14;pa030​;20250612_123326;1;TUG2;0,2435;1,5362;0,0455;0,1893;0,0566;-0,0310;0,9798;;False
1237,63;39.15;pa030​;20250612_123326;1;TUG2;0,2438;1,5376;0,0424;0,1848;0,0570;-0,0306;0,9806;;False
1237,64;39.16;pa030​;20250612_123326;1;TUG2;0,2442;1,5389;0,0396;0,1819;0,0573;-0,0301;0,9812;;False
1237,65;39.18;pa030​;20250612_123326;1;TUG2;0,2444;1,5399;0,0370;0,1798;0,0576;-0,0296;0,9816;;False
1237,67;39.19;pa030​;20250612_123326;1;TUG2;0,2450;1,5405;0,0346;0,1784;0,0574;-0,0289;0,9819;;False
1237,68;39.21;pa030​;20250612_123326;1;TUG2;0,2455;1,5409;0,0325;0,1774;0,0576;-0,0285;0,9820;;False
1237,70;39.22;pa030​;20250612_123326;1;TUG2;0,2460;1,5411;0,0305;0,1772;0,0578;-0,0286;0,9821;;False
1237,71;39.23;pa030​;20250612_123326;1;TUG2;0,2462;1,5413;0,0287;0,1770;0,0575;-0,0282;0,9821;;False
1237,72;39.25;pa030​;20250612_123326;1;TUG2;0,2464;1,5413;0,0270;0,1770;0,0569;-0,0280;0,9822;;False
1237,74;39.26;pa030​;20250612_123326;1;TUG2;0,2466;1,5412;0,0256;0,1775;0,0559;-0,0279;0,9821;;False
1237,75;39.28;pa030​;20250612_123326;1;TUG2;0,2469;1,5409;0,0247;0,1784;0,0542;-0,0274;0,9821;;False
1237,77;39.29;pa030​;20250612_123326;1;TUG2;0,2474;1,5406;0,0241;0,1793;0,0522;-0,0268;0,9820;;False
1237,78;39.31;pa030​;20250612_123326;1;TUG2;0,2478;1,5402;0,0236;0,1805;0,0496;-0,0256;0,9820;;False
1237,79;39.32;pa030​;20250612_123326;1;TUG2;0,2480;1,5399;0,0231;0,1816;0,0472;-0,0249;0,9819;;False
1237,81;39.33;pa030​;20250612_123326;1;TUG2;0,2480;1,5395;0,0227;0,1826;0,0449;-0,0242;0,9819;;False
1237,82;39.35;pa030​;20250612_123326;1;TUG2;0,2481;1,5393;0,0224;0,1835;0,0431;-0,0245;0,9818;;False
1237,84;39.36;pa030​;20250612_123326;1;TUG2;0,2484;1,5390;0,0222;0,1841;0,0415;-0,0249;0,9817;;False
1237,85;39.37;pa030​;20250612_123326;1;TUG2;0,2487;1,5386;0,0221;0,1852;0,0401;-0,0253;0,9816;;False
1237,86;39.39;pa030​;20250612_123326;1;TUG2;0,2490;1,5383;0,0221;0,1867;0,0388;-0,0258;0,9813;;False
1237,88;39.4;pa030​;20250612_123326;1;TUG2;0,2492;1,5380;0,0222;0,1879;0,0379;-0,0263;0,9811;;False
1237,89;39.42;pa030​;20250612_123326;1;TUG2;0,2496;1,5377;0,0224;0,1890;0,0369;-0,0265;0,9809;;False
1237,90;39.43;pa030​;20250612_123326;1;TUG2;0,2500;1,5374;0,0226;0,1904;0,0360;-0,0264;0,9807;;False
1237,92;39.44;pa030​;20250612_123326;1;TUG2;0,2504;1,5370;0,0229;0,1921;0,0351;-0,0260;0,9804;;False
1237,93;39.46;pa030​;20250612_123326;1;TUG2;0,2507;1,5366;0,0233;0,1942;0,0341;-0,0257;0,9800;;False
1237,95;39.47;pa030​;20250612_123326;1;TUG2;0,2512;1,5362;0,0237;0,1961;0,0328;-0,0255;0,9797;;False
1237,96;39.49;pa030​;20250612_123326;1;TUG2;0,2515;1,5357;0,0243;0,1978;0,0319;-0,0253;0,9794;;False
1237,97;39.5;pa030​;20250612_123326;1;TUG2;0,2520;1,5352;0,0249;0,1997;0,0310;-0,0249;0,9791;;False
1237,99;39.51;pa030​;20250612_123326;1;TUG2;0,2524;1,5345;0,0256;0,2015;0,0301;-0,0246;0,9787;;False
1238,00;39.53;pa030​;20250612_123326;1;TUG2;0,2528;1,5338;0,0262;0,2035;0,0293;-0,0238;0,9783;;False
1238,02;39.54;pa030​;20250612_123326;1;TUG2;0,2533;1,5332;0,0270;0,2059;0,0286;-0,0233;0,9779;;False
1238,03;39.56;pa030​;20250612_123326;1;TUG2;0,2538;1,5327;0,0278;0,2087;0,0277;-0,0229;0,9773;;False
1238,04;39.57;pa030​;20250612_123326;1;TUG2;0,2542;1,5321;0,0289;0,2109;0,0272;-0,0225;0,9769;;False
1238,06;39.58;pa030​;20250612_123326;1;TUG2;0,2547;1,5314;0,0300;0,2133;0,0264;-0,0218;0,9764;;False
1238,07;39.6;pa030​;20250612_123326;1;TUG2;0,2552;1,5306;0,0313;0,2162;0,0254;-0,0211;0,9758;;False
1238,09;39.61;pa030​;20250612_123326;1;TUG2;0,2557;1,5296;0,0327;0,2197;0,0243;-0,0204;0,9751;;False
1238,10;39.63;pa030​;20250612_123326;1;TUG2;0,2563;1,5285;0,0343;0,2232;0,0232;-0,0197;0,9743;;False
1238,11;39.64;pa030​;20250612_123326;1;TUG2;0,2568;1,5274;0,0360;0,2274;0,0219;-0,0191;0,9734;;False
1238,13;39.65;pa030​;20250612_123326;1;TUG2;0,2574;1,5262;0,0379;0,2317;0,0206;-0,0188;0,9724;;False
1238,14;39.67;pa030​;20250612_123326;1;TUG2;0,2579;1,5248;0,0399;0,2367;0,0193;-0,0185;0,9712;;False
1238,16;39.68;pa030​;20250612_123326;1;TUG2;0,2584;1,5231;0,0420;0,2421;0,0179;-0,0181;0,9699;;False
1238,17;39.69;pa030​;20250612_123326;1;TUG2;0,2590;1,5212;0,0444;0,2480;0,0163;-0,0178;0,9685;;False
1238,18;39.71;pa030​;20250612_123326;1;TUG2;0,2597;1,5191;0,0470;0,2537;0,0145;-0,0173;0,9670;;False
1238,20;39.72;pa030​;20250612_123326;1;TUG2;0,2604;1,5169;0,0499;0,2600;0,0126;-0,0169;0,9654;;False
1238,21;39.74;pa030​;20250612_123326;1;TUG2;0,2611;1,5145;0,0530;0,2665;0,0106;-0,0162;0,9636;;False
1238,22;39.75;pa030​;20250612_123326;1;TUG2;0,2620;1,5118;0,0563;0,2733;0,0084;-0,0160;0,9617;;False
1238,24;39.76;pa030​;20250612_123326;1;TUG2;0,2629;1,5086;0,0599;0,2805;0,0062;-0,0157;0,9597;;False
1238,25;39.78;pa030​;20250612_123326;1;TUG2;0,2638;1,5054;0,0634;0,2875;0,0039;-0,0154;0,9577;;False
1238,27;39.79;pa030​;20250612_123326;1;TUG2;0,2649;1,5023;0,0673;0,2954;0,0014;-0,0151;0,9553;;False
1238,28;39.81;pa030​;20250612_123326;1;TUG2;0,2661;1,4991;0,0712;0,3033;-0,0012;-0,0143;0,9528;;False
1238,30;39.82;pa030​;20250612_123326;1;TUG2;0,2674;1,4956;0,0754;0,3120;-0,0037;-0,0135;0,9500;;False
1238,31;39.83;pa030​;20250612_123326;1;TUG2;0,2687;1,4921;0,0797;0,3211;-0,0061;-0,0127;0,9469;;False
1238,32;39.85;pa030​;20250612_123326;1;TUG2;0,2701;1,4883;0,0842;0,3308;-0,0082;-0,0124;0,9436;;False
1238,35;39.87;pa030​;20250612_123326;1;TUG2;0,2728;1,4807;0,0940;0,3482;-0,0111;-0,0130;0,9373;;False
1238,36;39.89;pa030​;20250612_123326;1;TUG2;0,2743;1,4770;0,0992;0,3562;-0,0120;-0,0135;0,9342;;False
1238,38;39.9;pa030​;20250612_123326;1;TUG2;0,2759;1,4734;0,1046;0,3634;-0,0127;-0,0136;0,9314;;False
1238,39;39.92;pa030​;20250612_123326;1;TUG2;0,2774;1,4698;0,1096;0,3703;-0,0132;-0,0137;0,9287;;False
1238,41;39.93;pa030​;20250612_123326;1;TUG2;0,2792;1,4666;0,1146;0,3780;-0,0140;-0,0137;0,9256;;False
1238,42;39.94;pa030​;20250612_123326;1;TUG2;0,2811;1,4634;0,1195;0,3858;-0,0150;-0,0137;0,9224;;False
1238,43;39.96;pa030​;20250612_123326;1;TUG2;0,2828;1,4604;0,1243;0,3935;-0,0157;-0,0132;0,9191;;False
1238,45;39.97;pa030​;20250612_123326;1;TUG2;0,2848;1,4574;0,1292;0,4012;-0,0166;-0,0132;0,9158;;False
1238,46;39.99;pa030​;20250612_123326;1;TUG2;0,2866;1,4545;0,1340;0,4080;-0,0171;-0,0131;0,9127;;False
1238,48;40.0;pa030​;20250612_123326;1;TUG2;0,2884;1,4517;0,1389;0,4143;-0,0174;-0,0128;0,9099;;False
1238,49;40.01;pa030​;20250612_123326;1;TUG2;0,2902;1,4490;0,1439;0,4199;-0,0178;-0,0128;0,9073;;False
1238,50;40.03;pa030​;20250612_123326;1;TUG2;0,2919;1,4465;0,1488;0,4255;-0,0177;-0,0126;0,9047;;False
1238,52;40.04;pa030​;20250612_123326;1;TUG2;0,2937;1,4438;0,1536;0,4306;-0,0176;-0,0127;0,9023;;False
1238,53;40.05;pa030​;20250612_123326;1;TUG2;0,2953;1,4411;0,1583;0,4347;-0,0174;-0,0131;0,9003;;False
1238,54;40.07;pa030​;20250612_123326;1;TUG2;0,2970;1,4384;0,1628;0,4380;-0,0174;-0,0138;0,8987;;False
1238,56;40.08;pa030​;20250612_123326;1;TUG2;0,2986;1,4358;0,1671;0,4412;-0,0174;-0,0144;0,8971;;False
1238,57;40.1;pa030​;20250612_123326;1;TUG2;0,3001;1,4333;0,1710;0,4437;-0,0174;-0,0146;0,8959;;False
1238,59;40.11;pa030​;20250612_123326;1;TUG2;0,3018;1,4310;0,1749;0,4464;-0,0179;-0,0149;0,8945;;False
1238,60;40.12;pa030​;20250612_123326;1;TUG2;0,3034;1,4288;0,1787;0,4493;-0,0186;-0,0146;0,8931;;False
1238,62;40.14;pa030​;20250612_123326;1;TUG2;0,3050;1,4268;0,1821;0,4518;-0,0188;-0,0143;0,8918;;False
1238,63;40.15;pa030​;20250612_123326;1;TUG2;0,3065;1,4249;0,1855;0,4545;-0,0192;-0,0137;0,8904;;False
1238,64;40.17;pa030​;20250612_123326;1;TUG2;0,3079;1,4230;0,1884;0,4570;-0,0199;-0,0137;0,8891;;False
1238,66;40.18;pa030​;20250612_123326;1;TUG2;0,3092;1,4212;0,1913;0,4595;-0,0204;-0,0135;0,8878;;False
1238,67;40.19;pa030​;20250612_123326;1;TUG2;0,3107;1,4195;0,1943;0,4620;-0,0209;-0,0136;0,8865;;False
1238,68;40.21;pa030​;20250612_123326;1;TUG2;0,3121;1,4179;0,1972;0,4638;-0,0211;-0,0136;0,8856;;False
1238,70;40.22;pa030​;20250612_123326;1;TUG2;0,3135;1,4163;0,2000;0,4652;-0,0214;-0,0134;0,8848;;False
1238,71;40.24;pa030​;20250612_123326;1;TUG2;0,3149;1,4147;0,2027;0,4671;-0,0219;-0,0135;0,8838;;False
1238,72;40.25;pa030​;20250612_123326;1;TUG2;0,3162;1,4132;0,2053;0,4690;-0,0227;-0,0135;0,8828;;False
1238,74;40.26;pa030​;20250612_123326;1;TUG2;0,3173;1,4117;0,2081;0,4702;-0,0238;-0,0134;0,8821;;False
1238,75;40.28;pa030​;20250612_123326;1;TUG2;0,3183;1,4102;0,2110;0,4706;-0,0251;-0,0132;0,8819;;False
1238,77;40.29;pa030​;20250612_123326;1;TUG2;0,3192;1,4088;0,2138;0,4715;-0,0263;-0,0131;0,8814;;False
1238,78;40.31;pa030​;20250612_123326;1;TUG2;0,3200;1,4076;0,2167;0,4731;-0,0274;-0,0128;0,8805;;False
1238,79;40.32;pa030​;20250612_123326;1;TUG2;0,3206;1,4064;0,2197;0,4747;-0,0285;-0,0124;0,8796;;False
1238,81;40.33;pa030​;20250612_123326;1;TUG2;0,3210;1,4052;0,2228;0,4761;-0,0293;-0,0119;0,8788;;False
1238,82;40.35;pa030​;20250612_123326;1;TUG2;0,3213;1,4042;0,2260;0,4777;-0,0299;-0,0116;0,8779;;False
1238,84;40.36;pa030​;20250612_123326;1;TUG2;0,3213;1,4032;0,2293;0,4792;-0,0304;-0,0111;0,8771;;False
1238,85;40.37;pa030​;20250612_123326;1;TUG2;0,3212;1,4022;0,2326;0,4806;-0,0309;-0,0105;0,8764;;False
1238,86;40.39;pa030​;20250612_123326;1;TUG2;0,3210;1,4014;0,2361;0,4820;-0,0312;-0,0099;0,8756;;False
1238,88;40.4;pa030​;20250612_123326;1;TUG2;0,3208;1,4007;0,2400;0,4833;-0,0315;-0,0095;0,8748;;False
1238,89;40.42;pa030​;20250612_123326;1;TUG2;0,3205;1,4001;0,2441;0,4846;-0,0320;-0,0091;0,8741;;False
1238,91;40.43;pa030​;20250612_123326;1;TUG2;0,3200;1,3996;0,2484;0,4859;-0,0322;-0,0085;0,8734;;False
1238,92;40.44;pa030​;20250612_123326;1;TUG2;0,3195;1,3990;0,2528;0,4868;-0,0326;-0,0082;0,8729;;False
1238,93;40.46;pa030​;20250612_123326;1;TUG2;0,3189;1,3986;0,2574;0,4877;-0,0330;-0,0079;0,8723;;False
1238,95;40.47;pa030​;20250612_123326;1;TUG2;0,3182;1,3980;0,2620;0,4884;-0,0337;-0,0073;0,8719;;False
1238,96;40.49;pa030​;20250612_123326;1;TUG2;0,3174;1,3973;0,2668;0,4887;-0,0347;-0,0068;0,8717;;False
1238,97;40.5;pa030​;20250612_123326;1;TUG2;0,3165;1,3966;0,2719;0,4887;-0,0357;-0,0064;0,8717;;False
1238,99;40.51;pa030​;20250612_123326;1;TUG2;0,3155;1,3960;0,2772;0,4885;-0,0368;-0,0060;0,8717;;False
1239,00;40.53;pa030​;20250612_123326;1;TUG2;0,3143;1,3953;0,2827;0,4882;-0,0377;-0,0054;0,8719;;False
1239,02;40.54;pa030​;20250612_123326;1;TUG2;0,3130;1,3945;0,2884;0,4874;-0,0386;-0,0047;0,8723;;False
1239,03;40.55;pa030​;20250612_123326;1;TUG2;0,3116;1,3937;0,2944;0,4866;-0,0393;-0,0040;0,8727;;False
1239,04;40.57;pa030​;20250612_123326;1;TUG2;0,3101;1,3929;0,3004;0,4853;-0,0397;-0,0034;0,8734;;False
1239,06;40.58;pa030​;20250612_123326;1;TUG2;0,3085;1,3922;0,3065;0,4844;-0,0397;-0,0029;0,8739;;False
1239,07;40.6;pa030​;20250612_123326;1;TUG2;0,3067;1,3915;0,3129;0,4833;-0,0393;-0,0025;0,8746;;False
1239,09;40.61;pa030​;20250612_123326;1;TUG2;0,3047;1,3908;0,3197;0,4818;-0,0387;-0,0020;0,8754;;False
1239,10;40.63;pa030​;20250612_123326;1;TUG2;0,3025;1,3900;0,3268;0,4796;-0,0378;-0,0020;0,8767;;False
1239,11;40.64;pa030​;20250612_123326;1;TUG2;0,3004;1,3893;0,3339;0,4773;-0,0367;-0,0019;0,8780;;False
1239,13;40.65;pa030​;20250612_123326;1;TUG2;0,2982;1,3887;0,3412;0,4747;-0,0358;-0,0017;0,8794;;False
1239,14;40.67;pa030​;20250612_123326;1;TUG2;0,2956;1,3881;0,3488;0,4718;-0,0350;-0,0010;0,8810;;False
1239,16;40.68;pa030​;20250612_123326;1;TUG2;0,2932;1,3874;0,3566;0,4680;-0,0352;0,0001;0,8830;;False
1239,17;40.69;pa030​;20250612_123326;1;TUG2;0,2909;1,3866;0,3650;0,4639;-0,0372;0,0001;0,8851;;False
1239,18;40.71;pa030​;20250612_123326;1;TUG2;0,2877;1,3865;0,3731;0,4598;-0,0354;0,0019;0,8873;;False
1239,20;40.72;pa030​;20250612_123326;1;TUG2;0,2847;1,3862;0,3818;0,4562;-0,0356;0,0029;0,8892;;False
1239,21;40.74;pa030​;20250612_123326;1;TUG2;0,2816;1,3858;0,3908;0,4515;-0,0366;0,0041;0,8915;;False
1239,22;40.75;pa030​;20250612_123326;1;TUG2;0,2781;1,3855;0,4001;0,4467;-0,0365;0,0050;0,8939;;False
1239,24;40.76;pa030​;20250612_123326;1;TUG2;0,2745;1,3852;0,4095;0,4424;-0,0365;0,0058;0,8961;;False
1239,25;40.78;pa030​;20250612_123326;1;TUG2;0,2706;1,3852;0,4192;0,4393;-0,0361;0,0075;0,8976;;False
1239,27;40.79;pa030​;20250612_123326;1;TUG2;0,2667;1,3851;0,4292;0,4367;-0,0361;0,0087;0,8988;;False
1239,28;40.8;pa030​;20250612_123326;1;TUG2;0,2622;1,3854;0,4398;0,4347;-0,0358;0,0101;0,8998;;False
1239,29;40.82;pa030​;20250612_123326;1;TUG2;0,2574;1,3856;0,4507;0,4318;-0,0356;0,0113;0,9012;;False
1239,31;40.83;pa030​;20250612_123326;1;TUG2;0,2523;1,3861;0,4621;0,4289;-0,0357;0,0129;0,9026;;False
1239,32;40.85;pa030​;20250612_123326;1;TUG2;0,2472;1,3869;0,4738;0,4260;-0,0363;0,0140;0,9039;;False
1239,34;40.86;pa030​;20250612_123326;1;TUG2;0,2414;1,3880;0,4859;0,4235;-0,0363;0,0157;0,9050;;False
1239,35;40.87;pa030​;20250612_123326;1;TUG2;0,2355;1,3894;0,4984;0,4215;-0,0369;0,0173;0,9059;;False
1239,36;40.89;pa030​;20250612_123326;1;TUG2;0,2291;1,3913;0,5112;0,4203;-0,0376;0,0191;0,9064;;False
1239,38;40.9;pa030​;20250612_123326;1;TUG2;0,2225;1,3937;0,5243;0,4193;-0,0380;0,0211;0,9068;;False
1239,39;40.92;pa030​;20250612_123326;1;TUG2;0,2157;1,3964;0,5375;0,4183;-0,0381;0,0231;0,9072;;False
1239,41;40.93;pa030​;20250612_123326;1;TUG2;0,2086;1,3995;0,5509;0,4166;-0,0371;0,0243;0,9080;;False
1239,42;40.94;pa030​;20250612_123326;1;TUG2;0,2014;1,4032;0,5643;0,4134;-0,0364;0,0255;0,9094;;False
1239,43;40.96;pa030​;20250612_123326;1;TUG2;0,1943;1,4076;0,5778;0,4092;-0,0365;0,0274;0,9113;;False
1239,45;40.97;pa030​;20250612_123326;1;TUG2;0,1873;1,4122;0,5910;0,4040;-0,0368;0,0290;0,9136;;False
1239,46;40.99;pa030​;20250612_123326;1;TUG2;0,1805;1,4168;0,6035;0,3984;-0,0372;0,0305;0,9159;;False
1239,47;41.0;pa030​;20250612_123326;1;TUG2;0,1738;1,4213;0,6155;0,3924;-0,0375;0,0319;0,9185;;False
1239,49;41.01;pa030​;20250612_123326;1;TUG2;0,1674;1,4257;0,6272;0,3883;-0,0381;0,0326;0,9202;;False
1239,50;41.03;pa030​;20250612_123326;1;TUG2;0,1613;1,4302;0,6386;0,3849;-0,0392;0,0332;0,9215;;False
1239,52;41.04;pa030​;20250612_123326;1;TUG2;0,1557;1,4345;0,6499;0,3809;-0,0408;0,0340;0,9231;;False
1239,53;41.05;pa030​;20250612_123326;1;TUG2;0,1503;1,4386;0,6612;0,3763;-0,0429;0,0357;0,9248;;False
1239,54;41.07;pa030​;20250612_123326;1;TUG2;0,1451;1,4426;0,6724;0,3713;-0,0447;0,0371;0,9267;;False
1239,56;41.08;pa030​;20250612_123326;1;TUG2;0,1402;1,4464;0,6836;0,3663;-0,0459;0,0374;0,9286;;False
1239,57;41.1;pa030​;20250612_123326;1;TUG2;0,1354;1,4501;0,6946;0,3621;-0,0466;0,0377;0,9302;;False
1239,59;41.11;pa030​;20250612_123326;1;TUG2;0,1308;1,4538;0,7054;0,3592;-0,0467;0,0376;0,9313;;False
1239,60;41.12;pa030​;20250612_123326;1;TUG2;0,1262;1,4575;0,7160;0,3572;-0,0460;0,0374;0,9322;;False
1239,61;41.14;pa030​;20250612_123326;1;TUG2;0,1218;1,4610;0,7268;0,3555;-0,0452;0,0367;0,9328;;False
1239,63;41.15;pa030​;20250612_123326;1;TUG2;0,1174;1,4645;0,7376;0,3532;-0,0443;0,0364;0,9338;;False
1239,64;41.17;pa030​;20250612_123326;1;TUG2;0,1131;1,4677;0,7486;0,3504;-0,0440;0,0366;0,9348;;False
1239,66;41.18;pa030​;20250612_123326;1;TUG2;0,1086;1,4707;0,7595;0,3474;-0,0439;0,0375;0,9360;;False
1239,67;41.19;pa030​;20250612_123326;1;TUG2;0,1043;1,4734;0,7704;0,3446;-0,0443;0,0382;0,9369;;False
1239,68;41.21;pa030​;20250612_123326;1;TUG2;0,1001;1,4757;0,7814;0,3423;-0,0448;0,0385;0,9377;;False
1239,70;41.22;pa030​;20250612_123326;1;TUG2;0,0957;1,4779;0,7927;0,3395;-0,0448;0,0389;0,9387;;False
1239,71;41.23;pa030​;20250612_123326;1;TUG2;0,0913;1,4801;0,8045;0,3378;-0,0454;0,0382;0,9393;;False
1239,73;41.25;pa030​;20250612_123326;1;TUG2;0,0869;1,4815;0,8163;0,3335;-0,0463;0,0372;0,9409;;False
1239,74;41.26;pa030​;20250612_123326;1;TUG2;0,0823;1,4828;0,8285;0,3298;-0,0469;0,0364;0,9422;;False
1239,75;41.28;pa030​;20250612_123326;1;TUG2;0,0778;1,4837;0,8408;0,3251;-0,0480;0,0355;0,9438;;False
1239,77;41.29;pa030​;20250612_123326;1;TUG2;0,0733;1,4843;0,8531;0,3201;-0,0504;0,0351;0,9454;;False
1239,78;41.31;pa030​;20250612_123326;1;TUG2;0,0688;1,4849;0,8654;0,3156;-0,0519;0,0340;0,9469;;False
1239,79;41.32;pa030​;20250612_123326;1;TUG2;0,0647;1,4851;0,8778;0,3114;-0,0527;0,0325;0,9483;;False
1239,81;41.33;pa030​;20250612_123326;1;TUG2;0,0604;1,4849;0,8901;0,3071;-0,0540;0,0322;0,9496;;False
1239,82;41.35;pa030​;20250612_123326;1;TUG2;0,0563;1,4847;0,9024;0,3028;-0,0548;0,0316;0,9509;;False
1239,84;41.36;pa030​;20250612_123326;1;TUG2;0,0523;1,4843;0,9149;0,2989;-0,0551;0,0310;0,9522;;False
1239,85;41.37;pa030​;20250612_123326;1;TUG2;0,0481;1,4833;0,9272;0,2932;-0,0550;0,0312;0,9540;;False
1239,86;41.39;pa030​;20250612_123326;1;TUG2;0,0444;1,4829;0,9403;0,2913;-0,0565;0,0307;0,9545;;False
1239,88;41.4;pa030​;20250612_123326;1;TUG2;0,0404;1,4816;0,9533;0,2857;-0,0576;0,0312;0,9561;;False
1239,89;41.42;pa030​;20250612_123326;1;TUG2;0,0365;1,4802;0,9665;0,2803;-0,0591;0,0317;0,9576;;False
1239,91;41.43;pa030​;20250612_123326;1;TUG2;0,0327;1,4787;0,9799;0,2765;-0,0615;0,0324;0,9585;;False
1239,92;41.44;pa030​;20250612_123326;1;TUG2;0,0292;1,4773;0,9936;0,2741;-0,0640;0,0326;0,9590;;False
1239,93;41.46;pa030​;20250612_123326;1;TUG2;0,0255;1,4758;1,0077;0,2712;-0,0661;0,0330;0,9597;;False
1239,95;41.47;pa030​;20250612_123326;1;TUG2;0,0219;1,4747;1,0222;0,2687;-0,0684;0,0334;0,9602;;False
1239,96;41.49;pa030​;20250612_123326;1;TUG2;0,0184;1,4738;1,0372;0,2663;-0,0709;0,0336;0,9607;;False
1239,97;41.5;pa030​;20250612_123326;1;TUG2;0,0148;1,4732;1,0524;0,2642;-0,0731;0,0339;0,9611;;False
1239,99;41.51;pa030​;20250612_123326;1;TUG2;0,0110;1,4732;1,0679;0,2631;-0,0751;0,0339;0,9612;;False
1240,00;41.53;pa030​;20250612_123326;1;TUG2;0,0072;1,4741;1,0838;0,2642;-0,0766;0,0339;0,9608;;False
1240,02;41.54;pa030​;20250612_123326;1;TUG2;0,0036;1,4755;1,1000;0,2655;-0,0786;0,0348;0,9603;;False
1240,03;41.55;pa030​;20250612_123326;1;TUG2;-0,0001;1,4768;1,1160;0,2647;-0,0803;0,0356;0,9603;;False
1240,06;41.58;pa030​;20250612_123326;1;TUG2;-0,0079;1,4806;1,1473;0,2634;-0,0806;0,0347;0,9607;;False
1240,07;41.6;pa030​;20250612_123326;1;TUG2;-0,0119;1,4830;1,1625;0,2636;-0,0790;0,0330;0,9608;;False
1240,09;41.61;pa030​;20250612_123326;1;TUG2;-0,0161;1,4858;1,1774;0,2640;-0,0774;0,0321;0,9609;;False
1240,10;41.63;pa030​;20250612_123326;1;TUG2;-0,0203;1,4881;1,1921;0,2622;-0,0760;0,0313;0,9615;;False
1240,11;41.64;pa030​;20250612_123326;1;TUG2;-0,0248;1,4906;1,2067;0,2610;-0,0751;0,0313;0,9619;;False
1240,13;41.65;pa030​;20250612_123326;1;TUG2;-0,0293;1,4935;1,2210;0,2614;-0,0747;0,0321;0,9618;;False
1240,14;41.67;pa030​;20250612_123326;1;TUG2;-0,0341;1,4961;1,2351;0,2614;-0,0754;0,0334;0,9617;;False
1240,15;41.68;pa030​;20250612_123326;1;TUG2;-0,0389;1,4983;1,2490;0,2592;-0,0767;0,0347;0,9621;;False
1240,17;41.69;pa030​;20250612_123326;1;TUG2;-0,0440;1,5006;1,2630;0,2592;-0,0781;0,0358;0,9620;;False
1240,18;41.71;pa030​;20250612_123326;1;TUG2;-0,0491;1,5032;1,2768;0,2608;-0,0793;0,0367;0,9614;;False
1240,20;41.72;pa030​;20250612_123326;1;TUG2;-0,0542;1,5053;1,2905;0,2624;-0,0808;0,0374;0,9608;;False
1240,21;41.74;pa030​;20250612_123326;1;TUG2;-0,0594;1,5073;1,3042;0,2648;-0,0828;0,0377;0,9600;;False
1240,22;41.75;pa030​;20250612_123326;1;TUG2;-0,0648;1,5090;1,3177;0,2670;-0,0847;0,0382;0,9592;;False
1240,24;41.76;pa030​;20250612_123326;1;TUG2;-0,0707;1,5104;1,3311;0,2694;-0,0872;0,0378;0,9583;;False
1240,26;41.78;pa030​;20250612_123326;1;TUG2;-0,0765;1,5112;1,3445;0,2710;-0,0890;0,0374;0,9577;;False
1240,27;41.79;pa030​;20250612_123326;1;TUG2;-0,0820;1,5121;1,3580;0,2722;-0,0910;0,0366;0,9572;;False
1240,28;41.81;pa030​;20250612_123326;1;TUG2;-0,0880;1,5130;1,3715;0,2726;-0,0914;0,0365;0,9571;;False
1240,29;41.82;pa030​;20250612_123326;1;TUG2;-0,0937;1,5133;1,3851;0,2725;-0,0914;0,0355;0,9571;;False
1240,31;41.83;pa030​;20250612_123326;1;TUG2;-0,0995;1,5132;1,3987;0,2722;-0,0908;0,0348;0,9573;;False
1240,32;41.85;pa030​;20250612_123326;1;TUG2;-0,1053;1,5124;1,4125;0,2721;-0,0899;0,0352;0,9574;;False
1240,34;41.86;pa030​;20250612_123326;1;TUG2;-0,1112;1,5115;1,4264;0,2713;-0,0890;0,0362;0,9577;;False
1240,35;41.87;pa030​;20250612_123326;1;TUG2;-0,1172;1,5106;1,4404;0,2699;-0,0875;0,0381;0,9581;;False
1240,36;41.89;pa030​;20250612_123326;1;TUG2;-0,1233;1,5093;1,4545;0,2686;-0,0852;0,0392;0,9587;;False
1240,38;41.9;pa030​;20250612_123326;1;TUG2;-0,1294;1,5078;1,4687;0,2678;-0,0825;0,0400;0,9591;;False
1240,39;41.92;pa030​;20250612_123326;1;TUG2;-0,1357;1,5059;1,4830;0,2676;-0,0802;0,0412;0,9593;;False
1240,41;41.93;pa030​;20250612_123326;1;TUG2;-0,1420;1,5035;1,4976;0,2668;-0,0781;0,0426;0,9596;;False
1240,42;41.95;pa030​;20250612_123326;1;TUG2;-0,1484;1,5011;1,5121;0,2663;-0,0758;0,0434;0,9599;;False
1240,43;41.96;pa030​;20250612_123326;1;TUG2;-0,1549;1,4986;1,5268;0,2660;-0,0732;0,0437;0,9602;;False
1240,45;41.97;pa030​;20250612_123326;1;TUG2;-0,1616;1,4958;1,5415;0,2652;-0,0703;0,0433;0,9606;;False
1240,46;41.99;pa030​;20250612_123326;1;TUG2;-0,1682;1,4928;1,5564;0,2648;-0,0668;0,0422;0,9611;;False
1240,47;42.0;pa030​;20250612_123326;1;TUG2;-0,1750;1,4899;1,5716;0,2657;-0,0630;0,0409;0,9611;;False
1240,49;42.01;pa030​;20250612_123326;1;TUG2;-0,1821;1,4870;1,5868;0,2676;-0,0574;0,0383;0,9611;;False
1240,50;42.03;pa030​;20250612_123326;1;TUG2;-0,1893;1,4843;1,6022;0,2701;-0,0508;0,0344;0,9609;;False
1240,52;42.04;pa030​;20250612_123326;1;TUG2;-0,1965;1,4818;1,6182;0,2715;-0,0449;0,0317;0,9609;;False
1240,53;42.05;pa030​;20250612_123326;1;TUG2;-0,2037;1,4794;1,6345;0,2711;-0,0402;0,0310;0,9612;;False
1240,54;42.07;pa030​;20250612_123326;1;TUG2;-0,2110;1,4773;1,6510;0,2702;-0,0358;0,0307;0,9617;;False
1240,56;42.08;pa030​;20250612_123326;1;TUG2;-0,2185;1,4762;1,6678;0,2722;-0,0300;0,0292;0,9613;;False
1240,57;42.1;pa030​;20250612_123326;1;TUG2;-0,2261;1,4758;1,6848;0,2773;-0,0229;0,0257;0,9602;;False
1240,59;42.11;pa030​;20250612_123326;1;TUG2;-0,2338;1,4753;1,7018;0,2803;-0,0156;0,0212;0,9596;;False
1240,60;42.12;pa030​;20250612_123326;1;TUG2;-0,2412;1,4744;1,7190;0,2807;-0,0100;0,0186;0,9596;;False
1240,61;42.14;pa030​;20250612_123326;1;TUG2;-0,2482;1,4747;1,7356;0,2832;-0,0058;0,0172;0,9589;;False
1240,63;42.15;pa030​;20250612_123326;1;TUG2;-0,2550;1,4751;1,7517;0,2870;-0,0011;0,0145;0,9578;;False
1240,64;42.17;pa030​;20250612_123326;1;TUG2;-0,2615;1,4752;1,7676;0,2894;0,0035;0,0099;0,9572;;False
1240,66;42.18;pa030​;20250612_123326;1;TUG2;-0,2681;1,4757;1,7837;0,2910;0,0093;0,0058;0,9567;;False
1240,67;42.19;pa030​;20250612_123326;1;TUG2;-0,2742;1,4770;1,8004;0,2945;0,0149;0,0011;0,9555;;False
1240,68;42.21;pa030​;20250612_123326;1;TUG2;-0,2799;1,4782;1,8171;0,2964;0,0200;-0,0030;0,9548;;False
1240,70;42.22;pa030​;20250612_123326;1;TUG2;-0,2855;1,4789;1,8338;0,2964;0,0247;-0,0055;0,9547;;False
1240,71;42.24;pa030​;20250612_123326;1;TUG2;-0,2906;1,4798;1,8504;0,2972;0,0291;-0,0072;0,9543;;False
1240,73;42.25;pa030​;20250612_123326;1;TUG2;-0,2956;1,4806;1,8667;0,2993;0,0348;-0,0094;0,9535;;False
1240,74;42.26;pa030​;20250612_123326;1;TUG2;-0,3004;1,4813;1,8825;0,3027;0,0411;-0,0124;0,9521;;False
1240,75;42.28;pa030​;20250612_123326;1;TUG2;-0,3050;1,4821;1,8979;0,3083;0,0482;-0,0149;0,9500;;False
1240,77;42.29;pa030​;20250612_123326;1;TUG2;-0,3092;1,4829;1,9130;0,3154;0,0543;-0,0170;0,9472;;False
1240,78;42.31;pa030​;20250612_123326;1;TUG2;-0,3133;1,4837;1,9278;0,3229;0,0597;-0,0177;0,9444;;False
1240,79;42.32;pa030​;20250612_123326;1;TUG2;-0,3178;1,4844;1,9422;0,3296;0,0643;-0,0185;0,9418;;False
1240,81;42.33;pa030​;20250612_123326;1;TUG2;-0,3216;1,4855;1,9570;0,3357;0,0680;-0,0195;0,9393;;False
1240,82;42.35;pa030​;20250612_123326;1;TUG2;-0,3248;1,4866;1,9719;0,3396;0,0718;-0,0223;0,9375;;False
1240,84;42.36;pa030​;20250612_123326;1;TUG2;-0,3285;1,4875;1,9872;0,3415;0,0781;-0,0242;0,9363;;False
1240,85;42.38;pa030​;20250612_123326;1;TUG2;-0,3318;1,4879;2,0022;0,3413;0,0833;-0,0261;0,9359;;False
1240,86;42.39;pa030​;20250612_123326;1;TUG2;-0,3350;1,4880;2,0171;0,3422;0,0870;-0,0259;0,9352;;False
1240,88;42.4;pa030​;20250612_123326;1;TUG2;-0,3383;1,4880;2,0320;0,3436;0,0904;-0,0278;0,9343;;False
1240,89;42.42;pa030​;20250612_123326;1;TUG2;-0,3416;1,4876;2,0473;0,3430;0,0938;-0,0312;0,9341;;False
1240,91;42.43;pa030​;20250612_123326;1;TUG2;-0,3442;1,4875;2,0636;0,3429;0,0992;-0,0375;0,9334;;False
1240,92;42.44;pa030​;20250612_123326;1;TUG2;-0,3468;1,4861;2,0792;0,3397;0,1015;-0,0397;0,9342;;False
1240,93;42.46;pa030​;20250612_123326;1;TUG2;-0,3498;1,4844;2,0952;0,3368;0,1036;-0,0407;0,9350;;False
1240,95;42.47;pa030​;20250612_123326;1;TUG2;-0,3523;1,4826;2,1115;0,3354;0,1047;-0,0425;0,9353;;False
1240,96;42.49;pa030​;20250612_123326;1;TUG2;-0,3553;1,4801;2,1277;0,3338;0,1059;-0,0454;0,9356;;False
1240,97;42.5;pa030​;20250612_123326;1;TUG2;-0,3580;1,4771;2,1440;0,3330;0,1075;-0,0488;0,9355;;False
1240,99;42.51;pa030​;20250612_123326;1;TUG2;-0,3604;1,4741;2,1604;0,3334;0,1087;-0,0515;0,9351;;False
1241,00;42.53;pa030​;20250612_123326;1;TUG2;-0,3627;1,4706;2,1770;0,3341;0,1093;-0,0541;0,9346;;False
1241,02;42.54;pa030​;20250612_123326;1;TUG2;-0,3648;1,4668;2,1939;0,3346;0,1091;-0,0558;0,9344;;False
1241,03;42.55;pa030​;20250612_123326;1;TUG2;-0,3668;1,4628;2,2110;0,3335;0,1085;-0,0573;0,9347;;False
1241,04;42.57;pa030​;20250612_123326;1;TUG2;-0,3687;1,4587;2,2285;0,3317;0,1082;-0,0598;0,9353;;False
1241,06;42.58;pa030​;20250612_123326;1;TUG2;-0,3703;1,4555;2,2462;0,3314;0,1076;-0,0639;0,9351;;False
1241,07;42.6;pa030​;20250612_123326;1;TUG2;-0,3715;1,4522;2,2644;0,3300;0,1070;-0,0685;0,9354;;False
1241,09;42.61;pa030​;20250612_123326;1;TUG2;-0,3730;1,4487;2,2831;0,3277;0,1089;-0,0715;0,9358;;False
1241,10;42.62;pa030​;20250612_123326;1;TUG2;-0,3738;1,4456;2,3019;0,3264;0,1085;-0,0752;0,9360;;False
1241,11;42.64;pa030​;20250612_123326;1;TUG2;-0,3747;1,4426;2,3206;0,3246;0,1080;-0,0780;0,9364;;False
1241,13;42.65;pa030​;20250612_123326;1;TUG2;-0,3755;1,4399;2,3396;0,3243;0,1071;-0,0788;0,9366;;False
1241,14;42.67;pa030​;20250612_123326;1;TUG2;-0,3760;1,4372;2,3585;0,3255;0,1052;-0,0787;0,9364;;False
1241,16;42.68;pa030​;20250612_123326;1;TUG2;-0,3764;1,4354;2,3777;0,3291;0,1036;-0,0783;0,9353;;False
1241,17;42.69;pa030​;20250612_123326;1;TUG2;-0,3767;1,4343;2,3969;0,3322;0,1022;-0,0798;0,9343;;False
1241,18;42.71;pa030​;20250612_123326;1;TUG2;-0,3773;1,4338;2,4160;0,3331;0,1012;-0,0815;0,9339;;False
1241,20;42.72;pa030​;20250612_123326;1;TUG2;-0,3780;1,4339;2,4347;0,3345;0,0990;-0,0823;0,9336;;False
1241,21;42.74;pa030​;20250612_123326;1;TUG2;-0,3788;1,4343;2,4532;0,3342;0,0968;-0,0849;0,9337;;False
1241,22;42.75;pa030​;20250612_123326;1;TUG2;-0,3796;1,4345;2,4712;0,3299;0,0957;-0,0868;0,9351;;False
1241,24;42.76;pa030​;20250612_123326;1;TUG2;-0,3805;1,4350;2,4885;0,3246;0,0961;-0,0886;0,9368;;False
1241,25;42.78;pa030​;20250612_123326;1;TUG2;-0,3815;1,4361;2,5053;0,3237;0,0968;-0,0899;0,9369;;False
1241,27;42.79;pa030​;20250612_123326;1;TUG2;-0,3825;1,4374;2,5219;0,3247;0,0962;-0,0903;0,9366;;False
1241,28;42.8;pa030​;20250612_123326;1;TUG2;-0,3838;1,4390;2,5378;0,3264;0,0940;-0,0894;0,9363;;False
1241,29;42.82;pa030​;20250612_123326;1;TUG2;-0,3853;1,4405;2,5536;0,3293;0,0922;-0,0887;0,9355;;False
1241,31;42.83;pa030​;20250612_123326;1;TUG2;-0,3870;1,4420;2,5689;0,3327;0,0909;-0,0899;0,9343;;False
1241,32;42.85;pa030​;20250612_123326;1;TUG2;-0,3886;1,4437;2,5841;0,3378;0,0903;-0,0913;0,9324;;False
1241,34;42.86;pa030​;20250612_123326;1;TUG2;-0,3897;1,4453;2,5989;0,3426;0,0884;-0,0919;0,9308;;False
1241,35;42.87;pa030​;20250612_123326;1;TUG2;-0,3910;1,4468;2,6139;0,3466;0,0879;-0,0916;0,9294;;False
1241,36;42.89;pa030​;20250612_123326;1;TUG2;-0,3922;1,4484;2,6287;0,3493;0,0882;-0,0914;0,9284;;False
1241,38;42.9;pa030​;20250612_123326;1;TUG2;-0,3932;1,4502;2,6432;0,3520;0,0893;-0,0910;0,9273;;False
1241,39;42.92;pa030​;20250612_123326;1;TUG2;-0,3937;1,4522;2,6578;0,3543;0,0912;-0,0904;0,9263;;False
1241,41;42.93;pa030​;20250612_123326;1;TUG2;-0,3941;1,4539;2,6722;0,3554;0,0942;-0,0914;0,9254;;False
1241,42;42.94;pa030​;20250612_123326;1;TUG2;-0,3943;1,4556;2,6864;0,3559;0,0976;-0,0920;0,9249;;False
1241,43;42.96;pa030​;20250612_123326;1;TUG2;-0,3944;1,4570;2,7006;0,3564;0,1012;-0,0929;0,9242;;False
1241,45;42.97;pa030​;20250612_123326;1;TUG2;-0,3943;1,4579;2,7146;0,3566;0,1050;-0,0936;0,9236;;False
1241,46;42.99;pa030​;20250612_123326;1;TUG2;-0,3941;1,4586;2,7284;0,3565;0,1092;-0,0944;0,9231;;False
1241,47;43.0;pa030​;20250612_123326;1;TUG2;-0,3939;1,4591;2,7424;0,3569;0,1147;-0,0956;0,9221;;False
1241,49;43.01;pa030​;20250612_123326;1;TUG2;-0,3934;1,4592;2,7563;0,3569;0,1206;-0,0971;0,9212;;False
1241,50;43.03;pa030​;20250612_123326;1;TUG2;-0,3930;1,4591;2,7704;0,3566;0,1268;-0,0985;0,9203;;False
1241,52;43.04;pa030​;20250612_123326;1;TUG2;-0,3925;1,4582;2,7844;0,3559;0,1327;-0,1006;0,9196;;False
1241,53;43.05;pa030​;20250612_123326;1;TUG2;-0,3921;1,4572;2,7984;0,3549;0,1388;-0,1026;0,9188;;False
1241,54;43.07;pa030​;20250612_123326;1;TUG2;-0,3915;1,4558;2,8126;0,3540;0,1446;-0,1049;0,9180;;False
1241,56;43.08;pa030​;20250612_123326;1;TUG2;-0,3908;1,4542;2,8267;0,3525;0,1509;-0,1075;0,9173;;False
1241,57;43.1;pa030​;20250612_123326;1;TUG2;-0,3900;1,4523;2,8407;0,3507;0,1577;-0,1100;0,9166;Collision avec Gauche1 - Objet Parent Plot1;False
1241,59;43.11;pa030​;20250612_123326;1;TUG2;-0,3897;1,4502;2,8554;0,3496;0,1644;-0,1121;0,9155;Collision avec Gauche1 - Objet Parent Plot1;False
1241,60;43.13;pa030​;20250612_123326;1;TUG2;-0,3895;1,4477;2,8701;0,3484;0,1716;-0,1144;0,9144;Collision avec Gauche1 - Objet Parent Plot1;False
1241,61;43.14;pa030​;20250612_123326;1;TUG2;-0,3889;1,4451;2,8847;0,3481;0,1792;-0,1166;0,9127;Collision avec Gauche1 - Objet Parent Plot1;False
1241,63;43.15;pa030​;20250612_123326;1;TUG2;-0,3880;1,4423;2,8986;0,3470;0,1878;-0,1192;0,9111;Collision avec Gauche1 - Objet Parent Plot1;False
1241,64;43.17;pa030​;20250612_123326;1;TUG2;-0,3869;1,4395;2,9128;0,3462;0,1970;-0,1224;0,9090;Collision avec Gauche1 - Objet Parent Plot1;False
1241,66;43.18;pa030​;20250612_123326;1;TUG2;-0,3857;1,4366;2,9270;0,3454;0,2065;-0,1252;0,9069;Collision avec Gauche1 - Objet Parent Plot1;False
1241,67;43.19;pa030​;20250612_123326;1;TUG2;-0,3846;1,4337;2,9411;0,3442;0,2166;-0,1284;0,9045;Collision avec Gauche1 - Objet Parent Plot1;False
1241,68;43.21;pa030​;20250612_123326;1;TUG2;-0,3834;1,4304;2,9550;0,3420;0,2276;-0,1325;0,9020;Collision avec Gauche1 - Objet Parent Plot1;False
1241,70;43.22;pa030​;20250612_123326;1;TUG2;-0,3820;1,4273;2,9690;0,3404;0,2394;-0,1365;0,8990;Collision avec Gauche1 - Objet Parent Plot1;False
1241,71;43.23;pa030​;20250612_123326;1;TUG2;-0,3805;1,4251;2,9829;0,3409;0,2517;-0,1405;0,8948;Collision avec Gauche1 - Objet Parent Plot1;False
1241,73;43.25;pa030​;20250612_123326;1;TUG2;-0,3785;1,4237;2,9969;0,3442;0,2636;-0,1453;0,8893;Collision avec Gauche1 - Objet Parent Plot1;False
1241,74;43.26;pa030​;20250612_123326;1;TUG2;-0,3766;1,4223;3,0107;0,3441;0,2753;-0,1496;0,8851;Collision avec Gauche1 - Objet Parent Plot1;False
1241,75;43.28;pa030​;20250612_123326;1;TUG2;-0,3750;1,4209;3,0250;0,3422;0,2874;-0,1540;0,8812;Collision avec Gauche1 - Objet Parent Plot1;False
1241,77;43.29;pa030​;20250612_123326;1;TUG2;-0,3730;1,4199;3,0385;0,3399;0,3000;-0,1590;0,8770;Collision avec Gauche1 - Objet Parent Plot1;False
1241,78;43.31;pa030​;20250612_123326;1;TUG2;-0,3702;1,4186;3,0506;0,3355;0,3128;-0,1641;0,8733;Collision avec Gauche1 - Objet Parent Plot1;False
1241,79;43.32;pa030​;20250612_123326;1;TUG2;-0,3672;1,4169;3,0623;0,3318;0,3247;-0,1678;0,8697;Collision avec Gauche1 - Objet Parent Plot1;False
1241,81;43.33;pa030​;20250612_123326;1;TUG2;-0,3640;1,4162;3,0737;0,3328;0,3364;-0,1722;0,8639;Collision avec Gauche1 - Objet Parent Plot1;False
1241,82;43.35;pa030​;20250612_123326;1;TUG2;-0,3605;1,4164;3,0847;0,3356;0,3473;-0,1771;0,8575;Collision avec Gauche1 - Objet Parent Plot1;False
1241,84;43.36;pa030​;20250612_123326;1;TUG2;-0,3566;1,4159;3,0956;0,3365;0,3577;-0,1809;0,8521;Collision avec Gauche1 - Objet Parent Plot1;False
1241,85;43.37;pa030​;20250612_123326;1;TUG2;-0,3526;1,4158;3,1064;0,3360;0,3692;-0,1850;0,8465;Collision avec Gauche1 - Objet Parent Plot1;False
1241,86;43.39;pa030​;20250612_123326;1;TUG2;-0,3483;1,4166;3,1168;0,3372;0,3805;-0,1898;0,8399;Collision avec Gauche1 - Objet Parent Plot1;False
1241,88;43.4;pa030​;20250612_123326;1;TUG2;-0,3438;1,4176;3,1263;0,3382;0,3910;-0,1944;0,8337;Collision avec Gauche1 - Objet Parent Plot1;False
1241,89;43.42;pa030​;20250612_123326;1;TUG2;-0,3391;1,4189;3,1355;0,3397;0,4007;-0,1979;0,8276;Collision avec Gauche1 - Objet Parent Plot1;False
1241,90;43.43;pa030​;20250612_123326;1;TUG2;-0,3345;1,4201;3,1444;0,3410;0,4095;-0,2010;0,8220;Collision avec Gauche1 - Objet Parent Plot1;False
1241,92;43.45;pa030​;20250612_123326;1;TUG2;-0,3300;1,4214;3,1530;0,3430;0,4172;-0,2032;0,8167;Collision avec Gauche1 - Objet Parent Plot1;False
1241,93;43.46;pa030​;20250612_123326;1;TUG2;-0,3253;1,4231;3,1611;0,3459;0,4246;-0,2055;0,8111;Collision avec Gauche1 - Objet Parent Plot1;False
1241,95;43.47;pa030​;20250612_123326;1;TUG2;-0,3203;1,4250;3,1687;0,3485;0,4318;-0,2082;0,8055;Collision avec Gauche1 - Objet Parent Plot1;False
1241,96;43.49;pa030​;20250612_123326;1;TUG2;-0,3151;1,4267;3,1762;0,3503;0,4390;-0,2101;0,8003;Collision avec Gauche1 - Objet Parent Plot1;False
1241,98;43.5;pa030​;20250612_123326;1;TUG2;-0,3096;1,4284;3,1834;0,3512;0,4462;-0,2124;0,7953;Collision avec Gauche1 - Objet Parent Plot1;False
1241,99;43.51;pa030​;20250612_123326;1;TUG2;-0,3040;1,4300;3,1906;0,3523;0,4537;-0,2144;0,7900;Collision avec Gauche1 - Objet Parent Plot1;False
1242,00;43.53;pa030​;20250612_123326;1;TUG2;-0,2978;1,4312;3,1978;0,3523;0,4610;-0,2173;0,7849;Collision avec Gauche1 - Objet Parent Plot1;False
1242,02;43.54;pa030​;20250612_123326;1;TUG2;-0,2915;1,4321;3,2048;0,3519;0,4689;-0,2201;0,7796;Collision avec Gauche1 - Objet Parent Plot1;False
1242,03;43.55;pa030​;20250612_123326;1;TUG2;-0,2851;1,4330;3,2115;0,3510;0,4769;-0,2224;0,7745;Collision avec Gauche1 - Objet Parent Plot1;False
1242,04;43.57;pa030​;20250612_123326;1;TUG2;-0,2784;1,4337;3,2180;0,3502;0,4850;-0,2252;0,7690;Collision avec Gauche1 - Objet Parent Plot1;False
1242,06;43.58;pa030​;20250612_123326;1;TUG2;-0,2717;1,4337;3,2243;0,3468;0,4939;-0,2271;0,7643;Collision avec Gauche1 - Objet Parent Plot1;False
1242,07;43.6;pa030​;20250612_123326;1;TUG2;-0,2645;1,4337;3,2306;0,3445;0,5015;-0,2288;0,7599;Collision avec Gauche1 - Objet Parent Plot1;False
1242,09;43.61;pa030​;20250612_123326;1;TUG2;-0,2573;1,4334;3,2370;0,3430;0,5088;-0,2311;0,7551;Collision avec Gauche1 - Objet Parent Plot1;False
1242,10;43.63;pa030​;20250612_123326;1;TUG2;-0,2503;1,4330;3,2430;0,3413;0,5157;-0,2331;0,7505;Collision avec Gauche1 - Objet Parent Plot1;False
1242,11;43.64;pa030​;20250612_123326;1;TUG2;-0,2432;1,4323;3,2487;0,3395;0,5220;-0,2351;0,7463;Collision avec Gauche1 - Objet Parent Plot1;False
1242,13;43.65;pa030​;20250612_123326;1;TUG2;-0,2358;1,4315;3,2543;0,3384;0,5274;-0,2374;0,7422;Collision avec Gauche1 - Objet Parent Plot1;False
1242,14;43.67;pa030​;20250612_123326;1;TUG2;-0,2284;1,4305;3,2599;0,3368;0,5328;-0,2398;0,7384;Collision avec Chemin1 - Objet Parent Plot1;False
1242,16;43.68;pa030​;20250612_123326;1;TUG2;-0,2216;1,4293;3,2651;0,3349;0,5377;-0,2422;0,7349;Collision avec Chemin1 - Objet Parent Plot1;False
1242,17;43.7;pa030​;20250612_123326;1;TUG2;-0,2148;1,4280;3,2704;0,3331;0,5424;-0,2436;0,7318;Collision avec Chemin1 - Objet Parent Plot1;False
1242,18;43.71;pa030​;20250612_123326;1;TUG2;-0,2070;1,4267;3,2757;0,3308;0,5472;-0,2449;0,7289;Collision avec Chemin1 - Objet Parent Plot1;False
1242,20;43.72;pa030​;20250612_123326;1;TUG2;-0,1983;1,4253;3,2809;0,3274;0,5516;-0,2460;0,7267;Collision avec Chemin1 - Objet Parent Plot1;False
1242,21;43.74;pa030​;20250612_123326;1;TUG2;-0,1894;1,4238;3,2864;0,3234;0,5574;-0,2464;0,7239;Collision avec Chemin1 - Objet Parent Plot1;False
1242,22;43.75;pa030​;20250612_123326;1;TUG2;-0,1802;1,4227;3,2914;0,3189;0,5617;-0,2478;0,7221;Collision avec Chemin1 - Objet Parent Plot1;False
1242,24;43.76;pa030​;20250612_123326;1;TUG2;-0,1715;1,4214;3,2971;0,3135;0,5672;-0,2497;0,7195;Collision avec Chemin1 - Objet Parent Plot1;False
1242,25;43.78;pa030​;20250612_123326;1;TUG2;-0,1626;1,4202;3,3026;0,3085;0,5722;-0,2508;0,7172;;False
1242,27;43.79;pa030​;20250612_123326;1;TUG2;-0,1527;1,4190;3,3076;0,3037;0,5767;-0,2509;0,7158;;False
1242,28;43.81;pa030​;20250612_123326;1;TUG2;-0,1423;1,4179;3,3121;0,2986;0,5803;-0,2515;0,7147;;False
1242,29;43.82;pa030​;20250612_123326;1;TUG2;-0,1317;1,4171;3,3168;0,2945;0,5849;-0,2526;0,7123;;False
1242,31;43.83;pa030​;20250612_123326;1;TUG2;-0,1211;1,4167;3,3213;0,2918;0,5890;-0,2545;0,7093;;False
1242,32;43.85;pa030​;20250612_123326;1;TUG2;-0,1105;1,4165;3,3255;0,2900;0,5926;-0,2563;0,7064;;False
1242,34;43.86;pa030​;20250612_123326;1;TUG2;-0,1000;1,4163;3,3298;0,2881;0,5964;-0,2571;0,7037;;False
1242,35;43.87;pa030​;20250612_123326;1;TUG2;-0,0883;1,4164;3,3338;0,2851;0,6006;-0,2586;0,7008;;False
1242,36;43.89;pa030​;20250612_123326;1;TUG2;-0,0765;1,4169;3,3376;0,2815;0,6047;-0,2600;0,6982;;False
1242,38;43.9;pa030​;20250612_123326;1;TUG2;-0,0648;1,4179;3,3409;0,2775;0,6083;-0,2615;0,6961;;False
1242,39;43.92;pa030​;20250612_123326;1;TUG2;-0,0534;1,4191;3,3439;0,2725;0,6128;-0,2623;0,6939;;False
1242,41;43.93;pa030​;20250612_123326;1;TUG2;-0,0422;1,4206;3,3464;0,2661;0,6177;-0,2628;0,6918;;False
1242,42;43.94;pa030​;20250612_123326;1;TUG2;-0,0315;1,4223;3,3486;0,2594;0,6237;-0,2626;0,6890;;False
1242,43;43.96;pa030​;20250612_123326;1;TUG2;-0,0213;1,4242;3,3506;0,2524;0,6302;-0,2627;0,6856;;False
1242,45;43.97;pa030​;20250612_123326;1;TUG2;-0,0112;1,4264;3,3522;0,2471;0,6360;-0,2635;0,6819;;False
1242,46;43.99;pa030​;20250612_123326;1;TUG2;-0,0017;1,4287;3,3540;0,2434;0,6427;-0,2635;0,6770;;False
1242,47;44.0;pa030​;20250612_123326;1;TUG2;0,0076;1,4309;3,3551;0,2401;0,6494;-0,2648;0,6713;;False
1242,49;44.01;pa030​;20250612_123326;1;TUG2;0,0164;1,4328;3,3560;0,2363;0,6572;-0,2663;0,6644;;False
1242,50;44.03;pa030​;20250612_123326;1;TUG2;0,0253;1,4350;3,3570;0,2325;0,6653;-0,2670;0,6572;;False
1242,52;44.04;pa030​;20250612_123326;1;TUG2;0,0341;1,4370;3,3578;0,2288;0,6733;-0,2670;0,6504;;False
1242,53;44.06;pa030​;20250612_123326;1;TUG2;0,0425;1,4391;3,3583;0,2253;0,6812;-0,2672;0,6433;;False
1242,55;44.07;pa030​;20250612_123326;1;TUG2;0,0504;1,4415;3,3586;0,2226;0,6889;-0,2678;0,6357;;False
1242,56;44.08;pa030​;20250612_123326;1;TUG2;0,0581;1,4437;3,3581;0,2203;0,6962;-0,2683;0,6282;;False
1242,57;44.1;pa030​;20250612_123326;1;TUG2;0,0655;1,4458;3,3573;0,2177;0,7033;-0,2690;0,6210;;False
1242,59;44.11;pa030​;20250612_123326;1;TUG2;0,0726;1,4479;3,3567;0,2146;0,7108;-0,2699;0,6131;;False
1242,60;44.12;pa030​;20250612_123326;1;TUG2;0,0795;1,4499;3,3561;0,2125;0,7179;-0,2711;0,6050;;False
1242,61;44.14;pa030​;20250612_123326;1;TUG2;0,0861;1,4519;3,3552;0,2107;0,7252;-0,2723;0,5962;;False
1242,63;44.15;pa030​;20250612_123326;1;TUG2;0,0927;1,4538;3,3541;0,2092;0,7326;-0,2735;0,5872;;False
1242,64;44.17;pa030​;20250612_123326;1;TUG2;0,0995;1,4553;3,3520;0,2070;0,7397;-0,2747;0,5784;;False
1242,66;44.18;pa030​;20250612_123326;1;TUG2;0,1063;1,4568;3,3500;0,2045;0,7469;-0,2755;0,5696;;False
1242,67;44.19;pa030​;20250612_123326;1;TUG2;0,1131;1,4584;3,3481;0,2013;0,7541;-0,2764;0,5608;;False
1242,68;44.21;pa030​;20250612_123326;1;TUG2;0,1199;1,4600;3,3460;0,1974;0,7618;-0,2775;0,5511;;False
1242,70;44.22;pa030​;20250612_123326;1;TUG2;0,1266;1,4613;3,3437;0,1930;0,7695;-0,2779;0,5417;;False
1242,71;44.23;pa030​;20250612_123326;1;TUG2;0,1335;1,4626;3,3408;0,1890;0,7770;-0,2796;0,5314;;False
1242,73;44.25;pa030​;20250612_123326;1;TUG2;0,1404;1,4637;3,3374;0,1841;0,7849;-0,2808;0,5208;;False
1242,74;44.26;pa030​;20250612_123326;1;TUG2;0,1472;1,4646;3,3340;0,1793;0,7931;-0,2816;0,5094;;False
1242,75;44.28;pa030​;20250612_123326;1;TUG2;0,1539;1,4653;3,3307;0,1743;0,8008;-0,2824;0,4986;;False
1242,77;44.29;pa030​;20250612_123326;1;TUG2;0,1605;1,4660;3,3273;0,1694;0,8087;-0,2836;0,4867;;False
1242,78;44.31;pa030​;20250612_123326;1;TUG2;0,1670;1,4663;3,3239;0,1647;0,8164;-0,2846;0,4748;;False
1242,79;44.32;pa030​;20250612_123326;1;TUG2;0,1736;1,4662;3,3199;0,1600;0,8238;-0,2853;0,4630;;False
1242,81;44.33;pa030​;20250612_123326;1;TUG2;0,1803;1,4658;3,3155;0,1554;0,8309;-0,2864;0,4511;;False
1242,82;44.35;pa030​;20250612_123326;1;TUG2;0,1869;1,4654;3,3114;0,1510;0,8379;-0,2873;0,4388;;False
1242,84;44.36;pa030​;20250612_123326;1;TUG2;0,1934;1,4650;3,3072;0,1462;0,8445;-0,2883;0,4269;;False
1242,85;44.38;pa030​;20250612_123326;1;TUG2;0,2000;1,4646;3,3031;0,1420;0,8511;-0,2892;0,4146;;False
1242,86;44.39;pa030​;20250612_123326;1;TUG2;0,2066;1,4640;3,2986;0,1376;0,8572;-0,2902;0,4025;;False
1242,88;44.4;pa030​;20250612_123326;1;TUG2;0,2133;1,4634;3,2938;0,1334;0,8632;-0,2904;0,3908;;False
1242,89;44.42;pa030​;20250612_123326;1;TUG2;0,2201;1,4628;3,2888;0,1290;0,8690;-0,2914;0,3786;Collision avec Droite1 - Objet Parent Plot1;False
1242,91;44.43;pa030​;20250612_123326;1;TUG2;0,2268;1,4624;3,2837;0,1250;0,8744;-0,2924;0,3665;Collision avec Droite1 - Objet Parent Plot1;False
1242,92;44.44;pa030​;20250612_123326;1;TUG2;0,2335;1,4620;3,2788;0,1210;0,8798;-0,2929;0,3542;Collision avec Droite1 - Objet Parent Plot1;False
1242,93;44.46;pa030​;20250612_123326;1;TUG2;0,2402;1,4617;3,2737;0,1168;0,8853;-0,2928;0,3417;Collision avec Droite1 - Objet Parent Plot1;False
1242,95;44.47;pa030​;20250612_123326;1;TUG2;0,2470;1,4613;3,2675;0,1118;0,8910;-0,2927;0,3286;Collision avec Droite1 - Objet Parent Plot1;False
1242,96;44.49;pa030​;20250612_123326;1;TUG2;0,2539;1,4606;3,2592;0,1065;0,8967;-0,2918;0,3153;;False
1242,97;44.5;pa030​;20250612_123326;1;TUG2;0,2606;1,4601;3,2514;0,1012;0,9022;-0,2911;0,3018;;False
1242,99;44.51;pa030​;20250612_123326;1;TUG2;0,2671;1,4602;3,2463;0,0962;0,9073;-0,2914;0,2876;;False
1243,00;44.53;pa030​;20250612_123326;1;TUG2;0,2734;1,4602;3,2414;0,0910;0,9126;-0,2899;0,2737;;False
1243,02;44.54;pa030​;20250612_123326;1;TUG2;0,2799;1,4605;3,2364;0,0864;0,9173;-0,2896;0,2591;;False
1243,03;44.56;pa030​;20250612_123326;1;TUG2;0,2864;1,4609;3,2312;0,0825;0,9216;-0,2900;0,2444;;False
1243,04;44.57;pa030​;20250612_123326;1;TUG2;0,2928;1,4614;3,2254;0,0782;0,9257;-0,2901;0,2299;;False
1243,06;44.59;pa030​;20250612_123326;1;TUG2;0,2991;1,4619;3,2196;0,0741;0,9297;-0,2899;0,2150;;False
1243,07;44.6;pa030​;20250612_123326;1;TUG2;0,3053;1,4625;3,2144;0,0693;0,9334;-0,2893;0,2007;;False
1243,09;44.61;pa030​;20250612_123326;1;TUG2;0,3116;1,4635;3,2091;0,0654;0,9366;-0,2894;0,1862;;False
1243,10;44.63;pa030​;20250612_123326;1;TUG2;0,3175;1,4648;3,2035;0,0615;0,9393;-0,2905;0,1720;;False
1243,11;44.64;pa030​;20250612_123326;1;TUG2;0,3235;1,4659;3,1977;0,0581;0,9418;-0,2909;0,1582;;False
1243,13;44.65;pa030​;20250612_123326;1;TUG2;0,3292;1,4669;3,1917;0,0546;0,9442;-0,2910;0,1445;;False
1243,14;44.67;pa030​;20250612_123326;1;TUG2;0,3347;1,4680;3,1854;0,0517;0,9461;-0,2917;0,1310;;False
1243,16;44.68;pa030​;20250612_123326;1;TUG2;0,3399;1,4691;3,1790;0,0484;0,9478;-0,2922;0,1180;;False
1243,17;44.69;pa030​;20250612_123326;1;TUG2;0,3449;1,4700;3,1723;0,0446;0,9496;-0,2919;0,1053;;False
1243,18;44.71;pa030​;20250612_123326;1;TUG2;0,3497;1,4710;3,1656;0,0404;0,9514;-0,2911;0,0922;;False
1243,20;44.72;pa030​;20250612_123326;1;TUG2;0,3540;1,4721;3,1584;0,0369;0,9528;-0,2907;0,0794;;False
1243,21;44.74;pa030​;20250612_123326;1;TUG2;0,3576;1,4736;3,1509;0,0338;0,9536;-0,2917;0,0664;;False
1243,22;44.75;pa030​;20250612_123326;1;TUG2;0,3611;1,4752;3,1436;0,0311;0,9540;-0,2934;0,0531;;False
1243,24;44.76;pa030​;20250612_123326;1;TUG2;0,3643;1,4768;3,1367;0,0284;0,9544;-0,2945;0,0404;;False
1243,25;44.78;pa030​;20250612_123326;1;TUG2;0,3673;1,4783;3,1296;0,0264;0,9547;-0,2951;0,0283;;False
1243,27;44.79;pa030​;20250612_123326;1;TUG2;0,3698;1,4797;3,1226;0,0237;0,9549;-0,2955;0,0167;;False
1243,28;44.8;pa030​;20250612_123326;1;TUG2;0,3719;1,4807;3,1157;0,0217;0,9549;-0,2961;0,0054;;False
1243,29;44.82;pa030​;20250612_123326;1;TUG2;0,3738;1,4814;3,1088;0,0201;0,9546;-0,2973;-0,0061;;False
1243,31;44.83;pa030​;20250612_123326;1;TUG2;0,3756;1,4823;3,1018;0,0185;0,9540;-0,2987;-0,0172;;False
1243,32;44.85;pa030​;20250612_123326;1;TUG2;0,3772;1,4830;3,0946;0,0170;0,9534;-0,3000;-0,0276;;False
1243,34;44.86;pa030​;20250612_123326;1;TUG2;0,3787;1,4833;3,0872;0,0148;0,9529;-0,3006;-0,0380;;False
1243,35;44.88;pa030​;20250612_123326;1;TUG2;0,3801;1,4835;3,0796;0,0123;0,9521;-0,3015;-0,0484;;False
1243,36;44.89;pa030​;20250612_123326;1;TUG2;0,3811;1,4831;3,0714;0,0095;0,9515;-0,3021;-0,0579;;False
1243,38;44.9;pa030​;20250612_123326;1;TUG2;0,3822;1,4823;3,0629;0,0069;0,9508;-0,3025;-0,0672;;False
1243,39;44.92;pa030​;20250612_123326;1;TUG2;0,3830;1,4815;3,0544;0,0045;0,9500;-0,3032;-0,0752;;False
1243,40;44.93;pa030​;20250612_123326;1;TUG2;0,3837;1,4803;3,0458;0,0017;0,9488;-0,3046;-0,0838;;False
1243,42;44.94;pa030​;20250612_123326;1;TUG2;0,3842;1,4788;3,0368;-0,0007;0,9475;-0,3063;-0,0915;;False
1243,43;44.96;pa030​;20250612_123326;1;TUG2;0,3846;1,4771;3,0275;-0,0031;0,9463;-0,3077;-0,0990;;False
1243,45;44.97;pa030​;20250612_123326;1;TUG2;0,3849;1,4750;3,0178;-0,0056;0,9451;-0,3089;-0,1063;;False
1243,46;44.99;pa030​;20250612_123326;1;TUG2;0,3848;1,4725;3,0080;-0,0080;0,9442;-0,3096;-0,1124;;False
1243,47;45.0;pa030​;20250612_123326;1;TUG2;0,3848;1,4704;2,9980;-0,0104;0,9427;-0,3115;-0,1188;;False
1243,49;45.01;pa030​;20250612_123326;1;TUG2;0,3846;1,4683;2,9878;-0,0119;0,9413;-0,3138;-0,1241;;False
1243,50;45.03;pa030​;20250612_123326;1;TUG2;0,3843;1,4660;2,9773;-0,0131;0,9402;-0,3149;-0,1289;;False
1243,52;45.04;pa030​;20250612_123326;1;TUG2;0,3837;1,4634;2,9663;-0,0143;0,9395;-0,3153;-0,1330;;False
1243,53;45.06;pa030​;20250612_123326;1;TUG2;0,3831;1,4608;2,9548;-0,0150;0,9391;-0,3145;-0,1377;;False
1243,54;45.07;pa030​;20250612_123326;1;TUG2;0,3824;1,4582;2,9430;-0,0162;0,9389;-0,3134;-0,1411;;False
1243,56;45.08;pa030​;20250612_123326;1;TUG2;0,3822;1,4559;2,9309;-0,0163;0,9387;-0,3122;-0,1453;;False
1243,57;45.1;pa030​;20250612_123326;1;TUG2;0,3807;1,4535;2,9184;-0,0168;0,9388;-0,3123;-0,1443;;False
1243,59;45.11;pa030​;20250612_123326;1;TUG2;0,3797;1,4510;2,9056;-0,0183;0,9392;-0,3105;-0,1453;;False
1243,60;45.12;pa030​;20250612_123326;1;TUG2;0,3784;1,4480;2,8918;-0,0207;0,9399;-0,3084;-0,1455;;False
1243,61;45.14;pa030​;20250612_123326;1;TUG2;0,3770;1,4456;2,8775;-0,0248;0,9404;-0,3058;-0,1467;;False
1243,63;45.15;pa030​;20250612_123326;1;TUG2;0,3757;1,4437;2,8632;-0,0278;0,9412;-0,3026;-0,1474;;False
1243,64;45.17;pa030​;20250612_123326;1;TUG2;0,3744;1,4423;2,8488;-0,0315;0,9422;-0,2990;-0,1480;;False
1243,66;45.18;pa030​;20250612_123326;1;TUG2;0,3730;1,4411;2,8341;-0,0349;0,9433;-0,2948;-0,1486;;False
1243,67;45.19;pa030​;20250612_123326;1;TUG2;0,3715;1,4401;2,8190;-0,0369;0,9444;-0,2913;-0,1476;;False
1243,68;45.21;pa030​;20250612_123326;1;TUG2;0,3698;1,4393;2,8034;-0,0385;0,9449;-0,2906;-0,1459;;False
1243,70;45.22;pa030​;20250612_123326;1;TUG2;0,3680;1,4390;2,7876;-0,0398;0,9450;-0,2911;-0,1435;;False
1243,71;45.24;pa030​;20250612_123326;1;TUG2;0,3660;1,4388;2,7716;-0,0404;0,9457;-0,2900;-0,1408;;False
1243,73;45.25;pa030​;20250612_123326;1;TUG2;0,3642;1,4392;2,7554;-0,0417;0,9462;-0,2888;-0,1398;;False
1243,74;45.26;pa030​;20250612_123326;1;TUG2;0,3627;1,4399;2,7392;-0,0442;0,9465;-0,2876;-0,1394;;False
1243,75;45.28;pa030​;20250612_123326;1;TUG2;0,3609;1,4411;2,7228;-0,0454;0,9472;-0,2864;-0,1368;;False
1243,77;45.29;pa030​;20250612_123326;1;TUG2;0,3589;1,4424;2,7065;-0,0464;0,9483;-0,2842;-0,1336;;False
1243,78;45.31;pa030​;20250612_123326;1;TUG2;0,3572;1,4438;2,6907;-0,0472;0,9500;-0,2796;-0,1309;;False
1243,79;45.32;pa030​;20250612_123326;1;TUG2;0,3557;1,4459;2,6753;-0,0475;0,9513;-0,2761;-0,1288;;False
1243,81;45.33;pa030​;20250612_123326;1;TUG2;0,3544;1,4483;2,6602;-0,0489;0,9521;-0,2732;-0,1287;;False
1243,82;45.35;pa030​;20250612_123326;1;TUG2;0,3532;1,4508;2,6454;-0,0502;0,9527;-0,2705;-0,1289;;False
1243,84;45.36;pa030​;20250612_123326;1;TUG2;0,3524;1,4533;2,6304;-0,0508;0,9532;-0,2685;-0,1295;;False
1243,85;45.37;pa030​;20250612_123326;1;TUG2;0,3519;1,4558;2,6159;-0,0512;0,9536;-0,2669;-0,1295;;False
1243,86;45.39;pa030​;20250612_123326;1;TUG2;0,3516;1,4583;2,6017;-0,0507;0,9541;-0,2654;-0,1290;;False
1243,88;45.4;pa030​;20250612_123326;1;TUG2;0,3515;1,4610;2,5880;-0,0498;0,9547;-0,2641;-0,1280;;False
1243,89;45.42;pa030​;20250612_123326;1;TUG2;0,3514;1,4639;2,5745;-0,0483;0,9549;-0,2642;-0,1264;;False
1243,91;45.43;pa030​;20250612_123326;1;TUG2;0,3516;1,4670;2,5609;-0,0469;0,9550;-0,2651;-0,1243;;False
1243,92;45.44;pa030​;20250612_123326;1;TUG2;0,3522;1,4702;2,5466;-0,0458;0,9552;-0,2659;-0,1218;;False
1243,93;45.46;pa030​;20250612_123326;1;TUG2;0,3531;1,4732;2,5326;-0,0453;0,9555;-0,2659;-0,1193;;False
1243,95;45.47;pa030​;20250612_123326;1;TUG2;0,3538;1,4760;2,5194;-0,0453;0,9559;-0,2653;-0,1174;;False
1243,96;45.49;pa030​;20250612_123326;1;TUG2;0,3544;1,4787;2,5066;-0,0448;0,9561;-0,2654;-0,1159;;False
1243,98;45.5;pa030​;20250612_123326;1;TUG2;0,3550;1,4812;2,4939;-0,0443;0,9561;-0,2659;-0,1148;;False
1243,99;45.51;pa030​;20250612_123326;1;TUG2;0,3556;1,4829;2,4813;-0,0438;0,9562;-0,2659;-0,1140;;False
1244,00;45.53;pa030​;20250612_123326;1;TUG2;0,3563;1,4844;2,4688;-0,0430;0,9562;-0,2664;-0,1134;;False
1244,02;45.54;pa030​;20250612_123326;1;TUG2;0,3571;1,4854;2,4563;-0,0420;0,9561;-0,2673;-0,1124;;False
1244,03;45.56;pa030​;20250612_123326;1;TUG2;0,3580;1,4863;2,4439;-0,0405;0,9560;-0,2683;-0,1115;;False
1244,04;45.57;pa030​;20250612_123326;1;TUG2;0,3591;1,4868;2,4313;-0,0392;0,9559;-0,2693;-0,1104;;False
1244,06;45.58;pa030​;20250612_123326;1;TUG2;0,3602;1,4870;2,4186;-0,0377;0,9561;-0,2697;-0,1087;;False
1244,07;45.6;pa030​;20250612_123326;1;TUG2;0,3613;1,4866;2,4054;-0,0364;0,9563;-0,2693;-0,1074;;False
1244,09;45.61;pa030​;20250612_123326;1;TUG2;0,3627;1,4860;2,3920;-0,0353;0,9567;-0,2686;-0,1066;;False
1244,10;45.62;pa030​;20250612_123326;1;TUG2;0,3641;1,4849;2,3784;-0,0346;0,9572;-0,2672;-0,1054;;False
1244,11;45.64;pa030​;20250612_123326;1;TUG2;0,3656;1,4837;2,3650;-0,0340;0,9577;-0,2660;-0,1044;;False
1244,13;45.65;pa030​;20250612_123326;1;TUG2;0,3673;1,4822;2,3515;-0,0329;0,9581;-0,2653;-0,1026;;False
1244,14;45.67;pa030​;20250612_123326;1;TUG2;0,3690;1,4803;2,3378;-0,0323;0,9584;-0,2649;-0,1009;;False
1244,16;45.68;pa030​;20250612_123326;1;TUG2;0,3709;1,4778;2,3236;-0,0322;0,9586;-0,2648;-0,0995;;False
1244,17;45.69;pa030​;20250612_123326;1;TUG2;0,3730;1,4750;2,3092;-0,0330;0,9585;-0,2655;-0,0985;;False
1244,18;45.71;pa030​;20250612_123326;1;TUG2;0,3750;1,4723;2,2953;-0,0330;0,9583;-0,2666;-0,0971;;False
1244,20;45.72;pa030​;20250612_123326;1;TUG2;0,3772;1,4695;2,2811;-0,0320;0,9582;-0,2677;-0,0957;;False
1244,21;45.74;pa030​;20250612_123326;1;TUG2;0,3793;1,4666;2,2668;-0,0309;0,9581;-0,2686;-0,0943;;False
1244,23;45.75;pa030​;20250612_123326;1;TUG2;0,3815;1,4636;2,2518;-0,0296;0,9579;-0,2698;-0,0933;;False
1244,24;45.76;pa030​;20250612_123326;1;TUG2;0,3838;1,4607;2,2366;-0,0282;0,9581;-0,2699;-0,0920;;False
1244,26;45.78;pa030​;20250612_123326;1;TUG2;0,3861;1,4583;2,2208;-0,0277;0,9582;-0,2699;-0,0907;;False
1244,27;45.79;pa030​;20250612_123326;1;TUG2;0,3884;1,4560;2,2051;-0,0278;0,9585;-0,2693;-0,0899;;False
1244,28;45.8;pa030​;20250612_123326;1;TUG2;0,3907;1,4540;2,1891;-0,0277;0,9588;-0,2683;-0,0890;;False
1244,29;45.82;pa030​;20250612_123326;1;TUG2;0,3931;1,4525;2,1730;-0,0285;0,9591;-0,2676;-0,0879;;False
1244,31;45.83;pa030​;20250612_123326;1;TUG2;0,3957;1,4512;2,1568;-0,0290;0,9593;-0,2671;-0,0872;;False
1244,32;45.85;pa030​;20250612_123326;1;TUG2;0,3982;1,4506;2,1403;-0,0300;0,9587;-0,2695;-0,0863;;False
1244,34;45.86;pa030​;20250612_123326;1;TUG2;0,4007;1,4506;2,1234;-0,0307;0,9577;-0,2732;-0,0851;;False
1244,35;45.87;pa030​;20250612_123326;1;TUG2;0,4031;1,4510;2,1068;-0,0306;0,9574;-0,2744;-0,0842;;False
1244,36;45.89;pa030​;20250612_123326;1;TUG2;0,4057;1,4518;2,0905;-0,0300;0,9574;-0,2746;-0,0842;;False
1244,38;45.9;pa030​;20250612_123326;1;TUG2;0,4081;1,4535;2,0744;-0,0293;0,9570;-0,2761;-0,0841;;False
1244,39;45.91;pa030​;20250612_123326;1;TUG2;0,4104;1,4555;2,0582;-0,0283;0,9571;-0,2760;-0,0833;;False
1244,40;45.93;pa030​;20250612_123326;1;TUG2;0,4128;1,4577;2,0418;-0,0268;0,9573;-0,2760;-0,0820;;False
1244,42;45.94;pa030​;20250612_123326;1;TUG2;0,4152;1,4600;2,0261;-0,0260;0,9581;-0,2739;-0,0795;;False
1244,43;45.96;pa030​;20250612_123326;1;TUG2;0,4174;1,4624;2,0110;-0,0263;0,9594;-0,2703;-0,0765;;False
1244,45;45.97;pa030​;20250612_123326;1;TUG2;0,4195;1,4652;1,9960;-0,0273;0,9600;-0,2687;-0,0742;;False
1244,46;45.99;pa030​;20250612_123326;1;TUG2;0,4214;1,4679;1,9808;-0,0285;0,9603;-0,2678;-0,0726;;False
1244,47;46.0;pa030​;20250612_123326;1;TUG2;0,4235;1,4705;1,9655;-0,0300;0,9608;-0,2661;-0,0719;;False
1244,49;46.01;pa030​;20250612_123326;1;TUG2;0,4252;1,4729;1,9503;-0,0327;0,9616;-0,2629;-0,0714;;False
1244,50;46.03;pa030​;20250612_123326;1;TUG2;0,4268;1,4752;1,9354;-0,0350;0,9623;-0,2598;-0,0724;;False
1244,52;46.04;pa030​;20250612_123326;1;TUG2;0,4280;1,4774;1,9207;-0,0364;0,9628;-0,2578;-0,0723;;False
1244,53;46.06;pa030​;20250612_123326;1;TUG2;0,4292;1,4795;1,9063;-0,0371;0,9630;-0,2569;-0,0726;;False
1244,54;46.07;pa030​;20250612_123326;1;TUG2;0,4303;1,4816;1,8918;-0,0366;0,9629;-0,2575;-0,0723;;False
1244,56;46.08;pa030​;20250612_123326;1;TUG2;0,4314;1,4836;1,8773;-0,0354;0,9624;-0,2594;-0,0719;;False
1244,57;46.1;pa030​;20250612_123326;1;TUG2;0,4324;1,4853;1,8631;-0,0338;0,9619;-0,2619;-0,0714;;False
1244,59;46.11;pa030​;20250612_123326;1;TUG2;0,4333;1,4870;1,8493;-0,0323;0,9614;-0,2636;-0,0719;;False
1244,60;46.13;pa030​;20250612_123326;1;TUG2;0,4340;1,4885;1,8358;-0,0315;0,9610;-0,2650;-0,0728;;False
1244,62;46.14;pa030​;20250612_123326;1;TUG2;0,4345;1,4898;1,8224;-0,0311;0,9604;-0,2669;-0,0734;;False
1244,63;46.15;pa030​;20250612_123326;1;TUG2;0,4349;1,4909;1,8090;-0,0298;0,9599;-0,2688;-0,0734;;False
1244,64;46.17;pa030​;20250612_123326;1;TUG2;0,4352;1,4917;1,7954;-0,0287;0,9595;-0,2706;-0,0723;;False
1244,66;46.18;pa030​;20250612_123326;1;TUG2;0,4354;1,4923;1,7821;-0,0285;0,9592;-0,2722;-0,0717;;False
1244,67;46.19;pa030​;20250612_123326;1;TUG2;0,4355;1,4928;1,7689;-0,0287;0,9589;-0,2734;-0,0708;;False
1244,68;46.21;pa030​;20250612_123326;1;TUG2;0,4354;1,4932;1,7553;-0,0297;0,9585;-0,2745;-0,0704;;False
1244,70;46.22;pa030​;20250612_123326;1;TUG2;0,4357;1,4933;1,7412;-0,0317;0,9580;-0,2758;-0,0716;;False
1244,71;46.23;pa030​;20250612_123326;1;TUG2;0,4359;1,4929;1,7267;-0,0338;0,9580;-0,2750;-0,0732;;False
1244,72;46.25;pa030​;20250612_123326;1;TUG2;0,4358;1,4924;1,7121;-0,0361;0,9582;-0,2739;-0,0740;;False
1244,74;46.26;pa030​;20250612_123326;1;TUG2;0,4356;1,4916;1,6976;-0,0380;0,9583;-0,2731;-0,0750;;False
1244,75;46.28;pa030​;20250612_123326;1;TUG2;0,4354;1,4902;1,6832;-0,0391;0,9584;-0,2722;-0,0762;;False
1244,77;46.29;pa030​;20250612_123326;1;TUG2;0,4350;1,4886;1,6686;-0,0394;0,9584;-0,2721;-0,0771;;False
1244,78;46.31;pa030​;20250612_123326;1;TUG2;0,4345;1,4867;1,6539;-0,0393;0,9585;-0,2716;-0,0770;;False
1244,80;46.32;pa030​;20250612_123326;1;TUG2;0,4337;1,4845;1,6391;-0,0394;0,9586;-0,2715;-0,0768;;False
1244,81;46.33;pa030​;20250612_123326;1;TUG2;0,4330;1,4820;1,6244;-0,0397;0,9589;-0,2702;-0,0767;;False
1244,82;46.35;pa030​;20250612_123326;1;TUG2;0,4322;1,4793;1,6094;-0,0404;0,9592;-0,2691;-0,0768;;False
1244,84;46.36;pa030​;20250612_123326;1;TUG2;0,4313;1,4765;1,5943;-0,0412;0,9595;-0,2679;-0,0767;;False
1244,85;46.38;pa030​;20250612_123326;1;TUG2;0,4304;1,4736;1,5789;-0,0416;0,9597;-0,2674;-0,0757;;False
1244,88;46.4;pa030​;20250612_123326;1;TUG2;0,4280;1,4682;1,5478;-0,0430;0,9595;-0,2685;-0,0737;;False
1244,89;46.42;pa030​;20250612_123326;1;TUG2;0,4264;1,4657;1,5320;-0,0437;0,9593;-0,2692;-0,0730;;False
1244,91;46.43;pa030​;20250612_123326;1;TUG2;0,4248;1,4631;1,5160;-0,0443;0,9594;-0,2689;-0,0732;;False
1244,92;46.44;pa030​;20250612_123326;1;TUG2;0,4230;1,4613;1,4997;-0,0448;0,9584;-0,2720;-0,0745;;False
1244,93;46.46;pa030​;20250612_123326;1;TUG2;0,4209;1,4600;1,4830;-0,0445;0,9570;-0,2765;-0,0750;;False
1244,95;46.47;pa030​;20250612_123326;1;TUG2;0,4188;1,4590;1,4664;-0,0446;0,9562;-0,2794;-0,0752;;False
1244,96;46.48;pa030​;20250612_123326;1;TUG2;0,4170;1,4585;1,4496;-0,0458;0,9556;-0,2809;-0,0767;;False
1244,97;46.5;pa030​;20250612_123326;1;TUG2;0,4151;1,4587;1,4329;-0,0479;0,9547;-0,2830;-0,0785;;False
1244,99;46.51;pa030​;20250612_123326;1;TUG2;0,4132;1,4594;1,4164;-0,0496;0,9541;-0,2843;-0,0801;;False
1245,00;46.53;pa030​;20250612_123326;1;TUG2;0,4113;1,4602;1,4001;-0,0518;0,9540;-0,2836;-0,0826;;False
1245,02;46.54;pa030​;20250612_123326;1;TUG2;0,4094;1,4612;1,3844;-0,0550;0,9538;-0,2825;-0,0862;;False
1245,03;46.55;pa030​;20250612_123326;1;TUG2;0,4075;1,4629;1,3690;-0,0575;0,9531;-0,2832;-0,0900;;False
1245,04;46.57;pa030​;20250612_123326;1;TUG2;0,4055;1,4645;1,3540;-0,0593;0,9529;-0,2824;-0,0936;;False
1245,06;46.58;pa030​;20250612_123326;1;TUG2;0,4039;1,4661;1,3390;-0,0612;0,9524;-0,2825;-0,0972;;False
1245,07;46.6;pa030​;20250612_123326;1;TUG2;0,4026;1,4679;1,3242;-0,0625;0,9518;-0,2829;-0,1009;;False
1245,09;46.61;pa030​;20250612_123326;1;TUG2;0,4015;1,4696;1,3096;-0,0638;0,9512;-0,2834;-0,1040;;False
1245,10;46.62;pa030​;20250612_123326;1;TUG2;0,4006;1,4711;1,2951;-0,0650;0,9507;-0,2836;-0,1071;;False
1245,11;46.64;pa030​;20250612_123326;1;TUG2;0,3998;1,4727;1,2810;-0,0665;0,9501;-0,2841;-0,1103;;False
1245,13;46.65;pa030​;20250612_123326;1;TUG2;0,3992;1,4745;1,2671;-0,0676;0,9491;-0,2859;-0,1133;;False
1245,14;46.67;pa030​;20250612_123326;1;TUG2;0,3986;1,4764;1,2535;-0,0679;0,9485;-0,2874;-0,1144;;False
1245,16;46.68;pa030​;20250612_123326;1;TUG2;0,3983;1,4781;1,2396;-0,0683;0,9479;-0,2889;-0,1154;;False
1245,17;46.69;pa030​;20250612_123326;1;TUG2;0,3980;1,4797;1,2262;-0,0689;0,9474;-0,2902;-0,1163;;False
1245,18;46.71;pa030​;20250612_123326;1;TUG2;0,3978;1,4811;1,2131;-0,0697;0,9468;-0,2915;-0,1177;;False
1245,20;46.72;pa030​;20250612_123326;1;TUG2;0,3978;1,4823;1,2006;-0,0701;0,9461;-0,2929;-0,1192;;False
1245,21;46.74;pa030​;20250612_123326;1;TUG2;0,3978;1,4832;1,1883;-0,0705;0,9454;-0,2944;-0,1207;;False
1245,23;46.75;pa030​;20250612_123326;1;TUG2;0,3979;1,4838;1,1760;-0,0706;0,9447;-0,2960;-0,1219;;False
1245,24;46.76;pa030​;20250612_123326;1;TUG2;0,3978;1,4842;1,1635;-0,0708;0,9441;-0,2976;-0,1232;;False
1245,25;46.78;pa030​;20250612_123326;1;TUG2;0,3977;1,4842;1,1509;-0,0705;0,9434;-0,2990;-0,1247;;False
1245,27;46.79;pa030​;20250612_123326;1;TUG2;0,3976;1,4842;1,1383;-0,0704;0,9426;-0,3008;-0,1263;;False
1245,28;46.81;pa030​;20250612_123326;1;TUG2;0,3976;1,4838;1,1256;-0,0704;0,9420;-0,3021;-0,1283;;False
1245,30;46.82;pa030​;20250612_123326;1;TUG2;0,3976;1,4830;1,1129;-0,0703;0,9417;-0,3021;-0,1306;;False
1245,31;46.83;pa030​;20250612_123326;1;TUG2;0,3976;1,4822;1,1000;-0,0706;0,9414;-0,3019;-0,1329;;False
1245,32;46.85;pa030​;20250612_123326;1;TUG2;0,3977;1,4811;1,0869;-0,0711;0,9414;-0,3006;-0,1355;;False
1245,34;46.86;pa030​;20250612_123326;1;TUG2;0,3978;1,4798;1,0740;-0,0719;0,9411;-0,3002;-0,1382;;False
1245,35;46.87;pa030​;20250612_123326;1;TUG2;0,3980;1,4783;1,0612;-0,0724;0,9407;-0,2999;-0,1410;;False
1245,36;46.89;pa030​;20250612_123326;1;TUG2;0,3983;1,4766;1,0488;-0,0729;0,9401;-0,3004;-0,1439;;False
1245,38;46.9;pa030​;20250612_123326;1;TUG2;0,3987;1,4749;1,0364;-0,0733;0,9394;-0,3014;-0,1462;;False
1245,39;46.92;pa030​;20250612_123326;1;TUG2;0,3992;1,4728;1,0238;-0,0738;0,9387;-0,3023;-0,1487;;False
1245,41;46.93;pa030​;20250612_123326;1;TUG2;0,3997;1,4704;1,0112;-0,0748;0,9381;-0,3025;-0,1513;;False
1245,42;46.94;pa030​;20250612_123326;1;TUG2;0,4003;1,4681;0,9984;-0,0758;0,9375;-0,3026;-0,1542;;False
1245,43;46.96;pa030​;20250612_123326;1;TUG2;0,4009;1,4657;0,9858;-0,0768;0,9369;-0,3025;-0,1576;;False
1245,45;46.97;pa030​;20250612_123326;1;TUG2;0,4014;1,4634;0,9733;-0,0781;0,9362;-0,3025;-0,1610;;False
1245,46;46.99;pa030​;20250612_123326;1;TUG2;0,4020;1,4612;0,9606;-0,0793;0,9355;-0,3025;-0,1645;;False
1245,47;47.0;pa030​;20250612_123326;1;TUG2;0,4027;1,4590;0,9475;-0,0805;0,9347;-0,3022;-0,1687;;False
1245,49;47.01;pa030​;20250612_123326;1;TUG2;0,4034;1,4570;0,9344;-0,0818;0,9339;-0,3017;-0,1733;;False
1245,50;47.03;pa030​;20250612_123326;1;TUG2;0,4040;1,4549;0,9214;-0,0827;0,9333;-0,3006;-0,1781;;False
1245,52;47.04;pa030​;20250612_123326;1;TUG2;0,4047;1,4531;0,9080;-0,0839;0,9322;-0,3006;-0,1835;;False
1245,53;47.06;pa030​;20250612_123326;1;TUG2;0,4053;1,4521;0,8944;-0,0847;0,9304;-0,3030;-0,1882;;False
1245,54;47.07;pa030​;20250612_123326;1;TUG2;0,4059;1,4517;0,8807;-0,0857;0,9286;-0,3052;-0,1928;;False
1245,56;47.08;pa030​;20250612_123326;1;TUG2;0,4065;1,4514;0,8673;-0,0875;0,9273;-0,3054;-0,1980;;False
1245,57;47.1;pa030​;20250612_123326;1;TUG2;0,4071;1,4512;0,8541;-0,0899;0,9264;-0,3032;-0,2043;;False
1245,59;47.11;pa030​;20250612_123326;1;TUG2;0,4076;1,4521;0,8410;-0,0928;0,9246;-0,3036;-0,2107;;False
1245,60;47.13;pa030​;20250612_123326;1;TUG2;0,4079;1,4534;0,8281;-0,0945;0,9225;-0,3054;-0,2163;;False
1245,61;47.14;pa030​;20250612_123326;1;TUG2;0,4081;1,4546;0,8152;-0,0961;0,9209;-0,3059;-0,2215;;False
1245,63;47.15;pa030​;20250612_123326;1;TUG2;0,4081;1,4557;0,8023;-0,0983;0,9196;-0,3049;-0,2275;;False
1245,64;47.17;pa030​;20250612_123326;1;TUG2;0,4079;1,4575;0,7895;-0,1014;0,9176;-0,3049;-0,2340;;False
1245,66;47.18;pa030​;20250612_123326;1;TUG2;0,4074;1,4591;0,7769;-0,1041;0,9163;-0,3032;-0,2402;;False
1245,67;47.19;pa030​;20250612_123326;1;TUG2;0,4067;1,4602;0,7643;-0,1074;0,9149;-0,3009;-0,2467;;False
1245,68;47.21;pa030​;20250612_123326;1;TUG2;0,4059;1,4607;0,7519;-0,1112;0,9134;-0,2990;-0,2529;;False
1245,70;47.22;pa030​;20250612_123326;1;TUG2;0,4049;1,4611;0,7399;-0,1141;0,9119;-0,2976;-0,2584;;False
1245,71;47.24;pa030​;20250612_123326;1;TUG2;0,4037;1,4616;0,7279;-0,1165;0,9100;-0,2974;-0,2644;;False
1245,72;47.25;pa030​;20250612_123326;1;TUG2;0,4021;1,4621;0,7164;-0,1189;0,9083;-0,2967;-0,2698;;False
1245,74;47.27;pa030​;20250612_123326;1;TUG2;0,4004;1,4623;0,7051;-0,1215;0,9064;-0,2964;-0,2755;;False
1245,75;47.28;pa030​;20250612_123326;1;TUG2;0,3987;1,4625;0,6941;-0,1239;0,9041;-0,2965;-0,2816;;False
1245,77;47.29;pa030​;20250612_123326;1;TUG2;0,3968;1,4627;0,6833;-0,1264;0,9012;-0,2982;-0,2880;;False
1245,78;47.31;pa030​;20250612_123326;1;TUG2;0,3947;1,4629;0,6728;-0,1285;0,8979;-0,3008;-0,2947;;False
1245,79;47.32;pa030​;20250612_123326;1;TUG2;0,3927;1,4631;0,6629;-0,1300;0,8947;-0,3031;-0,3011;;False
1245,81;47.33;pa030​;20250612_123326;1;TUG2;0,3907;1,4632;0,6534;-0,1316;0,8916;-0,3051;-0,3076;;False
1245,82;47.35;pa030​;20250612_123326;1;TUG2;0,3887;1,4634;0,6442;-0,1324;0,8881;-0,3081;-0,3142;;False
1245,84;47.36;pa030​;20250612_123326;1;TUG2;0,3866;1,4636;0,6355;-0,1333;0,8848;-0,3114;-0,3201;;False
1245,85;47.37;pa030​;20250612_123326;1;TUG2;0,3843;1,4639;0,6268;-0,1338;0,8815;-0,3143;-0,3260;;False
1245,86;47.39;pa030​;20250612_123326;1;TUG2;0,3821;1,4641;0,6181;-0,1347;0,8784;-0,3162;-0,3322;;False
1245,88;47.4;pa030​;20250612_123326;1;TUG2;0,3797;1,4643;0,6096;-0,1365;0,8753;-0,3168;-0,3389;;False
1245,89;47.42;pa030​;20250612_123326;1;TUG2;0,3771;1,4643;0,6010;-0,1383;0,8724;-0,3164;-0,3459;;False
1245,91;47.43;pa030​;20250612_123326;1;TUG2;0,3744;1,4644;0,5923;-0,1408;0,8695;-0,3152;-0,3533;;False
1245,92;47.44;pa030​;20250612_123326;1;TUG2;0,3717;1,4645;0,5832;-0,1432;0,8669;-0,3136;-0,3601;;False
1245,93;47.46;pa030​;20250612_123326;1;TUG2;0,3689;1,4644;0,5741;-0,1459;0,8644;-0,3117;-0,3667;;False
1245,95;47.47;pa030​;20250612_123326;1;TUG2;0,3661;1,4640;0,5655;-0,1479;0,8621;-0,3106;-0,3721;;False
1245,96;47.49;pa030​;20250612_123326;1;TUG2;0,3633;1,4636;0,5571;-0,1496;0,8597;-0,3104;-0,3772;;False
1245,98;47.5;pa030​;20250612_123326;1;TUG2;0,3605;1,4629;0,5487;-0,1506;0,8571;-0,3109;-0,3821;;False
1245,99;47.51;pa030​;20250612_123326;1;TUG2;0,3576;1,4620;0,5404;-0,1521;0,8549;-0,3107;-0,3867;;False
1246,00;47.53;pa030​;20250612_123326;1;TUG2;0,3545;1,4611;0,5318;-0,1528;0,8526;-0,3106;-0,3915;;False
1246,02;47.54;pa030​;20250612_123326;1;TUG2;0,3512;1,4599;0,5231;-0,1538;0,8508;-0,3096;-0,3958;;False
1246,03;47.55;pa030​;20250612_123326;1;TUG2;0,3479;1,4587;0,5144;-0,1549;0,8488;-0,3088;-0,4002;;False
1246,04;47.57;pa030​;20250612_123326;1;TUG2;0,3446;1,4573;0,5057;-0,1558;0,8474;-0,3073;-0,4039;;False
1246,06;47.58;pa030​;20250612_123326;1;TUG2;0,3412;1,4558;0,4970;-0,1566;0,8462;-0,3057;-0,4073;;False
1246,07;47.6;pa030​;20250612_123326;1;TUG2;0,3376;1,4542;0,4881;-0,1574;0,8450;-0,3046;-0,4104;;False
1246,09;47.61;pa030​;20250612_123326;1;TUG2;0,3340;1,4526;0,4793;-0,1580;0,8441;-0,3038;-0,4126;;False
1246,10;47.62;pa030​;20250612_123326;1;TUG2;0,3302;1,4508;0,4704;-0,1585;0,8434;-0,3030;-0,4144;;False
1246,11;47.64;pa030​;20250612_123326;1;TUG2;0,3262;1,4491;0,4614;-0,1596;0,8430;-0,3014;-0,4161;;False
1246,13;47.65;pa030​;20250612_123326;1;TUG2;0,3222;1,4475;0,4522;-0,1612;0,8423;-0,2992;-0,4184;;False
1246,14;47.67;pa030​;20250612_123326;1;TUG2;0,3179;1,4458;0,4429;-0,1624;0,8418;-0,2971;-0,4204;;False
1246,15;47.68;pa030​;20250612_123326;1;TUG2;0,3133;1,4442;0,4329;-0,1640;0,8413;-0,2949;-0,4223;;False
1246,17;47.69;pa030​;20250612_123326;1;TUG2;0,3085;1,4426;0,4226;-0,1652;0,8410;-0,2927;-0,4241;;False
1246,18;47.71;pa030​;20250612_123326;1;TUG2;0,3035;1,4412;0,4126;-0,1664;0,8404;-0,2913;-0,4257;;False
1246,20;47.72;pa030​;20250612_123326;1;TUG2;0,2985;1,4399;0,4032;-0,1673;0,8396;-0,2901;-0,4276;;False
1246,21;47.74;pa030​;20250612_123326;1;TUG2;0,2932;1,4389;0,3937;-0,1688;0,8384;-0,2898;-0,4296;;False
1246,23;47.75;pa030​;20250612_123326;1;TUG2;0,2876;1,4384;0,3840;-0,1703;0,8371;-0,2901;-0,4314;;False
1246,24;47.76;pa030​;20250612_123326;1;TUG2;0,2818;1,4380;0,3740;-0,1715;0,8362;-0,2891;-0,4333;;False
1246,25;47.78;pa030​;20250612_123326;1;TUG2;0,2759;1,4381;0,3640;-0,1726;0,8353;-0,2881;-0,4354;;False
1246,27;47.79;pa030​;20250612_123326;1;TUG2;0,2702;1,4383;0,3543;-0,1735;0,8346;-0,2868;-0,4371;;False
1246,28;47.81;pa030​;20250612_123326;1;TUG2;0,2646;1,4387;0,3448;-0,1746;0,8342;-0,2852;-0,4386;;False
1246,29;47.82;pa030​;20250612_123326;1;TUG2;0,2592;1,4396;0,3356;-0,1760;0,8337;-0,2827;-0,4406;;False
1246,31;47.83;pa030​;20250612_123326;1;TUG2;0,2538;1,4406;0,3267;-0,1788;0,8328;-0,2791;-0,4434;;False
1246,32;47.85;pa030​;20250612_123326;1;TUG2;0,2487;1,4415;0,3181;-0,1814;0,8315;-0,2746;-0,4476;;False
1246,34;47.86;pa030​;20250612_123326;1;TUG2;0,2437;1,4425;0,3100;-0,1843;0,8292;-0,2713;-0,4526;;False
1246,35;47.88;pa030​;20250612_123326;1;TUG2;0,2391;1,4436;0,3022;-0,1859;0,8266;-0,2700;-0,4575;;False
1246,36;47.89;pa030​;20250612_123326;1;TUG2;0,2346;1,4446;0,2946;-0,1875;0,8236;-0,2707;-0,4618;;False
1246,38;47.91;pa030​;20250612_123326;1;TUG2;0,2302;1,4454;0,2871;-0,1877;0,8208;-0,2716;-0,4661;;False
1246,40;47.93;pa030​;20250612_123326;1;TUG2;0,2212;1,4475;0,2720;-0,1887;0,8148;-0,2731;-0,4753;;False
1246,42;47.94;pa030​;20250612_123326;1;TUG2;0,2167;1,4490;0,2647;-0,1897;0,8114;-0,2748;-0,4797;;False
1246,43;47.96;pa030​;20250612_123326;1;TUG2;0,2124;1,4501;0,2578;-0,1908;0,8082;-0,2749;-0,4846;;False
1246,45;47.97;pa030​;20250612_123326;1;TUG2;0,2081;1,4514;0,2512;-0,1926;0,8045;-0,2749;-0,4900;;False
1246,46;47.99;pa030​;20250612_123326;1;TUG2;0,2043;1,4526;0,2452;-0,1944;0,8002;-0,2748;-0,4964;;False
1246,47;48.0;pa030​;20250612_123326;1;TUG2;0,2003;1,4536;0,2391;-0,1965;0,7954;-0,2754;-0,5029;;False
1246,49;48.01;pa030​;20250612_123326;1;TUG2;0,1963;1,4546;0,2333;-0,1982;0,7903;-0,2763;-0,5098;;False
1246,50;48.03;pa030​;20250612_123326;1;TUG2;0,1925;1,4554;0,2281;-0,2001;0,7848;-0,2774;-0,5169;;False
1246,52;48.04;pa030​;20250612_123326;1;TUG2;0,1887;1,4563;0,2234;-0,2020;0,7790;-0,2780;-0,5245;;False
1246,53;48.06;pa030​;20250612_123326;1;TUG2;0,1849;1,4571;0,2190;-0,2036;0,7726;-0,2784;-0,5330;;False
1246,54;48.07;pa030​;20250612_123326;1;TUG2;0,1809;1,4580;0,2148;-0,2052;0,7658;-0,2782;-0,5422;;False
1246,56;48.08;pa030​;20250612_123326;1;TUG2;0,1768;1,4590;0,2110;-0,2067;0,7588;-0,2764;-0,5524;;False
1246,57;48.1;pa030​;20250612_123326;1;TUG2;0,1726;1,4599;0,2072;-0,2080;0,7511;-0,2735;-0,5637;;False
1246,59;48.11;pa030​;20250612_123326;1;TUG2;0,1684;1,4606;0,2037;-0,2094;0,7432;-0,2702;-0,5752;;False
1246,60;48.12;pa030​;20250612_123326;1;TUG2;0,1646;1,4612;0,2005;-0,2105;0,7345;-0,2660;-0,5878;;False
1246,61;48.14;pa030​;20250612_123326;1;TUG2;0,1610;1,4619;0,1975;-0,2123;0,7251;-0,2628;-0,6001;;False
1246,63;48.15;pa030​;20250612_123326;1;TUG2;0,1576;1,4623;0,1946;-0,2139;0,7157;-0,2598;-0,6120;;False
1246,64;48.17;pa030​;20250612_123326;1;TUG2;0,1545;1,4623;0,1916;-0,2160;0,7053;-0,2572;-0,6243;;False
1246,65;48.18;pa030​;20250612_123326;1;TUG2;0,1519;1,4621;0,1888;-0,2181;0,6951;-0,2550;-0,6358;;False
1246,67;48.19;pa030​;20250612_123326;1;TUG2;0,1496;1,4621;0,1862;-0,2200;0,6844;-0,2537;-0,6471;;False
1246,68;48.21;pa030​;20250612_123326;1;TUG2;0,1475;1,4622;0,1839;-0,2225;0,6732;-0,2528;-0,6584;;False
1246,70;48.22;pa030​;20250612_123326;1;TUG2;0,1456;1,4622;0,1817;-0,2251;0,6610;-0,2510;-0,6704;;False
1246,71;48.23;pa030​;20250612_123326;1;TUG2;0,1436;1,4624;0,1795;-0,2283;0,6480;-0,2492;-0,6825;;False
1246,72;48.25;pa030​;20250612_123326;1;TUG2;0,1418;1,4623;0,1771;-0,2308;0,6345;-0,2462;-0,6954;;False
1246,74;48.26;pa030​;20250612_123326;1;TUG2;0,1400;1,4623;0,1750;-0,2329;0,6206;-0,2421;-0,7086;;False
1246,75;48.28;pa030​;20250612_123326;1;TUG2;0,1383;1,4626;0,1729;-0,2347;0,6058;-0,2372;-0,7222;;False
1246,77;48.29;pa030​;20250612_123326;1;TUG2;0,1370;1,4628;0,1709;-0,2353;0,5903;-0,2315;-0,7366;;False
1246,78;48.3;pa030​;20250612_123326;1;TUG2;0,1359;1,4631;0,1690;-0,2364;0,5752;-0,2262;-0,7497;;False
1246,79;48.32;pa030​;20250612_123326;1;TUG2;0,1351;1,4634;0,1674;-0,2366;0,5598;-0,2215;-0,7626;;False
1246,81;48.33;pa030​;20250612_123326;1;TUG2;0,1346;1,4638;0,1657;-0,2378;0,5439;-0,2180;-0,7747;;False
1246,82;48.35;pa030​;20250612_123326;1;TUG2;0,1346;1,4644;0,1638;-0,2390;0,5283;-0,2144;-0,7861;;False
1246,84;48.36;pa030​;20250612_123326;1;TUG2;0,1350;1,4650;0,1614;-0,2402;0,5124;-0,2109;-0,7970;;False
1246,85;48.37;pa030​;20250612_123326;1;TUG2;0,1354;1,4657;0,1589;-0,2419;0,4967;-0,2074;-0,8074;;False
1246,86;48.39;pa030​;20250612_123326;1;TUG2;0,1363;1,4665;0,1560;-0,2435;0,4804;-0,2038;-0,8176;;False
1246,88;48.4;pa030​;20250612_123326;1;TUG2;0,1375;1,4675;0,1528;-0,2452;0,4645;-0,2001;-0,8271;;False
1246,89;48.42;pa030​;20250612_123326;1;TUG2;0,1387;1,4685;0,1495;-0,2465;0,4485;-0,1964;-0,8364;;False
1246,90;48.43;pa030​;20250612_123326;1;TUG2;0,1394;1,4700;0,1462;-0,2491;0,4318;-0,1938;-0,8449;;False
1246,92;48.44;pa030​;20250612_123326;1;TUG2;0,1405;1,4715;0,1429;-0,2514;0,4160;-0,1906;-0,8529;;False
1246,93;48.46;pa030​;20250612_123326;1;TUG2;0,1413;1,4729;0,1394;-0,2533;0,3997;-0,1874;-0,8608;;False
1246,95;48.47;pa030​;20250612_123326;1;TUG2;0,1423;1,4743;0,1357;-0,2544;0,3837;-0,1834;-0,8686;;False
1246,96;48.49;pa030​;20250612_123326;1;TUG2;0,1437;1,4756;0,1316;-0,2545;0,3684;-0,1791;-0,8760;;False
1246,97;48.5;pa030​;20250612_123326;1;TUG2;0,1450;1,4767;0,1274;-0,2540;0,3533;-0,1750;-0,8832;;False
1246,99;48.51;pa030​;20250612_123326;1;TUG2;0,1461;1,4779;0,1234;-0,2540;0,3394;-0,1718;-0,8893;;False
1247,00;48.53;pa030​;20250612_123326;1;TUG2;0,1472;1,4788;0,1194;-0,2533;0,3265;-0,1699;-0,8946;;False
1247,02;48.54;pa030​;20250612_123326;1;TUG2;0,1484;1,4799;0,1155;-0,2528;0,3149;-0,1679;-0,8993;;False
1247,03;48.55;pa030​;20250612_123326;1;TUG2;0,1499;1,4810;0,1117;-0,2523;0,3030;-0,1655;-0,9040;;False
1247,04;48.57;pa030​;20250612_123326;1;TUG2;0,1516;1,4821;0,1080;-0,2510;0,2909;-0,1621;-0,9089;;False
1247,06;48.58;pa030​;20250612_123326;1;TUG2;0,1530;1,4833;0,1041;-0,2496;0,2790;-0,1581;-0,9137;;False
1247,07;48.6;pa030​;20250612_123326;1;TUG2;0,1544;1,4846;0,1002;-0,2482;0,2675;-0,1541;-0,9182;;False
1247,09;48.61;pa030​;20250612_123326;1;TUG2;0,1558;1,4857;0,0961;-0,2463;0,2560;-0,1504;-0,9226;;False
1247,10;48.62;pa030​;20250612_123326;1;TUG2;0,1574;1,4868;0,0922;-0,2449;0,2451;-0,1475;-0,9264;;False
1247,11;48.64;pa030​;20250612_123326;1;TUG2;0,1591;1,4880;0,0881;-0,2432;0,2346;-0,1454;-0,9299;;False
1247,13;48.65;pa030​;20250612_123326;1;TUG2;0,1609;1,4893;0,0841;-0,2420;0,2248;-0,1435;-0,9329;;False
1247,14;48.67;pa030​;20250612_123326;1;TUG2;0,1627;1,4905;0,0803;-0,2406;0,2159;-0,1418;-0,9356;;False
1247,15;48.68;pa030​;20250612_123326;1;TUG2;0,1643;1,4916;0,0765;-0,2390;0,2069;-0,1397;-0,9384;;False
1247,17;48.69;pa030​;20250612_123326;1;TUG2;0,1658;1,4928;0,0729;-0,2377;0,1982;-0,1379;-0,9408;;False
1247,18;48.71;pa030​;20250612_123326;1;TUG2;0,1673;1,4940;0,0695;-0,2367;0,1904;-0,1363;-0,9430;;False
1247,20;48.72;pa030​;20250612_123326;1;TUG2;0,1688;1,4952;0,0659;-0,2351;0,1831;-0,1349;-0,9450;;False
1247,21;48.74;pa030​;20250612_123326;1;TUG2;0,1703;1,4963;0,0626;-0,2330;0,1766;-0,1339;-0,9469;;False
1247,22;48.75;pa030​;20250612_123326;1;TUG2;0,1717;1,4973;0,0594;-0,2313;0,1703;-0,1322;-0,9487;;False
1247,24;48.76;pa030​;20250612_123326;1;TUG2;0,1731;1,4983;0,0563;-0,2292;0,1647;-0,1308;-0,9504;;False
1247,25;48.78;pa030​;20250612_123326;1;TUG2;0,1744;1,4991;0,0534;-0,2266;0,1596;-0,1289;-0,9521;;False
1247,27;48.79;pa030​;20250612_123326;1;TUG2;0,1758;1,4999;0,0505;-0,2237;0,1551;-0,1268;-0,9538;;False
1247,28;48.81;pa030​;20250612_123326;1;TUG2;0,1772;1,5007;0,0478;-0,2208;0,1507;-0,1247;-0,9555;;False
1247,29;48.82;pa030​;20250612_123326;1;TUG2;0,1787;1,5015;0,0450;-0,2174;0,1459;-0,1226;-0,9573;;False
1247,31;48.83;pa030​;20250612_123326;1;TUG2;0,1804;1,5024;0,0423;-0,2140;0,1404;-0,1207;-0,9591;;False
1247,32;48.85;pa030​;20250612_123326;1;TUG2;0,1824;1,5033;0,0401;-0,2103;0,1349;-0,1190;-0,9609;;False
1247,34;48.86;pa030​;20250612_123326;1;TUG2;0,1843;1,5044;0,0379;-0,2064;0,1289;-0,1168;-0,9629;;False
1247,35;48.87;pa030​;20250612_123326;1;TUG2;0,1864;1,5055;0,0357;-0,2019;0,1234;-0,1148;-0,9648;;False
1247,36;48.89;pa030​;20250612_123326;1;TUG2;0,1886;1,5064;0,0336;-0,1963;0,1180;-0,1125;-0,9669;;False
1247,38;48.9;pa030​;20250612_123326;1;TUG2;0,1909;1,5072;0,0315;-0,1907;0,1130;-0,1100;-0,9689;;False
1247,39;48.92;pa030​;20250612_123326;1;TUG2;0,1933;1,5082;0,0294;-0,1863;0,1078;-0,1080;-0,9706;;False
1247,40;48.93;pa030​;20250612_123326;1;TUG2;0,1957;1,5094;0,0274;-0,1834;0,1028;-0,1064;-0,9718;;False
1247,42;48.94;pa030​;20250612_123326;1;TUG2;0,1981;1,5105;0,0256;-0,1809;0,0989;-0,1056;-0,9728;;False
1247,43;48.96;pa030​;20250612_123326;1;TUG2;0,2003;1,5118;0,0238;-0,1781;0,0951;-0,1047;-0,9738;;False
1247,45;48.97;pa030​;20250612_123326;1;TUG2;0,2024;1,5131;0,0220;-0,1750;0,0919;-0,1036;-0,9748;;False
1247,46;48.99;pa030​;20250612_123326;1;TUG2;0,2042;1,5145;0,0205;-0,1727;0,0884;-0,1022;-0,9757;;False
1247,47;49.0;pa030​;20250612_123326;1;TUG2;0,2058;1,5162;0,0193;-0,1716;0,0851;-0,1010;-0,9763;;False
1247,49;49.01;pa030​;20250612_123326;1;TUG2;0,2073;1,5178;0,0182;-0,1696;0,0826;-0,1000;-0,9769;;False
1247,50;49.03;pa030​;20250612_123326;1;TUG2;0,2088;1,5191;0,0171;-0,1665;0,0810;-0,0984;-0,9778;;False
1247,52;49.04;pa030​;20250612_123326;1;TUG2;0,2101;1,5202;0,0159;-0,1636;0,0794;-0,0968;-0,9785;;False
1247,53;49.05;pa030​;20250612_123326;1;TUG2;0,2115;1,5212;0,0146;-0,1616;0,0780;-0,0951;-0,9792;;False
1247,54;49.07;pa030​;20250612_123326;1;TUG2;0,2129;1,5217;0,0136;-0,1595;0,0772;-0,0933;-0,9797;;False
1247,56;49.08;pa030​;20250612_123326;1;TUG2;0,2141;1,5218;0,0125;-0,1575;0,0763;-0,0914;-0,9803;;False
1247,57;49.1;pa030​;20250612_123326;1;TUG2;0,2151;1,5216;0,0114;-0,1573;0,0764;-0,0904;-0,9804;;False
1247,59;49.11;pa030​;20250612_123326;1;TUG2;0,2161;1,5215;0,0105;-0,1576;0,0773;-0,0902;-0,9803;;False
1247,60;49.12;pa030​;20250612_123326;1;TUG2;0,2171;1,5213;0,0096;-0,1585;0,0785;-0,0905;-0,9801;;False
1247,61;49.14;pa030​;20250612_123326;1;TUG2;0,2180;1,5211;0,0087;-0,1610;0,0796;-0,0917;-0,9795;;False
1247,63;49.15;pa030​;20250612_123326;1;TUG2;0,2188;1,5203;0,0079;-0,1639;0,0805;-0,0934;-0,9787;;False
1247,64;49.17;pa030​;20250612_123326;1;TUG2;0,2196;1,5193;0,0073;-0,1666;0,0817;-0,0952;-0,9780;;False
1247,66;49.18;pa030​;20250612_123326;1;TUG2;0,2201;1,5183;0,0067;-0,1697;0,0829;-0,0970;-0,9772;;False
1247,67;49.19;pa030​;20250612_123326;1;TUG2;0,2205;1,5174;0,0060;-0,1723;0,0843;-0,0988;-0,9764;;False
1247,68;49.21;pa030​;20250612_123326;1;TUG2;0,2208;1,5165;0,0055;-0,1756;0,0863;-0,1009;-0,9755;;False
1247,70;49.22;pa030​;20250612_123326;1;TUG2;0,2210;1,5155;0,0050;-0,1789;0,0892;-0,1034;-0,9743;;False
1247,71;49.23;pa030​;20250612_123326;1;TUG2;0,2210;1,5144;0,0047;-0,1823;0,0934;-0,1064;-0,9730;;False
1247,72;49.25;pa030​;20250612_123326;1;TUG2;0,2209;1,5131;0,0045;-0,1857;0,0990;-0,1094;-0,9715;;False
1247,74;49.26;pa030​;20250612_123326;1;TUG2;0,2207;1,5118;0,0043;-0,1900;0,1064;-0,1128;-0,9695;;False
1247,75;49.28;pa030​;20250612_123326;1;TUG2;0,2202;1,5102;0,0041;-0,1940;0,1151;-0,1162;-0,9673;;False
1247,77;49.29;pa030​;20250612_123326;1;TUG2;0,2196;1,5085;0,0038;-0,1990;0,1250;-0,1201;-0,9646;;False
1247,78;49.31;pa030​;20250612_123326;1;TUG2;0,2191;1,5068;0,0034;-0,2043;0,1346;-0,1242;-0,9616;;False
1247,79;49.32;pa030​;20250612_123326;1;TUG2;0,2186;1,5049;0,0034;-0,2105;0,1440;-0,1290;-0,9583;;False
1247,81;49.33;pa030​;20250612_123326;1;TUG2;0,2179;1,5027;0,0033;-0,2170;0,1532;-0,1339;-0,9547;;False
1247,82;49.35;pa030​;20250612_123326;1;TUG2;0,2170;1,5003;0,0031;-0,2243;0,1628;-0,1390;-0,9507;;False
1247,84;49.36;pa030​;20250612_123326;1;TUG2;0,2158;1,4974;0,0029;-0,2315;0,1733;-0,1453;-0,9462;;False
1247,85;49.37;pa030​;20250612_123326;1;TUG2;0,2144;1,4942;0,0024;-0,2405;0,1836;-0,1521;-0,9409;;False
1247,86;49.39;pa030​;20250612_123326;1;TUG2;0,2128;1,4905;0,0017;-0,2524;0,1938;-0,1591;-0,9346;;False
1247,88;49.4;pa030​;20250612_123326;1;TUG2;0,2113;1,4861;0,0008;-0,2652;0,2052;-0,1658;-0,9274;;False
1247,89;49.42;pa030​;20250612_123326;1;TUG2;0,2100;1,4814;-0,0003;-0,2780;0,2175;-0,1732;-0,9195;;False
1247,90;49.43;pa030​;20250612_123326;1;TUG2;0,2091;1,4767;-0,0011;-0,2911;0,2305;-0,1829;-0,9103;;False
1247,92;49.44;pa030​;20250612_123326;1;TUG2;0,2083;1,4721;-0,0018;-0,3045;0,2443;-0,1946;-0,8999;;False
1247,93;49.46;pa030​;20250612_123326;1;TUG2;0,2073;1,4677;-0,0024;-0,3170;0,2592;-0,2052;-0,8889;;False
1247,95;49.47;pa030​;20250612_123326;1;TUG2;0,2057;1,4633;-0,0033;-0,3280;0,2745;-0,2133;-0,8784;;False
1247,96;49.49;pa030​;20250612_123326;1;TUG2;0,2037;1,4591;-0,0038;-0,3371;0,2912;-0,2168;-0,8687;;False
1247,98;49.5;pa030​;20250612_123326;1;TUG2;0,2016;1,4550;-0,0041;-0,3439;0,3071;-0,2171;-0,8604;;False
1247,99;49.51;pa030​;20250612_123326;1;TUG2;0,1994;1,4511;-0,0039;-0,3505;0,3216;-0,2171;-0,8524;;False
1248,00;49.53;pa030​;20250612_123326;1;TUG2;0,1974;1,4472;-0,0036;-0,3557;0,3347;-0,2150;-0,8457;;False
1248,02;49.54;pa030​;20250612_123326;1;TUG2;0,1955;1,4435;-0,0035;-0,3610;0,3472;-0,2139;-0,8386;;False
1248,03;49.56;pa030​;20250612_123326;1;TUG2;0,1939;1,4401;-0,0037;-0,3667;0,3591;-0,2120;-0,8317;;False
1248,04;49.57;pa030​;20250612_123326;1;TUG2;0,1924;1,4368;-0,0036;-0,3725;0,3700;-0,2101;-0,8248;;False
1248,06;49.58;pa030​;20250612_123326;1;TUG2;0,1913;1,4337;-0,0034;-0,3774;0,3792;-0,2098;-0,8184;;False
1248,07;49.6;pa030​;20250612_123326;1;TUG2;0,1904;1,4308;-0,0031;-0,3825;0,3870;-0,2101;-0,8123;;False
1248,09;49.61;pa030​;20250612_123326;1;TUG2;0,1898;1,4282;-0,0027;-0,3875;0,3940;-0,2112;-0,8062;;False
1248,10;49.63;pa030​;20250612_123326;1;TUG2;0,1894;1,4258;-0,0022;-0,3925;0,3997;-0,2134;-0,8004;;False
1248,11;49.64;pa030​;20250612_123326;1;TUG2;0,1887;1,4235;-0,0018;-0,3973;0,4051;-0,2154;-0,7948;;False
1248,13;49.65;pa030​;20250612_123326;1;TUG2;0,1880;1,4213;-0,0013;-0,4013;0,4095;-0,2164;-0,7902;;False
1248,14;49.67;pa030​;20250612_123326;1;TUG2;0,1872;1,4193;-0,0006;-0,4048;0,4130;-0,2169;-0,7864;;False
1248,15;49.68;pa030​;20250612_123326;1;TUG2;0,1864;1,4174;0,0005;-0,4081;0,4163;-0,2175;-0,7829;;False
1248,17;49.69;pa030​;20250612_123326;1;TUG2;0,1855;1,4157;0,0018;-0,4105;0,4189;-0,2185;-0,7799;;False
1248,18;49.71;pa030​;20250612_123326;1;TUG2;0,1845;1,4139;0,0033;-0,4127;0,4212;-0,2191;-0,7774;;False
1248,20;49.72;pa030​;20250612_123326;1;TUG2;0,1834;1,4123;0,0047;-0,4149;0,4231;-0,2194;-0,7751;;False
1248,21;49.74;pa030​;20250612_123326;1;TUG2;0,1821;1,4109;0,0059;-0,4167;0,4249;-0,2198;-0,7729;;False
1248,22;49.75;pa030​;20250612_123326;1;TUG2;0,1807;1,4095;0,0072;-0,4189;0,4268;-0,2197;-0,7708;;False
1248,24;49.76;pa030​;20250612_123326;1;TUG2;0,1793;1,4080;0,0086;-0,4208;0,4287;-0,2186;-0,7690;;False
1248,26;49.78;pa030​;20250612_123326;1;TUG2;0,1780;1,4067;0,0102;-0,4237;0,4302;-0,2168;-0,7671;;False
1248,27;49.79;pa030​;20250612_123326;1;TUG2;0,1765;1,4054;0,0116;-0,4263;0,4310;-0,2155;-0,7655;;False
1248,28;49.81;pa030​;20250612_123326;1;TUG2;0,1752;1,4043;0,0132;-0,4294;0,4321;-0,2139;-0,7637;;False
1248,30;49.82;pa030​;20250612_123326;1;TUG2;0,1738;1,4032;0,0148;-0,4327;0,4327;-0,2121;-0,7619;;False
1248,31;49.83;pa030​;20250612_123326;1;TUG2;0,1724;1,4022;0,0164;-0,4358;0,4329;-0,2105;-0,7605;;False
1248,32;49.85;pa030​;20250612_123326;1;TUG2;0,1713;1,4014;0,0178;-0,4388;0,4329;-0,2086;-0,7593;;False
1248,34;49.86;pa030​;20250612_123326;1;TUG2;0,1702;1,4009;0,0192;-0,4420;0,4321;-0,2075;-0,7582;;False
1248,35;49.87;pa030​;20250612_123326;1;TUG2;0,1692;1,4002;0,0209;-0,4454;0,4310;-0,2063;-0,7571;;False
1248,36;49.89;pa030​;20250612_123326;1;TUG2;0,1682;1,3997;0,0229;-0,4488;0,4293;-0,2055;-0,7564;;False
1248,38;49.9;pa030​;20250612_123326;1;TUG2;0,1673;1,3992;0,0250;-0,4523;0,4268;-0,2047;-0,7559;;False
1248,39;49.91;pa030​;20250612_123326;1;TUG2;0,1663;1,3988;0,0272;-0,4554;0,4242;-0,2035;-0,7558;;False
1248,40;49.93;pa030​;20250612_123326;1;TUG2;0,1651;1,3984;0,0293;-0,4586;0,4202;-0,2011;-0,7568;;False
1248,42;49.94;pa030​;20250612_123326;1;TUG2;0,1639;1,3978;0,0315;-0,4612;0,4162;-0,1979;-0,7582;;False
1248,43;49.96;pa030​;20250612_123326;1;TUG2;0,1628;1,3975;0,0334;-0,4634;0,4116;-0,1934;-0,7606;;False
1248,45;49.97;pa030​;20250612_123326;1;TUG2;0,1619;1,3974;0,0352;-0,4661;0,4066;-0,1882;-0,7629;;False
1248,46;49.99;pa030​;20250612_123326;1;TUG2;0,1612;1,3972;0,0368;-0,4683;0,4011;-0,1828;-0,7658;;False
1248,47;50.0;pa030​;20250612_123326;1;TUG2;0,1606;1,3966;0,0393;-0,4705;0,3958;-0,1778;-0,7684;;False
1248,49;50.01;pa030​;20250612_123326;1;TUG2;0,1601;1,3961;0,0416;-0,4723;0,3900;-0,1738;-0,7711;;False
1248,50;50.03;pa030​;20250612_123326;1;TUG2;0,1597;1,3956;0,0440;-0,4741;0,3844;-0,1702;-0,7737;;False
1248,52;50.04;pa030​;20250612_123326;1;TUG2;0,1592;1,3953;0,0461;-0,4751;0,3782;-0,1662;-0,7770;;False
1248,53;50.05;pa030​;20250612_123326;1;TUG2;0,1587;1,3952;0,0481;-0,4761;0,3715;-0,1615;-0,7805;;False
1248,54;50.07;pa030​;20250612_123326;1;TUG2;0,1582;1,3952;0,0501;-0,4766;0,3646;-0,1564;-0,7845;;False
1248,56;50.08;pa030​;20250612_123326;1;TUG2;0,1580;1,3951;0,0522;-0,4769;0,3573;-0,1507;-0,7888;;False
1248,57;50.1;pa030​;20250612_123326;1;TUG2;0,1579;1,3954;0,0544;-0,4769;0,3487;-0,1451;-0,7937;;False
1248,59;50.11;pa030​;20250612_123326;1;TUG2;0,1580;1,3959;0,0566;-0,4766;0,3398;-0,1388;-0,7988;;False
1248,60;50.12;pa030​;20250612_123326;1;TUG2;0,1580;1,3968;0,0588;-0,4756;0,3291;-0,1313;-0,8051;;False
1248,61;50.14;pa030​;20250612_123326;1;TUG2;0,1580;1,3980;0,0610;-0,4742;0,3159;-0,1230;-0,8125;;False
1248,63;50.15;pa030​;20250612_123326;1;TUG2;0,1582;1,3992;0,0637;-0,4723;0,3018;-0,1134;-0,8204;;False
1248,64;50.17;pa030​;20250612_123326;1;TUG2;0,1587;1,4004;0,0665;-0,4692;0,2869;-0,1027;-0,8289;;False
1248,66;50.18;pa030​;20250612_123326;1;TUG2;0,1592;1,4017;0,0692;-0,4657;0,2709;-0,0914;-0,8375;;False
1248,67;50.19;pa030​;20250612_123326;1;TUG2;0,1598;1,4034;0,0716;-0,4617;0,2553;-0,0801;-0,8457;;False
1248,68;50.21;pa030​;20250612_123326;1;TUG2;0,1605;1,4052;0,0738;-0,4579;0,2393;-0,0683;-0,8534;;False
1248,70;50.22;pa030​;20250612_123326;1;TUG2;0,1612;1,4068;0,0759;-0,4544;0,2238;-0,0580;-0,8603;;False
1248,71;50.23;pa030​;20250612_123326;1;TUG2;0,1621;1,4080;0,0778;-0,4506;0,2085;-0,0482;-0,8667;;False
1248,72;50.25;pa030​;20250612_123326;1;TUG2;0,1630;1,4090;0,0795;-0,4472;0,1930;-0,0398;-0,8725;;False
1248,74;50.26;pa030​;20250612_123326;1;TUG2;0,1638;1,4098;0,0811;-0,4433;0,1772;-0,0314;-0,8781;;False
1248,75;50.28;pa030​;20250612_123326;1;TUG2;0,1647;1,4108;0,0826;-0,4393;0,1610;-0,0223;-0,8835;;False
1248,77;50.29;pa030​;20250612_123326;1;TUG2;0,1654;1,4118;0,0838;-0,4351;0,1439;-0,0126;-0,8887;;False
1248,78;50.31;pa030​;20250612_123326;1;TUG2;0,1662;1,4127;0,0849;-0,4305;0,1271;-0,0036;-0,8936;;False
1248,79;50.32;pa030​;20250612_123326;1;TUG2;0,1669;1,4133;0,0859;-0,4259;0,1106;0,0046;-0,8980;;False
1248,81;50.33;pa030​;20250612_123326;1;TUG2;0,1673;1,4139;0,0869;-0,4214;0,0951;0,0120;-0,9018;;False
1248,82;50.35;pa030​;20250612_123326;1;TUG2;0,1675;1,4147;0,0880;-0,4191;0,0804;0,0185;-0,9042;;False
1248,84;50.36;pa030​;20250612_123326;1;TUG2;0,1677;1,4156;0,0888;-0,4146;0,0666;0,0246;-0,9072;;False
1248,85;50.37;pa030​;20250612_123326;1;TUG2;0,1677;1,4161;0,0896;-0,4085;0,0542;0,0314;-0,9106;;False
1248,86;50.39;pa030​;20250612_123326;1;TUG2;0,1674;1,4163;0,0901;-0,4011;0,0417;0,0372;-0,9143;;False
1248,88;50.4;pa030​;20250612_123326;1;TUG2;0,1672;1,4164;0,0905;-0,3935;0,0294;0,0427;-0,9179;;False
1248,89;50.42;pa030​;20250612_123326;1;TUG2;0,1672;1,4160;0,0906;-0,3855;0,0176;0,0475;-0,9213;;False
1248,90;50.43;pa030​;20250612_123326;1;TUG2;0,1675;1,4156;0,0905;-0,3771;0,0069;0,0505;-0,9248;;False
1248,92;50.44;pa030​;20250612_123326;1;TUG2;0,1675;1,4157;0,0910;-0,3692;-0,0030;0,0512;-0,9279;;False
1248,93;50.46;pa030​;20250612_123326;1;TUG2;0,1679;1,4154;0,0906;-0,3651;-0,0117;0,0513;-0,9295;;False
1248,95;50.47;pa030​;20250612_123326;1;TUG2;0,1692;1,4157;0,0888;-0,3619;-0,0189;0,0506;-0,9306;;False
1248,96;50.49;pa030​;20250612_123326;1;TUG2;0,1700;1,4158;0,0875;-0,3612;-0,0238;0,0484;-0,9309;;False
1248,97;50.5;pa030​;20250612_123326;1;TUG2;0,1708;1,4159;0,0864;-0,3601;-0,0278;0,0459;-0,9314;;False
1248,99;50.51;pa030​;20250612_123326;1;TUG2;0,1717;1,4157;0,0856;-0,3577;-0,0302;0,0437;-0,9323;;False
1249,00;50.53;pa030​;20250612_123326;1;TUG2;0,1727;1,4154;0,0851;-0,3545;-0,0336;0,0432;-0,9334;;False
1249,02;50.54;pa030​;20250612_123326;1;TUG2;0,1737;1,4153;0,0845;-0,3492;-0,0358;0,0433;-0,9354;;False
1249,03;50.55;pa030​;20250612_123326;1;TUG2;0,1747;1,4154;0,0841;-0,3446;-0,0380;0,0438;-0,9370;;False
1249,04;50.57;pa030​;20250612_123326;1;TUG2;0,1758;1,4155;0,0837;-0,3400;-0,0398;0,0445;-0,9385;;False
1249,06;50.58;pa030​;20250612_123326;1;TUG2;0,1771;1,4154;0,0832;-0,3354;-0,0408;0,0448;-0,9401;;False
1249,07;50.6;pa030​;20250612_123326;1;TUG2;0,1785;1,4152;0,0828;-0,3316;-0,0412;0,0449;-0,9415;;False
1249,09;50.61;pa030​;20250612_123326;1;TUG2;0,1800;1,4145;0,0829;-0,3291;-0,0415;0,0450;-0,9423;;False
1249,10;50.62;pa030​;20250612_123326;1;TUG2;0,1815;1,4134;0,0833;-0,3262;-0,0428;0,0446;-0,9433;;False
1249,11;50.64;pa030​;20250612_123326;1;TUG2;0,1832;1,4121;0,0837;-0,3235;-0,0445;0,0440;-0,9442;;False
1249,13;50.65;pa030​;20250612_123326;1;TUG2;0,1850;1,4099;0,0845;-0,3200;-0,0463;0,0431;-0,9453;;False
1249,14;50.67;pa030​;20250612_123326;1;TUG2;0,1868;1,4067;0,0864;-0,3155;-0,0466;0,0402;-0,9469;;False
1249,16;50.68;pa030​;20250612_123326;1;TUG2;0,1887;1,4033;0,0889;-0,3113;-0,0457;0,0369;-0,9485;;False
1249,17;50.69;pa030​;20250612_123326;1;TUG2;0,1905;1,3991;0,0916;-0,3061;-0,0438;0,0352;-0,9503;;False
1249,18;50.71;pa030​;20250612_123326;1;TUG2;0,1921;1,3947;0,0944;-0,3022;-0,0435;0,0364;-0,9516;;False
1249,20;50.72;pa030​;20250612_123326;1;TUG2;0,1938;1,3892;0,0970;-0,2946;-0,0431;0,0383;-0,9539;;False
1249,21;50.74;pa030​;20250612_123326;1;TUG2;0,1950;1,3834;0,0995;-0,2866;-0,0427;0,0394;-0,9563;;False
1249,22;50.75;pa030​;20250612_123326;1;TUG2;0,1966;1,3772;0,1021;-0,2806;-0,0409;0,0400;-0,9581;;False
1249,24;50.76;pa030​;20250612_123326;1;TUG2;0,1983;1,3704;0,1048;-0,2741;-0,0384;0,0396;-0,9601;;False
1249,25;50.78;pa030​;20250612_123326;1;TUG2;0,2001;1,3627;0,1073;-0,2668;-0,0372;0,0389;-0,9622;;False
1249,27;50.79;pa030​;20250612_123326;1;TUG2;0,2019;1,3544;0,1095;-0,2609;-0,0366;0,0379;-0,9639;;False
1249,28;50.81;pa030​;20250612_123326;1;TUG2;0,2037;1,3455;0,1117;-0,2555;-0,0368;0,0355;-0,9655;;False
