Timestamp;ElapsedTime;ID_Subject;ID_Session;sessionNumber;ID_Test;HeadPosition_X;HeadPosition_Y;HeadPosition_Z;HeadRotation_X;HeadRotation_Y;HeadRotation_Z;HeadRotation_W;Events;FalseStart
1820,63;0.0;PA019​;20250526_093943;1;FO2;-0,0288;1,4374;0,1083;0,0535;0,0104;0,0038;-0,9985;;False
1820,64;0.02;PA019​;20250526_093943;1;FO2;-0,0297;1,4382;0,1067;0,0545;0,0110;0,0029;-0,9984;;False
1820,68;0.05;PA019​;20250526_093943;1;FO2;-0,0311;1,4396;0,1033;0,0579;0,0118;0,0022;-0,9983;;False
1820,69;0.07;PA019​;20250526_093943;1;FO2;-0,0321;1,4410;0,1001;0,0606;0,0126;0,0013;-0,9981;;False
1820,71;0.08;PA019​;20250526_093943;1;FO2;-0,0324;1,4416;0,0987;0,0624;0,0125;0,0007;-0,9980;;False
1820,72;0.1;PA019​;20250526_093943;1;FO2;-0,0325;1,4422;0,0974;0,0643;0,0123;0,0006;-0,9979;;False
1820,74;0.11;PA019​;20250526_093943;1;FO2;-0,0326;1,4428;0,0962;0,0663;0,0120;0,0005;-0,9977;;False
1820,75;0.13;PA019​;20250526_093943;1;FO2;-0,0326;1,4434;0,0951;0,0687;0,0115;0,0005;-0,9976;;False
1820,77;0.14;PA019​;20250526_093943;1;FO2;-0,0326;1,4440;0,0943;0,0720;0,0110;0,0009;-0,9973;;False
1820,79;0.16;PA019​;20250526_093943;1;FO2;-0,0324;1,4445;0,0935;0,0755;0,0109;0,0010;-0,9971;;False
1820,80;0.17;PA019​;20250526_093943;1;FO2;-0,0322;1,4451;0,0929;0,0785;0,0106;0,0015;-0,9969;;False
1820,81;0.19;PA019​;20250526_093943;1;FO2;-0,0320;1,4455;0,0923;0,0822;0,0104;0,0022;-0,9966;;False
1820,83;0.2;PA019​;20250526_093943;1;FO2;-0,0318;1,4461;0,0918;0,0850;0,0100;0,0029;-0,9963;;False
1820,84;0.22;PA019​;20250526_093943;1;FO2;-0,0316;1,4464;0,0915;0,0878;0,0097;0,0038;-0,9961;;False
1820,86;0.23;PA019​;20250526_093943;1;FO2;-0,0314;1,4467;0,0911;0,0896;0,0094;0,0047;-0,9959;;False
1820,87;0.25;PA019​;20250526_093943;1;FO2;-0,0310;1,4469;0,0904;0,0930;0,0085;0,0057;-0,9956;;False
1820,89;0.26;PA019​;20250526_093943;1;FO2;-0,0305;1,4470;0,0903;0,0926;0,0086;0,0060;-0,9956;;False
1820,90;0.28;PA019​;20250526_093943;1;FO2;-0,0303;1,4470;0,0903;0,0925;0,0084;0,0067;-0,9957;;False
1820,92;0.29;PA019​;20250526_093943;1;FO2;-0,0301;1,4472;0,0904;0,0925;0,0085;0,0071;-0,9957;;False
1820,93;0.31;PA019​;20250526_093943;1;FO2;-0,0299;1,4473;0,0906;0,0924;0,0086;0,0079;-0,9956;;False
1820,95;0.32;PA019​;20250526_093943;1;FO2;-0,0297;1,4474;0,0903;0,0925;0,0087;0,0089;-0,9956;;False
1820,96;0.34;PA019​;20250526_093943;1;FO2;-0,0295;1,4474;0,0906;0,0922;0,0089;0,0098;-0,9957;;False
1820,98;0.35;PA019​;20250526_093943;1;FO2;-0,0293;1,4473;0,0908;0,0917;0,0092;0,0105;-0,9957;;False
1820,99;0.37;PA019​;20250526_093943;1;FO2;-0,0291;1,4471;0,0911;0,0915;0,0093;0,0114;-0,9957;;False
1821,01;0.38;PA019​;20250526_093943;1;FO2;-0,0290;1,4467;0,0916;0,0907;0,0093;0,0121;-0,9958;;False
1821,02;0.4;PA019​;20250526_093943;1;FO2;-0,0290;1,4465;0,0921;0,0900;0,0093;0,0128;-0,9958;;False
1821,04;0.41;PA019​;20250526_093943;1;FO2;-0,0290;1,4462;0,0927;0,0888;0,0091;0,0137;-0,9959;;False
1821,05;0.43;PA019​;20250526_093943;1;FO2;-0,0290;1,4459;0,0933;0,0877;0,0093;0,0143;-0,9960;;False
1821,07;0.44;PA019​;20250526_093943;1;FO2;-0,0291;1,4453;0,0944;0,0859;0,0096;0,0156;-0,9961;;False
1821,08;0.46;PA019​;20250526_093943;1;FO2;-0,0292;1,4450;0,0950;0,0850;0,0098;0,0162;-0,9962;;False
1821,10;0.47;PA019​;20250526_093943;1;FO2;-0,0293;1,4446;0,0957;0,0842;0,0100;0,0164;-0,9963;;False
1821,11;0.49;PA019​;20250526_093943;1;FO2;-0,0295;1,4442;0,0964;0,0832;0,0099;0,0166;-0,9963;;False
1821,13;0.5;PA019​;20250526_093943;1;FO2;-0,0297;1,4437;0,0972;0,0824;0,0095;0,0169;-0,9964;;False
1821,14;0.52;PA019​;20250526_093943;1;FO2;-0,0298;1,4432;0,0981;0,0811;0,0090;0,0168;-0,9965;;False
1821,16;0.53;PA019​;20250526_093943;1;FO2;-0,0299;1,4428;0,0990;0,0800;0,0082;0,0165;-0,9966;;False
1821,17;0.55;PA019​;20250526_093943;1;FO2;-0,0301;1,4424;0,1001;0,0790;0,0076;0,0164;-0,9967;;False
1821,19;0.56;PA019​;20250526_093943;1;FO2;-0,0303;1,4420;0,1013;0,0782;0,0072;0,0160;-0,9968;;False
1821,20;0.58;PA019​;20250526_093943;1;FO2;-0,0307;1,4415;0,1025;0,0776;0,0066;0,0156;-0,9968;;False
1821,22;0.59;PA019​;20250526_093943;1;FO2;-0,0309;1,4410;0,1037;0,0765;0,0063;0,0154;-0,9969;;False
1821,23;0.61;PA019​;20250526_093943;1;FO2;-0,0314;1,4399;0,1062;0,0748;0,0056;0,0150;-0,9971;;False
1821,25;0.62;PA019​;20250526_093943;1;FO2;-0,0317;1,4395;0,1075;0,0740;0,0057;0,0147;-0,9971;;False
1821,27;0.64;PA019​;20250526_093943;1;FO2;-0,0320;1,4389;0,1089;0,0735;0,0063;0,0145;-0,9972;;False
1821,28;0.66;PA019​;20250526_093943;1;FO2;-0,0323;1,4383;0,1103;0,0729;0,0069;0,0143;-0,9972;;False
1821,30;0.67;PA019​;20250526_093943;1;FO2;-0,0327;1,4377;0,1116;0,0722;0,0076;0,0143;-0,9973;;False
1821,31;0.69;PA019​;20250526_093943;1;FO2;-0,0330;1,4372;0,1130;0,0714;0,0084;0,0142;-0,9973;;False
1821,33;0.7;PA019​;20250526_093943;1;FO2;-0,0334;1,4367;0,1143;0,0708;0,0094;0,0138;-0,9974;;False
1821,34;0.72;PA019​;20250526_093943;1;FO2;-0,0338;1,4363;0,1156;0,0703;0,0106;0,0139;-0,9974;;False
1821,36;0.73;PA019​;20250526_093943;1;FO2;-0,0346;1,4353;0,1182;0,0697;0,0132;0,0142;-0,9974;;False
1821,37;0.75;PA019​;20250526_093943;1;FO2;-0,0350;1,4350;0,1195;0,0693;0,0153;0,0133;-0,9974;;False
1821,39;0.77;PA019​;20250526_093943;1;FO2;-0,0358;1,4346;0,1207;0,0693;0,0175;0,0132;-0,9974;;False
1821,41;0.78;PA019​;20250526_093943;1;FO2;-0,0365;1,4343;0,1219;0,0687;0,0196;0,0140;-0,9973;;False
1821,42;0.8;PA019​;20250526_093943;1;FO2;-0,0372;1,4340;0,1231;0,0683;0,0223;0,0136;-0,9973;;False
1821,44;0.81;PA019​;20250526_093943;1;FO2;-0,0381;1,4337;0,1241;0,0681;0,0253;0,0129;-0,9973;;False
1821,45;0.83;PA019​;20250526_093943;1;FO2;-0,0391;1,4335;0,1252;0,0682;0,0287;0,0122;-0,9972;;False
1821,47;0.84;PA019​;20250526_093943;1;FO2;-0,0401;1,4333;0,1262;0,0684;0,0320;0,0120;-0,9971;;False
1821,48;0.86;PA019​;20250526_093943;1;FO2;-0,0412;1,4332;0,1272;0,0688;0,0355;0,0112;-0,9969;;False
1821,50;0.87;PA019​;20250526_093943;1;FO2;-0,0433;1,4328;0,1290;0,0693;0,0424;0,0097;-0,9966;;False
1821,51;0.89;PA019​;20250526_093943;1;FO2;-0,0446;1,4328;0,1299;0,0693;0,0460;0,0092;-0,9965;;False
1821,53;0.9;PA019​;20250526_093943;1;FO2;-0,0457;1,4326;0,1307;0,0692;0,0497;0,0088;-0,9963;;False
1821,55;0.92;PA019​;20250526_093943;1;FO2;-0,0469;1,4323;0,1313;0,0697;0,0534;0,0077;-0,9961;;False
1821,56;0.93;PA019​;20250526_093943;1;FO2;-0,0482;1,4322;0,1319;0,0701;0,0569;0,0068;-0,9959;;False
1821,58;0.95;PA019​;20250526_093943;1;FO2;-0,0497;1,4321;0,1324;0,0703;0,0605;0,0058;-0,9957;;False
1821,59;0.97;PA019​;20250526_093943;1;FO2;-0,0510;1,4319;0,1328;0,0709;0,0645;0,0052;-0,9954;;False
1821,61;0.98;PA019​;20250526_093943;1;FO2;-0,0525;1,4318;0,1332;0,0711;0,0682;0,0043;-0,9951;;False
1821,62;1.0;PA019​;20250526_093943;1;FO2;-0,0540;1,4317;0,1335;0,0719;0,0720;0,0035;-0,9948;;False
1821,64;1.01;PA019​;20250526_093943;1;FO2;-0,0555;1,4317;0,1337;0,0725;0,0753;0,0024;-0,9945;;False
1821,65;1.03;PA019​;20250526_093943;1;FO2;-0,0584;1,4317;0,1341;0,0736;0,0825;0,0005;-0,9939;;False
1821,67;1.04;PA019​;20250526_093943;1;FO2;-0,0596;1,4316;0,1341;0,0749;0,0862;-0,0005;-0,9935;;False
1821,68;1.06;PA019​;20250526_093943;1;FO2;-0,0609;1,4317;0,1341;0,0759;0,0887;-0,0012;-0,9932;;False
1821,70;1.07;PA019​;20250526_093943;1;FO2;-0,0619;1,4317;0,1340;0,0768;0,0914;-0,0021;-0,9928;;False
1821,71;1.09;PA019​;20250526_093943;1;FO2;-0,0631;1,4317;0,1338;0,0776;0,0935;-0,0030;-0,9926;;False
1821,73;1.1;PA019​;20250526_093943;1;FO2;-0,0641;1,4318;0,1336;0,0787;0,0951;-0,0030;-0,9924;;False
1821,74;1.12;PA019​;20250526_093943;1;FO2;-0,0649;1,4319;0,1334;0,0801;0,0962;-0,0030;-0,9921;;False
1821,76;1.13;PA019​;20250526_093943;1;FO2;-0,0656;1,4320;0,1332;0,0812;0,0969;-0,0031;-0,9920;;False
1821,77;1.15;PA019​;20250526_093943;1;FO2;-0,0664;1,4321;0,1329;0,0824;0,0971;-0,0031;-0,9919;;False
1821,79;1.16;PA019​;20250526_093943;1;FO2;-0,0669;1,4323;0,1326;0,0834;0,0974;-0,0028;-0,9917;;False
1821,80;1.18;PA019​;20250526_093943;1;FO2;-0,0674;1,4325;0,1321;0,0844;0,0971;-0,0030;-0,9917;;False
1821,82;1.19;PA019​;20250526_093943;1;FO2;-0,0678;1,4327;0,1316;0,0853;0,0968;-0,0033;-0,9916;;False
1821,83;1.21;PA019​;20250526_093943;1;FO2;-0,0684;1,4332;0,1305;0,0873;0,0965;-0,0033;-0,9915;;False
1821,85;1.22;PA019​;20250526_093943;1;FO2;-0,0686;1,4335;0,1299;0,0878;0,0959;-0,0032;-0,9915;;False
1821,86;1.24;PA019​;20250526_093943;1;FO2;-0,0687;1,4337;0,1292;0,0880;0,0950;-0,0030;-0,9916;;False
1821,88;1.25;PA019​;20250526_093943;1;FO2;-0,0687;1,4339;0,1285;0,0884;0,0941;-0,0025;-0,9916;;False
1821,89;1.26;PA019​;20250526_093943;1;FO2;-0,0686;1,4340;0,1278;0,0884;0,0931;-0,0021;-0,9917;;False
1821,91;1.29;PA019​;20250526_093943;1;FO2;-0,0686;1,4343;0,1270;0,0889;0,0919;-0,0017;-0,9918;;False
1821,93;1.3;PA019​;20250526_093943;1;FO2;-0,0684;1,4345;0,1263;0,0894;0,0908;-0,0008;-0,9918;;False
1821,94;1.32;PA019​;20250526_093943;1;FO2;-0,0681;1,4349;0,1247;0,0902;0,0882;0,0005;-0,9920;;False
1821,96;1.33;PA019​;20250526_093943;1;FO2;-0,0678;1,4348;0,1241;0,0909;0,0865;0,0017;-0,9921;;False
1821,97;1.35;PA019​;20250526_093943;1;FO2;-0,0675;1,4348;0,1234;0,0911;0,0846;0,0027;-0,9922;;False
1821,99;1.36;PA019​;20250526_093943;1;FO2;-0,0671;1,4349;0,1228;0,0912;0,0821;0,0036;-0,9924;;False
1822,00;1.38;PA019​;20250526_093943;1;FO2;-0,0666;1,4349;0,1223;0,0913;0,0789;0,0052;-0,9927;;False
1822,02;1.39;PA019​;20250526_093943;1;FO2;-0,0659;1,4346;0,1218;0,0910;0,0749;0,0069;-0,9930;;False
1822,03;1.41;PA019​;20250526_093943;1;FO2;-0,0653;1,4342;0,1213;0,0904;0,0700;0,0079;-0,9934;;False
1822,05;1.42;PA019​;20250526_093943;1;FO2;-0,0646;1,4336;0,1208;0,0895;0,0644;0,0095;-0,9939;;False
1822,06;1.44;PA019​;20250526_093943;1;FO2;-0,0638;1,4330;0,1204;0,0880;0,0579;0,0116;-0,9944;;False
1822,08;1.45;PA019​;20250526_093943;1;FO2;-0,0631;1,4322;0,1199;0,0870;0,0505;0,0133;-0,9948;;False
1822,09;1.47;PA019​;20250526_093943;1;FO2;-0,0622;1,4313;0,1194;0,0859;0,0426;0,0152;-0,9953;;False
1822,11;1.48;PA019​;20250526_093943;1;FO2;-0,0612;1,4303;0,1190;0,0840;0,0340;0,0161;-0,9958;;False
1822,12;1.5;PA019​;20250526_093943;1;FO2;-0,0590;1,4282;0,1179;0,0808;0,0184;0,0175;-0,9964;;False
1822,14;1.51;PA019​;20250526_093943;1;FO2;-0,0579;1,4273;0,1172;0,0789;0,0099;0,0162;-0,9967;;False
1822,15;1.53;PA019​;20250526_093943;1;FO2;-0,0564;1,4270;0,1166;0,0769;0,0023;0,0149;-0,9969;;False
1822,17;1.54;PA019​;20250526_093943;1;FO2;-0,0551;1,4270;0,1159;0,0749;-0,0052;0,0129;-0,9971;;False
1822,18;1.56;PA019​;20250526_093943;1;FO2;-0,0533;1,4269;0,1150;0,0736;-0,0111;0,0115;-0,9972;;False
1822,20;1.57;PA019​;20250526_093943;1;FO2;-0,0516;1,4272;0,1141;0,0720;-0,0170;0,0111;-0,9972;;False
1822,21;1.59;PA019​;20250526_093943;1;FO2;-0,0494;1,4274;0,1131;0,0715;-0,0220;0,0117;-0,9971;;False
1822,23;1.6;PA019​;20250526_093943;1;FO2;-0,0471;1,4281;0,1122;0,0717;-0,0269;0,0116;-0,9970;;False
1822,24;1.61;PA019​;20250526_093943;1;FO2;-0,0447;1,4286;0,1113;0,0731;-0,0308;0,0116;-0,9968;;False
1822,26;1.63;PA019​;20250526_093943;1;FO2;-0,0423;1,4294;0,1103;0,0748;-0,0333;0,0113;-0,9966;;False
1822,27;1.65;PA019​;20250526_093943;1;FO2;-0,0395;1,4300;0,1093;0,0775;-0,0348;0,0119;-0,9963;;False
1822,28;1.66;PA019​;20250526_093943;1;FO2;-0,0367;1,4306;0,1083;0,0798;-0,0371;0,0129;-0,9960;;False
1822,30;1.67;PA019​;20250526_093943;1;FO2;-0,0336;1,4308;0,1072;0,0817;-0,0390;0,0152;-0,9958;;False
1822,31;1.69;PA019​;20250526_093943;1;FO2;-0,0304;1,4312;0,1062;0,0828;-0,0411;0,0173;-0,9956;;False
1822,33;1.7;PA019​;20250526_093943;1;FO2;-0,0272;1,4314;0,1053;0,0841;-0,0430;0,0200;-0,9953;;False
1822,35;1.72;PA019​;20250526_093943;1;FO2;-0,0205;1,4318;0,1036;0,0862;-0,0463;0,0243;-0,9949;;False
1822,36;1.74;PA019​;20250526_093943;1;FO2;-0,0171;1,4316;0,1029;0,0871;-0,0472;0,0259;-0,9947;;False
1822,38;1.75;PA019​;20250526_093943;1;FO2;-0,0137;1,4315;0,1023;0,0874;-0,0472;0,0267;-0,9947;;False
1822,39;1.77;PA019​;20250526_093943;1;FO2;-0,0103;1,4315;0,1018;0,0874;-0,0466;0,0269;-0,9947;;False
1822,41;1.78;PA019​;20250526_093943;1;FO2;-0,0068;1,4317;0,1014;0,0876;-0,0457;0,0273;-0,9947;;False
1822,42;1.8;PA019​;20250526_093943;1;FO2;-0,0032;1,4317;0,1011;0,0880;-0,0445;0,0276;-0,9947;;False
1822,44;1.81;PA019​;20250526_093943;1;FO2;0,0005;1,4318;0,1009;0,0884;-0,0429;0,0277;-0,9948;;False
1822,45;1.83;PA019​;20250526_093943;1;FO2;0,0043;1,4318;0,1008;0,0893;-0,0414;0,0276;-0,9948;;False
1822,47;1.84;PA019​;20250526_093943;1;FO2;0,0083;1,4317;0,1006;0,0895;-0,0395;0,0273;-0,9948;;False
1822,48;1.86;PA019​;20250526_093943;1;FO2;0,0125;1,4315;0,1006;0,0895;-0,0378;0,0270;-0,9949;;False
1822,50;1.87;PA019​;20250526_093943;1;FO2;0,0169;1,4313;0,1007;0,0896;-0,0359;0,0265;-0,9950;;False
1822,51;1.89;PA019​;20250526_093943;1;FO2;0,0214;1,4312;0,1010;0,0898;-0,0342;0,0264;-0,9950;;False
1822,52;1.9;PA019​;20250526_093943;1;FO2;0,0262;1,4310;0,1015;0,0899;-0,0327;0,0266;-0,9951;;False
1822,54;1.92;PA019​;20250526_093943;1;FO2;0,0360;1,4305;0,1026;0,0901;-0,0296;0,0267;-0,9951;;False
1822,55;1.93;PA019​;20250526_093943;1;FO2;0,0413;1,4302;0,1033;0,0896;-0,0282;0,0270;-0,9952;;False
1822,57;1.95;PA019​;20250526_093943;1;FO2;0,0469;1,4302;0,1043;0,0889;-0,0263;0,0266;-0,9953;;False
1822,59;1.96;PA019​;20250526_093943;1;FO2;0,0526;1,4304;0,1054;0,0888;-0,0241;0,0263;-0,9954;;False
1822,60;1.98;PA019​;20250526_093943;1;FO2;0,0585;1,4305;0,1068;0,0889;-0,0219;0,0264;-0,9954;;False
1822,62;1.99;PA019​;20250526_093943;1;FO2;0,0646;1,4307;0,1083;0,0895;-0,0193;0,0263;-0,9955;;False
1822,63;2.01;PA019​;20250526_093943;1;FO2;0,0707;1,4310;0,1099;0,0901;-0,0171;0,0268;-0,9954;;False
1822,65;2.02;PA019​;20250526_093943;1;FO2;0,0769;1,4310;0,1116;0,0909;-0,0148;0,0283;-0,9953;;False
1822,66;2.04;PA019​;20250526_093943;1;FO2;0,0831;1,4307;0,1135;0,0913;-0,0131;0,0299;-0,9953;;False
1822,68;2.05;PA019​;20250526_093943;1;FO2;0,0953;1,4300;0,1173;0,0917;-0,0099;0,0328;-0,9952;;False
1822,69;2.07;PA019​;20250526_093943;1;FO2;0,1013;1,4292;0,1193;0,0911;-0,0085;0,0349;-0,9952;;False
1822,71;2.09;PA019​;20250526_093943;1;FO2;0,1072;1,4284;0,1212;0,0900;-0,0070;0,0361;-0,9953;;False
1822,73;2.1;PA019​;20250526_093943;1;FO2;0,1130;1,4276;0,1231;0,0880;-0,0052;0,0372;-0,9954;;False
1822,74;2.12;PA019​;20250526_093943;1;FO2;0,1185;1,4269;0,1250;0,0861;-0,0039;0,0387;-0,9955;;False
1822,76;2.13;PA019​;20250526_093943;1;FO2;0,1240;1,4263;0,1269;0,0852;-0,0032;0,0411;-0,9955;;False
1822,77;2.15;PA019​;20250526_093943;1;FO2;0,1293;1,4256;0,1287;0,0843;-0,0029;0,0431;-0,9955;;False
1822,79;2.16;PA019​;20250526_093943;1;FO2;0,1343;1,4250;0,1303;0,0839;-0,0030;0,0460;-0,9954;;False
1822,80;2.18;PA019​;20250526_093943;1;FO2;0,1440;1,4238;0,1336;0,0829;-0,0027;0,0510;-0,9952;;False
1822,82;2.2;PA019​;20250526_093943;1;FO2;0,1483;1,4233;0,1350;0,0833;-0,0032;0,0536;-0,9951;;False
1822,84;2.21;PA019​;20250526_093943;1;FO2;0,1525;1,4226;0,1360;0,0842;-0,0037;0,0557;-0,9949;;False
1822,85;2.23;PA019​;20250526_093943;1;FO2;0,1564;1,4219;0,1370;0,0844;-0,0045;0,0569;-0,9948;;False
1822,87;2.24;PA019​;20250526_093943;1;FO2;0,1601;1,4214;0,1383;0,0844;-0,0053;0,0574;-0,9948;;False
1822,88;2.26;PA019​;20250526_093943;1;FO2;0,1635;1,4208;0,1396;0,0846;-0,0057;0,0573;-0,9948;;False
1822,90;2.27;PA019​;20250526_093943;1;FO2;0,1667;1,4203;0,1408;0,0853;-0,0062;0,0569;-0,9947;;False
1822,91;2.29;PA019​;20250526_093943;1;FO2;0,1698;1,4197;0,1421;0,0859;-0,0065;0,0566;-0,9947;;False
1822,93;2.3;PA019​;20250526_093943;1;FO2;0,1757;1,4186;0,1444;0,0865;-0,0074;0,0569;-0,9946;;False
1822,94;2.32;PA019​;20250526_093943;1;FO2;0,1782;1,4179;0,1455;0,0864;-0,0079;0,0569;-0,9946;;False
1822,96;2.34;PA019​;20250526_093943;1;FO2;0,1803;1,4174;0,1464;0,0858;-0,0081;0,0572;-0,9946;;False
1822,98;2.35;PA019​;20250526_093943;1;FO2;0,1823;1,4169;0,1474;0,0853;-0,0078;0,0574;-0,9947;;False
1822,99;2.37;PA019​;20250526_093943;1;FO2;0,1840;1,4163;0,1482;0,0847;-0,0074;0,0570;-0,9947;;False
1823,01;2.38;PA019​;20250526_093943;1;FO2;0,1856;1,4159;0,1491;0,0842;-0,0066;0,0563;-0,9948;;False
1823,02;2.4;PA019​;20250526_093943;1;FO2;0,1872;1,4157;0,1498;0,0842;-0,0050;0,0545;-0,9949;;False
1823,04;2.41;PA019​;20250526_093943;1;FO2;0,1885;1,4154;0,1505;0,0844;-0,0033;0,0528;-0,9950;;False
1823,05;2.43;PA019​;20250526_093943;1;FO2;0,1898;1,4151;0,1511;0,0845;-0,0011;0,0511;-0,9951;;False
1823,07;2.44;PA019​;20250526_093943;1;FO2;0,1923;1,4147;0,1521;0,0844;0,0032;0,0481;-0,9953;;False
1823,08;2.46;PA019​;20250526_093943;1;FO2;0,1935;1,4145;0,1525;0,0850;0,0060;0,0467;-0,9953;;False
1823,10;2.47;PA019​;20250526_093943;1;FO2;0,1946;1,4142;0,1527;0,0855;0,0085;0,0458;-0,9952;;False
1823,11;2.49;PA019​;20250526_093943;1;FO2;0,1958;1,4139;0,1530;0,0860;0,0111;0,0450;-0,9952;;False
1823,13;2.5;PA019​;20250526_093943;1;FO2;0,1970;1,4135;0,1532;0,0858;0,0132;0,0449;-0,9952;;False
1823,14;2.52;PA019​;20250526_093943;1;FO2;0,1982;1,4131;0,1536;0,0857;0,0153;0,0451;-0,9952;;False
1823,16;2.53;PA019​;20250526_093943;1;FO2;0,1992;1,4127;0,1540;0,0857;0,0174;0,0453;-0,9951;;False
1823,17;2.55;PA019​;20250526_093943;1;FO2;0,1998;1,4123;0,1543;0,0860;0,0210;0,0454;-0,9950;;False
1823,19;2.56;PA019​;20250526_093943;1;FO2;0,2000;1,4118;0,1546;0,0856;0,0259;0,0470;-0,9949;;False
1823,20;2.58;PA019​;20250526_093943;1;FO2;0,2001;1,4114;0,1549;0,0846;0,0321;0,0489;-0,9947;;False
1823,22;2.59;PA019​;20250526_093943;1;FO2;0,2000;1,4109;0,1551;0,0833;0,0377;0,0496;-0,9946;;False
1823,23;2.61;PA019​;20250526_093943;1;FO2;0,1995;1,4099;0,1555;0,0814;0,0475;0,0511;-0,9942;;False
1823,25;2.62;PA019​;20250526_093943;1;FO2;0,1991;1,4093;0,1556;0,0810;0,0521;0,0506;-0,9941;;False
1823,27;2.64;PA019​;20250526_093943;1;FO2;0,1987;1,4092;0,1559;0,0802;0,0559;0,0494;-0,9940;;False
1823,28;2.66;PA019​;20250526_093943;1;FO2;0,1983;1,4088;0,1560;0,0800;0,0591;0,0487;-0,9939;;False
1823,30;2.67;PA019​;20250526_093943;1;FO2;0,1978;1,4083;0,1559;0,0796;0,0615;0,0468;-0,9938;;False
1823,31;2.69;PA019​;20250526_093943;1;FO2;0,1975;1,4079;0,1558;0,0789;0,0637;0,0457;-0,9938;;False
1823,33;2.7;PA019​;20250526_093943;1;FO2;0,1973;1,4075;0,1557;0,0788;0,0649;0,0443;-0,9938;;False
1823,34;2.72;PA019​;20250526_093943;1;FO2;0,1971;1,4073;0,1555;0,0788;0,0652;0,0432;-0,9938;;False
1823,36;2.73;PA019​;20250526_093943;1;FO2;0,1970;1,4070;0,1552;0,0789;0,0651;0,0424;-0,9938;;False
1823,37;2.75;PA019​;20250526_093943;1;FO2;0,1970;1,4066;0,1548;0,0792;0,0648;0,0414;-0,9939;;False
1823,39;2.76;PA019​;20250526_093943;1;FO2;0,1971;1,4062;0,1541;0,0795;0,0642;0,0401;-0,9940;;False
1823,40;2.78;PA019​;20250526_093943;1;FO2;0,1974;1,4060;0,1536;0,0801;0,0620;0,0406;-0,9940;;False
1823,42;2.79;PA019​;20250526_093943;1;FO2;0,1978;1,4058;0,1531;0,0808;0,0600;0,0407;-0,9941;;False
1823,43;2.81;PA019​;20250526_093943;1;FO2;0,1982;1,4057;0,1526;0,0814;0,0581;0,0406;-0,9942;;False
1823,45;2.82;PA019​;20250526_093943;1;FO2;0,1985;1,4056;0,1521;0,0820;0,0563;0,0407;-0,9942;;False
1823,47;2.84;PA019​;20250526_093943;1;FO2;0,1989;1,4055;0,1515;0,0821;0,0549;0,0411;-0,9943;;False
1823,48;2.86;PA019​;20250526_093943;1;FO2;0,1992;1,4052;0,1508;0,0824;0,0533;0,0418;-0,9943;;False
1823,50;2.87;PA019​;20250526_093943;1;FO2;0,2000;1,4050;0,1496;0,0827;0,0506;0,0430;-0,9944;;False
1823,52;2.89;PA019​;20250526_093943;1;FO2;0,2004;1,4050;0,1491;0,0826;0,0493;0,0456;-0,9943;;False
1823,53;2.91;PA019​;20250526_093943;1;FO2;0,2010;1,4050;0,1485;0,0827;0,0482;0,0485;-0,9942;;False
1823,55;2.92;PA019​;20250526_093943;1;FO2;0,2016;1,4051;0,1478;0,0829;0,0473;0,0499;-0,9942;;False
1823,56;2.94;PA019​;20250526_093943;1;FO2;0,2024;1,4053;0,1471;0,0833;0,0459;0,0512;-0,9941;;False
1823,58;2.95;PA019​;20250526_093943;1;FO2;0,2032;1,4055;0,1465;0,0838;0,0439;0,0533;-0,9941;;False
1823,60;2.97;PA019​;20250526_093943;1;FO2;0,2048;1,4059;0,1453;0,0849;0,0401;0,0568;-0,9940;;False
1823,61;2.99;PA019​;20250526_093943;1;FO2;0,2057;1,4062;0,1446;0,0855;0,0374;0,0585;-0,9939;;False
1823,63;3.0;PA019​;20250526_093943;1;FO2;0,2067;1,4062;0,1439;0,0862;0,0342;0,0606;-0,9938;;False
1823,65;3.02;PA019​;20250526_093943;1;FO2;0,2077;1,4065;0,1433;0,0868;0,0309;0,0620;-0,9938;;False
1823,66;3.04;PA019​;20250526_093943;1;FO2;0,2087;1,4066;0,1426;0,0871;0,0273;0,0632;-0,9938;;False
1823,68;3.05;PA019​;20250526_093943;1;FO2;0,2108;1,4067;0,1412;0,0878;0,0213;0,0650;-0,9938;;False
1823,70;3.07;PA019​;20250526_093943;1;FO2;0,2118;1,4070;0,1406;0,0876;0,0174;0,0653;-0,9939;;False
1823,71;3.09;PA019​;20250526_093943;1;FO2;0,2128;1,4073;0,1400;0,0876;0,0134;0,0662;-0,9939;;False
1823,73;3.1;PA019​;20250526_093943;1;FO2;0,2137;1,4076;0,1394;0,0884;0,0094;0,0653;-0,9939;;False
1823,75;3.12;PA019​;20250526_093943;1;FO2;0,2147;1,4081;0,1388;0,0885;0,0064;0,0647;-0,9940;;False
1823,76;3.14;PA019​;20250526_093943;1;FO2;0,2165;1,4091;0,1377;0,0896;-0,0001;0,0645;-0,9939;;False
1823,78;3.15;PA019​;20250526_093943;1;FO2;0,2173;1,4096;0,1370;0,0902;-0,0036;0,0650;-0,9938;;False
1823,79;3.17;PA019​;20250526_093943;1;FO2;0,2181;1,4101;0,1363;0,0912;-0,0067;0,0644;-0,9937;;False
1823,81;3.18;PA019​;20250526_093943;1;FO2;0,2188;1,4108;0,1357;0,0917;-0,0091;0,0644;-0,9937;;False
1823,83;3.2;PA019​;20250526_093943;1;FO2;0,2193;1,4113;0,1351;0,0927;-0,0112;0,0644;-0,9935;;False
1823,84;3.22;PA019​;20250526_093943;1;FO2;0,2198;1,4117;0,1344;0,0935;-0,0129;0,0646;-0,9934;;False
1823,86;3.23;PA019​;20250526_093943;1;FO2;0,2201;1,4123;0,1339;0,0944;-0,0144;0,0648;-0,9933;;False
1823,87;3.25;PA019​;20250526_093943;1;FO2;0,2207;1,4136;0,1327;0,0959;-0,0176;0,0651;-0,9931;;False
1823,89;3.27;PA019​;20250526_093943;1;FO2;0,2207;1,4140;0,1320;0,0965;-0,0194;0,0660;-0,9930;;False
1823,91;3.28;PA019​;20250526_093943;1;FO2;0,2206;1,4141;0,1312;0,0969;-0,0214;0,0671;-0,9928;;False
1823,92;3.3;PA019​;20250526_093943;1;FO2;0,2204;1,4143;0,1305;0,0972;-0,0231;0,0679;-0,9927;;False
1823,94;3.31;PA019​;20250526_093943;1;FO2;0,2199;1,4144;0,1299;0,0974;-0,0244;0,0685;-0,9926;;False
1823,95;3.33;PA019​;20250526_093943;1;FO2;0,2193;1,4146;0,1293;0,0975;-0,0255;0,0690;-0,9925;;False
1823,97;3.34;PA019​;20250526_093943;1;FO2;0,2186;1,4148;0,1289;0,0977;-0,0264;0,0697;-0,9924;;False
1823,98;3.36;PA019​;20250526_093943;1;FO2;0,2168;1,4151;0,1277;0,0974;-0,0289;0,0710;-0,9923;;False
1824,00;3.38;PA019​;20250526_093943;1;FO2;0,2155;1,4154;0,1272;0,0972;-0,0297;0,0711;-0,9923;;False
1824,02;3.39;PA019​;20250526_093943;1;FO2;0,2140;1,4157;0,1265;0,0964;-0,0298;0,0713;-0,9923;;False
1824,03;3.41;PA019​;20250526_093943;1;FO2;0,2123;1,4162;0,1259;0,0962;-0,0296;0,0720;-0,9923;;False
1824,05;3.42;PA019​;20250526_093943;1;FO2;0,2105;1,4168;0,1254;0,0970;-0,0292;0,0721;-0,9922;;False
1824,07;3.44;PA019​;20250526_093943;1;FO2;0,2085;1,4174;0,1248;0,0976;-0,0286;0,0716;-0,9922;;False
1824,08;3.46;PA019​;20250526_093943;1;FO2;0,2045;1,4187;0,1237;0,0989;-0,0276;0,0709;-0,9922;;False
1824,10;3.47;PA019​;20250526_093943;1;FO2;0,2020;1,4197;0,1232;0,1006;-0,0264;0,0698;-0,9921;;False
1824,12;3.49;PA019​;20250526_093943;1;FO2;0,1996;1,4209;0,1229;0,1032;-0,0249;0,0688;-0,9920;;False
1824,13;3.51;PA019​;20250526_093943;1;FO2;0,1970;1,4218;0,1225;0,1063;-0,0233;0,0675;-0,9918;;False
1824,15;3.52;PA019​;20250526_093943;1;FO2;0,1943;1,4226;0,1220;0,1085;-0,0215;0,0660;-0,9917;;False
1824,16;3.54;PA019​;20250526_093943;1;FO2;0,1889;1,4245;0,1212;0,1126;-0,0187;0,0634;-0,9914;;False
1824,18;3.56;PA019​;20250526_093943;1;FO2;0,1861;1,4252;0,1206;0,1143;-0,0177;0,0619;-0,9914;;False
1824,20;3.57;PA019​;20250526_093943;1;FO2;0,1831;1,4257;0,1200;0,1156;-0,0176;0,0606;-0,9913;;False
1824,21;3.59;PA019​;20250526_093943;1;FO2;0,1802;1,4263;0,1194;0,1161;-0,0176;0,0593;-0,9913;;False
1824,23;3.6;PA019​;20250526_093943;1;FO2;0,1773;1,4267;0,1190;0,1161;-0,0176;0,0580;-0,9914;;False
1824,24;3.61;PA019​;20250526_093943;1;FO2;0,1744;1,4271;0,1185;0,1157;-0,0181;0,0572;-0,9915;;False
1824,25;3.63;PA019​;20250526_093943;1;FO2;0,1715;1,4275;0,1181;0,1150;-0,0186;0,0566;-0,9916;;False
1824,27;3.64;PA019​;20250526_093943;1;FO2;0,1685;1,4277;0,1175;0,1139;-0,0199;0,0560;-0,9917;;False
1824,28;3.66;PA019​;20250526_093943;1;FO2;0,1655;1,4279;0,1169;0,1123;-0,0210;0,0554;-0,9919;;False
1824,30;3.67;PA019​;20250526_093943;1;FO2;0,1625;1,4280;0,1163;0,1108;-0,0222;0,0543;-0,9921;;False
1824,31;3.69;PA019​;20250526_093943;1;FO2;0,1594;1,4283;0,1157;0,1092;-0,0233;0,0530;-0,9923;;False
1824,33;3.7;PA019​;20250526_093943;1;FO2;0,1563;1,4287;0,1152;0,1085;-0,0248;0,0523;-0,9924;;False
1824,34;3.72;PA019​;20250526_093943;1;FO2;0,1531;1,4292;0,1146;0,1087;-0,0260;0,0510;-0,9924;;False
1824,36;3.73;PA019​;20250526_093943;1;FO2;0,1464;1,4299;0,1132;0,1079;-0,0274;0,0497;-0,9925;;False
1824,37;3.75;PA019​;20250526_093943;1;FO2;0,1427;1,4304;0,1124;0,1078;-0,0268;0,0500;-0,9926;;False
1824,39;3.76;PA019​;20250526_093943;1;FO2;0,1389;1,4308;0,1116;0,1076;-0,0255;0,0491;-0,9927;;False
1824,40;3.78;PA019​;20250526_093943;1;FO2;0,1349;1,4311;0,1108;0,1073;-0,0243;0,0485;-0,9927;;False
1824,42;3.79;PA019​;20250526_093943;1;FO2;0,1308;1,4314;0,1100;0,1063;-0,0232;0,0480;-0,9929;;False
1824,43;3.81;PA019​;20250526_093943;1;FO2;0,1267;1,4317;0,1092;0,1054;-0,0220;0,0470;-0,9931;;False
1824,45;3.82;PA019​;20250526_093943;1;FO2;0,1223;1,4319;0,1083;0,1045;-0,0209;0,0454;-0,9933;;False
1824,46;3.84;PA019​;20250526_093943;1;FO2;0,1178;1,4322;0,1075;0,1044;-0,0193;0,0437;-0,9934;;False
1824,48;3.85;PA019​;20250526_093943;1;FO2;0,1132;1,4324;0,1065;0,1045;-0,0172;0,0422;-0,9935;;False
1824,49;3.87;PA019​;20250526_093943;1;FO2;0,1085;1,4326;0,1055;0,1043;-0,0150;0,0408;-0,9936;;False
1824,51;3.88;PA019​;20250526_093943;1;FO2;0,1037;1,4328;0,1045;0,1042;-0,0128;0,0394;-0,9937;;False
1824,52;3.9;PA019​;20250526_093943;1;FO2;0,0989;1,4328;0,1035;0,1041;-0,0107;0,0384;-0,9938;;False
1824,54;3.91;PA019​;20250526_093943;1;FO2;0,0940;1,4327;0,1026;0,1038;-0,0087;0,0376;-0,9938;;False
1824,55;3.93;PA019​;20250526_093943;1;FO2;0,0891;1,4328;0,1017;0,1032;-0,0066;0,0365;-0,9940;;False
1824,57;3.94;PA019​;20250526_093943;1;FO2;0,0841;1,4327;0,1008;0,1028;-0,0049;0,0353;-0,9941;;False
1824,58;3.96;PA019​;20250526_093943;1;FO2;0,0740;1,4326;0,0991;0,1011;-0,0013;0,0333;-0,9943;;False
1824,60;3.97;PA019​;20250526_093943;1;FO2;0,0690;1,4324;0,0983;0,1005;0,0008;0,0329;-0,9944;;False
1824,61;3.99;PA019​;20250526_093943;1;FO2;0,0638;1,4323;0,0974;0,1002;0,0026;0,0316;-0,9945;;False
1824,63;4.0;PA019​;20250526_093943;1;FO2;0,0587;1,4321;0,0965;0,1000;0,0049;0,0307;-0,9945;;False
1824,64;4.02;PA019​;20250526_093943;1;FO2;0,0536;1,4320;0,0957;0,0995;0,0068;0,0301;-0,9946;;False
1824,66;4.03;PA019​;20250526_093943;1;FO2;0,0486;1,4318;0,0949;0,0997;0,0086;0,0294;-0,9945;;False
1824,67;4.05;PA019​;20250526_093943;1;FO2;0,0435;1,4316;0,0940;0,1000;0,0103;0,0287;-0,9945;;False
1824,69;4.06;PA019​;20250526_093943;1;FO2;0,0383;1,4313;0,0931;0,1002;0,0117;0,0279;-0,9945;;False
1824,70;4.08;PA019​;20250526_093943;1;FO2;0,0335;1,4309;0,0924;0,1000;0,0128;0,0274;-0,9945;;False
1824,72;4.09;PA019​;20250526_093943;1;FO2;0,0287;1,4307;0,0917;0,0995;0,0134;0,0269;-0,9946;;False
1824,73;4.11;PA019​;20250526_093943;1;FO2;0,0241;1,4304;0,0910;0,0995;0,0140;0,0264;-0,9946;;False
1824,75;4.12;PA019​;20250526_093943;1;FO2;0,0196;1,4301;0,0904;0,0996;0,0144;0,0260;-0,9946;;False
1824,76;4.14;PA019​;20250526_093943;1;FO2;0,0152;1,4299;0,0897;0,0991;0,0143;0,0262;-0,9946;;False
1824,78;4.15;PA019​;20250526_093943;1;FO2;0,0070;1,4295;0,0885;0,0990;0,0138;0,0264;-0,9946;;False
1824,79;4.17;PA019​;20250526_093943;1;FO2;0,0033;1,4293;0,0879;0,0995;0,0116;0,0264;-0,9946;;False
1824,81;4.18;PA019​;20250526_093943;1;FO2;-0,0004;1,4291;0,0873;0,0994;0,0093;0,0256;-0,9947;;False
1824,82;4.2;PA019​;20250526_093943;1;FO2;-0,0038;1,4290;0,0869;0,0994;0,0070;0,0240;-0,9947;;False
1824,84;4.21;PA019​;20250526_093943;1;FO2;-0,0071;1,4289;0,0866;0,0993;0,0048;0,0228;-0,9948;;False
1824,85;4.22;PA019​;20250526_093943;1;FO2;-0,0103;1,4288;0,0864;0,0993;0,0027;0,0220;-0,9948;;False
1824,87;4.24;PA019​;20250526_093943;1;FO2;-0,0135;1,4288;0,0863;0,0994;0,0007;0,0216;-0,9948;;False
1824,88;4.25;PA019​;20250526_093943;1;FO2;-0,0165;1,4287;0,0863;0,0994;-0,0012;0,0210;-0,9948;;False
1824,89;4.27;PA019​;20250526_093943;1;FO2;-0,0193;1,4287;0,0864;0,0991;-0,0030;0,0206;-0,9949;;False
1824,91;4.28;PA019​;20250526_093943;1;FO2;-0,0221;1,4287;0,0867;0,0988;-0,0048;0,0196;-0,9949;;False
1824,92;4.3;PA019​;20250526_093943;1;FO2;-0,0247;1,4288;0,0869;0,0972;-0,0065;0,0191;-0,9951;;False
1824,94;4.32;PA019​;20250526_093943;1;FO2;-0,0271;1,4287;0,0871;0,0963;-0,0088;0,0192;-0,9951;;False
1824,96;4.33;PA019​;20250526_093943;1;FO2;-0,0315;1,4286;0,0875;0,0945;-0,0140;0,0192;-0,9952;;False
1824,97;4.35;PA019​;20250526_093943;1;FO2;-0,0333;1,4287;0,0876;0,0939;-0,0168;0,0190;-0,9953;;False
1824,99;4.36;PA019​;20250526_093943;1;FO2;-0,0348;1,4290;0,0875;0,0938;-0,0204;0,0186;-0,9952;;False
1825,00;4.38;PA019​;20250526_093943;1;FO2;-0,0360;1,4293;0,0874;0,0946;-0,0246;0,0192;-0,9950;;False
1825,02;4.39;PA019​;20250526_093943;1;FO2;-0,0371;1,4296;0,0872;0,0965;-0,0304;0,0201;-0,9947;;False
1825,03;4.41;PA019​;20250526_093943;1;FO2;-0,0381;1,4299;0,0871;0,0985;-0,0359;0,0219;-0,9943;;False
1825,05;4.42;PA019​;20250526_093943;1;FO2;-0,0391;1,4304;0,0869;0,1003;-0,0410;0,0232;-0,9938;;False
1825,07;4.44;PA019​;20250526_093943;1;FO2;-0,0401;1,4308;0,0866;0,1025;-0,0453;0,0236;-0,9934;;False
1825,08;4.46;PA019​;20250526_093943;1;FO2;-0,0419;1,4315;0,0860;0,1053;-0,0529;0,0246;-0,9927;;False
1825,10;4.47;PA019​;20250526_093943;1;FO2;-0,0427;1,4313;0,0857;0,1067;-0,0559;0,0247;-0,9924;;False
1825,11;4.49;PA019​;20250526_093943;1;FO2;-0,0432;1,4314;0,0854;0,1070;-0,0580;0,0246;-0,9923;;False
1825,14;4.51;PA019​;20250526_093943;1;FO2;-0,0438;1,4316;0,0853;0,1074;-0,0599;0,0249;-0,9921;;False
1825,15;4.53;PA019​;20250526_093943;1;FO2;-0,0447;1,4315;0,0851;0,1086;-0,0646;0,0255;-0,9917;;False
1825,17;4.54;PA019​;20250526_093943;1;FO2;-0,0448;1,4313;0,0850;0,1084;-0,0658;0,0251;-0,9916;;False
1825,18;4.56;PA019​;20250526_093943;1;FO2;-0,0449;1,4307;0,0849;0,1080;-0,0668;0,0248;-0,9916;;False
1825,20;4.57;PA019​;20250526_093943;1;FO2;-0,0447;1,4306;0,0847;0,1068;-0,0677;0,0248;-0,9917;;False
1825,22;4.59;PA019​;20250526_093943;1;FO2;-0,0442;1,4305;0,0847;0,1067;-0,0688;0,0251;-0,9916;;False
1825,23;4.61;PA019​;20250526_093943;1;FO2;-0,0444;1,4304;0,0845;0,1071;-0,0704;0,0256;-0,9914;;False
1825,25;4.62;PA019​;20250526_093943;1;FO2;-0,0428;1,4307;0,0847;0,1077;-0,0720;0,0267;-0,9912;;False
1825,26;4.64;PA019​;20250526_093943;1;FO2;-0,0411;1,4305;0,0846;0,1085;-0,0754;0,0293;-0,9908;;False
1825,28;4.65;PA019​;20250526_093943;1;FO2;-0,0401;1,4305;0,0845;0,1086;-0,0773;0,0312;-0,9906;;False
1825,29;4.67;PA019​;20250526_093943;1;FO2;-0,0391;1,4307;0,0845;0,1091;-0,0790;0,0335;-0,9903;;False
1825,31;4.68;PA019​;20250526_093943;1;FO2;-0,0382;1,4308;0,0843;0,1097;-0,0806;0,0352;-0,9901;;False
1825,32;4.7;PA019​;20250526_093943;1;FO2;-0,0371;1,4310;0,0842;0,1108;-0,0824;0,0376;-0,9897;;False
1825,34;4.71;PA019​;20250526_093943;1;FO2;-0,0360;1,4312;0,0840;0,1119;-0,0850;0,0393;-0,9893;;False
1825,35;4.73;PA019​;20250526_093943;1;FO2;-0,0349;1,4313;0,0838;0,1128;-0,0877;0,0412;-0,9889;;False
1825,37;4.74;PA019​;20250526_093943;1;FO2;-0,0337;1,4315;0,0836;0,1145;-0,0907;0,0430;-0,9883;;False
1825,38;4.76;PA019​;20250526_093943;1;FO2;-0,0324;1,4317;0,0835;0,1160;-0,0941;0,0446;-0,9878;;False
1825,40;4.77;PA019​;20250526_093943;1;FO2;-0,0311;1,4319;0,0835;0,1170;-0,0972;0,0459;-0,9873;;False
1825,41;4.79;PA019​;20250526_093943;1;FO2;-0,0301;1,4318;0,0835;0,1185;-0,1006;0,0472;-0,9867;;False
1825,43;4.8;PA019​;20250526_093943;1;FO2;-0,0289;1,4317;0,0836;0,1192;-0,1034;0,0486;-0,9863;;False
1825,44;4.82;PA019​;20250526_093943;1;FO2;-0,0267;1,4314;0,0838;0,1202;-0,1091;0,0515;-0,9854;;False
1825,46;4.83;PA019​;20250526_093943;1;FO2;-0,0258;1,4309;0,0841;0,1198;-0,1116;0,0526;-0,9851;;False
1825,47;4.85;PA019​;20250526_093943;1;FO2;-0,0251;1,4305;0,0845;0,1182;-0,1134;0,0537;-0,9850;;False
1825,49;4.86;PA019​;20250526_093943;1;FO2;-0,0247;1,4300;0,0850;0,1175;-0,1144;0,0548;-0,9849;;False
1825,50;4.88;PA019​;20250526_093943;1;FO2;-0,0244;1,4298;0,0857;0,1162;-0,1146;0,0554;-0,9850;;False
1825,52;4.89;PA019​;20250526_093943;1;FO2;-0,0242;1,4296;0,0864;0,1147;-0,1134;0,0556;-0,9853;;False
1825,53;4.9;PA019​;20250526_093943;1;FO2;-0,0244;1,4295;0,0872;0,1137;-0,1123;0,0565;-0,9855;;False
1825,55;4.92;PA019​;20250526_093943;1;FO2;-0,0246;1,4294;0,0878;0,1135;-0,1105;0,0575;-0,9857;;False
1825,56;4.93;PA019​;20250526_093943;1;FO2;-0,0249;1,4292;0,0883;0,1126;-0,1086;0,0577;-0,9860;;False
1825,57;4.95;PA019​;20250526_093943;1;FO2;-0,0254;1,4291;0,0888;0,1118;-0,1065;0,0576;-0,9863;;False
1825,59;4.96;PA019​;20250526_093943;1;FO2;-0,0260;1,4291;0,0894;0,1115;-0,1043;0,0576;-0,9866;;False
1825,60;4.98;PA019​;20250526_093943;1;FO2;-0,0265;1,4290;0,0899;0,1114;-0,1021;0,0573;-0,9868;;False
1825,62;4.99;PA019​;20250526_093943;1;FO2;-0,0271;1,4289;0,0904;0,1113;-0,1009;0,0568;-0,9870;;False
1825,63;5.01;PA019​;20250526_093943;1;FO2;-0,0277;1,4289;0,0909;0,1109;-0,1000;0,0565;-0,9872;;False
1825,65;5.02;PA019​;20250526_093943;1;FO2;-0,0283;1,4287;0,0914;0,1105;-0,0995;0,0559;-0,9873;;False
1825,66;5.04;PA019​;20250526_093943;1;FO2;-0,0295;1,4286;0,0923;0,1094;-0,0983;0,0544;-0,9876;;False
1825,68;5.05;PA019​;20250526_093943;1;FO2;-0,0301;1,4285;0,0927;0,1087;-0,0976;0,0534;-0,9878;;False
1825,69;5.07;PA019​;20250526_093943;1;FO2;-0,0308;1,4283;0,0930;0,1081;-0,0964;0,0529;-0,9880;;False
1825,71;5.08;PA019​;20250526_093943;1;FO2;-0,0314;1,4281;0,0934;0,1073;-0,0951;0,0530;-0,9882;;False
1825,72;5.1;PA019​;20250526_093943;1;FO2;-0,0321;1,4279;0,0938;0,1066;-0,0947;0,0531;-0,9884;;False
1825,74;5.11;PA019​;20250526_093943;1;FO2;-0,0327;1,4276;0,0942;0,1059;-0,0942;0,0531;-0,9885;;False
1825,75;5.13;PA019​;20250526_093943;1;FO2;-0,0334;1,4272;0,0945;0,1054;-0,0936;0,0523;-0,9886;;False
1825,77;5.14;PA019​;20250526_093943;1;FO2;-0,0342;1,4269;0,0948;0,1044;-0,0925;0,0519;-0,9889;;False
1825,78;5.16;PA019​;20250526_093943;1;FO2;-0,0350;1,4267;0,0951;0,1034;-0,0915;0,0514;-0,9891;;False
1825,80;5.17;PA019​;20250526_093943;1;FO2;-0,0358;1,4264;0,0954;0,1024;-0,0900;0,0506;-0,9894;;False
1825,81;5.19;PA019​;20250526_093943;1;FO2;-0,0366;1,4261;0,0956;0,1012;-0,0883;0,0500;-0,9897;;False
1825,83;5.2;PA019​;20250526_093943;1;FO2;-0,0376;1,4259;0,0956;0,0997;-0,0863;0,0494;-0,9900;;False
1825,84;5.22;PA019​;20250526_093943;1;FO2;-0,0397;1,4255;0,0958;0,0973;-0,0822;0,0479;-0,9907;;False
1825,86;5.23;PA019​;20250526_093943;1;FO2;-0,0410;1,4254;0,0958;0,0964;-0,0794;0,0470;-0,9911;;False
1825,87;5.25;PA019​;20250526_093943;1;FO2;-0,0424;1,4254;0,0957;0,0957;-0,0760;0,0463;-0,9914;;False
1825,89;5.26;PA019​;20250526_093943;1;FO2;-0,0440;1,4255;0,0955;0,0950;-0,0721;0,0455;-0,9918;;False
1825,90;5.28;PA019​;20250526_093943;1;FO2;-0,0458;1,4256;0,0954;0,0945;-0,0679;0,0446;-0,9922;;False
1825,92;5.29;PA019​;20250526_093943;1;FO2;-0,0480;1,4257;0,0953;0,0943;-0,0628;0,0435;-0,9926;;False
1825,93;5.31;PA019​;20250526_093943;1;FO2;-0,0503;1,4258;0,0952;0,0935;-0,0575;0,0421;-0,9931;;False
1825,95;5.32;PA019​;20250526_093943;1;FO2;-0,0524;1,4259;0,0951;0,0926;-0,0507;0,0411;-0,9936;;False
1825,96;5.34;PA019​;20250526_093943;1;FO2;-0,0549;1,4259;0,0950;0,0923;-0,0446;0,0392;-0,9940;;False
1825,98;5.35;PA019​;20250526_093943;1;FO2;-0,0574;1,4260;0,0949;0,0916;-0,0382;0,0375;-0,9944;;False
1825,99;5.37;PA019​;20250526_093943;1;FO2;-0,0599;1,4261;0,0947;0,0912;-0,0321;0,0364;-0,9946;;False
1826,01;5.38;PA019​;20250526_093943;1;FO2;-0,0624;1,4261;0,0944;0,0909;-0,0260;0,0350;-0,9949;;False
1826,02;5.4;PA019​;20250526_093943;1;FO2;-0,0649;1,4261;0,0942;0,0908;-0,0204;0,0333;-0,9951;;False
1826,04;5.41;PA019​;20250526_093943;1;FO2;-0,0676;1,4262;0,0939;0,0904;-0,0163;0,0320;-0,9953;;False
1826,05;5.43;PA019​;20250526_093943;1;FO2;-0,0729;1,4264;0,0934;0,0902;-0,0071;0,0295;-0,9955;;False
1826,07;5.44;PA019​;20250526_093943;1;FO2;-0,0754;1,4264;0,0931;0,0904;-0,0033;0,0277;-0,9955;;False
1826,08;5.46;PA019​;20250526_093943;1;FO2;-0,0781;1,4266;0,0929;0,0902;-0,0006;0,0265;-0,9956;;False
1826,10;5.47;PA019​;20250526_093943;1;FO2;-0,0804;1,4266;0,0925;0,0901;0,0022;0,0249;-0,9956;;False
1826,11;5.49;PA019​;20250526_093943;1;FO2;-0,0830;1,4266;0,0923;0,0901;0,0039;0,0231;-0,9957;;False
1826,13;5.5;PA019​;20250526_093943;1;FO2;-0,0856;1,4266;0,0920;0,0903;0,0050;0,0225;-0,9956;;False
1826,14;5.52;PA019​;20250526_093943;1;FO2;-0,0878;1,4265;0,0918;0,0903;0,0059;0,0215;-0,9957;;False
1826,16;5.53;PA019​;20250526_093943;1;FO2;-0,0901;1,4264;0,0915;0,0891;0,0066;0,0202;-0,9958;;False
1826,18;5.55;PA019​;20250526_093943;1;FO2;-0,0944;1,4262;0,0910;0,0870;0,0076;0,0176;-0,9960;;False
1826,19;5.57;PA019​;20250526_093943;1;FO2;-0,0965;1,4263;0,0908;0,0862;0,0076;0,0163;-0,9961;;False
1826,21;5.58;PA019​;20250526_093943;1;FO2;-0,0984;1,4262;0,0906;0,0858;0,0079;0,0151;-0,9962;;False
1826,22;5.6;PA019​;20250526_093943;1;FO2;-0,1003;1,4260;0,0905;0,0853;0,0081;0,0142;-0,9962;;False
1826,24;5.61;PA019​;20250526_093943;1;FO2;-0,1020;1,4259;0,0903;0,0844;0,0082;0,0133;-0,9963;;False
1826,25;5.63;PA019​;20250526_093943;1;FO2;-0,1035;1,4259;0,0903;0,0837;0,0088;0,0125;-0,9964;;False
1826,27;5.64;PA019​;20250526_093943;1;FO2;-0,1048;1,4261;0,0903;0,0829;0,0092;0,0116;-0,9964;;False
1826,28;5.66;PA019​;20250526_093943;1;FO2;-0,1062;1,4261;0,0903;0,0821;0,0097;0,0112;-0,9965;;False
1826,30;5.67;PA019​;20250526_093943;1;FO2;-0,1072;1,4264;0,0904;0,0811;0,0101;0,0112;-0,9966;;False
1826,31;5.69;PA019​;20250526_093943;1;FO2;-0,1080;1,4269;0,0906;0,0811;0,0100;0,0110;-0,9966;;False
1826,33;5.7;PA019​;20250526_093943;1;FO2;-0,1087;1,4273;0,0907;0,0814;0,0099;0,0116;-0,9966;;False
1826,34;5.71;PA019​;20250526_093943;1;FO2;-0,1092;1,4277;0,0908;0,0819;0,0095;0,0120;-0,9965;;False
1826,35;5.73;PA019​;20250526_093943;1;FO2;-0,1096;1,4281;0,0910;0,0821;0,0085;0,0127;-0,9965;;False
1826,37;5.74;PA019​;20250526_093943;1;FO2;-0,1097;1,4286;0,0911;0,0825;0,0071;0,0135;-0,9965;;False
1826,38;5.76;PA019​;20250526_093943;1;FO2;-0,1096;1,4291;0,0914;0,0835;0,0055;0,0139;-0,9964;;False
1826,40;5.77;PA019​;20250526_093943;1;FO2;-0,1094;1,4296;0,0917;0,0847;0,0041;0,0142;-0,9963;;False
1826,41;5.79;PA019​;20250526_093943;1;FO2;-0,1091;1,4299;0,0920;0,0853;0,0021;0,0150;-0,9962;;False
1826,43;5.8;PA019​;20250526_093943;1;FO2;-0,1081;1,4307;0,0927;0,0864;-0,0016;0,0157;-0,9961;;False
1826,44;5.82;PA019​;20250526_093943;1;FO2;-0,1073;1,4310;0,0930;0,0869;-0,0043;0,0161;-0,9961;;False
1826,46;5.83;PA019​;20250526_093943;1;FO2;-0,1064;1,4313;0,0934;0,0877;-0,0076;0,0163;-0,9960;;False
1826,47;5.85;PA019​;20250526_093943;1;FO2;-0,1054;1,4316;0,0938;0,0884;-0,0104;0,0163;-0,9959;;False
1826,49;5.86;PA019​;20250526_093943;1;FO2;-0,1043;1,4317;0,0942;0,0891;-0,0127;0,0159;-0,9958;;False
1826,50;5.88;PA019​;20250526_093943;1;FO2;-0,1032;1,4319;0,0947;0,0894;-0,0150;0,0162;-0,9957;;False
1826,52;5.89;PA019​;20250526_093943;1;FO2;-0,1020;1,4322;0,0950;0,0906;-0,0173;0,0163;-0,9956;;False
1826,53;5.91;PA019​;20250526_093943;1;FO2;-0,1008;1,4324;0,0955;0,0923;-0,0195;0,0161;-0,9954;;False
1826,55;5.92;PA019​;20250526_093943;1;FO2;-0,0993;1,4325;0,0958;0,0927;-0,0215;0,0163;-0,9953;;False
1826,56;5.94;PA019​;20250526_093943;1;FO2;-0,0979;1,4326;0,0962;0,0930;-0,0236;0,0160;-0,9953;;False
1826,58;5.95;PA019​;20250526_093943;1;FO2;-0,0964;1,4328;0,0965;0,0942;-0,0255;0,0156;-0,9951;;False
1826,59;5.97;PA019​;20250526_093943;1;FO2;-0,0945;1,4330;0,0969;0,0957;-0,0266;0,0148;-0,9949;;False
1826,61;5.98;PA019​;20250526_093943;1;FO2;-0,0926;1,4332;0,0971;0,0963;-0,0280;0,0138;-0,9949;;False
1826,62;6.0;PA019​;20250526_093943;1;FO2;-0,0904;1,4336;0,0974;0,0972;-0,0290;0,0128;-0,9948;;False
1826,64;6.01;PA019​;20250526_093943;1;FO2;-0,0879;1,4345;0,0980;0,0986;-0,0298;0,0123;-0,9946;;False
1826,65;6.03;PA019​;20250526_093943;1;FO2;-0,0827;1,4360;0,0993;0,1022;-0,0316;0,0116;-0,9942;;False
1826,67;6.04;PA019​;20250526_093943;1;FO2;-0,0796;1,4365;0,1001;0,1040;-0,0329;0,0132;-0,9939;;False
1826,68;6.06;PA019​;20250526_093943;1;FO2;-0,0764;1,4373;0,1010;0,1053;-0,0342;0,0147;-0,9937;;False
1826,70;6.07;PA019​;20250526_093943;1;FO2;-0,0734;1,4378;0,1021;0,1070;-0,0358;0,0174;-0,9935;;False
1826,71;6.09;PA019​;20250526_093943;1;FO2;-0,0703;1,4379;0,1027;0,1079;-0,0374;0,0211;-0,9932;;False
1826,73;6.1;PA019​;20250526_093943;1;FO2;-0,0672;1,4379;0,1035;0,1081;-0,0391;0,0247;-0,9931;;False
1826,74;6.12;PA019​;20250526_093943;1;FO2;-0,0642;1,4377;0,1043;0,1072;-0,0412;0,0281;-0,9930;;False
1826,76;6.13;PA019​;20250526_093943;1;FO2;-0,0612;1,4372;0,1051;0,1058;-0,0432;0,0317;-0,9929;;False
1826,77;6.15;PA019​;20250526_093943;1;FO2;-0,0583;1,4369;0,1060;0,1050;-0,0455;0,0342;-0,9928;;False
1826,79;6.16;PA019​;20250526_093943;1;FO2;-0,0555;1,4369;0,1068;0,1039;-0,0483;0,0362;-0,9928;;False
1826,80;6.18;PA019​;20250526_093943;1;FO2;-0,0528;1,4367;0,1077;0,1033;-0,0508;0,0378;-0,9926;;False
1826,82;6.19;PA019​;20250526_093943;1;FO2;-0,0502;1,4366;0,1085;0,1020;-0,0530;0,0385;-0,9926;;False
1826,83;6.21;PA019​;20250526_093943;1;FO2;-0,0452;1,4361;0,1101;0,1002;-0,0576;0,0403;-0,9925;;False
1826,85;6.22;PA019​;20250526_093943;1;FO2;-0,0428;1,4361;0,1108;0,0990;-0,0596;0,0405;-0,9925;;False
1826,86;6.24;PA019​;20250526_093943;1;FO2;-0,0406;1,4359;0,1114;0,0981;-0,0618;0,0405;-0,9924;;False
1826,88;6.25;PA019​;20250526_093943;1;FO2;-0,0384;1,4356;0,1119;0,0974;-0,0633;0,0403;-0,9924;;False
1826,89;6.27;PA019​;20250526_093943;1;FO2;-0,0362;1,4358;0,1124;0,0963;-0,0647;0,0401;-0,9924;;False
1826,91;6.28;PA019​;20250526_093943;1;FO2;-0,0341;1,4358;0,1128;0,0956;-0,0664;0,0403;-0,9924;;False
1826,92;6.3;PA019​;20250526_093943;1;FO2;-0,0321;1,4358;0,1133;0,0952;-0,0674;0,0409;-0,9923;;False
1826,94;6.31;PA019​;20250526_093943;1;FO2;-0,0301;1,4358;0,1135;0,0947;-0,0679;0,0415;-0,9923;;False
1826,96;6.33;PA019​;20250526_093943;1;FO2;-0,0283;1,4359;0,1139;0,0945;-0,0678;0,0426;-0,9923;;False
1826,97;6.35;PA019​;20250526_093943;1;FO2;-0,0247;1,4362;0,1146;0,0939;-0,0680;0,0448;-0,9922;;False
1826,99;6.36;PA019​;20250526_093943;1;FO2;-0,0231;1,4363;0,1150;0,0938;-0,0674;0,0462;-0,9922;;False
1827,00;6.38;PA019​;20250526_093943;1;FO2;-0,0215;1,4365;0,1154;0,0936;-0,0671;0,0476;-0,9922;;False
1827,02;6.39;PA019​;20250526_093943;1;FO2;-0,0201;1,4366;0,1158;0,0938;-0,0666;0,0487;-0,9922;;False
1827,03;6.41;PA019​;20250526_093943;1;FO2;-0,0189;1,4367;0,1161;0,0936;-0,0654;0,0496;-0,9922;;False
1827,05;6.42;PA019​;20250526_093943;1;FO2;-0,0177;1,4367;0,1164;0,0931;-0,0638;0,0505;-0,9923;;False
1827,06;6.44;PA019​;20250526_093943;1;FO2;-0,0168;1,4368;0,1167;0,0926;-0,0625;0,0514;-0,9924;;False
1827,08;6.45;PA019​;20250526_093943;1;FO2;-0,0157;1,4369;0,1169;0,0924;-0,0612;0,0529;-0,9924;;False
1827,09;6.46;PA019​;20250526_093943;1;FO2;-0,0149;1,4371;0,1171;0,0926;-0,0606;0,0539;-0,9924;;False
1827,11;6.48;PA019​;20250526_093943;1;FO2;-0,0142;1,4370;0,1172;0,0936;-0,0599;0,0549;-0,9923;;False
1827,12;6.5;PA019​;20250526_093943;1;FO2;-0,0127;1,4369;0,1173;0,0934;-0,0589;0,0556;-0,9923;;False
1827,14;6.51;PA019​;20250526_093943;1;FO2;-0,0121;1,4372;0,1173;0,0931;-0,0591;0,0558;-0,9923;;False
1827,15;6.53;PA019​;20250526_093943;1;FO2;-0,0112;1,4377;0,1173;0,0939;-0,0601;0,0562;-0,9922;;False
1827,17;6.54;PA019​;20250526_093943;1;FO2;-0,0105;1,4375;0,1175;0,0957;-0,0617;0,0565;-0,9919;;False
1827,18;6.56;PA019​;20250526_093943;1;FO2;-0,0099;1,4375;0,1173;0,0951;-0,0638;0,0575;-0,9918;;False
1827,20;6.57;PA019​;20250526_093943;1;FO2;-0,0092;1,4375;0,1174;0,0949;-0,0658;0,0579;-0,9916;;False
1827,21;6.59;PA019​;20250526_093943;1;FO2;-0,0086;1,4376;0,1173;0,0956;-0,0681;0,0581;-0,9914;;False
1827,23;6.6;PA019​;20250526_093943;1;FO2;-0,0079;1,4375;0,1174;0,0963;-0,0704;0,0585;-0,9911;;False
1827,24;6.62;PA019​;20250526_093943;1;FO2;-0,0073;1,4382;0,1173;0,0957;-0,0726;0,0591;-0,9910;;False
1827,26;6.63;PA019​;20250526_093943;1;FO2;-0,0066;1,4383;0,1178;0,0981;-0,0748;0,0601;-0,9905;;False
1827,27;6.65;PA019​;20250526_093943;1;FO2;-0,0062;1,4388;0,1178;0,0983;-0,0762;0,0602;-0,9904;;False
1827,29;6.66;PA019​;20250526_093943;1;FO2;-0,0059;1,4391;0,1181;0,0990;-0,0771;0,0607;-0,9902;;False
1827,30;6.68;PA019​;20250526_093943;1;FO2;-0,0052;1,4398;0,1184;0,0997;-0,0778;0,0607;-0,9901;;False
1827,32;6.69;PA019​;20250526_093943;1;FO2;-0,0052;1,4398;0,1185;0,0992;-0,0766;0,0604;-0,9903;;False
1827,34;6.71;PA019​;20250526_093943;1;FO2;-0,0050;1,4398;0,1183;0,0985;-0,0756;0,0596;-0,9905;;False
1827,35;6.72;PA019​;20250526_093943;1;FO2;-0,0048;1,4399;0,1181;0,0966;-0,0729;0,0581;-0,9910;;False
1827,37;6.74;PA019​;20250526_093943;1;FO2;-0,0044;1,4400;0,1181;0,0966;-0,0716;0,0582;-0,9910;;False
1827,38;6.76;PA019​;20250526_093943;1;FO2;-0,0042;1,4400;0,1177;0,0967;-0,0702;0,0589;-0,9911;;False
1827,40;6.77;PA019​;20250526_093943;1;FO2;-0,0036;1,4398;0,1167;0,0965;-0,0695;0,0591;-0,9911;;False
1827,41;6.79;PA019​;20250526_093943;1;FO2;-0,0031;1,4397;0,1161;0,0954;-0,0688;0,0594;-0,9913;;False
1827,43;6.8;PA019​;20250526_093943;1;FO2;-0,0027;1,4397;0,1154;0,0940;-0,0682;0,0601;-0,9914;;False
1827,44;6.82;PA019​;20250526_093943;1;FO2;-0,0015;1,4399;0,1140;0,0933;-0,0670;0,0602;-0,9916;;False
1827,46;6.83;PA019​;20250526_093943;1;FO2;-0,0007;1,4402;0,1134;0,0934;-0,0668;0,0605;-0,9915;;False
1827,47;6.85;PA019​;20250526_093943;1;FO2;0,0000;1,4402;0,1127;0,0937;-0,0667;0,0610;-0,9915;;False
1827,49;6.86;PA019​;20250526_093943;1;FO2;0,0007;1,4404;0,1119;0,0936;-0,0669;0,0622;-0,9914;;False
1827,50;6.88;PA019​;20250526_093943;1;FO2;0,0015;1,4405;0,1111;0,0940;-0,0673;0,0642;-0,9912;;False
1827,52;6.89;PA019​;20250526_093943;1;FO2;0,0023;1,4407;0,1104;0,0942;-0,0682;0,0655;-0,9911;;False
1827,53;6.91;PA019​;20250526_093943;1;FO2;0,0030;1,4408;0,1097;0,0946;-0,0687;0,0669;-0,9909;;False
1827,55;6.92;PA019​;20250526_093943;1;FO2;0,0036;1,4410;0,1090;0,0952;-0,0692;0,0686;-0,9907;;False
1827,56;6.94;PA019​;20250526_093943;1;FO2;0,0044;1,4411;0,1084;0,0953;-0,0694;0,0694;-0,9906;;False
1827,58;6.95;PA019​;20250526_093943;1;FO2;0,0051;1,4412;0,1080;0,0953;-0,0696;0,0699;-0,9906;;False
1827,59;6.97;PA019​;20250526_093943;1;FO2;0,0058;1,4414;0,1074;0,0955;-0,0698;0,0707;-0,9905;;False
1827,61;6.98;PA019​;20250526_093943;1;FO2;0,0066;1,4415;0,1070;0,0956;-0,0702;0,0722;-0,9903;;False
1827,62;7.0;PA019​;20250526_093943;1;FO2;0,0080;1,4417;0,1062;0,0956;-0,0710;0,0736;-0,9902;;False
1827,64;7.01;PA019​;20250526_093943;1;FO2;0,0087;1,4415;0,1058;0,0956;-0,0714;0,0746;-0,9901;;False
1827,65;7.03;PA019​;20250526_093943;1;FO2;0,0093;1,4412;0,1055;0,0950;-0,0714;0,0758;-0,9900;;False
1827,67;7.04;PA019​;20250526_093943;1;FO2;0,0099;1,4413;0,1052;0,0944;-0,0714;0,0766;-0,9900;;False
1827,68;7.06;PA019​;20250526_093943;1;FO2;0,0104;1,4412;0,1050;0,0948;-0,0710;0,0778;-0,9899;;False
1827,70;7.07;PA019​;20250526_093943;1;FO2;0,0111;1,4413;0,1048;0,0950;-0,0706;0,0782;-0,9899;;False
1827,71;7.09;PA019​;20250526_093943;1;FO2;0,0115;1,4413;0,1047;0,0960;-0,0706;0,0783;-0,9898;;False
1827,73;7.1;PA019​;20250526_093943;1;FO2;0,0119;1,4411;0,1044;0,0963;-0,0704;0,0783;-0,9898;;False
1827,74;7.12;PA019​;20250526_093943;1;FO2;0,0123;1,4409;0,1041;0,0954;-0,0701;0,0781;-0,9899;;False
1827,76;7.13;PA019​;20250526_093943;1;FO2;0,0128;1,4407;0,1040;0,0952;-0,0697;0,0776;-0,9900;;False
1827,77;7.14;PA019​;20250526_093943;1;FO2;0,0131;1,4405;0,1037;0,0941;-0,0693;0,0769;-0,9902;;False
1827,79;7.16;PA019​;20250526_093943;1;FO2;0,0133;1,4405;0,1035;0,0933;-0,0688;0,0767;-0,9903;;False
1827,80;7.17;PA019​;20250526_093943;1;FO2;0,0136;1,4404;0,1033;0,0924;-0,0680;0,0766;-0,9904;;False
1827,81;7.19;PA019​;20250526_093943;1;FO2;0,0139;1,4404;0,1032;0,0923;-0,0677;0,0770;-0,9904;;False
1827,83;7.2;PA019​;20250526_093943;1;FO2;0,0142;1,4404;0,1029;0,0921;-0,0674;0,0767;-0,9905;;False
1827,84;7.22;PA019​;20250526_093943;1;FO2;0,0144;1,4403;0,1026;0,0915;-0,0671;0,0765;-0,9906;;False
1827,86;7.23;PA019​;20250526_093943;1;FO2;0,0149;1,4403;0,1021;0,0907;-0,0669;0,0767;-0,9907;;False
1827,88;7.25;PA019​;20250526_093943;1;FO2;0,0152;1,4404;0,1019;0,0903;-0,0667;0,0767;-0,9907;;False
1827,89;7.26;PA019​;20250526_093943;1;FO2;0,0154;1,4403;0,1016;0,0902;-0,0665;0,0763;-0,9908;;False
1827,90;7.28;PA019​;20250526_093943;1;FO2;0,0157;1,4403;0,1012;0,0900;-0,0666;0,0762;-0,9908;;False
1827,92;7.29;PA019​;20250526_093943;1;FO2;0,0162;1,4403;0,1008;0,0897;-0,0669;0,0757;-0,9908;;False
1827,93;7.31;PA019​;20250526_093943;1;FO2;0,0165;1,4401;0,1004;0,0896;-0,0673;0,0754;-0,9908;;False
1827,95;7.32;PA019​;20250526_093943;1;FO2;0,0168;1,4400;0,0999;0,0894;-0,0675;0,0757;-0,9908;;False
1827,96;7.34;PA019​;20250526_093943;1;FO2;0,0172;1,4401;0,0996;0,0893;-0,0676;0,0759;-0,9908;;False
1827,98;7.35;PA019​;20250526_093943;1;FO2;0,0176;1,4401;0,0993;0,0898;-0,0679;0,0765;-0,9907;;False
1827,99;7.37;PA019​;20250526_093943;1;FO2;0,0180;1,4402;0,0989;0,0898;-0,0681;0,0769;-0,9906;;False
1828,01;7.38;PA019​;20250526_093943;1;FO2;0,0182;1,4400;0,0986;0,0897;-0,0681;0,0774;-0,9906;;False
1828,02;7.4;PA019​;20250526_093943;1;FO2;0,0184;1,4398;0,0981;0,0894;-0,0678;0,0774;-0,9907;;False
1828,04;7.41;PA019​;20250526_093943;1;FO2;0,0187;1,4397;0,0976;0,0887;-0,0673;0,0777;-0,9907;;False
1828,05;7.43;PA019​;20250526_093943;1;FO2;0,0191;1,4395;0,0967;0,0886;-0,0667;0,0785;-0,9907;;False
1828,07;7.44;PA019​;20250526_093943;1;FO2;0,0195;1,4397;0,0963;0,0893;-0,0664;0,0786;-0,9907;;False
1828,08;7.46;PA019​;20250526_093943;1;FO2;0,0199;1,4398;0,0959;0,0909;-0,0668;0,0782;-0,9905;;False
1828,10;7.47;PA019​;20250526_093943;1;FO2;0,0201;1,4400;0,0954;0,0925;-0,0674;0,0782;-0,9903;;False
1828,11;7.49;PA019​;20250526_093943;1;FO2;0,0203;1,4402;0,0951;0,0941;-0,0677;0,0782;-0,9902;;False
1828,13;7.5;PA019​;20250526_093943;1;FO2;0,0207;1,4404;0,0949;0,0966;-0,0682;0,0776;-0,9899;;False
1828,14;7.52;PA019​;20250526_093943;1;FO2;0,0210;1,4407;0,0946;0,0985;-0,0687;0,0773;-0,9898;;False
1828,16;7.53;PA019​;20250526_093943;1;FO2;0,0211;1,4409;0,0943;0,1002;-0,0689;0,0774;-0,9896;;False
1828,17;7.55;PA019​;20250526_093943;1;FO2;0,0211;1,4413;0,0940;0,1021;-0,0690;0,0773;-0,9894;;False
1828,19;7.56;PA019​;20250526_093943;1;FO2;0,0211;1,4416;0,0938;0,1048;-0,0687;0,0770;-0,9891;;False
1828,20;7.58;PA019​;20250526_093943;1;FO2;0,0209;1,4417;0,0934;0,1065;-0,0686;0,0768;-0,9890;;False
1828,22;7.59;PA019​;20250526_093943;1;FO2;0,0208;1,4418;0,0931;0,1071;-0,0680;0,0766;-0,9890;;False
1828,23;7.61;PA019​;20250526_093943;1;FO2;0,0206;1,4421;0,0928;0,1083;-0,0676;0,0762;-0,9889;;False
1828,25;7.62;PA019​;20250526_093943;1;FO2;0,0202;1,4423;0,0926;0,1093;-0,0670;0,0761;-0,9888;;False
1828,26;7.64;PA019​;20250526_093943;1;FO2;0,0191;1,4424;0,0919;0,1109;-0,0661;0,0756;-0,9887;;False
1828,28;7.65;PA019​;20250526_093943;1;FO2;0,0183;1,4419;0,0916;0,1101;-0,0651;0,0747;-0,9890;;False
1828,29;7.67;PA019​;20250526_093943;1;FO2;0,0174;1,4420;0,0913;0,1082;-0,0640;0,0740;-0,9893;;False
1828,31;7.68;PA019​;20250526_093943;1;FO2;0,0164;1,4421;0,0913;0,1071;-0,0629;0,0733;-0,9896;;False
1828,32;7.7;PA019​;20250526_093943;1;FO2;0,0151;1,4420;0,0911;0,1060;-0,0615;0,0715;-0,9899;;False
1828,34;7.71;PA019​;20250526_093943;1;FO2;0,0140;1,4419;0,0910;0,1042;-0,0600;0,0698;-0,9903;;False
1828,35;7.73;PA019​;20250526_093943;1;FO2;0,0126;1,4418;0,0909;0,1026;-0,0585;0,0684;-0,9906;;False
1828,37;7.74;PA019​;20250526_093943;1;FO2;0,0113;1,4416;0,0910;0,1011;-0,0566;0,0670;-0,9910;;False
1828,38;7.76;PA019​;20250526_093943;1;FO2;0,0100;1,4417;0,0910;0,0994;-0,0544;0,0653;-0,9914;;False
1828,39;7.77;PA019​;20250526_093943;1;FO2;0,0088;1,4418;0,0911;0,0986;-0,0526;0,0639;-0,9917;;False
1828,41;7.78;PA019​;20250526_093943;1;FO2;0,0078;1,4421;0,0912;0,0976;-0,0508;0,0630;-0,9919;;False
1828,42;7.8;PA019​;20250526_093943;1;FO2;0,0068;1,4422;0,0914;0,0975;-0,0492;0,0618;-0,9921;;False
1828,44;7.81;PA019​;20250526_093943;1;FO2;0,0059;1,4422;0,0916;0,0972;-0,0478;0,0612;-0,9922;;False
1828,45;7.83;PA019​;20250526_093943;1;FO2;0,0050;1,4421;0,0918;0,0965;-0,0467;0,0611;-0,9924;;False
1828,47;7.84;PA019​;20250526_093943;1;FO2;0,0043;1,4420;0,0921;0,0956;-0,0455;0,0609;-0,9925;;False
1828,48;7.86;PA019​;20250526_093943;1;FO2;0,0036;1,4420;0,0923;0,0949;-0,0445;0,0594;-0,9927;;False
1828,50;7.87;PA019​;20250526_093943;1;FO2;0,0024;1,4418;0,0927;0,0934;-0,0422;0,0577;-0,9931;;False
1828,52;7.89;PA019​;20250526_093943;1;FO2;0,0021;1,4418;0,0929;0,0932;-0,0415;0,0584;-0,9931;;False
1828,53;7.91;PA019​;20250526_093943;1;FO2;0,0018;1,4417;0,0930;0,0930;-0,0405;0,0582;-0,9931;;False
1828,55;7.92;PA019​;20250526_093943;1;FO2;0,0016;1,4418;0,0932;0,0929;-0,0397;0,0580;-0,9932;;False
1828,56;7.94;PA019​;20250526_093943;1;FO2;0,0014;1,4416;0,0933;0,0930;-0,0389;0,0580;-0,9932;;False
1828,58;7.95;PA019​;20250526_093943;1;FO2;0,0013;1,4414;0,0934;0,0922;-0,0381;0,0583;-0,9933;;False
1828,59;7.97;PA019​;20250526_093943;1;FO2;0,0010;1,4414;0,0935;0,0909;-0,0375;0,0588;-0,9934;;False
1828,61;7.98;PA019​;20250526_093943;1;FO2;0,0011;1,4411;0,0934;0,0890;-0,0376;0,0593;-0,9935;;False
1828,63;8.0;PA019​;20250526_093943;1;FO2;0,0012;1,4407;0,0934;0,0861;-0,0376;0,0603;-0,9937;;False
1828,64;8.02;PA019​;20250526_093943;1;FO2;0,0014;1,4405;0,0932;0,0850;-0,0384;0,0609;-0,9938;;False
1828,66;8.03;PA019​;20250526_093943;1;FO2;0,0018;1,4404;0,0930;0,0848;-0,0396;0,0616;-0,9937;;False
1828,67;8.05;PA019​;20250526_093943;1;FO2;0,0023;1,4404;0,0930;0,0855;-0,0414;0,0623;-0,9935;;False
1828,69;8.06;PA019​;20250526_093943;1;FO2;0,0032;1,4408;0,0927;0,0867;-0,0437;0,0628;-0,9933;;False
1828,70;8.08;PA019​;20250526_093943;1;FO2;0,0038;1,4406;0,0924;0,0874;-0,0470;0,0634;-0,9930;;False
1828,72;8.09;PA019​;20250526_093943;1;FO2;0,0044;1,4407;0,0921;0,0874;-0,0507;0,0642;-0,9928;;False
1828,74;8.11;PA019​;20250526_093943;1;FO2;0,0056;1,4411;0,0916;0,0883;-0,0573;0,0650;-0,9923;;False
1828,75;8.13;PA019​;20250526_093943;1;FO2;0,0059;1,4414;0,0913;0,0897;-0,0606;0,0653;-0,9920;;False
1828,77;8.14;PA019​;20250526_093943;1;FO2;0,0063;1,4414;0,0910;0,0910;-0,0638;0,0657;-0,9916;;False
1828,78;8.16;PA019​;20250526_093943;1;FO2;0,0068;1,4414;0,0906;0,0916;-0,0675;0,0658;-0,9913;;False
1828,80;8.17;PA019​;20250526_093943;1;FO2;0,0072;1,4413;0,0903;0,0917;-0,0713;0,0667;-0,9910;;False
1828,81;8.18;PA019​;20250526_093943;1;FO2;0,0075;1,4413;0,0900;0,0913;-0,0748;0,0662;-0,9908;;False
1828,83;8.2;PA019​;20250526_093943;1;FO2;0,0080;1,4411;0,0897;0,0910;-0,0776;0,0659;-0,9906;;False
1828,84;8.21;PA019​;20250526_093943;1;FO2;0,0083;1,4413;0,0896;0,0908;-0,0804;0,0653;-0,9905;;False
1828,85;8.23;PA019​;20250526_093943;1;FO2;0,0083;1,4415;0,0896;0,0921;-0,0832;0,0650;-0,9901;;False
1828,87;8.24;PA019​;20250526_093943;1;FO2;0,0085;1,4417;0,0896;0,0934;-0,0849;0,0646;-0,9899;;False
1828,88;8.26;PA019​;20250526_093943;1;FO2;0,0084;1,4420;0,0897;0,0944;-0,0870;0,0645;-0,9896;;False
1828,90;8.27;PA019​;20250526_093943;1;FO2;0,0087;1,4418;0,0896;0,0949;-0,0882;0,0639;-0,9895;;False
1828,91;8.29;PA019​;20250526_093943;1;FO2;0,0088;1,4416;0,0896;0,0934;-0,0892;0,0636;-0,9896;;False
1828,93;8.3;PA019​;20250526_093943;1;FO2;0,0088;1,4415;0,0898;0,0938;-0,0901;0,0637;-0,9895;;False
1828,94;8.32;PA019​;20250526_093943;1;FO2;0,0088;1,4413;0,0902;0,0942;-0,0916;0,0632;-0,9893;;False
1828,96;8.33;PA019​;20250526_093943;1;FO2;0,0088;1,4412;0,0906;0,0936;-0,0913;0,0637;-0,9894;;False
1828,97;8.35;PA019​;20250526_093943;1;FO2;0,0087;1,4413;0,0911;0,0949;-0,0907;0,0633;-0,9893;;False
1828,99;8.36;PA019​;20250526_093943;1;FO2;0,0086;1,4411;0,0918;0,0943;-0,0906;0,0635;-0,9894;;False
1829,00;8.38;PA019​;20250526_093943;1;FO2;0,0086;1,4408;0,0923;0,0941;-0,0904;0,0638;-0,9894;;False
1829,02;8.39;PA019​;20250526_093943;1;FO2;0,0085;1,4406;0,0926;0,0931;-0,0901;0,0640;-0,9895;;False
1829,03;8.41;PA019​;20250526_093943;1;FO2;0,0086;1,4405;0,0932;0,0924;-0,0899;0,0642;-0,9896;;False
1829,05;8.42;PA019​;20250526_093943;1;FO2;0,0088;1,4404;0,0937;0,0922;-0,0900;0,0647;-0,9896;;False
1829,06;8.44;PA019​;20250526_093943;1;FO2;0,0090;1,4403;0,0942;0,0921;-0,0905;0,0651;-0,9895;;False
1829,08;8.45;PA019​;20250526_093943;1;FO2;0,0091;1,4400;0,0946;0,0921;-0,0912;0,0654;-0,9894;;False
1829,09;8.47;PA019​;20250526_093943;1;FO2;0,0093;1,4397;0,0951;0,0918;-0,0921;0,0660;-0,9893;;False
1829,11;8.48;PA019​;20250526_093943;1;FO2;0,0095;1,4397;0,0955;0,0916;-0,0936;0,0670;-0,9891;;False
1829,12;8.5;PA019​;20250526_093943;1;FO2;0,0097;1,4397;0,0959;0,0916;-0,0953;0,0673;-0,9889;;False
1829,14;8.51;PA019​;20250526_093943;1;FO2;0,0102;1,4398;0,0969;0,0920;-0,0974;0,0676;-0,9887;;False
1829,15;8.53;PA019​;20250526_093943;1;FO2;0,0102;1,4397;0,0973;0,0930;-0,0980;0,0677;-0,9885;;False
1829,17;8.54;PA019​;20250526_093943;1;FO2;0,0103;1,4395;0,0977;0,0934;-0,0987;0,0680;-0,9884;;False
1829,18;8.56;PA019​;20250526_093943;1;FO2;0,0103;1,4394;0,0980;0,0938;-0,0997;0,0683;-0,9882;;False
1829,20;8.57;PA019​;20250526_093943;1;FO2;0,0104;1,4393;0,0983;0,0939;-0,1004;0,0680;-0,9882;;False
1829,21;8.59;PA019​;20250526_093943;1;FO2;0,0103;1,4393;0,0987;0,0941;-0,1012;0,0677;-0,9881;;False
1829,23;8.6;PA019​;20250526_093943;1;FO2;0,0103;1,4393;0,0990;0,0943;-0,1019;0,0678;-0,9880;;False
1829,24;8.62;PA019​;20250526_093943;1;FO2;0,0102;1,4392;0,0993;0,0946;-0,1029;0,0678;-0,9879;;False
1829,26;8.63;PA019​;20250526_093943;1;FO2;0,0102;1,4392;0,0998;0,0951;-0,1035;0,0672;-0,9878;;False
1829,27;8.65;PA019​;20250526_093943;1;FO2;0,0101;1,4393;0,1002;0,0963;-0,1041;0,0670;-0,9876;;False
1829,29;8.66;PA019​;20250526_093943;1;FO2;0,0098;1,4393;0,1006;0,0976;-0,1045;0,0666;-0,9875;;False
1829,30;8.67;PA019​;20250526_093943;1;FO2;0,0095;1,4393;0,1012;0,0985;-0,1044;0,0661;-0,9874;;False
1829,31;8.69;PA019​;20250526_093943;1;FO2;0,0091;1,4394;0,1017;0,0997;-0,1039;0,0656;-0,9874;;False
1829,33;8.71;PA019​;20250526_093943;1;FO2;0,0080;1,4396;0,1030;0,1021;-0,1029;0,0645;-0,9873;;False
1829,35;8.72;PA019​;20250526_093943;1;FO2;0,0073;1,4400;0,1039;0,1043;-0,1009;0,0640;-0,9873;;False
1829,36;8.74;PA019​;20250526_093943;1;FO2;0,0065;1,4404;0,1050;0,1074;-0,0988;0,0630;-0,9873;;False
1829,38;8.75;PA019​;20250526_093943;1;FO2;0,0054;1,4404;0,1058;0,1096;-0,0962;0,0619;-0,9874;;False
1829,39;8.77;PA019​;20250526_093943;1;FO2;0,0042;1,4403;0,1067;0,1109;-0,0934;0,0610;-0,9876;;False
1829,41;8.78;PA019​;20250526_093943;1;FO2;0,0030;1,4402;0,1077;0,1116;-0,0900;0,0598;-0,9879;;False
1829,42;8.8;PA019​;20250526_093943;1;FO2;0,0017;1,4401;0,1087;0,1121;-0,0866;0,0591;-0,9882;;False
1829,44;8.81;PA019​;20250526_093943;1;FO2;0,0004;1,4400;0,1097;0,1119;-0,0833;0,0584;-0,9885;;False
1829,45;8.82;PA019​;20250526_093943;1;FO2;-0,0009;1,4398;0,1107;0,1123;-0,0800;0,0571;-0,9888;;False
1829,47;8.84;PA019​;20250526_093943;1;FO2;-0,0021;1,4396;0,1116;0,1122;-0,0769;0,0558;-0,9891;;False
1829,48;8.86;PA019​;20250526_093943;1;FO2;-0,0034;1,4395;0,1126;0,1125;-0,0741;0,0546;-0,9894;;False
1829,50;8.87;PA019​;20250526_093943;1;FO2;-0,0047;1,4393;0,1135;0,1123;-0,0707;0,0532;-0,9897;;False
1829,51;8.88;PA019​;20250526_093943;1;FO2;-0,0059;1,4391;0,1144;0,1119;-0,0678;0,0523;-0,9900;;False
1829,52;8.9;PA019​;20250526_093943;1;FO2;-0,0070;1,4389;0,1154;0,1118;-0,0656;0,0515;-0,9902;;False
1829,54;8.91;PA019​;20250526_093943;1;FO2;-0,0094;1,4383;0,1173;0,1114;-0,0612;0,0496;-0,9906;;False
1829,55;8.93;PA019​;20250526_093943;1;FO2;-0,0107;1,4380;0,1182;0,1108;-0,0592;0,0489;-0,9909;;False
1829,57;8.94;PA019​;20250526_093943;1;FO2;-0,0118;1,4377;0,1191;0,1105;-0,0568;0,0477;-0,9911;;False
1829,58;8.96;PA019​;20250526_093943;1;FO2;-0,0129;1,4374;0,1200;0,1103;-0,0543;0,0468;-0,9913;;False
1829,60;8.97;PA019​;20250526_093943;1;FO2;-0,0140;1,4370;0,1209;0,1101;-0,0522;0,0465;-0,9915;;False
1829,61;8.99;PA019​;20250526_093943;1;FO2;-0,0151;1,4365;0,1216;0,1095;-0,0502;0,0463;-0,9916;;False
1829,63;9.0;PA019​;20250526_093943;1;FO2;-0,0162;1,4363;0,1229;0,1087;-0,0484;0,0463;-0,9918;;False
1829,64;9.02;PA019​;20250526_093943;1;FO2;-0,0172;1,4357;0,1236;0,1085;-0,0465;0,0459;-0,9920;;False
1829,66;9.03;PA019​;20250526_093943;1;FO2;-0,0182;1,4354;0,1247;0,1073;-0,0443;0,0452;-0,9922;;False
1829,67;9.05;PA019​;20250526_093943;1;FO2;-0,0193;1,4348;0,1248;0,1052;-0,0431;0,0446;-0,9925;;False
1829,69;9.06;PA019​;20250526_093943;1;FO2;-0,0202;1,4344;0,1251;0,1031;-0,0412;0,0440;-0,9928;;False
1829,70;9.08;PA019​;20250526_093943;1;FO2;-0,0210;1,4344;0,1251;0,1017;-0,0398;0,0436;-0,9931;;False
1829,72;9.09;PA019​;20250526_093943;1;FO2;-0,0218;1,4344;0,1248;0,1004;-0,0382;0,0435;-0,9933;;False
1829,73;9.11;PA019​;20250526_093943;1;FO2;-0,0226;1,4346;0,1243;0,0994;-0,0369;0,0438;-0,9934;;False
1829,75;9.12;PA019​;20250526_093943;1;FO2;-0,0240;1,4350;0,1227;0,0974;-0,0342;0,0439;-0,9937;;False
1829,76;9.14;PA019​;20250526_093943;1;FO2;-0,0244;1,4354;0,1211;0,0968;-0,0333;0,0433;-0,9938;;False
1829,78;9.15;PA019​;20250526_093943;1;FO2;-0,0249;1,4359;0,1192;0,0955;-0,0325;0,0426;-0,9940;;False
1829,79;9.17;PA019​;20250526_093943;1;FO2;-0,0253;1,4366;0,1172;0,0953;-0,0319;0,0422;-0,9940;;False
1829,81;9.18;PA019​;20250526_093943;1;FO2;-0,0258;1,4375;0,1148;0,0960;-0,0316;0,0420;-0,9940;;False
1829,82;9.2;PA019​;20250526_093943;1;FO2;-0,0265;1,4383;0,1123;0,0967;-0,0309;0,0415;-0,9940;;False
1829,84;9.21;PA019​;20250526_093943;1;FO2;-0,0272;1,4393;0,1096;0,0977;-0,0295;0,0410;-0,9939;;False
1829,85;9.22;PA019​;20250526_093943;1;FO2;-0,0281;1,4400;0,1067;0,0982;-0,0278;0,0405;-0,9939;;False
1829,87;9.24;PA019​;20250526_093943;1;FO2;-0,0291;1,4407;0,1038;0,0975;-0,0261;0,0407;-0,9941;;False
1829,88;9.25;PA019​;20250526_093943;1;FO2;-0,0302;1,4414;0,1007;0,0967;-0,0245;0,0417;-0,9941;;False
1829,89;9.27;PA019​;20250526_093943;1;FO2;-0,0314;1,4420;0,0977;0,0958;-0,0229;0,0419;-0,9943;;False
1829,91;9.28;PA019​;20250526_093943;1;FO2;-0,0325;1,4428;0,0948;0,0960;-0,0219;0,0414;-0,9943;;False
1829,93;9.3;PA019​;20250526_093943;1;FO2;-0,0338;1,4436;0,0919;0,0973;-0,0218;0,0408;-0,9942;;False
1829,94;9.32;PA019​;20250526_093943;1;FO2;-0,0352;1,4443;0,0889;0,0986;-0,0221;0,0398;-0,9941;;False
1829,96;9.33;PA019​;20250526_093943;1;FO2;-0,0380;1,4454;0,0830;0,1000;-0,0229;0,0391;-0,9940;;False
1829,97;9.35;PA019​;20250526_093943;1;FO2;-0,0393;1,4455;0,0801;0,1002;-0,0250;0,0393;-0,9939;;False
1829,99;9.36;PA019​;20250526_093943;1;FO2;-0,0407;1,4457;0,0775;0,0993;-0,0288;0,0392;-0,9939;;False
1830,00;9.38;PA019​;20250526_093943;1;FO2;-0,0420;1,4460;0,0751;0,0989;-0,0329;0,0388;-0,9938;;False
1830,02;9.39;PA019​;20250526_093943;1;FO2;-0,0433;1,4460;0,0731;0,0987;-0,0366;0,0377;-0,9937;;False
1830,03;9.41;PA019​;20250526_093943;1;FO2;-0,0447;1,4459;0,0711;0,0989;-0,0405;0,0363;-0,9936;;False
1830,04;9.42;PA019​;20250526_093943;1;FO2;-0,0459;1,4460;0,0694;0,0986;-0,0446;0,0347;-0,9935;;False
1830,06;9.43;PA019​;20250526_093943;1;FO2;-0,0472;1,4459;0,0680;0,0990;-0,0490;0,0330;-0,9933;;False
1830,08;9.45;PA019​;20250526_093943;1;FO2;-0,0485;1,4456;0,0668;0,0995;-0,0534;0,0315;-0,9931;;False
1830,09;9.47;PA019​;20250526_093943;1;FO2;-0,0496;1,4457;0,0660;0,1000;-0,0575;0,0298;-0,9929;;False
1830,11;9.48;PA019​;20250526_093943;1;FO2;-0,0508;1,4460;0,0654;0,1014;-0,0604;0,0281;-0,9926;;False
1830,12;9.5;PA019​;20250526_093943;1;FO2;-0,0523;1,4462;0,0650;0,1025;-0,0624;0,0269;-0,9924;;False
1830,14;9.51;PA019​;20250526_093943;1;FO2;-0,0552;1,4463;0,0645;0,1043;-0,0642;0,0227;-0,9922;;False
1830,15;9.53;PA019​;20250526_093943;1;FO2;-0,0572;1,4460;0,0647;0,1056;-0,0610;0,0192;-0,9924;;False
1830,17;9.54;PA019​;20250526_093943;1;FO2;-0,0593;1,4460;0,0652;0,1055;-0,0534;0,0164;-0,9928;;False
1830,18;9.56;PA019​;20250526_093943;1;FO2;-0,0616;1,4457;0,0658;0,1053;-0,0450;0,0143;-0,9933;;False
1830,20;9.57;PA019​;20250526_093943;1;FO2;-0,0636;1,4453;0,0664;0,1036;-0,0359;0,0124;-0,9939;;False
1830,21;9.59;PA019​;20250526_093943;1;FO2;-0,0652;1,4448;0,0673;0,1018;-0,0261;0,0111;-0,9944;;False
1830,23;9.6;PA019​;20250526_093943;1;FO2;-0,0669;1,4443;0,0681;0,0994;-0,0171;0,0095;-0,9949;;False
1830,24;9.62;PA019​;20250526_093943;1;FO2;-0,0682;1,4438;0,0692;0,0973;-0,0088;0,0073;-0,9952;;False
1830,26;9.63;PA019​;20250526_093943;1;FO2;-0,0693;1,4436;0,0704;0,0939;-0,0019;0,0052;-0,9956;;False
1830,27;9.65;PA019​;20250526_093943;1;FO2;-0,0701;1,4429;0,0714;0,0921;0,0043;0,0031;-0,9957;;False
1830,29;9.66;PA019​;20250526_093943;1;FO2;-0,0707;1,4425;0,0726;0,0899;0,0088;0,0019;-0,9959;;False
1830,30;9.68;PA019​;20250526_093943;1;FO2;-0,0714;1,4414;0,0752;0,0861;0,0185;-0,0004;-0,9961;;False
1830,32;9.69;PA019​;20250526_093943;1;FO2;-0,0715;1,4408;0,0765;0,0839;0,0213;-0,0002;-0,9962;;False
1830,33;9.71;PA019​;20250526_093943;1;FO2;-0,0713;1,4401;0,0778;0,0810;0,0240;0,0001;-0,9964;;False
1830,36;9.73;PA019​;20250526_093943;1;FO2;-0,0711;1,4400;0,0791;0,0808;0,0253;0,0017;-0,9964;;False
1830,37;9.75;PA019​;20250526_093943;1;FO2;-0,0707;1,4400;0,0804;0,0809;0,0272;0,0022;-0,9963;;False
1830,39;9.76;PA019​;20250526_093943;1;FO2;-0,0696;1,4398;0,0827;0,0804;0,0317;0,0038;-0,9962;;False
1830,40;9.78;PA019​;20250526_093943;1;FO2;-0,0691;1,4397;0,0837;0,0812;0,0324;0,0052;-0,9962;;False
1830,42;9.8;PA019​;20250526_093943;1;FO2;-0,0685;1,4395;0,0845;0,0817;0,0322;0,0067;-0,9961;;False
1830,44;9.81;PA019​;20250526_093943;1;FO2;-0,0680;1,4394;0,0852;0,0816;0,0316;0,0089;-0,9961;;False
1830,45;9.83;PA019​;20250526_093943;1;FO2;-0,0675;1,4392;0,0859;0,0817;0,0308;0,0109;-0,9961;;False
1830,47;9.84;PA019​;20250526_093943;1;FO2;-0,0668;1,4390;0,0863;0,0814;0,0294;0,0127;-0,9962;;False
1830,49;9.86;PA019​;20250526_093943;1;FO2;-0,0655;1,4386;0,0873;0,0810;0,0271;0,0167;-0,9962;;False
1830,50;9.88;PA019​;20250526_093943;1;FO2;-0,0648;1,4386;0,0877;0,0807;0,0250;0,0181;-0,9963;;False
1830,52;9.89;PA019​;20250526_093943;1;FO2;-0,0643;1,4385;0,0880;0,0811;0,0224;0,0193;-0,9963;;False
1830,53;9.91;PA019​;20250526_093943;1;FO2;-0,0637;1,4387;0,0886;0,0817;0,0201;0,0199;-0,9963;;False
1830,55;9.92;PA019​;20250526_093943;1;FO2;-0,0634;1,4388;0,0890;0,0834;0,0175;0,0207;-0,9961;;False
1830,56;9.94;PA019​;20250526_093943;1;FO2;-0,0631;1,4388;0,0895;0,0841;0,0152;0,0216;-0,9961;;False
1830,58;9.95;PA019​;20250526_093943;1;FO2;-0,0629;1,4386;0,0899;0,0852;0,0130;0,0223;-0,9960;;False
1830,59;9.97;PA019​;20250526_093943;1;FO2;-0,0627;1,4387;0,0906;0,0863;0,0112;0,0227;-0,9960;;False
1830,61;9.98;PA019​;20250526_093943;1;FO2;-0,0624;1,4385;0,0912;0,0872;0,0096;0,0227;-0,9959;;False
1830,62;10.0;PA019​;20250526_093943;1;FO2;-0,0622;1,4381;0,0918;0,0873;0,0080;0,0230;-0,9959;;False
1830,64;10.01;PA019​;20250526_093943;1;FO2;-0,0618;1,4378;0,0932;0,0861;0,0049;0,0230;-0,9960;;False
1830,65;10.03;PA019​;20250526_093943;1;FO2;-0,0617;1,4375;0,0941;0,0860;0,0041;0,0225;-0,9960;;False
1830,67;10.04;PA019​;20250526_093943;1;FO2;-0,0617;1,4372;0,0950;0,0849;0,0042;0,0217;-0,9961;;False
1830,68;10.06;PA019​;20250526_093943;1;FO2;-0,0618;1,4368;0,0957;0,0831;0,0046;0,0215;-0,9963;;False
1830,70;10.08;PA019​;20250526_093943;1;FO2;-0,0616;1,4363;0,0968;0,0812;0,0052;0,0213;-0,9965;;False
1830,72;10.09;PA019​;20250526_093943;1;FO2;-0,0613;1,4356;0,0976;0,0790;0,0057;0,0206;-0,9966;;False
1830,73;10.11;PA019​;20250526_093943;1;FO2;-0,0610;1,4350;0,0986;0,0765;0,0062;0,0200;-0,9969;;False
1830,75;10.12;PA019​;20250526_093943;1;FO2;-0,0604;1,4340;0,1005;0,0730;0,0069;0,0199;-0,9971;;False
1830,76;10.14;PA019​;20250526_093943;1;FO2;-0,0600;1,4338;0,1015;0,0723;0,0077;0,0206;-0,9971;;False
1830,78;10.16;PA019​;20250526_093943;1;FO2;-0,0596;1,4336;0,1025;0,0723;0,0088;0,0212;-0,9971;;False
1830,80;10.17;PA019​;20250526_093943;1;FO2;-0,0592;1,4332;0,1035;0,0721;0,0102;0,0221;-0,9971;;False
1830,81;10.19;PA019​;20250526_093943;1;FO2;-0,0588;1,4329;0,1044;0,0719;0,0117;0,0229;-0,9971;;False
1830,83;10.2;PA019​;20250526_093943;1;FO2;-0,0584;1,4328;0,1052;0,0719;0,0128;0,0233;-0,9971;;False
1830,84;10.22;PA019​;20250526_093943;1;FO2;-0,0580;1,4329;0,1059;0,0711;0,0130;0,0240;-0,9971;;False
1830,86;10.23;PA019​;20250526_093943;1;FO2;-0,0578;1,4329;0,1065;0,0714;0,0132;0,0252;-0,9970;;False
1830,87;10.25;PA019​;20250526_093943;1;FO2;-0,0574;1,4332;0,1077;0,0716;0,0143;0,0266;-0,9970;;False
1830,89;10.26;PA019​;20250526_093943;1;FO2;-0,0574;1,4335;0,1083;0,0728;0,0148;0,0261;-0,9969;;False
1830,91;10.28;PA019​;20250526_093943;1;FO2;-0,0574;1,4330;0,1085;0,0728;0,0151;0,0254;-0,9969;;False
1830,92;10.3;PA019​;20250526_093943;1;FO2;-0,0574;1,4330;0,1086;0,0709;0,0149;0,0252;-0,9971;;False
1830,94;10.31;PA019​;20250526_093943;1;FO2;-0,0573;1,4329;0,1089;0,0699;0,0141;0,0247;-0,9971;;False
1830,95;10.33;PA019​;20250526_093943;1;FO2;-0,0572;1,4330;0,1093;0,0697;0,0128;0,0243;-0,9972;;False
1830,97;10.34;PA019​;20250526_093943;1;FO2;-0,0572;1,4330;0,1095;0,0704;0,0114;0,0237;-0,9972;;False
1830,98;10.36;PA019​;20250526_093943;1;FO2;-0,0570;1,4331;0,1100;0,0710;0,0095;0,0223;-0,9972;;False
1831,00;10.38;PA019​;20250526_093943;1;FO2;-0,0569;1,4331;0,1103;0,0721;0,0086;0,0214;-0,9971;;False
1831,02;10.39;PA019​;20250526_093943;1;FO2;-0,0569;1,4332;0,1105;0,0729;0,0076;0,0207;-0,9971;;False
1831,03;10.41;PA019​;20250526_093943;1;FO2;-0,0567;1,4332;0,1107;0,0731;0,0063;0,0203;-0,9971;;False
1831,05;10.42;PA019​;20250526_093943;1;FO2;-0,0566;1,4331;0,1109;0,0726;0,0054;0,0204;-0,9971;;False
1831,06;10.44;PA019​;20250526_093943;1;FO2;-0,0565;1,4329;0,1113;0,0717;0,0048;0,0200;-0,9972;;False
1831,08;10.45;PA019​;20250526_093943;1;FO2;-0,0563;1,4326;0,1118;0,0712;0,0045;0,0200;-0,9973;;False
1831,09;10.47;PA019​;20250526_093943;1;FO2;-0,0561;1,4325;0,1125;0,0698;0,0047;0,0198;-0,9974;;False
1831,11;10.48;PA019​;20250526_093943;1;FO2;-0,0559;1,4320;0,1136;0,0680;0,0055;0,0194;-0,9975;;False
1831,13;10.5;PA019​;20250526_093943;1;FO2;-0,0558;1,4316;0,1142;0,0662;0,0068;0,0193;-0,9976;;False
1831,14;10.52;PA019​;20250526_093943;1;FO2;-0,0556;1,4311;0,1151;0,0640;0,0083;0,0194;-0,9977;;False
1831,16;10.53;PA019​;20250526_093943;1;FO2;-0,0554;1,4308;0,1161;0,0613;0,0098;0,0193;-0,9979;;False
1831,17;10.54;PA019​;20250526_093943;1;FO2;-0,0551;1,4305;0,1172;0,0596;0,0113;0,0201;-0,9980;;False
1831,19;10.56;PA019​;20250526_093943;1;FO2;-0,0549;1,4302;0,1182;0,0587;0,0127;0,0200;-0,9980;;False
1831,20;10.58;PA019​;20250526_093943;1;FO2;-0,0547;1,4299;0,1193;0,0580;0,0140;0,0209;-0,9980;;False
1831,22;10.59;PA019​;20250526_093943;1;FO2;-0,0544;1,4294;0,1201;0,0566;0,0155;0,0220;-0,9980;;False
1831,23;10.61;PA019​;20250526_093943;1;FO2;-0,0543;1,4290;0,1208;0,0544;0,0166;0,0229;-0,9981;;False
1831,25;10.62;PA019​;20250526_093943;1;FO2;-0,0540;1,4287;0,1215;0,0522;0,0176;0,0236;-0,9982;;False
1831,26;10.64;PA019​;20250526_093943;1;FO2;-0,0535;1,4281;0,1231;0,0492;0,0192;0,0246;-0,9983;;False
1831,28;10.65;PA019​;20250526_093943;1;FO2;-0,0534;1,4279;0,1236;0,0485;0,0193;0,0251;-0,9983;;False
1831,30;10.67;PA019​;20250526_093943;1;FO2;-0,0532;1,4276;0,1238;0,0478;0,0195;0,0256;-0,9983;;False
1831,31;10.69;PA019​;20250526_093943;1;FO2;-0,0531;1,4274;0,1239;0,0472;0,0196;0,0262;-0,9984;;False
1831,33;10.7;PA019​;20250526_093943;1;FO2;-0,0532;1,4273;0,1239;0,0469;0,0194;0,0268;-0,9984;;False
1831,34;10.72;PA019​;20250526_093943;1;FO2;-0,0533;1,4272;0,1238;0,0470;0,0192;0,0275;-0,9983;;False
1831,36;10.73;PA019​;20250526_093943;1;FO2;-0,0532;1,4270;0,1241;0,0474;0,0186;0,0282;-0,9983;;False
1831,37;10.75;PA019​;20250526_093943;1;FO2;-0,0535;1,4271;0,1237;0,0473;0,0176;0,0289;-0,9983;;False
1831,39;10.76;PA019​;20250526_093943;1;FO2;-0,0540;1,4272;0,1230;0,0474;0,0164;0,0293;-0,9983;;False
1831,40;10.78;PA019​;20250526_093943;1;FO2;-0,0551;1,4274;0,1217;0,0477;0,0158;0,0283;-0,9983;;False
1831,42;10.79;PA019​;20250526_093943;1;FO2;-0,0558;1,4274;0,1210;0,0474;0,0152;0,0274;-0,9984;;False
1831,43;10.81;PA019​;20250526_093943;1;FO2;-0,0565;1,4272;0,1201;0,0463;0,0151;0,0263;-0,9985;;False
1831,45;10.82;PA019​;20250526_093943;1;FO2;-0,0572;1,4274;0,1193;0,0455;0,0149;0,0245;-0,9986;;False
1831,47;10.84;PA019​;20250526_093943;1;FO2;-0,0579;1,4279;0,1186;0,0464;0,0148;0,0231;-0,9985;;False
1831,48;10.86;PA019​;20250526_093943;1;FO2;-0,0587;1,4280;0,1178;0,0472;0,0151;0,0223;-0,9985;;False
1831,50;10.87;PA019​;20250526_093943;1;FO2;-0,0601;1,4280;0,1158;0,0473;0,0155;0,0205;-0,9985;;False
1831,52;10.89;PA019​;20250526_093943;1;FO2;-0,0606;1,4281;0,1149;0,0476;0,0161;0,0209;-0,9985;;False
1831,53;10.9;PA019​;20250526_093943;1;FO2;-0,0613;1,4282;0,1138;0,0480;0,0162;0,0212;-0,9985;;False
1831,55;10.92;PA019​;20250526_093943;1;FO2;-0,0618;1,4285;0,1128;0,0490;0,0169;0,0217;-0,9984;;False
1831,56;10.94;PA019​;20250526_093943;1;FO2;-0,0623;1,4287;0,1118;0,0497;0,0174;0,0217;-0,9984;;False
1831,58;10.95;PA019​;20250526_093943;1;FO2;-0,0626;1,4288;0,1107;0,0502;0,0175;0,0220;-0,9983;;False
1831,59;10.97;PA019​;20250526_093943;1;FO2;-0,0630;1,4289;0,1097;0,0512;0,0173;0,0223;-0,9983;;False
1831,61;10.98;PA019​;20250526_093943;1;FO2;-0,0634;1,4291;0,1087;0,0525;0,0170;0,0227;-0,9982;;False
1831,63;11.0;PA019​;20250526_093943;1;FO2;-0,0641;1,4296;0,1071;0,0557;0,0161;0,0237;-0,9980;;False
1831,64;11.02;PA019​;20250526_093943;1;FO2;-0,0643;1,4298;0,1063;0,0575;0,0157;0,0241;-0,9979;;False
1831,66;11.03;PA019​;20250526_093943;1;FO2;-0,0644;1,4304;0,1057;0,0585;0,0151;0,0239;-0,9979;;False
1831,67;11.05;PA019​;20250526_093943;1;FO2;-0,0646;1,4310;0,1054;0,0615;0,0142;0,0227;-0,9977;;False
1831,69;11.06;PA019​;20250526_093943;1;FO2;-0,0649;1,4314;0,1048;0,0640;0,0133;0,0229;-0,9976;;False
1831,70;11.08;PA019​;20250526_093943;1;FO2;-0,0651;1,4315;0,1043;0,0658;0,0128;0,0225;-0,9975;;False
1831,72;11.09;PA019​;20250526_093943;1;FO2;-0,0654;1,4314;0,1037;0,0665;0,0124;0,0222;-0,9975;;False
1831,73;11.11;PA019​;20250526_093943;1;FO2;-0,0655;1,4314;0,1033;0,0659;0,0124;0,0220;-0,9975;;False
1831,75;11.12;PA019​;20250526_093943;1;FO2;-0,0658;1,4317;0,1029;0,0663;0,0121;0,0218;-0,9975;;False
1831,76;11.14;PA019​;20250526_093943;1;FO2;-0,0659;1,4316;0,1025;0,0656;0,0123;0,0227;-0,9975;;False
1831,78;11.16;PA019​;20250526_093943;1;FO2;-0,0658;1,4316;0,1025;0,0648;0,0124;0,0237;-0,9975;;False
1831,80;11.17;PA019​;20250526_093943;1;FO2;-0,0660;1,4316;0,1024;0,0639;0,0118;0,0243;-0,9976;;False
1831,81;11.19;PA019​;20250526_093943;1;FO2;-0,0661;1,4316;0,1021;0,0639;0,0111;0,0253;-0,9976;;False
1831,83;11.2;PA019​;20250526_093943;1;FO2;-0,0661;1,4316;0,1021;0,0639;0,0108;0,0260;-0,9976;;False
1831,84;11.22;PA019​;20250526_093943;1;FO2;-0,0660;1,4318;0,1021;0,0648;0,0105;0,0256;-0,9975;;False
1831,86;11.23;PA019​;20250526_093943;1;FO2;-0,0660;1,4322;0,1023;0,0668;0,0105;0,0256;-0,9974;;False
1831,87;11.25;PA019​;20250526_093943;1;FO2;-0,0660;1,4326;0,1026;0,0691;0,0107;0,0253;-0,9972;;False
1831,89;11.26;PA019​;20250526_093943;1;FO2;-0,0659;1,4332;0,1032;0,0725;0,0115;0,0244;-0,9970;;False
1831,90;11.28;PA019​;20250526_093943;1;FO2;-0,0658;1,4332;0,1035;0,0737;0,0122;0,0246;-0,9969;;False
1831,92;11.29;PA019​;20250526_093943;1;FO2;-0,0658;1,4332;0,1036;0,0741;0,0122;0,0245;-0,9969;;False
1831,93;11.31;PA019​;20250526_093943;1;FO2;-0,0657;1,4335;0,1038;0,0742;0,0127;0,0250;-0,9968;;False
1831,95;11.32;PA019​;20250526_093943;1;FO2;-0,0656;1,4335;0,1039;0,0744;0,0130;0,0250;-0,9968;;False
1831,97;11.34;PA019​;20250526_093943;1;FO2;-0,0655;1,4336;0,1041;0,0756;0,0131;0,0259;-0,9967;;False
1831,98;11.36;PA019​;20250526_093943;1;FO2;-0,0649;1,4339;0,1044;0,0779;0,0124;0,0259;-0,9965;;False
1832,00;11.37;PA019​;20250526_093943;1;FO2;-0,0646;1,4339;0,1045;0,0804;0,0114;0,0260;-0,9964;;False
1832,01;11.39;PA019​;20250526_093943;1;FO2;-0,0638;1,4342;0,1046;0,0835;0,0095;0,0269;-0,9961;;False
1832,03;11.4;PA019​;20250526_093943;1;FO2;-0,0634;1,4340;0,1046;0,0832;0,0078;0,0275;-0,9961;;False
1832,04;11.42;PA019​;20250526_093943;1;FO2;-0,0627;1,4339;0,1048;0,0827;0,0053;0,0287;-0,9961;;False
1832,06;11.43;PA019​;20250526_093943;1;FO2;-0,0621;1,4338;0,1050;0,0824;0,0029;0,0294;-0,9962;;False
1832,07;11.45;PA019​;20250526_093943;1;FO2;-0,0616;1,4337;0,1052;0,0822;0,0008;0,0293;-0,9962;;False
1832,09;11.46;PA019​;20250526_093943;1;FO2;-0,0611;1,4334;0,1054;0,0811;-0,0010;0,0294;-0,9963;;False
1832,11;11.48;PA019​;20250526_093943;1;FO2;-0,0606;1,4332;0,1056;0,0801;-0,0026;0,0296;-0,9963;;False
1832,12;11.5;PA019​;20250526_093943;1;FO2;-0,0598;1,4329;0,1061;0,0786;-0,0047;0,0301;-0,9964;;False
1832,14;11.51;PA019​;20250526_093943;1;FO2;-0,0598;1,4330;0,1063;0,0788;-0,0028;0,0295;-0,9965;;False
1832,15;11.53;PA019​;20250526_093943;1;FO2;-0,0602;1,4332;0,1065;0,0795;0,0004;0,0290;-0,9964;;False
1832,17;11.55;PA019​;20250526_093943;1;FO2;-0,0598;1,4331;0,1067;0,0801;0,0053;0,0293;-0,9963;;False
1832,19;11.56;PA019​;20250526_093943;1;FO2;-0,0604;1,4332;0,1068;0,0803;0,0102;0,0304;-0,9963;;False
1832,20;11.58;PA019​;20250526_093943;1;FO2;-0,0608;1,4332;0,1068;0,0800;0,0141;0,0310;-0,9962;;False
1832,22;11.59;PA019​;20250526_093943;1;FO2;-0,0612;1,4332;0,1068;0,0798;0,0171;0,0314;-0,9962;;False
1832,23;11.6;PA019​;20250526_093943;1;FO2;-0,0612;1,4331;0,1068;0,0789;0,0184;0,0320;-0,9962;;False
1832,24;11.62;PA019​;20250526_093943;1;FO2;-0,0610;1,4330;0,1067;0,0781;0,0174;0,0320;-0,9963;;False
1832,26;11.63;PA019​;20250526_093943;1;FO2;-0,0603;1,4328;0,1066;0,0771;0,0146;0,0314;-0,9964;;False
1832,27;11.65;PA019​;20250526_093943;1;FO2;-0,0587;1,4328;0,1065;0,0767;0,0109;0,0305;-0,9965;;False
1832,29;11.66;PA019​;20250526_093943;1;FO2;-0,0572;1,4328;0,1063;0,0762;0,0057;0,0294;-0,9966;;False
1832,31;11.68;PA019​;20250526_093943;1;FO2;-0,0565;1,4328;0,1062;0,0764;0,0027;0,0298;-0,9966;;False
1832,32;11.7;PA019​;20250526_093943;1;FO2;-0,0560;1,4329;0,1060;0,0766;0,0007;0,0306;-0,9966;;False
1832,34;11.71;PA019​;20250526_093943;1;FO2;-0,0556;1,4329;0,1058;0,0763;-0,0003;0,0315;-0,9966;;False
1832,35;11.72;PA019​;20250526_093943;1;FO2;-0,0551;1,4329;0,1057;0,0766;-0,0003;0,0328;-0,9965;;False
1832,36;11.74;PA019​;20250526_093943;1;FO2;-0,0548;1,4330;0,1057;0,0766;0,0003;0,0339;-0,9965;;False
1832,38;11.75;PA019​;20250526_093943;1;FO2;-0,0547;1,4329;0,1055;0,0772;0,0014;0,0351;-0,9964;;False
1832,39;11.77;PA019​;20250526_093943;1;FO2;-0,0544;1,4330;0,1054;0,0777;0,0024;0,0355;-0,9963;;False
1832,41;11.78;PA019​;20250526_093943;1;FO2;-0,0543;1,4331;0,1052;0,0783;0,0032;0,0360;-0,9963;;False
1832,42;11.8;PA019​;20250526_093943;1;FO2;-0,0542;1,4331;0,1051;0,0787;0,0043;0,0363;-0,9962;;False
1832,44;11.81;PA019​;20250526_093943;1;FO2;-0,0539;1,4332;0,1049;0,0789;0,0054;0,0363;-0,9962;;False
1832,45;11.83;PA019​;20250526_093943;1;FO2;-0,0539;1,4332;0,1047;0,0790;0,0062;0,0361;-0,9962;;False
1832,47;11.84;PA019​;20250526_093943;1;FO2;-0,0539;1,4332;0,1045;0,0791;0,0067;0,0363;-0,9962;;False
1832,48;11.86;PA019​;20250526_093943;1;FO2;-0,0537;1,4332;0,1041;0,0789;0,0077;0,0367;-0,9962;;False
1832,50;11.87;PA019​;20250526_093943;1;FO2;-0,0536;1,4331;0,1040;0,0783;0,0075;0,0357;-0,9963;;False
1832,51;11.89;PA019​;20250526_093943;1;FO2;-0,0535;1,4330;0,1039;0,0780;0,0073;0,0363;-0,9963;;False
1832,53;11.9;PA019​;20250526_093943;1;FO2;-0,0533;1,4330;0,1039;0,0780;0,0067;0,0370;-0,9962;;False
1832,54;11.92;PA019​;20250526_093943;1;FO2;-0,0531;1,4331;0,1038;0,0776;0,0062;0,0367;-0,9963;;False
1832,56;11.93;PA019​;20250526_093943;1;FO2;-0,0530;1,4330;0,1036;0,0777;0,0064;0,0367;-0,9963;;False
1832,57;11.95;PA019​;20250526_093943;1;FO2;-0,0529;1,4330;0,1035;0,0778;0,0065;0,0367;-0,9963;;False
1832,59;11.96;PA019​;20250526_093943;1;FO2;-0,0528;1,4331;0,1033;0,0781;0,0067;0,0367;-0,9962;;False
1832,60;11.98;PA019​;20250526_093943;1;FO2;-0,0527;1,4331;0,1030;0,0784;0,0066;0,0367;-0,9962;;False
1832,62;11.99;PA019​;20250526_093943;1;FO2;-0,0526;1,4332;0,1028;0,0791;0,0064;0,0365;-0,9962;;False
1832,63;12.01;PA019​;20250526_093943;1;FO2;-0,0525;1,4334;0,1027;0,0795;0,0063;0,0361;-0,9962;;False
1832,65;12.02;PA019​;20250526_093943;1;FO2;-0,0523;1,4334;0,1025;0,0796;0,0061;0,0356;-0,9962;;False
1832,66;12.04;PA019​;20250526_093943;1;FO2;-0,0522;1,4335;0,1025;0,0797;0,0060;0,0352;-0,9962;;False
1832,68;12.05;PA019​;20250526_093943;1;FO2;-0,0519;1,4336;0,1023;0,0803;0,0059;0,0347;-0,9962;;False
1832,69;12.07;PA019​;20250526_093943;1;FO2;-0,0518;1,4336;0,1022;0,0803;0,0064;0,0343;-0,9962;;False
1832,71;12.08;PA019​;20250526_093943;1;FO2;-0,0516;1,4336;0,1022;0,0806;0,0069;0,0349;-0,9961;;False
1832,72;12.1;PA019​;20250526_093943;1;FO2;-0,0514;1,4336;0,1022;0,0807;0,0069;0,0354;-0,9961;;False
1832,74;12.11;PA019​;20250526_093943;1;FO2;-0,0512;1,4336;0,1022;0,0807;0,0066;0,0356;-0,9961;;False
1832,75;12.13;PA019​;20250526_093943;1;FO2;-0,0510;1,4337;0,1022;0,0806;0,0065;0,0353;-0,9961;;False
1832,77;12.14;PA019​;20250526_093943;1;FO2;-0,0508;1,4337;0,1022;0,0807;0,0064;0,0355;-0,9961;;False
1832,78;12.16;PA019​;20250526_093943;1;FO2;-0,0507;1,4338;0,1023;0,0812;0,0064;0,0352;-0,9961;;False
1832,80;12.17;PA019​;20250526_093943;1;FO2;-0,0505;1,4339;0,1023;0,0819;0,0066;0,0351;-0,9960;;False
1832,81;12.18;PA019​;20250526_093943;1;FO2;-0,0504;1,4340;0,1024;0,0824;0,0069;0,0348;-0,9960;;False
1832,83;12.2;PA019​;20250526_093943;1;FO2;-0,0503;1,4341;0,1025;0,0830;0,0070;0,0352;-0,9959;;False
1832,84;12.21;PA019​;20250526_093943;1;FO2;-0,0502;1,4342;0,1025;0,0835;0,0071;0,0354;-0,9959;;False
1832,85;12.23;PA019​;20250526_093943;1;FO2;-0,0501;1,4343;0,1026;0,0837;0,0072;0,0352;-0,9958;;False
1832,87;12.24;PA019​;20250526_093943;1;FO2;-0,0499;1,4344;0,1028;0,0839;0,0071;0,0353;-0,9958;;False
1832,88;12.26;PA019​;20250526_093943;1;FO2;-0,0498;1,4343;0,1030;0,0836;0,0071;0,0353;-0,9958;;False
1832,90;12.27;PA019​;20250526_093943;1;FO2;-0,0497;1,4342;0,1033;0,0836;0,0071;0,0352;-0,9958;;False
1832,91;12.29;PA019​;20250526_093943;1;FO2;-0,0495;1,4342;0,1035;0,0835;0,0070;0,0351;-0,9959;;False
1832,93;12.3;PA019​;20250526_093943;1;FO2;-0,0493;1,4341;0,1040;0,0834;0,0070;0,0350;-0,9959;;False
1832,94;12.32;PA019​;20250526_093943;1;FO2;-0,0491;1,4341;0,1043;0,0835;0,0070;0,0350;-0,9959;;False
1832,96;12.33;PA019​;20250526_093943;1;FO2;-0,0489;1,4342;0,1046;0,0835;0,0070;0,0350;-0,9959;;False
1832,97;12.35;PA019​;20250526_093943;1;FO2;-0,0487;1,4342;0,1049;0,0836;0,0071;0,0349;-0,9959;;False
1832,99;12.36;PA019​;20250526_093943;1;FO2;-0,0485;1,4342;0,1051;0,0837;0,0069;0,0350;-0,9959;;False
1833,00;12.38;PA019​;20250526_093943;1;FO2;-0,0484;1,4342;0,1054;0,0837;0,0067;0,0352;-0,9958;;False
1833,02;12.39;PA019​;20250526_093943;1;FO2;-0,0483;1,4342;0,1056;0,0836;0,0067;0,0352;-0,9959;;False
1833,03;12.41;PA019​;20250526_093943;1;FO2;-0,0481;1,4342;0,1058;0,0835;0,0068;0,0352;-0,9959;;False
1833,05;12.42;PA019​;20250526_093943;1;FO2;-0,0478;1,4342;0,1061;0,0836;0,0066;0,0351;-0,9959;;False
1833,07;12.44;PA019​;20250526_093943;1;FO2;-0,0476;1,4344;0,1063;0,0839;0,0059;0,0346;-0,9959;;False
1833,08;12.46;PA019​;20250526_093943;1;FO2;-0,0470;1,4345;0,1068;0,0839;0,0043;0,0354;-0,9958;;False
1833,10;12.47;PA019​;20250526_093943;1;FO2;-0,0464;1,4344;0,1070;0,0834;0,0016;0,0360;-0,9959;;False
1833,11;12.49;PA019​;20250526_093943;1;FO2;-0,0454;1,4341;0,1071;0,0822;-0,0030;0,0361;-0,9960;;False
1833,13;12.5;PA019​;20250526_093943;1;FO2;-0,0444;1,4337;0,1073;0,0803;-0,0087;0,0361;-0,9961;;False
1833,14;12.52;PA019​;20250526_093943;1;FO2;-0,0433;1,4333;0,1076;0,0787;-0,0152;0,0364;-0,9961;;False
1833,16;12.54;PA019​;20250526_093943;1;FO2;-0,0421;1,4330;0,1079;0,0769;-0,0220;0,0366;-0,9961;;False
1833,18;12.55;PA019​;20250526_093943;1;FO2;-0,0410;1,4327;0,1083;0,0757;-0,0280;0,0359;-0,9961;;False
1833,19;12.57;PA019​;20250526_093943;1;FO2;-0,0402;1,4324;0,1085;0,0750;-0,0325;0,0353;-0,9960;;False
1833,21;12.58;PA019​;20250526_093943;1;FO2;-0,0395;1,4322;0,1088;0,0744;-0,0349;0,0347;-0,9960;;False
1833,22;12.6;PA019​;20250526_093943;1;FO2;-0,0386;1,4320;0,1096;0,0734;-0,0388;0,0345;-0,9960;;False
1833,24;12.61;PA019​;20250526_093943;1;FO2;-0,0384;1,4318;0,1101;0,0729;-0,0380;0,0349;-0,9960;;False
1833,25;12.63;PA019​;20250526_093943;1;FO2;-0,0382;1,4315;0,1105;0,0726;-0,0363;0,0348;-0,9961;;False
1833,27;12.64;PA019​;20250526_093943;1;FO2;-0,0382;1,4314;0,1111;0,0730;-0,0341;0,0344;-0,9962;;False
1833,28;12.66;PA019​;20250526_093943;1;FO2;-0,0382;1,4314;0,1116;0,0729;-0,0319;0,0346;-0,9962;;False
1833,30;12.67;PA019​;20250526_093943;1;FO2;-0,0382;1,4313;0,1121;0,0732;-0,0293;0,0345;-0,9963;;False
1833,31;12.68;PA019​;20250526_093943;1;FO2;-0,0381;1,4312;0,1125;0,0733;-0,0269;0,0346;-0,9963;;False
1833,32;12.7;PA019​;20250526_093943;1;FO2;-0,0380;1,4312;0,1128;0,0731;-0,0250;0,0341;-0,9964;;False
1833,34;12.71;PA019​;20250526_093943;1;FO2;-0,0379;1,4310;0,1132;0,0729;-0,0235;0,0340;-0,9965;;False
1833,35;12.73;PA019​;20250526_093943;1;FO2;-0,0378;1,4309;0,1137;0,0726;-0,0227;0,0344;-0,9965;;False
1833,37;12.74;PA019​;20250526_093943;1;FO2;-0,0375;1,4307;0,1141;0,0720;-0,0226;0,0350;-0,9965;;False
1833,38;12.76;PA019​;20250526_093943;1;FO2;-0,0371;1,4305;0,1146;0,0718;-0,0228;0,0352;-0,9965;;False
1833,40;12.77;PA019​;20250526_093943;1;FO2;-0,0369;1,4305;0,1151;0,0718;-0,0233;0,0345;-0,9966;;False
1833,41;12.79;PA019​;20250526_093943;1;FO2;-0,0367;1,4304;0,1155;0,0717;-0,0239;0,0351;-0,9965;;False
1833,43;12.8;PA019​;20250526_093943;1;FO2;-0,0365;1,4301;0,1157;0,0713;-0,0243;0,0356;-0,9965;;False
1833,44;12.82;PA019​;20250526_093943;1;FO2;-0,0360;1,4299;0,1165;0,0706;-0,0243;0,0359;-0,9966;;False
1833,46;12.83;PA019​;20250526_093943;1;FO2;-0,0359;1,4300;0,1168;0,0706;-0,0244;0,0360;-0,9966;;False
1833,47;12.85;PA019​;20250526_093943;1;FO2;-0,0357;1,4300;0,1171;0,0707;-0,0242;0,0357;-0,9966;;False
1833,49;12.86;PA019​;20250526_093943;1;FO2;-0,0356;1,4299;0,1174;0,0708;-0,0241;0,0358;-0,9966;;False
1833,50;12.88;PA019​;20250526_093943;1;FO2;-0,0355;1,4299;0,1175;0,0708;-0,0243;0,0360;-0,9965;;False
1833,52;12.89;PA019​;20250526_093943;1;FO2;-0,0352;1,4300;0,1178;0,0708;-0,0244;0,0357;-0,9966;;False
1833,53;12.91;PA019​;20250526_093943;1;FO2;-0,0351;1,4301;0,1180;0,0712;-0,0248;0,0351;-0,9965;;False
1833,55;12.92;PA019​;20250526_093943;1;FO2;-0,0350;1,4302;0,1181;0,0718;-0,0250;0,0346;-0,9965;;False
1833,56;12.93;PA019​;20250526_093943;1;FO2;-0,0349;1,4301;0,1182;0,0731;-0,0245;0,0340;-0,9964;;False
1833,57;12.95;PA019​;20250526_093943;1;FO2;-0,0351;1,4303;0,1182;0,0745;-0,0237;0,0339;-0,9964;;False
1833,59;12.96;PA019​;20250526_093943;1;FO2;-0,0352;1,4307;0,1182;0,0758;-0,0224;0,0343;-0,9963;;False
1833,60;12.98;PA019​;20250526_093943;1;FO2;-0,0355;1,4311;0,1180;0,0775;-0,0205;0,0344;-0,9962;;False
1833,62;12.99;PA019​;20250526_093943;1;FO2;-0,0366;1,4319;0,1173;0,0790;-0,0180;0,0348;-0,9961;;False
1833,63;13.01;PA019​;20250526_093943;1;FO2;-0,0373;1,4325;0,1168;0,0802;-0,0155;0,0350;-0,9960;;False
1833,65;13.02;PA019​;20250526_093943;1;FO2;-0,0382;1,4330;0,1161;0,0816;-0,0125;0,0356;-0,9960;;False
1833,66;13.04;PA019​;20250526_093943;1;FO2;-0,0393;1,4338;0,1153;0,0831;-0,0094;0,0348;-0,9959;;False
1833,68;13.05;PA019​;20250526_093943;1;FO2;-0,0406;1,4345;0,1143;0,0843;-0,0063;0,0354;-0,9958;;False
1833,69;13.07;PA019​;20250526_093943;1;FO2;-0,0420;1,4352;0,1132;0,0850;-0,0033;0,0365;-0,9957;;False
1833,71;13.08;PA019​;20250526_093943;1;FO2;-0,0449;1,4367;0,1112;0,0874;0,0028;0,0361;-0,9955;;False
1833,72;13.1;PA019​;20250526_093943;1;FO2;-0,0466;1,4378;0,1101;0,0899;0,0059;0,0332;-0,9954;;False
1833,74;13.11;PA019​;20250526_093943;1;FO2;-0,0484;1,4386;0,1091;0,0929;0,0089;0,0293;-0,9952;;False
1833,75;13.13;PA019​;20250526_093943;1;FO2;-0,0502;1,4392;0,1080;0,0957;0,0120;0,0259;-0,9950;;False
1833,77;13.14;PA019​;20250526_093943;1;FO2;-0,0522;1,4398;0,1068;0,0970;0,0146;0,0233;-0,9949;;False
1833,78;13.16;PA019​;20250526_093943;1;FO2;-0,0541;1,4400;0,1058;0,0993;0,0170;0,0202;-0,9947;;False
1833,80;13.17;PA019​;20250526_093943;1;FO2;-0,0562;1,4405;0,1050;0,1012;0,0194;0,0175;-0,9945;;False
1833,81;13.19;PA019​;20250526_093943;1;FO2;-0,0583;1,4409;0,1042;0,1026;0,0217;0,0155;-0,9944;;False
1833,83;13.2;PA019​;20250526_093943;1;FO2;-0,0602;1,4411;0,1035;0,1035;0,0240;0,0133;-0,9943;;False
1833,84;13.22;PA019​;20250526_093943;1;FO2;-0,0618;1,4410;0,1030;0,1041;0,0260;0,0116;-0,9942;;False
1833,86;13.23;PA019​;20250526_093943;1;FO2;-0,0635;1,4410;0,1024;0,1038;0,0274;0,0095;-0,9942;;False
1833,87;13.25;PA019​;20250526_093943;1;FO2;-0,0648;1,4409;0,1021;0,1037;0,0290;0,0081;-0,9942;;False
1833,89;13.26;PA019​;20250526_093943;1;FO2;-0,0676;1,4407;0,1015;0,1035;0,0315;0,0054;-0,9941;;False
1833,90;13.28;PA019​;20250526_093943;1;FO2;-0,0685;1,4408;0,1014;0,1031;0,0326;0,0045;-0,9941;;False
1833,92;13.29;PA019​;20250526_093943;1;FO2;-0,0693;1,4407;0,1012;0,1032;0,0328;0,0041;-0,9941;;False
1833,93;13.31;PA019​;20250526_093943;1;FO2;-0,0697;1,4407;0,1011;0,1034;0,0328;0,0039;-0,9941;;False
1833,95;13.32;PA019​;20250526_093943;1;FO2;-0,0699;1,4408;0,1011;0,1039;0,0320;0,0040;-0,9941;;False
1833,96;13.34;PA019​;20250526_093943;1;FO2;-0,0699;1,4410;0,1011;0,1044;0,0306;0,0043;-0,9941;;False
1833,98;13.35;PA019​;20250526_093943;1;FO2;-0,0698;1,4412;0,1011;0,1054;0,0290;0,0047;-0,9940;;False
1833,99;13.37;PA019​;20250526_093943;1;FO2;-0,0695;1,4415;0,1012;0,1065;0,0273;0,0050;-0,9939;;False
1834,01;13.38;PA019​;20250526_093943;1;FO2;-0,0699;1,4415;0,1011;0,1075;0,0258;0,0052;-0,9939;;False
1834,02;13.4;PA019​;20250526_093943;1;FO2;-0,0693;1,4417;0,1012;0,1081;0,0243;0,0055;-0,9938;;False
1834,04;13.41;PA019​;20250526_093943;1;FO2;-0,0680;1,4419;0,1014;0,1086;0,0229;0,0062;-0,9938;;False
1834,05;13.43;PA019​;20250526_093943;1;FO2;-0,0673;1,4420;0,1015;0,1087;0,0212;0,0071;-0,9938;;False
1834,07;13.44;PA019​;20250526_093943;1;FO2;-0,0658;1,4423;0,1019;0,1091;0,0177;0,0089;-0,9938;;False
1834,08;13.46;PA019​;20250526_093943;1;FO2;-0,0649;1,4425;0,1021;0,1094;0,0152;0,0098;-0,9938;;False
1834,10;13.47;PA019​;20250526_093943;1;FO2;-0,0641;1,4426;0,1024;0,1097;0,0136;0,0102;-0,9938;;False
1834,11;13.48;PA019​;20250526_093943;1;FO2;-0,0634;1,4427;0,1027;0,1102;0,0120;0,0109;-0,9938;;False
1834,12;13.5;PA019​;20250526_093943;1;FO2;-0,0627;1,4424;0,1030;0,1104;0,0105;0,0119;-0,9938;;False
1834,14;13.51;PA019​;20250526_093943;1;FO2;-0,0620;1,4423;0,1034;0,1098;0,0089;0,0129;-0,9938;;False
1834,15;13.52;PA019​;20250526_093943;1;FO2;-0,0615;1,4422;0,1039;0,1096;0,0074;0,0137;-0,9939;;False
1834,16;13.54;PA019​;20250526_093943;1;FO2;-0,0610;1,4422;0,1043;0,1090;0,0061;0,0145;-0,9939;;False
1834,18;13.55;PA019​;20250526_093943;1;FO2;-0,0606;1,4419;0,1048;0,1084;0,0052;0,0153;-0,9940;;False
1834,19;13.57;PA019​;20250526_093943;1;FO2;-0,0602;1,4418;0,1052;0,1079;0,0046;0,0163;-0,9940;;False
1834,21;13.58;PA019​;20250526_093943;1;FO2;-0,0599;1,4413;0,1059;0,1069;0,0040;0,0168;-0,9941;;False
1834,22;13.59;PA019​;20250526_093943;1;FO2;-0,0597;1,4412;0,1062;0,1054;0,0031;0,0177;-0,9943;;False
1834,23;13.61;PA019​;20250526_093943;1;FO2;-0,0594;1,4412;0,1069;0,1046;0,0025;0,0180;-0,9943;;False
1834,25;13.62;PA019​;20250526_093943;1;FO2;-0,0592;1,4410;0,1075;0,1046;0,0017;0,0181;-0,9944;;False
1834,26;13.64;PA019​;20250526_093943;1;FO2;-0,0590;1,4410;0,1081;0,1036;0,0007;0,0190;-0,9944;;False
1834,28;13.65;PA019​;20250526_093943;1;FO2;-0,0588;1,4407;0,1087;0,1031;-0,0005;0,0190;-0,9945;;False
1834,29;13.66;PA019​;20250526_093943;1;FO2;-0,0586;1,4404;0,1093;0,1024;-0,0017;0,0183;-0,9946;;False
1834,30;13.68;PA019​;20250526_093943;1;FO2;-0,0583;1,4403;0,1100;0,1017;-0,0030;0,0176;-0,9947;;False
1834,32;13.69;PA019​;20250526_093943;1;FO2;-0,0581;1,4401;0,1106;0,1014;-0,0049;0,0175;-0,9947;;False
1834,33;13.71;PA019​;20250526_093943;1;FO2;-0,0576;1,4399;0,1111;0,1011;-0,0070;0,0174;-0,9947;;False
1834,34;13.72;PA019​;20250526_093943;1;FO2;-0,0572;1,4397;0,1117;0,1006;-0,0093;0,0174;-0,9947;;False
1834,36;13.73;PA019​;20250526_093943;1;FO2;-0,0568;1,4396;0,1123;0,1003;-0,0116;0,0176;-0,9947;;False
1834,37;13.75;PA019​;20250526_093943;1;FO2;-0,0564;1,4393;0,1128;0,1003;-0,0134;0,0176;-0,9947;;False
1834,39;13.76;PA019​;20250526_093943;1;FO2;-0,0561;1,4392;0,1133;0,0999;-0,0153;0,0176;-0,9947;;False
1834,40;13.78;PA019​;20250526_093943;1;FO2;-0,0558;1,4389;0,1138;0,0997;-0,0171;0,0177;-0,9947;;False
1834,41;13.79;PA019​;20250526_093943;1;FO2;-0,0555;1,4387;0,1143;0,0993;-0,0188;0,0179;-0,9947;;False
1834,43;13.8;PA019​;20250526_093943;1;FO2;-0,0552;1,4386;0,1149;0,0991;-0,0202;0,0181;-0,9947;;False
1834,44;13.82;PA019​;20250526_093943;1;FO2;-0,0549;1,4387;0,1156;0,0991;-0,0214;0,0174;-0,9947;;False
1834,46;13.83;PA019​;20250526_093943;1;FO2;-0,0545;1,4386;0,1161;0,0994;-0,0223;0,0172;-0,9947;;False
1834,47;13.84;PA019​;20250526_093943;1;FO2;-0,0542;1,4383;0,1165;0,0989;-0,0235;0,0167;-0,9947;;False
1834,48;13.86;PA019​;20250526_093943;1;FO2;-0,0538;1,4381;0,1168;0,0976;-0,0247;0,0169;-0,9948;;False
1834,50;13.87;PA019​;20250526_093943;1;FO2;-0,0535;1,4381;0,1174;0,0969;-0,0257;0,0173;-0,9948;;False
1834,51;13.89;PA019​;20250526_093943;1;FO2;-0,0533;1,4381;0,1178;0,0968;-0,0264;0,0177;-0,9948;;False
1834,53;13.9;PA019​;20250526_093943;1;FO2;-0,0531;1,4379;0,1182;0,0964;-0,0267;0,0177;-0,9948;;False
1834,54;13.91;PA019​;20250526_093943;1;FO2;-0,0529;1,4377;0,1185;0,0956;-0,0270;0,0181;-0,9949;;False
1834,56;13.93;PA019​;20250526_093943;1;FO2;-0,0526;1,4377;0,1188;0,0951;-0,0274;0,0188;-0,9949;;False
1834,57;13.94;PA019​;20250526_093943;1;FO2;-0,0523;1,4376;0,1191;0,0952;-0,0279;0,0190;-0,9949;;False
1834,58;13.96;PA019​;20250526_093943;1;FO2;-0,0521;1,4373;0,1192;0,0946;-0,0285;0,0196;-0,9949;;False
1834,60;13.97;PA019​;20250526_093943;1;FO2;-0,0518;1,4367;0,1195;0,0932;-0,0293;0,0201;-0,9950;;False
1834,61;13.98;PA019​;20250526_093943;1;FO2;-0,0516;1,4373;0,1197;0,0914;-0,0299;0,0208;-0,9951;;False
1834,62;14.0;PA019​;20250526_093943;1;FO2;-0,0515;1,4371;0,1204;0,0929;-0,0303;0,0208;-0,9950;;False
1834,64;14.01;PA019​;20250526_093943;1;FO2;-0,0513;1,4370;0,1206;0,0922;-0,0305;0,0209;-0,9951;;False
1834,65;14.02;PA019​;20250526_093943;1;FO2;-0,0511;1,4367;0,1210;0,0918;-0,0307;0,0215;-0,9951;;False
1834,66;14.04;PA019​;20250526_093943;1;FO2;-0,0510;1,4366;0,1211;0,0909;-0,0310;0,0215;-0,9951;;False
1834,68;14.05;PA019​;20250526_093943;1;FO2;-0,0507;1,4365;0,1215;0,0902;-0,0319;0,0216;-0,9952;;False
1834,69;14.07;PA019​;20250526_093943;1;FO2;-0,0506;1,4363;0,1216;0,0895;-0,0326;0,0218;-0,9952;;False
1834,71;14.08;PA019​;20250526_093943;1;FO2;-0,0504;1,4363;0,1220;0,0891;-0,0335;0,0217;-0,9952;;False
1834,72;14.09;PA019​;20250526_093943;1;FO2;-0,0503;1,4362;0,1221;0,0892;-0,0343;0,0217;-0,9952;;False
1834,73;14.11;PA019​;20250526_093943;1;FO2;-0,0502;1,4360;0,1223;0,0890;-0,0347;0,0217;-0,9952;;False
1834,75;14.12;PA019​;20250526_093943;1;FO2;-0,0501;1,4358;0,1224;0,0887;-0,0352;0,0218;-0,9952;;False
1834,76;14.14;PA019​;20250526_093943;1;FO2;-0,0499;1,4356;0,1227;0,0882;-0,0356;0,0218;-0,9952;;False
1834,78;14.15;PA019​;20250526_093943;1;FO2;-0,0499;1,4354;0,1228;0,0878;-0,0363;0,0219;-0,9952;;False
1834,79;14.16;PA019​;20250526_093943;1;FO2;-0,0499;1,4353;0,1228;0,0875;-0,0369;0,0224;-0,9952;;False
1834,80;14.18;PA019​;20250526_093943;1;FO2;-0,0498;1,4351;0,1229;0,0873;-0,0372;0,0225;-0,9952;;False
1834,82;14.19;PA019​;20250526_093943;1;FO2;-0,0499;1,4350;0,1228;0,0867;-0,0373;0,0221;-0,9953;;False
1834,83;14.21;PA019​;20250526_093943;1;FO2;-0,0499;1,4349;0,1228;0,0864;-0,0371;0,0219;-0,9953;;False
1834,84;14.22;PA019​;20250526_093943;1;FO2;-0,0500;1,4348;0,1227;0,0863;-0,0366;0,0219;-0,9954;;False
1834,86;14.23;PA019​;20250526_093943;1;FO2;-0,0502;1,4348;0,1225;0,0859;-0,0362;0,0221;-0,9954;;False
1834,87;14.25;PA019​;20250526_093943;1;FO2;-0,0503;1,4348;0,1223;0,0859;-0,0358;0,0222;-0,9954;;False
1834,89;14.26;PA019​;20250526_093943;1;FO2;-0,0505;1,4349;0,1220;0,0862;-0,0353;0,0223;-0,9954;;False
1834,90;14.28;PA019​;20250526_093943;1;FO2;-0,0508;1,4349;0,1218;0,0868;-0,0349;0,0221;-0,9954;;False
1834,91;14.29;PA019​;20250526_093943;1;FO2;-0,0510;1,4351;0,1215;0,0869;-0,0344;0,0220;-0,9954;;False
1834,93;14.3;PA019​;20250526_093943;1;FO2;-0,0512;1,4351;0,1211;0,0868;-0,0342;0,0219;-0,9954;;False
1834,94;14.32;PA019​;20250526_093943;1;FO2;-0,0513;1,4350;0,1206;0,0867;-0,0342;0,0214;-0,9954;;False
1834,96;14.33;PA019​;20250526_093943;1;FO2;-0,0514;1,4350;0,1203;0,0862;-0,0345;0,0208;-0,9955;;False
1834,97;14.34;PA019​;20250526_093943;1;FO2;-0,0513;1,4347;0,1199;0,0862;-0,0348;0,0208;-0,9954;;False
1834,98;14.36;PA019​;20250526_093943;1;FO2;-0,0513;1,4346;0,1197;0,0856;-0,0354;0,0210;-0,9955;;False
1835,00;14.37;PA019​;20250526_093943;1;FO2;-0,0512;1,4345;0,1196;0,0851;-0,0361;0,0214;-0,9955;;False
1835,01;14.39;PA019​;20250526_093943;1;FO2;-0,0510;1,4343;0,1193;0,0845;-0,0370;0,0220;-0,9955;;False
1835,03;14.4;PA019​;20250526_093943;1;FO2;-0,0507;1,4340;0,1190;0,0840;-0,0379;0,0224;-0,9955;;False
1835,04;14.41;PA019​;20250526_093943;1;FO2;-0,0506;1,4340;0,1187;0,0833;-0,0389;0,0228;-0,9955;;False
1835,05;14.43;PA019​;20250526_093943;1;FO2;-0,0505;1,4340;0,1184;0,0831;-0,0395;0,0235;-0,9955;;False
1835,07;14.44;PA019​;20250526_093943;1;FO2;-0,0503;1,4339;0,1181;0,0831;-0,0398;0,0240;-0,9955;;False
1835,08;14.46;PA019​;20250526_093943;1;FO2;-0,0501;1,4340;0,1178;0,0831;-0,0405;0,0247;-0,9954;;False
1835,09;14.47;PA019​;20250526_093943;1;FO2;-0,0499;1,4341;0,1175;0,0836;-0,0408;0,0252;-0,9953;;False
1835,11;14.48;PA019​;20250526_093943;1;FO2;-0,0497;1,4343;0,1171;0,0841;-0,0413;0,0257;-0,9953;;False
1835,12;14.5;PA019​;20250526_093943;1;FO2;-0,0494;1,4345;0,1166;0,0845;-0,0418;0,0264;-0,9952;;False
1835,14;14.52;PA019​;20250526_093943;1;FO2;-0,0492;1,4347;0,1162;0,0854;-0,0427;0,0270;-0,9951;;False
1835,15;14.53;PA019​;20250526_093943;1;FO2;-0,0490;1,4351;0,1159;0,0866;-0,0437;0,0277;-0,9949;;False
1835,17;14.54;PA019​;20250526_093943;1;FO2;-0,0488;1,4354;0,1156;0,0881;-0,0446;0,0287;-0,9947;;False
1835,18;14.56;PA019​;20250526_093943;1;FO2;-0,0485;1,4354;0,1152;0,0891;-0,0455;0,0292;-0,9946;;False
1835,19;14.57;PA019​;20250526_093943;1;FO2;-0,0483;1,4354;0,1147;0,0895;-0,0468;0,0298;-0,9944;;False
1835,21;14.58;PA019​;20250526_093943;1;FO2;-0,0479;1,4355;0,1142;0,0899;-0,0478;0,0305;-0,9943;;False
1835,22;14.59;PA019​;20250526_093943;1;FO2;-0,0476;1,4357;0,1138;0,0903;-0,0491;0,0312;-0,9942;;False
1835,23;14.61;PA019​;20250526_093943;1;FO2;-0,0472;1,4358;0,1133;0,0905;-0,0504;0,0317;-0,9941;;False
1835,25;14.62;PA019​;20250526_093943;1;FO2;-0,0468;1,4358;0,1129;0,0906;-0,0520;0,0319;-0,9940;;False
1835,26;14.64;PA019​;20250526_093943;1;FO2;-0,0464;1,4358;0,1125;0,0904;-0,0535;0,0322;-0,9939;;False
1835,28;14.65;PA019​;20250526_093943;1;FO2;-0,0461;1,4356;0,1121;0,0901;-0,0550;0,0328;-0,9939;;False
1835,29;14.66;PA019​;20250526_093943;1;FO2;-0,0459;1,4357;0,1117;0,0894;-0,0565;0,0330;-0,9938;;False
1835,30;14.68;PA019​;20250526_093943;1;FO2;-0,0456;1,4356;0,1114;0,0896;-0,0581;0,0333;-0,9937;;False
1835,32;14.69;PA019​;20250526_093943;1;FO2;-0,0453;1,4356;0,1113;0,0895;-0,0592;0,0335;-0,9937;;False
1835,33;14.71;PA019​;20250526_093943;1;FO2;-0,0452;1,4356;0,1111;0,0894;-0,0606;0,0337;-0,9936;;False
1835,35;14.72;PA019​;20250526_093943;1;FO2;-0,0450;1,4357;0,1110;0,0897;-0,0619;0,0345;-0,9934;;False
1835,36;14.74;PA019​;20250526_093943;1;FO2;-0,0448;1,4358;0,1108;0,0895;-0,0627;0,0349;-0,9934;;False
1835,38;14.75;PA019​;20250526_093943;1;FO2;-0,0447;1,4357;0,1107;0,0889;-0,0636;0,0354;-0,9934;;False
1835,39;14.77;PA019​;20250526_093943;1;FO2;-0,0445;1,4358;0,1105;0,0886;-0,0642;0,0359;-0,9933;;False
1835,41;14.78;PA019​;20250526_093943;1;FO2;-0,0445;1,4358;0,1104;0,0885;-0,0646;0,0361;-0,9933;;False
1835,42;14.8;PA019​;20250526_093943;1;FO2;-0,0446;1,4357;0,1103;0,0881;-0,0650;0,0360;-0,9933;;False
1835,44;14.81;PA019​;20250526_093943;1;FO2;-0,0446;1,4356;0,1102;0,0877;-0,0650;0,0361;-0,9934;;False
1835,45;14.83;PA019​;20250526_093943;1;FO2;-0,0447;1,4355;0,1100;0,0874;-0,0654;0,0362;-0,9934;;False
1835,47;14.84;PA019​;20250526_093943;1;FO2;-0,0448;1,4354;0,1099;0,0874;-0,0659;0,0364;-0,9933;;False
1835,48;14.85;PA019​;20250526_093943;1;FO2;-0,0448;1,4353;0,1098;0,0870;-0,0664;0,0365;-0,9933;;False
1835,49;14.87;PA019​;20250526_093943;1;FO2;-0,0448;1,4352;0,1097;0,0869;-0,0671;0,0366;-0,9933;;False
1835,51;14.88;PA019​;20250526_093943;1;FO2;-0,0449;1,4352;0,1096;0,0869;-0,0674;0,0366;-0,9933;;False
1835,52;14.9;PA019​;20250526_093943;1;FO2;-0,0450;1,4351;0,1096;0,0869;-0,0677;0,0369;-0,9932;;False
1835,54;14.91;PA019​;20250526_093943;1;FO2;-0,0450;1,4351;0,1096;0,0868;-0,0681;0,0371;-0,9932;;False
1835,55;14.93;PA019​;20250526_093943;1;FO2;-0,0452;1,4350;0,1097;0,0866;-0,0688;0,0372;-0,9932;;False
1835,57;14.94;PA019​;20250526_093943;1;FO2;-0,0453;1,4350;0,1097;0,0864;-0,0690;0,0369;-0,9932;;False
1835,58;14.96;PA019​;20250526_093943;1;FO2;-0,0455;1,4350;0,1099;0,0861;-0,0690;0,0368;-0,9932;;False
1835,60;14.97;PA019​;20250526_093943;1;FO2;-0,0456;1,4351;0,1101;0,0858;-0,0688;0,0366;-0,9933;;False
1835,61;14.99;PA019​;20250526_093943;1;FO2;-0,0458;1,4351;0,1102;0,0858;-0,0686;0,0365;-0,9933;;False
1835,63;15.0;PA019​;20250526_093943;1;FO2;-0,0460;1,4351;0,1102;0,0858;-0,0685;0,0364;-0,9933;;False
1835,64;15.02;PA019​;20250526_093943;1;FO2;-0,0462;1,4352;0,1102;0,0859;-0,0681;0,0362;-0,9933;;False
1835,66;15.03;PA019​;20250526_093943;1;FO2;-0,0463;1,4352;0,1101;0,0858;-0,0680;0,0359;-0,9933;;False
1835,67;15.05;PA019​;20250526_093943;1;FO2;-0,0463;1,4354;0,1100;0,0863;-0,0679;0,0354;-0,9933;;False
1835,69;15.06;PA019​;20250526_093943;1;FO2;-0,0463;1,4355;0,1098;0,0868;-0,0682;0,0349;-0,9933;;False
1835,70;15.08;PA019​;20250526_093943;1;FO2;-0,0462;1,4356;0,1097;0,0871;-0,0687;0,0347;-0,9932;;False
1835,72;15.09;PA019​;20250526_093943;1;FO2;-0,0460;1,4357;0,1095;0,0872;-0,0693;0,0348;-0,9932;;False
1835,73;15.11;PA019​;20250526_093943;1;FO2;-0,0459;1,4358;0,1093;0,0873;-0,0699;0,0351;-0,9931;;False
1835,75;15.12;PA019​;20250526_093943;1;FO2;-0,0456;1,4361;0,1090;0,0882;-0,0706;0,0355;-0,9930;;False
1835,76;15.14;PA019​;20250526_093943;1;FO2;-0,0453;1,4362;0,1088;0,0881;-0,0710;0,0356;-0,9929;;False
1835,78;15.15;PA019​;20250526_093943;1;FO2;-0,0450;1,4364;0,1086;0,0884;-0,0713;0,0363;-0,9929;;False
1835,79;15.17;PA019​;20250526_093943;1;FO2;-0,0445;1,4367;0,1083;0,0890;-0,0716;0,0366;-0,9928;;False
1835,81;15.18;PA019​;20250526_093943;1;FO2;-0,0441;1,4369;0,1080;0,0898;-0,0717;0,0366;-0,9927;;False
1835,82;15.2;PA019​;20250526_093943;1;FO2;-0,0437;1,4369;0,1077;0,0899;-0,0717;0,0365;-0,9927;;False
1835,84;15.21;PA019​;20250526_093943;1;FO2;-0,0433;1,4371;0,1076;0,0899;-0,0718;0,0370;-0,9927;;False
1835,85;15.23;PA019​;20250526_093943;1;FO2;-0,0428;1,4373;0,1074;0,0900;-0,0717;0,0374;-0,9926;;False
1835,87;15.24;PA019​;20250526_093943;1;FO2;-0,0424;1,4374;0,1073;0,0904;-0,0716;0,0376;-0,9926;;False
1835,88;15.26;PA019​;20250526_093943;1;FO2;-0,0419;1,4374;0,1071;0,0902;-0,0712;0,0378;-0,9927;;False
1835,90;15.28;PA019​;20250526_093943;1;FO2;-0,0409;1,4377;0,1069;0,0895;-0,0705;0,0381;-0,9928;;False
1835,92;15.29;PA019​;20250526_093943;1;FO2;-0,0403;1,4376;0,1068;0,0895;-0,0700;0,0384;-0,9928;;False
1835,93;15.31;PA019​;20250526_093943;1;FO2;-0,0397;1,4376;0,1068;0,0894;-0,0698;0,0384;-0,9928;;False
1835,95;15.32;PA019​;20250526_093943;1;FO2;-0,0389;1,4377;0,1067;0,0893;-0,0697;0,0389;-0,9928;;False
1835,96;15.34;PA019​;20250526_093943;1;FO2;-0,0384;1,4377;0,1066;0,0894;-0,0700;0,0401;-0,9927;;False
1835,98;15.35;PA019​;20250526_093943;1;FO2;-0,0377;1,4375;0,1064;0,0892;-0,0700;0,0412;-0,9927;;False
1835,99;15.37;PA019​;20250526_093943;1;FO2;-0,0371;1,4375;0,1064;0,0886;-0,0701;0,0421;-0,9927;;False
1836,01;15.38;PA019​;20250526_093943;1;FO2;-0,0364;1,4376;0,1063;0,0884;-0,0700;0,0430;-0,9927;;False
1836,02;15.4;PA019​;20250526_093943;1;FO2;-0,0359;1,4377;0,1062;0,0889;-0,0703;0,0440;-0,9926;;False
1836,04;15.41;PA019​;20250526_093943;1;FO2;-0,0353;1,4379;0,1062;0,0899;-0,0705;0,0451;-0,9924;;False
1836,05;15.43;PA019​;20250526_093943;1;FO2;-0,0348;1,4381;0,1061;0,0913;-0,0706;0,0457;-0,9923;;False
1836,07;15.44;PA019​;20250526_093943;1;FO2;-0,0337;1,4386;0,1060;0,0932;-0,0702;0,0472;-0,9920;;False
1836,08;15.46;PA019​;20250526_093943;1;FO2;-0,0333;1,4390;0,1059;0,0952;-0,0700;0,0478;-0,9918;;False
1836,10;15.47;PA019​;20250526_093943;1;FO2;-0,0330;1,4394;0,1057;0,0975;-0,0698;0,0483;-0,9916;;False
1836,11;15.49;PA019​;20250526_093943;1;FO2;-0,0329;1,4396;0,1056;0,0992;-0,0699;0,0488;-0,9914;;False
1836,13;15.5;PA019​;20250526_093943;1;FO2;-0,0327;1,4397;0,1055;0,1005;-0,0696;0,0490;-0,9913;;False
1836,14;15.52;PA019​;20250526_093943;1;FO2;-0,0327;1,4399;0,1054;0,1016;-0,0694;0,0492;-0,9912;;False
1836,16;15.53;PA019​;20250526_093943;1;FO2;-0,0328;1,4400;0,1053;0,1028;-0,0692;0,0494;-0,9911;;False
1836,17;15.55;PA019​;20250526_093943;1;FO2;-0,0326;1,4401;0,1052;0,1038;-0,0689;0,0491;-0,9910;;False
1836,19;15.56;PA019​;20250526_093943;1;FO2;-0,0330;1,4402;0,1051;0,1044;-0,0680;0,0489;-0,9910;;False
1836,20;15.58;PA019​;20250526_093943;1;FO2;-0,0335;1,4401;0,1050;0,1040;-0,0670;0,0490;-0,9911;;False
1836,22;15.59;PA019​;20250526_093943;1;FO2;-0,0341;1,4400;0,1050;0,1035;-0,0661;0,0488;-0,9912;;False
1836,23;15.61;PA019​;20250526_093943;1;FO2;-0,0351;1,4396;0,1051;0,1028;-0,0653;0,0485;-0,9914;;False
1836,25;15.62;PA019​;20250526_093943;1;FO2;-0,0358;1,4395;0,1050;0,1024;-0,0649;0,0480;-0,9915;;False
1836,26;15.64;PA019​;20250526_093943;1;FO2;-0,0373;1,4391;0,1051;0,1014;-0,0635;0,0472;-0,9917;;False
1836,28;15.65;PA019​;20250526_093943;1;FO2;-0,0381;1,4389;0,1052;0,1005;-0,0627;0,0465;-0,9919;;False
1836,29;15.67;PA019​;20250526_093943;1;FO2;-0,0392;1,4387;0,1053;0,0995;-0,0618;0,0451;-0,9921;;False
1836,31;15.68;PA019​;20250526_093943;1;FO2;-0,0403;1,4386;0,1054;0,0989;-0,0605;0,0437;-0,9923;;False
1836,32;15.7;PA019​;20250526_093943;1;FO2;-0,0415;1,4384;0,1054;0,0986;-0,0589;0,0421;-0,9925;;False
1836,34;15.71;PA019​;20250526_093943;1;FO2;-0,0426;1,4382;0,1054;0,0980;-0,0568;0,0409;-0,9927;;False
1836,35;15.73;PA019​;20250526_093943;1;FO2;-0,0437;1,4381;0,1054;0,0973;-0,0546;0,0393;-0,9930;;False
1836,37;15.74;PA019​;20250526_093943;1;FO2;-0,0448;1,4381;0,1054;0,0965;-0,0520;0,0376;-0,9933;;False
1836,38;15.76;PA019​;20250526_093943;1;FO2;-0,0459;1,4381;0,1053;0,0960;-0,0498;0,0362;-0,9935;;False
1836,40;15.77;PA019​;20250526_093943;1;FO2;-0,0467;1,4382;0,1052;0,0958;-0,0473;0,0352;-0,9937;;False
1836,41;15.78;PA019​;20250526_093943;1;FO2;-0,0474;1,4382;0,1050;0,0957;-0,0450;0,0342;-0,9938;;False
1836,42;15.8;PA019​;20250526_093943;1;FO2;-0,0479;1,4384;0,1047;0,0957;-0,0429;0,0332;-0,9939;;False
1836,44;15.81;PA019​;20250526_093943;1;FO2;-0,0483;1,4386;0,1045;0,0960;-0,0414;0,0323;-0,9940;;False
1836,45;15.83;PA019​;20250526_093943;1;FO2;-0,0483;1,4389;0,1042;0,0965;-0,0396;0,0319;-0,9940;;False
1836,47;15.84;PA019​;20250526_093943;1;FO2;-0,0483;1,4390;0,1038;0,0971;-0,0385;0,0314;-0,9940;;False
1836,48;15.86;PA019​;20250526_093943;1;FO2;-0,0479;1,4395;0,1030;0,0978;-0,0359;0,0303;-0,9941;;False
1836,50;15.87;PA019​;20250526_093943;1;FO2;-0,0474;1,4397;0,1025;0,0981;-0,0351;0,0310;-0,9941;;False
1836,51;15.89;PA019​;20250526_093943;1;FO2;-0,0469;1,4398;0,1019;0,0982;-0,0342;0,0320;-0,9941;;False
1836,53;15.9;PA019​;20250526_093943;1;FO2;-0,0463;1,4400;0,1014;0,0983;-0,0327;0,0329;-0,9941;;False
1836,54;15.92;PA019​;20250526_093943;1;FO2;-0,0456;1,4402;0,1009;0,0983;-0,0313;0,0341;-0,9941;;False
1836,56;15.93;PA019​;20250526_093943;1;FO2;-0,0448;1,4402;0,1003;0,0985;-0,0302;0,0360;-0,9940;;False
1836,57;15.95;PA019​;20250526_093943;1;FO2;-0,0440;1,4402;0,0998;0,0983;-0,0292;0,0378;-0,9940;;False
1836,59;15.96;PA019​;20250526_093943;1;FO2;-0,0432;1,4401;0,0992;0,0981;-0,0286;0,0396;-0,9940;;False
1836,60;15.98;PA019​;20250526_093943;1;FO2;-0,0423;1,4401;0,0986;0,0976;-0,0284;0,0413;-0,9940;;False
1836,62;15.99;PA019​;20250526_093943;1;FO2;-0,0415;1,4399;0,0980;0,0967;-0,0284;0,0428;-0,9940;;False
1836,63;16.01;PA019​;20250526_093943;1;FO2;-0,0408;1,4397;0,0974;0,0954;-0,0289;0,0444;-0,9940;;False
1836,65;16.02;PA019​;20250526_093943;1;FO2;-0,0399;1,4395;0,0968;0,0942;-0,0298;0,0458;-0,9941;;False
1836,67;16.04;PA019​;20250526_093943;1;FO2;-0,0385;1,4393;0,0956;0,0926;-0,0313;0,0486;-0,9940;;False
1836,68;16.06;PA019​;20250526_093943;1;FO2;-0,0381;1,4392;0,0949;0,0922;-0,0325;0,0504;-0,9939;;False
1836,70;16.07;PA019​;20250526_093943;1;FO2;-0,0380;1,4391;0,0940;0,0920;-0,0337;0,0519;-0,9938;;False
1836,71;16.09;PA019​;20250526_093943;1;FO2;-0,0380;1,4391;0,0931;0,0916;-0,0340;0,0532;-0,9938;;False
1836,73;16.1;PA019​;20250526_093943;1;FO2;-0,0382;1,4391;0,0921;0,0913;-0,0342;0,0542;-0,9938;;False
1836,74;16.12;PA019​;20250526_093943;1;FO2;-0,0385;1,4391;0,0912;0,0906;-0,0341;0,0547;-0,9938;;False
1836,76;16.13;PA019​;20250526_093943;1;FO2;-0,0391;1,4391;0,0903;0,0902;-0,0337;0,0548;-0,9938;;False
1836,77;16.15;PA019​;20250526_093943;1;FO2;-0,0397;1,4392;0,0895;0,0902;-0,0332;0,0545;-0,9939;;False
1836,79;16.16;PA019​;20250526_093943;1;FO2;-0,0405;1,4393;0,0886;0,0904;-0,0325;0,0538;-0,9939;;False
1836,80;16.18;PA019​;20250526_093943;1;FO2;-0,0423;1,4395;0,0867;0,0902;-0,0307;0,0526;-0,9941;;False
1836,82;16.19;PA019​;20250526_093943;1;FO2;-0,0434;1,4395;0,0856;0,0900;-0,0290;0,0516;-0,9942;;False
1836,83;16.21;PA019​;20250526_093943;1;FO2;-0,0445;1,4397;0,0846;0,0897;-0,0268;0,0502;-0,9943;;False
1836,85;16.22;PA019​;20250526_093943;1;FO2;-0,0457;1,4397;0,0834;0,0893;-0,0246;0,0490;-0,9945;;False
1836,86;16.24;PA019​;20250526_093943;1;FO2;-0,0469;1,4398;0,0822;0,0884;-0,0219;0,0480;-0,9947;;False
1836,88;16.25;PA019​;20250526_093943;1;FO2;-0,0482;1,4398;0,0810;0,0871;-0,0188;0,0470;-0,9949;;False
1836,89;16.27;PA019​;20250526_093943;1;FO2;-0,0496;1,4398;0,0797;0,0855;-0,0153;0,0459;-0,9952;;False
1836,91;16.28;PA019​;20250526_093943;1;FO2;-0,0510;1,4397;0,0783;0,0833;-0,0109;0,0451;-0,9954;;False
1836,92;16.3;PA019​;20250526_093943;1;FO2;-0,0524;1,4397;0,0769;0,0809;-0,0063;0,0445;-0,9957;;False
1836,94;16.31;PA019​;20250526_093943;1;FO2;-0,0538;1,4397;0,0755;0,0781;-0,0011;0,0439;-0,9960;;False
1836,95;16.33;PA019​;20250526_093943;1;FO2;-0,0553;1,4396;0,0739;0,0748;0,0043;0,0430;-0,9963;;False
1836,97;16.34;PA019​;20250526_093943;1;FO2;-0,0567;1,4394;0,0723;0,0716;0,0099;0,0422;-0,9965;;False
1836,98;16.36;PA019​;20250526_093943;1;FO2;-0,0581;1,4392;0,0706;0,0678;0,0153;0,0414;-0,9967;;False
1837,00;16.37;PA019​;20250526_093943;1;FO2;-0,0594;1,4390;0,0688;0,0638;0,0208;0,0403;-0,9969;;False
1837,01;16.39;PA019​;20250526_093943;1;FO2;-0,0620;1,4385;0,0651;0,0572;0,0312;0,0380;-0,9972;;False
1837,03;16.4;PA019​;20250526_093943;1;FO2;-0,0633;1,4383;0,0632;0,0550;0,0359;0,0373;-0,9971;;False
1837,04;16.42;PA019​;20250526_093943;1;FO2;-0,0646;1,4386;0,0612;0,0534;0,0405;0,0353;-0,9971;;False
1837,06;16.43;PA019​;20250526_093943;1;FO2;-0,0657;1,4385;0,0592;0,0525;0,0450;0,0341;-0,9970;;False
1837,07;16.45;PA019​;20250526_093943;1;FO2;-0,0667;1,4385;0,0571;0,0533;0,0495;0,0327;-0,9968;;False
1837,09;16.46;PA019​;20250526_093943;1;FO2;-0,0675;1,4388;0,0549;0,0542;0,0538;0,0312;-0,9966;;False
1837,10;16.48;PA019​;20250526_093943;1;FO2;-0,0685;1,4390;0,0526;0,0550;0,0569;0,0312;-0,9964;;False
1837,12;16.49;PA019​;20250526_093943;1;FO2;-0,0692;1,4393;0,0505;0,0560;0,0598;0,0307;-0,9962;;False
1837,13;16.51;PA019​;20250526_093943;1;FO2;-0,0700;1,4397;0,0484;0,0578;0,0620;0,0297;-0,9960;;False
1837,15;16.52;PA019​;20250526_093943;1;FO2;-0,0707;1,4400;0,0463;0,0602;0,0642;0,0286;-0,9957;;False
1837,16;16.54;PA019​;20250526_093943;1;FO2;-0,0714;1,4403;0,0441;0,0626;0,0658;0,0281;-0,9955;;False
1837,18;16.55;PA019​;20250526_093943;1;FO2;-0,0721;1,4407;0,0422;0,0654;0,0670;0,0273;-0,9952;;False
1837,19;16.57;PA019​;20250526_093943;1;FO2;-0,0729;1,4412;0,0406;0,0679;0,0680;0,0263;-0,9950;;False
1837,21;16.58;PA019​;20250526_093943;1;FO2;-0,0741;1,4418;0,0376;0,0727;0,0705;0,0250;-0,9945;;False
1837,22;16.6;PA019​;20250526_093943;1;FO2;-0,0748;1,4423;0,0367;0,0741;0,0713;0,0242;-0,9944;;False
1837,24;16.61;PA019​;20250526_093943;1;FO2;-0,0755;1,4424;0,0359;0,0751;0,0717;0,0237;-0,9943;;False
1837,25;16.63;PA019​;20250526_093943;1;FO2;-0,0762;1,4424;0,0354;0,0750;0,0720;0,0234;-0,9943;;False
1837,27;16.64;PA019​;20250526_093943;1;FO2;-0,0767;1,4422;0,0352;0,0743;0,0719;0,0236;-0,9944;;False
1837,28;16.66;PA019​;20250526_093943;1;FO2;-0,0772;1,4420;0,0351;0,0732;0,0712;0,0233;-0,9945;;False
1837,30;16.67;PA019​;20250526_093943;1;FO2;-0,0777;1,4416;0,0353;0,0718;0,0703;0,0231;-0,9947;;False
1837,31;16.69;PA019​;20250526_093943;1;FO2;-0,0781;1,4412;0,0358;0,0700;0,0690;0,0229;-0,9949;;False
1837,33;16.7;PA019​;20250526_093943;1;FO2;-0,0785;1,4408;0,0366;0,0681;0,0678;0,0224;-0,9951;;False
1837,34;16.72;PA019​;20250526_093943;1;FO2;-0,0789;1,4405;0,0376;0,0670;0,0669;0,0215;-0,9953;;False
1837,36;16.73;PA019​;20250526_093943;1;FO2;-0,0794;1,4400;0,0387;0,0664;0,0664;0,0207;-0,9954;;False
1837,37;16.74;PA019​;20250526_093943;1;FO2;-0,0798;1,4396;0,0399;0,0654;0,0663;0,0199;-0,9955;;False
1837,39;16.76;PA019​;20250526_093943;1;FO2;-0,0803;1,4391;0,0413;0,0648;0,0664;0,0191;-0,9955;;False
1837,40;16.78;PA019​;20250526_093943;1;FO2;-0,0812;1,4385;0,0443;0,0638;0,0666;0,0177;-0,9956;;False
1837,42;16.79;PA019​;20250526_093943;1;FO2;-0,0816;1,4383;0,0457;0,0645;0,0676;0,0167;-0,9955;;False
1837,43;16.81;PA019​;20250526_093943;1;FO2;-0,0820;1,4381;0,0470;0,0654;0,0684;0,0162;-0,9954;;False
1837,45;16.82;PA019​;20250526_093943;1;FO2;-0,0823;1,4379;0,0483;0,0658;0,0695;0,0158;-0,9953;;False
1837,46;16.84;PA019​;20250526_093943;1;FO2;-0,0826;1,4378;0,0495;0,0666;0,0707;0,0151;-0,9952;;False
1837,48;16.85;PA019​;20250526_093943;1;FO2;-0,0830;1,4376;0,0505;0,0669;0,0723;0,0144;-0,9950;;False
1837,49;16.87;PA019​;20250526_093943;1;FO2;-0,0834;1,4373;0,0515;0,0667;0,0742;0,0143;-0,9949;;False
1837,51;16.88;PA019​;20250526_093943;1;FO2;-0,0838;1,4372;0,0525;0,0661;0,0760;0,0143;-0,9948;;False
1837,52;16.9;PA019​;20250526_093943;1;FO2;-0,0842;1,4369;0,0535;0,0653;0,0774;0,0146;-0,9948;;False
1837,54;16.91;PA019​;20250526_093943;1;FO2;-0,0844;1,4367;0,0544;0,0644;0,0785;0,0150;-0,9947;;False
1837,55;16.93;PA019​;20250526_093943;1;FO2;-0,0847;1,4364;0,0554;0,0634;0,0791;0,0153;-0,9947;;False
1837,57;16.94;PA019​;20250526_093943;1;FO2;-0,0852;1,4359;0,0573;0,0610;0,0801;0,0158;-0,9948;;False
1837,58;16.96;PA019​;20250526_093943;1;FO2;-0,0852;1,4355;0,0583;0,0597;0,0792;0,0165;-0,9949;;False
1837,60;16.97;PA019​;20250526_093943;1;FO2;-0,0852;1,4352;0,0593;0,0582;0,0778;0,0173;-0,9951;;False
1837,61;16.99;PA019​;20250526_093943;1;FO2;-0,0852;1,4348;0,0605;0,0565;0,0761;0,0181;-0,9953;;False
1837,63;17.0;PA019​;20250526_093943;1;FO2;-0,0852;1,4344;0,0617;0,0550;0,0738;0,0184;-0,9956;;False
1837,64;17.02;PA019​;20250526_093943;1;FO2;-0,0851;1,4341;0,0631;0,0537;0,0716;0,0181;-0,9958;;False
1837,66;17.03;PA019​;20250526_093943;1;FO2;-0,0851;1,4334;0,0646;0,0525;0,0688;0,0186;-0,9961;;False
1837,67;17.04;PA019​;20250526_093943;1;FO2;-0,0850;1,4324;0,0661;0,0511;0,0662;0,0186;-0,9963;;False
1837,68;17.06;PA019​;20250526_093943;1;FO2;-0,0850;1,4314;0,0678;0,0494;0,0636;0,0174;-0,9966;;False
1837,70;17.07;PA019​;20250526_093943;1;FO2;-0,0848;1,4306;0,0696;0,0465;0,0615;0,0159;-0,9969;;False
1837,71;17.09;PA019​;20250526_093943;1;FO2;-0,0847;1,4298;0,0715;0,0434;0,0596;0,0144;-0,9972;;False
1837,73;17.1;PA019​;20250526_093943;1;FO2;-0,0845;1,4289;0,0735;0,0398;0,0578;0,0127;-0,9975;;False
1837,74;17.12;PA019​;20250526_093943;1;FO2;-0,0842;1,4279;0,0756;0,0360;0,0560;0,0109;-0,9977;;False
1837,76;17.13;PA019​;20250526_093943;1;FO2;-0,0837;1,4267;0,0778;0,0327;0,0546;0,0096;-0,9979;;False
1837,77;17.15;PA019​;20250526_093943;1;FO2;-0,0832;1,4258;0,0802;0,0288;0,0531;0,0083;-0,9981;;False
1837,79;17.16;PA019​;20250526_093943;1;FO2;-0,0825;1,4247;0,0827;0,0250;0,0519;0,0069;-0,9983;;False
1837,80;17.18;PA019​;20250526_093943;1;FO2;-0,0815;1,4231;0,0853;0,0203;0,0506;0,0060;-0,9985;;False
1837,82;17.19;PA019​;20250526_093943;1;FO2;-0,0804;1,4215;0,0880;0,0148;0,0490;0,0056;-0,9987;;False
1837,83;17.21;PA019​;20250526_093943;1;FO2;-0,0779;1,4183;0,0939;0,0026;0,0454;0,0050;-0,9990;;False
1837,85;17.22;PA019​;20250526_093943;1;FO2;-0,0760;1,4159;0,0972;-0,0054;0,0437;0,0058;-0,9990;;False
1837,86;17.24;PA019​;20250526_093943;1;FO2;-0,0741;1,4133;0,1007;-0,0172;0,0414;0,0073;-0,9990;;False
1837,88;17.25;PA019​;20250526_093943;1;FO2;-0,0720;1,4093;0,1040;-0,0324;0,0386;0,0093;-0,9987;;False
1837,89;17.27;PA019​;20250526_093943;1;FO2;-0,0698;1,4046;0,1074;-0,0549;0,0355;0,0103;-0,9978;;False
1837,91;17.28;PA019​;20250526_093943;1;FO2;-0,0676;1,3987;0,1106;-0,0830;0,0323;0,0107;-0,9960;;False
1837,92;17.3;PA019​;20250526_093943;1;FO2;-0,0653;1,3922;0,1140;-0,1147;0,0291;0,0114;-0,9929;;False
1837,94;17.31;PA019​;20250526_093943;1;FO2;-0,0629;1,3856;0,1176;-0,1470;0,0260;0,0129;-0,9887;;False
1837,95;17.32;PA019​;20250526_093943;1;FO2;-0,0608;1,3789;0,1213;-0,1796;0,0218;0,0139;-0,9834;;False
1837,96;17.34;PA019​;20250526_093943;1;FO2;-0,0588;1,3717;0,1247;-0,2128;0,0182;0,0142;-0,9768;;False
1837,98;17.35;PA019​;20250526_093943;1;FO2;-0,0569;1,3638;0,1275;-0,2460;0,0153;0,0143;-0,9690;;False
1837,99;17.37;PA019​;20250526_093943;1;FO2;-0,0552;1,3557;0,1294;-0,2798;0,0111;0,0147;-0,9599;;False
1838,01;17.38;PA019​;20250526_093943;1;FO2;-0,0533;1,3478;0,1312;-0,3136;0,0070;0,0146;-0,9494;;False
1838,03;17.4;PA019​;20250526_093943;1;FO2;-0,0498;1,3320;0,1347;-0,3735;-0,0010;0,0117;-0,9276;;False
1838,04;17.42;PA019​;20250526_093943;1;FO2;-0,0480;1,3256;0,1358;-0,3914;-0,0045;0,0068;-0,9202;;False
1838,06;17.43;PA019​;20250526_093943;1;FO2;-0,0467;1,3217;0,1390;-0,4099;-0,0086;0,0023;-0,9121;;False
1838,07;17.45;PA019​;20250526_093943;1;FO2;-0,0455;1,3161;0,1414;-0,4251;-0,0117;-0,0005;-0,9051;;False
1838,09;17.46;PA019​;20250526_093943;1;FO2;-0,0443;1,3100;0,1420;-0,4408;-0,0138;-0,0040;-0,8975;;False
1838,10;17.48;PA019​;20250526_093943;1;FO2;-0,0431;1,3052;0,1421;-0,4507;-0,0158;-0,0062;-0,8925;;False
1838,12;17.49;PA019​;20250526_093943;1;FO2;-0,0420;1,3022;0,1445;-0,4593;-0,0186;-0,0068;-0,8880;;False
1838,13;17.51;PA019​;20250526_093943;1;FO2;-0,0411;1,2991;0,1471;-0,4638;-0,0212;-0,0086;-0,8856;;False
1838,15;17.52;PA019​;20250526_093943;1;FO2;-0,0402;1,2960;0,1483;-0,4693;-0,0226;-0,0103;-0,8827;;False
1838,16;17.54;PA019​;20250526_093943;1;FO2;-0,0394;1,2932;0,1492;-0,4753;-0,0231;-0,0117;-0,8794;;False
1838,18;17.55;PA019​;20250526_093943;1;FO2;-0,0386;1,2905;0,1501;-0,4805;-0,0224;-0,0133;-0,8766;;False
1838,19;17.57;PA019​;20250526_093943;1;FO2;-0,0380;1,2883;0,1509;-0,4846;-0,0221;-0,0145;-0,8744;;False
1838,21;17.58;PA019​;20250526_093943;1;FO2;-0,0368;1,2847;0,1526;-0,4935;-0,0220;-0,0166;-0,8693;;False
1838,22;17.6;PA019​;20250526_093943;1;FO2;-0,0362;1,2838;0,1534;-0,4950;-0,0215;-0,0172;-0,8684;;False
1838,24;17.61;PA019​;20250526_093943;1;FO2;-0,0354;1,2828;0,1541;-0,4959;-0,0207;-0,0178;-0,8680;;False
1838,25;17.63;PA019​;20250526_093943;1;FO2;-0,0349;1,2819;0,1546;-0,4963;-0,0204;-0,0180;-0,8677;;False
1838,27;17.64;PA019​;20250526_093943;1;FO2;-0,0345;1,2813;0,1551;-0,4968;-0,0198;-0,0178;-0,8675;;False
1838,28;17.66;PA019​;20250526_093943;1;FO2;-0,0339;1,2808;0,1556;-0,4971;-0,0191;-0,0175;-0,8673;;False
1838,30;17.67;PA019​;20250526_093943;1;FO2;-0,0334;1,2804;0,1560;-0,4968;-0,0184;-0,0174;-0,8675;;False
1838,31;17.69;PA019​;20250526_093943;1;FO2;-0,0330;1,2802;0,1566;-0,4964;-0,0181;-0,0171;-0,8677;;False
1838,33;17.7;PA019​;20250526_093943;1;FO2;-0,0327;1,2801;0,1570;-0,4957;-0,0178;-0,0165;-0,8681;;False
1838,34;17.72;PA019​;20250526_093943;1;FO2;-0,0324;1,2800;0,1573;-0,4950;-0,0175;-0,0156;-0,8686;;False
1838,36;17.73;PA019​;20250526_093943;1;FO2;-0,0320;1,2800;0,1577;-0,4945;-0,0167;-0,0141;-0,8689;;False
1838,37;17.75;PA019​;20250526_093943;1;FO2;-0,0320;1,2802;0,1577;-0,4947;-0,0162;-0,0132;-0,8688;;False
1838,39;17.76;PA019​;20250526_093943;1;FO2;-0,0319;1,2802;0,1577;-0,4942;-0,0155;-0,0132;-0,8691;;False
1838,40;17.78;PA019​;20250526_093943;1;FO2;-0,0317;1,2801;0,1580;-0,4937;-0,0153;-0,0131;-0,8694;;False
1838,42;17.79;PA019​;20250526_093943;1;FO2;-0,0317;1,2802;0,1580;-0,4931;-0,0155;-0,0133;-0,8697;;False
1838,43;17.81;PA019​;20250526_093943;1;FO2;-0,0319;1,2804;0,1580;-0,4916;-0,0157;-0,0135;-0,8706;;False
1838,45;17.82;PA019​;20250526_093943;1;FO2;-0,0320;1,2806;0,1581;-0,4906;-0,0159;-0,0138;-0,8711;;False
1838,46;17.84;PA019​;20250526_093943;1;FO2;-0,0323;1,2808;0,1581;-0,4900;-0,0160;-0,0143;-0,8715;;False
1838,48;17.85;PA019​;20250526_093943;1;FO2;-0,0325;1,2809;0,1580;-0,4895;-0,0161;-0,0148;-0,8717;;False
1838,49;17.87;PA019​;20250526_093943;1;FO2;-0,0329;1,2811;0,1578;-0,4886;-0,0164;-0,0154;-0,8722;;False
1838,51;17.88;PA019​;20250526_093943;1;FO2;-0,0333;1,2812;0,1577;-0,4875;-0,0166;-0,0157;-0,8728;;False
1838,52;17.9;PA019​;20250526_093943;1;FO2;-0,0339;1,2813;0,1578;-0,4867;-0,0166;-0,0159;-0,8733;;False
1838,54;17.91;PA019​;20250526_093943;1;FO2;-0,0344;1,2813;0,1579;-0,4856;-0,0165;-0,0158;-0,8739;;False
1838,55;17.93;PA019​;20250526_093943;1;FO2;-0,0350;1,2814;0,1580;-0,4844;-0,0160;-0,0155;-0,8745;;False
1838,57;17.94;PA019​;20250526_093943;1;FO2;-0,0361;1,2817;0,1584;-0,4818;-0,0151;-0,0145;-0,8760;;False
1838,58;17.96;PA019​;20250526_093943;1;FO2;-0,0368;1,2824;0,1587;-0,4787;-0,0141;-0,0137;-0,8778;;False
1838,60;17.97;PA019​;20250526_093943;1;FO2;-0,0375;1,2832;0,1593;-0,4736;-0,0137;-0,0123;-0,8806;;False
1838,61;17.99;PA019​;20250526_093943;1;FO2;-0,0382;1,2843;0,1599;-0,4672;-0,0135;-0,0096;-0,8840;;False
1838,63;18.0;PA019​;20250526_093943;1;FO2;-0,0392;1,2861;0,1609;-0,4575;-0,0134;-0,0060;-0,8891;;False
1838,64;18.02;PA019​;20250526_093943;1;FO2;-0,0401;1,2884;0,1624;-0,4457;-0,0122;-0,0028;-0,8951;;False
1838,67;18.04;PA019​;20250526_093943;1;FO2;-0,0419;1,2946;0,1654;-0,4170;-0,0099;0,0035;-0,9089;;False
1838,68;18.06;PA019​;20250526_093943;1;FO2;-0,0428;1,2983;0,1663;-0,3991;-0,0103;0,0085;-0,9168;;False
1838,70;18.07;PA019​;20250526_093943;1;FO2;-0,0436;1,3018;0,1664;-0,3840;-0,0120;0,0135;-0,9232;;False
1838,71;18.09;PA019​;20250526_093943;1;FO2;-0,0442;1,3048;0,1659;-0,3715;-0,0137;0,0174;-0,9282;;False
1838,73;18.1;PA019​;20250526_093943;1;FO2;-0,0450;1,3074;0,1651;-0,3617;-0,0160;0,0198;-0,9319;;False
1838,74;18.12;PA019​;20250526_093943;1;FO2;-0,0457;1,3097;0,1642;-0,3547;-0,0172;0,0204;-0,9346;;False
1838,76;18.13;PA019​;20250526_093943;1;FO2;-0,0465;1,3121;0,1635;-0,3470;-0,0193;0,0211;-0,9374;;False
1838,77;18.15;PA019​;20250526_093943;1;FO2;-0,0472;1,3146;0,1630;-0,3393;-0,0214;0,0214;-0,9402;;False
1838,79;18.16;PA019​;20250526_093943;1;FO2;-0,0481;1,3172;0,1626;-0,3304;-0,0229;0,0205;-0,9433;;False
1838,80;18.18;PA019​;20250526_093943;1;FO2;-0,0489;1,3200;0,1623;-0,3213;-0,0246;0,0202;-0,9465;;False
1838,82;18.19;PA019​;20250526_093943;1;FO2;-0,0498;1,3227;0,1618;-0,3127;-0,0261;0,0197;-0,9493;;False
1838,83;18.2;PA019​;20250526_093943;1;FO2;-0,0507;1,3251;0,1607;-0,3041;-0,0268;0,0180;-0,9521;;False
1838,85;18.22;PA019​;20250526_093943;1;FO2;-0,0524;1,3294;0,1587;-0,2902;-0,0265;0,0156;-0,9565;;False
1838,86;18.24;PA019​;20250526_093943;1;FO2;-0,0534;1,3315;0,1574;-0,2853;-0,0250;0,0138;-0,9580;;False
1838,88;18.25;PA019​;20250526_093943;1;FO2;-0,0540;1,3334;0,1561;-0,2795;-0,0239;0,0126;-0,9598;;False
1838,89;18.27;PA019​;20250526_093943;1;FO2;-0,0546;1,3358;0,1551;-0,2751;-0,0223;0,0105;-0,9611;;False
1838,91;18.28;PA019​;20250526_093943;1;FO2;-0,0552;1,3376;0,1536;-0,2705;-0,0201;0,0082;-0,9625;;False
1838,92;18.3;PA019​;20250526_093943;1;FO2;-0,0556;1,3396;0,1522;-0,2668;-0,0180;0,0068;-0,9636;;False
1838,94;18.31;PA019​;20250526_093943;1;FO2;-0,0559;1,3416;0,1508;-0,2621;-0,0158;0,0061;-0,9649;;False
1838,95;18.33;PA019​;20250526_093943;1;FO2;-0,0561;1,3438;0,1495;-0,2569;-0,0136;0,0052;-0,9663;;False
1838,97;18.34;PA019​;20250526_093943;1;FO2;-0,0560;1,3462;0,1484;-0,2514;-0,0107;0,0053;-0,9678;;False
1838,98;18.36;PA019​;20250526_093943;1;FO2;-0,0559;1,3486;0,1469;-0,2445;-0,0079;0,0052;-0,9696;;False
1839,00;18.37;PA019​;20250526_093943;1;FO2;-0,0556;1,3511;0,1455;-0,2370;-0,0055;0,0055;-0,9715;;False
1839,01;18.39;PA019​;20250526_093943;1;FO2;-0,0545;1,3563;0,1425;-0,2220;-0,0002;0,0061;-0,9750;;False
1839,03;18.4;PA019​;20250526_093943;1;FO2;-0,0537;1,3591;0,1407;-0,2145;0,0020;0,0071;-0,9767;;False
1839,04;18.42;PA019​;20250526_093943;1;FO2;-0,0529;1,3616;0,1384;-0,2069;0,0041;0,0074;-0,9783;;False
1839,06;18.43;PA019​;20250526_093943;1;FO2;-0,0519;1,3642;0,1362;-0,2007;0,0066;0,0078;-0,9796;;False
1839,07;18.45;PA019​;20250526_093943;1;FO2;-0,0508;1,3668;0,1339;-0,1949;0,0088;0,0077;-0,9808;;False
1839,09;18.46;PA019​;20250526_093943;1;FO2;-0,0496;1,3695;0,1315;-0,1893;0,0111;0,0079;-0,9818;;False
1839,10;18.48;PA019​;20250526_093943;1;FO2;-0,0483;1,3723;0,1292;-0,1831;0,0131;0,0082;-0,9830;;False
1839,12;18.49;PA019​;20250526_093943;1;FO2;-0,0469;1,3753;0,1269;-0,1763;0,0148;0,0083;-0,9842;;False
1839,13;18.51;PA019​;20250526_093943;1;FO2;-0,0455;1,3784;0,1246;-0,1691;0,0159;0,0090;-0,9854;;False
1839,15;18.52;PA019​;20250526_093943;1;FO2;-0,0441;1,3812;0,1219;-0,1622;0,0169;0,0090;-0,9866;;False
1839,16;18.53;PA019​;20250526_093943;1;FO2;-0,0426;1,3840;0,1192;-0,1557;0,0175;0,0096;-0,9876;;False
1839,17;18.55;PA019​;20250526_093943;1;FO2;-0,0412;1,3867;0,1166;-0,1492;0,0181;0,0092;-0,9886;;False
1839,19;18.56;PA019​;20250526_093943;1;FO2;-0,0399;1,3894;0,1140;-0,1429;0,0180;0,0094;-0,9895;;False
1839,20;18.58;PA019​;20250526_093943;1;FO2;-0,0389;1,3918;0,1113;-0,1362;0,0175;0,0093;-0,9905;;False
1839,22;18.59;PA019​;20250526_093943;1;FO2;-0,0378;1,3941;0,1088;-0,1291;0,0171;0,0091;-0,9914;;False
1839,23;18.61;PA019​;20250526_093943;1;FO2;-0,0359;1,3986;0,1038;-0,1155;0,0163;0,0091;-0,9931;;False
1839,25;18.62;PA019​;20250526_093943;1;FO2;-0,0353;1,4008;0,1013;-0,1084;0,0155;0,0093;-0,9939;;False
1839,26;18.64;PA019​;20250526_093943;1;FO2;-0,0351;1,4029;0,0991;-0,1013;0,0152;0,0091;-0,9947;;False
1839,28;18.65;PA019​;20250526_093943;1;FO2;-0,0350;1,4047;0,0969;-0,0949;0,0154;0,0096;-0,9953;;False
1839,29;18.67;PA019​;20250526_093943;1;FO2;-0,0352;1,4064;0,0949;-0,0890;0,0167;0,0099;-0,9958;;False
1839,31;18.69;PA019​;20250526_093943;1;FO2;-0,0355;1,4078;0,0931;-0,0834;0,0187;0,0105;-0,9963;;False
1839,32;18.7;PA019​;20250526_093943;1;FO2;-0,0356;1,4090;0,0917;-0,0782;0,0212;0,0107;-0,9967;;False
1839,34;18.72;PA019​;20250526_093943;1;FO2;-0,0360;1,4101;0,0904;-0,0735;0,0230;0,0101;-0,9970;;False
1839,36;18.73;PA019​;20250526_093943;1;FO2;-0,0362;1,4112;0,0891;-0,0684;0,0256;0,0104;-0,9973;;False
1839,37;18.74;PA019​;20250526_093943;1;FO2;-0,0367;1,4124;0,0879;-0,0640;0,0269;0,0110;-0,9975;;False
1839,39;18.76;PA019​;20250526_093943;1;FO2;-0,0370;1,4136;0,0869;-0,0615;0,0286;0,0113;-0,9976;;False
1839,40;18.77;PA019​;20250526_093943;1;FO2;-0,0376;1,4151;0,0847;-0,0549;0,0311;0,0125;-0,9979;;False
1839,42;18.79;PA019​;20250526_093943;1;FO2;-0,0378;1,4158;0,0838;-0,0520;0,0311;0,0129;-0,9981;;False
1839,43;18.81;PA019​;20250526_093943;1;FO2;-0,0374;1,4172;0,0831;-0,0456;0,0306;0,0137;-0,9984;;False
1839,45;18.82;PA019​;20250526_093943;1;FO2;-0,0370;1,4187;0,0824;-0,0372;0,0301;0,0139;-0,9988;;False
1839,46;18.84;PA019​;20250526_093943;1;FO2;-0,0367;1,4205;0,0815;-0,0264;0,0288;0,0137;-0,9991;;False
1839,48;18.85;PA019​;20250526_093943;1;FO2;-0,0365;1,4223;0,0807;-0,0158;0,0282;0,0130;-0,9994;;False
1839,49;18.87;PA019​;20250526_093943;1;FO2;-0,0362;1,4240;0,0796;-0,0045;0,0282;0,0119;-0,9995;;False
1839,51;18.88;PA019​;20250526_093943;1;FO2;-0,0359;1,4256;0,0784;0,0069;0,0273;0,0113;-0,9995;;False
1839,52;18.9;PA019​;20250526_093943;1;FO2;-0,0352;1,4275;0,0773;0,0164;0,0271;0,0105;-0,9994;;False
1839,54;18.91;PA019​;20250526_093943;1;FO2;-0,0348;1,4291;0,0761;0,0261;0,0265;0,0091;-0,9993;;False
1839,55;18.93;PA019​;20250526_093943;1;FO2;-0,0345;1,4307;0,0751;0,0337;0,0264;0,0089;-0,9990;;False
1839,57;18.94;PA019​;20250526_093943;1;FO2;-0,0342;1,4320;0,0741;0,0398;0,0267;0,0095;-0,9988;;False
1839,58;18.96;PA019​;20250526_093943;1;FO2;-0,0331;1,4342;0,0718;0,0515;0,0278;0,0099;-0,9982;;False
1839,60;18.97;PA019​;20250526_093943;1;FO2;-0,0329;1,4350;0,0708;0,0537;0,0282;0,0098;-0,9981;;False
1839,61;18.99;PA019​;20250526_093943;1;FO2;-0,0325;1,4360;0,0701;0,0549;0,0294;0,0106;-0,9980;;False
1839,63;19.0;PA019​;20250526_093943;1;FO2;-0,0321;1,4366;0,0692;0,0570;0,0303;0,0120;-0,9978;;False
1839,64;19.02;PA019​;20250526_093943;1;FO2;-0,0315;1,4371;0,0683;0,0585;0,0310;0,0134;-0,9977;;False
1839,66;19.03;PA019​;20250526_093943;1;FO2;-0,0307;1,4376;0,0676;0,0602;0,0313;0,0141;-0,9976;;False
1839,67;19.05;PA019​;20250526_093943;1;FO2;-0,0299;1,4383;0,0668;0,0623;0,0310;0,0149;-0,9975;;False
1839,68;19.06;PA019​;20250526_093943;1;FO2;-0,0292;1,4386;0,0660;0,0644;0,0302;0,0163;-0,9973;;False
1839,70;19.07;PA019​;20250526_093943;1;FO2;-0,0285;1,4389;0,0653;0,0655;0,0300;0,0169;-0,9973;;False
1839,71;19.09;PA019​;20250526_093943;1;FO2;-0,0279;1,4390;0,0647;0,0658;0,0300;0,0181;-0,9972;;False
1839,73;19.1;PA019​;20250526_093943;1;FO2;-0,0274;1,4390;0,0643;0,0656;0,0297;0,0194;-0,9972;;False
1839,74;19.12;PA019​;20250526_093943;1;FO2;-0,0269;1,4388;0,0638;0,0644;0,0298;0,0201;-0,9973;;False
1839,76;19.13;PA019​;20250526_093943;1;FO2;-0,0265;1,4384;0,0636;0,0632;0,0300;0,0196;-0,9974;;False
1839,77;19.15;PA019​;20250526_093943;1;FO2;-0,0261;1,4379;0,0635;0,0614;0,0306;0,0193;-0,9975;;False
1839,79;19.16;PA019​;20250526_093943;1;FO2;-0,0255;1,4369;0,0632;0,0582;0,0318;0,0186;-0,9976;;False
1839,80;19.18;PA019​;20250526_093943;1;FO2;-0,0252;1,4365;0,0630;0,0551;0,0330;0,0178;-0,9978;;False
1839,82;19.19;PA019​;20250526_093943;1;FO2;-0,0250;1,4361;0,0628;0,0531;0,0343;0,0178;-0,9978;;False
1839,83;19.21;PA019​;20250526_093943;1;FO2;-0,0247;1,4359;0,0625;0,0516;0,0355;0,0183;-0,9979;;False
1839,85;19.22;PA019​;20250526_093943;1;FO2;-0,0244;1,4359;0,0623;0,0510;0,0363;0,0186;-0,9979;;False
1839,87;19.24;PA019​;20250526_093943;1;FO2;-0,0241;1,4360;0,0621;0,0509;0,0367;0,0192;-0,9978;;False
1839,88;19.25;PA019​;20250526_093943;1;FO2;-0,0238;1,4360;0,0619;0,0506;0,0367;0,0196;-0,9979;;False
1839,89;19.27;PA019​;20250526_093943;1;FO2;-0,0235;1,4362;0,0619;0,0505;0,0365;0,0199;-0,9979;;False
1839,91;19.28;PA019​;20250526_093943;1;FO2;-0,0232;1,4363;0,0619;0,0505;0,0362;0,0202;-0,9979;;False
1839,92;19.3;PA019​;20250526_093943;1;FO2;-0,0229;1,4362;0,0619;0,0511;0,0357;0,0205;-0,9978;;False
1839,94;19.31;PA019​;20250526_093943;1;FO2;-0,0227;1,4363;0,0620;0,0517;0,0349;0,0200;-0,9979;;False
1839,95;19.33;PA019​;20250526_093943;1;FO2;-0,0225;1,4365;0,0623;0,0532;0,0343;0,0192;-0,9978;;False
1839,97;19.34;PA019​;20250526_093943;1;FO2;-0,0224;1,4367;0,0625;0,0548;0,0336;0,0187;-0,9978;;False
1839,98;19.36;PA019​;20250526_093943;1;FO2;-0,0222;1,4370;0,0632;0,0571;0,0327;0,0180;-0,9977;;False
1840,00;19.37;PA019​;20250526_093943;1;FO2;-0,0222;1,4372;0,0638;0,0586;0,0330;0,0176;-0,9976;;False
1840,01;19.39;PA019​;20250526_093943;1;FO2;-0,0224;1,4372;0,0643;0,0595;0,0335;0,0172;-0,9975;;False
1840,03;19.4;PA019​;20250526_093943;1;FO2;-0,0225;1,4374;0,0649;0,0603;0,0348;0,0176;-0,9974;;False
1840,04;19.42;PA019​;20250526_093943;1;FO2;-0,0227;1,4375;0,0656;0,0609;0,0364;0,0177;-0,9973;;False
1840,06;19.43;PA019​;20250526_093943;1;FO2;-0,0228;1,4375;0,0662;0,0616;0,0381;0,0180;-0,9972;;False
1840,07;19.45;PA019​;20250526_093943;1;FO2;-0,0230;1,4372;0,0668;0,0616;0,0396;0,0184;-0,9971;;False
1840,09;19.46;PA019​;20250526_093943;1;FO2;-0,0230;1,4369;0,0674;0,0606;0,0410;0,0187;-0,9971;;False
1840,10;19.48;PA019​;20250526_093943;1;FO2;-0,0231;1,4368;0,0680;0,0607;0,0418;0,0197;-0,9971;;False
1840,12;19.49;PA019​;20250526_093943;1;FO2;-0,0231;1,4366;0,0684;0,0603;0,0422;0,0205;-0,9971;;False
1840,13;19.51;PA019​;20250526_093943;1;FO2;-0,0230;1,4365;0,0687;0,0605;0,0419;0,0211;-0,9971;;False
1840,15;19.53;PA019​;20250526_093943;1;FO2;-0,0229;1,4364;0,0692;0,0608;0,0411;0,0210;-0,9971;;False
1840,17;19.54;PA019​;20250526_093943;1;FO2;-0,0228;1,4366;0,0693;0,0613;0,0407;0,0204;-0,9971;;False
1840,18;19.56;PA019​;20250526_093943;1;FO2;-0,0228;1,4365;0,0697;0,0625;0,0408;0,0187;-0,9970;;False
1840,20;19.57;PA019​;20250526_093943;1;FO2;-0,0227;1,4368;0,0695;0,0635;0,0410;0,0175;-0,9970;;False
1840,21;19.59;PA019​;20250526_093943;1;FO2;-0,0226;1,4371;0,0692;0,0650;0,0408;0,0175;-0,9969;;False
1840,23;19.6;PA019​;20250526_093943;1;FO2;-0,0226;1,4374;0,0688;0,0669;0,0405;0,0177;-0,9968;;False
1840,24;19.62;PA019​;20250526_093943;1;FO2;-0,0224;1,4378;0,0680;0,0683;0,0406;0,0178;-0,9967;;False
1840,26;19.63;PA019​;20250526_093943;1;FO2;-0,0223;1,4379;0,0675;0,0693;0,0403;0,0182;-0,9966;;False
1840,27;19.65;PA019​;20250526_093943;1;FO2;-0,0221;1,4381;0,0673;0,0694;0,0404;0,0185;-0,9966;;False
1840,29;19.66;PA019​;20250526_093943;1;FO2;-0,0218;1,4381;0,0670;0,0696;0,0401;0,0186;-0,9966;;False
1840,30;19.68;PA019​;20250526_093943;1;FO2;-0,0214;1,4379;0,0668;0,0686;0,0399;0,0185;-0,9967;;False
1840,32;19.69;PA019​;20250526_093943;1;FO2;-0,0204;1,4371;0,0666;0,0669;0,0383;0,0185;-0,9969;;False
1840,33;19.71;PA019​;20250526_093943;1;FO2;-0,0196;1,4364;0,0666;0,0656;0,0359;0,0181;-0,9970;;False
1840,35;19.72;PA019​;20250526_093943;1;FO2;-0,0188;1,4361;0,0668;0,0631;0,0322;0,0175;-0,9973;;False
1840,36;19.74;PA019​;20250526_093943;1;FO2;-0,0181;1,4358;0,0670;0,0620;0,0286;0,0171;-0,9975;;False
1840,38;19.75;PA019​;20250526_093943;1;FO2;-0,0175;1,4354;0,0673;0,0613;0,0261;0,0164;-0,9976;;False
1840,39;19.77;PA019​;20250526_093943;1;FO2;-0,0173;1,4350;0,0676;0,0604;0,0246;0,0159;-0,9977;;False
1840,41;19.78;PA019​;20250526_093943;1;FO2;-0,0171;1,4346;0,0681;0,0583;0,0244;0,0159;-0,9979;;False
1840,42;19.8;PA019​;20250526_093943;1;FO2;-0,0170;1,4343;0,0684;0,0567;0,0257;0,0161;-0,9979;;False
1840,44;19.81;PA019​;20250526_093943;1;FO2;-0,0171;1,4340;0,0688;0,0557;0,0273;0,0168;-0,9979;;False
1840,45;19.83;PA019​;20250526_093943;1;FO2;-0,0174;1,4336;0,0691;0,0544;0,0297;0,0179;-0,9979;;False
1840,47;19.84;PA019​;20250526_093943;1;FO2;-0,0175;1,4331;0,0694;0,0532;0,0322;0,0200;-0,9979;;False
1840,48;19.86;PA019​;20250526_093943;1;FO2;-0,0175;1,4329;0,0698;0,0525;0,0334;0,0216;-0,9978;;False
1840,50;19.87;PA019​;20250526_093943;1;FO2;-0,0172;1,4328;0,0704;0,0525;0,0346;0,0231;-0,9978;;False
1840,51;19.89;PA019​;20250526_093943;1;FO2;-0,0171;1,4327;0,0704;0,0528;0,0328;0,0244;-0,9978;;False
1840,53;19.9;PA019​;20250526_093943;1;FO2;-0,0168;1,4322;0,0702;0,0516;0,0308;0,0254;-0,9979;;False
1840,54;19.92;PA019​;20250526_093943;1;FO2;-0,0168;1,4321;0,0705;0,0506;0,0286;0,0245;-0,9980;;False
1840,56;19.93;PA019​;20250526_093943;1;FO2;-0,0167;1,4320;0,0703;0,0508;0,0271;0,0240;-0,9981;;False
1840,57;19.95;PA019​;20250526_093943;1;FO2;-0,0167;1,4320;0,0701;0,0507;0,0261;0,0237;-0,9981;;False
1840,59;19.96;PA019​;20250526_093943;1;FO2;-0,0168;1,4320;0,0699;0,0502;0,0259;0,0235;-0,9981;;False
1840,60;19.98;PA019​;20250526_093943;1;FO2;-0,0171;1,4320;0,0697;0,0497;0,0263;0,0235;-0,9981;;False
1840,62;19.99;PA019​;20250526_093943;1;FO2;-0,0176;1,4319;0,0695;0,0493;0,0274;0,0234;-0,9981;;False
1840,63;20.01;PA019​;20250526_093943;1;FO2;-0,0187;1,4319;0,0692;0,0491;0,0287;0,0231;-0,9981;;False
1840,65;20.02;PA019​;20250526_093943;1;FO2;-0,0192;1,4316;0,0689;0,0483;0,0301;0,0228;-0,9981;;False
1840,66;20.04;PA019​;20250526_093943;1;FO2;-0,0198;1,4314;0,0687;0,0472;0,0313;0,0223;-0,9981;;False
1840,68;20.05;PA019​;20250526_093943;1;FO2;-0,0202;1,4312;0,0686;0,0467;0,0320;0,0221;-0,9981;;False
1840,69;20.06;PA019​;20250526_093943;1;FO2;-0,0205;1,4312;0,0686;0,0467;0,0323;0,0216;-0,9982;;False
1840,71;20.08;PA019​;20250526_093943;1;FO2;-0,0208;1,4312;0,0685;0,0467;0,0322;0,0209;-0,9982;;False
1840,72;20.1;PA019​;20250526_093943;1;FO2;-0,0211;1,4311;0,0680;0,0468;0,0320;0,0208;-0,9982;;False
1840,74;20.11;PA019​;20250526_093943;1;FO2;-0,0202;1,4315;0,0675;0,0481;0,0291;0,0206;-0,9982;;False
1840,75;20.13;PA019​;20250526_093943;1;FO2;-0,0204;1,4314;0,0673;0,0507;0,0225;0,0193;-0,9983;;False
1840,77;20.14;PA019​;20250526_093943;1;FO2;-0,0179;1,4326;0,0665;0,0524;0,0146;0,0163;-0,9984;;False
1840,78;20.16;PA019​;20250526_093943;1;FO2;-0,0171;1,4328;0,0657;0,0542;0,0075;0,0134;-0,9984;;False
1840,80;20.17;PA019​;20250526_093943;1;FO2;-0,0162;1,4335;0,0652;0,0564;0,0012;0,0124;-0,9983;;False
1840,81;20.18;PA019​;20250526_093943;1;FO2;-0,0158;1,4339;0,0645;0,0592;-0,0035;0,0123;-0,9982;;False
1840,83;20.2;PA019​;20250526_093943;1;FO2;-0,0156;1,4344;0,0639;0,0617;-0,0046;0,0126;-0,9980;;False
1840,84;20.21;PA019​;20250526_093943;1;FO2;-0,0158;1,4346;0,0634;0,0635;-0,0031;0,0140;-0,9979;;False
1840,85;20.23;PA019​;20250526_093943;1;FO2;-0,0162;1,4348;0,0629;0,0644;0,0012;0,0159;-0,9978;;False
1840,87;20.24;PA019​;20250526_093943;1;FO2;-0,0166;1,4349;0,0626;0,0644;0,0071;0,0187;-0,9977;;False
1840,88;20.26;PA019​;20250526_093943;1;FO2;-0,0170;1,4349;0,0623;0,0646;0,0131;0,0210;-0,9976;;False
1840,90;20.27;PA019​;20250526_093943;1;FO2;-0,0173;1,4349;0,0620;0,0642;0,0182;0,0230;-0,9975;;False
1840,91;20.29;PA019​;20250526_093943;1;FO2;-0,0177;1,4348;0,0617;0,0638;0,0268;0,0264;-0,9973;;False
1840,93;20.3;PA019​;20250526_093943;1;FO2;-0,0177;1,4344;0,0616;0,0619;0,0297;0,0281;-0,9972;;False
1840,95;20.32;PA019​;20250526_093943;1;FO2;-0,0175;1,4336;0,0616;0,0592;0,0315;0,0290;-0,9973;;False
1840,96;20.34;PA019​;20250526_093943;1;FO2;-0,0173;1,4331;0,0618;0,0559;0,0312;0,0289;-0,9975;;False
1840,98;20.35;PA019​;20250526_093943;1;FO2;-0,0171;1,4328;0,0620;0,0530;0,0304;0,0292;-0,9977;;False
1840,99;20.36;PA019​;20250526_093943;1;FO2;-0,0170;1,4322;0,0620;0,0501;0,0299;0,0299;-0,9978;;False
1841,00;20.38;PA019​;20250526_093943;1;FO2;-0,0170;1,4316;0,0621;0,0464;0,0293;0,0302;-0,9980;;False
1841,02;20.39;PA019​;20250526_093943;1;FO2;-0,0170;1,4311;0,0621;0,0433;0,0292;0,0300;-0,9982;;False
1841,03;20.41;PA019​;20250526_093943;1;FO2;-0,0171;1,4308;0,0623;0,0401;0,0288;0,0298;-0,9983;;False
1841,05;20.42;PA019​;20250526_093943;1;FO2;-0,0172;1,4304;0,0623;0,0373;0,0288;0,0292;-0,9985;;False
1841,06;20.44;PA019​;20250526_093943;1;FO2;-0,0176;1,4299;0,0623;0,0353;0,0289;0,0288;-0,9985;;False
1841,08;20.45;PA019​;20250526_093943;1;FO2;-0,0180;1,4298;0,0622;0,0319;0,0298;0,0292;-0,9986;;False
1841,09;20.47;PA019​;20250526_093943;1;FO2;-0,0186;1,4294;0,0621;0,0297;0,0316;0,0292;-0,9986;;False
1841,11;20.48;PA019​;20250526_093943;1;FO2;-0,0189;1,4291;0,0620;0,0268;0,0334;0,0289;-0,9987;;False
1841,12;20.5;PA019​;20250526_093943;1;FO2;-0,0197;1,4283;0,0620;0,0218;0,0363;0,0291;-0,9987;;False
1841,14;20.51;PA019​;20250526_093943;1;FO2;-0,0202;1,4283;0,0621;0,0200;0,0382;0,0289;-0,9987;;False
1841,15;20.53;PA019​;20250526_093943;1;FO2;-0,0206;1,4282;0,0622;0,0190;0,0400;0,0287;-0,9986;;False
1841,17;20.54;PA019​;20250526_093943;1;FO2;-0,0208;1,4280;0,0624;0,0170;0,0414;0,0288;-0,9986;;False
1841,18;20.56;PA019​;20250526_093943;1;FO2;-0,0211;1,4277;0,0626;0,0154;0,0425;0,0286;-0,9986;;False
1841,20;20.57;PA019​;20250526_093943;1;FO2;-0,0214;1,4276;0,0627;0,0136;0,0431;0,0282;-0,9986;;False
1841,21;20.59;PA019​;20250526_093943;1;FO2;-0,0217;1,4275;0,0629;0,0124;0,0434;0,0283;-0,9986;;False
1841,23;20.6;PA019​;20250526_093943;1;FO2;-0,0220;1,4276;0,0632;0,0116;0,0432;0,0286;-0,9986;;False
1841,24;20.62;PA019​;20250526_093943;1;FO2;-0,0224;1,4277;0,0635;0,0111;0,0426;0,0281;-0,9986;;False
1841,26;20.63;PA019​;20250526_093943;1;FO2;-0,0226;1,4280;0,0639;0,0108;0,0423;0,0270;-0,9987;;False
1841,27;20.64;PA019​;20250526_093943;1;FO2;-0,0225;1,4286;0,0645;0,0112;0,0424;0,0254;-0,9987;;False
1841,29;20.66;PA019​;20250526_093943;1;FO2;-0,0222;1,4293;0,0652;0,0129;0,0420;0,0241;-0,9987;;False
1841,30;20.68;PA019​;20250526_093943;1;FO2;-0,0222;1,4296;0,0657;0,0146;0,0409;0,0247;-0,9988;;False
1841,32;20.69;PA019​;20250526_093943;1;FO2;-0,0223;1,4292;0,0662;0,0155;0,0397;0,0267;-0,9987;;False
1841,33;20.71;PA019​;20250526_093943;1;FO2;-0,0224;1,4290;0,0667;0,0152;0,0387;0,0284;-0,9987;;False
1841,35;20.72;PA019​;20250526_093943;1;FO2;-0,0228;1,4290;0,0681;0,0140;0,0370;0,0312;-0,9987;;False
1841,36;20.74;PA019​;20250526_093943;1;FO2;-0,0230;1,4293;0,0690;0,0122;0,0369;0,0307;-0,9988;;False
1841,38;20.75;PA019​;20250526_093943;1;FO2;-0,0233;1,4294;0,0698;0,0097;0,0377;0,0285;-0,9988;;False
1841,39;20.77;PA019​;20250526_093943;1;FO2;-0,0237;1,4290;0,0706;0,0058;0,0397;0,0260;-0,9989;;False
1841,41;20.78;PA019​;20250526_093943;1;FO2;-0,0242;1,4283;0,0714;0,0017;0,0425;0,0238;-0,9988;;False
1841,42;20.8;PA019​;20250526_093943;1;FO2;-0,0247;1,4275;0,0721;-0,0023;0,0452;0,0225;-0,9987;;False
1841,44;20.81;PA019​;20250526_093943;1;FO2;-0,0251;1,4263;0,0728;-0,0075;0,0482;0,0219;-0,9986;;False
1841,45;20.83;PA019​;20250526_093943;1;FO2;-0,0258;1,4252;0,0732;-0,0139;0,0500;0,0227;-0,9984;;False
1841,47;20.84;PA019​;20250526_093943;1;FO2;-0,0262;1,4241;0,0736;-0,0205;0,0516;0,0239;-0,9982;;False
1841,48;20.86;PA019​;20250526_093943;1;FO2;-0,0265;1,4235;0,0740;-0,0265;0,0531;0,0235;-0,9980;;False
1841,50;20.87;PA019​;20250526_093943;1;FO2;-0,0268;1,4228;0,0746;-0,0316;0,0538;0,0232;-0,9978;;False
1841,51;20.89;PA019​;20250526_093943;1;FO2;-0,0275;1,4212;0,0753;-0,0397;0,0554;0,0218;-0,9974;;False
1841,53;20.9;PA019​;20250526_093943;1;FO2;-0,0276;1,4206;0,0755;-0,0426;0,0549;0,0208;-0,9974;;False
1841,54;20.92;PA019​;20250526_093943;1;FO2;-0,0279;1,4200;0,0754;-0,0452;0,0532;0,0198;-0,9974;;False
1841,56;20.93;PA019​;20250526_093943;1;FO2;-0,0279;1,4195;0,0752;-0,0477;0,0524;0,0181;-0,9973;;False
1841,57;20.95;PA019​;20250526_093943;1;FO2;-0,0279;1,4193;0,0751;-0,0495;0,0515;0,0167;-0,9973;;False
1841,59;20.96;PA019​;20250526_093943;1;FO2;-0,0279;1,4194;0,0751;-0,0488;0,0505;0,0157;-0,9974;;False
1841,60;20.98;PA019​;20250526_093943;1;FO2;-0,0279;1,4195;0,0750;-0,0481;0,0494;0,0155;-0,9975;;False
1841,62;20.99;PA019​;20250526_093943;1;FO2;-0,0280;1,4192;0,0750;-0,0478;0,0483;0,0157;-0,9976;;False
1841,63;21.01;PA019​;20250526_093943;1;FO2;-0,0280;1,4196;0,0747;-0,0464;0,0472;0,0162;-0,9977;;False
1841,65;21.02;PA019​;20250526_093943;1;FO2;-0,0279;1,4201;0,0745;-0,0450;0,0465;0,0168;-0,9978;;False
1841,66;21.04;PA019​;20250526_093943;1;FO2;-0,0278;1,4204;0,0743;-0,0433;0,0457;0,0171;-0,9979;;False
1841,68;21.05;PA019​;20250526_093943;1;FO2;-0,0277;1,4208;0,0742;-0,0422;0,0445;0,0179;-0,9980;;False
1841,69;21.06;PA019​;20250526_093943;1;FO2;-0,0275;1,4210;0,0742;-0,0407;0,0433;0,0187;-0,9981;;False
1841,71;21.08;PA019​;20250526_093943;1;FO2;-0,0272;1,4218;0,0746;-0,0380;0,0413;0,0195;-0,9982;;False
1841,72;21.1;PA019​;20250526_093943;1;FO2;-0,0270;1,4219;0,0748;-0,0364;0,0407;0,0201;-0,9983;;False
1841,74;21.11;PA019​;20250526_093943;1;FO2;-0,0269;1,4222;0,0752;-0,0352;0,0400;0,0208;-0,9984;;False
1841,75;21.13;PA019​;20250526_093943;1;FO2;-0,0268;1,4225;0,0755;-0,0342;0,0392;0,0214;-0,9984;;False
1841,77;21.14;PA019​;20250526_093943;1;FO2;-0,0268;1,4226;0,0760;-0,0328;0,0384;0,0217;-0,9985;;False
1841,78;21.16;PA019​;20250526_093943;1;FO2;-0,0268;1,4228;0,0764;-0,0316;0,0382;0,0213;-0,9985;;False
1841,80;21.17;PA019​;20250526_093943;1;FO2;-0,0268;1,4228;0,0768;-0,0301;0,0379;0,0213;-0,9986;;False
1841,81;21.18;PA019​;20250526_093943;1;FO2;-0,0269;1,4229;0,0772;-0,0292;0,0378;0,0211;-0,9986;;False
1841,82;21.2;PA019​;20250526_093943;1;FO2;-0,0269;1,4229;0,0776;-0,0287;0,0378;0,0212;-0,9986;;False
1841,84;21.21;PA019​;20250526_093943;1;FO2;-0,0270;1,4230;0,0780;-0,0278;0,0381;0,0213;-0,9987;;False
1841,85;21.23;PA019​;20250526_093943;1;FO2;-0,0270;1,4231;0,0784;-0,0267;0,0385;0,0211;-0,9987;;False
1841,87;21.24;PA019​;20250526_093943;1;FO2;-0,0271;1,4231;0,0787;-0,0261;0,0392;0,0209;-0,9987;;False
1841,88;21.26;PA019​;20250526_093943;1;FO2;-0,0271;1,4232;0,0790;-0,0257;0,0397;0,0204;-0,9987;;False
1841,90;21.28;PA019​;20250526_093943;1;FO2;-0,0271;1,4233;0,0793;-0,0247;0,0400;0,0201;-0,9987;;False
1841,92;21.29;PA019​;20250526_093943;1;FO2;-0,0270;1,4235;0,0796;-0,0229;0,0404;0,0193;-0,9987;;False
1841,93;21.31;PA019​;20250526_093943;1;FO2;-0,0271;1,4235;0,0800;-0,0231;0,0400;0,0187;-0,9988;;False
1841,95;21.32;PA019​;20250526_093943;1;FO2;-0,0268;1,4234;0,0799;-0,0238;0,0395;0,0186;-0,9988;;False
1841,96;21.34;PA019​;20250526_093943;1;FO2;-0,0266;1,4233;0,0798;-0,0246;0,0389;0,0182;-0,9988;;False
1841,98;21.35;PA019​;20250526_093943;1;FO2;-0,0264;1,4232;0,0796;-0,0248;0,0382;0,0180;-0,9988;;False
1841,99;21.37;PA019​;20250526_093943;1;FO2;-0,0261;1,4232;0,0794;-0,0250;0,0375;0,0180;-0,9988;;False
1842,01;21.38;PA019​;20250526_093943;1;FO2;-0,0257;1,4232;0,0792;-0,0246;0,0364;0,0182;-0,9989;;False
1842,02;21.4;PA019​;20250526_093943;1;FO2;-0,0252;1,4232;0,0789;-0,0247;0,0354;0,0189;-0,9989;;False
1842,04;21.41;PA019​;20250526_093943;1;FO2;-0,0249;1,4232;0,0786;-0,0245;0,0346;0,0193;-0,9989;;False
1842,05;21.43;PA019​;20250526_093943;1;FO2;-0,0247;1,4232;0,0783;-0,0245;0,0341;0,0196;-0,9989;;False
1842,07;21.44;PA019​;20250526_093943;1;FO2;-0,0245;1,4232;0,0780;-0,0243;0,0335;0,0199;-0,9989;;False
1842,08;21.46;PA019​;20250526_093943;1;FO2;-0,0240;1,4233;0,0773;-0,0241;0,0327;0,0206;-0,9990;;False
1842,10;21.47;PA019​;20250526_093943;1;FO2;-0,0238;1,4233;0,0770;-0,0235;0,0329;0,0207;-0,9990;;False
1842,11;21.49;PA019​;20250526_093943;1;FO2;-0,0237;1,4234;0,0766;-0,0229;0,0332;0,0210;-0,9990;;False
1842,13;21.5;PA019​;20250526_093943;1;FO2;-0,0236;1,4237;0,0763;-0,0220;0,0331;0,0212;-0,9990;;False
1842,14;21.52;PA019​;20250526_093943;1;FO2;-0,0235;1,4240;0,0761;-0,0207;0,0332;0,0215;-0,9990;;False
1842,16;21.53;PA019​;20250526_093943;1;FO2;-0,0234;1,4243;0,0758;-0,0193;0,0334;0,0222;-0,9990;;False
1842,17;21.55;PA019​;20250526_093943;1;FO2;-0,0233;1,4245;0,0756;-0,0182;0,0335;0,0226;-0,9990;;False
1842,19;21.56;PA019​;20250526_093943;1;FO2;-0,0232;1,4246;0,0753;-0,0173;0,0336;0,0225;-0,9990;;False
1842,20;21.58;PA019​;20250526_093943;1;FO2;-0,0232;1,4248;0,0751;-0,0170;0,0338;0,0228;-0,9990;;False
1842,22;21.59;PA019​;20250526_093943;1;FO2;-0,0232;1,4250;0,0748;-0,0161;0,0337;0,0233;-0,9990;;False
1842,23;21.61;PA019​;20250526_093943;1;FO2;-0,0232;1,4252;0,0746;-0,0158;0,0335;0,0235;-0,9990;;False
1842,25;21.62;PA019​;20250526_093943;1;FO2;-0,0232;1,4253;0,0744;-0,0154;0,0333;0,0237;-0,9990;;False
1842,26;21.64;PA019​;20250526_093943;1;FO2;-0,0231;1,4256;0,0739;-0,0145;0,0334;0,0234;-0,9991;;False
1842,28;21.65;PA019​;20250526_093943;1;FO2;-0,0231;1,4257;0,0737;-0,0132;0,0335;0,0230;-0,9991;;False
1842,29;21.67;PA019​;20250526_093943;1;FO2;-0,0231;1,4259;0,0734;-0,0121;0,0335;0,0229;-0,9991;;False
1842,31;21.68;PA019​;20250526_093943;1;FO2;-0,0231;1,4260;0,0732;-0,0113;0,0337;0,0226;-0,9991;;False
1842,32;21.7;PA019​;20250526_093943;1;FO2;-0,0230;1,4261;0,0730;-0,0104;0,0334;0,0225;-0,9991;;False
1842,34;21.71;PA019​;20250526_093943;1;FO2;-0,0228;1,4262;0,0727;-0,0099;0,0333;0,0226;-0,9991;;False
1842,35;21.73;PA019​;20250526_093943;1;FO2;-0,0225;1,4262;0,0724;-0,0092;0,0328;0,0226;-0,9992;;False
1842,36;21.74;PA019​;20250526_093943;1;FO2;-0,0221;1,4264;0,0720;-0,0088;0,0323;0,0225;-0,9992;;False
1842,38;21.75;PA019​;20250526_093943;1;FO2;-0,0218;1,4263;0,0718;-0,0084;0,0314;0,0228;-0,9992;;False
1842,39;21.77;PA019​;20250526_093943;1;FO2;-0,0214;1,4262;0,0714;-0,0083;0,0304;0,0227;-0,9992;;False
1842,41;21.78;PA019​;20250526_093943;1;FO2;-0,0210;1,4262;0,0713;-0,0084;0,0296;0,0227;-0,9993;;False
1842,42;21.8;PA019​;20250526_093943;1;FO2;-0,0206;1,4264;0,0711;-0,0080;0,0285;0,0230;-0,9993;;False
1842,44;21.81;PA019​;20250526_093943;1;FO2;-0,0201;1,4263;0,0711;-0,0075;0,0274;0,0232;-0,9993;;False
1842,45;21.83;PA019​;20250526_093943;1;FO2;-0,0196;1,4262;0,0710;-0,0072;0,0265;0,0235;-0,9993;;False
1842,47;21.84;PA019​;20250526_093943;1;FO2;-0,0192;1,4260;0,0710;-0,0074;0,0256;0,0237;-0,9994;;False
1842,48;21.86;PA019​;20250526_093943;1;FO2;-0,0188;1,4258;0,0710;-0,0079;0,0253;0,0239;-0,9994;;False
1842,50;21.87;PA019​;20250526_093943;1;FO2;-0,0180;1,4252;0,0710;-0,0091;0,0252;0,0238;-0,9994;;False
1842,51;21.89;PA019​;20250526_093943;1;FO2;-0,0178;1,4249;0,0712;-0,0109;0,0259;0,0238;-0,9993;;False
1842,53;21.9;PA019​;20250526_093943;1;FO2;-0,0178;1,4249;0,0713;-0,0115;0,0273;0,0245;-0,9993;;False
1842,54;21.92;PA019​;20250526_093943;1;FO2;-0,0179;1,4246;0,0715;-0,0121;0,0295;0,0242;-0,9992;;False
1842,56;21.93;PA019​;20250526_093943;1;FO2;-0,0181;1,4242;0,0717;-0,0135;0,0325;0,0240;-0,9991;;False
1842,57;21.95;PA019​;20250526_093943;1;FO2;-0,0183;1,4240;0,0718;-0,0149;0,0356;0,0237;-0,9990;;False
1842,59;21.96;PA019​;20250526_093943;1;FO2;-0,0188;1,4240;0,0720;-0,0161;0,0389;0,0235;-0,9988;;False
1842,60;21.98;PA019​;20250526_093943;1;FO2;-0,0192;1,4237;0,0722;-0,0166;0,0419;0,0241;-0,9987;;False
1842,62;21.99;PA019​;20250526_093943;1;FO2;-0,0194;1,4235;0,0723;-0,0171;0,0443;0,0246;-0,9986;;False
1842,63;22.01;PA019​;20250526_093943;1;FO2;-0,0196;1,4236;0,0724;-0,0173;0,0454;0,0257;-0,9985;;False
1842,65;22.02;PA019​;20250526_093943;1;FO2;-0,0196;1,4233;0,0723;-0,0173;0,0449;0,0262;-0,9985;;False
1842,66;22.04;PA019​;20250526_093943;1;FO2;-0,0198;1,4232;0,0724;-0,0179;0,0433;0,0268;-0,9985;;False
1842,68;22.05;PA019​;20250526_093943;1;FO2;-0,0196;1,4232;0,0723;-0,0176;0,0412;0,0273;-0,9986;;False
1842,69;22.07;PA019​;20250526_093943;1;FO2;-0,0193;1,4232;0,0721;-0,0174;0,0383;0,0271;-0,9987;;False
1842,71;22.08;PA019​;20250526_093943;1;FO2;-0,0188;1,4232;0,0718;-0,0171;0,0341;0,0267;-0,9989;;False
1842,72;22.1;PA019​;20250526_093943;1;FO2;-0,0185;1,4232;0,0715;-0,0170;0,0316;0,0262;-0,9990;;False
1842,74;22.11;PA019​;20250526_093943;1;FO2;-0,0183;1,4232;0,0711;-0,0170;0,0293;0,0260;-0,9991;;False
1842,75;22.13;PA019​;20250526_093943;1;FO2;-0,0186;1,4233;0,0704;-0,0171;0,0277;0,0257;-0,9991;;False
1842,77;22.14;PA019​;20250526_093943;1;FO2;-0,0188;1,4234;0,0701;-0,0168;0,0269;0,0250;-0,9992;;False
1842,78;22.16;PA019​;20250526_093943;1;FO2;-0,0191;1,4234;0,0698;-0,0163;0,0267;0,0247;-0,9992;;False
1842,80;22.17;PA019​;20250526_093943;1;FO2;-0,0194;1,4234;0,0695;-0,0157;0,0271;0,0244;-0,9992;;False
1842,81;22.18;PA019​;20250526_093943;1;FO2;-0,0198;1,4235;0,0693;-0,0157;0,0276;0,0246;-0,9992;;False
1842,83;22.21;PA019​;20250526_093943;1;FO2;-0,0204;1,4235;0,0688;-0,0152;0,0282;0,0252;-0,9992;;False
1842,85;22.22;PA019​;20250526_093943;1;FO2;-0,0207;1,4233;0,0687;-0,0152;0,0291;0,0253;-0,9991;;False
1842,86;22.24;PA019​;20250526_093943;1;FO2;-0,0210;1,4232;0,0684;-0,0160;0,0299;0,0254;-0,9991;;False
1842,88;22.25;PA019​;20250526_093943;1;FO2;-0,0212;1,4230;0,0684;-0,0168;0,0308;0,0254;-0,9991;;False
1842,89;22.27;PA019​;20250526_093943;1;FO2;-0,0214;1,4228;0,0682;-0,0175;0,0311;0,0255;-0,9990;;False
1842,91;22.28;PA019​;20250526_093943;1;FO2;-0,0214;1,4226;0,0682;-0,0185;0,0314;0,0258;-0,9990;;False
1842,92;22.3;PA019​;20250526_093943;1;FO2;-0,0215;1,4222;0,0681;-0,0198;0,0315;0,0259;-0,9990;;False
1842,94;22.31;PA019​;20250526_093943;1;FO2;-0,0215;1,4217;0,0680;-0,0221;0,0316;0,0259;-0,9989;;False
1842,95;22.32;PA019​;20250526_093943;1;FO2;-0,0215;1,4211;0,0680;-0,0248;0,0320;0,0260;-0,9988;;False
1842,96;22.34;PA019​;20250526_093943;1;FO2;-0,0215;1,4207;0,0680;-0,0278;0,0327;0,0265;-0,9987;;False
1842,98;22.35;PA019​;20250526_093943;1;FO2;-0,0215;1,4204;0,0681;-0,0302;0,0335;0,0267;-0,9986;;False
1842,99;22.37;PA019​;20250526_093943;1;FO2;-0,0214;1,4200;0,0684;-0,0320;0,0343;0,0273;-0,9985;;False
1843,01;22.38;PA019​;20250526_093943;1;FO2;-0,0214;1,4197;0,0685;-0,0337;0,0350;0,0279;-0,9984;;False
1843,02;22.4;PA019​;20250526_093943;1;FO2;-0,0212;1,4195;0,0687;-0,0346;0,0357;0,0286;-0,9984;;False
1843,04;22.41;PA019​;20250526_093943;1;FO2;-0,0211;1,4192;0,0688;-0,0348;0,0361;0,0292;-0,9983;;False
1843,05;22.43;PA019​;20250526_093943;1;FO2;-0,0208;1,4190;0,0688;-0,0354;0,0358;0,0300;-0,9983;;False
1843,07;22.44;PA019​;20250526_093943;1;FO2;-0,0203;1,4187;0,0689;-0,0366;0,0354;0,0308;-0,9982;;False
1843,08;22.46;PA019​;20250526_093943;1;FO2;-0,0200;1,4189;0,0689;-0,0360;0,0347;0,0312;-0,9983;;False
1843,10;22.47;PA019​;20250526_093943;1;FO2;-0,0196;1,4191;0,0689;-0,0345;0,0335;0,0318;-0,9983;;False
1843,11;22.49;PA019​;20250526_093943;1;FO2;-0,0193;1,4192;0,0687;-0,0333;0,0321;0,0322;-0,9984;;False
1843,13;22.5;PA019​;20250526_093943;1;FO2;-0,0190;1,4194;0,0685;-0,0319;0,0306;0,0325;-0,9985;;False
1843,14;22.52;PA019​;20250526_093943;1;FO2;-0,0187;1,4197;0,0685;-0,0300;0,0289;0,0328;-0,9986;;False
1843,16;22.53;PA019​;20250526_093943;1;FO2;-0,0183;1,4199;0,0685;-0,0279;0,0272;0,0329;-0,9987;;False
1843,17;22.55;PA019​;20250526_093943;1;FO2;-0,0180;1,4201;0,0686;-0,0258;0,0253;0,0331;-0,9988;;False
1843,19;22.56;PA019​;20250526_093943;1;FO2;-0,0176;1,4201;0,0684;-0,0246;0,0240;0,0330;-0,9989;;False
1843,20;22.58;PA019​;20250526_093943;1;FO2;-0,0173;1,4205;0,0684;-0,0233;0,0224;0,0329;-0,9989;;False
1843,22;22.59;PA019​;20250526_093943;1;FO2;-0,0169;1,4208;0,0687;-0,0210;0,0213;0,0331;-0,9990;;False
1843,23;22.61;PA019​;20250526_093943;1;FO2;-0,0167;1,4209;0,0689;-0,0188;0,0204;0,0336;-0,9991;;False
1843,25;22.62;PA019​;20250526_093943;1;FO2;-0,0165;1,4209;0,0691;-0,0179;0,0194;0,0342;-0,9991;;False
1843,26;22.64;PA019​;20250526_093943;1;FO2;-0,0163;1,4207;0,0693;-0,0178;0,0185;0,0351;-0,9991;;False
1843,28;22.65;PA019​;20250526_093943;1;FO2;-0,0161;1,4204;0,0695;-0,0185;0,0182;0,0360;-0,9990;;False
1843,29;22.66;PA019​;20250526_093943;1;FO2;-0,0158;1,4196;0,0698;-0,0202;0,0172;0,0377;-0,9989;;False
1843,30;22.68;PA019​;20250526_093943;1;FO2;-0,0158;1,4191;0,0702;-0,0226;0,0175;0,0393;-0,9988;;False
1843,32;22.69;PA019​;20250526_093943;1;FO2;-0,0159;1,4187;0,0705;-0,0246;0,0176;0,0410;-0,9987;;False
1843,33;22.71;PA019​;20250526_093943;1;FO2;-0,0159;1,4183;0,0709;-0,0259;0,0183;0,0433;-0,9986;;False
1843,35;22.72;PA019​;20250526_093943;1;FO2;-0,0159;1,4182;0,0712;-0,0271;0,0188;0,0448;-0,9985;;False
1843,36;22.74;PA019​;20250526_093943;1;FO2;-0,0160;1,4181;0,0717;-0,0277;0,0198;0,0459;-0,9984;;False
1843,38;22.75;PA019​;20250526_093943;1;FO2;-0,0162;1,4179;0,0719;-0,0278;0,0207;0,0470;-0,9983;;False
1843,39;22.77;PA019​;20250526_093943;1;FO2;-0,0164;1,4177;0,0722;-0,0279;0,0214;0,0473;-0,9983;;False
1843,41;22.78;PA019​;20250526_093943;1;FO2;-0,0165;1,4177;0,0725;-0,0281;0,0215;0,0476;-0,9982;;False
1843,42;22.8;PA019​;20250526_093943;1;FO2;-0,0165;1,4175;0,0725;-0,0281;0,0209;0,0479;-0,9982;;False
1843,44;22.81;PA019​;20250526_093943;1;FO2;-0,0165;1,4173;0,0725;-0,0284;0,0197;0,0479;-0,9983;;False
1843,45;22.83;PA019​;20250526_093943;1;FO2;-0,0166;1,4170;0,0727;-0,0283;0,0183;0,0472;-0,9983;;False
1843,47;22.84;PA019​;20250526_093943;1;FO2;-0,0166;1,4170;0,0726;-0,0278;0,0168;0,0464;-0,9984;;False
1843,48;22.86;PA019​;20250526_093943;1;FO2;-0,0166;1,4171;0,0726;-0,0267;0,0139;0,0456;-0,9985;;False
1843,50;22.88;PA019​;20250526_093943;1;FO2;-0,0164;1,4173;0,0725;-0,0257;0,0115;0,0453;-0,9986;;False
1843,51;22.89;PA019​;20250526_093943;1;FO2;-0,0162;1,4174;0,0723;-0,0249;0,0088;0,0454;-0,9986;;False
1843,53;22.9;PA019​;20250526_093943;1;FO2;-0,0158;1,4175;0,0721;-0,0240;0,0054;0,0460;-0,9986;;False
1843,55;22.92;PA019​;20250526_093943;1;FO2;-0,0153;1,4178;0,0719;-0,0230;0,0021;0,0464;-0,9987;;False
1843,56;22.94;PA019​;20250526_093943;1;FO2;-0,0145;1,4183;0,0718;-0,0213;-0,0009;0,0466;-0,9987;;False
1843,58;22.95;PA019​;20250526_093943;1;FO2;-0,0140;1,4185;0,0717;-0,0203;-0,0034;0,0472;-0,9987;;False
1843,59;22.96;PA019​;20250526_093943;1;FO2;-0,0137;1,4184;0,0715;-0,0185;-0,0059;0,0478;-0,9987;;False
1843,60;22.98;PA019​;20250526_093943;1;FO2;-0,0133;1,4185;0,0713;-0,0179;-0,0077;0,0487;-0,9986;;False
1843,62;22.99;PA019​;20250526_093943;1;FO2;-0,0131;1,4186;0,0713;-0,0177;-0,0093;0,0500;-0,9985;;False
1843,64;23.01;PA019​;20250526_093943;1;FO2;-0,0130;1,4186;0,0713;-0,0172;-0,0098;0,0515;-0,9985;;False
1843,65;23.03;PA019​;20250526_093943;1;FO2;-0,0126;1,4188;0,0710;-0,0160;-0,0110;0,0539;-0,9984;;False
1843,67;23.04;PA019​;20250526_093943;1;FO2;-0,0129;1,4188;0,0711;-0,0157;-0,0094;0,0557;-0,9983;;False
1843,68;23.06;PA019​;20250526_093943;1;FO2;-0,0134;1,4188;0,0712;-0,0147;-0,0078;0,0573;-0,9982;;False
1843,70;23.07;PA019​;20250526_093943;1;FO2;-0,0140;1,4188;0,0712;-0,0146;-0,0061;0,0585;-0,9982;;False
1843,71;23.09;PA019​;20250526_093943;1;FO2;-0,0151;1,4188;0,0714;-0,0142;-0,0048;0,0601;-0,9981;;False
1843,72;23.1;PA019​;20250526_093943;1;FO2;-0,0156;1,4189;0,0715;-0,0137;-0,0034;0,0613;-0,9980;;False
1843,74;23.11;PA019​;20250526_093943;1;FO2;-0,0161;1,4190;0,0715;-0,0130;-0,0020;0,0617;-0,9980;;False
1843,75;23.13;PA019​;20250526_093943;1;FO2;-0,0166;1,4190;0,0715;-0,0127;-0,0009;0,0617;-0,9980;;False
1843,77;23.14;PA019​;20250526_093943;1;FO2;-0,0170;1,4190;0,0714;-0,0119;-0,0001;0,0614;-0,9980;;False
1843,78;23.16;PA019​;20250526_093943;1;FO2;-0,0176;1,4191;0,0714;-0,0116;0,0004;0,0613;-0,9981;;False
1843,80;23.17;PA019​;20250526_093943;1;FO2;-0,0180;1,4191;0,0714;-0,0112;0,0011;0,0603;-0,9981;;False
1843,81;23.19;PA019​;20250526_093943;1;FO2;-0,0185;1,4191;0,0713;-0,0107;0,0018;0,0590;-0,9982;;False
1843,83;23.2;PA019​;20250526_093943;1;FO2;-0,0189;1,4192;0,0714;-0,0103;0,0025;0,0575;-0,9983;;False
1843,84;23.22;PA019​;20250526_093943;1;FO2;-0,0193;1,4194;0,0714;-0,0103;0,0031;0,0558;-0,9984;;False
1843,86;23.23;PA019​;20250526_093943;1;FO2;-0,0198;1,4195;0,0713;-0,0102;0,0037;0,0542;-0,9985;;False
1843,87;23.25;PA019​;20250526_093943;1;FO2;-0,0205;1,4199;0,0713;-0,0092;0,0056;0,0499;-0,9987;;False
1843,89;23.26;PA019​;20250526_093943;1;FO2;-0,0207;1,4202;0,0713;-0,0083;0,0072;0,0464;-0,9989;;False
1843,91;23.28;PA019​;20250526_093943;1;FO2;-0,0207;1,4205;0,0714;-0,0071;0,0087;0,0434;-0,9990;;False
1843,92;23.3;PA019​;20250526_093943;1;FO2;-0,0206;1,4208;0,0715;-0,0065;0,0103;0,0410;-0,9991;;False
1843,94;23.31;PA019​;20250526_093943;1;FO2;-0,0208;1,4210;0,0715;-0,0057;0,0117;0,0392;-0,9991;;False
1843,95;23.33;PA019​;20250526_093943;1;FO2;-0,0204;1,4211;0,0716;-0,0052;0,0134;0,0379;-0,9992;;False
1843,97;23.34;PA019​;20250526_093943;1;FO2;-0,0199;1,4213;0,0717;-0,0044;0,0141;0,0378;-0,9992;;False
1843,99;23.36;PA019​;20250526_093943;1;FO2;-0,0179;1,4214;0,0724;-0,0029;0,0156;0,0375;-0,9992;;False
1844,00;23.38;PA019​;20250526_093943;1;FO2;-0,0170;1,4213;0,0727;-0,0031;0,0155;0,0382;-0,9991;;False
1844,02;23.39;PA019​;20250526_093943;1;FO2;-0,0162;1,4212;0,0730;-0,0041;0,0153;0,0400;-0,9991;;False
1844,03;23.41;PA019​;20250526_093943;1;FO2;-0,0153;1,4209;0,0733;-0,0051;0,0150;0,0419;-0,9990;;False
1844,05;23.42;PA019​;20250526_093943;1;FO2;-0,0145;1,4208;0,0735;-0,0066;0,0145;0,0440;-0,9989;;False
1844,07;23.44;PA019​;20250526_093943;1;FO2;-0,0128;1,4202;0,0741;-0,0090;0,0134;0,0483;-0,9987;;False
1844,08;23.46;PA019​;20250526_093943;1;FO2;-0,0122;1,4198;0,0744;-0,0102;0,0123;0,0508;-0,9986;;False
1844,10;23.48;PA019​;20250526_093943;1;FO2;-0,0117;1,4196;0,0745;-0,0107;0,0111;0,0537;-0,9984;;False
1844,12;23.49;PA019​;20250526_093943;1;FO2;-0,0113;1,4195;0,0748;-0,0105;0,0096;0,0557;-0,9983;;False
1844,13;23.51;PA019​;20250526_093943;1;FO2;-0,0109;1,4195;0,0748;-0,0101;0,0077;0,0575;-0,9983;;False
1844,15;23.53;PA019​;20250526_093943;1;FO2;-0,0103;1,4196;0,0749;-0,0097;0,0039;0,0604;-0,9981;;False
1844,17;23.54;PA019​;20250526_093943;1;FO2;-0,0103;1,4198;0,0748;-0,0086;0,0019;0,0602;-0,9981;;False
1844,18;23.55;PA019​;20250526_093943;1;FO2;-0,0103;1,4201;0,0747;-0,0071;0,0007;0,0599;-0,9982;;False
1844,19;23.57;PA019​;20250526_093943;1;FO2;-0,0099;1,4201;0,0748;-0,0056;0,0000;0,0594;-0,9982;;False
1844,21;23.58;PA019​;20250526_093943;1;FO2;-0,0103;1,4205;0,0745;-0,0042;-0,0002;0,0588;-0,9983;;False
1844,23;23.6;PA019​;20250526_093943;1;FO2;-0,0108;1,4208;0,0740;-0,0029;-0,0001;0,0578;-0,9983;;False
1844,24;23.61;PA019​;20250526_093943;1;FO2;-0,0117;1,4212;0,0733;-0,0019;0,0002;0,0574;-0,9983;;False
1844,25;23.63;PA019​;20250526_093943;1;FO2;-0,0122;1,4214;0,0729;-0,0010;0,0008;0,0570;-0,9984;;False
1844,27;23.64;PA019​;20250526_093943;1;FO2;-0,0128;1,4215;0,0726;-0,0003;0,0019;0,0566;-0,9984;;False
1844,28;23.66;PA019​;20250526_093943;1;FO2;-0,0133;1,4214;0,0723;-0,0008;0,0036;0,0567;-0,9984;;False
1844,30;23.67;PA019​;20250526_093943;1;FO2;-0,0138;1,4214;0,0720;-0,0015;0,0050;0,0558;-0,9984;;False
1844,31;23.69;PA019​;20250526_093943;1;FO2;-0,0142;1,4213;0,0718;-0,0026;0,0066;0,0549;-0,9985;;False
1844,33;23.7;PA019​;20250526_093943;1;FO2;-0,0147;1,4212;0,0716;-0,0038;0,0082;0,0537;-0,9985;;False
1844,34;23.72;PA019​;20250526_093943;1;FO2;-0,0150;1,4212;0,0715;-0,0050;0,0100;0,0524;-0,9986;;False
1844,36;23.73;PA019​;20250526_093943;1;FO2;-0,0153;1,4212;0,0714;-0,0052;0,0110;0,0512;-0,9986;;False
1844,37;23.75;PA019​;20250526_093943;1;FO2;-0,0154;1,4213;0,0712;-0,0053;0,0115;0,0500;-0,9987;;False
1844,39;23.76;PA019​;20250526_093943;1;FO2;-0,0156;1,4214;0,0711;-0,0052;0,0125;0,0477;-0,9988;;False
1844,40;23.78;PA019​;20250526_093943;1;FO2;-0,0160;1,4214;0,0709;-0,0041;0,0121;0,0467;-0,9988;;False
1844,42;23.79;PA019​;20250526_093943;1;FO2;-0,0158;1,4216;0,0709;-0,0025;0,0116;0,0458;-0,9989;;False
1844,43;23.81;PA019​;20250526_093943;1;FO2;-0,0155;1,4216;0,0707;-0,0016;0,0105;0,0452;-0,9989;;False
1844,45;23.82;PA019​;20250526_093943;1;FO2;-0,0151;1,4216;0,0706;-0,0009;0,0093;0,0446;-0,9990;;False
1844,46;23.84;PA019​;20250526_093943;1;FO2;-0,0147;1,4217;0,0706;-0,0002;0,0078;0,0439;-0,9990;;False
1844,48;23.85;PA019​;20250526_093943;1;FO2;-0,0142;1,4218;0,0706;0,0000;0,0065;0,0431;-0,9991;;False
1844,49;23.87;PA019​;20250526_093943;1;FO2;-0,0139;1,4218;0,0706;-0,0003;0,0051;0,0421;-0,9991;;False
1844,51;23.88;PA019​;20250526_093943;1;FO2;-0,0136;1,4216;0,0705;-0,0016;0,0041;0,0411;-0,9991;;False
1844,52;23.9;PA019​;20250526_093943;1;FO2;-0,0134;1,4214;0,0705;-0,0027;0,0037;0,0401;-0,9992;;False
1844,54;23.91;PA019​;20250526_093943;1;FO2;-0,0133;1,4213;0,0706;-0,0038;0,0035;0,0394;-0,9992;;False
1844,55;23.93;PA019​;20250526_093943;1;FO2;-0,0133;1,4211;0,0707;-0,0047;0,0038;0,0386;-0,9992;;False
1844,57;23.94;PA019​;20250526_093943;1;FO2;-0,0135;1,4208;0,0709;-0,0057;0,0049;0,0380;-0,9993;;False
1844,58;23.96;PA019​;20250526_093943;1;FO2;-0,0140;1,4204;0,0711;-0,0062;0,0067;0,0373;-0,9993;;False
1844,60;23.97;PA019​;20250526_093943;1;FO2;-0,0144;1,4203;0,0712;-0,0064;0,0090;0,0373;-0,9992;;False
1844,61;23.99;PA019​;20250526_093943;1;FO2;-0,0153;1,4205;0,0712;-0,0069;0,0107;0,0374;-0,9992;;False
1844,63;24.0;PA019​;20250526_093943;1;FO2;-0,0157;1,4204;0,0712;-0,0078;0,0126;0,0384;-0,9992;;False
1844,64;24.02;PA019​;20250526_093943;1;FO2;-0,0161;1,4204;0,0712;-0,0084;0,0141;0,0382;-0,9991;;False
1844,66;24.03;PA019​;20250526_093943;1;FO2;-0,0164;1,4204;0,0712;-0,0082;0,0154;0,0376;-0,9991;;False
1844,67;24.04;PA019​;20250526_093943;1;FO2;-0,0166;1,4205;0,0712;-0,0075;0,0157;0,0378;-0,9991;;False
1844,68;24.06;PA019​;20250526_093943;1;FO2;-0,0168;1,4207;0,0712;-0,0072;0,0152;0,0376;-0,9992;;False
1844,70;24.07;PA019​;20250526_093943;1;FO2;-0,0170;1,4208;0,0712;-0,0071;0,0146;0,0370;-0,9992;;False
1844,71;24.09;PA019​;20250526_093943;1;FO2;-0,0173;1,4210;0,0713;-0,0068;0,0144;0,0362;-0,9992;;False
1844,73;24.1;PA019​;20250526_093943;1;FO2;-0,0176;1,4210;0,0713;-0,0061;0,0145;0,0354;-0,9992;;False
1844,74;24.12;PA019​;20250526_093943;1;FO2;-0,0177;1,4211;0,0714;-0,0052;0,0148;0,0352;-0,9993;;False
1844,76;24.13;PA019​;20250526_093943;1;FO2;-0,0179;1,4211;0,0713;-0,0047;0,0152;0,0353;-0,9993;;False
1844,77;24.15;PA019​;20250526_093943;1;FO2;-0,0181;1,4212;0,0713;-0,0042;0,0161;0,0352;-0,9992;;False
1844,79;24.16;PA019​;20250526_093943;1;FO2;-0,0184;1,4213;0,0714;-0,0035;0,0173;0,0350;-0,9992;;False
1844,80;24.18;PA019​;20250526_093943;1;FO2;-0,0187;1,4213;0,0716;-0,0028;0,0188;0,0347;-0,9992;;False
1844,82;24.19;PA019​;20250526_093943;1;FO2;-0,0194;1,4214;0,0717;-0,0025;0,0214;0,0344;-0,9992;;False
1844,83;24.21;PA019​;20250526_093943;1;FO2;-0,0197;1,4212;0,0719;-0,0025;0,0232;0,0345;-0,9991;;False
1844,85;24.22;PA019​;20250526_093943;1;FO2;-0,0201;1,4210;0,0719;-0,0032;0,0247;0,0346;-0,9991;;False
1844,86;24.24;PA019​;20250526_093943;1;FO2;-0,0202;1,4209;0,0720;-0,0040;0,0260;0,0346;-0,9991;;False
1844,88;24.25;PA019​;20250526_093943;1;FO2;-0,0204;1,4208;0,0721;-0,0050;0,0267;0,0347;-0,9990;;False
1844,89;24.27;PA019​;20250526_093943;1;FO2;-0,0206;1,4208;0,0722;-0,0053;0,0272;0,0349;-0,9990;;False
1844,91;24.28;PA019​;20250526_093943;1;FO2;-0,0206;1,4209;0,0722;-0,0056;0,0275;0,0344;-0,9990;;False
1844,92;24.3;PA019​;20250526_093943;1;FO2;-0,0206;1,4209;0,0722;-0,0060;0,0274;0,0344;-0,9990;;False
1844,94;24.31;PA019​;20250526_093943;1;FO2;-0,0206;1,4209;0,0722;-0,0062;0,0267;0,0346;-0,9990;;False
1844,95;24.33;PA019​;20250526_093943;1;FO2;-0,0205;1,4209;0,0722;-0,0063;0,0257;0,0348;-0,9990;;False
1844,97;24.34;PA019​;20250526_093943;1;FO2;-0,0203;1,4208;0,0722;-0,0062;0,0242;0,0350;-0,9991;;False
1844,98;24.36;PA019​;20250526_093943;1;FO2;-0,0201;1,4206;0,0722;-0,0071;0,0211;0,0345;-0,9992;;False
1845,00;24.37;PA019​;20250526_093943;1;FO2;-0,0199;1,4205;0,0721;-0,0070;0,0191;0,0336;-0,9992;;False
1845,01;24.39;PA019​;20250526_093943;1;FO2;-0,0197;1,4203;0,0721;-0,0077;0,0172;0,0332;-0,9993;;False
1845,03;24.4;PA019​;20250526_093943;1;FO2;-0,0195;1,4201;0,0720;-0,0089;0,0151;0,0336;-0,9993;;False
1845,04;24.42;PA019​;20250526_093943;1;FO2;-0,0193;1,4199;0,0719;-0,0099;0,0124;0,0334;-0,9993;;False
1845,06;24.43;PA019​;20250526_093943;1;FO2;-0,0191;1,4198;0,0718;-0,0110;0,0104;0,0329;-0,9993;;False
1845,07;24.45;PA019​;20250526_093943;1;FO2;-0,0191;1,4197;0,0717;-0,0119;0,0093;0,0326;-0,9994;;False
1845,09;24.46;PA019​;20250526_093943;1;FO2;-0,0192;1,4196;0,0715;-0,0127;0,0091;0,0320;-0,9994;;False
1845,10;24.48;PA019​;20250526_093943;1;FO2;-0,0194;1,4195;0,0714;-0,0130;0,0097;0,0316;-0,9994;;False
1845,12;24.49;PA019​;20250526_093943;1;FO2;-0,0197;1,4196;0,0713;-0,0126;0,0107;0,0315;-0,9994;;False
1845,13;24.51;PA019​;20250526_093943;1;FO2;-0,0202;1,4197;0,0713;-0,0116;0,0121;0,0316;-0,9994;;False
1845,15;24.52;PA019​;20250526_093943;1;FO2;-0,0211;1,4203;0,0713;-0,0105;0,0140;0,0317;-0,9993;;False
1845,16;24.54;PA019​;20250526_093943;1;FO2;-0,0216;1,4205;0,0712;-0,0090;0,0155;0,0318;-0,9993;;False
1845,18;24.55;PA019​;20250526_093943;1;FO2;-0,0221;1,4208;0,0711;-0,0078;0,0170;0,0315;-0,9993;;False
1845,19;24.57;PA019​;20250526_093943;1;FO2;-0,0231;1,4213;0,0709;-0,0054;0,0198;0,0315;-0,9993;;False
1845,21;24.58;PA019​;20250526_093943;1;FO2;-0,0236;1,4217;0,0709;-0,0043;0,0208;0,0314;-0,9993;;False
1845,22;24.6;PA019​;20250526_093943;1;FO2;-0,0240;1,4218;0,0707;-0,0028;0,0213;0,0311;-0,9993;;False
1845,24;24.61;PA019​;20250526_093943;1;FO2;-0,0243;1,4220;0,0705;-0,0017;0,0215;0,0308;-0,9993;;False
1845,25;24.63;PA019​;20250526_093943;1;FO2;-0,0246;1,4222;0,0704;-0,0004;0,0210;0,0303;-0,9993;;False
1845,27;24.64;PA019​;20250526_093943;1;FO2;-0,0248;1,4224;0,0706;0,0008;0,0199;0,0299;-0,9994;;False
1845,28;24.66;PA019​;20250526_093943;1;FO2;-0,0250;1,4226;0,0707;0,0022;0,0187;0,0296;-0,9994;;False
1845,30;24.67;PA019​;20250526_093943;1;FO2;-0,0251;1,4228;0,0709;0,0031;0,0173;0,0295;-0,9994;;False
1845,31;24.68;PA019​;20250526_093943;1;FO2;-0,0253;1,4228;0,0708;0,0038;0,0160;0,0290;-0,9994;;False
1845,32;24.7;PA019​;20250526_093943;1;FO2;-0,0257;1,4231;0,0707;0,0040;0,0148;0,0288;-0,9995;;False
1845,34;24.71;PA019​;20250526_093943;1;FO2;-0,0259;1,4231;0,0708;0,0039;0,0139;0,0290;-0,9995;;False
1845,35;24.73;PA019​;20250526_093943;1;FO2;-0,0260;1,4231;0,0709;0,0041;0,0127;0,0290;-0,9995;;False
1845,37;24.74;PA019​;20250526_093943;1;FO2;-0,0262;1,4231;0,0710;0,0046;0,0120;0,0292;-0,9995;;False
1845,38;24.76;PA019​;20250526_093943;1;FO2;-0,0265;1,4231;0,0712;0,0052;0,0114;0,0293;-0,9995;;False
1845,40;24.77;PA019​;20250526_093943;1;FO2;-0,0268;1,4232;0,0713;0,0053;0,0114;0,0295;-0,9995;;False
1845,41;24.78;PA019​;20250526_093943;1;FO2;-0,0274;1,4229;0,0713;0,0048;0,0113;0,0294;-0,9995;;False
1845,43;24.8;PA019​;20250526_093943;1;FO2;-0,0278;1,4229;0,0713;0,0040;0,0114;0,0297;-0,9995;;False
1845,44;24.81;PA019​;20250526_093943;1;FO2;-0,0284;1,4229;0,0714;0,0035;0,0117;0,0298;-0,9995;;False
1845,45;24.83;PA019​;20250526_093943;1;FO2;-0,0289;1,4230;0,0714;0,0034;0,0122;0,0293;-0,9995;;False
1845,47;24.85;PA019​;20250526_093943;1;FO2;-0,0300;1,4231;0,0716;0,0035;0,0131;0,0279;-0,9995;;False
1845,49;24.86;PA019​;20250526_093943;1;FO2;-0,0305;1,4232;0,0716;0,0038;0,0140;0,0268;-0,9995;;False
1845,50;24.88;PA019​;20250526_093943;1;FO2;-0,0311;1,4232;0,0715;0,0041;0,0151;0,0255;-0,9996;;False
1845,52;24.89;PA019​;20250526_093943;1;FO2;-0,0317;1,4233;0,0716;0,0040;0,0164;0,0245;-0,9996;;False
1845,53;24.9;PA019​;20250526_093943;1;FO2;-0,0322;1,4233;0,0717;0,0041;0,0177;0,0236;-0,9996;;False
1845,54;24.92;PA019​;20250526_093943;1;FO2;-0,0327;1,4236;0,0718;0,0046;0,0193;0,0226;-0,9995;;False
1845,56;24.93;PA019​;20250526_093943;1;FO2;-0,0332;1,4237;0,0718;0,0047;0,0208;0,0222;-0,9995;;False
1845,57;24.95;PA019​;20250526_093943;1;FO2;-0,0335;1,4237;0,0719;0,0047;0,0228;0,0222;-0,9995;;False
1845,59;24.96;PA019​;20250526_093943;1;FO2;-0,0338;1,4238;0,0719;0,0045;0,0242;0,0217;-0,9995;;False
1845,60;24.98;PA019​;20250526_093943;1;FO2;-0,0340;1,4239;0,0719;0,0044;0,0259;0,0213;-0,9994;;False
1845,62;24.99;PA019​;20250526_093943;1;FO2;-0,0343;1,4240;0,0718;0,0041;0,0273;0,0209;-0,9994;;False
1845,63;25.01;PA019​;20250526_093943;1;FO2;-0,0344;1,4241;0,0718;0,0037;0,0290;0,0202;-0,9994;;False
1845,65;25.02;PA019​;20250526_093943;1;FO2;-0,0347;1,4241;0,0717;0,0041;0,0305;0,0194;-0,9993;;False
1845,66;25.04;PA019​;20250526_093943;1;FO2;-0,0348;1,4242;0,0716;0,0039;0,0315;0,0194;-0,9993;;False
1845,68;25.05;PA019​;20250526_093943;1;FO2;-0,0349;1,4244;0,0714;0,0036;0,0334;0,0200;-0,9992;;False
1845,69;25.07;PA019​;20250526_093943;1;FO2;-0,0347;1,4243;0,0712;0,0030;0,0337;0,0205;-0,9992;;False
1845,71;25.08;PA019​;20250526_093943;1;FO2;-0,0344;1,4242;0,0709;0,0028;0,0339;0,0207;-0,9992;;False
1845,72;25.1;PA019​;20250526_093943;1;FO2;-0,0340;1,4241;0,0706;0,0021;0,0332;0,0209;-0,9992;;False
1845,74;25.11;PA019​;20250526_093943;1;FO2;-0,0331;1,4243;0,0702;0,0019;0,0317;0,0224;-0,9992;;False
1845,75;25.13;PA019​;20250526_093943;1;FO2;-0,0326;1,4243;0,0698;0,0023;0,0301;0,0237;-0,9993;;False
1845,77;25.14;PA019​;20250526_093943;1;FO2;-0,0321;1,4244;0,0694;0,0024;0,0284;0,0242;-0,9993;;False
1845,78;25.16;PA019​;20250526_093943;1;FO2;-0,0316;1,4243;0,0690;0,0024;0,0267;0,0249;-0,9993;;False
1845,80;25.17;PA019​;20250526_093943;1;FO2;-0,0312;1,4243;0,0687;0,0025;0,0251;0,0261;-0,9993;;False
1845,81;25.19;PA019​;20250526_093943;1;FO2;-0,0308;1,4243;0,0685;0,0025;0,0239;0,0276;-0,9993;;False
1845,83;25.2;PA019​;20250526_093943;1;FO2;-0,0305;1,4243;0,0683;0,0026;0,0229;0,0288;-0,9993;;False
1845,84;25.22;PA019​;20250526_093943;1;FO2;-0,0303;1,4242;0,0680;0,0027;0,0223;0,0299;-0,9993;;False
1845,86;25.23;PA019​;20250526_093943;1;FO2;-0,0302;1,4241;0,0678;0,0024;0,0222;0,0305;-0,9993;;False
1845,87;25.25;PA019​;20250526_093943;1;FO2;-0,0302;1,4239;0,0674;0,0023;0,0224;0,0314;-0,9993;;False
1845,89;25.26;PA019​;20250526_093943;1;FO2;-0,0303;1,4237;0,0669;0,0018;0,0224;0,0333;-0,9992;;False
1845,91;25.28;PA019​;20250526_093943;1;FO2;-0,0300;1,4236;0,0666;0,0016;0,0226;0,0337;-0,9992;;False
1845,92;25.3;PA019​;20250526_093943;1;FO2;-0,0301;1,4233;0,0665;0,0009;0,0227;0,0340;-0,9992;;False
1845,94;25.31;PA019​;20250526_093943;1;FO2;-0,0302;1,4231;0,0663;0,0000;0,0228;0,0342;-0,9992;;False
1845,95;25.33;PA019​;20250526_093943;1;FO2;-0,0302;1,4230;0,0662;0,0007;0,0229;0,0342;-0,9992;;False
1845,97;25.34;PA019​;20250526_093943;1;FO2;-0,0303;1,4230;0,0663;0,0013;0,0232;0,0341;-0,9991;;False
1845,98;25.36;PA019​;20250526_093943;1;FO2;-0,0304;1,4231;0,0663;0,0018;0,0234;0,0349;-0,9991;;False
1846,00;25.37;PA019​;20250526_093943;1;FO2;-0,0305;1,4231;0,0663;0,0019;0,0236;0,0361;-0,9991;;False
1846,01;25.39;PA019​;20250526_093943;1;FO2;-0,0307;1,4230;0,0663;0,0021;0,0241;0,0374;-0,9990;;False
1846,03;25.4;PA019​;20250526_093943;1;FO2;-0,0309;1,4231;0,0663;0,0028;0,0252;0,0399;-0,9989;;False
1846,04;25.42;PA019​;20250526_093943;1;FO2;-0,0311;1,4232;0,0664;0,0030;0,0261;0,0412;-0,9988;;False
1846,06;25.43;PA019​;20250526_093943;1;FO2;-0,0312;1,4231;0,0664;0,0034;0,0266;0,0428;-0,9987;;False
1846,07;25.45;PA019​;20250526_093943;1;FO2;-0,0313;1,4232;0,0663;0,0034;0,0264;0,0445;-0,9987;;False
1846,09;25.46;PA019​;20250526_093943;1;FO2;-0,0313;1,4232;0,0663;0,0039;0,0260;0,0454;-0,9986;;False
1846,10;25.47;PA019​;20250526_093943;1;FO2;-0,0313;1,4232;0,0662;0,0042;0,0255;0,0458;-0,9986;;False
1846,11;25.49;PA019​;20250526_093943;1;FO2;-0,0313;1,4233;0,0662;0,0043;0,0248;0,0458;-0,9986;;False
1846,13;25.5;PA019​;20250526_093943;1;FO2;-0,0312;1,4233;0,0661;0,0040;0,0240;0,0458;-0,9987;;False
1846,14;25.52;PA019​;20250526_093943;1;FO2;-0,0312;1,4232;0,0661;0,0035;0,0232;0,0450;-0,9987;;False
1846,16;25.53;PA019​;20250526_093943;1;FO2;-0,0312;1,4231;0,0661;0,0031;0,0226;0,0439;-0,9988;;False
1846,17;25.55;PA019​;20250526_093943;1;FO2;-0,0313;1,4230;0,0661;0,0028;0,0220;0,0433;-0,9988;;False
1846,19;25.56;PA019​;20250526_093943;1;FO2;-0,0314;1,4230;0,0663;0,0029;0,0221;0,0424;-0,9989;;False
1846,20;25.58;PA019​;20250526_093943;1;FO2;-0,0316;1,4229;0,0664;0,0032;0,0223;0,0420;-0,9989;;False
1846,22;25.59;PA019​;20250526_093943;1;FO2;-0,0319;1,4229;0,0666;0,0033;0,0230;0,0416;-0,9989;;False
1846,23;25.6;PA019​;20250526_093943;1;FO2;-0,0324;1,4230;0,0666;0,0034;0,0238;0,0413;-0,9989;;False
1846,24;25.62;PA019​;20250526_093943;1;FO2;-0,0331;1,4231;0,0666;0,0036;0,0250;0,0410;-0,9988;;False
1846,26;25.63;PA019​;20250526_093943;1;FO2;-0,0335;1,4232;0,0668;0,0035;0,0265;0,0407;-0,9988;;False
1846,27;25.65;PA019​;20250526_093943;1;FO2;-0,0340;1,4233;0,0671;0,0041;0,0278;0,0405;-0,9988;;False
1846,29;25.66;PA019​;20250526_093943;1;FO2;-0,0343;1,4234;0,0673;0,0045;0,0291;0,0402;-0,9988;;False
1846,30;25.67;PA019​;20250526_093943;1;FO2;-0,0345;1,4232;0,0676;0,0052;0,0300;0,0397;-0,9987;;False
1846,31;25.69;PA019​;20250526_093943;1;FO2;-0,0348;1,4231;0,0678;0,0053;0,0304;0,0393;-0,9988;;False
1846,32;25.7;PA019​;20250526_093943;1;FO2;-0,0350;1,4232;0,0680;0,0053;0,0307;0,0389;-0,9988;;False
1846,34;25.71;PA019​;20250526_093943;1;FO2;-0,0352;1,4232;0,0683;0,0057;0,0306;0,0386;-0,9988;;False
1846,35;25.72;PA019​;20250526_093943;1;FO2;-0,0351;1,4235;0,0685;0,0064;0,0302;0,0381;-0,9988;;False
1846,36;25.74;PA019​;20250526_093943;1;FO2;-0,0351;1,4239;0,0689;0,0082;0,0293;0,0377;-0,9988;;False
1846,38;25.75;PA019​;20250526_093943;1;FO2;-0,0350;1,4241;0,0691;0,0104;0,0282;0,0373;-0,9989;;False
1846,39;25.76;PA019​;20250526_093943;1;FO2;-0,0350;1,4241;0,0693;0,0123;0,0272;0,0365;-0,9989;;False
1846,40;25.78;PA019​;20250526_093943;1;FO2;-0,0349;1,4239;0,0694;0,0135;0,0263;0,0360;-0,9989;;False
1846,41;25.79;PA019​;20250526_093943;1;FO2;-0,0351;1,4241;0,0697;0,0137;0,0253;0,0358;-0,9989;;False
1846,43;25.8;PA019​;20250526_093943;1;FO2;-0,0350;1,4242;0,0699;0,0148;0,0246;0,0353;-0,9990;;False
1846,44;25.82;PA019​;20250526_093943;1;FO2;-0,0348;1,4243;0,0700;0,0159;0,0239;0,0347;-0,9990;;False
1846,46;25.83;PA019​;20250526_093943;1;FO2;-0,0347;1,4244;0,0702;0,0173;0,0234;0,0344;-0,9990;;False
1846,47;25.84;PA019​;20250526_093943;1;FO2;-0,0345;1,4246;0,0705;0,0185;0,0229;0,0334;-0,9990;;False
1846,48;25.86;PA019​;20250526_093943;1;FO2;-0,0343;1,4247;0,0707;0,0189;0,0226;0,0334;-0,9990;;False
1846,50;25.87;PA019​;20250526_093943;1;FO2;-0,0341;1,4248;0,0711;0,0201;0,0222;0,0338;-0,9990;;False
1846,51;25.89;PA019​;20250526_093943;1;FO2;-0,0338;1,4250;0,0716;0,0210;0,0220;0,0336;-0,9990;;False
1846,53;25.9;PA019​;20250526_093943;1;FO2;-0,0336;1,4248;0,0720;0,0218;0,0219;0,0335;-0,9990;;False
1846,54;25.91;PA019​;20250526_093943;1;FO2;-0,0333;1,4247;0,0723;0,0221;0,0219;0,0337;-0,9989;;False
1846,55;25.93;PA019​;20250526_093943;1;FO2;-0,0331;1,4246;0,0728;0,0218;0,0219;0,0344;-0,9989;;False
1846,57;25.94;PA019​;20250526_093943;1;FO2;-0,0328;1,4244;0,0732;0,0215;0,0219;0,0355;-0,9989;;False
1846,58;25.96;PA019​;20250526_093943;1;FO2;-0,0325;1,4242;0,0737;0,0211;0,0218;0,0361;-0,9989;;False
1846,59;25.97;PA019​;20250526_093943;1;FO2;-0,0321;1,4241;0,0741;0,0207;0,0215;0,0367;-0,9989;;False
1846,61;25.98;PA019​;20250526_093943;1;FO2;-0,0317;1,4239;0,0746;0,0202;0,0209;0,0376;-0,9989;;False
1846,62;26.0;PA019​;20250526_093943;1;FO2;-0,0314;1,4237;0,0750;0,0196;0,0205;0,0386;-0,9989;;False
1846,64;26.01;PA019​;20250526_093943;1;FO2;-0,0310;1,4232;0,0755;0,0190;0,0204;0,0389;-0,9989;;False
1846,65;26.03;PA019​;20250526_093943;1;FO2;-0,0307;1,4231;0,0759;0,0178;0,0196;0,0395;-0,9989;;False
1846,66;26.04;PA019​;20250526_093943;1;FO2;-0,0304;1,4228;0,0763;0,0168;0,0189;0,0404;-0,9989;;False
1846,68;26.05;PA019​;20250526_093943;1;FO2;-0,0302;1,4225;0,0767;0,0158;0,0183;0,0409;-0,9989;;False
1846,69;26.07;PA019​;20250526_093943;1;FO2;-0,0299;1,4223;0,0770;0,0151;0,0180;0,0413;-0,9989;;False
1846,71;26.08;PA019​;20250526_093943;1;FO2;-0,0296;1,4220;0,0773;0,0143;0,0175;0,0418;-0,9989;;False
1846,72;26.09;PA019​;20250526_093943;1;FO2;-0,0293;1,4219;0,0775;0,0140;0,0171;0,0423;-0,9989;;False
1846,73;26.11;PA019​;20250526_093943;1;FO2;-0,0291;1,4218;0,0777;0,0134;0,0166;0,0428;-0,9989;;False
1846,75;26.12;PA019​;20250526_093943;1;FO2;-0,0290;1,4217;0,0779;0,0130;0,0162;0,0428;-0,9989;;False
1846,76;26.14;PA019​;20250526_093943;1;FO2;-0,0288;1,4215;0,0782;0,0127;0,0160;0,0427;-0,9989;;False
1846,78;26.15;PA019​;20250526_093943;1;FO2;-0,0288;1,4214;0,0783;0,0124;0,0156;0,0424;-0,9989;;False
1846,79;26.16;PA019​;20250526_093943;1;FO2;-0,0288;1,4213;0,0785;0,0123;0,0155;0,0422;-0,9989;;False
1846,80;26.18;PA019​;20250526_093943;1;FO2;-0,0286;1,4212;0,0788;0,0123;0,0151;0,0417;-0,9989;;False
1846,82;26.19;PA019​;20250526_093943;1;FO2;-0,0287;1,4212;0,0789;0,0123;0,0150;0,0413;-0,9990;;False
1846,83;26.21;PA019​;20250526_093943;1;FO2;-0,0287;1,4211;0,0789;0,0125;0,0150;0,0410;-0,9990;;False
1846,84;26.22;PA019​;20250526_093943;1;FO2;-0,0288;1,4211;0,0789;0,0123;0,0150;0,0403;-0,9990;;False
1846,86;26.23;PA019​;20250526_093943;1;FO2;-0,0289;1,4211;0,0789;0,0122;0,0151;0,0399;-0,9990;;False
1846,87;26.25;PA019​;20250526_093943;1;FO2;-0,0290;1,4211;0,0790;0,0123;0,0152;0,0394;-0,9990;;False
1846,89;26.26;PA019​;20250526_093943;1;FO2;-0,0292;1,4210;0,0790;0,0123;0,0150;0,0386;-0,9991;;False
1846,90;26.28;PA019​;20250526_093943;1;FO2;-0,0293;1,4209;0,0790;0,0119;0,0151;0,0377;-0,9991;;False
1846,91;26.29;PA019​;20250526_093943;1;FO2;-0,0294;1,4208;0,0790;0,0116;0,0150;0,0371;-0,9991;;False
1846,93;26.31;PA019​;20250526_093943;1;FO2;-0,0295;1,4207;0,0790;0,0106;0,0150;0,0365;-0,9992;;False
1846,95;26.32;PA019​;20250526_093943;1;FO2;-0,0296;1,4205;0,0789;0,0100;0,0150;0,0361;-0,9992;;False
1846,96;26.33;PA019​;20250526_093943;1;FO2;-0,0297;1,4203;0,0788;0,0094;0,0149;0,0356;-0,9992;;False
1846,97;26.35;PA019​;20250526_093943;1;FO2;-0,0298;1,4200;0,0788;0,0089;0,0150;0,0350;-0,9992;;False
1846,98;26.36;PA019​;20250526_093943;1;FO2;-0,0299;1,4198;0,0788;0,0082;0,0151;0,0344;-0,9993;;False
1847,00;26.37;PA019​;20250526_093943;1;FO2;-0,0299;1,4197;0,0788;0,0078;0,0151;0,0341;-0,9993;;False
1847,01;26.39;PA019​;20250526_093943;1;FO2;-0,0300;1,4197;0,0789;0,0071;0,0152;0,0340;-0,9993;;False
1847,03;26.4;PA019​;20250526_093943;1;FO2;-0,0301;1,4196;0,0790;0,0071;0,0155;0,0341;-0,9993;;False
1847,04;26.41;PA019​;20250526_093943;1;FO2;-0,0302;1,4196;0,0790;0,0071;0,0156;0,0339;-0,9993;;False
1847,05;26.43;PA019​;20250526_093943;1;FO2;-0,0303;1,4196;0,0791;0,0071;0,0161;0,0334;-0,9993;;False
1847,07;26.44;PA019​;20250526_093943;1;FO2;-0,0304;1,4196;0,0792;0,0073;0,0164;0,0336;-0,9993;;False
1847,08;26.46;PA019​;20250526_093943;1;FO2;-0,0304;1,4196;0,0793;0,0077;0,0166;0,0333;-0,9993;;False
1847,09;26.47;PA019​;20250526_093943;1;FO2;-0,0305;1,4196;0,0794;0,0072;0,0168;0,0328;-0,9993;;False
1847,11;26.48;PA019​;20250526_093943;1;FO2;-0,0305;1,4194;0,0796;0,0069;0,0169;0,0332;-0,9993;;False
1847,12;26.5;PA019​;20250526_093943;1;FO2;-0,0305;1,4193;0,0797;0,0063;0,0171;0,0338;-0,9993;;False
1847,14;26.51;PA019​;20250526_093943;1;FO2;-0,0305;1,4192;0,0799;0,0059;0,0172;0,0338;-0,9993;;False
1847,15;26.52;PA019​;20250526_093943;1;FO2;-0,0305;1,4190;0,0801;0,0054;0,0175;0,0338;-0,9993;;False
1847,16;26.54;PA019​;20250526_093943;1;FO2;-0,0305;1,4188;0,0803;0,0046;0,0182;0,0337;-0,9993;;False
1847,18;26.55;PA019​;20250526_093943;1;FO2;-0,0305;1,4186;0,0805;0,0038;0,0185;0,0338;-0,9992;;False
1847,19;26.57;PA019​;20250526_093943;1;FO2;-0,0305;1,4184;0,0807;0,0031;0,0188;0,0337;-0,9992;;False
1847,21;26.58;PA019​;20250526_093943;1;FO2;-0,0305;1,4183;0,0809;0,0028;0,0190;0,0338;-0,9992;;False
1847,22;26.59;PA019​;20250526_093943;1;FO2;-0,0307;1,4193;0,0816;0,0048;0,0194;0,0340;-0,9992;;False
1847,23;26.61;PA019​;20250526_093943;1;FO2;-0,0307;1,4175;0,0816;0,0052;0,0199;0,0334;-0,9992;;False
1847,25;26.62;PA019​;20250526_093943;1;FO2;-0,0306;1,4174;0,0816;0,0009;0,0199;0,0333;-0,9992;;False
1847,26;26.64;PA019​;20250526_093943;1;FO2;-0,0306;1,4176;0,0823;-0,0004;0,0193;0,0336;-0,9992;;False
1847,28;26.65;PA019​;20250526_093943;1;FO2;-0,0307;1,4178;0,0828;0,0002;0,0191;0,0339;-0,9992;;False
1847,29;26.66;PA019​;20250526_093943;1;FO2;-0,0306;1,4175;0,0832;0,0011;0,0193;0,0337;-0,9992;;False
1847,30;26.68;PA019​;20250526_093943;1;FO2;-0,0308;1,4172;0,0835;0,0011;0,0191;0,0333;-0,9993;;False
1847,32;26.69;PA019​;20250526_093943;1;FO2;-0,0310;1,4170;0,0838;0,0003;0,0192;0,0334;-0,9993;;False
1847,33;26.71;PA019​;20250526_093943;1;FO2;-0,0312;1,4169;0,0842;-0,0006;0,0192;0,0334;-0,9993;;False
1847,34;26.72;PA019​;20250526_093943;1;FO2;-0,0313;1,4167;0,0845;-0,0008;0,0198;0,0331;-0,9993;;False
1847,36;26.73;PA019​;20250526_093943;1;FO2;-0,0315;1,4164;0,0849;-0,0011;0,0202;0,0330;-0,9992;;False
1847,37;26.75;PA019​;20250526_093943;1;FO2;-0,0317;1,4161;0,0853;-0,0018;0,0210;0,0327;-0,9992;;False
1847,39;26.76;PA019​;20250526_093943;1;FO2;-0,0320;1,4158;0,0856;-0,0028;0,0216;0,0327;-0,9992;;False
1847,40;26.78;PA019​;20250526_093943;1;FO2;-0,0322;1,4155;0,0859;-0,0038;0,0222;0,0324;-0,9992;;False
1847,43;26.8;PA019​;20250526_093943;1;FO2;-0,0324;1,4152;0,0861;-0,0053;0,0230;0,0319;-0,9992;;False
1847,44;26.81;PA019​;20250526_093943;1;FO2;-0,0327;1,4149;0,0862;-0,0065;0,0236;0,0314;-0,9992;;False
1847,45;26.83;PA019​;20250526_093943;1;FO2;-0,0330;1,4146;0,0863;-0,0073;0,0242;0,0308;-0,9992;;False
1847,47;26.84;PA019​;20250526_093943;1;FO2;-0,0331;1,4144;0,0866;-0,0081;0,0247;0,0308;-0,9992;;False
1847,48;26.86;PA019​;20250526_093943;1;FO2;-0,0332;1,4142;0,0868;-0,0086;0,0250;0,0308;-0,9992;;False
1847,50;26.87;PA019​;20250526_093943;1;FO2;-0,0333;1,4141;0,0870;-0,0092;0,0251;0,0305;-0,9992;;False
1847,51;26.88;PA019​;20250526_093943;1;FO2;-0,0334;1,4140;0,0873;-0,0095;0,0251;0,0303;-0,9992;;False
1847,52;26.9;PA019​;20250526_093943;1;FO2;-0,0335;1,4139;0,0875;-0,0098;0,0249;0,0302;-0,9992;;False
1847,54;26.91;PA019​;20250526_093943;1;FO2;-0,0337;1,4137;0,0877;-0,0099;0,0247;0,0302;-0,9992;;False
1847,55;26.93;PA019​;20250526_093943;1;FO2;-0,0336;1,4137;0,0878;-0,0099;0,0245;0,0301;-0,9992;;False
1847,56;26.94;PA019​;20250526_093943;1;FO2;-0,0335;1,4137;0,0878;-0,0099;0,0242;0,0299;-0,9992;;False
1847,58;26.95;PA019​;20250526_093943;1;FO2;-0,0334;1,4137;0,0877;-0,0100;0,0238;0,0299;-0,9992;;False
1847,59;26.97;PA019​;20250526_093943;1;FO2;-0,0333;1,4137;0,0876;-0,0101;0,0234;0,0298;-0,9992;;False
1847,61;26.98;PA019​;20250526_093943;1;FO2;-0,0332;1,4138;0,0874;-0,0104;0,0231;0,0301;-0,9992;;False
1847,62;27.0;PA019​;20250526_093943;1;FO2;-0,0330;1,4137;0,0873;-0,0105;0,0228;0,0303;-0,9992;;False
1847,63;27.01;PA019​;20250526_093943;1;FO2;-0,0329;1,4138;0,0871;-0,0106;0,0225;0,0302;-0,9992;;False
1847,65;27.02;PA019​;20250526_093943;1;FO2;-0,0327;1,4138;0,0870;-0,0103;0,0223;0,0302;-0,9992;;False
1847,66;27.04;PA019​;20250526_093943;1;FO2;-0,0325;1,4139;0,0870;-0,0101;0,0220;0,0303;-0,9992;;False
1847,68;27.05;PA019​;20250526_093943;1;FO2;-0,0324;1,4140;0,0870;-0,0096;0,0220;0,0306;-0,9992;;False
1847,69;27.07;PA019​;20250526_093943;1;FO2;-0,0323;1,4140;0,0869;-0,0096;0,0222;0,0308;-0,9992;;False
1847,70;27.08;PA019​;20250526_093943;1;FO2;-0,0322;1,4141;0,0869;-0,0096;0,0223;0,0307;-0,9992;;False
1847,72;27.09;PA019​;20250526_093943;1;FO2;-0,0321;1,4141;0,0868;-0,0098;0,0225;0,0308;-0,9992;;False
1847,73;27.11;PA019​;20250526_093943;1;FO2;-0,0320;1,4140;0,0868;-0,0102;0,0226;0,0317;-0,9992;;False
1847,75;27.12;PA019​;20250526_093943;1;FO2;-0,0320;1,4140;0,0867;-0,0105;0,0228;0,0320;-0,9992;;False
1847,76;27.13;PA019​;20250526_093943;1;FO2;-0,0320;1,4139;0,0866;-0,0108;0,0230;0,0320;-0,9992;;False
1847,77;27.15;PA019​;20250526_093943;1;FO2;-0,0319;1,4137;0,0866;-0,0112;0,0235;0,0321;-0,9991;;False
1847,79;27.16;PA019​;20250526_093943;1;FO2;-0,0319;1,4136;0,0865;-0,0116;0,0235;0,0321;-0,9991;;False
1847,80;27.18;PA019​;20250526_093943;1;FO2;-0,0318;1,4135;0,0865;-0,0115;0,0235;0,0320;-0,9991;;False
1847,82;27.19;PA019​;20250526_093943;1;FO2;-0,0318;1,4135;0,0864;-0,0114;0,0233;0,0320;-0,9992;;False
1847,83;27.2;PA019​;20250526_093943;1;FO2;-0,0317;1,4135;0,0865;-0,0113;0,0232;0,0319;-0,9992;;False
1847,84;27.22;PA019​;20250526_093943;1;FO2;-0,0316;1,4135;0,0864;-0,0113;0,0230;0,0317;-0,9992;;False
1847,86;27.23;PA019​;20250526_093943;1;FO2;-0,0315;1,4135;0,0864;-0,0116;0,0228;0,0314;-0,9992;;False
1847,87;27.25;PA019​;20250526_093943;1;FO2;-0,0314;1,4134;0,0863;-0,0118;0,0225;0,0314;-0,9992;;False
1847,89;27.26;PA019​;20250526_093943;1;FO2;-0,0314;1,4134;0,0862;-0,0116;0,0225;0,0314;-0,9992;;False
1847,90;27.28;PA019​;20250526_093943;1;FO2;-0,0313;1,4135;0,0861;-0,0116;0,0223;0,0314;-0,9992;;False
1847,92;27.29;PA019​;20250526_093943;1;FO2;-0,0313;1,4135;0,0860;-0,0114;0,0222;0,0313;-0,9992;;False
1847,93;27.3;PA019​;20250526_093943;1;FO2;-0,0313;1,4135;0,0858;-0,0116;0,0221;0,0314;-0,9992;;False
1847,94;27.32;PA019​;20250526_093943;1;FO2;-0,0312;1,4135;0,0857;-0,0115;0,0221;0,0314;-0,9992;;False
1847,95;27.33;PA019​;20250526_093943;1;FO2;-0,0312;1,4135;0,0857;-0,0114;0,0221;0,0313;-0,9992;;False
1847,97;27.34;PA019​;20250526_093943;1;FO2;-0,0312;1,4135;0,0856;-0,0113;0,0223;0,0312;-0,9992;;False
1847,98;27.36;PA019​;20250526_093943;1;FO2;-0,0313;1,4135;0,0855;-0,0112;0,0226;0,0311;-0,9992;;False
1848,00;27.37;PA019​;20250526_093943;1;FO2;-0,0314;1,4135;0,0856;-0,0112;0,0230;0,0311;-0,9992;;False
1848,01;27.38;PA019​;20250526_093943;1;FO2;-0,0314;1,4135;0,0857;-0,0114;0,0232;0,0310;-0,9992;;False
1848,02;27.4;PA019​;20250526_093943;1;FO2;-0,0314;1,4134;0,0856;-0,0116;0,0234;0,0310;-0,9992;;False
1848,04;27.41;PA019​;20250526_093943;1;FO2;-0,0314;1,4134;0,0856;-0,0114;0,0235;0,0308;-0,9992;;False
1848,05;27.43;PA019​;20250526_093943;1;FO2;-0,0315;1,4134;0,0856;-0,0113;0,0233;0,0306;-0,9992;;False
1848,06;27.44;PA019​;20250526_093943;1;FO2;-0,0314;1,4134;0,0857;-0,0113;0,0235;0,0303;-0,9992;;False
1848,08;27.45;PA019​;20250526_093943;1;FO2;-0,0314;1,4135;0,0858;-0,0114;0,0234;0,0303;-0,9992;;False
1848,09;27.47;PA019​;20250526_093943;1;FO2;-0,0314;1,4136;0,0859;-0,0114;0,0236;0,0303;-0,9992;;False
1848,11;27.48;PA019​;20250526_093943;1;FO2;-0,0314;1,4135;0,0858;-0,0115;0,0236;0,0301;-0,9992;;False
1848,12;27.5;PA019​;20250526_093943;1;FO2;-0,0314;1,4136;0,0858;-0,0112;0,0235;0,0299;-0,9992;;False
1848,13;27.51;PA019​;20250526_093943;1;FO2;-0,0314;1,4136;0,0857;-0,0111;0,0236;0,0299;-0,9992;;False
1848,15;27.52;PA019​;20250526_093943;1;FO2;-0,0313;1,4136;0,0858;-0,0111;0,0237;0,0298;-0,9992;;False
1848,16;27.54;PA019​;20250526_093943;1;FO2;-0,0313;1,4136;0,0859;-0,0111;0,0237;0,0297;-0,9992;;False
1848,18;27.55;PA019​;20250526_093943;1;FO2;-0,0313;1,4136;0,0859;-0,0112;0,0238;0,0295;-0,9992;;False
1848,19;27.56;PA019​;20250526_093943;1;FO2;-0,0313;1,4136;0,0858;-0,0111;0,0239;0,0295;-0,9992;;False
1848,20;27.58;PA019​;20250526_093943;1;FO2;-0,0313;1,4136;0,0858;-0,0112;0,0239;0,0295;-0,9992;;False
1848,22;27.59;PA019​;20250526_093943;1;FO2;-0,0313;1,4136;0,0857;-0,0113;0,0239;0,0295;-0,9992;;False
1848,23;27.61;PA019​;20250526_093943;1;FO2;-0,0313;1,4137;0,0857;-0,0115;0,0239;0,0295;-0,9992;;False
1848,25;27.62;PA019​;20250526_093943;1;FO2;-0,0314;1,4137;0,0857;-0,0121;0,0240;0,0292;-0,9992;;False
1848,26;27.63;PA019​;20250526_093943;1;FO2;-0,0314;1,4136;0,0856;-0,0126;0,0240;0,0289;-0,9992;;False
1848,27;27.65;PA019​;20250526_093943;1;FO2;-0,0314;1,4135;0,0856;-0,0133;0,0239;0,0288;-0,9992;;False
1848,29;27.66;PA019​;20250526_093943;1;FO2;-0,0314;1,4133;0,0856;-0,0139;0,0239;0,0287;-0,9992;;False
1848,30;27.68;PA019​;20250526_093943;1;FO2;-0,0315;1,4131;0,0856;-0,0144;0,0239;0,0282;-0,9992;;False
1848,32;27.69;PA019​;20250526_093943;1;FO2;-0,0315;1,4130;0,0857;-0,0151;0,0238;0,0283;-0,9992;;False
1848,33;27.7;PA019​;20250526_093943;1;FO2;-0,0315;1,4129;0,0856;-0,0158;0,0237;0,0287;-0,9992;;False
1848,34;27.72;PA019​;20250526_093943;1;FO2;-0,0315;1,4128;0,0856;-0,0161;0,0238;0,0286;-0,9992;;False
1848,36;27.73;PA019​;20250526_093943;1;FO2;-0,0316;1,4127;0,0855;-0,0161;0,0240;0,0283;-0,9992;;False
1848,37;27.75;PA019​;20250526_093943;1;FO2;-0,0316;1,4126;0,0854;-0,0162;0,0241;0,0283;-0,9992;;False
1848,38;27.76;PA019​;20250526_093943;1;FO2;-0,0317;1,4125;0,0854;-0,0159;0,0244;0,0283;-0,9992;;False
1848,40;27.77;PA019​;20250526_093943;1;FO2;-0,0317;1,4126;0,0854;-0,0158;0,0243;0,0282;-0,9992;;False
1848,41;27.79;PA019​;20250526_093943;1;FO2;-0,0318;1,4127;0,0854;-0,0155;0,0245;0,0280;-0,9992;;False
1848,43;27.8;PA019​;20250526_093943;1;FO2;-0,0318;1,4128;0,0853;-0,0155;0,0246;0,0280;-0,9992;;False
1848,44;27.81;PA019​;20250526_093943;1;FO2;-0,0318;1,4128;0,0851;-0,0154;0,0247;0,0279;-0,9992;;False
1848,45;27.83;PA019​;20250526_093943;1;FO2;-0,0319;1,4128;0,0850;-0,0155;0,0248;0,0279;-0,9992;;False
1848,47;27.84;PA019​;20250526_093943;1;FO2;-0,0319;1,4128;0,0848;-0,0157;0,0251;0,0278;-0,9992;;False
1848,48;27.86;PA019​;20250526_093943;1;FO2;-0,0320;1,4128;0,0846;-0,0158;0,0253;0,0275;-0,9992;;False
1848,50;27.87;PA019​;20250526_093943;1;FO2;-0,0321;1,4127;0,0844;-0,0159;0,0254;0,0276;-0,9992;;False
1848,51;27.88;PA019​;20250526_093943;1;FO2;-0,0321;1,4127;0,0842;-0,0162;0,0257;0,0276;-0,9992;;False
1848,52;27.9;PA019​;20250526_093943;1;FO2;-0,0322;1,4126;0,0841;-0,0164;0,0259;0,0277;-0,9991;;False
1848,54;27.91;PA019​;20250526_093943;1;FO2;-0,0322;1,4126;0,0839;-0,0167;0,0259;0,0278;-0,9991;;False
1848,55;27.93;PA019​;20250526_093943;1;FO2;-0,0322;1,4125;0,0838;-0,0169;0,0260;0,0278;-0,9991;;False
1848,57;27.94;PA019​;20250526_093943;1;FO2;-0,0322;1,4125;0,0837;-0,0167;0,0261;0,0278;-0,9991;;False
1848,59;27.97;PA019​;20250526_093943;1;FO2;-0,0322;1,4126;0,0832;-0,0166;0,0262;0,0277;-0,9991;;False
1848,61;27.98;PA019​;20250526_093943;1;FO2;-0,0322;1,4126;0,0830;-0,0165;0,0263;0,0278;-0,9991;;False
1848,63;28.0;PA019​;20250526_093943;1;FO2;-0,0323;1,4127;0,0828;-0,0160;0,0266;0,0279;-0,9991;;False
1848,64;28.01;PA019​;20250526_093943;1;FO2;-0,0323;1,4128;0,0825;-0,0157;0,0267;0,0279;-0,9991;;False
1848,66;28.04;PA019​;20250526_093943;1;FO2;-0,0324;1,4129;0,0820;-0,0153;0,0269;0,0282;-0,9991;;False
1848,68;28.05;PA019​;20250526_093943;1;FO2;-0,0324;1,4130;0,0818;-0,0153;0,0269;0,0282;-0,9991;;False
1848,70;28.07;PA019​;20250526_093943;1;FO2;-0,0324;1,4131;0,0815;-0,0153;0,0268;0,0281;-0,9991;;False
1848,72;28.1;PA019​;20250526_093943;1;FO2;-0,0324;1,4132;0,0814;-0,0154;0,0269;0,0279;-0,9991;;False
1848,75;28.12;PA019​;20250526_093943;1;FO2;-0,0324;1,4133;0,0812;-0,0153;0,0270;0,0279;-0,9991;;False
1848,76;28.14;PA019​;20250526_093943;1;FO2;-0,0325;1,4133;0,0811;-0,0155;0,0272;0,0280;-0,9991;;False
1848,79;28.16;PA019​;20250526_093943;1;FO2;-0,0325;1,4131;0,0809;-0,0164;0,0273;0,0281;-0,9991;;False
1848,80;28.18;PA019​;20250526_093943;1;FO2;-0,0326;1,4130;0,0809;-0,0167;0,0274;0,0281;-0,9991;;False
1848,82;28.19;PA019​;20250526_093943;1;FO2;-0,0326;1,4130;0,0809;-0,0168;0,0276;0,0280;-0,9991;;False
1848,84;28.22;PA019​;20250526_093943;1;FO2;-0,0328;1,4129;0,0810;-0,0170;0,0278;0,0278;-0,9991;;False
1848,87;28.25;PA019​;20250526_093943;1;FO2;-0,0330;1,4129;0,0813;-0,0169;0,0283;0,0278;-0,9991;;False
1848,90;28.27;PA019​;20250526_093943;1;FO2;-0,0333;1,4129;0,0818;-0,0166;0,0287;0,0274;-0,9991;;False
1848,93;28.3;PA019​;20250526_093943;1;FO2;-0,0334;1,4128;0,0821;-0,0177;0,0288;0,0276;-0,9990;;False
1848,96;28.33;PA019​;20250526_093943;1;FO2;-0,0336;1,4125;0,0826;-0,0184;0,0288;0,0273;-0,9990;;False
1848,97;28.35;PA019​;20250526_093943;1;FO2;-0,0337;1,4125;0,0829;-0,0185;0,0290;0,0270;-0,9990;;False
1848,99;28.36;PA019​;20250526_093943;1;FO2;-0,0338;1,4125;0,0831;-0,0183;0,0294;0,0269;-0,9990;;False
1849,00;28.37;PA019​;20250526_093943;1;FO2;-0,0340;1,4125;0,0834;-0,0181;0,0299;0,0268;-0,9990;;False
1849,01;28.39;PA019​;20250526_093943;1;FO2;-0,0341;1,4126;0,0838;-0,0179;0,0303;0,0265;-0,9990;;False
1849,02;28.4;PA019​;20250526_093943;1;FO2;-0,0343;1,4126;0,0841;-0,0178;0,0309;0,0259;-0,9990;;False
1849,04;28.41;PA019​;20250526_093943;1;FO2;-0,0345;1,4125;0,0845;-0,0178;0,0316;0,0256;-0,9990;;False
1849,05;28.43;PA019​;20250526_093943;1;FO2;-0,0347;1,4123;0,0848;-0,0179;0,0323;0,0253;-0,9990;;False
1849,07;28.44;PA019​;20250526_093943;1;FO2;-0,0349;1,4120;0,0852;-0,0185;0,0326;0,0250;-0,9990;;False
1849,08;28.45;PA019​;20250526_093943;1;FO2;-0,0351;1,4117;0,0855;-0,0194;0,0331;0,0249;-0,9990;;False
1849,09;28.47;PA019​;20250526_093943;1;FO2;-0,0352;1,4114;0,0859;-0,0208;0,0337;0,0243;-0,9989;;False
1849,11;28.48;PA019​;20250526_093943;1;FO2;-0,0355;1,4111;0,0864;-0,0220;0,0338;0,0238;-0,9989;;False
1849,12;28.5;PA019​;20250526_093943;1;FO2;-0,0356;1,4107;0,0869;-0,0235;0,0344;0,0233;-0,9989;;False
1849,14;28.51;PA019​;20250526_093943;1;FO2;-0,0357;1,4103;0,0873;-0,0248;0,0352;0,0222;-0,9988;;False
1849,15;28.52;PA019​;20250526_093943;1;FO2;-0,0359;1,4100;0,0876;-0,0265;0,0359;0,0215;-0,9988;;False
1849,16;28.54;PA019​;20250526_093943;1;FO2;-0,0360;1,4097;0,0880;-0,0278;0,0368;0,0211;-0,9987;;False
1849,18;28.55;PA019​;20250526_093943;1;FO2;-0,0362;1,4094;0,0885;-0,0288;0,0374;0,0210;-0,9987;;False
1849,19;28.57;PA019​;20250526_093943;1;FO2;-0,0362;1,4091;0,0889;-0,0293;0,0381;0,0211;-0,9986;;False
1849,21;28.58;PA019​;20250526_093943;1;FO2;-0,0363;1,4088;0,0894;-0,0296;0,0387;0,0211;-0,9986;;False
1849,22;28.59;PA019​;20250526_093943;1;FO2;-0,0365;1,4085;0,0898;-0,0300;0,0394;0,0215;-0,9985;;False
1849,23;28.61;PA019​;20250526_093943;1;FO2;-0,0366;1,4082;0,0903;-0,0307;0,0402;0,0216;-0,9985;;False
1849,25;28.62;PA019​;20250526_093943;1;FO2;-0,0367;1,4078;0,0908;-0,0313;0,0411;0,0218;-0,9984;;False
1849,26;28.64;PA019​;20250526_093943;1;FO2;-0,0368;1,4075;0,0914;-0,0321;0,0419;0,0219;-0,9984;;False
1849,27;28.65;PA019​;20250526_093943;1;FO2;-0,0369;1,4073;0,0920;-0,0328;0,0426;0,0222;-0,9983;;False
1849,29;28.66;PA019​;20250526_093943;1;FO2;-0,0370;1,4069;0,0926;-0,0334;0,0433;0,0227;-0,9982;;False
1849,30;28.68;PA019​;20250526_093943;1;FO2;-0,0370;1,4065;0,0930;-0,0344;0,0440;0,0229;-0,9982;;False
1849,32;28.69;PA019​;20250526_093943;1;FO2;-0,0371;1,4061;0,0935;-0,0358;0,0446;0,0229;-0,9981;;False
1849,33;28.7;PA019​;20250526_093943;1;FO2;-0,0371;1,4056;0,0940;-0,0372;0,0449;0,0229;-0,9980;;False
1849,34;28.72;PA019​;20250526_093943;1;FO2;-0,0372;1,4052;0,0944;-0,0389;0,0450;0,0230;-0,9980;;False
1849,36;28.73;PA019​;20250526_093943;1;FO2;-0,0372;1,4048;0,0950;-0,0401;0,0450;0,0227;-0,9979;;False
1849,37;28.75;PA019​;20250526_093943;1;FO2;-0,0371;1,4045;0,0954;-0,0414;0,0450;0,0229;-0,9979;;False
1849,39;28.76;PA019​;20250526_093943;1;FO2;-0,0371;1,4041;0,0960;-0,0427;0,0451;0,0226;-0,9978;;False
1849,40;28.77;PA019​;20250526_093943;1;FO2;-0,0372;1,4038;0,0965;-0,0437;0,0450;0,0223;-0,9978;;False
1849,41;28.79;PA019​;20250526_093943;1;FO2;-0,0372;1,4034;0,0969;-0,0449;0,0452;0,0222;-0,9977;;False
1849,43;28.8;PA019​;20250526_093943;1;FO2;-0,0373;1,4030;0,0973;-0,0461;0,0454;0,0223;-0,9977;;False
1849,44;28.82;PA019​;20250526_093943;1;FO2;-0,0373;1,4027;0,0977;-0,0474;0,0456;0,0225;-0,9976;;False
1849,46;28.83;PA019​;20250526_093943;1;FO2;-0,0374;1,4025;0,0981;-0,0481;0,0459;0,0225;-0,9975;;False
1849,47;28.84;PA019​;20250526_093943;1;FO2;-0,0376;1,4022;0,0985;-0,0488;0,0464;0,0224;-0,9975;;False
1849,48;28.86;PA019​;20250526_093943;1;FO2;-0,0378;1,4019;0,0989;-0,0497;0,0470;0,0225;-0,9974;;False
1849,50;28.87;PA019​;20250526_093943;1;FO2;-0,0380;1,4014;0,0993;-0,0506;0,0480;0,0220;-0,9973;;False
1849,51;28.89;PA019​;20250526_093943;1;FO2;-0,0382;1,4010;0,0997;-0,0514;0,0492;0,0217;-0,9972;;False
1849,53;28.9;PA019​;20250526_093943;1;FO2;-0,0386;1,4007;0,1001;-0,0524;0,0501;0,0220;-0,9971;;False
1849,54;28.91;PA019​;20250526_093943;1;FO2;-0,0390;1,4003;0,1005;-0,0531;0,0513;0,0222;-0,9970;;False
1849,55;28.93;PA019​;20250526_093943;1;FO2;-0,0393;1,4000;0,1010;-0,0535;0,0526;0,0222;-0,9969;;False
1849,57;28.94;PA019​;20250526_093943;1;FO2;-0,0398;1,3998;0,1015;-0,0526;0,0540;0,0218;-0,9969;;False
1849,58;28.96;PA019​;20250526_093943;1;FO2;-0,0402;1,3997;0,1020;-0,0516;0,0553;0,0212;-0,9969;;False
1849,59;28.97;PA019​;20250526_093943;1;FO2;-0,0414;1,3992;0,1029;-0,0505;0,0581;0,0204;-0,9968;;False
1849,61;28.98;PA019​;20250526_093943;1;FO2;-0,0422;1,3988;0,1030;-0,0505;0,0596;0,0199;-0,9967;;False
1849,62;29.0;PA019​;20250526_093943;1;FO2;-0,0428;1,3982;0,1031;-0,0521;0,0616;0,0196;-0,9965;;False
1849,64;29.01;PA019​;20250526_093943;1;FO2;-0,0435;1,3977;0,1032;-0,0539;0,0630;0,0189;-0,9964;;False
1849,65;29.02;PA019​;20250526_093943;1;FO2;-0,0442;1,3974;0,1034;-0,0562;0,0644;0,0186;-0,9962;;False
1849,66;29.04;PA019​;20250526_093943;1;FO2;-0,0450;1,3972;0,1033;-0,0584;0,0658;0,0176;-0,9960;;False
1849,68;29.05;PA019​;20250526_093943;1;FO2;-0,0459;1,3971;0,1032;-0,0604;0,0670;0,0168;-0,9958;;False
1849,69;29.07;PA019​;20250526_093943;1;FO2;-0,0468;1,3968;0,1028;-0,0616;0,0682;0,0166;-0,9956;;False
1849,71;29.08;PA019​;20250526_093943;1;FO2;-0,0476;1,3966;0,1025;-0,0625;0,0687;0,0157;-0,9956;;False
1849,72;29.09;PA019​;20250526_093943;1;FO2;-0,0484;1,3966;0,1020;-0,0633;0,0690;0,0149;-0,9955;;False
1849,73;29.11;PA019​;20250526_093943;1;FO2;-0,0491;1,3968;0,1014;-0,0638;0,0693;0,0138;-0,9955;;False
1849,75;29.12;PA019​;20250526_093943;1;FO2;-0,0499;1,3971;0,1008;-0,0639;0,0693;0,0122;-0,9955;;False
1849,76;29.14;PA019​;20250526_093943;1;FO2;-0,0506;1,3976;0,1001;-0,0635;0,0697;0,0105;-0,9955;;False
1849,78;29.15;PA019​;20250526_093943;1;FO2;-0,0513;1,3981;0,0993;-0,0618;0,0703;0,0087;-0,9956;;False
1849,79;29.16;PA019​;20250526_093943;1;FO2;-0,0520;1,3987;0,0986;-0,0611;0,0709;0,0074;-0,9956;;False
1849,80;29.18;PA019​;20250526_093943;1;FO2;-0,0527;1,3993;0,0977;-0,0600;0,0715;0,0060;-0,9956;;False
1849,82;29.19;PA019​;20250526_093943;1;FO2;-0,0534;1,3999;0,0969;-0,0592;0,0727;0,0048;-0,9956;;False
1849,83;29.21;PA019​;20250526_093943;1;FO2;-0,0539;1,4006;0,0961;-0,0580;0,0743;0,0035;-0,9955;;False
1849,84;29.22;PA019​;20250526_093943;1;FO2;-0,0544;1,4013;0,0953;-0,0558;0,0759;0,0025;-0,9956;;False
1849,86;29.23;PA019​;20250526_093943;1;FO2;-0,0547;1,4019;0,0944;-0,0537;0,0779;0,0014;-0,9955;;False
1849,87;29.25;PA019​;20250526_093943;1;FO2;-0,0549;1,4025;0,0937;-0,0523;0,0798;0,0001;-0,9954;;False
1849,89;29.26;PA019​;20250526_093943;1;FO2;-0,0548;1,4031;0,0929;-0,0508;0,0818;-0,0010;-0,9954;;False
1849,90;29.27;PA019​;20250526_093943;1;FO2;-0,0548;1,4038;0,0924;-0,0496;0,0833;-0,0020;-0,9953;;False
1849,91;29.29;PA019​;20250526_093943;1;FO2;-0,0546;1,4042;0,0920;-0,0482;0,0849;-0,0025;-0,9952;;False
1849,93;29.3;PA019​;20250526_093943;1;FO2;-0,0544;1,4049;0,0918;-0,0463;0,0859;-0,0030;-0,9952;;False
1849,94;29.32;PA019​;20250526_093943;1;FO2;-0,0539;1,4054;0,0916;-0,0443;0,0871;-0,0030;-0,9952;;False
1849,96;29.33;PA019​;20250526_093943;1;FO2;-0,0534;1,4055;0,0916;-0,0431;0,0880;-0,0026;-0,9952;;False
1849,97;29.34;PA019​;20250526_093943;1;FO2;-0,0529;1,4056;0,0915;-0,0430;0,0889;-0,0026;-0,9951;;False
1849,98;29.36;PA019​;20250526_093943;1;FO2;-0,0522;1,4056;0,0917;-0,0438;0,0898;-0,0021;-0,9950;;False
1850,00;29.37;PA019​;20250526_093943;1;FO2;-0,0514;1,4055;0,0920;-0,0443;0,0905;-0,0011;-0,9949;;False
1850,01;29.39;PA019​;20250526_093943;1;FO2;-0,0507;1,4052;0,0922;-0,0452;0,0906;-0,0003;-0,9949;;False
1850,02;29.4;PA019​;20250526_093943;1;FO2;-0,0499;1,4049;0,0925;-0,0465;0,0908;0,0010;-0,9948;;False
1850,04;29.41;PA019​;20250526_093943;1;FO2;-0,0491;1,4044;0,0927;-0,0485;0,0905;0,0027;-0,9947;;False
1850,05;29.43;PA019​;20250526_093943;1;FO2;-0,0484;1,4040;0,0931;-0,0507;0,0904;0,0043;-0,9946;;False
1850,07;29.44;PA019​;20250526_093943;1;FO2;-0,0479;1,4037;0,0935;-0,0526;0,0904;0,0061;-0,9945;;False
1850,08;29.46;PA019​;20250526_093943;1;FO2;-0,0472;1,4033;0,0939;-0,0540;0,0903;0,0080;-0,9944;;False
1850,09;29.47;PA019​;20250526_093943;1;FO2;-0,0468;1,4031;0,0941;-0,0556;0,0897;0,0095;-0,9944;;False
1850,11;29.48;PA019​;20250526_093943;1;FO2;-0,0465;1,4027;0,0945;-0,0569;0,0890;0,0111;-0,9943;;False
1850,12;29.5;PA019​;20250526_093943;1;FO2;-0,0462;1,4023;0,0948;-0,0575;0,0879;0,0130;-0,9944;;False
1850,14;29.51;PA019​;20250526_093943;1;FO2;-0,0460;1,4024;0,0953;-0,0579;0,0864;0,0140;-0,9945;;False
1850,15;29.52;PA019​;20250526_093943;1;FO2;-0,0460;1,4024;0,0958;-0,0573;0,0846;0,0161;-0,9946;;False
1850,16;29.54;PA019​;20250526_093943;1;FO2;-0,0459;1,4022;0,0959;-0,0567;0,0830;0,0172;-0,9948;;False
1850,18;29.55;PA019​;20250526_093943;1;FO2;-0,0461;1,4020;0,0960;-0,0564;0,0818;0,0170;-0,9949;;False
1850,19;29.57;PA019​;20250526_093943;1;FO2;-0,0464;1,4017;0,0962;-0,0566;0,0806;0,0171;-0,9950;;False
1850,21;29.58;PA019​;20250526_093943;1;FO2;-0,0467;1,4013;0,0964;-0,0575;0,0797;0,0165;-0,9950;;False
1850,22;29.59;PA019​;20250526_093943;1;FO2;-0,0471;1,4011;0,0968;-0,0581;0,0788;0,0155;-0,9951;;False
1850,23;29.61;PA019​;20250526_093943;1;FO2;-0,0476;1,4009;0,0972;-0,0581;0,0776;0,0149;-0,9952;;False
1850,25;29.62;PA019​;20250526_093943;1;FO2;-0,0481;1,4005;0,0975;-0,0584;0,0764;0,0140;-0,9953;;False
1850,26;29.64;PA019​;20250526_093943;1;FO2;-0,0485;1,4000;0,0979;-0,0589;0,0753;0,0131;-0,9953;;False
1850,28;29.65;PA019​;20250526_093943;1;FO2;-0,0490;1,3995;0,0982;-0,0599;0,0743;0,0120;-0,9954;;False
1850,29;29.66;PA019​;20250526_093943;1;FO2;-0,0494;1,3988;0,0986;-0,0616;0,0734;0,0107;-0,9953;;False
1850,30;29.68;PA019​;20250526_093943;1;FO2;-0,0498;1,3982;0,0990;-0,0636;0,0731;0,0092;-0,9952;;False
1850,32;29.69;PA019​;20250526_093943;1;FO2;-0,0502;1,3976;0,0993;-0,0659;0,0728;0,0075;-0,9951;;False
1850,33;29.71;PA019​;20250526_093943;1;FO2;-0,0506;1,3970;0,0997;-0,0677;0,0730;0,0062;-0,9950;;False
1850,34;29.72;PA019​;20250526_093943;1;FO2;-0,0509;1,3964;0,0999;-0,0692;0,0738;0,0051;-0,9949;;False
1850,36;29.73;PA019​;20250526_093943;1;FO2;-0,0513;1,3960;0,1002;-0,0709;0,0750;0,0039;-0,9946;;False
1850,37;29.75;PA019​;20250526_093943;1;FO2;-0,0515;1,3955;0,1004;-0,0727;0,0764;0,0034;-0,9944;;False
1850,39;29.76;PA019​;20250526_093943;1;FO2;-0,0517;1,3950;0,1008;-0,0743;0,0780;0,0031;-0,9942;;False
1850,40;29.78;PA019​;20250526_093943;1;FO2;-0,0518;1,3946;0,1011;-0,0757;0,0795;0,0030;-0,9939;;False
1850,42;29.79;PA019​;20250526_093943;1;FO2;-0,0518;1,3942;0,1016;-0,0778;0,0816;0,0035;-0,9936;;False
1850,43;29.81;PA019​;20250526_093943;1;FO2;-0,0517;1,3936;0,1020;-0,0801;0,0835;0,0041;-0,9933;;False
1850,45;29.82;PA019​;20250526_093943;1;FO2;-0,0516;1,3928;0,1025;-0,0827;0,0851;0,0051;-0,9929;;False
1850,46;29.84;PA019​;20250526_093943;1;FO2;-0,0512;1,3917;0,1028;-0,0857;0,0869;0,0064;-0,9925;;False
1850,48;29.85;PA019​;20250526_093943;1;FO2;-0,0509;1,3907;0,1034;-0,0904;0,0884;0,0081;-0,9919;;False
1850,49;29.86;PA019​;20250526_093943;1;FO2;-0,0506;1,3896;0,1037;-0,0942;0,0899;0,0094;-0,9914;;False
1850,50;29.88;PA019​;20250526_093943;1;FO2;-0,0501;1,3885;0,1042;-0,0980;0,0913;0,0111;-0,9909;;False
1850,52;29.9;PA019​;20250526_093943;1;FO2;-0,0495;1,3874;0,1043;-0,1006;0,0926;0,0131;-0,9905;;False
1850,54;29.91;PA019​;20250526_093943;1;FO2;-0,0490;1,3870;0,1045;-0,1027;0,0929;0,0149;-0,9903;;False
1850,55;29.92;PA019​;20250526_093943;1;FO2;-0,0484;1,3872;0,1045;-0,1024;0,0932;0,0167;-0,9902;;False
1850,56;29.94;PA019​;20250526_093943;1;FO2;-0,0478;1,3878;0,1046;-0,1007;0,0927;0,0181;-0,9904;;False
1850,58;29.95;PA019​;20250526_093943;1;FO2;-0,0471;1,3888;0,1045;-0,0964;0,0919;0,0189;-0,9909;;False
1850,59;29.97;PA019​;20250526_093943;1;FO2;-0,0465;1,3901;0,1044;-0,0911;0,0907;0,0192;-0,9915;;False
1850,61;29.98;PA019​;20250526_093943;1;FO2;-0,0453;1,3927;0,1037;-0,0824;0,0887;0,0206;-0,9924;;False
1850,63;30.0;PA019​;20250526_093943;1;FO2;-0,0449;1,3941;0,1028;-0,0765;0,0862;0,0211;-0,9931;;False
1850,64;30.02;PA019​;20250526_093943;1;FO2;-0,0443;1,3955;0,1021;-0,0713;0,0846;0,0222;-0,9936;;False
1850,66;30.03;PA019​;20250526_093943;1;FO2;-0,0438;1,3969;0,1015;-0,0664;0,0829;0,0230;-0,9941;;False
1850,67;30.05;PA019​;20250526_093943;1;FO2;-0,0435;1,3980;0,1007;-0,0622;0,0813;0,0242;-0,9945;;False
1850,69;30.06;PA019​;20250526_093943;1;FO2;-0,0432;1,3990;0,0999;-0,0593;0,0800;0,0248;-0,9947;;False
1850,70;30.08;PA019​;20250526_093943;1;FO2;-0,0429;1,4000;0,0993;-0,0567;0,0793;0,0248;-0,9949;;False
1850,72;30.09;PA019​;20250526_093943;1;FO2;-0,0427;1,4016;0,0980;-0,0518;0,0772;0,0259;-0,9953;;False
1850,74;30.11;PA019​;20250526_093943;1;FO2;-0,0429;1,4017;0,0973;-0,0514;0,0771;0,0261;-0,9954;;False
1850,75;30.13;PA019​;20250526_093943;1;FO2;-0,0431;1,4016;0,0968;-0,0526;0,0777;0,0251;-0,9953;;False
1850,77;30.14;PA019​;20250526_093943;1;FO2;-0,0434;1,4012;0,0964;-0,0552;0,0779;0,0238;-0,9951;;False
1850,78;30.16;PA019​;20250526_093943;1;FO2;-0,0436;1,4008;0,0962;-0,0575;0,0779;0,0227;-0,9950;;False
1850,80;30.17;PA019​;20250526_093943;1;FO2;-0,0439;1,4005;0,0960;-0,0592;0,0780;0,0211;-0,9950;;False
1850,81;30.18;PA019​;20250526_093943;1;FO2;-0,0441;1,4001;0,0959;-0,0615;0,0782;0,0192;-0,9949;;False
1850,82;30.2;PA019​;20250526_093943;1;FO2;-0,0444;1,3996;0,0958;-0,0644;0,0784;0,0171;-0,9947;;False
1850,84;30.21;PA019​;20250526_093943;1;FO2;-0,0446;1,3988;0,0958;-0,0679;0,0787;0,0156;-0,9945;;False
1850,85;30.23;PA019​;20250526_093943;1;FO2;-0,0446;1,3980;0,0957;-0,0715;0,0790;0,0141;-0,9942;;False
1850,87;30.24;PA019​;20250526_093943;1;FO2;-0,0446;1,3976;0,0959;-0,0744;0,0786;0,0124;-0,9940;;False
1850,88;30.26;PA019​;20250526_093943;1;FO2;-0,0445;1,3976;0,0961;-0,0759;0,0775;0,0115;-0,9940;;False
1850,90;30.27;PA019​;20250526_093943;1;FO2;-0,0442;1,3974;0,0964;-0,0770;0,0765;0,0107;-0,9940;;False
1850,91;30.28;PA019​;20250526_093943;1;FO2;-0,0440;1,3970;0,0966;-0,0788;0,0755;0,0097;-0,9940;;False
1850,92;30.3;PA019​;20250526_093943;1;FO2;-0,0436;1,3966;0,0966;-0,0807;0,0748;0,0093;-0,9939;;False
1850,94;30.31;PA019​;20250526_093943;1;FO2;-0,0434;1,3963;0,0968;-0,0825;0,0737;0,0094;-0,9938;;False
1850,95;30.33;PA019​;20250526_093943;1;FO2;-0,0428;1,3964;0,0971;-0,0822;0,0734;0,0100;-0,9939;;False
1850,97;30.34;PA019​;20250526_093943;1;FO2;-0,0424;1,3965;0,0974;-0,0816;0,0731;0,0104;-0,9939;;False
1850,99;30.37;PA019​;20250526_093943;1;FO2;-0,0417;1,3973;0,0976;-0,0790;0,0728;0,0123;-0,9941;;False
1851,00;30.38;PA019​;20250526_093943;1;FO2;-0,0415;1,3980;0,0975;-0,0762;0,0727;0,0134;-0,9944;;False
1851,02;30.39;PA019​;20250526_093943;1;FO2;-0,0411;1,3987;0,0974;-0,0730;0,0725;0,0145;-0,9946;;False
1851,03;30.41;PA019​;20250526_093943;1;FO2;-0,0408;1,3992;0,0971;-0,0708;0,0723;0,0155;-0,9947;;False
1851,05;30.42;PA019​;20250526_093943;1;FO2;-0,0405;1,3996;0,0969;-0,0692;0,0718;0,0159;-0,9949;;False
1851,06;30.44;PA019​;20250526_093943;1;FO2;-0,0401;1,3999;0,0966;-0,0678;0,0715;0,0162;-0,9950;;False
1851,08;30.45;PA019​;20250526_093943;1;FO2;-0,0397;1,4002;0,0964;-0,0665;0,0710;0,0167;-0,9951;;False
1851,09;30.47;PA019​;20250526_093943;1;FO2;-0,0394;1,4007;0,0960;-0,0640;0,0703;0,0176;-0,9953;;False
1851,11;30.48;PA019​;20250526_093943;1;FO2;-0,0390;1,4015;0,0956;-0,0615;0,0694;0,0186;-0,9955;;False
1851,12;30.5;PA019​;20250526_093943;1;FO2;-0,0386;1,4025;0,0952;-0,0583;0,0684;0,0196;-0,9958;;False
1851,14;30.51;PA019​;20250526_093943;1;FO2;-0,0380;1,4039;0,0941;-0,0518;0,0662;0,0215;-0,9962;;False
1851,15;30.53;PA019​;20250526_093943;1;FO2;-0,0377;1,4048;0,0935;-0,0479;0,0650;0,0220;-0,9965;;False
1851,17;30.54;PA019​;20250526_093943;1;FO2;-0,0375;1,4057;0,0928;-0,0445;0,0636;0,0223;-0,9967;;False
1851,18;30.56;PA019​;20250526_093943;1;FO2;-0,0371;1,4066;0,0920;-0,0409;0,0620;0,0227;-0,9970;;False
1851,20;30.57;PA019​;20250526_093943;1;FO2;-0,0365;1,4078;0,0910;-0,0349;0,0600;0,0227;-0,9973;;False
1851,22;30.59;PA019​;20250526_093943;1;FO2;-0,0358;1,4096;0,0900;-0,0278;0,0571;0,0226;-0,9977;;False
1851,23;30.61;PA019​;20250526_093943;1;FO2;-0,0352;1,4119;0,0889;-0,0191;0,0534;0,0224;-0,9981;;False
1851,25;30.62;PA019​;20250526_093943;1;FO2;-0,0344;1,4142;0,0874;-0,0087;0,0489;0,0218;-0,9985;;False
1851,26;30.64;PA019​;20250526_093943;1;FO2;-0,0332;1,4171;0,0857;0,0023;0,0422;0,0217;-0,9989;;False
1851,28;30.65;PA019​;20250526_093943;1;FO2;-0,0304;1,4230;0,0820;0,0242;0,0283;0,0208;-0,9991;;False
1851,29;30.67;PA019​;20250526_093943;1;FO2;-0,0282;1,4262;0,0794;0,0395;0,0164;0,0193;-0,9989;;False
1851,31;30.68;PA019​;20250526_093943;1;FO2;-0,0257;1,4297;0,0770;0,0540;0,0031;0,0170;-0,9984;;False
1851,32;30.7;PA019​;20250526_093943;1;FO2;-0,0236;1,4326;0,0743;0,0660;-0,0103;0,0137;-0,9977;;False
1851,34;30.71;PA019​;20250526_093943;1;FO2;-0,0219;1,4345;0,0718;0,0757;-0,0219;0,0111;-0,9968;;False
1851,35;30.73;PA019​;20250526_093943;1;FO2;-0,0203;1,4362;0,0694;0,0836;-0,0313;0,0095;-0,9960;;False
1851,37;30.74;PA019​;20250526_093943;1;FO2;-0,0189;1,4377;0,0676;0,0889;-0,0388;0,0087;-0,9952;;False
1851,38;30.76;PA019​;20250526_093943;1;FO2;-0,0179;1,4389;0,0660;0,0923;-0,0439;0,0091;-0,9947;;False
1851,40;30.77;PA019​;20250526_093943;1;FO2;-0,0171;1,4397;0,0645;0,0944;-0,0474;0,0098;-0,9944;;False
1851,41;30.79;PA019​;20250526_093943;1;FO2;-0,0165;1,4400;0,0634;0,0941;-0,0474;0,0111;-0,9944;;False
1851,43;30.8;PA019​;20250526_093943;1;FO2;-0,0158;1,4400;0,0619;0,0934;-0,0482;0,0138;-0,9944;;False
1851,44;30.82;PA019​;20250526_093943;1;FO2;-0,0155;1,4396;0,0623;0,0901;-0,0431;0,0161;-0,9949;;False
1851,46;30.83;PA019​;20250526_093943;1;FO2;-0,0153;1,4393;0,0629;0,0880;-0,0383;0,0182;-0,9952;;False
1851,47;30.85;PA019​;20250526_093943;1;FO2;-0,0152;1,4390;0,0636;0,0868;-0,0334;0,0204;-0,9955;;False
1851,49;30.86;PA019​;20250526_093943;1;FO2;-0,0148;1,4393;0,0626;0,0853;-0,0291;0,0224;-0,9957;;False
1851,50;30.88;PA019​;20250526_093943;1;FO2;-0,0155;1,4378;0,0651;0,0828;-0,0253;0,0241;-0,9960;;False
1851,52;30.89;PA019​;20250526_093943;1;FO2;-0,0155;1,4370;0,0659;0,0800;-0,0215;0,0262;-0,9962;;False
1851,53;30.91;PA019​;20250526_093943;1;FO2;-0,0155;1,4362;0,0668;0,0771;-0,0187;0,0281;-0,9965;;False
1851,55;30.92;PA019​;20250526_093943;1;FO2;-0,0156;1,4353;0,0675;0,0738;-0,0171;0,0289;-0,9967;;False
1851,56;30.93;PA019​;20250526_093943;1;FO2;-0,0157;1,4346;0,0683;0,0701;-0,0158;0,0292;-0,9970;;False
1851,57;30.95;PA019​;20250526_093943;1;FO2;-0,0156;1,4338;0,0689;0,0670;-0,0147;0,0297;-0,9972;;False
1851,59;30.96;PA019​;20250526_093943;1;FO2;-0,0159;1,4334;0,0695;0,0645;-0,0141;0,0291;-0,9974;;False
1851,60;30.98;PA019​;20250526_093943;1;FO2;-0,0161;1,4331;0,0700;0,0633;-0,0132;0,0294;-0,9975;;False
1851,62;30.99;PA019​;20250526_093943;1;FO2;-0,0162;1,4329;0,0705;0,0626;-0,0128;0,0298;-0,9975;;False
1851,63;31.01;PA019​;20250526_093943;1;FO2;-0,0165;1,4327;0,0709;0,0616;-0,0126;0,0296;-0,9976;;False
1851,65;31.02;PA019​;20250526_093943;1;FO2;-0,0167;1,4324;0,0712;0,0607;-0,0125;0,0294;-0,9976;;False
1851,67;31.04;PA019​;20250526_093943;1;FO2;-0,0173;1,4320;0,0718;0,0576;-0,0121;0,0295;-0,9978;;False
1851,68;31.06;PA019​;20250526_093943;1;FO2;-0,0174;1,4318;0,0721;0,0563;-0,0122;0,0296;-0,9979;;False
1851,70;31.07;PA019​;20250526_093943;1;FO2;-0,0176;1,4316;0,0727;0,0552;-0,0124;0,0297;-0,9980;;False
1851,71;31.08;PA019​;20250526_093943;1;FO2;-0,0177;1,4313;0,0730;0,0541;-0,0130;0,0305;-0,9980;;False
1851,72;31.1;PA019​;20250526_093943;1;FO2;-0,0178;1,4310;0,0734;0,0535;-0,0138;0,0308;-0,9980;;False
1851,74;31.11;PA019​;20250526_093943;1;FO2;-0,0179;1,4308;0,0738;0,0526;-0,0146;0,0315;-0,9980;;False
1851,75;31.13;PA019​;20250526_093943;1;FO2;-0,0180;1,4306;0,0743;0,0514;-0,0152;0,0322;-0,9980;;False
1851,77;31.14;PA019​;20250526_093943;1;FO2;-0,0180;1,4304;0,0746;0,0509;-0,0160;0,0330;-0,9980;;False
1851,78;31.16;PA019​;20250526_093943;1;FO2;-0,0180;1,4300;0,0751;0,0496;-0,0163;0,0333;-0,9981;;False
1851,80;31.17;PA019​;20250526_093943;1;FO2;-0,0181;1,4296;0,0755;0,0477;-0,0161;0,0337;-0,9982;;False
1851,81;31.19;PA019​;20250526_093943;1;FO2;-0,0183;1,4293;0,0761;0,0453;-0,0152;0,0341;-0,9983;;False
1851,83;31.2;PA019​;20250526_093943;1;FO2;-0,0186;1,4291;0,0767;0,0433;-0,0138;0,0347;-0,9984;;False
1851,84;31.22;PA019​;20250526_093943;1;FO2;-0,0190;1,4290;0,0772;0,0418;-0,0113;0,0349;-0,9984;;False
1851,86;31.23;PA019​;20250526_093943;1;FO2;-0,0196;1,4290;0,0779;0,0410;-0,0075;0,0347;-0,9985;;False
1851,87;31.25;PA019​;20250526_093943;1;FO2;-0,0204;1,4293;0,0785;0,0412;-0,0027;0,0347;-0,9985;;False
1851,89;31.26;PA019​;20250526_093943;1;FO2;-0,0211;1,4296;0,0791;0,0427;0,0030;0,0356;-0,9984;;False
1851,90;31.28;PA019​;20250526_093943;1;FO2;-0,0230;1,4295;0,0797;0,0434;0,0131;0,0367;-0,9983;;False
1851,92;31.29;PA019​;20250526_093943;1;FO2;-0,0239;1,4295;0,0795;0,0432;0,0198;0,0378;-0,9982;;False
1851,93;31.3;PA019​;20250526_093943;1;FO2;-0,0243;1,4300;0,0794;0,0440;0,0260;0,0395;-0,9979;;False
1851,95;31.32;PA019​;20250526_093943;1;FO2;-0,0248;1,4307;0,0794;0,0467;0,0294;0,0412;-0,9976;;False
1851,96;31.33;PA019​;20250526_093943;1;FO2;-0,0250;1,4312;0,0791;0,0490;0,0312;0,0427;-0,9974;;False
1851,98;31.35;PA019​;20250526_093943;1;FO2;-0,0249;1,4312;0,0789;0,0513;0,0313;0,0432;-0,9973;;False
1851,99;31.37;PA019​;20250526_093943;1;FO2;-0,0247;1,4317;0,0787;0,0524;0,0302;0,0435;-0,9972;;False
1852,01;31.38;PA019​;20250526_093943;1;FO2;-0,0243;1,4320;0,0787;0,0545;0,0279;0,0441;-0,9971;;False
1852,02;31.4;PA019​;20250526_093943;1;FO2;-0,0239;1,4321;0,0786;0,0561;0,0247;0,0437;-0,9972;;False
1852,04;31.41;PA019​;20250526_093943;1;FO2;-0,0234;1,4321;0,0785;0,0568;0,0207;0,0433;-0,9972;;False
1852,05;31.43;PA019​;20250526_093943;1;FO2;-0,0230;1,4322;0,0785;0,0569;0,0167;0,0431;-0,9973;;False
1852,07;31.44;PA019​;20250526_093943;1;FO2;-0,0222;1,4322;0,0786;0,0578;0,0105;0,0426;-0,9974;;False
1852,08;31.46;PA019​;20250526_093943;1;FO2;-0,0220;1,4321;0,0787;0,0578;0,0074;0,0420;-0,9974;;False
1852,10;31.47;PA019​;20250526_093943;1;FO2;-0,0219;1,4318;0,0789;0,0576;0,0053;0,0421;-0,9974;;False
1852,11;31.49;PA019​;20250526_093943;1;FO2;-0,0217;1,4315;0,0792;0,0571;0,0040;0,0428;-0,9974;;False
1852,13;31.5;PA019​;20250526_093943;1;FO2;-0,0216;1,4315;0,0796;0,0565;0,0026;0,0431;-0,9975;;False
1852,14;31.52;PA019​;20250526_093943;1;FO2;-0,0214;1,4314;0,0800;0,0567;0,0018;0,0433;-0,9974;;False
1852,16;31.53;PA019​;20250526_093943;1;FO2;-0,0213;1,4314;0,0805;0,0567;0,0012;0,0439;-0,9974;;False
1852,17;31.54;PA019​;20250526_093943;1;FO2;-0,0211;1,4312;0,0810;0,0567;0,0007;0,0445;-0,9974;;False
1852,19;31.56;PA019​;20250526_093943;1;FO2;-0,0210;1,4311;0,0815;0,0566;-0,0001;0,0449;-0,9974;;False
1852,20;31.57;PA019​;20250526_093943;1;FO2;-0,0207;1,4310;0,0820;0,0568;-0,0008;0,0453;-0,9974;;False
1852,21;31.59;PA019​;20250526_093943;1;FO2;-0,0204;1,4308;0,0824;0,0564;-0,0016;0,0454;-0,9974;;False
1852,23;31.6;PA019​;20250526_093943;1;FO2;-0,0202;1,4305;0,0829;0,0562;-0,0029;0,0458;-0,9974;;False
1852,24;31.62;PA019​;20250526_093943;1;FO2;-0,0198;1,4303;0,0833;0,0555;-0,0042;0,0462;-0,9974;;False
1852,26;31.63;PA019​;20250526_093943;1;FO2;-0,0196;1,4302;0,0838;0,0554;-0,0057;0,0466;-0,9974;;False
1852,27;31.65;PA019​;20250526_093943;1;FO2;-0,0192;1,4301;0,0842;0,0554;-0,0067;0,0470;-0,9973;;False
1852,29;31.66;PA019​;20250526_093943;1;FO2;-0,0191;1,4300;0,0846;0,0554;-0,0075;0,0472;-0,9973;;False
1852,30;31.68;PA019​;20250526_093943;1;FO2;-0,0187;1,4297;0,0852;0,0551;-0,0086;0,0474;-0,9973;;False
1852,32;31.69;PA019​;20250526_093943;1;FO2;-0,0186;1,4297;0,0855;0,0544;-0,0085;0,0472;-0,9974;;False
1852,33;31.71;PA019​;20250526_093943;1;FO2;-0,0185;1,4297;0,0857;0,0544;-0,0082;0,0474;-0,9974;;False
1852,35;31.72;PA019​;20250526_093943;1;FO2;-0,0185;1,4297;0,0858;0,0544;-0,0077;0,0477;-0,9974;;False
1852,36;31.74;PA019​;20250526_093943;1;FO2;-0,0185;1,4297;0,0860;0,0542;-0,0073;0,0478;-0,9974;;False
1852,38;31.75;PA019​;20250526_093943;1;FO2;-0,0184;1,4295;0,0862;0,0545;-0,0067;0,0476;-0,9974;;False
1852,39;31.77;PA019​;20250526_093943;1;FO2;-0,0184;1,4295;0,0862;0,0545;-0,0062;0,0477;-0,9974;;False
1852,41;31.78;PA019​;20250526_093943;1;FO2;-0,0184;1,4293;0,0861;0,0543;-0,0059;0,0479;-0,9974;;False
1852,42;31.8;PA019​;20250526_093943;1;FO2;-0,0184;1,4293;0,0861;0,0537;-0,0061;0,0479;-0,9974;;False
1852,44;31.81;PA019​;20250526_093943;1;FO2;-0,0184;1,4292;0,0861;0,0535;-0,0062;0,0480;-0,9974;;False
1852,45;31.83;PA019​;20250526_093943;1;FO2;-0,0184;1,4291;0,0862;0,0534;-0,0067;0,0483;-0,9974;;False
1852,47;31.84;PA019​;20250526_093943;1;FO2;-0,0183;1,4291;0,0862;0,0535;-0,0068;0,0483;-0,9974;;False
1852,48;31.86;PA019​;20250526_093943;1;FO2;-0,0183;1,4291;0,0863;0,0538;-0,0072;0,0485;-0,9973;;False
1852,50;31.87;PA019​;20250526_093943;1;FO2;-0,0183;1,4291;0,0863;0,0536;-0,0074;0,0483;-0,9974;;False
1852,51;31.89;PA019​;20250526_093943;1;FO2;-0,0183;1,4290;0,0865;0,0535;-0,0077;0,0482;-0,9974;;False
1852,53;31.9;PA019​;20250526_093943;1;FO2;-0,0183;1,4289;0,0865;0,0534;-0,0081;0,0487;-0,9973;;False
1852,54;31.92;PA019​;20250526_093943;1;FO2;-0,0184;1,4289;0,0864;0,0532;-0,0082;0,0491;-0,9973;;False
1852,56;31.93;PA019​;20250526_093943;1;FO2;-0,0185;1,4288;0,0864;0,0535;-0,0081;0,0486;-0,9973;;False
1852,57;31.95;PA019​;20250526_093943;1;FO2;-0,0186;1,4288;0,0863;0,0530;-0,0081;0,0482;-0,9974;;False
1852,59;31.96;PA019​;20250526_093943;1;FO2;-0,0187;1,4287;0,0862;0,0529;-0,0079;0,0482;-0,9974;;False
1852,60;31.98;PA019​;20250526_093943;1;FO2;-0,0188;1,4286;0,0862;0,0525;-0,0077;0,0479;-0,9974;;False
1852,62;31.99;PA019​;20250526_093943;1;FO2;-0,0189;1,4286;0,0862;0,0527;-0,0077;0,0475;-0,9975;;False
1852,63;32.01;PA019​;20250526_093943;1;FO2;-0,0189;1,4286;0,0863;0,0528;-0,0079;0,0472;-0,9975;;False
1852,65;32.02;PA019​;20250526_093943;1;FO2;-0,0188;1,4285;0,0864;0,0526;-0,0082;0,0471;-0,9975;;False
1852,66;32.04;PA019​;20250526_093943;1;FO2;-0,0188;1,4285;0,0864;0,0525;-0,0083;0,0473;-0,9975;;False
1852,68;32.05;PA019​;20250526_093943;1;FO2;-0,0188;1,4284;0,0864;0,0520;-0,0086;0,0474;-0,9975;;False
1852,69;32.07;PA019​;20250526_093943;1;FO2;-0,0188;1,4284;0,0864;0,0517;-0,0087;0,0476;-0,9975;;False
1852,71;32.08;PA019​;20250526_093943;1;FO2;-0,0187;1,4283;0,0864;0,0518;-0,0088;0,0478;-0,9975;;False
1852,73;32.1;PA019​;20250526_093943;1;FO2;-0,0187;1,4283;0,0864;0,0518;-0,0090;0,0481;-0,9975;;False
1852,74;32.12;PA019​;20250526_093943;1;FO2;-0,0186;1,4282;0,0863;0,0518;-0,0093;0,0487;-0,9974;;False
1852,76;32.13;PA019​;20250526_093943;1;FO2;-0,0184;1,4281;0,0860;0,0520;-0,0097;0,0491;-0,9974;;False
1852,77;32.15;PA019​;20250526_093943;1;FO2;-0,0183;1,4280;0,0858;0,0523;-0,0102;0,0491;-0,9974;;False
1852,79;32.16;PA019​;20250526_093943;1;FO2;-0,0182;1,4280;0,0857;0,0525;-0,0105;0,0492;-0,9974;;False
1852,80;32.18;PA019​;20250526_093943;1;FO2;-0,0181;1,4280;0,0856;0,0525;-0,0108;0,0491;-0,9974;;False
1852,82;32.19;PA019​;20250526_093943;1;FO2;-0,0180;1,4280;0,0855;0,0524;-0,0108;0,0492;-0,9974;;False
1852,83;32.21;PA019​;20250526_093943;1;FO2;-0,0179;1,4280;0,0854;0,0524;-0,0108;0,0491;-0,9974;;False
1852,85;32.22;PA019​;20250526_093943;1;FO2;-0,0179;1,4280;0,0853;0,0522;-0,0107;0,0492;-0,9974;;False
1852,86;32.24;PA019​;20250526_093943;1;FO2;-0,0180;1,4279;0,0853;0,0519;-0,0104;0,0494;-0,9974;;False
1852,88;32.25;PA019​;20250526_093943;1;FO2;-0,0180;1,4279;0,0852;0,0515;-0,0098;0,0496;-0,9974;;False
1852,89;32.27;PA019​;20250526_093943;1;FO2;-0,0181;1,4279;0,0852;0,0511;-0,0090;0,0497;-0,9974;;False
1852,91;32.28;PA019​;20250526_093943;1;FO2;-0,0183;1,4278;0,0852;0,0510;-0,0087;0,0500;-0,9974;;False
1852,92;32.3;PA019​;20250526_093943;1;FO2;-0,0185;1,4278;0,0852;0,0512;-0,0085;0,0500;-0,9974;;False
1852,94;32.31;PA019​;20250526_093943;1;FO2;-0,0186;1,4278;0,0852;0,0513;-0,0080;0,0500;-0,9974;;False
1852,95;32.33;PA019​;20250526_093943;1;FO2;-0,0188;1,4278;0,0852;0,0513;-0,0076;0,0499;-0,9974;;False
1852,97;32.34;PA019​;20250526_093943;1;FO2;-0,0189;1,4278;0,0852;0,0510;-0,0075;0,0497;-0,9974;;False
1852,98;32.36;PA019​;20250526_093943;1;FO2;-0,0190;1,4278;0,0852;0,0511;-0,0074;0,0497;-0,9974;;False
1853,00;32.37;PA019​;20250526_093943;1;FO2;-0,0191;1,4279;0,0854;0,0512;-0,0076;0,0493;-0,9974;;False
1853,01;32.39;PA019​;20250526_093943;1;FO2;-0,0192;1,4279;0,0855;0,0512;-0,0077;0,0493;-0,9974;;False
1853,03;32.4;PA019​;20250526_093943;1;FO2;-0,0193;1,4279;0,0857;0,0510;-0,0081;0,0489;-0,9975;;False
1853,04;32.42;PA019​;20250526_093943;1;FO2;-0,0193;1,4278;0,0858;0,0509;-0,0085;0,0490;-0,9975;;False
1853,06;32.43;PA019​;20250526_093943;1;FO2;-0,0194;1,4278;0,0859;0,0512;-0,0087;0,0489;-0,9975;;False
1853,07;32.45;PA019​;20250526_093943;1;FO2;-0,0195;1,4277;0,0860;0,0508;-0,0089;0,0487;-0,9975;;False
1853,09;32.46;PA019​;20250526_093943;1;FO2;-0,0196;1,4277;0,0861;0,0501;-0,0091;0,0491;-0,9975;;False
1853,10;32.48;PA019​;20250526_093943;1;FO2;-0,0196;1,4276;0,0862;0,0496;-0,0089;0,0493;-0,9975;;False
1853,12;32.49;PA019​;20250526_093943;1;FO2;-0,0197;1,4274;0,0864;0,0487;-0,0088;0,0488;-0,9976;;False
1853,13;32.5;PA019​;20250526_093943;1;FO2;-0,0198;1,4272;0,0865;0,0479;-0,0084;0,0486;-0,9976;;False
1853,14;32.52;PA019​;20250526_093943;1;FO2;-0,0200;1,4270;0,0866;0,0470;-0,0084;0,0484;-0,9977;;False
1853,16;32.53;PA019​;20250526_093943;1;FO2;-0,0201;1,4269;0,0868;0,0463;-0,0086;0,0483;-0,9977;;False
1853,17;32.55;PA019​;20250526_093943;1;FO2;-0,0202;1,4268;0,0870;0,0460;-0,0086;0,0483;-0,9977;;False
1853,19;32.56;PA019​;20250526_093943;1;FO2;-0,0202;1,4267;0,0872;0,0456;-0,0088;0,0478;-0,9978;;False
1853,20;32.58;PA019​;20250526_093943;1;FO2;-0,0202;1,4266;0,0874;0,0450;-0,0089;0,0477;-0,9978;;False
1853,22;32.59;PA019​;20250526_093943;1;FO2;-0,0203;1,4265;0,0876;0,0443;-0,0088;0,0476;-0,9978;;False
1853,23;32.61;PA019​;20250526_093943;1;FO2;-0,0203;1,4263;0,0878;0,0436;-0,0087;0,0474;-0,9979;;False
1853,25;32.62;PA019​;20250526_093943;1;FO2;-0,0203;1,4261;0,0880;0,0432;-0,0084;0,0471;-0,9979;;False
1853,26;32.63;PA019​;20250526_093943;1;FO2;-0,0204;1,4259;0,0882;0,0429;-0,0082;0,0469;-0,9979;;False
1853,28;32.65;PA019​;20250526_093943;1;FO2;-0,0204;1,4258;0,0884;0,0426;-0,0081;0,0472;-0,9979;;False
1853,29;32.66;PA019​;20250526_093943;1;FO2;-0,0205;1,4255;0,0888;0,0418;-0,0083;0,0475;-0,9980;;False
1853,31;32.68;PA019​;20250526_093943;1;FO2;-0,0205;1,4255;0,0890;0,0416;-0,0084;0,0476;-0,9980;;False
1853,32;32.7;PA019​;20250526_093943;1;FO2;-0,0205;1,4254;0,0893;0,0415;-0,0082;0,0475;-0,9980;;False
1853,34;32.71;PA019​;20250526_093943;1;FO2;-0,0206;1,4254;0,0896;0,0414;-0,0081;0,0475;-0,9980;;False
1853,35;32.73;PA019​;20250526_093943;1;FO2;-0,0206;1,4254;0,0897;0,0414;-0,0079;0,0476;-0,9980;;False
1853,37;32.74;PA019​;20250526_093943;1;FO2;-0,0206;1,4254;0,0899;0,0415;-0,0079;0,0478;-0,9980;;False
1853,38;32.76;PA019​;20250526_093943;1;FO2;-0,0207;1,4254;0,0900;0,0416;-0,0080;0,0479;-0,9980;;False
1853,40;32.77;PA019​;20250526_093943;1;FO2;-0,0207;1,4255;0,0902;0,0418;-0,0082;0,0480;-0,9979;;False
1853,41;32.79;PA019​;20250526_093943;1;FO2;-0,0208;1,4255;0,0905;0,0419;-0,0085;0,0480;-0,9979;;False
1853,43;32.8;PA019​;20250526_093943;1;FO2;-0,0208;1,4255;0,0906;0,0419;-0,0090;0,0480;-0,9979;;False
1853,45;32.82;PA019​;20250526_093943;1;FO2;-0,0208;1,4255;0,0908;0,0418;-0,0092;0,0478;-0,9979;;False
1853,46;32.84;PA019​;20250526_093943;1;FO2;-0,0208;1,4254;0,0910;0,0416;-0,0096;0,0477;-0,9979;;False
1853,48;32.85;PA019​;20250526_093943;1;FO2;-0,0208;1,4254;0,0912;0,0415;-0,0095;0,0477;-0,9980;;False
1853,49;32.86;PA019​;20250526_093943;1;FO2;-0,0208;1,4253;0,0914;0,0413;-0,0095;0,0477;-0,9980;;False
1853,51;32.88;PA019​;20250526_093943;1;FO2;-0,0209;1,4252;0,0916;0,0411;-0,0094;0,0477;-0,9980;;False
1853,52;32.9;PA019​;20250526_093943;1;FO2;-0,0209;1,4252;0,0917;0,0407;-0,0093;0,0477;-0,9980;;False
1853,54;32.91;PA019​;20250526_093943;1;FO2;-0,0209;1,4252;0,0919;0,0407;-0,0092;0,0478;-0,9980;;False
1853,55;32.93;PA019​;20250526_093943;1;FO2;-0,0210;1,4251;0,0921;0,0406;-0,0089;0,0478;-0,9980;;False
1853,57;32.94;PA019​;20250526_093943;1;FO2;-0,0210;1,4250;0,0922;0,0404;-0,0089;0,0481;-0,9980;;False
1853,58;32.96;PA019​;20250526_093943;1;FO2;-0,0210;1,4250;0,0925;0,0403;-0,0089;0,0483;-0,9980;;False
1853,60;32.97;PA019​;20250526_093943;1;FO2;-0,0210;1,4250;0,0927;0,0404;-0,0088;0,0482;-0,9980;;False
1853,61;32.99;PA019​;20250526_093943;1;FO2;-0,0210;1,4249;0,0929;0,0402;-0,0089;0,0482;-0,9980;;False
1853,63;33.0;PA019​;20250526_093943;1;FO2;-0,0210;1,4249;0,0932;0,0398;-0,0090;0,0485;-0,9980;;False
1853,65;33.02;PA019​;20250526_093943;1;FO2;-0,0210;1,4249;0,0935;0,0395;-0,0091;0,0486;-0,9980;;False
1853,66;33.04;PA019​;20250526_093943;1;FO2;-0,0210;1,4248;0,0937;0,0393;-0,0091;0,0483;-0,9980;;False
1853,68;33.05;PA019​;20250526_093943;1;FO2;-0,0209;1,4247;0,0938;0,0390;-0,0092;0,0484;-0,9980;;False
1853,69;33.07;PA019​;20250526_093943;1;FO2;-0,0208;1,4246;0,0939;0,0389;-0,0095;0,0486;-0,9980;;False
1853,71;33.08;PA019​;20250526_093943;1;FO2;-0,0207;1,4244;0,0942;0,0385;-0,0099;0,0488;-0,9980;;False
1853,72;33.1;PA019​;20250526_093943;1;FO2;-0,0207;1,4244;0,0944;0,0385;-0,0101;0,0489;-0,9980;;False
1853,74;33.11;PA019​;20250526_093943;1;FO2;-0,0207;1,4244;0,0945;0,0383;-0,0105;0,0489;-0,9980;;False
1853,75;33.13;PA019​;20250526_093943;1;FO2;-0,0206;1,4243;0,0946;0,0378;-0,0106;0,0490;-0,9980;;False
1853,77;33.14;PA019​;20250526_093943;1;FO2;-0,0205;1,4242;0,0947;0,0374;-0,0109;0,0490;-0,9980;;False
1853,78;33.16;PA019​;20250526_093943;1;FO2;-0,0204;1,4241;0,0948;0,0376;-0,0112;0,0491;-0,9980;;False
1853,80;33.17;PA019​;20250526_093943;1;FO2;-0,0202;1,4241;0,0949;0,0374;-0,0116;0,0490;-0,9980;;False
1853,81;33.19;PA019​;20250526_093943;1;FO2;-0,0201;1,4240;0,0950;0,0373;-0,0119;0,0491;-0,9980;;False
1853,83;33.2;PA019​;20250526_093943;1;FO2;-0,0200;1,4239;0,0951;0,0370;-0,0119;0,0491;-0,9980;;False
1853,84;33.21;PA019​;20250526_093943;1;FO2;-0,0199;1,4238;0,0952;0,0368;-0,0120;0,0493;-0,9980;;False
1853,85;33.23;PA019​;20250526_093943;1;FO2;-0,0198;1,4238;0,0953;0,0365;-0,0120;0,0495;-0,9980;;False
1853,87;33.24;PA019​;20250526_093943;1;FO2;-0,0198;1,4237;0,0954;0,0362;-0,0120;0,0495;-0,9980;;False
1853,88;33.26;PA019​;20250526_093943;1;FO2;-0,0198;1,4237;0,0955;0,0360;-0,0119;0,0496;-0,9980;;False
1853,90;33.27;PA019​;20250526_093943;1;FO2;-0,0198;1,4236;0,0955;0,0359;-0,0119;0,0495;-0,9981;;False
1853,91;33.29;PA019​;20250526_093943;1;FO2;-0,0199;1,4236;0,0956;0,0361;-0,0112;0,0492;-0,9981;;False
1853,93;33.3;PA019​;20250526_093943;1;FO2;-0,0202;1,4236;0,0957;0,0362;-0,0097;0,0487;-0,9981;;False
1853,94;33.32;PA019​;20250526_093943;1;FO2;-0,0205;1,4237;0,0957;0,0359;-0,0084;0,0486;-0,9981;;False
1853,96;33.33;PA019​;20250526_093943;1;FO2;-0,0210;1,4237;0,0957;0,0353;-0,0072;0,0483;-0,9982;;False
1853,97;33.35;PA019​;20250526_093943;1;FO2;-0,0221;1,4238;0,0955;0,0342;-0,0054;0,0478;-0,9983;;False
1853,99;33.36;PA019​;20250526_093943;1;FO2;-0,0227;1,4240;0,0953;0,0332;-0,0032;0,0461;-0,9984;;False
1854,00;33.38;PA019​;20250526_093943;1;FO2;-0,0234;1,4241;0,0951;0,0318;-0,0006;0,0436;-0,9985;;False
1854,02;33.39;PA019​;20250526_093943;1;FO2;-0,0240;1,4240;0,0948;0,0291;0,0016;0,0412;-0,9987;;False
1854,03;33.41;PA019​;20250526_093943;1;FO2;-0,0244;1,4235;0,0945;0,0248;0,0036;0,0390;-0,9989;;False
1854,05;33.42;PA019​;20250526_093943;1;FO2;-0,0247;1,4226;0,0941;0,0183;0,0046;0,0370;-0,9991;;False
1854,06;33.44;PA019​;20250526_093943;1;FO2;-0,0247;1,4211;0,0938;0,0090;0,0042;0,0360;-0,9993;;False
1854,08;33.45;PA019​;20250526_093943;1;FO2;-0,0243;1,4191;0,0935;-0,0029;0,0025;0,0343;-0,9994;;False
1854,09;33.47;PA019​;20250526_093943;1;FO2;-0,0238;1,4169;0,0931;-0,0173;-0,0009;0,0319;-0,9993;;False
1854,11;33.48;PA019​;20250526_093943;1;FO2;-0,0228;1,4143;0,0928;-0,0336;-0,0061;0,0308;-0,9989;;False
1854,12;33.5;PA019​;20250526_093943;1;FO2;-0,0214;1,4116;0,0927;-0,0508;-0,0130;0,0293;-0,9982;;False
1854,13;33.51;PA019​;20250526_093943;1;FO2;-0,0198;1,4087;0,0925;-0,0685;-0,0214;0,0276;-0,9970;;False
1854,15;33.52;PA019​;20250526_093943;1;FO2;-0,0181;1,4058;0,0923;-0,0873;-0,0316;0,0258;-0,9953;;False
1854,16;33.54;PA019​;20250526_093943;1;FO2;-0,0140;1,3994;0,0916;-0,1241;-0,0509;0,0224;-0,9907;;False
1854,18;33.56;PA019​;20250526_093943;1;FO2;-0,0114;1,3961;0,0910;-0,1456;-0,0645;0,0197;-0,9870;;False
1854,20;33.57;PA019​;20250526_093943;1;FO2;-0,0086;1,3927;0,0902;-0,1668;-0,0773;0,0158;-0,9828;;False
1854,21;33.59;PA019​;20250526_093943;1;FO2;-0,0054;1,3893;0,0897;-0,1874;-0,0877;0,0098;-0,9783;;False
1854,23;33.6;PA019​;20250526_093943;1;FO2;-0,0028;1,3864;0,0894;-0,2044;-0,0966;0,0026;-0,9741;;False
1854,24;33.62;PA019​;20250526_093943;1;FO2;-0,0008;1,3837;0,0894;-0,2208;-0,1037;-0,0019;-0,9698;;False
1854,26;33.63;PA019​;20250526_093943;1;FO2;0,0009;1,3807;0,0891;-0,2358;-0,1097;-0,0041;-0,9656;;False
1854,27;33.64;PA019​;20250526_093943;1;FO2;0,0026;1,3781;0,0891;-0,2480;-0,1140;-0,0053;-0,9620;;False
1854,28;33.66;PA019​;20250526_093943;1;FO2;0,0041;1,3761;0,0896;-0,2581;-0,1179;-0,0063;-0,9589;;False
1854,30;33.68;PA019​;20250526_093943;1;FO2;0,0048;1,3741;0,0898;-0,2647;-0,1206;-0,0067;-0,9567;;False
1854,32;33.69;PA019​;20250526_093943;1;FO2;0,0054;1,3724;0,0900;-0,2719;-0,1218;-0,0063;-0,9546;;False
1854,33;33.71;PA019​;20250526_093943;1;FO2;0,0059;1,3692;0,0907;-0,2866;-0,1236;-0,0086;-0,9500;;False
1854,35;33.73;PA019​;20250526_093943;1;FO2;0,0054;1,3684;0,0914;-0,2882;-0,1205;-0,0086;-0,9499;;False
1854,37;33.74;PA019​;20250526_093943;1;FO2;0,0047;1,3679;0,0922;-0,2892;-0,1167;-0,0071;-0,9501;;False
1854,38;33.76;PA019​;20250526_093943;1;FO2;0,0038;1,3674;0,0927;-0,2904;-0,1129;-0,0064;-0,9502;;False
1854,40;33.77;PA019​;20250526_093943;1;FO2;0,0028;1,3670;0,0933;-0,2919;-0,1084;-0,0062;-0,9503;;False
1854,41;33.79;PA019​;20250526_093943;1;FO2;0,0017;1,3665;0,0937;-0,2934;-0,1038;-0,0061;-0,9503;;False
1854,43;33.8;PA019​;20250526_093943;1;FO2;0,0004;1,3659;0,0941;-0,2947;-0,0986;-0,0068;-0,9505;;False
1854,44;33.82;PA019​;20250526_093943;1;FO2;-0,0022;1,3650;0,0952;-0,2993;-0,0892;-0,0081;-0,9499;;False
1854,46;33.83;PA019​;20250526_093943;1;FO2;-0,0037;1,3641;0,0954;-0,3017;-0,0840;-0,0094;-0,9497;;False
1854,47;33.85;PA019​;20250526_093943;1;FO2;-0,0052;1,3633;0,0958;-0,3042;-0,0789;-0,0108;-0,9493;;False
1854,49;33.87;PA019​;20250526_093943;1;FO2;-0,0064;1,3627;0,0963;-0,3065;-0,0743;-0,0117;-0,9489;;False
1854,51;33.88;PA019​;20250526_093943;1;FO2;-0,0078;1,3621;0,0969;-0,3083;-0,0701;-0,0130;-0,9486;;False
1854,52;33.9;PA019​;20250526_093943;1;FO2;-0,0089;1,3615;0,0975;-0,3099;-0,0653;-0,0138;-0,9484;;False
1854,54;33.91;PA019​;20250526_093943;1;FO2;-0,0101;1,3608;0,0981;-0,3112;-0,0616;-0,0144;-0,9482;;False
1854,55;33.93;PA019​;20250526_093943;1;FO2;-0,0122;1,3595;0,0994;-0,3145;-0,0537;-0,0158;-0,9476;;False
1854,57;33.95;PA019​;20250526_093943;1;FO2;-0,0131;1,3591;0,1001;-0,3156;-0,0511;-0,0171;-0,9474;;False
1854,59;33.96;PA019​;20250526_093943;1;FO2;-0,0137;1,3586;0,1006;-0,3162;-0,0495;-0,0180;-0,9472;;False
1854,60;33.98;PA019​;20250526_093943;1;FO2;-0,0143;1,3581;0,1010;-0,3167;-0,0480;-0,0193;-0,9471;;False
1854,62;34.0;PA019​;20250526_093943;1;FO2;-0,0150;1,3578;0,1015;-0,3174;-0,0469;-0,0207;-0,9469;;False
1854,64;34.01;PA019​;20250526_093943;1;FO2;-0,0156;1,3573;0,1019;-0,3182;-0,0454;-0,0218;-0,9467;;False
1854,65;34.03;PA019​;20250526_093943;1;FO2;-0,0167;1,3565;0,1026;-0,3202;-0,0425;-0,0240;-0,9461;;False
1854,67;34.04;PA019​;20250526_093943;1;FO2;-0,0171;1,3562;0,1028;-0,3215;-0,0416;-0,0253;-0,9456;;False
1854,68;34.06;PA019​;20250526_093943;1;FO2;-0,0175;1,3558;0,1030;-0,3229;-0,0407;-0,0260;-0,9452;;False
1854,70;34.07;PA019​;20250526_093943;1;FO2;-0,0178;1,3555;0,1031;-0,3246;-0,0401;-0,0262;-0,9446;;False
1854,71;34.09;PA019​;20250526_093943;1;FO2;-0,0181;1,3552;0,1033;-0,3259;-0,0401;-0,0263;-0,9442;;False
1854,73;34.1;PA019​;20250526_093943;1;FO2;-0,0182;1,3548;0,1035;-0,3274;-0,0409;-0,0257;-0,9437;;False
1854,75;34.12;PA019​;20250526_093943;1;FO2;-0,0182;1,3545;0,1038;-0,3286;-0,0416;-0,0257;-0,9432;;False
1854,76;34.14;PA019​;20250526_093943;1;FO2;-0,0183;1,3540;0,1045;-0,3313;-0,0429;-0,0259;-0,9422;;False
1854,78;34.15;PA019​;20250526_093943;1;FO2;-0,0181;1,3536;0,1047;-0,3320;-0,0440;-0,0258;-0,9419;;False
1854,79;34.17;PA019​;20250526_093943;1;FO2;-0,0181;1,3532;0,1050;-0,3337;-0,0449;-0,0261;-0,9413;;False
1854,81;34.18;PA019​;20250526_093943;1;FO2;-0,0181;1,3528;0,1053;-0,3357;-0,0457;-0,0259;-0,9405;;False
1854,82;34.2;PA019​;20250526_093943;1;FO2;-0,0181;1,3522;0,1053;-0,3383;-0,0463;-0,0255;-0,9395;;False
1854,84;34.21;PA019​;20250526_093943;1;FO2;-0,0180;1,3517;0,1055;-0,3407;-0,0466;-0,0250;-0,9387;;False
1854,85;34.23;PA019​;20250526_093943;1;FO2;-0,0179;1,3514;0,1058;-0,3426;-0,0472;-0,0252;-0,9380;;False
1854,87;34.25;PA019​;20250526_093943;1;FO2;-0,0178;1,3512;0,1062;-0,3437;-0,0477;-0,0248;-0,9375;;False
1854,89;34.26;PA019​;20250526_093943;1;FO2;-0,0175;1,3506;0,1068;-0,3462;-0,0487;-0,0241;-0,9366;;False
1854,90;34.28;PA019​;20250526_093943;1;FO2;-0,0174;1,3504;0,1071;-0,3468;-0,0492;-0,0237;-0,9363;;False
1854,92;34.29;PA019​;20250526_093943;1;FO2;-0,0172;1,3502;0,1076;-0,3470;-0,0495;-0,0234;-0,9363;;False
1854,93;34.31;PA019​;20250526_093943;1;FO2;-0,0171;1,3501;0,1079;-0,3471;-0,0500;-0,0228;-0,9362;;False
1854,95;34.33;PA019​;20250526_093943;1;FO2;-0,0169;1,3499;0,1082;-0,3471;-0,0504;-0,0222;-0,9362;;False
1854,97;34.34;PA019​;20250526_093943;1;FO2;-0,0168;1,3499;0,1085;-0,3472;-0,0509;-0,0218;-0,9362;;False
1854,98;34.36;PA019​;20250526_093943;1;FO2;-0,0166;1,3499;0,1087;-0,3473;-0,0514;-0,0218;-0,9361;;False
1855,00;34.37;PA019​;20250526_093943;1;FO2;-0,0165;1,3498;0,1089;-0,3474;-0,0517;-0,0214;-0,9360;;False
1855,01;34.39;PA019​;20250526_093943;1;FO2;-0,0164;1,3498;0,1091;-0,3475;-0,0521;-0,0212;-0,9360;;False
1855,03;34.4;PA019​;20250526_093943;1;FO2;-0,0161;1,3497;0,1097;-0,3476;-0,0530;-0,0205;-0,9359;;False
1855,04;34.42;PA019​;20250526_093943;1;FO2;-0,0159;1,3496;0,1101;-0,3478;-0,0536;-0,0204;-0,9358;;False
1855,05;34.43;PA019​;20250526_093943;1;FO2;-0,0158;1,3496;0,1104;-0,3476;-0,0543;-0,0202;-0,9359;;False
1855,07;34.44;PA019​;20250526_093943;1;FO2;-0,0157;1,3497;0,1106;-0,3473;-0,0548;-0,0203;-0,9359;;False
1855,08;34.46;PA019​;20250526_093943;1;FO2;-0,0156;1,3497;0,1109;-0,3467;-0,0551;-0,0204;-0,9361;;False
1855,10;34.47;PA019​;20250526_093943;1;FO2;-0,0156;1,3498;0,1113;-0,3467;-0,0553;-0,0204;-0,9361;;False
1855,11;34.48;PA019​;20250526_093943;1;FO2;-0,0156;1,3497;0,1116;-0,3468;-0,0560;-0,0200;-0,9361;;False
1855,12;34.5;PA019​;20250526_093943;1;FO2;-0,0154;1,3496;0,1120;-0,3466;-0,0564;-0,0198;-0,9361;;False
1855,14;34.51;PA019​;20250526_093943;1;FO2;-0,0154;1,3495;0,1123;-0,3463;-0,0567;-0,0199;-0,9362;;False
1855,15;34.53;PA019​;20250526_093943;1;FO2;-0,0154;1,3495;0,1127;-0,3460;-0,0570;-0,0198;-0,9363;;False
1855,17;34.54;PA019​;20250526_093943;1;FO2;-0,0155;1,3495;0,1132;-0,3456;-0,0571;-0,0197;-0,9364;;False
1855,18;34.56;PA019​;20250526_093943;1;FO2;-0,0155;1,3495;0,1136;-0,3453;-0,0571;-0,0194;-0,9366;;False
1855,20;34.57;PA019​;20250526_093943;1;FO2;-0,0155;1,3495;0,1139;-0,3445;-0,0572;-0,0191;-0,9368;;False
1855,21;34.58;PA019​;20250526_093943;1;FO2;-0,0157;1,3495;0,1143;-0,3435;-0,0579;-0,0183;-0,9372;;False
1855,22;34.6;PA019​;20250526_093943;1;FO2;-0,0157;1,3497;0,1147;-0,3426;-0,0578;-0,0184;-0,9375;;False
1855,23;34.61;PA019​;20250526_093943;1;FO2;-0,0159;1,3499;0,1151;-0,3409;-0,0569;-0,0198;-0,9382;;False
1855,25;34.62;PA019​;20250526_093943;1;FO2;-0,0163;1,3504;0,1156;-0,3387;-0,0555;-0,0211;-0,9390;;False
1855,26;34.64;PA019​;20250526_093943;1;FO2;-0,0170;1,3510;0,1164;-0,3359;-0,0523;-0,0227;-0,9402;;False
1855,28;34.65;PA019​;20250526_093943;1;FO2;-0,0183;1,3515;0,1172;-0,3329;-0,0476;-0,0245;-0,9414;;False
1855,29;34.66;PA019​;20250526_093943;1;FO2;-0,0199;1,3519;0,1181;-0,3304;-0,0416;-0,0250;-0,9426;;False
1855,30;34.68;PA019​;20250526_093943;1;FO2;-0,0216;1,3521;0,1189;-0,3282;-0,0344;-0,0243;-0,9437;;False
1855,32;34.69;PA019​;20250526_093943;1;FO2;-0,0234;1,3521;0,1195;-0,3267;-0,0269;-0,0241;-0,9444;;False
1855,33;34.71;PA019​;20250526_093943;1;FO2;-0,0253;1,3518;0,1201;-0,3256;-0,0192;-0,0242;-0,9450;;False
1855,35;34.72;PA019​;20250526_093943;1;FO2;-0,0272;1,3513;0,1209;-0,3250;-0,0115;-0,0242;-0,9453;;False
1855,36;34.73;PA019​;20250526_093943;1;FO2;-0,0288;1,3507;0,1217;-0,3252;-0,0050;-0,0225;-0,9454;;False
1855,37;34.75;PA019​;20250526_093943;1;FO2;-0,0303;1,3497;0,1225;-0,3263;-0,0009;-0,0198;-0,9451;;False
1855,39;34.76;PA019​;20250526_093943;1;FO2;-0,0313;1,3485;0,1236;-0,3282;0,0018;-0,0157;-0,9445;;False
1855,40;34.78;PA019​;20250526_093943;1;FO2;-0,0320;1,3472;0,1249;-0,3308;0,0033;-0,0112;-0,9436;;False
1855,41;34.79;PA019​;20250526_093943;1;FO2;-0,0326;1,3457;0,1263;-0,3341;0,0034;-0,0070;-0,9425;;False
1855,43;34.8;PA019​;20250526_093943;1;FO2;-0,0330;1,3440;0,1282;-0,3372;0,0039;-0,0030;-0,9414;;False
1855,44;34.82;PA019​;20250526_093943;1;FO2;-0,0331;1,3425;0,1307;-0,3386;0,0056;0,0006;-0,9409;;False
1855,46;34.83;PA019​;20250526_093943;1;FO2;-0,0336;1,3416;0,1328;-0,3379;0,0064;0,0033;-0,9411;;False
1855,47;34.84;PA019​;20250526_093943;1;FO2;-0,0335;1,3404;0,1342;-0,3380;0,0068;0,0056;-0,9411;;False
1855,48;34.86;PA019​;20250526_093943;1;FO2;-0,0333;1,3398;0,1351;-0,3389;0,0066;0,0072;-0,9408;;False
1855,50;34.87;PA019​;20250526_093943;1;FO2;-0,0328;1,3397;0,1351;-0,3382;0,0069;0,0086;-0,9410;;False
1855,51;34.89;PA019​;20250526_093943;1;FO2;-0,0322;1,3404;0,1349;-0,3368;0,0067;0,0109;-0,9415;;False
1855,53;34.9;PA019​;20250526_093943;1;FO2;-0,0306;1,3413;0,1347;-0,3345;0,0047;0,0171;-0,9422;;False
1855,54;34.91;PA019​;20250526_093943;1;FO2;-0,0282;1,3430;0,1337;-0,3304;-0,0013;0,0256;-0,9435;;False
1855,55;34.93;PA019​;20250526_093943;1;FO2;-0,0252;1,3445;0,1323;-0,3275;-0,0069;0,0331;-0,9442;;False
1855,57;34.94;PA019​;20250526_093943;1;FO2;-0,0217;1,3456;0,1302;-0,3240;-0,0147;0,0414;-0,9450;;False
1855,58;34.96;PA019​;20250526_093943;1;FO2;-0,0183;1,3468;0,1279;-0,3222;-0,0229;0,0492;-0,9451;;False
1855,59;34.97;PA019​;20250526_093943;1;FO2;-0,0150;1,3478;0,1253;-0,3208;-0,0316;0,0561;-0,9449;;False
1855,61;34.98;PA019​;20250526_093943;1;FO2;-0,0118;1,3484;0,1224;-0,3209;-0,0397;0,0604;-0,9444;;False
1855,62;35.0;PA019​;20250526_093943;1;FO2;-0,0095;1,3487;0,1196;-0,3237;-0,0468;0,0616;-0,9430;;False
1855,64;35.01;PA019​;20250526_093943;1;FO2;-0,0075;1,3485;0,1168;-0,3262;-0,0527;0,0615;-0,9418;;False
1855,65;35.03;PA019​;20250526_093943;1;FO2;-0,0060;1,3481;0,1145;-0,3304;-0,0583;0,0610;-0,9401;;False
1855,66;35.04;PA019​;20250526_093943;1;FO2;-0,0052;1,3470;0,1126;-0,3353;-0,0631;0,0590;-0,9381;;False
1855,68;35.05;PA019​;20250526_093943;1;FO2;-0,0055;1,3454;0,1118;-0,3407;-0,0675;0,0578;-0,9360;;False
1855,69;35.07;PA019​;20250526_093943;1;FO2;-0,0071;1,3438;0,1119;-0,3454;-0,0708;0,0581;-0,9340;;False
1855,71;35.08;PA019​;20250526_093943;1;FO2;-0,0099;1,3420;0,1129;-0,3509;-0,0704;0,0583;-0,9319;;False
1855,72;35.09;PA019​;20250526_093943;1;FO2;-0,0139;1,3401;0,1136;-0,3574;-0,0660;0,0552;-0,9300;;False
1855,73;35.11;PA019​;20250526_093943;1;FO2;-0,0185;1,3380;0,1141;-0,3639;-0,0582;0,0485;-0,9284;;False
1855,75;35.12;PA019​;20250526_093943;1;FO2;-0,0236;1,3367;0,1154;-0,3668;-0,0507;0,0409;-0,9280;;False
1855,76;35.14;PA019​;20250526_093943;1;FO2;-0,0289;1,3372;0,1177;-0,3662;-0,0440;0,0332;-0,9289;;False
1855,78;35.15;PA019​;20250526_093943;1;FO2;-0,0342;1,3382;0,1199;-0,3604;-0,0362;0,0232;-0,9318;;False
1855,79;35.16;PA019​;20250526_093943;1;FO2;-0,0401;1,3397;0,1214;-0,3522;-0,0285;0,0130;-0,9354;;False
1855,80;35.18;PA019​;20250526_093943;1;FO2;-0,0462;1,3416;0,1227;-0,3435;-0,0218;0,0053;-0,9389;;False
1855,82;35.19;PA019​;20250526_093943;1;FO2;-0,0521;1,3439;0,1239;-0,3334;-0,0131;-0,0026;-0,9427;;False
1855,83;35.21;PA019​;20250526_093943;1;FO2;-0,0582;1,3465;0,1251;-0,3229;-0,0038;-0,0103;-0,9464;;False
1855,84;35.22;PA019​;20250526_093943;1;FO2;-0,0640;1,3490;0,1262;-0,3109;0,0063;-0,0157;-0,9503;;False
1855,86;35.23;PA019​;20250526_093943;1;FO2;-0,0697;1,3512;0,1272;-0,2990;0,0166;-0,0185;-0,9539;;False
1855,87;35.25;PA019​;20250526_093943;1;FO2;-0,0748;1,3530;0,1282;-0,2888;0,0258;-0,0194;-0,9569;;False
1855,89;35.26;PA019​;20250526_093943;1;FO2;-0,0792;1,3542;0,1289;-0,2795;0,0332;-0,0187;-0,9594;;False
1855,90;35.28;PA019​;20250526_093943;1;FO2;-0,0830;1,3549;0,1296;-0,2734;0,0384;-0,0172;-0,9610;;False
1855,91;35.29;PA019​;20250526_093943;1;FO2;-0,0861;1,3548;0,1304;-0,2701;0,0425;-0,0156;-0,9618;;False
1855,93;35.3;PA019​;20250526_093943;1;FO2;-0,0888;1,3544;0,1316;-0,2693;0,0441;-0,0146;-0,9619;;False
1855,94;35.32;PA019​;20250526_093943;1;FO2;-0,0911;1,3535;0,1334;-0,2693;0,0445;-0,0153;-0,9619;;False
1855,96;35.33;PA019​;20250526_093943;1;FO2;-0,0932;1,3531;0,1353;-0,2695;0,0453;-0,0170;-0,9618;;False
1855,97;35.34;PA019​;20250526_093943;1;FO2;-0,0945;1,3525;0,1373;-0,2703;0,0452;-0,0193;-0,9615;;False
1855,98;35.36;PA019​;20250526_093943;1;FO2;-0,0956;1,3518;0,1394;-0,2726;0,0439;-0,0205;-0,9609;;False
1856,00;35.37;PA019​;20250526_093943;1;FO2;-0,0969;1,3512;0,1418;-0,2748;0,0415;-0,0209;-0,9604;;False
1856,01;35.39;PA019​;20250526_093943;1;FO2;-0,0979;1,3506;0,1447;-0,2761;0,0397;-0,0209;-0,9601;;False
1856,03;35.4;PA019​;20250526_093943;1;FO2;-0,0988;1,3500;0,1477;-0,2761;0,0395;-0,0221;-0,9601;;False
1856,04;35.41;PA019​;20250526_093943;1;FO2;-0,0997;1,3494;0,1508;-0,2750;0,0401;-0,0240;-0,9603;;False
1856,05;35.43;PA019​;20250526_093943;1;FO2;-0,1005;1,3491;0,1539;-0,2734;0,0410;-0,0248;-0,9607;;False
1856,07;35.44;PA019​;20250526_093943;1;FO2;-0,1013;1,3491;0,1573;-0,2721;0,0411;-0,0247;-0,9611;;False
1856,08;35.46;PA019​;20250526_093943;1;FO2;-0,1015;1,3489;0,1609;-0,2695;0,0416;-0,0255;-0,9618;;False
1856,10;35.47;PA019​;20250526_093943;1;FO2;-0,1014;1,3489;0,1643;-0,2683;0,0420;-0,0267;-0,9620;;False
1856,11;35.48;PA019​;20250526_093943;1;FO2;-0,1012;1,3485;0,1678;-0,2666;0,0414;-0,0278;-0,9625;;False
1856,12;35.5;PA019​;20250526_093943;1;FO2;-0,1006;1,3488;0,1718;-0,2655;0,0407;-0,0294;-0,9628;;False
1856,14;35.51;PA019​;20250526_093943;1;FO2;-0,0998;1,3490;0,1766;-0,2630;0,0400;-0,0315;-0,9635;;False
1856,15;35.52;PA019​;20250526_093943;1;FO2;-0,0988;1,3489;0,1815;-0,2596;0,0391;-0,0326;-0,9644;;False
1856,16;35.54;PA019​;20250526_093943;1;FO2;-0,0974;1,3484;0,1866;-0,2562;0,0382;-0,0335;-0,9653;Collision avec Debut - Objet Parent SceneAnchor;False
1856,18;35.55;PA019​;20250526_093943;1;FO2;-0,0956;1,3478;0,1920;-0,2540;0,0367;-0,0342;-0,9659;Collision avec Debut - Objet Parent SceneAnchor;False
1856,19;35.57;PA019​;20250526_093943;1;FO2;-0,0935;1,3469;0,1975;-0,2531;0,0346;-0,0346;-0,9662;Collision avec Debut - Objet Parent SceneAnchor;False
1856,21;35.58;PA019​;20250526_093943;1;FO2;-0,0911;1,3458;0,2032;-0,2535;0,0321;-0,0342;-0,9662;Collision avec Debut - Objet Parent SceneAnchor;False
1856,22;35.59;PA019​;20250526_093943;1;FO2;-0,0885;1,3442;0,2092;-0,2546;0,0298;-0,0326;-0,9660;Collision avec Debut - Objet Parent SceneAnchor;False
1856,23;35.61;PA019​;20250526_093943;1;FO2;-0,0859;1,3427;0,2155;-0,2569;0,0275;-0,0304;-0,9656;Collision avec Debut - Objet Parent SceneAnchor;False
1856,25;35.62;PA019​;20250526_093943;1;FO2;-0,0829;1,3409;0,2224;-0,2584;0,0266;-0,0286;-0,9652;Collision avec Debut - Objet Parent SceneAnchor;False
1856,26;35.64;PA019​;20250526_093943;1;FO2;-0,0801;1,3393;0,2299;-0,2591;0,0259;-0,0263;-0,9651;Collision avec Debut - Objet Parent SceneAnchor;False
1856,28;35.65;PA019​;20250526_093943;1;FO2;-0,0769;1,3376;0,2377;-0,2592;0,0255;-0,0228;-0,9652;Collision avec Debut - Objet Parent SceneAnchor;False
1856,29;35.67;PA019​;20250526_093943;1;FO2;-0,0738;1,3358;0,2454;-0,2595;0,0249;-0,0198;-0,9652;Collision avec Debut - Objet Parent SceneAnchor;False
1856,31;35.68;PA019​;20250526_093943;1;FO2;-0,0706;1,3337;0,2529;-0,2609;0,0241;-0,0170;-0,9649;Collision avec Debut - Objet Parent SceneAnchor;False
1856,32;35.7;PA019​;20250526_093943;1;FO2;-0,0673;1,3320;0,2608;-0,2623;0,0233;-0,0147;-0,9646;Collision avec Debut - Objet Parent SceneAnchor;False
1856,34;35.71;PA019​;20250526_093943;1;FO2;-0,0641;1,3301;0,2687;-0,2625;0,0222;-0,0129;-0,9646;Collision avec Debut - Objet Parent SceneAnchor;False
1856,35;35.73;PA019​;20250526_093943;1;FO2;-0,0609;1,3287;0,2767;-0,2634;0,0212;-0,0106;-0,9644;;False
1856,37;35.74;PA019​;20250526_093943;1;FO2;-0,0577;1,3280;0,2860;-0,2652;0,0196;-0,0077;-0,9640;;False
1856,38;35.76;PA019​;20250526_093943;1;FO2;-0,0545;1,3271;0,2951;-0,2656;0,0163;-0,0034;-0,9639;;False
1856,40;35.77;PA019​;20250526_093943;1;FO2;-0,0511;1,3257;0,3039;-0,2662;0,0126;0,0005;-0,9638;;False
1856,41;35.78;PA019​;20250526_093943;1;FO2;-0,0475;1,3240;0,3127;-0,2660;0,0096;0,0024;-0,9639;;False
1856,43;35.8;PA019​;20250526_093943;1;FO2;-0,0437;1,3228;0,3223;-0,2663;0,0056;0,0044;-0,9639;;False
1856,44;35.81;PA019​;20250526_093943;1;FO2;-0,0396;1,3214;0,3318;-0,2648;0,0019;0,0057;-0,9643;;False
1856,45;35.83;PA019​;20250526_093943;1;FO2;-0,0355;1,3201;0,3413;-0,2645;-0,0021;0,0059;-0,9644;;False
1856,47;35.84;PA019​;20250526_093943;1;FO2;-0,0311;1,3191;0,3510;-0,2653;-0,0053;0,0069;-0,9641;;False
1856,48;35.86;PA019​;20250526_093943;1;FO2;-0,0269;1,3182;0,3611;-0,2662;-0,0090;0,0074;-0,9638;;False
1856,50;35.87;PA019​;20250526_093943;1;FO2;-0,0181;1,3168;0,3823;-0,2687;-0,0146;0,0086;-0,9631;;False
1856,51;35.89;PA019​;20250526_093943;1;FO2;-0,0139;1,3155;0,3927;-0,2685;-0,0173;0,0103;-0,9631;;False
1856,53;35.9;PA019​;20250526_093943;1;FO2;-0,0098;1,3158;0,4029;-0,2743;-0,0185;0,0110;-0,9614;;False
1856,54;35.92;PA019​;20250526_093943;1;FO2;-0,0058;1,3164;0,4135;-0,2816;-0,0181;0,0118;-0,9593;;False
1856,56;35.93;PA019​;20250526_093943;1;FO2;-0,0024;1,3176;0,4234;-0,2888;-0,0184;0,0138;-0,9571;;False
1856,57;35.95;PA019​;20250526_093943;1;FO2;0,0007;1,3195;0,4336;-0,2956;-0,0177;0,0162;-0,9550;;False
1856,59;35.96;PA019​;20250526_093943;1;FO2;0,0037;1,3208;0,4435;-0,2956;-0,0146;0,0165;-0,9551;;False
1856,60;35.98;PA019​;20250526_093943;1;FO2;0,0063;1,3219;0,4532;-0,2938;-0,0108;0,0154;-0,9557;;False
1856,62;35.99;PA019​;20250526_093943;1;FO2;0,0089;1,3225;0,4628;-0,2907;-0,0067;0,0145;-0,9567;;False
1856,63;36.0;PA019​;20250526_093943;1;FO2;0,0115;1,3223;0,4719;-0,2842;-0,0033;0,0147;-0,9587;;False
1856,64;36.02;PA019​;20250526_093943;1;FO2;0,0142;1,3228;0,4809;-0,2788;-0,0016;0,0163;-0,9602;;False
1856,66;36.03;PA019​;20250526_093943;1;FO2;0,0169;1,3234;0,4895;-0,2751;0,0004;0,0180;-0,9613;;False
1856,67;36.05;PA019​;20250526_093943;1;FO2;0,0194;1,3243;0,4978;-0,2735;0,0025;0,0195;-0,9617;;False
1856,69;36.06;PA019​;20250526_093943;1;FO2;0,0218;1,3253;0,5059;-0,2733;0,0052;0,0214;-0,9617;;False
1856,70;36.08;PA019​;20250526_093943;1;FO2;0,0239;1,3265;0,5135;-0,2743;0,0071;0,0244;-0,9613;;False
1856,72;36.09;PA019​;20250526_093943;1;FO2;0,0261;1,3276;0,5210;-0,2745;0,0086;0,0276;-0,9611;;False
1856,73;36.11;PA019​;20250526_093943;1;FO2;0,0283;1,3285;0,5284;-0,2743;0,0088;0,0302;-0,9611;;False
1856,75;36.12;PA019​;20250526_093943;1;FO2;0,0303;1,3294;0,5358;-0,2748;0,0089;0,0309;-0,9610;;False
1856,76;36.14;PA019​;20250526_093943;1;FO2;0,0342;1,3318;0,5506;-0,2760;0,0092;0,0308;-0,9606;;False
1856,78;36.15;PA019​;20250526_093943;1;FO2;0,0361;1,3325;0,5583;-0,2756;0,0077;0,0277;-0,9608;;False
1856,79;36.17;PA019​;20250526_093943;1;FO2;0,0383;1,3336;0,5660;-0,2768;0,0049;0,0238;-0,9606;;False
1856,81;36.18;PA019​;20250526_093943;1;FO2;0,0403;1,3347;0,5738;-0,2768;-0,0004;0,0192;-0,9607;;False
1856,82;36.2;PA019​;20250526_093943;1;FO2;0,0421;1,3364;0,5818;-0,2751;-0,0066;0,0168;-0,9612;;False
1856,84;36.21;PA019​;20250526_093943;1;FO2;0,0434;1,3385;0,5901;-0,2715;-0,0107;0,0149;-0,9623;;False
1856,85;36.23;PA019​;20250526_093943;1;FO2;0,0441;1,3416;0,5987;-0,2610;-0,0125;0,0134;-0,9652;;False
1856,87;36.24;PA019​;20250526_093943;1;FO2;0,0443;1,3461;0,6080;-0,2442;-0,0121;0,0127;-0,9696;;False
1856,88;36.26;PA019​;20250526_093943;1;FO2;0,0437;1,3514;0,6177;-0,2221;-0,0078;0,0122;-0,9749;;False
1856,90;36.27;PA019​;20250526_093943;1;FO2;0,0427;1,3570;0,6266;-0,1935;0,0004;0,0125;-0,9810;;False
1856,91;36.29;PA019​;20250526_093943;1;FO2;0,0412;1,3622;0,6350;-0,1684;0,0086;0,0134;-0,9856;;False
1856,93;36.3;PA019​;20250526_093943;1;FO2;0,0395;1,3665;0,6427;-0,1451;0,0160;0,0152;-0,9892;;False
1856,94;36.31;PA019​;20250526_093943;1;FO2;0,0377;1,3696;0,6501;-0,1251;0,0232;0,0173;-0,9917;;False
1856,96;36.33;PA019​;20250526_093943;1;FO2;0,0358;1,3718;0,6576;-0,1100;0,0302;0,0183;-0,9933;;False
1856,97;36.35;PA019​;20250526_093943;1;FO2;0,0315;1,3747;0,6717;-0,0819;0,0421;0,0182;-0,9956;;False
1856,99;36.36;PA019​;20250526_093943;1;FO2;0,0296;1,3737;0,6790;-0,0810;0,0457;0,0180;-0,9955;;False
1857,00;36.38;PA019​;20250526_093943;1;FO2;0,0274;1,3726;0,6867;-0,0865;0,0451;0,0176;-0,9951;;False
1857,02;36.39;PA019​;20250526_093943;1;FO2;0,0252;1,3719;0,6953;-0,0906;0,0423;0,0171;-0,9948;;False
1857,03;36.41;PA019​;20250526_093943;1;FO2;0,0227;1,3717;0,7053;-0,0942;0,0383;0,0144;-0,9947;;False
1857,05;36.42;PA019​;20250526_093943;1;FO2;0,0197;1,3718;0,7164;-0,0940;0,0328;0,0105;-0,9950;;False
1857,06;36.44;PA019​;20250526_093943;1;FO2;0,0164;1,3725;0,7283;-0,0855;0,0256;0,0090;-0,9960;;False
1857,08;36.45;PA019​;20250526_093943;1;FO2;0,0128;1,3752;0,7413;-0,0708;0,0170;0,0102;-0,9973;;False
1857,09;36.47;PA019​;20250526_093943;1;FO2;0,0091;1,3789;0,7549;-0,0559;0,0094;0,0104;-0,9983;;False
1857,11;36.48;PA019​;20250526_093943;1;FO2;0,0049;1,3797;0,7668;-0,0454;0,0039;0,0064;-0,9989;;False
1857,12;36.5;PA019​;20250526_093943;1;FO2;0,0007;1,3816;0,7786;-0,0440;0,0004;0,0040;-0,9990;;False
1857,14;36.51;PA019​;20250526_093943;1;FO2;-0,0036;1,3854;0,7921;-0,0478;-0,0017;0,0025;-0,9989;;False
1857,15;36.53;PA019​;20250526_093943;1;FO2;-0,0118;1,3916;0,8188;-0,0497;-0,0037;-0,0081;-0,9987;;False
1857,17;36.54;PA019​;20250526_093943;1;FO2;-0,0154;1,3918;0,8310;-0,0609;-0,0002;-0,0169;-0,9980;;False
1857,18;36.56;PA019​;20250526_093943;1;FO2;-0,0187;1,3894;0,8429;-0,0780;0,0047;-0,0251;-0,9966;;False
1857,20;36.57;PA019​;20250526_093943;1;FO2;-0,0212;1,3858;0,8549;-0,0977;0,0102;-0,0305;-0,9947;;False
1857,21;36.59;PA019​;20250526_093943;1;FO2;-0,0234;1,3819;0,8668;-0,1213;0,0134;-0,0317;-0,9920;;False
1857,23;36.6;PA019​;20250526_093943;1;FO2;-0,0251;1,3780;0,8791;-0,1466;0,0149;-0,0306;-0,9886;;False
1857,24;36.62;PA019​;20250526_093943;1;FO2;-0,0266;1,3746;0,8917;-0,1700;0,0161;-0,0298;-0,9849;;False
1857,26;36.63;PA019​;20250526_093943;1;FO2;-0,0278;1,3709;0,9043;-0,1942;0,0168;-0,0293;-0,9804;;False
1857,27;36.65;PA019​;20250526_093943;1;FO2;-0,0289;1,3667;0,9165;-0,2193;0,0175;-0,0280;-0,9751;;False
1857,29;36.66;PA019​;20250526_093943;1;FO2;-0,0296;1,3621;0,9273;-0,2463;0,0187;-0,0264;-0,9687;;False
1857,30;36.68;PA019​;20250526_093943;1;FO2;-0,0307;1,3535;0,9493;-0,2919;0,0195;-0,0244;-0,9559;;False
1857,32;36.69;PA019​;20250526_093943;1;FO2;-0,0307;1,3518;0,9617;-0,3052;0,0185;-0,0231;-0,9518;;False
1857,33;36.71;PA019​;20250526_093943;1;FO2;-0,0310;1,3508;0,9747;-0,3117;0,0163;-0,0198;-0,9498;;False
1857,35;36.72;PA019​;20250526_093943;1;FO2;-0,0315;1,3482;0,9874;-0,3149;0,0149;-0,0173;-0,9489;;False
1857,36;36.74;PA019​;20250526_093943;1;FO2;-0,0319;1,3450;0,9984;-0,3170;0,0133;-0,0142;-0,9482;;False
1857,38;36.76;PA019​;20250526_093943;1;FO2;-0,0323;1,3423;1,0097;-0,3204;0,0111;-0,0120;-0,9471;;False
1857,40;36.77;PA019​;20250526_093943;1;FO2;-0,0328;1,3398;1,0209;-0,3228;0,0097;-0,0127;-0,9463;;False
1857,41;36.79;PA019​;20250526_093943;1;FO2;-0,0334;1,3372;1,0320;-0,3254;0,0090;-0,0128;-0,9454;;False
1857,43;36.8;PA019​;20250526_093943;1;FO2;-0,0341;1,3345;1,0431;-0,3277;0,0092;-0,0125;-0,9446;;False
1857,44;36.82;PA019​;20250526_093943;1;FO2;-0,0356;1,3294;1,0655;-0,3336;0,0087;-0,0120;-0,9426;;False
1857,46;36.83;PA019​;20250526_093943;1;FO2;-0,0363;1,3269;1,0767;-0,3353;0,0079;-0,0110;-0,9420;;False
1857,47;36.85;PA019​;20250526_093943;1;FO2;-0,0365;1,3244;1,0885;-0,3390;0,0069;-0,0096;-0,9407;;False
1857,49;36.86;PA019​;20250526_093943;1;FO2;-0,0366;1,3218;1,1004;-0,3395;0,0067;-0,0104;-0,9405;;False
1857,50;36.88;PA019​;20250526_093943;1;FO2;-0,0366;1,3199;1,1130;-0,3388;0,0073;-0,0127;-0,9407;;False
1857,52;36.89;PA019​;20250526_093943;1;FO2;-0,0363;1,3182;1,1258;-0,3372;0,0087;-0,0152;-0,9413;;False
1857,53;36.91;PA019​;20250526_093943;1;FO2;-0,0358;1,3168;1,1387;-0,3354;0,0108;-0,0177;-0,9418;;False
1857,55;36.92;PA019​;20250526_093943;1;FO2;-0,0348;1,3154;1,1519;-0,3326;0,0130;-0,0193;-0,9428;;False
1857,56;36.94;PA019​;20250526_093943;1;FO2;-0,0334;1,3145;1,1652;-0,3282;0,0148;-0,0195;-0,9443;;False
1857,58;36.96;PA019​;20250526_093943;1;FO2;-0,0316;1,3137;1,1785;-0,3230;0,0156;-0,0182;-0,9461;;False
1857,60;36.97;PA019​;20250526_093943;1;FO2;-0,0274;1,3128;1,2057;-0,3142;0,0169;-0,0149;-0,9491;;False
1857,61;36.99;PA019​;20250526_093943;1;FO2;-0,0243;1,3128;1,2195;-0,3068;0,0159;-0,0119;-0,9516;;False
1857,63;37.0;PA019​;20250526_093943;1;FO2;-0,0209;1,3133;1,2339;-0,2997;0,0143;-0,0095;-0,9539;;False
1857,64;37.02;PA019​;20250526_093943;1;FO2;-0,0170;1,3135;1,2490;-0,2922;0,0121;-0,0050;-0,9563;;False
1857,66;37.03;PA019​;20250526_093943;1;FO2;-0,0129;1,3138;1,2643;-0,2847;0,0080;0,0000;-0,9586;;False
1857,67;37.05;PA019​;20250526_093943;1;FO2;-0,0086;1,3139;1,2799;-0,2780;0,0059;0,0025;-0,9606;;False
1857,69;37.06;PA019​;20250526_093943;1;FO2;-0,0044;1,3150;1,2964;-0,2761;0,0036;0,0039;-0,9611;;False
1857,70;37.08;PA019​;20250526_093943;1;FO2;-0,0001;1,3151;1,3135;-0,2727;0,0041;0,0040;-0,9621;;False
1857,72;37.09;PA019​;20250526_093943;1;FO2;0,0040;1,3156;1,3303;-0,2706;0,0061;0,0030;-0,9627;;False
1857,73;37.11;PA019​;20250526_093943;1;FO2;0,0121;1,3178;1,3658;-0,2755;0,0079;0,0048;-0,9613;;False
1857,75;37.12;PA019​;20250526_093943;1;FO2;0,0153;1,3157;1,3816;-0,2768;0,0096;0,0072;-0,9609;;False
1857,77;37.14;PA019​;20250526_093943;1;FO2;0,0176;1,3135;1,3969;-0,2832;0,0091;0,0118;-0,9589;;False
1857,78;37.16;PA019​;20250526_093943;1;FO2;0,0189;1,3096;1,4106;-0,2857;0,0049;0,0224;-0,9580;;False
1857,80;37.17;PA019​;20250526_093943;1;FO2;0,0194;1,3077;1,4242;-0,2958;-0,0015;0,0340;-0,9546;;False
1857,81;37.19;PA019​;20250526_093943;1;FO2;0,0199;1,3054;1,4375;-0,3053;-0,0053;0,0415;-0,9514;;False
1857,83;37.2;PA019​;20250526_093943;1;FO2;0,0202;1,3042;1,4508;-0,3171;-0,0054;0,0412;-0,9475;;False
1857,84;37.22;PA019​;20250526_093943;1;FO2;0,0200;1,3035;1,4641;-0,3271;-0,0043;0,0381;-0,9442;Collision avec Chemin1 - Objet Parent Plot-Mousse1;False
1857,86;37.23;PA019​;20250526_093943;1;FO2;0,0199;1,3036;1,4778;-0,3334;-0,0033;0,0334;-0,9422;Collision avec Chemin1 - Objet Parent Plot-Mousse1;False
1857,87;37.24;PA019​;20250526_093943;1;FO2;0,0199;1,3041;1,4915;-0,3394;-0,0044;0,0301;-0,9402;Collision avec Chemin1 - Objet Parent Plot-Mousse1;False
1857,88;37.26;PA019​;20250526_093943;1;FO2;0,0202;1,3038;1,5039;-0,3446;-0,0069;0,0261;-0,9384;Collision avec Chemin1 - Objet Parent Plot-Mousse1;False
1857,90;37.28;PA019​;20250526_093943;1;FO2;0,0209;1,3045;1,5279;-0,3594;-0,0107;0,0192;-0,9329;Collision avec Chemin1 - Objet Parent Plot-Mousse1;False
1857,92;37.29;PA019​;20250526_093943;1;FO2;0,0216;1,3049;1,5394;-0,3680;-0,0133;0,0149;-0,9296;Collision avec Chemin1 - Objet Parent Plot-Mousse1;False
1857,93;37.31;PA019​;20250526_093943;1;FO2;0,0224;1,3055;1,5511;-0,3760;-0,0154;0,0123;-0,9264;Collision avec Chemin1 - Objet Parent Plot-Mousse1;False
1857,95;37.32;PA019​;20250526_093943;1;FO2;0,0232;1,3058;1,5629;-0,3810;-0,0178;0,0113;-0,9243;Collision avec Chemin1 - Objet Parent Plot-Mousse1;False
1857,96;37.34;PA019​;20250526_093943;1;FO2;0,0239;1,3063;1,5750;-0,3841;-0,0195;0,0106;-0,9230;Collision avec Chemin1 - Objet Parent Plot-Mousse1;False
1857,98;37.35;PA019​;20250526_093943;1;FO2;0,0244;1,3067;1,5872;-0,3866;-0,0206;0,0108;-0,9220;Collision avec Chemin1 - Objet Parent Plot-Mousse1;False
1857,99;37.37;PA019​;20250526_093943;1;FO2;0,0248;1,3066;1,5987;-0,3894;-0,0216;0,0114;-0,9208;Collision avec Chemin1 - Objet Parent Plot-Mousse1;False
1858,01;37.38;PA019​;20250526_093943;1;FO2;0,0253;1,3061;1,6100;-0,3931;-0,0216;0,0120;-0,9192;Collision avec Chemin1 - Objet Parent Plot-Mousse1;False
1858,02;37.4;PA019​;20250526_093943;1;FO2;0,0256;1,3051;1,6215;-0,3972;-0,0214;0,0125;-0,9174;Collision avec Chemin1 - Objet Parent Plot-Mousse1;False
1858,04;37.41;PA019​;20250526_093943;1;FO2;0,0260;1,3035;1,6453;-0,4040;-0,0211;0,0132;-0,9144;Collision avec Chemin1 - Objet Parent Plot-Mousse1;False
1858,05;37.43;PA019​;20250526_093943;1;FO2;0,0261;1,3022;1,6584;-0,4034;-0,0204;0,0141;-0,9147;Collision avec Chemin1 - Objet Parent Plot-Mousse1;False
1858,07;37.45;PA019​;20250526_093943;1;FO2;0,0264;1,3011;1,6714;-0,4004;-0,0190;0,0147;-0,9160;Collision avec Chemin1 - Objet Parent Plot-Mousse1;False
1858,09;37.46;PA019​;20250526_093943;1;FO2;0,0262;1,3002;1,6840;-0,3998;-0,0181;0,0149;-0,9163;Collision avec Chemin1 - Objet Parent Plot-Mousse1;False
1858,10;37.48;PA019​;20250526_093943;1;FO2;0,0258;1,2988;1,6962;-0,3986;-0,0174;0,0150;-0,9168;Collision avec Chemin1 - Objet Parent Plot-Mousse1;False
1858,12;37.49;PA019​;20250526_093943;1;FO2;0,0252;1,2976;1,7091;-0,3974;-0,0172;0,0154;-0,9174;Collision avec Chemin1 - Objet Parent Plot-Mousse1;False
1858,13;37.5;PA019​;20250526_093943;1;FO2;0,0243;1,2964;1,7225;-0,3951;-0,0181;0,0158;-0,9183;Collision avec Chemin1 - Objet Parent Plot-Mousse1;False
1858,15;37.52;PA019​;20250526_093943;1;FO2;0,0231;1,2952;1,7359;-0,3922;-0,0198;0,0165;-0,9195;Collision avec Chemin1 - Objet Parent Plot-Mousse1;False
1858,16;37.54;PA019​;20250526_093943;1;FO2;0,0217;1,2943;1,7501;-0,3897;-0,0224;0,0171;-0,9205;Collision avec Chemin1 - Objet Parent Plot-Mousse1;False
1858,18;37.55;PA019​;20250526_093943;1;FO2;0,0201;1,2935;1,7651;-0,3869;-0,0256;0,0171;-0,9216;Collision avec Chemin1 - Objet Parent Plot-Mousse1;False
1858,19;37.57;PA019​;20250526_093943;1;FO2;0,0168;1,2919;1,7966;-0,3811;-0,0300;0,0155;-0,9239;Collision avec Chemin1 - Objet Parent Plot-Mousse1;False
1858,21;37.58;PA019​;20250526_093943;1;FO2;0,0142;1,2910;1,8142;-0,3770;-0,0331;0,0130;-0,9256;Collision avec Chemin1 - Objet Parent Plot-Mousse1;False
1858,22;37.6;PA019​;20250526_093943;1;FO2;0,0118;1,2895;1,8321;-0,3724;-0,0351;0,0105;-0,9274;Collision avec Chemin1 - Objet Parent Plot-Mousse1;False
1858,24;37.61;PA019​;20250526_093943;1;FO2;0,0092;1,2883;1,8507;-0,3688;-0,0365;0,0073;-0,9288;Collision avec Chemin1 - Objet Parent Plot-Mousse1;False
1858,25;37.63;PA019​;20250526_093943;1;FO2;0,0068;1,2868;1,8701;-0,3656;-0,0379;0,0056;-0,9300;Collision avec Chemin1 - Objet Parent Plot-Mousse1;False
1858,27;37.64;PA019​;20250526_093943;1;FO2;0,0043;1,2864;1,8905;-0,3639;-0,0403;0,0050;-0,9305;Collision avec Chemin1 - Objet Parent Plot-Mousse1;False
1858,28;37.66;PA019​;20250526_093943;1;FO2;0,0014;1,2864;1,9129;-0,3689;-0,0460;0,0081;-0,9283;Collision avec Chemin1 - Objet Parent Plot-Mousse1;False
1858,30;37.67;PA019​;20250526_093943;1;FO2;-0,0009;1,2834;1,9316;-0,3630;-0,0482;0,0071;-0,9305;Collision avec Chemin1 - Objet Parent Plot-Mousse1;False
1858,31;37.69;PA019​;20250526_093943;1;FO2;-0,0029;1,2841;1,9510;-0,3735;-0,0464;0,0029;-0,9265;;False
1858,33;37.7;PA019​;20250526_093943;1;FO2;-0,0042;1,2834;1,9701;-0,3838;-0,0427;-0,0009;-0,9224;;False
1858,35;37.72;PA019​;20250526_093943;1;FO2;-0,0055;1,2821;2,0048;-0,3940;-0,0325;-0,0108;-0,9185;;False
1858,36;37.74;PA019​;20250526_093943;1;FO2;-0,0034;1,2812;2,0191;-0,3952;-0,0224;-0,0151;-0,9182;;False
1858,38;37.75;PA019​;20250526_093943;1;FO2;0,0002;1,2803;2,0325;-0,3929;-0,0172;-0,0141;-0,9193;;False
1858,39;37.77;PA019​;20250526_093943;1;FO2;0,0042;1,2807;2,0463;-0,3965;-0,0183;-0,0094;-0,9178;;False
1858,41;37.78;PA019​;20250526_093943;1;FO2;0,0085;1,2808;2,0599;-0,4009;-0,0264;0,0005;-0,9157;;False
1858,42;37.8;PA019​;20250526_093943;1;FO2;0,0122;1,2805;2,0726;-0,4029;-0,0353;0,0122;-0,9145;;False
1858,44;37.81;PA019​;20250526_093943;1;FO2;0,0152;1,2810;2,0848;-0,4074;-0,0422;0,0218;-0,9120;;False
1858,45;37.83;PA019​;20250526_093943;1;FO2;0,0183;1,2814;2,0966;-0,4115;-0,0470;0,0293;-0,9097;;False
1858,47;37.84;PA019​;20250526_093943;1;FO2;0,0210;1,2827;2,1084;-0,4163;-0,0508;0,0343;-0,9072;;False
1858,48;37.86;PA019​;20250526_093943;1;FO2;0,0238;1,2837;2,1202;-0,4180;-0,0528;0,0367;-0,9061;;False
1858,50;37.88;PA019​;20250526_093943;1;FO2;0,0294;1,2857;2,1436;-0,4197;-0,0561;0,0406;-0,9050;;False
1858,52;37.89;PA019​;20250526_093943;1;FO2;0,0316;1,2869;2,1549;-0,4174;-0,0574;0,0390;-0,9061;;False
1858,53;37.9;PA019​;20250526_093943;1;FO2;0,0339;1,2879;2,1657;-0,4155;-0,0592;0,0385;-0,9068;;False
1858,55;37.92;PA019​;20250526_093943;1;FO2;0,0359;1,2892;2,1762;-0,4144;-0,0613;0,0371;-0,9073;;False
1858,56;37.94;PA019​;20250526_093943;1;FO2;0,0378;1,2906;2,1864;-0,4122;-0,0628;0,0361;-0,9082;;False
1858,58;37.95;PA019​;20250526_093943;1;FO2;0,0394;1,2921;2,1972;-0,4097;-0,0637;0,0349;-0,9093;;False
1858,59;37.97;PA019​;20250526_093943;1;FO2;0,0409;1,2937;2,2081;-0,4055;-0,0638;0,0339;-0,9113;;False
1858,61;37.98;PA019​;20250526_093943;1;FO2;0,0423;1,2953;2,2191;-0,4005;-0,0634;0,0329;-0,9135;;False
1858,62;38.0;PA019​;20250526_093943;1;FO2;0,0435;1,2970;2,2303;-0,3945;-0,0618;0,0315;-0,9163;;False
1858,64;38.01;PA019​;20250526_093943;1;FO2;0,0462;1,3003;2,2524;-0,3835;-0,0588;0,0292;-0,9212;;False
1858,65;38.03;PA019​;20250526_093943;1;FO2;0,0478;1,3018;2,2636;-0,3754;-0,0552;0,0273;-0,9248;;False
1858,67;38.04;PA019​;20250526_093943;1;FO2;0,0497;1,3032;2,2750;-0,3676;-0,0518;0,0261;-0,9282;;False
1858,68;38.06;PA019​;20250526_093943;1;FO2;0,0515;1,3038;2,2858;-0,3582;-0,0498;0,0259;-0,9320;;False
1858,70;38.07;PA019​;20250526_093943;1;FO2;0,0537;1,3043;2,2956;-0,3494;-0,0475;0,0267;-0,9354;;False
1858,71;38.09;PA019​;20250526_093943;1;FO2;0,0559;1,3049;2,3043;-0,3428;-0,0449;0,0278;-0,9379;;False
1858,73;38.1;PA019​;20250526_093943;1;FO2;0,0586;1,3062;2,3124;-0,3408;-0,0412;0,0288;-0,9388;;False
1858,74;38.12;PA019​;20250526_093943;1;FO2;0,0615;1,3077;2,3207;-0,3391;-0,0372;0,0293;-0,9396;;False
1858,76;38.13;PA019​;20250526_093943;1;FO2;0,0653;1,3096;2,3298;-0,3342;-0,0315;0,0294;-0,9415;;False
1858,77;38.15;PA019​;20250526_093943;1;FO2;0,0695;1,3118;2,3400;-0,3244;-0,0259;0,0284;-0,9452;;False
1858,79;38.16;PA019​;20250526_093943;1;FO2;0,0743;1,3148;2,3522;-0,3147;-0,0207;0,0273;-0,9486;;False
1858,80;38.18;PA019​;20250526_093943;1;FO2;0,0792;1,3169;2,3650;-0,3051;-0,0178;0,0283;-0,9517;Collision avec Chemin2 - Objet Parent Plot-Mousse2;False
1858,82;38.19;PA019​;20250526_093943;1;FO2;0,0887;1,3191;2,3872;-0,2863;-0,0127;0,0322;-0,9575;Collision avec Chemin2 - Objet Parent Plot-Mousse2;False
1858,83;38.21;PA019​;20250526_093943;1;FO2;0,0932;1,3197;2,3978;-0,2877;-0,0123;0,0359;-0,9570;Collision avec Chemin2 - Objet Parent Plot-Mousse2;False
1858,85;38.22;PA019​;20250526_093943;1;FO2;0,0965;1,3178;2,4081;-0,2852;-0,0164;0,0445;-0,9573;Collision avec Chemin2 - Objet Parent Plot-Mousse2;False
1858,86;38.24;PA019​;20250526_093943;1;FO2;0,0995;1,3168;2,4183;-0,2868;-0,0220;0,0554;-0,9561;Collision avec Chemin2 - Objet Parent Plot-Mousse2;False
1858,88;38.25;PA019​;20250526_093943;1;FO2;0,1023;1,3152;2,4289;-0,2858;-0,0248;0,0607;-0,9560;Collision avec Chemin2 - Objet Parent Plot-Mousse2;False
1858,89;38.26;PA019​;20250526_093943;1;FO2;0,1046;1,3147;2,4401;-0,2862;-0,0252;0,0617;-0,9559;Collision avec Chemin2 - Objet Parent Plot-Mousse2;False
1858,90;38.28;PA019​;20250526_093943;1;FO2;0,1059;1,3158;2,4520;-0,2887;-0,0251;0,0618;-0,9551;Collision avec Chemin2 - Objet Parent Plot-Mousse2;False
1858,92;38.29;PA019​;20250526_093943;1;FO2;0,1069;1,3167;2,4638;-0,2892;-0,0251;0,0609;-0,9550;Collision avec Chemin2 - Objet Parent Plot-Mousse2;False
1858,93;38.31;PA019​;20250526_093943;1;FO2;0,1075;1,3180;2,4758;-0,2886;-0,0249;0,0582;-0,9553;Collision avec Chemin2 - Objet Parent Plot-Mousse2;False
1858,95;38.32;PA019​;20250526_093943;1;FO2;0,1078;1,3192;2,4877;-0,2868;-0,0242;0,0544;-0,9561;Collision avec Chemin2 - Objet Parent Plot-Mousse2;False
1858,96;38.34;PA019​;20250526_093943;1;FO2;0,1077;1,3202;2,4989;-0,2850;-0,0235;0,0497;-0,9569;Collision avec Chemin2 - Objet Parent Plot-Mousse2;False
1858,98;38.35;PA019​;20250526_093943;1;FO2;0,1077;1,3218;2,5105;-0,2852;-0,0223;0,0456;-0,9571;Collision avec Chemin2 - Objet Parent Plot-Mousse2;False
1858,99;38.37;PA019​;20250526_093943;1;FO2;0,1077;1,3234;2,5225;-0,2843;-0,0208;0,0410;-0,9576;Collision avec Chemin2 - Objet Parent Plot-Mousse2;False
1859,01;38.38;PA019​;20250526_093943;1;FO2;0,1078;1,3250;2,5346;-0,2830;-0,0185;0,0360;-0,9583;Collision avec Chemin2 - Objet Parent Plot-Mousse2;False
1859,02;38.39;PA019​;20250526_093943;1;FO2;0,1078;1,3262;2,5462;-0,2807;-0,0165;0,0315;-0,9591;Collision avec Chemin2 - Objet Parent Plot-Mousse2;False
1859,03;38.41;PA019​;20250526_093943;1;FO2;0,1080;1,3273;2,5580;-0,2782;-0,0149;0,0290;-0,9600;Collision avec Chemin2 - Objet Parent Plot-Mousse2;False
1859,05;38.42;PA019​;20250526_093943;1;FO2;0,1081;1,3281;2,5700;-0,2751;-0,0138;0,0266;-0,9609;Collision avec Chemin2 - Objet Parent Plot-Mousse2;False
1859,06;38.44;PA019​;20250526_093943;1;FO2;0,1085;1,3284;2,5819;-0,2722;-0,0127;0,0248;-0,9618;Collision avec Chemin2 - Objet Parent Plot-Mousse2;False
1859,08;38.45;PA019​;20250526_093943;1;FO2;0,1088;1,3282;2,5938;-0,2700;-0,0116;0,0233;-0,9625;Collision avec Chemin2 - Objet Parent Plot-Mousse2;False
1859,09;38.47;PA019​;20250526_093943;1;FO2;0,1091;1,3279;2,6059;-0,2689;-0,0106;0,0212;-0,9629;Collision avec Chemin2 - Objet Parent Plot-Mousse2;False
1859,11;38.48;PA019​;20250526_093943;1;FO2;0,1100;1,3261;2,6303;-0,2658;-0,0081;0,0188;-0,9638;Collision avec Chemin2 - Objet Parent Plot-Mousse2;False
1859,12;38.5;PA019​;20250526_093943;1;FO2;0,1100;1,3243;2,6431;-0,2658;-0,0075;0,0176;-0,9638;Collision avec Chemin2 - Objet Parent Plot-Mousse2;False
1859,14;38.51;PA019​;20250526_093943;1;FO2;0,1101;1,3221;2,6562;-0,2657;-0,0058;0,0157;-0,9639;Collision avec Chemin2 - Objet Parent Plot-Mousse2;False
1859,15;38.53;PA019​;20250526_093943;1;FO2;0,1101;1,3200;2,6698;-0,2646;-0,0038;0,0127;-0,9643;Collision avec Chemin2 - Objet Parent Plot-Mousse2;False
1859,17;38.54;PA019​;20250526_093943;1;FO2;0,1097;1,3178;2,6843;-0,2613;-0,0020;0,0084;-0,9652;Collision avec Chemin2 - Objet Parent Plot-Mousse2;False
1859,18;38.56;PA019​;20250526_093943;1;FO2;0,1087;1,3156;2,6998;-0,2566;-0,0012;0,0043;-0,9665;Collision avec Chemin2 - Objet Parent Plot-Mousse2;False
1859,20;38.57;PA019​;20250526_093943;1;FO2;0,1069;1,3134;2,7149;-0,2526;-0,0004;0,0003;-0,9676;Collision avec Chemin2 - Objet Parent Plot-Mousse2;False
1859,21;38.59;PA019​;20250526_093943;1;FO2;0,1046;1,3112;2,7304;-0,2492;0,0017;-0,0038;-0,9684;Collision avec Chemin2 - Objet Parent Plot-Mousse2;False
1859,23;38.6;PA019​;20250526_093943;1;FO2;0,1012;1,3093;2,7464;-0,2457;0,0037;-0,0082;-0,9693;Collision avec Chemin2 - Objet Parent Plot-Mousse2;False
1859,24;38.62;PA019​;20250526_093943;1;FO2;0,0974;1,3079;2,7631;-0,2408;0,0064;-0,0113;-0,9705;Collision avec Chemin2 - Objet Parent Plot-Mousse2;False
1859,27;38.64;PA019​;20250526_093943;1;FO2;0,0886;1,3064;2,7991;-0,2310;0,0124;-0,0188;-0,9727;Collision avec Chemin2 - Objet Parent Plot-Mousse2;False
1859,28;38.66;PA019​;20250526_093943;1;FO2;0,0836;1,3059;2,8183;-0,2227;0,0156;-0,0233;-0,9745;Collision avec Chemin2 - Objet Parent Plot-Mousse2;False
1859,30;38.67;PA019​;20250526_093943;1;FO2;0,0787;1,3055;2,8375;-0,2139;0,0170;-0,0255;-0,9764;Collision avec Chemin2 - Objet Parent Plot-Mousse2;False
1859,31;38.69;PA019​;20250526_093943;1;FO2;0,0739;1,3063;2,8574;-0,2057;0,0171;-0,0249;-0,9782;;False
1859,33;38.7;PA019​;20250526_093943;1;FO2;0,0693;1,3075;2,8800;-0,2006;0,0149;-0,0208;-0,9793;;False
1859,34;38.72;PA019​;20250526_093943;1;FO2;0,0651;1,3059;2,8990;-0,1897;0,0154;-0,0209;-0,9815;;False
1859,36;38.73;PA019​;20250526_093943;1;FO2;0,0609;1,3077;2,9186;-0,1962;0,0183;-0,0219;-0,9802;;False
1859,37;38.75;PA019​;20250526_093943;1;FO2;0,0575;1,3098;2,9393;-0,2074;0,0231;-0,0229;-0,9777;;False
1859,39;38.76;PA019​;20250526_093943;1;FO2;0,0518;1,3125;2,9766;-0,2235;0,0342;-0,0288;-0,9737;;False
1859,40;38.78;PA019​;20250526_093943;1;FO2;0,0508;1,3119;2,9919;-0,2335;0,0408;-0,0294;-0,9711;;False
1859,42;38.79;PA019​;20250526_093943;1;FO2;0,0515;1,3102;3,0041;-0,2385;0,0450;-0,0271;-0,9697;;False
1859,43;38.81;PA019​;20250526_093943;1;FO2;0,0531;1,3106;3,0162;-0,2488;0,0451;-0,0258;-0,9672;;False
1859,45;38.82;PA019​;20250526_093943;1;FO2;0,0547;1,3131;3,0298;-0,2581;0,0408;-0,0214;-0,9650;;False
1859,47;38.84;PA019​;20250526_093943;1;FO2;0,0554;1,3159;3,0449;-0,2614;0,0344;-0,0117;-0,9646;;False
1859,48;38.86;PA019​;20250526_093943;1;FO2;0,0556;1,3181;3,0585;-0,2637;0,0300;-0,0029;-0,9641;;False
1859,50;38.87;PA019​;20250526_093943;1;FO2;0,0562;1,3210;3,0828;-0,2764;0,0265;0,0088;-0,9607;;False
1859,52;38.89;PA019​;20250526_093943;1;FO2;0,0560;1,3221;3,0940;-0,2855;0,0245;0,0145;-0,9580;;False
1859,53;38.91;PA019​;20250526_093943;1;FO2;0,0559;1,3235;3,1065;-0,2928;0,0230;0,0151;-0,9558;;False
1859,55;38.92;PA019​;20250526_093943;1;FO2;0,0564;1,3244;3,1198;-0,2958;0,0213;0,0135;-0,9549;;False
1859,56;38.94;PA019​;20250526_093943;1;FO2;0,0562;1,3252;3,1325;-0,2978;0,0167;0,0101;-0,9544;;False
1859,58;38.95;PA019​;20250526_093943;1;FO2;0,0560;1,3253;3,1448;-0,3008;0,0122;0,0071;-0,9536;;False
1859,59;38.97;PA019​;20250526_093943;1;FO2;0,0552;1,3253;3,1569;-0,3046;0,0073;0,0032;-0,9524;;False
1859,61;38.98;PA019​;20250526_093943;1;FO2;0,0541;1,3251;3,1692;-0,3076;0,0026;-0,0009;-0,9515;;False
1859,63;39.0;PA019​;20250526_093943;1;FO2;0,0517;1,3245;3,1943;-0,3110;-0,0085;-0,0062;-0,9503;;False
1859,64;39.02;PA019​;20250526_093943;1;FO2;0,0501;1,3240;3,2076;-0,3090;-0,0151;-0,0090;-0,9509;;False
1859,66;39.03;PA019​;20250526_093943;1;FO2;0,0482;1,3234;3,2210;-0,3053;-0,0210;-0,0120;-0,9519;;False
1859,67;39.05;PA019​;20250526_093943;1;FO2;0,0455;1,3228;3,2339;-0,3019;-0,0251;-0,0157;-0,9529;;False
1859,69;39.06;PA019​;20250526_093943;1;FO2;0,0428;1,3228;3,2475;-0,2993;-0,0275;-0,0177;-0,9536;;False
1859,70;39.08;PA019​;20250526_093943;1;FO2;0,0404;1,3228;3,2619;-0,2925;-0,0272;-0,0201;-0,9557;;False
1859,72;39.09;PA019​;20250526_093943;1;FO2;0,0376;1,3230;3,2760;-0,2853;-0,0262;-0,0238;-0,9578;;False
1859,73;39.11;PA019​;20250526_093943;1;FO2;0,0351;1,3231;3,2906;-0,2775;-0,0241;-0,0260;-0,9601;;False
1859,75;39.13;PA019​;20250526_093943;1;FO2;0,0297;1,3236;3,3202;-0,2622;-0,0209;-0,0284;-0,9644;;False
1859,77;39.14;PA019​;20250526_093943;1;FO2;0,0272;1,3232;3,3350;-0,2533;-0,0166;-0,0280;-0,9668;;False
1859,78;39.16;PA019​;20250526_093943;1;FO2;0,0251;1,3221;3,3488;-0,2456;-0,0101;-0,0284;-0,9689;;False
1859,80;39.17;PA019​;20250526_093943;1;FO2;0,0234;1,3210;3,3621;-0,2411;-0,0021;-0,0301;-0,9700;;False
1859,81;39.19;PA019​;20250526_093943;1;FO2;0,0219;1,3208;3,3761;-0,2400;0,0047;-0,0290;-0,9703;;False
1859,83;39.2;PA019​;20250526_093943;1;FO2;0,0208;1,3209;3,3914;-0,2365;0,0109;-0,0262;-0,9712;;False
1859,84;39.22;PA019​;20250526_093943;1;FO2;0,0204;1,3212;3,4076;-0,2320;0,0181;-0,0235;-0,9723;;False
1859,86;39.23;PA019​;20250526_093943;1;FO2;0,0197;1,3219;3,4402;-0,2207;0,0313;-0,0197;-0,9746;;False
1859,88;39.25;PA019​;20250526_093943;1;FO2;0,0202;1,3234;3,4582;-0,2151;0,0391;-0,0171;-0,9757;;False
1859,89;39.27;PA019​;20250526_093943;1;FO2;0,0209;1,3245;3,4779;-0,2096;0,0471;-0,0171;-0,9765;;False
1859,91;39.28;PA019​;20250526_093943;1;FO2;0,0218;1,3245;3,4954;-0,2048;0,0541;-0,0177;-0,9771;;False
1859,92;39.3;PA019​;20250526_093943;1;FO2;0,0225;1,3241;3,5126;-0,2095;0,0569;-0,0133;-0,9761;;False
1859,94;39.31;PA019​;20250526_093943;1;FO2;0,0222;1,3222;3,5290;-0,2159;0,0538;-0,0028;-0,9749;;False
1859,95;39.33;PA019​;20250526_093943;1;FO2;0,0214;1,3203;3,5444;-0,2275;0,0467;0,0115;-0,9726;;False
1859,97;39.34;PA019​;20250526_093943;1;FO2;0,0200;1,3180;3,5594;-0,2382;0,0402;0,0206;-0,9702;;False
1859,98;39.36;PA019​;20250526_093943;1;FO2;0,0164;1,3155;3,5883;-0,2621;0,0359;0,0243;-0,9641;;False
1860,00;39.37;PA019​;20250526_093943;1;FO2;0,0130;1,3165;3,6023;-0,2756;0,0390;0,0134;-0,9604;;False
1860,02;39.39;PA019​;20250526_093943;1;FO2;0,0099;1,3188;3,6173;-0,2829;0,0433;0,0043;-0,9582;;False
1860,03;39.41;PA019​;20250526_093943;1;FO2;0,0070;1,3207;3,6321;-0,2876;0,0446;-0,0018;-0,9567;;False
1860,05;39.42;PA019​;20250526_093943;1;FO2;0,0048;1,3218;3,6459;-0,2906;0,0436;-0,0049;-0,9558;;False
1860,06;39.44;PA019​;20250526_093943;1;FO2;0,0025;1,3226;3,6597;-0,2941;0,0423;-0,0084;-0,9548;;False
1860,08;39.45;PA019​;20250526_093943;1;FO2;0,0006;1,3231;3,6738;-0,2977;0,0418;-0,0103;-0,9537;;False
1860,09;39.47;PA019​;20250526_093943;1;FO2;-0,0012;1,3237;3,6876;-0,3019;0,0417;-0,0122;-0,9524;;False
1860,11;39.48;PA019​;20250526_093943;1;FO2;-0,0026;1,3240;3,7016;-0,3063;0,0416;-0,0135;-0,9509;;False
1860,12;39.5;PA019​;20250526_093943;1;FO2;-0,0040;1,3240;3,7158;-0,3105;0,0407;-0,0138;-0,9496;;False
1860,14;39.51;PA019​;20250526_093943;1;FO2;-0,0055;1,3238;3,7301;-0,3136;0,0396;-0,0138;-0,9486;;False
1860,15;39.53;PA019​;20250526_093943;1;FO2;-0,0081;1,3233;3,7593;-0,3199;0,0390;-0,0145;-0,9465;;False
1860,17;39.54;PA019​;20250526_093943;1;FO2;-0,0097;1,3227;3,7751;-0,3204;0,0397;-0,0148;-0,9463;;False
1860,18;39.56;PA019​;20250526_093943;1;FO2;-0,0115;1,3218;3,7910;-0,3194;0,0407;-0,0156;-0,9466;;False
1860,20;39.57;PA019​;20250526_093943;1;FO2;-0,0133;1,3209;3,8073;-0,3185;0,0419;-0,0168;-0,9468;;False
1860,21;39.59;PA019​;20250526_093943;1;FO2;-0,0154;1,3194;3,8235;-0,3172;0,0424;-0,0177;-0,9472;;False
1860,23;39.6;PA019​;20250526_093943;1;FO2;-0,0177;1,3175;3,8398;-0,3158;0,0433;-0,0190;-0,9477;;False
1860,24;39.62;PA019​;20250526_093943;1;FO2;-0,0203;1,3153;3,8562;-0,3143;0,0445;-0,0209;-0,9481;;False
1860,26;39.63;PA019​;20250526_093943;1;FO2;-0,0230;1,3126;3,8724;-0,3125;0,0459;-0,0227;-0,9485;;False
1860,27;39.65;PA019​;20250526_093943;1;FO2;-0,0256;1,3089;3,8874;-0,3093;0,0481;-0,0248;-0,9494;;False
1860,29;39.66;PA019​;20250526_093943;1;FO2;-0,0285;1,3061;3,9022;-0,3132;0,0495;-0,0263;-0,9480;;False
1860,31;39.68;PA019​;20250526_093943;1;FO2;-0,0350;1,3014;3,9322;-0,3248;0,0505;-0,0264;-0,9441;;False
1860,32;39.7;PA019​;20250526_093943;1;FO2;-0,0390;1,2998;3,9480;-0,3297;0,0490;-0,0247;-0,9425;;False
1860,34;39.71;PA019​;20250526_093943;1;FO2;-0,0432;1,2988;3,9657;-0,3275;0,0474;-0,0235;-0,9434;;False
1860,35;39.73;PA019​;20250526_093943;1;FO2;-0,0476;1,2992;3,9853;-0,3237;0,0450;-0,0225;-0,9448;;False
1860,37;39.74;PA019​;20250526_093943;1;FO2;-0,0526;1,2999;4,0059;-0,3242;0,0396;-0,0203;-0,9449;;False
1860,38;39.76;PA019​;20250526_093943;1;FO2;-0,0566;1,2970;4,0219;-0,3178;0,0388;-0,0233;-0,9471;;False
1860,40;39.77;PA019​;20250526_093943;1;FO2;-0,0608;1,2979;4,0383;-0,3294;0,0397;-0,0295;-0,9429;;False
1860,41;39.79;PA019​;20250526_093943;1;FO2;-0,0642;1,2988;4,0556;-0,3421;0,0413;-0,0338;-0,9382;;False
1860,43;39.8;PA019​;20250526_093943;1;FO2;-0,0696;1,3001;4,0887;-0,3531;0,0454;-0,0421;-0,9335;;False
1860,44;39.82;PA019​;20250526_093943;1;FO2;-0,0704;1,3009;4,1038;-0,3531;0,0483;-0,0463;-0,9332;;False
1860,46;39.83;PA019​;20250526_093943;1;FO2;-0,0703;1,3029;4,1187;-0,3532;0,0480;-0,0430;-0,9333;;False
1860,47;39.85;PA019​;20250526_093943;1;FO2;-0,0700;1,3050;4,1339;-0,3553;0,0458;-0,0376;-0,9329;;False
1860,49;39.86;PA019​;20250526_093943;1;FO2;-0,0692;1,3068;4,1484;-0,3560;0,0436;-0,0315;-0,9329;;False
1860,50;39.88;PA019​;20250526_093943;1;FO2;-0,0685;1,3083;4,1625;-0,3566;0,0420;-0,0254;-0,9330;;False
1860,52;39.89;PA019​;20250526_093943;1;FO2;-0,0680;1,3102;4,1763;-0,3587;0,0399;-0,0182;-0,9324;;False
1860,53;39.91;PA019​;20250526_093943;1;FO2;-0,0676;1,3119;4,1898;-0,3612;0,0370;-0,0106;-0,9317;;False
1860,55;39.92;PA019​;20250526_093943;1;FO2;-0,0673;1,3138;4,2030;-0,3637;0,0331;-0,0031;-0,9309;;False
1860,57;39.94;PA019​;20250526_093943;1;FO2;-0,0671;1,3158;4,2163;-0,3652;0,0295;0,0012;-0,9305;;False
1860,58;39.96;PA019​;20250526_093943;1;FO2;-0,0668;1,3195;4,2425;-0,3645;0,0238;0,0072;-0,9309;;False
1860,60;39.97;PA019​;20250526_093943;1;FO2;-0,0670;1,3209;4,2554;-0,3613;0,0218;0,0069;-0,9322;;False
1860,61;39.99;PA019​;20250526_093943;1;FO2;-0,0673;1,3220;4,2681;-0,3584;0,0198;0,0062;-0,9334;;False
1860,63;40.0;PA019​;20250526_093943;1;FO2;-0,0678;1,3231;4,2807;-0,3559;0,0178;0,0042;-0,9343;;False
1860,64;40.02;PA019​;20250526_093943;1;FO2;-0,0684;1,3240;4,2933;-0,3538;0,0164;0,0018;-0,9352;;False
1860,66;40.04;PA019​;20250526_093943;1;FO2;-0,0691;1,3243;4,3060;-0,3513;0,0161;-0,0012;-0,9361;;False
1860,68;40.05;PA019​;20250526_093943;1;FO2;-0,0700;1,3244;4,3188;-0,3488;0,0156;-0,0036;-0,9371;;False
1860,69;40.06;PA019​;20250526_093943;1;FO2;-0,0710;1,3240;4,3319;-0,3450;0,0155;-0,0064;-0,9384;;False
1860,71;40.08;PA019​;20250526_093943;1;FO2;-0,0730;1,3228;4,3585;-0,3364;0,0160;-0,0120;-0,9415;;False
1860,72;40.1;PA019​;20250526_093943;1;FO2;-0,0741;1,3213;4,3722;-0,3288;0,0168;-0,0147;-0,9442;;False
1860,74;40.11;PA019​;20250526_093943;1;FO2;-0,0749;1,3200;4,3863;-0,3212;0,0171;-0,0158;-0,9467;;False
1860,75;40.13;PA019​;20250526_093943;1;FO2;-0,0758;1,3183;4,4002;-0,3123;0,0154;-0,0147;-0,9497;;False
1860,77;40.14;PA019​;20250526_093943;1;FO2;-0,0763;1,3172;4,4147;-0,3043;0,0141;-0,0132;-0,9524;;False
1860,78;40.16;PA019​;20250526_093943;1;FO2;-0,0767;1,3165;4,4291;-0,2942;0,0138;-0,0115;-0,9556;;False
1860,80;40.17;PA019​;20250526_093943;1;FO2;-0,0764;1,3163;4,4441;-0,2844;0,0156;-0,0106;-0,9585;;False
1860,81;40.19;PA019​;20250526_093943;1;FO2;-0,0754;1,3168;4,4594;-0,2733;0,0191;-0,0104;-0,9617;;False
1860,83;40.2;PA019​;20250526_093943;1;FO2;-0,0734;1,3178;4,4751;-0,2615;0,0235;-0,0101;-0,9649;;False
1860,85;40.22;PA019​;20250526_093943;1;FO2;-0,0686;1,3193;4,5061;-0,2404;0,0277;-0,0048;-0,9703;;False
1860,86;40.24;PA019​;20250526_093943;1;FO2;-0,0649;1,3192;4,5216;-0,2299;0,0270;0,0022;-0,9728;;False
1860,88;40.25;PA019​;20250526_093943;1;FO2;-0,0609;1,3198;4,5377;-0,2219;0,0271;0,0072;-0,9747;;False
1860,89;40.27;PA019​;20250526_093943;1;FO2;-0,0568;1,3216;4,5556;-0,2179;0,0271;0,0111;-0,9755;;False
1860,91;40.28;PA019​;20250526_093943;1;FO2;-0,0523;1,3216;4,5736;-0,2106;0,0296;0,0127;-0,9770;;False
1860,92;40.3;PA019​;20250526_093943;1;FO2;-0,0478;1,3228;4,5909;-0,2102;0,0314;0,0139;-0,9771;;False
1860,94;40.31;PA019​;20250526_093943;1;FO2;-0,0439;1,3232;4,6085;-0,2125;0,0305;0,0180;-0,9765;;False
1860,95;40.33;PA019​;20250526_093943;1;FO2;-0,0409;1,3221;4,6243;-0,2144;0,0253;0,0265;-0,9761;;False
1860,97;40.34;PA019​;20250526_093943;1;FO2;-0,0389;1,3208;4,6398;-0,2214;0,0172;0,0374;-0,9743;;False
1860,98;40.36;PA019​;20250526_093943;1;FO2;-0,0378;1,3176;4,6539;-0,2254;0,0083;0,0471;-0,9731;;False
1861,00;40.37;PA019​;20250526_093943;1;FO2;-0,0378;1,3162;4,6676;-0,2352;0,0010;0,0517;-0,9706;;False
1861,01;40.39;PA019​;20250526_093943;1;FO2;-0,0381;1,3161;4,6819;-0,2466;-0,0029;0,0519;-0,9677;;False
1861,03;40.4;PA019​;20250526_093943;1;FO2;-0,0391;1,3171;4,7113;-0,2631;-0,0052;0,0441;-0,9638;;False
1861,04;40.42;PA019​;20250526_093943;1;FO2;-0,0401;1,3196;4,7263;-0,2685;-0,0015;0,0299;-0,9628;;False
1861,06;40.44;PA019​;20250526_093943;1;FO2;-0,0410;1,3214;4,7400;-0,2668;0,0023;0,0198;-0,9635;;False
1861,08;40.45;PA019​;20250526_093943;1;FO2;-0,0418;1,3236;4,7538;-0,2664;0,0055;0,0162;-0,9637;;False
1861,09;40.47;PA019​;20250526_093943;1;FO2;-0,0421;1,3259;4,7674;-0,2654;0,0077;0,0152;-0,9640;Collision avec Chemin3 - Objet Parent Plot-Mousse3;False
1861,11;40.48;PA019​;20250526_093943;1;FO2;-0,0421;1,3307;4,7947;-0,2635;0,0113;0,0123;-0,9645;Collision avec Chemin3 - Objet Parent Plot-Mousse3;False
1861,12;40.5;PA019​;20250526_093943;1;FO2;-0,0408;1,3334;4,8078;-0,2604;0,0129;0,0120;-0,9653;Collision avec Chemin3 - Objet Parent Plot-Mousse3;False
1861,14;40.52;PA019​;20250526_093943;1;FO2;-0,0393;1,3357;4,8207;-0,2572;0,0121;0,0119;-0,9662;Collision avec Chemin3 - Objet Parent Plot-Mousse3;False
1861,15;40.53;PA019​;20250526_093943;1;FO2;-0,0375;1,3380;4,8339;-0,2542;0,0096;0,0130;-0,9670;Collision avec Chemin3 - Objet Parent Plot-Mousse3;False
1861,17;40.54;PA019​;20250526_093943;1;FO2;-0,0354;1,3400;4,8470;-0,2507;0,0058;0,0136;-0,9680;Collision avec Chemin3 - Objet Parent Plot-Mousse3;False
1861,18;40.55;PA019​;20250526_093943;1;FO2;-0,0331;1,3415;4,8597;-0,2470;0,0013;0,0129;-0,9689;Collision avec Chemin3 - Objet Parent Plot-Mousse3;False
1861,19;40.57;PA019​;20250526_093943;1;FO2;-0,0306;1,3424;4,8723;-0,2445;-0,0031;0,0114;-0,9696;Collision avec Chemin3 - Objet Parent Plot-Mousse3;False
1861,21;40.58;PA019​;20250526_093943;1;FO2;-0,0283;1,3426;4,8848;-0,2433;-0,0075;0,0098;-0,9699;Collision avec Chemin3 - Objet Parent Plot-Mousse3;False
1861,22;40.59;PA019​;20250526_093943;1;FO2;-0,0259;1,3421;4,8971;-0,2439;-0,0112;0,0081;-0,9697;Collision avec Chemin3 - Objet Parent Plot-Mousse3;False
1861,23;40.61;PA019​;20250526_093943;1;FO2;-0,0236;1,3408;4,9094;-0,2465;-0,0140;0,0063;-0,9690;Collision avec Chemin3 - Objet Parent Plot-Mousse3;False
1861,25;40.62;PA019​;20250526_093943;1;FO2;-0,0213;1,3387;4,9218;-0,2497;-0,0153;0,0042;-0,9682;Collision avec Chemin3 - Objet Parent Plot-Mousse3;False
1861,26;40.64;PA019​;20250526_093943;1;FO2;-0,0194;1,3357;4,9339;-0,2535;-0,0162;0,0027;-0,9672;Collision avec Chemin3 - Objet Parent Plot-Mousse3;False
1861,28;40.65;PA019​;20250526_093943;1;FO2;-0,0179;1,3325;4,9465;-0,2592;-0,0161;0,0013;-0,9657;Collision avec Chemin3 - Objet Parent Plot-Mousse3;False
1861,29;40.66;PA019​;20250526_093943;1;FO2;-0,0164;1,3288;4,9591;-0,2648;-0,0169;0,0011;-0,9642;Collision avec Chemin3 - Objet Parent Plot-Mousse3;False
1861,30;40.68;PA019​;20250526_093943;1;FO2;-0,0152;1,3248;4,9715;-0,2699;-0,0177;0,0019;-0,9627;Collision avec Chemin3 - Objet Parent Plot-Mousse3;False
1861,32;40.69;PA019​;20250526_093943;1;FO2;-0,0144;1,3210;4,9843;-0,2759;-0,0190;0,0041;-0,9610;Collision avec Chemin3 - Objet Parent Plot-Mousse3;False
1861,33;40.71;PA019​;20250526_093943;1;FO2;-0,0143;1,3169;4,9969;-0,2803;-0,0208;0,0067;-0,9597;Collision avec Chemin3 - Objet Parent Plot-Mousse3;False
1861,34;40.72;PA019​;20250526_093943;1;FO2;-0,0152;1,3140;5,0104;-0,2832;-0,0231;0,0082;-0,9587;Collision avec Chemin3 - Objet Parent Plot-Mousse3;False
1861,36;40.73;PA019​;20250526_093943;1;FO2;-0,0162;1,3118;5,0248;-0,2836;-0,0250;0,0094;-0,9586;Collision avec Chemin3 - Objet Parent Plot-Mousse3;False
1861,37;40.75;PA019​;20250526_093943;1;FO2;-0,0181;1,3100;5,0401;-0,2787;-0,0275;0,0085;-0,9600;Collision avec Chemin3 - Objet Parent Plot-Mousse3;False
1861,39;40.76;PA019​;20250526_093943;1;FO2;-0,0203;1,3095;5,0563;-0,2712;-0,0300;0,0073;-0,9620;Collision avec Chemin3 - Objet Parent Plot-Mousse3;False
1861,40;40.77;PA019​;20250526_093943;1;FO2;-0,0232;1,3095;5,0732;-0,2601;-0,0325;0,0050;-0,9650;Collision avec Chemin3 - Objet Parent Plot-Mousse3;False
1861,41;40.79;PA019​;20250526_093943;1;FO2;-0,0268;1,3109;5,0903;-0,2455;-0,0341;0,0008;-0,9688;Collision avec Chemin3 - Objet Parent Plot-Mousse3;False
1861,43;40.8;PA019​;20250526_093943;1;FO2;-0,0310;1,3125;5,1084;-0,2289;-0,0362;-0,0022;-0,9728;Collision avec Chemin3 - Objet Parent Plot-Mousse3;False
1861,44;40.82;PA019​;20250526_093943;1;FO2;-0,0352;1,3141;5,1267;-0,2122;-0,0387;-0,0042;-0,9764;Collision avec Chemin3 - Objet Parent Plot-Mousse3;False
1861,46;40.83;PA019​;20250526_093943;1;FO2;-0,0398;1,3160;5,1456;-0,1947;-0,0406;-0,0066;-0,9800;Collision avec Chemin3 - Objet Parent Plot-Mousse3;False
1861,47;40.84;PA019​;20250526_093943;1;FO2;-0,0444;1,3178;5,1645;-0,1798;-0,0418;-0,0077;-0,9828;Collision avec Chemin3 - Objet Parent Plot-Mousse3;False
1861,48;40.86;PA019​;20250526_093943;1;FO2;-0,0490;1,3190;5,1834;-0,1643;-0,0423;-0,0084;-0,9855;Collision avec Chemin3 - Objet Parent Plot-Mousse3;False
1861,50;40.87;PA019​;20250526_093943;1;FO2;-0,0534;1,3235;5,2047;-0,1576;-0,0458;-0,0059;-0,9864;Collision avec Chemin3 - Objet Parent Plot-Mousse3;False
1861,51;40.89;PA019​;20250526_093943;1;FO2;-0,0569;1,3232;5,2245;-0,1422;-0,0484;-0,0020;-0,9886;Collision avec Chemin3 - Objet Parent Plot-Mousse3;False
1861,53;40.9;PA019​;20250526_093943;1;FO2;-0,0609;1,3239;5,2432;-0,1353;-0,0475;-0,0040;-0,9897;Collision avec Chemin3 - Objet Parent Plot-Mousse3;False
1861,54;40.91;PA019​;20250526_093943;1;FO2;-0,0640;1,3259;5,2624;-0,1379;-0,0435;-0,0042;-0,9895;Collision avec Chemin3 - Objet Parent Plot-Mousse3;False
1861,55;40.93;PA019​;20250526_093943;1;FO2;-0,0660;1,3280;5,2816;-0,1464;-0,0361;-0,0073;-0,9885;;False
1861,57;40.94;PA019​;20250526_093943;1;FO2;-0,0665;1,3295;5,2998;-0,1616;-0,0228;-0,0179;-0,9864;;False
1861,58;40.96;PA019​;20250526_093943;1;FO2;-0,0660;1,3287;5,3143;-0,1752;-0,0075;-0,0297;-0,9841;;False
1861,59;40.97;PA019​;20250526_093943;1;FO2;-0,0644;1,3271;5,3272;-0,1899;0,0050;-0,0333;-0,9812;;False
1861,61;40.98;PA019​;20250526_093943;1;FO2;-0,0612;1,3258;5,3393;-0,2046;0,0137;-0,0293;-0,9783;;False
1861,62;41.0;PA019​;20250526_093943;1;FO2;-0,0570;1,3265;5,3510;-0,2185;0,0160;-0,0181;-0,9755;;False
1861,64;41.01;PA019​;20250526_093943;1;FO2;-0,0530;1,3289;5,3639;-0,2318;0,0140;-0,0042;-0,9726;;False
1861,65;41.02;PA019​;20250526_093943;1;FO2;-0,0496;1,3309;5,3771;-0,2410;0,0122;0,0095;-0,9704;;False
1861,66;41.04;PA019​;20250526_093943;1;FO2;-0,0470;1,3324;5,3888;-0,2516;0,0123;0,0183;-0,9676;;False
1861,68;41.05;PA019​;20250526_093943;1;FO2;-0,0446;1,3330;5,3993;-0,2617;0,0115;0,0260;-0,9647;;False
1861,69;41.07;PA019​;20250526_093943;1;FO2;-0,0426;1,3340;5,4101;-0,2727;0,0074;0,0345;-0,9614;;False
1861,71;41.08;PA019​;20250526_093943;1;FO2;-0,0401;1,3348;5,4217;-0,2796;0,0052;0,0375;-0,9594;;False
1861,72;41.09;PA019​;20250526_093943;1;FO2;-0,0382;1,3357;5,4333;-0,2847;0,0036;0,0367;-0,9579;;False
1861,73;41.11;PA019​;20250526_093943;1;FO2;-0,0366;1,3367;5,4449;-0,2894;0,0018;0,0356;-0,9565;;False
1861,75;41.12;PA019​;20250526_093943;1;FO2;-0,0354;1,3370;5,4559;-0,2917;-0,0018;0,0358;-0,9558;;False
1861,76;41.14;PA019​;20250526_093943;1;FO2;-0,0342;1,3375;5,4671;-0,2932;-0,0072;0,0364;-0,9553;;False
1861,78;41.15;PA019​;20250526_093943;1;FO2;-0,0329;1,3381;5,4789;-0,2953;-0,0129;0,0367;-0,9546;;False
1861,79;41.16;PA019​;20250526_093943;1;FO2;-0,0322;1,3381;5,4904;-0,2952;-0,0186;0,0349;-0,9546;;False
1861,80;41.18;PA019​;20250526_093943;1;FO2;-0,0317;1,3380;5,5023;-0,2966;-0,0228;0,0334;-0,9541;;False
1861,82;41.19;PA019​;20250526_093943;1;FO2;-0,0318;1,3372;5,5139;-0,2984;-0,0263;0,0318;-0,9535;;False
1861,83;41.21;PA019​;20250526_093943;1;FO2;-0,0322;1,3361;5,5254;-0,3009;-0,0296;0,0309;-0,9527;;False
1861,84;41.22;PA019​;20250526_093943;1;FO2;-0,0326;1,3347;5,5373;-0,3044;-0,0313;0,0296;-0,9516;;False
1861,86;41.23;PA019​;20250526_093943;1;FO2;-0,0332;1,3333;5,5497;-0,3080;-0,0327;0,0280;-0,9504;;False
1861,87;41.25;PA019​;20250526_093943;1;FO2;-0,0336;1,3319;5,5626;-0,3096;-0,0335;0,0262;-0,9499;;False
1861,89;41.26;PA019​;20250526_093943;1;FO2;-0,0340;1,3305;5,5762;-0,3105;-0,0343;0,0249;-0,9496;;False
1861,90;41.28;PA019​;20250526_093943;1;FO2;-0,0347;1,3287;5,5901;-0,3096;-0,0351;0,0242;-0,9499;;False
1861,91;41.29;PA019​;20250526_093943;1;FO2;-0,0354;1,3268;5,6040;-0,3082;-0,0360;0,0247;-0,9503;;False
1861,93;41.3;PA019​;20250526_093943;1;FO2;-0,0360;1,3249;5,6181;-0,3064;-0,0363;0,0255;-0,9509;;False
1861,94;41.32;PA019​;20250526_093943;1;FO2;-0,0362;1,3231;5,6320;-0,3043;-0,0353;0,0252;-0,9516;;False
1861,96;41.33;PA019​;20250526_093943;1;FO2;-0,0360;1,3213;5,6458;-0,3027;-0,0334;0,0246;-0,9522;;False
1861,97;41.34;PA019​;20250526_093943;1;FO2;-0,0355;1,3189;5,6590;-0,2999;-0,0313;0,0236;-0,9532;;False
1861,98;41.36;PA019​;20250526_093943;1;FO2;-0,0344;1,3168;5,6703;-0,2974;-0,0289;0,0224;-0,9541;;False
1862,00;41.37;PA019​;20250526_093943;1;FO2;-0,0329;1,3165;5,6823;-0,3003;-0,0262;0,0223;-0,9532;;False
1862,01;41.39;PA019​;20250526_093943;1;FO2;-0,0309;1,3166;5,6954;-0,3014;-0,0251;0,0230;-0,9529;;False
1862,03;41.4;PA019​;20250526_093943;1;FO2;-0,0281;1,3169;5,7097;-0,2935;-0,0230;0,0243;-0,9554;;False
1862,04;41.41;PA019​;20250526_093943;1;FO2;-0,0250;1,3181;5,7250;-0,2822;-0,0197;0,0233;-0,9589;;False
1862,05;41.43;PA019​;20250526_093943;1;FO2;-0,0215;1,3201;5,7416;-0,2665;-0,0160;0,0227;-0,9634;;False
1862,07;41.44;PA019​;20250526_093943;1;FO2;-0,0180;1,3240;5,7603;-0,2586;-0,0134;0,0232;-0,9656;;False
1862,08;41.46;PA019​;20250526_093943;1;FO2;-0,0138;1,3224;5,7766;-0,2411;-0,0077;0,0210;-0,9702;;False
1862,10;41.47;PA019​;20250526_093943;1;FO2;-0,0095;1,3241;5,7921;-0,2415;-0,0012;0,0170;-0,9702;;False
1862,11;41.48;PA019​;20250526_093943;1;FO2;-0,0055;1,3244;5,8083;-0,2452;0,0016;0,0189;-0,9693;;False
1862,12;41.5;PA019​;20250526_093943;1;FO2;-0,0028;1,3238;5,8249;-0,2496;-0,0021;0,0285;-0,9679;;False
1862,14;41.51;PA019​;20250526_093943;1;FO2;-0,0012;1,3224;5,8396;-0,2549;-0,0092;0,0433;-0,9659;;False
1862,15;41.53;PA019​;20250526_093943;1;FO2;-0,0002;1,3198;5,8537;-0,2615;-0,0155;0,0538;-0,9636;;False
1862,16;41.54;PA019​;20250526_093943;1;FO2;0,0004;1,3176;5,8671;-0,2694;-0,0179;0,0552;-0,9613;;False
1862,18;41.55;PA019​;20250526_093943;1;FO2;0,0004;1,3170;5,8805;-0,2827;-0,0164;0,0500;-0,9578;;False
1862,19;41.57;PA019​;20250526_093943;1;FO2;0,0002;1,3170;5,8940;-0,2964;-0,0128;0,0420;-0,9540;;False
1862,21;41.58;PA019​;20250526_093943;1;FO2;-0,0004;1,3177;5,9083;-0,3080;-0,0094;0,0314;-0,9508;;False
1862,22;41.59;PA019​;20250526_093943;1;FO2;-0,0004;1,3193;5,9231;-0,3142;-0,0063;0,0209;-0,9491;;False
1862,23;41.61;PA019​;20250526_093943;1;FO2;-0,0001;1,3211;5,9382;-0,3169;-0,0051;0,0116;-0,9484;;False
1862,25;41.62;PA019​;20250526_093943;1;FO2;0,0004;1,3222;5,9529;-0,3176;-0,0046;0,0037;-0,9482;;False
1862,26;41.64;PA019​;20250526_093943;1;FO2;0,0008;1,3229;5,9667;-0,3190;-0,0032;-0,0041;-0,9477;;False
1862,28;41.65;PA019​;20250526_093943;1;FO2;0,0014;1,3232;5,9801;-0,3203;-0,0007;-0,0096;-0,9473;;False
1862,29;41.66;PA019​;20250526_093943;1;FO2;0,0023;1,3238;5,9938;-0,3222;0,0022;-0,0118;-0,9466;;False
1862,30;41.68;PA019​;20250526_093943;1;FO2;0,0033;1,3243;6,0077;-0,3223;0,0036;-0,0112;-0,9466;;False
1862,32;41.69;PA019​;20250526_093943;1;FO2;0,0048;1,3248;6,0219;-0,3211;0,0044;-0,0092;-0,9470;;False
1862,33;41.71;PA019​;20250526_093943;1;FO2;0,0067;1,3253;6,0365;-0,3181;0,0037;-0,0062;-0,9480;;False
1862,35;41.72;PA019​;20250526_093943;1;FO2;0,0085;1,3260;6,0514;-0,3129;0,0016;-0,0037;-0,9498;;False
1862,36;41.73;PA019​;20250526_093943;1;FO2;0,0101;1,3260;6,0662;-0,3077;0,0006;-0,0030;-0,9515;;False
1862,37;41.75;PA019​;20250526_093943;1;FO2;0,0114;1,3257;6,0808;-0,3023;0,0003;-0,0030;-0,9532;;False
1862,39;41.76;PA019​;20250526_093943;1;FO2;0,0124;1,3253;6,0956;-0,2980;-0,0004;-0,0028;-0,9546;;False
1862,40;41.78;PA019​;20250526_093943;1;FO2;0,0128;1,3249;6,1109;-0,2926;-0,0014;-0,0023;-0,9562;;False
1862,43;41.8;PA019​;20250526_093943;1;FO2;0,0122;1,3244;6,1272;-0,2857;-0,0025;-0,0014;-0,9583;;False
1862,44;41.81;PA019​;20250526_093943;1;FO2;0,0115;1,3236;6,1432;-0,2785;-0,0023;-0,0029;-0,9604;;False
1862,45;41.83;PA019​;20250526_093943;1;FO2;0,0102;1,3226;6,1595;-0,2717;-0,0028;-0,0042;-0,9624;;False
1862,47;41.84;PA019​;20250526_093943;1;FO2;0,0087;1,3212;6,1758;-0,2640;-0,0021;-0,0062;-0,9645;;False
1862,48;41.86;PA019​;20250526_093943;1;FO2;0,0067;1,3193;6,1917;-0,2560;-0,0020;-0,0082;-0,9666;;False
1862,50;41.87;PA019​;20250526_093943;1;FO2;0,0043;1,3171;6,2074;-0,2501;-0,0015;-0,0096;-0,9682;;False
1862,51;41.89;PA019​;20250526_093943;1;FO2;0,0011;1,3154;6,2234;-0,2476;-0,0019;-0,0098;-0,9688;;False
1862,52;41.9;PA019​;20250526_093943;1;FO2;-0,0023;1,3143;6,2396;-0,2472;-0,0023;-0,0091;-0,9689;;False
1862,54;41.91;PA019​;20250526_093943;1;FO2;-0,0061;1,3128;6,2560;-0,2446;-0,0024;-0,0095;-0,9696;;False
1862,55;41.93;PA019​;20250526_093943;1;FO2;-0,0101;1,3116;6,2723;-0,2414;-0,0022;-0,0109;-0,9704;;False
1862,56;41.94;PA019​;20250526_093943;1;FO2;-0,0142;1,3108;6,2892;-0,2370;-0,0013;-0,0119;-0,9714;;False
1862,58;41.95;PA019​;20250526_093943;1;FO2;-0,0188;1,3114;6,3075;-0,2316;-0,0029;-0,0089;-0,9728;;False
1862,59;41.97;PA019​;20250526_093943;1;FO2;-0,0234;1,3121;6,3275;-0,2268;-0,0047;-0,0047;-0,9739;;False
1862,61;41.98;PA019​;20250526_093943;1;FO2;-0,0273;1,3110;6,3449;-0,2184;-0,0006;-0,0073;-0,9758;;False
1862,62;42.0;PA019​;20250526_093943;1;FO2;-0,0318;1,3126;6,3625;-0,2253;0,0037;-0,0103;-0,9742;;False
1862,63;42.01;PA019​;20250526_093943;1;FO2;-0,0351;1,3133;6,3808;-0,2310;0,0108;-0,0133;-0,9728;;False
1862,65;42.02;PA019​;20250526_093943;1;FO2;-0,0375;1,3149;6,3985;-0,2410;0,0205;-0,0199;-0,9701;;False
1862,66;42.04;PA019​;20250526_093943;1;FO2;-0,0391;1,3136;6,4147;-0,2441;0,0307;-0,0249;-0,9689;;False
1862,68;42.05;PA019​;20250526_093943;1;FO2;-0,0393;1,3121;6,4292;-0,2476;0,0415;-0,0278;-0,9676;;False
1862,69;42.06;PA019​;20250526_093943;1;FO2;-0,0380;1,3110;6,4418;-0,2554;0,0513;-0,0295;-0,9650;;False
1862,70;42.08;PA019​;20250526_093943;1;FO2;-0,0358;1,3112;6,4548;-0,2705;0,0538;-0,0268;-0,9608;;False
1862,72;42.09;PA019​;20250526_093943;1;FO2;-0,0332;1,3119;6,4686;-0,2807;0,0522;-0,0188;-0,9582;;False
1862,73;42.11;PA019​;20250526_093943;1;FO2;-0,0309;1,3132;6,4831;-0,2869;0,0489;-0,0087;-0,9567;;False
1862,75;42.12;PA019​;20250526_093943;1;FO2;-0,0288;1,3143;6,4967;-0,2936;0,0480;-0,0018;-0,9547;;False
1862,76;42.13;PA019​;20250526_093943;1;FO2;-0,0265;1,3148;6,5095;-0,3010;0,0474;0,0038;-0,9524;;False
1862,77;42.15;PA019​;20250526_093943;1;FO2;-0,0242;1,3152;6,5217;-0,3095;0,0454;0,0085;-0,9498;;False
1862,79;42.16;PA019​;20250526_093943;1;FO2;-0,0221;1,3156;6,5340;-0,3175;0,0420;0,0123;-0,9473;;False
1862,80;42.18;PA019​;20250526_093943;1;FO2;-0,0199;1,3163;6,5464;-0,3239;0,0385;0,0146;-0,9452;;False
1862,82;42.19;PA019​;20250526_093943;1;FO2;-0,0178;1,3173;6,5590;-0,3297;0,0354;0,0140;-0,9433;;False
1862,83;42.2;PA019​;20250526_093943;1;FO2;-0,0164;1,3181;6,5712;-0,3341;0,0318;0,0128;-0,9419;Collision avec Chemin4 - Objet Parent Plot-Mousse4;False
1862,84;42.22;PA019​;20250526_093943;1;FO2;-0,0151;1,3188;6,5833;-0,3390;0,0276;0,0125;-0,9403;Collision avec Chemin4 - Objet Parent Plot-Mousse4;False
1862,86;42.23;PA019​;20250526_093943;1;FO2;-0,0137;1,3191;6,5950;-0,3429;0,0233;0,0127;-0,9390;Collision avec Chemin4 - Objet Parent Plot-Mousse4;False
1862,87;42.25;PA019​;20250526_093943;1;FO2;-0,0124;1,3194;6,6067;-0,3465;0,0197;0,0118;-0,9378;Collision avec Chemin4 - Objet Parent Plot-Mousse4;False
1862,88;42.26;PA019​;20250526_093943;1;FO2;-0,0113;1,3196;6,6184;-0,3492;0,0165;0,0102;-0,9369;Collision avec Chemin4 - Objet Parent Plot-Mousse4;False
1862,90;42.27;PA019​;20250526_093943;1;FO2;-0,0102;1,3195;6,6302;-0,3513;0,0140;0,0095;-0,9361;Collision avec Chemin4 - Objet Parent Plot-Mousse4;False
1862,91;42.29;PA019​;20250526_093943;1;FO2;-0,0098;1,3191;6,6419;-0,3529;0,0112;0,0087;-0,9355;Collision avec Chemin4 - Objet Parent Plot-Mousse4;False
1862,93;42.3;PA019​;20250526_093943;1;FO2;-0,0094;1,3183;6,6536;-0,3538;0,0091;0,0083;-0,9352;Collision avec Chemin4 - Objet Parent Plot-Mousse4;False
1862,94;42.32;PA019​;20250526_093943;1;FO2;-0,0090;1,3170;6,6652;-0,3536;0,0071;0,0081;-0,9353;Collision avec Chemin4 - Objet Parent Plot-Mousse4;False
1862,95;42.33;PA019​;20250526_093943;1;FO2;-0,0087;1,3154;6,6768;-0,3527;0,0051;0,0080;-0,9357;Collision avec Chemin4 - Objet Parent Plot-Mousse4;False
1862,97;42.34;PA019​;20250526_093943;1;FO2;-0,0084;1,3138;6,6885;-0,3513;0,0029;0,0083;-0,9362;Collision avec Chemin4 - Objet Parent Plot-Mousse4;False
1862,98;42.36;PA019​;20250526_093943;1;FO2;-0,0081;1,3121;6,7005;-0,3495;0,0003;0,0089;-0,9369;Collision avec Chemin4 - Objet Parent Plot-Mousse4;False
1863,00;42.37;PA019​;20250526_093943;1;FO2;-0,0078;1,3103;6,7125;-0,3471;-0,0024;0,0102;-0,9378;Collision avec Chemin4 - Objet Parent Plot-Mousse4;False
1863,01;42.38;PA019​;20250526_093943;1;FO2;-0,0076;1,3084;6,7246;-0,3447;-0,0059;0,0122;-0,9386;Collision avec Chemin4 - Objet Parent Plot-Mousse4;False
1863,02;42.4;PA019​;20250526_093943;1;FO2;-0,0073;1,3066;6,7369;-0,3421;-0,0097;0,0146;-0,9395;Collision avec Chemin4 - Objet Parent Plot-Mousse4;False
1863,04;42.41;PA019​;20250526_093943;1;FO2;-0,0065;1,3049;6,7495;-0,3395;-0,0131;0,0175;-0,9403;Collision avec Chemin4 - Objet Parent Plot-Mousse4;False
1863,05;42.43;PA019​;20250526_093943;1;FO2;-0,0054;1,3037;6,7629;-0,3357;-0,0160;0,0198;-0,9416;Collision avec Chemin4 - Objet Parent Plot-Mousse4;False
1863,07;42.44;PA019​;20250526_093943;1;FO2;-0,0041;1,3029;6,7768;-0,3304;-0,0182;0,0209;-0,9435;Collision avec Chemin4 - Objet Parent Plot-Mousse4;False
1863,08;42.45;PA019​;20250526_093943;1;FO2;-0,0026;1,3027;6,7916;-0,3239;-0,0194;0,0223;-0,9456;Collision avec Chemin4 - Objet Parent Plot-Mousse4;False
1863,09;42.47;PA019​;20250526_093943;1;FO2;-0,0008;1,3031;6,8071;-0,3148;-0,0197;0,0234;-0,9487;Collision avec Chemin4 - Objet Parent Plot-Mousse4;False
1863,11;42.48;PA019​;20250526_093943;1;FO2;0,0017;1,3039;6,8237;-0,3044;-0,0187;0,0251;-0,9520;Collision avec Chemin4 - Objet Parent Plot-Mousse4;False
1863,12;42.5;PA019​;20250526_093943;1;FO2;0,0044;1,3054;6,8417;-0,2941;-0,0179;0,0271;-0,9552;Collision avec Chemin4 - Objet Parent Plot-Mousse4;False
1863,14;42.51;PA019​;20250526_093943;1;FO2;0,0075;1,3068;6,8605;-0,2815;-0,0178;0,0305;-0,9589;Collision avec Chemin4 - Objet Parent Plot-Mousse4;False
1863,15;42.52;PA019​;20250526_093943;1;FO2;0,0107;1,3081;6,8804;-0,2686;-0,0174;0,0339;-0,9625;Collision avec Chemin4 - Objet Parent Plot-Mousse4;False
1863,16;42.54;PA019​;20250526_093943;1;FO2;0,0139;1,3093;6,9011;-0,2559;-0,0160;0,0375;-0,9659;Collision avec Chemin4 - Objet Parent Plot-Mousse4;False
1863,18;42.55;PA019​;20250526_093943;1;FO2;0,0172;1,3101;6,9222;-0,2438;-0,0135;0,0410;-0,9689;Collision avec Chemin4 - Objet Parent Plot-Mousse4;False
1863,19;42.56;PA019​;20250526_093943;1;FO2;0,0205;1,3114;6,9439;-0,2336;-0,0094;0,0428;-0,9713;Collision avec Chemin4 - Objet Parent Plot-Mousse4;False
1863,20;42.58;PA019​;20250526_093943;1;FO2;0,0239;1,3155;6,9683;-0,2305;-0,0042;0,0454;-0,9720;Collision avec Chemin4 - Objet Parent Plot-Mousse4;False
1863,22;42.59;PA019​;20250526_093943;1;FO2;0,0271;1,3145;6,9924;-0,2113;0,0031;0,0431;-0,9765;Collision avec Chemin4 - Objet Parent Plot-Mousse4;False
1863,23;42.61;PA019​;20250526_093943;1;FO2;0,0299;1,3172;7,0160;-0,2063;0,0091;0,0407;-0,9776;Collision avec Chemin4 - Objet Parent Plot-Mousse4;False
1863,25;42.62;PA019​;20250526_093943;1;FO2;0,0322;1,3186;7,0406;-0,2037;0,0114;0,0443;-0,9780;Collision avec Chemin4 - Objet Parent Plot-Mousse4;False
1863,26;42.64;PA019​;20250526_093943;1;FO2;0,0335;1,3180;7,0628;-0,2012;0,0091;0,0515;-0,9781;Collision avec Chemin4 - Objet Parent Plot-Mousse4;False
1863,27;42.65;PA019​;20250526_093943;1;FO2;0,0341;1,3163;7,0833;-0,2048;0,0051;0,0585;-0,9770;;False
1863,29;42.66;PA019​;20250526_093943;1;FO2;0,0337;1,3130;7,1021;-0,2095;0,0006;0,0635;-0,9757;;False
1863,30;42.68;PA019​;20250526_093943;1;FO2;0,0320;1,3100;7,1196;-0,2220;-0,0039;0,0669;-0,9727;;False
1863,32;42.69;PA019​;20250526_093943;1;FO2;0,0294;1,3077;7,1357;-0,2424;-0,0066;0,0674;-0,9678;;False
1863,34;42.72;PA019​;20250526_093943;1;FO2;0,0256;1,3051;7,1663;-0,2789;0,0021;0,0470;-0,9592;;False
1863,36;42.73;PA019​;20250526_093943;1;FO2;0,0244;1,3056;7,1822;-0,2910;0,0083;0,0302;-0,9562;;False
1863,38;42.75;PA019​;20250526_093943;1;FO2;0,0234;1,3064;7,1984;-0,2974;0,0102;0,0195;-0,9545;;False
1863,40;42.77;PA019​;20250526_093943;1;FO2;0,0219;1,3057;7,2274;-0,3096;0,0074;0,0084;-0,9508;;False
1863,42;42.79;PA019​;20250526_093943;1;FO2;0,0218;1,3048;7,2397;-0,3169;0,0077;0,0025;-0,9484;;False
1863,44;42.82;PA019​;20250526_093943;1;FO2;0,0218;1,3052;7,2661;-0,3306;0,0066;-0,0034;-0,9438;;False
1863,47;42.84;PA019​;20250526_093943;1;FO2;0,0226;1,3072;7,2940;-0,3325;0,0044;-0,0056;-0,9431;;False
1863,49;42.86;PA019​;20250526_093943;1;FO2;0,0231;1,3079;7,3071;-0,3312;0,0031;-0,0059;-0,9435;;False
1863,51;42.89;PA019​;20250526_093943;1;FO2;0,0245;1,3088;7,3327;-0,3311;0,0003;-0,0066;-0,9436;;False
1863,53;42.9;PA019​;20250526_093943;1;FO2;0,0252;1,3089;7,3458;-0,3316;-0,0015;-0,0054;-0,9434;;False
1863,54;42.92;PA019​;20250526_093943;1;FO2;0,0257;1,3086;7,3589;-0,3312;-0,0041;-0,0035;-0,9435;;False
1863,57;42.94;PA019​;20250526_093943;1;FO2;0,0267;1,3073;7,3852;-0,3329;-0,0087;-0,0001;-0,9429;;False
1863,59;42.97;PA019​;20250526_093943;1;FO2;0,0269;1,3044;7,4115;-0,3383;-0,0133;0,0016;-0,9410;;False
1863,62;43.0;PA019​;20250526_093943;1;FO2;0,0261;1,3005;7,4386;-0,3441;-0,0153;0,0008;-0,9388;;False
1863,65;43.02;PA019​;20250526_093943;1;FO2;0,0241;1,2960;7,4666;-0,3492;-0,0151;-0,0015;-0,9369;;False
1863,68;43.05;PA019​;20250526_093943;1;FO2;0,0211;1,2912;7,4951;-0,3559;-0,0133;-0,0044;-0,9344;;False
1863,69;43.07;PA019​;20250526_093943;1;FO2;0,0189;1,2887;7,5101;-0,3577;-0,0130;-0,0047;-0,9337;;False
1863,72;43.09;PA019​;20250526_093943;1;FO2;0,0137;1,2833;7,5397;-0,3582;-0,0143;-0,0021;-0,9336;;False
1863,73;43.11;PA019​;20250526_093943;1;FO2;0,0106;1,2808;7,5538;-0,3586;-0,0146;-0,0006;-0,9334;;False
1863,75;43.12;PA019​;20250526_093943;1;FO2;0,0075;1,2789;7,5686;-0,3610;-0,0132;-0,0007;-0,9325;;False
1863,76;43.14;PA019​;20250526_093943;1;FO2;0,0043;1,2776;7,5837;-0,3612;-0,0117;-0,0006;-0,9324;;False
1863,78;43.15;PA019​;20250526_093943;1;FO2;0,0012;1,2774;7,6003;-0,3606;-0,0116;0,0017;-0,9327;;False
1863,80;43.18;PA019​;20250526_093943;1;FO2;-0,0058;1,2799;7,6371;-0,3612;-0,0234;0,0172;-0,9320;;False
1863,82;43.19;PA019​;20250526_093943;1;FO2;-0,0092;1,2777;7,6545;-0,3470;-0,0318;0,0235;-0,9370;;False
1863,84;43.22;PA019​;20250526_093943;1;FO2;-0,0154;1,2788;7,6894;-0,3549;-0,0329;0,0220;-0,9341;;False
1863,86;43.24;PA019​;20250526_093943;1;FO2;-0,0164;1,2788;7,7045;-0,3646;-0,0230;0,0123;-0,9308;;False
1863,89;43.26;PA019​;20250526_093943;1;FO2;-0,0161;1,2805;7,7326;-0,3741;-0,0001;-0,0059;-0,9274;;False
1863,90;43.27;PA019​;20250526_093943;1;FO2;-0,0148;1,2821;7,7471;-0,3777;0,0037;-0,0033;-0,9259;;False
1863,91;43.29;PA019​;20250526_093943;1;FO2;-0,0126;1,2845;7,7621;-0,3789;-0,0010;0,0093;-0,9254;;False
1863,93;43.3;PA019​;20250526_093943;1;FO2;-0,0098;1,2864;7,7769;-0,3777;-0,0075;0,0229;-0,9256;;False
1863,94;43.32;PA019​;20250526_093943;1;FO2;-0,0070;1,2882;7,7908;-0,3764;-0,0134;0,0333;-0,9257;;False
1863,96;43.33;PA019​;20250526_093943;1;FO2;-0,0045;1,2900;7,8032;-0,3766;-0,0182;0,0422;-0,9252;;False
1863,97;43.34;PA019​;20250526_093943;1;FO2;-0,0021;1,2918;7,8156;-0,3785;-0,0231;0,0492;-0,9240;;False
1863,98;43.36;PA019​;20250526_093943;1;FO2;0,0003;1,2932;7,8276;-0,3790;-0,0266;0,0531;-0,9235;;False
1864,00;43.37;PA019​;20250526_093943;1;FO2;0,0025;1,2952;7,8399;-0,3805;-0,0301;0,0532;-0,9228;;False
1864,01;43.38;PA019​;20250526_093943;1;FO2;0,0048;1,2968;7,8522;-0,3811;-0,0334;0,0514;-0,9225;;False
1864,02;43.4;PA019​;20250526_093943;1;FO2;0,0070;1,2982;7,8641;-0,3818;-0,0376;0,0492;-0,9222;;False
1864,04;43.41;PA019​;20250526_093943;1;FO2;0,0088;1,2996;7,8754;-0,3828;-0,0434;0,0462;-0,9216;;False
1864,05;43.43;PA019​;20250526_093943;1;FO2;0,0108;1,3004;7,8868;-0,3838;-0,0499;0,0440;-0,9210;;False
1864,07;43.44;PA019​;20250526_093943;1;FO2;0,0127;1,3011;7,8984;-0,3846;-0,0563;0,0420;-0,9204;;False
1864,08;43.45;PA019​;20250526_093943;1;FO2;0,0145;1,3015;7,9099;-0,3849;-0,0624;0,0410;-0,9199;;False
1864,09;43.47;PA019​;20250526_093943;1;FO2;0,0160;1,3015;7,9216;-0,3856;-0,0680;0,0405;-0,9193;;False
1864,11;43.48;PA019​;20250526_093943;1;FO2;0,0174;1,3010;7,9330;-0,3863;-0,0727;0,0403;-0,9186;;False
1864,12;43.5;PA019​;20250526_093943;1;FO2;0,0191;1,3003;7,9445;-0,3881;-0,0766;0,0397;-0,9176;;False
1864,14;43.51;PA019​;20250526_093943;1;FO2;0,0209;1,2990;7,9559;-0,3901;-0,0808;0,0388;-0,9164;;False
1864,15;43.52;PA019​;20250526_093943;1;FO2;0,0228;1,2974;7,9675;-0,3911;-0,0852;0,0383;-0,9156;;False
1864,16;43.54;PA019​;20250526_093943;1;FO2;0,0245;1,2957;7,9797;-0,3912;-0,0912;0,0383;-0,9150;;False
1864,18;43.55;PA019​;20250526_093943;1;FO2;0,0264;1,2937;7,9920;-0,3903;-0,0973;0,0402;-0,9147;;False
1864,19;43.57;PA019​;20250526_093943;1;FO2;0,0284;1,2916;8,0046;-0,3898;-0,1044;0,0423;-0,9140;;False
1864,20;43.58;PA019​;20250526_093943;1;FO2;0,0304;1,2894;8,0175;-0,3892;-0,1118;0,0434;-0,9133;;False
1864,22;43.59;PA019​;20250526_093943;1;FO2;0,0328;1,2873;8,0305;-0,3884;-0,1181;0,0437;-0,9129;;False
1864,23;43.61;PA019​;20250526_093943;1;FO2;0,0353;1,2853;8,0442;-0,3883;-0,1239;0,0432;-0,9122;;False
1864,25;43.62;PA019​;20250526_093943;1;FO2;0,0381;1,2834;8,0582;-0,3868;-0,1292;0,0413;-0,9121;;False
1864,26;43.64;PA019​;20250526_093943;1;FO2;0,0411;1,2817;8,0728;-0,3853;-0,1342;0,0397;-0,9121;;False
1864,27;43.65;PA019​;20250526_093943;1;FO2;0,0445;1,2803;8,0883;-0,3828;-0,1391;0,0390;-0,9125;;False
1864,29;43.66;PA019​;20250526_093943;1;FO2;0,0483;1,2789;8,1048;-0,3787;-0,1436;0,0397;-0,9134;;False
1864,30;43.68;PA019​;20250526_093943;1;FO2;0,0525;1,2777;8,1223;-0,3730;-0,1494;0,0416;-0,9148;;False
1864,32;43.69;PA019​;20250526_093943;1;FO2;0,0572;1,2766;8,1406;-0,3665;-0,1566;0,0457;-0,9160;;False
1864,33;43.7;PA019​;20250526_093943;1;FO2;0,0624;1,2751;8,1593;-0,3596;-0,1635;0,0493;-0,9174;;False
1864,34;43.72;PA019​;20250526_093943;1;FO2;0,0677;1,2736;8,1786;-0,3530;-0,1702;0,0518;-0,9186;;False
1864,36;43.73;PA019​;20250526_093943;1;FO2;0,0731;1,2721;8,1989;-0,3460;-0,1764;0,0546;-0,9199;;False
