Timestamp;ElapsedTime;ID_Subject;ID_Session;sessionNumber;ID_Test;HeadPosition_X;HeadPosition_Y;HeadPosition_Z;HeadRotation_X;HeadRotation_Y;HeadRotation_Z;HeadRotation_W;Events;FalseStart
604,40;0.0;pa030​;20250612_123326;1;Marche2;-0,0348;1,3617;0,1059;-0,0534;0,0829;0,0268;0,9948;;False
604,46;0.06;pa030​;20250612_123326;1;Marche2;-0,0341;1,3617;0,1058;-0,0533;0,0828;0,0270;0,9948;;False
604,47;0.07;pa030​;20250612_123326;1;Marche2;-0,0339;1,3617;0,1058;-0,0534;0,0826;0,0269;0,9948;;False
604,49;0.08;pa030​;20250612_123326;1;Marche2;-0,0337;1,3618;0,1058;-0,0535;0,0825;0,0268;0,9948;;False
604,50;0.1;pa030​;20250612_123326;1;Marche2;-0,0335;1,3618;0,1058;-0,0535;0,0824;0,0266;0,9948;;False
604,51;0.11;pa030​;20250612_123326;1;Marche2;-0,0333;1,3618;0,1058;-0,0536;0,0824;0,0264;0,9948;;False
604,53;0.12;pa030​;20250612_123326;1;Marche2;-0,0330;1,3619;0,1058;-0,0534;0,0824;0,0260;0,9948;;False
604,54;0.14;pa030​;20250612_123326;1;Marche2;-0,0328;1,3618;0,1058;-0,0533;0,0824;0,0260;0,9948;;False
604,56;0.15;pa030​;20250612_123326;1;Marche2;-0,0327;1,3618;0,1058;-0,0531;0,0824;0,0260;0,9948;;False
604,57;0.17;pa030​;20250612_123326;1;Marche2;-0,0325;1,3618;0,1059;-0,0531;0,0822;0,0260;0,9949;;False
604,58;0.18;pa030​;20250612_123326;1;Marche2;-0,0324;1,3618;0,1059;-0,0530;0,0821;0,0260;0,9949;;False
604,60;0.19;pa030​;20250612_123326;1;Marche2;-0,0322;1,3618;0,1059;-0,0530;0,0820;0,0259;0,9949;;False
604,61;0.21;pa030​;20250612_123326;1;Marche2;-0,0321;1,3617;0,1059;-0,0529;0,0820;0,0259;0,9949;;False
604,63;0.22;pa030​;20250612_123326;1;Marche2;-0,0319;1,3616;0,1060;-0,0529;0,0817;0,0259;0,9949;;False
604,64;0.24;pa030​;20250612_123326;1;Marche2;-0,0318;1,3616;0,1060;-0,0531;0,0815;0,0259;0,9949;;False
604,67;0.26;pa030​;20250612_123326;1;Marche2;-0,0317;1,3615;0,1061;-0,0530;0,0809;0,0262;0,9950;;False
604,68;0.28;pa030​;20250612_123326;1;Marche2;-0,0316;1,3615;0,1062;-0,0530;0,0808;0,0262;0,9950;;False
604,70;0.29;pa030​;20250612_123326;1;Marche2;-0,0315;1,3615;0,1063;-0,0526;0,0805;0,0260;0,9950;;False
604,71;0.31;pa030​;20250612_123326;1;Marche2;-0,0314;1,3615;0,1064;-0,0526;0,0805;0,0260;0,9950;;False
604,72;0.32;pa030​;20250612_123326;1;Marche2;-0,0313;1,3616;0,1065;-0,0528;0,0800;0,0259;0,9951;;False
604,74;0.33;pa030​;20250612_123326;1;Marche2;-0,0313;1,3617;0,1067;-0,0530;0,0799;0,0260;0,9951;;False
604,75;0.35;pa030​;20250612_123326;1;Marche2;-0,0312;1,3618;0,1068;-0,0533;0,0795;0,0260;0,9951;;False
604,76;0.36;pa030​;20250612_123326;1;Marche2;-0,0311;1,3619;0,1069;-0,0531;0,0793;0,0259;0,9951;;False
604,78;0.37;pa030​;20250612_123326;1;Marche2;-0,0310;1,3620;0,1070;-0,0532;0,0792;0,0258;0,9951;;False
604,79;0.39;pa030​;20250612_123326;1;Marche2;-0,0310;1,3621;0,1071;-0,0531;0,0792;0,0257;0,9951;;False
604,81;0.4;pa030​;20250612_123326;1;Marche2;-0,0309;1,3622;0,1073;-0,0533;0,0792;0,0256;0,9951;;False
604,82;0.42;pa030​;20250612_123326;1;Marche2;-0,0308;1,3623;0,1074;-0,0536;0,0792;0,0255;0,9951;;False
604,83;0.43;pa030​;20250612_123326;1;Marche2;-0,0308;1,3623;0,1076;-0,0538;0,0795;0,0257;0,9950;;False
604,85;0.44;pa030​;20250612_123326;1;Marche2;-0,0306;1,3624;0,1077;-0,0538;0,0796;0,0257;0,9950;;False
604,86;0.46;pa030​;20250612_123326;1;Marche2;-0,0304;1,3625;0,1078;-0,0537;0,0799;0,0260;0,9950;;False
604,88;0.47;pa030​;20250612_123326;1;Marche2;-0,0303;1,3625;0,1080;-0,0536;0,0803;0,0262;0,9950;;False
604,89;0.49;pa030​;20250612_123326;1;Marche2;-0,0302;1,3626;0,1082;-0,0536;0,0804;0,0266;0,9950;;False
604,90;0.5;pa030​;20250612_123326;1;Marche2;-0,0302;1,3626;0,1083;-0,0537;0,0805;0,0268;0,9949;;False
604,92;0.51;pa030​;20250612_123326;1;Marche2;-0,0302;1,3626;0,1085;-0,0536;0,0805;0,0270;0,9949;;False
604,93;0.53;pa030​;20250612_123326;1;Marche2;-0,0303;1,3626;0,1087;-0,0537;0,0807;0,0271;0,9949;;False
604,95;0.54;pa030​;20250612_123326;1;Marche2;-0,0303;1,3626;0,1089;-0,0539;0,0806;0,0273;0,9949;;False
604,96;0.56;pa030​;20250612_123326;1;Marche2;-0,0303;1,3626;0,1090;-0,0538;0,0805;0,0273;0,9949;;False
604,97;0.57;pa030​;20250612_123326;1;Marche2;-0,0303;1,3627;0,1091;-0,0538;0,0804;0,0274;0,9949;;False
604,99;0.58;pa030​;20250612_123326;1;Marche2;-0,0303;1,3627;0,1092;-0,0538;0,0802;0,0274;0,9949;;False
605,00;0.6;pa030​;20250612_123326;1;Marche2;-0,0303;1,3627;0,1094;-0,0537;0,0799;0,0273;0,9950;;False
605,01;0.61;pa030​;20250612_123326;1;Marche2;-0,0303;1,3627;0,1096;-0,0535;0,0798;0,0274;0,9950;;False
605,03;0.63;pa030​;20250612_123326;1;Marche2;-0,0303;1,3627;0,1097;-0,0535;0,0798;0,0274;0,9950;;False
605,04;0.64;pa030​;20250612_123326;1;Marche2;-0,0302;1,3628;0,1099;-0,0534;0,0800;0,0273;0,9950;;False
605,06;0.65;pa030​;20250612_123326;1;Marche2;-0,0301;1,3628;0,1100;-0,0533;0,0801;0,0273;0,9950;;False
605,07;0.67;pa030​;20250612_123326;1;Marche2;-0,0300;1,3628;0,1101;-0,0534;0,0803;0,0272;0,9950;;False
605,08;0.68;pa030​;20250612_123326;1;Marche2;-0,0299;1,3629;0,1102;-0,0534;0,0805;0,0272;0,9950;;False
605,10;0.69;pa030​;20250612_123326;1;Marche2;-0,0296;1,3630;0,1102;-0,0539;0,0807;0,0271;0,9949;;False
605,11;0.71;pa030​;20250612_123326;1;Marche2;-0,0294;1,3632;0,1102;-0,0541;0,0808;0,0271;0,9949;;False
605,13;0.72;pa030​;20250612_123326;1;Marche2;-0,0293;1,3632;0,1102;-0,0542;0,0809;0,0272;0,9949;;False
605,14;0.74;pa030​;20250612_123326;1;Marche2;-0,0293;1,3633;0,1103;-0,0544;0,0809;0,0271;0,9949;;False
605,16;0.75;pa030​;20250612_123326;1;Marche2;-0,0293;1,3633;0,1104;-0,0545;0,0808;0,0271;0,9949;;False
605,17;0.76;pa030​;20250612_123326;1;Marche2;-0,0293;1,3633;0,1104;-0,0547;0,0806;0,0271;0,9949;;False
605,18;0.78;pa030​;20250612_123326;1;Marche2;-0,0293;1,3634;0,1105;-0,0547;0,0805;0,0270;0,9949;;False
605,20;0.79;pa030​;20250612_123326;1;Marche2;-0,0293;1,3634;0,1106;-0,0548;0,0803;0,0269;0,9949;;False
605,21;0.81;pa030​;20250612_123326;1;Marche2;-0,0293;1,3634;0,1106;-0,0548;0,0801;0,0268;0,9949;;False
605,22;0.82;pa030​;20250612_123326;1;Marche2;-0,0292;1,3633;0,1107;-0,0549;0,0798;0,0265;0,9949;;False
605,24;0.83;pa030​;20250612_123326;1;Marche2;-0,0293;1,3632;0,1107;-0,0548;0,0797;0,0264;0,9950;;False
605,25;0.85;pa030​;20250612_123326;1;Marche2;-0,0293;1,3632;0,1109;-0,0543;0,0796;0,0263;0,9950;;False
605,27;0.86;pa030​;20250612_123326;1;Marche2;-0,0293;1,3631;0,1109;-0,0538;0,0797;0,0263;0,9950;;False
605,28;0.88;pa030​;20250612_123326;1;Marche2;-0,0293;1,3629;0,1110;-0,0534;0,0798;0,0264;0,9950;;False
605,29;0.89;pa030​;20250612_123326;1;Marche2;-0,0294;1,3628;0,1112;-0,0528;0,0797;0,0265;0,9951;;False
605,31;0.9;pa030​;20250612_123326;1;Marche2;-0,0294;1,3627;0,1113;-0,0525;0,0798;0,0267;0,9951;;False
605,32;0.92;pa030​;20250612_123326;1;Marche2;-0,0294;1,3626;0,1114;-0,0524;0,0796;0,0268;0,9951;;False
605,33;0.93;pa030​;20250612_123326;1;Marche2;-0,0293;1,3627;0,1114;-0,0524;0,0796;0,0269;0,9951;;False
605,35;0.94;pa030​;20250612_123326;1;Marche2;-0,0292;1,3627;0,1115;-0,0524;0,0795;0,0269;0,9951;;False
605,36;0.96;pa030​;20250612_123326;1;Marche2;-0,0292;1,3627;0,1116;-0,0525;0,0794;0,0269;0,9951;;False
605,38;0.97;pa030​;20250612_123326;1;Marche2;-0,0293;1,3628;0,1116;-0,0526;0,0792;0,0268;0,9951;;False
605,39;0.99;pa030​;20250612_123326;1;Marche2;-0,0294;1,3629;0,1117;-0,0528;0,0792;0,0267;0,9951;;False
605,40;1.0;pa030​;20250612_123326;1;Marche2;-0,0295;1,3629;0,1117;-0,0534;0,0792;0,0266;0,9951;;False
605,42;1.01;pa030​;20250612_123326;1;Marche2;-0,0295;1,3630;0,1118;-0,0537;0,0790;0,0267;0,9951;;False
605,43;1.03;pa030​;20250612_123326;1;Marche2;-0,0296;1,3630;0,1119;-0,0535;0,0791;0,0268;0,9951;;False
605,44;1.04;pa030​;20250612_123326;1;Marche2;-0,0296;1,3629;0,1119;-0,0534;0,0792;0,0268;0,9951;;False
605,46;1.06;pa030​;20250612_123326;1;Marche2;-0,0296;1,3628;0,1118;-0,0532;0,0792;0,0271;0,9951;;False
605,47;1.07;pa030​;20250612_123326;1;Marche2;-0,0297;1,3628;0,1118;-0,0533;0,0792;0,0275;0,9950;;False
605,49;1.08;pa030​;20250612_123326;1;Marche2;-0,0297;1,3627;0,1118;-0,0535;0,0793;0,0276;0,9950;;False
605,50;1.1;pa030​;20250612_123326;1;Marche2;-0,0297;1,3627;0,1118;-0,0536;0,0793;0,0278;0,9950;;False
605,51;1.11;pa030​;20250612_123326;1;Marche2;-0,0298;1,3627;0,1118;-0,0537;0,0793;0,0281;0,9950;;False
605,53;1.12;pa030​;20250612_123326;1;Marche2;-0,0298;1,3628;0,1117;-0,0545;0,0792;0,0283;0,9950;;False
605,54;1.14;pa030​;20250612_123326;1;Marche2;-0,0298;1,3631;0,1116;-0,0559;0,0790;0,0285;0,9949;;False
605,56;1.15;pa030​;20250612_123326;1;Marche2;-0,0298;1,3633;0,1114;-0,0569;0,0789;0,0286;0,9948;;False
605,57;1.17;pa030​;20250612_123326;1;Marche2;-0,0297;1,3635;0,1111;-0,0581;0,0787;0,0286;0,9948;;False
605,58;1.18;pa030​;20250612_123326;1;Marche2;-0,0295;1,3637;0,1107;-0,0589;0,0784;0,0285;0,9948;;False
605,60;1.19;pa030​;20250612_123326;1;Marche2;-0,0293;1,3638;0,1104;-0,0594;0,0782;0,0284;0,9948;;False
605,61;1.21;pa030​;20250612_123326;1;Marche2;-0,0293;1,3639;0,1101;-0,0598;0,0780;0,0281;0,9948;;False
605,63;1.22;pa030​;20250612_123326;1;Marche2;-0,0292;1,3640;0,1099;-0,0599;0,0781;0,0278;0,9948;;False
605,64;1.24;pa030​;20250612_123326;1;Marche2;-0,0291;1,3641;0,1096;-0,0597;0,0783;0,0272;0,9948;;False
605,65;1.25;pa030​;20250612_123326;1;Marche2;-0,0289;1,3640;0,1094;-0,0594;0,0784;0,0265;0,9948;;False
605,67;1.26;pa030​;20250612_123326;1;Marche2;-0,0287;1,3640;0,1092;-0,0590;0,0786;0,0262;0,9948;;False
605,68;1.28;pa030​;20250612_123326;1;Marche2;-0,0284;1,3639;0,1090;-0,0585;0,0789;0,0257;0,9948;;False
605,69;1.29;pa030​;20250612_123326;1;Marche2;-0,0282;1,3637;0,1087;-0,0578;0,0791;0,0252;0,9949;;False
605,71;1.31;pa030​;20250612_123326;1;Marche2;-0,0279;1,3635;0,1084;-0,0572;0,0793;0,0247;0,9949;;False
605,72;1.32;pa030​;20250612_123326;1;Marche2;-0,0276;1,3633;0,1084;-0,0563;0,0795;0,0243;0,9949;;False
605,74;1.33;pa030​;20250612_123326;1;Marche2;-0,0273;1,3631;0,1083;-0,0552;0,0797;0,0236;0,9950;;False
605,75;1.35;pa030​;20250612_123326;1;Marche2;-0,0271;1,3630;0,1082;-0,0537;0,0801;0,0230;0,9951;;False
605,76;1.36;pa030​;20250612_123326;1;Marche2;-0,0268;1,3627;0,1081;-0,0526;0,0803;0,0224;0,9951;;False
605,78;1.37;pa030​;20250612_123326;1;Marche2;-0,0265;1,3626;0,1081;-0,0512;0,0808;0,0218;0,9952;;False
605,79;1.39;pa030​;20250612_123326;1;Marche2;-0,0262;1,3623;0,1080;-0,0492;0,0813;0,0212;0,9952;;False
605,80;1.4;pa030​;20250612_123326;1;Marche2;-0,0258;1,3620;0,1078;-0,0468;0,0821;0,0206;0,9953;;False
605,82;1.42;pa030​;20250612_123326;1;Marche2;-0,0252;1,3616;0,1076;-0,0436;0,0832;0,0204;0,9954;;False
605,83;1.43;pa030​;20250612_123326;1;Marche2;-0,0246;1,3613;0,1074;-0,0402;0,0847;0,0205;0,9954;;False
605,85;1.44;pa030​;20250612_123326;1;Marche2;-0,0240;1,3609;0,1072;-0,0362;0,0866;0,0206;0,9954;;False
605,86;1.46;pa030​;20250612_123326;1;Marche2;-0,0233;1,3603;0,1071;-0,0317;0,0894;0,0216;0,9953;;False
605,87;1.47;pa030​;20250612_123326;1;Marche2;-0,0226;1,3598;0,1069;-0,0274;0,0931;0,0233;0,9950;;False
605,89;1.48;pa030​;20250612_123326;1;Marche2;-0,0217;1,3594;0,1066;-0,0227;0,0973;0,0257;0,9947;;False
605,90;1.5;pa030​;20250612_123326;1;Marche2;-0,0208;1,3588;0,1062;-0,0175;0,1022;0,0284;0,9942;;False
605,92;1.51;pa030​;20250612_123326;1;Marche2;-0,0200;1,3583;0,1058;-0,0126;0,1071;0,0314;0,9937;;False
605,93;1.53;pa030​;20250612_123326;1;Marche2;-0,0190;1,3577;0,1053;-0,0084;0,1125;0,0341;0,9930;;False
605,94;1.54;pa030​;20250612_123326;1;Marche2;-0,0181;1,3575;0,1048;-0,0058;0,1173;0,0372;0,9924;;False
605,96;1.55;pa030​;20250612_123326;1;Marche2;-0,0175;1,3577;0,1043;-0,0054;0,1219;0,0392;0,9918;;False
605,97;1.57;pa030​;20250612_123326;1;Marche2;-0,0168;1,3579;0,1039;-0,0056;0,1260;0,0411;0,9912;;False
605,99;1.58;pa030​;20250612_123326;1;Marche2;-0,0160;1,3579;0,1033;-0,0056;0,1299;0,0427;0,9906;;False
606,00;1.6;pa030​;20250612_123326;1;Marche2;-0,0153;1,3580;0,1028;-0,0053;0,1339;0,0442;0,9900;;False
606,01;1.61;pa030​;20250612_123326;1;Marche2;-0,0147;1,3583;0,1023;-0,0059;0,1374;0,0453;0,9895;;False
606,03;1.62;pa030​;20250612_123326;1;Marche2;-0,0140;1,3588;0,1018;-0,0069;0,1404;0,0459;0,9890;;False
606,04;1.64;pa030​;20250612_123326;1;Marche2;-0,0132;1,3591;0,1011;-0,0089;0,1436;0,0471;0,9885;;False
606,05;1.65;pa030​;20250612_123326;1;Marche2;-0,0124;1,3593;0,1002;-0,0107;0,1466;0,0478;0,9880;;False
606,07;1.67;pa030​;20250612_123326;1;Marche2;-0,0116;1,3596;0,0994;-0,0120;0,1488;0,0482;0,9876;;False
606,08;1.68;pa030​;20250612_123326;1;Marche2;-0,0110;1,3599;0,0988;-0,0138;0,1507;0,0482;0,9873;;False
606,10;1.7;pa030​;20250612_123326;1;Marche2;-0,0105;1,3604;0,0982;-0,0155;0,1522;0,0478;0,9871;;False
606,11;1.71;pa030​;20250612_123326;1;Marche2;-0,0100;1,3607;0,0976;-0,0173;0,1536;0,0477;0,9868;;False
606,12;1.72;pa030​;20250612_123326;1;Marche2;-0,0096;1,3612;0,0971;-0,0188;0,1543;0,0474;0,9867;;False
606,14;1.74;pa030​;20250612_123326;1;Marche2;-0,0093;1,3616;0,0967;-0,0208;0,1546;0,0466;0,9867;;False
606,15;1.75;pa030​;20250612_123326;1;Marche2;-0,0090;1,3619;0,0963;-0,0229;0,1537;0,0458;0,9868;;False
606,17;1.76;pa030​;20250612_123326;1;Marche2;-0,0088;1,3620;0,0958;-0,0236;0,1518;0,0450;0,9871;;False
606,19;1.79;pa030​;20250612_123326;1;Marche2;-0,0085;1,3623;0,0948;-0,0251;0,1477;0,0431;0,9878;;False
606,21;1.8;pa030​;20250612_123326;1;Marche2;-0,0083;1,3625;0,0943;-0,0255;0,1448;0,0421;0,9882;;False
606,22;1.82;pa030​;20250612_123326;1;Marche2;-0,0080;1,3627;0,0937;-0,0264;0,1421;0,0403;0,9887;;False
606,24;1.83;pa030​;20250612_123326;1;Marche2;-0,0078;1,3630;0,0928;-0,0280;0,1398;0,0374;0,9891;;False
606,25;1.85;pa030​;20250612_123326;1;Marche2;-0,0076;1,3633;0,0920;-0,0294;0,1372;0,0344;0,9895;;False
606,26;1.86;pa030​;20250612_123326;1;Marche2;-0,0073;1,3635;0,0911;-0,0306;0,1346;0,0320;0,9899;;False
606,28;1.87;pa030​;20250612_123326;1;Marche2;-0,0071;1,3639;0,0901;-0,0310;0,1328;0,0297;0,9902;;False
606,29;1.89;pa030​;20250612_123326;1;Marche2;-0,0068;1,3641;0,0890;-0,0323;0,1309;0,0276;0,9905;;False
606,31;1.9;pa030​;20250612_123326;1;Marche2;-0,0064;1,3645;0,0874;-0,0338;0,1298;0,0259;0,9906;;False
606,32;1.92;pa030​;20250612_123326;1;Marche2;-0,0058;1,3651;0,0860;-0,0362;0,1285;0,0253;0,9907;;False
606,33;1.93;pa030​;20250612_123326;1;Marche2;-0,0053;1,3660;0,0848;-0,0400;0,1275;0,0247;0,9907;;False
606,35;1.94;pa030​;20250612_123326;1;Marche2;-0,0049;1,3670;0,0837;-0,0448;0,1270;0,0242;0,9906;;False
606,36;1.96;pa030​;20250612_123326;1;Marche2;-0,0044;1,3680;0,0826;-0,0495;0,1259;0,0234;0,9905;;False
606,37;1.97;pa030​;20250612_123326;1;Marche2;-0,0040;1,3690;0,0815;-0,0541;0,1252;0,0230;0,9904;;False
606,39;1.99;pa030​;20250612_123326;1;Marche2;-0,0036;1,3701;0,0804;-0,0594;0,1242;0,0219;0,9902;;False
606,40;2.0;pa030​;20250612_123326;1;Marche2;-0,0032;1,3712;0,0795;-0,0650;0,1232;0,0208;0,9900;;False
606,42;2.01;pa030​;20250612_123326;1;Marche2;-0,0029;1,3722;0,0786;-0,0701;0,1226;0,0202;0,9898;;False
606,43;2.03;pa030​;20250612_123326;1;Marche2;-0,0027;1,3730;0,0778;-0,0732;0,1218;0,0199;0,9896;;False
606,44;2.04;pa030​;20250612_123326;1;Marche2;-0,0026;1,3737;0,0771;-0,0781;0,1213;0,0197;0,9893;;False
606,46;2.06;pa030​;20250612_123326;1;Marche2;-0,0027;1,3748;0,0768;-0,0823;0,1210;0,0202;0,9890;;False
606,47;2.07;pa030​;20250612_123326;1;Marche2;-0,0028;1,3760;0,0766;-0,0874;0,1205;0,0205;0,9886;;False
606,49;2.08;pa030​;20250612_123326;1;Marche2;-0,0029;1,3770;0,0766;-0,0927;0,1199;0,0209;0,9882;;False
606,50;2.1;pa030​;20250612_123326;1;Marche2;-0,0031;1,3774;0,0766;-0,0961;0,1195;0,0219;0,9879;;False
606,51;2.11;pa030​;20250612_123326;1;Marche2;-0,0035;1,3777;0,0766;-0,0973;0,1191;0,0227;0,9878;;False
606,53;2.12;pa030​;20250612_123326;1;Marche2;-0,0039;1,3778;0,0769;-0,0987;0,1178;0,0233;0,9878;;False
606,54;2.14;pa030​;20250612_123326;1;Marche2;-0,0044;1,3781;0,0772;-0,1008;0,1158;0,0244;0,9879;;False
606,56;2.15;pa030​;20250612_123326;1;Marche2;-0,0049;1,3787;0,0776;-0,1040;0,1137;0,0256;0,9877;;False
606,57;2.17;pa030​;20250612_123326;1;Marche2;-0,0054;1,3790;0,0780;-0,1071;0,1112;0,0266;0,9876;;False
606,58;2.18;pa030​;20250612_123326;1;Marche2;-0,0059;1,3790;0,0783;-0,1055;0,1087;0,0270;0,9881;;False
606,60;2.19;pa030​;20250612_123326;1;Marche2;-0,0066;1,3788;0,0783;-0,1040;0,1057;0,0271;0,9886;;False
606,61;2.21;pa030​;20250612_123326;1;Marche2;-0,0070;1,3791;0,0790;-0,1057;0,1017;0,0268;0,9888;;False
606,62;2.22;pa030​;20250612_123326;1;Marche2;-0,0075;1,3797;0,0792;-0,1083;0,0981;0,0265;0,9889;;False
606,64;2.24;pa030​;20250612_123326;1;Marche2;-0,0077;1,3797;0,0796;-0,1104;0,0945;0,0267;0,9890;;False
606,65;2.25;pa030​;20250612_123326;1;Marche2;-0,0078;1,3795;0,0801;-0,1093;0,0919;0,0264;0,9894;;False
606,67;2.26;pa030​;20250612_123326;1;Marche2;-0,0078;1,3794;0,0802;-0,1088;0,0896;0,0253;0,9897;;False
606,68;2.28;pa030​;20250612_123326;1;Marche2;-0,0078;1,3795;0,0808;-0,1098;0,0880;0,0240;0,9898;;False
606,69;2.29;pa030​;20250612_123326;1;Marche2;-0,0076;1,3796;0,0812;-0,1110;0,0864;0,0236;0,9898;;False
606,71;2.3;pa030​;20250612_123326;1;Marche2;-0,0074;1,3792;0,0817;-0,1096;0,0850;0,0230;0,9901;;False
606,72;2.32;pa030​;20250612_123326;1;Marche2;-0,0073;1,3786;0,0820;-0,1060;0,0841;0,0220;0,9906;;False
606,74;2.33;pa030​;20250612_123326;1;Marche2;-0,0070;1,3780;0,0822;-0,1023;0,0831;0,0209;0,9911;;False
606,75;2.35;pa030​;20250612_123326;1;Marche2;-0,0068;1,3778;0,0827;-0,0994;0,0827;0,0201;0,9914;;False
606,77;2.36;pa030​;20250612_123326;1;Marche2;-0,0067;1,3779;0,0831;-0,0988;0,0816;0,0194;0,9916;;False
606,78;2.37;pa030​;20250612_123326;1;Marche2;-0,0065;1,3779;0,0835;-0,0988;0,0801;0,0187;0,9917;;False
606,79;2.39;pa030​;20250612_123326;1;Marche2;-0,0065;1,3779;0,0838;-0,0983;0,0789;0,0180;0,9919;;False
606,81;2.4;pa030​;20250612_123326;1;Marche2;-0,0064;1,3777;0,0839;-0,0967;0,0778;0,0171;0,9921;;False
606,82;2.42;pa030​;20250612_123326;1;Marche2;-0,0062;1,3774;0,0840;-0,0950;0,0767;0,0163;0,9924;;False
606,84;2.43;pa030​;20250612_123326;1;Marche2;-0,0061;1,3773;0,0842;-0,0939;0,0763;0,0156;0,9925;;False
606,85;2.44;pa030​;20250612_123326;1;Marche2;-0,0059;1,3772;0,0843;-0,0931;0,0757;0,0151;0,9927;;False
606,86;2.46;pa030​;20250612_123326;1;Marche2;-0,0056;1,3772;0,0843;-0,0927;0,0755;0,0141;0,9927;;False
606,88;2.47;pa030​;20250612_123326;1;Marche2;-0,0054;1,3771;0,0844;-0,0916;0,0757;0,0132;0,9928;;False
606,89;2.49;pa030​;20250612_123326;1;Marche2;-0,0050;1,3765;0,0845;-0,0900;0,0756;0,0121;0,9930;;False
606,90;2.5;pa030​;20250612_123326;1;Marche2;-0,0047;1,3761;0,0846;-0,0877;0,0756;0,0117;0,9932;;False
606,92;2.51;pa030​;20250612_123326;1;Marche2;-0,0045;1,3758;0,0848;-0,0858;0,0755;0,0110;0,9934;;False
606,93;2.53;pa030​;20250612_123326;1;Marche2;-0,0043;1,3757;0,0848;-0,0850;0,0757;0,0105;0,9935;;False
606,94;2.54;pa030​;20250612_123326;1;Marche2;-0,0040;1,3756;0,0848;-0,0839;0,0760;0,0105;0,9935;;False
606,96;2.55;pa030​;20250612_123326;1;Marche2;-0,0037;1,3753;0,0848;-0,0825;0,0762;0,0107;0,9936;;False
606,97;2.57;pa030​;20250612_123326;1;Marche2;-0,0034;1,3750;0,0848;-0,0807;0,0767;0,0107;0,9937;;False
606,99;2.58;pa030​;20250612_123326;1;Marche2;-0,0030;1,3748;0,0847;-0,0792;0,0772;0,0104;0,9938;;False
607,00;2.6;pa030​;20250612_123326;1;Marche2;-0,0028;1,3745;0,0846;-0,0774;0,0775;0,0102;0,9939;;False
607,01;2.61;pa030​;20250612_123326;1;Marche2;-0,0025;1,3742;0,0844;-0,0759;0,0773;0,0101;0,9941;;False
607,03;2.62;pa030​;20250612_123326;1;Marche2;-0,0023;1,3740;0,0842;-0,0749;0,0771;0,0096;0,9942;;False
607,04;2.64;pa030​;20250612_123326;1;Marche2;-0,0019;1,3740;0,0840;-0,0747;0,0772;0,0086;0,9942;;False
607,05;2.65;pa030​;20250612_123326;1;Marche2;-0,0015;1,3741;0,0838;-0,0748;0,0778;0,0083;0,9941;;False
607,07;2.67;pa030​;20250612_123326;1;Marche2;-0,0010;1,3743;0,0835;-0,0760;0,0792;0,0085;0,9939;;False
607,08;2.68;pa030​;20250612_123326;1;Marche2;-0,0005;1,3745;0,0833;-0,0769;0,0805;0,0087;0,9937;;False
607,10;2.69;pa030​;20250612_123326;1;Marche2;0,0001;1,3748;0,0830;-0,0786;0,0824;0,0092;0,9935;;False
607,11;2.71;pa030​;20250612_123326;1;Marche2;0,0006;1,3750;0,0827;-0,0808;0,0844;0,0096;0,9931;;False
607,12;2.72;pa030​;20250612_123326;1;Marche2;0,0012;1,3752;0,0824;-0,0830;0,0866;0,0102;0,9927;;False
607,14;2.73;pa030​;20250612_123326;1;Marche2;0,0019;1,3754;0,0822;-0,0849;0,0893;0,0111;0,9923;;False
607,15;2.75;pa030​;20250612_123326;1;Marche2;0,0027;1,3755;0,0819;-0,0861;0,0922;0,0112;0,9920;;False
607,16;2.76;pa030​;20250612_123326;1;Marche2;0,0033;1,3756;0,0816;-0,0873;0,0950;0,0123;0,9916;;False
607,18;2.78;pa030​;20250612_123326;1;Marche2;0,0040;1,3757;0,0812;-0,0882;0,0977;0,0129;0,9912;;False
607,19;2.79;pa030​;20250612_123326;1;Marche2;0,0046;1,3755;0,0810;-0,0878;0,0999;0,0138;0,9910;;False
607,21;2.8;pa030​;20250612_123326;1;Marche2;0,0051;1,3753;0,0807;-0,0860;0,1021;0,0143;0,9909;;False
607,22;2.82;pa030​;20250612_123326;1;Marche2;0,0057;1,3748;0,0803;-0,0834;0,1038;0,0151;0,9910;;False
607,24;2.83;pa030​;20250612_123326;1;Marche2;0,0062;1,3744;0,0801;-0,0801;0,1052;0,0158;0,9911;;False
607,25;2.85;pa030​;20250612_123326;1;Marche2;0,0066;1,3737;0,0797;-0,0771;0,1066;0,0158;0,9912;;False
607,26;2.86;pa030​;20250612_123326;1;Marche2;0,0073;1,3730;0,0792;-0,0730;0,1076;0,0158;0,9914;;False
607,28;2.88;pa030​;20250612_123326;1;Marche2;0,0078;1,3721;0,0789;-0,0680;0,1093;0,0158;0,9916;;False
607,29;2.89;pa030​;20250612_123326;1;Marche2;0,0084;1,3711;0,0785;-0,0631;0,1107;0,0159;0,9917;;False
607,30;2.9;pa030​;20250612_123326;1;Marche2;0,0088;1,3705;0,0783;-0,0588;0,1120;0,0165;0,9918;;False
607,32;2.92;pa030​;20250612_123326;1;Marche2;0,0091;1,3702;0,0780;-0,0565;0,1126;0,0160;0,9919;;False
607,33;2.93;pa030​;20250612_123326;1;Marche2;0,0094;1,3700;0,0777;-0,0555;0,1128;0,0159;0,9919;;False
607,35;2.94;pa030​;20250612_123326;1;Marche2;0,0096;1,3699;0,0773;-0,0550;0,1129;0,0154;0,9920;;False
607,36;2.96;pa030​;20250612_123326;1;Marche2;0,0098;1,3696;0,0769;-0,0545;0,1131;0,0150;0,9920;;False
607,37;2.97;pa030​;20250612_123326;1;Marche2;0,0100;1,3694;0,0764;-0,0535;0,1131;0,0144;0,9920;;False
607,39;2.99;pa030​;20250612_123326;1;Marche2;0,0102;1,3693;0,0760;-0,0531;0,1133;0,0139;0,9920;;False
607,40;3.0;pa030​;20250612_123326;1;Marche2;0,0103;1,3694;0,0756;-0,0534;0,1134;0,0135;0,9920;;False
607,42;3.01;pa030​;20250612_123326;1;Marche2;0,0105;1,3694;0,0751;-0,0539;0,1133;0,0133;0,9920;;False
607,43;3.03;pa030​;20250612_123326;1;Marche2;0,0106;1,3695;0,0747;-0,0545;0,1136;0,0132;0,9919;;False
607,44;3.04;pa030​;20250612_123326;1;Marche2;0,0108;1,3696;0,0742;-0,0547;0,1139;0,0130;0,9919;;False
607,46;3.06;pa030​;20250612_123326;1;Marche2;0,0109;1,3696;0,0738;-0,0549;0,1144;0,0130;0,9918;;False
607,47;3.07;pa030​;20250612_123326;1;Marche2;0,0111;1,3697;0,0733;-0,0550;0,1148;0,0128;0,9918;;False
607,49;3.08;pa030​;20250612_123326;1;Marche2;0,0114;1,3698;0,0728;-0,0553;0,1153;0,0124;0,9917;;False
607,50;3.1;pa030​;20250612_123326;1;Marche2;0,0116;1,3699;0,0723;-0,0555;0,1156;0,0120;0,9917;;False
607,51;3.11;pa030​;20250612_123326;1;Marche2;0,0118;1,3701;0,0719;-0,0560;0,1158;0,0117;0,9916;;False
607,53;3.12;pa030​;20250612_123326;1;Marche2;0,0120;1,3702;0,0714;-0,0567;0,1163;0,0113;0,9915;;False
607,54;3.14;pa030​;20250612_123326;1;Marche2;0,0122;1,3703;0,0709;-0,0569;0,1167;0,0106;0,9915;;False
607,55;3.15;pa030​;20250612_123326;1;Marche2;0,0124;1,3703;0,0704;-0,0572;0,1172;0,0104;0,9914;;False
607,57;3.17;pa030​;20250612_123326;1;Marche2;0,0125;1,3703;0,0699;-0,0574;0,1176;0,0100;0,9913;;False
607,58;3.18;pa030​;20250612_123326;1;Marche2;0,0127;1,3702;0,0694;-0,0575;0,1177;0,0098;0,9913;;False
607,60;3.19;pa030​;20250612_123326;1;Marche2;0,0127;1,3702;0,0690;-0,0576;0,1178;0,0096;0,9913;;False
607,61;3.21;pa030​;20250612_123326;1;Marche2;0,0129;1,3702;0,0685;-0,0575;0,1177;0,0095;0,9913;;False
607,62;3.22;pa030​;20250612_123326;1;Marche2;0,0130;1,3701;0,0680;-0,0576;0,1176;0,0096;0,9913;;False
607,64;3.24;pa030​;20250612_123326;1;Marche2;0,0132;1,3701;0,0676;-0,0575;0,1176;0,0096;0,9913;;False
607,65;3.25;pa030​;20250612_123326;1;Marche2;0,0133;1,3702;0,0671;-0,0576;0,1176;0,0097;0,9913;;False
607,67;3.26;pa030​;20250612_123326;1;Marche2;0,0134;1,3702;0,0668;-0,0581;0,1177;0,0097;0,9913;;False
607,68;3.28;pa030​;20250612_123326;1;Marche2;0,0135;1,3703;0,0664;-0,0589;0,1176;0,0095;0,9913;;False
607,69;3.29;pa030​;20250612_123326;1;Marche2;0,0137;1,3704;0,0661;-0,0596;0,1175;0,0095;0,9912;;False
607,71;3.31;pa030​;20250612_123326;1;Marche2;0,0138;1,3705;0,0657;-0,0608;0,1176;0,0095;0,9912;;False
607,72;3.32;pa030​;20250612_123326;1;Marche2;0,0140;1,3706;0,0654;-0,0615;0,1176;0,0092;0,9911;;False
607,74;3.33;pa030​;20250612_123326;1;Marche2;0,0142;1,3707;0,0651;-0,0625;0,1178;0,0088;0,9910;;False
607,75;3.35;pa030​;20250612_123326;1;Marche2;0,0143;1,3708;0,0647;-0,0631;0,1179;0,0085;0,9910;;False
607,76;3.36;pa030​;20250612_123326;1;Marche2;0,0144;1,3708;0,0645;-0,0638;0,1183;0,0087;0,9909;;False
607,78;3.37;pa030​;20250612_123326;1;Marche2;0,0144;1,3709;0,0642;-0,0646;0,1187;0,0088;0,9908;;False
607,79;3.39;pa030​;20250612_123326;1;Marche2;0,0145;1,3710;0,0639;-0,0656;0,1192;0,0091;0,9907;;False
607,81;3.4;pa030​;20250612_123326;1;Marche2;0,0146;1,3710;0,0637;-0,0667;0,1197;0,0092;0,9905;;False
607,82;3.42;pa030​;20250612_123326;1;Marche2;0,0147;1,3711;0,0634;-0,0674;0,1199;0,0093;0,9905;;False
607,83;3.43;pa030​;20250612_123326;1;Marche2;0,0147;1,3711;0,0632;-0,0680;0,1197;0,0094;0,9904;;False
607,85;3.44;pa030​;20250612_123326;1;Marche2;0,0147;1,3710;0,0629;-0,0688;0,1193;0,0094;0,9904;;False
607,86;3.46;pa030​;20250612_123326;1;Marche2;0,0146;1,3708;0,0626;-0,0698;0,1187;0,0088;0,9904;;False
607,87;3.47;pa030​;20250612_123326;1;Marche2;0,0145;1,3708;0,0625;-0,0709;0,1179;0,0083;0,9905;;False
607,89;3.49;pa030​;20250612_123326;1;Marche2;0,0144;1,3708;0,0624;-0,0722;0,1174;0,0078;0,9904;;False
607,90;3.5;pa030​;20250612_123326;1;Marche2;0,0145;1,3709;0,0623;-0,0737;0,1170;0,0070;0,9904;;False
607,92;3.51;pa030​;20250612_123326;1;Marche2;0,0145;1,3710;0,0623;-0,0753;0,1168;0,0064;0,9903;;False
607,93;3.53;pa030​;20250612_123326;1;Marche2;0,0146;1,3711;0,0623;-0,0765;0,1167;0,0062;0,9902;;False
607,94;3.54;pa030​;20250612_123326;1;Marche2;0,0147;1,3712;0,0623;-0,0773;0,1169;0,0064;0,9901;;False
607,96;3.56;pa030​;20250612_123326;1;Marche2;0,0148;1,3712;0,0623;-0,0780;0,1175;0,0066;0,9900;;False
607,97;3.57;pa030​;20250612_123326;1;Marche2;0,0150;1,3712;0,0623;-0,0785;0,1182;0,0071;0,9899;;False
607,99;3.58;pa030​;20250612_123326;1;Marche2;0,0151;1,3713;0,0623;-0,0793;0,1190;0,0075;0,9897;;False
608,00;3.6;pa030​;20250612_123326;1;Marche2;0,0153;1,3714;0,0624;-0,0804;0,1199;0,0077;0,9895;;False
608,01;3.61;pa030​;20250612_123326;1;Marche2;0,0154;1,3715;0,0625;-0,0822;0,1203;0,0081;0,9893;;False
608,03;3.62;pa030​;20250612_123326;1;Marche2;0,0155;1,3717;0,0627;-0,0836;0,1207;0,0082;0,9891;;False
608,04;3.64;pa030​;20250612_123326;1;Marche2;0,0156;1,3720;0,0630;-0,0852;0,1210;0,0083;0,9890;;False
608,06;3.65;pa030​;20250612_123326;1;Marche2;0,0156;1,3727;0,0633;-0,0867;0,1209;0,0086;0,9888;;False
608,07;3.67;pa030​;20250612_123326;1;Marche2;0,0157;1,3734;0,0637;-0,0886;0,1206;0,0091;0,9887;;False
608,08;3.68;pa030​;20250612_123326;1;Marche2;0,0158;1,3741;0,0642;-0,0920;0,1203;0,0093;0,9884;;False
608,10;3.69;pa030​;20250612_123326;1;Marche2;0,0159;1,3750;0,0648;-0,0957;0,1206;0,0094;0,9880;;False
608,11;3.71;pa030​;20250612_123326;1;Marche2;0,0159;1,3756;0,0652;-0,0988;0,1214;0,0094;0,9876;;False
608,12;3.72;pa030​;20250612_123326;1;Marche2;0,0161;1,3760;0,0652;-0,1001;0,1217;0,0096;0,9875;;False
608,14;3.74;pa030​;20250612_123326;1;Marche2;0,0162;1,3763;0,0652;-0,1005;0,1223;0,0104;0,9873;;False
608,15;3.75;pa030​;20250612_123326;1;Marche2;0,0163;1,3769;0,0654;-0,1028;0,1232;0,0106;0,9870;;False
608,17;3.76;pa030​;20250612_123326;1;Marche2;0,0164;1,3777;0,0655;-0,1066;0,1238;0,0104;0,9865;;False
608,18;3.78;pa030​;20250612_123326;1;Marche2;0,0166;1,3784;0,0659;-0,1130;0,1242;0,0104;0,9857;;False
608,20;3.79;pa030​;20250612_123326;1;Marche2;0,0168;1,3788;0,0659;-0,1169;0,1250;0,0110;0,9852;;False
608,21;3.8;pa030​;20250612_123326;1;Marche2;0,0169;1,3790;0,0659;-0,1180;0,1264;0,0113;0,9849;;False
608,22;3.82;pa030​;20250612_123326;1;Marche2;0,0172;1,3789;0,0661;-0,1180;0,1272;0,0116;0,9848;;False
608,24;3.83;pa030​;20250612_123326;1;Marche2;0,0173;1,3789;0,0664;-0,1174;0,1280;0,0121;0,9847;;False
608,25;3.85;pa030​;20250612_123326;1;Marche2;0,0174;1,3793;0,0668;-0,1179;0,1281;0,0128;0,9846;;False
608,26;3.86;pa030​;20250612_123326;1;Marche2;0,0176;1,3799;0,0674;-0,1207;0,1281;0,0136;0,9843;;False
608,28;3.87;pa030​;20250612_123326;1;Marche2;0,0178;1,3803;0,0680;-0,1234;0,1287;0,0146;0,9839;;False
608,29;3.89;pa030​;20250612_123326;1;Marche2;0,0180;1,3802;0,0682;-0,1249;0,1295;0,0153;0,9836;;False
608,31;3.9;pa030​;20250612_123326;1;Marche2;0,0182;1,3799;0,0687;-0,1227;0,1299;0,0151;0,9838;;False
608,32;3.92;pa030​;20250612_123326;1;Marche2;0,0186;1,3799;0,0693;-0,1211;0,1304;0,0162;0,9839;;False
608,33;3.93;pa030​;20250612_123326;1;Marche2;0,0190;1,3804;0,0698;-0,1216;0,1316;0,0170;0,9837;;False
608,35;3.95;pa030​;20250612_123326;1;Marche2;0,0194;1,3808;0,0706;-0,1247;0,1326;0,0165;0,9832;;False
608,36;3.96;pa030​;20250612_123326;1;Marche2;0,0198;1,3809;0,0712;-0,1254;0,1333;0,0166;0,9830;;False
608,37;3.97;pa030​;20250612_123326;1;Marche2;0,0201;1,3806;0,0716;-0,1251;0,1338;0,0165;0,9829;;False
608,39;3.99;pa030​;20250612_123326;1;Marche2;0,0204;1,3803;0,0721;-0,1231;0,1345;0,0157;0,9831;;False
608,40;4.0;pa030​;20250612_123326;1;Marche2;0,0207;1,3802;0,0727;-0,1211;0,1346;0,0149;0,9834;;False
608,42;4.01;pa030​;20250612_123326;1;Marche2;0,0210;1,3802;0,0733;-0,1203;0,1346;0,0145;0,9835;;False
608,43;4.03;pa030​;20250612_123326;1;Marche2;0,0212;1,3802;0,0738;-0,1202;0,1349;0,0147;0,9834;;False
608,44;4.04;pa030​;20250612_123326;1;Marche2;0,0214;1,3800;0,0743;-0,1196;0,1353;0,0145;0,9835;;False
608,46;4.06;pa030​;20250612_123326;1;Marche2;0,0214;1,3796;0,0746;-0,1174;0,1357;0,0138;0,9837;;False
608,47;4.07;pa030​;20250612_123326;1;Marche2;0,0215;1,3794;0,0749;-0,1156;0,1358;0,0140;0,9839;;False
608,49;4.08;pa030​;20250612_123326;1;Marche2;0,0215;1,3795;0,0753;-0,1147;0,1360;0,0139;0,9840;;False
608,50;4.1;pa030​;20250612_123326;1;Marche2;0,0215;1,3798;0,0757;-0,1160;0,1363;0,0137;0,9838;;False
608,51;4.11;pa030​;20250612_123326;1;Marche2;0,0216;1,3802;0,0760;-0,1178;0,1365;0,0142;0,9835;;False
608,53;4.12;pa030​;20250612_123326;1;Marche2;0,0217;1,3803;0,0764;-0,1188;0,1375;0,0150;0,9832;;False
608,54;4.14;pa030​;20250612_123326;1;Marche2;0,0218;1,3802;0,0768;-0,1185;0,1386;0,0149;0,9831;;False
608,56;4.15;pa030​;20250612_123326;1;Marche2;0,0217;1,3802;0,0773;-0,1181;0,1396;0,0148;0,9830;;False
608,57;4.17;pa030​;20250612_123326;1;Marche2;0,0216;1,3804;0,0779;-0,1178;0,1401;0,0150;0,9830;;False
608,58;4.18;pa030​;20250612_123326;1;Marche2;0,0214;1,3800;0,0785;-0,1183;0,1405;0,0148;0,9829;;False
608,60;4.19;pa030​;20250612_123326;1;Marche2;0,0211;1,3796;0,0791;-0,1152;0,1404;0,0147;0,9833;;False
608,61;4.21;pa030​;20250612_123326;1;Marche2;0,0209;1,3793;0,0798;-0,1126;0,1396;0,0155;0,9837;;False
608,62;4.22;pa030​;20250612_123326;1;Marche2;0,0206;1,3794;0,0804;-0,1119;0,1395;0,0166;0,9837;;False
608,64;4.24;pa030​;20250612_123326;1;Marche2;0,0201;1,3797;0,0814;-0,1140;0,1394;0,0157;0,9835;;False
608,65;4.25;pa030​;20250612_123326;1;Marche2;0,0198;1,3795;0,0822;-0,1153;0,1380;0,0163;0,9836;;False
608,67;4.26;pa030​;20250612_123326;1;Marche2;0,0193;1,3789;0,0828;-0,1129;0,1372;0,0171;0,9839;;False
608,68;4.28;pa030​;20250612_123326;1;Marche2;0,0189;1,3780;0,0834;-0,1087;0,1369;0,0160;0,9845;;False
608,70;4.29;pa030​;20250612_123326;1;Marche2;0,0186;1,3775;0,0841;-0,1050;0,1365;0,0151;0,9850;;False
608,71;4.31;pa030​;20250612_123326;1;Marche2;0,0184;1,3773;0,0848;-0,1034;0,1364;0,0155;0,9851;;False
608,72;4.32;pa030​;20250612_123326;1;Marche2;0,0184;1,3770;0,0856;-0,1034;0,1367;0,0160;0,9851;;False
608,74;4.33;pa030​;20250612_123326;1;Marche2;0,0183;1,3763;0,0863;-0,1018;0,1371;0,0161;0,9852;;False
608,75;4.35;pa030​;20250612_123326;1;Marche2;0,0181;1,3757;0,0870;-0,0988;0,1375;0,0163;0,9854;;False
608,76;4.36;pa030​;20250612_123326;1;Marche2;0,0180;1,3756;0,0878;-0,0977;0,1374;0,0165;0,9855;;False
608,78;4.37;pa030​;20250612_123326;1;Marche2;0,0180;1,3756;0,0887;-0,0984;0,1376;0,0170;0,9854;;False
608,79;4.39;pa030​;20250612_123326;1;Marche2;0,0179;1,3755;0,0894;-0,1000;0,1377;0,0172;0,9853;;False
608,81;4.4;pa030​;20250612_123326;1;Marche2;0,0180;1,3751;0,0904;-0,0991;0,1376;0,0172;0,9854;;False
608,82;4.42;pa030​;20250612_123326;1;Marche2;0,0182;1,3745;0,0911;-0,0972;0,1378;0,0177;0,9855;;False
608,83;4.43;pa030​;20250612_123326;1;Marche2;0,0185;1,3738;0,0919;-0,0944;0,1390;0,0177;0,9856;;False
608,85;4.44;pa030​;20250612_123326;1;Marche2;0,0189;1,3733;0,0927;-0,0915;0,1403;0,0176;0,9857;;False
608,86;4.46;pa030​;20250612_123326;1;Marche2;0,0192;1,3730;0,0936;-0,0901;0,1413;0,0175;0,9857;;False
608,88;4.47;pa030​;20250612_123326;1;Marche2;0,0197;1,3724;0,0946;-0,0904;0,1419;0,0179;0,9856;;False
608,89;4.49;pa030​;20250612_123326;1;Marche2;0,0201;1,3719;0,0954;-0,0872;0,1432;0,0187;0,9857;;False
608,90;4.5;pa030​;20250612_123326;1;Marche2;0,0203;1,3716;0,0960;-0,0865;0,1440;0,0185;0,9856;;False
608,92;4.51;pa030​;20250612_123326;1;Marche2;0,0205;1,3710;0,0968;-0,0861;0,1436;0,0186;0,9857;;False
608,93;4.53;pa030​;20250612_123326;1;Marche2;0,0206;1,3706;0,0971;-0,0842;0,1438;0,0208;0,9858;;False
608,95;4.54;pa030​;20250612_123326;1;Marche2;0,0207;1,3705;0,0976;-0,0847;0,1442;0,0206;0,9857;;False
608,96;4.56;pa030​;20250612_123326;1;Marche2;0,0210;1,3707;0,0980;-0,0871;0,1444;0,0209;0,9855;;False
608,97;4.57;pa030​;20250612_123326;1;Marche2;0,0214;1,3707;0,0983;-0,0896;0,1449;0,0222;0,9851;;False
608,99;4.58;pa030​;20250612_123326;1;Marche2;0,0217;1,3703;0,0983;-0,0889;0,1460;0,0232;0,9850;;False
609,00;4.6;pa030​;20250612_123326;1;Marche2;0,0220;1,3696;0,0982;-0,0868;0,1472;0,0232;0,9850;;False
609,01;4.61;pa030​;20250612_123326;1;Marche2;0,0223;1,3692;0,0979;-0,0842;0,1488;0,0234;0,9850;;False
609,03;4.62;pa030​;20250612_123326;1;Marche2;0,0227;1,3687;0,0977;-0,0832;0,1497;0,0237;0,9849;;False
609,04;4.64;pa030​;20250612_123326;1;Marche2;0,0230;1,3688;0,0976;-0,0804;0,1511;0,0237;0,9850;;False
609,06;4.65;pa030​;20250612_123326;1;Marche2;0,0230;1,3689;0,0973;-0,0805;0,1521;0,0232;0,9848;;False
609,07;4.67;pa030​;20250612_123326;1;Marche2;0,0232;1,3689;0,0973;-0,0815;0,1520;0,0220;0,9848;;False
609,08;4.68;pa030​;20250612_123326;1;Marche2;0,0234;1,3688;0,0970;-0,0809;0,1517;0,0220;0,9849;;False
609,10;4.69;pa030​;20250612_123326;1;Marche2;0,0236;1,3689;0,0969;-0,0815;0,1517;0,0215;0,9848;;False
609,11;4.71;pa030​;20250612_123326;1;Marche2;0,0238;1,3690;0,0968;-0,0835;0,1516;0,0209;0,9847;;False
609,13;4.72;pa030​;20250612_123326;1;Marche2;0,0242;1,3692;0,0967;-0,0849;0,1515;0,0210;0,9846;;False
609,14;4.74;pa030​;20250612_123326;1;Marche2;0,0245;1,3690;0,0967;-0,0849;0,1519;0,0210;0,9845;;False
609,15;4.75;pa030​;20250612_123326;1;Marche2;0,0248;1,3687;0,0967;-0,0838;0,1523;0,0206;0,9846;;False
609,17;4.76;pa030​;20250612_123326;1;Marche2;0,0250;1,3683;0,0967;-0,0821;0,1528;0,0202;0,9846;;False
609,18;4.78;pa030​;20250612_123326;1;Marche2;0,0250;1,3681;0,0969;-0,0802;0,1534;0,0196;0,9847;;False
609,20;4.79;pa030​;20250612_123326;1;Marche2;0,0252;1,3679;0,0971;-0,0793;0,1534;0,0193;0,9848;;False
609,21;4.81;pa030​;20250612_123326;1;Marche2;0,0254;1,3675;0,0971;-0,0782;0,1533;0,0191;0,9849;;False
609,22;4.82;pa030​;20250612_123326;1;Marche2;0,0256;1,3671;0,0971;-0,0761;0,1540;0,0187;0,9850;;False
609,24;4.83;pa030​;20250612_123326;1;Marche2;0,0259;1,3667;0,0971;-0,0734;0,1551;0,0187;0,9850;;False
609,25;4.85;pa030​;20250612_123326;1;Marche2;0,0261;1,3665;0,0972;-0,0719;0,1563;0,0189;0,9849;;False
609,26;4.86;pa030​;20250612_123326;1;Marche2;0,0264;1,3666;0,0973;-0,0723;0,1571;0,0196;0,9847;;False
609,28;4.87;pa030​;20250612_123326;1;Marche2;0,0266;1,3667;0,0975;-0,0736;0,1577;0,0205;0,9845;;False
609,29;4.89;pa030​;20250612_123326;1;Marche2;0,0268;1,3667;0,0977;-0,0746;0,1581;0,0212;0,9844;;False
609,31;4.9;pa030​;20250612_123326;1;Marche2;0,0270;1,3665;0,0977;-0,0748;0,1582;0,0216;0,9843;;False
609,32;4.92;pa030​;20250612_123326;1;Marche2;0,0272;1,3664;0,0978;-0,0745;0,1583;0,0217;0,9843;;False
609,33;4.93;pa030​;20250612_123326;1;Marche2;0,0275;1,3662;0,0979;-0,0739;0,1585;0,0221;0,9843;;False
609,35;4.94;pa030​;20250612_123326;1;Marche2;0,0278;1,3659;0,0979;-0,0732;0,1590;0,0219;0,9843;;False
609,36;4.96;pa030​;20250612_123326;1;Marche2;0,0282;1,3657;0,0980;-0,0724;0,1594;0,0214;0,9843;;False
609,38;4.97;pa030​;20250612_123326;1;Marche2;0,0285;1,3656;0,0980;-0,0715;0,1600;0,0208;0,9843;;False
609,39;4.99;pa030​;20250612_123326;1;Marche2;0,0288;1,3655;0,0979;-0,0713;0,1603;0,0200;0,9843;;False
609,40;5.0;pa030​;20250612_123326;1;Marche2;0,0291;1,3652;0,0979;-0,0709;0,1605;0,0193;0,9843;;False
609,42;5.01;pa030​;20250612_123326;1;Marche2;0,0292;1,3650;0,0978;-0,0703;0,1607;0,0188;0,9843;;False
609,43;5.03;pa030​;20250612_123326;1;Marche2;0,0294;1,3647;0,0976;-0,0695;0,1607;0,0184;0,9844;;False
609,44;5.04;pa030​;20250612_123326;1;Marche2;0,0296;1,3646;0,0976;-0,0690;0,1607;0,0181;0,9844;;False
609,46;5.06;pa030​;20250612_123326;1;Marche2;0,0297;1,3646;0,0977;-0,0694;0,1606;0,0179;0,9844;;False
609,47;5.07;pa030​;20250612_123326;1;Marche2;0,0297;1,3647;0,0978;-0,0693;0,1602;0,0179;0,9845;;False
609,49;5.08;pa030​;20250612_123326;1;Marche2;0,0297;1,3647;0,0978;-0,0692;0,1598;0,0179;0,9846;;False
609,50;5.1;pa030​;20250612_123326;1;Marche2;0,0297;1,3646;0,0979;-0,0690;0,1592;0,0176;0,9847;;False
609,51;5.11;pa030​;20250612_123326;1;Marche2;0,0296;1,3646;0,0980;-0,0690;0,1586;0,0172;0,9848;;False
609,53;5.12;pa030​;20250612_123326;1;Marche2;0,0293;1,3646;0,0981;-0,0694;0,1579;0,0167;0,9849;;False
609,54;5.14;pa030​;20250612_123326;1;Marche2;0,0291;1,3648;0,0981;-0,0698;0,1571;0,0165;0,9850;;False
609,56;5.15;pa030​;20250612_123326;1;Marche2;0,0289;1,3649;0,0982;-0,0705;0,1565;0,0161;0,9850;;False
609,57;5.17;pa030​;20250612_123326;1;Marche2;0,0287;1,3650;0,0982;-0,0712;0,1560;0,0158;0,9851;;False
609,58;5.18;pa030​;20250612_123326;1;Marche2;0,0285;1,3651;0,0981;-0,0718;0,1555;0,0157;0,9851;;False
609,60;5.19;pa030​;20250612_123326;1;Marche2;0,0282;1,3651;0,0981;-0,0719;0,1549;0,0155;0,9852;;False
609,61;5.21;pa030​;20250612_123326;1;Marche2;0,0279;1,3651;0,0980;-0,0717;0,1542;0,0154;0,9853;;False
609,63;5.22;pa030​;20250612_123326;1;Marche2;0,0276;1,3650;0,0979;-0,0711;0,1530;0,0151;0,9855;;False
609,64;5.24;pa030​;20250612_123326;1;Marche2;0,0270;1,3648;0,0979;-0,0704;0,1514;0,0152;0,9858;;False
609,65;5.25;pa030​;20250612_123326;1;Marche2;0,0265;1,3649;0,0980;-0,0701;0,1497;0,0156;0,9861;;False
609,67;5.26;pa030​;20250612_123326;1;Marche2;0,0261;1,3652;0,0981;-0,0703;0,1481;0,0162;0,9863;;False
609,68;5.28;pa030​;20250612_123326;1;Marche2;0,0258;1,3652;0,0981;-0,0713;0,1470;0,0165;0,9864;;False
609,70;5.29;pa030​;20250612_123326;1;Marche2;0,0255;1,3652;0,0980;-0,0714;0,1462;0,0165;0,9865;;False
609,71;5.31;pa030​;20250612_123326;1;Marche2;0,0253;1,3651;0,0978;-0,0704;0,1455;0,0166;0,9867;;False
609,72;5.32;pa030​;20250612_123326;1;Marche2;0,0251;1,3649;0,0977;-0,0697;0,1450;0,0166;0,9868;;False
609,74;5.33;pa030​;20250612_123326;1;Marche2;0,0248;1,3649;0,0976;-0,0688;0,1447;0,0166;0,9869;;False
609,75;5.35;pa030​;20250612_123326;1;Marche2;0,0247;1,3649;0,0975;-0,0690;0,1447;0,0167;0,9869;;False
609,76;5.36;pa030​;20250612_123326;1;Marche2;0,0245;1,3650;0,0974;-0,0695;0,1449;0,0168;0,9869;;False
609,78;5.38;pa030​;20250612_123326;1;Marche2;0,0243;1,3652;0,0974;-0,0701;0,1451;0,0165;0,9868;;False
609,79;5.39;pa030​;20250612_123326;1;Marche2;0,0241;1,3654;0,0973;-0,0709;0,1453;0,0165;0,9867;;False
609,81;5.4;pa030​;20250612_123326;1;Marche2;0,0242;1,3655;0,0972;-0,0712;0,1457;0,0164;0,9866;;False
609,82;5.42;pa030​;20250612_123326;1;Marche2;0,0242;1,3656;0,0972;-0,0716;0,1462;0,0165;0,9865;;False
609,83;5.43;pa030​;20250612_123326;1;Marche2;0,0244;1,3657;0,0971;-0,0726;0,1471;0,0170;0,9863;;False
609,85;5.44;pa030​;20250612_123326;1;Marche2;0,0245;1,3659;0,0970;-0,0732;0,1479;0,0174;0,9861;;False
609,86;5.46;pa030​;20250612_123326;1;Marche2;0,0248;1,3661;0,0970;-0,0752;0,1490;0,0181;0,9858;;False
609,88;5.47;pa030​;20250612_123326;1;Marche2;0,0250;1,3665;0,0970;-0,0773;0,1505;0,0184;0,9854;;False
609,89;5.49;pa030​;20250612_123326;1;Marche2;0,0252;1,3670;0,0972;-0,0795;0,1515;0,0190;0,9851;;False
609,90;5.5;pa030​;20250612_123326;1;Marche2;0,0253;1,3672;0,0973;-0,0805;0,1524;0,0199;0,9848;;False
609,92;5.51;pa030​;20250612_123326;1;Marche2;0,0254;1,3675;0,0974;-0,0806;0,1529;0,0209;0,9847;;False
609,93;5.53;pa030​;20250612_123326;1;Marche2;0,0255;1,3676;0,0976;-0,0810;0,1531;0,0214;0,9847;;False
609,94;5.54;pa030​;20250612_123326;1;Marche2;0,0256;1,3677;0,0977;-0,0813;0,1533;0,0214;0,9846;;False
609,96;5.56;pa030​;20250612_123326;1;Marche2;0,0255;1,3679;0,0978;-0,0824;0,1532;0,0212;0,9845;;False
609,97;5.57;pa030​;20250612_123326;1;Marche2;0,0255;1,3681;0,0980;-0,0838;0,1527;0,0212;0,9845;;False
609,99;5.58;pa030​;20250612_123326;1;Marche2;0,0255;1,3682;0,0982;-0,0845;0,1525;0,0214;0,9845;;False
610,00;5.6;pa030​;20250612_123326;1;Marche2;0,0255;1,3682;0,0985;-0,0838;0,1522;0,0208;0,9846;;False
610,01;5.61;pa030​;20250612_123326;1;Marche2;0,0254;1,3681;0,0988;-0,0828;0,1516;0,0203;0,9848;;False
610,03;5.63;pa030​;20250612_123326;1;Marche2;0,0253;1,3679;0,0991;-0,0813;0,1509;0,0198;0,9850;;False
610,04;5.64;pa030​;20250612_123326;1;Marche2;0,0252;1,3676;0,0993;-0,0802;0,1507;0,0196;0,9851;;False
610,06;5.65;pa030​;20250612_123326;1;Marche2;0,0252;1,3672;0,0995;-0,0788;0,1506;0,0196;0,9853;;False
610,07;5.67;pa030​;20250612_123326;1;Marche2;0,0251;1,3668;0,0997;-0,0771;0,1505;0,0192;0,9854;;False
610,08;5.68;pa030​;20250612_123326;1;Marche2;0,0250;1,3664;0,0999;-0,0759;0,1502;0,0193;0,9855;;False
610,10;5.69;pa030​;20250612_123326;1;Marche2;0,0249;1,3662;0,1001;-0,0746;0,1495;0,0197;0,9857;;False
610,11;5.71;pa030​;20250612_123326;1;Marche2;0,0247;1,3661;0,1002;-0,0739;0,1492;0,0201;0,9858;;False
610,13;5.72;pa030​;20250612_123326;1;Marche2;0,0246;1,3661;0,1003;-0,0742;0,1491;0,0202;0,9858;;False
610,14;5.74;pa030​;20250612_123326;1;Marche2;0,0245;1,3659;0,1005;-0,0748;0,1490;0,0209;0,9858;;False
610,16;5.75;pa030​;20250612_123326;1;Marche2;0,0244;1,3661;0,1006;-0,0756;0,1493;0,0211;0,9857;;False
610,17;5.76;pa030​;20250612_123326;1;Marche2;0,0244;1,3661;0,1006;-0,0758;0,1493;0,0212;0,9857;;False
610,18;5.78;pa030​;20250612_123326;1;Marche2;0,0243;1,3661;0,1006;-0,0749;0,1496;0,0215;0,9857;;False
610,20;5.79;pa030​;20250612_123326;1;Marche2;0,0243;1,3660;0,1005;-0,0743;0,1497;0,0211;0,9857;;False
610,21;5.81;pa030​;20250612_123326;1;Marche2;0,0243;1,3659;0,1005;-0,0741;0,1498;0,0209;0,9857;;False
610,22;5.82;pa030​;20250612_123326;1;Marche2;0,0243;1,3658;0,1005;-0,0742;0,1500;0,0207;0,9857;;False
610,24;5.83;pa030​;20250612_123326;1;Marche2;0,0243;1,3658;0,1004;-0,0740;0,1503;0,0204;0,9857;;False
610,25;5.85;pa030​;20250612_123326;1;Marche2;0,0244;1,3657;0,1004;-0,0739;0,1505;0,0202;0,9856;;False
610,26;5.86;pa030​;20250612_123326;1;Marche2;0,0244;1,3657;0,1003;-0,0736;0,1505;0,0199;0,9857;;False
610,28;5.87;pa030​;20250612_123326;1;Marche2;0,0244;1,3657;0,1002;-0,0733;0,1509;0,0198;0,9856;;False
610,29;5.89;pa030​;20250612_123326;1;Marche2;0,0245;1,3656;0,1001;-0,0729;0,1511;0,0196;0,9856;;False
610,31;5.9;pa030​;20250612_123326;1;Marche2;0,0246;1,3654;0,1000;-0,0723;0,1512;0,0194;0,9857;;False
610,32;5.92;pa030​;20250612_123326;1;Marche2;0,0246;1,3652;0,0999;-0,0716;0,1513;0,0193;0,9857;;False
610,33;5.93;pa030​;20250612_123326;1;Marche2;0,0247;1,3650;0,0999;-0,0708;0,1513;0,0192;0,9858;;False
610,35;5.94;pa030​;20250612_123326;1;Marche2;0,0247;1,3648;0,0998;-0,0699;0,1512;0,0190;0,9858;;False
610,36;5.96;pa030​;20250612_123326;1;Marche2;0,0247;1,3645;0,0997;-0,0686;0,1510;0,0187;0,9860;;False
610,38;5.97;pa030​;20250612_123326;1;Marche2;0,0247;1,3642;0,0996;-0,0674;0,1505;0,0184;0,9861;;False
610,39;5.99;pa030​;20250612_123326;1;Marche2;0,0247;1,3639;0,0996;-0,0663;0,1499;0,0179;0,9863;;False
610,40;6.0;pa030​;20250612_123326;1;Marche2;0,0247;1,3637;0,0996;-0,0658;0,1493;0,0175;0,9864;;False
610,42;6.01;pa030​;20250612_123326;1;Marche2;0,0247;1,3636;0,0995;-0,0652;0,1484;0,0172;0,9866;;False
610,43;6.03;pa030​;20250612_123326;1;Marche2;0,0247;1,3635;0,0993;-0,0644;0,1477;0,0169;0,9868;;False
610,44;6.04;pa030​;20250612_123326;1;Marche2;0,0248;1,3633;0,0991;-0,0633;0,1469;0,0162;0,9870;;False
610,46;6.06;pa030​;20250612_123326;1;Marche2;0,0248;1,3631;0,0989;-0,0622;0,1461;0,0157;0,9872;;False
610,47;6.07;pa030​;20250612_123326;1;Marche2;0,0249;1,3630;0,0987;-0,0610;0,1456;0,0150;0,9874;;False
610,49;6.08;pa030​;20250612_123326;1;Marche2;0,0250;1,3628;0,0984;-0,0603;0,1450;0,0142;0,9875;;False
610,50;6.1;pa030​;20250612_123326;1;Marche2;0,0250;1,3628;0,0981;-0,0597;0,1447;0,0138;0,9876;;False
610,52;6.11;pa030​;20250612_123326;1;Marche2;0,0250;1,3628;0,0978;-0,0593;0,1444;0,0131;0,9877;;False
610,53;6.13;pa030​;20250612_123326;1;Marche2;0,0250;1,3628;0,0975;-0,0594;0,1443;0,0126;0,9877;;False
610,54;6.14;pa030​;20250612_123326;1;Marche2;0,0250;1,3628;0,0971;-0,0596;0,1441;0,0125;0,9877;;False
610,56;6.15;pa030​;20250612_123326;1;Marche2;0,0250;1,3630;0,0967;-0,0602;0,1441;0,0125;0,9877;;False
610,57;6.17;pa030​;20250612_123326;1;Marche2;0,0250;1,3631;0,0963;-0,0610;0,1440;0,0126;0,9876;;False
610,58;6.18;pa030​;20250612_123326;1;Marche2;0,0249;1,3633;0,0958;-0,0613;0,1438;0,0127;0,9876;;False
610,60;6.19;pa030​;20250612_123326;1;Marche2;0,0249;1,3634;0,0954;-0,0622;0,1437;0,0127;0,9876;;False
610,61;6.21;pa030​;20250612_123326;1;Marche2;0,0248;1,3636;0,0951;-0,0635;0,1438;0,0126;0,9875;;False
610,63;6.22;pa030​;20250612_123326;1;Marche2;0,0249;1,3637;0,0947;-0,0644;0,1440;0,0125;0,9874;;False
610,64;6.24;pa030​;20250612_123326;1;Marche2;0,0250;1,3638;0,0944;-0,0651;0,1441;0,0124;0,9873;;False
610,65;6.25;pa030​;20250612_123326;1;Marche2;0,0250;1,3638;0,0940;-0,0656;0,1444;0,0128;0,9873;;False
610,67;6.26;pa030​;20250612_123326;1;Marche2;0,0249;1,3639;0,0937;-0,0661;0,1446;0,0131;0,9872;;False
610,68;6.28;pa030​;20250612_123326;1;Marche2;0,0249;1,3639;0,0934;-0,0663;0,1447;0,0132;0,9872;;False
610,70;6.29;pa030​;20250612_123326;1;Marche2;0,0248;1,3640;0,0931;-0,0664;0,1449;0,0132;0,9871;;False
610,71;6.31;pa030​;20250612_123326;1;Marche2;0,0247;1,3640;0,0928;-0,0665;0,1449;0,0134;0,9871;;False
610,72;6.32;pa030​;20250612_123326;1;Marche2;0,0246;1,3642;0,0925;-0,0669;0,1448;0,0135;0,9871;;False
610,74;6.33;pa030​;20250612_123326;1;Marche2;0,0245;1,3643;0,0923;-0,0675;0,1446;0,0136;0,9871;;False
610,75;6.35;pa030​;20250612_123326;1;Marche2;0,0244;1,3644;0,0922;-0,0679;0,1442;0,0135;0,9871;;False
610,76;6.36;pa030​;20250612_123326;1;Marche2;0,0243;1,3646;0,0920;-0,0684;0,1438;0,0133;0,9872;;False
610,78;6.38;pa030​;20250612_123326;1;Marche2;0,0242;1,3647;0,0918;-0,0688;0,1434;0,0133;0,9872;;False
610,79;6.39;pa030​;20250612_123326;1;Marche2;0,0241;1,3648;0,0915;-0,0691;0,1432;0,0130;0,9872;;False
610,81;6.4;pa030​;20250612_123326;1;Marche2;0,0240;1,3649;0,0913;-0,0694;0,1430;0,0130;0,9872;;False
610,82;6.42;pa030​;20250612_123326;1;Marche2;0,0239;1,3650;0,0911;-0,0698;0,1428;0,0129;0,9872;;False
610,83;6.43;pa030​;20250612_123326;1;Marche2;0,0238;1,3652;0,0909;-0,0701;0,1428;0,0128;0,9872;;False
610,85;6.44;pa030​;20250612_123326;1;Marche2;0,0237;1,3653;0,0907;-0,0704;0,1426;0,0130;0,9872;;False
610,86;6.46;pa030​;20250612_123326;1;Marche2;0,0236;1,3654;0,0905;-0,0708;0,1426;0,0129;0,9872;;False
610,88;6.47;pa030​;20250612_123326;1;Marche2;0,0235;1,3656;0,0903;-0,0712;0,1426;0,0131;0,9871;;False
610,89;6.49;pa030​;20250612_123326;1;Marche2;0,0234;1,3657;0,0902;-0,0714;0,1426;0,0133;0,9871;;False
610,90;6.5;pa030​;20250612_123326;1;Marche2;0,0232;1,3657;0,0901;-0,0717;0,1426;0,0133;0,9871;;False
610,92;6.51;pa030​;20250612_123326;1;Marche2;0,0231;1,3658;0,0900;-0,0719;0,1426;0,0135;0,9871;;False
610,93;6.53;pa030​;20250612_123326;1;Marche2;0,0230;1,3658;0,0899;-0,0720;0,1425;0,0138;0,9871;;False
610,95;6.54;pa030​;20250612_123326;1;Marche2;0,0230;1,3658;0,0899;-0,0723;0,1426;0,0140;0,9870;;False
610,96;6.56;pa030​;20250612_123326;1;Marche2;0,0229;1,3658;0,0899;-0,0724;0,1427;0,0140;0,9870;;False
610,97;6.57;pa030​;20250612_123326;1;Marche2;0,0229;1,3658;0,0900;-0,0726;0,1428;0,0142;0,9870;;False
610,99;6.58;pa030​;20250612_123326;1;Marche2;0,0231;1,3659;0,0903;-0,0724;0,1430;0,0143;0,9870;;False
611,00;6.6;pa030​;20250612_123326;1;Marche2;0,0232;1,3660;0,0905;-0,0722;0,1433;0,0143;0,9869;;False
611,02;6.61;pa030​;20250612_123326;1;Marche2;0,0231;1,3660;0,0906;-0,0722;0,1434;0,0144;0,9869;;False
611,03;6.63;pa030​;20250612_123326;1;Marche2;0,0231;1,3659;0,0906;-0,0722;0,1434;0,0144;0,9869;;False
611,04;6.64;pa030​;20250612_123326;1;Marche2;0,0231;1,3659;0,0907;-0,0720;0,1433;0,0145;0,9869;;False
611,06;6.65;pa030​;20250612_123326;1;Marche2;0,0231;1,3659;0,0908;-0,0720;0,1433;0,0145;0,9870;;False
611,07;6.67;pa030​;20250612_123326;1;Marche2;0,0231;1,3659;0,0909;-0,0719;0,1433;0,0144;0,9870;;False
611,08;6.68;pa030​;20250612_123326;1;Marche2;0,0231;1,3659;0,0909;-0,0719;0,1433;0,0143;0,9870;;False
611,10;6.69;pa030​;20250612_123326;1;Marche2;0,0231;1,3660;0,0910;-0,0719;0,1433;0,0141;0,9870;;False
611,11;6.71;pa030​;20250612_123326;1;Marche2;0,0231;1,3661;0,0910;-0,0720;0,1433;0,0140;0,9870;;False
611,13;6.72;pa030​;20250612_123326;1;Marche2;0,0231;1,3662;0,0910;-0,0723;0,1433;0,0138;0,9869;;False
611,14;6.74;pa030​;20250612_123326;1;Marche2;0,0232;1,3662;0,0910;-0,0722;0,1433;0,0137;0,9869;;False
611,15;6.75;pa030​;20250612_123326;1;Marche2;0,0232;1,3663;0,0910;-0,0726;0,1435;0,0136;0,9869;;False
611,17;6.76;pa030​;20250612_123326;1;Marche2;0,0233;1,3665;0,0910;-0,0730;0,1435;0,0134;0,9869;;False
611,18;6.78;pa030​;20250612_123326;1;Marche2;0,0234;1,3666;0,0909;-0,0731;0,1434;0,0132;0,9869;;False
611,20;6.79;pa030​;20250612_123326;1;Marche2;0,0234;1,3667;0,0908;-0,0733;0,1432;0,0130;0,9869;;False
611,21;6.81;pa030​;20250612_123326;1;Marche2;0,0235;1,3668;0,0908;-0,0735;0,1430;0,0128;0,9869;;False
611,22;6.82;pa030​;20250612_123326;1;Marche2;0,0237;1,3669;0,0908;-0,0738;0,1428;0,0125;0,9869;;False
611,24;6.83;pa030​;20250612_123326;1;Marche2;0,0238;1,3670;0,0908;-0,0738;0,1425;0,0122;0,9870;;False
611,25;6.85;pa030​;20250612_123326;1;Marche2;0,0239;1,3670;0,0908;-0,0738;0,1422;0,0121;0,9870;;False
611,26;6.86;pa030​;20250612_123326;1;Marche2;0,0239;1,3670;0,0907;-0,0740;0,1419;0,0118;0,9870;;False
611,28;6.88;pa030​;20250612_123326;1;Marche2;0,0240;1,3671;0,0906;-0,0743;0,1419;0,0117;0,9870;;False
611,29;6.89;pa030​;20250612_123326;1;Marche2;0,0240;1,3671;0,0905;-0,0745;0,1419;0,0117;0,9870;;False
611,31;6.9;pa030​;20250612_123326;1;Marche2;0,0241;1,3671;0,0905;-0,0747;0,1419;0,0116;0,9870;;False
611,32;6.92;pa030​;20250612_123326;1;Marche2;0,0242;1,3671;0,0904;-0,0747;0,1419;0,0117;0,9870;;False
611,33;6.93;pa030​;20250612_123326;1;Marche2;0,0243;1,3672;0,0903;-0,0751;0,1420;0,0118;0,9869;;False
611,35;6.94;pa030​;20250612_123326;1;Marche2;0,0243;1,3672;0,0902;-0,0753;0,1418;0,0117;0,9870;;False
611,36;6.96;pa030​;20250612_123326;1;Marche2;0,0244;1,3673;0,0902;-0,0754;0,1416;0,0118;0,9870;;False
611,38;6.97;pa030​;20250612_123326;1;Marche2;0,0244;1,3673;0,0901;-0,0756;0,1413;0,0116;0,9870;;False
611,39;6.99;pa030​;20250612_123326;1;Marche2;0,0244;1,3673;0,0901;-0,0757;0,1409;0,0115;0,9871;;False
611,40;7.0;pa030​;20250612_123326;1;Marche2;0,0244;1,3673;0,0901;-0,0756;0,1406;0,0113;0,9871;;False
611,42;7.01;pa030​;20250612_123326;1;Marche2;0,0244;1,3672;0,0901;-0,0754;0,1403;0,0113;0,9872;;False
611,43;7.03;pa030​;20250612_123326;1;Marche2;0,0245;1,3672;0,0901;-0,0751;0,1400;0,0111;0,9872;;False
611,44;7.04;pa030​;20250612_123326;1;Marche2;0,0246;1,3671;0,0902;-0,0747;0,1398;0,0110;0,9873;;False
611,46;7.06;pa030​;20250612_123326;1;Marche2;0,0247;1,3670;0,0902;-0,0745;0,1400;0,0108;0,9873;;False
611,47;7.07;pa030​;20250612_123326;1;Marche2;0,0248;1,3670;0,0903;-0,0746;0,1400;0,0110;0,9873;;False
611,49;7.08;pa030​;20250612_123326;1;Marche2;0,0249;1,3670;0,0903;-0,0745;0,1400;0,0110;0,9873;;False
611,50;7.1;pa030​;20250612_123326;1;Marche2;0,0250;1,3670;0,0904;-0,0743;0,1402;0,0112;0,9873;;False
611,51;7.11;pa030​;20250612_123326;1;Marche2;0,0250;1,3669;0,0904;-0,0739;0,1403;0,0115;0,9873;;False
611,53;7.13;pa030​;20250612_123326;1;Marche2;0,0251;1,3669;0,0905;-0,0735;0,1403;0,0118;0,9873;;False
611,54;7.14;pa030​;20250612_123326;1;Marche2;0,0251;1,3669;0,0905;-0,0732;0,1402;0,0121;0,9873;;False
611,56;7.15;pa030​;20250612_123326;1;Marche2;0,0251;1,3669;0,0906;-0,0731;0,1401;0,0121;0,9874;;False
611,57;7.17;pa030​;20250612_123326;1;Marche2;0,0252;1,3669;0,0906;-0,0730;0,1401;0,0122;0,9874;;False
611,58;7.18;pa030​;20250612_123326;1;Marche2;0,0253;1,3669;0,0906;-0,0729;0,1400;0,0123;0,9874;;False
611,60;7.19;pa030​;20250612_123326;1;Marche2;0,0253;1,3669;0,0906;-0,0728;0,1399;0,0124;0,9874;;False
611,61;7.21;pa030​;20250612_123326;1;Marche2;0,0254;1,3670;0,0906;-0,0728;0,1398;0,0124;0,9874;;False
611,63;7.22;pa030​;20250612_123326;1;Marche2;0,0255;1,3671;0,0906;-0,0729;0,1399;0,0124;0,9874;;False
611,64;7.24;pa030​;20250612_123326;1;Marche2;0,0256;1,3672;0,0906;-0,0729;0,1400;0,0124;0,9874;;False
611,65;7.25;pa030​;20250612_123326;1;Marche2;0,0257;1,3673;0,0905;-0,0733;0,1404;0,0126;0,9873;;False
611,67;7.26;pa030​;20250612_123326;1;Marche2;0,0259;1,3674;0,0905;-0,0735;0,1407;0,0127;0,9872;;False
611,68;7.28;pa030​;20250612_123326;1;Marche2;0,0261;1,3675;0,0905;-0,0738;0,1410;0,0127;0,9872;;False
611,70;7.29;pa030​;20250612_123326;1;Marche2;0,0264;1,3675;0,0905;-0,0739;0,1412;0,0129;0,9871;;False
611,71;7.31;pa030​;20250612_123326;1;Marche2;0,0266;1,3676;0,0905;-0,0739;0,1415;0,0130;0,9871;;False
611,72;7.32;pa030​;20250612_123326;1;Marche2;0,0268;1,3676;0,0905;-0,0737;0,1417;0,0130;0,9871;;False
611,74;7.33;pa030​;20250612_123326;1;Marche2;0,0270;1,3676;0,0905;-0,0737;0,1419;0,0131;0,9871;;False
611,75;7.35;pa030​;20250612_123326;1;Marche2;0,0272;1,3676;0,0905;-0,0735;0,1419;0,0130;0,9871;;False
611,76;7.36;pa030​;20250612_123326;1;Marche2;0,0273;1,3675;0,0905;-0,0732;0,1421;0,0130;0,9871;;False
611,78;7.38;pa030​;20250612_123326;1;Marche2;0,0276;1,3675;0,0905;-0,0731;0,1422;0,0128;0,9871;;False
611,79;7.39;pa030​;20250612_123326;1;Marche2;0,0278;1,3676;0,0905;-0,0731;0,1423;0,0127;0,9870;;False
611,81;7.4;pa030​;20250612_123326;1;Marche2;0,0280;1,3676;0,0905;-0,0732;0,1424;0,0124;0,9870;;False
611,82;7.42;pa030​;20250612_123326;1;Marche2;0,0283;1,3676;0,0905;-0,0733;0,1427;0,0122;0,9870;;False
611,83;7.43;pa030​;20250612_123326;1;Marche2;0,0285;1,3676;0,0904;-0,0734;0,1430;0,0120;0,9869;;False
611,85;7.45;pa030​;20250612_123326;1;Marche2;0,0288;1,3677;0,0905;-0,0735;0,1432;0,0118;0,9869;;False
611,86;7.46;pa030​;20250612_123326;1;Marche2;0,0291;1,3677;0,0905;-0,0734;0,1435;0,0117;0,9869;;False
611,88;7.47;pa030​;20250612_123326;1;Marche2;0,0293;1,3677;0,0905;-0,0735;0,1439;0,0115;0,9868;;False
611,89;7.49;pa030​;20250612_123326;1;Marche2;0,0296;1,3677;0,0905;-0,0737;0,1443;0,0113;0,9867;;False
611,90;7.5;pa030​;20250612_123326;1;Marche2;0,0298;1,3677;0,0906;-0,0736;0,1447;0,0113;0,9867;;False
611,92;7.51;pa030​;20250612_123326;1;Marche2;0,0300;1,3677;0,0906;-0,0736;0,1450;0,0112;0,9866;;False
611,93;7.53;pa030​;20250612_123326;1;Marche2;0,0303;1,3677;0,0906;-0,0736;0,1452;0,0112;0,9866;;False
611,94;7.54;pa030​;20250612_123326;1;Marche2;0,0306;1,3677;0,0906;-0,0735;0,1453;0,0111;0,9866;;False
611,96;7.56;pa030​;20250612_123326;1;Marche2;0,0308;1,3676;0,0906;-0,0734;0,1454;0,0109;0,9866;;False
611,97;7.57;pa030​;20250612_123326;1;Marche2;0,0309;1,3676;0,0907;-0,0732;0,1454;0,0107;0,9866;;False
611,99;7.58;pa030​;20250612_123326;1;Marche2;0,0311;1,3675;0,0907;-0,0732;0,1454;0,0106;0,9866;;False
612,00;7.6;pa030​;20250612_123326;1;Marche2;0,0312;1,3675;0,0908;-0,0733;0,1455;0,0105;0,9866;;False
612,02;7.61;pa030​;20250612_123326;1;Marche2;0,0313;1,3676;0,0908;-0,0734;0,1457;0,0106;0,9865;;False
612,03;7.63;pa030​;20250612_123326;1;Marche2;0,0314;1,3676;0,0909;-0,0737;0,1458;0,0108;0,9865;;False
612,04;7.64;pa030​;20250612_123326;1;Marche2;0,0315;1,3676;0,0909;-0,0737;0,1460;0,0108;0,9865;;False
612,06;7.65;pa030​;20250612_123326;1;Marche2;0,0317;1,3677;0,0909;-0,0736;0,1461;0,0109;0,9865;;False
612,07;7.67;pa030​;20250612_123326;1;Marche2;0,0318;1,3677;0,0909;-0,0736;0,1463;0,0109;0,9864;;False
612,08;7.68;pa030​;20250612_123326;1;Marche2;0,0318;1,3676;0,0909;-0,0734;0,1463;0,0109;0,9864;;False
612,10;7.69;pa030​;20250612_123326;1;Marche2;0,0318;1,3675;0,0909;-0,0732;0,1463;0,0108;0,9865;;False
612,11;7.71;pa030​;20250612_123326;1;Marche2;0,0318;1,3674;0,0909;-0,0729;0,1462;0,0109;0,9865;;False
612,13;7.72;pa030​;20250612_123326;1;Marche2;0,0318;1,3674;0,0908;-0,0729;0,1459;0,0110;0,9865;;False
612,14;7.74;pa030​;20250612_123326;1;Marche2;0,0317;1,3673;0,0908;-0,0728;0,1457;0,0110;0,9866;;False
612,15;7.75;pa030​;20250612_123326;1;Marche2;0,0317;1,3673;0,0908;-0,0729;0,1453;0,0112;0,9866;;False
612,17;7.76;pa030​;20250612_123326;1;Marche2;0,0317;1,3673;0,0908;-0,0730;0,1449;0,0114;0,9867;;False
612,18;7.78;pa030​;20250612_123326;1;Marche2;0,0317;1,3673;0,0909;-0,0733;0,1446;0,0114;0,9867;;False
612,20;7.79;pa030​;20250612_123326;1;Marche2;0,0317;1,3674;0,0909;-0,0734;0,1443;0,0111;0,9867;;False
612,21;7.81;pa030​;20250612_123326;1;Marche2;0,0317;1,3674;0,0908;-0,0733;0,1442;0,0111;0,9868;;False
612,22;7.82;pa030​;20250612_123326;1;Marche2;0,0317;1,3673;0,0907;-0,0730;0,1440;0,0108;0,9868;;False
612,24;7.83;pa030​;20250612_123326;1;Marche2;0,0318;1,3673;0,0907;-0,0730;0,1441;0,0106;0,9868;;False
612,25;7.85;pa030​;20250612_123326;1;Marche2;0,0318;1,3673;0,0906;-0,0733;0,1441;0,0104;0,9868;;False
612,26;7.86;pa030​;20250612_123326;1;Marche2;0,0318;1,3674;0,0906;-0,0737;0,1442;0,0103;0,9867;;False
612,28;7.88;pa030​;20250612_123326;1;Marche2;0,0318;1,3674;0,0906;-0,0738;0,1440;0,0105;0,9868;;False
612,29;7.89;pa030​;20250612_123326;1;Marche2;0,0316;1,3675;0,0906;-0,0739;0,1440;0,0106;0,9868;;False
612,31;7.9;pa030​;20250612_123326;1;Marche2;0,0314;1,3675;0,0907;-0,0737;0,1440;0,0106;0,9868;;False
612,32;7.92;pa030​;20250612_123326;1;Marche2;0,0314;1,3674;0,0907;-0,0735;0,1439;0,0105;0,9868;;False
612,33;7.93;pa030​;20250612_123326;1;Marche2;0,0313;1,3673;0,0907;-0,0732;0,1438;0,0106;0,9868;;False
612,35;7.94;pa030​;20250612_123326;1;Marche2;0,0312;1,3672;0,0908;-0,0727;0,1436;0,0106;0,9869;;False
612,36;7.96;pa030​;20250612_123326;1;Marche2;0,0310;1,3671;0,0908;-0,0720;0,1432;0,0108;0,9870;;False
612,38;7.97;pa030​;20250612_123326;1;Marche2;0,0309;1,3669;0,0908;-0,0717;0,1427;0,0108;0,9871;;False
612,39;7.99;pa030​;20250612_123326;1;Marche2;0,0308;1,3668;0,0909;-0,0713;0,1421;0,0110;0,9872;;False
612,40;8.0;pa030​;20250612_123326;1;Marche2;0,0306;1,3667;0,0909;-0,0710;0,1416;0,0109;0,9873;;False
612,42;8.01;pa030​;20250612_123326;1;Marche2;0,0304;1,3666;0,0910;-0,0707;0,1411;0,0110;0,9874;;False
612,43;8.03;pa030​;20250612_123326;1;Marche2;0,0302;1,3665;0,0910;-0,0706;0,1405;0,0109;0,9875;;False
612,45;8.04;pa030​;20250612_123326;1;Marche2;0,0301;1,3664;0,0909;-0,0705;0,1400;0,0106;0,9876;;False
612,46;8.06;pa030​;20250612_123326;1;Marche2;0,0299;1,3664;0,0908;-0,0703;0,1393;0,0105;0,9877;;False
612,47;8.07;pa030​;20250612_123326;1;Marche2;0,0297;1,3665;0,0906;-0,0703;0,1385;0,0102;0,9878;;False
612,49;8.08;pa030​;20250612_123326;1;Marche2;0,0296;1,3665;0,0904;-0,0703;0,1379;0,0099;0,9879;;False
612,50;8.1;pa030​;20250612_123326;1;Marche2;0,0294;1,3666;0,0901;-0,0705;0,1371;0,0095;0,9880;;False
612,52;8.11;pa030​;20250612_123326;1;Marche2;0,0291;1,3668;0,0896;-0,0706;0,1364;0,0091;0,9881;;False
612,53;8.12;pa030​;20250612_123326;1;Marche2;0,0288;1,3669;0,0892;-0,0708;0,1356;0,0089;0,9882;;False
612,54;8.14;pa030​;20250612_123326;1;Marche2;0,0286;1,3671;0,0889;-0,0711;0,1348;0,0086;0,9883;;False
612,56;8.15;pa030​;20250612_123326;1;Marche2;0,0283;1,3673;0,0885;-0,0719;0,1341;0,0084;0,9883;;False
612,57;8.17;pa030​;20250612_123326;1;Marche2;0,0280;1,3675;0,0881;-0,0726;0,1333;0,0082;0,9884;;False
612,58;8.18;pa030​;20250612_123326;1;Marche2;0,0277;1,3677;0,0877;-0,0735;0,1326;0,0084;0,9884;;False
612,60;8.19;pa030​;20250612_123326;1;Marche2;0,0274;1,3679;0,0872;-0,0743;0,1318;0,0083;0,9885;;False
612,61;8.21;pa030​;20250612_123326;1;Marche2;0,0270;1,3680;0,0868;-0,0749;0,1309;0,0084;0,9885;;False
612,63;8.22;pa030​;20250612_123326;1;Marche2;0,0266;1,3682;0,0863;-0,0753;0,1300;0,0085;0,9886;;False
612,64;8.24;pa030​;20250612_123326;1;Marche2;0,0262;1,3684;0,0859;-0,0758;0,1290;0,0086;0,9887;;False
612,65;8.25;pa030​;20250612_123326;1;Marche2;0,0258;1,3687;0,0856;-0,0766;0,1278;0,0085;0,9888;;False
612,67;8.26;pa030​;20250612_123326;1;Marche2;0,0253;1,3690;0,0852;-0,0776;0,1262;0,0085;0,9889;;False
612,68;8.28;pa030​;20250612_123326;1;Marche2;0,0249;1,3693;0,0847;-0,0788;0,1248;0,0083;0,9890;;False
612,70;8.29;pa030​;20250612_123326;1;Marche2;0,0245;1,3696;0,0841;-0,0799;0,1232;0,0078;0,9891;;False
612,71;8.31;pa030​;20250612_123326;1;Marche2;0,0241;1,3700;0,0836;-0,0814;0,1217;0,0073;0,9892;;False
612,72;8.32;pa030​;20250612_123326;1;Marche2;0,0237;1,3704;0,0830;-0,0828;0,1202;0,0067;0,9893;;False
612,74;8.33;pa030​;20250612_123326;1;Marche2;0,0232;1,3708;0,0823;-0,0842;0,1186;0,0063;0,9893;;False
612,75;8.35;pa030​;20250612_123326;1;Marche2;0,0227;1,3712;0,0815;-0,0853;0,1167;0,0058;0,9895;;False
612,76;8.36;pa030​;20250612_123326;1;Marche2;0,0221;1,3717;0,0807;-0,0868;0,1147;0,0049;0,9896;;False
612,78;8.37;pa030​;20250612_123326;1;Marche2;0,0215;1,3724;0,0799;-0,0883;0,1124;0,0037;0,9897;;False
612,79;8.39;pa030​;20250612_123326;1;Marche2;0,0206;1,3732;0,0790;-0,0901;0,1098;0,0028;0,9899;;False
612,81;8.4;pa030​;20250612_123326;1;Marche2;0,0198;1,3739;0,0780;-0,0922;0,1069;0,0021;0,9900;;False
612,82;8.42;pa030​;20250612_123326;1;Marche2;0,0189;1,3745;0,0770;-0,0945;0,1035;0,0012;0,9901;;False
612,83;8.43;pa030​;20250612_123326;1;Marche2;0,0178;1,3752;0,0761;-0,0968;0,1002;0,0004;0,9902;;False
612,85;8.44;pa030​;20250612_123326;1;Marche2;0,0168;1,3760;0,0752;-0,0993;0,0962;-0,0003;0,9904;;False
612,86;8.46;pa030​;20250612_123326;1;Marche2;0,0157;1,3767;0,0743;-0,1018;0,0924;-0,0005;0,9905;;False
612,88;8.47;pa030​;20250612_123326;1;Marche2;0,0147;1,3773;0,0733;-0,1044;0,0886;-0,0009;0,9906;;False
612,89;8.49;pa030​;20250612_123326;1;Marche2;0,0136;1,3778;0,0723;-0,1067;0,0851;-0,0005;0,9906;;False
612,90;8.5;pa030​;20250612_123326;1;Marche2;0,0126;1,3783;0,0712;-0,1087;0,0818;-0,0009;0,9907;;False
612,92;8.51;pa030​;20250612_123326;1;Marche2;0,0117;1,3788;0,0702;-0,1109;0,0785;-0,0011;0,9907;;False
612,93;8.53;pa030​;20250612_123326;1;Marche2;0,0107;1,3794;0,0692;-0,1130;0,0756;-0,0016;0,9907;;False
612,94;8.54;pa030​;20250612_123326;1;Marche2;0,0096;1,3801;0,0683;-0,1149;0,0722;-0,0025;0,9907;;False
612,96;8.56;pa030​;20250612_123326;1;Marche2;0,0085;1,3807;0,0674;-0,1177;0,0684;-0,0036;0,9907;;False
612,97;8.57;pa030​;20250612_123326;1;Marche2;0,0073;1,3814;0,0665;-0,1198;0,0641;-0,0043;0,9907;;False
612,99;8.58;pa030​;20250612_123326;1;Marche2;0,0060;1,3819;0,0656;-0,1222;0,0591;-0,0043;0,9907;;False
613,00;8.6;pa030​;20250612_123326;1;Marche2;0,0047;1,3825;0,0648;-0,1240;0,0535;-0,0045;0,9908;;False
613,01;8.61;pa030​;20250612_123326;1;Marche2;0,0033;1,3831;0,0641;-0,1264;0,0474;-0,0047;0,9908;;False
613,03;8.63;pa030​;20250612_123326;1;Marche2;0,0018;1,3839;0,0634;-0,1289;0,0416;-0,0048;0,9908;;False
613,04;8.64;pa030​;20250612_123326;1;Marche2;0,0005;1,3846;0,0627;-0,1314;0,0354;-0,0046;0,9907;;False
613,06;8.65;pa030​;20250612_123326;1;Marche2;-0,0008;1,3852;0,0620;-0,1342;0,0294;-0,0043;0,9905;;False
613,07;8.67;pa030​;20250612_123326;1;Marche2;-0,0020;1,3860;0,0613;-0,1371;0,0234;-0,0041;0,9903;;False
613,08;8.68;pa030​;20250612_123326;1;Marche2;-0,0032;1,3868;0,0605;-0,1406;0,0175;-0,0038;0,9899;;False
613,10;8.69;pa030​;20250612_123326;1;Marche2;-0,0044;1,3878;0,0597;-0,1440;0,0118;-0,0035;0,9895;;False
613,11;8.71;pa030​;20250612_123326;1;Marche2;-0,0056;1,3888;0,0589;-0,1481;0,0063;-0,0032;0,9890;;False
613,13;8.72;pa030​;20250612_123326;1;Marche2;-0,0066;1,3898;0,0580;-0,1528;0,0007;-0,0027;0,9883;;False
613,14;8.74;pa030​;20250612_123326;1;Marche2;-0,0076;1,3910;0,0569;-0,1556;-0,0047;-0,0018;0,9878;;False
613,15;8.75;pa030​;20250612_123326;1;Marche2;-0,0086;1,3916;0,0559;-0,1616;-0,0101;-0,0022;0,9868;;False
613,17;8.76;pa030​;20250612_123326;1;Marche2;-0,0097;1,3925;0,0545;-0,1656;-0,0146;-0,0016;0,9861;;False
613,18;8.78;pa030​;20250612_123326;1;Marche2;-0,0107;1,3934;0,0532;-0,1697;-0,0188;-0,0012;0,9853;;False
613,20;8.79;pa030​;20250612_123326;1;Marche2;-0,0117;1,3942;0,0518;-0,1736;-0,0228;0,0000;0,9846;;False
613,21;8.81;pa030​;20250612_123326;1;Marche2;-0,0127;1,3951;0,0503;-0,1774;-0,0265;0,0010;0,9838;;False
613,22;8.82;pa030​;20250612_123326;1;Marche2;-0,0137;1,3959;0,0487;-0,1813;-0,0298;0,0027;0,9830;;False
613,24;8.83;pa030​;20250612_123326;1;Marche2;-0,0146;1,3965;0,0471;-0,1855;-0,0338;0,0043;0,9821;;False
613,25;8.85;pa030​;20250612_123326;1;Marche2;-0,0155;1,3972;0,0453;-0,1892;-0,0380;0,0063;0,9812;;False
613,27;8.86;pa030​;20250612_123326;1;Marche2;-0,0165;1,3979;0,0434;-0,1930;-0,0428;0,0087;0,9802;;False
613,28;8.87;pa030​;20250612_123326;1;Marche2;-0,0176;1,3987;0,0416;-0,1970;-0,0477;0,0106;0,9792;;False
613,29;8.89;pa030​;20250612_123326;1;Marche2;-0,0186;1,3994;0,0398;-0,2012;-0,0530;0,0118;0,9780;;False
613,31;8.9;pa030​;20250612_123326;1;Marche2;-0,0195;1,4001;0,0380;-0,2049;-0,0586;0,0126;0,9769;;False
613,32;8.92;pa030​;20250612_123326;1;Marche2;-0,0204;1,4008;0,0363;-0,2082;-0,0645;0,0143;0,9759;;False
613,33;8.93;pa030​;20250612_123326;1;Marche2;-0,0212;1,4014;0,0346;-0,2113;-0,0711;0,0157;0,9747;;False
613,35;8.95;pa030​;20250612_123326;1;Marche2;-0,0223;1,4021;0,0329;-0,2145;-0,0778;0,0172;0,9735;;False
613,36;8.96;pa030​;20250612_123326;1;Marche2;-0,0233;1,4027;0,0313;-0,2177;-0,0846;0,0190;0,9722;;False
613,37;8.97;pa030​;20250612_123326;1;Marche2;-0,0243;1,4033;0,0298;-0,2209;-0,0911;0,0201;0,9708;;False
613,39;8.99;pa030​;20250612_123326;1;Marche2;-0,0252;1,4040;0,0284;-0,2237;-0,0973;0,0216;0,9695;;False
613,40;9.0;pa030​;20250612_123326;1;Marche2;-0,0259;1,4044;0,0269;-0,2265;-0,1035;0,0231;0,9682;;False
613,42;9.01;pa030​;20250612_123326;1;Marche2;-0,0268;1,4048;0,0254;-0,2294;-0,1094;0,0246;0,9668;;False
613,43;9.03;pa030​;20250612_123326;1;Marche2;-0,0277;1,4052;0,0239;-0,2317;-0,1153;0,0258;0,9656;;False
613,44;9.04;pa030​;20250612_123326;1;Marche2;-0,0285;1,4055;0,0225;-0,2342;-0,1211;0,0272;0,9642;;False
613,46;9.06;pa030​;20250612_123326;1;Marche2;-0,0292;1,4057;0,0212;-0,2361;-0,1267;0,0281;0,9630;;False
613,47;9.07;pa030​;20250612_123326;1;Marche2;-0,0299;1,4059;0,0200;-0,2379;-0,1312;0,0288;0,9620;;False
613,49;9.08;pa030​;20250612_123326;1;Marche2;-0,0306;1,4060;0,0189;-0,2396;-0,1360;0,0298;0,9608;;False
613,50;9.1;pa030​;20250612_123326;1;Marche2;-0,0311;1,4062;0,0181;-0,2406;-0,1405;0,0306;0,9599;;False
613,51;9.11;pa030​;20250612_123326;1;Marche2;-0,0317;1,4061;0,0174;-0,2416;-0,1442;0,0315;0,9591;;False
613,53;9.12;pa030​;20250612_123326;1;Marche2;-0,0322;1,4061;0,0166;-0,2416;-0,1469;0,0322;0,9586;;False
613,54;9.14;pa030​;20250612_123326;1;Marche2;-0,0324;1,4060;0,0161;-0,2412;-0,1497;0,0335;0,9583;;False
613,56;9.15;pa030​;20250612_123326;1;Marche2;-0,0327;1,4057;0,0156;-0,2413;-0,1520;0,0341;0,9579;;False
613,57;9.17;pa030​;20250612_123326;1;Marche2;-0,0330;1,4056;0,0152;-0,2407;-0,1544;0,0348;0,9576;;False
613,58;9.18;pa030​;20250612_123326;1;Marche2;-0,0332;1,4053;0,0150;-0,2400;-0,1562;0,0363;0,9574;;False
613,60;9.19;pa030​;20250612_123326;1;Marche2;-0,0333;1,4049;0,0149;-0,2384;-0,1581;0,0379;0,9575;;False
613,61;9.21;pa030​;20250612_123326;1;Marche2;-0,0335;1,4045;0,0149;-0,2366;-0,1601;0,0385;0,9576;;False
613,62;9.22;pa030​;20250612_123326;1;Marche2;-0,0335;1,4042;0,0150;-0,2346;-0,1624;0,0385;0,9577;;False
613,64;9.24;pa030​;20250612_123326;1;Marche2;-0,0335;1,4039;0,0152;-0,2334;-0,1640;0,0390;0,9577;;False
613,65;9.25;pa030​;20250612_123326;1;Marche2;-0,0334;1,4035;0,0155;-0,2318;-0,1655;0,0395;0,9578;;False
613,67;9.26;pa030​;20250612_123326;1;Marche2;-0,0334;1,4032;0,0158;-0,2298;-0,1666;0,0400;0,9580;;False
613,68;9.28;pa030​;20250612_123326;1;Marche2;-0,0332;1,4028;0,0162;-0,2272;-0,1669;0,0406;0,9586;;False
613,69;9.29;pa030​;20250612_123326;1;Marche2;-0,0330;1,4023;0,0167;-0,2243;-0,1670;0,0421;0,9592;;False
613,71;9.31;pa030​;20250612_123326;1;Marche2;-0,0328;1,4018;0,0173;-0,2211;-0,1674;0,0433;0,9598;;False
613,72;9.32;pa030​;20250612_123326;1;Marche2;-0,0328;1,4012;0,0179;-0,2178;-0,1677;0,0445;0,9604;;False
613,74;9.33;pa030​;20250612_123326;1;Marche2;-0,0327;1,4007;0,0187;-0,2144;-0,1684;0,0454;0,9610;;False
613,75;9.35;pa030​;20250612_123326;1;Marche2;-0,0324;1,4002;0,0197;-0,2101;-0,1692;0,0464;0,9618;;False
613,76;9.36;pa030​;20250612_123326;1;Marche2;-0,0323;1,3994;0,0205;-0,2059;-0,1691;0,0479;0,9627;;False
613,78;9.37;pa030​;20250612_123326;1;Marche2;-0,0320;1,3985;0,0216;-0,2006;-0,1694;0,0488;0,9637;;False
613,79;9.39;pa030​;20250612_123326;1;Marche2;-0,0319;1,3976;0,0227;-0,1947;-0,1696;0,0496;0,9648;;False
613,81;9.4;pa030​;20250612_123326;1;Marche2;-0,0319;1,3967;0,0238;-0,1877;-0,1700;0,0504;0,9661;;False
613,82;9.42;pa030​;20250612_123326;1;Marche2;-0,0319;1,3955;0,0251;-0,1793;-0,1714;0,0512;0,9674;;False
613,83;9.43;pa030​;20250612_123326;1;Marche2;-0,0321;1,3940;0,0264;-0,1690;-0,1723;0,0523;0,9690;;False
613,85;9.44;pa030​;20250612_123326;1;Marche2;-0,0323;1,3925;0,0283;-0,1575;-0,1738;0,0530;0,9707;;False
613,86;9.46;pa030​;20250612_123326;1;Marche2;-0,0328;1,3910;0,0302;-0,1462;-0,1760;0,0514;0,9721;;False
613,88;9.47;pa030​;20250612_123326;1;Marche2;-0,0334;1,3894;0,0321;-0,1340;-0,1802;0,0481;0,9733;;False
613,89;9.49;pa030​;20250612_123326;1;Marche2;-0,0344;1,3875;0,0339;-0,1215;-0,1868;0,0410;0,9740;;False
613,90;9.5;pa030​;20250612_123326;1;Marche2;-0,0357;1,3854;0,0357;-0,1079;-0,1965;0,0307;0,9741;;False
613,92;9.51;pa030​;20250612_123326;1;Marche2;-0,0371;1,3830;0,0374;-0,0934;-0,2089;0,0191;0,9733;;False
613,93;9.53;pa030​;20250612_123326;1;Marche2;-0,0385;1,3806;0,0389;-0,0778;-0,2214;0,0060;0,9721;;False
613,95;9.54;pa030​;20250612_123326;1;Marche2;-0,0397;1,3781;0,0405;-0,0620;-0,2337;-0,0093;0,9703;;False
613,96;9.56;pa030​;20250612_123326;1;Marche2;-0,0409;1,3760;0,0423;-0,0470;-0,2445;-0,0207;0,9683;;False
613,97;9.57;pa030​;20250612_123326;1;Marche2;-0,0420;1,3740;0,0443;-0,0346;-0,2531;-0,0305;0,9663;;False
613,99;9.58;pa030​;20250612_123326;1;Marche2;-0,0428;1,3723;0,0468;-0,0256;-0,2583;-0,0378;0,9650;;False
614,00;9.6;pa030​;20250612_123326;1;Marche2;-0,0429;1,3713;0,0494;-0,0227;-0,2583;-0,0393;0,9650;;False
614,01;9.61;pa030​;20250612_123326;1;Marche2;-0,0423;1,3712;0,0521;-0,0258;-0,2523;-0,0361;0,9666;;False
614,03;9.62;pa030​;20250612_123326;1;Marche2;-0,0411;1,3715;0,0551;-0,0309;-0,2418;-0,0316;0,9693;;False
614,04;9.64;pa030​;20250612_123326;1;Marche2;-0,0396;1,3714;0,0574;-0,0354;-0,2278;-0,0275;0,9727;;False
614,06;9.65;pa030​;20250612_123326;1;Marche2;-0,0378;1,3715;0,0594;-0,0391;-0,2140;-0,0214;0,9758;;False
614,07;9.67;pa030​;20250612_123326;1;Marche2;-0,0357;1,3718;0,0615;-0,0433;-0,2009;-0,0160;0,9785;;False
614,08;9.68;pa030​;20250612_123326;1;Marche2;-0,0338;1,3724;0,0634;-0,0481;-0,1882;-0,0119;0,9809;;False
614,10;9.69;pa030​;20250612_123326;1;Marche2;-0,0322;1,3732;0,0653;-0,0525;-0,1756;-0,0097;0,9830;;False
614,11;9.71;pa030​;20250612_123326;1;Marche2;-0,0304;1,3741;0,0672;-0,0568;-0,1635;-0,0087;0,9849;;False
614,13;9.72;pa030​;20250612_123326;1;Marche2;-0,0285;1,3748;0,0686;-0,0606;-0,1513;-0,0075;0,9866;;False
614,14;9.74;pa030​;20250612_123326;1;Marche2;-0,0267;1,3755;0,0698;-0,0641;-0,1405;-0,0055;0,9880;;False
614,15;9.75;pa030​;20250612_123326;1;Marche2;-0,0252;1,3760;0,0708;-0,0677;-0,1306;-0,0031;0,9891;;False
614,17;9.76;pa030​;20250612_123326;1;Marche2;-0,0239;1,3766;0,0716;-0,0703;-0,1227;0,0001;0,9900;;False
614,18;9.78;pa030​;20250612_123326;1;Marche2;-0,0229;1,3771;0,0723;-0,0734;-0,1171;0,0033;0,9904;;False
614,20;9.79;pa030​;20250612_123326;1;Marche2;-0,0219;1,3779;0,0729;-0,0773;-0,1123;0,0064;0,9906;;False
614,21;9.81;pa030​;20250612_123326;1;Marche2;-0,0211;1,3789;0,0734;-0,0813;-0,1076;0,0085;0,9908;;False
614,22;9.82;pa030​;20250612_123326;1;Marche2;-0,0202;1,3795;0,0738;-0,0846;-0,1033;0,0106;0,9910;;False
614,24;9.83;pa030​;20250612_123326;1;Marche2;-0,0194;1,3799;0,0741;-0,0868;-0,0993;0,0127;0,9912;;False
614,25;9.85;pa030​;20250612_123326;1;Marche2;-0,0185;1,3802;0,0744;-0,0882;-0,0958;0,0141;0,9914;;False
614,26;9.86;pa030​;20250612_123326;1;Marche2;-0,0177;1,3805;0,0746;-0,0897;-0,0924;0,0151;0,9916;;False
614,28;9.88;pa030​;20250612_123326;1;Marche2;-0,0168;1,3810;0,0749;-0,0913;-0,0887;0,0159;0,9917;;False
614,29;9.89;pa030​;20250612_123326;1;Marche2;-0,0158;1,3815;0,0752;-0,0935;-0,0848;0,0159;0,9919;;False
614,31;9.9;pa030​;20250612_123326;1;Marche2;-0,0148;1,3821;0,0754;-0,0963;-0,0806;0,0157;0,9920;;False
614,32;9.92;pa030​;20250612_123326;1;Marche2;-0,0137;1,3827;0,0755;-0,0985;-0,0760;0,0153;0,9921;;False
614,33;9.93;pa030​;20250612_123326;1;Marche2;-0,0124;1,3834;0,0755;-0,1002;-0,0717;0,0145;0,9923;;False
614,35;9.94;pa030​;20250612_123326;1;Marche2;-0,0111;1,3841;0,0754;-0,1025;-0,0670;0,0138;0,9924;;False
614,36;9.96;pa030​;20250612_123326;1;Marche2;-0,0100;1,3848;0,0754;-0,1054;-0,0628;0,0128;0,9924;;False
614,38;9.97;pa030​;20250612_123326;1;Marche2;-0,0091;1,3854;0,0753;-0,1083;-0,0590;0,0113;0,9923;;False
614,39;9.99;pa030​;20250612_123326;1;Marche2;-0,0082;1,3860;0,0752;-0,1118;-0,0556;0,0095;0,9921;;False
614,40;10.0;pa030​;20250612_123326;1;Marche2;-0,0073;1,3865;0,0750;-0,1155;-0,0519;0,0073;0,9919;;False
614,42;10.01;pa030​;20250612_123326;1;Marche2;-0,0063;1,3870;0,0747;-0,1187;-0,0478;0,0054;0,9918;;False
614,43;10.03;pa030​;20250612_123326;1;Marche2;-0,0052;1,3877;0,0743;-0,1219;-0,0431;0,0035;0,9916;;False
614,44;10.04;pa030​;20250612_123326;1;Marche2;-0,0041;1,3884;0,0739;-0,1260;-0,0379;0,0021;0,9913;;False
614,46;10.06;pa030​;20250612_123326;1;Marche2;-0,0031;1,3893;0,0734;-0,1308;-0,0328;0,0013;0,9909;;False
614,47;10.07;pa030​;20250612_123326;1;Marche2;-0,0021;1,3901;0,0728;-0,1356;-0,0283;0,0008;0,9904;;False
614,49;10.08;pa030​;20250612_123326;1;Marche2;-0,0013;1,3908;0,0722;-0,1398;-0,0238;0,0002;0,9899;;False
614,50;10.1;pa030​;20250612_123326;1;Marche2;-0,0005;1,3914;0,0715;-0,1432;-0,0197;-0,0001;0,9895;;False
614,51;10.11;pa030​;20250612_123326;1;Marche2;0,0003;1,3919;0,0708;-0,1461;-0,0158;0,0000;0,9892;;False
614,53;10.13;pa030​;20250612_123326;1;Marche2;0,0010;1,3923;0,0702;-0,1487;-0,0123;0,0005;0,9888;;False
614,54;10.14;pa030​;20250612_123326;1;Marche2;0,0017;1,3929;0,0695;-0,1514;-0,0089;0,0011;0,9884;;False
614,56;10.15;pa030​;20250612_123326;1;Marche2;0,0023;1,3935;0,0689;-0,1538;-0,0054;0,0017;0,9881;;False
614,57;10.17;pa030​;20250612_123326;1;Marche2;0,0030;1,3939;0,0683;-0,1560;-0,0026;0,0025;0,9877;;False
614,59;10.18;pa030​;20250612_123326;1;Marche2;0,0034;1,3941;0,0677;-0,1577;-0,0002;0,0031;0,9875;;False
614,60;10.19;pa030​;20250612_123326;1;Marche2;0,0038;1,3942;0,0672;-0,1584;0,0010;0,0034;0,9874;;False
614,61;10.21;pa030​;20250612_123326;1;Marche2;0,0038;1,3941;0,0668;-0,1581;0,0015;0,0034;0,9874;;False
614,63;10.22;pa030​;20250612_123326;1;Marche2;0,0039;1,3938;0,0665;-0,1569;0,0012;0,0032;0,9876;;False
614,64;10.24;pa030​;20250612_123326;1;Marche2;0,0038;1,3934;0,0663;-0,1548;0,0006;0,0033;0,9879;;False
614,65;10.25;pa030​;20250612_123326;1;Marche2;0,0038;1,3929;0,0662;-0,1520;-0,0001;0,0036;0,9884;;False
614,67;10.26;pa030​;20250612_123326;1;Marche2;0,0035;1,3925;0,0661;-0,1496;-0,0012;0,0042;0,9887;;False
614,68;10.28;pa030​;20250612_123326;1;Marche2;0,0033;1,3921;0,0660;-0,1477;-0,0027;0,0052;0,9890;;False
614,69;10.29;pa030​;20250612_123326;1;Marche2;0,0031;1,3918;0,0659;-0,1464;-0,0043;0,0063;0,9892;;False
614,71;10.31;pa030​;20250612_123326;1;Marche2;0,0029;1,3915;0,0658;-0,1449;-0,0058;0,0073;0,9894;;False
614,72;10.32;pa030​;20250612_123326;1;Marche2;0,0028;1,3911;0,0656;-0,1429;-0,0067;0,0084;0,9897;;False
614,74;10.33;pa030​;20250612_123326;1;Marche2;0,0026;1,3908;0,0655;-0,1407;-0,0074;0,0099;0,9900;;False
614,75;10.35;pa030​;20250612_123326;1;Marche2;0,0026;1,3907;0,0654;-0,1397;-0,0077;0,0111;0,9901;;False
614,76;10.36;pa030​;20250612_123326;1;Marche2;0,0026;1,3908;0,0652;-0,1398;-0,0077;0,0117;0,9901;;False
614,78;10.37;pa030​;20250612_123326;1;Marche2;0,0025;1,3906;0,0651;-0,1404;-0,0070;0,0122;0,9900;;False
614,79;10.39;pa030​;20250612_123326;1;Marche2;0,0026;1,3909;0,0648;-0,1408;-0,0063;0,0128;0,9899;;False
614,81;10.4;pa030​;20250612_123326;1;Marche2;0,0028;1,3910;0,0645;-0,1407;-0,0060;0,0130;0,9899;;False
614,82;10.42;pa030​;20250612_123326;1;Marche2;0,0029;1,3910;0,0641;-0,1409;-0,0055;0,0130;0,9899;;False
614,83;10.43;pa030​;20250612_123326;1;Marche2;0,0030;1,3912;0,0636;-0,1415;-0,0049;0,0124;0,9898;;False
614,85;10.44;pa030​;20250612_123326;1;Marche2;0,0030;1,3914;0,0633;-0,1421;-0,0041;0,0121;0,9898;;False
614,86;10.46;pa030​;20250612_123326;1;Marche2;0,0030;1,3915;0,0629;-0,1429;-0,0032;0,0121;0,9897;;False
614,88;10.47;pa030​;20250612_123326;1;Marche2;0,0029;1,3916;0,0626;-0,1436;-0,0024;0,0120;0,9896;;False
614,89;10.49;pa030​;20250612_123326;1;Marche2;0,0028;1,3918;0,0622;-0,1442;-0,0012;0,0117;0,9895;;False
614,90;10.5;pa030​;20250612_123326;1;Marche2;0,0028;1,3919;0,0618;-0,1452;0,0003;0,0116;0,9893;;False
614,92;10.51;pa030​;20250612_123326;1;Marche2;0,0028;1,3921;0,0615;-0,1466;0,0020;0,0117;0,9891;;False
614,93;10.53;pa030​;20250612_123326;1;Marche2;0,0029;1,3923;0,0611;-0,1482;0,0036;0,0120;0,9889;;False
614,94;10.54;pa030​;20250612_123326;1;Marche2;0,0029;1,3925;0,0607;-0,1499;0,0051;0,0120;0,9886;;False
614,96;10.56;pa030​;20250612_123326;1;Marche2;0,0029;1,3927;0,0604;-0,1514;0,0062;0,0116;0,9884;;False
614,97;10.57;pa030​;20250612_123326;1;Marche2;0,0028;1,3929;0,0600;-0,1531;0,0076;0,0110;0,9881;;False
614,99;10.58;pa030​;20250612_123326;1;Marche2;0,0030;1,3933;0,0596;-0,1552;0,0091;0,0099;0,9878;;False
615,00;10.6;pa030​;20250612_123326;1;Marche2;0,0031;1,3937;0,0592;-0,1578;0,0113;0,0091;0,9874;;False
615,01;10.61;pa030​;20250612_123326;1;Marche2;0,0032;1,3941;0,0587;-0,1598;0,0133;0,0086;0,9870;;False
615,03;10.62;pa030​;20250612_123326;1;Marche2;0,0034;1,3944;0,0584;-0,1620;0,0150;0,0083;0,9866;;False
615,04;10.64;pa030​;20250612_123326;1;Marche2;0,0034;1,3947;0,0579;-0,1640;0,0165;0,0083;0,9863;;False
615,06;10.65;pa030​;20250612_123326;1;Marche2;0,0035;1,3950;0,0574;-0,1659;0,0176;0,0084;0,9860;;False
615,07;10.67;pa030​;20250612_123326;1;Marche2;0,0034;1,3952;0,0569;-0,1673;0,0189;0,0085;0,9857;;False
615,08;10.68;pa030​;20250612_123326;1;Marche2;0,0035;1,3954;0,0565;-0,1682;0,0197;0,0088;0,9855;;False
615,10;10.69;pa030​;20250612_123326;1;Marche2;0,0034;1,3954;0,0561;-0,1686;0,0203;0,0088;0,9854;;False
615,11;10.71;pa030​;20250612_123326;1;Marche2;0,0032;1,3954;0,0558;-0,1689;0,0204;0,0086;0,9854;;False
615,13;10.72;pa030​;20250612_123326;1;Marche2;0,0031;1,3955;0,0555;-0,1688;0,0200;0,0085;0,9854;;False
615,14;10.74;pa030​;20250612_123326;1;Marche2;0,0029;1,3954;0,0552;-0,1687;0,0192;0,0084;0,9854;;False
615,15;10.75;pa030​;20250612_123326;1;Marche2;0,0025;1,3952;0,0549;-0,1679;0,0184;0,0083;0,9856;;False
615,17;10.76;pa030​;20250612_123326;1;Marche2;0,0023;1,3948;0,0547;-0,1667;0,0173;0,0081;0,9858;;False
615,18;10.78;pa030​;20250612_123326;1;Marche2;0,0021;1,3945;0,0544;-0,1647;0,0163;0,0082;0,9862;;False
615,20;10.79;pa030​;20250612_123326;1;Marche2;0,0018;1,3942;0,0542;-0,1632;0,0156;0,0085;0,9864;;False
615,21;10.81;pa030​;20250612_123326;1;Marche2;0,0015;1,3941;0,0538;-0,1621;0,0150;0,0085;0,9866;;False
615,22;10.82;pa030​;20250612_123326;1;Marche2;0,0013;1,3939;0,0534;-0,1615;0,0147;0,0087;0,9867;;False
615,24;10.83;pa030​;20250612_123326;1;Marche2;0,0012;1,3938;0,0530;-0,1610;0,0149;0,0089;0,9868;;False
615,25;10.85;pa030​;20250612_123326;1;Marche2;0,0011;1,3938;0,0525;-0,1608;0,0159;0,0088;0,9868;;False
615,26;10.86;pa030​;20250612_123326;1;Marche2;0,0010;1,3937;0,0519;-0,1606;0,0168;0,0088;0,9868;;False
615,28;10.88;pa030​;20250612_123326;1;Marche2;0,0011;1,3936;0,0514;-0,1606;0,0185;0,0086;0,9868;;False
615,29;10.89;pa030​;20250612_123326;1;Marche2;0,0012;1,3935;0,0508;-0,1606;0,0204;0,0087;0,9868;;False
615,31;10.9;pa030​;20250612_123326;1;Marche2;0,0013;1,3933;0,0502;-0,1611;0,0224;0,0088;0,9866;;False
615,32;10.92;pa030​;20250612_123326;1;Marche2;0,0013;1,3933;0,0496;-0,1615;0,0246;0,0086;0,9865;;False
615,33;10.93;pa030​;20250612_123326;1;Marche2;0,0013;1,3933;0,0491;-0,1616;0,0263;0,0087;0,9865;;False
615,35;10.94;pa030​;20250612_123326;1;Marche2;0,0012;1,3932;0,0485;-0,1618;0,0278;0,0087;0,9864;;False
615,36;10.96;pa030​;20250612_123326;1;Marche2;0,0011;1,3932;0,0480;-0,1618;0,0287;0,0088;0,9864;;False
615,38;10.97;pa030​;20250612_123326;1;Marche2;0,0008;1,3931;0,0475;-0,1618;0,0290;0,0091;0,9864;;False
615,39;10.99;pa030​;20250612_123326;1;Marche2;0,0005;1,3930;0,0470;-0,1616;0,0286;0,0092;0,9864;;False
615,40;11.0;pa030​;20250612_123326;1;Marche2;0,0002;1,3928;0,0466;-0,1612;0,0279;0,0093;0,9865;;False
615,42;11.01;pa030​;20250612_123326;1;Marche2;-0,0002;1,3927;0,0462;-0,1609;0,0272;0,0094;0,9866;;False
615,43;11.03;pa030​;20250612_123326;1;Marche2;-0,0005;1,3926;0,0459;-0,1607;0,0263;0,0094;0,9866;;False
615,45;11.04;pa030​;20250612_123326;1;Marche2;-0,0009;1,3924;0,0455;-0,1606;0,0250;0,0098;0,9867;;False
615,46;11.06;pa030​;20250612_123326;1;Marche2;-0,0013;1,3923;0,0451;-0,1601;0,0238;0,0103;0,9868;;False
615,47;11.07;pa030​;20250612_123326;1;Marche2;-0,0017;1,3921;0,0448;-0,1598;0,0227;0,0105;0,9868;;False
615,49;11.08;pa030​;20250612_123326;1;Marche2;-0,0020;1,3919;0,0444;-0,1595;0,0217;0,0106;0,9869;;False
615,50;11.1;pa030​;20250612_123326;1;Marche2;-0,0022;1,3918;0,0440;-0,1592;0,0211;0,0106;0,9870;;False
615,52;11.11;pa030​;20250612_123326;1;Marche2;-0,0024;1,3918;0,0437;-0,1592;0,0208;0,0107;0,9870;;False
615,53;11.12;pa030​;20250612_123326;1;Marche2;-0,0026;1,3918;0,0434;-0,1592;0,0208;0,0105;0,9870;;False
615,54;11.14;pa030​;20250612_123326;1;Marche2;-0,0029;1,3919;0,0431;-0,1596;0,0211;0,0104;0,9869;;False
615,56;11.15;pa030​;20250612_123326;1;Marche2;-0,0031;1,3919;0,0428;-0,1601;0,0213;0,0103;0,9868;;False
615,57;11.17;pa030​;20250612_123326;1;Marche2;-0,0032;1,3920;0,0424;-0,1606;0,0215;0,0099;0,9867;;False
615,58;11.18;pa030​;20250612_123326;1;Marche2;-0,0033;1,3922;0,0419;-0,1614;0,0215;0,0098;0,9866;;False
615,60;11.2;pa030​;20250612_123326;1;Marche2;-0,0034;1,3924;0,0415;-0,1625;0,0216;0,0095;0,9864;;False
615,61;11.21;pa030​;20250612_123326;1;Marche2;-0,0035;1,3926;0,0410;-0,1637;0,0213;0,0090;0,9862;;False
615,63;11.22;pa030​;20250612_123326;1;Marche2;-0,0036;1,3928;0,0405;-0,1652;0,0208;0,0089;0,9860;;False
615,64;11.24;pa030​;20250612_123326;1;Marche2;-0,0037;1,3931;0,0400;-0,1668;0,0201;0,0087;0,9857;;False
615,65;11.25;pa030​;20250612_123326;1;Marche2;-0,0039;1,3934;0,0395;-0,1684;0,0192;0,0080;0,9855;;False
615,67;11.26;pa030​;20250612_123326;1;Marche2;-0,0040;1,3937;0,0390;-0,1699;0,0181;0,0073;0,9853;;False
615,68;11.28;pa030​;20250612_123326;1;Marche2;-0,0042;1,3939;0,0385;-0,1715;0,0172;0,0069;0,9850;;False
615,70;11.29;pa030​;20250612_123326;1;Marche2;-0,0044;1,3942;0,0380;-0,1732;0,0160;0,0066;0,9847;;False
615,71;11.31;pa030​;20250612_123326;1;Marche2;-0,0046;1,3945;0,0374;-0,1756;0,0144;0,0064;0,9843;;False
615,72;11.32;pa030​;20250612_123326;1;Marche2;-0,0050;1,3949;0,0368;-0,1785;0,0125;0,0062;0,9838;;False
615,74;11.33;pa030​;20250612_123326;1;Marche2;-0,0052;1,3955;0,0362;-0,1815;0,0103;0,0062;0,9833;;False
615,75;11.35;pa030​;20250612_123326;1;Marche2;-0,0056;1,3960;0,0354;-0,1856;0,0082;0,0062;0,9826;;False
615,76;11.36;pa030​;20250612_123326;1;Marche2;-0,0060;1,3968;0,0348;-0,1896;0,0057;0,0056;0,9818;;False
615,78;11.38;pa030​;20250612_123326;1;Marche2;-0,0065;1,3978;0,0341;-0,1946;0,0032;0,0056;0,9809;;False
615,79;11.39;pa030​;20250612_123326;1;Marche2;-0,0069;1,3989;0,0333;-0,2003;0,0006;0,0056;0,9797;;False
615,81;11.4;pa030​;20250612_123326;1;Marche2;-0,0073;1,3999;0,0324;-0,2067;-0,0027;0,0053;0,9784;;False
615,82;11.42;pa030​;20250612_123326;1;Marche2;-0,0079;1,4011;0,0313;-0,2133;-0,0059;0,0043;0,9770;;False
615,83;11.43;pa030​;20250612_123326;1;Marche2;-0,0082;1,4020;0,0303;-0,2192;-0,0091;0,0033;0,9756;;False
615,85;11.44;pa030​;20250612_123326;1;Marche2;-0,0086;1,4030;0,0291;-0,2246;-0,0115;0,0028;0,9744;;False
615,86;11.46;pa030​;20250612_123326;1;Marche2;-0,0089;1,4039;0,0280;-0,2294;-0,0141;0,0026;0,9732;;False
615,88;11.47;pa030​;20250612_123326;1;Marche2;-0,0093;1,4046;0,0270;-0,2341;-0,0167;0,0025;0,9721;;False
615,89;11.49;pa030​;20250612_123326;1;Marche2;-0,0097;1,4055;0,0259;-0,2378;-0,0190;0,0028;0,9711;;False
615,90;11.5;pa030​;20250612_123326;1;Marche2;-0,0100;1,4061;0,0250;-0,2415;-0,0210;0,0029;0,9702;;False
615,92;11.51;pa030​;20250612_123326;1;Marche2;-0,0102;1,4067;0,0241;-0,2445;-0,0218;0,0036;0,9694;;False
615,93;11.53;pa030​;20250612_123326;1;Marche2;-0,0104;1,4072;0,0232;-0,2473;-0,0220;0,0044;0,9687;;False
615,94;11.54;pa030​;20250612_123326;1;Marche2;-0,0105;1,4078;0,0224;-0,2493;-0,0217;0,0052;0,9682;;False
615,96;11.56;pa030​;20250612_123326;1;Marche2;-0,0105;1,4081;0,0217;-0,2510;-0,0215;0,0056;0,9677;;False
615,97;11.57;pa030​;20250612_123326;1;Marche2;-0,0107;1,4083;0,0210;-0,2524;-0,0210;0,0059;0,9674;;False
615,99;11.58;pa030​;20250612_123326;1;Marche2;-0,0107;1,4085;0,0204;-0,2532;-0,0208;0,0060;0,9672;;False
616,00;11.6;pa030​;20250612_123326;1;Marche2;-0,0109;1,4087;0,0200;-0,2536;-0,0210;0,0059;0,9671;;False
616,02;11.61;pa030​;20250612_123326;1;Marche2;-0,0111;1,4089;0,0197;-0,2543;-0,0212;0,0058;0,9669;;False
616,03;11.62;pa030​;20250612_123326;1;Marche2;-0,0112;1,4091;0,0194;-0,2547;-0,0213;0,0057;0,9668;;False
616,04;11.64;pa030​;20250612_123326;1;Marche2;-0,0113;1,4092;0,0190;-0,2552;-0,0211;0,0059;0,9666;;False
616,06;11.65;pa030​;20250612_123326;1;Marche2;-0,0113;1,4093;0,0186;-0,2554;-0,0211;0,0062;0,9666;;False
616,07;11.67;pa030​;20250612_123326;1;Marche2;-0,0113;1,4093;0,0182;-0,2558;-0,0209;0,0061;0,9665;;False
616,08;11.68;pa030​;20250612_123326;1;Marche2;-0,0113;1,4093;0,0179;-0,2558;-0,0206;0,0063;0,9665;;False
616,10;11.69;pa030​;20250612_123326;1;Marche2;-0,0112;1,4093;0,0176;-0,2561;-0,0201;0,0065;0,9664;;False
616,11;11.71;pa030​;20250612_123326;1;Marche2;-0,0111;1,4094;0,0173;-0,2564;-0,0194;0,0068;0,9663;;False
616,13;11.72;pa030​;20250612_123326;1;Marche2;-0,0109;1,4095;0,0171;-0,2569;-0,0189;0,0067;0,9662;;False
616,14;11.74;pa030​;20250612_123326;1;Marche2;-0,0107;1,4096;0,0170;-0,2569;-0,0181;0,0066;0,9662;;False
616,15;11.75;pa030​;20250612_123326;1;Marche2;-0,0105;1,4097;0,0168;-0,2570;-0,0170;0,0066;0,9662;;False
616,17;11.76;pa030​;20250612_123326;1;Marche2;-0,0102;1,4097;0,0165;-0,2569;-0,0161;0,0066;0,9663;;False
616,18;11.78;pa030​;20250612_123326;1;Marche2;-0,0100;1,4097;0,0163;-0,2570;-0,0153;0,0066;0,9663;;False
616,20;11.79;pa030​;20250612_123326;1;Marche2;-0,0098;1,4097;0,0162;-0,2573;-0,0148;0,0066;0,9662;;False
616,21;11.81;pa030​;20250612_123326;1;Marche2;-0,0095;1,4098;0,0159;-0,2575;-0,0140;0,0067;0,9662;;False
616,22;11.82;pa030​;20250612_123326;1;Marche2;-0,0092;1,4099;0,0158;-0,2576;-0,0132;0,0068;0,9661;;False
616,24;11.83;pa030​;20250612_123326;1;Marche2;-0,0089;1,4098;0,0157;-0,2577;-0,0123;0,0068;0,9661;;False
616,25;11.85;pa030​;20250612_123326;1;Marche2;-0,0085;1,4101;0,0160;-0,2574;-0,0113;0,0066;0,9662;;False
616,26;11.86;pa030​;20250612_123326;1;Marche2;-0,0081;1,4103;0,0164;-0,2572;-0,0105;0,0065;0,9663;;False
616,28;11.88;pa030​;20250612_123326;1;Marche2;-0,0078;1,4103;0,0166;-0,2569;-0,0099;0,0061;0,9664;;False
616,29;11.89;pa030​;20250612_123326;1;Marche2;-0,0074;1,4102;0,0166;-0,2564;-0,0091;0,0057;0,9665;;False
616,31;11.9;pa030​;20250612_123326;1;Marche2;-0,0069;1,4101;0,0167;-0,2555;-0,0081;0,0053;0,9668;;False
616,32;11.92;pa030​;20250612_123326;1;Marche2;-0,0064;1,4098;0,0168;-0,2544;-0,0071;0,0048;0,9671;;False
616,33;11.93;pa030​;20250612_123326;1;Marche2;-0,0059;1,4096;0,0171;-0,2532;-0,0059;0,0045;0,9674;;False
616,35;11.94;pa030​;20250612_123326;1;Marche2;-0,0054;1,4094;0,0174;-0,2516;-0,0046;0,0043;0,9678;;False
616,36;11.96;pa030​;20250612_123326;1;Marche2;-0,0048;1,4089;0,0177;-0,2498;-0,0031;0,0039;0,9683;;False
616,38;11.97;pa030​;20250612_123326;1;Marche2;-0,0042;1,4084;0,0181;-0,2477;-0,0015;0,0038;0,9688;;False
616,39;11.99;pa030​;20250612_123326;1;Marche2;-0,0037;1,4077;0,0186;-0,2447;0,0006;0,0036;0,9696;;False
616,40;12.0;pa030​;20250612_123326;1;Marche2;-0,0031;1,4073;0,0192;-0,2424;0,0026;0,0040;0,9702;;False
616,42;12.01;pa030​;20250612_123326;1;Marche2;-0,0024;1,4069;0,0198;-0,2404;0,0043;0,0042;0,9706;;False
616,43;12.03;pa030​;20250612_123326;1;Marche2;-0,0018;1,4066;0,0205;-0,2383;0,0058;0,0041;0,9712;;False
616,44;12.04;pa030​;20250612_123326;1;Marche2;-0,0011;1,4059;0,0211;-0,2357;0,0075;0,0044;0,9718;;False
616,46;12.06;pa030​;20250612_123326;1;Marche2;-0,0004;1,4051;0,0217;-0,2314;0,0095;0,0043;0,9728;;False
616,47;12.07;pa030​;20250612_123326;1;Marche2;0,0003;1,4040;0,0225;-0,2263;0,0117;0,0040;0,9740;;False
616,49;12.08;pa030​;20250612_123326;1;Marche2;0,0011;1,4029;0,0234;-0,2200;0,0136;0,0037;0,9754;;False
616,50;12.1;pa030​;20250612_123326;1;Marche2;0,0019;1,4019;0,0244;-0,2141;0,0154;0,0035;0,9767;;False
616,51;12.11;pa030​;20250612_123326;1;Marche2;0,0026;1,4011;0,0253;-0,2091;0,0169;0,0034;0,9777;;False
616,53;12.12;pa030​;20250612_123326;1;Marche2;0,0032;1,4004;0,0261;-0,2046;0,0182;0,0032;0,9787;;False
616,54;12.14;pa030​;20250612_123326;1;Marche2;0,0038;1,3994;0,0270;-0,1998;0,0196;0,0030;0,9796;;False
616,56;12.15;pa030​;20250612_123326;1;Marche2;0,0045;1,3981;0,0280;-0,1937;0,0206;0,0027;0,9808;;False
616,57;12.17;pa030​;20250612_123326;1;Marche2;0,0051;1,3968;0,0291;-0,1865;0,0217;0,0025;0,9822;;False
616,58;12.18;pa030​;20250612_123326;1;Marche2;0,0056;1,3957;0,0303;-0,1794;0,0226;0,0031;0,9835;;False
616,60;12.2;pa030​;20250612_123326;1;Marche2;0,0060;1,3946;0,0314;-0,1736;0,0232;0,0038;0,9845;;False
616,61;12.21;pa030​;20250612_123326;1;Marche2;0,0064;1,3937;0,0325;-0,1681;0,0240;0,0048;0,9855;;False
616,63;12.22;pa030​;20250612_123326;1;Marche2;0,0068;1,3928;0,0336;-0,1644;0,0244;0,0057;0,9861;;False
616,64;12.24;pa030​;20250612_123326;1;Marche2;0,0072;1,3921;0,0346;-0,1609;0,0244;0,0066;0,9867;;False
616,65;12.25;pa030​;20250612_123326;1;Marche2;0,0075;1,3914;0,0356;-0,1575;0,0250;0,0071;0,9872;;False
616,67;12.26;pa030​;20250612_123326;1;Marche2;0,0079;1,3909;0,0364;-0,1548;0,0250;0,0075;0,9876;;False
616,68;12.28;pa030​;20250612_123326;1;Marche2;0,0080;1,3905;0,0372;-0,1529;0,0253;0,0077;0,9879;;False
616,70;12.29;pa030​;20250612_123326;1;Marche2;0,0082;1,3901;0,0378;-0,1516;0,0253;0,0074;0,9881;;False
616,71;12.31;pa030​;20250612_123326;1;Marche2;0,0085;1,3896;0,0385;-0,1499;0,0248;0,0070;0,9884;;False
616,72;12.32;pa030​;20250612_123326;1;Marche2;0,0086;1,3893;0,0392;-0,1482;0,0244;0,0066;0,9886;;False
616,74;12.33;pa030​;20250612_123326;1;Marche2;0,0088;1,3892;0,0398;-0,1464;0,0242;0,0060;0,9889;;False
616,75;12.35;pa030​;20250612_123326;1;Marche2;0,0089;1,3891;0,0404;-0,1456;0,0239;0,0057;0,9890;;False
616,76;12.36;pa030​;20250612_123326;1;Marche2;0,0090;1,3890;0,0410;-0,1452;0,0233;0,0055;0,9891;;False
616,78;12.38;pa030​;20250612_123326;1;Marche2;0,0091;1,3889;0,0414;-0,1452;0,0228;0,0053;0,9891;;False
616,79;12.39;pa030​;20250612_123326;1;Marche2;0,0091;1,3888;0,0419;-0,1451;0,0222;0,0050;0,9892;;False
616,81;12.4;pa030​;20250612_123326;1;Marche2;0,0092;1,3888;0,0423;-0,1448;0,0218;0,0048;0,9892;;False
616,82;12.42;pa030​;20250612_123326;1;Marche2;0,0093;1,3889;0,0427;-0,1449;0,0218;0,0047;0,9892;;False
616,83;12.43;pa030​;20250612_123326;1;Marche2;0,0094;1,3889;0,0431;-0,1450;0,0216;0,0045;0,9892;;False
616,85;12.44;pa030​;20250612_123326;1;Marche2;0,0095;1,3889;0,0435;-0,1454;0,0217;0,0042;0,9891;;False
616,86;12.46;pa030​;20250612_123326;1;Marche2;0,0096;1,3889;0,0438;-0,1459;0,0219;0,0041;0,9890;;False
616,88;12.47;pa030​;20250612_123326;1;Marche2;0,0097;1,3890;0,0441;-0,1464;0,0219;0,0036;0,9890;;False
616,89;12.49;pa030​;20250612_123326;1;Marche2;0,0097;1,3892;0,0445;-0,1469;0,0219;0,0032;0,9889;;False
616,90;12.5;pa030​;20250612_123326;1;Marche2;0,0098;1,3894;0,0449;-0,1471;0,0217;0,0028;0,9889;;False
616,92;12.52;pa030​;20250612_123326;1;Marche2;0,0099;1,3895;0,0452;-0,1471;0,0216;0,0025;0,9889;;False
616,93;12.53;pa030​;20250612_123326;1;Marche2;0,0099;1,3895;0,0455;-0,1471;0,0216;0,0024;0,9889;;False
616,94;12.54;pa030​;20250612_123326;1;Marche2;0,0100;1,3895;0,0457;-0,1474;0,0215;0,0023;0,9888;;False
616,96;12.56;pa030​;20250612_123326;1;Marche2;0,0101;1,3896;0,0459;-0,1480;0,0214;0,0025;0,9888;;False
616,97;12.57;pa030​;20250612_123326;1;Marche2;0,0101;1,3897;0,0461;-0,1486;0,0213;0,0026;0,9887;;False
616,99;12.58;pa030​;20250612_123326;1;Marche2;0,0102;1,3898;0,0463;-0,1492;0,0214;0,0028;0,9886;;False
617,00;12.6;pa030​;20250612_123326;1;Marche2;0,0103;1,3899;0,0464;-0,1494;0,0214;0,0029;0,9885;;False
617,01;12.61;pa030​;20250612_123326;1;Marche2;0,0104;1,3898;0,0465;-0,1493;0,0215;0,0030;0,9885;;False
617,03;12.63;pa030​;20250612_123326;1;Marche2;0,0105;1,3898;0,0467;-0,1494;0,0216;0,0029;0,9885;;False
617,04;12.64;pa030​;20250612_123326;1;Marche2;0,0106;1,3898;0,0469;-0,1496;0,0218;0,0029;0,9885;;False
617,06;12.65;pa030​;20250612_123326;1;Marche2;0,0107;1,3900;0,0471;-0,1496;0,0219;0,0029;0,9885;;False
617,07;12.67;pa030​;20250612_123326;1;Marche2;0,0107;1,3901;0,0473;-0,1497;0,0220;0,0029;0,9885;;False
617,08;12.68;pa030​;20250612_123326;1;Marche2;0,0108;1,3901;0,0474;-0,1497;0,0219;0,0028;0,9885;;False
617,10;12.7;pa030​;20250612_123326;1;Marche2;0,0109;1,3901;0,0476;-0,1495;0,0216;0,0027;0,9885;;False
617,11;12.71;pa030​;20250612_123326;1;Marche2;0,0109;1,3900;0,0477;-0,1492;0,0211;0,0023;0,9886;;False
617,13;12.72;pa030​;20250612_123326;1;Marche2;0,0110;1,3900;0,0478;-0,1490;0,0205;0,0021;0,9886;;False
617,14;12.74;pa030​;20250612_123326;1;Marche2;0,0110;1,3899;0,0479;-0,1487;0,0200;0,0019;0,9887;;False
617,15;12.75;pa030​;20250612_123326;1;Marche2;0,0110;1,3899;0,0481;-0,1485;0,0193;0,0018;0,9887;;False
617,17;12.76;pa030​;20250612_123326;1;Marche2;0,0110;1,3898;0,0482;-0,1483;0,0186;0,0017;0,9888;;False
617,18;12.78;pa030​;20250612_123326;1;Marche2;0,0110;1,3897;0,0484;-0,1477;0,0177;0,0017;0,9889;;False
617,20;12.79;pa030​;20250612_123326;1;Marche2;0,0108;1,3895;0,0485;-0,1472;0,0166;0,0017;0,9890;;False
617,21;12.81;pa030​;20250612_123326;1;Marche2;0,0106;1,3895;0,0486;-0,1467;0,0151;0,0016;0,9891;;False
617,22;12.82;pa030​;20250612_123326;1;Marche2;0,0103;1,3895;0,0487;-0,1464;0,0134;0,0017;0,9891;;False
617,24;12.83;pa030​;20250612_123326;1;Marche2;0,0100;1,3895;0,0488;-0,1464;0,0114;0,0021;0,9892;;False
617,25;12.85;pa030​;20250612_123326;1;Marche2;0,0093;1,3896;0,0487;-0,1467;0,0093;0,0018;0,9891;;False
617,26;12.86;pa030​;20250612_123326;1;Marche2;0,0089;1,3897;0,0486;-0,1469;0,0071;0,0017;0,9891;;False
617,28;12.88;pa030​;20250612_123326;1;Marche2;0,0085;1,3897;0,0486;-0,1473;0,0052;0,0017;0,9891;;False
617,29;12.89;pa030​;20250612_123326;1;Marche2;0,0081;1,3898;0,0485;-0,1475;0,0034;0,0021;0,9891;;False
617,31;12.9;pa030​;20250612_123326;1;Marche2;0,0076;1,3900;0,0484;-0,1479;0,0017;0,0024;0,9890;;False
617,32;12.92;pa030​;20250612_123326;1;Marche2;0,0071;1,3901;0,0484;-0,1482;0,0003;0,0028;0,9890;;False
617,33;12.93;pa030​;20250612_123326;1;Marche2;0,0067;1,3900;0,0483;-0,1480;-0,0011;0,0035;0,9890;;False
617,35;12.94;pa030​;20250612_123326;1;Marche2;0,0063;1,3900;0,0484;-0,1474;-0,0018;0,0040;0,9891;;False
617,36;12.96;pa030​;20250612_123326;1;Marche2;0,0058;1,3900;0,0483;-0,1470;-0,0021;0,0043;0,9891;;False
617,38;12.97;pa030​;20250612_123326;1;Marche2;0,0054;1,3901;0,0482;-0,1467;-0,0024;0,0046;0,9892;;False
617,39;12.99;pa030​;20250612_123326;1;Marche2;0,0049;1,3901;0,0481;-0,1461;-0,0026;0,0049;0,9893;;False
617,40;13.0;pa030​;20250612_123326;1;Marche2;0,0044;1,3900;0,0479;-0,1451;-0,0031;0,0048;0,9894;;False
617,42;13.01;pa030​;20250612_123326;1;Marche2;0,0038;1,3898;0,0476;-0,1435;-0,0040;0,0048;0,9896;;False
617,43;13.03;pa030​;20250612_123326;1;Marche2;0,0032;1,3895;0,0473;-0,1412;-0,0055;0,0054;0,9900;;False
617,44;13.04;pa030​;20250612_123326;1;Marche2;0,0025;1,3892;0,0469;-0,1388;-0,0072;0,0058;0,9903;;False
617,46;13.06;pa030​;20250612_123326;1;Marche2;0,0017;1,3890;0,0465;-0,1363;-0,0095;0,0059;0,9906;;False
617,47;13.07;pa030​;20250612_123326;1;Marche2;0,0009;1,3887;0,0460;-0,1344;-0,0115;0,0062;0,9908;;False
617,49;13.08;pa030​;20250612_123326;1;Marche2;0,0003;1,3886;0,0455;-0,1327;-0,0136;0,0063;0,9910;;False
617,50;13.1;pa030​;20250612_123326;1;Marche2;-0,0006;1,3885;0,0449;-0,1323;-0,0155;0,0068;0,9911;;False
617,51;13.11;pa030​;20250612_123326;1;Marche2;-0,0016;1,3889;0,0443;-0,1337;-0,0182;0,0072;0,9908;;False
617,53;13.13;pa030​;20250612_123326;1;Marche2;-0,0025;1,3895;0,0434;-0,1368;-0,0208;0,0076;0,9904;;False
617,54;13.14;pa030​;20250612_123326;1;Marche2;-0,0033;1,3901;0,0426;-0,1407;-0,0230;0,0080;0,9898;;False
617,56;13.15;pa030​;20250612_123326;1;Marche2;-0,0041;1,3909;0,0416;-0,1446;-0,0253;0,0087;0,9891;;False
617,57;13.17;pa030​;20250612_123326;1;Marche2;-0,0051;1,3918;0,0404;-0,1492;-0,0280;0,0092;0,9884;;False
617,58;13.18;pa030​;20250612_123326;1;Marche2;-0,0061;1,3927;0,0392;-0,1539;-0,0303;0,0096;0,9876;;False
617,60;13.19;pa030​;20250612_123326;1;Marche2;-0,0068;1,3936;0,0380;-0,1588;-0,0329;0,0101;0,9867;;False
617,61;13.21;pa030​;20250612_123326;1;Marche2;-0,0075;1,3945;0,0368;-0,1634;-0,0353;0,0103;0,9859;;False
617,63;13.22;pa030​;20250612_123326;1;Marche2;-0,0082;1,3953;0,0356;-0,1676;-0,0372;0,0110;0,9851;;False
617,64;13.24;pa030​;20250612_123326;1;Marche2;-0,0088;1,3960;0,0345;-0,1710;-0,0391;0,0115;0,9844;;False
617,65;13.25;pa030​;20250612_123326;1;Marche2;-0,0094;1,3965;0,0335;-0,1744;-0,0403;0,0119;0,9838;;False
617,67;13.26;pa030​;20250612_123326;1;Marche2;-0,0099;1,3969;0,0326;-0,1768;-0,0409;0,0120;0,9833;;False
617,68;13.28;pa030​;20250612_123326;1;Marche2;-0,0105;1,3973;0,0318;-0,1786;-0,0413;0,0118;0,9830;;False
617,70;13.29;pa030​;20250612_123326;1;Marche2;-0,0112;1,3976;0,0310;-0,1805;-0,0419;0,0122;0,9826;;False
617,71;13.31;pa030​;20250612_123326;1;Marche2;-0,0120;1,3978;0,0305;-0,1813;-0,0424;0,0124;0,9824;;False
617,72;13.32;pa030​;20250612_123326;1;Marche2;-0,0127;1,3978;0,0299;-0,1814;-0,0428;0,0126;0,9824;;False
617,74;13.33;pa030​;20250612_123326;1;Marche2;-0,0133;1,3977;0,0295;-0,1812;-0,0430;0,0130;0,9824;;False
617,75;13.35;pa030​;20250612_123326;1;Marche2;-0,0139;1,3978;0,0293;-0,1807;-0,0428;0,0137;0,9825;;False
617,76;13.36;pa030​;20250612_123326;1;Marche2;-0,0145;1,3980;0,0291;-0,1812;-0,0422;0,0142;0,9824;;False
617,78;13.38;pa030​;20250612_123326;1;Marche2;-0,0150;1,3982;0,0288;-0,1827;-0,0415;0,0141;0,9822;;False
617,79;13.39;pa030​;20250612_123326;1;Marche2;-0,0155;1,3986;0,0285;-0,1845;-0,0406;0,0141;0,9819;;False
617,81;13.4;pa030​;20250612_123326;1;Marche2;-0,0159;1,3990;0,0282;-0,1865;-0,0395;0,0144;0,9815;;False
617,82;13.42;pa030​;20250612_123326;1;Marche2;-0,0162;1,3994;0,0279;-0,1886;-0,0380;0,0141;0,9812;;False
617,83;13.43;pa030​;20250612_123326;1;Marche2;-0,0164;1,3999;0,0276;-0,1905;-0,0364;0,0139;0,9809;;False
617,85;13.44;pa030​;20250612_123326;1;Marche2;-0,0164;1,4004;0,0273;-0,1929;-0,0343;0,0134;0,9805;;False
617,86;13.46;pa030​;20250612_123326;1;Marche2;-0,0164;1,4010;0,0270;-0,1961;-0,0313;0,0124;0,9800;;False
617,88;13.47;pa030​;20250612_123326;1;Marche2;-0,0162;1,4015;0,0266;-0,1998;-0,0285;0,0113;0,9794;;False
617,89;13.49;pa030​;20250612_123326;1;Marche2;-0,0160;1,4019;0,0263;-0,2029;-0,0258;0,0110;0,9788;;False
617,90;13.5;pa030​;20250612_123326;1;Marche2;-0,0159;1,4022;0,0260;-0,2059;-0,0235;0,0101;0,9782;;False
617,92;13.51;pa030​;20250612_123326;1;Marche2;-0,0156;1,4024;0,0257;-0,2078;-0,0207;0,0081;0,9779;;False
617,93;13.53;pa030​;20250612_123326;1;Marche2;-0,0151;1,4026;0,0254;-0,2093;-0,0172;0,0065;0,9777;;False
617,95;13.54;pa030​;20250612_123326;1;Marche2;-0,0145;1,4028;0,0252;-0,2101;-0,0134;0,0051;0,9776;;False
617,96;13.56;pa030​;20250612_123326;1;Marche2;-0,0139;1,4027;0,0252;-0,2111;-0,0097;0,0029;0,9774;;False
617,97;13.57;pa030​;20250612_123326;1;Marche2;-0,0133;1,4027;0,0253;-0,2114;-0,0062;0,0004;0,9774;;False
617,99;13.58;pa030​;20250612_123326;1;Marche2;-0,0125;1,4026;0,0255;-0,2115;-0,0021;-0,0018;0,9774;;False
618,00;13.6;pa030​;20250612_123326;1;Marche2;-0,0118;1,4026;0,0258;-0,2117;0,0026;-0,0046;0,9773;;False
618,01;13.61;pa030​;20250612_123326;1;Marche2;-0,0108;1,4025;0,0261;-0,2116;0,0078;-0,0078;0,9773;;False
618,03;13.63;pa030​;20250612_123326;1;Marche2;-0,0097;1,4024;0,0265;-0,2118;0,0134;-0,0099;0,9772;;False
618,04;13.64;pa030​;20250612_123326;1;Marche2;-0,0085;1,4023;0,0268;-0,2120;0,0197;-0,0114;0,9770;;False
618,06;13.65;pa030​;20250612_123326;1;Marche2;-0,0075;1,4023;0,0271;-0,2120;0,0253;-0,0124;0,9769;;False
618,07;13.67;pa030​;20250612_123326;1;Marche2;-0,0067;1,4026;0,0274;-0,2122;0,0303;-0,0125;0,9767;;False
618,08;13.68;pa030​;20250612_123326;1;Marche2;-0,0060;1,4026;0,0275;-0,2141;0,0341;-0,0125;0,9761;;False
618,10;13.7;pa030​;20250612_123326;1;Marche2;-0,0055;1,4028;0,0277;-0,2151;0,0366;-0,0128;0,9758;;False
618,11;13.71;pa030​;20250612_123326;1;Marche2;-0,0051;1,4029;0,0277;-0,2167;0,0390;-0,0130;0,9754;;False
618,13;13.72;pa030​;20250612_123326;1;Marche2;-0,0047;1,4029;0,0278;-0,2186;0,0402;-0,0135;0,9749;;False
618,14;13.74;pa030​;20250612_123326;1;Marche2;-0,0045;1,4032;0,0279;-0,2199;0,0408;-0,0141;0,9746;;False
618,15;13.75;pa030​;20250612_123326;1;Marche2;-0,0042;1,4035;0,0280;-0,2213;0,0410;-0,0141;0,9742;;False
618,17;13.76;pa030​;20250612_123326;1;Marche2;-0,0040;1,4035;0,0281;-0,2228;0,0414;-0,0139;0,9739;;False
618,18;13.78;pa030​;20250612_123326;1;Marche2;-0,0038;1,4037;0,0284;-0,2234;0,0411;-0,0136;0,9738;;False
618,20;13.79;pa030​;20250612_123326;1;Marche2;-0,0036;1,4039;0,0285;-0,2246;0,0405;-0,0131;0,9735;;False
618,21;13.81;pa030​;20250612_123326;1;Marche2;-0,0035;1,4040;0,0287;-0,2246;0,0398;-0,0126;0,9736;;False
618,22;13.82;pa030​;20250612_123326;1;Marche2;-0,0035;1,4041;0,0290;-0,2254;0,0394;-0,0123;0,9734;;False
618,24;13.83;pa030​;20250612_123326;1;Marche2;-0,0034;1,4043;0,0294;-0,2272;0,0390;-0,0121;0,9730;;False
618,25;13.85;pa030​;20250612_123326;1;Marche2;-0,0033;1,4043;0,0299;-0,2276;0,0387;-0,0118;0,9729;;False
618,26;13.86;pa030​;20250612_123326;1;Marche2;-0,0032;1,4042;0,0301;-0,2271;0,0384;-0,0120;0,9730;;False
618,28;13.88;pa030​;20250612_123326;1;Marche2;-0,0032;1,4041;0,0307;-0,2263;0,0375;-0,0119;0,9733;;False
618,29;13.89;pa030​;20250612_123326;1;Marche2;-0,0032;1,4041;0,0312;-0,2258;0,0369;-0,0117;0,9734;;False
618,31;13.9;pa030​;20250612_123326;1;Marche2;-0,0033;1,4039;0,0318;-0,2252;0,0364;-0,0121;0,9736;;False
618,32;13.92;pa030​;20250612_123326;1;Marche2;-0,0032;1,4039;0,0323;-0,2237;0,0359;-0,0129;0,9739;;False
618,33;13.93;pa030​;20250612_123326;1;Marche2;-0,0031;1,4040;0,0327;-0,2247;0,0354;-0,0124;0,9737;;False
618,35;13.95;pa030​;20250612_123326;1;Marche2;-0,0029;1,4042;0,0330;-0,2260;0,0359;-0,0122;0,9734;;False
618,36;13.96;pa030​;20250612_123326;1;Marche2;-0,0026;1,4041;0,0333;-0,2270;0,0366;-0,0123;0,9731;;False
618,38;13.97;pa030​;20250612_123326;1;Marche2;-0,0024;1,4039;0,0335;-0,2269;0,0374;-0,0125;0,9731;;False
618,39;13.99;pa030​;20250612_123326;1;Marche2;-0,0022;1,4038;0,0338;-0,2267;0,0384;-0,0125;0,9731;;False
618,40;14.0;pa030​;20250612_123326;1;Marche2;-0,0021;1,4039;0,0342;-0,2269;0,0389;-0,0128;0,9731;;False
618,42;14.01;pa030​;20250612_123326;1;Marche2;-0,0021;1,4040;0,0345;-0,2278;0,0392;-0,0129;0,9728;;False
618,43;14.03;pa030​;20250612_123326;1;Marche2;-0,0021;1,4040;0,0349;-0,2284;0,0389;-0,0128;0,9727;;False
618,45;14.04;pa030​;20250612_123326;1;Marche2;-0,0022;1,4040;0,0353;-0,2287;0,0385;-0,0125;0,9727;;False
618,46;14.06;pa030​;20250612_123326;1;Marche2;-0,0023;1,4039;0,0355;-0,2282;0,0379;-0,0119;0,9728;;False
618,47;14.07;pa030​;20250612_123326;1;Marche2;-0,0023;1,4038;0,0359;-0,2278;0,0374;-0,0113;0,9729;;False
618,49;14.08;pa030​;20250612_123326;1;Marche2;-0,0024;1,4037;0,0362;-0,2275;0,0373;-0,0107;0,9730;;False
618,50;14.1;pa030​;20250612_123326;1;Marche2;-0,0025;1,4037;0,0364;-0,2280;0,0370;-0,0103;0,9729;;False
618,52;14.11;pa030​;20250612_123326;1;Marche2;-0,0027;1,4039;0,0368;-0,2288;0,0363;-0,0103;0,9727;;False
618,53;14.12;pa030​;20250612_123326;1;Marche2;-0,0029;1,4039;0,0374;-0,2301;0,0354;-0,0101;0,9725;;False
618,54;14.14;pa030​;20250612_123326;1;Marche2;-0,0033;1,4040;0,0379;-0,2305;0,0342;-0,0100;0,9724;;False
618,56;14.15;pa030​;20250612_123326;1;Marche2;-0,0035;1,4040;0,0384;-0,2309;0,0324;-0,0098;0,9724;;False
618,57;14.17;pa030​;20250612_123326;1;Marche2;-0,0038;1,4041;0,0387;-0,2316;0,0307;-0,0095;0,9723;;False
618,59;14.18;pa030​;20250612_123326;1;Marche2;-0,0041;1,4042;0,0390;-0,2322;0,0288;-0,0093;0,9722;;False
618,60;14.19;pa030​;20250612_123326;1;Marche2;-0,0044;1,4043;0,0394;-0,2329;0,0269;-0,0086;0,9721;;False
618,61;14.21;pa030​;20250612_123326;1;Marche2;-0,0048;1,4044;0,0398;-0,2337;0,0245;-0,0080;0,9720;;False
618,63;14.22;pa030​;20250612_123326;1;Marche2;-0,0052;1,4045;0,0400;-0,2347;0,0218;-0,0081;0,9718;;False
618,64;14.24;pa030​;20250612_123326;1;Marche2;-0,0056;1,4047;0,0403;-0,2357;0,0196;-0,0079;0,9716;;False
618,65;14.25;pa030​;20250612_123326;1;Marche2;-0,0059;1,4052;0,0405;-0,2371;0,0176;-0,0075;0,9713;;False
618,67;14.26;pa030​;20250612_123326;1;Marche2;-0,0063;1,4055;0,0408;-0,2391;0,0158;-0,0067;0,9708;;False
618,68;14.28;pa030​;20250612_123326;1;Marche2;-0,0068;1,4056;0,0409;-0,2408;0,0137;-0,0060;0,9705;;False
618,70;14.29;pa030​;20250612_123326;1;Marche2;-0,0074;1,4058;0,0409;-0,2412;0,0114;-0,0050;0,9704;;False
618,71;14.31;pa030​;20250612_123326;1;Marche2;-0,0079;1,4059;0,0410;-0,2426;0,0091;-0,0041;0,9701;;False
618,72;14.32;pa030​;20250612_123326;1;Marche2;-0,0084;1,4062;0,0410;-0,2438;0,0070;-0,0033;0,9698;;False
618,74;14.33;pa030​;20250612_123326;1;Marche2;-0,0091;1,4066;0,0409;-0,2460;0,0043;-0,0025;0,9692;;False
618,75;14.35;pa030​;20250612_123326;1;Marche2;-0,0099;1,4071;0,0406;-0,2492;0,0016;-0,0007;0,9685;;False
618,76;14.36;pa030​;20250612_123326;1;Marche2;-0,0107;1,4076;0,0405;-0,2513;-0,0020;0,0008;0,9679;;False
618,78;14.38;pa030​;20250612_123326;1;Marche2;-0,0118;1,4080;0,0404;-0,2533;-0,0062;0,0022;0,9674;;False
618,79;14.39;pa030​;20250612_123326;1;Marche2;-0,0127;1,4085;0,0403;-0,2547;-0,0108;0,0034;0,9669;;False
618,81;14.4;pa030​;20250612_123326;1;Marche2;-0,0135;1,4088;0,0400;-0,2563;-0,0151;0,0050;0,9665;;False
618,82;14.42;pa030​;20250612_123326;1;Marche2;-0,0142;1,4091;0,0396;-0,2576;-0,0189;0,0062;0,9660;;False
618,83;14.43;pa030​;20250612_123326;1;Marche2;-0,0150;1,4092;0,0392;-0,2587;-0,0220;0,0064;0,9657;;False
618,85;14.44;pa030​;20250612_123326;1;Marche2;-0,0155;1,4094;0,0389;-0,2592;-0,0250;0,0069;0,9655;;False
618,86;14.46;pa030​;20250612_123326;1;Marche2;-0,0160;1,4095;0,0385;-0,2600;-0,0265;0,0070;0,9652;;False
618,88;14.47;pa030​;20250612_123326;1;Marche2;-0,0165;1,4096;0,0382;-0,2604;-0,0288;0,0077;0,9650;;False
618,89;14.49;pa030​;20250612_123326;1;Marche2;-0,0173;1,4097;0,0380;-0,2603;-0,0312;0,0085;0,9650;;False
618,90;14.5;pa030​;20250612_123326;1;Marche2;-0,0179;1,4097;0,0379;-0,2603;-0,0343;0,0094;0,9649;;False
618,92;14.51;pa030​;20250612_123326;1;Marche2;-0,0184;1,4096;0,0377;-0,2594;-0,0369;0,0100;0,9650;;False
618,93;14.53;pa030​;20250612_123326;1;Marche2;-0,0186;1,4094;0,0377;-0,2586;-0,0384;0,0099;0,9652;;False
618,95;14.54;pa030​;20250612_123326;1;Marche2;-0,0187;1,4092;0,0377;-0,2577;-0,0384;0,0100;0,9654;;False
618,96;14.56;pa030​;20250612_123326;1;Marche2;-0,0188;1,4091;0,0377;-0,2573;-0,0376;0,0106;0,9655;;False
618,97;14.57;pa030​;20250612_123326;1;Marche2;-0,0191;1,4089;0,0376;-0,2570;-0,0372;0,0108;0,9656;;False
618,99;14.58;pa030​;20250612_123326;1;Marche2;-0,0191;1,4088;0,0377;-0,2566;-0,0373;0,0106;0,9657;;False
619,00;14.6;pa030​;20250612_123326;1;Marche2;-0,0192;1,4086;0,0379;-0,2559;-0,0377;0,0106;0,9659;;False
619,02;14.61;pa030​;20250612_123326;1;Marche2;-0,0193;1,4084;0,0383;-0,2546;-0,0377;0,0102;0,9663;;False
619,03;14.63;pa030​;20250612_123326;1;Marche2;-0,0194;1,4082;0,0386;-0,2534;-0,0376;0,0098;0,9666;;False
619,04;14.64;pa030​;20250612_123326;1;Marche2;-0,0193;1,4080;0,0388;-0,2527;-0,0371;0,0101;0,9668;;False
619,06;14.65;pa030​;20250612_123326;1;Marche2;-0,0191;1,4078;0,0389;-0,2521;-0,0365;0,0103;0,9670;;False
619,07;14.67;pa030​;20250612_123326;1;Marche2;-0,0188;1,4076;0,0391;-0,2513;-0,0356;0,0103;0,9672;;False
619,08;14.68;pa030​;20250612_123326;1;Marche2;-0,0185;1,4073;0,0393;-0,2506;-0,0349;0,0102;0,9674;;False
619,10;14.7;pa030​;20250612_123326;1;Marche2;-0,0181;1,4072;0,0395;-0,2493;-0,0340;0,0101;0,9678;;False
619,11;14.71;pa030​;20250612_123326;1;Marche2;-0,0177;1,4071;0,0397;-0,2480;-0,0328;0,0101;0,9681;;False
619,13;14.72;pa030​;20250612_123326;1;Marche2;-0,0172;1,4070;0,0401;-0,2469;-0,0319;0,0102;0,9685;;False
619,14;14.74;pa030​;20250612_123326;1;Marche2;-0,0166;1,4071;0,0404;-0,2455;-0,0306;0,0100;0,9688;;False
619,15;14.75;pa030​;20250612_123326;1;Marche2;-0,0158;1,4070;0,0408;-0,2441;-0,0292;0,0095;0,9693;;False
619,17;14.76;pa030​;20250612_123326;1;Marche2;-0,0150;1,4069;0,0412;-0,2421;-0,0274;0,0083;0,9698;;False
619,18;14.78;pa030​;20250612_123326;1;Marche2;-0,0141;1,4066;0,0416;-0,2399;-0,0251;0,0070;0,9705;;False
619,19;14.79;pa030​;20250612_123326;1;Marche2;-0,0133;1,4062;0,0419;-0,2373;-0,0221;0,0062;0,9712;;False
619,21;14.81;pa030​;20250612_123326;1;Marche2;-0,0123;1,4058;0,0421;-0,2347;-0,0200;0,0059;0,9718;;False
619,22;14.82;pa030​;20250612_123326;1;Marche2;-0,0115;1,4054;0,0422;-0,2319;-0,0180;0,0048;0,9726;;False
619,24;14.83;pa030​;20250612_123326;1;Marche2;-0,0109;1,4048;0,0424;-0,2290;-0,0157;0,0036;0,9733;;False
619,25;14.85;pa030​;20250612_123326;1;Marche2;-0,0101;1,4041;0,0429;-0,2260;-0,0137;0,0026;0,9740;;False
619,26;14.86;pa030​;20250612_123326;1;Marche2;-0,0094;1,4035;0,0434;-0,2223;-0,0114;0,0024;0,9749;;False
619,28;14.88;pa030​;20250612_123326;1;Marche2;-0,0087;1,4030;0,0436;-0,2188;-0,0099;0,0024;0,9757;;False
619,29;14.89;pa030​;20250612_123326;1;Marche2;-0,0084;1,4028;0,0439;-0,2185;-0,0085;0,0026;0,9758;;False
619,31;14.9;pa030​;20250612_123326;1;Marche2;-0,0079;1,4028;0,0439;-0,2184;-0,0079;0,0022;0,9758;;False
619,32;14.92;pa030​;20250612_123326;1;Marche2;-0,0075;1,4026;0,0440;-0,2180;-0,0072;0,0018;0,9759;;False
619,33;14.93;pa030​;20250612_123326;1;Marche2;-0,0070;1,4020;0,0441;-0,2157;-0,0058;0,0014;0,9764;;False
619,35;14.94;pa030​;20250612_123326;1;Marche2;-0,0065;1,4012;0,0442;-0,2110;-0,0044;0,0006;0,9775;;False
619,36;14.96;pa030​;20250612_123326;1;Marche2;-0,0060;1,4005;0,0444;-0,2063;-0,0029;-0,0001;0,9785;;False
619,38;14.97;pa030​;20250612_123326;1;Marche2;-0,0055;1,4000;0,0446;-0,2020;-0,0012;-0,0011;0,9794;;False
619,39;14.99;pa030​;20250612_123326;1;Marche2;-0,0050;1,3997;0,0449;-0,1991;0,0006;-0,0026;0,9800;;False
619,40;15.0;pa030​;20250612_123326;1;Marche2;-0,0043;1,3995;0,0449;-0,1972;0,0028;-0,0044;0,9803;;False
619,42;15.02;pa030​;20250612_123326;1;Marche2;-0,0035;1,3991;0,0452;-0,1946;0,0056;-0,0063;0,9809;;False
619,43;15.03;pa030​;20250612_123326;1;Marche2;-0,0027;1,3982;0,0452;-0,1905;0,0091;-0,0085;0,9816;;False
619,44;15.04;pa030​;20250612_123326;1;Marche2;-0,0019;1,3972;0,0454;-0,1844;0,0123;-0,0107;0,9827;;False
619,46;15.06;pa030​;20250612_123326;1;Marche2;-0,0011;1,3961;0,0459;-0,1784;0,0157;-0,0121;0,9838;;False
619,47;15.07;pa030​;20250612_123326;1;Marche2;-0,0003;1,3954;0,0461;-0,1729;0,0195;-0,0135;0,9847;;False
619,49;15.08;pa030​;20250612_123326;1;Marche2;0,0006;1,3948;0,0466;-0,1686;0,0234;-0,0149;0,9853;;False
619,50;15.1;pa030​;20250612_123326;1;Marche2;0,0015;1,3942;0,0470;-0,1650;0,0279;-0,0164;0,9858;;False
619,51;15.11;pa030​;20250612_123326;1;Marche2;0,0025;1,3934;0,0473;-0,1606;0,0326;-0,0182;0,9863;;False
619,53;15.13;pa030​;20250612_123326;1;Marche2;0,0036;1,3924;0,0476;-0,1562;0,0375;-0,0201;0,9868;;False
619,54;15.14;pa030​;20250612_123326;1;Marche2;0,0045;1,3915;0,0478;-0,1520;0,0423;-0,0211;0,9873;;False
619,56;15.15;pa030​;20250612_123326;1;Marche2;0,0055;1,3910;0,0480;-0,1485;0,0459;-0,0223;0,9876;;False
619,57;15.17;pa030​;20250612_123326;1;Marche2;0,0063;1,3905;0,0482;-0,1462;0,0489;-0,0236;0,9878;;False
619,58;15.18;pa030​;20250612_123326;1;Marche2;0,0070;1,3903;0,0483;-0,1456;0,0513;-0,0244;0,9877;;False
619,60;15.19;pa030​;20250612_123326;1;Marche2;0,0078;1,3904;0,0484;-0,1463;0,0534;-0,0252;0,9875;;False
619,61;15.21;pa030​;20250612_123326;1;Marche2;0,0087;1,3906;0,0486;-0,1481;0,0553;-0,0255;0,9871;;False
619,63;15.22;pa030​;20250612_123326;1;Marche2;0,0095;1,3906;0,0486;-0,1499;0,0575;-0,0259;0,9867;;False
619,64;15.24;pa030​;20250612_123326;1;Marche2;0,0101;1,3906;0,0485;-0,1499;0,0593;-0,0256;0,9866;;False
619,65;15.25;pa030​;20250612_123326;1;Marche2;0,0106;1,3906;0,0483;-0,1505;0,0604;-0,0257;0,9864;;False
619,67;15.27;pa030​;20250612_123326;1;Marche2;0,0113;1,3906;0,0482;-0,1513;0,0610;-0,0258;0,9863;;False
619,68;15.28;pa030​;20250612_123326;1;Marche2;0,0119;1,3907;0,0480;-0,1520;0,0623;-0,0252;0,9861;;False
619,70;15.29;pa030​;20250612_123326;1;Marche2;0,0126;1,3907;0,0477;-0,1527;0,0637;-0,0249;0,9859;;False
619,71;15.31;pa030​;20250612_123326;1;Marche2;0,0131;1,3907;0,0475;-0,1528;0,0652;-0,0245;0,9858;;False
619,72;15.32;pa030​;20250612_123326;1;Marche2;0,0133;1,3907;0,0475;-0,1527;0,0662;-0,0242;0,9858;;False
619,74;15.33;pa030​;20250612_123326;1;Marche2;0,0135;1,3908;0,0474;-0,1519;0,0668;-0,0244;0,9858;;False
619,75;15.35;pa030​;20250612_123326;1;Marche2;0,0136;1,3909;0,0475;-0,1506;0,0671;-0,0243;0,9860;;False
619,76;15.36;pa030​;20250612_123326;1;Marche2;0,0139;1,3906;0,0474;-0,1493;0,0675;-0,0236;0,9862;;False
619,78;15.38;pa030​;20250612_123326;1;Marche2;0,0142;1,3905;0,0475;-0,1479;0,0679;-0,0228;0,9864;;False
619,79;15.39;pa030​;20250612_123326;1;Marche2;0,0145;1,3903;0,0474;-0,1472;0,0685;-0,0222;0,9865;;False
619,81;15.4;pa030​;20250612_123326;1;Marche2;0,0148;1,3902;0,0474;-0,1470;0,0685;-0,0215;0,9865;;False
619,82;15.42;pa030​;20250612_123326;1;Marche2;0,0149;1,3902;0,0474;-0,1474;0,0685;-0,0214;0,9865;;False
619,84;15.43;pa030​;20250612_123326;1;Marche2;0,0152;1,3901;0,0473;-0,1472;0,0684;-0,0216;0,9865;;False
619,85;15.44;pa030​;20250612_123326;1;Marche2;0,0154;1,3901;0,0473;-0,1473;0,0687;-0,0221;0,9865;;False
619,86;15.46;pa030​;20250612_123326;1;Marche2;0,0156;1,3902;0,0472;-0,1476;0,0691;-0,0229;0,9864;;False
619,88;15.47;pa030​;20250612_123326;1;Marche2;0,0158;1,3902;0,0472;-0,1478;0,0699;-0,0229;0,9863;;False
619,89;15.49;pa030​;20250612_123326;1;Marche2;0,0160;1,3901;0,0471;-0,1478;0,0707;-0,0229;0,9862;;False
619,91;15.5;pa030​;20250612_123326;1;Marche2;0,0162;1,3900;0,0470;-0,1474;0,0713;-0,0222;0,9863;;False
619,92;15.52;pa030​;20250612_123326;1;Marche2;0,0163;1,3900;0,0470;-0,1473;0,0719;-0,0217;0,9862;;False
619,93;15.53;pa030​;20250612_123326;1;Marche2;0,0164;1,3899;0,0470;-0,1474;0,0723;-0,0212;0,9862;;False
619,94;15.54;pa030​;20250612_123326;1;Marche2;0,0164;1,3899;0,0469;-0,1478;0,0726;-0,0208;0,9861;;False
619,96;15.56;pa030​;20250612_123326;1;Marche2;0,0163;1,3900;0,0469;-0,1479;0,0725;-0,0203;0,9861;;False
619,97;15.57;pa030​;20250612_123326;1;Marche2;0,0161;1,3901;0,0469;-0,1480;0,0722;-0,0196;0,9861;;False
619,99;15.58;pa030​;20250612_123326;1;Marche2;0,0160;1,3902;0,0468;-0,1477;0,0718;-0,0193;0,9862;;False
620,00;15.6;pa030​;20250612_123326;1;Marche2;0,0158;1,3902;0,0468;-0,1474;0,0711;-0,0193;0,9863;;False
620,01;15.61;pa030​;20250612_123326;1;Marche2;0,0157;1,3900;0,0469;-0,1467;0,0706;-0,0191;0,9865;;False
620,03;15.63;pa030​;20250612_123326;1;Marche2;0,0155;1,3899;0,0470;-0,1462;0,0698;-0,0193;0,9866;;False
620,04;15.64;pa030​;20250612_123326;1;Marche2;0,0154;1,3898;0,0471;-0,1461;0,0691;-0,0195;0,9867;;False
620,06;15.65;pa030​;20250612_123326;1;Marche2;0,0153;1,3898;0,0472;-0,1464;0,0682;-0,0196;0,9867;;False
620,07;15.67;pa030​;20250612_123326;1;Marche2;0,0150;1,3898;0,0473;-0,1469;0,0667;-0,0199;0,9867;;False
620,08;15.68;pa030​;20250612_123326;1;Marche2;0,0148;1,3899;0,0474;-0,1476;0,0650;-0,0197;0,9867;;False
620,10;15.69;pa030​;20250612_123326;1;Marche2;0,0144;1,3901;0,0475;-0,1484;0,0634;-0,0200;0,9867;;False
620,11;15.71;pa030​;20250612_123326;1;Marche2;0,0141;1,3902;0,0476;-0,1483;0,0617;-0,0200;0,9868;;False
620,13;15.72;pa030​;20250612_123326;1;Marche2;0,0138;1,3903;0,0476;-0,1487;0,0600;-0,0200;0,9869;;False
620,14;15.74;pa030​;20250612_123326;1;Marche2;0,0133;1,3904;0,0476;-0,1491;0,0574;-0,0199;0,9869;;False
620,15;15.75;pa030​;20250612_123326;1;Marche2;0,0127;1,3906;0,0477;-0,1498;0,0542;-0,0201;0,9870;;False
620,17;15.76;pa030​;20250612_123326;1;Marche2;0,0121;1,3909;0,0478;-0,1505;0,0503;-0,0203;0,9871;;False
620,18;15.78;pa030​;20250612_123326;1;Marche2;0,0114;1,3913;0,0478;-0,1535;0,0461;-0,0203;0,9869;;False
620,20;15.79;pa030​;20250612_123326;1;Marche2;0,0107;1,3917;0,0476;-0,1554;0,0416;-0,0199;0,9868;;False
620,21;15.81;pa030​;20250612_123326;1;Marche2;0,0098;1,3922;0,0477;-0,1568;0,0374;-0,0199;0,9867;;False
620,22;15.82;pa030​;20250612_123326;1;Marche2;0,0086;1,3927;0,0477;-0,1585;0,0322;-0,0190;0,9867;;False
620,24;15.83;pa030​;20250612_123326;1;Marche2;0,0074;1,3933;0,0475;-0,1601;0,0260;-0,0184;0,9866;;False
620,25;15.85;pa030​;20250612_123326;1;Marche2;0,0063;1,3938;0,0472;-0,1626;0,0198;-0,0184;0,9863;;False
620,26;15.86;pa030​;20250612_123326;1;Marche2;0,0053;1,3944;0,0467;-0,1655;0,0146;-0,0187;0,9859;;False
620,28;15.88;pa030​;20250612_123326;1;Marche2;0,0047;1,3949;0,0463;-0,1683;0,0106;-0,0180;0,9855;;False
620,29;15.89;pa030​;20250612_123326;1;Marche2;0,0042;1,3953;0,0459;-0,1704;0,0077;-0,0180;0,9852;;False
620,31;15.9;pa030​;20250612_123326;1;Marche2;0,0037;1,3955;0,0455;-0,1724;0,0063;-0,0178;0,9848;;False
620,32;15.92;pa030​;20250612_123326;1;Marche2;0,0033;1,3959;0,0452;-0,1743;0,0052;-0,0170;0,9845;;False
620,33;15.93;pa030​;20250612_123326;1;Marche2;0,0028;1,3963;0,0448;-0,1761;0,0046;-0,0168;0,9842;;False
620,35;15.94;pa030​;20250612_123326;1;Marche2;0,0025;1,3967;0,0445;-0,1778;0,0047;-0,0165;0,9839;;False
620,36;15.96;pa030​;20250612_123326;1;Marche2;0,0023;1,3970;0,0442;-0,1794;0,0055;-0,0163;0,9836;;False
620,38;15.97;pa030​;20250612_123326;1;Marche2;0,0023;1,3972;0,0438;-0,1803;0,0068;-0,0160;0,9835;;False
620,39;15.99;pa030​;20250612_123326;1;Marche2;0,0022;1,3974;0,0435;-0,1806;0,0083;-0,0155;0,9834;;False
620,40;16.0;pa030​;20250612_123326;1;Marche2;0,0020;1,3976;0,0433;-0,1812;0,0093;-0,0151;0,9833;;False
620,42;16.01;pa030​;20250612_123326;1;Marche2;0,0019;1,3978;0,0430;-0,1818;0,0102;-0,0145;0,9832;;False
620,43;16.03;pa030​;20250612_123326;1;Marche2;0,0017;1,3979;0,0428;-0,1829;0,0111;-0,0142;0,9830;;False
620,44;16.04;pa030​;20250612_123326;1;Marche2;0,0015;1,3981;0,0427;-0,1840;0,0117;-0,0140;0,9828;;False
620,46;16.06;pa030​;20250612_123326;1;Marche2;0,0012;1,3982;0,0425;-0,1846;0,0119;-0,0139;0,9826;;False
620,47;16.07;pa030​;20250612_123326;1;Marche2;0,0010;1,3982;0,0422;-0,1853;0,0123;-0,0134;0,9825;;False
620,49;16.08;pa030​;20250612_123326;1;Marche2;0,0009;1,3982;0,0422;-0,1853;0,0132;-0,0129;0,9825;;False
620,50;16.1;pa030​;20250612_123326;1;Marche2;0,0007;1,3983;0,0420;-0,1856;0,0135;-0,0126;0,9825;;False
620,51;16.11;pa030​;20250612_123326;1;Marche2;0,0005;1,3982;0,0419;-0,1853;0,0136;-0,0120;0,9825;;False
620,53;16.13;pa030​;20250612_123326;1;Marche2;0,0003;1,3980;0,0419;-0,1849;0,0132;-0,0114;0,9826;;False
620,54;16.14;pa030​;20250612_123326;1;Marche2;0,0002;1,3979;0,0420;-0,1845;0,0130;-0,0111;0,9827;;False
620,56;16.15;pa030​;20250612_123326;1;Marche2;0,0000;1,3977;0,0421;-0,1844;0,0129;-0,0115;0,9827;;False
620,57;16.17;pa030​;20250612_123326;1;Marche2;-0,0002;1,3975;0,0422;-0,1832;0,0131;-0,0122;0,9829;;False
620,59;16.18;pa030​;20250612_123326;1;Marche2;-0,0004;1,3972;0,0425;-0,1817;0,0127;-0,0126;0,9832;;False
620,60;16.2;pa030​;20250612_123326;1;Marche2;-0,0005;1,3967;0,0429;-0,1793;0,0126;-0,0128;0,9836;;False
620,61;16.21;pa030​;20250612_123326;1;Marche2;-0,0006;1,3967;0,0431;-0,1792;0,0123;-0,0127;0,9837;;False
620,63;16.22;pa030​;20250612_123326;1;Marche2;-0,0008;1,3974;0,0433;-0,1802;0,0120;-0,0130;0,9835;;False
620,64;16.24;pa030​;20250612_123326;1;Marche2;-0,0009;1,3972;0,0435;-0,1847;0,0109;-0,0130;0,9827;;False
620,65;16.25;pa030​;20250612_123326;1;Marche2;-0,0009;1,3979;0,0436;-0,1876;0,0107;-0,0127;0,9821;;False
620,67;16.26;pa030​;20250612_123326;1;Marche2;-0,0008;1,3979;0,0434;-0,1871;0,0110;-0,0129;0,9822;;False
620,68;16.28;pa030​;20250612_123326;1;Marche2;-0,0010;1,3980;0,0436;-0,1856;0,0116;-0,0132;0,9825;;False
620,70;16.29;pa030​;20250612_123326;1;Marche2;-0,0010;1,3978;0,0437;-0,1842;0,0127;-0,0130;0,9827;;False
620,71;16.31;pa030​;20250612_123326;1;Marche2;-0,0009;1,3976;0,0437;-0,1830;0,0139;-0,0131;0,9829;;False
620,72;16.32;pa030​;20250612_123326;1;Marche2;-0,0008;1,3975;0,0437;-0,1834;0,0148;-0,0131;0,9828;;False
620,74;16.33;pa030​;20250612_123326;1;Marche2;-0,0007;1,3976;0,0438;-0,1846;0,0156;-0,0129;0,9826;;False
620,75;16.35;pa030​;20250612_123326;1;Marche2;-0,0007;1,3975;0,0439;-0,1825;0,0165;-0,0133;0,9830;;False
620,76;16.36;pa030​;20250612_123326;1;Marche2;-0,0006;1,3973;0,0441;-0,1823;0,0170;-0,0129;0,9830;;False
620,78;16.38;pa030​;20250612_123326;1;Marche2;-0,0007;1,3971;0,0442;-0,1820;0,0169;-0,0131;0,9831;;False
620,79;16.39;pa030​;20250612_123326;1;Marche2;-0,0007;1,3971;0,0447;-0,1833;0,0163;-0,0128;0,9828;;False
620,81;16.4;pa030​;20250612_123326;1;Marche2;-0,0007;1,3970;0,0449;-0,1832;0,0162;-0,0116;0,9829;;False
620,82;16.42;pa030​;20250612_123326;1;Marche2;-0,0007;1,3970;0,0453;-0,1841;0,0169;-0,0117;0,9827;;False
620,83;16.43;pa030​;20250612_123326;1;Marche2;-0,0007;1,3970;0,0456;-0,1855;0,0176;-0,0124;0,9824;;False
620,85;16.44;pa030​;20250612_123326;1;Marche2;-0,0007;1,3972;0,0458;-0,1864;0,0181;-0,0125;0,9822;;False
620,86;16.46;pa030​;20250612_123326;1;Marche2;-0,0006;1,3973;0,0460;-0,1877;0,0187;-0,0118;0,9820;;False
620,88;16.47;pa030​;20250612_123326;1;Marche2;-0,0006;1,3973;0,0460;-0,1869;0,0194;-0,0115;0,9821;;False
620,89;16.49;pa030​;20250612_123326;1;Marche2;-0,0006;1,3972;0,0460;-0,1853;0,0198;-0,0117;0,9824;;False
620,90;16.5;pa030​;20250612_123326;1;Marche2;-0,0006;1,3971;0,0459;-0,1856;0,0194;-0,0116;0,9824;;False
620,92;16.51;pa030​;20250612_123326;1;Marche2;-0,0006;1,3971;0,0458;-0,1852;0,0198;-0,0110;0,9824;;False
620,93;16.53;pa030​;20250612_123326;1;Marche2;-0,0007;1,3973;0,0455;-0,1855;0,0206;-0,0112;0,9824;;False
620,94;16.54;pa030​;20250612_123326;1;Marche2;-0,0006;1,3975;0,0452;-0,1870;0,0213;-0,0116;0,9821;;False
620,96;16.56;pa030​;20250612_123326;1;Marche2;-0,0006;1,3982;0,0447;-0,1893;0,0223;-0,0116;0,9816;;False
620,97;16.57;pa030​;20250612_123326;1;Marche2;-0,0006;1,3987;0,0443;-0,1916;0,0230;-0,0115;0,9811;;False
620,99;16.58;pa030​;20250612_123326;1;Marche2;-0,0007;1,3993;0,0438;-0,1944;0,0237;-0,0113;0,9806;;False
621,00;16.6;pa030​;20250612_123326;1;Marche2;-0,0007;1,3998;0,0433;-0,1976;0,0239;-0,0107;0,9799;;False
621,01;16.61;pa030​;20250612_123326;1;Marche2;-0,0008;1,4004;0,0428;-0,2019;0,0239;-0,0099;0,9791;;False
621,03;16.63;pa030​;20250612_123326;1;Marche2;-0,0010;1,4011;0,0422;-0,2053;0,0240;-0,0098;0,9784;;False
621,04;16.64;pa030​;20250612_123326;1;Marche2;-0,0013;1,4020;0,0413;-0,2089;0,0231;-0,0095;0,9776;;False
621,06;16.65;pa030​;20250612_123326;1;Marche2;-0,0016;1,4031;0,0406;-0,2145;0,0221;-0,0088;0,9764;;False
621,07;16.67;pa030​;20250612_123326;1;Marche2;-0,0020;1,4042;0,0397;-0,2204;0,0202;-0,0082;0,9752;;False
621,08;16.68;pa030​;20250612_123326;1;Marche2;-0,0025;1,4052;0,0387;-0,2268;0,0183;-0,0077;0,9737;;False
621,10;16.69;pa030​;20250612_123326;1;Marche2;-0,0029;1,4062;0,0376;-0,2322;0,0158;-0,0072;0,9725;;False
621,11;16.71;pa030​;20250612_123326;1;Marche2;-0,0035;1,4071;0,0365;-0,2368;0,0140;-0,0063;0,9714;;False
621,12;16.72;pa030​;20250612_123326;1;Marche2;-0,0040;1,4080;0,0354;-0,2411;0,0118;-0,0055;0,9704;;False
621,14;16.74;pa030​;20250612_123326;1;Marche2;-0,0045;1,4088;0,0342;-0,2452;0,0100;-0,0044;0,9694;;False
621,15;16.75;pa030​;20250612_123326;1;Marche2;-0,0050;1,4094;0,0332;-0,2492;0,0085;-0,0037;0,9684;;False
621,17;16.76;pa030​;20250612_123326;1;Marche2;-0,0055;1,4100;0,0321;-0,2524;0,0070;-0,0023;0,9676;;False
621,18;16.78;pa030​;20250612_123326;1;Marche2;-0,0060;1,4103;0,0313;-0,2546;0,0056;-0,0016;0,9670;;False
621,20;16.79;pa030​;20250612_123326;1;Marche2;-0,0065;1,4105;0,0304;-0,2563;0,0037;-0,0013;0,9666;;False
621,21;16.81;pa030​;20250612_123326;1;Marche2;-0,0070;1,4108;0,0295;-0,2577;0,0021;-0,0010;0,9662;;False
621,22;16.82;pa030​;20250612_123326;1;Marche2;-0,0074;1,4109;0,0286;-0,2586;0,0011;-0,0005;0,9660;;False
621,24;16.83;pa030​;20250612_123326;1;Marche2;-0,0076;1,4110;0,0279;-0,2588;0,0004;0,0000;0,9659;;False
621,25;16.85;pa030​;20250612_123326;1;Marche2;-0,0078;1,4110;0,0271;-0,2591;0,0004;0,0003;0,9658;;False
621,26;16.86;pa030​;20250612_123326;1;Marche2;-0,0080;1,4111;0,0264;-0,2593;0,0005;0,0007;0,9658;;False
621,28;16.88;pa030​;20250612_123326;1;Marche2;-0,0081;1,4110;0,0258;-0,2602;0,0007;0,0014;0,9656;;False
621,29;16.89;pa030​;20250612_123326;1;Marche2;-0,0083;1,4108;0,0253;-0,2602;0,0005;0,0021;0,9655;;False
621,31;16.9;pa030​;20250612_123326;1;Marche2;-0,0082;1,4104;0,0249;-0,2601;-0,0001;0,0033;0,9656;;False
621,32;16.92;pa030​;20250612_123326;1;Marche2;-0,0080;1,4104;0,0245;-0,2596;-0,0005;0,0036;0,9657;;False
621,33;16.93;pa030​;20250612_123326;1;Marche2;-0,0078;1,4104;0,0241;-0,2603;-0,0007;0,0026;0,9655;;False
621,35;16.94;pa030​;20250612_123326;1;Marche2;-0,0076;1,4106;0,0239;-0,2609;-0,0010;0,0008;0,9654;;False
621,36;16.96;pa030​;20250612_123326;1;Marche2;-0,0075;1,4106;0,0237;-0,2613;-0,0015;0,0004;0,9653;;False
621,38;16.97;pa030​;20250612_123326;1;Marche2;-0,0072;1,4103;0,0235;-0,2603;-0,0020;0,0021;0,9655;;False
621,39;16.99;pa030​;20250612_123326;1;Marche2;-0,0068;1,4100;0,0231;-0,2575;-0,0013;0,0035;0,9663;;False
621,40;17.0;pa030​;20250612_123326;1;Marche2;-0,0062;1,4097;0,0226;-0,2541;0,0009;0,0041;0,9672;;False
621,42;17.01;pa030​;20250612_123326;1;Marche2;-0,0055;1,4095;0,0220;-0,2508;0,0048;0,0049;0,9680;;False
621,43;17.03;pa030​;20250612_123326;1;Marche2;-0,0049;1,4092;0,0213;-0,2479;0,0096;0,0049;0,9687;;False
621,45;17.04;pa030​;20250612_123326;1;Marche2;-0,0043;1,4086;0,0202;-0,2441;0,0144;0,0042;0,9696;;False
621,46;17.06;pa030​;20250612_123326;1;Marche2;-0,0039;1,4078;0,0193;-0,2375;0,0183;0,0035;0,9712;;False
621,47;17.07;pa030​;20250612_123326;1;Marche2;-0,0034;1,4066;0,0184;-0,2296;0,0209;0,0022;0,9731;;False
621,49;17.08;pa030​;20250612_123326;1;Marche2;-0,0033;1,4052;0,0176;-0,2203;0,0233;0,0006;0,9752;;False
621,50;17.1;pa030​;20250612_123326;1;Marche2;-0,0030;1,4037;0,0168;-0,2102;0,0245;-0,0014;0,9774;;False
621,51;17.11;pa030​;20250612_123326;1;Marche2;-0,0027;1,4022;0,0160;-0,2001;0,0253;-0,0025;0,9794;;False
621,53;17.12;pa030​;20250612_123326;1;Marche2;-0,0025;1,4007;0,0152;-0,1900;0,0258;-0,0037;0,9814;;False
621,54;17.14;pa030​;20250612_123326;1;Marche2;-0,0023;1,3991;0,0147;-0,1802;0,0255;-0,0058;0,9833;;False
621,56;17.15;pa030​;20250612_123326;1;Marche2;-0,0022;1,3977;0,0144;-0,1711;0,0256;-0,0079;0,9849;;False
621,57;17.17;pa030​;20250612_123326;1;Marche2;-0,0020;1,3964;0,0142;-0,1625;0,0254;-0,0107;0,9863;;False
621,58;17.18;pa030​;20250612_123326;1;Marche2;-0,0020;1,3952;0,0144;-0,1556;0,0253;-0,0133;0,9874;;False
621,60;17.19;pa030​;20250612_123326;1;Marche2;-0,0020;1,3941;0,0146;-0,1489;0,0252;-0,0153;0,9884;;False
621,61;17.21;pa030​;20250612_123326;1;Marche2;-0,0020;1,3929;0,0151;-0,1429;0,0250;-0,0159;0,9893;;False
621,63;17.22;pa030​;20250612_123326;1;Marche2;-0,0021;1,3921;0,0155;-0,1381;0,0256;-0,0147;0,9900;;False
621,64;17.24;pa030​;20250612_123326;1;Marche2;-0,0022;1,3915;0,0159;-0,1341;0,0266;-0,0139;0,9905;;False
621,65;17.25;pa030​;20250612_123326;1;Marche2;-0,0023;1,3909;0,0163;-0,1301;0,0278;-0,0135;0,9910;;False
621,67;17.26;pa030​;20250612_123326;1;Marche2;-0,0023;1,3903;0,0168;-0,1262;0,0289;-0,0129;0,9915;;False
621,68;17.28;pa030​;20250612_123326;1;Marche2;-0,0024;1,3899;0,0173;-0,1232;0,0302;-0,0118;0,9918;;False
621,70;17.29;pa030​;20250612_123326;1;Marche2;-0,0026;1,3897;0,0176;-0,1202;0,0313;-0,0106;0,9922;;False
621,71;17.31;pa030​;20250612_123326;1;Marche2;-0,0027;1,3895;0,0183;-0,1198;0,0308;-0,0100;0,9923;;False
621,72;17.32;pa030​;20250612_123326;1;Marche2;-0,0030;1,3895;0,0188;-0,1193;0,0303;-0,0097;0,9923;;False
621,74;17.33;pa030​;20250612_123326;1;Marche2;-0,0033;1,3896;0,0191;-0,1201;0,0293;-0,0097;0,9923;;False
621,75;17.35;pa030​;20250612_123326;1;Marche2;-0,0036;1,3898;0,0193;-0,1207;0,0283;-0,0106;0,9922;;False
621,76;17.36;pa030​;20250612_123326;1;Marche2;-0,0039;1,3899;0,0194;-0,1213;0,0272;-0,0111;0,9922;;False
621,78;17.38;pa030​;20250612_123326;1;Marche2;-0,0042;1,3899;0,0194;-0,1222;0,0261;-0,0117;0,9921;;False
621,79;17.39;pa030​;20250612_123326;1;Marche2;-0,0045;1,3900;0,0194;-0,1238;0,0245;-0,0120;0,9919;;False
621,81;17.4;pa030​;20250612_123326;1;Marche2;-0,0049;1,3903;0,0195;-0,1251;0,0227;-0,0124;0,9918;;False
621,82;17.42;pa030​;20250612_123326;1;Marche2;-0,0053;1,3906;0,0197;-0,1269;0,0208;-0,0127;0,9916;;False
621,83;17.43;pa030​;20250612_123326;1;Marche2;-0,0057;1,3909;0,0198;-0,1286;0,0190;-0,0130;0,9914;;False
621,85;17.44;pa030​;20250612_123326;1;Marche2;-0,0061;1,3913;0,0198;-0,1306;0,0173;-0,0130;0,9912;;False
621,86;17.46;pa030​;20250612_123326;1;Marche2;-0,0064;1,3916;0,0197;-0,1326;0,0156;-0,0125;0,9910;;False
621,87;17.47;pa030​;20250612_123326;1;Marche2;-0,0066;1,3921;0,0197;-0,1352;0,0143;-0,0121;0,9906;;False
621,89;17.48;pa030​;20250612_123326;1;Marche2;-0,0070;1,3928;0,0196;-0,1387;0,0133;-0,0118;0,9902;;False
621,90;17.5;pa030​;20250612_123326;1;Marche2;-0,0073;1,3938;0,0195;-0,1435;0,0124;-0,0112;0,9895;;False
621,92;17.51;pa030​;20250612_123326;1;Marche2;-0,0076;1,3948;0,0194;-0,1487;0,0119;-0,0107;0,9888;;False
621,93;17.53;pa030​;20250612_123326;1;Marche2;-0,0076;1,3956;0,0192;-0,1543;0,0111;-0,0105;0,9879;;False
621,94;17.54;pa030​;20250612_123326;1;Marche2;-0,0078;1,3964;0,0191;-0,1591;0,0108;-0,0101;0,9872;;False
621,96;17.56;pa030​;20250612_123326;1;Marche2;-0,0079;1,3971;0,0190;-0,1634;0,0111;-0,0100;0,9864;;False
621,97;17.57;pa030​;20250612_123326;1;Marche2;-0,0079;1,3978;0,0191;-0,1680;0,0115;-0,0097;0,9857;;False
621,99;17.58;pa030​;20250612_123326;1;Marche2;-0,0077;1,3985;0,0189;-0,1722;0,0119;-0,0092;0,9850;;False
622,00;17.6;pa030​;20250612_123326;1;Marche2;-0,0076;1,3992;0,0189;-0,1762;0,0124;-0,0087;0,9842;;False
622,01;17.61;pa030​;20250612_123326;1;Marche2;-0,0074;1,3999;0,0187;-0,1802;0,0125;-0,0085;0,9835;;False
622,03;17.62;pa030​;20250612_123326;1;Marche2;-0,0073;1,4005;0,0184;-0,1841;0,0125;-0,0081;0,9828;;False
622,04;17.64;pa030​;20250612_123326;1;Marche2;-0,0073;1,4010;0,0182;-0,1878;0,0125;-0,0085;0,9821;;False
622,05;17.65;pa030​;20250612_123326;1;Marche2;-0,0073;1,4014;0,0179;-0,1907;0,0123;-0,0084;0,9815;;False
622,07;17.67;pa030​;20250612_123326;1;Marche2;-0,0072;1,4020;0,0176;-0,1939;0,0126;-0,0082;0,9809;;False
622,08;17.68;pa030​;20250612_123326;1;Marche2;-0,0071;1,4027;0,0172;-0,1972;0,0125;-0,0085;0,9802;;False
622,10;17.69;pa030​;20250612_123326;1;Marche2;-0,0071;1,4032;0,0169;-0,2011;0,0124;-0,0085;0,9794;;False
622,11;17.71;pa030​;20250612_123326;1;Marche2;-0,0072;1,4037;0,0166;-0,2052;0,0125;-0,0086;0,9786;;False
622,12;17.72;pa030​;20250612_123326;1;Marche2;-0,0071;1,4041;0,0163;-0,2081;0,0120;-0,0089;0,9780;;False
622,14;17.73;pa030​;20250612_123326;1;Marche2;-0,0072;1,4041;0,0161;-0,2093;0,0114;-0,0088;0,9778;;False
622,15;17.75;pa030​;20250612_123326;1;Marche2;-0,0072;1,4044;0,0159;-0,2104;0,0108;-0,0081;0,9775;;False
622,17;17.76;pa030​;20250612_123326;1;Marche2;-0,0071;1,4050;0,0158;-0,2127;0,0101;-0,0079;0,9770;;False
622,18;17.78;pa030​;20250612_123326;1;Marche2;-0,0071;1,4057;0,0155;-0,2172;0,0095;-0,0082;0,9761;;False
622,20;17.79;pa030​;20250612_123326;1;Marche2;-0,0068;1,4063;0,0155;-0,2221;0,0094;-0,0079;0,9749;;False
622,21;17.8;pa030​;20250612_123326;1;Marche2;-0,0066;1,4067;0,0153;-0,2246;0,0096;-0,0080;0,9744;;False
622,22;17.82;pa030​;20250612_123326;1;Marche2;-0,0062;1,4067;0,0152;-0,2252;0,0102;-0,0080;0,9742;;False
622,24;17.83;pa030​;20250612_123326;1;Marche2;-0,0058;1,4067;0,0152;-0,2243;0,0106;-0,0083;0,9744;;False
622,25;17.85;pa030​;20250612_123326;1;Marche2;-0,0054;1,4070;0,0151;-0,2247;0,0112;-0,0085;0,9743;;False
622,26;17.86;pa030​;20250612_123326;1;Marche2;-0,0050;1,4075;0,0152;-0,2269;0,0113;-0,0091;0,9738;;False
622,28;17.87;pa030​;20250612_123326;1;Marche2;-0,0046;1,4074;0,0155;-0,2287;0,0114;-0,0097;0,9734;;False
622,29;17.89;pa030​;20250612_123326;1;Marche2;-0,0043;1,4073;0,0154;-0,2292;0,0118;-0,0098;0,9733;;False
622,30;17.9;pa030​;20250612_123326;1;Marche2;-0,0041;1,4073;0,0155;-0,2277;0,0118;-0,0106;0,9736;;False
622,32;17.92;pa030​;20250612_123326;1;Marche2;-0,0040;1,4070;0,0159;-0,2264;0,0122;-0,0102;0,9739;;False
622,33;17.93;pa030​;20250612_123326;1;Marche2;-0,0040;1,4072;0,0160;-0,2265;0,0122;-0,0101;0,9739;;False
622,35;17.94;pa030​;20250612_123326;1;Marche2;-0,0037;1,4073;0,0162;-0,2288;0,0116;-0,0103;0,9734;;False
622,36;17.96;pa030​;20250612_123326;1;Marche2;-0,0039;1,4079;0,0166;-0,2317;0,0109;-0,0099;0,9727;;False
622,37;17.97;pa030​;20250612_123326;1;Marche2;-0,0037;1,4083;0,0169;-0,2337;0,0104;-0,0089;0,9722;;False
622,39;17.99;pa030​;20250612_123326;1;Marche2;-0,0035;1,4083;0,0172;-0,2348;0,0103;-0,0080;0,9720;;False
622,40;18.0;pa030​;20250612_123326;1;Marche2;-0,0033;1,4085;0,0172;-0,2349;0,0100;-0,0080;0,9719;;False
622,42;18.01;pa030​;20250612_123326;1;Marche2;-0,0032;1,4087;0,0174;-0,2352;0,0096;-0,0081;0,9719;;False
622,43;18.03;pa030​;20250612_123326;1;Marche2;-0,0030;1,4089;0,0174;-0,2364;0,0091;-0,0083;0,9716;;False
622,44;18.04;pa030​;20250612_123326;1;Marche2;-0,0028;1,4095;0,0175;-0,2388;0,0081;-0,0085;0,9710;;False
622,46;18.05;pa030​;20250612_123326;1;Marche2;-0,0026;1,4100;0,0175;-0,2418;0,0073;-0,0085;0,9703;;False
622,47;18.07;pa030​;20250612_123326;1;Marche2;-0,0023;1,4103;0,0176;-0,2446;0,0062;-0,0080;0,9696;;False
622,49;18.08;pa030​;20250612_123326;1;Marche2;-0,0019;1,4107;0,0177;-0,2469;0,0055;-0,0075;0,9690;;False
622,50;18.1;pa030​;20250612_123326;1;Marche2;-0,0015;1,4111;0,0178;-0,2487;0,0049;-0,0074;0,9685;;False
622,51;18.11;pa030​;20250612_123326;1;Marche2;-0,0009;1,4112;0,0180;-0,2498;0,0047;-0,0078;0,9682;;False
622,53;18.12;pa030​;20250612_123326;1;Marche2;-0,0003;1,4113;0,0182;-0,2501;0,0046;-0,0081;0,9682;;False
622,54;18.14;pa030​;20250612_123326;1;Marche2;0,0003;1,4112;0,0186;-0,2495;0,0048;-0,0085;0,9683;;False
622,55;18.15;pa030​;20250612_123326;1;Marche2;0,0008;1,4112;0,0189;-0,2492;0,0050;-0,0091;0,9684;;False
622,57;18.16;pa030​;20250612_123326;1;Marche2;0,0014;1,4113;0,0193;-0,2495;0,0052;-0,0101;0,9683;;False
622,58;18.18;pa030​;20250612_123326;1;Marche2;0,0019;1,4114;0,0196;-0,2498;0,0054;-0,0109;0,9682;;False
622,60;18.19;pa030​;20250612_123326;1;Marche2;0,0025;1,4114;0,0200;-0,2499;0,0054;-0,0113;0,9682;;False
622,61;18.21;pa030​;20250612_123326;1;Marche2;0,0031;1,4112;0,0204;-0,2497;0,0053;-0,0112;0,9682;;False
622,63;18.22;pa030​;20250612_123326;1;Marche2;0,0039;1,4110;0,0210;-0,2495;0,0047;-0,0108;0,9683;;False
622,64;18.24;pa030​;20250612_123326;1;Marche2;0,0045;1,4111;0,0216;-0,2496;0,0040;-0,0111;0,9683;;False
622,65;18.25;pa030​;20250612_123326;1;Marche2;0,0053;1,4113;0,0223;-0,2509;0,0030;-0,0119;0,9679;;False
622,67;18.26;pa030​;20250612_123326;1;Marche2;0,0061;1,4114;0,0232;-0,2528;0,0030;-0,0131;0,9674;;False
622,68;18.28;pa030​;20250612_123326;1;Marche2;0,0069;1,4113;0,0241;-0,2538;0,0032;-0,0147;0,9672;;False
622,69;18.29;pa030​;20250612_123326;1;Marche2;0,0077;1,4114;0,0252;-0,2543;0,0033;-0,0152;0,9670;;False
622,71;18.31;pa030​;20250612_123326;1;Marche2;0,0085;1,4115;0,0263;-0,2550;0,0037;-0,0155;0,9668;;False
622,72;18.32;pa030​;20250612_123326;1;Marche2;0,0094;1,4116;0,0276;-0,2559;0,0037;-0,0157;0,9666;;False
622,74;18.33;pa030​;20250612_123326;1;Marche2;0,0102;1,4116;0,0288;-0,2570;0,0040;-0,0157;0,9663;;False
622,75;18.35;pa030​;20250612_123326;1;Marche2;0,0111;1,4116;0,0299;-0,2573;0,0039;-0,0156;0,9662;;False
622,76;18.36;pa030​;20250612_123326;1;Marche2;0,0119;1,4115;0,0312;-0,2571;0,0038;-0,0161;0,9662;;False
622,78;18.37;pa030​;20250612_123326;1;Marche2;0,0128;1,4115;0,0324;-0,2571;0,0033;-0,0163;0,9663;;False
622,79;18.39;pa030​;20250612_123326;1;Marche2;0,0138;1,4116;0,0336;-0,2578;0,0033;-0,0161;0,9661;;False
622,81;18.4;pa030​;20250612_123326;1;Marche2;0,0149;1,4117;0,0349;-0,2592;0,0035;-0,0164;0,9657;;False
622,82;18.42;pa030​;20250612_123326;1;Marche2;0,0162;1,4119;0,0361;-0,2610;0,0043;-0,0164;0,9652;;False
622,83;18.43;pa030​;20250612_123326;1;Marche2;0,0176;1,4119;0,0376;-0,2628;0,0052;-0,0166;0,9647;;False
622,85;18.45;pa030​;20250612_123326;1;Marche2;0,0189;1,4119;0,0390;-0,2637;0,0064;-0,0174;0,9644;;False
622,86;18.46;pa030​;20250612_123326;1;Marche2;0,0202;1,4117;0,0405;-0,2650;0,0069;-0,0180;0,9641;;False
622,88;18.47;pa030​;20250612_123326;1;Marche2;0,0214;1,4115;0,0419;-0,2645;0,0066;-0,0184;0,9642;;False
622,89;18.49;pa030​;20250612_123326;1;Marche2;0,0226;1,4111;0,0436;-0,2635;0,0057;-0,0189;0,9645;;False
622,90;18.5;pa030​;20250612_123326;1;Marche2;0,0237;1,4107;0,0451;-0,2622;0,0052;-0,0196;0,9648;;False
622,92;18.52;pa030​;20250612_123326;1;Marche2;0,0249;1,4106;0,0467;-0,2611;0,0056;-0,0200;0,9651;;False
622,93;18.53;pa030​;20250612_123326;1;Marche2;0,0260;1,4103;0,0482;-0,2606;0,0062;-0,0202;0,9652;;False
622,95;18.54;pa030​;20250612_123326;1;Marche2;0,0268;1,4101;0,0496;-0,2597;0,0072;-0,0199;0,9654;;False
622,96;18.56;pa030​;20250612_123326;1;Marche2;0,0276;1,4097;0,0510;-0,2578;0,0075;-0,0201;0,9660;;False
622,97;18.57;pa030​;20250612_123326;1;Marche2;0,0283;1,4094;0,0523;-0,2553;0,0072;-0,0199;0,9666;;False
622,99;18.58;pa030​;20250612_123326;1;Marche2;0,0290;1,4091;0,0536;-0,2527;0,0069;-0,0197;0,9673;;False
623,00;18.6;pa030​;20250612_123326;1;Marche2;0,0296;1,4089;0,0546;-0,2504;0,0068;-0,0191;0,9679;;False
623,01;18.61;pa030​;20250612_123326;1;Marche2;0,0303;1,4089;0,0555;-0,2493;0,0068;-0,0190;0,9682;;False
623,03;18.63;pa030​;20250612_123326;1;Marche2;0,0309;1,4091;0,0563;-0,2478;0,0070;-0,0190;0,9686;;False
623,04;18.64;pa030​;20250612_123326;1;Marche2;0,0316;1,4093;0,0569;-0,2470;0,0073;-0,0190;0,9688;;False
623,06;18.65;pa030​;20250612_123326;1;Marche2;0,0323;1,4096;0,0575;-0,2463;0,0082;-0,0194;0,9690;;False
623,07;18.67;pa030​;20250612_123326;1;Marche2;0,0330;1,4100;0,0579;-0,2454;0,0098;-0,0201;0,9692;;False
623,08;18.68;pa030​;20250612_123326;1;Marche2;0,0336;1,4106;0,0583;-0,2442;0,0116;-0,0205;0,9694;;False
623,10;18.69;pa030​;20250612_123326;1;Marche2;0,0341;1,4114;0,0586;-0,2430;0,0134;-0,0211;0,9697;;False
623,11;18.71;pa030​;20250612_123326;1;Marche2;0,0345;1,4124;0,0587;-0,2426;0,0152;-0,0219;0,9698;;False
623,13;18.72;pa030​;20250612_123326;1;Marche2;0,0347;1,4135;0,0585;-0,2432;0,0166;-0,0219;0,9696;;False
623,14;18.74;pa030​;20250612_123326;1;Marche2;0,0348;1,4146;0,0583;-0,2445;0,0178;-0,0221;0,9692;;False
623,15;18.75;pa030​;20250612_123326;1;Marche2;0,0347;1,4157;0,0580;-0,2465;0,0187;-0,0224;0,9687;;False
623,17;18.76;pa030​;20250612_123326;1;Marche2;0,0345;1,4166;0,0577;-0,2477;0,0196;-0,0225;0,9684;;False
623,18;18.78;pa030​;20250612_123326;1;Marche2;0,0343;1,4173;0,0573;-0,2489;0,0207;-0,0220;0,9681;;False
623,20;18.79;pa030​;20250612_123326;1;Marche2;0,0341;1,4179;0,0569;-0,2497;0,0214;-0,0214;0,9679;;False
623,21;18.81;pa030​;20250612_123326;1;Marche2;0,0339;1,4184;0,0566;-0,2504;0,0224;-0,0201;0,9677;;False
623,22;18.82;pa030​;20250612_123326;1;Marche2;0,0338;1,4187;0,0562;-0,2509;0,0234;-0,0191;0,9675;;False
623,24;18.83;pa030​;20250612_123326;1;Marche2;0,0337;1,4189;0,0560;-0,2510;0,0247;-0,0184;0,9675;;False
623,25;18.85;pa030​;20250612_123326;1;Marche2;0,0335;1,4189;0,0558;-0,2511;0,0261;-0,0175;0,9675;;False
623,27;18.86;pa030​;20250612_123326;1;Marche2;0,0334;1,4188;0,0556;-0,2508;0,0273;-0,0170;0,9675;;False
623,28;18.88;pa030​;20250612_123326;1;Marche2;0,0332;1,4187;0,0555;-0,2504;0,0282;-0,0163;0,9676;;False
623,29;18.89;pa030​;20250612_123326;1;Marche2;0,0330;1,4188;0,0552;-0,2495;0,0287;-0,0153;0,9678;;False
623,31;18.9;pa030​;20250612_123326;1;Marche2;0,0329;1,4185;0,0551;-0,2485;0,0287;-0,0140;0,9681;;False
623,32;18.92;pa030​;20250612_123326;1;Marche2;0,0328;1,4182;0,0548;-0,2477;0,0282;-0,0132;0,9683;;False
623,33;18.93;pa030​;20250612_123326;1;Marche2;0,0329;1,4182;0,0545;-0,2470;0,0277;-0,0121;0,9686;;False
623,35;18.95;pa030​;20250612_123326;1;Marche2;0,0330;1,4183;0,0541;-0,2470;0,0271;-0,0112;0,9686;;False
623,36;18.96;pa030​;20250612_123326;1;Marche2;0,0331;1,4183;0,0535;-0,2472;0,0261;-0,0108;0,9686;;False
623,38;18.97;pa030​;20250612_123326;1;Marche2;0,0333;1,4184;0,0530;-0,2478;0,0250;-0,0105;0,9684;;False
623,39;18.99;pa030​;20250612_123326;1;Marche2;0,0336;1,4185;0,0523;-0,2485;0,0235;-0,0104;0,9683;;False
623,40;19.0;pa030​;20250612_123326;1;Marche2;0,0340;1,4186;0,0517;-0,2493;0,0225;-0,0107;0,9681;;False
623,42;19.01;pa030​;20250612_123326;1;Marche2;0,0345;1,4188;0,0511;-0,2502;0,0217;-0,0108;0,9679;;False
623,43;19.03;pa030​;20250612_123326;1;Marche2;0,0351;1,4189;0,0506;-0,2513;0,0213;-0,0111;0,9676;;False
623,44;19.04;pa030​;20250612_123326;1;Marche2;0,0357;1,4191;0,0501;-0,2522;0,0209;-0,0114;0,9674;;False
623,46;19.06;pa030​;20250612_123326;1;Marche2;0,0365;1,4192;0,0498;-0,2527;0,0205;-0,0121;0,9673;;False
623,47;19.07;pa030​;20250612_123326;1;Marche2;0,0371;1,4192;0,0496;-0,2528;0,0204;-0,0130;0,9672;;False
623,49;19.08;pa030​;20250612_123326;1;Marche2;0,0378;1,4190;0,0494;-0,2525;0,0203;-0,0136;0,9673;;False
623,50;19.1;pa030​;20250612_123326;1;Marche2;0,0385;1,4188;0,0494;-0,2516;0,0203;-0,0139;0,9675;;False
623,51;19.11;pa030​;20250612_123326;1;Marche2;0,0393;1,4186;0,0494;-0,2507;0,0201;-0,0140;0,9678;;False
623,53;19.12;pa030​;20250612_123326;1;Marche2;0,0399;1,4184;0,0495;-0,2499;0,0201;-0,0137;0,9680;;False
623,54;19.14;pa030​;20250612_123326;1;Marche2;0,0407;1,4182;0,0496;-0,2491;0,0198;-0,0137;0,9682;;False
623,56;19.15;pa030​;20250612_123326;1;Marche2;0,0414;1,4179;0,0498;-0,2485;0,0193;-0,0143;0,9683;;False
623,57;19.17;pa030​;20250612_123326;1;Marche2;0,0423;1,4178;0,0500;-0,2475;0,0189;-0,0152;0,9686;;False
623,58;19.18;pa030​;20250612_123326;1;Marche2;0,0431;1,4176;0,0502;-0,2465;0,0186;-0,0158;0,9688;;False
623,60;19.19;pa030​;20250612_123326;1;Marche2;0,0440;1,4175;0,0503;-0,2463;0,0185;-0,0162;0,9689;;False
623,61;19.21;pa030​;20250612_123326;1;Marche2;0,0448;1,4175;0,0504;-0,2463;0,0186;-0,0166;0,9689;;False
623,63;19.22;pa030​;20250612_123326;1;Marche2;0,0456;1,4174;0,0506;-0,2466;0,0189;-0,0171;0,9688;;False
623,64;19.24;pa030​;20250612_123326;1;Marche2;0,0464;1,4172;0,0507;-0,2468;0,0195;-0,0174;0,9687;;False
623,65;19.25;pa030​;20250612_123326;1;Marche2;0,0472;1,4171;0,0509;-0,2466;0,0202;-0,0176;0,9687;;False
623,67;19.26;pa030​;20250612_123326;1;Marche2;0,0480;1,4169;0,0511;-0,2462;0,0206;-0,0176;0,9688;;False
623,68;19.28;pa030​;20250612_123326;1;Marche2;0,0487;1,4168;0,0514;-0,2456;0,0212;-0,0177;0,9690;;False
623,70;19.29;pa030​;20250612_123326;1;Marche2;0,0494;1,4167;0,0516;-0,2453;0,0217;-0,0180;0,9690;;False
623,71;19.31;pa030​;20250612_123326;1;Marche2;0,0501;1,4166;0,0519;-0,2449;0,0221;-0,0182;0,9691;;False
623,72;19.32;pa030​;20250612_123326;1;Marche2;0,0508;1,4164;0,0522;-0,2446;0,0223;-0,0184;0,9692;;False
623,74;19.33;pa030​;20250612_123326;1;Marche2;0,0514;1,4163;0,0525;-0,2442;0,0225;-0,0186;0,9693;;False
623,75;19.35;pa030​;20250612_123326;1;Marche2;0,0520;1,4161;0,0528;-0,2436;0,0225;-0,0187;0,9694;;False
623,76;19.36;pa030​;20250612_123326;1;Marche2;0,0525;1,4159;0,0530;-0,2429;0,0226;-0,0189;0,9696;;False
623,78;19.38;pa030​;20250612_123326;1;Marche2;0,0531;1,4157;0,0533;-0,2423;0,0223;-0,0190;0,9698;;False
623,79;19.39;pa030​;20250612_123326;1;Marche2;0,0536;1,4156;0,0535;-0,2418;0,0223;-0,0191;0,9699;;False
623,81;19.4;pa030​;20250612_123326;1;Marche2;0,0541;1,4157;0,0538;-0,2416;0,0221;-0,0192;0,9699;;False
623,82;19.42;pa030​;20250612_123326;1;Marche2;0,0545;1,4158;0,0541;-0,2416;0,0223;-0,0193;0,9699;;False
623,84;19.43;pa030​;20250612_123326;1;Marche2;0,0550;1,4158;0,0543;-0,2415;0,0223;-0,0194;0,9700;;False
623,85;19.44;pa030​;20250612_123326;1;Marche2;0,0555;1,4157;0,0544;-0,2411;0,0223;-0,0196;0,9700;;False
623,86;19.46;pa030​;20250612_123326;1;Marche2;0,0559;1,4157;0,0544;-0,2408;0,0222;-0,0196;0,9701;;False
623,88;19.47;pa030​;20250612_123326;1;Marche2;0,0563;1,4155;0,0544;-0,2407;0,0220;-0,0198;0,9702;;False
623,89;19.49;pa030​;20250612_123326;1;Marche2;0,0567;1,4155;0,0544;-0,2404;0,0218;-0,0200;0,9702;;False
623,90;19.5;pa030​;20250612_123326;1;Marche2;0,0571;1,4154;0,0544;-0,2404;0,0220;-0,0201;0,9702;;False
623,92;19.51;pa030​;20250612_123326;1;Marche2;0,0575;1,4153;0,0543;-0,2404;0,0220;-0,0201;0,9702;;False
623,93;19.53;pa030​;20250612_123326;1;Marche2;0,0579;1,4152;0,0542;-0,2403;0,0222;-0,0201;0,9702;;False
623,94;19.54;pa030​;20250612_123326;1;Marche2;0,0582;1,4152;0,0541;-0,2404;0,0226;-0,0199;0,9702;;False
623,96;19.56;pa030​;20250612_123326;1;Marche2;0,0586;1,4151;0,0539;-0,2404;0,0230;-0,0197;0,9702;;False
623,97;19.57;pa030​;20250612_123326;1;Marche2;0,0589;1,4150;0,0537;-0,2403;0,0234;-0,0195;0,9702;;False
623,99;19.58;pa030​;20250612_123326;1;Marche2;0,0591;1,4149;0,0535;-0,2401;0,0236;-0,0194;0,9703;;False
624,00;19.6;pa030​;20250612_123326;1;Marche2;0,0594;1,4147;0,0533;-0,2399;0,0236;-0,0193;0,9703;;False
624,01;19.61;pa030​;20250612_123326;1;Marche2;0,0596;1,4146;0,0531;-0,2396;0,0238;-0,0194;0,9704;;False
624,03;19.63;pa030​;20250612_123326;1;Marche2;0,0598;1,4145;0,0529;-0,2391;0,0237;-0,0194;0,9705;;False
624,04;19.64;pa030​;20250612_123326;1;Marche2;0,0600;1,4144;0,0527;-0,2385;0,0236;-0,0194;0,9707;;False
624,06;19.65;pa030​;20250612_123326;1;Marche2;0,0601;1,4142;0,0525;-0,2377;0,0236;-0,0193;0,9709;;False
624,07;19.67;pa030​;20250612_123326;1;Marche2;0,0602;1,4141;0,0523;-0,2366;0,0234;-0,0191;0,9711;;False
624,08;19.68;pa030​;20250612_123326;1;Marche2;0,0603;1,4138;0,0522;-0,2353;0,0233;-0,0189;0,9715;;False
624,10;19.7;pa030​;20250612_123326;1;Marche2;0,0603;1,4135;0,0522;-0,2336;0,0231;-0,0188;0,9719;;False
624,11;19.71;pa030​;20250612_123326;1;Marche2;0,0604;1,4130;0,0522;-0,2315;0,0231;-0,0186;0,9724;;False
624,12;19.72;pa030​;20250612_123326;1;Marche2;0,0604;1,4125;0,0522;-0,2288;0,0232;-0,0184;0,9730;;False
624,14;19.74;pa030​;20250612_123326;1;Marche2;0,0604;1,4118;0,0524;-0,2251;0,0231;-0,0185;0,9739;;False
624,15;19.75;pa030​;20250612_123326;1;Marche2;0,0603;1,4109;0,0526;-0,2209;0,0231;-0,0183;0,9748;;False
624,17;19.76;pa030​;20250612_123326;1;Marche2;0,0601;1,4103;0,0530;-0,2151;0,0230;-0,0180;0,9762;;False
624,18;19.78;pa030​;20250612_123326;1;Marche2;0,0599;1,4096;0,0534;-0,2095;0,0222;-0,0171;0,9774;;False
624,20;19.79;pa030​;20250612_123326;1;Marche2;0,0596;1,4089;0,0537;-0,2049;0,0215;-0,0159;0,9784;;False
624,21;19.8;pa030​;20250612_123326;1;Marche2;0,0593;1,4081;0,0541;-0,2002;0,0205;-0,0146;0,9794;;False
624,22;19.82;pa030​;20250612_123326;1;Marche2;0,0590;1,4073;0,0545;-0,1946;0,0195;-0,0144;0,9806;;False
624,24;19.83;pa030​;20250612_123326;1;Marche2;0,0585;1,4061;0,0549;-0,1884;0,0188;-0,0141;0,9818;;False
624,25;19.85;pa030​;20250612_123326;1;Marche2;0,0581;1,4048;0,0555;-0,1815;0,0177;-0,0140;0,9831;;False
624,26;19.86;pa030​;20250612_123326;1;Marche2;0,0576;1,4037;0,0562;-0,1744;0,0169;-0,0131;0,9844;;False
624,28;19.88;pa030​;20250612_123326;1;Marche2;0,0570;1,4026;0,0569;-0,1689;0,0158;-0,0123;0,9854;;False
624,29;19.89;pa030​;20250612_123326;1;Marche2;0,0564;1,4018;0,0576;-0,1634;0,0143;-0,0116;0,9864;;False
624,31;19.9;pa030​;20250612_123326;1;Marche2;0,0556;1,4009;0,0583;-0,1575;0,0131;-0,0108;0,9874;;False
624,32;19.92;pa030​;20250612_123326;1;Marche2;0,0548;1,3998;0,0591;-0,1519;0,0115;-0,0094;0,9883;;False
624,33;19.93;pa030​;20250612_123326;1;Marche2;0,0538;1,3989;0,0599;-0,1478;0,0099;-0,0078;0,9889;;False
624,35;19.94;pa030​;20250612_123326;1;Marche2;0,0528;1,3988;0,0606;-0,1463;0,0082;-0,0059;0,9892;;False
624,36;19.96;pa030​;20250612_123326;1;Marche2;0,0517;1,3990;0,0610;-0,1476;0,0071;-0,0043;0,9890;;False
624,38;19.97;pa030​;20250612_123326;1;Marche2;0,0506;1,3996;0,0614;-0,1510;0,0059;-0,0030;0,9885;;False
624,39;19.99;pa030​;20250612_123326;1;Marche2;0,0497;1,4003;0,0615;-0,1554;0,0048;-0,0021;0,9878;;False
624,40;20.0;pa030​;20250612_123326;1;Marche2;0,0488;1,4010;0,0614;-0,1594;0,0042;-0,0013;0,9872;;False
624,42;20.01;pa030​;20250612_123326;1;Marche2;0,0480;1,4018;0,0613;-0,1625;0,0036;-0,0009;0,9867;;False
624,43;20.03;pa030​;20250612_123326;1;Marche2;0,0472;1,4023;0,0610;-0,1654;0,0040;-0,0007;0,9862;;False
624,44;20.04;pa030​;20250612_123326;1;Marche2;0,0465;1,4028;0,0607;-0,1676;0,0047;-0,0005;0,9858;;False
624,46;20.06;pa030​;20250612_123326;1;Marche2;0,0459;1,4033;0,0602;-0,1697;0,0055;-0,0002;0,9855;;False
624,47;20.07;pa030​;20250612_123326;1;Marche2;0,0452;1,4038;0,0598;-0,1719;0,0066;0,0002;0,9851;;False
624,49;20.08;pa030​;20250612_123326;1;Marche2;0,0445;1,4043;0,0594;-0,1746;0,0076;0,0014;0,9846;;False
624,50;20.1;pa030​;20250612_123326;1;Marche2;0,0439;1,4049;0,0589;-0,1779;0,0080;0,0020;0,9840;;False
624,52;20.11;pa030​;20250612_123326;1;Marche2;0,0431;1,4054;0,0583;-0,1818;0,0089;0,0029;0,9833;;False
624,53;20.12;pa030​;20250612_123326;1;Marche2;0,0423;1,4061;0,0578;-0,1852;0,0095;0,0036;0,9826;;False
624,54;20.14;pa030​;20250612_123326;1;Marche2;0,0414;1,4071;0,0572;-0,1885;0,0092;0,0045;0,9820;;False
624,56;20.15;pa030​;20250612_123326;1;Marche2;0,0405;1,4079;0,0566;-0,1927;0,0082;0,0055;0,9812;;False
624,57;20.17;pa030​;20250612_123326;1;Marche2;0,0397;1,4086;0,0559;-0,1973;0,0070;0,0061;0,9803;;False
624,59;20.18;pa030​;20250612_123326;1;Marche2;0,0389;1,4094;0,0551;-0,2017;0,0061;0,0063;0,9794;;False
624,60;20.19;pa030​;20250612_123326;1;Marche2;0,0382;1,4101;0,0542;-0,2060;0,0052;0,0067;0,9785;;False
624,61;20.21;pa030​;20250612_123326;1;Marche2;0,0374;1,4108;0,0531;-0,2092;0,0045;0,0072;0,9778;;False
624,63;20.22;pa030​;20250612_123326;1;Marche2;0,0368;1,4114;0,0522;-0,2125;0,0035;0,0078;0,9771;;False
624,64;20.24;pa030​;20250612_123326;1;Marche2;0,0361;1,4120;0,0510;-0,2154;0,0030;0,0079;0,9765;;False
624,65;20.25;pa030​;20250612_123326;1;Marche2;0,0356;1,4128;0,0497;-0,2191;0,0020;0,0083;0,9757;;False
624,67;20.27;pa030​;20250612_123326;1;Marche2;0,0350;1,4138;0,0483;-0,2234;0,0020;0,0091;0,9747;;False
624,68;20.28;pa030​;20250612_123326;1;Marche2;0,0345;1,4147;0,0469;-0,2282;0,0015;0,0096;0,9736;;False
624,70;20.29;pa030​;20250612_123326;1;Marche2;0,0340;1,4155;0,0455;-0,2325;0,0013;0,0103;0,9725;;False
624,71;20.3;pa030​;20250612_123326;1;Marche2;0,0336;1,4162;0,0442;-0,2369;0,0009;0,0108;0,9715;;False
624,72;20.32;pa030​;20250612_123326;1;Marche2;0,0333;1,4168;0,0429;-0,2405;-0,0001;0,0106;0,9706;;False
624,74;20.33;pa030​;20250612_123326;1;Marche2;0,0330;1,4172;0,0418;-0,2435;-0,0004;0,0105;0,9699;;False
624,75;20.35;pa030​;20250612_123326;1;Marche2;0,0328;1,4175;0,0409;-0,2452;-0,0007;0,0098;0,9694;;False
624,76;20.36;pa030​;20250612_123326;1;Marche2;0,0326;1,4176;0,0401;-0,2461;-0,0007;0,0095;0,9692;;False
624,78;20.37;pa030​;20250612_123326;1;Marche2;0,0325;1,4175;0,0395;-0,2465;-0,0008;0,0093;0,9691;;False
624,79;20.39;pa030​;20250612_123326;1;Marche2;0,0324;1,4173;0,0391;-0,2462;-0,0008;0,0093;0,9692;;False
624,81;20.4;pa030​;20250612_123326;1;Marche2;0,0323;1,4172;0,0387;-0,2457;-0,0011;0,0090;0,9693;;False
624,82;20.42;pa030​;20250612_123326;1;Marche2;0,0322;1,4170;0,0384;-0,2446;-0,0015;0,0084;0,9696;;False
624,84;20.43;pa030​;20250612_123326;1;Marche2;0,0322;1,4168;0,0382;-0,2431;-0,0017;0,0079;0,9700;;False
624,85;20.44;pa030​;20250612_123326;1;Marche2;0,0322;1,4166;0,0381;-0,2419;-0,0018;0,0074;0,9703;;False
624,86;20.46;pa030​;20250612_123326;1;Marche2;0,0323;1,4165;0,0379;-0,2407;-0,0017;0,0071;0,9706;;False
624,88;20.47;pa030​;20250612_123326;1;Marche2;0,0323;1,4163;0,0377;-0,2400;-0,0014;0,0068;0,9707;;False
624,89;20.49;pa030​;20250612_123326;1;Marche2;0,0324;1,4162;0,0377;-0,2397;-0,0010;0,0063;0,9708;;False
624,90;20.5;pa030​;20250612_123326;1;Marche2;0,0325;1,4162;0,0378;-0,2391;-0,0008;0,0056;0,9710;;False
624,92;20.51;pa030​;20250612_123326;1;Marche2;0,0326;1,4161;0,0379;-0,2381;-0,0006;0,0051;0,9712;;False
624,93;20.53;pa030​;20250612_123326;1;Marche2;0,0327;1,4159;0,0379;-0,2368;-0,0005;0,0044;0,9715;;False
624,95;20.54;pa030​;20250612_123326;1;Marche2;0,0329;1,4157;0,0380;-0,2356;-0,0006;0,0038;0,9718;;False
624,96;20.56;pa030​;20250612_123326;1;Marche2;0,0330;1,4156;0,0381;-0,2348;-0,0006;0,0034;0,9720;;False
624,97;20.57;pa030​;20250612_123326;1;Marche2;0,0331;1,4154;0,0381;-0,2336;-0,0007;0,0025;0,9723;;False
624,99;20.58;pa030​;20250612_123326;1;Marche2;0,0332;1,4152;0,0382;-0,2315;-0,0006;0,0014;0,9728;;False
625,00;20.6;pa030​;20250612_123326;1;Marche2;0,0334;1,4144;0,0385;-0,2278;-0,0001;0,0002;0,9737;;False
625,01;20.61;pa030​;20250612_123326;1;Marche2;0,0336;1,4136;0,0389;-0,2242;0,0002;-0,0010;0,9745;;False
625,03;20.62;pa030​;20250612_123326;1;Marche2;0,0338;1,4130;0,0394;-0,2207;0,0008;-0,0013;0,9753;;False
625,04;20.64;pa030​;20250612_123326;1;Marche2;0,0338;1,4127;0,0397;-0,2183;0,0016;-0,0015;0,9759;;False
625,06;20.65;pa030​;20250612_123326;1;Marche2;0,0341;1,4125;0,0401;-0,2162;0,0018;-0,0019;0,9763;;False
625,07;20.67;pa030​;20250612_123326;1;Marche2;0,0343;1,4119;0,0404;-0,2132;0,0026;-0,0026;0,9770;;False
625,08;20.68;pa030​;20250612_123326;1;Marche2;0,0345;1,4112;0,0408;-0,2098;0,0037;-0,0033;0,9777;;False
625,10;20.69;pa030​;20250612_123326;1;Marche2;0,0347;1,4108;0,0411;-0,2068;0,0047;-0,0037;0,9784;;False
625,11;20.71;pa030​;20250612_123326;1;Marche2;0,0348;1,4105;0,0412;-0,2048;0,0051;-0,0043;0,9788;;False
625,13;20.72;pa030​;20250612_123326;1;Marche2;0,0350;1,4102;0,0416;-0,2028;0,0051;-0,0055;0,9792;;False
625,14;20.74;pa030​;20250612_123326;1;Marche2;0,0352;1,4097;0,0419;-0,2004;0,0055;-0,0064;0,9797;;False
625,15;20.75;pa030​;20250612_123326;1;Marche2;0,0354;1,4091;0,0421;-0,1968;0,0061;-0,0075;0,9804;;False
625,17;20.76;pa030​;20250612_123326;1;Marche2;0,0357;1,4086;0,0424;-0,1931;0,0065;-0,0080;0,9811;;False
625,18;20.78;pa030​;20250612_123326;1;Marche2;0,0359;1,4082;0,0426;-0,1906;0,0068;-0,0081;0,9816;;False
625,19;20.79;pa030​;20250612_123326;1;Marche2;0,0360;1,4081;0,0427;-0,1889;0,0074;-0,0081;0,9819;;False
625,21;20.81;pa030​;20250612_123326;1;Marche2;0,0363;1,4078;0,0428;-0,1872;0,0079;-0,0083;0,9822;;False
625,22;20.82;pa030​;20250612_123326;1;Marche2;0,0365;1,4073;0,0428;-0,1849;0,0087;-0,0084;0,9827;;False
625,24;20.83;pa030​;20250612_123326;1;Marche2;0,0368;1,4066;0,0430;-0,1813;0,0097;-0,0090;0,9833;;False
625,25;20.85;pa030​;20250612_123326;1;Marche2;0,0372;1,4058;0,0432;-0,1773;0,0107;-0,0094;0,9840;;False
625,26;20.86;pa030​;20250612_123326;1;Marche2;0,0374;1,4051;0,0434;-0,1732;0,0117;-0,0095;0,9848;;False
625,28;20.88;pa030​;20250612_123326;1;Marche2;0,0376;1,4045;0,0436;-0,1700;0,0125;-0,0092;0,9853;;False
625,29;20.89;pa030​;20250612_123326;1;Marche2;0,0376;1,4040;0,0438;-0,1676;0,0128;-0,0089;0,9857;;False
625,31;20.9;pa030​;20250612_123326;1;Marche2;0,0376;1,4036;0,0439;-0,1655;0,0127;-0,0083;0,9861;;False
625,32;20.92;pa030​;20250612_123326;1;Marche2;0,0374;1,4032;0,0440;-0,1634;0,0125;-0,0080;0,9864;;False
625,33;20.93;pa030​;20250612_123326;1;Marche2;0,0373;1,4027;0,0441;-0,1610;0,0118;-0,0076;0,9869;;False
625,35;20.94;pa030​;20250612_123326;1;Marche2;0,0370;1,4021;0,0442;-0,1582;0,0110;-0,0074;0,9873;;False
625,36;20.96;pa030​;20250612_123326;1;Marche2;0,0367;1,4015;0,0442;-0,1548;0,0104;-0,0076;0,9879;;False
625,38;20.97;pa030​;20250612_123326;1;Marche2;0,0365;1,4008;0,0444;-0,1510;0,0094;-0,0075;0,9885;;False
625,39;20.99;pa030​;20250612_123326;1;Marche2;0,0362;1,4002;0,0445;-0,1471;0,0083;-0,0075;0,9891;;False
625,40;21.0;pa030​;20250612_123326;1;Marche2;0,0359;1,3997;0,0448;-0,1442;0,0066;-0,0074;0,9895;;False
625,42;21.01;pa030​;20250612_123326;1;Marche2;0,0354;1,3997;0,0449;-0,1425;0,0051;-0,0067;0,9898;;False
625,43;21.03;pa030​;20250612_123326;1;Marche2;0,0348;1,3997;0,0450;-0,1423;0,0033;-0,0063;0,9898;;False
625,45;21.04;pa030​;20250612_123326;1;Marche2;0,0343;1,3997;0,0451;-0,1422;0,0013;-0,0059;0,9898;;False
625,46;21.06;pa030​;20250612_123326;1;Marche2;0,0338;1,3994;0,0452;-0,1418;-0,0009;-0,0055;0,9899;;False
625,47;21.07;pa030​;20250612_123326;1;Marche2;0,0333;1,3992;0,0453;-0,1405;-0,0029;-0,0051;0,9901;;False
625,49;21.08;pa030​;20250612_123326;1;Marche2;0,0326;1,3990;0,0455;-0,1395;-0,0050;-0,0046;0,9902;;False
625,50;21.1;pa030​;20250612_123326;1;Marche2;0,0319;1,3989;0,0457;-0,1392;-0,0070;-0,0042;0,9902;;False
625,51;21.11;pa030​;20250612_123326;1;Marche2;0,0313;1,3989;0,0459;-0,1404;-0,0090;-0,0037;0,9901;;False
625,53;21.12;pa030​;20250612_123326;1;Marche2;0,0307;1,3991;0,0460;-0,1416;-0,0109;-0,0034;0,9899;;False
625,54;21.14;pa030​;20250612_123326;1;Marche2;0,0302;1,3992;0,0460;-0,1427;-0,0124;-0,0032;0,9897;;False
625,56;21.15;pa030​;20250612_123326;1;Marche2;0,0297;1,3991;0,0460;-0,1430;-0,0134;-0,0030;0,9896;;False
625,57;21.17;pa030​;20250612_123326;1;Marche2;0,0293;1,3992;0,0461;-0,1432;-0,0143;-0,0029;0,9896;;False
625,58;21.18;pa030​;20250612_123326;1;Marche2;0,0288;1,3994;0,0461;-0,1442;-0,0152;-0,0025;0,9894;;False
625,60;21.19;pa030​;20250612_123326;1;Marche2;0,0284;1,3995;0,0462;-0,1454;-0,0159;-0,0021;0,9892;;False
625,61;21.21;pa030​;20250612_123326;1;Marche2;0,0281;1,3997;0,0461;-0,1463;-0,0166;-0,0021;0,9891;;False
625,63;21.22;pa030​;20250612_123326;1;Marche2;0,0278;1,3998;0,0461;-0,1471;-0,0166;-0,0023;0,9890;;False
625,64;21.24;pa030​;20250612_123326;1;Marche2;0,0276;1,4000;0,0461;-0,1481;-0,0164;-0,0025;0,9888;;False
625,65;21.25;pa030​;20250612_123326;1;Marche2;0,0274;1,4002;0,0460;-0,1492;-0,0160;-0,0024;0,9887;;False
625,67;21.26;pa030​;20250612_123326;1;Marche2;0,0272;1,4004;0,0460;-0,1504;-0,0158;-0,0024;0,9885;;False
625,68;21.28;pa030​;20250612_123326;1;Marche2;0,0270;1,4006;0,0460;-0,1516;-0,0157;-0,0026;0,9883;;False
625,70;21.29;pa030​;20250612_123326;1;Marche2;0,0267;1,4007;0,0459;-0,1524;-0,0155;-0,0027;0,9882;;False
625,71;21.31;pa030​;20250612_123326;1;Marche2;0,0266;1,4008;0,0459;-0,1527;-0,0155;-0,0029;0,9881;;False
625,72;21.32;pa030​;20250612_123326;1;Marche2;0,0264;1,4009;0,0459;-0,1528;-0,0154;-0,0029;0,9881;;False
625,74;21.33;pa030​;20250612_123326;1;Marche2;0,0261;1,4009;0,0459;-0,1527;-0,0151;-0,0031;0,9881;;False
625,75;21.35;pa030​;20250612_123326;1;Marche2;0,0259;1,4010;0,0459;-0,1524;-0,0152;-0,0031;0,9882;;False
625,76;21.36;pa030​;20250612_123326;1;Marche2;0,0258;1,4009;0,0460;-0,1524;-0,0151;-0,0032;0,9882;;False
625,78;21.38;pa030​;20250612_123326;1;Marche2;0,0258;1,4009;0,0461;-0,1522;-0,0152;-0,0033;0,9882;;False
625,79;21.39;pa030​;20250612_123326;1;Marche2;0,0256;1,4009;0,0461;-0,1521;-0,0153;-0,0034;0,9882;;False
625,81;21.4;pa030​;20250612_123326;1;Marche2;0,0256;1,4009;0,0462;-0,1520;-0,0156;-0,0035;0,9883;;False
625,82;21.42;pa030​;20250612_123326;1;Marche2;0,0255;1,4008;0,0463;-0,1517;-0,0157;-0,0034;0,9883;;False
625,83;21.43;pa030​;20250612_123326;1;Marche2;0,0254;1,4008;0,0464;-0,1512;-0,0157;-0,0037;0,9884;;False
625,85;21.44;pa030​;20250612_123326;1;Marche2;0,0254;1,4008;0,0465;-0,1509;-0,0158;-0,0039;0,9884;;False
625,86;21.46;pa030​;20250612_123326;1;Marche2;0,0253;1,4007;0,0466;-0,1509;-0,0159;-0,0040;0,9884;;False
625,88;21.48;pa030​;20250612_123326;1;Marche2;0,0253;1,4008;0,0467;-0,1512;-0,0160;-0,0043;0,9884;;False
625,90;21.5;pa030​;20250612_123326;1;Marche2;0,0253;1,4010;0,0470;-0,1519;-0,0160;-0,0049;0,9883;;False
625,92;21.52;pa030​;20250612_123326;1;Marche2;0,0253;1,4011;0,0472;-0,1518;-0,0157;-0,0051;0,9883;;False
625,94;21.54;pa030​;20250612_123326;1;Marche2;0,0254;1,4011;0,0476;-0,1519;-0,0150;-0,0056;0,9883;;False
625,96;21.55;pa030​;20250612_123326;1;Marche2;0,0254;1,4012;0,0478;-0,1524;-0,0147;-0,0058;0,9882;;False
625,97;21.57;pa030​;20250612_123326;1;Marche2;0,0252;1,4012;0,0481;-0,1528;-0,0144;-0,0059;0,9881;;False
625,99;21.58;pa030​;20250612_123326;1;Marche2;0,0251;1,4011;0,0483;-0,1529;-0,0138;-0,0062;0,9881;;False
626,00;21.6;pa030​;20250612_123326;1;Marche2;0,0250;1,4011;0,0485;-0,1530;-0,0133;-0,0062;0,9881;;False
626,01;21.61;pa030​;20250612_123326;1;Marche2;0,0250;1,4012;0,0488;-0,1533;-0,0127;-0,0062;0,9881;;False
626,03;21.62;pa030​;20250612_123326;1;Marche2;0,0250;1,4015;0,0492;-0,1541;-0,0123;-0,0063;0,9880;;False
626,04;21.64;pa030​;20250612_123326;1;Marche2;0,0250;1,4018;0,0496;-0,1555;-0,0120;-0,0061;0,9877;;False
626,06;21.65;pa030​;20250612_123326;1;Marche2;0,0250;1,4021;0,0499;-0,1569;-0,0114;-0,0060;0,9875;;False
626,07;21.67;pa030​;20250612_123326;1;Marche2;0,0250;1,4024;0,0503;-0,1585;-0,0108;-0,0061;0,9873;;False
626,08;21.68;pa030​;20250612_123326;1;Marche2;0,0250;1,4027;0,0506;-0,1596;-0,0100;-0,0063;0,9871;;False
626,10;21.69;pa030​;20250612_123326;1;Marche2;0,0250;1,4028;0,0511;-0,1611;-0,0094;-0,0062;0,9869;;False
626,11;21.71;pa030​;20250612_123326;1;Marche2;0,0250;1,4032;0,0515;-0,1635;-0,0085;-0,0061;0,9865;;False
626,12;21.72;pa030​;20250612_123326;1;Marche2;0,0250;1,4039;0,0518;-0,1666;-0,0078;-0,0059;0,9860;;False
626,14;21.74;pa030​;20250612_123326;1;Marche2;0,0250;1,4047;0,0521;-0,1716;-0,0069;-0,0057;0,9851;;False
626,15;21.75;pa030​;20250612_123326;1;Marche2;0,0250;1,4054;0,0524;-0,1755;-0,0056;-0,0054;0,9845;;False
626,17;21.76;pa030​;20250612_123326;1;Marche2;0,0250;1,4057;0,0523;-0,1794;-0,0042;-0,0051;0,9838;;False
626,18;21.78;pa030​;20250612_123326;1;Marche2;0,0250;1,4058;0,0524;-0,1798;-0,0024;-0,0043;0,9837;;False
626,19;21.79;pa030​;20250612_123326;1;Marche2;0,0249;1,4059;0,0525;-0,1805;-0,0011;-0,0036;0,9836;;False
626,21;21.8;pa030​;20250612_123326;1;Marche2;0,0247;1,4061;0,0524;-0,1815;-0,0001;-0,0035;0,9834;;False
626,22;21.82;pa030​;20250612_123326;1;Marche2;0,0245;1,4065;0,0525;-0,1830;-0,0002;-0,0031;0,9831;;False
626,24;21.83;pa030​;20250612_123326;1;Marche2;0,0243;1,4067;0,0525;-0,1850;-0,0001;-0,0025;0,9827;;False
626,25;21.85;pa030​;20250612_123326;1;Marche2;0,0240;1,4069;0,0526;-0,1858;-0,0004;-0,0021;0,9826;;False
626,26;21.86;pa030​;20250612_123326;1;Marche2;0,0237;1,4070;0,0526;-0,1861;-0,0006;-0,0014;0,9825;;False
626,28;21.88;pa030​;20250612_123326;1;Marche2;0,0233;1,4072;0,0526;-0,1859;-0,0011;-0,0009;0,9826;;False
626,29;21.89;pa030​;20250612_123326;1;Marche2;0,0230;1,4072;0,0527;-0,1861;-0,0017;-0,0007;0,9825;;False
626,31;21.9;pa030​;20250612_123326;1;Marche2;0,0228;1,4072;0,0528;-0,1857;-0,0023;-0,0006;0,9826;;False
626,32;21.92;pa030​;20250612_123326;1;Marche2;0,0225;1,4072;0,0529;-0,1853;-0,0028;-0,0010;0,9827;;False
626,33;21.93;pa030​;20250612_123326;1;Marche2;0,0223;1,4071;0,0529;-0,1852;-0,0032;-0,0013;0,9827;;False
626,35;21.94;pa030​;20250612_123326;1;Marche2;0,0221;1,4069;0,0529;-0,1849;-0,0034;-0,0016;0,9827;;False
626,36;21.96;pa030​;20250612_123326;1;Marche2;0,0220;1,4068;0,0530;-0,1844;-0,0032;-0,0023;0,9828;;False
626,37;21.97;pa030​;20250612_123326;1;Marche2;0,0218;1,4067;0,0530;-0,1842;-0,0034;-0,0028;0,9829;;False
626,39;21.99;pa030​;20250612_123326;1;Marche2;0,0217;1,4067;0,0531;-0,1846;-0,0036;-0,0028;0,9828;;False
626,40;22.0;pa030​;20250612_123326;1;Marche2;0,0215;1,4067;0,0533;-0,1848;-0,0038;-0,0024;0,9828;;False
626,42;22.01;pa030​;20250612_123326;1;Marche2;0,0214;1,4068;0,0535;-0,1857;-0,0040;-0,0025;0,9826;;False
626,43;22.03;pa030​;20250612_123326;1;Marche2;0,0213;1,4069;0,0536;-0,1862;-0,0038;-0,0025;0,9825;;False
626,44;22.04;pa030​;20250612_123326;1;Marche2;0,0211;1,4070;0,0539;-0,1869;-0,0034;-0,0025;0,9824;;False
626,46;22.06;pa030​;20250612_123326;1;Marche2;0,0208;1,4070;0,0541;-0,1868;-0,0028;-0,0023;0,9824;;False
626,47;22.07;pa030​;20250612_123326;1;Marche2;0,0207;1,4070;0,0544;-0,1865;-0,0026;-0,0020;0,9824;;False
626,49;22.08;pa030​;20250612_123326;1;Marche2;0,0206;1,4069;0,0548;-0,1854;-0,0023;-0,0020;0,9827;;False
626,50;22.1;pa030​;20250612_123326;1;Marche2;0,0205;1,4070;0,0553;-0,1851;-0,0022;-0,0021;0,9827;;False
626,51;22.11;pa030​;20250612_123326;1;Marche2;0,0204;1,4069;0,0557;-0,1852;-0,0024;-0,0023;0,9827;;False
626,53;22.13;pa030​;20250612_123326;1;Marche2;0,0203;1,4067;0,0560;-0,1842;-0,0023;-0,0027;0,9829;;False
626,54;22.14;pa030​;20250612_123326;1;Marche2;0,0202;1,4066;0,0563;-0,1827;-0,0026;-0,0031;0,9832;;False
626,56;22.15;pa030​;20250612_123326;1;Marche2;0,0200;1,4067;0,0567;-0,1823;-0,0030;-0,0032;0,9832;;False
626,57;22.17;pa030​;20250612_123326;1;Marche2;0,0197;1,4068;0,0572;-0,1827;-0,0036;-0,0035;0,9832;;False
626,58;22.18;pa030​;20250612_123326;1;Marche2;0,0194;1,4068;0,0576;-0,1841;-0,0046;-0,0044;0,9829;;False
626,60;22.19;pa030​;20250612_123326;1;Marche2;0,0190;1,4069;0,0579;-0,1851;-0,0060;-0,0053;0,9827;;False
626,61;22.21;pa030​;20250612_123326;1;Marche2;0,0187;1,4067;0,0580;-0,1851;-0,0080;-0,0051;0,9827;;False
626,62;22.22;pa030​;20250612_123326;1;Marche2;0,0182;1,4065;0,0584;-0,1837;-0,0105;-0,0045;0,9829;;False
626,64;22.24;pa030​;20250612_123326;1;Marche2;0,0175;1,4065;0,0585;-0,1832;-0,0137;-0,0048;0,9830;;False
626,65;22.25;pa030​;20250612_123326;1;Marche2;0,0169;1,4066;0,0587;-0,1831;-0,0169;-0,0048;0,9829;;False
626,67;22.26;pa030​;20250612_123326;1;Marche2;0,0165;1,4067;0,0590;-0,1843;-0,0198;-0,0046;0,9827;;False
626,68;22.28;pa030​;20250612_123326;1;Marche2;0,0160;1,4067;0,0590;-0,1843;-0,0214;-0,0044;0,9826;;False
626,69;22.29;pa030​;20250612_123326;1;Marche2;0,0156;1,4065;0,0591;-0,1838;-0,0227;-0,0039;0,9827;;False
626,71;22.31;pa030​;20250612_123326;1;Marche2;0,0153;1,4061;0,0592;-0,1820;-0,0233;-0,0031;0,9830;;False
626,72;22.32;pa030​;20250612_123326;1;Marche2;0,0152;1,4057;0,0595;-0,1803;-0,0234;-0,0027;0,9833;;False
626,74;22.33;pa030​;20250612_123326;1;Marche2;0,0151;1,4058;0,0598;-0,1792;-0,0230;-0,0024;0,9835;;False
626,75;22.35;pa030​;20250612_123326;1;Marche2;0,0152;1,4059;0,0600;-0,1798;-0,0225;-0,0024;0,9835;;False
626,76;22.36;pa030​;20250612_123326;1;Marche2;0,0151;1,4058;0,0603;-0,1811;-0,0216;-0,0027;0,9832;;False
626,78;22.37;pa030​;20250612_123326;1;Marche2;0,0154;1,4060;0,0604;-0,1826;-0,0199;-0,0031;0,9830;;False
626,79;22.39;pa030​;20250612_123326;1;Marche2;0,0158;1,4061;0,0605;-0,1816;-0,0186;-0,0030;0,9832;;False
626,81;22.4;pa030​;20250612_123326;1;Marche2;0,0162;1,4063;0,0605;-0,1828;-0,0174;-0,0030;0,9830;;False
626,82;22.42;pa030​;20250612_123326;1;Marche2;0,0165;1,4070;0,0604;-0,1854;-0,0163;-0,0032;0,9825;;False
626,83;22.43;pa030​;20250612_123326;1;Marche2;0,0169;1,4076;0,0605;-0,1911;-0,0151;-0,0034;0,9814;;False
626,85;22.44;pa030​;20250612_123326;1;Marche2;0,0174;1,4081;0,0603;-0,1925;-0,0136;-0,0035;0,9812;;False
626,86;22.46;pa030​;20250612_123326;1;Marche2;0,0179;1,4078;0,0603;-0,1934;-0,0121;-0,0040;0,9810;;False
626,88;22.47;pa030​;20250612_123326;1;Marche2;0,0185;1,4078;0,0601;-0,1922;-0,0103;-0,0044;0,9813;;False
626,89;22.49;pa030​;20250612_123326;1;Marche2;0,0191;1,4079;0,0600;-0,1920;-0,0082;-0,0048;0,9814;;False
626,90;22.5;pa030​;20250612_123326;1;Marche2;0,0200;1,4082;0,0598;-0,1935;-0,0051;-0,0058;0,9811;;False
626,92;22.51;pa030​;20250612_123326;1;Marche2;0,0210;1,4085;0,0596;-0,1937;-0,0011;-0,0064;0,9810;;False
626,93;22.53;pa030​;20250612_123326;1;Marche2;0,0221;1,4086;0,0592;-0,1966;0,0042;-0,0076;0,9804;;False
626,95;22.54;pa030​;20250612_123326;1;Marche2;0,0236;1,4087;0,0589;-0,1968;0,0108;-0,0080;0,9804;;False
626,96;22.56;pa030​;20250612_123326;1;Marche2;0,0251;1,4088;0,0586;-0,1973;0,0188;-0,0089;0,9801;;False
626,97;22.57;pa030​;20250612_123326;1;Marche2;0,0267;1,4090;0,0583;-0,1990;0,0270;-0,0101;0,9796;;False
626,99;22.58;pa030​;20250612_123326;1;Marche2;0,0285;1,4095;0,0580;-0,2015;0,0360;-0,0111;0,9788;;False
627,00;22.6;pa030​;20250612_123326;1;Marche2;0,0304;1,4098;0,0576;-0,2040;0,0453;-0,0120;0,9778;;False
627,01;22.61;pa030​;20250612_123326;1;Marche2;0,0321;1,4097;0,0572;-0,2047;0,0551;-0,0125;0,9772;;False
627,03;22.62;pa030​;20250612_123326;1;Marche2;0,0339;1,4096;0,0568;-0,2043;0,0639;-0,0130;0,9767;;False
627,04;22.64;pa030​;20250612_123326;1;Marche2;0,0354;1,4097;0,0565;-0,2045;0,0721;-0,0134;0,9761;;False
627,06;22.65;pa030​;20250612_123326;1;Marche2;0,0367;1,4098;0,0563;-0,2053;0,0788;-0,0135;0,9754;;False
627,07;22.67;pa030​;20250612_123326;1;Marche2;0,0379;1,4097;0,0561;-0,2056;0,0834;-0,0131;0,9750;;False
627,08;22.68;pa030​;20250612_123326;1;Marche2;0,0386;1,4097;0,0559;-0,2060;0,0861;-0,0134;0,9747;;False
627,10;22.69;pa030​;20250612_123326;1;Marche2;0,0391;1,4099;0,0556;-0,2066;0,0876;-0,0146;0,9744;;False
627,11;22.71;pa030​;20250612_123326;1;Marche2;0,0398;1,4103;0,0553;-0,2078;0,0881;-0,0151;0,9741;;False
627,13;22.72;pa030​;20250612_123326;1;Marche2;0,0403;1,4106;0,0550;-0,2099;0,0881;-0,0157;0,9736;;False
627,14;22.74;pa030​;20250612_123326;1;Marche2;0,0407;1,4108;0,0547;-0,2117;0,0879;-0,0163;0,9732;;False
627,15;22.75;pa030​;20250612_123326;1;Marche2;0,0411;1,4110;0,0544;-0,2127;0,0874;-0,0166;0,9731;;False
627,17;22.76;pa030​;20250612_123326;1;Marche2;0,0414;1,4110;0,0541;-0,2131;0,0870;-0,0169;0,9730;;False
627,18;22.78;pa030​;20250612_123326;1;Marche2;0,0418;1,4110;0,0539;-0,2132;0,0868;-0,0171;0,9730;;False
627,20;22.79;pa030​;20250612_123326;1;Marche2;0,0422;1,4111;0,0538;-0,2136;0,0866;-0,0172;0,9729;;False
627,21;22.81;pa030​;20250612_123326;1;Marche2;0,0426;1,4111;0,0536;-0,2140;0,0864;-0,0171;0,9728;;False
627,22;22.82;pa030​;20250612_123326;1;Marche2;0,0428;1,4111;0,0535;-0,2142;0,0866;-0,0173;0,9728;;False
627,24;22.83;pa030​;20250612_123326;1;Marche2;0,0431;1,4112;0,0534;-0,2141;0,0865;-0,0178;0,9728;;False
627,25;22.85;pa030​;20250612_123326;1;Marche2;0,0434;1,4111;0,0533;-0,2141;0,0865;-0,0179;0,9728;;False
627,26;22.86;pa030​;20250612_123326;1;Marche2;0,0436;1,4111;0,0532;-0,2139;0,0866;-0,0180;0,9728;;False
627,28;22.88;pa030​;20250612_123326;1;Marche2;0,0439;1,4110;0,0532;-0,2134;0,0866;-0,0182;0,9730;;False
627,29;22.89;pa030​;20250612_123326;1;Marche2;0,0439;1,4108;0,0533;-0,2124;0,0862;-0,0187;0,9732;;False
627,31;22.9;pa030​;20250612_123326;1;Marche2;0,0440;1,4105;0,0534;-0,2109;0,0855;-0,0187;0,9736;;False
627,32;22.92;pa030​;20250612_123326;1;Marche2;0,0440;1,4102;0,0537;-0,2090;0,0845;-0,0184;0,9741;;False
627,33;22.93;pa030​;20250612_123326;1;Marche2;0,0439;1,4098;0,0542;-0,2071;0,0836;-0,0184;0,9746;;False
627,35;22.95;pa030​;20250612_123326;1;Marche2;0,0439;1,4095;0,0545;-0,2052;0,0825;-0,0183;0,9751;;False
627,36;22.96;pa030​;20250612_123326;1;Marche2;0,0439;1,4093;0,0549;-0,2034;0,0815;-0,0183;0,9755;;False
627,38;22.97;pa030​;20250612_123326;1;Marche2;0,0439;1,4091;0,0553;-0,2016;0,0803;-0,0186;0,9760;;False
627,39;22.99;pa030​;20250612_123326;1;Marche2;0,0438;1,4088;0,0558;-0,1999;0,0788;-0,0187;0,9765;;False
627,40;23.0;pa030​;20250612_123326;1;Marche2;0,0436;1,4084;0,0562;-0,1979;0,0762;-0,0193;0,9771;;False
627,42;23.01;pa030​;20250612_123326;1;Marche2;0,0431;1,4081;0,0567;-0,1964;0,0725;-0,0199;0,9776;;False
627,43;23.03;pa030​;20250612_123326;1;Marche2;0,0425;1,4079;0,0572;-0,1960;0,0666;-0,0206;0,9781;;False
627,44;23.04;pa030​;20250612_123326;1;Marche2;0,0417;1,4079;0,0579;-0,1954;0,0599;-0,0201;0,9787;;False
627,46;23.06;pa030​;20250612_123326;1;Marche2;0,0408;1,4077;0,0585;-0,1949;0,0521;-0,0212;0,9792;;False
627,47;23.07;pa030​;20250612_123326;1;Marche2;0,0400;1,4076;0,0591;-0,1925;0,0446;-0,0210;0,9801;;False
627,49;23.08;pa030​;20250612_123326;1;Marche2;0,0391;1,4073;0,0598;-0,1910;0,0377;-0,0211;0,9806;;False
627,50;23.1;pa030​;20250612_123326;1;Marche2;0,0384;1,4073;0,0603;-0,1902;0,0314;-0,0215;0,9810;;False
627,51;23.11;pa030​;20250612_123326;1;Marche2;0,0378;1,4074;0,0608;-0,1898;0,0266;-0,0213;0,9812;;False
627,53;23.12;pa030​;20250612_123326;1;Marche2;0,0374;1,4073;0,0613;-0,1893;0,0226;-0,0217;0,9814;;False
627,54;23.14;pa030​;20250612_123326;1;Marche2;0,0373;1,4071;0,0616;-0,1882;0,0213;-0,0224;0,9816;;False
627,56;23.15;pa030​;20250612_123326;1;Marche2;0,0375;1,4067;0,0620;-0,1875;0,0213;-0,0231;0,9818;;False
627,57;23.17;pa030​;20250612_123326;1;Marche2;0,0378;1,4066;0,0624;-0,1862;0,0228;-0,0231;0,9820;;False
627,58;23.18;pa030​;20250612_123326;1;Marche2;0,0381;1,4063;0,0627;-0,1855;0,0250;-0,0227;0,9821;;False
627,60;23.19;pa030​;20250612_123326;1;Marche2;0,0386;1,4061;0,0631;-0,1846;0,0280;-0,0226;0,9822;;False
627,61;23.21;pa030​;20250612_123326;1;Marche2;0,0391;1,4057;0,0635;-0,1834;0,0318;-0,0223;0,9823;;False
627,63;23.22;pa030​;20250612_123326;1;Marche2;0,0397;1,4054;0,0638;-0,1824;0,0353;-0,0219;0,9823;;False
627,64;23.24;pa030​;20250612_123326;1;Marche2;0,0401;1,4052;0,0640;-0,1819;0,0389;-0,0223;0,9823;;False
627,65;23.25;pa030​;20250612_123326;1;Marche2;0,0406;1,4052;0,0643;-0,1819;0,0416;-0,0220;0,9822;;False
627,67;23.26;pa030​;20250612_123326;1;Marche2;0,0409;1,4053;0,0646;-0,1821;0,0434;-0,0209;0,9821;;False
627,68;23.28;pa030​;20250612_123326;1;Marche2;0,0408;1,4052;0,0650;-0,1823;0,0437;-0,0205;0,9821;;False
627,69;23.29;pa030​;20250612_123326;1;Marche2;0,0405;1,4054;0,0653;-0,1829;0,0413;-0,0210;0,9820;;False
627,71;23.31;pa030​;20250612_123326;1;Marche2;0,0400;1,4056;0,0658;-0,1846;0,0365;-0,0215;0,9819;;False
627,72;23.32;pa030​;20250612_123326;1;Marche2;0,0393;1,4056;0,0661;-0,1854;0,0308;-0,0217;0,9819;;False
627,74;23.33;pa030​;20250612_123326;1;Marche2;0,0385;1,4052;0,0665;-0,1836;0,0257;-0,0231;0,9824;;False
627,75;23.35;pa030​;20250612_123326;1;Marche2;0,0380;1,4047;0,0668;-0,1812;0,0213;-0,0242;0,9829;;False
627,76;23.36;pa030​;20250612_123326;1;Marche2;0,0378;1,4044;0,0672;-0,1793;0,0186;-0,0245;0,9833;;False
627,78;23.38;pa030​;20250612_123326;1;Marche2;0,0378;1,4043;0,0676;-0,1782;0,0186;-0,0237;0,9835;;False
627,79;23.39;pa030​;20250612_123326;1;Marche2;0,0382;1,4044;0,0680;-0,1782;0,0215;-0,0229;0,9835;;False
627,81;23.4;pa030​;20250612_123326;1;Marche2;0,0388;1,4043;0,0682;-0,1790;0,0263;-0,0226;0,9832;;False
627,82;23.42;pa030​;20250612_123326;1;Marche2;0,0395;1,4043;0,0684;-0,1794;0,0317;-0,0225;0,9830;;False
627,83;23.43;pa030​;20250612_123326;1;Marche2;0,0401;1,4042;0,0686;-0,1800;0,0378;-0,0213;0,9827;;False
627,85;23.44;pa030​;20250612_123326;1;Marche2;0,0408;1,4042;0,0688;-0,1811;0,0439;-0,0203;0,9823;;False
627,86;23.46;pa030​;20250612_123326;1;Marche2;0,0414;1,4042;0,0691;-0,1817;0,0491;-0,0189;0,9819;;False
627,88;23.47;pa030​;20250612_123326;1;Marche2;0,0417;1,4042;0,0694;-0,1824;0,0523;-0,0169;0,9817;;False
627,89;23.49;pa030​;20250612_123326;1;Marche2;0,0416;1,4042;0,0698;-0,1823;0,0535;-0,0162;0,9817;;False
627,90;23.5;pa030​;20250612_123326;1;Marche2;0,0412;1,4042;0,0702;-0,1811;0,0524;-0,0158;0,9819;;False
627,92;23.51;pa030​;20250612_123326;1;Marche2;0,0407;1,4040;0,0708;-0,1803;0,0483;-0,0153;0,9823;;False
627,93;23.53;pa030​;20250612_123326;1;Marche2;0,0401;1,4038;0,0713;-0,1789;0,0435;-0,0156;0,9828;;False
627,95;23.54;pa030​;20250612_123326;1;Marche2;0,0395;1,4036;0,0716;-0,1778;0,0388;-0,0164;0,9832;;False
627,96;23.56;pa030​;20250612_123326;1;Marche2;0,0391;1,4035;0,0719;-0,1764;0,0347;-0,0172;0,9836;;False
627,97;23.57;pa030​;20250612_123326;1;Marche2;0,0390;1,4033;0,0722;-0,1763;0,0315;-0,0175;0,9837;;False
627,99;23.58;pa030​;20250612_123326;1;Marche2;0,0390;1,4033;0,0724;-0,1752;0,0308;-0,0175;0,9839;;False
628,00;23.6;pa030​;20250612_123326;1;Marche2;0,0393;1,4035;0,0724;-0,1751;0,0314;-0,0185;0,9839;;False
628,01;23.61;pa030​;20250612_123326;1;Marche2;0,0391;1,4034;0,0727;-0,1764;0,0329;-0,0183;0,9836;;False
628,03;23.63;pa030​;20250612_123326;1;Marche2;0,0397;1,4038;0,0728;-0,1787;0,0352;-0,0176;0,9831;;False
628,04;23.64;pa030​;20250612_123326;1;Marche2;0,0406;1,4043;0,0727;-0,1805;0,0375;-0,0180;0,9827;;False
628,06;23.65;pa030​;20250612_123326;1;Marche2;0,0410;1,4044;0,0728;-0,1821;0,0392;-0,0187;0,9823;;False
628,07;23.67;pa030​;20250612_123326;1;Marche2;0,0413;1,4046;0,0729;-0,1828;0,0400;-0,0190;0,9822;;False
628,08;23.68;pa030​;20250612_123326;1;Marche2;0,0414;1,4048;0,0731;-0,1837;0,0399;-0,0195;0,9820;;False
628,10;23.69;pa030​;20250612_123326;1;Marche2;0,0413;1,4050;0,0735;-0,1847;0,0384;-0,0197;0,9818;;False
628,11;23.71;pa030​;20250612_123326;1;Marche2;0,0414;1,4052;0,0738;-0,1855;0,0357;-0,0197;0,9818;;False
628,13;23.72;pa030​;20250612_123326;1;Marche2;0,0410;1,4054;0,0740;-0,1863;0,0319;-0,0197;0,9818;;False
628,14;23.74;pa030​;20250612_123326;1;Marche2;0,0400;1,4056;0,0743;-0,1878;0,0270;-0,0196;0,9816;;False
628,15;23.75;pa030​;20250612_123326;1;Marche2;0,0395;1,4058;0,0744;-0,1887;0,0224;-0,0199;0,9816;;False
628,17;23.76;pa030​;20250612_123326;1;Marche2;0,0390;1,4058;0,0746;-0,1894;0,0184;-0,0201;0,9815;;False
628,18;23.78;pa030​;20250612_123326;1;Marche2;0,0386;1,4061;0,0747;-0,1899;0,0156;-0,0203;0,9815;;False
628,20;23.79;pa030​;20250612_123326;1;Marche2;0,0385;1,4064;0,0748;-0,1911;0,0139;-0,0197;0,9813;;False
628,21;23.81;pa030​;20250612_123326;1;Marche2;0,0385;1,4065;0,0750;-0,1930;0,0129;-0,0192;0,9809;;False
628,22;23.82;pa030​;20250612_123326;1;Marche2;0,0384;1,4068;0,0751;-0,1952;0,0134;-0,0182;0,9805;;False
628,24;23.83;pa030​;20250612_123326;1;Marche2;0,0382;1,4069;0,0752;-0,1967;0,0137;-0,0173;0,9802;;False
628,25;23.85;pa030​;20250612_123326;1;Marche2;0,0381;1,4071;0,0753;-0,1979;0,0145;-0,0167;0,9800;;False
628,26;23.86;pa030​;20250612_123326;1;Marche2;0,0381;1,4073;0,0753;-0,1989;0,0164;-0,0156;0,9798;;False
628,28;23.88;pa030​;20250612_123326;1;Marche2;0,0383;1,4074;0,0753;-0,2000;0,0186;-0,0142;0,9795;;False
628,29;23.89;pa030​;20250612_123326;1;Marche2;0,0385;1,4076;0,0753;-0,2016;0,0197;-0,0131;0,9792;;False
628,31;23.9;pa030​;20250612_123326;1;Marche2;0,0384;1,4078;0,0754;-0,2028;0,0201;-0,0126;0,9789;;False
628,32;23.92;pa030​;20250612_123326;1;Marche2;0,0382;1,4080;0,0754;-0,2041;0,0194;-0,0122;0,9787;;False
628,33;23.93;pa030​;20250612_123326;1;Marche2;0,0379;1,4082;0,0753;-0,2053;0,0187;-0,0120;0,9785;;False
628,35;23.94;pa030​;20250612_123326;1;Marche2;0,0375;1,4083;0,0752;-0,2061;0,0184;-0,0114;0,9783;;False
628,36;23.96;pa030​;20250612_123326;1;Marche2;0,0369;1,4085;0,0749;-0,2078;0,0181;-0,0101;0,9780;;False
628,38;23.97;pa030​;20250612_123326;1;Marche2;0,0364;1,4087;0,0747;-0,2091;0,0179;-0,0087;0,9777;;False
628,39;23.99;pa030​;20250612_123326;1;Marche2;0,0360;1,4089;0,0746;-0,2100;0,0178;-0,0072;0,9775;;False
628,40;24.0;pa030​;20250612_123326;1;Marche2;0,0357;1,4089;0,0745;-0,2108;0,0178;-0,0062;0,9773;;False
628,42;24.01;pa030​;20250612_123326;1;Marche2;0,0355;1,4089;0,0743;-0,2109;0,0179;-0,0054;0,9773;;False
628,43;24.03;pa030​;20250612_123326;1;Marche2;0,0355;1,4088;0,0740;-0,2102;0,0186;-0,0047;0,9775;;False
628,44;24.04;pa030​;20250612_123326;1;Marche2;0,0354;1,4087;0,0737;-0,2094;0,0200;-0,0041;0,9776;;False
628,46;24.06;pa030​;20250612_123326;1;Marche2;0,0354;1,4087;0,0735;-0,2095;0,0217;-0,0036;0,9776;;False
628,47;24.07;pa030​;20250612_123326;1;Marche2;0,0354;1,4088;0,0731;-0,2098;0,0233;-0,0033;0,9775;;False
628,49;24.08;pa030​;20250612_123326;1;Marche2;0,0354;1,4088;0,0728;-0,2099;0,0247;-0,0033;0,9774;;False
628,50;24.1;pa030​;20250612_123326;1;Marche2;0,0353;1,4087;0,0725;-0,2096;0,0260;-0,0032;0,9774;;False
628,52;24.11;pa030​;20250612_123326;1;Marche2;0,0352;1,4086;0,0722;-0,2092;0,0265;-0,0035;0,9775;;False
628,53;24.12;pa030​;20250612_123326;1;Marche2;0,0350;1,4084;0,0719;-0,2081;0,0264;-0,0045;0,9777;;False
628,54;24.14;pa030​;20250612_123326;1;Marche2;0,0348;1,4083;0,0717;-0,2068;0,0254;-0,0054;0,9780;;False
628,56;24.15;pa030​;20250612_123326;1;Marche2;0,0345;1,4081;0,0716;-0,2057;0,0238;-0,0062;0,9783;;False
628,57;24.17;pa030​;20250612_123326;1;Marche2;0,0343;1,4080;0,0715;-0,2046;0,0223;-0,0068;0,9786;;False
628,58;24.18;pa030​;20250612_123326;1;Marche2;0,0341;1,4078;0,0715;-0,2036;0,0211;-0,0068;0,9788;;False
628,60;24.19;pa030​;20250612_123326;1;Marche2;0,0340;1,4077;0,0714;-0,2031;0,0202;-0,0067;0,9789;;False
628,61;24.21;pa030​;20250612_123326;1;Marche2;0,0338;1,4077;0,0712;-0,2028;0,0199;-0,0064;0,9790;;False
628,63;24.22;pa030​;20250612_123326;1;Marche2;0,0336;1,4076;0,0710;-0,2029;0,0198;-0,0061;0,9790;;False
628,64;24.24;pa030​;20250612_123326;1;Marche2;0,0335;1,4076;0,0709;-0,2030;0,0199;-0,0060;0,9789;;False
628,65;24.25;pa030​;20250612_123326;1;Marche2;0,0335;1,4075;0,0707;-0,2027;0,0202;-0,0063;0,9790;;False
628,67;24.26;pa030​;20250612_123326;1;Marche2;0,0334;1,4073;0,0705;-0,2019;0,0204;-0,0063;0,9792;;False
628,68;24.28;pa030​;20250612_123326;1;Marche2;0,0334;1,4072;0,0703;-0,2010;0,0204;-0,0064;0,9794;;False
628,70;24.29;pa030​;20250612_123326;1;Marche2;0,0333;1,4070;0,0701;-0,2004;0,0202;-0,0065;0,9795;;False
628,71;24.31;pa030​;20250612_123326;1;Marche2;0,0332;1,4069;0,0699;-0,2001;0,0201;-0,0067;0,9795;;False
628,72;24.32;pa030​;20250612_123326;1;Marche2;0,0330;1,4068;0,0697;-0,2001;0,0199;-0,0067;0,9796;;False
628,74;24.33;pa030​;20250612_123326;1;Marche2;0,0327;1,4070;0,0694;-0,2001;0,0197;-0,0067;0,9796;;False
628,75;24.35;pa030​;20250612_123326;1;Marche2;0,0326;1,4070;0,0692;-0,2002;0,0193;-0,0068;0,9795;;False
628,76;24.36;pa030​;20250612_123326;1;Marche2;0,0325;1,4070;0,0689;-0,2003;0,0187;-0,0070;0,9795;;False
628,78;24.38;pa030​;20250612_123326;1;Marche2;0,0326;1,4071;0,0685;-0,2005;0,0176;-0,0077;0,9795;;False
628,79;24.39;pa030​;20250612_123326;1;Marche2;0,0328;1,4072;0,0681;-0,2006;0,0161;-0,0088;0,9795;;False
628,81;24.4;pa030​;20250612_123326;1;Marche2;0,0330;1,4072;0,0677;-0,2006;0,0148;-0,0102;0,9795;;False
628,82;24.42;pa030​;20250612_123326;1;Marche2;0,0332;1,4073;0,0673;-0,2006;0,0140;-0,0130;0,9795;;False
628,83;24.43;pa030​;20250612_123326;1;Marche2;0,0333;1,4074;0,0670;-0,2010;0,0132;-0,0151;0,9794;;False
628,85;24.45;pa030​;20250612_123326;1;Marche2;0,0334;1,4076;0,0668;-0,2019;0,0125;-0,0161;0,9792;;False
628,86;24.46;pa030​;20250612_123326;1;Marche2;0,0334;1,4078;0,0665;-0,2027;0,0123;-0,0161;0,9790;;False
628,88;24.47;pa030​;20250612_123326;1;Marche2;0,0333;1,4078;0,0663;-0,2032;0,0121;-0,0158;0,9789;;False
628,89;24.49;pa030​;20250612_123326;1;Marche2;0,0333;1,4079;0,0660;-0,2029;0,0125;-0,0151;0,9790;;False
628,90;24.5;pa030​;20250612_123326;1;Marche2;0,0332;1,4077;0,0659;-0,2022;0,0134;-0,0145;0,9791;;False
628,92;24.51;pa030​;20250612_123326;1;Marche2;0,0331;1,4074;0,0658;-0,2007;0,0151;-0,0136;0,9794;;False
628,93;24.53;pa030​;20250612_123326;1;Marche2;0,0330;1,4070;0,0656;-0,1987;0,0167;-0,0129;0,9798;;False
628,95;24.54;pa030​;20250612_123326;1;Marche2;0,0327;1,4064;0,0655;-0,1968;0,0182;-0,0124;0,9802;;False
628,96;24.56;pa030​;20250612_123326;1;Marche2;0,0324;1,4060;0,0652;-0,1950;0,0190;-0,0121;0,9805;;False
628,97;24.57;pa030​;20250612_123326;1;Marche2;0,0319;1,4058;0,0649;-0,1937;0,0195;-0,0118;0,9808;;False
628,99;24.58;pa030​;20250612_123326;1;Marche2;0,0312;1,4057;0,0644;-0,1932;0,0193;-0,0117;0,9809;;False
629,00;24.6;pa030​;20250612_123326;1;Marche2;0,0305;1,4056;0,0639;-0,1932;0,0186;-0,0117;0,9809;;False
629,01;24.61;pa030​;20250612_123326;1;Marche2;0,0297;1,4056;0,0632;-0,1933;0,0178;-0,0111;0,9809;;False
629,03;24.63;pa030​;20250612_123326;1;Marche2;0,0288;1,4057;0,0625;-0,1941;0,0166;-0,0102;0,9808;;False
629,04;24.64;pa030​;20250612_123326;1;Marche2;0,0280;1,4057;0,0619;-0,1949;0,0150;-0,0095;0,9807;;False
629,06;24.65;pa030​;20250612_123326;1;Marche2;0,0272;1,4056;0,0613;-0,1952;0,0136;-0,0089;0,9806;;False
629,07;24.67;pa030​;20250612_123326;1;Marche2;0,0266;1,4054;0,0606;-0,1951;0,0120;-0,0081;0,9807;;False
629,08;24.68;pa030​;20250612_123326;1;Marche2;0,0260;1,4053;0,0600;-0,1947;0,0106;-0,0075;0,9808;;False
629,10;24.7;pa030​;20250612_123326;1;Marche2;0,0255;1,4054;0,0595;-0,1948;0,0096;-0,0074;0,9808;;False
629,11;24.71;pa030​;20250612_123326;1;Marche2;0,0252;1,4054;0,0590;-0,1953;0,0087;-0,0078;0,9807;;False
629,13;24.72;pa030​;20250612_123326;1;Marche2;0,0248;1,4055;0,0586;-0,1957;0,0083;-0,0084;0,9806;;False
629,14;24.74;pa030​;20250612_123326;1;Marche2;0,0246;1,4054;0,0583;-0,1960;0,0079;-0,0093;0,9805;;False
629,15;24.75;pa030​;20250612_123326;1;Marche2;0,0243;1,4052;0,0580;-0,1957;0,0078;-0,0093;0,9806;;False
629,17;24.76;pa030​;20250612_123326;1;Marche2;0,0240;1,4050;0,0579;-0,1952;0,0075;-0,0086;0,9807;;False
629,18;24.78;pa030​;20250612_123326;1;Marche2;0,0238;1,4048;0,0579;-0,1942;0,0075;-0,0082;0,9809;;False
629,20;24.79;pa030​;20250612_123326;1;Marche2;0,0237;1,4045;0,0579;-0,1931;0,0079;-0,0075;0,9811;;False
629,21;24.81;pa030​;20250612_123326;1;Marche2;0,0237;1,4041;0,0579;-0,1920;0,0086;-0,0071;0,9813;;False
629,22;24.82;pa030​;20250612_123326;1;Marche2;0,0237;1,4037;0,0580;-0,1907;0,0093;-0,0062;0,9816;;False
629,24;24.83;pa030​;20250612_123326;1;Marche2;0,0237;1,4034;0,0581;-0,1893;0,0099;-0,0052;0,9819;;False
629,25;24.85;pa030​;20250612_123326;1;Marche2;0,0238;1,4031;0,0581;-0,1877;0,0103;-0,0046;0,9822;;False
629,26;24.86;pa030​;20250612_123326;1;Marche2;0,0239;1,4027;0,0581;-0,1858;0,0108;-0,0047;0,9825;;False
629,28;24.88;pa030​;20250612_123326;1;Marche2;0,0241;1,4024;0,0581;-0,1840;0,0111;-0,0049;0,9828;;False
629,29;24.89;pa030​;20250612_123326;1;Marche2;0,0242;1,4021;0,0580;-0,1822;0,0115;-0,0055;0,9832;;False
629,31;24.9;pa030​;20250612_123326;1;Marche2;0,0244;1,4016;0,0578;-0,1800;0,0121;-0,0065;0,9836;;False
629,32;24.92;pa030​;20250612_123326;1;Marche2;0,0246;1,4012;0,0577;-0,1775;0,0124;-0,0078;0,9840;;False
629,33;24.93;pa030​;20250612_123326;1;Marche2;0,0247;1,4007;0,0575;-0,1747;0,0129;-0,0089;0,9845;;False
629,35;24.94;pa030​;20250612_123326;1;Marche2;0,0248;1,4003;0,0574;-0,1718;0,0134;-0,0097;0,9850;;False
629,36;24.96;pa030​;20250612_123326;1;Marche2;0,0249;1,3999;0,0572;-0,1695;0,0143;-0,0105;0,9854;;False
629,38;24.97;pa030​;20250612_123326;1;Marche2;0,0251;1,3996;0,0570;-0,1681;0,0150;-0,0111;0,9856;;False
629,39;24.99;pa030​;20250612_123326;1;Marche2;0,0252;1,3994;0,0566;-0,1672;0,0162;-0,0116;0,9857;;False
629,40;25.0;pa030​;20250612_123326;1;Marche2;0,0254;1,3990;0,0563;-0,1661;0,0174;-0,0122;0,9859;;False
629,42;25.01;pa030​;20250612_123326;1;Marche2;0,0254;1,3986;0,0559;-0,1647;0,0188;-0,0130;0,9861;;False
629,43;25.03;pa030​;20250612_123326;1;Marche2;0,0254;1,3981;0,0555;-0,1631;0,0199;-0,0135;0,9863;;False
629,44;25.04;pa030​;20250612_123326;1;Marche2;0,0253;1,3978;0,0551;-0,1626;0,0208;-0,0136;0,9864;;False
629,46;25.06;pa030​;20250612_123326;1;Marche2;0,0250;1,3978;0,0546;-0,1626;0,0208;-0,0137;0,9864;;False
629,47;25.07;pa030​;20250612_123326;1;Marche2;0,0246;1,3977;0,0540;-0,1632;0,0206;-0,0142;0,9863;;False
629,49;25.08;pa030​;20250612_123326;1;Marche2;0,0242;1,3977;0,0534;-0,1638;0,0199;-0,0144;0,9862;;False
629,50;25.1;pa030​;20250612_123326;1;Marche2;0,0237;1,3977;0,0528;-0,1646;0,0190;-0,0141;0,9861;;False
629,52;25.11;pa030​;20250612_123326;1;Marche2;0,0233;1,3979;0,0523;-0,1654;0,0182;-0,0136;0,9860;;False
629,53;25.12;pa030​;20250612_123326;1;Marche2;0,0229;1,3980;0,0518;-0,1664;0,0174;-0,0128;0,9858;;False
629,54;25.14;pa030​;20250612_123326;1;Marche2;0,0225;1,3982;0,0513;-0,1674;0,0168;-0,0125;0,9857;;False
629,56;25.15;pa030​;20250612_123326;1;Marche2;0,0222;1,3984;0,0508;-0,1684;0,0162;-0,0124;0,9855;;False
629,57;25.17;pa030​;20250612_123326;1;Marche2;0,0220;1,3987;0,0503;-0,1694;0,0157;-0,0122;0,9854;;False
629,58;25.18;pa030​;20250612_123326;1;Marche2;0,0218;1,3990;0,0498;-0,1706;0,0154;-0,0125;0,9851;;False
629,60;25.19;pa030​;20250612_123326;1;Marche2;0,0215;1,3992;0,0494;-0,1716;0,0152;-0,0131;0,9850;;False
629,61;25.21;pa030​;20250612_123326;1;Marche2;0,0213;1,3994;0,0490;-0,1727;0,0152;-0,0135;0,9848;;False
629,63;25.22;pa030​;20250612_123326;1;Marche2;0,0212;1,3996;0,0487;-0,1734;0,0154;-0,0140;0,9846;;False
629,64;25.24;pa030​;20250612_123326;1;Marche2;0,0210;1,3997;0,0483;-0,1740;0,0158;-0,0141;0,9845;;False
629,65;25.25;pa030​;20250612_123326;1;Marche2;0,0208;1,3998;0,0480;-0,1745;0,0165;-0,0140;0,9844;;False
629,67;25.26;pa030​;20250612_123326;1;Marche2;0,0207;1,3999;0,0477;-0,1750;0,0175;-0,0142;0,9843;;False
629,68;25.28;pa030​;20250612_123326;1;Marche2;0,0205;1,3999;0,0473;-0,1753;0,0184;-0,0144;0,9842;;False
629,70;25.29;pa030​;20250612_123326;1;Marche2;0,0203;1,3999;0,0469;-0,1756;0,0193;-0,0143;0,9842;;False
629,71;25.31;pa030​;20250612_123326;1;Marche2;0,0201;1,3999;0,0465;-0,1758;0,0200;-0,0145;0,9841;;False
629,72;25.32;pa030​;20250612_123326;1;Marche2;0,0199;1,4000;0,0462;-0,1759;0,0208;-0,0147;0,9841;;False
629,74;25.33;pa030​;20250612_123326;1;Marche2;0,0197;1,4001;0,0458;-0,1764;0,0215;-0,0147;0,9840;;False
629,75;25.35;pa030​;20250612_123326;1;Marche2;0,0194;1,4002;0,0455;-0,1771;0,0219;-0,0147;0,9838;;False
629,76;25.36;pa030​;20250612_123326;1;Marche2;0,0191;1,4004;0,0451;-0,1781;0,0219;-0,0147;0,9837;;False
629,78;25.38;pa030​;20250612_123326;1;Marche2;0,0188;1,4006;0,0447;-0,1796;0,0218;-0,0147;0,9834;;False
629,79;25.39;pa030​;20250612_123326;1;Marche2;0,0185;1,4009;0,0442;-0,1815;0,0215;-0,0151;0,9830;;False
629,81;25.4;pa030​;20250612_123326;1;Marche2;0,0182;1,4013;0,0437;-0,1837;0,0218;-0,0157;0,9826;;False
629,82;25.42;pa030​;20250612_123326;1;Marche2;0,0181;1,4018;0,0431;-0,1866;0,0220;-0,0161;0,9821;;False
629,83;25.43;pa030​;20250612_123326;1;Marche2;0,0177;1,4024;0,0424;-0,1896;0,0223;-0,0159;0,9815;;False
629,85;25.44;pa030​;20250612_123326;1;Marche2;0,0174;1,4029;0,0418;-0,1928;0,0224;-0,0154;0,9809;;False
629,86;25.46;pa030​;20250612_123326;1;Marche2;0,0171;1,4035;0,0412;-0,1952;0,0223;-0,0149;0,9804;;False
629,88;25.47;pa030​;20250612_123326;1;Marche2;0,0168;1,4039;0,0406;-0,1975;0,0220;-0,0142;0,9800;;False
629,89;25.49;pa030​;20250612_123326;1;Marche2;0,0165;1,4043;0,0401;-0,1999;0,0219;-0,0136;0,9795;;False
629,90;25.5;pa030​;20250612_123326;1;Marche2;0,0162;1,4049;0,0394;-0,2031;0,0214;-0,0130;0,9788;;False
629,92;25.51;pa030​;20250612_123326;1;Marche2;0,0158;1,4056;0,0388;-0,2066;0,0211;-0,0127;0,9781;;False
629,93;25.53;pa030​;20250612_123326;1;Marche2;0,0154;1,4062;0,0381;-0,2101;0,0205;-0,0124;0,9774;;False
629,95;25.54;pa030​;20250612_123326;1;Marche2;0,0151;1,4066;0,0373;-0,2129;0,0198;-0,0123;0,9768;;False
629,96;25.56;pa030​;20250612_123326;1;Marche2;0,0147;1,4070;0,0366;-0,2150;0,0195;-0,0122;0,9763;;False
629,97;25.57;pa030​;20250612_123326;1;Marche2;0,0143;1,4073;0,0359;-0,2170;0,0190;-0,0119;0,9759;;False
629,99;25.58;pa030​;20250612_123326;1;Marche2;0,0138;1,4076;0,0354;-0,2189;0,0184;-0,0113;0,9755;;False
630,00;25.6;pa030​;20250612_123326;1;Marche2;0,0132;1,4082;0,0347;-0,2213;0,0178;-0,0106;0,9750;;False
630,01;25.61;pa030​;20250612_123326;1;Marche2;0,0127;1,4086;0,0341;-0,2241;0,0167;-0,0101;0,9744;;False
630,03;25.62;pa030​;20250612_123326;1;Marche2;0,0121;1,4091;0,0333;-0,2270;0,0157;-0,0095;0,9737;;False
630,04;25.64;pa030​;20250612_123326;1;Marche2;0,0114;1,4096;0,0324;-0,2299;0,0148;-0,0086;0,9731;;False
630,06;25.65;pa030​;20250612_123326;1;Marche2;0,0107;1,4103;0,0315;-0,2335;0,0136;-0,0079;0,9722;;False
630,07;25.67;pa030​;20250612_123326;1;Marche2;0,0099;1,4112;0,0304;-0,2378;0,0124;-0,0067;0,9712;;False
630,08;25.68;pa030​;20250612_123326;1;Marche2;0,0092;1,4121;0,0292;-0,2427;0,0114;-0,0057;0,9700;;False
630,10;25.69;pa030​;20250612_123326;1;Marche2;0,0085;1,4130;0,0279;-0,2479;0,0104;-0,0046;0,9687;;False
630,11;25.71;pa030​;20250612_123326;1;Marche2;0,0078;1,4139;0,0265;-0,2529;0,0095;-0,0031;0,9674;;False
630,12;25.72;pa030​;20250612_123326;1;Marche2;0,0070;1,4148;0,0251;-0,2574;0,0091;-0,0022;0,9663;;False
630,14;25.74;pa030​;20250612_123326;1;Marche2;0,0063;1,4155;0,0238;-0,2613;0,0079;-0,0014;0,9652;;False
630,15;25.75;pa030​;20250612_123326;1;Marche2;0,0055;1,4161;0,0224;-0,2647;0,0076;-0,0005;0,9643;;False
630,17;25.76;pa030​;20250612_123326;1;Marche2;0,0048;1,4167;0,0210;-0,2678;0,0066;-0,0001;0,9635;;False
630,18;25.78;pa030​;20250612_123326;1;Marche2;0,0043;1,4171;0,0197;-0,2704;0,0057;0,0002;0,9627;;False
630,20;25.79;pa030​;20250612_123326;1;Marche2;0,0035;1,4175;0,0184;-0,2720;0,0058;0,0006;0,9623;;False
630,21;25.8;pa030​;20250612_123326;1;Marche2;0,0029;1,4177;0,0173;-0,2731;0,0058;0,0011;0,9620;;False
630,22;25.82;pa030​;20250612_123326;1;Marche2;0,0022;1,4178;0,0164;-0,2736;0,0057;0,0015;0,9618;;False
630,24;25.83;pa030​;20250612_123326;1;Marche2;0,0016;1,4179;0,0155;-0,2738;0,0054;0,0020;0,9618;;False
630,25;25.85;pa030​;20250612_123326;1;Marche2;0,0009;1,4179;0,0146;-0,2734;0,0052;0,0023;0,9619;;False
630,26;25.86;pa030​;20250612_123326;1;Marche2;0,0003;1,4178;0,0139;-0,2730;0,0050;0,0025;0,9620;;False
630,28;25.88;pa030​;20250612_123326;1;Marche2;-0,0003;1,4176;0,0132;-0,2727;0,0050;0,0029;0,9621;;False
630,29;25.89;pa030​;20250612_123326;1;Marche2;-0,0009;1,4175;0,0125;-0,2725;0,0052;0,0034;0,9621;;False
630,31;25.9;pa030​;20250612_123326;1;Marche2;-0,0015;1,4174;0,0117;-0,2726;0,0052;0,0040;0,9621;;False
630,32;25.92;pa030​;20250612_123326;1;Marche2;-0,0022;1,4173;0,0110;-0,2728;0,0050;0,0045;0,9620;;False
630,33;25.93;pa030​;20250612_123326;1;Marche2;-0,0028;1,4173;0,0103;-0,2728;0,0044;0,0048;0,9621;;False
630,35;25.94;pa030​;20250612_123326;1;Marche2;-0,0034;1,4171;0,0096;-0,2728;0,0038;0,0051;0,9621;;False
630,36;25.96;pa030​;20250612_123326;1;Marche2;-0,0040;1,4170;0,0089;-0,2725;0,0031;0,0051;0,9621;;False
630,38;25.97;pa030​;20250612_123326;1;Marche2;-0,0046;1,4169;0,0082;-0,2727;0,0025;0,0049;0,9621;;False
630,39;25.99;pa030​;20250612_123326;1;Marche2;-0,0051;1,4167;0,0076;-0,2731;0,0019;0,0047;0,9620;;False
630,40;26.0;pa030​;20250612_123326;1;Marche2;-0,0056;1,4166;0,0071;-0,2735;0,0013;0,0049;0,9619;;False
630,42;26.01;pa030​;20250612_123326;1;Marche2;-0,0061;1,4165;0,0068;-0,2733;0,0008;0,0049;0,9619;;False
630,43;26.03;pa030​;20250612_123326;1;Marche2;-0,0066;1,4162;0,0065;-0,2728;0,0002;0,0047;0,9621;;False
630,44;26.04;pa030​;20250612_123326;1;Marche2;-0,0071;1,4160;0,0061;-0,2724;-0,0004;0,0047;0,9622;;False
630,46;26.05;pa030​;20250612_123326;1;Marche2;-0,0077;1,4159;0,0059;-0,2721;-0,0011;0,0049;0,9623;;False
630,47;26.07;pa030​;20250612_123326;1;Marche2;-0,0083;1,4158;0,0056;-0,2719;-0,0017;0,0053;0,9623;;False
630,49;26.08;pa030​;20250612_123326;1;Marche2;-0,0088;1,4156;0,0054;-0,2717;-0,0021;0,0054;0,9624;;False
630,50;26.1;pa030​;20250612_123326;1;Marche2;-0,0093;1,4154;0,0053;-0,2711;-0,0024;0,0054;0,9625;;False
630,51;26.11;pa030​;20250612_123326;1;Marche2;-0,0098;1,4152;0,0051;-0,2703;-0,0027;0,0055;0,9628;;False
630,53;26.12;pa030​;20250612_123326;1;Marche2;-0,0104;1,4151;0,0051;-0,2700;-0,0030;0,0055;0,9629;;False
630,54;26.14;pa030​;20250612_123326;1;Marche2;-0,0109;1,4152;0,0050;-0,2700;-0,0033;0,0058;0,9628;;False
630,56;26.15;pa030​;20250612_123326;1;Marche2;-0,0114;1,4153;0,0049;-0,2702;-0,0033;0,0060;0,9628;;False
630,57;26.17;pa030​;20250612_123326;1;Marche2;-0,0119;1,4153;0,0049;-0,2702;-0,0034;0,0062;0,9628;;False
630,58;26.18;pa030​;20250612_123326;1;Marche2;-0,0124;1,4153;0,0048;-0,2702;-0,0035;0,0064;0,9628;;False
630,60;26.19;pa030​;20250612_123326;1;Marche2;-0,0129;1,4154;0,0047;-0,2703;-0,0038;0,0065;0,9627;;False
630,61;26.21;pa030​;20250612_123326;1;Marche2;-0,0135;1,4155;0,0047;-0,2706;-0,0043;0,0068;0,9627;;False
630,63;26.22;pa030​;20250612_123326;1;Marche2;-0,0140;1,4155;0,0047;-0,2708;-0,0046;0,0070;0,9626;;False
630,64;26.24;pa030​;20250612_123326;1;Marche2;-0,0145;1,4155;0,0047;-0,2707;-0,0051;0,0070;0,9626;;False
630,65;26.25;pa030​;20250612_123326;1;Marche2;-0,0151;1,4155;0,0049;-0,2704;-0,0054;0,0073;0,9627;;False
630,67;26.26;pa030​;20250612_123326;1;Marche2;-0,0157;1,4156;0,0051;-0,2701;-0,0059;0,0075;0,9628;;False
630,68;26.28;pa030​;20250612_123326;1;Marche2;-0,0162;1,4155;0,0052;-0,2697;-0,0061;0,0079;0,9629;;False
630,69;26.29;pa030​;20250612_123326;1;Marche2;-0,0167;1,4154;0,0053;-0,2694;-0,0064;0,0082;0,9630;;False
630,71;26.31;pa030​;20250612_123326;1;Marche2;-0,0172;1,4153;0,0054;-0,2688;-0,0067;0,0085;0,9631;;False
630,72;26.32;pa030​;20250612_123326;1;Marche2;-0,0177;1,4153;0,0055;-0,2683;-0,0070;0,0086;0,9633;;False
630,74;26.33;pa030​;20250612_123326;1;Marche2;-0,0181;1,4152;0,0056;-0,2676;-0,0071;0,0089;0,9635;;False
630,75;26.35;pa030​;20250612_123326;1;Marche2;-0,0184;1,4151;0,0057;-0,2671;-0,0072;0,0089;0,9636;;False
630,76;26.36;pa030​;20250612_123326;1;Marche2;-0,0188;1,4150;0,0059;-0,2665;-0,0071;0,0088;0,9638;;False
630,78;26.37;pa030​;20250612_123326;1;Marche2;-0,0191;1,4149;0,0062;-0,2657;-0,0071;0,0088;0,9640;;False
630,79;26.39;pa030​;20250612_123326;1;Marche2;-0,0194;1,4147;0,0064;-0,2648;-0,0069;0,0086;0,9642;;False
630,81;26.4;pa030​;20250612_123326;1;Marche2;-0,0197;1,4144;0,0065;-0,2638;-0,0065;0,0084;0,9645;;False
630,82;26.42;pa030​;20250612_123326;1;Marche2;-0,0199;1,4142;0,0066;-0,2629;-0,0062;0,0083;0,9648;;False
630,83;26.43;pa030​;20250612_123326;1;Marche2;-0,0200;1,4140;0,0067;-0,2619;-0,0058;0,0082;0,9650;;False
630,85;26.44;pa030​;20250612_123326;1;Marche2;-0,0202;1,4136;0,0067;-0,2611;-0,0054;0,0081;0,9653;;False
630,86;26.46;pa030​;20250612_123326;1;Marche2;-0,0203;1,4134;0,0068;-0,2602;-0,0050;0,0078;0,9655;;False
630,88;26.47;pa030​;20250612_123326;1;Marche2;-0,0204;1,4131;0,0069;-0,2593;-0,0045;0,0075;0,9658;;False
630,89;26.49;pa030​;20250612_123326;1;Marche2;-0,0204;1,4128;0,0070;-0,2584;-0,0040;0,0072;0,9660;;False
630,90;26.5;pa030​;20250612_123326;1;Marche2;-0,0203;1,4125;0,0071;-0,2574;-0,0033;0,0069;0,9663;;False
630,92;26.51;pa030​;20250612_123326;1;Marche2;-0,0203;1,4123;0,0072;-0,2568;-0,0026;0,0066;0,9664;;False
630,93;26.53;pa030​;20250612_123326;1;Marche2;-0,0204;1,4121;0,0072;-0,2566;-0,0017;0,0064;0,9665;;False
630,94;26.54;pa030​;20250612_123326;1;Marche2;-0,0204;1,4120;0,0072;-0,2566;-0,0009;0,0065;0,9665;;False
630,96;26.56;pa030​;20250612_123326;1;Marche2;-0,0204;1,4119;0,0072;-0,2567;-0,0003;0,0066;0,9665;;False
630,97;26.57;pa030​;20250612_123326;1;Marche2;-0,0204;1,4119;0,0072;-0,2566;0,0001;0,0066;0,9665;;False
630,99;26.58;pa030​;20250612_123326;1;Marche2;-0,0205;1,4118;0,0073;-0,2563;0,0007;0,0066;0,9666;;False
631,00;26.6;pa030​;20250612_123326;1;Marche2;-0,0206;1,4118;0,0073;-0,2561;0,0011;0,0067;0,9666;;False
631,01;26.61;pa030​;20250612_123326;1;Marche2;-0,0207;1,4117;0,0074;-0,2559;0,0012;0,0068;0,9667;;False
631,03;26.63;pa030​;20250612_123326;1;Marche2;-0,0209;1,4116;0,0075;-0,2555;0,0009;0,0068;0,9668;;False
631,04;26.64;pa030​;20250612_123326;1;Marche2;-0,0211;1,4115;0,0077;-0,2552;0,0007;0,0071;0,9669;;False
631,06;26.65;pa030​;20250612_123326;1;Marche2;-0,0213;1,4114;0,0080;-0,2547;0,0005;0,0075;0,9670;;False
631,07;26.67;pa030​;20250612_123326;1;Marche2;-0,0217;1,4113;0,0084;-0,2543;-0,0002;0,0081;0,9671;;False
631,08;26.68;pa030​;20250612_123326;1;Marche2;-0,0220;1,4112;0,0087;-0,2537;-0,0010;0,0084;0,9673;;False
631,10;26.7;pa030​;20250612_123326;1;Marche2;-0,0223;1,4111;0,0090;-0,2533;-0,0014;0,0088;0,9673;;False
631,11;26.71;pa030​;20250612_123326;1;Marche2;-0,0225;1,4111;0,0093;-0,2532;-0,0020;0,0090;0,9674;;False
631,14;26.74;pa030​;20250612_123326;1;Marche2;-0,0230;1,4113;0,0102;-0,2524;-0,0028;0,0098;0,9676;;False
631,15;26.75;pa030​;20250612_123326;1;Marche2;-0,0232;1,4113;0,0106;-0,2520;-0,0031;0,0102;0,9677;;False
631,17;26.76;pa030​;20250612_123326;1;Marche2;-0,0234;1,4112;0,0110;-0,2516;-0,0033;0,0104;0,9678;;False
631,18;26.78;pa030​;20250612_123326;1;Marche2;-0,0236;1,4112;0,0115;-0,2512;-0,0037;0,0109;0,9679;;False
631,20;26.79;pa030​;20250612_123326;1;Marche2;-0,0238;1,4112;0,0120;-0,2507;-0,0038;0,0110;0,9680;;False
631,21;26.8;pa030​;20250612_123326;1;Marche2;-0,0240;1,4111;0,0124;-0,2503;-0,0038;0,0111;0,9681;;False
631,22;26.82;pa030​;20250612_123326;1;Marche2;-0,0242;1,4110;0,0129;-0,2500;-0,0039;0,0116;0,9682;;False
631,24;26.83;pa030​;20250612_123326;1;Marche2;-0,0244;1,4110;0,0134;-0,2497;-0,0040;0,0118;0,9682;;False
631,25;26.85;pa030​;20250612_123326;1;Marche2;-0,0245;1,4109;0,0139;-0,2497;-0,0041;0,0120;0,9682;;False
631,26;26.86;pa030​;20250612_123326;1;Marche2;-0,0247;1,4109;0,0144;-0,2496;-0,0042;0,0120;0,9683;;False
631,28;26.88;pa030​;20250612_123326;1;Marche2;-0,0248;1,4107;0,0149;-0,2491;-0,0043;0,0122;0,9684;;False
631,29;26.89;pa030​;20250612_123326;1;Marche2;-0,0249;1,4106;0,0154;-0,2483;-0,0046;0,0126;0,9686;;False
631,31;26.9;pa030​;20250612_123326;1;Marche2;-0,0250;1,4106;0,0158;-0,2482;-0,0046;0,0127;0,9686;;False
631,32;26.92;pa030​;20250612_123326;1;Marche2;-0,0251;1,4106;0,0162;-0,2482;-0,0047;0,0127;0,9686;;False
631,33;26.93;pa030​;20250612_123326;1;Marche2;-0,0251;1,4106;0,0167;-0,2480;-0,0049;0,0127;0,9687;;False
631,35;26.94;pa030​;20250612_123326;1;Marche2;-0,0251;1,4105;0,0171;-0,2475;-0,0051;0,0128;0,9688;;False
631,36;26.96;pa030​;20250612_123326;1;Marche2;-0,0251;1,4105;0,0176;-0,2472;-0,0050;0,0126;0,9689;;False
631,38;26.97;pa030​;20250612_123326;1;Marche2;-0,0250;1,4106;0,0179;-0,2473;-0,0051;0,0126;0,9688;;False
631,39;26.99;pa030​;20250612_123326;1;Marche2;-0,0249;1,4107;0,0180;-0,2474;-0,0053;0,0125;0,9688;;False
631,40;27.0;pa030​;20250612_123326;1;Marche2;-0,0247;1,4109;0,0182;-0,2475;-0,0054;0,0125;0,9688;;False
631,42;27.01;pa030​;20250612_123326;1;Marche2;-0,0247;1,4109;0,0185;-0,2477;-0,0056;0,0124;0,9687;;False
631,43;27.03;pa030​;20250612_123326;1;Marche2;-0,0247;1,4109;0,0189;-0,2481;-0,0056;0,0123;0,9686;;False
631,44;27.04;pa030​;20250612_123326;1;Marche2;-0,0247;1,4109;0,0193;-0,2482;-0,0057;0,0123;0,9686;;False
631,46;27.06;pa030​;20250612_123326;1;Marche2;-0,0247;1,4108;0,0197;-0,2482;-0,0057;0,0124;0,9686;;False
631,47;27.07;pa030​;20250612_123326;1;Marche2;-0,0247;1,4107;0,0201;-0,2481;-0,0061;0,0125;0,9686;;False
631,49;27.08;pa030​;20250612_123326;1;Marche2;-0,0247;1,4106;0,0205;-0,2475;-0,0064;0,0125;0,9688;;False
631,50;27.1;pa030​;20250612_123326;1;Marche2;-0,0247;1,4105;0,0209;-0,2468;-0,0063;0,0122;0,9690;;False
631,51;27.11;pa030​;20250612_123326;1;Marche2;-0,0248;1,4106;0,0212;-0,2461;-0,0063;0,0121;0,9691;;False
631,53;27.12;pa030​;20250612_123326;1;Marche2;-0,0247;1,4106;0,0216;-0,2462;-0,0065;0,0121;0,9691;;False
631,54;27.14;pa030​;20250612_123326;1;Marche2;-0,0247;1,4106;0,0219;-0,2465;-0,0066;0,0119;0,9691;;False
631,56;27.15;pa030​;20250612_123326;1;Marche2;-0,0248;1,4105;0,0222;-0,2460;-0,0066;0,0118;0,9692;;False
631,57;27.17;pa030​;20250612_123326;1;Marche2;-0,0248;1,4104;0,0226;-0,2455;-0,0064;0,0120;0,9693;;False
631,58;27.18;pa030​;20250612_123326;1;Marche2;-0,0248;1,4104;0,0229;-0,2453;-0,0063;0,0119;0,9694;;False
631,60;27.19;pa030​;20250612_123326;1;Marche2;-0,0249;1,4103;0,0233;-0,2454;-0,0064;0,0119;0,9693;;False
631,61;27.21;pa030​;20250612_123326;1;Marche2;-0,0250;1,4103;0,0236;-0,2455;-0,0066;0,0119;0,9693;;False
631,63;27.22;pa030​;20250612_123326;1;Marche2;-0,0251;1,4104;0,0240;-0,2454;-0,0071;0,0120;0,9693;;False
631,64;27.24;pa030​;20250612_123326;1;Marche2;-0,0252;1,4105;0,0244;-0,2451;-0,0076;0,0120;0,9694;;False
631,65;27.25;pa030​;20250612_123326;1;Marche2;-0,0253;1,4104;0,0248;-0,2449;-0,0079;0,0119;0,9694;;False
631,67;27.26;pa030​;20250612_123326;1;Marche2;-0,0254;1,4103;0,0251;-0,2447;-0,0080;0,0119;0,9695;;False
631,68;27.28;pa030​;20250612_123326;1;Marche2;-0,0255;1,4102;0,0255;-0,2444;-0,0083;0,0120;0,9696;;False
631,69;27.29;pa030​;20250612_123326;1;Marche2;-0,0257;1,4101;0,0258;-0,2441;-0,0085;0,0121;0,9696;;False
631,71;27.31;pa030​;20250612_123326;1;Marche2;-0,0258;1,4100;0,0261;-0,2440;-0,0088;0,0123;0,9697;;False
631,72;27.32;pa030​;20250612_123326;1;Marche2;-0,0259;1,4099;0,0264;-0,2438;-0,0090;0,0124;0,9697;;False
631,74;27.33;pa030​;20250612_123326;1;Marche2;-0,0261;1,4099;0,0267;-0,2436;-0,0091;0,0123;0,9697;;False
631,75;27.35;pa030​;20250612_123326;1;Marche2;-0,0262;1,4100;0,0271;-0,2436;-0,0091;0,0125;0,9698;;False
631,76;27.36;pa030​;20250612_123326;1;Marche2;-0,0264;1,4100;0,0274;-0,2432;-0,0091;0,0128;0,9698;;False
631,78;27.37;pa030​;20250612_123326;1;Marche2;-0,0264;1,4100;0,0277;-0,2433;-0,0089;0,0129;0,9698;;False
631,79;27.39;pa030​;20250612_123326;1;Marche2;-0,0265;1,4100;0,0279;-0,2435;-0,0088;0,0130;0,9698;;False
631,81;27.4;pa030​;20250612_123326;1;Marche2;-0,0265;1,4099;0,0283;-0,2435;-0,0087;0,0130;0,9698;;False
631,82;27.42;pa030​;20250612_123326;1;Marche2;-0,0266;1,4098;0,0285;-0,2434;-0,0084;0,0131;0,9698;;False
631,83;27.43;pa030​;20250612_123326;1;Marche2;-0,0266;1,4097;0,0288;-0,2429;-0,0081;0,0132;0,9699;;False
631,85;27.44;pa030​;20250612_123326;1;Marche2;-0,0266;1,4096;0,0292;-0,2426;-0,0081;0,0132;0,9700;;False
631,86;27.46;pa030​;20250612_123326;1;Marche2;-0,0265;1,4096;0,0297;-0,2421;-0,0080;0,0132;0,9701;;False
631,88;27.47;pa030​;20250612_123326;1;Marche2;-0,0265;1,4097;0,0303;-0,2418;-0,0078;0,0132;0,9702;;False
631,89;27.49;pa030​;20250612_123326;1;Marche2;-0,0265;1,4097;0,0307;-0,2418;-0,0075;0,0130;0,9702;;False
631,90;27.5;pa030​;20250612_123326;1;Marche2;-0,0264;1,4096;0,0311;-0,2415;-0,0075;0,0132;0,9703;;False
631,92;27.51;pa030​;20250612_123326;1;Marche2;-0,0263;1,4095;0,0315;-0,2410;-0,0073;0,0132;0,9704;;False
631,93;27.53;pa030​;20250612_123326;1;Marche2;-0,0262;1,4094;0,0319;-0,2406;-0,0069;0,0129;0,9705;;False
631,95;27.54;pa030​;20250612_123326;1;Marche2;-0,0260;1,4093;0,0323;-0,2402;-0,0066;0,0130;0,9706;;False
631,96;27.56;pa030​;20250612_123326;1;Marche2;-0,0259;1,4092;0,0326;-0,2396;-0,0064;0,0128;0,9708;;False
631,97;27.57;pa030​;20250612_123326;1;Marche2;-0,0258;1,4092;0,0329;-0,2392;-0,0062;0,0127;0,9709;;False
631,99;27.58;pa030​;20250612_123326;1;Marche2;-0,0256;1,4093;0,0332;-0,2396;-0,0061;0,0123;0,9708;;False
632,00;27.6;pa030​;20250612_123326;1;Marche2;-0,0254;1,4094;0,0336;-0,2398;-0,0062;0,0122;0,9707;;False
632,01;27.61;pa030​;20250612_123326;1;Marche2;-0,0253;1,4094;0,0339;-0,2398;-0,0059;0,0120;0,9707;;False
632,03;27.63;pa030​;20250612_123326;1;Marche2;-0,0251;1,4094;0,0342;-0,2404;-0,0057;0,0118;0,9706;;False
632,04;27.64;pa030​;20250612_123326;1;Marche2;-0,0249;1,4093;0,0345;-0,2401;-0,0055;0,0118;0,9707;;False
632,06;27.65;pa030​;20250612_123326;1;Marche2;-0,0248;1,4092;0,0350;-0,2398;-0,0053;0,0116;0,9707;;False
632,07;27.67;pa030​;20250612_123326;1;Marche2;-0,0246;1,4092;0,0353;-0,2395;-0,0050;0,0116;0,9708;;False
632,08;27.68;pa030​;20250612_123326;1;Marche2;-0,0245;1,4090;0,0357;-0,2389;-0,0048;0,0116;0,9710;;False
632,10;27.7;pa030​;20250612_123326;1;Marche2;-0,0243;1,4090;0,0362;-0,2381;-0,0048;0,0117;0,9712;;False
632,11;27.71;pa030​;20250612_123326;1;Marche2;-0,0242;1,4091;0,0366;-0,2378;-0,0045;0,0115;0,9712;;False
632,13;27.72;pa030​;20250612_123326;1;Marche2;-0,0241;1,4091;0,0370;-0,2371;-0,0047;0,0116;0,9714;;False
632,14;27.74;pa030​;20250612_123326;1;Marche2;-0,0240;1,4090;0,0375;-0,2366;-0,0048;0,0115;0,9715;;False
632,15;27.75;pa030​;20250612_123326;1;Marche2;-0,0239;1,4090;0,0378;-0,2362;-0,0046;0,0115;0,9716;;False
632,17;27.76;pa030​;20250612_123326;1;Marche2;-0,0237;1,4090;0,0382;-0,2360;-0,0045;0,0113;0,9717;;False
632,18;27.78;pa030​;20250612_123326;1;Marche2;-0,0236;1,4089;0,0385;-0,2358;-0,0046;0,0112;0,9717;;False
632,20;27.79;pa030​;20250612_123326;1;Marche2;-0,0234;1,4089;0,0389;-0,2357;-0,0045;0,0110;0,9718;;False
632,21;27.8;pa030​;20250612_123326;1;Marche2;-0,0233;1,4088;0,0392;-0,2354;-0,0045;0,0108;0,9718;;False
632,22;27.82;pa030​;20250612_123326;1;Marche2;-0,0232;1,4089;0,0396;-0,2354;-0,0044;0,0106;0,9718;;False
632,24;27.83;pa030​;20250612_123326;1;Marche2;-0,0230;1,4089;0,0399;-0,2348;-0,0041;0,0107;0,9720;;False
632,25;27.85;pa030​;20250612_123326;1;Marche2;-0,0228;1,4089;0,0403;-0,2341;-0,0039;0,0109;0,9721;;False
632,27;27.86;pa030​;20250612_123326;1;Marche2;-0,0227;1,4089;0,0406;-0,2340;-0,0032;0,0105;0,9722;;False
632,28;27.87;pa030​;20250612_123326;1;Marche2;-0,0224;1,4089;0,0409;-0,2339;-0,0028;0,0104;0,9722;;False
632,29;27.89;pa030​;20250612_123326;1;Marche2;-0,0222;1,4088;0,0412;-0,2337;-0,0025;0,0103;0,9723;;False
632,31;27.9;pa030​;20250612_123326;1;Marche2;-0,0220;1,4087;0,0416;-0,2332;-0,0020;0,0103;0,9724;;False
632,32;27.92;pa030​;20250612_123326;1;Marche2;-0,0218;1,4086;0,0419;-0,2326;-0,0017;0,0101;0,9725;;False
632,33;27.93;pa030​;20250612_123326;1;Marche2;-0,0216;1,4085;0,0422;-0,2320;-0,0015;0,0101;0,9727;;False
632,35;27.94;pa030​;20250612_123326;1;Marche2;-0,0212;1,4088;0,0426;-0,2320;-0,0011;0,0102;0,9727;;False
632,36;27.96;pa030​;20250612_123326;1;Marche2;-0,0209;1,4089;0,0428;-0,2318;-0,0007;0,0103;0,9727;;False
632,37;27.97;pa030​;20250612_123326;1;Marche2;-0,0205;1,4090;0,0431;-0,2320;-0,0002;0,0099;0,9727;;False
632,39;27.99;pa030​;20250612_123326;1;Marche2;-0,0200;1,4090;0,0432;-0,2322;0,0003;0,0093;0,9726;;False
632,40;28.0;pa030​;20250612_123326;1;Marche2;-0,0196;1,4090;0,0434;-0,2322;0,0012;0,0084;0,9726;;False
632,42;28.01;pa030​;20250612_123326;1;Marche2;-0,0191;1,4090;0,0435;-0,2321;0,0020;0,0077;0,9727;;False
632,43;28.03;pa030​;20250612_123326;1;Marche2;-0,0186;1,4088;0,0436;-0,2313;0,0028;0,0071;0,9729;;False
632,45;28.04;pa030​;20250612_123326;1;Marche2;-0,0181;1,4085;0,0437;-0,2299;0,0038;0,0068;0,9732;;False
632,46;28.06;pa030​;20250612_123326;1;Marche2;-0,0177;1,4086;0,0439;-0,2294;0,0048;0,0065;0,9733;;False
632,47;28.07;pa030​;20250612_123326;1;Marche2;-0,0172;1,4088;0,0440;-0,2306;0,0061;0,0062;0,9730;;False
632,49;28.08;pa030​;20250612_123326;1;Marche2;-0,0166;1,4090;0,0442;-0,2314;0,0073;0,0057;0,9728;;False
632,50;28.1;pa030​;20250612_123326;1;Marche2;-0,0161;1,4088;0,0443;-0,2318;0,0086;0,0049;0,9727;;False
632,52;28.11;pa030​;20250612_123326;1;Marche2;-0,0156;1,4085;0,0443;-0,2306;0,0097;0,0043;0,9730;;False
632,53;28.12;pa030​;20250612_123326;1;Marche2;-0,0151;1,4081;0,0445;-0,2287;0,0110;0,0036;0,9734;;False
632,54;28.14;pa030​;20250612_123326;1;Marche2;-0,0146;1,4078;0,0444;-0,2267;0,0118;0,0029;0,9739;;False
632,56;28.15;pa030​;20250612_123326;1;Marche2;-0,0142;1,4079;0,0445;-0,2262;0,0122;0,0027;0,9740;;False
632,57;28.17;pa030​;20250612_123326;1;Marche2;-0,0137;1,4081;0,0446;-0,2270;0,0126;0,0026;0,9738;;False
632,58;28.18;pa030​;20250612_123326;1;Marche2;-0,0132;1,4081;0,0448;-0,2273;0,0130;0,0022;0,9737;;False
632,60;28.2;pa030​;20250612_123326;1;Marche2;-0,0128;1,4079;0,0451;-0,2262;0,0133;0,0019;0,9740;;False
632,61;28.21;pa030​;20250612_123326;1;Marche2;-0,0124;1,4079;0,0450;-0,2257;0,0133;0,0016;0,9741;;False
632,63;28.22;pa030​;20250612_123326;1;Marche2;-0,0121;1,4081;0,0450;-0,2269;0,0130;0,0015;0,9738;;False
632,64;28.24;pa030​;20250612_123326;1;Marche2;-0,0118;1,4082;0,0450;-0,2282;0,0132;0,0016;0,9735;;False
632,65;28.25;pa030​;20250612_123326;1;Marche2;-0,0114;1,4083;0,0449;-0,2294;0,0131;0,0014;0,9733;;False
632,67;28.26;pa030​;20250612_123326;1;Marche2;-0,0111;1,4084;0,0449;-0,2294;0,0133;0,0014;0,9732;;False
632,68;28.28;pa030​;20250612_123326;1;Marche2;-0,0108;1,4083;0,0449;-0,2289;0,0135;0,0013;0,9734;;False
632,69;28.29;pa030​;20250612_123326;1;Marche2;-0,0104;1,4083;0,0449;-0,2281;0,0137;0,0012;0,9735;;False
632,71;28.3;pa030​;20250612_123326;1;Marche2;-0,0101;1,4084;0,0450;-0,2277;0,0139;0,0010;0,9736;;False
632,72;28.32;pa030​;20250612_123326;1;Marche2;-0,0097;1,4084;0,0450;-0,2271;0,0140;0,0004;0,9738;;False
632,74;28.33;pa030​;20250612_123326;1;Marche2;-0,0095;1,4083;0,0449;-0,2265;0,0144;-0,0002;0,9739;;False
632,75;28.35;pa030​;20250612_123326;1;Marche2;-0,0092;1,4082;0,0449;-0,2257;0,0146;-0,0007;0,9741;;False
632,76;28.36;pa030​;20250612_123326;1;Marche2;-0,0089;1,4083;0,0448;-0,2253;0,0146;-0,0009;0,9742;;False
632,78;28.37;pa030​;20250612_123326;1;Marche2;-0,0087;1,4084;0,0447;-0,2258;0,0146;-0,0013;0,9741;;False
632,79;28.39;pa030​;20250612_123326;1;Marche2;-0,0084;1,4084;0,0447;-0,2268;0,0144;-0,0018;0,9738;;False
632,81;28.4;pa030​;20250612_123326;1;Marche2;-0,0082;1,4086;0,0446;-0,2284;0,0138;-0,0019;0,9735;;False
632,82;28.42;pa030​;20250612_123326;1;Marche2;-0,0081;1,4089;0,0446;-0,2299;0,0132;-0,0012;0,9731;;False
632,83;28.43;pa030​;20250612_123326;1;Marche2;-0,0080;1,4091;0,0447;-0,2307;0,0129;-0,0010;0,9729;;False
632,85;28.44;pa030​;20250612_123326;1;Marche2;-0,0079;1,4091;0,0447;-0,2310;0,0127;-0,0008;0,9729;;False
632,86;28.46;pa030​;20250612_123326;1;Marche2;-0,0077;1,4091;0,0447;-0,2307;0,0129;-0,0002;0,9729;;False
632,88;28.47;pa030​;20250612_123326;1;Marche2;-0,0075;1,4091;0,0447;-0,2309;0,0131;-0,0002;0,9729;;False
632,89;28.49;pa030​;20250612_123326;1;Marche2;-0,0073;1,4091;0,0447;-0,2309;0,0132;-0,0002;0,9729;;False
632,90;28.5;pa030​;20250612_123326;1;Marche2;-0,0071;1,4091;0,0446;-0,2309;0,0134;-0,0002;0,9729;;False
632,92;28.51;pa030​;20250612_123326;1;Marche2;-0,0069;1,4091;0,0446;-0,2308;0,0132;-0,0005;0,9729;;False
632,93;28.53;pa030​;20250612_123326;1;Marche2;-0,0068;1,4092;0,0446;-0,2303;0,0129;-0,0012;0,9730;;False
632,94;28.54;pa030​;20250612_123326;1;Marche2;-0,0066;1,4093;0,0447;-0,2305;0,0127;-0,0016;0,9730;;False
632,96;28.56;pa030​;20250612_123326;1;Marche2;-0,0064;1,4094;0,0446;-0,2307;0,0125;-0,0021;0,9729;;False
632,97;28.57;pa030​;20250612_123326;1;Marche2;-0,0061;1,4095;0,0444;-0,2313;0,0128;-0,0021;0,9728;;False
632,99;28.58;pa030​;20250612_123326;1;Marche2;-0,0057;1,4095;0,0442;-0,2325;0,0132;-0,0023;0,9725;;False
633,00;28.6;pa030​;20250612_123326;1;Marche2;-0,0054;1,4096;0,0443;-0,2309;0,0137;-0,0023;0,9729;;False
633,01;28.61;pa030​;20250612_123326;1;Marche2;-0,0051;1,4095;0,0443;-0,2317;0,0142;-0,0018;0,9727;;False
633,03;28.62;pa030​;20250612_123326;1;Marche2;-0,0049;1,4098;0,0443;-0,2323;0,0147;-0,0021;0,9725;;False
633,04;28.64;pa030​;20250612_123326;1;Marche2;-0,0046;1,4103;0,0445;-0,2349;0,0146;-0,0020;0,9719;;False
633,06;28.65;pa030​;20250612_123326;1;Marche2;-0,0044;1,4104;0,0447;-0,2357;0,0149;-0,0023;0,9717;;False
633,07;28.67;pa030​;20250612_123326;1;Marche2;-0,0041;1,4102;0,0450;-0,2350;0,0151;-0,0029;0,9719;;False
633,08;28.68;pa030​;20250612_123326;1;Marche2;-0,0037;1,4098;0,0450;-0,2331;0,0155;-0,0031;0,9723;;False
633,10;28.69;pa030​;20250612_123326;1;Marche2;-0,0035;1,4097;0,0450;-0,2314;0,0160;-0,0036;0,9727;;False
633,11;28.71;pa030​;20250612_123326;1;Marche2;-0,0032;1,4098;0,0449;-0,2311;0,0163;-0,0044;0,9728;;False
633,13;28.72;pa030​;20250612_123326;1;Marche2;-0,0028;1,4098;0,0448;-0,2320;0,0164;-0,0049;0,9726;;False
633,14;28.74;pa030​;20250612_123326;1;Marche2;-0,0025;1,4102;0,0449;-0,2319;0,0170;-0,0044;0,9726;;False
633,15;28.75;pa030​;20250612_123326;1;Marche2;-0,0021;1,4102;0,0447;-0,2334;0,0176;-0,0045;0,9722;;False
633,17;28.76;pa030​;20250612_123326;1;Marche2;-0,0017;1,4101;0,0448;-0,2343;0,0186;-0,0044;0,9720;;False
633,18;28.78;pa030​;20250612_123326;1;Marche2;-0,0012;1,4102;0,0449;-0,2346;0,0198;-0,0047;0,9719;;False
633,19;28.79;pa030​;20250612_123326;1;Marche2;-0,0008;1,4103;0,0448;-0,2345;0,0210;-0,0047;0,9719;;False
633,21;28.81;pa030​;20250612_123326;1;Marche2;-0,0004;1,4103;0,0450;-0,2344;0,0217;-0,0043;0,9719;;False
633,22;28.82;pa030​;20250612_123326;1;Marche2;-0,0001;1,4102;0,0451;-0,2346;0,0226;-0,0047;0,9718;;False
633,24;28.83;pa030​;20250612_123326;1;Marche2;0,0001;1,4100;0,0452;-0,2335;0,0228;-0,0048;0,9721;;False
633,25;28.85;pa030​;20250612_123326;1;Marche2;0,0003;1,4096;0,0454;-0,2315;0,0225;-0,0047;0,9726;;False
633,26;28.86;pa030​;20250612_123326;1;Marche2;0,0006;1,4094;0,0457;-0,2302;0,0224;-0,0051;0,9729;;False
633,28;28.88;pa030​;20250612_123326;1;Marche2;0,0007;1,4094;0,0457;-0,2292;0,0224;-0,0058;0,9731;;False
633,29;28.89;pa030​;20250612_123326;1;Marche2;0,0008;1,4094;0,0461;-0,2290;0,0221;-0,0055;0,9732;;False
633,31;28.9;pa030​;20250612_123326;1;Marche2;0,0011;1,4093;0,0464;-0,2286;0,0214;-0,0053;0,9733;;False
633,32;28.92;pa030​;20250612_123326;1;Marche2;0,0012;1,4093;0,0466;-0,2281;0,0211;-0,0054;0,9734;;False
633,33;28.93;pa030​;20250612_123326;1;Marche2;0,0013;1,4092;0,0467;-0,2273;0,0207;-0,0052;0,9736;;False
633,35;28.94;pa030​;20250612_123326;1;Marche2;0,0014;1,4091;0,0469;-0,2273;0,0204;-0,0050;0,9736;;False
633,36;28.96;pa030​;20250612_123326;1;Marche2;0,0016;1,4091;0,0470;-0,2281;0,0206;-0,0053;0,9734;;False
633,38;28.97;pa030​;20250612_123326;1;Marche2;0,0018;1,4092;0,0471;-0,2281;0,0205;-0,0051;0,9734;;False
633,39;28.99;pa030​;20250612_123326;1;Marche2;0,0019;1,4092;0,0472;-0,2284;0,0205;-0,0052;0,9733;;False
633,40;29.0;pa030​;20250612_123326;1;Marche2;0,0021;1,4092;0,0473;-0,2281;0,0206;-0,0051;0,9734;;False
633,42;29.01;pa030​;20250612_123326;1;Marche2;0,0024;1,4091;0,0474;-0,2274;0,0208;-0,0053;0,9736;;False
633,43;29.03;pa030​;20250612_123326;1;Marche2;0,0026;1,4091;0,0475;-0,2272;0,0210;-0,0053;0,9736;;False
633,45;29.04;pa030​;20250612_123326;1;Marche2;0,0028;1,4091;0,0476;-0,2276;0,0213;-0,0051;0,9735;;False
633,46;29.06;pa030​;20250612_123326;1;Marche2;0,0030;1,4092;0,0477;-0,2281;0,0215;-0,0050;0,9734;;False
633,47;29.07;pa030​;20250612_123326;1;Marche2;0,0032;1,4093;0,0477;-0,2286;0,0215;-0,0047;0,9733;;False
633,49;29.08;pa030​;20250612_123326;1;Marche2;0,0033;1,4093;0,0478;-0,2282;0,0215;-0,0048;0,9734;;False
633,50;29.1;pa030​;20250612_123326;1;Marche2;0,0035;1,4091;0,0479;-0,2270;0,0215;-0,0052;0,9736;;False
633,51;29.11;pa030​;20250612_123326;1;Marche2;0,0037;1,4090;0,0480;-0,2263;0,0217;-0,0052;0,9738;;False
633,53;29.13;pa030​;20250612_123326;1;Marche2;0,0038;1,4090;0,0482;-0,2263;0,0216;-0,0051;0,9738;;False
633,54;29.14;pa030​;20250612_123326;1;Marche2;0,0038;1,4092;0,0485;-0,2268;0,0212;-0,0051;0,9737;;False
633,56;29.15;pa030​;20250612_123326;1;Marche2;0,0038;1,4093;0,0487;-0,2271;0,0207;-0,0052;0,9736;;False
633,57;29.17;pa030​;20250612_123326;1;Marche2;0,0039;1,4095;0,0488;-0,2280;0,0205;-0,0050;0,9734;;False
633,58;29.18;pa030​;20250612_123326;1;Marche2;0,0040;1,4095;0,0488;-0,2282;0,0206;-0,0049;0,9734;;False
633,60;29.19;pa030​;20250612_123326;1;Marche2;0,0042;1,4095;0,0488;-0,2281;0,0210;-0,0045;0,9734;;False
633,61;29.21;pa030​;20250612_123326;1;Marche2;0,0044;1,4095;0,0488;-0,2279;0,0215;-0,0044;0,9734;;False
633,63;29.22;pa030​;20250612_123326;1;Marche2;0,0046;1,4095;0,0488;-0,2276;0,0219;-0,0043;0,9735;;False
633,64;29.24;pa030​;20250612_123326;1;Marche2;0,0047;1,4095;0,0488;-0,2276;0,0219;-0,0046;0,9735;;False
633,65;29.25;pa030​;20250612_123326;1;Marche2;0,0047;1,4094;0,0488;-0,2274;0,0216;-0,0046;0,9736;;False
633,67;29.26;pa030​;20250612_123326;1;Marche2;0,0047;1,4092;0,0488;-0,2263;0,0203;-0,0044;0,9738;;False
633,68;29.28;pa030​;20250612_123326;1;Marche2;0,0046;1,4090;0,0489;-0,2253;0,0194;-0,0046;0,9741;;False
633,70;29.29;pa030​;20250612_123326;1;Marche2;0,0045;1,4088;0,0490;-0,2249;0,0186;-0,0046;0,9742;;False
633,71;29.31;pa030​;20250612_123326;1;Marche2;0,0044;1,4088;0,0492;-0,2246;0,0180;-0,0045;0,9743;;False
633,72;29.32;pa030​;20250612_123326;1;Marche2;0,0042;1,4087;0,0493;-0,2240;0,0171;-0,0042;0,9744;;False
633,74;29.33;pa030​;20250612_123326;1;Marche2;0,0041;1,4086;0,0494;-0,2236;0,0164;-0,0038;0,9745;;False
633,75;29.35;pa030​;20250612_123326;1;Marche2;0,0040;1,4085;0,0495;-0,2232;0,0162;-0,0034;0,9746;;False
633,78;29.37;pa030​;20250612_123326;1;Marche2;0,0040;1,4085;0,0496;-0,2236;0,0159;-0,0033;0,9745;;False
633,79;29.39;pa030​;20250612_123326;1;Marche2;0,0039;1,4084;0,0497;-0,2233;0,0155;-0,0031;0,9746;;False
633,81;29.4;pa030​;20250612_123326;1;Marche2;0,0039;1,4084;0,0498;-0,2228;0,0152;-0,0029;0,9747;;False
633,82;29.42;pa030​;20250612_123326;1;Marche2;0,0038;1,4084;0,0499;-0,2225;0,0152;-0,0027;0,9748;;False
633,83;29.43;pa030​;20250612_123326;1;Marche2;0,0038;1,4084;0,0500;-0,2226;0,0151;-0,0026;0,9748;;False
633,85;29.44;pa030​;20250612_123326;1;Marche2;0,0037;1,4084;0,0501;-0,2228;0,0149;-0,0024;0,9747;;False
633,86;29.46;pa030​;20250612_123326;1;Marche2;0,0037;1,4085;0,0502;-0,2227;0,0146;-0,0021;0,9748;;False
633,88;29.47;pa030​;20250612_123326;1;Marche2;0,0037;1,4084;0,0504;-0,2224;0,0146;-0,0021;0,9748;;False
633,89;29.49;pa030​;20250612_123326;1;Marche2;0,0036;1,4083;0,0505;-0,2218;0,0144;-0,0022;0,9750;;False
633,90;29.5;pa030​;20250612_123326;1;Marche2;0,0036;1,4082;0,0508;-0,2208;0,0143;-0,0021;0,9752;;False
633,92;29.51;pa030​;20250612_123326;1;Marche2;0,0035;1,4080;0,0510;-0,2197;0,0141;-0,0020;0,9755;;False
633,93;29.53;pa030​;20250612_123326;1;Marche2;0,0035;1,4078;0,0513;-0,2181;0,0137;-0,0018;0,9758;;False
633,94;29.54;pa030​;20250612_123326;1;Marche2;0,0033;1,4074;0,0517;-0,2163;0,0130;-0,0015;0,9762;;False
633,96;29.56;pa030​;20250612_123326;1;Marche2;0,0031;1,4072;0,0519;-0,2147;0,0122;-0,0011;0,9766;;False
633,97;29.57;pa030​;20250612_123326;1;Marche2;0,0029;1,4070;0,0523;-0,2130;0,0109;-0,0006;0,9770;;False
633,99;29.58;pa030​;20250612_123326;1;Marche2;0,0027;1,4068;0,0526;-0,2117;0,0093;-0,0003;0,9773;;False
634,00;29.6;pa030​;20250612_123326;1;Marche2;0,0024;1,4066;0,0528;-0,2100;0,0075;0,0003;0,9777;;False
634,01;29.61;pa030​;20250612_123326;1;Marche2;0,0022;1,4064;0,0532;-0,2089;0,0055;0,0006;0,9779;;False
634,03;29.63;pa030​;20250612_123326;1;Marche2;0,0020;1,4062;0,0535;-0,2075;0,0038;0,0010;0,9782;;False
634,04;29.64;pa030​;20250612_123326;1;Marche2;0,0018;1,4061;0,0538;-0,2066;0,0025;0,0011;0,9784;;False
634,06;29.65;pa030​;20250612_123326;1;Marche2;0,0018;1,4061;0,0539;-0,2065;0,0017;0,0011;0,9784;;False
634,07;29.67;pa030​;20250612_123326;1;Marche2;0,0017;1,4062;0,0541;-0,2064;0,0014;0,0012;0,9785;;False
634,08;29.68;pa030​;20250612_123326;1;Marche2;0,0015;1,4060;0,0543;-0,2067;0,0012;0,0013;0,9784;;False
634,10;29.69;pa030​;20250612_123326;1;Marche2;0,0016;1,4061;0,0544;-0,2068;0,0012;0,0013;0,9784;;False
634,11;29.71;pa030​;20250612_123326;1;Marche2;0,0016;1,4062;0,0545;-0,2074;0,0013;0,0008;0,9782;;False
634,13;29.72;pa030​;20250612_123326;1;Marche2;0,0017;1,4063;0,0546;-0,2080;0,0014;0,0007;0,9781;;False
634,14;29.74;pa030​;20250612_123326;1;Marche2;0,0017;1,4063;0,0547;-0,2087;0,0014;0,0007;0,9780;;False
634,15;29.75;pa030​;20250612_123326;1;Marche2;0,0017;1,4064;0,0548;-0,2094;0,0010;0,0005;0,9778;;False
634,17;29.76;pa030​;20250612_123326;1;Marche2;0,0016;1,4065;0,0548;-0,2101;0,0005;0,0002;0,9777;;False
634,18;29.78;pa030​;20250612_123326;1;Marche2;0,0015;1,4066;0,0550;-0,2105;-0,0002;0,0005;0,9776;;False
634,20;29.79;pa030​;20250612_123326;1;Marche2;0,0013;1,4067;0,0551;-0,2108;-0,0011;0,0005;0,9775;;False
634,21;29.8;pa030​;20250612_123326;1;Marche2;0,0011;1,4067;0,0552;-0,2108;-0,0020;0,0005;0,9775;;False
634,22;29.82;pa030​;20250612_123326;1;Marche2;0,0009;1,4066;0,0554;-0,2108;-0,0028;0,0009;0,9775;;False
634,24;29.83;pa030​;20250612_123326;1;Marche2;0,0008;1,4066;0,0556;-0,2107;-0,0034;0,0010;0,9775;;False
634,25;29.85;pa030​;20250612_123326;1;Marche2;0,0006;1,4065;0,0557;-0,2109;-0,0042;0,0010;0,9775;;False
634,26;29.86;pa030​;20250612_123326;1;Marche2;0,0004;1,4065;0,0557;-0,2112;-0,0048;0,0011;0,9774;;False
634,28;29.88;pa030​;20250612_123326;1;Marche2;0,0003;1,4066;0,0558;-0,2116;-0,0054;0,0010;0,9773;;False
634,29;29.89;pa030​;20250612_123326;1;Marche2;0,0002;1,4068;0,0559;-0,2122;-0,0058;0,0010;0,9772;;False
634,31;29.9;pa030​;20250612_123326;1;Marche2;0,0001;1,4069;0,0560;-0,2123;-0,0060;0,0012;0,9772;;False
634,32;29.92;pa030​;20250612_123326;1;Marche2;0,0001;1,4069;0,0562;-0,2120;-0,0059;0,0012;0,9773;;False
634,33;29.93;pa030​;20250612_123326;1;Marche2;0,0001;1,4070;0,0563;-0,2120;-0,0058;0,0011;0,9773;;False
634,35;29.94;pa030​;20250612_123326;1;Marche2;0,0001;1,4070;0,0565;-0,2118;-0,0052;0,0010;0,9773;;False
634,36;29.96;pa030​;20250612_123326;1;Marche2;0,0002;1,4070;0,0567;-0,2118;-0,0045;0,0012;0,9773;;False
634,38;29.97;pa030​;20250612_123326;1;Marche2;0,0002;1,4069;0,0569;-0,2117;-0,0041;0,0013;0,9773;;False
634,39;29.99;pa030​;20250612_123326;1;Marche2;0,0002;1,4069;0,0571;-0,2117;-0,0038;0,0015;0,9773;;False
634,40;30.0;pa030​;20250612_123326;1;Marche2;0,0001;1,4069;0,0573;-0,2114;-0,0039;0,0016;0,9774;;False
634,42;30.01;pa030​;20250612_123326;1;Marche2;0,0001;1,4068;0,0576;-0,2110;-0,0041;0,0015;0,9775;;False
634,43;30.03;pa030​;20250612_123326;1;Marche2;-0,0001;1,4067;0,0578;-0,2105;-0,0043;0,0016;0,9776;;False
634,44;30.04;pa030​;20250612_123326;1;Marche2;-0,0002;1,4066;0,0580;-0,2100;-0,0045;0,0018;0,9777;;False
634,46;30.06;pa030​;20250612_123326;1;Marche2;-0,0003;1,4065;0,0583;-0,2094;-0,0047;0,0019;0,9778;;False
634,47;30.07;pa030​;20250612_123326;1;Marche2;-0,0003;1,4065;0,0585;-0,2091;-0,0046;0,0020;0,9779;;False
634,49;30.08;pa030​;20250612_123326;1;Marche2;-0,0004;1,4064;0,0587;-0,2091;-0,0045;0,0023;0,9779;;False
634,50;30.1;pa030​;20250612_123326;1;Marche2;-0,0003;1,4063;0,0589;-0,2089;-0,0043;0,0023;0,9779;;False
634,51;30.11;pa030​;20250612_123326;1;Marche2;-0,0003;1,4063;0,0591;-0,2083;-0,0042;0,0022;0,9780;;False
634,53;30.12;pa030​;20250612_123326;1;Marche2;-0,0003;1,4062;0,0593;-0,2077;-0,0040;0,0021;0,9782;;False
634,54;30.14;pa030​;20250612_123326;1;Marche2;-0,0002;1,4061;0,0595;-0,2068;-0,0038;0,0020;0,9784;;False
634,56;30.15;pa030​;20250612_123326;1;Marche2;-0,0001;1,4060;0,0598;-0,2061;-0,0032;0,0017;0,9785;;False
634,57;30.17;pa030​;20250612_123326;1;Marche2;0,0002;1,4057;0,0601;-0,2046;-0,0025;0,0015;0,9788;;False
634,58;30.18;pa030​;20250612_123326;1;Marche2;0,0004;1,4054;0,0605;-0,2028;-0,0016;0,0013;0,9792;;False
634,60;30.19;pa030​;20250612_123326;1;Marche2;0,0007;1,4050;0,0610;-0,2005;-0,0003;0,0011;0,9797;;False
634,61;30.21;pa030​;20250612_123326;1;Marche2;0,0010;1,4044;0,0613;-0,1967;0,0015;0,0012;0,9805;;False
634,63;30.22;pa030​;20250612_123326;1;Marche2;0,0013;1,4036;0,0619;-0,1925;0,0037;0,0009;0,9813;;False
634,64;30.24;pa030​;20250612_123326;1;Marche2;0,0019;1,4027;0,0625;-0,1871;0,0061;0,0001;0,9823;;False
634,65;30.25;pa030​;20250612_123326;1;Marche2;0,0023;1,4019;0,0631;-0,1820;0,0086;0,0012;0,9833;;False
634,67;30.26;pa030​;20250612_123326;1;Marche2;0,0026;1,4011;0,0638;-0,1775;0,0107;0,0017;0,9841;;False
634,68;30.28;pa030​;20250612_123326;1;Marche2;0,0029;1,4004;0,0644;-0,1732;0,0124;0,0023;0,9848;;False
634,69;30.29;pa030​;20250612_123326;1;Marche2;0,0033;1,3999;0,0651;-0,1694;0,0141;0,0027;0,9854;;False
634,71;30.31;pa030​;20250612_123326;1;Marche2;0,0035;1,3992;0,0657;-0,1659;0,0159;0,0030;0,9860;;False
634,72;30.32;pa030​;20250612_123326;1;Marche2;0,0039;1,3985;0,0663;-0,1617;0,0172;0,0034;0,9867;;False
634,74;30.33;pa030​;20250612_123326;1;Marche2;0,0042;1,3975;0,0668;-0,1569;0,0188;0,0031;0,9874;;False
634,75;30.35;pa030​;20250612_123326;1;Marche2;0,0044;1,3964;0,0674;-0,1510;0,0202;0,0031;0,9883;;False
634,76;30.36;pa030​;20250612_123326;1;Marche2;0,0048;1,3953;0,0681;-0,1440;0,0216;0,0023;0,9893;;False
634,78;30.37;pa030​;20250612_123326;1;Marche2;0,0050;1,3938;0,0689;-0,1361;0,0232;0,0016;0,9904;;False
634,79;30.39;pa030​;20250612_123326;1;Marche2;0,0053;1,3923;0,0698;-0,1270;0,0245;0,0007;0,9916;;False
634,81;30.4;pa030​;20250612_123326;1;Marche2;0,0056;1,3907;0,0707;-0,1172;0,0262;0,0001;0,9928;;False
634,82;30.42;pa030​;20250612_123326;1;Marche2;0,0058;1,3893;0,0717;-0,1086;0,0268;0,0009;0,9937;;False
634,84;30.43;pa030​;20250612_123326;1;Marche2;0,0058;1,3883;0,0725;-0,1026;0,0273;0,0009;0,9943;;False
634,85;30.44;pa030​;20250612_123326;1;Marche2;0,0058;1,3875;0,0733;-0,0979;0,0276;0,0014;0,9948;;False
634,86;30.46;pa030​;20250612_123326;1;Marche2;0,0058;1,3869;0,0739;-0,0951;0,0274;0,0012;0,9951;;False
634,88;30.47;pa030​;20250612_123326;1;Marche2;0,0058;1,3860;0,0745;-0,0919;0,0274;0,0010;0,9954;;False
634,89;30.49;pa030​;20250612_123326;1;Marche2;0,0057;1,3853;0,0749;-0,0876;0,0276;0,0010;0,9958;;False
634,90;30.5;pa030​;20250612_123326;1;Marche2;0,0057;1,3845;0,0755;-0,0837;0,0278;0,0007;0,9961;;False
634,92;30.51;pa030​;20250612_123326;1;Marche2;0,0057;1,3841;0,0761;-0,0817;0,0274;0,0011;0,9963;;False
634,93;30.53;pa030​;20250612_123326;1;Marche2;0,0055;1,3844;0,0765;-0,0822;0,0272;0,0011;0,9962;;False
634,94;30.54;pa030​;20250612_123326;1;Marche2;0,0053;1,3848;0,0767;-0,0841;0,0268;0,0011;0,9961;;False
634,96;30.56;pa030​;20250612_123326;1;Marche2;0,0051;1,3850;0,0769;-0,0862;0,0267;0,0007;0,9959;;False
634,97;30.57;pa030​;20250612_123326;1;Marche2;0,0050;1,3849;0,0766;-0,0876;0,0265;0,0008;0,9958;;False
634,99;30.58;pa030​;20250612_123326;1;Marche2;0,0048;1,3849;0,0763;-0,0884;0,0266;0,0009;0,9957;;False
635,00;30.6;pa030​;20250612_123326;1;Marche2;0,0048;1,3850;0,0765;-0,0896;0,0265;0,0009;0,9956;;False
635,01;30.61;pa030​;20250612_123326;1;Marche2;0,0046;1,3853;0,0767;-0,0910;0,0268;0,0010;0,9955;;False
635,03;30.63;pa030​;20250612_123326;1;Marche2;0,0045;1,3856;0,0769;-0,0926;0,0268;0,0011;0,9953;;False
635,04;30.64;pa030​;20250612_123326;1;Marche2;0,0044;1,3858;0,0771;-0,0940;0,0268;0,0009;0,9952;;False
635,06;30.65;pa030​;20250612_123326;1;Marche2;0,0042;1,3862;0,0772;-0,0956;0,0269;0,0005;0,9951;;False
635,07;30.67;pa030​;20250612_123326;1;Marche2;0,0040;1,3865;0,0773;-0,0975;0,0268;0,0006;0,9949;;False
635,08;30.68;pa030​;20250612_123326;1;Marche2;0,0038;1,3869;0,0773;-0,0998;0,0265;0,0007;0,9947;;False
635,10;30.69;pa030​;20250612_123326;1;Marche2;0,0036;1,3872;0,0772;-0,1022;0,0261;0,0004;0,9944;;False
635,11;30.71;pa030​;20250612_123326;1;Marche2;0,0034;1,3876;0,0771;-0,1046;0,0255;0,0002;0,9942;;False
635,13;30.72;pa030​;20250612_123326;1;Marche2;0,0032;1,3881;0,0770;-0,1071;0,0250;-0,0002;0,9939;;False
635,14;30.74;pa030​;20250612_123326;1;Marche2;0,0030;1,3885;0,0769;-0,1092;0,0245;-0,0002;0,9937;;False
635,15;30.75;pa030​;20250612_123326;1;Marche2;0,0028;1,3889;0,0769;-0,1108;0,0240;-0,0004;0,9936;;False
635,17;30.76;pa030​;20250612_123326;1;Marche2;0,0025;1,3892;0,0768;-0,1123;0,0235;-0,0003;0,9934;;False
635,18;30.78;pa030​;20250612_123326;1;Marche2;0,0023;1,3895;0,0767;-0,1136;0,0228;-0,0005;0,9933;;False
635,19;30.79;pa030​;20250612_123326;1;Marche2;0,0021;1,3898;0,0766;-0,1148;0,0222;-0,0006;0,9931;;False
635,21;30.8;pa030​;20250612_123326;1;Marche2;0,0019;1,3899;0,0762;-0,1157;0,0219;-0,0004;0,9930;;False
635,22;30.82;pa030​;20250612_123326;1;Marche2;0,0016;1,3899;0,0758;-0,1162;0,0219;-0,0002;0,9930;;False
635,24;30.83;pa030​;20250612_123326;1;Marche2;0,0015;1,3899;0,0756;-0,1161;0,0220;-0,0002;0,9930;;False
635,25;30.85;pa030​;20250612_123326;1;Marche2;0,0013;1,3901;0,0755;-0,1156;0,0221;-0,0004;0,9931;;False
635,26;30.86;pa030​;20250612_123326;1;Marche2;0,0013;1,3900;0,0754;-0,1150;0,0223;-0,0003;0,9931;;False
635,28;30.88;pa030​;20250612_123326;1;Marche2;0,0013;1,3899;0,0754;-0,1138;0,0228;-0,0004;0,9932;;False
635,29;30.89;pa030​;20250612_123326;1;Marche2;0,0012;1,3898;0,0753;-0,1133;0,0232;-0,0007;0,9933;;False
635,31;30.9;pa030​;20250612_123326;1;Marche2;0,0013;1,3897;0,0754;-0,1128;0,0234;-0,0009;0,9933;;False
635,32;30.92;pa030​;20250612_123326;1;Marche2;0,0013;1,3897;0,0754;-0,1120;0,0238;-0,0010;0,9934;;False
635,33;30.93;pa030​;20250612_123326;1;Marche2;0,0012;1,3895;0,0753;-0,1108;0,0239;-0,0013;0,9936;;False
635,35;30.95;pa030​;20250612_123326;1;Marche2;0,0011;1,3894;0,0752;-0,1092;0,0242;-0,0017;0,9937;;False
635,36;30.96;pa030​;20250612_123326;1;Marche2;0,0011;1,3891;0,0752;-0,1072;0,0244;-0,0021;0,9939;;False
635,38;30.97;pa030​;20250612_123326;1;Marche2;0,0012;1,3888;0,0753;-0,1049;0,0247;-0,0026;0,9942;;False
635,39;30.99;pa030​;20250612_123326;1;Marche2;0,0013;1,3885;0,0753;-0,1026;0,0251;-0,0030;0,9944;;False
635,40;31.0;pa030​;20250612_123326;1;Marche2;0,0013;1,3882;0,0754;-0,1010;0,0255;-0,0036;0,9945;;False
635,42;31.02;pa030​;20250612_123326;1;Marche2;0,0014;1,3881;0,0754;-0,0999;0,0260;-0,0042;0,9946;;False
635,43;31.03;pa030​;20250612_123326;1;Marche2;0,0015;1,3880;0,0755;-0,0990;0,0266;-0,0047;0,9947;;False
635,44;31.04;pa030​;20250612_123326;1;Marche2;0,0016;1,3877;0,0754;-0,0982;0,0269;-0,0050;0,9948;;False
635,46;31.06;pa030​;20250612_123326;1;Marche2;0,0016;1,3875;0,0750;-0,0976;0,0273;-0,0054;0,9948;;False
635,47;31.07;pa030​;20250612_123326;1;Marche2;0,0017;1,3873;0,0748;-0,0975;0,0279;-0,0060;0,9948;;False
635,49;31.08;pa030​;20250612_123326;1;Marche2;0,0018;1,3873;0,0748;-0,0971;0,0282;-0,0062;0,9949;;False
635,50;31.1;pa030​;20250612_123326;1;Marche2;0,0018;1,3874;0,0747;-0,0976;0,0285;-0,0060;0,9948;;False
635,52;31.11;pa030​;20250612_123326;1;Marche2;0,0018;1,3877;0,0747;-0,0989;0,0284;-0,0060;0,9947;;False
635,53;31.12;pa030​;20250612_123326;1;Marche2;0,0018;1,3880;0,0746;-0,0999;0,0283;-0,0060;0,9946;;False
635,54;31.14;pa030​;20250612_123326;1;Marche2;0,0016;1,3883;0,0745;-0,1007;0,0280;-0,0060;0,9945;;False
635,56;31.15;pa030​;20250612_123326;1;Marche2;0,0015;1,3885;0,0743;-0,1015;0,0274;-0,0060;0,9944;;False
635,57;31.17;pa030​;20250612_123326;1;Marche2;0,0015;1,3886;0,0741;-0,1024;0,0270;-0,0062;0,9944;;False
635,58;31.18;pa030​;20250612_123326;1;Marche2;0,0013;1,3890;0,0737;-0,1037;0,0265;-0,0065;0,9942;;False
635,60;31.19;pa030​;20250612_123326;1;Marche2;0,0012;1,3892;0,0734;-0,1052;0,0259;-0,0066;0,9941;;False
635,61;31.21;pa030​;20250612_123326;1;Marche2;0,0010;1,3895;0,0732;-0,1064;0,0249;-0,0068;0,9940;;False
635,63;31.22;pa030​;20250612_123326;1;Marche2;0,0008;1,3898;0,0729;-0,1075;0,0239;-0,0071;0,9939;;False
635,64;31.24;pa030​;20250612_123326;1;Marche2;0,0006;1,3900;0,0727;-0,1083;0,0228;-0,0074;0,9938;;False
635,65;31.25;pa030​;20250612_123326;1;Marche2;0,0004;1,3902;0,0724;-0,1091;0,0221;-0,0078;0,9938;;False
635,67;31.26;pa030​;20250612_123326;1;Marche2;0,0003;1,3904;0,0722;-0,1097;0,0214;-0,0083;0,9937;;False
635,68;31.28;pa030​;20250612_123326;1;Marche2;0,0001;1,3904;0,0717;-0,1100;0,0208;-0,0086;0,9937;;False
635,69;31.29;pa030​;20250612_123326;1;Marche2;0,0000;1,3902;0,0712;-0,1101;0,0204;-0,0088;0,9937;;False
635,71;31.31;pa030​;20250612_123326;1;Marche2;-0,0001;1,3900;0,0707;-0,1102;0,0200;-0,0087;0,9937;;False
635,72;31.32;pa030​;20250612_123326;1;Marche2;-0,0002;1,3901;0,0704;-0,1100;0,0195;-0,0088;0,9937;;False
635,74;31.33;pa030​;20250612_123326;1;Marche2;-0,0004;1,3901;0,0702;-0,1100;0,0195;-0,0089;0,9937;;False
635,75;31.35;pa030​;20250612_123326;1;Marche2;-0,0004;1,3901;0,0700;-0,1095;0,0198;-0,0090;0,9937;;False
635,76;31.36;pa030​;20250612_123326;1;Marche2;-0,0004;1,3901;0,0698;-0,1092;0,0199;-0,0090;0,9938;;False
635,78;31.37;pa030​;20250612_123326;1;Marche2;-0,0004;1,3901;0,0697;-0,1090;0,0201;-0,0091;0,9938;;False
635,79;31.39;pa030​;20250612_123326;1;Marche2;-0,0004;1,3902;0,0695;-0,1091;0,0202;-0,0090;0,9938;;False
635,81;31.4;pa030​;20250612_123326;1;Marche2;-0,0004;1,3902;0,0694;-0,1090;0,0203;-0,0090;0,9938;;False
635,82;31.42;pa030​;20250612_123326;1;Marche2;-0,0004;1,3902;0,0692;-0,1091;0,0204;-0,0091;0,9938;;False
635,83;31.43;pa030​;20250612_123326;1;Marche2;-0,0004;1,3902;0,0690;-0,1092;0,0205;-0,0096;0,9938;;False
635,85;31.44;pa030​;20250612_123326;1;Marche2;-0,0004;1,3902;0,0689;-0,1093;0,0206;-0,0099;0,9938;;False
635,86;31.46;pa030​;20250612_123326;1;Marche2;-0,0004;1,3903;0,0687;-0,1095;0,0208;-0,0100;0,9937;;False
635,88;31.47;pa030​;20250612_123326;1;Marche2;-0,0004;1,3905;0,0685;-0,1100;0,0211;-0,0101;0,9937;;False
635,89;31.49;pa030​;20250612_123326;1;Marche2;-0,0004;1,3906;0,0684;-0,1106;0,0210;-0,0101;0,9936;;False
635,90;31.5;pa030​;20250612_123326;1;Marche2;-0,0005;1,3908;0,0682;-0,1115;0,0208;-0,0100;0,9935;;False
635,92;31.52;pa030​;20250612_123326;1;Marche2;-0,0006;1,3910;0,0680;-0,1123;0,0205;-0,0100;0,9934;;False
635,93;31.53;pa030​;20250612_123326;1;Marche2;-0,0008;1,3909;0,0675;-0,1128;0,0200;-0,0099;0,9934;;False
635,94;31.54;pa030​;20250612_123326;1;Marche2;-0,0009;1,3908;0,0670;-0,1134;0,0195;-0,0098;0,9933;;False
635,96;31.56;pa030​;20250612_123326;1;Marche2;-0,0011;1,3908;0,0667;-0,1140;0,0189;-0,0097;0,9933;;False
635,97;31.57;pa030​;20250612_123326;1;Marche2;-0,0013;1,3909;0,0665;-0,1142;0,0181;-0,0098;0,9933;;False
635,99;31.58;pa030​;20250612_123326;1;Marche2;-0,0015;1,3909;0,0664;-0,1145;0,0174;-0,0099;0,9932;;False
636,00;31.6;pa030​;20250612_123326;1;Marche2;-0,0017;1,3909;0,0662;-0,1146;0,0163;-0,0099;0,9932;;False
636,01;31.61;pa030​;20250612_123326;1;Marche2;-0,0020;1,3909;0,0661;-0,1145;0,0154;-0,0099;0,9932;;False
636,03;31.62;pa030​;20250612_123326;1;Marche2;-0,0023;1,3908;0,0659;-0,1142;0,0146;-0,0096;0,9933;;False
636,04;31.64;pa030​;20250612_123326;1;Marche2;-0,0026;1,3907;0,0656;-0,1143;0,0134;-0,0090;0,9933;;False
636,06;31.65;pa030​;20250612_123326;1;Marche2;-0,0030;1,3908;0,0651;-0,1148;0,0115;-0,0081;0,9933;;False
636,07;31.67;pa030​;20250612_123326;1;Marche2;-0,0035;1,3908;0,0647;-0,1160;0,0090;-0,0077;0,9932;;False
636,08;31.68;pa030​;20250612_123326;1;Marche2;-0,0040;1,3909;0,0644;-0,1169;0,0063;-0,0076;0,9931;;False
636,10;31.69;pa030​;20250612_123326;1;Marche2;-0,0045;1,3909;0,0641;-0,1176;0,0037;-0,0072;0,9930;;False
636,11;31.71;pa030​;20250612_123326;1;Marche2;-0,0052;1,3911;0,0639;-0,1184;0,0006;-0,0063;0,9929;;False
636,13;31.72;pa030​;20250612_123326;1;Marche2;-0,0060;1,3913;0,0636;-0,1197;-0,0034;-0,0058;0,9928;;False
636,14;31.74;pa030​;20250612_123326;1;Marche2;-0,0067;1,3916;0,0634;-0,1209;-0,0082;-0,0050;0,9926;;False
636,15;31.75;pa030​;20250612_123326;1;Marche2;-0,0077;1,3919;0,0631;-0,1227;-0,0134;-0,0039;0,9923;;False
636,17;31.76;pa030​;20250612_123326;1;Marche2;-0,0088;1,3921;0,0625;-0,1246;-0,0198;-0,0025;0,9920;;False
636,18;31.78;pa030​;20250612_123326;1;Marche2;-0,0102;1,3923;0,0619;-0,1262;-0,0257;-0,0028;0,9917;;False
636,20;31.79;pa030​;20250612_123326;1;Marche2;-0,0112;1,3924;0,0613;-0,1273;-0,0314;-0,0025;0,9914;;False
636,21;31.8;pa030​;20250612_123326;1;Marche2;-0,0121;1,3926;0,0610;-0,1280;-0,0364;-0,0024;0,9911;;False
636,22;31.82;pa030​;20250612_123326;1;Marche2;-0,0127;1,3928;0,0606;-0,1286;-0,0402;-0,0023;0,9909;;False
636,24;31.83;pa030​;20250612_123326;1;Marche2;-0,0132;1,3928;0,0604;-0,1295;-0,0423;-0,0023;0,9907;;False
636,25;31.85;pa030​;20250612_123326;1;Marche2;-0,0136;1,3929;0,0601;-0,1299;-0,0432;-0,0018;0,9906;;False
636,26;31.86;pa030​;20250612_123326;1;Marche2;-0,0138;1,3929;0,0599;-0,1299;-0,0432;-0,0015;0,9906;;False
636,28;31.87;pa030​;20250612_123326;1;Marche2;-0,0139;1,3927;0,0597;-0,1293;-0,0426;-0,0009;0,9907;;False
636,29;31.89;pa030​;20250612_123326;1;Marche2;-0,0140;1,3927;0,0594;-0,1287;-0,0410;-0,0003;0,9908;;False
636,31;31.9;pa030​;20250612_123326;1;Marche2;-0,0144;1,3927;0,0590;-0,1284;-0,0394;0,0003;0,9909;;False
636,32;31.92;pa030​;20250612_123326;1;Marche2;-0,0143;1,3926;0,0589;-0,1278;-0,0375;0,0009;0,9911;;False
636,33;31.93;pa030​;20250612_123326;1;Marche2;-0,0142;1,3925;0,0588;-0,1274;-0,0354;0,0014;0,9912;;False
636,35;31.94;pa030​;20250612_123326;1;Marche2;-0,0140;1,3924;0,0587;-0,1269;-0,0334;0,0020;0,9914;;False
636,36;31.96;pa030​;20250612_123326;1;Marche2;-0,0139;1,3924;0,0586;-0,1267;-0,0320;0,0025;0,9914;;False
636,38;31.97;pa030​;20250612_123326;1;Marche2;-0,0138;1,3924;0,0584;-0,1267;-0,0310;0,0029;0,9915;;False
636,39;31.99;pa030​;20250612_123326;1;Marche2;-0,0138;1,3924;0,0583;-0,1268;-0,0306;0,0032;0,9914;;False
636,40;32.0;pa030​;20250612_123326;1;Marche2;-0,0138;1,3925;0,0580;-0,1273;-0,0305;0,0034;0,9914;;False
636,42;32.01;pa030​;20250612_123326;1;Marche2;-0,0138;1,3925;0,0576;-0,1276;-0,0306;0,0033;0,9913;;False
636,43;32.03;pa030​;20250612_123326;1;Marche2;-0,0138;1,3925;0,0572;-0,1276;-0,0308;0,0030;0,9913;;False
636,44;32.04;pa030​;20250612_123326;1;Marche2;-0,0139;1,3925;0,0570;-0,1276;-0,0308;0,0029;0,9913;;False
636,46;32.06;pa030​;20250612_123326;1;Marche2;-0,0139;1,3926;0,0569;-0,1275;-0,0309;0,0025;0,9914;;False
636,47;32.07;pa030​;20250612_123326;1;Marche2;-0,0139;1,3925;0,0568;-0,1273;-0,0312;0,0024;0,9914;;False
636,49;32.08;pa030​;20250612_123326;1;Marche2;-0,0139;1,3925;0,0567;-0,1272;-0,0313;0,0023;0,9914;;False
636,50;32.1;pa030​;20250612_123326;1;Marche2;-0,0139;1,3925;0,0566;-0,1273;-0,0314;0,0022;0,9914;;False
636,51;32.11;pa030​;20250612_123326;1;Marche2;-0,0139;1,3925;0,0565;-0,1271;-0,0312;0,0020;0,9914;;False
636,53;32.12;pa030​;20250612_123326;1;Marche2;-0,0139;1,3925;0,0563;-0,1270;-0,0308;0,0015;0,9914;;False
636,54;32.14;pa030​;20250612_123326;1;Marche2;-0,0139;1,3924;0,0560;-0,1270;-0,0303;0,0015;0,9914;;False
636,56;32.15;pa030​;20250612_123326;1;Marche2;-0,0138;1,3924;0,0559;-0,1271;-0,0300;0,0015;0,9914;;False
636,57;32.17;pa030​;20250612_123326;1;Marche2;-0,0137;1,3925;0,0559;-0,1272;-0,0295;0,0013;0,9914;;False
636,58;32.18;pa030​;20250612_123326;1;Marche2;-0,0136;1,3925;0,0559;-0,1271;-0,0291;0,0012;0,9915;;False
636,60;32.19;pa030​;20250612_123326;1;Marche2;-0,0136;1,3924;0,0559;-0,1269;-0,0288;0,0012;0,9915;;False
636,61;32.21;pa030​;20250612_123326;1;Marche2;-0,0136;1,3924;0,0559;-0,1265;-0,0285;0,0009;0,9916;;False
636,63;32.22;pa030​;20250612_123326;1;Marche2;-0,0135;1,3924;0,0560;-0,1264;-0,0284;0,0007;0,9916;;False
636,64;32.24;pa030​;20250612_123326;1;Marche2;-0,0135;1,3924;0,0559;-0,1264;-0,0284;0,0007;0,9916;;False
636,65;32.25;pa030​;20250612_123326;1;Marche2;-0,0135;1,3923;0,0557;-0,1266;-0,0283;0,0006;0,9915;;False
636,67;32.26;pa030​;20250612_123326;1;Marche2;-0,0134;1,3922;0,0555;-0,1266;-0,0281;0,0004;0,9916;;False
636,68;32.28;pa030​;20250612_123326;1;Marche2;-0,0134;1,3922;0,0555;-0,1265;-0,0280;0,0004;0,9916;;False
636,70;32.29;pa030​;20250612_123326;1;Marche2;-0,0135;1,3923;0,0556;-0,1267;-0,0279;0,0004;0,9915;;False
636,71;32.31;pa030​;20250612_123326;1;Marche2;-0,0137;1,3924;0,0557;-0,1270;-0,0281;0,0005;0,9915;;False
636,72;32.32;pa030​;20250612_123326;1;Marche2;-0,0138;1,3925;0,0558;-0,1275;-0,0284;0,0005;0,9914;;False
636,74;32.33;pa030​;20250612_123326;1;Marche2;-0,0139;1,3925;0,0559;-0,1277;-0,0287;0,0005;0,9914;;False
636,75;32.35;pa030​;20250612_123326;1;Marche2;-0,0141;1,3925;0,0560;-0,1273;-0,0286;0,0007;0,9915;;False
636,76;32.36;pa030​;20250612_123326;1;Marche2;-0,0141;1,3924;0,0561;-0,1273;-0,0287;0,0006;0,9915;;False
636,78;32.38;pa030​;20250612_123326;1;Marche2;-0,0141;1,3923;0,0560;-0,1270;-0,0286;0,0007;0,9915;;False
636,79;32.39;pa030​;20250612_123326;1;Marche2;-0,0141;1,3921;0,0560;-0,1268;-0,0282;0,0006;0,9915;;False
636,81;32.4;pa030​;20250612_123326;1;Marche2;-0,0142;1,3922;0,0562;-0,1267;-0,0280;0,0007;0,9915;;False
636,82;32.42;pa030​;20250612_123326;1;Marche2;-0,0143;1,3922;0,0563;-0,1267;-0,0279;0,0008;0,9916;;False
636,83;32.43;pa030​;20250612_123326;1;Marche2;-0,0145;1,3924;0,0565;-0,1268;-0,0279;0,0010;0,9915;;False
636,85;32.44;pa030​;20250612_123326;1;Marche2;-0,0146;1,3926;0,0566;-0,1272;-0,0280;0,0010;0,9915;;False
636,86;32.46;pa030​;20250612_123326;1;Marche2;-0,0148;1,3928;0,0567;-0,1280;-0,0281;0,0008;0,9914;;False
636,88;32.47;pa030​;20250612_123326;1;Marche2;-0,0149;1,3933;0,0569;-0,1294;-0,0282;0,0008;0,9912;;False
636,89;32.49;pa030​;20250612_123326;1;Marche2;-0,0149;1,3933;0,0568;-0,1307;-0,0282;0,0008;0,9910;;False
636,90;32.5;pa030​;20250612_123326;1;Marche2;-0,0149;1,3934;0,0567;-0,1317;-0,0281;0,0006;0,9909;;False
636,92;32.51;pa030​;20250612_123326;1;Marche2;-0,0149;1,3934;0,0567;-0,1324;-0,0279;0,0005;0,9908;;False
636,93;32.53;pa030​;20250612_123326;1;Marche2;-0,0150;1,3936;0,0568;-0,1330;-0,0279;0,0003;0,9907;;False
636,94;32.54;pa030​;20250612_123326;1;Marche2;-0,0151;1,3937;0,0569;-0,1333;-0,0280;0,0001;0,9907;;False
636,96;32.56;pa030​;20250612_123326;1;Marche2;-0,0152;1,3938;0,0569;-0,1331;-0,0284;0,0003;0,9907;;False
636,97;32.57;pa030​;20250612_123326;1;Marche2;-0,0154;1,3938;0,0569;-0,1330;-0,0284;0,0003;0,9907;;False
636,99;32.58;pa030​;20250612_123326;1;Marche2;-0,0155;1,3937;0,0570;-0,1331;-0,0285;0,0005;0,9907;;False
637,00;32.6;pa030​;20250612_123326;1;Marche2;-0,0156;1,3937;0,0571;-0,1329;-0,0286;0,0006;0,9907;;False
637,01;32.61;pa030​;20250612_123326;1;Marche2;-0,0157;1,3936;0,0572;-0,1327;-0,0289;0,0010;0,9907;;False
637,03;32.63;pa030​;20250612_123326;1;Marche2;-0,0158;1,3936;0,0572;-0,1321;-0,0289;0,0010;0,9908;;False
637,04;32.64;pa030​;20250612_123326;1;Marche2;-0,0158;1,3936;0,0574;-0,1323;-0,0292;0,0011;0,9908;;False
637,06;32.65;pa030​;20250612_123326;1;Marche2;-0,0159;1,3936;0,0576;-0,1325;-0,0294;0,0007;0,9907;;False
637,07;32.67;pa030​;20250612_123326;1;Marche2;-0,0159;1,3937;0,0577;-0,1322;-0,0294;0,0006;0,9908;;False
637,08;32.68;pa030​;20250612_123326;1;Marche2;-0,0158;1,3937;0,0579;-0,1317;-0,0294;0,0002;0,9908;;False
637,10;32.7;pa030​;20250612_123326;1;Marche2;-0,0158;1,3936;0,0581;-0,1311;-0,0291;-0,0003;0,9909;;False
637,11;32.71;pa030​;20250612_123326;1;Marche2;-0,0157;1,3936;0,0583;-0,1309;-0,0291;-0,0004;0,9910;;False
637,13;32.72;pa030​;20250612_123326;1;Marche2;-0,0156;1,3935;0,0585;-0,1311;-0,0289;-0,0005;0,9909;;False
637,14;32.74;pa030​;20250612_123326;1;Marche2;-0,0155;1,3935;0,0586;-0,1314;-0,0283;-0,0008;0,9909;;False
637,15;32.75;pa030​;20250612_123326;1;Marche2;-0,0154;1,3934;0,0587;-0,1314;-0,0282;-0,0009;0,9909;;False
637,17;32.76;pa030​;20250612_123326;1;Marche2;-0,0154;1,3935;0,0589;-0,1313;-0,0282;-0,0011;0,9909;;False
637,18;32.78;pa030​;20250612_123326;1;Marche2;-0,0154;1,3935;0,0591;-0,1314;-0,0284;-0,0014;0,9909;;False
637,20;32.79;pa030​;20250612_123326;1;Marche2;-0,0154;1,3935;0,0593;-0,1311;-0,0287;-0,0013;0,9909;;False
637,21;32.81;pa030​;20250612_123326;1;Marche2;-0,0155;1,3935;0,0595;-0,1310;-0,0289;-0,0016;0,9910;;False
637,22;32.82;pa030​;20250612_123326;1;Marche2;-0,0155;1,3934;0,0597;-0,1302;-0,0297;-0,0018;0,9910;;False
637,24;32.83;pa030​;20250612_123326;1;Marche2;-0,0157;1,3933;0,0599;-0,1297;-0,0303;-0,0017;0,9911;;False
637,25;32.85;pa030​;20250612_123326;1;Marche2;-0,0158;1,3932;0,0601;-0,1303;-0,0308;-0,0020;0,9910;;False
637,26;32.86;pa030​;20250612_123326;1;Marche2;-0,0159;1,3933;0,0603;-0,1315;-0,0311;-0,0019;0,9908;;False
637,28;32.88;pa030​;20250612_123326;1;Marche2;-0,0159;1,3936;0,0605;-0,1328;-0,0311;-0,0016;0,9907;;False
637,29;32.89;pa030​;20250612_123326;1;Marche2;-0,0160;1,3937;0,0607;-0,1326;-0,0307;-0,0018;0,9907;;False
637,31;32.9;pa030​;20250612_123326;1;Marche2;-0,0160;1,3937;0,0608;-0,1322;-0,0306;-0,0016;0,9908;;False
637,32;32.92;pa030​;20250612_123326;1;Marche2;-0,0160;1,3937;0,0609;-0,1321;-0,0304;-0,0015;0,9908;;False
637,33;32.93;pa030​;20250612_123326;1;Marche2;-0,0159;1,3937;0,0610;-0,1321;-0,0300;-0,0018;0,9908;;False
637,35;32.95;pa030​;20250612_123326;1;Marche2;-0,0159;1,3939;0,0612;-0,1328;-0,0297;-0,0021;0,9907;;False
637,36;32.96;pa030​;20250612_123326;1;Marche2;-0,0159;1,3940;0,0613;-0,1331;-0,0294;-0,0021;0,9907;;False
637,38;32.97;pa030​;20250612_123326;1;Marche2;-0,0158;1,3939;0,0613;-0,1331;-0,0294;-0,0020;0,9907;;False
637,39;32.99;pa030​;20250612_123326;1;Marche2;-0,0157;1,3937;0,0614;-0,1326;-0,0289;-0,0021;0,9907;;False
637,40;33.0;pa030​;20250612_123326;1;Marche2;-0,0157;1,3937;0,0614;-0,1317;-0,0287;-0,0027;0,9909;;False
637,42;33.01;pa030​;20250612_123326;1;Marche2;-0,0156;1,3937;0,0616;-0,1319;-0,0281;-0,0021;0,9909;;False
637,43;33.03;pa030​;20250612_123326;1;Marche2;-0,0155;1,3937;0,0617;-0,1323;-0,0274;-0,0020;0,9908;;False
637,44;33.04;pa030​;20250612_123326;1;Marche2;-0,0154;1,3938;0,0618;-0,1329;-0,0269;-0,0020;0,9908;;False
637,46;33.06;pa030​;20250612_123326;1;Marche2;-0,0153;1,3939;0,0619;-0,1334;-0,0263;-0,0018;0,9907;;False
637,47;33.07;pa030​;20250612_123326;1;Marche2;-0,0152;1,3940;0,0620;-0,1337;-0,0261;-0,0017;0,9907;;False
637,49;33.08;pa030​;20250612_123326;1;Marche2;-0,0151;1,3940;0,0621;-0,1340;-0,0255;-0,0018;0,9907;;False
637,50;33.1;pa030​;20250612_123326;1;Marche2;-0,0151;1,3940;0,0621;-0,1338;-0,0249;-0,0016;0,9907;;False
637,52;33.11;pa030​;20250612_123326;1;Marche2;-0,0149;1,3939;0,0622;-0,1335;-0,0244;-0,0019;0,9907;;False
637,53;33.12;pa030​;20250612_123326;1;Marche2;-0,0148;1,3938;0,0623;-0,1329;-0,0236;-0,0019;0,9908;;False
637,54;33.14;pa030​;20250612_123326;1;Marche2;-0,0146;1,3937;0,0623;-0,1318;-0,0228;-0,0021;0,9910;;False
637,56;33.15;pa030​;20250612_123326;1;Marche2;-0,0144;1,3936;0,0624;-0,1313;-0,0222;-0,0021;0,9911;;False
637,57;33.17;pa030​;20250612_123326;1;Marche2;-0,0142;1,3936;0,0624;-0,1311;-0,0216;-0,0020;0,9911;;False
637,58;33.18;pa030​;20250612_123326;1;Marche2;-0,0140;1,3936;0,0625;-0,1310;-0,0213;-0,0019;0,9912;;False
637,60;33.2;pa030​;20250612_123326;1;Marche2;-0,0139;1,3936;0,0625;-0,1310;-0,0214;-0,0021;0,9912;;False
637,61;33.21;pa030​;20250612_123326;1;Marche2;-0,0138;1,3934;0,0624;-0,1313;-0,0213;-0,0024;0,9911;;False
637,63;33.22;pa030​;20250612_123326;1;Marche2;-0,0136;1,3933;0,0623;-0,1322;-0,0213;-0,0028;0,9910;;False
637,64;33.24;pa030​;20250612_123326;1;Marche2;-0,0135;1,3934;0,0623;-0,1328;-0,0212;-0,0029;0,9909;;False
637,65;33.25;pa030​;20250612_123326;1;Marche2;-0,0134;1,3935;0,0623;-0,1332;-0,0213;-0,0030;0,9909;;False
637,67;33.26;pa030​;20250612_123326;1;Marche2;-0,0133;1,3936;0,0623;-0,1336;-0,0215;-0,0029;0,9908;;False
637,68;33.28;pa030​;20250612_123326;1;Marche2;-0,0132;1,3936;0,0623;-0,1337;-0,0218;-0,0029;0,9908;;False
637,70;33.29;pa030​;20250612_123326;1;Marche2;-0,0131;1,3936;0,0623;-0,1333;-0,0219;-0,0029;0,9908;;False
637,71;33.31;pa030​;20250612_123326;1;Marche2;-0,0130;1,3936;0,0623;-0,1331;-0,0221;-0,0030;0,9909;;False
637,72;33.32;pa030​;20250612_123326;1;Marche2;-0,0129;1,3936;0,0623;-0,1330;-0,0223;-0,0031;0,9909;;False
637,74;33.33;pa030​;20250612_123326;1;Marche2;-0,0128;1,3935;0,0622;-0,1332;-0,0223;-0,0031;0,9908;;False
637,75;33.35;pa030​;20250612_123326;1;Marche2;-0,0127;1,3935;0,0621;-0,1339;-0,0222;-0,0031;0,9907;;False
637,76;33.36;pa030​;20250612_123326;1;Marche2;-0,0125;1,3935;0,0621;-0,1338;-0,0220;-0,0031;0,9908;;False
637,78;33.38;pa030​;20250612_123326;1;Marche2;-0,0123;1,3936;0,0620;-0,1338;-0,0221;-0,0031;0,9908;;False
637,79;33.39;pa030​;20250612_123326;1;Marche2;-0,0122;1,3936;0,0619;-0,1338;-0,0220;-0,0033;0,9908;;False
637,81;33.4;pa030​;20250612_123326;1;Marche2;-0,0120;1,3937;0,0618;-0,1341;-0,0220;-0,0035;0,9907;;False
637,82;33.42;pa030​;20250612_123326;1;Marche2;-0,0119;1,3937;0,0617;-0,1342;-0,0221;-0,0037;0,9907;;False
637,84;33.43;pa030​;20250612_123326;1;Marche2;-0,0118;1,3937;0,0616;-0,1344;-0,0225;-0,0037;0,9907;;False
637,85;33.45;pa030​;20250612_123326;1;Marche2;-0,0117;1,3937;0,0615;-0,1350;-0,0229;-0,0036;0,9906;;False
637,86;33.46;pa030​;20250612_123326;1;Marche2;-0,0117;1,3937;0,0614;-0,1357;-0,0231;-0,0036;0,9905;;False
637,88;33.47;pa030​;20250612_123326;1;Marche2;-0,0116;1,3938;0,0612;-0,1365;-0,0232;-0,0033;0,9904;;False
637,89;33.49;pa030​;20250612_123326;1;Marche2;-0,0115;1,3939;0,0612;-0,1374;-0,0227;-0,0029;0,9902;;False
637,90;33.5;pa030​;20250612_123326;1;Marche2;-0,0113;1,3940;0,0611;-0,1376;-0,0221;-0,0027;0,9902;;False
637,92;33.51;pa030​;20250612_123326;1;Marche2;-0,0111;1,3940;0,0610;-0,1379;-0,0217;-0,0024;0,9902;;False
637,93;33.53;pa030​;20250612_123326;1;Marche2;-0,0109;1,3940;0,0610;-0,1379;-0,0217;-0,0022;0,9902;;False
637,95;33.54;pa030​;20250612_123326;1;Marche2;-0,0108;1,3940;0,0610;-0,1379;-0,0217;-0,0021;0,9902;;False
637,96;33.56;pa030​;20250612_123326;1;Marche2;-0,0107;1,3939;0,0610;-0,1378;-0,0219;-0,0022;0,9902;;False
637,97;33.57;pa030​;20250612_123326;1;Marche2;-0,0107;1,3938;0,0610;-0,1377;-0,0220;-0,0023;0,9902;;False
637,99;33.58;pa030​;20250612_123326;1;Marche2;-0,0108;1,3937;0,0610;-0,1373;-0,0221;-0,0024;0,9903;;False
638,00;33.6;pa030​;20250612_123326;1;Marche2;-0,0107;1,3936;0,0611;-0,1365;-0,0224;-0,0026;0,9904;;False
638,01;33.61;pa030​;20250612_123326;1;Marche2;-0,0107;1,3934;0,0612;-0,1359;-0,0227;-0,0028;0,9905;;False
638,03;33.63;pa030​;20250612_123326;1;Marche2;-0,0107;1,3933;0,0614;-0,1357;-0,0228;-0,0030;0,9905;;False
638,04;33.64;pa030​;20250612_123326;1;Marche2;-0,0107;1,3933;0,0615;-0,1354;-0,0233;-0,0032;0,9905;;False
638,06;33.65;pa030​;20250612_123326;1;Marche2;-0,0107;1,3933;0,0616;-0,1354;-0,0234;-0,0029;0,9905;;False
638,07;33.67;pa030​;20250612_123326;1;Marche2;-0,0107;1,3933;0,0617;-0,1353;-0,0237;-0,0029;0,9905;;False
638,08;33.68;pa030​;20250612_123326;1;Marche2;-0,0107;1,3933;0,0617;-0,1357;-0,0240;-0,0026;0,9905;;False
638,10;33.69;pa030​;20250612_123326;1;Marche2;-0,0108;1,3933;0,0616;-0,1359;-0,0243;-0,0023;0,9904;;False
638,11;33.71;pa030​;20250612_123326;1;Marche2;-0,0108;1,3933;0,0617;-0,1364;-0,0246;-0,0026;0,9903;;False
638,13;33.72;pa030​;20250612_123326;1;Marche2;-0,0108;1,3935;0,0618;-0,1369;-0,0249;-0,0025;0,9903;;False
638,14;33.74;pa030​;20250612_123326;1;Marche2;-0,0108;1,3936;0,0620;-0,1375;-0,0252;-0,0024;0,9902;;False
638,15;33.75;pa030​;20250612_123326;1;Marche2;-0,0107;1,3937;0,0622;-0,1374;-0,0250;-0,0022;0,9902;;False
638,17;33.76;pa030​;20250612_123326;1;Marche2;-0,0106;1,3937;0,0625;-0,1373;-0,0247;-0,0024;0,9902;;False
638,18;33.78;pa030​;20250612_123326;1;Marche2;-0,0104;1,3937;0,0628;-0,1370;-0,0245;-0,0025;0,9903;;False
638,20;33.79;pa030​;20250612_123326;1;Marche2;-0,0102;1,3937;0,0631;-0,1366;-0,0236;-0,0025;0,9903;;False
638,21;33.8;pa030​;20250612_123326;1;Marche2;-0,0100;1,3937;0,0634;-0,1365;-0,0231;-0,0026;0,9904;;False
638,22;33.82;pa030​;20250612_123326;1;Marche2;-0,0098;1,3936;0,0637;-0,1366;-0,0227;-0,0024;0,9904;;False
638,24;33.83;pa030​;20250612_123326;1;Marche2;-0,0097;1,3936;0,0639;-0,1366;-0,0223;-0,0023;0,9904;;False
638,25;33.85;pa030​;20250612_123326;1;Marche2;-0,0096;1,3936;0,0643;-0,1366;-0,0221;-0,0024;0,9904;;False
638,26;33.86;pa030​;20250612_123326;1;Marche2;-0,0094;1,3936;0,0646;-0,1366;-0,0222;-0,0023;0,9904;;False
638,28;33.88;pa030​;20250612_123326;1;Marche2;-0,0093;1,3937;0,0650;-0,1367;-0,0222;-0,0024;0,9904;;False
638,29;33.89;pa030​;20250612_123326;1;Marche2;-0,0091;1,3937;0,0654;-0,1368;-0,0222;-0,0025;0,9904;;False
638,31;33.9;pa030​;20250612_123326;1;Marche2;-0,0089;1,3938;0,0658;-0,1369;-0,0220;-0,0025;0,9903;;False
638,32;33.92;pa030​;20250612_123326;1;Marche2;-0,0087;1,3938;0,0662;-0,1368;-0,0217;-0,0027;0,9904;;False
638,33;33.93;pa030​;20250612_123326;1;Marche2;-0,0086;1,3938;0,0666;-0,1367;-0,0214;-0,0027;0,9904;;False
638,35;33.94;pa030​;20250612_123326;1;Marche2;-0,0085;1,3939;0,0670;-0,1366;-0,0212;-0,0028;0,9904;;False
638,36;33.96;pa030​;20250612_123326;1;Marche2;-0,0083;1,3939;0,0673;-0,1365;-0,0209;-0,0029;0,9904;;False
638,38;33.97;pa030​;20250612_123326;1;Marche2;-0,0081;1,3939;0,0678;-0,1365;-0,0205;-0,0029;0,9904;;False
638,39;33.99;pa030​;20250612_123326;1;Marche2;-0,0079;1,3940;0,0682;-0,1366;-0,0200;-0,0030;0,9904;;False
638,40;34.0;pa030​;20250612_123326;1;Marche2;-0,0077;1,3941;0,0685;-0,1371;-0,0197;-0,0029;0,9904;;False
638,42;34.01;pa030​;20250612_123326;1;Marche2;-0,0075;1,3942;0,0689;-0,1375;-0,0193;-0,0031;0,9903;;False
638,43;34.03;pa030​;20250612_123326;1;Marche2;-0,0072;1,3943;0,0693;-0,1380;-0,0190;-0,0032;0,9902;;False
638,44;34.04;pa030​;20250612_123326;1;Marche2;-0,0071;1,3944;0,0696;-0,1386;-0,0185;-0,0031;0,9902;;False
638,46;34.06;pa030​;20250612_123326;1;Marche2;-0,0070;1,3945;0,0699;-0,1393;-0,0182;-0,0034;0,9901;;False
638,47;34.07;pa030​;20250612_123326;1;Marche2;-0,0070;1,3946;0,0703;-0,1398;-0,0180;-0,0035;0,9900;;False
638,49;34.08;pa030​;20250612_123326;1;Marche2;-0,0068;1,3947;0,0707;-0,1400;-0,0179;-0,0036;0,9900;;False
638,50;34.1;pa030​;20250612_123326;1;Marche2;-0,0067;1,3947;0,0710;-0,1400;-0,0179;-0,0038;0,9900;;False
638,52;34.11;pa030​;20250612_123326;1;Marche2;-0,0066;1,3947;0,0714;-0,1400;-0,0179;-0,0038;0,9900;;False
638,53;34.13;pa030​;20250612_123326;1;Marche2;-0,0065;1,3946;0,0718;-0,1401;-0,0180;-0,0036;0,9900;;False
638,54;34.14;pa030​;20250612_123326;1;Marche2;-0,0064;1,3947;0,0722;-0,1403;-0,0180;-0,0036;0,9899;;False
638,56;34.15;pa030​;20250612_123326;1;Marche2;-0,0064;1,3947;0,0726;-0,1406;-0,0181;-0,0036;0,9899;;False
638,57;34.17;pa030​;20250612_123326;1;Marche2;-0,0063;1,3946;0,0728;-0,1407;-0,0183;-0,0036;0,9899;;False
638,58;34.18;pa030​;20250612_123326;1;Marche2;-0,0063;1,3945;0,0729;-0,1407;-0,0185;-0,0037;0,9899;;False
638,60;34.19;pa030​;20250612_123326;1;Marche2;-0,0062;1,3945;0,0732;-0,1407;-0,0186;-0,0036;0,9899;;False
638,61;34.21;pa030​;20250612_123326;1;Marche2;-0,0062;1,3944;0,0735;-0,1408;-0,0187;-0,0036;0,9899;;False
638,63;34.22;pa030​;20250612_123326;1;Marche2;-0,0061;1,3945;0,0738;-0,1408;-0,0189;-0,0035;0,9898;;False
638,64;34.24;pa030​;20250612_123326;1;Marche2;-0,0060;1,3945;0,0742;-0,1410;-0,0190;-0,0035;0,9898;;False
638,65;34.25;pa030​;20250612_123326;1;Marche2;-0,0059;1,3946;0,0745;-0,1412;-0,0188;-0,0036;0,9898;;False
638,67;34.26;pa030​;20250612_123326;1;Marche2;-0,0058;1,3946;0,0748;-0,1414;-0,0189;-0,0035;0,9898;;False
638,68;34.28;pa030​;20250612_123326;1;Marche2;-0,0057;1,3946;0,0751;-0,1415;-0,0190;-0,0035;0,9898;;False
638,69;34.29;pa030​;20250612_123326;1;Marche2;-0,0057;1,3946;0,0754;-0,1414;-0,0190;-0,0035;0,9898;;False
638,71;34.3;pa030​;20250612_123326;1;Marche2;-0,0057;1,3945;0,0757;-0,1413;-0,0190;-0,0036;0,9898;;False
638,72;34.32;pa030​;20250612_123326;1;Marche2;-0,0056;1,3944;0,0761;-0,1409;-0,0189;-0,0036;0,9898;;False
638,74;34.33;pa030​;20250612_123326;1;Marche2;-0,0055;1,3943;0,0764;-0,1406;-0,0189;-0,0037;0,9899;;False
638,75;34.35;pa030​;20250612_123326;1;Marche2;-0,0054;1,3943;0,0768;-0,1405;-0,0189;-0,0036;0,9899;;False
638,76;34.36;pa030​;20250612_123326;1;Marche2;-0,0053;1,3942;0,0772;-0,1401;-0,0191;-0,0038;0,9899;;False
638,78;34.37;pa030​;20250612_123326;1;Marche2;-0,0052;1,3940;0,0775;-0,1397;-0,0190;-0,0038;0,9900;;False
638,79;34.39;pa030​;20250612_123326;1;Marche2;-0,0051;1,3939;0,0779;-0,1388;-0,0190;-0,0037;0,9901;;False
638,81;34.4;pa030​;20250612_123326;1;Marche2;-0,0050;1,3937;0,0783;-0,1383;-0,0191;-0,0038;0,9902;;False
638,82;34.42;pa030​;20250612_123326;1;Marche2;-0,0050;1,3935;0,0786;-0,1376;-0,0193;-0,0038;0,9903;;False
638,83;34.43;pa030​;20250612_123326;1;Marche2;-0,0050;1,3934;0,0789;-0,1373;-0,0196;-0,0038;0,9903;;False
638,85;34.44;pa030​;20250612_123326;1;Marche2;-0,0048;1,3933;0,0793;-0,1372;-0,0199;-0,0038;0,9903;;False
638,86;34.46;pa030​;20250612_123326;1;Marche2;-0,0047;1,3933;0,0796;-0,1372;-0,0200;-0,0038;0,9903;;False
638,88;34.47;pa030​;20250612_123326;1;Marche2;-0,0046;1,3933;0,0799;-0,1372;-0,0202;-0,0038;0,9903;;False
638,89;34.49;pa030​;20250612_123326;1;Marche2;-0,0044;1,3933;0,0803;-0,1372;-0,0201;-0,0039;0,9903;;False
638,90;34.5;pa030​;20250612_123326;1;Marche2;-0,0043;1,3933;0,0806;-0,1371;-0,0201;-0,0039;0,9903;;False
638,92;34.51;pa030​;20250612_123326;1;Marche2;-0,0042;1,3934;0,0810;-0,1372;-0,0201;-0,0039;0,9903;;False
638,93;34.53;pa030​;20250612_123326;1;Marche2;-0,0042;1,3934;0,0814;-0,1373;-0,0203;-0,0039;0,9903;;False
638,95;34.54;pa030​;20250612_123326;1;Marche2;-0,0042;1,3934;0,0817;-0,1374;-0,0206;-0,0042;0,9903;;False
638,96;34.56;pa030​;20250612_123326;1;Marche2;-0,0042;1,3934;0,0820;-0,1372;-0,0209;-0,0041;0,9903;;False
638,97;34.57;pa030​;20250612_123326;1;Marche2;-0,0040;1,3934;0,0824;-0,1368;-0,0211;-0,0045;0,9904;;False
638,99;34.58;pa030​;20250612_123326;1;Marche2;-0,0039;1,3933;0,0827;-0,1363;-0,0210;-0,0046;0,9904;;False
639,00;34.6;pa030​;20250612_123326;1;Marche2;-0,0038;1,3933;0,0830;-0,1359;-0,0212;-0,0045;0,9905;;False
639,01;34.61;pa030​;20250612_123326;1;Marche2;-0,0038;1,3933;0,0833;-0,1358;-0,0212;-0,0046;0,9905;;False
639,03;34.62;pa030​;20250612_123326;1;Marche2;-0,0037;1,3933;0,0836;-0,1356;-0,0213;-0,0046;0,9905;;False
639,04;34.64;pa030​;20250612_123326;1;Marche2;-0,0037;1,3933;0,0838;-0,1355;-0,0213;-0,0046;0,9905;;False
639,06;34.65;pa030​;20250612_123326;1;Marche2;-0,0038;1,3932;0,0839;-0,1355;-0,0214;-0,0044;0,9905;;False
639,07;34.67;pa030​;20250612_123326;1;Marche2;-0,0038;1,3930;0,0841;-0,1355;-0,0214;-0,0042;0,9905;;False
639,08;34.68;pa030​;20250612_123326;1;Marche2;-0,0038;1,3930;0,0843;-0,1355;-0,0214;-0,0040;0,9905;;False
639,10;34.7;pa030​;20250612_123326;1;Marche2;-0,0038;1,3930;0,0845;-0,1355;-0,0215;-0,0039;0,9905;;False
639,11;34.71;pa030​;20250612_123326;1;Marche2;-0,0038;1,3930;0,0847;-0,1354;-0,0216;-0,0040;0,9905;;False
639,13;34.72;pa030​;20250612_123326;1;Marche2;-0,0038;1,3930;0,0849;-0,1353;-0,0215;-0,0041;0,9906;;False
639,14;34.74;pa030​;20250612_123326;1;Marche2;-0,0039;1,3930;0,0850;-0,1353;-0,0217;-0,0041;0,9906;;False
639,15;34.75;pa030​;20250612_123326;1;Marche2;-0,0039;1,3930;0,0851;-0,1354;-0,0218;-0,0041;0,9905;;False
639,17;34.76;pa030​;20250612_123326;1;Marche2;-0,0041;1,3931;0,0852;-0,1355;-0,0220;-0,0041;0,9905;;False
639,18;34.78;pa030​;20250612_123326;1;Marche2;-0,0043;1,3932;0,0852;-0,1359;-0,0223;-0,0041;0,9905;;False
639,20;34.79;pa030​;20250612_123326;1;Marche2;-0,0045;1,3933;0,0852;-0,1362;-0,0223;-0,0040;0,9904;;False
639,21;34.81;pa030​;20250612_123326;1;Marche2;-0,0046;1,3934;0,0852;-0,1366;-0,0225;-0,0037;0,9904;;False
639,22;34.82;pa030​;20250612_123326;1;Marche2;-0,0048;1,3935;0,0853;-0,1371;-0,0225;-0,0034;0,9903;;False
639,24;34.83;pa030​;20250612_123326;1;Marche2;-0,0050;1,3935;0,0853;-0,1376;-0,0227;-0,0032;0,9902;;False
639,25;34.85;pa030​;20250612_123326;1;Marche2;-0,0051;1,3935;0,0853;-0,1376;-0,0228;-0,0031;0,9902;;False
639,26;34.86;pa030​;20250612_123326;1;Marche2;-0,0053;1,3935;0,0854;-0,1376;-0,0230;-0,0032;0,9902;;False
639,28;34.88;pa030​;20250612_123326;1;Marche2;-0,0054;1,3935;0,0854;-0,1375;-0,0231;-0,0031;0,9902;;False
639,29;34.89;pa030​;20250612_123326;1;Marche2;-0,0056;1,3934;0,0852;-0,1373;-0,0234;-0,0031;0,9903;;False
639,31;34.9;pa030​;20250612_123326;1;Marche2;-0,0059;1,3934;0,0851;-0,1373;-0,0237;-0,0031;0,9902;;False
639,32;34.92;pa030​;20250612_123326;1;Marche2;-0,0060;1,3934;0,0850;-0,1375;-0,0240;-0,0032;0,9902;;False
639,33;34.93;pa030​;20250612_123326;1;Marche2;-0,0062;1,3934;0,0849;-0,1377;-0,0239;-0,0031;0,9902;;False
639,35;34.94;pa030​;20250612_123326;1;Marche2;-0,0063;1,3934;0,0849;-0,1379;-0,0239;-0,0031;0,9901;;False
639,36;34.96;pa030​;20250612_123326;1;Marche2;-0,0064;1,3935;0,0848;-0,1380;-0,0237;-0,0029;0,9901;;False
639,38;34.97;pa030​;20250612_123326;1;Marche2;-0,0065;1,3935;0,0847;-0,1383;-0,0236;-0,0029;0,9901;;False
639,39;34.99;pa030​;20250612_123326;1;Marche2;-0,0066;1,3936;0,0846;-0,1386;-0,0234;-0,0029;0,9901;;False
639,40;35.0;pa030​;20250612_123326;1;Marche2;-0,0067;1,3936;0,0844;-0,1390;-0,0233;-0,0030;0,9900;;False
639,42;35.01;pa030​;20250612_123326;1;Marche2;-0,0068;1,3936;0,0842;-0,1391;-0,0232;-0,0031;0,9900;;False
639,43;35.03;pa030​;20250612_123326;1;Marche2;-0,0070;1,3936;0,0839;-0,1391;-0,0230;-0,0032;0,9900;;False
639,45;35.04;pa030​;20250612_123326;1;Marche2;-0,0071;1,3935;0,0839;-0,1391;-0,0230;-0,0033;0,9900;;False
639,46;35.06;pa030​;20250612_123326;1;Marche2;-0,0073;1,3935;0,0838;-0,1391;-0,0231;-0,0033;0,9900;;False
639,47;35.07;pa030​;20250612_123326;1;Marche2;-0,0075;1,3935;0,0838;-0,1391;-0,0231;-0,0032;0,9900;;False
639,49;35.08;pa030​;20250612_123326;1;Marche2;-0,0077;1,3934;0,0838;-0,1392;-0,0233;-0,0032;0,9900;;False
639,50;35.1;pa030​;20250612_123326;1;Marche2;-0,0079;1,3934;0,0838;-0,1392;-0,0234;-0,0031;0,9900;;False
639,52;35.11;pa030​;20250612_123326;1;Marche2;-0,0082;1,3934;0,0838;-0,1391;-0,0233;-0,0029;0,9900;;False
639,53;35.12;pa030​;20250612_123326;1;Marche2;-0,0085;1,3933;0,0838;-0,1389;-0,0234;-0,0027;0,9900;;False
639,54;35.14;pa030​;20250612_123326;1;Marche2;-0,0089;1,3934;0,0839;-0,1388;-0,0234;-0,0026;0,9900;;False
639,56;35.15;pa030​;20250612_123326;1;Marche2;-0,0092;1,3933;0,0839;-0,1388;-0,0231;-0,0025;0,9900;;False
639,57;35.17;pa030​;20250612_123326;1;Marche2;-0,0095;1,3933;0,0839;-0,1387;-0,0232;-0,0024;0,9901;;False
639,58;35.18;pa030​;20250612_123326;1;Marche2;-0,0097;1,3933;0,0838;-0,1393;-0,0233;-0,0022;0,9900;;False
639,60;35.19;pa030​;20250612_123326;1;Marche2;-0,0101;1,3934;0,0838;-0,1395;-0,0234;-0,0021;0,9899;;False
639,61;35.21;pa030​;20250612_123326;1;Marche2;-0,0105;1,3934;0,0837;-0,1398;-0,0234;-0,0017;0,9899;;False
639,63;35.22;pa030​;20250612_123326;1;Marche2;-0,0109;1,3934;0,0836;-0,1401;-0,0234;-0,0012;0,9899;;False
639,64;35.24;pa030​;20250612_123326;1;Marche2;-0,0113;1,3935;0,0835;-0,1405;-0,0235;-0,0007;0,9898;;False
639,65;35.25;pa030​;20250612_123326;1;Marche2;-0,0118;1,3936;0,0834;-0,1411;-0,0236;-0,0004;0,9897;;False
639,67;35.26;pa030​;20250612_123326;1;Marche2;-0,0123;1,3938;0,0832;-0,1414;-0,0237;0,0001;0,9897;;False
639,68;35.28;pa030​;20250612_123326;1;Marche2;-0,0128;1,3938;0,0830;-0,1417;-0,0237;0,0007;0,9896;;False
639,70;35.29;pa030​;20250612_123326;1;Marche2;-0,0133;1,3939;0,0829;-0,1420;-0,0238;0,0013;0,9896;;False
639,71;35.31;pa030​;20250612_123326;1;Marche2;-0,0139;1,3939;0,0828;-0,1423;-0,0241;0,0020;0,9895;;False
639,72;35.32;pa030​;20250612_123326;1;Marche2;-0,0144;1,3939;0,0827;-0,1425;-0,0246;0,0026;0,9895;;False
639,74;35.33;pa030​;20250612_123326;1;Marche2;-0,0150;1,3939;0,0825;-0,1427;-0,0250;0,0031;0,9894;;False
639,75;35.35;pa030​;20250612_123326;1;Marche2;-0,0155;1,3940;0,0823;-0,1427;-0,0254;0,0036;0,9894;;False
639,76;35.36;pa030​;20250612_123326;1;Marche2;-0,0161;1,3940;0,0821;-0,1430;-0,0255;0,0040;0,9894;;False
639,78;35.38;pa030​;20250612_123326;1;Marche2;-0,0165;1,3942;0,0819;-0,1434;-0,0260;0,0041;0,9893;;False
639,79;35.39;pa030​;20250612_123326;1;Marche2;-0,0171;1,3943;0,0817;-0,1439;-0,0262;0,0046;0,9892;;False
639,81;35.4;pa030​;20250612_123326;1;Marche2;-0,0176;1,3943;0,0815;-0,1444;-0,0265;0,0049;0,9891;;False
639,82;35.42;pa030​;20250612_123326;1;Marche2;-0,0181;1,3944;0,0813;-0,1447;-0,0268;0,0054;0,9891;;False
639,83;35.43;pa030​;20250612_123326;1;Marche2;-0,0186;1,3944;0,0811;-0,1448;-0,0270;0,0059;0,9891;;False
639,85;35.44;pa030​;20250612_123326;1;Marche2;-0,0190;1,3944;0,0810;-0,1446;-0,0270;0,0063;0,9891;;False
639,86;35.46;pa030​;20250612_123326;1;Marche2;-0,0194;1,3944;0,0808;-0,1446;-0,0269;0,0066;0,9891;;False
639,88;35.47;pa030​;20250612_123326;1;Marche2;-0,0197;1,3944;0,0807;-0,1446;-0,0268;0,0069;0,9891;;False
639,89;35.49;pa030​;20250612_123326;1;Marche2;-0,0201;1,3944;0,0806;-0,1445;-0,0269;0,0072;0,9891;;False
639,90;35.5;pa030​;20250612_123326;1;Marche2;-0,0205;1,3944;0,0803;-0,1445;-0,0270;0,0073;0,9891;;False
639,92;35.51;pa030​;20250612_123326;1;Marche2;-0,0208;1,3943;0,0801;-0,1445;-0,0270;0,0073;0,9891;;False
639,93;35.53;pa030​;20250612_123326;1;Marche2;-0,0210;1,3943;0,0801;-0,1444;-0,0271;0,0073;0,9891;;False
639,94;35.54;pa030​;20250612_123326;1;Marche2;-0,0212;1,3943;0,0800;-0,1443;-0,0272;0,0073;0,9891;;False
639,96;35.56;pa030​;20250612_123326;1;Marche2;-0,0215;1,3943;0,0799;-0,1443;-0,0273;0,0073;0,9891;;False
639,97;35.57;pa030​;20250612_123326;1;Marche2;-0,0216;1,3943;0,0799;-0,1443;-0,0275;0,0073;0,9891;;False
639,99;35.58;pa030​;20250612_123326;1;Marche2;-0,0218;1,3944;0,0798;-0,1446;-0,0279;0,0071;0,9891;;False
640,00;35.6;pa030​;20250612_123326;1;Marche2;-0,0220;1,3944;0,0798;-0,1450;-0,0280;0,0070;0,9890;;False
640,01;35.61;pa030​;20250612_123326;1;Marche2;-0,0221;1,3945;0,0797;-0,1452;-0,0282;0,0070;0,9890;;False
640,03;35.63;pa030​;20250612_123326;1;Marche2;-0,0222;1,3945;0,0797;-0,1453;-0,0280;0,0068;0,9890;;False
640,04;35.64;pa030​;20250612_123326;1;Marche2;-0,0223;1,3945;0,0797;-0,1453;-0,0278;0,0066;0,9890;;False
640,06;35.65;pa030​;20250612_123326;1;Marche2;-0,0222;1,3945;0,0797;-0,1454;-0,0276;0,0065;0,9890;;False
640,07;35.67;pa030​;20250612_123326;1;Marche2;-0,0222;1,3945;0,0798;-0,1453;-0,0274;0,0063;0,9890;;False
640,08;35.68;pa030​;20250612_123326;1;Marche2;-0,0221;1,3945;0,0798;-0,1454;-0,0272;0,0061;0,9890;;False
640,10;35.69;pa030​;20250612_123326;1;Marche2;-0,0221;1,3945;0,0798;-0,1452;-0,0269;0,0058;0,9890;;False
640,11;35.71;pa030​;20250612_123326;1;Marche2;-0,0220;1,3945;0,0799;-0,1450;-0,0268;0,0056;0,9891;;False
640,13;35.72;pa030​;20250612_123326;1;Marche2;-0,0221;1,3945;0,0799;-0,1450;-0,0267;0,0054;0,9891;;False
640,14;35.74;pa030​;20250612_123326;1;Marche2;-0,0223;1,3946;0,0800;-0,1451;-0,0267;0,0051;0,9891;;False
640,15;35.75;pa030​;20250612_123326;1;Marche2;-0,0224;1,3946;0,0801;-0,1451;-0,0264;0,0049;0,9890;;False
640,17;35.76;pa030​;20250612_123326;1;Marche2;-0,0224;1,3947;0,0801;-0,1453;-0,0261;0,0048;0,9890;;False
640,18;35.78;pa030​;20250612_123326;1;Marche2;-0,0223;1,3947;0,0802;-0,1453;-0,0257;0,0047;0,9890;;False
640,19;35.79;pa030​;20250612_123326;1;Marche2;-0,0223;1,3948;0,0802;-0,1454;-0,0256;0,0046;0,9890;;False
640,21;35.81;pa030​;20250612_123326;1;Marche2;-0,0223;1,3948;0,0803;-0,1456;-0,0253;0,0045;0,9890;;False
640,22;35.82;pa030​;20250612_123326;1;Marche2;-0,0223;1,3949;0,0803;-0,1457;-0,0251;0,0045;0,9890;;False
640,24;35.83;pa030​;20250612_123326;1;Marche2;-0,0223;1,3949;0,0804;-0,1457;-0,0247;0,0046;0,9890;;False
640,25;35.85;pa030​;20250612_123326;1;Marche2;-0,0223;1,3949;0,0805;-0,1456;-0,0246;0,0046;0,9890;;False
640,26;35.86;pa030​;20250612_123326;1;Marche2;-0,0223;1,3948;0,0806;-0,1456;-0,0243;0,0045;0,9890;;False
640,28;35.88;pa030​;20250612_123326;1;Marche2;-0,0224;1,3948;0,0807;-0,1456;-0,0242;0,0045;0,9890;;False
640,29;35.89;pa030​;20250612_123326;1;Marche2;-0,0224;1,3948;0,0808;-0,1455;-0,0241;0,0045;0,9890;;False
640,31;35.9;pa030​;20250612_123326;1;Marche2;-0,0225;1,3947;0,0810;-0,1452;-0,0238;0,0047;0,9891;;False
640,32;35.92;pa030​;20250612_123326;1;Marche2;-0,0225;1,3946;0,0811;-0,1448;-0,0235;0,0047;0,9892;;False
640,33;35.93;pa030​;20250612_123326;1;Marche2;-0,0225;1,3945;0,0812;-0,1446;-0,0236;0,0049;0,9892;;False
640,35;35.94;pa030​;20250612_123326;1;Marche2;-0,0226;1,3945;0,0813;-0,1445;-0,0235;0,0051;0,9892;;False
640,36;35.96;pa030​;20250612_123326;1;Marche2;-0,0227;1,3944;0,0813;-0,1443;-0,0237;0,0050;0,9892;;False
640,38;35.97;pa030​;20250612_123326;1;Marche2;-0,0229;1,3943;0,0814;-0,1440;-0,0236;0,0050;0,9893;;False
640,39;35.99;pa030​;20250612_123326;1;Marche2;-0,0230;1,3942;0,0814;-0,1436;-0,0235;0,0051;0,9893;;False
640,40;36.0;pa030​;20250612_123326;1;Marche2;-0,0231;1,3941;0,0815;-0,1434;-0,0233;0,0053;0,9894;;False
640,42;36.01;pa030​;20250612_123326;1;Marche2;-0,0231;1,3941;0,0815;-0,1431;-0,0234;0,0055;0,9894;;False
640,43;36.03;pa030​;20250612_123326;1;Marche2;-0,0231;1,3941;0,0816;-0,1430;-0,0234;0,0056;0,9894;;False
640,44;36.04;pa030​;20250612_123326;1;Marche2;-0,0231;1,3941;0,0816;-0,1432;-0,0235;0,0056;0,9894;;False
640,46;36.06;pa030​;20250612_123326;1;Marche2;-0,0232;1,3941;0,0816;-0,1432;-0,0234;0,0057;0,9894;;False
640,47;36.07;pa030​;20250612_123326;1;Marche2;-0,0231;1,3941;0,0816;-0,1433;-0,0233;0,0058;0,9894;;False
640,49;36.08;pa030​;20250612_123326;1;Marche2;-0,0232;1,3941;0,0814;-0,1432;-0,0231;0,0060;0,9894;;False
640,50;36.1;pa030​;20250612_123326;1;Marche2;-0,0232;1,3940;0,0813;-0,1433;-0,0229;0,0063;0,9894;;False
640,51;36.11;pa030​;20250612_123326;1;Marche2;-0,0232;1,3940;0,0812;-0,1432;-0,0228;0,0063;0,9894;;False
640,53;36.12;pa030​;20250612_123326;1;Marche2;-0,0231;1,3939;0,0812;-0,1431;-0,0226;0,0062;0,9894;;False
640,54;36.14;pa030​;20250612_123326;1;Marche2;-0,0231;1,3938;0,0812;-0,1427;-0,0224;0,0063;0,9895;;False
640,56;36.15;pa030​;20250612_123326;1;Marche2;-0,0230;1,3938;0,0811;-0,1424;-0,0223;0,0064;0,9895;;False
640,57;36.17;pa030​;20250612_123326;1;Marche2;-0,0229;1,3937;0,0811;-0,1424;-0,0223;0,0064;0,9895;;False
640,58;36.18;pa030​;20250612_123326;1;Marche2;-0,0229;1,3936;0,0811;-0,1423;-0,0224;0,0063;0,9895;;False
640,60;36.2;pa030​;20250612_123326;1;Marche2;-0,0228;1,3936;0,0810;-0,1424;-0,0226;0,0063;0,9895;;False
640,61;36.21;pa030​;20250612_123326;1;Marche2;-0,0228;1,3937;0,0809;-0,1423;-0,0227;0,0064;0,9895;;False
640,63;36.22;pa030​;20250612_123326;1;Marche2;-0,0228;1,3937;0,0808;-0,1422;-0,0229;0,0066;0,9896;;False
640,64;36.24;pa030​;20250612_123326;1;Marche2;-0,0227;1,3937;0,0807;-0,1419;-0,0231;0,0065;0,9896;;False
640,65;36.25;pa030​;20250612_123326;1;Marche2;-0,0226;1,3936;0,0806;-0,1416;-0,0233;0,0064;0,9896;;False
640,67;36.26;pa030​;20250612_123326;1;Marche2;-0,0225;1,3936;0,0806;-0,1413;-0,0235;0,0063;0,9897;;False
640,68;36.28;pa030​;20250612_123326;1;Marche2;-0,0223;1,3935;0,0805;-0,1410;-0,0236;0,0061;0,9897;;False
640,70;36.29;pa030​;20250612_123326;1;Marche2;-0,0221;1,3935;0,0804;-0,1408;-0,0238;0,0058;0,9897;;False
640,71;36.31;pa030​;20250612_123326;1;Marche2;-0,0219;1,3935;0,0803;-0,1408;-0,0239;0,0057;0,9897;;False
640,72;36.32;pa030​;20250612_123326;1;Marche2;-0,0217;1,3935;0,0801;-0,1409;-0,0238;0,0055;0,9897;;False
640,74;36.33;pa030​;20250612_123326;1;Marche2;-0,0216;1,3935;0,0799;-0,1410;-0,0237;0,0055;0,9897;;False
640,75;36.35;pa030​;20250612_123326;1;Marche2;-0,0215;1,3934;0,0796;-0,1413;-0,0238;0,0053;0,9897;;False
640,76;36.36;pa030​;20250612_123326;1;Marche2;-0,0213;1,3935;0,0795;-0,1416;-0,0238;0,0053;0,9896;;False
640,78;36.37;pa030​;20250612_123326;1;Marche2;-0,0211;1,3935;0,0793;-0,1417;-0,0240;0,0053;0,9896;;False
640,79;36.39;pa030​;20250612_123326;1;Marche2;-0,0209;1,3935;0,0792;-0,1416;-0,0241;0,0054;0,9896;;False
640,81;36.4;pa030​;20250612_123326;1;Marche2;-0,0207;1,3935;0,0791;-0,1416;-0,0243;0,0054;0,9896;;False
640,82;36.42;pa030​;20250612_123326;1;Marche2;-0,0205;1,3935;0,0789;-0,1415;-0,0246;0,0053;0,9896;;False
640,83;36.43;pa030​;20250612_123326;1;Marche2;-0,0203;1,3934;0,0788;-0,1415;-0,0247;0,0050;0,9896;;False
640,85;36.44;pa030​;20250612_123326;1;Marche2;-0,0202;1,3934;0,0787;-0,1413;-0,0248;0,0049;0,9896;;False
640,86;36.46;pa030​;20250612_123326;1;Marche2;-0,0201;1,3934;0,0787;-0,1411;-0,0251;0,0047;0,9897;;False
640,88;36.47;pa030​;20250612_123326;1;Marche2;-0,0200;1,3934;0,0786;-0,1410;-0,0253;0,0046;0,9897;;False
640,89;36.49;pa030​;20250612_123326;1;Marche2;-0,0198;1,3934;0,0785;-0,1406;-0,0255;0,0044;0,9897;;False
640,90;36.5;pa030​;20250612_123326;1;Marche2;-0,0196;1,3933;0,0783;-0,1406;-0,0259;0,0043;0,9897;;False
640,92;36.51;pa030​;20250612_123326;1;Marche2;-0,0194;1,3933;0,0782;-0,1406;-0,0260;0,0041;0,9897;;False
640,93;36.53;pa030​;20250612_123326;1;Marche2;-0,0191;1,3933;0,0781;-0,1408;-0,0261;0,0041;0,9897;;False
640,95;36.54;pa030​;20250612_123326;1;Marche2;-0,0189;1,3933;0,0779;-0,1410;-0,0262;0,0040;0,9897;;False
640,96;36.56;pa030​;20250612_123326;1;Marche2;-0,0187;1,3933;0,0778;-0,1408;-0,0262;0,0039;0,9897;;False
640,97;36.57;pa030​;20250612_123326;1;Marche2;-0,0184;1,3931;0,0776;-0,1407;-0,0261;0,0036;0,9897;;False
640,99;36.58;pa030​;20250612_123326;1;Marche2;-0,0181;1,3930;0,0773;-0,1404;-0,0259;0,0035;0,9898;;False
641,00;36.6;pa030​;20250612_123326;1;Marche2;-0,0178;1,3929;0,0772;-0,1404;-0,0257;0,0033;0,9898;;False
641,01;36.61;pa030​;20250612_123326;1;Marche2;-0,0175;1,3928;0,0771;-0,1401;-0,0254;0,0032;0,9898;;False
641,03;36.63;pa030​;20250612_123326;1;Marche2;-0,0172;1,3927;0,0770;-0,1399;-0,0253;0,0030;0,9898;;False
641,04;36.64;pa030​;20250612_123326;1;Marche2;-0,0169;1,3927;0,0770;-0,1397;-0,0252;0,0028;0,9899;;False
641,06;36.65;pa030​;20250612_123326;1;Marche2;-0,0166;1,3926;0,0770;-0,1395;-0,0252;0,0026;0,9899;;False
641,07;36.67;pa030​;20250612_123326;1;Marche2;-0,0163;1,3925;0,0769;-0,1394;-0,0251;0,0024;0,9899;;False
641,08;36.68;pa030​;20250612_123326;1;Marche2;-0,0160;1,3924;0,0769;-0,1391;-0,0249;0,0023;0,9900;;False
641,10;36.69;pa030​;20250612_123326;1;Marche2;-0,0157;1,3922;0,0769;-0,1388;-0,0249;0,0021;0,9900;;False
641,11;36.71;pa030​;20250612_123326;1;Marche2;-0,0154;1,3921;0,0769;-0,1385;-0,0248;0,0021;0,9900;;False
641,13;36.72;pa030​;20250612_123326;1;Marche2;-0,0152;1,3920;0,0770;-0,1381;-0,0248;0,0020;0,9901;;False
641,14;36.74;pa030​;20250612_123326;1;Marche2;-0,0148;1,3918;0,0771;-0,1377;-0,0249;0,0019;0,9902;;False
641,15;36.75;pa030​;20250612_123326;1;Marche2;-0,0145;1,3916;0,0773;-0,1369;-0,0248;0,0018;0,9903;;False
641,17;36.76;pa030​;20250612_123326;1;Marche2;-0,0142;1,3914;0,0776;-0,1357;-0,0246;0,0018;0,9904;;False
641,18;36.78;pa030​;20250612_123326;1;Marche2;-0,0139;1,3909;0,0779;-0,1339;-0,0244;0,0016;0,9907;;False
641,19;36.79;pa030​;20250612_123326;1;Marche2;-0,0134;1,3904;0,0784;-0,1313;-0,0241;0,0014;0,9910;;False
641,21;36.81;pa030​;20250612_123326;1;Marche2;-0,0131;1,3896;0,0790;-0,1276;-0,0235;0,0010;0,9915;;False
641,22;36.82;pa030​;20250612_123326;1;Marche2;-0,0126;1,3884;0,0798;-0,1206;-0,0224;0,0005;0,9924;;False
641,24;36.83;pa030​;20250612_123326;1;Marche2;-0,0121;1,3866;0,0808;-0,1108;-0,0210;-0,0004;0,9936;;False
641,25;36.85;pa030​;20250612_123326;1;Marche2;-0,0116;1,3844;0,0820;-0,0990;-0,0195;-0,0012;0,9949;;False
641,26;36.86;pa030​;20250612_123326;1;Marche2;-0,0110;1,3821;0,0833;-0,0860;-0,0181;-0,0020;0,9961;;False
641,28;36.87;pa030​;20250612_123326;1;Marche2;-0,0105;1,3796;0,0848;-0,0722;-0,0165;-0,0027;0,9973;;False
641,29;36.89;pa030​;20250612_123326;1;Marche2;-0,0098;1,3771;0,0863;-0,0590;-0,0155;-0,0029;0,9981;;False
641,31;36.9;pa030​;20250612_123326;1;Marche2;-0,0092;1,3751;0,0880;-0,0482;-0,0146;-0,0023;0,9987;;False
641,32;36.92;pa030​;20250612_123326;1;Marche2;-0,0087;1,3742;0,0893;-0,0418;-0,0128;-0,0014;0,9990;;False
641,33;36.93;pa030​;20250612_123326;1;Marche2;-0,0082;1,3735;0,0908;-0,0385;-0,0111;-0,0009;0,9992;;False
641,35;36.94;pa030​;20250612_123326;1;Marche2;-0,0075;1,3727;0,0924;-0,0371;-0,0095;-0,0013;0,9993;;False
641,36;36.96;pa030​;20250612_123326;1;Marche2;-0,0068;1,3717;0,0938;-0,0341;-0,0076;-0,0018;0,9994;;False
641,38;36.97;pa030​;20250612_123326;1;Marche2;-0,0061;1,3707;0,0953;-0,0314;-0,0057;-0,0024;0,9995;;False
641,39;36.99;pa030​;20250612_123326;1;Marche2;-0,0055;1,3705;0,0967;-0,0306;-0,0041;-0,0026;0,9995;;False
641,40;37.0;pa030​;20250612_123326;1;Marche2;-0,0048;1,3705;0,0984;-0,0310;-0,0031;-0,0031;0,9995;;False
641,42;37.01;pa030​;20250612_123326;1;Marche2;-0,0043;1,3703;0,1001;-0,0322;-0,0024;-0,0035;0,9995;;False
641,43;37.03;pa030​;20250612_123326;1;Marche2;-0,0037;1,3701;0,1017;-0,0320;-0,0019;-0,0037;0,9995;;False
641,45;37.04;pa030​;20250612_123326;1;Marche2;-0,0029;1,3698;0,1035;-0,0313;-0,0016;-0,0040;0,9995;;False
641,46;37.06;pa030​;20250612_123326;1;Marche2;-0,0022;1,3697;0,1054;-0,0304;-0,0013;-0,0043;0,9995;;False
641,47;37.07;pa030​;20250612_123326;1;Marche2;-0,0014;1,3696;0,1076;-0,0296;-0,0010;-0,0048;0,9995;;False
641,49;37.08;pa030​;20250612_123326;1;Marche2;-0,0006;1,3691;0,1100;-0,0287;-0,0006;-0,0052;0,9996;;False
641,50;37.1;pa030​;20250612_123326;1;Marche2;0,0002;1,3686;0,1126;-0,0268;-0,0003;-0,0055;0,9996;;False
641,51;37.11;pa030​;20250612_123326;1;Marche2;0,0011;1,3679;0,1155;-0,0244;-0,0001;-0,0054;0,9997;;False
641,53;37.12;pa030​;20250612_123326;1;Marche2;0,0021;1,3673;0,1185;-0,0216;0,0000;-0,0052;0,9998;;False
641,54;37.14;pa030​;20250612_123326;1;Marche2;0,0031;1,3666;0,1218;-0,0192;0,0000;-0,0053;0,9998;;False
641,56;37.15;pa030​;20250612_123326;1;Marche2;0,0042;1,3659;0,1252;-0,0168;0,0001;-0,0053;0,9998;;False
641,57;37.17;pa030​;20250612_123326;1;Marche2;0,0055;1,3652;0,1288;-0,0142;0,0004;-0,0053;0,9999;;False
641,58;37.18;pa030​;20250612_123326;1;Marche2;0,0068;1,3643;0,1325;-0,0117;0,0007;-0,0057;0,9999;;False
641,60;37.2;pa030​;20250612_123326;1;Marche2;0,0083;1,3633;0,1365;-0,0086;0,0012;-0,0067;0,9999;;False
641,61;37.21;pa030​;20250612_123326;1;Marche2;0,0098;1,3623;0,1406;-0,0056;0,0015;-0,0070;1,0000;;False
641,63;37.22;pa030​;20250612_123326;1;Marche2;0,0113;1,3613;0,1450;-0,0028;0,0014;-0,0070;1,0000;;False
641,64;37.24;pa030​;20250612_123326;1;Marche2;0,0128;1,3605;0,1496;-0,0008;0,0010;-0,0071;1,0000;;False
641,65;37.25;pa030​;20250612_123326;1;Marche2;0,0144;1,3596;0,1543;0,0002;0,0007;-0,0075;1,0000;;False
641,67;37.26;pa030​;20250612_123326;1;Marche2;0,0163;1,3586;0,1592;0,0008;0,0005;-0,0080;1,0000;;False
641,68;37.28;pa030​;20250612_123326;1;Marche2;0,0182;1,3575;0,1640;0,0013;0,0006;-0,0079;1,0000;;False
641,70;37.29;pa030​;20250612_123326;1;Marche2;0,0203;1,3562;0,1689;0,0017;0,0007;-0,0082;1,0000;;False
641,71;37.31;pa030​;20250612_123326;1;Marche2;0,0223;1,3550;0,1739;0,0011;0,0006;-0,0079;1,0000;;False
641,72;37.32;pa030​;20250612_123326;1;Marche2;0,0242;1,3540;0,1792;0,0001;0,0003;-0,0081;1,0000;;False
641,74;37.33;pa030​;20250612_123326;1;Marche2;0,0263;1,3528;0,1845;-0,0016;0,0000;-0,0085;1,0000;;False
641,75;37.35;pa030​;20250612_123326;1;Marche2;0,0284;1,3517;0,1897;-0,0027;0,0000;-0,0090;1,0000;;False
641,76;37.36;pa030​;20250612_123326;1;Marche2;0,0306;1,3505;0,1950;-0,0027;0,0002;-0,0097;0,9999;;False
641,78;37.38;pa030​;20250612_123326;1;Marche2;0,0330;1,3492;0,2004;-0,0025;0,0002;-0,0099;0,9999;;False
641,79;37.39;pa030​;20250612_123326;1;Marche2;0,0353;1,3478;0,2058;-0,0018;0,0000;-0,0097;1,0000;;False
641,81;37.4;pa030​;20250612_123326;1;Marche2;0,0379;1,3464;0,2113;-0,0014;-0,0007;-0,0097;1,0000;;False
641,82;37.42;pa030​;20250612_123326;1;Marche2;0,0406;1,3451;0,2168;-0,0012;-0,0014;-0,0101;0,9999;;False
641,83;37.43;pa030​;20250612_123326;1;Marche2;0,0433;1,3439;0,2223;-0,0009;-0,0020;-0,0108;0,9999;;False
641,85;37.44;pa030​;20250612_123326;1;Marche2;0,0460;1,3427;0,2276;-0,0002;-0,0024;-0,0119;0,9999;;False
641,86;37.46;pa030​;20250612_123326;1;Marche2;0,0490;1,3416;0,2330;0,0010;-0,0029;-0,0128;0,9999;;False
641,88;37.47;pa030​;20250612_123326;1;Marche2;0,0521;1,3406;0,2384;0,0021;-0,0033;-0,0137;0,9999;;False
641,89;37.49;pa030​;20250612_123326;1;Marche2;0,0552;1,3399;0,2437;0,0024;-0,0033;-0,0145;0,9999;;False
641,90;37.5;pa030​;20250612_123326;1;Marche2;0,0584;1,3395;0,2492;0,0012;-0,0033;-0,0150;0,9999;;False
641,92;37.51;pa030​;20250612_123326;1;Marche2;0,0616;1,3390;0,2546;-0,0021;-0,0027;-0,0153;0,9999;;False
641,93;37.53;pa030​;20250612_123326;1;Marche2;0,0649;1,3379;0,2600;-0,0061;-0,0019;-0,0151;0,9999;;False
641,94;37.54;pa030​;20250612_123326;1;Marche2;0,0680;1,3365;0,2656;-0,0106;-0,0005;-0,0154;0,9998;;False
641,96;37.56;pa030​;20250612_123326;1;Marche2;0,0710;1,3349;0,2717;-0,0131;0,0003;-0,0173;0,9998;;False
641,97;37.57;pa030​;20250612_123326;1;Marche2;0,0737;1,3333;0,2783;-0,0146;0,0009;-0,0187;0,9997;;False
641,99;37.58;pa030​;20250612_123326;1;Marche2;0,0761;1,3314;0,2850;-0,0148;0,0013;-0,0205;0,9997;;False
642,00;37.6;pa030​;20250612_123326;1;Marche2;0,0782;1,3295;0,2921;-0,0128;0,0020;-0,0232;0,9996;Collision avec Debut - Objet Parent SceneAnchor;False
642,01;37.61;pa030​;20250612_123326;1;Marche2;0,0803;1,3275;0,2997;-0,0117;0,0029;-0,0253;0,9996;Collision avec Debut - Objet Parent SceneAnchor;False
642,03;37.63;pa030​;20250612_123326;1;Marche2;0,0822;1,3257;0,3076;-0,0107;0,0040;-0,0263;0,9996;Collision avec Debut - Objet Parent SceneAnchor;False
642,04;37.64;pa030​;20250612_123326;1;Marche2;0,0839;1,3237;0,3161;-0,0116;0,0050;-0,0273;0,9995;Collision avec Debut - Objet Parent SceneAnchor;False
642,06;37.65;pa030​;20250612_123326;1;Marche2;0,0855;1,3216;0,3248;-0,0123;0,0055;-0,0282;0,9995;Collision avec Debut - Objet Parent SceneAnchor;False
642,07;37.67;pa030​;20250612_123326;1;Marche2;0,0869;1,3192;0,3337;-0,0123;0,0053;-0,0285;0,9995;Collision avec Debut - Objet Parent SceneAnchor;False
642,08;37.68;pa030​;20250612_123326;1;Marche2;0,0880;1,3168;0,3427;-0,0109;0,0045;-0,0287;0,9995;Collision avec Debut - Objet Parent SceneAnchor;False
642,10;37.7;pa030​;20250612_123326;1;Marche2;0,0889;1,3144;0,3519;-0,0074;0,0028;-0,0293;0,9995;Collision avec Debut - Objet Parent SceneAnchor;False
642,11;37.71;pa030​;20250612_123326;1;Marche2;0,0896;1,3121;0,3613;-0,0036;0,0012;-0,0298;0,9995;Collision avec Debut - Objet Parent SceneAnchor;False
642,13;37.72;pa030​;20250612_123326;1;Marche2;0,0902;1,3100;0,3709;-0,0003;0,0001;-0,0297;0,9996;Collision avec Debut - Objet Parent SceneAnchor;False
642,14;37.74;pa030​;20250612_123326;1;Marche2;0,0907;1,3082;0,3809;0,0016;-0,0016;-0,0291;0,9996;Collision avec Debut - Objet Parent SceneAnchor;False
642,16;37.75;pa030​;20250612_123326;1;Marche2;0,0911;1,3069;0,3911;0,0010;-0,0036;-0,0286;0,9996;Collision avec Debut - Objet Parent SceneAnchor;False
642,17;37.76;pa030​;20250612_123326;1;Marche2;0,0915;1,3056;0,4015;0,0005;-0,0055;-0,0288;0,9996;Collision avec Debut - Objet Parent SceneAnchor;False
642,18;37.78;pa030​;20250612_123326;1;Marche2;0,0919;1,3044;0,4124;-0,0016;-0,0072;-0,0290;0,9996;;False
642,20;37.79;pa030​;20250612_123326;1;Marche2;0,0922;1,3034;0,4234;-0,0023;-0,0087;-0,0284;0,9996;;False
642,21;37.81;pa030​;20250612_123326;1;Marche2;0,0921;1,3027;0,4346;-0,0024;-0,0094;-0,0282;0,9996;;False
642,22;37.82;pa030​;20250612_123326;1;Marche2;0,0920;1,3024;0,4463;-0,0034;-0,0096;-0,0272;0,9996;;False
642,24;37.83;pa030​;20250612_123326;1;Marche2;0,0917;1,3028;0,4584;-0,0047;-0,0088;-0,0268;0,9996;;False
642,25;37.85;pa030​;20250612_123326;1;Marche2;0,0914;1,3036;0,4712;-0,0070;-0,0079;-0,0267;0,9996;;False
642,26;37.86;pa030​;20250612_123326;1;Marche2;0,0907;1,3048;0,4844;-0,0100;-0,0071;-0,0267;0,9996;;False
642,28;37.88;pa030​;20250612_123326;1;Marche2;0,0899;1,3066;0,4980;-0,0115;-0,0075;-0,0270;0,9995;;False
642,29;37.89;pa030​;20250612_123326;1;Marche2;0,0891;1,3087;0,5117;-0,0129;-0,0076;-0,0289;0,9995;;False
642,31;37.9;pa030​;20250612_123326;1;Marche2;0,0885;1,3110;0,5254;-0,0165;-0,0068;-0,0306;0,9994;;False
642,32;37.92;pa030​;20250612_123326;1;Marche2;0,0875;1,3157;0,5400;-0,0136;-0,0026;-0,0314;0,9994;;False
642,33;37.93;pa030​;20250612_123326;1;Marche2;0,0863;1,3230;0,5585;-0,0164;0,0040;-0,0346;0,9993;;False
642,35;37.94;pa030​;20250612_123326;1;Marche2;0,0847;1,3256;0,5761;-0,0495;0,0045;-0,0251;0,9984;;False
642,36;37.96;pa030​;20250612_123326;1;Marche2;0,0829;1,3272;0,5910;-0,0528;0,0022;-0,0231;0,9983;;False
642,38;37.97;pa030​;20250612_123326;1;Marche2;0,0813;1,3275;0,6062;-0,0506;-0,0012;-0,0181;0,9986;;False
642,39;37.99;pa030​;20250612_123326;1;Marche2;0,0803;1,3271;0,6221;-0,0432;-0,0047;-0,0119;0,9990;;False
642,40;38.0;pa030​;20250612_123326;1;Marche2;0,0807;1,3262;0,6388;-0,0355;-0,0088;-0,0111;0,9993;;False
642,42;38.01;pa030​;20250612_123326;1;Marche2;0,0809;1,3261;0,6556;-0,0257;-0,0074;-0,0161;0,9995;;False
642,43;38.03;pa030​;20250612_123326;1;Marche2;0,0811;1,3260;0,6725;-0,0211;-0,0025;-0,0228;0,9995;;False
642,44;38.04;pa030​;20250612_123326;1;Marche2;0,0805;1,3258;0,6891;-0,0198;-0,0005;-0,0219;0,9996;;False
642,46;38.06;pa030​;20250612_123326;1;Marche2;0,0795;1,3256;0,7052;-0,0191;-0,0005;-0,0199;0,9996;;False
642,47;38.07;pa030​;20250612_123326;1;Marche2;0,0788;1,3251;0,7212;-0,0224;-0,0013;-0,0185;0,9996;;False
642,49;38.08;pa030​;20250612_123326;1;Marche2;0,0783;1,3243;0,7372;-0,0262;-0,0001;-0,0176;0,9995;;False
642,50;38.1;pa030​;20250612_123326;1;Marche2;0,0776;1,3229;0,7536;-0,0304;0,0022;-0,0171;0,9994;;False
642,52;38.11;pa030​;20250612_123326;1;Marche2;0,0768;1,3210;0,7700;-0,0329;0,0029;-0,0160;0,9993;;False
642,53;38.12;pa030​;20250612_123326;1;Marche2;0,0760;1,3184;0,7867;-0,0341;0,0027;-0,0148;0,9993;;False
642,54;38.14;pa030​;20250612_123326;1;Marche2;0,0755;1,3154;0,8036;-0,0317;0,0010;-0,0137;0,9994;;False
642,56;38.15;pa030​;20250612_123326;1;Marche2;0,0752;1,3127;0,8206;-0,0271;0,0003;-0,0130;0,9995;;False
642,57;38.17;pa030​;20250612_123326;1;Marche2;0,0750;1,3104;0,8374;-0,0226;0,0005;-0,0122;0,9997;;False
642,58;38.18;pa030​;20250612_123326;1;Marche2;0,0751;1,3087;0,8543;-0,0198;0,0004;-0,0119;0,9997;;False
642,60;38.19;pa030​;20250612_123326;1;Marche2;0,0750;1,3082;0,8715;-0,0180;0,0008;-0,0140;0,9997;;False
642,61;38.21;pa030​;20250612_123326;1;Marche2;0,0753;1,3081;0,8886;-0,0205;-0,0001;-0,0157;0,9997;;False
642,63;38.22;pa030​;20250612_123326;1;Marche2;0,0761;1,3091;0,9059;-0,0243;-0,0003;-0,0143;0,9996;;False
642,64;38.24;pa030​;20250612_123326;1;Marche2;0,0771;1,3110;0,9238;-0,0258;-0,0008;-0,0108;0,9996;;False
642,65;38.25;pa030​;20250612_123326;1;Marche2;0,0787;1,3136;0,9424;-0,0266;-0,0022;-0,0091;0,9996;;False
642,67;38.26;pa030​;20250612_123326;1;Marche2;0,0808;1,3172;0,9612;-0,0235;-0,0047;-0,0095;0,9997;;False
642,68;38.28;pa030​;20250612_123326;1;Marche2;0,0830;1,3217;0,9802;-0,0221;-0,0071;-0,0102;0,9997;;False
642,70;38.29;pa030​;20250612_123326;1;Marche2;0,0849;1,3269;0,9989;-0,0224;-0,0103;-0,0114;0,9996;;False
642,71;38.31;pa030​;20250612_123326;1;Marche2;0,0869;1,3354;1,0192;-0,0143;-0,0166;-0,0105;0,9997;;False
642,72;38.32;pa030​;20250612_123326;1;Marche2;0,0891;1,3409;1,0414;-0,0454;-0,0253;-0,0138;0,9986;;False
642,74;38.33;pa030​;20250612_123326;1;Marche2;0,0915;1,3451;1,0620;-0,0656;-0,0275;-0,0214;0,9972;;False
642,75;38.35;pa030​;20250612_123326;1;Marche2;0,0946;1,3485;1,0820;-0,0620;-0,0250;-0,0246;0,9975;;False
642,76;38.36;pa030​;20250612_123326;1;Marche2;0,0970;1,3495;1,1027;-0,0667;-0,0195;-0,0280;0,9972;;False
642,78;38.37;pa030​;20250612_123326;1;Marche2;0,0992;1,3497;1,1237;-0,0633;-0,0125;-0,0317;0,9974;;False
642,79;38.39;pa030​;20250612_123326;1;Marche2;0,1010;1,3493;1,1452;-0,0546;-0,0061;-0,0340;0,9979;;False
642,81;38.4;pa030​;20250612_123326;1;Marche2;0,1027;1,3492;1,1666;-0,0471;-0,0043;-0,0317;0,9984;;False
642,82;38.42;pa030​;20250612_123326;1;Marche2;0,1039;1,3495;1,1876;-0,0412;-0,0067;-0,0279;0,9987;;False
642,84;38.43;pa030​;20250612_123326;1;Marche2;0,1048;1,3500;1,2091;-0,0399;-0,0106;-0,0300;0,9987;;False
642,85;38.44;pa030​;20250612_123326;1;Marche2;0,1060;1,3499;1,2305;-0,0413;-0,0126;-0,0325;0,9985;;False
642,86;38.46;pa030​;20250612_123326;1;Marche2;0,1070;1,3493;1,2514;-0,0435;-0,0120;-0,0331;0,9984;;False
642,88;38.47;pa030​;20250612_123326;1;Marche2;0,1077;1,3484;1,2726;-0,0467;-0,0106;-0,0302;0,9984;;False
642,89;38.49;pa030​;20250612_123326;1;Marche2;0,1083;1,3471;1,2941;-0,0503;-0,0106;-0,0279;0,9983;;False
642,90;38.5;pa030​;20250612_123326;1;Marche2;0,1090;1,3455;1,3159;-0,0523;-0,0120;-0,0271;0,9982;;False
642,92;38.51;pa030​;20250612_123326;1;Marche2;0,1098;1,3434;1,3379;-0,0538;-0,0139;-0,0261;0,9981;;False
642,93;38.53;pa030​;20250612_123326;1;Marche2;0,1106;1,3413;1,3597;-0,0540;-0,0143;-0,0270;0,9981;;False
642,95;38.54;pa030​;20250612_123326;1;Marche2;0,1113;1,3393;1,3815;-0,0525;-0,0136;-0,0274;0,9982;;False
642,96;38.56;pa030​;20250612_123326;1;Marche2;0,1119;1,3376;1,4032;-0,0512;-0,0128;-0,0261;0,9983;;False
642,97;38.57;pa030​;20250612_123326;1;Marche2;0,1124;1,3365;1,4249;-0,0497;-0,0127;-0,0236;0,9984;;False
642,99;38.58;pa030​;20250612_123326;1;Marche2;0,1129;1,3353;1,4463;-0,0508;-0,0135;-0,0212;0,9984;;False
643,00;38.6;pa030​;20250612_123326;1;Marche2;0,1135;1,3351;1,4682;-0,0500;-0,0143;-0,0210;0,9984;;False
643,01;38.61;pa030​;20250612_123326;1;Marche2;0,1142;1,3352;1,4899;-0,0518;-0,0141;-0,0227;0,9983;;False
643,03;38.63;pa030​;20250612_123326;1;Marche2;0,1147;1,3358;1,5116;-0,0529;-0,0127;-0,0259;0,9982;;False
643,04;38.64;pa030​;20250612_123326;1;Marche2;0,1149;1,3366;1,5331;-0,0532;-0,0111;-0,0295;0,9981;;False
643,06;38.65;pa030​;20250612_123326;1;Marche2;0,1150;1,3369;1,5544;-0,0514;-0,0089;-0,0322;0,9981;;False
643,07;38.67;pa030​;20250612_123326;1;Marche2;0,1146;1,3396;1,5768;-0,0394;-0,0044;-0,0355;0,9986;;False
643,08;38.68;pa030​;20250612_123326;1;Marche2;0,1140;1,3470;1,6030;-0,0354;0,0009;-0,0401;0,9986;;False
643,10;38.7;pa030​;20250612_123326;1;Marche2;0,1140;1,3483;1,6290;-0,0808;-0,0006;-0,0269;0,9964;;False
643,11;38.71;pa030​;20250612_123326;1;Marche2;0,1136;1,3521;1,6520;-0,0804;-0,0043;-0,0144;0,9966;;False
643,13;38.72;pa030​;20250612_123326;1;Marche2;0,1137;1,3542;1,6755;-0,0765;-0,0101;-0,0071;0,9970;;False
643,14;38.74;pa030​;20250612_123326;1;Marche2;0,1145;1,3547;1,6990;-0,0690;-0,0161;-0,0039;0,9975;;False
643,15;38.75;pa030​;20250612_123326;1;Marche2;0,1161;1,3567;1,7229;-0,0559;-0,0203;-0,0094;0,9982;;False
643,17;38.76;pa030​;20250612_123326;1;Marche2;0,1178;1,3596;1,7471;-0,0504;-0,0182;-0,0184;0,9984;;False
643,18;38.78;pa030​;20250612_123326;1;Marche2;0,1196;1,3626;1,7712;-0,0507;-0,0138;-0,0221;0,9984;;False
643,20;38.79;pa030​;20250612_123326;1;Marche2;0,1209;1,3649;1,7951;-0,0526;-0,0111;-0,0241;0,9983;;False
643,21;38.81;pa030​;20250612_123326;1;Marche2;0,1217;1,3663;1,8187;-0,0570;-0,0092;-0,0246;0,9980;;False
643,22;38.82;pa030​;20250612_123326;1;Marche2;0,1225;1,3667;1,8416;-0,0629;-0,0092;-0,0216;0,9977;;False
643,24;38.83;pa030​;20250612_123326;1;Marche2;0,1235;1,3664;1,8650;-0,0676;-0,0092;-0,0192;0,9975;;False
643,25;38.85;pa030​;20250612_123326;1;Marche2;0,1247;1,3648;1,8883;-0,0718;-0,0081;-0,0196;0,9972;;False
643,26;38.86;pa030​;20250612_123326;1;Marche2;0,1260;1,3625;1,9117;-0,0728;-0,0056;-0,0219;0,9971;;False
643,28;38.87;pa030​;20250612_123326;1;Marche2;0,1273;1,3593;1,9355;-0,0729;-0,0034;-0,0247;0,9970;;False
643,29;38.89;pa030​;20250612_123326;1;Marche2;0,1283;1,3560;1,9597;-0,0700;-0,0015;-0,0270;0,9972;;False
643,31;38.9;pa030​;20250612_123326;1;Marche2;0,1291;1,3523;1,9841;-0,0670;-0,0010;-0,0289;0,9973;;False
643,32;38.92;pa030​;20250612_123326;1;Marche2;0,1298;1,3494;2,0085;-0,0589;-0,0014;-0,0285;0,9979;;False
643,33;38.93;pa030​;20250612_123326;1;Marche2;0,1306;1,3463;2,0325;-0,0527;-0,0025;-0,0253;0,9983;;False
643,35;38.94;pa030​;20250612_123326;1;Marche2;0,1319;1,3442;2,0565;-0,0422;-0,0039;-0,0212;0,9989;;False
643,36;38.96;pa030​;20250612_123326;1;Marche2;0,1338;1,3428;2,0801;-0,0368;-0,0060;-0,0177;0,9991;;False
643,38;38.97;pa030​;20250612_123326;1;Marche2;0,1362;1,3437;2,1040;-0,0347;-0,0081;-0,0150;0,9993;;False
643,39;38.99;pa030​;20250612_123326;1;Marche2;0,1389;1,3440;2,1282;-0,0419;-0,0095;-0,0178;0,9989;;False
643,40;39.0;pa030​;20250612_123326;1;Marche2;0,1415;1,3438;2,1517;-0,0469;-0,0109;-0,0191;0,9987;;False
643,42;39.01;pa030​;20250612_123326;1;Marche2;0,1438;1,3439;2,1749;-0,0423;-0,0149;-0,0168;0,9989;;False
643,43;39.03;pa030​;20250612_123326;1;Marche2;0,1466;1,3517;2,2018;-0,0231;-0,0241;-0,0132;0,9994;;False
643,44;39.04;pa030​;20250612_123326;1;Marche2;0,1484;1,3525;2,2287;-0,0642;-0,0277;-0,0212;0,9973;;False
643,46;39.06;pa030​;20250612_123326;1;Marche2;0,1505;1,3560;2,2542;-0,0722;-0,0215;-0,0379;0,9964;;False
643,47;39.07;pa030​;20250612_123326;1;Marche2;0,1527;1,3590;2,2790;-0,0672;-0,0125;-0,0420;0,9968;;False
643,49;39.08;pa030​;20250612_123326;1;Marche2;0,1539;1,3603;2,3036;-0,0624;-0,0039;-0,0422;0,9972;;False
643,50;39.1;pa030​;20250612_123326;1;Marche2;0,1535;1,3617;2,3282;-0,0521;0,0044;-0,0414;0,9978;;False
643,51;39.11;pa030​;20250612_123326;1;Marche2;0,1526;1,3640;2,3526;-0,0474;0,0054;-0,0381;0,9981;;False
643,53;39.12;pa030​;20250612_123326;1;Marche2;0,1510;1,3672;2,3774;-0,0434;0,0034;-0,0358;0,9984;;False
643,54;39.14;pa030​;20250612_123326;1;Marche2;0,1502;1,3691;2,4019;-0,0471;-0,0003;-0,0315;0,9984;;False
643,56;39.15;pa030​;20250612_123326;1;Marche2;0,1499;1,3704;2,4258;-0,0498;-0,0030;-0,0257;0,9984;;False
643,57;39.17;pa030​;20250612_123326;1;Marche2;0,1492;1,3710;2,4493;-0,0511;-0,0044;-0,0228;0,9984;;False
643,58;39.18;pa030​;20250612_123326;1;Marche2;0,1490;1,3707;2,4727;-0,0521;-0,0065;-0,0220;0,9984;;False
643,60;39.2;pa030​;20250612_123326;1;Marche2;0,1491;1,3696;2,4960;-0,0538;-0,0086;-0,0214;0,9983;;False
643,61;39.21;pa030​;20250612_123326;1;Marche2;0,1492;1,3678;2,5191;-0,0555;-0,0099;-0,0208;0,9982;;False
643,63;39.22;pa030​;20250612_123326;1;Marche2;0,1494;1,3655;2,5424;-0,0581;-0,0107;-0,0211;0,9980;;False
643,64;39.24;pa030​;20250612_123326;1;Marche2;0,1496;1,3628;2,5656;-0,0617;-0,0103;-0,0218;0,9978;;False
643,65;39.25;pa030​;20250612_123326;1;Marche2;0,1497;1,3597;2,5891;-0,0651;-0,0103;-0,0215;0,9976;;False
643,67;39.26;pa030​;20250612_123326;1;Marche2;0,1497;1,3565;2,6130;-0,0665;-0,0102;-0,0204;0,9975;;False
643,68;39.28;pa030​;20250612_123326;1;Marche2;0,1497;1,3534;2,6370;-0,0661;-0,0100;-0,0186;0,9976;;False
643,70;39.29;pa030​;20250612_123326;1;Marche2;0,1495;1,3505;2,6615;-0,0672;-0,0093;-0,0164;0,9976;;False
643,71;39.31;pa030​;20250612_123326;1;Marche2;0,1491;1,3478;2,6864;-0,0687;-0,0087;-0,0153;0,9975;;False
643,72;39.32;pa030​;20250612_123326;1;Marche2;0,1484;1,3459;2,7114;-0,0694;-0,0090;-0,0165;0,9974;;False
643,74;39.33;pa030​;20250612_123326;1;Marche2;0,1474;1,3432;2,7361;-0,0722;-0,0100;-0,0175;0,9972;;False
643,75;39.35;pa030​;20250612_123326;1;Marche2;0,1461;1,3407;2,7607;-0,0696;-0,0111;-0,0186;0,9973;;False
643,76;39.36;pa030​;20250612_123326;1;Marche2;0,1448;1,3394;2,7855;-0,0672;-0,0113;-0,0207;0,9975;;False
643,78;39.37;pa030​;20250612_123326;1;Marche2;0,1434;1,3383;2,8100;-0,0681;-0,0097;-0,0228;0,9974;;False
643,79;39.39;pa030​;20250612_123326;1;Marche2;0,1419;1,3442;2,8360;-0,0472;-0,0026;-0,0288;0,9985;;False
643,81;39.4;pa030​;20250612_123326;1;Marche2;0,1409;1,3461;2,8639;-0,0810;0,0018;-0,0251;0,9964;;False
643,82;39.42;pa030​;20250612_123326;1;Marche2;0,1406;1,3495;2,8933;-0,1085;-0,0006;-0,0054;0,9941;;False
643,84;39.43;pa030​;20250612_123326;1;Marche2;0,1398;1,3521;2,9184;-0,1028;-0,0055;-0,0008;0,9947;;False
643,85;39.44;pa030​;20250612_123326;1;Marche2;0,1399;1,3538;2,9454;-0,1000;-0,0113;0,0032;0,9949;;False
643,86;39.46;pa030​;20250612_123326;1;Marche2;0,1411;1,3545;2,9722;-0,0877;-0,0163;0,0032;0,9960;;False
643,88;39.47;pa030​;20250612_123326;1;Marche2;0,1431;1,3567;2,9982;-0,0749;-0,0171;-0,0023;0,9970;;False
643,89;39.49;pa030​;20250612_123326;1;Marche2;0,1452;1,3595;3,0241;-0,0676;-0,0122;-0,0087;0,9976;;False
643,90;39.5;pa030​;20250612_123326;1;Marche2;0,1473;1,3632;3,0497;-0,0598;-0,0067;-0,0112;0,9981;;False
643,92;39.52;pa030​;20250612_123326;1;Marche2;0,1485;1,3662;3,0747;-0,0593;-0,0031;-0,0122;0,9982;;False
643,93;39.53;pa030​;20250612_123326;1;Marche2;0,1497;1,3687;3,0996;-0,0633;-0,0015;-0,0129;0,9979;;False
643,95;39.54;pa030​;20250612_123326;1;Marche2;0,1506;1,3709;3,1241;-0,0697;-0,0011;-0,0117;0,9975;;False
643,96;39.56;pa030​;20250612_123326;1;Marche2;0,1514;1,3717;3,1485;-0,0774;-0,0009;-0,0108;0,9969;;False
643,97;39.57;pa030​;20250612_123326;1;Marche2;0,1521;1,3718;3,1731;-0,0829;-0,0005;-0,0117;0,9965;;False
643,99;39.58;pa030​;20250612_123326;1;Marche2;0,1525;1,3707;3,1980;-0,0877;-0,0004;-0,0122;0,9961;;False
644,00;39.6;pa030​;20250612_123326;1;Marche2;0,1531;1,3690;3,2229;-0,0912;-0,0014;-0,0118;0,9958;;False
644,01;39.61;pa030​;20250612_123326;1;Marche2;0,1535;1,3664;3,2478;-0,0945;-0,0026;-0,0103;0,9955;;False
644,03;39.63;pa030​;20250612_123326;1;Marche2;0,1539;1,3638;3,2727;-0,0948;-0,0037;-0,0103;0,9954;;False
644,04;39.64;pa030​;20250612_123326;1;Marche2;0,1545;1,3610;3,2978;-0,0957;-0,0048;-0,0103;0,9953;;False
644,06;39.65;pa030​;20250612_123326;1;Marche2;0,1552;1,3579;3,3229;-0,0959;-0,0055;-0,0111;0,9953;;False
644,07;39.67;pa030​;20250612_123326;1;Marche2;0,1560;1,3541;3,3477;-0,0932;-0,0067;-0,0125;0,9955;;False
644,08;39.68;pa030​;20250612_123326;1;Marche2;0,1570;1,3503;3,3726;-0,0825;-0,0080;-0,0122;0,9965;;False
644,10;39.69;pa030​;20250612_123326;1;Marche2;0,1583;1,3468;3,3977;-0,0722;-0,0097;-0,0095;0,9973;;False
644,11;39.71;pa030​;20250612_123326;1;Marche2;0,1600;1,3443;3,4229;-0,0678;-0,0109;-0,0071;0,9976;;False
644,13;39.72;pa030​;20250612_123326;1;Marche2;0,1617;1,3428;3,4488;-0,0671;-0,0110;-0,0070;0,9977;;False
644,14;39.74;pa030​;20250612_123326;1;Marche2;0,1636;1,3418;3,4744;-0,0649;-0,0125;-0,0060;0,9978;;False
644,15;39.75;pa030​;20250612_123326;1;Marche2;0,1653;1,3416;3,4999;-0,0553;-0,0168;-0,0019;0,9983;;False
644,17;39.76;pa030​;20250612_123326;1;Marche2;0,1672;1,3463;3,5278;-0,0381;-0,0254;0,0055;0,9989;;False
644,18;39.78;pa030​;20250612_123326;1;Marche2;0,1689;1,3469;3,5557;-0,0707;-0,0331;0,0065;0,9969;;False
644,20;39.79;pa030​;20250612_123326;1;Marche2;0,1702;1,3494;3,5824;-0,0711;-0,0323;-0,0063;0,9969;;False
644,21;39.81;pa030​;20250612_123326;1;Marche2;0,1718;1,3523;3,6085;-0,0628;-0,0284;-0,0154;0,9975;;False
644,22;39.82;pa030​;20250612_123326;1;Marche2;0,1729;1,3535;3,6344;-0,0587;-0,0234;-0,0188;0,9978;;False
644,24;39.83;pa030​;20250612_123326;1;Marche2;0,1722;1,3557;3,6604;-0,0545;-0,0188;-0,0210;0,9981;;False
644,25;39.85;pa030​;20250612_123326;1;Marche2;0,1714;1,3590;3,6864;-0,0547;-0,0174;-0,0241;0,9981;;False
644,26;39.86;pa030​;20250612_123326;1;Marche2;0,1704;1,3628;3,7122;-0,0524;-0,0168;-0,0244;0,9982;;False
644,28;39.88;pa030​;20250612_123326;1;Marche2;0,1696;1,3655;3,7379;-0,0568;-0,0168;-0,0185;0,9981;;False
644,29;39.89;pa030​;20250612_123326;1;Marche2;0,1685;1,3677;3,7636;-0,0612;-0,0171;-0,0150;0,9979;;False
644,31;39.9;pa030​;20250612_123326;1;Marche2;0,1674;1,3684;3,7887;-0,0656;-0,0192;-0,0152;0,9975;;False
644,32;39.92;pa030​;20250612_123326;1;Marche2;0,1665;1,3682;3,8136;-0,0669;-0,0224;-0,0155;0,9974;;False
644,33;39.93;pa030​;20250612_123326;1;Marche2;0,1659;1,3668;3,8384;-0,0676;-0,0255;-0,0142;0,9973;;False
644,35;39.94;pa030​;20250612_123326;1;Marche2;0,1656;1,3644;3,8626;-0,0687;-0,0277;-0,0129;0,9972;;False
644,36;39.96;pa030​;20250612_123326;1;Marche2;0,1654;1,3612;3,8869;-0,0650;-0,0279;-0,0118;0,9974;;False
644,38;39.97;pa030​;20250612_123326;1;Marche2;0,1651;1,3571;3,9113;-0,0636;-0,0274;-0,0111;0,9975;;False
644,39;39.99;pa030​;20250612_123326;1;Marche2;0,1648;1,3531;3,9357;-0,0617;-0,0276;-0,0098;0,9977;;False
644,40;40.0;pa030​;20250612_123326;1;Marche2;0,1643;1,3489;3,9601;-0,0611;-0,0285;-0,0082;0,9977;;False
644,42;40.01;pa030​;20250612_123326;1;Marche2;0,1635;1,3446;3,9849;-0,0598;-0,0295;-0,0071;0,9977;;False
644,43;40.03;pa030​;20250612_123326;1;Marche2;0,1625;1,3404;4,0099;-0,0585;-0,0298;-0,0062;0,9978;;False
644,45;40.04;pa030​;20250612_123326;1;Marche2;0,1611;1,3362;4,0350;-0,0581;-0,0294;-0,0051;0,9979;;False
644,46;40.06;pa030​;20250612_123326;1;Marche2;0,1593;1,3326;4,0602;-0,0565;-0,0284;-0,0049;0,9980;;False
644,47;40.07;pa030​;20250612_123326;1;Marche2;0,1574;1,3293;4,0851;-0,0539;-0,0274;-0,0059;0,9982;;False
644,49;40.08;pa030​;20250612_123326;1;Marche2;0,1553;1,3264;4,1099;-0,0505;-0,0260;-0,0053;0,9984;;False
644,50;40.1;pa030​;20250612_123326;1;Marche2;0,1532;1,3247;4,1346;-0,0474;-0,0238;-0,0049;0,9986;;False
644,52;40.11;pa030​;20250612_123326;1;Marche2;0,1507;1,3275;4,1601;-0,0341;-0,0175;-0,0087;0,9992;;False
644,53;40.13;pa030​;20250612_123326;1;Marche2;0,1476;1,3342;4,1882;-0,0354;-0,0095;-0,0158;0,9992;;False
644,54;40.14;pa030​;20250612_123326;1;Marche2;0,1454;1,3361;4,2171;-0,0752;-0,0096;-0,0081;0,9971;;False
644,56;40.15;pa030​;20250612_123326;1;Marche2;0,1430;1,3386;4,2413;-0,0731;-0,0129;0,0065;0,9972;;False
644,57;40.17;pa030​;20250612_123326;1;Marche2;0,1411;1,3404;4,2664;-0,0664;-0,0183;0,0141;0,9975;;False
644,58;40.18;pa030​;20250612_123326;1;Marche2;0,1400;1,3419;4,2922;-0,0580;-0,0242;0,0169;0,9979;;False
644,60;40.2;pa030​;20250612_123326;1;Marche2;0,1399;1,3453;4,3172;-0,0490;-0,0268;0,0130;0,9984;;False
644,61;40.21;pa030​;20250612_123326;1;Marche2;0,1398;1,3495;4,3430;-0,0446;-0,0248;0,0077;0,9987;;False
644,62;40.22;pa030​;20250612_123326;1;Marche2;0,1397;1,3538;4,3682;-0,0415;-0,0208;0,0045;0,9989;;False
644,64;40.24;pa030​;20250612_123326;1;Marche2;0,1388;1,3577;4,3923;-0,0376;-0,0172;0,0002;0,9991;;False
644,65;40.25;pa030​;20250612_123326;1;Marche2;0,1374;1,3611;4,4165;-0,0402;-0,0148;-0,0010;0,9991;;False
644,67;40.26;pa030​;20250612_123326;1;Marche2;0,1361;1,3643;4,4404;-0,0474;-0,0149;0,0014;0,9988;;False
644,68;40.28;pa030​;20250612_123326;1;Marche2;0,1347;1,3663;4,4644;-0,0552;-0,0164;0,0030;0,9983;;False
644,69;40.29;pa030​;20250612_123326;1;Marche2;0,1333;1,3673;4,4882;-0,0608;-0,0178;0,0027;0,9980;;False
644,71;40.31;pa030​;20250612_123326;1;Marche2;0,1317;1,3670;4,5118;-0,0639;-0,0189;0,0002;0,9978;;False
644,72;40.32;pa030​;20250612_123326;1;Marche2;0,1305;1,3649;4,5358;-0,0662;-0,0212;-0,0021;0,9976;;False
644,74;40.33;pa030​;20250612_123326;1;Marche2;0,1291;1,3623;4,5598;-0,0659;-0,0224;-0,0041;0,9976;;False
644,75;40.35;pa030​;20250612_123326;1;Marche2;0,1279;1,3588;4,5840;-0,0646;-0,0238;-0,0058;0,9976;;False
644,76;40.36;pa030​;20250612_123326;1;Marche2;0,1266;1,3549;4,6081;-0,0610;-0,0244;-0,0076;0,9978;;False
644,78;40.38;pa030​;20250612_123326;1;Marche2;0,1252;1,3505;4,6322;-0,0556;-0,0235;-0,0107;0,9981;;False
644,79;40.39;pa030​;20250612_123326;1;Marche2;0,1238;1,3461;4,6563;-0,0461;-0,0232;-0,0120;0,9986;;False
644,81;40.4;pa030​;20250612_123326;1;Marche2;0,1225;1,3413;4,6799;-0,0388;-0,0242;-0,0099;0,9989;;False
644,82;40.42;pa030​;20250612_123326;1;Marche2;0,1211;1,3374;4,7035;-0,0297;-0,0252;-0,0070;0,9992;;False
644,84;40.43;pa030​;20250612_123326;1;Marche2;0,1204;1,3353;4,7272;-0,0257;-0,0266;-0,0034;0,9993;;False
644,85;40.44;pa030​;20250612_123326;1;Marche2;0,1201;1,3338;4,7513;-0,0295;-0,0274;-0,0013;0,9992;;False
644,86;40.46;pa030​;20250612_123326;1;Marche2;0,1199;1,3328;4,7760;-0,0380;-0,0277;-0,0003;0,9989;;False
644,88;40.47;pa030​;20250612_123326;1;Marche2;0,1197;1,3322;4,7999;-0,0453;-0,0303;0,0024;0,9985;;False
644,89;40.49;pa030​;20250612_123326;1;Marche2;0,1192;1,3384;4,8257;-0,0221;-0,0350;0,0070;0,9991;;False
644,90;40.5;pa030​;20250612_123326;1;Marche2;0,1190;1,3391;4,8535;-0,0617;-0,0473;0,0046;0,9970;;False
644,92;40.51;pa030​;20250612_123326;1;Marche2;0,1182;1,3415;4,8784;-0,0727;-0,0473;-0,0077;0,9962;;False
644,93;40.53;pa030​;20250612_123326;1;Marche2;0,1180;1,3453;4,9020;-0,0571;-0,0396;-0,0184;0,9974;;False
644,95;40.54;pa030​;20250612_123326;1;Marche2;0,1171;1,3470;4,9267;-0,0502;-0,0291;-0,0207;0,9981;;False
644,96;40.56;pa030​;20250612_123326;1;Marche2;0,1139;1,3498;4,9503;-0,0432;-0,0177;-0,0215;0,9987;;False
644,97;40.57;pa030​;20250612_123326;1;Marche2;0,1106;1,3532;4,9740;-0,0405;-0,0135;-0,0208;0,9989;;False
644,99;40.58;pa030​;20250612_123326;1;Marche2;0,1063;1,3578;4,9980;-0,0344;-0,0140;-0,0185;0,9991;;False
645,00;40.6;pa030​;20250612_123326;1;Marche2;0,1020;1,3615;5,0213;-0,0370;-0,0180;-0,0134;0,9991;;False
645,01;40.61;pa030​;20250612_123326;1;Marche2;0,0978;1,3648;5,0445;-0,0405;-0,0221;-0,0108;0,9989;;False
645,03;40.62;pa030​;20250612_123326;1;Marche2;0,0940;1,3670;5,0675;-0,0439;-0,0262;-0,0107;0,9986;;False
645,04;40.64;pa030​;20250612_123326;1;Marche2;0,0904;1,3683;5,0902;-0,0465;-0,0304;-0,0106;0,9984;;False
645,06;40.65;pa030​;20250612_123326;1;Marche2;0,0871;1,3684;5,1128;-0,0495;-0,0345;-0,0085;0,9981;;False
645,07;40.67;pa030​;20250612_123326;1;Marche2;0,0841;1,3677;5,1352;-0,0522;-0,0355;-0,0069;0,9980;;False
645,08;40.68;pa030​;20250612_123326;1;Marche2;0,0817;1,3664;5,1578;-0,0541;-0,0346;-0,0068;0,9979;;False
645,10;40.7;pa030​;20250612_123326;1;Marche2;0,0793;1,3640;5,1805;-0,0570;-0,0311;-0,0086;0,9979;;False
645,11;40.71;pa030​;20250612_123326;1;Marche2;0,0768;1,3609;5,2033;-0,0587;-0,0278;-0,0094;0,9978;;False
645,13;40.72;pa030​;20250612_123326;1;Marche2;0,0738;1,3577;5,2260;-0,0576;-0,0245;-0,0090;0,9980;;False
645,14;40.74;pa030​;20250612_123326;1;Marche2;0,0706;1,3543;5,2487;-0,0551;-0,0217;-0,0071;0,9982;;False
645,15;40.75;pa030​;20250612_123326;1;Marche2;0,0672;1,3507;5,2714;-0,0520;-0,0195;-0,0034;0,9985;;False
645,17;40.77;pa030​;20250612_123326;1;Marche2;0,0635;1,3474;5,2937;-0,0462;-0,0160;-0,0026;0,9988;;False
645,18;40.78;pa030​;20250612_123326;1;Marche2;0,0597;1,3442;5,3158;-0,0409;-0,0120;-0,0028;0,9991;;False
645,20;40.79;pa030​;20250612_123326;1;Marche2;0,0554;1,3419;5,3376;-0,0366;-0,0080;-0,0028;0,9993;;False
645,21;40.8;pa030​;20250612_123326;1;Marche2;0,0510;1,3395;5,3595;-0,0362;-0,0056;-0,0031;0,9993;;False
645,22;40.82;pa030​;20250612_123326;1;Marche2;0,0465;1,3383;5,3817;-0,0353;-0,0044;-0,0031;0,9994;;False
645,24;40.83;pa030​;20250612_123326;1;Marche2;0,0421;1,3377;5,4039;-0,0312;-0,0007;-0,0064;0,9995;;False
645,25;40.85;pa030​;20250612_123326;1;Marche2;0,0372;1,3430;5,4292;-0,0170;0,0071;-0,0159;0,9997;;False
645,26;40.86;pa030​;20250612_123326;1;Marche2;0,0335;1,3423;5,4553;-0,0561;0,0056;-0,0103;0,9984;;False
645,28;40.88;pa030​;20250612_123326;1;Marche2;0,0289;1,3450;5,4798;-0,0520;0,0011;0,0068;0,9986;;False
645,29;40.89;pa030​;20250612_123326;1;Marche2;0,0252;1,3460;5,5029;-0,0419;-0,0052;0,0170;0,9990;;False
645,30;40.9;pa030​;20250612_123326;1;Marche2;0,0219;1,3461;5,5269;-0,0247;-0,0076;0,0223;0,9994;;False
645,32;40.92;pa030​;20250612_123326;1;Marche2;0,0203;1,3478;5,5501;-0,0080;-0,0089;0,0195;0,9997;;False
645,33;40.93;pa030​;20250612_123326;1;Marche2;0,0194;1,3510;5,5728;0,0039;-0,0048;0,0145;0,9999;;False
645,35;40.94;pa030​;20250612_123326;1;Marche2;0,0189;1,3562;5,5950;0,0157;-0,0004;0,0130;0,9998;;False
645,36;40.96;pa030​;20250612_123326;1;Marche2;0,0174;1,3612;5,6168;0,0133;0,0022;0,0094;0,9999;;False
645,38;40.97;pa030​;20250612_123326;1;Marche2;0,0156;1,3648;5,6392;0,0054;0,0029;0,0038;1,0000;;False
645,39;40.99;pa030​;20250612_123326;1;Marche2;0,0142;1,3672;5,6610;-0,0013;0,0023;0,0008;1,0000;;False
645,40;41.0;pa030​;20250612_123326;1;Marche2;0,0127;1,3680;5,6826;-0,0071;0,0027;-0,0011;1,0000;;False
645,42;41.01;pa030​;20250612_123326;1;Marche2;0,0113;1,3678;5,7041;-0,0116;0,0029;-0,0013;0,9999;;False
645,43;41.03;pa030​;20250612_123326;1;Marche2;0,0100;1,3663;5,7257;-0,0126;0,0035;-0,0019;0,9999;;False
645,45;41.04;pa030​;20250612_123326;1;Marche2;0,0086;1,3635;5,7473;-0,0139;0,0045;-0,0028;0,9999;;False
645,46;41.06;pa030​;20250612_123326;1;Marche2;0,0074;1,3600;5,7691;-0,0124;0,0057;-0,0045;0,9999;;False
645,47;41.07;pa030​;20250612_123326;1;Marche2;0,0062;1,3560;5,7904;-0,0098;0,0078;-0,0071;0,9999;;False
645,49;41.08;pa030​;20250612_123326;1;Marche2;0,0050;1,3516;5,8120;-0,0055;0,0104;-0,0096;0,9999;;False
645,50;41.1;pa030​;20250612_123326;1;Marche2;0,0039;1,3470;5,8337;0,0012;0,0116;-0,0093;0,9999;;False
645,52;41.11;pa030​;20250612_123326;1;Marche2;0,0028;1,3426;5,8554;0,0094;0,0107;-0,0077;0,9999;;False
645,53;41.12;pa030​;20250612_123326;1;Marche2;0,0015;1,3385;5,8768;0,0169;0,0096;-0,0069;0,9998;;False
645,54;41.14;pa030​;20250612_123326;1;Marche2;0,0010;1,3360;5,8981;0,0218;0,0070;-0,0051;0,9997;;False
645,56;41.15;pa030​;20250612_123326;1;Marche2;0,0010;1,3345;5,9202;0,0216;0,0064;-0,0054;0,9997;;False
645,57;41.17;pa030​;20250612_123326;1;Marche2;0,0015;1,3333;5,9431;0,0143;0,0077;-0,0084;0,9998;;False
645,58;41.18;pa030​;20250612_123326;1;Marche2;0,0020;1,3326;5,9657;0,0087;0,0081;-0,0086;0,9999;;False
645,60;41.19;pa030​;20250612_123326;1;Marche2;0,0023;1,3338;5,9883;0,0105;0,0067;-0,0065;0,9999;;False
645,61;41.21;pa030​;20250612_123326;1;Marche2;0,0031;1,3413;6,0137;0,0259;0,0014;-0,0069;0,9996;;False
645,63;41.22;pa030​;20250612_123326;1;Marche2;0,0039;1,3414;6,0395;-0,0061;-0,0033;-0,0121;0,9999;;False
645,64;41.24;pa030​;20250612_123326;1;Marche2;0,0046;1,3430;6,0630;-0,0105;-0,0004;-0,0229;0,9997;;False
645,65;41.25;pa030​;20250612_123326;1;Marche2;0,0050;1,3445;6,0852;-0,0027;0,0072;-0,0313;0,9995;;False
645,67;41.26;pa030​;20250612_123326;1;Marche2;0,0050;1,3449;6,1083;0,0094;0,0165;-0,0356;0,9992;;False
645,68;41.28;pa030​;20250612_123326;1;Marche2;0,0036;1,3457;6,1315;0,0191;0,0236;-0,0339;0,9990;;False
645,70;41.29;pa030​;20250612_123326;1;Marche2;0,0017;1,3480;6,1546;0,0275;0,0252;-0,0325;0,9988;;False
645,71;41.31;pa030​;20250612_123326;1;Marche2;-0,0009;1,3510;6,1781;0,0333;0,0239;-0,0299;0,9987;;False
645,72;41.32;pa030​;20250612_123326;1;Marche2;-0,0030;1,3536;6,2015;0,0346;0,0203;-0,0244;0,9989;;False
645,74;41.33;pa030​;20250612_123326;1;Marche2;-0,0049;1,3558;6,2243;0,0347;0,0173;-0,0208;0,9990;;False
645,75;41.35;pa030​;20250612_123326;1;Marche2;-0,0066;1,3571;6,2470;0,0360;0,0151;-0,0203;0,9990;;False
645,76;41.36;pa030​;20250612_123326;1;Marche2;-0,0081;1,3578;6,2695;0,0372;0,0130;-0,0210;0,9990;;False
645,78;41.37;pa030​;20250612_123326;1;Marche2;-0,0095;1,3579;6,2918;0,0377;0,0118;-0,0223;0,9990;;False
645,79;41.39;pa030​;20250612_123326;1;Marche2;-0,0105;1,3571;6,3139;0,0377;0,0114;-0,0230;0,9990;;False
645,81;41.4;pa030​;20250612_123326;1;Marche2;-0,0119;1,3559;6,3360;0,0372;0,0127;-0,0229;0,9990;;False
645,82;41.42;pa030​;20250612_123326;1;Marche2;-0,0133;1,3541;6,3578;0,0358;0,0138;-0,0214;0,9990;;False
645,83;41.43;pa030​;20250612_123326;1;Marche2;-0,0149;1,3521;6,3794;0,0361;0,0146;-0,0189;0,9991;;False
645,85;41.45;pa030​;20250612_123326;1;Marche2;-0,0165;1,3496;6,4009;0,0370;0,0143;-0,0166;0,9991;;False
645,86;41.46;pa030​;20250612_123326;1;Marche2;-0,0181;1,3470;6,4222;0,0406;0,0135;-0,0153;0,9990;;False
645,88;41.47;pa030​;20250612_123326;1;Marche2;-0,0195;1,3445;6,4429;0,0452;0,0129;-0,0144;0,9988;;False
645,89;41.49;pa030​;20250612_123326;1;Marche2;-0,0210;1,3418;6,4638;0,0489;0,0140;-0,0153;0,9986;;False
645,90;41.5;pa030​;20250612_123326;1;Marche2;-0,0226;1,3393;6,4846;0,0480;0,0165;-0,0176;0,9986;;False
645,92;41.52;pa030​;20250612_123326;1;Marche2;-0,0244;1,3372;6,5054;0,0458;0,0193;-0,0209;0,9985;;False
645,93;41.53;pa030​;20250612_123326;1;Marche2;-0,0266;1,3352;6,5256;0,0435;0,0206;-0,0226;0,9986;;False
645,94;41.54;pa030​;20250612_123326;1;Marche2;-0,0289;1,3325;6,5453;0,0419;0,0206;-0,0238;0,9986;;False
645,96;41.56;pa030​;20250612_123326;1;Marche2;-0,0312;1,3312;6,5655;0,0495;0,0225;-0,0291;0,9981;;False
645,97;41.57;pa030​;20250612_123326;1;Marche2;-0,0325;1,3337;6,5882;0,0554;0,0263;-0,0339;0,9975;;False
645,99;41.58;pa030​;20250612_123326;1;Marche2;-0,0333;1,3342;6,6118;0,0390;0,0274;-0,0254;0,9985;;False
646,00;41.6;pa030​;20250612_123326;1;Marche2;-0,0344;1,3337;6,6337;0,0305;0,0263;-0,0140;0,9991;;False
646,01;41.61;pa030​;20250612_123326;1;Marche2;-0,0351;1,3346;6,6549;0,0452;0,0227;-0,0081;0,9987;;False
646,03;41.62;pa030​;20250612_123326;1;Marche2;-0,0354;1,3333;6,6760;0,0572;0,0201;-0,0065;0,9981;;False
646,04;41.64;pa030​;20250612_123326;1;Marche2;-0,0349;1,3336;6,6972;0,0732;0,0212;-0,0138;0,9970;;False
646,06;41.65;pa030​;20250612_123326;1;Marche2;-0,0337;1,3358;6,7180;0,0845;0,0252;-0,0196;0,9959;;False
646,07;41.67;pa030​;20250612_123326;1;Marche2;-0,0322;1,3396;6,7385;0,0916;0,0284;-0,0182;0,9952;;False
646,08;41.68;pa030​;20250612_123326;1;Marche2;-0,0316;1,3438;6,7591;0,0903;0,0319;-0,0180;0,9952;;False
646,10;41.69;pa030​;20250612_123326;1;Marche2;-0,0307;1,3469;6,7801;0,0835;0,0338;-0,0205;0,9957;;False
646,11;41.71;pa030​;20250612_123326;1;Marche2;-0,0290;1,3490;6,8005;0,0775;0,0347;-0,0209;0,9962;;False
646,12;41.72;pa030​;20250612_123326;1;Marche2;-0,0275;1,3510;6,8210;0,0750;0,0367;-0,0215;0,9963;;False
646,14;41.74;pa030​;20250612_123326;1;Marche2;-0,0260;1,3519;6,8418;0,0736;0,0394;-0,0233;0,9962;;False
646,15;41.75;pa030​;20250612_123326;1;Marche2;-0,0245;1,3517;6,8624;0,0727;0,0422;-0,0251;0,9961;;False
646,17;41.76;pa030​;20250612_123326;1;Marche2;-0,0228;1,3505;6,8829;0,0752;0,0439;-0,0257;0,9959;;False
646,18;41.78;pa030​;20250612_123326;1;Marche2;-0,0213;1,3487;6,9031;0,0777;0,0463;-0,0256;0,9956;;False
646,19;41.79;pa030​;20250612_123326;1;Marche2;-0,0196;1,3466;6,9229;0,0827;0,0484;-0,0269;0,9950;;False
646,21;41.81;pa030​;20250612_123326;1;Marche2;-0,0179;1,3444;6,9428;0,0889;0,0509;-0,0271;0,9944;;False
646,22;41.82;pa030​;20250612_123326;1;Marche2;-0,0161;1,3418;6,9621;0,0917;0,0536;-0,0268;0,9940;;False
646,24;41.83;pa030​;20250612_123326;1;Marche2;-0,0143;1,3392;6,9815;0,0939;0,0564;-0,0262;0,9936;;False
646,25;41.85;pa030​;20250612_123326;1;Marche2;-0,0121;1,3368;7,0007;0,0959;0,0572;-0,0239;0,9935;;False
646,26;41.86;pa030​;20250612_123326;1;Marche2;-0,0098;1,3341;7,0194;0,0945;0,0574;-0,0217;0,9936;;False
646,28;41.88;pa030​;20250612_123326;1;Marche2;-0,0074;1,3310;7,0381;0,0907;0,0574;-0,0222;0,9940;;False
646,29;41.89;pa030​;20250612_123326;1;Marche2;-0,0048;1,3278;7,0564;0,0859;0,0572;-0,0228;0,9944;;False
646,31;41.9;pa030​;20250612_123326;1;Marche2;-0,0024;1,3240;7,0741;0,0787;0,0554;-0,0204;0,9951;;False
646,32;41.92;pa030​;20250612_123326;1;Marche2;0,0001;1,3236;7,0933;0,0893;0,0512;-0,0186;0,9945;;False
646,33;41.93;pa030​;20250612_123326;1;Marche2;0,0040;1,3238;7,1134;0,0835;0,0407;-0,0196;0,9955;;False
646,35;41.94;pa030​;20250612_123326;1;Marche2;0,0068;1,3228;7,1348;0,0687;0,0398;-0,0301;0,9964;;False
646,36;41.96;pa030​;20250612_123326;1;Marche2;0,0096;1,3215;7,1525;0,0631;0,0462;-0,0424;0,9960;;False
646,38;41.97;pa030​;20250612_123326;1;Marche2;0,0128;1,3215;7,1703;0,0793;0,0561;-0,0443;0,9943;;False
646,39;41.99;pa030​;20250612_123326;1;Marche2;0,0152;1,3208;7,1890;0,0927;0,0646;-0,0434;0,9926;;False
646,40;42.0;pa030​;20250612_123326;1;Marche2;0,0160;1,3216;7,2074;0,0995;0,0724;-0,0479;0,9912;;False
646,42;42.01;pa030​;20250612_123326;1;Marche2;0,0163;1,3245;7,2259;0,1078;0,0764;-0,0523;0,9899;;False
646,43;42.03;pa030​;20250612_123326;1;Marche2;0,0164;1,3273;7,2442;0,1075;0,0775;-0,0489;0,9900;;False
646,45;42.04;pa030​;20250612_123326;1;Marche2;0,0162;1,3310;7,2623;0,1070;0,0776;-0,0430;0,9903;;False
646,46;42.06;pa030​;20250612_123326;1;Marche2;0,0157;1,3341;7,2800;0,1038;0,0775;-0,0391;0,9908;;False
646,47;42.07;pa030​;20250612_123326;1;Marche2;0,0153;1,3364;7,2976;0,1001;0,0762;-0,0355;0,9914;;False
646,49;42.08;pa030​;20250612_123326;1;Marche2;0,0151;1,3377;7,3148;0,0978;0,0747;-0,0320;0,9919;;False
646,50;42.1;pa030​;20250612_123326;1;Marche2;0,0155;1,3385;7,3315;0,0988;0,0732;-0,0290;0,9920;;False
646,51;42.11;pa030​;20250612_123326;1;Marche2;0,0161;1,3377;7,3480;0,0998;0,0726;-0,0260;0,9920;;False
646,53;42.12;pa030​;20250612_123326;1;Marche2;0,0169;1,3366;7,3643;0,1035;0,0725;-0,0247;0,9917;;False
646,54;42.14;pa030​;20250612_123326;1;Marche2;0,0175;1,3351;7,3806;0,1071;0,0745;-0,0248;0,9911;;False
646,56;42.15;pa030​;20250612_123326;1;Marche2;0,0180;1,3336;7,3968;0,1101;0,0761;-0,0261;0,9907;;False
646,57;42.17;pa030​;20250612_123326;1;Marche2;0,0185;1,3317;7,4131;0,1122;0,0768;-0,0276;0,9903;;False
646,58;42.18;pa030​;20250612_123326;1;Marche2;0,0191;1,3297;7,4294;0,1144;0,0760;-0,0285;0,9901;;False
646,60;42.2;pa030​;20250612_123326;1;Marche2;0,0196;1,3276;7,4455;0,1139;0,0747;-0,0280;0,9903;;False
646,61;42.21;pa030​;20250612_123326;1;Marche2;0,0200;1,3254;7,4616;0,1123;0,0744;-0,0291;0,9905;;False
646,63;42.22;pa030​;20250612_123326;1;Marche2;0,0202;1,3232;7,4774;0,1114;0,0754;-0,0310;0,9904;;False
646,64;42.24;pa030​;20250612_123326;1;Marche2;0,0202;1,3205;7,4929;0,1124;0,0763;-0,0315;0,9902;;False
646,65;42.25;pa030​;20250612_123326;1;Marche2;0,0202;1,3179;7,5080;0,1171;0,0762;-0,0312;0,9897;;False
646,67;42.26;pa030​;20250612_123326;1;Marche2;0,0204;1,3154;7,5226;0,1213;0,0757;-0,0316;0,9892;;False
646,68;42.28;pa030​;20250612_123326;1;Marche2;0,0212;1,3135;7,5372;0,1249;0,0753;-0,0336;0,9887;;False
646,69;42.29;pa030​;20250612_123326;1;Marche2;0,0224;1,3127;7,5518;0,1251;0,0780;-0,0380;0,9883;;False
646,71;42.3;pa030​;20250612_123326;1;Marche2;0,0240;1,3136;7,5669;0,1227;0,0840;-0,0460;0,9878;;False
646,72;42.32;pa030​;20250612_123326;1;Marche2;0,0256;1,3185;7,5847;0,1228;0,0957;-0,0545;0,9863;;False
646,74;42.33;pa030​;20250612_123326;1;Marche2;0,0269;1,3177;7,6016;0,0941;0,1026;-0,0496;0,9890;;False
646,75;42.35;pa030​;20250612_123326;1;Marche2;0,0270;1,3169;7,6171;0,0803;0,1089;-0,0429;0,9899;;False
646,76;42.36;pa030​;20250612_123326;1;Marche2;0,0264;1,3185;7,6316;0,0925;0,1121;-0,0393;0,9886;;False
646,78;42.37;pa030​;20250612_123326;1;Marche2;0,0260;1,3178;7,6470;0,0967;0,1114;-0,0301;0,9886;;False
646,79;42.39;pa030​;20250612_123326;1;Marche2;0,0262;1,3172;7,6618;0,1031;0,1058;-0,0203;0,9888;;False
646,80;42.4;pa030​;20250612_123326;1;Marche2;0,0269;1,3184;7,6767;0,1132;0,1009;-0,0176;0,9883;;False
646,82;42.42;pa030​;20250612_123326;1;Marche2;0,0286;1,3198;7,6919;0,1170;0,0972;-0,0215;0,9881;;False
646,83;42.43;pa030​;20250612_123326;1;Marche2;0,0307;1,3214;7,7058;0,1183;0,0948;-0,0258;0,9881;;False
646,85;42.44;pa030​;20250612_123326;1;Marche2;0,0328;1,3239;7,7188;0,1223;0,0944;-0,0307;0,9875;;False
646,86;42.46;pa030​;20250612_123326;1;Marche2;0,0354;1,3271;7,7318;0,1212;0,0937;-0,0331;0,9876;;False
646,87;42.47;pa030​;20250612_123326;1;Marche2;0,0381;1,3306;7,7454;0,1160;0,0940;-0,0329;0,9882;;False
646,89;42.48;pa030​;20250612_123326;1;Marche2;0,0413;1,3336;7,7587;0,1069;0,0945;-0,0315;0,9893;;False
646,90;42.5;pa030​;20250612_123326;1;Marche2;0,0447;1,3359;7,7714;0,1005;0,0961;-0,0307;0,9898;;False
646,92;42.51;pa030​;20250612_123326;1;Marche2;0,0478;1,3374;7,7836;0,0976;0,0991;-0,0306;0,9898;;False
646,93;42.53;pa030​;20250612_123326;1;Marche2;0,0512;1,3379;7,7956;0,0968;0,1028;-0,0336;0,9894;;False
646,94;42.54;pa030​;20250612_123326;1;Marche2;0,0545;1,3379;7,8071;0,0993;0,1072;-0,0374;0,9886;;False
646,96;42.55;pa030​;20250612_123326;1;Marche2;0,0579;1,3373;7,8184;0,1021;0,1113;-0,0405;0,9877;;False
646,97;42.57;pa030​;20250612_123326;1;Marche2;0,0611;1,3364;7,8296;0,1055;0,1152;-0,0421;0,9868;;False
646,99;42.58;pa030​;20250612_123326;1;Marche2;0,0643;1,3352;7,8407;0,1076;0,1184;-0,0438;0,9862;;False
647,00;42.6;pa030​;20250612_123326;1;Marche2;0,0676;1,3340;7,8518;0,1089;0,1208;-0,0450;0,9857;;False
647,01;42.61;pa030​;20250612_123326;1;Marche2;0,0708;1,3331;7,8632;0,1080;0,1227;-0,0453;0,9855;;False
647,03;42.62;pa030​;20250612_123326;1;Marche2;0,0740;1,3319;7,8746;0,1047;0,1244;-0,0457;0,9856;;False
647,04;42.64;pa030​;20250612_123326;1;Marche2;0,0773;1,3302;7,8861;0,1009;0,1258;-0,0469;0,9858;;False
647,06;42.65;pa030​;20250612_123326;1;Marche2;0,0807;1,3279;7,8973;0,0992;0,1267;-0,0480;0,9858;;False
647,07;42.67;pa030​;20250612_123326;1;Marche2;0,0842;1,3250;7,9083;0,0990;0,1269;-0,0496;0,9857;;False
647,08;42.68;pa030​;20250612_123326;1;Marche2;0,0878;1,3219;7,9194;0,1012;0,1264;-0,0512;0,9855;;False
647,10;42.69;pa030​;20250612_123326;1;Marche2;0,0915;1,3193;7,9306;0,1024;0,1258;-0,0524;0,9854;;False
647,11;42.71;pa030​;20250612_123326;1;Marche2;0,0956;1,3174;7,9421;0,1016;0,1252;-0,0538;0,9854;;False
647,12;42.72;pa030​;20250612_123326;1;Marche2;0,1001;1,3155;7,9539;0,0991;0,1252;-0,0550;0,9856;;False
647,14;42.73;pa030​;20250612_123326;1;Marche2;0,1050;1,3135;7,9658;0,0942;0,1259;-0,0556;0,9860;;False
647,15;42.75;pa030​;20250612_123326;1;Marche2;0,1103;1,3119;7,9780;0,0913;0,1272;-0,0568;0,9860;;False
647,17;42.76;pa030​;20250612_123326;1;Marche2;0,1159;1,3107;7,9901;0,0879;0,1289;-0,0574;0,9861;;False
647,18;42.78;pa030​;20250612_123326;1;Marche2;0,1220;1,3102;8,0023;0,0843;0,1312;-0,0585;0,9860;;False
647,19;42.79;pa030​;20250612_123326;1;Marche2;0,1282;1,3099;8,0146;0,0796;0,1328;-0,0586;0,9862;;False
647,21;42.8;pa030​;20250612_123326;1;Marche2;0,1345;1,3112;8,0274;0,0798;0,1348;-0,0597;0,9858;;False
647,22;42.82;pa030​;20250612_123326;1;Marche2;0,1419;1,3150;8,0414;0,0816;0,1358;-0,0616;0,9855;;False
647,24;42.83;pa030​;20250612_123326;1;Marche2;0,1491;1,3163;8,0557;0,0584;0,1398;-0,0622;0,9865;;False
647,25;42.85;pa030​;20250612_123326;1;Marche2;0,1565;1,3197;8,0693;0,0477;0,1475;-0,0666;0,9857;;False
647,26;42.86;pa030​;20250612_123326;1;Marche2;0,1636;1,3220;8,0819;0,0375;0,1570;-0,0641;0,9848;;False
647,28;42.87;pa030​;20250612_123326;1;Marche2;0,1699;1,3247;8,0946;0,0362;0,1655;-0,0618;0,9836;;False
647,29;42.89;pa030​;20250612_123326;1;Marche2;0,1752;1,3270;8,1067;0,0329;0,1726;-0,0612;0,9825;;False
647,30;42.9;pa030​;20250612_123326;1;Marche2;0,1799;1,3292;8,1192;0,0285;0,1795;-0,0628;0,9813;;False
647,32;42.92;pa030​;20250612_123326;1;Marche2;0,1843;1,3313;8,1310;0,0238;0,1872;-0,0644;0,9799;;False
647,33;42.93;pa030​;20250612_123326;1;Marche2;0,1885;1,3332;8,1427;0,0216;0,1952;-0,0635;0,9785;;False
647,35;42.94;pa030​;20250612_123326;1;Marche2;0,1921;1,3351;8,1544;0,0179;0,2024;-0,0594;0,9773;;False
647,36;42.96;pa030​;20250612_123326;1;Marche2;0,1948;1,3378;8,1660;0,0170;0,2090;-0,0582;0,9760;;False
647,37;42.97;pa030​;20250612_123326;1;Marche2;0,1972;1,3403;8,1769;0,0157;0,2148;-0,0553;0,9750;;False
647,39;42.99;pa030​;20250612_123326;1;Marche2;0,1995;1,3427;8,1875;0,0150;0,2200;-0,0493;0,9741;;False
647,40;43.0;pa030​;20250612_123326;1;Marche2;0,2014;1,3453;8,1979;0,0127;0,2258;-0,0442;0,9731;;False
647,42;43.01;pa030​;20250612_123326;1;Marche2;0,2035;1,3477;8,2078;0,0088;0,2310;-0,0388;0,9721;;False
647,43;43.03;pa030​;20250612_123326;1;Marche2;0,2054;1,3497;8,2171;0,0057;0,2354;-0,0334;0,9713;;False
647,44;43.04;pa030​;20250612_123326;1;Marche2;0,2072;1,3515;8,2259;0,0032;0,2400;-0,0304;0,9703;;False
647,46;43.06;pa030​;20250612_123326;1;Marche2;0,2094;1,3527;8,2345;0,0006;0,2436;-0,0286;0,9695;;False
647,47;43.07;pa030​;20250612_123326;1;Marche2;0,2116;1,3538;8,2428;-0,0023;0,2470;-0,0272;0,9686;;False
647,49;43.08;pa030​;20250612_123326;1;Marche2;0,2136;1,3549;8,2505;-0,0058;0,2496;-0,0264;0,9680;;False
647,50;43.1;pa030​;20250612_123326;1;Marche2;0,2156;1,3562;8,2576;-0,0085;0,2519;-0,0250;0,9674;;False
647,51;43.11;pa030​;20250612_123326;1;Marche2;0,2176;1,3573;8,2640;-0,0114;0,2543;-0,0242;0,9668;;False
647,53;43.12;pa030​;20250612_123326;1;Marche2;0,2195;1,3581;8,2697;-0,0131;0,2576;-0,0235;0,9659;;False
647,54;43.14;pa030​;20250612_123326;1;Marche2;0,2217;1,3586;8,2744;-0,0133;0,2617;-0,0232;0,9648;;False
647,56;43.15;pa030​;20250612_123326;1;Marche2;0,2237;1,3594;8,2784;-0,0125;0,2665;-0,0223;0,9635;;False
647,57;43.17;pa030​;20250612_123326;1;Marche2;0,2252;1,3606;8,2819;-0,0128;0,2716;-0,0213;0,9621;;False
