Timestamp;ElapsedTime;ID_Subject;ID_Session;sessionNumber;ID_Test;HeadPosition_X;HeadPosition_Y;HeadPosition_Z;HeadRotation_X;HeadRotation_Y;HeadRotation_Z;HeadRotation_W;Events;FalseStart
1022,56;0.0;pa030​;20250612_123326;1;TUG1;0,1770;1,0863;0,2537;0,1883;0,4712;-0,0684;0,8590;;False
1022,57;0.01;pa030​;20250612_123326;1;TUG1;0,1710;1,0784;0,2548;0,1936;0,4578;-0,0664;0,8652;;False
1022,59;0.03;pa030​;20250612_123326;1;TUG1;0,1649;1,0711;0,2557;0,1974;0,4443;-0,0643;0,8715;;False
1022,60;0.04;pa030​;20250612_123326;1;TUG1;0,1589;1,0640;0,2561;0,1986;0,4328;-0,0634;0,8771;;False
1022,62;0.06;pa030​;20250612_123326;1;TUG1;0,1532;1,0571;0,2557;0,1991;0,4221;-0,0608;0,8823;;False
1022,63;0.07;pa030​;20250612_123326;1;TUG1;0,1472;1,0501;0,2549;0,1997;0,4114;-0,0582;0,8874;;False
1022,64;0.08;pa030​;20250612_123326;1;TUG1;0,1413;1,0438;0,2538;0,2025;0,4005;-0,0583;0,8917;;False
1022,66;0.1;pa030​;20250612_123326;1;TUG1;0,1351;1,0383;0,2528;0,2058;0,3908;-0,0589;0,8952;;False
1022,67;0.11;pa030​;20250612_123326;1;TUG1;0,1290;1,0333;0,2515;0,2075;0,3807;-0,0600;0,8991;;False
1022,68;0.12;pa030​;20250612_123326;1;TUG1;0,1225;1,0292;0,2501;0,2094;0,3702;-0,0599;0,9030;;False
1022,70;0.14;pa030​;20250612_123326;1;TUG1;0,1158;1,0257;0,2482;0,2107;0,3592;-0,0575;0,9074;;False
1022,71;0.15;pa030​;20250612_123326;1;TUG1;0,1088;1,0230;0,2459;0,2112;0,3481;-0,0553;0,9117;;False
1022,73;0.17;pa030​;20250612_123326;1;TUG1;0,1017;1,0209;0,2433;0,2110;0,3373;-0,0515;0,9160;;False
1022,74;0.18;pa030​;20250612_123326;1;TUG1;0,0949;1,0195;0,2403;0,2102;0,3251;-0,0468;0,9209;;False
1022,75;0.19;pa030​;20250612_123326;1;TUG1;0,0878;1,0185;0,2370;0,2075;0,3140;-0,0424;0,9255;;False
1022,77;0.21;pa030​;20250612_123326;1;TUG1;0,0811;1,0178;0,2331;0,2051;0,3029;-0,0380;0,9299;;False
1022,78;0.22;pa030​;20250612_123326;1;TUG1;0,0746;1,0177;0,2286;0,2023;0,2925;-0,0330;0,9340;;False
1022,80;0.24;pa030​;20250612_123326;1;TUG1;0,0684;1,0180;0,2238;0,1997;0,2825;-0,0291;0,9378;;False
1022,81;0.25;pa030​;20250612_123326;1;TUG1;0,0624;1,0186;0,2183;0,1960;0,2728;-0,0260;0,9415;;False
1022,82;0.26;pa030​;20250612_123326;1;TUG1;0,0567;1,0195;0,2124;0,1921;0,2638;-0,0233;0,9450;;False
1022,84;0.28;pa030​;20250612_123326;1;TUG1;0,0512;1,0208;0,2062;0,1873;0,2554;-0,0210;0,9483;;False
1022,85;0.29;pa030​;20250612_123326;1;TUG1;0,0461;1,0223;0,1995;0,1813;0,2470;-0,0177;0,9517;;False
1022,87;0.31;pa030​;20250612_123326;1;TUG1;0,0412;1,0237;0,1924;0,1748;0,2388;-0,0137;0,9551;;False
1022,88;0.32;pa030​;20250612_123326;1;TUG1;0,0365;1,0251;0,1848;0,1683;0,2304;-0,0100;0,9584;;False
1022,89;0.33;pa030​;20250612_123326;1;TUG1;0,0321;1,0262;0,1768;0,1613;0,2218;-0,0072;0,9616;;False
1022,91;0.35;pa030​;20250612_123326;1;TUG1;0,0280;1,0272;0,1683;0,1549;0,2123;-0,0039;0,9648;;False
1022,92;0.36;pa030​;20250612_123326;1;TUG1;0,0241;1,0277;0,1593;0,1480;0,2030;-0,0011;0,9679;;False
1022,93;0.37;pa030​;20250612_123326;1;TUG1;0,0204;1,0280;0,1498;0,1418;0,1942;0,0010;0,9707;;False
1022,95;0.39;pa030​;20250612_123326;1;TUG1;0,0175;1,0279;0,1398;0,1354;0,1848;0,0026;0,9734;;False
1022,96;0.4;pa030​;20250612_123326;1;TUG1;0,0147;1,0277;0,1295;0,1293;0,1757;0,0039;0,9759;;False
1022,98;0.42;pa030​;20250612_123326;1;TUG1;0,0126;1,0274;0,1191;0,1246;0,1667;0,0034;0,9781;;False
1022,99;0.43;pa030​;20250612_123326;1;TUG1;0,0109;1,0272;0,1083;0,1207;0,1582;0,0022;0,9800;;False
1023,00;0.44;pa030​;20250612_123326;1;TUG1;0,0094;1,0277;0,0973;0,1189;0,1509;0,0007;0,9814;;False
1023,02;0.46;pa030​;20250612_123326;1;TUG1;0,0081;1,0287;0,0861;0,1162;0,1445;0,0007;0,9827;;False
1023,03;0.47;pa030​;20250612_123326;1;TUG1;0,0073;1,0307;0,0752;0,1138;0,1377;0,0020;0,9839;;False
1023,05;0.49;pa030​;20250612_123326;1;TUG1;0,0067;1,0336;0,0644;0,1102;0,1308;0,0031;0,9853;;False
1023,06;0.5;pa030​;20250612_123326;1;TUG1;0,0065;1,0376;0,0542;0,1071;0,1241;0,0026;0,9865;;False
1023,07;0.51;pa030​;20250612_123326;1;TUG1;0,0065;1,0421;0,0437;0,1037;0,1173;0,0015;0,9877;;False
1023,09;0.53;pa030​;20250612_123326;1;TUG1;0,0068;1,0467;0,0327;0,0984;0,1111;-0,0011;0,9889;;False
1023,10;0.54;pa030​;20250612_123326;1;TUG1;0,0072;1,0516;0,0215;0,0924;0,1055;-0,0045;0,9901;;False
1023,11;0.55;pa030​;20250612_123326;1;TUG1;0,0076;1,0566;0,0105;0,0836;0,0994;-0,0070;0,9915;;False
1023,13;0.57;pa030​;20250612_123326;1;TUG1;0,0081;1,0616;-0,0005;0,0727;0,0932;-0,0081;0,9930;;False
1023,14;0.58;pa030​;20250612_123326;1;TUG1;0,0087;1,0659;-0,0114;0,0616;0,0870;-0,0078;0,9943;;False
1023,16;0.6;pa030​;20250612_123326;1;TUG1;0,0091;1,0698;-0,0223;0,0524;0,0818;-0,0068;0,9952;;False
1023,17;0.61;pa030​;20250612_123326;1;TUG1;0,0096;1,0730;-0,0331;0,0452;0,0767;-0,0058;0,9960;;False
1023,18;0.62;pa030​;20250612_123326;1;TUG1;0,0098;1,0757;-0,0435;0,0401;0,0723;-0,0045;0,9966;;False
1023,20;0.64;pa030​;20250612_123326;1;TUG1;0,0099;1,0783;-0,0533;0,0372;0,0673;-0,0028;0,9970;;False
1023,21;0.65;pa030​;20250612_123326;1;TUG1;0,0101;1,0810;-0,0629;0,0337;0,0621;-0,0020;0,9975;;False
1023,23;0.67;pa030​;20250612_123326;1;TUG1;0,0100;1,0835;-0,0719;0,0297;0,0580;-0,0011;0,9979;;False
1023,24;0.68;pa030​;20250612_123326;1;TUG1;0,0101;1,0861;-0,0805;0,0249;0,0562;-0,0013;0,9981;;False
1023,25;0.69;pa030​;20250612_123326;1;TUG1;0,0104;1,0888;-0,0886;0,0200;0,0554;-0,0016;0,9983;;False
1023,27;0.71;pa030​;20250612_123326;1;TUG1;0,0107;1,0914;-0,0965;0,0149;0,0560;-0,0019;0,9983;;False
1023,28;0.72;pa030​;20250612_123326;1;TUG1;0,0107;1,0935;-0,1038;0,0112;0,0566;-0,0026;0,9983;;False
1023,29;0.73;pa030​;20250612_123326;1;TUG1;0,0105;1,0953;-0,1106;0,0082;0,0576;-0,0025;0,9983;;False
1023,31;0.75;pa030​;20250612_123326;1;TUG1;0,0103;1,0966;-0,1170;0,0061;0,0581;-0,0023;0,9983;;False
1023,32;0.76;pa030​;20250612_123326;1;TUG1;0,0100;1,0977;-0,1229;0,0053;0,0589;-0,0018;0,9983;;False
1023,34;0.78;pa030​;20250612_123326;1;TUG1;0,0097;1,0984;-0,1284;0,0038;0,0597;-0,0017;0,9982;;False
1023,35;0.79;pa030​;20250612_123326;1;TUG1;0,0095;1,0992;-0,1337;0,0023;0,0609;-0,0020;0,9981;;False
1023,36;0.8;pa030​;20250612_123326;1;TUG1;0,0094;1,0998;-0,1387;0,0015;0,0631;-0,0025;0,9980;;False
1023,38;0.82;pa030​;20250612_123326;1;TUG1;0,0095;1,1000;-0,1436;0,0017;0,0658;-0,0030;0,9978;;False
1023,39;0.83;pa030​;20250612_123326;1;TUG1;0,0096;1,1000;-0,1484;0,0025;0,0692;-0,0037;0,9976;;False
1023,41;0.85;pa030​;20250612_123326;1;TUG1;0,0097;1,1001;-0,1531;0,0041;0,0729;-0,0048;0,9973;;False
1023,42;0.86;pa030​;20250612_123326;1;TUG1;0,0098;1,1005;-0,1578;0,0056;0,0761;-0,0059;0,9971;;False
1023,43;0.87;pa030​;20250612_123326;1;TUG1;0,0098;1,1008;-0,1623;0,0062;0,0795;-0,0069;0,9968;;False
1023,45;0.89;pa030​;20250612_123326;1;TUG1;0,0095;1,1011;-0,1667;0,0068;0,0834;-0,0066;0,9965;;False
1023,46;0.9;pa030​;20250612_123326;1;TUG1;0,0092;1,1012;-0,1708;0,0076;0,0871;-0,0060;0,9962;;False
1023,48;0.92;pa030​;20250612_123326;1;TUG1;0,0089;1,1010;-0,1746;0,0099;0,0904;-0,0054;0,9958;;False
1023,49;0.93;pa030​;20250612_123326;1;TUG1;0,0084;1,1007;-0,1781;0,0119;0,0934;-0,0049;0,9955;;False
1023,50;0.94;pa030​;20250612_123326;1;TUG1;0,0078;1,1006;-0,1812;0,0130;0,0959;-0,0042;0,9953;;False
1023,52;0.96;pa030​;20250612_123326;1;TUG1;0,0071;1,1008;-0,1842;0,0130;0,0979;-0,0039;0,9951;;False
1023,53;0.97;pa030​;20250612_123326;1;TUG1;0,0063;1,1011;-0,1871;0,0117;0,0996;-0,0036;0,9950;;False
1023,55;0.99;pa030​;20250612_123326;1;TUG1;0,0053;1,1013;-0,1900;0,0101;0,1011;-0,0037;0,9948;;False
1023,56;1.0;pa030​;20250612_123326;1;TUG1;0,0044;1,1015;-0,1927;0,0090;0,1021;-0,0033;0,9947;;False
1023,57;1.01;pa030​;20250612_123326;1;TUG1;0,0035;1,1018;-0,1952;0,0083;0,1034;-0,0027;0,9946;;False
1023,59;1.03;pa030​;20250612_123326;1;TUG1;0,0027;1,1021;-0,1975;0,0075;0,1048;-0,0022;0,9945;;False
1023,60;1.04;pa030​;20250612_123326;1;TUG1;0,0018;1,1025;-0,1996;0,0058;0,1065;-0,0023;0,9943;;False
1023,61;1.05;pa030​;20250612_123326;1;TUG1;0,0009;1,1030;-0,2014;0,0031;0,1086;-0,0023;0,9941;;False
1023,63;1.07;pa030​;20250612_123326;1;TUG1;-0,0001;1,1036;-0,2030;-0,0003;0,1110;-0,0023;0,9938;;False
1023,64;1.08;pa030​;20250612_123326;1;TUG1;-0,0010;1,1041;-0,2044;-0,0044;0,1131;-0,0027;0,9936;;False
1023,66;1.1;pa030​;20250612_123326;1;TUG1;-0,0018;1,1047;-0,2056;-0,0079;0,1154;-0,0025;0,9933;;False
1023,67;1.11;pa030​;20250612_123326;1;TUG1;-0,0025;1,1052;-0,2066;-0,0115;0,1173;-0,0024;0,9930;;False
1023,68;1.12;pa030​;20250612_123326;1;TUG1;-0,0033;1,1057;-0,2074;-0,0150;0,1191;-0,0022;0,9928;;False
1023,70;1.14;pa030​;20250612_123326;1;TUG1;-0,0042;1,1061;-0,2081;-0,0190;0,1200;-0,0017;0,9926;;False
1023,71;1.15;pa030​;20250612_123326;1;TUG1;-0,0050;1,1066;-0,2088;-0,0227;0,1200;-0,0015;0,9925;;False
1023,73;1.17;pa030​;20250612_123326;1;TUG1;-0,0056;1,1069;-0,2095;-0,0261;0,1201;-0,0018;0,9924;;False
1023,74;1.18;pa030​;20250612_123326;1;TUG1;-0,0062;1,1071;-0,2101;-0,0287;0,1204;-0,0023;0,9923;;False
1023,75;1.19;pa030​;20250612_123326;1;TUG1;-0,0068;1,1073;-0,2108;-0,0294;0,1207;-0,0034;0,9922;;False
1023,77;1.21;pa030​;20250612_123326;1;TUG1;-0,0075;1,1074;-0,2117;-0,0302;0,1208;-0,0046;0,9922;;False
1023,78;1.22;pa030​;20250612_123326;1;TUG1;-0,0081;1,1076;-0,2125;-0,0315;0,1210;-0,0052;0,9921;;False
1023,79;1.23;pa030​;20250612_123326;1;TUG1;-0,0088;1,1080;-0,2133;-0,0329;0,1216;-0,0061;0,9920;;False
1023,81;1.25;pa030​;20250612_123326;1;TUG1;-0,0094;1,1085;-0,2141;-0,0349;0,1225;-0,0066;0,9918;;False
1023,82;1.26;pa030​;20250612_123326;1;TUG1;-0,0100;1,1090;-0,2148;-0,0366;0,1237;-0,0061;0,9916;;False
1023,84;1.28;pa030​;20250612_123326;1;TUG1;-0,0107;1,1095;-0,2155;-0,0382;0,1244;-0,0057;0,9915;;False
1023,85;1.29;pa030​;20250612_123326;1;TUG1;-0,0115;1,1098;-0,2162;-0,0393;0,1252;-0,0049;0,9913;;False
1023,86;1.3;pa030​;20250612_123326;1;TUG1;-0,0123;1,1102;-0,2168;-0,0405;0,1254;-0,0040;0,9913;;False
1023,88;1.32;pa030​;20250612_123326;1;TUG1;-0,0132;1,1104;-0,2173;-0,0417;0,1256;-0,0037;0,9912;;False
1023,89;1.33;pa030​;20250612_123326;1;TUG1;-0,0141;1,1106;-0,2176;-0,0427;0,1259;-0,0036;0,9911;;False
1023,91;1.35;pa030​;20250612_123326;1;TUG1;-0,0149;1,1108;-0,2178;-0,0440;0,1263;-0,0034;0,9910;;False
1023,92;1.36;pa030​;20250612_123326;1;TUG1;-0,0156;1,1110;-0,2178;-0,0452;0,1266;-0,0031;0,9909;;False
1023,93;1.37;pa030​;20250612_123326;1;TUG1;-0,0164;1,1111;-0,2176;-0,0462;0,1268;-0,0030;0,9908;;False
1023,95;1.39;pa030​;20250612_123326;1;TUG1;-0,0172;1,1111;-0,2173;-0,0466;0,1270;-0,0032;0,9908;;False
1023,96;1.4;pa030​;20250612_123326;1;TUG1;-0,0180;1,1111;-0,2170;-0,0470;0,1269;-0,0037;0,9908;;False
1023,98;1.42;pa030​;20250612_123326;1;TUG1;-0,0189;1,1113;-0,2166;-0,0479;0,1268;-0,0041;0,9908;;False
1023,99;1.43;pa030​;20250612_123326;1;TUG1;-0,0198;1,1113;-0,2161;-0,0493;0,1260;-0,0041;0,9908;;False
1024,00;1.44;pa030​;20250612_123326;1;TUG1;-0,0207;1,1112;-0,2155;-0,0501;0,1248;-0,0045;0,9909;;False
1024,02;1.46;pa030​;20250612_123326;1;TUG1;-0,0216;1,1111;-0,2149;-0,0503;0,1234;-0,0048;0,9911;;False
1024,03;1.47;pa030​;20250612_123326;1;TUG1;-0,0224;1,1111;-0,2142;-0,0506;0,1219;-0,0050;0,9912;;False
1024,05;1.48;pa030​;20250612_123326;1;TUG1;-0,0231;1,1111;-0,2134;-0,0508;0,1206;-0,0053;0,9914;;False
1024,06;1.5;pa030​;20250612_123326;1;TUG1;-0,0238;1,1109;-0,2124;-0,0506;0,1191;-0,0058;0,9916;;False
1024,07;1.51;pa030​;20250612_123326;1;TUG1;-0,0244;1,1108;-0,2116;-0,0497;0,1179;-0,0062;0,9918;;False
1024,09;1.53;pa030​;20250612_123326;1;TUG1;-0,0250;1,1106;-0,2110;-0,0486;0,1167;-0,0064;0,9920;;False
1024,10;1.54;pa030​;20250612_123326;1;TUG1;-0,0255;1,1103;-0,2104;-0,0476;0,1157;-0,0060;0,9921;;False
1024,11;1.55;pa030​;20250612_123326;1;TUG1;-0,0261;1,1101;-0,2099;-0,0465;0,1146;-0,0056;0,9923;;False
1024,13;1.57;pa030​;20250612_123326;1;TUG1;-0,0265;1,1099;-0,2094;-0,0454;0,1134;-0,0051;0,9925;;False
1024,14;1.58;pa030​;20250612_123326;1;TUG1;-0,0269;1,1098;-0,2089;-0,0444;0,1121;-0,0042;0,9927;;False
1024,16;1.6;pa030​;20250612_123326;1;TUG1;-0,0273;1,1098;-0,2085;-0,0438;0,1108;-0,0035;0,9929;;False
1024,17;1.61;pa030​;20250612_123326;1;TUG1;-0,0276;1,1100;-0,2078;-0,0433;0,1094;-0,0029;0,9930;;False
1024,18;1.62;pa030​;20250612_123326;1;TUG1;-0,0278;1,1104;-0,2070;-0,0431;0,1081;-0,0021;0,9932;;False
1024,20;1.64;pa030​;20250612_123326;1;TUG1;-0,0279;1,1108;-0,2064;-0,0430;0,1069;-0,0013;0,9933;;False
1024,21;1.65;pa030​;20250612_123326;1;TUG1;-0,0278;1,1110;-0,2061;-0,0431;0,1062;-0,0012;0,9934;;False
1024,22;1.66;pa030​;20250612_123326;1;TUG1;-0,0276;1,1114;-0,2057;-0,0437;0,1065;-0,0014;0,9934;;False
1024,24;1.68;pa030​;20250612_123326;1;TUG1;-0,0272;1,1117;-0,2054;-0,0452;0,1073;-0,0019;0,9932;;False
1024,25;1.69;pa030​;20250612_123326;1;TUG1;-0,0268;1,1120;-0,2050;-0,0465;0,1084;-0,0024;0,9930;;False
1024,27;1.71;pa030​;20250612_123326;1;TUG1;-0,0264;1,1121;-0,2047;-0,0477;0,1095;-0,0029;0,9928;;False
1024,28;1.72;pa030​;20250612_123326;1;TUG1;-0,0261;1,1124;-0,2042;-0,0487;0,1106;-0,0034;0,9927;;False
1024,29;1.73;pa030​;20250612_123326;1;TUG1;-0,0257;1,1129;-0,2037;-0,0498;0,1111;-0,0038;0,9926;;False
1024,31;1.75;pa030​;20250612_123326;1;TUG1;-0,0254;1,1133;-0,2031;-0,0510;0,1118;-0,0043;0,9924;;False
1024,32;1.76;pa030​;20250612_123326;1;TUG1;-0,0251;1,1135;-0,2026;-0,0523;0,1123;-0,0045;0,9923;;False
1024,34;1.78;pa030​;20250612_123326;1;TUG1;-0,0249;1,1137;-0,2021;-0,0537;0,1125;-0,0043;0,9922;;False
1024,35;1.79;pa030​;20250612_123326;1;TUG1;-0,0248;1,1139;-0,2015;-0,0552;0,1120;-0,0036;0,9922;;False
1024,36;1.8;pa030​;20250612_123326;1;TUG1;-0,0248;1,1141;-0,2010;-0,0572;0,1107;-0,0032;0,9922;;False
1024,38;1.82;pa030​;20250612_123326;1;TUG1;-0,0249;1,1143;-0,2004;-0,0588;0,1093;-0,0030;0,9923;;False
1024,39;1.83;pa030​;20250612_123326;1;TUG1;-0,0251;1,1144;-0,1997;-0,0607;0,1076;-0,0034;0,9923;;False
1024,41;1.85;pa030​;20250612_123326;1;TUG1;-0,0252;1,1145;-0,1990;-0,0625;0,1064;-0,0041;0,9923;;False
1024,42;1.86;pa030​;20250612_123326;1;TUG1;-0,0253;1,1148;-0,1981;-0,0644;0,1056;-0,0039;0,9923;;False
1024,44;1.88;pa030​;20250612_123326;1;TUG1;-0,0253;1,1151;-0,1973;-0,0664;0,1051;-0,0037;0,9922;;False
1024,45;1.89;pa030​;20250612_123326;1;TUG1;-0,0253;1,1151;-0,1967;-0,0681;0,1048;-0,0032;0,9922;;False
1024,46;1.9;pa030​;20250612_123326;1;TUG1;-0,0252;1,1151;-0,1961;-0,0691;0,1049;-0,0026;0,9921;;False
1024,48;1.92;pa030​;20250612_123326;1;TUG1;-0,0250;1,1152;-0,1956;-0,0698;0,1055;-0,0018;0,9920;;False
1024,49;1.93;pa030​;20250612_123326;1;TUG1;-0,0248;1,1153;-0,1951;-0,0710;0,1065;-0,0009;0,9918;;False
1024,50;1.94;pa030​;20250612_123326;1;TUG1;-0,0245;1,1156;-0,1946;-0,0727;0,1078;-0,0001;0,9915;;False
1024,52;1.96;pa030​;20250612_123326;1;TUG1;-0,0241;1,1157;-0,1941;-0,0746;0,1091;0,0004;0,9912;;False
1024,53;1.97;pa030​;20250612_123326;1;TUG1;-0,0238;1,1158;-0,1936;-0,0759;0,1110;0,0010;0,9909;;False
1024,54;1.98;pa030​;20250612_123326;1;TUG1;-0,0234;1,1160;-0,1931;-0,0766;0,1125;0,0015;0,9907;;False
1024,56;2.0;pa030​;20250612_123326;1;TUG1;-0,0231;1,1160;-0,1926;-0,0770;0,1138;0,0020;0,9905;;False
1024,57;2.01;pa030​;20250612_123326;1;TUG1;-0,0228;1,1159;-0,1923;-0,0774;0,1148;0,0026;0,9904;;False
1024,59;2.03;pa030​;20250612_123326;1;TUG1;-0,0225;1,1158;-0,1919;-0,0771;0,1152;0,0032;0,9903;;False
1024,60;2.04;pa030​;20250612_123326;1;TUG1;-0,0223;1,1156;-0,1916;-0,0768;0,1153;0,0039;0,9904;;False
1024,61;2.05;pa030​;20250612_123326;1;TUG1;-0,0221;1,1154;-0,1912;-0,0760;0,1155;0,0046;0,9904;;False
1024,63;2.07;pa030​;20250612_123326;1;TUG1;-0,0218;1,1151;-0,1909;-0,0752;0,1153;0,0051;0,9905;;False
1024,64;2.08;pa030​;20250612_123326;1;TUG1;-0,0216;1,1150;-0,1906;-0,0745;0,1148;0,0056;0,9906;;False
1024,66;2.1;pa030​;20250612_123326;1;TUG1;-0,0215;1,1150;-0,1904;-0,0739;0,1142;0,0061;0,9907;;False
1024,67;2.11;pa030​;20250612_123326;1;TUG1;-0,0213;1,1150;-0,1901;-0,0733;0,1133;0,0064;0,9908;;False
1024,68;2.12;pa030​;20250612_123326;1;TUG1;-0,0211;1,1148;-0,1899;-0,0728;0,1127;0,0067;0,9909;;False
1024,70;2.14;pa030​;20250612_123326;1;TUG1;-0,0209;1,1146;-0,1896;-0,0724;0,1122;0,0069;0,9910;;False
1024,71;2.15;pa030​;20250612_123326;1;TUG1;-0,0206;1,1145;-0,1894;-0,0719;0,1119;0,0072;0,9911;;False
1024,73;2.17;pa030​;20250612_123326;1;TUG1;-0,0203;1,1143;-0,1892;-0,0712;0,1116;0,0075;0,9912;;False
1024,74;2.18;pa030​;20250612_123326;1;TUG1;-0,0200;1,1142;-0,1890;-0,0707;0,1114;0,0079;0,9912;;False
1024,76;2.2;pa030​;20250612_123326;1;TUG1;-0,0198;1,1140;-0,1888;-0,0702;0,1109;0,0086;0,9913;;False
1024,77;2.21;pa030​;20250612_123326;1;TUG1;-0,0195;1,1140;-0,1886;-0,0696;0,1104;0,0092;0,9914;;False
1024,78;2.22;pa030​;20250612_123326;1;TUG1;-0,0192;1,1140;-0,1885;-0,0694;0,1101;0,0096;0,9914;;False
1024,80;2.24;pa030​;20250612_123326;1;TUG1;-0,0189;1,1140;-0,1883;-0,0691;0,1100;0,0102;0,9915;;False
1024,81;2.25;pa030​;20250612_123326;1;TUG1;-0,0185;1,1140;-0,1883;-0,0688;0,1100;0,0106;0,9915;;False
1024,82;2.26;pa030​;20250612_123326;1;TUG1;-0,0182;1,1138;-0,1882;-0,0684;0,1098;0,0112;0,9915;;False
1024,84;2.28;pa030​;20250612_123326;1;TUG1;-0,0180;1,1137;-0,1882;-0,0678;0,1097;0,0114;0,9916;;False
1024,85;2.29;pa030​;20250612_123326;1;TUG1;-0,0177;1,1135;-0,1883;-0,0672;0,1093;0,0115;0,9917;;False
1024,86;2.3;pa030​;20250612_123326;1;TUG1;-0,0173;1,1135;-0,1883;-0,0667;0,1091;0,0115;0,9917;;False
1024,88;2.32;pa030​;20250612_123326;1;TUG1;-0,0170;1,1134;-0,1884;-0,0665;0,1090;0,0115;0,9917;;False
1024,89;2.33;pa030​;20250612_123326;1;TUG1;-0,0168;1,1135;-0,1885;-0,0663;0,1092;0,0113;0,9917;;False
1024,91;2.35;pa030​;20250612_123326;1;TUG1;-0,0167;1,1137;-0,1887;-0,0659;0,1091;0,0112;0,9918;;False
1024,92;2.36;pa030​;20250612_123326;1;TUG1;-0,0165;1,1138;-0,1889;-0,0657;0,1088;0,0111;0,9918;;False
1024,93;2.37;pa030​;20250612_123326;1;TUG1;-0,0163;1,1138;-0,1891;-0,0654;0,1086;0,0107;0,9919;;False
1024,95;2.39;pa030​;20250612_123326;1;TUG1;-0,0160;1,1137;-0,1893;-0,0653;0,1083;0,0104;0,9919;;False
1024,96;2.4;pa030​;20250612_123326;1;TUG1;-0,0158;1,1137;-0,1894;-0,0653;0,1081;0,0103;0,9919;;False
1024,98;2.42;pa030​;20250612_123326;1;TUG1;-0,0155;1,1138;-0,1897;-0,0655;0,1081;0,0099;0,9919;;False
1024,99;2.43;pa030​;20250612_123326;1;TUG1;-0,0152;1,1138;-0,1899;-0,0659;0,1083;0,0096;0,9919;;False
1025,00;2.44;pa030​;20250612_123326;1;TUG1;-0,0149;1,1138;-0,1902;-0,0663;0,1087;0,0095;0,9918;;False
1025,02;2.46;pa030​;20250612_123326;1;TUG1;-0,0146;1,1137;-0,1905;-0,0667;0,1091;0,0095;0,9917;;False
1025,03;2.47;pa030​;20250612_123326;1;TUG1;-0,0144;1,1137;-0,1908;-0,0668;0,1095;0,0093;0,9917;;False
1025,05;2.49;pa030​;20250612_123326;1;TUG1;-0,0141;1,1136;-0,1910;-0,0668;0,1097;0,0091;0,9917;;False
1025,06;2.5;pa030​;20250612_123326;1;TUG1;-0,0138;1,1136;-0,1912;-0,0664;0,1099;0,0088;0,9917;;False
1025,07;2.51;pa030​;20250612_123326;1;TUG1;-0,0136;1,1135;-0,1914;-0,0661;0,1098;0,0085;0,9917;;False
1025,09;2.53;pa030​;20250612_123326;1;TUG1;-0,0134;1,1133;-0,1916;-0,0657;0,1098;0,0081;0,9917;;False
1025,10;2.54;pa030​;20250612_123326;1;TUG1;-0,0131;1,1132;-0,1917;-0,0654;0,1097;0,0076;0,9918;;False
1025,12;2.56;pa030​;20250612_123326;1;TUG1;-0,0130;1,1131;-0,1918;-0,0651;0,1096;0,0073;0,9918;;False
1025,13;2.57;pa030​;20250612_123326;1;TUG1;-0,0130;1,1131;-0,1919;-0,0649;0,1095;0,0069;0,9918;;False
1025,14;2.58;pa030​;20250612_123326;1;TUG1;-0,0130;1,1132;-0,1921;-0,0644;0,1095;0,0067;0,9919;;False
1025,16;2.6;pa030​;20250612_123326;1;TUG1;-0,0130;1,1132;-0,1922;-0,0641;0,1095;0,0065;0,9919;;False
1025,17;2.61;pa030​;20250612_123326;1;TUG1;-0,0128;1,1130;-0,1923;-0,0639;0,1095;0,0064;0,9919;;False
1025,19;2.63;pa030​;20250612_123326;1;TUG1;-0,0127;1,1129;-0,1924;-0,0635;0,1094;0,0063;0,9919;;False
1025,20;2.64;pa030​;20250612_123326;1;TUG1;-0,0125;1,1128;-0,1925;-0,0633;0,1093;0,0063;0,9920;;False
1025,21;2.65;pa030​;20250612_123326;1;TUG1;-0,0124;1,1127;-0,1926;-0,0630;0,1093;0,0063;0,9920;;False
1025,23;2.67;pa030​;20250612_123326;1;TUG1;-0,0123;1,1126;-0,1927;-0,0628;0,1089;0,0065;0,9920;;False
1025,24;2.68;pa030​;20250612_123326;1;TUG1;-0,0123;1,1125;-0,1928;-0,0626;0,1085;0,0064;0,9921;;False
1025,25;2.69;pa030​;20250612_123326;1;TUG1;-0,0123;1,1125;-0,1930;-0,0624;0,1081;0,0062;0,9922;;False
1025,27;2.71;pa030​;20250612_123326;1;TUG1;-0,0123;1,1126;-0,1931;-0,0623;0,1077;0,0061;0,9922;;False
1025,28;2.72;pa030​;20250612_123326;1;TUG1;-0,0122;1,1125;-0,1933;-0,0621;0,1074;0,0059;0,9923;;False
1025,30;2.74;pa030​;20250612_123326;1;TUG1;-0,0122;1,1124;-0,1934;-0,0622;0,1071;0,0058;0,9923;;False
1025,31;2.75;pa030​;20250612_123326;1;TUG1;-0,0121;1,1124;-0,1935;-0,0622;0,1069;0,0056;0,9923;;False
1025,32;2.76;pa030​;20250612_123326;1;TUG1;-0,0121;1,1123;-0,1937;-0,0621;0,1067;0,0055;0,9923;;False
1025,34;2.78;pa030​;20250612_123326;1;TUG1;-0,0120;1,1122;-0,1938;-0,0618;0,1064;0,0052;0,9924;;False
1025,35;2.79;pa030​;20250612_123326;1;TUG1;-0,0120;1,1121;-0,1940;-0,0615;0,1061;0,0051;0,9924;;False
1025,36;2.8;pa030​;20250612_123326;1;TUG1;-0,0120;1,1121;-0,1942;-0,0613;0,1056;0,0050;0,9925;;False
1025,38;2.82;pa030​;20250612_123326;1;TUG1;-0,0121;1,1121;-0,1944;-0,0613;0,1052;0,0049;0,9925;;False
1025,39;2.83;pa030​;20250612_123326;1;TUG1;-0,0122;1,1121;-0,1947;-0,0616;0,1047;0,0048;0,9926;;False
1025,41;2.85;pa030​;20250612_123326;1;TUG1;-0,0122;1,1121;-0,1948;-0,0618;0,1044;0,0046;0,9926;;False
1025,42;2.86;pa030​;20250612_123326;1;TUG1;-0,0122;1,1121;-0,1950;-0,0619;0,1043;0,0044;0,9926;;False
1025,43;2.87;pa030​;20250612_123326;1;TUG1;-0,0122;1,1121;-0,1951;-0,0616;0,1040;0,0041;0,9927;;False
1025,45;2.89;pa030​;20250612_123326;1;TUG1;-0,0123;1,1119;-0,1953;-0,0612;0,1036;0,0040;0,9927;;False
1025,46;2.9;pa030​;20250612_123326;1;TUG1;-0,0123;1,1118;-0,1955;-0,0609;0,1033;0,0038;0,9928;;False
1025,48;2.92;pa030​;20250612_123326;1;TUG1;-0,0124;1,1117;-0,1956;-0,0608;0,1029;0,0034;0,9928;;False
1025,49;2.93;pa030​;20250612_123326;1;TUG1;-0,0125;1,1117;-0,1959;-0,0608;0,1028;0,0032;0,9928;;False
1025,50;2.94;pa030​;20250612_123326;1;TUG1;-0,0126;1,1117;-0,1962;-0,0608;0,1031;0,0036;0,9928;;False
1025,52;2.96;pa030​;20250612_123326;1;TUG1;-0,0126;1,1117;-0,1965;-0,0606;0,1031;0,0036;0,9928;;False
1025,54;2.98;pa030​;20250612_123326;1;TUG1;-0,0126;1,1115;-0,1967;-0,0599;0,1032;0,0043;0,9928;;False
1025,56;3.0;pa030​;20250612_123326;1;TUG1;-0,0127;1,1114;-0,1969;-0,0599;0,1030;0,0042;0,9929;;False
1025,57;3.01;pa030​;20250612_123326;1;TUG1;-0,0128;1,1113;-0,1970;-0,0595;0,1027;0,0043;0,9929;;False
1025,59;3.03;pa030​;20250612_123326;1;TUG1;-0,0128;1,1112;-0,1971;-0,0591;0,1025;0,0043;0,9930;;False
1025,60;3.04;pa030​;20250612_123326;1;TUG1;-0,0129;1,1112;-0,1972;-0,0590;0,1022;0,0042;0,9930;;False
1025,61;3.05;pa030​;20250612_123326;1;TUG1;-0,0131;1,1113;-0,1974;-0,0591;0,1018;0,0042;0,9930;;False
1025,63;3.07;pa030​;20250612_123326;1;TUG1;-0,0134;1,1115;-0,1975;-0,0590;0,1015;0,0041;0,9931;;False
1025,64;3.08;pa030​;20250612_123326;1;TUG1;-0,0135;1,1114;-0,1976;-0,0588;0,1014;0,0041;0,9931;;False
1025,66;3.1;pa030​;20250612_123326;1;TUG1;-0,0135;1,1113;-0,1977;-0,0587;0,1013;0,0040;0,9931;;False
1025,67;3.11;pa030​;20250612_123326;1;TUG1;-0,0136;1,1113;-0,1977;-0,0589;0,1012;0,0043;0,9931;;False
1025,68;3.12;pa030​;20250612_123326;1;TUG1;-0,0137;1,1113;-0,1978;-0,0593;0,1012;0,0045;0,9931;;False
1025,70;3.14;pa030​;20250612_123326;1;TUG1;-0,0138;1,1113;-0,1978;-0,0595;0,1012;0,0047;0,9931;;False
1025,71;3.15;pa030​;20250612_123326;1;TUG1;-0,0138;1,1113;-0,1979;-0,0596;0,1012;0,0049;0,9931;;False
1025,73;3.17;pa030​;20250612_123326;1;TUG1;-0,0139;1,1114;-0,1980;-0,0595;0,1012;0,0049;0,9931;;False
1025,74;3.18;pa030​;20250612_123326;1;TUG1;-0,0140;1,1114;-0,1981;-0,0594;0,1013;0,0050;0,9931;;False
1025,75;3.19;pa030​;20250612_123326;1;TUG1;-0,0140;1,1115;-0,1981;-0,0595;0,1015;0,0050;0,9930;;False
1025,77;3.21;pa030​;20250612_123326;1;TUG1;-0,0140;1,1114;-0,1981;-0,0594;0,1017;0,0049;0,9930;;False
1025,78;3.22;pa030​;20250612_123326;1;TUG1;-0,0140;1,1114;-0,1981;-0,0593;0,1019;0,0049;0,9930;;False
1025,80;3.24;pa030​;20250612_123326;1;TUG1;-0,0140;1,1113;-0,1981;-0,0588;0,1020;0,0050;0,9930;;False
1025,81;3.25;pa030​;20250612_123326;1;TUG1;-0,0140;1,1111;-0,1981;-0,0583;0,1019;0,0049;0,9931;;False
1025,82;3.26;pa030​;20250612_123326;1;TUG1;-0,0140;1,1110;-0,1981;-0,0579;0,1020;0,0048;0,9931;;False
1025,84;3.28;pa030​;20250612_123326;1;TUG1;-0,0140;1,1109;-0,1981;-0,0577;0,1020;0,0045;0,9931;;False
1025,85;3.29;pa030​;20250612_123326;1;TUG1;-0,0143;1,1111;-0,1980;-0,0574;0,1017;0,0041;0,9931;;False
1025,87;3.31;pa030​;20250612_123326;1;TUG1;-0,0147;1,1114;-0,1979;-0,0568;0,1009;0,0040;0,9933;;False
1025,88;3.32;pa030​;20250612_123326;1;TUG1;-0,0149;1,1114;-0,1978;-0,0564;0,1000;0,0039;0,9934;;False
1025,89;3.33;pa030​;20250612_123326;1;TUG1;-0,0150;1,1112;-0,1976;-0,0557;0,0988;0,0039;0,9935;;False
1025,91;3.35;pa030​;20250612_123326;1;TUG1;-0,0152;1,1111;-0,1975;-0,0550;0,0974;0,0037;0,9937;;False
1025,92;3.36;pa030​;20250612_123326;1;TUG1;-0,0154;1,1110;-0,1973;-0,0541;0,0960;0,0034;0,9939;;False
1025,93;3.37;pa030​;20250612_123326;1;TUG1;-0,0156;1,1108;-0,1971;-0,0531;0,0944;0,0029;0,9941;;False
1025,95;3.39;pa030​;20250612_123326;1;TUG1;-0,0159;1,1104;-0,1969;-0,0520;0,0927;0,0024;0,9943;;False
1025,96;3.4;pa030​;20250612_123326;1;TUG1;-0,0162;1,1101;-0,1967;-0,0508;0,0909;0,0016;0,9946;;False
1025,98;3.42;pa030​;20250612_123326;1;TUG1;-0,0164;1,1099;-0,1966;-0,0493;0,0893;0,0008;0,9948;;False
1025,99;3.43;pa030​;20250612_123326;1;TUG1;-0,0167;1,1097;-0,1964;-0,0474;0,0878;-0,0001;0,9950;;False
1026,00;3.44;pa030​;20250612_123326;1;TUG1;-0,0169;1,1092;-0,1962;-0,0451;0,0866;-0,0012;0,9952;;False
1026,02;3.46;pa030​;20250612_123326;1;TUG1;-0,0171;1,1087;-0,1959;-0,0428;0,0854;-0,0020;0,9954;;False
1026,03;3.47;pa030​;20250612_123326;1;TUG1;-0,0172;1,1082;-0,1956;-0,0403;0,0841;-0,0031;0,9956;;False
1026,05;3.49;pa030​;20250612_123326;1;TUG1;-0,0173;1,1079;-0,1953;-0,0384;0,0829;-0,0041;0,9958;;False
1026,06;3.5;pa030​;20250612_123326;1;TUG1;-0,0175;1,1077;-0,1950;-0,0375;0,0817;-0,0049;0,9959;;False
1026,07;3.51;pa030​;20250612_123326;1;TUG1;-0,0176;1,1075;-0,1947;-0,0371;0,0808;-0,0056;0,9960;;False
1026,09;3.53;pa030​;20250612_123326;1;TUG1;-0,0179;1,1074;-0,1946;-0,0361;0,0798;-0,0062;0,9961;;False
1026,10;3.54;pa030​;20250612_123326;1;TUG1;-0,0182;1,1073;-0,1944;-0,0352;0,0790;-0,0068;0,9962;;False
1026,12;3.56;pa030​;20250612_123326;1;TUG1;-0,0184;1,1072;-0,1943;-0,0343;0,0782;-0,0069;0,9963;;False
1026,13;3.57;pa030​;20250612_123326;1;TUG1;-0,0186;1,1071;-0,1941;-0,0338;0,0776;-0,0071;0,9964;;False
1026,14;3.58;pa030​;20250612_123326;1;TUG1;-0,0186;1,1069;-0,1939;-0,0336;0,0770;-0,0072;0,9964;;False
1026,16;3.6;pa030​;20250612_123326;1;TUG1;-0,0187;1,1068;-0,1938;-0,0331;0,0768;-0,0073;0,9965;;False
1026,17;3.61;pa030​;20250612_123326;1;TUG1;-0,0188;1,1066;-0,1936;-0,0325;0,0767;-0,0075;0,9965;;False
1026,18;3.62;pa030​;20250612_123326;1;TUG1;-0,0188;1,1064;-0,1935;-0,0319;0,0771;-0,0074;0,9965;;False
1026,20;3.64;pa030​;20250612_123326;1;TUG1;-0,0188;1,1063;-0,1935;-0,0314;0,0774;-0,0074;0,9965;;False
1026,21;3.65;pa030​;20250612_123326;1;TUG1;-0,0188;1,1064;-0,1936;-0,0309;0,0776;-0,0075;0,9965;;False
1026,23;3.67;pa030​;20250612_123326;1;TUG1;-0,0187;1,1066;-0,1938;-0,0310;0,0782;-0,0075;0,9964;;False
1026,24;3.68;pa030​;20250612_123326;1;TUG1;-0,0187;1,1067;-0,1939;-0,0307;0,0789;-0,0075;0,9964;;False
1026,25;3.69;pa030​;20250612_123326;1;TUG1;-0,0185;1,1067;-0,1939;-0,0307;0,0797;-0,0075;0,9963;;False
1026,27;3.71;pa030​;20250612_123326;1;TUG1;-0,0184;1,1067;-0,1939;-0,0310;0,0806;-0,0074;0,9962;;False
1026,28;3.72;pa030​;20250612_123326;1;TUG1;-0,0183;1,1068;-0,1939;-0,0311;0,0814;-0,0073;0,9962;;False
1026,30;3.74;pa030​;20250612_123326;1;TUG1;-0,0182;1,1068;-0,1939;-0,0313;0,0821;-0,0072;0,9961;;False
1026,31;3.75;pa030​;20250612_123326;1;TUG1;-0,0181;1,1068;-0,1939;-0,0312;0,0824;-0,0072;0,9961;;False
1026,32;3.76;pa030​;20250612_123326;1;TUG1;-0,0181;1,1068;-0,1939;-0,0309;0,0829;-0,0072;0,9961;;False
1026,34;3.78;pa030​;20250612_123326;1;TUG1;-0,0180;1,1069;-0,1940;-0,0308;0,0834;-0,0072;0,9960;;False
1026,35;3.79;pa030​;20250612_123326;1;TUG1;-0,0179;1,1070;-0,1940;-0,0306;0,0836;-0,0071;0,9960;;False
1026,36;3.8;pa030​;20250612_123326;1;TUG1;-0,0179;1,1069;-0,1939;-0,0304;0,0839;-0,0070;0,9960;;False
1026,38;3.82;pa030​;20250612_123326;1;TUG1;-0,0179;1,1068;-0,1939;-0,0304;0,0842;-0,0068;0,9960;;False
1026,39;3.83;pa030​;20250612_123326;1;TUG1;-0,0179;1,1067;-0,1938;-0,0302;0,0845;-0,0067;0,9959;;False
1026,41;3.85;pa030​;20250612_123326;1;TUG1;-0,0179;1,1067;-0,1938;-0,0302;0,0850;-0,0066;0,9959;;False
1026,42;3.86;pa030​;20250612_123326;1;TUG1;-0,0178;1,1066;-0,1938;-0,0300;0,0855;-0,0065;0,9959;;False
1026,44;3.88;pa030​;20250612_123326;1;TUG1;-0,0178;1,1065;-0,1937;-0,0297;0,0860;-0,0063;0,9958;;False
1026,45;3.89;pa030​;20250612_123326;1;TUG1;-0,0177;1,1065;-0,1938;-0,0298;0,0865;-0,0063;0,9958;;False
1026,46;3.9;pa030​;20250612_123326;1;TUG1;-0,0177;1,1066;-0,1939;-0,0300;0,0868;-0,0061;0,9958;;False
1026,48;3.92;pa030​;20250612_123326;1;TUG1;-0,0176;1,1067;-0,1939;-0,0302;0,0872;-0,0063;0,9957;;False
1026,49;3.93;pa030​;20250612_123326;1;TUG1;-0,0176;1,1067;-0,1939;-0,0304;0,0875;-0,0062;0,9957;;False
1026,50;3.94;pa030​;20250612_123326;1;TUG1;-0,0176;1,1067;-0,1938;-0,0303;0,0880;-0,0064;0,9956;;False
1026,52;3.96;pa030​;20250612_123326;1;TUG1;-0,0175;1,1067;-0,1937;-0,0304;0,0884;-0,0062;0,9956;;False
1026,53;3.97;pa030​;20250612_123326;1;TUG1;-0,0175;1,1067;-0,1935;-0,0306;0,0889;-0,0057;0,9956;;False
1026,55;3.99;pa030​;20250612_123326;1;TUG1;-0,0175;1,1067;-0,1934;-0,0306;0,0893;-0,0056;0,9955;;False
1026,56;4.0;pa030​;20250612_123326;1;TUG1;-0,0174;1,1067;-0,1932;-0,0304;0,0895;-0,0057;0,9955;;False
1026,57;4.01;pa030​;20250612_123326;1;TUG1;-0,0174;1,1068;-0,1931;-0,0302;0,0898;-0,0054;0,9955;;False
1026,59;4.03;pa030​;20250612_123326;1;TUG1;-0,0174;1,1068;-0,1931;-0,0297;0,0899;-0,0051;0,9955;;False
1026,60;4.04;pa030​;20250612_123326;1;TUG1;-0,0174;1,1067;-0,1929;-0,0294;0,0899;-0,0052;0,9955;;False
1026,61;4.05;pa030​;20250612_123326;1;TUG1;-0,0174;1,1067;-0,1927;-0,0294;0,0900;-0,0051;0,9955;;False
1026,63;4.07;pa030​;20250612_123326;1;TUG1;-0,0174;1,1067;-0,1926;-0,0293;0,0897;-0,0053;0,9955;;False
1026,64;4.08;pa030​;20250612_123326;1;TUG1;-0,0174;1,1066;-0,1924;-0,0289;0,0895;-0,0054;0,9956;;False
1026,66;4.1;pa030​;20250612_123326;1;TUG1;-0,0174;1,1066;-0,1922;-0,0288;0,0891;-0,0056;0,9956;;False
1026,67;4.11;pa030​;20250612_123326;1;TUG1;-0,0174;1,1065;-0,1921;-0,0286;0,0888;-0,0057;0,9956;;False
1026,68;4.12;pa030​;20250612_123326;1;TUG1;-0,0175;1,1066;-0,1919;-0,0284;0,0886;-0,0058;0,9956;;False
1026,70;4.14;pa030​;20250612_123326;1;TUG1;-0,0175;1,1067;-0,1918;-0,0285;0,0886;-0,0058;0,9956;;False
1026,71;4.15;pa030​;20250612_123326;1;TUG1;-0,0176;1,1069;-0,1918;-0,0286;0,0886;-0,0058;0,9956;;False
1026,73;4.17;pa030​;20250612_123326;1;TUG1;-0,0175;1,1070;-0,1916;-0,0287;0,0888;-0,0057;0,9956;;False
1026,74;4.18;pa030​;20250612_123326;1;TUG1;-0,0174;1,1071;-0,1915;-0,0287;0,0890;-0,0058;0,9956;;False
1026,75;4.19;pa030​;20250612_123326;1;TUG1;-0,0173;1,1071;-0,1915;-0,0287;0,0897;-0,0058;0,9955;;False
1026,77;4.21;pa030​;20250612_123326;1;TUG1;-0,0171;1,1071;-0,1914;-0,0290;0,0903;-0,0059;0,9955;;False
1026,78;4.22;pa030​;20250612_123326;1;TUG1;-0,0170;1,1072;-0,1912;-0,0294;0,0909;-0,0060;0,9954;;False
1026,80;4.24;pa030​;20250612_123326;1;TUG1;-0,0168;1,1072;-0,1911;-0,0294;0,0912;-0,0060;0,9954;;False
1026,81;4.25;pa030​;20250612_123326;1;TUG1;-0,0168;1,1074;-0,1910;-0,0295;0,0916;-0,0059;0,9953;;False
1026,82;4.26;pa030​;20250612_123326;1;TUG1;-0,0167;1,1075;-0,1909;-0,0293;0,0918;-0,0060;0,9953;;False
1026,84;4.28;pa030​;20250612_123326;1;TUG1;-0,0167;1,1076;-0,1908;-0,0294;0,0920;-0,0061;0,9953;;False
1026,85;4.29;pa030​;20250612_123326;1;TUG1;-0,0167;1,1076;-0,1907;-0,0295;0,0921;-0,0061;0,9953;;False
1026,86;4.3;pa030​;20250612_123326;1;TUG1;-0,0166;1,1076;-0,1906;-0,0296;0,0921;-0,0060;0,9953;;False
1026,88;4.32;pa030​;20250612_123326;1;TUG1;-0,0166;1,1077;-0,1905;-0,0296;0,0921;-0,0061;0,9953;;False
1026,89;4.33;pa030​;20250612_123326;1;TUG1;-0,0166;1,1077;-0,1904;-0,0297;0,0922;-0,0061;0,9953;;False
1026,91;4.35;pa030​;20250612_123326;1;TUG1;-0,0165;1,1077;-0,1904;-0,0299;0,0922;-0,0061;0,9953;;False
1026,92;4.36;pa030​;20250612_123326;1;TUG1;-0,0166;1,1078;-0,1903;-0,0302;0,0922;-0,0061;0,9953;;False
1026,93;4.37;pa030​;20250612_123326;1;TUG1;-0,0166;1,1080;-0,1902;-0,0303;0,0922;-0,0060;0,9953;;False
1026,95;4.39;pa030​;20250612_123326;1;TUG1;-0,0167;1,1082;-0,1902;-0,0303;0,0924;-0,0060;0,9952;;False
1026,96;4.4;pa030​;20250612_123326;1;TUG1;-0,0167;1,1082;-0,1902;-0,0305;0,0925;-0,0060;0,9952;;False
1026,98;4.42;pa030​;20250612_123326;1;TUG1;-0,0167;1,1082;-0,1902;-0,0306;0,0926;-0,0059;0,9952;;False
1026,99;4.43;pa030​;20250612_123326;1;TUG1;-0,0166;1,1082;-0,1902;-0,0308;0,0928;-0,0058;0,9952;;False
1027,00;4.44;pa030​;20250612_123326;1;TUG1;-0,0166;1,1082;-0,1903;-0,0310;0,0928;-0,0058;0,9952;;False
1027,02;4.46;pa030​;20250612_123326;1;TUG1;-0,0166;1,1082;-0,1903;-0,0310;0,0929;-0,0058;0,9952;;False
1027,03;4.47;pa030​;20250612_123326;1;TUG1;-0,0165;1,1081;-0,1904;-0,0308;0,0930;-0,0058;0,9952;;False
1027,05;4.49;pa030​;20250612_123326;1;TUG1;-0,0165;1,1081;-0,1904;-0,0307;0,0929;-0,0059;0,9952;;False
1027,06;4.5;pa030​;20250612_123326;1;TUG1;-0,0165;1,1082;-0,1905;-0,0304;0,0929;-0,0060;0,9952;;False
1027,07;4.51;pa030​;20250612_123326;1;TUG1;-0,0165;1,1081;-0,1906;-0,0299;0,0927;-0,0059;0,9952;;False
1027,09;4.53;pa030​;20250612_123326;1;TUG1;-0,0166;1,1080;-0,1906;-0,0293;0,0925;-0,0061;0,9953;;False
1027,10;4.54;pa030​;20250612_123326;1;TUG1;-0,0166;1,1078;-0,1906;-0,0287;0,0923;-0,0061;0,9953;;False
1027,12;4.56;pa030​;20250612_123326;1;TUG1;-0,0166;1,1077;-0,1906;-0,0282;0,0920;-0,0062;0,9953;;False
1027,13;4.57;pa030​;20250612_123326;1;TUG1;-0,0166;1,1075;-0,1906;-0,0280;0,0919;-0,0061;0,9954;;False
1027,14;4.58;pa030​;20250612_123326;1;TUG1;-0,0165;1,1074;-0,1906;-0,0277;0,0917;-0,0062;0,9954;;False
1027,16;4.6;pa030​;20250612_123326;1;TUG1;-0,0165;1,1073;-0,1907;-0,0274;0,0916;-0,0064;0,9954;;False
1027,17;4.61;pa030​;20250612_123326;1;TUG1;-0,0164;1,1071;-0,1907;-0,0273;0,0915;-0,0067;0,9954;;False
1027,18;4.62;pa030​;20250612_123326;1;TUG1;-0,0164;1,1071;-0,1908;-0,0272;0,0916;-0,0067;0,9954;;False
1027,20;4.64;pa030​;20250612_123326;1;TUG1;-0,0163;1,1070;-0,1908;-0,0272;0,0915;-0,0071;0,9954;;False
1027,21;4.65;pa030​;20250612_123326;1;TUG1;-0,0163;1,1069;-0,1909;-0,0271;0,0915;-0,0072;0,9954;;False
1027,23;4.67;pa030​;20250612_123326;1;TUG1;-0,0162;1,1069;-0,1910;-0,0268;0,0917;-0,0072;0,9954;;False
1027,24;4.68;pa030​;20250612_123326;1;TUG1;-0,0162;1,1069;-0,1910;-0,0269;0,0915;-0,0072;0,9954;;False
1027,25;4.69;pa030​;20250612_123326;1;TUG1;-0,0162;1,1069;-0,1911;-0,0269;0,0916;-0,0072;0,9954;;False
1027,27;4.71;pa030​;20250612_123326;1;TUG1;-0,0161;1,1069;-0,1911;-0,0269;0,0915;-0,0071;0,9954;;False
1027,28;4.72;pa030​;20250612_123326;1;TUG1;-0,0161;1,1069;-0,1911;-0,0270;0,0913;-0,0071;0,9954;;False
1027,30;4.74;pa030​;20250612_123326;1;TUG1;-0,0161;1,1069;-0,1911;-0,0271;0,0912;-0,0070;0,9954;;False
1027,31;4.75;pa030​;20250612_123326;1;TUG1;-0,0160;1,1068;-0,1910;-0,0271;0,0910;-0,0070;0,9955;;False
1027,32;4.76;pa030​;20250612_123326;1;TUG1;-0,0160;1,1067;-0,1910;-0,0269;0,0908;-0,0073;0,9955;;False
1027,34;4.78;pa030​;20250612_123326;1;TUG1;-0,0159;1,1067;-0,1910;-0,0265;0,0906;-0,0075;0,9955;;False
1027,35;4.79;pa030​;20250612_123326;1;TUG1;-0,0158;1,1065;-0,1910;-0,0260;0,0905;-0,0076;0,9955;;False
1027,37;4.8;pa030​;20250612_123326;1;TUG1;-0,0157;1,1064;-0,1910;-0,0252;0,0903;-0,0076;0,9956;;False
1027,38;4.82;pa030​;20250612_123326;1;TUG1;-0,0156;1,1063;-0,1910;-0,0246;0,0903;-0,0079;0,9956;;False
1027,39;4.83;pa030​;20250612_123326;1;TUG1;-0,0155;1,1062;-0,1910;-0,0243;0,0901;-0,0081;0,9956;;False
1027,41;4.85;pa030​;20250612_123326;1;TUG1;-0,0154;1,1061;-0,1909;-0,0239;0,0899;-0,0082;0,9956;;False
1027,42;4.86;pa030​;20250612_123326;1;TUG1;-0,0153;1,1060;-0,1909;-0,0233;0,0896;-0,0085;0,9957;;False
1027,44;4.88;pa030​;20250612_123326;1;TUG1;-0,0152;1,1059;-0,1908;-0,0222;0,0894;-0,0088;0,9957;;False
1027,45;4.89;pa030​;20250612_123326;1;TUG1;-0,0152;1,1058;-0,1907;-0,0205;0,0890;-0,0091;0,9958;;False
1027,46;4.9;pa030​;20250612_123326;1;TUG1;-0,0151;1,1059;-0,1906;-0,0185;0,0882;-0,0093;0,9959;;False
1027,48;4.92;pa030​;20250612_123326;1;TUG1;-0,0151;1,1062;-0,1903;-0,0168;0,0873;-0,0096;0,9960;;False
1027,49;4.93;pa030​;20250612_123326;1;TUG1;-0,0152;1,1072;-0,1893;-0,0162;0,0862;-0,0096;0,9961;;False
1027,50;4.94;pa030​;20250612_123326;1;TUG1;-0,0152;1,1077;-0,1883;-0,0161;0,0851;-0,0098;0,9962;;False
1027,52;4.96;pa030​;20250612_123326;1;TUG1;-0,0151;1,1082;-0,1870;-0,0169;0,0841;-0,0097;0,9963;;False
1027,53;4.97;pa030​;20250612_123326;1;TUG1;-0,0152;1,1085;-0,1855;-0,0184;0,0833;-0,0096;0,9963;;False
1027,55;4.99;pa030​;20250612_123326;1;TUG1;-0,0151;1,1086;-0,1838;-0,0201;0,0826;-0,0095;0,9963;;False
1027,56;5.0;pa030​;20250612_123326;1;TUG1;-0,0151;1,1084;-0,1816;-0,0206;0,0822;-0,0092;0,9964;;False
1027,57;5.01;pa030​;20250612_123326;1;TUG1;-0,0149;1,1079;-0,1791;-0,0203;0,0826;-0,0095;0,9963;;False
1027,59;5.03;pa030​;20250612_123326;1;TUG1;-0,0147;1,1072;-0,1762;-0,0190;0,0823;-0,0093;0,9964;;False
1027,60;5.04;pa030​;20250612_123326;1;TUG1;-0,0146;1,1062;-0,1729;-0,0162;0,0820;-0,0094;0,9965;;False
1027,61;5.05;pa030​;20250612_123326;1;TUG1;-0,0145;1,1050;-0,1694;-0,0126;0,0815;-0,0095;0,9966;;False
1027,63;5.07;pa030​;20250612_123326;1;TUG1;-0,0145;1,1035;-0,1655;-0,0077;0,0803;-0,0095;0,9967;;False
1027,64;5.08;pa030​;20250612_123326;1;TUG1;-0,0146;1,1021;-0,1613;-0,0016;0,0791;-0,0094;0,9968;;False
1027,66;5.1;pa030​;20250612_123326;1;TUG1;-0,0145;1,1006;-0,1569;0,0037;0,0771;-0,0094;0,9970;;False
1027,67;5.11;pa030​;20250612_123326;1;TUG1;-0,0146;1,0993;-0,1523;0,0085;0,0754;-0,0092;0,9971;;False
1027,69;5.13;pa030​;20250612_123326;1;TUG1;-0,0147;1,0981;-0,1473;0,0134;0,0737;-0,0094;0,9971;;False
1027,70;5.14;pa030​;20250612_123326;1;TUG1;-0,0147;1,0968;-0,1421;0,0178;0,0715;-0,0092;0,9972;;False
1027,71;5.15;pa030​;20250612_123326;1;TUG1;-0,0147;1,0954;-0,1366;0,0216;0,0697;-0,0091;0,9973;;False
1027,73;5.17;pa030​;20250612_123326;1;TUG1;-0,0147;1,0940;-0,1310;0,0247;0,0682;-0,0090;0,9973;;False
1027,74;5.18;pa030​;20250612_123326;1;TUG1;-0,0146;1,0927;-0,1250;0,0281;0,0666;-0,0086;0,9973;;False
1027,76;5.2;pa030​;20250612_123326;1;TUG1;-0,0145;1,0912;-0,1188;0,0315;0,0652;-0,0086;0,9973;;False
1027,77;5.21;pa030​;20250612_123326;1;TUG1;-0,0143;1,0897;-0,1124;0,0344;0,0637;-0,0084;0,9973;;False
1027,78;5.22;pa030​;20250612_123326;1;TUG1;-0,0140;1,0883;-0,1055;0,0375;0,0623;-0,0082;0,9973;;False
1027,80;5.24;pa030​;20250612_123326;1;TUG1;-0,0136;1,0867;-0,0984;0,0398;0,0614;-0,0086;0,9973;;False
1027,81;5.25;pa030​;20250612_123326;1;TUG1;-0,0131;1,0852;-0,0908;0,0421;0,0602;-0,0087;0,9973;;False
1027,82;5.26;pa030​;20250612_123326;1;TUG1;-0,0125;1,0837;-0,0830;0,0439;0,0596;-0,0096;0,9972;;False
1027,84;5.28;pa030​;20250612_123326;1;TUG1;-0,0118;1,0819;-0,0749;0,0451;0,0591;-0,0102;0,9972;;False
1027,85;5.29;pa030​;20250612_123326;1;TUG1;-0,0111;1,0799;-0,0664;0,0470;0,0590;-0,0110;0,9971;;False
1027,87;5.3;pa030​;20250612_123326;1;TUG1;-0,0103;1,0778;-0,0576;0,0490;0,0589;-0,0117;0,9970;;False
1027,88;5.32;pa030​;20250612_123326;1;TUG1;-0,0095;1,0757;-0,0484;0,0505;0,0584;-0,0122;0,9969;;False
1027,89;5.33;pa030​;20250612_123326;1;TUG1;-0,0086;1,0734;-0,0389;0,0512;0,0580;-0,0125;0,9969;;False
1027,91;5.35;pa030​;20250612_123326;1;TUG1;-0,0076;1,0709;-0,0290;0,0514;0,0577;-0,0134;0,9969;;False
1027,92;5.36;pa030​;20250612_123326;1;TUG1;-0,0067;1,0684;-0,0189;0,0517;0,0577;-0,0141;0,9969;;False
1027,93;5.37;pa030​;20250612_123326;1;TUG1;-0,0058;1,0656;-0,0085;0,0528;0,0575;-0,0146;0,9968;;False
1027,95;5.39;pa030​;20250612_123326;1;TUG1;-0,0049;1,0626;0,0023;0,0547;0,0571;-0,0153;0,9967;;False
1027,96;5.4;pa030​;20250612_123326;1;TUG1;-0,0040;1,0594;0,0134;0,0559;0,0565;-0,0160;0,9967;;False
1027,98;5.42;pa030​;20250612_123326;1;TUG1;-0,0030;1,0561;0,0248;0,0569;0,0559;-0,0164;0,9967;;False
1027,99;5.43;pa030​;20250612_123326;1;TUG1;-0,0019;1,0526;0,0361;0,0590;0,0554;-0,0161;0,9966;;False
1028,00;5.44;pa030​;20250612_123326;1;TUG1;-0,0009;1,0489;0,0476;0,0621;0,0552;-0,0163;0,9964;;False
1028,02;5.46;pa030​;20250612_123326;1;TUG1;0,0002;1,0454;0,0593;0,0656;0,0550;-0,0166;0,9962;;False
1028,03;5.47;pa030​;20250612_123326;1;TUG1;0,0011;1,0419;0,0710;0,0681;0,0548;-0,0170;0,9960;;False
1028,05;5.49;pa030​;20250612_123326;1;TUG1;0,0021;1,0388;0,0826;0,0703;0,0546;-0,0176;0,9959;;False
1028,06;5.5;pa030​;20250612_123326;1;TUG1;0,0031;1,0360;0,0941;0,0721;0,0550;-0,0182;0,9957;;False
1028,07;5.51;pa030​;20250612_123326;1;TUG1;0,0042;1,0336;0,1054;0,0740;0,0556;-0,0175;0,9955;;False
1028,09;5.53;pa030​;20250612_123326;1;TUG1;0,0053;1,0317;0,1164;0,0758;0,0566;-0,0163;0,9954;;False
1028,10;5.54;pa030​;20250612_123326;1;TUG1;0,0065;1,0302;0,1271;0,0774;0,0577;-0,0142;0,9952;;False
1028,12;5.56;pa030​;20250612_123326;1;TUG1;0,0076;1,0292;0,1372;0,0789;0,0602;-0,0142;0,9950;;False
1028,13;5.57;pa030​;20250612_123326;1;TUG1;0,0087;1,0285;0,1468;0,0796;0,0622;-0,0146;0,9948;;False
1028,14;5.58;pa030​;20250612_123326;1;TUG1;0,0097;1,0284;0,1557;0,0814;0,0632;-0,0150;0,9946;;False
1028,16;5.6;pa030​;20250612_123326;1;TUG1;0,0104;1,0289;0,1641;0,0843;0,0628;-0,0161;0,9943;;False
1028,17;5.61;pa030​;20250612_123326;1;TUG1;0,0108;1,0301;0,1719;0,0879;0,0618;-0,0184;0,9940;;False
1028,18;5.62;pa030​;20250612_123326;1;TUG1;0,0111;1,0324;0,1787;0,0918;0,0590;-0,0196;0,9938;;False
1028,20;5.64;pa030​;20250612_123326;1;TUG1;0,0113;1,0358;0,1849;0,0955;0,0562;-0,0201;0,9936;;False
1028,21;5.65;pa030​;20250612_123326;1;TUG1;0,0116;1,0405;0,1902;0,0986;0,0539;-0,0210;0,9934;;False
1028,23;5.67;pa030​;20250612_123326;1;TUG1;0,0121;1,0464;0,1949;0,1004;0,0518;-0,0208;0,9934;;False
1028,24;5.68;pa030​;20250612_123326;1;TUG1;0,0126;1,0540;0,1990;0,1001;0,0510;-0,0212;0,9934;;False
1028,25;5.69;pa030​;20250612_123326;1;TUG1;0,0134;1,0631;0,2024;0,0978;0,0509;-0,0222;0,9937;;False
1028,27;5.71;pa030​;20250612_123326;1;TUG1;0,0142;1,0732;0,2052;0,0946;0,0515;-0,0228;0,9939;;False
1028,28;5.72;pa030​;20250612_123326;1;TUG1;0,0151;1,0842;0,2074;0,0899;0,0527;-0,0233;0,9943;;False
1028,30;5.74;pa030​;20250612_123326;1;TUG1;0,0159;1,0962;0,2091;0,0837;0,0550;-0,0236;0,9947;;False
1028,31;5.75;pa030​;20250612_123326;1;TUG1;0,0167;1,1087;0,2103;0,0767;0,0576;-0,0230;0,9951;;False
1028,32;5.76;pa030​;20250612_123326;1;TUG1;0,0171;1,1218;0,2110;0,0697;0,0610;-0,0223;0,9955;;False
1028,34;5.78;pa030​;20250612_123326;1;TUG1;0,0174;1,1351;0,2115;0,0619;0,0633;-0,0208;0,9959;;False
1028,35;5.79;pa030​;20250612_123326;1;TUG1;0,0174;1,1486;0,2116;0,0548;0,0658;-0,0195;0,9961;;False
1028,37;5.8;pa030​;20250612_123326;1;TUG1;0,0174;1,1623;0,2113;0,0479;0,0678;-0,0176;0,9964;;False
1028,38;5.82;pa030​;20250612_123326;1;TUG1;0,0176;1,1761;0,2104;0,0419;0,0687;-0,0140;0,9967;;False
1028,39;5.83;pa030​;20250612_123326;1;TUG1;0,0179;1,1900;0,2094;0,0359;0,0704;-0,0121;0,9968;;False
1028,41;5.85;pa030​;20250612_123326;1;TUG1;0,0178;1,2042;0,2083;0,0288;0,0737;-0,0123;0,9968;;False
1028,42;5.86;pa030​;20250612_123326;1;TUG1;0,0178;1,2186;0,2071;0,0216;0,0761;-0,0126;0,9968;;False
1028,44;5.88;pa030​;20250612_123326;1;TUG1;0,0174;1,2333;0,2051;0,0156;0,0775;-0,0121;0,9968;;False
1028,45;5.89;pa030​;20250612_123326;1;TUG1;0,0169;1,2479;0,2027;0,0098;0,0789;-0,0122;0,9968;;False
1028,46;5.9;pa030​;20250612_123326;1;TUG1;0,0164;1,2629;0,1997;0,0035;0,0801;-0,0121;0,9967;;False
1028,48;5.92;pa030​;20250612_123326;1;TUG1;0,0159;1,2781;0,1964;-0,0044;0,0813;-0,0110;0,9966;;False
1028,49;5.93;pa030​;20250612_123326;1;TUG1;0,0155;1,2931;0,1926;-0,0135;0,0828;-0,0101;0,9964;;False
1028,50;5.94;pa030​;20250612_123326;1;TUG1;0,0150;1,3075;0,1883;-0,0227;0,0853;-0,0097;0,9960;;False
1028,52;5.96;pa030​;20250612_123326;1;TUG1;0,0148;1,3213;0,1838;-0,0302;0,0876;-0,0086;0,9957;;False
1028,53;5.97;pa030​;20250612_123326;1;TUG1;0,0146;1,3340;0,1790;-0,0362;0,0911;-0,0066;0,9952;;False
1028,55;5.99;pa030​;20250612_123326;1;TUG1;0,0147;1,3457;0,1740;-0,0412;0,0947;-0,0049;0,9946;;False
1028,56;6.0;pa030​;20250612_123326;1;TUG1;0,0149;1,3559;0,1689;-0,0463;0,0985;-0,0031;0,9941;;False
1028,57;6.01;pa030​;20250612_123326;1;TUG1;0,0148;1,3652;0,1635;-0,0508;0,1042;-0,0012;0,9933;;False
1028,59;6.03;pa030​;20250612_123326;1;TUG1;0,0151;1,3732;0,1581;-0,0538;0,1093;-0,0001;0,9926;;False
1028,60;6.04;pa030​;20250612_123326;1;TUG1;0,0152;1,3797;0,1526;-0,0567;0,1145;0,0007;0,9918;;False
1028,62;6.06;pa030​;20250612_123326;1;TUG1;0,0153;1,3848;0,1471;-0,0587;0,1194;0,0011;0,9911;;False
1028,63;6.07;pa030​;20250612_123326;1;TUG1;0,0151;1,3887;0,1417;-0,0598;0,1239;0,0015;0,9905;;False
1028,64;6.08;pa030​;20250612_123326;1;TUG1;0,0149;1,3919;0,1370;-0,0603;0,1269;0,0015;0,9901;;False
1028,66;6.1;pa030​;20250612_123326;1;TUG1;0,0143;1,3943;0,1326;-0,0601;0,1290;0,0010;0,9898;;False
1028,67;6.11;pa030​;20250612_123326;1;TUG1;0,0135;1,3961;0,1288;-0,0600;0,1300;0,0007;0,9897;;False
1028,68;6.12;pa030​;20250612_123326;1;TUG1;0,0128;1,3974;0,1252;-0,0602;0,1302;0,0007;0,9897;;False
1028,70;6.14;pa030​;20250612_123326;1;TUG1;0,0120;1,3983;0,1222;-0,0608;0,1301;0,0020;0,9896;;False
1028,71;6.15;pa030​;20250612_123326;1;TUG1;0,0113;1,3990;0,1195;-0,0619;0,1296;0,0046;0,9896;;False
1028,73;6.17;pa030​;20250612_123326;1;TUG1;0,0105;1,3994;0,1170;-0,0634;0,1293;0,0066;0,9896;;False
1028,74;6.18;pa030​;20250612_123326;1;TUG1;0,0097;1,3998;0,1149;-0,0665;0,1287;0,0078;0,9894;;False
1028,75;6.19;pa030​;20250612_123326;1;TUG1;0,0087;1,4002;0,1128;-0,0705;0,1279;0,0087;0,9892;;False
1028,77;6.21;pa030​;20250612_123326;1;TUG1;0,0075;1,4006;0,1110;-0,0739;0,1263;0,0100;0,9892;;False
1028,78;6.22;pa030​;20250612_123326;1;TUG1;0,0063;1,4007;0,1092;-0,0766;0,1241;0,0108;0,9892;;False
1028,80;6.24;pa030​;20250612_123326;1;TUG1;0,0052;1,4006;0,1075;-0,0777;0,1220;0,0114;0,9894;;False
1028,81;6.25;pa030​;20250612_123326;1;TUG1;0,0041;1,4006;0,1058;-0,0780;0,1199;0,0126;0,9896;;False
1028,82;6.26;pa030​;20250612_123326;1;TUG1;0,0032;1,4006;0,1042;-0,0771;0,1183;0,0131;0,9899;;False
1028,84;6.28;pa030​;20250612_123326;1;TUG1;0,0024;1,4005;0,1027;-0,0760;0,1173;0,0129;0,9901;;False
1028,85;6.29;pa030​;20250612_123326;1;TUG1;0,0018;1,3999;0,1010;-0,0742;0,1174;0,0129;0,9902;;False
1028,87;6.31;pa030​;20250612_123326;1;TUG1;0,0013;1,3992;0,0995;-0,0715;0,1180;0,0136;0,9903;;False
1028,88;6.32;pa030​;20250612_123326;1;TUG1;0,0006;1,3986;0,0982;-0,0682;0,1180;0,0143;0,9906;;False
1028,89;6.33;pa030​;20250612_123326;1;TUG1;0,0001;1,3981;0,0972;-0,0652;0,1181;0,0144;0,9908;;False
1028,91;6.35;pa030​;20250612_123326;1;TUG1;-0,0005;1,3972;0,0963;-0,0626;0,1190;0,0140;0,9908;;False
1028,92;6.36;pa030​;20250612_123326;1;TUG1;-0,0012;1,3964;0,0956;-0,0594;0,1199;0,0129;0,9909;;False
1028,94;6.38;pa030​;20250612_123326;1;TUG1;-0,0019;1,3956;0,0951;-0,0570;0,1218;0,0123;0,9908;;False
1028,95;6.39;pa030​;20250612_123326;1;TUG1;-0,0026;1,3946;0,0946;-0,0551;0,1233;0,0119;0,9908;;False
1028,96;6.4;pa030​;20250612_123326;1;TUG1;-0,0036;1,3937;0,0943;-0,0531;0,1245;0,0125;0,9907;;False
1028,98;6.42;pa030​;20250612_123326;1;TUG1;-0,0047;1,3928;0,0941;-0,0511;0,1245;0,0136;0,9908;;False
1028,99;6.43;pa030​;20250612_123326;1;TUG1;-0,0058;1,3917;0,0940;-0,0489;0,1236;0,0147;0,9910;;False
1029,00;6.44;pa030​;20250612_123326;1;TUG1;-0,0071;1,3905;0,0938;-0,0456;0,1226;0,0154;0,9913;;False
1029,02;6.46;pa030​;20250612_123326;1;TUG1;-0,0085;1,3893;0,0938;-0,0417;0,1216;0,0159;0,9916;;False
1029,03;6.47;pa030​;20250612_123326;1;TUG1;-0,0099;1,3881;0,0938;-0,0377;0,1203;0,0166;0,9919;;False
1029,05;6.49;pa030​;20250612_123326;1;TUG1;-0,0114;1,3869;0,0939;-0,0345;0,1192;0,0169;0,9921;;False
1029,06;6.5;pa030​;20250612_123326;1;TUG1;-0,0129;1,3858;0,0940;-0,0306;0,1178;0,0173;0,9924;;False
1029,07;6.51;pa030​;20250612_123326;1;TUG1;-0,0145;1,3849;0,0941;-0,0271;0,1171;0,0179;0,9926;;False
1029,09;6.53;pa030​;20250612_123326;1;TUG1;-0,0162;1,3841;0,0943;-0,0247;0,1160;0,0189;0,9928;;False
1029,10;6.54;pa030​;20250612_123326;1;TUG1;-0,0178;1,3835;0,0946;-0,0226;0,1146;0,0200;0,9930;;False
1029,12;6.55;pa030​;20250612_123326;1;TUG1;-0,0193;1,3828;0,0950;-0,0207;0,1136;0,0212;0,9931;;False
1029,13;6.57;pa030​;20250612_123326;1;TUG1;-0,0207;1,3823;0,0956;-0,0184;0,1127;0,0224;0,9932;;False
1029,14;6.58;pa030​;20250612_123326;1;TUG1;-0,0220;1,3817;0,0962;-0,0163;0,1122;0,0227;0,9933;;False
1029,16;6.6;pa030​;20250612_123326;1;TUG1;-0,0233;1,3813;0,0968;-0,0135;0,1118;0,0228;0,9934;;False
1029,17;6.61;pa030​;20250612_123326;1;TUG1;-0,0245;1,3808;0,0976;-0,0110;0,1114;0,0235;0,9934;;False
1029,18;6.62;pa030​;20250612_123326;1;TUG1;-0,0258;1,3804;0,0984;-0,0086;0,1104;0,0243;0,9935;;False
1029,20;6.64;pa030​;20250612_123326;1;TUG1;-0,0270;1,3801;0,0992;-0,0056;0,1092;0,0255;0,9937;;False
1029,21;6.65;pa030​;20250612_123326;1;TUG1;-0,0284;1,3800;0,1000;-0,0028;0,1082;0,0264;0,9938;;False
1029,23;6.67;pa030​;20250612_123326;1;TUG1;-0,0296;1,3798;0,1008;-0,0005;0,1076;0,0279;0,9938;;False
1029,24;6.68;pa030​;20250612_123326;1;TUG1;-0,0306;1,3798;0,1016;0,0017;0,1074;0,0297;0,9938;;False
1029,25;6.69;pa030​;20250612_123326;1;TUG1;-0,0316;1,3798;0,1026;0,0033;0,1078;0,0308;0,9937;;False
1029,27;6.71;pa030​;20250612_123326;1;TUG1;-0,0325;1,3801;0,1037;0,0038;0,1087;0,0318;0,9936;;False
1029,28;6.72;pa030​;20250612_123326;1;TUG1;-0,0334;1,3806;0,1050;0,0033;0,1094;0,0325;0,9935;;False
1029,30;6.74;pa030​;20250612_123326;1;TUG1;-0,0343;1,3811;0,1063;0,0011;0,1096;0,0341;0,9934;;False
1029,31;6.75;pa030​;20250612_123326;1;TUG1;-0,0352;1,3817;0,1078;-0,0018;0,1097;0,0350;0,9933;;False
1029,32;6.76;pa030​;20250612_123326;1;TUG1;-0,0360;1,3822;0,1094;-0,0053;0,1098;0,0353;0,9933;;False
1029,34;6.78;pa030​;20250612_123326;1;TUG1;-0,0368;1,3826;0,1111;-0,0089;0,1101;0,0354;0,9932;;False
1029,35;6.79;pa030​;20250612_123326;1;TUG1;-0,0377;1,3830;0,1128;-0,0119;0,1110;0,0353;0,9931;;False
1029,37;6.81;pa030​;20250612_123326;1;TUG1;-0,0384;1,3833;0,1145;-0,0143;0,1119;0,0355;0,9930;;False
1029,38;6.82;pa030​;20250612_123326;1;TUG1;-0,0391;1,3836;0,1163;-0,0161;0,1126;0,0361;0,9929;;False
1029,40;6.83;pa030​;20250612_123326;1;TUG1;-0,0398;1,3838;0,1182;-0,0177;0,1130;0,0368;0,9928;;False
1029,41;6.85;pa030​;20250612_123326;1;TUG1;-0,0405;1,3839;0,1202;-0,0189;0,1132;0,0376;0,9927;;False
1029,42;6.86;pa030​;20250612_123326;1;TUG1;-0,0411;1,3840;0,1222;-0,0195;0,1134;0,0380;0,9926;;False
1029,43;6.87;pa030​;20250612_123326;1;TUG1;-0,0418;1,3839;0,1242;-0,0200;0,1138;0,0384;0,9926;;False
1029,45;6.89;pa030​;20250612_123326;1;TUG1;-0,0425;1,3837;0,1260;-0,0200;0,1141;0,0385;0,9925;;False
1029,46;6.9;pa030​;20250612_123326;1;TUG1;-0,0432;1,3833;0,1277;-0,0188;0,1140;0,0390;0,9925;;False
1029,48;6.92;pa030​;20250612_123326;1;TUG1;-0,0439;1,3828;0,1294;-0,0168;0,1137;0,0391;0,9926;;False
1029,49;6.93;pa030​;20250612_123326;1;TUG1;-0,0448;1,3823;0,1311;-0,0147;0,1136;0,0385;0,9927;;False
1029,50;6.94;pa030​;20250612_123326;1;TUG1;-0,0456;1,3818;0,1326;-0,0124;0,1134;0,0387;0,9927;;False
1029,52;6.96;pa030​;20250612_123326;1;TUG1;-0,0464;1,3815;0,1340;-0,0106;0,1130;0,0394;0,9928;;False
1029,53;6.97;pa030​;20250612_123326;1;TUG1;-0,0472;1,3812;0,1354;-0,0093;0,1122;0,0403;0,9928;;False
1029,55;6.99;pa030​;20250612_123326;1;TUG1;-0,0481;1,3809;0,1367;-0,0088;0,1113;0,0413;0,9929;;False
1029,56;7.0;pa030​;20250612_123326;1;TUG1;-0,0489;1,3807;0,1378;-0,0083;0,1097;0,0429;0,9930;;False
1029,57;7.01;pa030​;20250612_123326;1;TUG1;-0,0498;1,3805;0,1389;-0,0077;0,1081;0,0441;0,9931;;False
1029,59;7.03;pa030​;20250612_123326;1;TUG1;-0,0507;1,3802;0,1399;-0,0069;0,1066;0,0444;0,9933;;False
1029,60;7.04;pa030​;20250612_123326;1;TUG1;-0,0515;1,3798;0,1407;-0,0060;0,1050;0,0448;0,9934;;False
1029,62;7.06;pa030​;20250612_123326;1;TUG1;-0,0521;1,3793;0,1415;-0,0052;0,1034;0,0450;0,9936;;False
1029,63;7.07;pa030​;20250612_123326;1;TUG1;-0,0528;1,3789;0,1420;-0,0042;0,1023;0,0445;0,9937;;False
1029,64;7.08;pa030​;20250612_123326;1;TUG1;-0,0534;1,3784;0,1425;-0,0033;0,1017;0,0434;0,9939;;False
1029,66;7.1;pa030​;20250612_123326;1;TUG1;-0,0541;1,3780;0,1429;-0,0027;0,1013;0,0428;0,9939;;False
1029,67;7.11;pa030​;20250612_123326;1;TUG1;-0,0549;1,3775;0,1431;-0,0020;0,1003;0,0425;0,9940;;False
1029,68;7.12;pa030​;20250612_123326;1;TUG1;-0,0558;1,3769;0,1431;-0,0011;0,0993;0,0421;0,9942;;False
1029,70;7.14;pa030​;20250612_123326;1;TUG1;-0,0570;1,3763;0,1431;-0,0002;0,0983;0,0418;0,9943;;False
1029,71;7.15;pa030​;20250612_123326;1;TUG1;-0,0580;1,3758;0,1430;0,0003;0,0974;0,0419;0,9944;;False
1029,73;7.17;pa030​;20250612_123326;1;TUG1;-0,0589;1,3753;0,1428;0,0009;0,0967;0,0422;0,9944;;False
1029,74;7.18;pa030​;20250612_123326;1;TUG1;-0,0598;1,3748;0,1426;0,0011;0,0962;0,0426;0,9944;;False
1029,75;7.19;pa030​;20250612_123326;1;TUG1;-0,0607;1,3743;0,1422;0,0014;0,0957;0,0432;0,9945;;False
1029,77;7.21;pa030​;20250612_123326;1;TUG1;-0,0616;1,3738;0,1417;0,0021;0,0953;0,0436;0,9945;;False
1029,78;7.22;pa030​;20250612_123326;1;TUG1;-0,0624;1,3733;0,1410;0,0029;0,0953;0,0440;0,9945;;False
1029,80;7.24;pa030​;20250612_123326;1;TUG1;-0,0632;1,3730;0,1403;0,0036;0,0956;0,0439;0,9944;;False
1029,81;7.25;pa030​;20250612_123326;1;TUG1;-0,0641;1,3728;0,1394;0,0042;0,0959;0,0439;0,9944;;False
1029,82;7.26;pa030​;20250612_123326;1;TUG1;-0,0650;1,3727;0,1384;0,0042;0,0961;0,0436;0,9944;;False
1029,84;7.28;pa030​;20250612_123326;1;TUG1;-0,0658;1,3727;0,1374;0,0041;0,0963;0,0434;0,9944;;False
1029,85;7.29;pa030​;20250612_123326;1;TUG1;-0,0664;1,3726;0,1364;0,0037;0,0963;0,0434;0,9944;;False
1029,87;7.3;pa030​;20250612_123326;1;TUG1;-0,0670;1,3727;0,1354;0,0022;0,0962;0,0434;0,9944;;False
1029,88;7.32;pa030​;20250612_123326;1;TUG1;-0,0676;1,3728;0,1344;0,0010;0,0961;0,0434;0,9944;;False
1029,89;7.33;pa030​;20250612_123326;1;TUG1;-0,0680;1,3728;0,1335;0,0002;0,0961;0,0434;0,9944;;False
1029,91;7.35;pa030​;20250612_123326;1;TUG1;-0,0684;1,3729;0,1325;-0,0002;0,0963;0,0436;0,9944;;False
1029,92;7.36;pa030​;20250612_123326;1;TUG1;-0,0687;1,3729;0,1315;-0,0006;0,0964;0,0438;0,9944;;False
1029,93;7.37;pa030​;20250612_123326;1;TUG1;-0,0689;1,3729;0,1303;-0,0008;0,0968;0,0438;0,9943;;False
1029,95;7.39;pa030​;20250612_123326;1;TUG1;-0,0690;1,3729;0,1292;-0,0010;0,0973;0,0439;0,9943;;False
1029,96;7.4;pa030​;20250612_123326;1;TUG1;-0,0690;1,3730;0,1284;-0,0012;0,0981;0,0435;0,9942;;False
1029,98;7.42;pa030​;20250612_123326;1;TUG1;-0,0689;1,3730;0,1275;-0,0019;0,0986;0,0430;0,9942;;False
1029,99;7.43;pa030​;20250612_123326;1;TUG1;-0,0688;1,3731;0,1268;-0,0022;0,0992;0,0430;0,9941;;False
1030,00;7.44;pa030​;20250612_123326;1;TUG1;-0,0686;1,3730;0,1262;-0,0025;0,0996;0,0422;0,9941;;False
1030,02;7.46;pa030​;20250612_123326;1;TUG1;-0,0685;1,3729;0,1257;-0,0029;0,0995;0,0418;0,9942;;False
1030,03;7.47;pa030​;20250612_123326;1;TUG1;-0,0685;1,3728;0,1253;-0,0030;0,0988;0,0418;0,9942;;False
1030,05;7.49;pa030​;20250612_123326;1;TUG1;-0,0684;1,3726;0,1250;-0,0027;0,0979;0,0416;0,9943;;False
1030,06;7.5;pa030​;20250612_123326;1;TUG1;-0,0682;1,3724;0,1248;-0,0023;0,0968;0,0418;0,9944;;False
1030,07;7.51;pa030​;20250612_123326;1;TUG1;-0,0680;1,3722;0,1246;-0,0019;0,0961;0,0417;0,9945;;False
1030,09;7.53;pa030​;20250612_123326;1;TUG1;-0,0677;1,3720;0,1246;-0,0017;0,0956;0,0418;0,9945;;False
1030,10;7.54;pa030​;20250612_123326;1;TUG1;-0,0674;1,3719;0,1247;-0,0016;0,0951;0,0419;0,9946;;False
1030,12;7.56;pa030​;20250612_123326;1;TUG1;-0,0669;1,3718;0,1248;-0,0016;0,0947;0,0422;0,9946;;False
1030,13;7.57;pa030​;20250612_123326;1;TUG1;-0,0664;1,3716;0,1251;-0,0012;0,0946;0,0416;0,9946;;False
1030,14;7.58;pa030​;20250612_123326;1;TUG1;-0,0658;1,3715;0,1254;-0,0008;0,0946;0,0412;0,9947;;False
1030,16;7.6;pa030​;20250612_123326;1;TUG1;-0,0652;1,3714;0,1259;-0,0005;0,0949;0,0405;0,9947;;False
1030,17;7.61;pa030​;20250612_123326;1;TUG1;-0,0646;1,3713;0,1263;0,0002;0,0954;0,0398;0,9946;;False
1030,19;7.63;pa030​;20250612_123326;1;TUG1;-0,0640;1,3713;0,1269;0,0005;0,0959;0,0393;0,9946;;False
1030,20;7.64;pa030​;20250612_123326;1;TUG1;-0,0633;1,3713;0,1275;0,0005;0,0968;0,0388;0,9945;;False
1030,21;7.65;pa030​;20250612_123326;1;TUG1;-0,0625;1,3713;0,1283;0,0009;0,0979;0,0383;0,9945;;False
1030,23;7.67;pa030​;20250612_123326;1;TUG1;-0,0618;1,3713;0,1292;0,0016;0,0989;0,0381;0,9944;;False
1030,24;7.68;pa030​;20250612_123326;1;TUG1;-0,0611;1,3712;0,1301;0,0024;0,0998;0,0379;0,9943;;False
1030,25;7.69;pa030​;20250612_123326;1;TUG1;-0,0604;1,3712;0,1311;0,0029;0,1008;0,0376;0,9942;;False
1030,27;7.71;pa030​;20250612_123326;1;TUG1;-0,0596;1,3712;0,1321;0,0033;0,1016;0,0373;0,9941;;False
1030,28;7.72;pa030​;20250612_123326;1;TUG1;-0,0588;1,3712;0,1332;0,0035;0,1024;0,0373;0,9940;;False
1030,30;7.74;pa030​;20250612_123326;1;TUG1;-0,0580;1,3712;0,1342;0,0037;0,1034;0,0373;0,9939;;False
1030,31;7.75;pa030​;20250612_123326;1;TUG1;-0,0570;1,3712;0,1352;0,0040;0,1040;0,0374;0,9939;;False
1030,32;7.76;pa030​;20250612_123326;1;TUG1;-0,0563;1,3711;0,1364;0,0046;0,1045;0,0375;0,9938;;False
1030,34;7.78;pa030​;20250612_123326;1;TUG1;-0,0557;1,3709;0,1376;0,0057;0,1050;0,0374;0,9938;;False
1030,35;7.79;pa030​;20250612_123326;1;TUG1;-0,0551;1,3706;0,1388;0,0071;0,1049;0,0374;0,9937;;False
1030,37;7.81;pa030​;20250612_123326;1;TUG1;-0,0546;1,3704;0,1401;0,0088;0,1048;0,0375;0,9937;;False
1030,38;7.82;pa030​;20250612_123326;1;TUG1;-0,0540;1,3702;0,1415;0,0102;0,1043;0,0373;0,9938;;False
1030,39;7.83;pa030​;20250612_123326;1;TUG1;-0,0536;1,3699;0,1428;0,0122;0,1036;0,0371;0,9939;;False
1030,41;7.85;pa030​;20250612_123326;1;TUG1;-0,0531;1,3696;0,1441;0,0147;0,1028;0,0368;0,9939;;False
1030,42;7.86;pa030​;20250612_123326;1;TUG1;-0,0526;1,3692;0,1453;0,0173;0,1017;0,0368;0,9940;;False
1030,43;7.87;pa030​;20250612_123326;1;TUG1;-0,0522;1,3689;0,1467;0,0202;0,1000;0,0367;0,9941;;False
1030,45;7.89;pa030​;20250612_123326;1;TUG1;-0,0519;1,3684;0,1481;0,0227;0,0982;0,0366;0,9942;;False
1030,46;7.9;pa030​;20250612_123326;1;TUG1;-0,0516;1,3679;0,1495;0,0252;0,0957;0,0363;0,9944;;False
1030,48;7.92;pa030​;20250612_123326;1;TUG1;-0,0513;1,3674;0,1509;0,0280;0,0931;0,0357;0,9946;;False
1030,49;7.93;pa030​;20250612_123326;1;TUG1;-0,0510;1,3669;0,1523;0,0312;0,0902;0,0350;0,9948;;False
1030,51;7.95;pa030​;20250612_123326;1;TUG1;-0,0507;1,3664;0,1536;0,0340;0,0874;0,0343;0,9950;;False
1030,52;7.96;pa030​;20250612_123326;1;TUG1;-0,0504;1,3659;0,1549;0,0360;0,0851;0,0336;0,9952;;False
1030,53;7.97;pa030​;20250612_123326;1;TUG1;-0,0500;1,3655;0,1560;0,0379;0,0828;0,0331;0,9953;;False
1030,55;7.99;pa030​;20250612_123326;1;TUG1;-0,0496;1,3651;0,1571;0,0396;0,0806;0,0326;0,9954;;False
1030,56;8.0;pa030​;20250612_123326;1;TUG1;-0,0492;1,3649;0,1582;0,0409;0,0790;0,0321;0,9955;;False
1030,57;8.01;pa030​;20250612_123326;1;TUG1;-0,0488;1,3648;0,1593;0,0422;0,0772;0,0316;0,9956;;False
1030,59;8.03;pa030​;20250612_123326;1;TUG1;-0,0484;1,3646;0,1603;0,0429;0,0755;0,0309;0,9957;;False
1030,60;8.04;pa030​;20250612_123326;1;TUG1;-0,0480;1,3646;0,1613;0,0433;0,0741;0,0305;0,9958;;False
1030,62;8.05;pa030​;20250612_123326;1;TUG1;-0,0475;1,3646;0,1622;0,0437;0,0728;0,0299;0,9959;;False
1030,63;8.07;pa030​;20250612_123326;1;TUG1;-0,0470;1,3647;0,1631;0,0436;0,0719;0,0295;0,9960;;False
1030,64;8.08;pa030​;20250612_123326;1;TUG1;-0,0465;1,3648;0,1638;0,0434;0,0712;0,0291;0,9961;;False
1030,66;8.1;pa030​;20250612_123326;1;TUG1;-0,0462;1,3649;0,1645;0,0432;0,0710;0,0289;0,9961;;False
1030,67;8.11;pa030​;20250612_123326;1;TUG1;-0,0457;1,3650;0,1651;0,0432;0,0709;0,0283;0,9961;;False
1030,68;8.12;pa030​;20250612_123326;1;TUG1;-0,0451;1,3650;0,1658;0,0431;0,0714;0,0279;0,9961;;False
1030,70;8.14;pa030​;20250612_123326;1;TUG1;-0,0443;1,3649;0,1664;0,0430;0,0724;0,0270;0,9961;;False
1030,71;8.15;pa030​;20250612_123326;1;TUG1;-0,0436;1,3649;0,1669;0,0430;0,0739;0,0262;0,9960;;False
1030,73;8.17;pa030​;20250612_123326;1;TUG1;-0,0427;1,3648;0,1674;0,0430;0,0752;0,0254;0,9959;;False
1030,74;8.18;pa030​;20250612_123326;1;TUG1;-0,0420;1,3646;0,1679;0,0430;0,0768;0,0246;0,9958;;False
1030,76;8.2;pa030​;20250612_123326;1;TUG1;-0,0413;1,3646;0,1683;0,0428;0,0783;0,0240;0,9957;;False
1030,78;8.22;pa030​;20250612_123326;1;TUG1;-0,0400;1,3646;0,1688;0,0414;0,0812;0,0225;0,9956;;False
1030,80;8.24;pa030​;20250612_123326;1;TUG1;-0,0394;1,3647;0,1690;0,0404;0,0828;0,0222;0,9955;;False
1030,81;8.25;pa030​;20250612_123326;1;TUG1;-0,0389;1,3648;0,1690;0,0391;0,0843;0,0223;0,9954;;False
1030,82;8.26;pa030​;20250612_123326;1;TUG1;-0,0383;1,3649;0,1691;0,0381;0,0855;0,0226;0,9954;;False
1030,84;8.28;pa030​;20250612_123326;1;TUG1;-0,0377;1,3649;0,1690;0,0371;0,0865;0,0232;0,9953;;False
1030,85;8.29;pa030​;20250612_123326;1;TUG1;-0,0372;1,3650;0,1688;0,0365;0,0876;0,0235;0,9952;;False
1030,86;8.3;pa030​;20250612_123326;1;TUG1;-0,0367;1,3652;0,1686;0,0358;0,0891;0,0236;0,9951;;False
1030,88;8.32;pa030​;20250612_123326;1;TUG1;-0,0361;1,3653;0,1683;0,0349;0,0904;0,0242;0,9950;;False
1030,89;8.33;pa030​;20250612_123326;1;TUG1;-0,0354;1,3656;0,1678;0,0343;0,0917;0,0245;0,9949;;False
1030,91;8.35;pa030​;20250612_123326;1;TUG1;-0,0349;1,3658;0,1673;0,0340;0,0931;0,0251;0,9948;;False
1030,92;8.36;pa030​;20250612_123326;1;TUG1;-0,0342;1,3660;0,1668;0,0339;0,0940;0,0251;0,9947;;False
1030,93;8.37;pa030​;20250612_123326;1;TUG1;-0,0336;1,3661;0,1664;0,0335;0,0952;0,0255;0,9946;;False
1030,95;8.39;pa030​;20250612_123326;1;TUG1;-0,0330;1,3662;0,1659;0,0334;0,0961;0,0253;0,9945;;False
1030,96;8.4;pa030​;20250612_123326;1;TUG1;-0,0323;1,3663;0,1654;0,0333;0,0973;0,0249;0,9944;;False
1030,98;8.42;pa030​;20250612_123326;1;TUG1;-0,0318;1,3664;0,1650;0,0330;0,0986;0,0244;0,9943;;False
1030,99;8.43;pa030​;20250612_123326;1;TUG1;-0,0312;1,3665;0,1645;0,0325;0,0998;0,0238;0,9942;;False
1031,00;8.44;pa030​;20250612_123326;1;TUG1;-0,0307;1,3667;0,1640;0,0316;0,1009;0,0233;0,9941;;False
1031,02;8.46;pa030​;20250612_123326;1;TUG1;-0,0304;1,3669;0,1634;0,0306;0,1021;0,0231;0,9940;;False
1031,03;8.47;pa030​;20250612_123326;1;TUG1;-0,0300;1,3672;0,1629;0,0297;0,1032;0,0229;0,9940;;False
1031,05;8.49;pa030​;20250612_123326;1;TUG1;-0,0295;1,3673;0,1624;0,0289;0,1041;0,0230;0,9939;;False
1031,06;8.5;pa030​;20250612_123326;1;TUG1;-0,0290;1,3674;0,1619;0,0283;0,1049;0,0231;0,9938;;False
1031,07;8.51;pa030​;20250612_123326;1;TUG1;-0,0285;1,3676;0,1614;0,0277;0,1052;0,0230;0,9938;;False
1031,09;8.53;pa030​;20250612_123326;1;TUG1;-0,0282;1,3676;0,1610;0,0270;0,1054;0,0229;0,9938;;False
1031,10;8.54;pa030​;20250612_123326;1;TUG1;-0,0278;1,3678;0,1606;0,0265;0,1054;0,0226;0,9938;;False
1031,12;8.56;pa030​;20250612_123326;1;TUG1;-0,0275;1,3679;0,1602;0,0258;0,1053;0,0223;0,9939;;False
1031,13;8.57;pa030​;20250612_123326;1;TUG1;-0,0271;1,3680;0,1597;0,0253;0,1051;0,0219;0,9939;;False
1031,14;8.58;pa030​;20250612_123326;1;TUG1;-0,0268;1,3681;0,1592;0,0248;0,1047;0,0217;0,9940;;False
1031,16;8.6;pa030​;20250612_123326;1;TUG1;-0,0264;1,3683;0,1588;0,0244;0,1045;0,0215;0,9940;;False
1031,17;8.61;pa030​;20250612_123326;1;TUG1;-0,0261;1,3684;0,1585;0,0238;0,1044;0,0212;0,9940;;False
1031,18;8.62;pa030​;20250612_123326;1;TUG1;-0,0258;1,3684;0,1581;0,0234;0,1043;0,0208;0,9940;;False
1031,20;8.64;pa030​;20250612_123326;1;TUG1;-0,0255;1,3685;0,1578;0,0233;0,1042;0,0205;0,9941;;False
1031,21;8.65;pa030​;20250612_123326;1;TUG1;-0,0252;1,3686;0,1575;0,0230;0,1041;0,0202;0,9941;;False
1031,23;8.67;pa030​;20250612_123326;1;TUG1;-0,0249;1,3688;0,1572;0,0226;0,1042;0,0198;0,9941;;False
1031,24;8.68;pa030​;20250612_123326;1;TUG1;-0,0247;1,3689;0,1569;0,0218;0,1042;0,0193;0,9941;;False
1031,25;8.69;pa030​;20250612_123326;1;TUG1;-0,0245;1,3691;0,1566;0,0210;0,1043;0,0190;0,9941;;False
1031,27;8.71;pa030​;20250612_123326;1;TUG1;-0,0243;1,3692;0,1563;0,0202;0,1045;0,0186;0,9941;;False
1031,28;8.72;pa030​;20250612_123326;1;TUG1;-0,0240;1,3694;0,1560;0,0196;0,1048;0,0183;0,9941;;False
1031,30;8.74;pa030​;20250612_123326;1;TUG1;-0,0238;1,3695;0,1557;0,0193;0,1053;0,0181;0,9941;;False
1031,31;8.75;pa030​;20250612_123326;1;TUG1;-0,0236;1,3695;0,1555;0,0189;0,1057;0,0179;0,9941;;False
1031,32;8.76;pa030​;20250612_123326;1;TUG1;-0,0234;1,3696;0,1554;0,0184;0,1062;0,0178;0,9940;;False
1031,34;8.78;pa030​;20250612_123326;1;TUG1;-0,0232;1,3697;0,1552;0,0177;0,1065;0,0176;0,9940;;False
1031,35;8.79;pa030​;20250612_123326;1;TUG1;-0,0231;1,3698;0,1550;0,0170;0,1070;0,0177;0,9940;;False
1031,37;8.8;pa030​;20250612_123326;1;TUG1;-0,0229;1,3699;0,1548;0,0164;0,1072;0,0177;0,9939;;False
1031,38;8.82;pa030​;20250612_123326;1;TUG1;-0,0228;1,3700;0,1546;0,0163;0,1073;0,0177;0,9939;;False
1031,39;8.83;pa030​;20250612_123326;1;TUG1;-0,0227;1,3700;0,1544;0,0163;0,1074;0,0177;0,9939;;False
1031,41;8.85;pa030​;20250612_123326;1;TUG1;-0,0227;1,3700;0,1543;0,0164;0,1075;0,0177;0,9939;;False
1031,42;8.86;pa030​;20250612_123326;1;TUG1;-0,0228;1,3699;0,1543;0,0164;0,1074;0,0178;0,9939;;False
1031,44;8.88;pa030​;20250612_123326;1;TUG1;-0,0229;1,3698;0,1543;0,0167;0,1073;0,0179;0,9939;;False
1031,45;8.89;pa030​;20250612_123326;1;TUG1;-0,0229;1,3697;0,1543;0,0170;0,1071;0,0180;0,9939;;False
1031,46;8.9;pa030​;20250612_123326;1;TUG1;-0,0231;1,3697;0,1543;0,0170;0,1069;0,0180;0,9940;;False
1031,48;8.92;pa030​;20250612_123326;1;TUG1;-0,0232;1,3696;0,1544;0,0170;0,1066;0,0179;0,9940;;False
1031,49;8.93;pa030​;20250612_123326;1;TUG1;-0,0233;1,3695;0,1543;0,0171;0,1066;0,0181;0,9940;;False
1031,50;8.94;pa030​;20250612_123326;1;TUG1;-0,0234;1,3693;0,1542;0,0173;0,1062;0,0180;0,9940;;False
1031,52;8.96;pa030​;20250612_123326;1;TUG1;-0,0235;1,3692;0,1541;0,0171;0,1059;0,0179;0,9941;;False
1031,53;8.97;pa030​;20250612_123326;1;TUG1;-0,0237;1,3692;0,1542;0,0172;0,1059;0,0179;0,9941;;False
1031,55;8.99;pa030​;20250612_123326;1;TUG1;-0,0239;1,3692;0,1542;0,0171;0,1059;0,0179;0,9941;;False
1031,56;9.0;pa030​;20250612_123326;1;TUG1;-0,0241;1,3693;0,1542;0,0170;0,1059;0,0180;0,9941;;False
1031,57;9.01;pa030​;20250612_123326;1;TUG1;-0,0242;1,3693;0,1542;0,0168;0,1059;0,0182;0,9941;;False
1031,59;9.03;pa030​;20250612_123326;1;TUG1;-0,0244;1,3693;0,1542;0,0168;0,1060;0,0183;0,9941;;False
1031,60;9.04;pa030​;20250612_123326;1;TUG1;-0,0245;1,3693;0,1541;0,0169;0,1062;0,0184;0,9940;;False
1031,61;9.05;pa030​;20250612_123326;1;TUG1;-0,0247;1,3694;0,1539;0,0170;0,1063;0,0184;0,9940;;False
1031,63;9.07;pa030​;20250612_123326;1;TUG1;-0,0250;1,3694;0,1538;0,0170;0,1064;0,0183;0,9940;;False
1031,64;9.08;pa030​;20250612_123326;1;TUG1;-0,0252;1,3695;0,1538;0,0164;0,1064;0,0185;0,9940;;False
1031,66;9.1;pa030​;20250612_123326;1;TUG1;-0,0254;1,3696;0,1538;0,0159;0,1064;0,0186;0,9940;;False
1031,67;9.11;pa030​;20250612_123326;1;TUG1;-0,0257;1,3697;0,1539;0,0158;0,1062;0,0188;0,9940;;False
1031,68;9.12;pa030​;20250612_123326;1;TUG1;-0,0260;1,3697;0,1539;0,0158;0,1060;0,0190;0,9941;;False
1031,70;9.14;pa030​;20250612_123326;1;TUG1;-0,0263;1,3697;0,1539;0,0161;0,1057;0,0193;0,9941;;False
1031,71;9.15;pa030​;20250612_123326;1;TUG1;-0,0266;1,3695;0,1541;0,0163;0,1053;0,0193;0,9941;;False
1031,73;9.17;pa030​;20250612_123326;1;TUG1;-0,0269;1,3696;0,1541;0,0167;0,1048;0,0195;0,9942;;False
1031,74;9.18;pa030​;20250612_123326;1;TUG1;-0,0271;1,3697;0,1543;0,0170;0,1044;0,0195;0,9942;;False
1031,75;9.19;pa030​;20250612_123326;1;TUG1;-0,0273;1,3697;0,1543;0,0171;0,1038;0,0195;0,9943;;False
1031,77;9.21;pa030​;20250612_123326;1;TUG1;-0,0277;1,3697;0,1544;0,0171;0,1032;0,0194;0,9943;;False
1031,78;9.22;pa030​;20250612_123326;1;TUG1;-0,0280;1,3697;0,1545;0,0170;0,1027;0,0192;0,9944;;False
1031,80;9.24;pa030​;20250612_123326;1;TUG1;-0,0284;1,3697;0,1546;0,0169;0,1021;0,0191;0,9944;;False
1031,81;9.25;pa030​;20250612_123326;1;TUG1;-0,0287;1,3698;0,1547;0,0168;0,1015;0,0191;0,9945;;False
1031,82;9.26;pa030​;20250612_123326;1;TUG1;-0,0289;1,3698;0,1548;0,0165;0,1011;0,0190;0,9946;;False
1031,84;9.28;pa030​;20250612_123326;1;TUG1;-0,0292;1,3699;0,1549;0,0164;0,1010;0,0193;0,9946;;False
1031,85;9.29;pa030​;20250612_123326;1;TUG1;-0,0295;1,3700;0,1549;0,0162;0,1011;0,0195;0,9946;;False
1031,87;9.31;pa030​;20250612_123326;1;TUG1;-0,0298;1,3700;0,1549;0,0159;0,1010;0,0194;0,9946;;False
1031,88;9.32;pa030​;20250612_123326;1;TUG1;-0,0301;1,3701;0,1550;0,0159;0,1011;0,0195;0,9946;;False
1031,89;9.33;pa030​;20250612_123326;1;TUG1;-0,0303;1,3701;0,1550;0,0158;0,1012;0,0196;0,9945;;False
1031,91;9.35;pa030​;20250612_123326;1;TUG1;-0,0305;1,3702;0,1551;0,0155;0,1011;0,0197;0,9946;;False
1031,92;9.36;pa030​;20250612_123326;1;TUG1;-0,0307;1,3702;0,1552;0,0153;0,1009;0,0198;0,9946;;False
1031,93;9.37;pa030​;20250612_123326;1;TUG1;-0,0309;1,3702;0,1552;0,0154;0,1006;0,0197;0,9946;;False
1031,95;9.39;pa030​;20250612_123326;1;TUG1;-0,0311;1,3702;0,1553;0,0157;0,1005;0,0195;0,9946;;False
1031,96;9.4;pa030​;20250612_123326;1;TUG1;-0,0313;1,3701;0,1554;0,0161;0,1002;0,0194;0,9946;;False
1031,98;9.42;pa030​;20250612_123326;1;TUG1;-0,0316;1,3701;0,1556;0,0164;0,1000;0,0195;0,9947;;False
1031,99;9.43;pa030​;20250612_123326;1;TUG1;-0,0319;1,3701;0,1558;0,0168;0,0996;0,0196;0,9947;;False
1032,00;9.44;pa030​;20250612_123326;1;TUG1;-0,0322;1,3701;0,1559;0,0170;0,0994;0,0198;0,9947;;False
1032,02;9.46;pa030​;20250612_123326;1;TUG1;-0,0324;1,3700;0,1559;0,0173;0,0991;0,0199;0,9947;;False
1032,03;9.47;pa030​;20250612_123326;1;TUG1;-0,0326;1,3699;0,1560;0,0176;0,0989;0,0198;0,9947;;False
1032,05;9.49;pa030​;20250612_123326;1;TUG1;-0,0328;1,3699;0,1560;0,0179;0,0986;0,0200;0,9948;;False
1032,06;9.5;pa030​;20250612_123326;1;TUG1;-0,0330;1,3698;0,1561;0,0181;0,0982;0,0200;0,9948;;False
1032,07;9.51;pa030​;20250612_123326;1;TUG1;-0,0332;1,3698;0,1561;0,0181;0,0980;0,0199;0,9948;;False
1032,09;9.53;pa030​;20250612_123326;1;TUG1;-0,0333;1,3697;0,1561;0,0180;0,0977;0,0198;0,9949;;False
1032,10;9.54;pa030​;20250612_123326;1;TUG1;-0,0336;1,3696;0,1561;0,0183;0,0975;0,0197;0,9949;;False
1032,12;9.56;pa030​;20250612_123326;1;TUG1;-0,0337;1,3696;0,1561;0,0184;0,0974;0,0198;0,9949;;False
1032,13;9.57;pa030​;20250612_123326;1;TUG1;-0,0339;1,3696;0,1561;0,0184;0,0973;0,0199;0,9949;;False
1032,14;9.58;pa030​;20250612_123326;1;TUG1;-0,0341;1,3696;0,1562;0,0183;0,0973;0,0199;0,9949;;False
1032,16;9.6;pa030​;20250612_123326;1;TUG1;-0,0343;1,3696;0,1562;0,0185;0,0972;0,0202;0,9949;;False
1032,17;9.61;pa030​;20250612_123326;1;TUG1;-0,0344;1,3695;0,1563;0,0188;0,0972;0,0204;0,9949;;False
1032,18;9.62;pa030​;20250612_123326;1;TUG1;-0,0346;1,3695;0,1563;0,0189;0,0972;0,0205;0,9949;;False
1032,20;9.64;pa030​;20250612_123326;1;TUG1;-0,0348;1,3695;0,1564;0,0188;0,0973;0,0208;0,9949;;False
1032,21;9.65;pa030​;20250612_123326;1;TUG1;-0,0348;1,3694;0,1564;0,0187;0,0974;0,0210;0,9949;;False
1032,23;9.67;pa030​;20250612_123326;1;TUG1;-0,0348;1,3693;0,1565;0,0189;0,0974;0,0213;0,9948;;False
1032,24;9.68;pa030​;20250612_123326;1;TUG1;-0,0349;1,3693;0,1565;0,0188;0,0974;0,0214;0,9948;;False
1032,25;9.69;pa030​;20250612_123326;1;TUG1;-0,0351;1,3693;0,1566;0,0188;0,0973;0,0215;0,9948;;False
1032,27;9.71;pa030​;20250612_123326;1;TUG1;-0,0353;1,3693;0,1567;0,0187;0,0974;0,0217;0,9948;;False
1032,28;9.72;pa030​;20250612_123326;1;TUG1;-0,0355;1,3693;0,1568;0,0188;0,0974;0,0218;0,9948;;False
1032,31;9.75;pa030​;20250612_123326;1;TUG1;-0,0359;1,3692;0,1569;0,0190;0,0974;0,0221;0,9948;;False
1032,32;9.76;pa030​;20250612_123326;1;TUG1;-0,0360;1,3692;0,1570;0,0191;0,0974;0,0222;0,9948;;False
1032,34;9.78;pa030​;20250612_123326;1;TUG1;-0,0362;1,3692;0,1569;0,0192;0,0974;0,0225;0,9948;;False
1032,35;9.79;pa030​;20250612_123326;1;TUG1;-0,0363;1,3691;0,1569;0,0191;0,0974;0,0227;0,9948;;False
1032,36;9.8;pa030​;20250612_123326;1;TUG1;-0,0365;1,3691;0,1571;0,0193;0,0972;0,0227;0,9948;;False
1032,38;9.82;pa030​;20250612_123326;1;TUG1;-0,0367;1,3690;0,1572;0,0196;0,0973;0,0229;0,9948;;False
1032,39;9.83;pa030​;20250612_123326;1;TUG1;-0,0369;1,3689;0,1574;0,0198;0,0973;0,0229;0,9948;;False
1032,41;9.85;pa030​;20250612_123326;1;TUG1;-0,0371;1,3688;0,1576;0,0201;0,0972;0,0231;0,9948;;False
1032,42;9.86;pa030​;20250612_123326;1;TUG1;-0,0373;1,3688;0,1578;0,0203;0,0972;0,0232;0,9948;;False
1032,43;9.87;pa030​;20250612_123326;1;TUG1;-0,0374;1,3687;0,1580;0,0209;0,0971;0,0232;0,9948;;False
1032,45;9.89;pa030​;20250612_123326;1;TUG1;-0,0374;1,3685;0,1580;0,0213;0,0972;0,0232;0,9948;;False
1032,46;9.9;pa030​;20250612_123326;1;TUG1;-0,0375;1,3683;0,1581;0,0215;0,0970;0,0232;0,9948;;False
1032,48;9.92;pa030​;20250612_123326;1;TUG1;-0,0375;1,3682;0,1583;0,0218;0,0968;0,0233;0,9948;;False
1032,49;9.93;pa030​;20250612_123326;1;TUG1;-0,0377;1,3681;0,1585;0,0221;0,0967;0,0235;0,9948;;False
1032,51;9.95;pa030​;20250612_123326;1;TUG1;-0,0379;1,3680;0,1589;0,0227;0,0962;0,0236;0,9948;;False
1032,52;9.96;pa030​;20250612_123326;1;TUG1;-0,0381;1,3679;0,1592;0,0233;0,0958;0,0235;0,9948;;False
1032,53;9.97;pa030​;20250612_123326;1;TUG1;-0,0382;1,3678;0,1594;0,0235;0,0955;0,0234;0,9949;;False
1032,55;9.99;pa030​;20250612_123326;1;TUG1;-0,0384;1,3677;0,1597;0,0237;0,0951;0,0235;0,9949;;False
1032,56;10.0;pa030​;20250612_123326;1;TUG1;-0,0386;1,3676;0,1600;0,0241;0,0946;0,0236;0,9949;;False
1032,57;10.01;pa030​;20250612_123326;1;TUG1;-0,0388;1,3674;0,1602;0,0247;0,0943;0,0237;0,9950;;False
1032,59;10.03;pa030​;20250612_123326;1;TUG1;-0,0390;1,3673;0,1605;0,0251;0,0941;0,0234;0,9950;;False
1032,60;10.04;pa030​;20250612_123326;1;TUG1;-0,0392;1,3672;0,1608;0,0253;0,0942;0,0235;0,9950;;False
1032,61;10.05;pa030​;20250612_123326;1;TUG1;-0,0392;1,3671;0,1611;0,0253;0,0943;0,0234;0,9950;;False
1032,63;10.07;pa030​;20250612_123326;1;TUG1;-0,0393;1,3670;0,1614;0,0254;0,0944;0,0234;0,9949;;False
1032,64;10.08;pa030​;20250612_123326;1;TUG1;-0,0393;1,3670;0,1616;0,0258;0,0947;0,0235;0,9949;;False
1032,66;10.1;pa030​;20250612_123326;1;TUG1;-0,0394;1,3669;0,1619;0,0260;0,0949;0,0236;0,9949;;False
1032,67;10.11;pa030​;20250612_123326;1;TUG1;-0,0394;1,3669;0,1622;0,0260;0,0952;0,0236;0,9948;;False
1032,68;10.12;pa030​;20250612_123326;1;TUG1;-0,0392;1,3668;0,1624;0,0261;0,0954;0,0237;0,9948;;False
1032,70;10.14;pa030​;20250612_123326;1;TUG1;-0,0390;1,3667;0,1626;0,0263;0,0957;0,0236;0,9948;;False
1032,71;10.15;pa030​;20250612_123326;1;TUG1;-0,0388;1,3666;0,1628;0,0265;0,0957;0,0238;0,9948;;False
1032,73;10.17;pa030​;20250612_123326;1;TUG1;-0,0388;1,3666;0,1631;0,0267;0,0957;0,0236;0,9948;;False
1032,74;10.18;pa030​;20250612_123326;1;TUG1;-0,0388;1,3665;0,1634;0,0267;0,0955;0,0233;0,9948;;False
1032,75;10.19;pa030​;20250612_123326;1;TUG1;-0,0389;1,3666;0,1636;0,0269;0,0954;0,0233;0,9948;;False
1032,77;10.21;pa030​;20250612_123326;1;TUG1;-0,0389;1,3665;0,1639;0,0270;0,0951;0,0233;0,9948;;False
1032,78;10.22;pa030​;20250612_123326;1;TUG1;-0,0389;1,3665;0,1641;0,0270;0,0949;0,0232;0,9948;;False
1032,80;10.24;pa030​;20250612_123326;1;TUG1;-0,0389;1,3666;0,1642;0,0270;0,0950;0,0230;0,9948;;False
1032,81;10.25;pa030​;20250612_123326;1;TUG1;-0,0390;1,3665;0,1643;0,0270;0,0949;0,0229;0,9949;;False
1032,82;10.26;pa030​;20250612_123326;1;TUG1;-0,0390;1,3665;0,1645;0,0270;0,0953;0,0227;0,9948;;False
1032,84;10.28;pa030​;20250612_123326;1;TUG1;-0,0390;1,3665;0,1646;0,0267;0,0958;0,0226;0,9948;;False
1032,85;10.29;pa030​;20250612_123326;1;TUG1;-0,0390;1,3665;0,1648;0,0266;0,0963;0,0224;0,9947;;False
1032,87;10.31;pa030​;20250612_123326;1;TUG1;-0,0390;1,3664;0,1650;0,0268;0,0968;0,0226;0,9947;;False
1032,88;10.32;pa030​;20250612_123326;1;TUG1;-0,0390;1,3663;0,1652;0,0269;0,0974;0,0228;0,9946;;False
1032,89;10.33;pa030​;20250612_123326;1;TUG1;-0,0390;1,3662;0,1654;0,0269;0,0979;0,0232;0,9946;;False
1032,91;10.35;pa030​;20250612_123326;1;TUG1;-0,0390;1,3661;0,1657;0,0269;0,0982;0,0234;0,9945;;False
1032,92;10.36;pa030​;20250612_123326;1;TUG1;-0,0389;1,3660;0,1659;0,0270;0,0984;0,0239;0,9945;;False
1032,93;10.37;pa030​;20250612_123326;1;TUG1;-0,0388;1,3659;0,1661;0,0271;0,0980;0,0240;0,9945;;False
1032,95;10.39;pa030​;20250612_123326;1;TUG1;-0,0388;1,3657;0,1663;0,0272;0,0975;0,0241;0,9946;;False
1032,96;10.4;pa030​;20250612_123326;1;TUG1;-0,0388;1,3656;0,1666;0,0275;0,0966;0,0237;0,9947;;False
1032,98;10.42;pa030​;20250612_123326;1;TUG1;-0,0389;1,3654;0,1669;0,0279;0,0954;0,0232;0,9948;;False
1032,99;10.43;pa030​;20250612_123326;1;TUG1;-0,0391;1,3652;0,1672;0,0289;0,0936;0,0228;0,9949;;False
1033,01;10.45;pa030​;20250612_123326;1;TUG1;-0,0393;1,3649;0,1675;0,0304;0,0909;0,0220;0,9952;;False
1033,02;10.46;pa030​;20250612_123326;1;TUG1;-0,0395;1,3646;0,1677;0,0320;0,0882;0,0209;0,9954;;False
1033,03;10.47;pa030​;20250612_123326;1;TUG1;-0,0397;1,3642;0,1680;0,0338;0,0848;0,0193;0,9956;;False
1033,05;10.49;pa030​;20250612_123326;1;TUG1;-0,0399;1,3639;0,1682;0,0357;0,0816;0,0180;0,9959;;False
1033,06;10.5;pa030​;20250612_123326;1;TUG1;-0,0402;1,3634;0,1685;0,0376;0,0780;0,0164;0,9961;;False
1033,07;10.51;pa030​;20250612_123326;1;TUG1;-0,0405;1,3630;0,1688;0,0391;0,0744;0,0150;0,9963;;False
1033,09;10.53;pa030​;20250612_123326;1;TUG1;-0,0407;1,3625;0,1690;0,0407;0,0706;0,0137;0,9966;;False
1033,10;10.54;pa030​;20250612_123326;1;TUG1;-0,0411;1,3622;0,1692;0,0425;0,0678;0,0125;0,9967;;False
1033,12;10.56;pa030​;20250612_123326;1;TUG1;-0,0413;1,3618;0,1694;0,0437;0,0648;0,0113;0,9969;;False
1033,13;10.57;pa030​;20250612_123326;1;TUG1;-0,0416;1,3614;0,1695;0,0450;0,0621;0,0103;0,9970;;False
1033,14;10.58;pa030​;20250612_123326;1;TUG1;-0,0418;1,3611;0,1696;0,0464;0,0595;0,0095;0,9971;;False
1033,16;10.6;pa030​;20250612_123326;1;TUG1;-0,0420;1,3607;0,1696;0,0479;0,0571;0,0093;0,9972;;False
1033,17;10.61;pa030​;20250612_123326;1;TUG1;-0,0421;1,3603;0,1697;0,0491;0,0545;0,0086;0,9973;;False
1033,19;10.63;pa030​;20250612_123326;1;TUG1;-0,0422;1,3600;0,1698;0,0503;0,0522;0,0082;0,9973;;False
1033,20;10.64;pa030​;20250612_123326;1;TUG1;-0,0423;1,3597;0,1699;0,0514;0,0502;0,0076;0,9974;;False
1033,21;10.65;pa030​;20250612_123326;1;TUG1;-0,0423;1,3594;0,1699;0,0521;0,0481;0,0069;0,9975;;False
1033,23;10.67;pa030​;20250612_123326;1;TUG1;-0,0424;1,3591;0,1699;0,0532;0,0468;0,0059;0,9975;;False
1033,24;10.68;pa030​;20250612_123326;1;TUG1;-0,0423;1,3587;0,1699;0,0547;0,0456;0,0048;0,9974;;False
1033,25;10.69;pa030​;20250612_123326;1;TUG1;-0,0424;1,3583;0,1698;0,0568;0,0444;0,0044;0,9974;;False
1033,27;10.71;pa030​;20250612_123326;1;TUG1;-0,0423;1,3579;0,1698;0,0591;0,0431;0,0037;0,9973;;False
1033,28;10.72;pa030​;20250612_123326;1;TUG1;-0,0424;1,3574;0,1697;0,0597;0,0423;0,0030;0,9973;;False
1033,30;10.74;pa030​;20250612_123326;1;TUG1;-0,0424;1,3568;0,1694;0,0625;0,0413;0,0026;0,9972;;False
1033,31;10.75;pa030​;20250612_123326;1;TUG1;-0,0425;1,3563;0,1690;0,0661;0,0408;0,0022;0,9970;;False
1033,32;10.76;pa030​;20250612_123326;1;TUG1;-0,0426;1,3558;0,1686;0,0688;0,0402;0,0017;0,9968;;False
1033,34;10.78;pa030​;20250612_123326;1;TUG1;-0,0426;1,3552;0,1683;0,0712;0,0399;0,0008;0,9967;;False
1033,35;10.79;pa030​;20250612_123326;1;TUG1;-0,0426;1,3547;0,1680;0,0739;0,0398;0,0004;0,9965;;False
1033,37;10.81;pa030​;20250612_123326;1;TUG1;-0,0426;1,3542;0,1677;0,0760;0,0395;-0,0004;0,9963;;False
1033,38;10.82;pa030​;20250612_123326;1;TUG1;-0,0426;1,3538;0,1673;0,0778;0,0391;-0,0010;0,9962;;False
1033,39;10.83;pa030​;20250612_123326;1;TUG1;-0,0426;1,3535;0,1670;0,0794;0,0387;-0,0010;0,9961;;False
1033,41;10.85;pa030​;20250612_123326;1;TUG1;-0,0426;1,3532;0,1666;0,0807;0,0387;-0,0011;0,9960;;False
1033,42;10.86;pa030​;20250612_123326;1;TUG1;-0,0426;1,3530;0,1663;0,0815;0,0388;-0,0010;0,9959;;False
1033,44;10.88;pa030​;20250612_123326;1;TUG1;-0,0425;1,3529;0,1660;0,0818;0,0392;-0,0005;0,9959;;False
1033,45;10.89;pa030​;20250612_123326;1;TUG1;-0,0424;1,3529;0,1657;0,0818;0,0403;0,0001;0,9958;;False
1033,46;10.9;pa030​;20250612_123326;1;TUG1;-0,0422;1,3530;0,1652;0,0813;0,0420;0,0011;0,9958;;False
1033,48;10.92;pa030​;20250612_123326;1;TUG1;-0,0418;1,3533;0,1647;0,0798;0,0450;0,0027;0,9958;;False
1033,49;10.93;pa030​;20250612_123326;1;TUG1;-0,0413;1,3536;0,1642;0,0783;0,0485;0,0045;0,9957;;False
1033,50;10.94;pa030​;20250612_123326;1;TUG1;-0,0406;1,3540;0,1635;0,0765;0,0536;0,0075;0,9956;;False
1033,52;10.96;pa030​;20250612_123326;1;TUG1;-0,0397;1,3543;0,1629;0,0749;0,0595;0,0102;0,9954;;False
1033,53;10.97;pa030​;20250612_123326;1;TUG1;-0,0387;1,3547;0,1622;0,0740;0,0663;0,0132;0,9950;;False
1033,55;10.99;pa030​;20250612_123326;1;TUG1;-0,0377;1,3552;0,1613;0,0722;0,0733;0,0162;0,9946;;False
1033,56;11.0;pa030​;20250612_123326;1;TUG1;-0,0367;1,3556;0,1605;0,0705;0,0798;0,0184;0,9941;;False
1033,57;11.01;pa030​;20250612_123326;1;TUG1;-0,0360;1,3560;0,1599;0,0687;0,0856;0,0202;0,9938;;False
1033,59;11.03;pa030​;20250612_123326;1;TUG1;-0,0354;1,3564;0,1593;0,0672;0,0900;0,0208;0,9935;;False
1033,60;11.04;pa030​;20250612_123326;1;TUG1;-0,0350;1,3567;0,1588;0,0652;0,0920;0,0206;0,9934;;False
1033,62;11.05;pa030​;20250612_123326;1;TUG1;-0,0348;1,3569;0,1583;0,0637;0,0934;0,0202;0,9934;;False
1033,63;11.07;pa030​;20250612_123326;1;TUG1;-0,0346;1,3572;0,1580;0,0622;0,0941;0,0192;0,9934;;False
1033,64;11.08;pa030​;20250612_123326;1;TUG1;-0,0344;1,3574;0,1578;0,0602;0,0935;0,0184;0,9936;;False
1033,66;11.1;pa030​;20250612_123326;1;TUG1;-0,0343;1,3577;0,1576;0,0585;0,0931;0,0175;0,9938;;False
1033,67;11.11;pa030​;20250612_123326;1;TUG1;-0,0342;1,3579;0,1573;0,0576;0,0924;0,0162;0,9939;;False
1033,68;11.12;pa030​;20250612_123326;1;TUG1;-0,0341;1,3580;0,1569;0,0576;0,0918;0,0141;0,9940;;False
1033,70;11.14;pa030​;20250612_123326;1;TUG1;-0,0340;1,3582;0,1566;0,0578;0,0911;0,0123;0,9941;;False
1033,71;11.15;pa030​;20250612_123326;1;TUG1;-0,0339;1,3584;0,1562;0,0573;0,0904;0,0108;0,9942;;False
1033,73;11.17;pa030​;20250612_123326;1;TUG1;-0,0338;1,3586;0,1558;0,0566;0,0898;0,0096;0,9943;;False
1033,74;11.18;pa030​;20250612_123326;1;TUG1;-0,0336;1,3588;0,1552;0,0560;0,0899;0,0082;0,9943;;False
1033,75;11.19;pa030​;20250612_123326;1;TUG1;-0,0333;1,3590;0,1545;0,0561;0,0908;0,0068;0,9943;;False
1033,77;11.21;pa030​;20250612_123326;1;TUG1;-0,0331;1,3591;0,1536;0,0563;0,0919;0,0058;0,9942;;False
1033,78;11.22;pa030​;20250612_123326;1;TUG1;-0,0326;1,3594;0,1526;0,0557;0,0934;0,0049;0,9941;;False
1033,80;11.24;pa030​;20250612_123326;1;TUG1;-0,0320;1,3598;0,1514;0,0545;0,0958;0,0040;0,9939;;False
1033,81;11.25;pa030​;20250612_123326;1;TUG1;-0,0313;1,3603;0,1500;0,0529;0,0989;0,0031;0,9937;;False
1033,82;11.26;pa030​;20250612_123326;1;TUG1;-0,0305;1,3610;0,1487;0,0506;0,1036;0,0017;0,9933;;False
1033,84;11.28;pa030​;20250612_123326;1;TUG1;-0,0295;1,3617;0,1471;0,0477;0,1081;0,0004;0,9930;;False
1033,85;11.29;pa030​;20250612_123326;1;TUG1;-0,0286;1,3623;0,1454;0,0450;0,1134;-0,0009;0,9925;;False
1033,87;11.31;pa030​;20250612_123326;1;TUG1;-0,0276;1,3627;0,1435;0,0431;0,1189;-0,0020;0,9920;;False
1033,88;11.32;pa030​;20250612_123326;1;TUG1;-0,0267;1,3632;0,1417;0,0413;0,1242;-0,0031;0,9914;;False
1033,89;11.33;pa030​;20250612_123326;1;TUG1;-0,0258;1,3638;0,1400;0,0391;0,1295;-0,0041;0,9908;;False
1033,91;11.35;pa030​;20250612_123326;1;TUG1;-0,0250;1,3643;0,1385;0,0365;0,1347;-0,0050;0,9902;;False
1033,92;11.36;pa030​;20250612_123326;1;TUG1;-0,0242;1,3649;0,1371;0,0340;0,1390;-0,0050;0,9897;;False
1033,93;11.37;pa030​;20250612_123326;1;TUG1;-0,0236;1,3655;0,1357;0,0308;0,1426;-0,0050;0,9893;;False
1033,95;11.39;pa030​;20250612_123326;1;TUG1;-0,0233;1,3662;0,1344;0,0283;0,1462;-0,0050;0,9888;;False
1033,96;11.4;pa030​;20250612_123326;1;TUG1;-0,0228;1,3667;0,1333;0,0254;0,1480;-0,0049;0,9886;;False
1033,98;11.42;pa030​;20250612_123326;1;TUG1;-0,0226;1,3673;0,1322;0,0230;0,1498;-0,0045;0,9884;;False
1033,99;11.43;pa030​;20250612_123326;1;TUG1;-0,0224;1,3677;0,1313;0,0209;0,1510;-0,0043;0,9883;;False
1034,00;11.44;pa030​;20250612_123326;1;TUG1;-0,0222;1,3683;0,1308;0,0186;0,1512;-0,0036;0,9883;;False
1034,02;11.46;pa030​;20250612_123326;1;TUG1;-0,0222;1,3689;0,1304;0,0155;0,1515;-0,0043;0,9883;;False
1034,03;11.47;pa030​;20250612_123326;1;TUG1;-0,0222;1,3694;0,1300;0,0124;0,1512;-0,0039;0,9884;;False
1034,04;11.48;pa030​;20250612_123326;1;TUG1;-0,0223;1,3698;0,1297;0,0105;0,1510;-0,0038;0,9885;;False
1034,06;11.5;pa030​;20250612_123326;1;TUG1;-0,0226;1,3703;0,1295;0,0090;0,1508;-0,0036;0,9885;;False
1034,07;11.51;pa030​;20250612_123326;1;TUG1;-0,0230;1,3709;0,1295;0,0074;0,1502;-0,0027;0,9886;;False
1034,09;11.53;pa030​;20250612_123326;1;TUG1;-0,0234;1,3717;0,1295;0,0047;0,1487;-0,0012;0,9889;;False
1034,10;11.54;pa030​;20250612_123326;1;TUG1;-0,0240;1,3724;0,1294;0,0021;0,1472;0,0006;0,9891;;False
1034,12;11.56;pa030​;20250612_123326;1;TUG1;-0,0246;1,3726;0,1291;0,0007;0,1458;0,0010;0,9893;;False
1034,14;11.58;pa030​;20250612_123326;1;TUG1;-0,0257;1,3737;0,1288;-0,0008;0,1438;0,0021;0,9896;;False
1034,16;11.6;pa030​;20250612_123326;1;TUG1;-0,0262;1,3743;0,1288;-0,0045;0,1427;0,0021;0,9897;;False
1034,17;11.61;pa030​;20250612_123326;1;TUG1;-0,0269;1,3749;0,1289;-0,0076;0,1419;0,0020;0,9898;;False
1034,18;11.62;pa030​;20250612_123326;1;TUG1;-0,0278;1,3753;0,1287;-0,0104;0,1414;0,0024;0,9899;;False
1034,20;11.64;pa030​;20250612_123326;1;TUG1;-0,0288;1,3758;0,1286;-0,0117;0,1404;0,0027;0,9900;;False
1034,21;11.65;pa030​;20250612_123326;1;TUG1;-0,0298;1,3762;0,1286;-0,0134;0,1391;0,0034;0,9902;;False
1034,22;11.66;pa030​;20250612_123326;1;TUG1;-0,0308;1,3766;0,1286;-0,0150;0,1373;0,0047;0,9904;;False
1034,24;11.68;pa030​;20250612_123326;1;TUG1;-0,0317;1,3769;0,1287;-0,0165;0,1352;0,0066;0,9907;;False
1034,25;11.69;pa030​;20250612_123326;1;TUG1;-0,0326;1,3771;0,1288;-0,0179;0,1334;0,0075;0,9909;;False
1034,27;11.71;pa030​;20250612_123326;1;TUG1;-0,0334;1,3773;0,1289;-0,0194;0,1318;0,0087;0,9910;;False
1034,28;11.72;pa030​;20250612_123326;1;TUG1;-0,0339;1,3772;0,1291;-0,0206;0,1308;0,0102;0,9911;;False
1034,29;11.73;pa030​;20250612_123326;1;TUG1;-0,0344;1,3774;0,1292;-0,0216;0,1297;0,0116;0,9912;;False
1034,31;11.75;pa030​;20250612_123326;1;TUG1;-0,0350;1,3774;0,1293;-0,0233;0,1293;0,0120;0,9913;;False
1034,32;11.76;pa030​;20250612_123326;1;TUG1;-0,0353;1,3774;0,1292;-0,0236;0,1287;0,0125;0,9913;;False
1034,34;11.78;pa030​;20250612_123326;1;TUG1;-0,0357;1,3778;0,1294;-0,0243;0,1285;0,0131;0,9913;;False
1034,35;11.79;pa030​;20250612_123326;1;TUG1;-0,0362;1,3782;0,1296;-0,0273;0,1276;0,0130;0,9914;;False
1034,36;11.8;pa030​;20250612_123326;1;TUG1;-0,0365;1,3786;0,1296;-0,0300;0,1263;0,0136;0,9914;;False
1034,38;11.82;pa030​;20250612_123326;1;TUG1;-0,0369;1,3789;0,1297;-0,0316;0,1259;0,0138;0,9914;;False
1034,39;11.83;pa030​;20250612_123326;1;TUG1;-0,0373;1,3792;0,1297;-0,0330;0,1261;0,0134;0,9914;;False
1034,41;11.85;pa030​;20250612_123326;1;TUG1;-0,0376;1,3797;0,1299;-0,0345;0,1262;0,0136;0,9913;;False
1034,42;11.86;pa030​;20250612_123326;1;TUG1;-0,0378;1,3800;0,1299;-0,0369;0,1263;0,0138;0,9912;;False
1034,43;11.87;pa030​;20250612_123326;1;TUG1;-0,0381;1,3804;0,1300;-0,0393;0,1264;0,0139;0,9911;;False
1034,45;11.89;pa030​;20250612_123326;1;TUG1;-0,0383;1,3806;0,1302;-0,0411;0,1266;0,0138;0,9910;;False
1034,46;11.9;pa030​;20250612_123326;1;TUG1;-0,0386;1,3807;0,1304;-0,0423;0,1268;0,0140;0,9909;;False
1034,48;11.92;pa030​;20250612_123326;1;TUG1;-0,0390;1,3808;0,1306;-0,0431;0,1265;0,0144;0,9909;;False
1034,49;11.93;pa030​;20250612_123326;1;TUG1;-0,0393;1,3808;0,1309;-0,0431;0,1260;0,0149;0,9910;;False
1034,50;11.94;pa030​;20250612_123326;1;TUG1;-0,0397;1,3808;0,1311;-0,0433;0,1248;0,0158;0,9911;;False
1034,52;11.96;pa030​;20250612_123326;1;TUG1;-0,0401;1,3808;0,1314;-0,0436;0,1233;0,0167;0,9913;;False
1034,53;11.97;pa030​;20250612_123326;1;TUG1;-0,0405;1,3807;0,1317;-0,0440;0,1213;0,0174;0,9915;;False
1034,55;11.99;pa030​;20250612_123326;1;TUG1;-0,0410;1,3807;0,1320;-0,0437;0,1186;0,0180;0,9918;;False
1034,56;12.0;pa030​;20250612_123326;1;TUG1;-0,0415;1,3807;0,1323;-0,0443;0,1159;0,0182;0,9921;;False
1034,57;12.01;pa030​;20250612_123326;1;TUG1;-0,0418;1,3808;0,1326;-0,0455;0,1134;0,0186;0,9923;;False
1034,59;12.03;pa030​;20250612_123326;1;TUG1;-0,0420;1,3810;0,1329;-0,0472;0,1127;0,0188;0,9923;;False
1034,60;12.04;pa030​;20250612_123326;1;TUG1;-0,0421;1,3810;0,1332;-0,0485;0,1135;0,0187;0,9922;;False
1034,61;12.05;pa030​;20250612_123326;1;TUG1;-0,0421;1,3809;0,1335;-0,0490;0,1142;0,0189;0,9921;;False
1034,63;12.07;pa030​;20250612_123326;1;TUG1;-0,0423;1,3810;0,1339;-0,0497;0,1143;0,0201;0,9920;;False
1034,64;12.08;pa030​;20250612_123326;1;TUG1;-0,0424;1,3812;0,1344;-0,0511;0,1139;0,0208;0,9920;;False
1034,66;12.1;pa030​;20250612_123326;1;TUG1;-0,0424;1,3814;0,1349;-0,0528;0,1135;0,0206;0,9919;;False
1034,67;12.11;pa030​;20250612_123326;1;TUG1;-0,0424;1,3815;0,1353;-0,0536;0,1137;0,0202;0,9919;;False
1034,68;12.12;pa030​;20250612_123326;1;TUG1;-0,0424;1,3815;0,1357;-0,0533;0,1140;0,0194;0,9919;;False
1034,70;12.14;pa030​;20250612_123326;1;TUG1;-0,0425;1,3817;0,1362;-0,0534;0,1137;0,0189;0,9919;;False
1034,71;12.15;pa030​;20250612_123326;1;TUG1;-0,0427;1,3819;0,1367;-0,0535;0,1129;0,0189;0,9920;;False
1034,73;12.17;pa030​;20250612_123326;1;TUG1;-0,0427;1,3822;0,1372;-0,0540;0,1121;0,0193;0,9920;;False
1034,74;12.18;pa030​;20250612_123326;1;TUG1;-0,0426;1,3825;0,1376;-0,0550;0,1117;0,0201;0,9920;;False
1034,75;12.19;pa030​;20250612_123326;1;TUG1;-0,0426;1,3827;0,1379;-0,0561;0,1115;0,0214;0,9919;;False
1034,77;12.21;pa030​;20250612_123326;1;TUG1;-0,0429;1,3831;0,1382;-0,0567;0,1105;0,0231;0,9920;;False
1034,78;12.22;pa030​;20250612_123326;1;TUG1;-0,0433;1,3834;0,1384;-0,0575;0,1087;0,0248;0,9921;;False
1034,80;12.24;pa030​;20250612_123326;1;TUG1;-0,0438;1,3837;0,1386;-0,0587;0,1072;0,0253;0,9922;;False
1034,81;12.25;pa030​;20250612_123326;1;TUG1;-0,0442;1,3840;0,1387;-0,0597;0,1060;0,0256;0,9922;;False
1034,82;12.26;pa030​;20250612_123326;1;TUG1;-0,0446;1,3842;0,1386;-0,0600;0,1048;0,0262;0,9923;;False
1034,84;12.28;pa030​;20250612_123326;1;TUG1;-0,0452;1,3844;0,1385;-0,0600;0,1033;0,0272;0,9925;;False
1034,85;12.29;pa030​;20250612_123326;1;TUG1;-0,0458;1,3847;0,1384;-0,0605;0,1013;0,0289;0,9926;;False
1034,87;12.31;pa030​;20250612_123326;1;TUG1;-0,0464;1,3850;0,1381;-0,0617;0,0996;0,0302;0,9927;;False
1034,88;12.32;pa030​;20250612_123326;1;TUG1;-0,0467;1,3853;0,1377;-0,0630;0,0997;0,0306;0,9926;;False
1034,89;12.33;pa030​;20250612_123326;1;TUG1;-0,0469;1,3858;0,1371;-0,0647;0,1009;0,0321;0,9923;;False
1034,91;12.35;pa030​;20250612_123326;1;TUG1;-0,0474;1,3864;0,1365;-0,0670;0,1017;0,0354;0,9919;;False
1034,92;12.36;pa030​;20250612_123326;1;TUG1;-0,0479;1,3869;0,1359;-0,0688;0,1011;0,0384;0,9918;;False
1034,93;12.37;pa030​;20250612_123326;1;TUG1;-0,0484;1,3873;0,1354;-0,0708;0,1001;0,0408;0,9916;;False
1034,95;12.39;pa030​;20250612_123326;1;TUG1;-0,0487;1,3878;0,1349;-0,0732;0,0990;0,0426;0,9915;;False
1034,96;12.4;pa030​;20250612_123326;1;TUG1;-0,0489;1,3881;0,1343;-0,0757;0,0977;0,0439;0,9914;;False
1034,98;12.42;pa030​;20250612_123326;1;TUG1;-0,0491;1,3887;0,1339;-0,0775;0,0968;0,0440;0,9913;;False
1034,99;12.43;pa030​;20250612_123326;1;TUG1;-0,0491;1,3891;0,1336;-0,0800;0,0958;0,0436;0,9912;;False
1035,00;12.44;pa030​;20250612_123326;1;TUG1;-0,0490;1,3895;0,1333;-0,0822;0,0954;0,0422;0,9911;;False
1035,02;12.46;pa030​;20250612_123326;1;TUG1;-0,0488;1,3899;0,1330;-0,0843;0,0954;0,0410;0,9910;;False
1035,03;12.47;pa030​;20250612_123326;1;TUG1;-0,0485;1,3904;0,1328;-0,0868;0,0964;0,0401;0,9907;;False
1035,05;12.49;pa030​;20250612_123326;1;TUG1;-0,0481;1,3909;0,1325;-0,0894;0,0985;0,0395;0,9903;;False
1035,06;12.5;pa030​;20250612_123326;1;TUG1;-0,0477;1,3912;0,1321;-0,0918;0,1013;0,0393;0,9898;;False
1035,07;12.51;pa030​;20250612_123326;1;TUG1;-0,0473;1,3916;0,1318;-0,0937;0,1046;0,0402;0,9893;;False
1035,09;12.53;pa030​;20250612_123326;1;TUG1;-0,0467;1,3919;0,1314;-0,0956;0,1080;0,0409;0,9887;;False
1035,10;12.54;pa030​;20250612_123326;1;TUG1;-0,0460;1,3923;0,1310;-0,0978;0,1119;0,0410;0,9880;;False
1035,12;12.56;pa030​;20250612_123326;1;TUG1;-0,0454;1,3927;0,1306;-0,1005;0,1160;0,0414;0,9873;;False
1035,13;12.57;pa030​;20250612_123326;1;TUG1;-0,0448;1,3933;0,1302;-0,1026;0,1201;0,0414;0,9866;;False
1035,14;12.58;pa030​;20250612_123326;1;TUG1;-0,0443;1,3936;0,1297;-0,1057;0,1240;0,0412;0,9858;;False
1035,16;12.6;pa030​;20250612_123326;1;TUG1;-0,0438;1,3942;0,1292;-0,1083;0,1274;0,0413;0,9851;;False
1035,17;12.61;pa030​;20250612_123326;1;TUG1;-0,0435;1,3947;0,1288;-0,1113;0,1305;0,0411;0,9843;;False
1035,19;12.63;pa030​;20250612_123326;1;TUG1;-0,0431;1,3952;0,1284;-0,1145;0,1328;0,0410;0,9837;;False
1035,20;12.64;pa030​;20250612_123326;1;TUG1;-0,0429;1,3958;0,1280;-0,1180;0,1345;0,0413;0,9830;;False
1035,21;12.65;pa030​;20250612_123326;1;TUG1;-0,0427;1,3962;0,1276;-0,1208;0,1356;0,0413;0,9825;;False
1035,23;12.67;pa030​;20250612_123326;1;TUG1;-0,0426;1,3963;0,1272;-0,1233;0,1358;0,0417;0,9821;;False
1035,24;12.68;pa030​;20250612_123326;1;TUG1;-0,0426;1,3968;0,1271;-0,1263;0,1356;0,0417;0,9818;;False
1035,25;12.69;pa030​;20250612_123326;1;TUG1;-0,0425;1,3975;0,1270;-0,1301;0,1355;0,0419;0,9813;;False
1035,27;12.71;pa030​;20250612_123326;1;TUG1;-0,0424;1,3979;0,1269;-0,1338;0,1353;0,0425;0,9808;;False
1035,28;12.72;pa030​;20250612_123326;1;TUG1;-0,0425;1,3981;0,1267;-0,1362;0,1352;0,0430;0,9805;;False
1035,29;12.73;pa030​;20250612_123326;1;TUG1;-0,0427;1,3983;0,1266;-0,1383;0,1349;0,0432;0,9802;;False
1035,31;12.75;pa030​;20250612_123326;1;TUG1;-0,0429;1,3985;0,1266;-0,1403;0,1337;0,0433;0,9801;;False
1035,32;12.76;pa030​;20250612_123326;1;TUG1;-0,0431;1,3986;0,1267;-0,1418;0,1322;0,0433;0,9801;;False
1035,34;12.78;pa030​;20250612_123326;1;TUG1;-0,0431;1,3988;0,1266;-0,1437;0,1308;0,0435;0,9800;;False
1035,35;12.79;pa030​;20250612_123326;1;TUG1;-0,0436;1,3988;0,1269;-0,1459;0,1292;0,0437;0,9799;;False
1035,37;12.8;pa030​;20250612_123326;1;TUG1;-0,0439;1,3989;0,1271;-0,1475;0,1275;0,0434;0,9798;;False
1035,38;12.82;pa030​;20250612_123326;1;TUG1;-0,0442;1,3987;0,1273;-0,1478;0,1260;0,0433;0,9800;;False
1035,39;12.83;pa030​;20250612_123326;1;TUG1;-0,0444;1,3984;0,1277;-0,1467;0,1246;0,0432;0,9804;;False
1035,41;12.85;pa030​;20250612_123326;1;TUG1;-0,0447;1,3980;0,1281;-0,1450;0,1235;0,0432;0,9808;;False
1035,42;12.86;pa030​;20250612_123326;1;TUG1;-0,0449;1,3973;0,1286;-0,1418;0,1226;0,0431;0,9813;;False
1035,43;12.87;pa030​;20250612_123326;1;TUG1;-0,0451;1,3964;0,1292;-0,1378;0,1218;0,0426;0,9820;;False
1035,45;12.89;pa030​;20250612_123326;1;TUG1;-0,0452;1,3953;0,1298;-0,1316;0,1214;0,0420;0,9830;;False
1035,46;12.9;pa030​;20250612_123326;1;TUG1;-0,0453;1,3940;0,1305;-0,1241;0,1211;0,0413;0,9840;;False
1035,48;12.92;pa030​;20250612_123326;1;TUG1;-0,0453;1,3924;0,1312;-0,1157;0,1209;0,0407;0,9851;;False
1035,49;12.93;pa030​;20250612_123326;1;TUG1;-0,0452;1,3906;0,1321;-0,1065;0,1207;0,0404;0,9861;;False
1035,50;12.94;pa030​;20250612_123326;1;TUG1;-0,0452;1,3894;0,1331;-0,0983;0,1203;0,0406;0,9870;;False
1035,52;12.96;pa030​;20250612_123326;1;TUG1;-0,0453;1,3883;0,1340;-0,0923;0,1201;0,0402;0,9876;;False
1035,53;12.97;pa030​;20250612_123326;1;TUG1;-0,0454;1,3873;0,1349;-0,0870;0,1195;0,0401;0,9882;;False
1035,55;12.99;pa030​;20250612_123326;1;TUG1;-0,0454;1,3861;0,1357;-0,0818;0,1182;0,0399;0,9888;;False
1035,56;13.0;pa030​;20250612_123326;1;TUG1;-0,0454;1,3851;0,1365;-0,0768;0,1169;0,0393;0,9894;;False
1035,57;13.01;pa030​;20250612_123326;1;TUG1;-0,0457;1,3843;0,1373;-0,0740;0,1156;0,0389;0,9898;;False
1035,59;13.03;pa030​;20250612_123326;1;TUG1;-0,0459;1,3839;0,1380;-0,0725;0,1148;0,0384;0,9900;;False
1035,60;13.04;pa030​;20250612_123326;1;TUG1;-0,0458;1,3837;0,1386;-0,0731;0,1134;0,0388;0,9901;;False
1035,61;13.05;pa030​;20250612_123326;1;TUG1;-0,0459;1,3837;0,1392;-0,0737;0,1130;0,0388;0,9901;;False
1035,63;13.07;pa030​;20250612_123326;1;TUG1;-0,0458;1,3834;0,1396;-0,0735;0,1125;0,0387;0,9902;;False
1035,64;13.08;pa030​;20250612_123326;1;TUG1;-0,0458;1,3832;0,1400;-0,0726;0,1122;0,0388;0,9903;;False
1035,66;13.1;pa030​;20250612_123326;1;TUG1;-0,0457;1,3830;0,1404;-0,0712;0,1120;0,0387;0,9904;;False
1035,67;13.11;pa030​;20250612_123326;1;TUG1;-0,0456;1,3829;0,1408;-0,0704;0,1119;0,0388;0,9905;;False
1035,68;13.12;pa030​;20250612_123326;1;TUG1;-0,0456;1,3829;0,1411;-0,0703;0,1122;0,0385;0,9904;;False
1035,70;13.14;pa030​;20250612_123326;1;TUG1;-0,0455;1,3831;0,1414;-0,0706;0,1125;0,0385;0,9904;;False
1035,71;13.15;pa030​;20250612_123326;1;TUG1;-0,0454;1,3831;0,1416;-0,0704;0,1129;0,0382;0,9904;;False
1035,73;13.17;pa030​;20250612_123326;1;TUG1;-0,0452;1,3830;0,1419;-0,0702;0,1135;0,0380;0,9903;;False
1035,74;13.18;pa030​;20250612_123326;1;TUG1;-0,0450;1,3828;0,1422;-0,0698;0,1141;0,0377;0,9903;;False
1035,75;13.19;pa030​;20250612_123326;1;TUG1;-0,0448;1,3827;0,1425;-0,0697;0,1150;0,0379;0,9902;;False
1035,77;13.21;pa030​;20250612_123326;1;TUG1;-0,0446;1,3826;0,1428;-0,0696;0,1160;0,0381;0,9901;;False
1035,78;13.22;pa030​;20250612_123326;1;TUG1;-0,0445;1,3824;0,1431;-0,0694;0,1168;0,0383;0,9900;;False
1035,80;13.24;pa030​;20250612_123326;1;TUG1;-0,0443;1,3821;0,1434;-0,0685;0,1174;0,0383;0,9900;;False
1035,81;13.25;pa030​;20250612_123326;1;TUG1;-0,0444;1,3819;0,1437;-0,0679;0,1177;0,0385;0,9900;;False
1035,82;13.26;pa030​;20250612_123326;1;TUG1;-0,0445;1,3819;0,1440;-0,0674;0,1180;0,0386;0,9900;;False
1035,84;13.28;pa030​;20250612_123326;1;TUG1;-0,0445;1,3817;0,1442;-0,0671;0,1182;0,0387;0,9900;;False
1035,85;13.29;pa030​;20250612_123326;1;TUG1;-0,0444;1,3815;0,1445;-0,0668;0,1182;0,0389;0,9900;;False
1035,87;13.31;pa030​;20250612_123326;1;TUG1;-0,0444;1,3814;0,1447;-0,0664;0,1183;0,0392;0,9900;;False
1035,88;13.32;pa030​;20250612_123326;1;TUG1;-0,0443;1,3813;0,1449;-0,0661;0,1183;0,0392;0,9900;;False
1035,89;13.33;pa030​;20250612_123326;1;TUG1;-0,0442;1,3812;0,1451;-0,0656;0,1183;0,0390;0,9900;;False
1035,91;13.35;pa030​;20250612_123326;1;TUG1;-0,0441;1,3811;0,1452;-0,0652;0,1183;0,0389;0,9901;;False
1035,92;13.36;pa030​;20250612_123326;1;TUG1;-0,0440;1,3811;0,1452;-0,0649;0,1182;0,0388;0,9901;;False
1035,93;13.37;pa030​;20250612_123326;1;TUG1;-0,0440;1,3812;0,1452;-0,0646;0,1182;0,0387;0,9901;;False
1035,95;13.39;pa030​;20250612_123326;1;TUG1;-0,0440;1,3812;0,1452;-0,0647;0,1182;0,0383;0,9901;;False
1035,96;13.4;pa030​;20250612_123326;1;TUG1;-0,0439;1,3813;0,1452;-0,0644;0,1183;0,0379;0,9902;;False
1035,98;13.42;pa030​;20250612_123326;1;TUG1;-0,0439;1,3813;0,1452;-0,0640;0,1180;0,0377;0,9902;;False
1035,99;13.43;pa030​;20250612_123326;1;TUG1;-0,0438;1,3812;0,1453;-0,0637;0,1178;0,0376;0,9903;;False
1036,00;13.44;pa030​;20250612_123326;1;TUG1;-0,0438;1,3812;0,1453;-0,0631;0,1175;0,0375;0,9904;;False
1036,02;13.46;pa030​;20250612_123326;1;TUG1;-0,0438;1,3810;0,1453;-0,0621;0,1171;0,0374;0,9905;;False
1036,03;13.47;pa030​;20250612_123326;1;TUG1;-0,0438;1,3809;0,1454;-0,0611;0,1166;0,0376;0,9906;;False
1036,05;13.49;pa030​;20250612_123326;1;TUG1;-0,0439;1,3807;0,1455;-0,0603;0,1162;0,0378;0,9907;;False
1036,06;13.5;pa030​;20250612_123326;1;TUG1;-0,0441;1,3805;0,1456;-0,0592;0,1157;0,0377;0,9908;;False
1036,07;13.51;pa030​;20250612_123326;1;TUG1;-0,0442;1,3803;0,1457;-0,0580;0,1153;0,0378;0,9909;;False
1036,09;13.53;pa030​;20250612_123326;1;TUG1;-0,0442;1,3800;0,1457;-0,0564;0,1148;0,0378;0,9911;;False
1036,10;13.54;pa030​;20250612_123326;1;TUG1;-0,0442;1,3797;0,1458;-0,0548;0,1140;0,0378;0,9912;;False
1036,12;13.56;pa030​;20250612_123326;1;TUG1;-0,0443;1,3792;0,1460;-0,0532;0,1135;0,0376;0,9914;;False
1036,13;13.57;pa030​;20250612_123326;1;TUG1;-0,0442;1,3790;0,1462;-0,0523;0,1129;0,0373;0,9915;;False
1036,14;13.58;pa030​;20250612_123326;1;TUG1;-0,0442;1,3789;0,1464;-0,0519;0,1125;0,0373;0,9916;;False
1036,16;13.6;pa030​;20250612_123326;1;TUG1;-0,0442;1,3787;0,1465;-0,0518;0,1123;0,0372;0,9916;;False
1036,17;13.61;pa030​;20250612_123326;1;TUG1;-0,0442;1,3787;0,1466;-0,0516;0,1120;0,0371;0,9917;;False
1036,19;13.63;pa030​;20250612_123326;1;TUG1;-0,0442;1,3787;0,1467;-0,0511;0,1117;0,0370;0,9917;;False
1036,20;13.64;pa030​;20250612_123326;1;TUG1;-0,0441;1,3787;0,1468;-0,0509;0,1115;0,0371;0,9918;;False
1036,21;13.65;pa030​;20250612_123326;1;TUG1;-0,0441;1,3787;0,1470;-0,0509;0,1113;0,0370;0,9918;;False
1036,23;13.67;pa030​;20250612_123326;1;TUG1;-0,0440;1,3787;0,1471;-0,0511;0,1111;0,0372;0,9918;;False
1036,24;13.68;pa030​;20250612_123326;1;TUG1;-0,0439;1,3787;0,1472;-0,0514;0,1113;0,0371;0,9918;;False
1036,25;13.69;pa030​;20250612_123326;1;TUG1;-0,0438;1,3788;0,1473;-0,0516;0,1113;0,0371;0,9918;;False
1036,27;13.71;pa030​;20250612_123326;1;TUG1;-0,0436;1,3788;0,1474;-0,0518;0,1117;0,0371;0,9917;;False
1036,28;13.72;pa030​;20250612_123326;1;TUG1;-0,0435;1,3789;0,1475;-0,0519;0,1119;0,0370;0,9917;;False
1036,30;13.74;pa030​;20250612_123326;1;TUG1;-0,0435;1,3790;0,1476;-0,0521;0,1122;0,0368;0,9916;;False
1036,31;13.75;pa030​;20250612_123326;1;TUG1;-0,0435;1,3791;0,1477;-0,0520;0,1124;0,0367;0,9916;;False
1036,32;13.76;pa030​;20250612_123326;1;TUG1;-0,0433;1,3791;0,1479;-0,0519;0,1125;0,0368;0,9916;;False
1036,34;13.78;pa030​;20250612_123326;1;TUG1;-0,0432;1,3791;0,1480;-0,0519;0,1125;0,0368;0,9916;;False
1036,35;13.79;pa030​;20250612_123326;1;TUG1;-0,0431;1,3791;0,1482;-0,0518;0,1123;0,0368;0,9916;;False
1036,37;13.81;pa030​;20250612_123326;1;TUG1;-0,0430;1,3791;0,1483;-0,0517;0,1121;0,0367;0,9917;;False
1036,38;13.82;pa030​;20250612_123326;1;TUG1;-0,0430;1,3791;0,1485;-0,0516;0,1120;0,0367;0,9917;;False
1036,39;13.83;pa030​;20250612_123326;1;TUG1;-0,0429;1,3790;0,1487;-0,0513;0,1117;0,0366;0,9917;;False
1036,41;13.85;pa030​;20250612_123326;1;TUG1;-0,0429;1,3790;0,1488;-0,0511;0,1114;0,0366;0,9918;;False
1036,42;13.86;pa030​;20250612_123326;1;TUG1;-0,0429;1,3791;0,1489;-0,0506;0,1113;0,0367;0,9918;;False
1036,44;13.88;pa030​;20250612_123326;1;TUG1;-0,0429;1,3791;0,1489;-0,0500;0,1110;0,0365;0,9919;;False
1036,45;13.89;pa030​;20250612_123326;1;TUG1;-0,0429;1,3789;0,1491;-0,0498;0,1108;0,0366;0,9919;;False
1036,46;13.9;pa030​;20250612_123326;1;TUG1;-0,0429;1,3788;0,1493;-0,0498;0,1106;0,0364;0,9920;;False
1036,48;13.92;pa030​;20250612_123326;1;TUG1;-0,0428;1,3788;0,1494;-0,0498;0,1102;0,0365;0,9920;;False
1036,49;13.93;pa030​;20250612_123326;1;TUG1;-0,0428;1,3787;0,1496;-0,0497;0,1100;0,0364;0,9920;;False
1036,51;13.95;pa030​;20250612_123326;1;TUG1;-0,0428;1,3787;0,1496;-0,0499;0,1098;0,0362;0,9920;;False
1036,52;13.96;pa030​;20250612_123326;1;TUG1;-0,0428;1,3787;0,1497;-0,0498;0,1095;0,0363;0,9921;;False
1036,53;13.97;pa030​;20250612_123326;1;TUG1;-0,0430;1,3787;0,1497;-0,0498;0,1094;0,0361;0,9921;;False
1036,55;13.99;pa030​;20250612_123326;1;TUG1;-0,0432;1,3788;0,1498;-0,0497;0,1092;0,0361;0,9921;;False
1036,56;14.0;pa030​;20250612_123326;1;TUG1;-0,0433;1,3788;0,1498;-0,0495;0,1091;0,0360;0,9921;;False
1036,57;14.01;pa030​;20250612_123326;1;TUG1;-0,0433;1,3788;0,1498;-0,0494;0,1090;0,0360;0,9922;;False
1036,59;14.03;pa030​;20250612_123326;1;TUG1;-0,0433;1,3787;0,1498;-0,0493;0,1088;0,0359;0,9922;;False
1036,60;14.04;pa030​;20250612_123326;1;TUG1;-0,0433;1,3787;0,1498;-0,0492;0,1087;0,0358;0,9922;;False
1036,62;14.06;pa030​;20250612_123326;1;TUG1;-0,0433;1,3787;0,1498;-0,0489;0,1086;0,0356;0,9922;;False
1036,63;14.07;pa030​;20250612_123326;1;TUG1;-0,0433;1,3786;0,1499;-0,0484;0,1085;0,0354;0,9923;;False
1036,64;14.08;pa030​;20250612_123326;1;TUG1;-0,0433;1,3785;0,1499;-0,0479;0,1085;0,0351;0,9923;;False
1036,66;14.1;pa030​;20250612_123326;1;TUG1;-0,0434;1,3784;0,1498;-0,0468;0,1084;0,0350;0,9924;;False
1036,67;14.11;pa030​;20250612_123326;1;TUG1;-0,0434;1,3782;0,1499;-0,0455;0,1083;0,0348;0,9925;;False
1036,69;14.13;pa030​;20250612_123326;1;TUG1;-0,0434;1,3779;0,1501;-0,0436;0,1083;0,0345;0,9926;;False
1036,70;14.14;pa030​;20250612_123326;1;TUG1;-0,0433;1,3771;0,1505;-0,0409;0,1082;0,0341;0,9927;;False
1036,71;14.15;pa030​;20250612_123326;1;TUG1;-0,0433;1,3764;0,1508;-0,0376;0,1081;0,0335;0,9929;;False
1036,73;14.17;pa030​;20250612_123326;1;TUG1;-0,0432;1,3756;0,1512;-0,0341;0,1079;0,0332;0,9930;;False
1036,74;14.18;pa030​;20250612_123326;1;TUG1;-0,0432;1,3749;0,1517;-0,0304;0,1078;0,0327;0,9932;;False
1036,75;14.19;pa030​;20250612_123326;1;TUG1;-0,0431;1,3740;0,1523;-0,0267;0,1074;0,0321;0,9933;;False
1036,77;14.21;pa030​;20250612_123326;1;TUG1;-0,0430;1,3729;0,1528;-0,0225;0,1072;0,0310;0,9935;;False
1036,78;14.22;pa030​;20250612_123326;1;TUG1;-0,0429;1,3718;0,1535;-0,0178;0,1069;0,0297;0,9937;;False
1036,80;14.24;pa030​;20250612_123326;1;TUG1;-0,0428;1,3706;0,1542;-0,0137;0,1066;0,0285;0,9938;;False
1036,81;14.25;pa030​;20250612_123326;1;TUG1;-0,0426;1,3697;0,1550;-0,0095;0,1066;0,0268;0,9939;;False
1036,82;14.26;pa030​;20250612_123326;1;TUG1;-0,0423;1,3687;0,1560;-0,0057;0,1066;0,0249;0,9940;;False
1036,84;14.28;pa030​;20250612_123326;1;TUG1;-0,0419;1,3676;0,1571;-0,0016;0,1067;0,0232;0,9940;;False
1036,85;14.29;pa030​;20250612_123326;1;TUG1;-0,0417;1,3665;0,1584;0,0032;0,1069;0,0217;0,9940;;False
1036,87;14.31;pa030​;20250612_123326;1;TUG1;-0,0415;1,3653;0,1598;0,0088;0,1069;0,0207;0,9940;;False
1036,88;14.32;pa030​;20250612_123326;1;TUG1;-0,0412;1,3640;0,1613;0,0147;0,1062;0,0197;0,9940;;False
1036,89;14.33;pa030​;20250612_123326;1;TUG1;-0,0410;1,3628;0,1628;0,0197;0,1050;0,0192;0,9941;;False
1036,91;14.35;pa030​;20250612_123326;1;TUG1;-0,0409;1,3616;0,1646;0,0235;0,1038;0,0188;0,9941;;False
1036,92;14.36;pa030​;20250612_123326;1;TUG1;-0,0407;1,3605;0,1666;0,0271;0,1017;0,0184;0,9943;;False
1036,93;14.37;pa030​;20250612_123326;1;TUG1;-0,0406;1,3593;0,1688;0,0305;0,1002;0,0172;0,9943;;False
1036,95;14.39;pa030​;20250612_123326;1;TUG1;-0,0404;1,3578;0,1712;0,0333;0,0985;0,0164;0,9944;;False
1036,96;14.4;pa030​;20250612_123326;1;TUG1;-0,0402;1,3563;0,1737;0,0361;0,0969;0,0158;0,9945;;False
1036,98;14.42;pa030​;20250612_123326;1;TUG1;-0,0399;1,3547;0,1765;0,0384;0,0953;0,0157;0,9946;;False
1036,99;14.43;pa030​;20250612_123326;1;TUG1;-0,0396;1,3528;0,1793;0,0403;0,0939;0,0156;0,9946;;False
1037,00;14.44;pa030​;20250612_123326;1;TUG1;-0,0395;1,3508;0,1824;0,0426;0,0930;0,0152;0,9946;;False
1037,02;14.46;pa030​;20250612_123326;1;TUG1;-0,0394;1,3485;0,1857;0,0442;0,0923;0,0149;0,9946;;False
1037,03;14.47;pa030​;20250612_123326;1;TUG1;-0,0393;1,3460;0,1891;0,0458;0,0915;0,0147;0,9946;;False
1037,05;14.49;pa030​;20250612_123326;1;TUG1;-0,0390;1,3432;0,1926;0,0475;0,0906;0,0144;0,9947;;False
1037,06;14.5;pa030​;20250612_123326;1;TUG1;-0,0386;1,3400;0,1962;0,0491;0,0892;0,0147;0,9947;;False
1037,07;14.51;pa030​;20250612_123326;1;TUG1;-0,0382;1,3366;0,1998;0,0508;0,0879;0,0152;0,9947;;False
1037,09;14.53;pa030​;20250612_123326;1;TUG1;-0,0377;1,3329;0,2036;0,0526;0,0863;0,0157;0,9948;;False
1037,10;14.54;pa030​;20250612_123326;1;TUG1;-0,0372;1,3290;0,2076;0,0538;0,0851;0,0160;0,9948;;False
1037,12;14.56;pa030​;20250612_123326;1;TUG1;-0,0365;1,3247;0,2116;0,0552;0,0838;0,0161;0,9948;;False
1037,13;14.57;pa030​;20250612_123326;1;TUG1;-0,0360;1,3199;0,2156;0,0566;0,0825;0,0168;0,9948;;False
1037,14;14.58;pa030​;20250612_123326;1;TUG1;-0,0355;1,3149;0,2197;0,0583;0,0809;0,0172;0,9949;;False
1037,16;14.6;pa030​;20250612_123326;1;TUG1;-0,0349;1,3096;0,2241;0,0601;0,0790;0,0179;0,9949;;False
1037,17;14.61;pa030​;20250612_123326;1;TUG1;-0,0341;1,3038;0,2287;0,0615;0,0767;0,0188;0,9950;;False
1037,19;14.63;pa030​;20250612_123326;1;TUG1;-0,0332;1,2976;0,2333;0,0633;0,0745;0,0196;0,9950;;False
1037,20;14.64;pa030​;20250612_123326;1;TUG1;-0,0322;1,2909;0,2380;0,0654;0,0723;0,0196;0,9950;;False
1037,21;14.65;pa030​;20250612_123326;1;TUG1;-0,0313;1,2837;0,2428;0,0683;0,0705;0,0192;0,9950;;False
1037,23;14.67;pa030​;20250612_123326;1;TUG1;-0,0304;1,2761;0,2475;0,0715;0,0688;0,0189;0,9949;;False
1037,24;14.68;pa030​;20250612_123326;1;TUG1;-0,0295;1,2683;0,2523;0,0747;0,0668;0,0187;0,9948;;False
1037,25;14.69;pa030​;20250612_123326;1;TUG1;-0,0289;1,2603;0,2567;0,0772;0,0648;0,0179;0,9947;;False
1037,27;14.71;pa030​;20250612_123326;1;TUG1;-0,0282;1,2522;0,2611;0,0794;0,0632;0,0172;0,9947;;False
1037,28;14.72;pa030​;20250612_123326;1;TUG1;-0,0273;1,2439;0,2654;0,0821;0,0622;0,0168;0,9945;;False
1037,30;14.74;pa030​;20250612_123326;1;TUG1;-0,0264;1,2352;0,2697;0,0852;0,0618;0,0166;0,9943;;False
1037,31;14.75;pa030​;20250612_123326;1;TUG1;-0,0256;1,2264;0,2738;0,0890;0,0613;0,0164;0,9940;;False
1037,32;14.76;pa030​;20250612_123326;1;TUG1;-0,0251;1,2175;0,2777;0,0929;0,0609;0,0163;0,9937;;False
1037,34;14.78;pa030​;20250612_123326;1;TUG1;-0,0246;1,2084;0,2813;0,0967;0,0595;0,0161;0,9934;;False
1037,35;14.79;pa030​;20250612_123326;1;TUG1;-0,0242;1,1994;0,2847;0,1013;0,0581;0,0164;0,9930;;False
1037,37;14.8;pa030​;20250612_123326;1;TUG1;-0,0238;1,1903;0,2878;0,1062;0,0561;0,0165;0,9926;;False
1037,38;14.82;pa030​;20250612_123326;1;TUG1;-0,0235;1,1811;0,2904;0,1120;0,0546;0,0170;0,9921;;False
1037,39;14.83;pa030​;20250612_123326;1;TUG1;-0,0231;1,1723;0,2928;0,1180;0,0529;0,0179;0,9914;;False
1037,41;14.85;pa030​;20250612_123326;1;TUG1;-0,0226;1,1636;0,2950;0,1238;0,0518;0,0182;0,9908;;False
1037,42;14.86;pa030​;20250612_123326;1;TUG1;-0,0221;1,1552;0,2970;0,1295;0,0516;0,0190;0,9901;;False
1037,44;14.88;pa030​;20250612_123326;1;TUG1;-0,0216;1,1473;0,2988;0,1352;0,0511;0,0197;0,9893;;False
1037,45;14.89;pa030​;20250612_123326;1;TUG1;-0,0211;1,1395;0,3002;0,1398;0,0508;0,0204;0,9887;;False
1037,46;14.9;pa030​;20250612_123326;1;TUG1;-0,0205;1,1322;0,3017;0,1437;0,0505;0,0201;0,9881;;False
1037,48;14.92;pa030​;20250612_123326;1;TUG1;-0,0202;1,1252;0,3029;0,1464;0,0507;0,0204;0,9877;;False
1037,49;14.93;pa030​;20250612_123326;1;TUG1;-0,0198;1,1184;0,3038;0,1485;0,0500;0,0202;0,9874;;False
1037,50;14.94;pa030​;20250612_123326;1;TUG1;-0,0195;1,1119;0,3046;0,1514;0,0489;0,0198;0,9871;;False
1037,52;14.96;pa030​;20250612_123326;1;TUG1;-0,0192;1,1056;0,3052;0,1545;0,0477;0,0198;0,9866;;False
