Timestamp;ElapsedTime;ID_Subject;ID_Session;sessionNumber;ID_Test;HeadPosition_X;HeadPosition_Y;HeadPosition_Z;HeadRotation_X;HeadRotation_Y;HeadRotation_Z;HeadRotation_W;Events;FalseStart
356,83;0.0;pa005​;20250404_115622;1;Marche2;-0,0044;1,5017;0,0712;0,0705;0,0067;0,0183;-0,9973;;False
356,87;0.04;pa005​;20250404_115622;1;Marche2;-0,0043;1,5020;0,0701;0,0728;0,0071;0,0187;-0,9971;;False
356,88;0.06;pa005​;20250404_115622;1;Marche2;-0,0042;1,5021;0,0697;0,0735;0,0072;0,0188;-0,9971;;False
356,89;0.07;pa005​;20250404_115622;1;Marche2;-0,0041;1,5021;0,0693;0,0740;0,0073;0,0189;-0,9971;;False
356,91;0.08;pa005​;20250404_115622;1;Marche2;-0,0041;1,5022;0,0690;0,0744;0,0073;0,0191;-0,9970;;False
356,92;0.1;pa005​;20250404_115622;1;Marche2;-0,0041;1,5022;0,0687;0,0748;0,0072;0,0192;-0,9970;;False
356,94;0.11;pa005​;20250404_115622;1;Marche2;-0,0040;1,5023;0,0683;0,0752;0,0071;0,0194;-0,9970;;False
356,95;0.12;pa005​;20250404_115622;1;Marche2;-0,0040;1,5024;0,0680;0,0757;0,0071;0,0194;-0,9969;;False
356,96;0.14;pa005​;20250404_115622;1;Marche2;-0,0040;1,5027;0,0677;0,0760;0,0071;0,0193;-0,9969;;False
356,98;0.15;pa005​;20250404_115622;1;Marche2;-0,0040;1,5027;0,0675;0,0766;0,0072;0,0192;-0,9969;;False
356,99;0.17;pa005​;20250404_115622;1;Marche2;-0,0041;1,5028;0,0672;0,0770;0,0071;0,0191;-0,9968;;False
357,01;0.18;pa005​;20250404_115622;1;Marche2;-0,0041;1,5029;0,0669;0,0777;0,0071;0,0192;-0,9968;;False
357,02;0.19;pa005​;20250404_115622;1;Marche2;-0,0041;1,5029;0,0666;0,0782;0,0073;0,0193;-0,9967;;False
357,03;0.21;pa005​;20250404_115622;1;Marche2;-0,0041;1,5031;0,0664;0,0786;0,0074;0,0194;-0,9967;;False
357,05;0.22;pa005​;20250404_115622;1;Marche2;-0,0041;1,5032;0,0661;0,0791;0,0076;0,0196;-0,9966;;False
357,06;0.24;pa005​;20250404_115622;1;Marche2;-0,0041;1,5033;0,0659;0,0799;0,0079;0,0199;-0,9966;;False
357,07;0.25;pa005​;20250404_115622;1;Marche2;-0,0041;1,5035;0,0657;0,0806;0,0082;0,0201;-0,9965;;False
357,09;0.26;pa005​;20250404_115622;1;Marche2;-0,0042;1,5037;0,0655;0,0816;0,0085;0,0204;-0,9964;;False
357,10;0.28;pa005​;20250404_115622;1;Marche2;-0,0041;1,5042;0,0653;0,0827;0,0087;0,0207;-0,9963;;False
357,12;0.29;pa005​;20250404_115622;1;Marche2;-0,0041;1,5048;0,0651;0,0840;0,0086;0,0212;-0,9962;;False
357,13;0.31;pa005​;20250404_115622;1;Marche2;-0,0040;1,5056;0,0649;0,0861;0,0087;0,0217;-0,9960;;False
357,14;0.32;pa005​;20250404_115622;1;Marche2;-0,0039;1,5067;0,0647;0,0892;0,0088;0,0221;-0,9957;;False
357,16;0.33;pa005​;20250404_115622;1;Marche2;-0,0038;1,5078;0,0644;0,0929;0,0086;0,0226;-0,9954;;False
357,17;0.35;pa005​;20250404_115622;1;Marche2;-0,0038;1,5088;0,0640;0,0954;0,0083;0,0230;-0,9951;;False
357,19;0.36;pa005​;20250404_115622;1;Marche2;-0,0036;1,5095;0,0637;0,0983;0,0084;0,0236;-0,9948;;False
357,20;0.37;pa005​;20250404_115622;1;Marche2;-0,0036;1,5103;0,0634;0,1007;0,0083;0,0242;-0,9946;;False
357,21;0.39;pa005​;20250404_115622;1;Marche2;-0,0035;1,5109;0,0630;0,1032;0,0081;0,0245;-0,9943;;False
357,23;0.4;pa005​;20250404_115622;1;Marche2;-0,0035;1,5112;0,0627;0,1053;0,0081;0,0248;-0,9941;;False
357,24;0.42;pa005​;20250404_115622;1;Marche2;-0,0035;1,5114;0,0624;0,1068;0,0082;0,0248;-0,9939;;False
357,26;0.43;pa005​;20250404_115622;1;Marche2;-0,0035;1,5114;0,0621;0,1078;0,0085;0,0247;-0,9938;;False
357,27;0.44;pa005​;20250404_115622;1;Marche2;-0,0034;1,5114;0,0617;0,1087;0,0088;0,0245;-0,9937;;False
357,28;0.46;pa005​;20250404_115622;1;Marche2;-0,0032;1,5113;0,0614;0,1095;0,0092;0,0244;-0,9936;;False
357,30;0.47;pa005​;20250404_115622;1;Marche2;-0,0032;1,5114;0,0611;0,1101;0,0095;0,0244;-0,9936;;False
357,31;0.49;pa005​;20250404_115622;1;Marche2;-0,0032;1,5109;0,0610;0,1108;0,0100;0,0244;-0,9935;;False
357,33;0.5;pa005​;20250404_115622;1;Marche2;-0,0032;1,5107;0,0607;0,1116;0,0105;0,0241;-0,9934;;False
357,34;0.51;pa005​;20250404_115622;1;Marche2;-0,0031;1,5106;0,0605;0,1120;0,0111;0,0234;-0,9934;;False
357,35;0.53;pa005​;20250404_115622;1;Marche2;-0,0031;1,5104;0,0602;0,1126;0,0115;0,0228;-0,9933;;False
357,37;0.54;pa005​;20250404_115622;1;Marche2;-0,0030;1,5102;0,0600;0,1128;0,0123;0,0218;-0,9933;;False
357,38;0.56;pa005​;20250404_115622;1;Marche2;-0,0028;1,5101;0,0597;0,1134;0,0132;0,0210;-0,9932;;False
357,40;0.57;pa005​;20250404_115622;1;Marche2;-0,0025;1,5102;0,0594;0,1137;0,0142;0,0202;-0,9932;;False
357,41;0.58;pa005​;20250404_115622;1;Marche2;-0,0023;1,5102;0,0591;0,1140;0,0152;0,0200;-0,9932;;False
357,42;0.6;pa005​;20250404_115622;1;Marche2;-0,0022;1,5100;0,0587;0,1138;0,0159;0,0201;-0,9932;;False
357,44;0.61;pa005​;20250404_115622;1;Marche2;-0,0019;1,5100;0,0584;0,1140;0,0167;0,0200;-0,9931;;False
357,45;0.62;pa005​;20250404_115622;1;Marche2;-0,0016;1,5098;0,0580;0,1144;0,0176;0,0196;-0,9931;;False
357,46;0.64;pa005​;20250404_115622;1;Marche2;-0,0013;1,5097;0,0577;0,1147;0,0186;0,0190;-0,9930;;False
357,48;0.65;pa005​;20250404_115622;1;Marche2;-0,0010;1,5096;0,0574;0,1148;0,0194;0,0187;-0,9930;;False
357,49;0.67;pa005​;20250404_115622;1;Marche2;-0,0007;1,5095;0,0571;0,1148;0,0200;0,0185;-0,9930;;False
357,50;0.68;pa005​;20250404_115622;1;Marche2;-0,0004;1,5095;0,0567;0,1145;0,0206;0,0184;-0,9930;;False
357,52;0.69;pa005​;20250404_115622;1;Marche2;0,0000;1,5095;0,0564;0,1144;0,0211;0,0184;-0,9930;;False
357,53;0.71;pa005​;20250404_115622;1;Marche2;0,0003;1,5094;0,0562;0,1138;0,0215;0,0186;-0,9931;;False
357,55;0.72;pa005​;20250404_115622;1;Marche2;0,0007;1,5092;0,0561;0,1129;0,0220;0,0187;-0,9932;;False
357,56;0.74;pa005​;20250404_115622;1;Marche2;0,0010;1,5090;0,0560;0,1122;0,0224;0,0191;-0,9933;;False
357,57;0.75;pa005​;20250404_115622;1;Marche2;0,0013;1,5089;0,0559;0,1110;0,0226;0,0193;-0,9934;;False
357,59;0.76;pa005​;20250404_115622;1;Marche2;0,0018;1,5088;0,0557;0,1100;0,0229;0,0194;-0,9935;;False
357,60;0.78;pa005​;20250404_115622;1;Marche2;0,0022;1,5086;0,0556;0,1089;0,0232;0,0195;-0,9936;;False
357,62;0.79;pa005​;20250404_115622;1;Marche2;0,0025;1,5084;0,0555;0,1080;0,0233;0,0195;-0,9937;;False
357,63;0.81;pa005​;20250404_115622;1;Marche2;0,0028;1,5082;0,0555;0,1076;0,0236;0,0197;-0,9937;;False
357,64;0.82;pa005​;20250404_115622;1;Marche2;0,0031;1,5081;0,0554;0,1069;0,0239;0,0198;-0,9938;;False
357,66;0.83;pa005​;20250404_115622;1;Marche2;0,0033;1,5080;0,0554;0,1066;0,0243;0,0200;-0,9938;;False
357,67;0.85;pa005​;20250404_115622;1;Marche2;0,0036;1,5079;0,0553;0,1058;0,0246;0,0204;-0,9939;;False
357,69;0.86;pa005​;20250404_115622;1;Marche2;0,0038;1,5079;0,0551;0,1057;0,0250;0,0206;-0,9939;;False
357,70;0.87;pa005​;20250404_115622;1;Marche2;0,0041;1,5079;0,0550;0,1053;0,0254;0,0206;-0,9939;;False
357,71;0.89;pa005​;20250404_115622;1;Marche2;0,0043;1,5078;0,0548;0,1051;0,0257;0,0205;-0,9939;;False
357,73;0.9;pa005​;20250404_115622;1;Marche2;0,0046;1,5078;0,0546;0,1049;0,0258;0,0206;-0,9939;;False
357,74;0.92;pa005​;20250404_115622;1;Marche2;0,0048;1,5078;0,0544;0,1050;0,0259;0,0205;-0,9939;;False
357,76;0.93;pa005​;20250404_115622;1;Marche2;0,0050;1,5077;0,0541;0,1053;0,0260;0,0204;-0,9939;;False
357,77;0.94;pa005​;20250404_115622;1;Marche2;0,0053;1,5077;0,0539;0,1053;0,0260;0,0205;-0,9939;;False
357,78;0.96;pa005​;20250404_115622;1;Marche2;0,0055;1,5077;0,0536;0,1054;0,0260;0,0205;-0,9939;;False
357,80;0.97;pa005​;20250404_115622;1;Marche2;0,0057;1,5077;0,0534;0,1054;0,0260;0,0203;-0,9939;;False
357,81;0.99;pa005​;20250404_115622;1;Marche2;0,0059;1,5076;0,0531;0,1054;0,0260;0,0204;-0,9939;;False
357,82;1.0;pa005​;20250404_115622;1;Marche2;0,0061;1,5075;0,0528;0,1053;0,0261;0,0206;-0,9939;;False
357,84;1.01;pa005​;20250404_115622;1;Marche2;0,0063;1,5075;0,0524;0,1048;0,0263;0,0208;-0,9939;;False
357,85;1.03;pa005​;20250404_115622;1;Marche2;0,0066;1,5075;0,0521;0,1045;0,0265;0,0211;-0,9939;;False
357,87;1.04;pa005​;20250404_115622;1;Marche2;0,0067;1,5074;0,0517;0,1041;0,0265;0,0214;-0,9940;;False
357,88;1.06;pa005​;20250404_115622;1;Marche2;0,0069;1,5073;0,0514;0,1038;0,0265;0,0216;-0,9940;;False
357,89;1.07;pa005​;20250404_115622;1;Marche2;0,0070;1,5072;0,0511;0,1035;0,0265;0,0219;-0,9940;;False
357,91;1.08;pa005​;20250404_115622;1;Marche2;0,0072;1,5071;0,0507;0,1032;0,0264;0,0220;-0,9941;;False
357,92;1.1;pa005​;20250404_115622;1;Marche2;0,0074;1,5071;0,0504;0,1027;0,0263;0,0223;-0,9941;;False
357,94;1.11;pa005​;20250404_115622;1;Marche2;0,0075;1,5069;0,0500;0,1019;0,0261;0,0224;-0,9942;;False
357,95;1.12;pa005​;20250404_115622;1;Marche2;0,0076;1,5068;0,0496;0,1011;0,0258;0,0225;-0,9943;;False
357,97;1.14;pa005​;20250404_115622;1;Marche2;0,0077;1,5066;0,0492;0,1000;0,0256;0,0225;-0,9944;;False
357,98;1.15;pa005​;20250404_115622;1;Marche2;0,0078;1,5065;0,0488;0,0991;0,0255;0,0225;-0,9945;;False
357,99;1.17;pa005​;20250404_115622;1;Marche2;0,0078;1,5064;0,0484;0,0988;0,0252;0,0227;-0,9945;;False
358,01;1.18;pa005​;20250404_115622;1;Marche2;0,0079;1,5065;0,0479;0,0985;0,0252;0,0228;-0,9946;;False
358,02;1.19;pa005​;20250404_115622;1;Marche2;0,0080;1,5064;0,0475;0,0985;0,0252;0,0229;-0,9946;;False
358,03;1.21;pa005​;20250404_115622;1;Marche2;0,0080;1,5064;0,0470;0,0984;0,0251;0,0230;-0,9946;;False
358,05;1.22;pa005​;20250404_115622;1;Marche2;0,0080;1,5063;0,0465;0,0984;0,0249;0,0232;-0,9946;;False
358,06;1.24;pa005​;20250404_115622;1;Marche2;0,0080;1,5062;0,0460;0,0985;0,0249;0,0233;-0,9945;;False
358,08;1.25;pa005​;20250404_115622;1;Marche2;0,0080;1,5062;0,0456;0,0986;0,0248;0,0235;-0,9945;;False
358,09;1.26;pa005​;20250404_115622;1;Marche2;0,0080;1,5062;0,0453;0,0988;0,0247;0,0237;-0,9945;;False
358,10;1.28;pa005​;20250404_115622;1;Marche2;0,0080;1,5062;0,0449;0,0988;0,0245;0,0238;-0,9945;;False
358,12;1.29;pa005​;20250404_115622;1;Marche2;0,0080;1,5061;0,0446;0,0986;0,0243;0,0239;-0,9945;;False
358,13;1.31;pa005​;20250404_115622;1;Marche2;0,0080;1,5060;0,0442;0,0984;0,0241;0,0237;-0,9946;;False
358,14;1.32;pa005​;20250404_115622;1;Marche2;0,0079;1,5059;0,0439;0,0978;0,0238;0,0235;-0,9946;;False
358,16;1.33;pa005​;20250404_115622;1;Marche2;0,0080;1,5058;0,0435;0,0967;0,0234;0,0234;-0,9948;;False
358,17;1.35;pa005​;20250404_115622;1;Marche2;0,0080;1,5058;0,0431;0,0954;0,0229;0,0236;-0,9949;;False
358,19;1.36;pa005​;20250404_115622;1;Marche2;0,0080;1,5056;0,0428;0,0942;0,0223;0,0237;-0,9950;;False
358,20;1.38;pa005​;20250404_115622;1;Marche2;0,0080;1,5055;0,0424;0,0932;0,0217;0,0236;-0,9951;;False
358,21;1.39;pa005​;20250404_115622;1;Marche2;0,0079;1,5053;0,0420;0,0925;0,0209;0,0234;-0,9952;;False
358,23;1.4;pa005​;20250404_115622;1;Marche2;0,0080;1,5051;0,0415;0,0915;0,0202;0,0235;-0,9953;;False
358,24;1.42;pa005​;20250404_115622;1;Marche2;0,0080;1,5049;0,0411;0,0904;0,0192;0,0235;-0,9954;;False
358,25;1.43;pa005​;20250404_115622;1;Marche2;0,0081;1,5047;0,0407;0,0890;0,0184;0,0237;-0,9956;;False
358,27;1.44;pa005​;20250404_115622;1;Marche2;0,0082;1,5044;0,0402;0,0872;0,0173;0,0241;-0,9957;;False
358,28;1.46;pa005​;20250404_115622;1;Marche2;0,0082;1,5039;0,0397;0,0846;0,0163;0,0247;-0,9960;;False
358,30;1.47;pa005​;20250404_115622;1;Marche2;0,0083;1,5035;0,0393;0,0811;0,0154;0,0254;-0,9963;;False
358,31;1.49;pa005​;20250404_115622;1;Marche2;0,0084;1,5032;0,0389;0,0786;0,0145;0,0266;-0,9964;;False
358,33;1.5;pa005​;20250404_115622;1;Marche2;0,0086;1,5029;0,0385;0,0753;0,0139;0,0283;-0,9967;;False
358,34;1.51;pa005​;20250404_115622;1;Marche2;0,0087;1,5024;0,0382;0,0719;0,0131;0,0301;-0,9969;;False
358,35;1.53;pa005​;20250404_115622;1;Marche2;0,0087;1,5018;0,0378;0,0681;0,0124;0,0325;-0,9971;;False
358,37;1.54;pa005​;20250404_115622;1;Marche2;0,0088;1,5011;0,0376;0,0631;0,0123;0,0352;-0,9973;;False
358,38;1.55;pa005​;20250404_115622;1;Marche2;0,0089;1,5004;0,0374;0,0593;0,0118;0,0381;-0,9974;;False
358,39;1.57;pa005​;20250404_115622;1;Marche2;0,0090;1,4999;0,0373;0,0556;0,0116;0,0401;-0,9976;;False
358,41;1.58;pa005​;20250404_115622;1;Marche2;0,0092;1,4994;0,0373;0,0526;0,0116;0,0412;-0,9977;;False
358,42;1.6;pa005​;20250404_115622;1;Marche2;0,0093;1,4990;0,0373;0,0480;0,0110;0,0426;-0,9979;;False
358,44;1.61;pa005​;20250404_115622;1;Marche2;0,0094;1,4984;0,0371;0,0462;0,0106;0,0440;-0,9979;;False
358,45;1.62;pa005​;20250404_115622;1;Marche2;0,0095;1,4977;0,0371;0,0416;0,0098;0,0456;-0,9980;;False
358,46;1.64;pa005​;20250404_115622;1;Marche2;0,0096;1,4971;0,0369;0,0378;0,0085;0,0468;-0,9981;;False
358,48;1.65;pa005​;20250404_115622;1;Marche2;0,0098;1,4966;0,0368;0,0353;0,0079;0,0483;-0,9982;;False
358,49;1.67;pa005​;20250404_115622;1;Marche2;0,0099;1,4961;0,0366;0,0330;0,0069;0,0497;-0,9982;;False
358,51;1.68;pa005​;20250404_115622;1;Marche2;0,0101;1,4960;0,0364;0,0313;0,0063;0,0503;-0,9982;;False
358,52;1.69;pa005​;20250404_115622;1;Marche2;0,0101;1,4960;0,0360;0,0315;0,0054;0,0509;-0,9982;;False
358,53;1.71;pa005​;20250404_115622;1;Marche2;0,0102;1,4961;0,0357;0,0328;0,0050;0,0511;-0,9981;;False
358,55;1.72;pa005​;20250404_115622;1;Marche2;0,0102;1,4963;0,0351;0,0346;0,0047;0,0510;-0,9981;;False
358,56;1.74;pa005​;20250404_115622;1;Marche2;0,0101;1,4967;0,0347;0,0366;0,0050;0,0505;-0,9980;;False
358,57;1.75;pa005​;20250404_115622;1;Marche2;0,0100;1,4970;0,0341;0,0385;0,0054;0,0500;-0,9980;;False
358,59;1.76;pa005​;20250404_115622;1;Marche2;0,0099;1,4974;0,0336;0,0402;0,0059;0,0494;-0,9980;;False
358,60;1.78;pa005​;20250404_115622;1;Marche2;0,0098;1,4974;0,0327;0,0442;0,0065;0,0485;-0,9978;;False
358,62;1.79;pa005​;20250404_115622;1;Marche2;0,0098;1,4977;0,0323;0,0434;0,0075;0,0478;-0,9979;;False
358,63;1.8;pa005​;20250404_115622;1;Marche2;0,0097;1,4981;0,0317;0,0448;0,0084;0,0469;-0,9979;;False
358,64;1.82;pa005​;20250404_115622;1;Marche2;0,0097;1,4984;0,0313;0,0459;0,0093;0,0459;-0,9978;;False
358,66;1.83;pa005​;20250404_115622;1;Marche2;0,0097;1,4987;0,0307;0,0472;0,0100;0,0450;-0,9978;;False
358,67;1.85;pa005​;20250404_115622;1;Marche2;0,0097;1,4989;0,0302;0,0482;0,0103;0,0440;-0,9978;;False
358,69;1.86;pa005​;20250404_115622;1;Marche2;0,0097;1,4990;0,0297;0,0491;0,0107;0,0431;-0,9978;;False
358,70;1.87;pa005​;20250404_115622;1;Marche2;0,0097;1,4990;0,0292;0,0497;0,0108;0,0422;-0,9978;;False
358,71;1.89;pa005​;20250404_115622;1;Marche2;0,0098;1,4991;0,0286;0,0497;0,0107;0,0415;-0,9978;;False
358,73;1.9;pa005​;20250404_115622;1;Marche2;0,0098;1,4991;0,0282;0,0499;0,0107;0,0409;-0,9979;;False
358,74;1.92;pa005​;20250404_115622;1;Marche2;0,0099;1,4991;0,0276;0,0500;0,0107;0,0402;-0,9979;;False
358,76;1.93;pa005​;20250404_115622;1;Marche2;0,0099;1,4991;0,0271;0,0499;0,0109;0,0395;-0,9979;;False
358,77;1.94;pa005​;20250404_115622;1;Marche2;0,0101;1,4991;0,0267;0,0494;0,0109;0,0391;-0,9980;;False
358,78;1.96;pa005​;20250404_115622;1;Marche2;0,0102;1,4991;0,0261;0,0495;0,0107;0,0389;-0,9980;;False
358,80;1.97;pa005​;20250404_115622;1;Marche2;0,0104;1,4991;0,0257;0,0489;0,0103;0,0388;-0,9980;;False
358,81;1.99;pa005​;20250404_115622;1;Marche2;0,0106;1,4991;0,0254;0,0479;0,0098;0,0390;-0,9980;;False
358,82;2.0;pa005​;20250404_115622;1;Marche2;0,0108;1,4989;0,0250;0,0473;0,0088;0,0392;-0,9981;;False
358,84;2.01;pa005​;20250404_115622;1;Marche2;0,0110;1,4986;0,0247;0,0461;0,0074;0,0396;-0,9981;;False
358,85;2.03;pa005​;20250404_115622;1;Marche2;0,0113;1,4983;0,0244;0,0447;0,0059;0,0398;-0,9982;;False
358,87;2.04;pa005​;20250404_115622;1;Marche2;0,0117;1,4980;0,0241;0,0430;0,0043;0,0400;-0,9983;;False
358,88;2.06;pa005​;20250404_115622;1;Marche2;0,0121;1,4977;0,0240;0,0405;0,0022;0,0403;-0,9984;;False
358,89;2.07;pa005​;20250404_115622;1;Marche2;0,0125;1,4972;0,0238;0,0375;0,0001;0,0404;-0,9985;;False
358,91;2.08;pa005​;20250404_115622;1;Marche2;0,0129;1,4965;0,0237;0,0334;-0,0022;0,0405;-0,9986;;False
358,92;2.1;pa005​;20250404_115622;1;Marche2;0,0132;1,4963;0,0240;0,0315;-0,0047;0,0405;-0,9987;;False
358,94;2.11;pa005​;20250404_115622;1;Marche2;0,0136;1,4964;0,0240;0,0318;-0,0076;0,0401;-0,9987;;False
358,95;2.12;pa005​;20250404_115622;1;Marche2;0,0139;1,4964;0,0239;0,0328;-0,0108;0,0397;-0,9986;;False
358,96;2.14;pa005​;20250404_115622;1;Marche2;0,0144;1,4968;0,0238;0,0344;-0,0131;0,0386;-0,9986;;False
358,98;2.15;pa005​;20250404_115622;1;Marche2;0,0148;1,4972;0,0235;0,0377;-0,0157;0,0377;-0,9985;;False
358,99;2.17;pa005​;20250404_115622;1;Marche2;0,0151;1,4976;0,0230;0,0415;-0,0182;0,0368;-0,9983;;False
359,01;2.18;pa005​;20250404_115622;1;Marche2;0,0155;1,4981;0,0224;0,0451;-0,0203;0,0362;-0,9981;;False
359,02;2.19;pa005​;20250404_115622;1;Marche2;0,0159;1,4986;0,0217;0,0486;-0,0223;0,0356;-0,9979;;False
359,03;2.21;pa005​;20250404_115622;1;Marche2;0,0162;1,4992;0,0210;0,0520;-0,0239;0,0357;-0,9977;;False
359,05;2.22;pa005​;20250404_115622;1;Marche2;0,0165;1,4997;0,0204;0,0549;-0,0254;0,0357;-0,9975;;False
359,06;2.24;pa005​;20250404_115622;1;Marche2;0,0167;1,5000;0,0198;0,0571;-0,0266;0,0356;-0,9974;;False
359,07;2.25;pa005​;20250404_115622;1;Marche2;0,0169;1,5000;0,0192;0,0582;-0,0274;0,0352;-0,9973;;False
359,09;2.26;pa005​;20250404_115622;1;Marche2;0,0171;1,5001;0,0188;0,0576;-0,0279;0,0347;-0,9973;;False
359,10;2.28;pa005​;20250404_115622;1;Marche2;0,0172;1,4999;0,0185;0,0576;-0,0286;0,0342;-0,9973;;False
359,12;2.29;pa005​;20250404_115622;1;Marche2;0,0173;1,4999;0,0184;0,0564;-0,0289;0,0342;-0,9974;;False
359,13;2.31;pa005​;20250404_115622;1;Marche2;0,0173;1,4998;0,0185;0,0557;-0,0289;0,0345;-0,9974;;False
359,14;2.32;pa005​;20250404_115622;1;Marche2;0,0175;1,4998;0,0182;0,0552;-0,0291;0,0344;-0,9975;;False
359,16;2.33;pa005​;20250404_115622;1;Marche2;0,0174;1,4997;0,0185;0,0562;-0,0290;0,0349;-0,9974;;False
359,17;2.35;pa005​;20250404_115622;1;Marche2;0,0174;1,4996;0,0186;0,0560;-0,0289;0,0363;-0,9974;;False
359,19;2.36;pa005​;20250404_115622;1;Marche2;0,0173;1,4997;0,0186;0,0568;-0,0285;0,0378;-0,9973;;False
359,20;2.38;pa005​;20250404_115622;1;Marche2;0,0173;1,4999;0,0185;0,0579;-0,0284;0,0394;-0,9971;;False
359,21;2.39;pa005​;20250404_115622;1;Marche2;0,0172;1,5002;0,0184;0,0592;-0,0281;0,0414;-0,9970;;False
359,23;2.4;pa005​;20250404_115622;1;Marche2;0,0171;1,5005;0,0183;0,0612;-0,0279;0,0429;-0,9968;;False
359,24;2.42;pa005​;20250404_115622;1;Marche2;0,0172;1,5006;0,0182;0,0628;-0,0282;0,0430;-0,9967;;False
359,26;2.43;pa005​;20250404_115622;1;Marche2;0,0172;1,5008;0,0182;0,0633;-0,0281;0,0427;-0,9967;;False
359,27;2.44;pa005​;20250404_115622;1;Marche2;0,0173;1,5007;0,0181;0,0628;-0,0285;0,0426;-0,9967;;False
359,28;2.46;pa005​;20250404_115622;1;Marche2;0,0173;1,5006;0,0181;0,0614;-0,0295;0,0425;-0,9968;;False
359,30;2.47;pa005​;20250404_115622;1;Marche2;0,0174;1,5006;0,0182;0,0616;-0,0303;0,0417;-0,9968;;False
359,31;2.49;pa005​;20250404_115622;1;Marche2;0,0174;1,5005;0,0183;0,0608;-0,0309;0,0407;-0,9968;;False
359,33;2.5;pa005​;20250404_115622;1;Marche2;0,0173;1,5002;0,0185;0,0589;-0,0315;0,0397;-0,9970;;False
359,34;2.51;pa005​;20250404_115622;1;Marche2;0,0172;1,4999;0,0187;0,0571;-0,0316;0,0386;-0,9971;;False
359,35;2.53;pa005​;20250404_115622;1;Marche2;0,0171;1,4997;0,0189;0,0558;-0,0318;0,0378;-0,9972;;False
359,37;2.54;pa005​;20250404_115622;1;Marche2;0,0170;1,4996;0,0191;0,0550;-0,0311;0,0377;-0,9973;;False
359,38;2.55;pa005​;20250404_115622;1;Marche2;0,0167;1,4995;0,0194;0,0546;-0,0305;0,0377;-0,9973;;False
359,39;2.57;pa005​;20250404_115622;1;Marche2;0,0166;1,4993;0,0195;0,0543;-0,0296;0,0373;-0,9974;;False
359,41;2.58;pa005​;20250404_115622;1;Marche2;0,0164;1,4993;0,0196;0,0542;-0,0286;0,0368;-0,9974;;False
359,42;2.6;pa005​;20250404_115622;1;Marche2;0,0163;1,4993;0,0198;0,0541;-0,0275;0,0363;-0,9975;;False
359,44;2.61;pa005​;20250404_115622;1;Marche2;0,0161;1,4993;0,0199;0,0536;-0,0267;0,0358;-0,9976;;False
359,45;2.62;pa005​;20250404_115622;1;Marche2;0,0160;1,4992;0,0199;0,0529;-0,0258;0,0354;-0,9976;;False
359,46;2.64;pa005​;20250404_115622;1;Marche2;0,0159;1,4991;0,0200;0,0520;-0,0254;0,0350;-0,9977;;False
359,48;2.65;pa005​;20250404_115622;1;Marche2;0,0159;1,4990;0,0200;0,0509;-0,0252;0,0346;-0,9978;;False
359,49;2.67;pa005​;20250404_115622;1;Marche2;0,0159;1,4990;0,0201;0,0506;-0,0249;0,0345;-0,9978;;False
359,50;2.68;pa005​;20250404_115622;1;Marche2;0,0159;1,4990;0,0202;0,0508;-0,0250;0,0350;-0,9978;;False
359,52;2.69;pa005​;20250404_115622;1;Marche2;0,0159;1,4990;0,0204;0,0504;-0,0248;0,0356;-0,9978;;False
359,53;2.71;pa005​;20250404_115622;1;Marche2;0,0159;1,4989;0,0205;0,0503;-0,0246;0,0361;-0,9978;;False
359,55;2.72;pa005​;20250404_115622;1;Marche2;0,0159;1,4989;0,0206;0,0502;-0,0243;0,0363;-0,9978;;False
359,56;2.74;pa005​;20250404_115622;1;Marche2;0,0159;1,4988;0,0207;0,0498;-0,0243;0,0364;-0,9978;;False
359,58;2.75;pa005​;20250404_115622;1;Marche2;0,0159;1,4986;0,0209;0,0490;-0,0243;0,0365;-0,9978;;False
359,59;2.76;pa005​;20250404_115622;1;Marche2;0,0159;1,4985;0,0211;0,0478;-0,0244;0,0368;-0,9979;;False
359,60;2.78;pa005​;20250404_115622;1;Marche2;0,0159;1,4984;0,0214;0,0473;-0,0247;0,0372;-0,9979;;False
359,62;2.79;pa005​;20250404_115622;1;Marche2;0,0159;1,4983;0,0218;0,0470;-0,0250;0,0376;-0,9979;;False
359,63;2.8;pa005​;20250404_115622;1;Marche2;0,0159;1,4981;0,0224;0,0464;-0,0250;0,0377;-0,9979;;False
359,64;2.82;pa005​;20250404_115622;1;Marche2;0,0159;1,4978;0,0229;0,0451;-0,0250;0,0378;-0,9980;;False
359,66;2.83;pa005​;20250404_115622;1;Marche2;0,0159;1,4975;0,0233;0,0432;-0,0249;0,0377;-0,9980;;False
359,67;2.85;pa005​;20250404_115622;1;Marche2;0,0159;1,4972;0,0237;0,0408;-0,0249;0,0375;-0,9982;;False
359,69;2.86;pa005​;20250404_115622;1;Marche2;0,0159;1,4968;0,0241;0,0384;-0,0248;0,0378;-0,9982;;False
359,70;2.87;pa005​;20250404_115622;1;Marche2;0,0158;1,4964;0,0246;0,0354;-0,0247;0,0382;-0,9983;;False
359,71;2.89;pa005​;20250404_115622;1;Marche2;0,0157;1,4958;0,0251;0,0325;-0,0244;0,0384;-0,9984;;False
359,73;2.9;pa005​;20250404_115622;1;Marche2;0,0156;1,4954;0,0256;0,0292;-0,0241;0,0384;-0,9985;;False
359,74;2.92;pa005​;20250404_115622;1;Marche2;0,0156;1,4950;0,0262;0,0271;-0,0234;0,0387;-0,9986;;False
359,76;2.93;pa005​;20250404_115622;1;Marche2;0,0155;1,4951;0,0266;0,0259;-0,0234;0,0392;-0,9986;;False
359,77;2.94;pa005​;20250404_115622;1;Marche2;0,0155;1,4953;0,0270;0,0267;-0,0232;0,0398;-0,9986;;False
359,78;2.96;pa005​;20250404_115622;1;Marche2;0,0154;1,4958;0,0272;0,0297;-0,0226;0,0400;-0,9985;;False
359,80;2.97;pa005​;20250404_115622;1;Marche2;0,0154;1,4967;0,0273;0,0350;-0,0217;0,0400;-0,9983;;False
359,81;2.99;pa005​;20250404_115622;1;Marche2;0,0152;1,4976;0,0272;0,0415;-0,0202;0,0399;-0,9981;;False
359,82;3.0;pa005​;20250404_115622;1;Marche2;0,0150;1,4986;0,0270;0,0473;-0,0187;0,0397;-0,9979;;False
359,84;3.01;pa005​;20250404_115622;1;Marche2;0,0146;1,4995;0,0268;0,0533;-0,0171;0,0392;-0,9977;;False
359,85;3.03;pa005​;20250404_115622;1;Marche2;0,0144;1,5004;0,0265;0,0582;-0,0149;0,0394;-0,9974;;False
359,87;3.04;pa005​;20250404_115622;1;Marche2;0,0140;1,5010;0,0264;0,0631;-0,0127;0,0386;-0,9972;;False
359,88;3.05;pa005​;20250404_115622;1;Marche2;0,0137;1,5015;0,0263;0,0662;-0,0105;0,0379;-0,9970;;False
359,90;3.07;pa005​;20250404_115622;1;Marche2;0,0132;1,5017;0,0262;0,0675;-0,0080;0,0370;-0,9970;;False
359,91;3.08;pa005​;20250404_115622;1;Marche2;0,0127;1,5018;0,0262;0,0680;-0,0054;0,0354;-0,9970;;False
359,92;3.1;pa005​;20250404_115622;1;Marche2;0,0123;1,5016;0,0262;0,0669;-0,0026;0,0334;-0,9972;;False
359,94;3.11;pa005​;20250404_115622;1;Marche2;0,0118;1,5013;0,0264;0,0642;0,0000;0,0317;-0,9974;;False
359,95;3.12;pa005​;20250404_115622;1;Marche2;0,0113;1,5010;0,0269;0,0610;0,0025;0,0301;-0,9977;;False
359,96;3.14;pa005​;20250404_115622;1;Marche2;0,0110;1,5008;0,0274;0,0585;0,0052;0,0289;-0,9979;;False
359,98;3.15;pa005​;20250404_115622;1;Marche2;0,0106;1,5005;0,0279;0,0565;0,0072;0,0280;-0,9980;;False
359,99;3.17;pa005​;20250404_115622;1;Marche2;0,0101;1,5005;0,0286;0,0560;0,0082;0,0268;-0,9980;;False
360,00;3.18;pa005​;20250404_115622;1;Marche2;0,0097;1,5004;0,0291;0,0564;0,0098;0,0264;-0,9980;;False
360,02;3.19;pa005​;20250404_115622;1;Marche2;0,0093;1,5004;0,0298;0,0568;0,0107;0,0263;-0,9980;;False
360,03;3.21;pa005​;20250404_115622;1;Marche2;0,0090;1,5005;0,0304;0,0582;0,0114;0,0256;-0,9979;;False
360,05;3.22;pa005​;20250404_115622;1;Marche2;0,0087;1,5006;0,0311;0,0594;0,0123;0,0247;-0,9979;;False
360,06;3.24;pa005​;20250404_115622;1;Marche2;0,0084;1,5007;0,0317;0,0608;0,0132;0,0238;-0,9978;;False
360,08;3.25;pa005​;20250404_115622;1;Marche2;0,0082;1,5008;0,0324;0,0617;0,0139;0,0236;-0,9977;;False
360,09;3.26;pa005​;20250404_115622;1;Marche2;0,0079;1,5007;0,0331;0,0619;0,0143;0,0236;-0,9977;;False
360,10;3.28;pa005​;20250404_115622;1;Marche2;0,0076;1,5006;0,0339;0,0617;0,0148;0,0238;-0,9977;;False
360,12;3.29;pa005​;20250404_115622;1;Marche2;0,0074;1,5004;0,0348;0,0603;0,0151;0,0246;-0,9978;;False
360,13;3.31;pa005​;20250404_115622;1;Marche2;0,0071;1,5001;0,0358;0,0588;0,0153;0,0253;-0,9978;;False
360,15;3.32;pa005​;20250404_115622;1;Marche2;0,0069;1,4998;0,0368;0,0566;0,0152;0,0258;-0,9979;;False
360,16;3.33;pa005​;20250404_115622;1;Marche2;0,0067;1,4997;0,0378;0,0553;0,0149;0,0260;-0,9980;;False
360,17;3.35;pa005​;20250404_115622;1;Marche2;0,0065;1,4999;0,0389;0,0552;0,0145;0,0258;-0,9980;;False
360,19;3.36;pa005​;20250404_115622;1;Marche2;0,0062;1,5000;0,0400;0,0559;0,0143;0,0257;-0,9980;;False
360,20;3.37;pa005​;20250404_115622;1;Marche2;0,0061;1,5000;0,0411;0,0564;0,0144;0,0256;-0,9980;;False
360,22;3.39;pa005​;20250404_115622;1;Marche2;0,0058;1,4999;0,0421;0,0562;0,0145;0,0254;-0,9980;;False
360,23;3.4;pa005​;20250404_115622;1;Marche2;0,0055;1,4997;0,0431;0,0554;0,0148;0,0249;-0,9980;;False
360,24;3.42;pa005​;20250404_115622;1;Marche2;0,0052;1,4992;0,0440;0,0533;0,0155;0,0247;-0,9982;;False
360,26;3.43;pa005​;20250404_115622;1;Marche2;0,0049;1,4986;0,0452;0,0490;0,0162;0,0250;-0,9984;;False
360,27;3.44;pa005​;20250404_115622;1;Marche2;0,0046;1,4977;0,0464;0,0440;0,0166;0,0253;-0,9986;;False
360,28;3.46;pa005​;20250404_115622;1;Marche2;0,0043;1,4966;0,0477;0,0382;0,0171;0,0256;-0,9988;;False
360,30;3.47;pa005​;20250404_115622;1;Marche2;0,0041;1,4955;0,0492;0,0303;0,0176;0,0262;-0,9990;;False
360,31;3.49;pa005​;20250404_115622;1;Marche2;0,0038;1,4941;0,0508;0,0206;0,0178;0,0260;-0,9993;;False
360,32;3.5;pa005​;20250404_115622;1;Marche2;0,0035;1,4925;0,0526;0,0097;0,0180;0,0257;-0,9995;;False
360,34;3.51;pa005​;20250404_115622;1;Marche2;0,0032;1,4913;0,0547;0,0023;0,0180;0,0251;-0,9995;;False
360,35;3.53;pa005​;20250404_115622;1;Marche2;0,0030;1,4909;0,0564;-0,0009;0,0181;0,0249;-0,9995;;False
360,37;3.54;pa005​;20250404_115622;1;Marche2;0,0027;1,4905;0,0581;-0,0022;0,0175;0,0247;-0,9995;;False
360,38;3.56;pa005​;20250404_115622;1;Marche2;0,0025;1,4905;0,0594;-0,0011;0,0173;0,0245;-0,9995;;False
360,39;3.57;pa005​;20250404_115622;1;Marche2;0,0021;1,4906;0,0606;0,0004;0,0167;0,0243;-0,9996;;False
360,41;3.58;pa005​;20250404_115622;1;Marche2;0,0018;1,4902;0,0615;0,0012;0,0163;0,0243;-0,9996;;False
360,42;3.6;pa005​;20250404_115622;1;Marche2;0,0014;1,4897;0,0624;-0,0004;0,0166;0,0237;-0,9996;;False
360,44;3.61;pa005​;20250404_115622;1;Marche2;0,0011;1,4889;0,0633;-0,0040;0,0170;0,0228;-0,9996;;False
360,45;3.63;pa005​;20250404_115622;1;Marche2;0,0006;1,4880;0,0642;-0,0089;0,0171;0,0224;-0,9996;;False
360,46;3.64;pa005​;20250404_115622;1;Marche2;0,0000;1,4870;0,0653;-0,0150;0,0171;0,0217;-0,9995;;False
360,48;3.65;pa005​;20250404_115622;1;Marche2;-0,0006;1,4862;0,0665;-0,0199;0,0176;0,0205;-0,9994;;False
360,49;3.67;pa005​;20250404_115622;1;Marche2;-0,0011;1,4851;0,0677;-0,0255;0,0183;0,0193;-0,9993;;False
360,51;3.68;pa005​;20250404_115622;1;Marche2;-0,0018;1,4837;0,0689;-0,0336;0,0185;0,0175;-0,9991;;False
360,52;3.69;pa005​;20250404_115622;1;Marche2;-0,0024;1,4820;0,0701;-0,0423;0,0186;0,0158;-0,9988;;False
360,53;3.71;pa005​;20250404_115622;1;Marche2;-0,0031;1,4799;0,0711;-0,0532;0,0186;0,0134;-0,9983;;False
360,55;3.72;pa005​;20250404_115622;1;Marche2;-0,0037;1,4779;0,0722;-0,0657;0,0189;0,0105;-0,9976;;False
360,56;3.74;pa005​;20250404_115622;1;Marche2;-0,0044;1,4759;0,0733;-0,0778;0,0189;0,0080;-0,9968;;False
360,57;3.75;pa005​;20250404_115622;1;Marche2;-0,0049;1,4750;0,0753;-0,0843;0,0197;0,0065;-0,9962;;False
360,59;3.76;pa005​;20250404_115622;1;Marche2;-0,0054;1,4753;0,0766;-0,0823;0,0201;0,0066;-0,9964;;False
360,60;3.78;pa005​;20250404_115622;1;Marche2;-0,0060;1,4752;0,0778;-0,0799;0,0194;0,0079;-0,9966;;False
360,62;3.79;pa005​;20250404_115622;1;Marche2;-0,0064;1,4753;0,0785;-0,0788;0,0193;0,0083;-0,9967;;False
360,63;3.8;pa005​;20250404_115622;1;Marche2;-0,0068;1,4754;0,0792;-0,0764;0,0191;0,0081;-0,9969;;False
360,64;3.82;pa005​;20250404_115622;1;Marche2;-0,0072;1,4756;0,0799;-0,0747;0,0190;0,0075;-0,9970;;False
360,66;3.83;pa005​;20250404_115622;1;Marche2;-0,0077;1,4758;0,0805;-0,0733;0,0187;0,0072;-0,9971;;False
360,67;3.85;pa005​;20250404_115622;1;Marche2;-0,0081;1,4761;0,0811;-0,0719;0,0185;0,0067;-0,9972;;False
360,68;3.86;pa005​;20250404_115622;1;Marche2;-0,0086;1,4763;0,0819;-0,0705;0,0182;0,0064;-0,9973;;False
360,70;3.87;pa005​;20250404_115622;1;Marche2;-0,0091;1,4766;0,0828;-0,0681;0,0182;0,0057;-0,9975;;False
360,71;3.89;pa005​;20250404_115622;1;Marche2;-0,0097;1,4772;0,0837;-0,0649;0,0181;0,0050;-0,9977;;False
360,73;3.9;pa005​;20250404_115622;1;Marche2;-0,0103;1,4777;0,0845;-0,0613;0,0181;0,0047;-0,9979;;False
360,74;3.92;pa005​;20250404_115622;1;Marche2;-0,0109;1,4783;0,0854;-0,0575;0,0182;0,0042;-0,9982;;False
360,75;3.93;pa005​;20250404_115622;1;Marche2;-0,0115;1,4790;0,0863;-0,0528;0,0186;0,0037;-0,9984;;False
360,77;3.94;pa005​;20250404_115622;1;Marche2;-0,0122;1,4797;0,0872;-0,0479;0,0191;0,0035;-0,9987;;False
360,78;3.96;pa005​;20250404_115622;1;Marche2;-0,0127;1,4805;0,0881;-0,0430;0,0200;0,0036;-0,9989;;False
360,80;3.97;pa005​;20250404_115622;1;Marche2;-0,0134;1,4812;0,0890;-0,0377;0,0203;0,0040;-0,9991;;False
360,81;3.98;pa005​;20250404_115622;1;Marche2;-0,0141;1,4819;0,0899;-0,0329;0,0207;0,0043;-0,9992;;False
360,83;4.0;pa005​;20250404_115622;1;Marche2;-0,0148;1,4826;0,0907;-0,0281;0,0208;0,0049;-0,9994;;False
360,84;4.01;pa005​;20250404_115622;1;Marche2;-0,0155;1,4831;0,0916;-0,0240;0,0212;0,0053;-0,9995;;False
360,85;4.03;pa005​;20250404_115622;1;Marche2;-0,0162;1,4836;0,0925;-0,0205;0,0214;0,0057;-0,9995;;False
360,87;4.04;pa005​;20250404_115622;1;Marche2;-0,0169;1,4840;0,0935;-0,0181;0,0214;0,0060;-0,9996;;False
360,88;4.05;pa005​;20250404_115622;1;Marche2;-0,0176;1,4844;0,0945;-0,0154;0,0216;0,0064;-0,9996;;False
360,89;4.07;pa005​;20250404_115622;1;Marche2;-0,0183;1,4850;0,0957;-0,0119;0,0219;0,0070;-0,9997;;False
360,91;4.08;pa005​;20250404_115622;1;Marche2;-0,0189;1,4855;0,0968;-0,0084;0,0221;0,0078;-0,9997;;False
360,92;4.1;pa005​;20250404_115622;1;Marche2;-0,0195;1,4856;0,0980;-0,0052;0,0224;0,0088;-0,9997;;False
360,94;4.11;pa005​;20250404_115622;1;Marche2;-0,0201;1,4856;0,0992;-0,0017;0,0226;0,0099;-0,9997;;False
360,95;4.12;pa005​;20250404_115622;1;Marche2;-0,0207;1,4856;0,1004;0,0004;0,0228;0,0111;-0,9997;;False
360,96;4.14;pa005​;20250404_115622;1;Marche2;-0,0213;1,4852;0,1016;0,0021;0,0227;0,0121;-0,9997;;False
360,98;4.15;pa005​;20250404_115622;1;Marche2;-0,0218;1,4849;0,1029;0,0030;0,0227;0,0127;-0,9997;;False
360,99;4.17;pa005​;20250404_115622;1;Marche2;-0,0223;1,4847;0,1041;0,0041;0,0225;0,0133;-0,9996;;False
361,00;4.18;pa005​;20250404_115622;1;Marche2;-0,0227;1,4845;0,1054;0,0052;0,0223;0,0141;-0,9996;;False
361,02;4.19;pa005​;20250404_115622;1;Marche2;-0,0234;1,4843;0,1066;0,0056;0,0219;0,0147;-0,9996;;False
361,03;4.21;pa005​;20250404_115622;1;Marche2;-0,0241;1,4844;0,1079;0,0057;0,0214;0,0153;-0,9996;;False
361,05;4.22;pa005​;20250404_115622;1;Marche2;-0,0247;1,4845;0,1090;0,0053;0,0208;0,0155;-0,9996;;False
361,06;4.24;pa005​;20250404_115622;1;Marche2;-0,0251;1,4846;0,1100;0,0045;0,0203;0,0155;-0,9997;;False
361,07;4.25;pa005​;20250404_115622;1;Marche2;-0,0254;1,4846;0,1110;0,0039;0,0200;0,0153;-0,9997;;False
361,09;4.26;pa005​;20250404_115622;1;Marche2;-0,0257;1,4848;0,1119;0,0034;0,0192;0,0151;-0,9997;;False
361,10;4.28;pa005​;20250404_115622;1;Marche2;-0,0259;1,4851;0,1127;0,0038;0,0186;0,0151;-0,9997;;False
361,12;4.29;pa005​;20250404_115622;1;Marche2;-0,0261;1,4854;0,1134;0,0044;0,0174;0,0155;-0,9997;;False
361,13;4.3;pa005​;20250404_115622;1;Marche2;-0,0262;1,4856;0,1140;0,0052;0,0165;0,0158;-0,9997;;False
361,14;4.32;pa005​;20250404_115622;1;Marche2;-0,0265;1,4858;0,1145;0,0062;0,0154;0,0161;-0,9997;;False
361,16;4.33;pa005​;20250404_115622;1;Marche2;-0,0266;1,4861;0,1151;0,0072;0,0146;0,0162;-0,9997;;False
361,17;4.35;pa005​;20250404_115622;1;Marche2;-0,0267;1,4863;0,1155;0,0081;0,0139;0,0164;-0,9997;;False
361,19;4.36;pa005​;20250404_115622;1;Marche2;-0,0270;1,4864;0,1159;0,0087;0,0132;0,0167;-0,9997;;False
361,20;4.37;pa005​;20250404_115622;1;Marche2;-0,0273;1,4866;0,1162;0,0092;0,0125;0,0172;-0,9997;;False
361,21;4.39;pa005​;20250404_115622;1;Marche2;-0,0274;1,4867;0,1165;0,0097;0,0118;0,0181;-0,9997;;False
361,23;4.4;pa005​;20250404_115622;1;Marche2;-0,0275;1,4869;0,1168;0,0096;0,0110;0,0190;-0,9997;;False
361,24;4.42;pa005​;20250404_115622;1;Marche2;-0,0277;1,4869;0,1169;0,0091;0,0101;0,0201;-0,9997;;False
361,25;4.43;pa005​;20250404_115622;1;Marche2;-0,0277;1,4869;0,1171;0,0084;0,0093;0,0209;-0,9997;;False
361,27;4.44;pa005​;20250404_115622;1;Marche2;-0,0278;1,4869;0,1173;0,0076;0,0084;0,0215;-0,9997;;False
361,28;4.46;pa005​;20250404_115622;1;Marche2;-0,0278;1,4868;0,1174;0,0069;0,0073;0,0220;-0,9997;;False
361,30;4.47;pa005​;20250404_115622;1;Marche2;-0,0278;1,4867;0,1174;0,0062;0,0063;0,0224;-0,9997;;False
361,31;4.49;pa005​;20250404_115622;1;Marche2;-0,0278;1,4865;0,1174;0,0055;0,0051;0,0230;-0,9997;;False
361,33;4.5;pa005​;20250404_115622;1;Marche2;-0,0277;1,4864;0,1173;0,0048;0,0039;0,0239;-0,9997;;False
361,34;4.51;pa005​;20250404_115622;1;Marche2;-0,0277;1,4861;0,1171;0,0037;0,0025;0,0247;-0,9997;;False
361,35;4.53;pa005​;20250404_115622;1;Marche2;-0,0278;1,4858;0,1169;0,0023;0,0012;0,0255;-0,9997;;False
361,37;4.54;pa005​;20250404_115622;1;Marche2;-0,0279;1,4855;0,1167;0,0012;0,0000;0,0260;-0,9997;;False
361,38;4.56;pa005​;20250404_115622;1;Marche2;-0,0278;1,4852;0,1165;0,0008;-0,0013;0,0262;-0,9997;;False
361,39;4.57;pa005​;20250404_115622;1;Marche2;-0,0278;1,4851;0,1163;0,0005;-0,0026;0,0259;-0,9997;;False
361,41;4.58;pa005​;20250404_115622;1;Marche2;-0,0277;1,4850;0,1160;-0,0001;-0,0034;0,0252;-0,9997;;False
361,42;4.6;pa005​;20250404_115622;1;Marche2;-0,0275;1,4849;0,1157;-0,0007;-0,0045;0,0244;-0,9997;;False
361,44;4.61;pa005​;20250404_115622;1;Marche2;-0,0273;1,4849;0,1152;-0,0016;-0,0056;0,0239;-0,9997;;False
361,45;4.62;pa005​;20250404_115622;1;Marche2;-0,0271;1,4847;0,1147;-0,0026;-0,0069;0,0236;-0,9997;;False
361,46;4.64;pa005​;20250404_115622;1;Marche2;-0,0269;1,4847;0,1142;-0,0038;-0,0080;0,0233;-0,9997;;False
361,48;4.65;pa005​;20250404_115622;1;Marche2;-0,0267;1,4847;0,1137;-0,0044;-0,0091;0,0230;-0,9997;;False
361,49;4.67;pa005​;20250404_115622;1;Marche2;-0,0265;1,4847;0,1131;-0,0048;-0,0101;0,0229;-0,9997;;False
361,51;4.68;pa005​;20250404_115622;1;Marche2;-0,0265;1,4848;0,1124;-0,0050;-0,0111;0,0230;-0,9997;;False
361,52;4.69;pa005​;20250404_115622;1;Marche2;-0,0264;1,4850;0,1117;-0,0049;-0,0120;0,0230;-0,9997;;False
361,53;4.71;pa005​;20250404_115622;1;Marche2;-0,0263;1,4851;0,1110;-0,0050;-0,0128;0,0229;-0,9996;;False
361,55;4.72;pa005​;20250404_115622;1;Marche2;-0,0261;1,4853;0,1103;-0,0046;-0,0134;0,0230;-0,9996;;False
361,56;4.74;pa005​;20250404_115622;1;Marche2;-0,0259;1,4855;0,1096;-0,0046;-0,0139;0,0230;-0,9996;;False
361,57;4.75;pa005​;20250404_115622;1;Marche2;-0,0256;1,4856;0,1088;-0,0042;-0,0144;0,0231;-0,9996;;False
361,59;4.76;pa005​;20250404_115622;1;Marche2;-0,0254;1,4859;0,1081;-0,0038;-0,0148;0,0233;-0,9996;;False
361,60;4.78;pa005​;20250404_115622;1;Marche2;-0,0250;1,4860;0,1075;-0,0030;-0,0151;0,0237;-0,9996;;False
361,62;4.79;pa005​;20250404_115622;1;Marche2;-0,0248;1,4863;0,1068;-0,0020;-0,0155;0,0239;-0,9996;;False
361,63;4.8;pa005​;20250404_115622;1;Marche2;-0,0246;1,4865;0,1061;-0,0012;-0,0158;0,0241;-0,9996;;False
361,64;4.82;pa005​;20250404_115622;1;Marche2;-0,0243;1,4867;0,1054;-0,0006;-0,0159;0,0241;-0,9996;;False
361,66;4.83;pa005​;20250404_115622;1;Marche2;-0,0241;1,4869;0,1047;0,0000;-0,0162;0,0241;-0,9996;;False
361,67;4.85;pa005​;20250404_115622;1;Marche2;-0,0239;1,4871;0,1041;0,0004;-0,0164;0,0242;-0,9996;;False
361,69;4.86;pa005​;20250404_115622;1;Marche2;-0,0236;1,4874;0,1035;0,0008;-0,0166;0,0241;-0,9996;;False
361,70;4.87;pa005​;20250404_115622;1;Marche2;-0,0234;1,4876;0,1029;0,0014;-0,0170;0,0240;-0,9996;;False
361,71;4.89;pa005​;20250404_115622;1;Marche2;-0,0231;1,4878;0,1023;0,0019;-0,0172;0,0238;-0,9996;;False
361,73;4.9;pa005​;20250404_115622;1;Marche2;-0,0228;1,4880;0,1017;0,0027;-0,0175;0,0235;-0,9996;;False
361,74;4.92;pa005​;20250404_115622;1;Marche2;-0,0224;1,4882;0,1011;0,0034;-0,0177;0,0231;-0,9996;;False
361,76;4.93;pa005​;20250404_115622;1;Marche2;-0,0221;1,4883;0,1005;0,0043;-0,0177;0,0227;-0,9996;;False
361,77;4.94;pa005​;20250404_115622;1;Marche2;-0,0218;1,4885;0,0999;0,0051;-0,0176;0,0224;-0,9996;;False
361,78;4.96;pa005​;20250404_115622;1;Marche2;-0,0216;1,4886;0,0993;0,0059;-0,0173;0,0223;-0,9996;;False
361,80;4.97;pa005​;20250404_115622;1;Marche2;-0,0213;1,4888;0,0986;0,0069;-0,0167;0,0221;-0,9996;;False
361,81;4.99;pa005​;20250404_115622;1;Marche2;-0,0211;1,4891;0,0980;0,0076;-0,0162;0,0219;-0,9996;;False
361,82;5.0;pa005​;20250404_115622;1;Marche2;-0,0209;1,4893;0,0973;0,0088;-0,0154;0,0218;-0,9996;;False
361,84;5.01;pa005​;20250404_115622;1;Marche2;-0,0208;1,4896;0,0966;0,0099;-0,0147;0,0215;-0,9996;;False
361,85;5.03;pa005​;20250404_115622;1;Marche2;-0,0205;1,4899;0,0959;0,0110;-0,0137;0,0211;-0,9996;;False
361,87;5.04;pa005​;20250404_115622;1;Marche2;-0,0203;1,4902;0,0952;0,0129;-0,0128;0,0205;-0,9996;;False
361,88;5.05;pa005​;20250404_115622;1;Marche2;-0,0201;1,4906;0,0945;0,0144;-0,0117;0,0200;-0,9996;;False
361,89;5.07;pa005​;20250404_115622;1;Marche2;-0,0199;1,4910;0,0937;0,0162;-0,0108;0,0197;-0,9996;;False
361,91;5.08;pa005​;20250404_115622;1;Marche2;-0,0197;1,4914;0,0928;0,0180;-0,0098;0,0197;-0,9996;;False
361,92;5.1;pa005​;20250404_115622;1;Marche2;-0,0195;1,4919;0,0918;0,0200;-0,0089;0,0196;-0,9996;;False
361,94;5.11;pa005​;20250404_115622;1;Marche2;-0,0193;1,4924;0,0909;0,0220;-0,0079;0,0197;-0,9995;;False
361,95;5.12;pa005​;20250404_115622;1;Marche2;-0,0190;1,4930;0,0899;0,0250;-0,0070;0,0197;-0,9995;;False
361,96;5.14;pa005​;20250404_115622;1;Marche2;-0,0187;1,4935;0,0889;0,0275;-0,0061;0,0198;-0,9994;;False
361,98;5.15;pa005​;20250404_115622;1;Marche2;-0,0185;1,4940;0,0879;0,0301;-0,0053;0,0196;-0,9993;;False
361,99;5.17;pa005​;20250404_115622;1;Marche2;-0,0182;1,4946;0,0869;0,0327;-0,0046;0,0197;-0,9993;;False
362,01;5.18;pa005​;20250404_115622;1;Marche2;-0,0179;1,4952;0,0858;0,0359;-0,0041;0,0196;-0,9992;;False
362,02;5.19;pa005​;20250404_115622;1;Marche2;-0,0176;1,4957;0,0846;0,0385;-0,0037;0,0198;-0,9991;;False
362,03;5.21;pa005​;20250404_115622;1;Marche2;-0,0173;1,4962;0,0835;0,0413;-0,0033;0,0199;-0,9989;;False
362,05;5.22;pa005​;20250404_115622;1;Marche2;-0,0170;1,4968;0,0823;0,0436;-0,0028;0,0197;-0,9989;;False
362,06;5.24;pa005​;20250404_115622;1;Marche2;-0,0166;1,4973;0,0811;0,0460;-0,0022;0,0197;-0,9987;;False
362,07;5.25;pa005​;20250404_115622;1;Marche2;-0,0162;1,4976;0,0799;0,0484;-0,0018;0,0200;-0,9986;;False
362,09;5.26;pa005​;20250404_115622;1;Marche2;-0,0158;1,4981;0,0787;0,0504;-0,0012;0,0200;-0,9985;;False
362,10;5.28;pa005​;20250404_115622;1;Marche2;-0,0154;1,4984;0,0776;0,0522;-0,0005;0,0202;-0,9984;;False
362,12;5.29;pa005​;20250404_115622;1;Marche2;-0,0151;1,4988;0,0766;0,0535;0,0000;0,0206;-0,9984;;False
362,13;5.31;pa005​;20250404_115622;1;Marche2;-0,0147;1,4990;0,0755;0,0548;0,0007;0,0213;-0,9983;;False
362,14;5.32;pa005​;20250404_115622;1;Marche2;-0,0143;1,4993;0,0745;0,0558;0,0011;0,0219;-0,9982;;False
362,16;5.33;pa005​;20250404_115622;1;Marche2;-0,0139;1,4994;0,0735;0,0568;0,0016;0,0223;-0,9981;;False
362,17;5.35;pa005​;20250404_115622;1;Marche2;-0,0135;1,4995;0,0726;0,0575;0,0021;0,0223;-0,9981;;False
362,19;5.36;pa005​;20250404_115622;1;Marche2;-0,0130;1,4996;0,0717;0,0578;0,0027;0,0220;-0,9981;;False
362,20;5.37;pa005​;20250404_115622;1;Marche2;-0,0127;1,4996;0,0709;0,0580;0,0030;0,0217;-0,9981;;False
362,21;5.39;pa005​;20250404_115622;1;Marche2;-0,0122;1,4997;0,0701;0,0583;0,0034;0,0214;-0,9981;;False
362,23;5.4;pa005​;20250404_115622;1;Marche2;-0,0117;1,4997;0,0692;0,0586;0,0035;0,0212;-0,9981;;False
362,24;5.42;pa005​;20250404_115622;1;Marche2;-0,0112;1,4997;0,0685;0,0589;0,0037;0,0210;-0,9980;;False
362,26;5.43;pa005​;20250404_115622;1;Marche2;-0,0106;1,4997;0,0678;0,0589;0,0036;0,0210;-0,9980;;False
362,27;5.44;pa005​;20250404_115622;1;Marche2;-0,0101;1,4996;0,0673;0,0588;0,0034;0,0210;-0,9980;;False
362,28;5.46;pa005​;20250404_115622;1;Marche2;-0,0095;1,4995;0,0668;0,0585;0,0033;0,0212;-0,9981;;False
362,30;5.47;pa005​;20250404_115622;1;Marche2;-0,0090;1,4994;0,0663;0,0574;0,0029;0,0214;-0,9981;;False
362,31;5.48;pa005​;20250404_115622;1;Marche2;-0,0084;1,4992;0,0659;0,0561;0,0024;0,0217;-0,9982;;False
362,32;5.5;pa005​;20250404_115622;1;Marche2;-0,0078;1,4989;0,0655;0,0546;0,0017;0,0218;-0,9983;;False
362,34;5.51;pa005​;20250404_115622;1;Marche2;-0,0072;1,4986;0,0652;0,0529;0,0011;0,0222;-0,9984;;False
362,35;5.53;pa005​;20250404_115622;1;Marche2;-0,0065;1,4983;0,0648;0,0509;0,0004;0,0224;-0,9985;;False
362,37;5.54;pa005​;20250404_115622;1;Marche2;-0,0059;1,4981;0,0645;0,0498;-0,0004;0,0227;-0,9985;;False
362,38;5.55;pa005​;20250404_115622;1;Marche2;-0,0053;1,4980;0,0645;0,0491;-0,0014;0,0231;-0,9985;;False
362,39;5.57;pa005​;20250404_115622;1;Marche2;-0,0046;1,4978;0,0645;0,0481;-0,0023;0,0235;-0,9986;;False
362,41;5.58;pa005​;20250404_115622;1;Marche2;-0,0039;1,4975;0,0646;0,0469;-0,0031;0,0239;-0,9986;;False
362,42;5.6;pa005​;20250404_115622;1;Marche2;-0,0033;1,4973;0,0646;0,0456;-0,0041;0,0244;-0,9987;;False
362,44;5.61;pa005​;20250404_115622;1;Marche2;-0,0026;1,4970;0,0647;0,0443;-0,0050;0,0246;-0,9987;;False
362,45;5.62;pa005​;20250404_115622;1;Marche2;-0,0020;1,4968;0,0648;0,0429;-0,0060;0,0250;-0,9987;;False
362,46;5.64;pa005​;20250404_115622;1;Marche2;-0,0014;1,4966;0,0651;0,0418;-0,0069;0,0251;-0,9988;;False
362,48;5.65;pa005​;20250404_115622;1;Marche2;-0,0008;1,4964;0,0653;0,0408;-0,0077;0,0253;-0,9988;;False
362,49;5.67;pa005​;20250404_115622;1;Marche2;-0,0001;1,4961;0,0656;0,0398;-0,0083;0,0253;-0,9989;;False
362,51;5.68;pa005​;20250404_115622;1;Marche2;0,0004;1,4959;0,0658;0,0385;-0,0092;0,0253;-0,9989;;False
362,52;5.69;pa005​;20250404_115622;1;Marche2;0,0009;1,4956;0,0661;0,0370;-0,0098;0,0251;-0,9990;;False
362,53;5.71;pa005​;20250404_115622;1;Marche2;0,0014;1,4953;0,0663;0,0353;-0,0105;0,0251;-0,9990;;False
362,55;5.72;pa005​;20250404_115622;1;Marche2;0,0019;1,4951;0,0668;0,0338;-0,0110;0,0250;-0,9991;;False
362,56;5.74;pa005​;20250404_115622;1;Marche2;0,0023;1,4950;0,0672;0,0334;-0,0116;0,0250;-0,9991;;False
362,57;5.75;pa005​;20250404_115622;1;Marche2;0,0028;1,4948;0,0676;0,0330;-0,0118;0,0250;-0,9991;;False
362,59;5.76;pa005​;20250404_115622;1;Marche2;0,0032;1,4948;0,0679;0,0323;-0,0118;0,0248;-0,9991;;False
362,60;5.78;pa005​;20250404_115622;1;Marche2;0,0036;1,4947;0,0683;0,0319;-0,0119;0,0248;-0,9991;;False
362,62;5.79;pa005​;20250404_115622;1;Marche2;0,0039;1,4946;0,0686;0,0315;-0,0119;0,0247;-0,9991;;False
362,63;5.8;pa005​;20250404_115622;1;Marche2;0,0043;1,4946;0,0690;0,0309;-0,0117;0,0248;-0,9991;;False
362,65;5.82;pa005​;20250404_115622;1;Marche2;0,0046;1,4946;0,0693;0,0307;-0,0116;0,0249;-0,9992;;False
362,66;5.83;pa005​;20250404_115622;1;Marche2;0,0050;1,4946;0,0696;0,0307;-0,0116;0,0249;-0,9992;;False
362,67;5.85;pa005​;20250404_115622;1;Marche2;0,0053;1,4945;0,0700;0,0307;-0,0116;0,0249;-0,9992;;False
362,69;5.86;pa005​;20250404_115622;1;Marche2;0,0056;1,4945;0,0702;0,0306;-0,0114;0,0248;-0,9992;;False
362,70;5.87;pa005​;20250404_115622;1;Marche2;0,0058;1,4945;0,0704;0,0305;-0,0112;0,0248;-0,9992;;False
362,71;5.89;pa005​;20250404_115622;1;Marche2;0,0060;1,4944;0,0705;0,0302;-0,0109;0,0251;-0,9992;;False
362,73;5.9;pa005​;20250404_115622;1;Marche2;0,0062;1,4944;0,0706;0,0296;-0,0107;0,0251;-0,9992;;False
362,74;5.92;pa005​;20250404_115622;1;Marche2;0,0065;1,4944;0,0708;0,0294;-0,0104;0,0250;-0,9992;;False
362,76;5.93;pa005​;20250404_115622;1;Marche2;0,0066;1,4944;0,0708;0,0297;-0,0100;0,0246;-0,9992;;False
362,77;5.94;pa005​;20250404_115622;1;Marche2;0,0067;1,4945;0,0709;0,0301;-0,0095;0,0244;-0,9992;;False
362,78;5.96;pa005​;20250404_115622;1;Marche2;0,0068;1,4946;0,0709;0,0308;-0,0088;0,0241;-0,9992;;False
362,80;5.97;pa005​;20250404_115622;1;Marche2;0,0068;1,4948;0,0710;0,0318;-0,0081;0,0242;-0,9992;;False
362,81;5.99;pa005​;20250404_115622;1;Marche2;0,0068;1,4949;0,0710;0,0321;-0,0075;0,0241;-0,9992;;False
362,83;6.0;pa005​;20250404_115622;1;Marche2;0,0067;1,4950;0,0711;0,0321;-0,0067;0,0239;-0,9992;;False
362,84;6.01;pa005​;20250404_115622;1;Marche2;0,0066;1,4950;0,0711;0,0325;-0,0059;0,0237;-0,9992;;False
362,85;6.03;pa005​;20250404_115622;1;Marche2;0,0065;1,4951;0,0712;0,0334;-0,0052;0,0235;-0,9992;;False
362,87;6.04;pa005​;20250404_115622;1;Marche2;0,0064;1,4952;0,0713;0,0338;-0,0045;0,0235;-0,9991;;False
362,88;6.05;pa005​;20250404_115622;1;Marche2;0,0063;1,4952;0,0713;0,0331;-0,0039;0,0234;-0,9992;;False
362,89;6.07;pa005​;20250404_115622;1;Marche2;0,0062;1,4950;0,0712;0,0318;-0,0032;0,0233;-0,9992;;False
362,91;6.08;pa005​;20250404_115622;1;Marche2;0,0060;1,4949;0,0712;0,0306;-0,0026;0,0230;-0,9993;;False
362,92;6.1;pa005​;20250404_115622;1;Marche2;0,0058;1,4948;0,0711;0,0297;-0,0021;0,0224;-0,9993;;False
362,94;6.11;pa005​;20250404_115622;1;Marche2;0,0056;1,4947;0,0711;0,0289;-0,0018;0,0219;-0,9993;;False
362,95;6.12;pa005​;20250404_115622;1;Marche2;0,0054;1,4946;0,0712;0,0287;-0,0014;0,0215;-0,9994;;False
362,96;6.14;pa005​;20250404_115622;1;Marche2;0,0051;1,4946;0,0712;0,0284;-0,0010;0,0211;-0,9994;;False
362,98;6.15;pa005​;20250404_115622;1;Marche2;0,0049;1,4947;0,0713;0,0284;-0,0006;0,0203;-0,9994;;False
362,99;6.17;pa005​;20250404_115622;1;Marche2;0,0046;1,4947;0,0713;0,0277;-0,0005;0,0193;-0,9994;;False
363,01;6.18;pa005​;20250404_115622;1;Marche2;0,0044;1,4946;0,0712;0,0267;-0,0005;0,0185;-0,9995;;False
363,02;6.19;pa005​;20250404_115622;1;Marche2;0,0040;1,4944;0,0710;0,0255;-0,0006;0,0176;-0,9995;;False
363,03;6.21;pa005​;20250404_115622;1;Marche2;0,0036;1,4943;0,0707;0,0240;-0,0007;0,0169;-0,9996;;False
363,05;6.22;pa005​;20250404_115622;1;Marche2;0,0032;1,4942;0,0704;0,0225;-0,0009;0,0157;-0,9996;;False
363,06;6.24;pa005​;20250404_115622;1;Marche2;0,0029;1,4940;0,0700;0,0204;-0,0011;0,0139;-0,9997;;False
363,08;6.25;pa005​;20250404_115622;1;Marche2;0,0026;1,4938;0,0696;0,0179;-0,0014;0,0119;-0,9998;;False
363,09;6.26;pa005​;20250404_115622;1;Marche2;0,0023;1,4935;0,0692;0,0150;-0,0017;0,0100;-0,9998;;False
363,10;6.28;pa005​;20250404_115622;1;Marche2;0,0019;1,4933;0,0689;0,0121;-0,0021;0,0084;-0,9999;;False
363,12;6.29;pa005​;20250404_115622;1;Marche2;0,0015;1,4934;0,0688;0,0111;-0,0023;0,0077;-0,9999;;False
363,13;6.31;pa005​;20250404_115622;1;Marche2;0,0011;1,4935;0,0687;0,0120;-0,0025;0,0079;-0,9999;;False
363,14;6.32;pa005​;20250404_115622;1;Marche2;0,0007;1,4938;0,0688;0,0137;-0,0028;0,0093;-0,9999;;False
363,16;6.33;pa005​;20250404_115622;1;Marche2;0,0005;1,4940;0,0688;0,0167;-0,0027;0,0109;-0,9998;;False
363,17;6.35;pa005​;20250404_115622;1;Marche2;0,0002;1,4944;0,0689;0,0188;-0,0026;0,0122;-0,9997;;False
363,19;6.36;pa005​;20250404_115622;1;Marche2;-0,0001;1,4946;0,0689;0,0216;-0,0026;0,0134;-0,9997;;False
363,20;6.37;pa005​;20250404_115622;1;Marche2;-0,0003;1,4946;0,0688;0,0227;-0,0029;0,0146;-0,9996;;False
363,21;6.39;pa005​;20250404_115622;1;Marche2;-0,0005;1,4948;0,0689;0,0234;-0,0029;0,0153;-0,9996;;False
363,23;6.4;pa005​;20250404_115622;1;Marche2;-0,0007;1,4951;0,0693;0,0251;-0,0028;0,0155;-0,9996;;False
363,24;6.42;pa005​;20250404_115622;1;Marche2;-0,0010;1,4951;0,0692;0,0267;-0,0034;0,0151;-0,9995;;False
363,26;6.43;pa005​;20250404_115622;1;Marche2;-0,0012;1,4953;0,0694;0,0271;-0,0036;0,0154;-0,9995;;False
363,27;6.44;pa005​;20250404_115622;1;Marche2;-0,0014;1,4951;0,0695;0,0265;-0,0044;0,0160;-0,9995;;False
363,28;6.46;pa005​;20250404_115622;1;Marche2;-0,0016;1,4949;0,0698;0,0265;-0,0045;0,0164;-0,9995;;False
363,30;6.47;pa005​;20250404_115622;1;Marche2;-0,0018;1,4947;0,0702;0,0259;-0,0047;0,0170;-0,9995;;False
363,31;6.49;pa005​;20250404_115622;1;Marche2;-0,0020;1,4947;0,0705;0,0263;-0,0054;0,0171;-0,9995;;False
363,33;6.5;pa005​;20250404_115622;1;Marche2;-0,0023;1,4951;0,0709;0,0279;-0,0056;0,0173;-0,9994;;False
363,34;6.51;pa005​;20250404_115622;1;Marche2;-0,0025;1,4954;0,0709;0,0309;-0,0058;0,0178;-0,9993;;False
363,35;6.53;pa005​;20250404_115622;1;Marche2;-0,0028;1,4958;0,0709;0,0338;-0,0060;0,0188;-0,9992;;False
363,37;6.54;pa005​;20250404_115622;1;Marche2;-0,0032;1,4961;0,0708;0,0362;-0,0060;0,0197;-0,9991;;False
363,38;6.56;pa005​;20250404_115622;1;Marche2;-0,0035;1,4966;0,0708;0,0384;-0,0059;0,0202;-0,9990;;False
363,39;6.57;pa005​;20250404_115622;1;Marche2;-0,0039;1,4969;0,0706;0,0413;-0,0054;0,0204;-0,9989;;False
363,41;6.58;pa005​;20250404_115622;1;Marche2;-0,0043;1,4973;0,0708;0,0432;-0,0046;0,0195;-0,9989;;False
363,42;6.6;pa005​;20250404_115622;1;Marche2;-0,0045;1,4977;0,0707;0,0456;-0,0038;0,0187;-0,9988;;False
363,44;6.61;pa005​;20250404_115622;1;Marche2;-0,0049;1,4981;0,0708;0,0479;-0,0033;0,0180;-0,9987;;False
363,45;6.62;pa005​;20250404_115622;1;Marche2;-0,0053;1,4984;0,0712;0,0499;-0,0029;0,0179;-0,9986;;False
363,46;6.64;pa005​;20250404_115622;1;Marche2;-0,0057;1,4987;0,0714;0,0512;-0,0026;0,0180;-0,9985;;False
363,48;6.65;pa005​;20250404_115622;1;Marche2;-0,0062;1,4990;0,0719;0,0523;-0,0024;0,0184;-0,9985;;False
363,49;6.67;pa005​;20250404_115622;1;Marche2;-0,0066;1,4992;0,0724;0,0532;-0,0020;0,0193;-0,9984;;False
363,50;6.68;pa005​;20250404_115622;1;Marche2;-0,0071;1,4994;0,0727;0,0541;-0,0017;0,0203;-0,9983;;False
363,52;6.69;pa005​;20250404_115622;1;Marche2;-0,0076;1,4996;0,0731;0,0552;-0,0012;0,0204;-0,9983;;False
363,53;6.71;pa005​;20250404_115622;1;Marche2;-0,0081;1,4996;0,0735;0,0555;-0,0009;0,0207;-0,9982;;False
363,55;6.72;pa005​;20250404_115622;1;Marche2;-0,0086;1,4997;0,0740;0,0555;-0,0003;0,0209;-0,9982;;False
363,56;6.74;pa005​;20250404_115622;1;Marche2;-0,0092;1,4997;0,0744;0,0553;0,0000;0,0207;-0,9983;;False
363,57;6.75;pa005​;20250404_115622;1;Marche2;-0,0098;1,4996;0,0748;0,0551;0,0002;0,0207;-0,9983;;False
363,59;6.76;pa005​;20250404_115622;1;Marche2;-0,0104;1,4995;0,0753;0,0543;0,0004;0,0205;-0,9983;;False
363,60;6.78;pa005​;20250404_115622;1;Marche2;-0,0111;1,4994;0,0758;0,0537;0,0006;0,0203;-0,9983;;False
363,62;6.79;pa005​;20250404_115622;1;Marche2;-0,0118;1,4994;0,0763;0,0531;0,0008;0,0199;-0,9984;;False
363,63;6.8;pa005​;20250404_115622;1;Marche2;-0,0125;1,4993;0,0768;0,0525;0,0011;0,0195;-0,9984;;False
363,64;6.82;pa005​;20250404_115622;1;Marche2;-0,0132;1,4992;0,0774;0,0522;0,0016;0,0193;-0,9985;;False
363,66;6.83;pa005​;20250404_115622;1;Marche2;-0,0141;1,4993;0,0779;0,0522;0,0019;0,0191;-0,9985;;False
363,67;6.85;pa005​;20250404_115622;1;Marche2;-0,0149;1,4994;0,0786;0,0526;0,0027;0,0191;-0,9984;;False
363,69;6.86;pa005​;20250404_115622;1;Marche2;-0,0158;1,4994;0,0792;0,0527;0,0033;0,0193;-0,9984;;False
363,70;6.87;pa005​;20250404_115622;1;Marche2;-0,0167;1,4995;0,0799;0,0525;0,0039;0,0197;-0,9984;;False
363,72;6.89;pa005​;20250404_115622;1;Marche2;-0,0175;1,4996;0,0806;0,0523;0,0045;0,0201;-0,9984;;False
363,73;6.9;pa005​;20250404_115622;1;Marche2;-0,0183;1,4994;0,0814;0,0521;0,0052;0,0207;-0,9984;;False
363,74;6.92;pa005​;20250404_115622;1;Marche2;-0,0191;1,4994;0,0821;0,0517;0,0057;0,0210;-0,9984;;False
363,76;6.93;pa005​;20250404_115622;1;Marche2;-0,0199;1,4993;0,0829;0,0515;0,0057;0,0217;-0,9984;;False
363,77;6.94;pa005​;20250404_115622;1;Marche2;-0,0206;1,4991;0,0835;0,0506;0,0055;0,0224;-0,9985;;False
363,78;6.96;pa005​;20250404_115622;1;Marche2;-0,0213;1,4989;0,0842;0,0494;0,0050;0,0228;-0,9985;;False
363,80;6.97;pa005​;20250404_115622;1;Marche2;-0,0219;1,4987;0,0848;0,0480;0,0045;0,0228;-0,9986;;False
363,81;6.99;pa005​;20250404_115622;1;Marche2;-0,0224;1,4985;0,0854;0,0462;0,0037;0,0227;-0,9987;;False
363,83;7.0;pa005​;20250404_115622;1;Marche2;-0,0230;1,4982;0,0861;0,0445;0,0027;0,0229;-0,9987;;False
363,84;7.01;pa005​;20250404_115622;1;Marche2;-0,0234;1,4980;0,0866;0,0430;0,0016;0,0232;-0,9988;;False
363,85;7.03;pa005​;20250404_115622;1;Marche2;-0,0239;1,4978;0,0871;0,0418;0,0003;0,0237;-0,9988;;False
363,87;7.04;pa005​;20250404_115622;1;Marche2;-0,0242;1,4976;0,0875;0,0411;-0,0009;0,0240;-0,9989;;False
363,88;7.06;pa005​;20250404_115622;1;Marche2;-0,0246;1,4974;0,0878;0,0405;-0,0022;0,0241;-0,9989;;False
363,89;7.07;pa005​;20250404_115622;1;Marche2;-0,0249;1,4970;0,0880;0,0393;-0,0036;0,0244;-0,9989;;False
363,91;7.08;pa005​;20250404_115622;1;Marche2;-0,0253;1,4967;0,0882;0,0375;-0,0048;0,0246;-0,9990;;False
363,92;7.1;pa005​;20250404_115622;1;Marche2;-0,0257;1,4963;0,0883;0,0361;-0,0064;0,0246;-0,9990;;False
363,94;7.11;pa005​;20250404_115622;1;Marche2;-0,0259;1,4960;0,0883;0,0344;-0,0078;0,0247;-0,9991;;False
363,95;7.12;pa005​;20250404_115622;1;Marche2;-0,0262;1,4957;0,0883;0,0324;-0,0093;0,0248;-0,9991;;False
363,96;7.14;pa005​;20250404_115622;1;Marche2;-0,0265;1,4955;0,0883;0,0315;-0,0110;0,0252;-0,9991;;False
363,98;7.15;pa005​;20250404_115622;1;Marche2;-0,0266;1,4953;0,0881;0,0311;-0,0123;0,0258;-0,9991;;False
363,99;7.17;pa005​;20250404_115622;1;Marche2;-0,0269;1,4952;0,0879;0,0304;-0,0138;0,0257;-0,9991;;False
364,01;7.18;pa005​;20250404_115622;1;Marche2;-0,0271;1,4950;0,0875;0,0298;-0,0153;0,0255;-0,9991;;False
364,02;7.19;pa005​;20250404_115622;1;Marche2;-0,0273;1,4948;0,0871;0,0290;-0,0165;0,0248;-0,9991;;False
364,03;7.21;pa005​;20250404_115622;1;Marche2;-0,0275;1,4945;0,0866;0,0281;-0,0177;0,0243;-0,9992;;False
364,05;7.22;pa005​;20250404_115622;1;Marche2;-0,0278;1,4943;0,0860;0,0271;-0,0190;0,0239;-0,9992;;False
364,06;7.24;pa005​;20250404_115622;1;Marche2;-0,0279;1,4942;0,0855;0,0265;-0,0200;0,0234;-0,9992;;False
364,07;7.25;pa005​;20250404_115622;1;Marche2;-0,0281;1,4943;0,0850;0,0261;-0,0209;0,0230;-0,9992;;False
364,09;7.26;pa005​;20250404_115622;1;Marche2;-0,0283;1,4942;0,0845;0,0263;-0,0215;0,0229;-0,9992;;False
364,10;7.28;pa005​;20250404_115622;1;Marche2;-0,0284;1,4942;0,0838;0,0260;-0,0221;0,0230;-0,9992;;False
364,12;7.29;pa005​;20250404_115622;1;Marche2;-0,0285;1,4942;0,0832;0,0254;-0,0226;0,0231;-0,9992;;False
364,13;7.31;pa005​;20250404_115622;1;Marche2;-0,0287;1,4941;0,0826;0,0250;-0,0230;0,0234;-0,9991;;False
364,14;7.32;pa005​;20250404_115622;1;Marche2;-0,0287;1,4941;0,0819;0,0246;-0,0233;0,0236;-0,9991;;False
364,16;7.33;pa005​;20250404_115622;1;Marche2;-0,0287;1,4940;0,0814;0,0246;-0,0238;0,0240;-0,9991;;False
364,17;7.35;pa005​;20250404_115622;1;Marche2;-0,0287;1,4940;0,0808;0,0238;-0,0246;0,0246;-0,9991;;False
364,19;7.36;pa005​;20250404_115622;1;Marche2;-0,0287;1,4938;0,0801;0,0231;-0,0253;0,0251;-0,9991;;False
364,20;7.37;pa005​;20250404_115622;1;Marche2;-0,0286;1,4937;0,0795;0,0220;-0,0263;0,0255;-0,9991;;False
364,21;7.39;pa005​;20250404_115622;1;Marche2;-0,0286;1,4935;0,0790;0,0211;-0,0273;0,0259;-0,9991;;False
364,23;7.4;pa005​;20250404_115622;1;Marche2;-0,0285;1,4933;0,0785;0,0200;-0,0286;0,0263;-0,9990;;False
364,24;7.42;pa005​;20250404_115622;1;Marche2;-0,0283;1,4931;0,0780;0,0183;-0,0299;0,0266;-0,9990;;False
364,26;7.43;pa005​;20250404_115622;1;Marche2;-0,0282;1,4929;0,0776;0,0168;-0,0316;0,0269;-0,9990;;False
364,27;7.44;pa005​;20250404_115622;1;Marche2;-0,0278;1,4926;0,0775;0,0152;-0,0334;0,0271;-0,9990;;False
364,28;7.46;pa005​;20250404_115622;1;Marche2;-0,0274;1,4923;0,0772;0,0138;-0,0350;0,0270;-0,9989;;False
364,30;7.47;pa005​;20250404_115622;1;Marche2;-0,0272;1,4921;0,0769;0,0128;-0,0366;0,0264;-0,9989;;False
364,31;7.49;pa005​;20250404_115622;1;Marche2;-0,0270;1,4920;0,0767;0,0118;-0,0379;0,0258;-0,9989;;False
364,33;7.5;pa005​;20250404_115622;1;Marche2;-0,0268;1,4918;0,0764;0,0117;-0,0390;0,0253;-0,9989;;False
364,34;7.51;pa005​;20250404_115622;1;Marche2;-0,0266;1,4917;0,0762;0,0112;-0,0398;0,0248;-0,9988;;False
364,35;7.53;pa005​;20250404_115622;1;Marche2;-0,0265;1,4916;0,0760;0,0106;-0,0404;0,0245;-0,9988;;False
364,37;7.54;pa005​;20250404_115622;1;Marche2;-0,0263;1,4914;0,0759;0,0103;-0,0410;0,0246;-0,9988;;False
364,38;7.55;pa005​;20250404_115622;1;Marche2;-0,0262;1,4914;0,0758;0,0100;-0,0414;0,0248;-0,9988;;False
364,40;7.57;pa005​;20250404_115622;1;Marche2;-0,0260;1,4912;0,0756;0,0094;-0,0418;0,0253;-0,9988;;False
364,41;7.58;pa005​;20250404_115622;1;Marche2;-0,0258;1,4912;0,0755;0,0087;-0,0420;0,0255;-0,9988;;False
364,42;7.6;pa005​;20250404_115622;1;Marche2;-0,0255;1,4910;0,0755;0,0081;-0,0424;0,0253;-0,9987;;False
364,44;7.61;pa005​;20250404_115622;1;Marche2;-0,0252;1,4908;0,0755;0,0078;-0,0425;0,0251;-0,9988;;False
364,45;7.62;pa005​;20250404_115622;1;Marche2;-0,0249;1,4906;0,0755;0,0071;-0,0428;0,0248;-0,9988;;False
364,46;7.64;pa005​;20250404_115622;1;Marche2;-0,0246;1,4905;0,0755;0,0063;-0,0429;0,0242;-0,9988;;False
364,48;7.65;pa005​;20250404_115622;1;Marche2;-0,0242;1,4904;0,0754;0,0055;-0,0431;0,0236;-0,9988;;False
364,49;7.67;pa005​;20250404_115622;1;Marche2;-0,0240;1,4903;0,0754;0,0051;-0,0435;0,0236;-0,9988;;False
364,50;7.68;pa005​;20250404_115622;1;Marche2;-0,0236;1,4902;0,0755;0,0047;-0,0441;0,0239;-0,9987;;False
364,52;7.69;pa005​;20250404_115622;1;Marche2;-0,0233;1,4901;0,0756;0,0044;-0,0449;0,0244;-0,9987;;False
364,53;7.71;pa005​;20250404_115622;1;Marche2;-0,0229;1,4900;0,0756;0,0041;-0,0457;0,0246;-0,9986;;False
364,55;7.72;pa005​;20250404_115622;1;Marche2;-0,0226;1,4897;0,0756;0,0036;-0,0466;0,0243;-0,9986;;False
364,56;7.74;pa005​;20250404_115622;1;Marche2;-0,0221;1,4897;0,0756;0,0025;-0,0475;0,0235;-0,9986;;False
364,57;7.75;pa005​;20250404_115622;1;Marche2;-0,0216;1,4896;0,0755;0,0015;-0,0479;0,0225;-0,9986;;False
364,59;7.76;pa005​;20250404_115622;1;Marche2;-0,0211;1,4897;0,0756;0,0010;-0,0487;0,0214;-0,9986;;False
364,60;7.78;pa005​;20250404_115622;1;Marche2;-0,0205;1,4898;0,0757;0,0018;-0,0492;0,0202;-0,9986;;False
364,62;7.79;pa005​;20250404_115622;1;Marche2;-0,0199;1,4899;0,0757;0,0020;-0,0500;0,0197;-0,9986;;False
364,63;7.8;pa005​;20250404_115622;1;Marche2;-0,0194;1,4897;0,0757;0,0024;-0,0514;0,0199;-0,9985;;False
364,64;7.82;pa005​;20250404_115622;1;Marche2;-0,0188;1,4894;0,0756;0,0015;-0,0525;0,0203;-0,9984;;False
364,66;7.83;pa005​;20250404_115622;1;Marche2;-0,0182;1,4891;0,0754;-0,0003;-0,0538;0,0209;-0,9983;;False
364,67;7.85;pa005​;20250404_115622;1;Marche2;-0,0177;1,4889;0,0753;-0,0021;-0,0548;0,0212;-0,9983;;False
364,69;7.86;pa005​;20250404_115622;1;Marche2;-0,0172;1,4886;0,0751;-0,0031;-0,0555;0,0215;-0,9982;;False
364,70;7.87;pa005​;20250404_115622;1;Marche2;-0,0168;1,4885;0,0749;-0,0047;-0,0564;0,0225;-0,9981;;False
364,71;7.89;pa005​;20250404_115622;1;Marche2;-0,0164;1,4884;0,0748;-0,0047;-0,0572;0,0233;-0,9981;;False
364,73;7.9;pa005​;20250404_115622;1;Marche2;-0,0159;1,4885;0,0745;-0,0046;-0,0576;0,0238;-0,9980;;False
364,74;7.92;pa005​;20250404_115622;1;Marche2;-0,0154;1,4885;0,0742;-0,0046;-0,0580;0,0238;-0,9980;;False
364,76;7.93;pa005​;20250404_115622;1;Marche2;-0,0150;1,4888;0,0740;-0,0040;-0,0584;0,0234;-0,9980;;False
364,77;7.94;pa005​;20250404_115622;1;Marche2;-0,0145;1,4890;0,0737;-0,0028;-0,0588;0,0230;-0,9980;;False
364,78;7.96;pa005​;20250404_115622;1;Marche2;-0,0140;1,4891;0,0733;-0,0027;-0,0596;0,0230;-0,9980;;False
364,80;7.97;pa005​;20250404_115622;1;Marche2;-0,0137;1,4894;0,0730;-0,0018;-0,0606;0,0233;-0,9979;;False
364,81;7.99;pa005​;20250404_115622;1;Marche2;-0,0132;1,4895;0,0726;-0,0007;-0,0616;0,0241;-0,9978;;False
364,82;8.0;pa005​;20250404_115622;1;Marche2;-0,0130;1,4896;0,0723;0,0001;-0,0626;0,0246;-0,9977;;False
364,84;8.01;pa005​;20250404_115622;1;Marche2;-0,0128;1,4898;0,0720;0,0013;-0,0635;0,0246;-0,9977;;False
364,85;8.03;pa005​;20250404_115622;1;Marche2;-0,0125;1,4899;0,0717;0,0020;-0,0641;0,0250;-0,9976;;False
364,87;8.04;pa005​;20250404_115622;1;Marche2;-0,0122;1,4900;0,0715;0,0027;-0,0647;0,0254;-0,9976;;False
364,88;8.05;pa005​;20250404_115622;1;Marche2;-0,0120;1,4901;0,0712;0,0029;-0,0649;0,0256;-0,9976;;False
364,89;8.07;pa005​;20250404_115622;1;Marche2;-0,0118;1,4903;0,0711;0,0035;-0,0651;0,0257;-0,9975;;False
364,91;8.08;pa005​;20250404_115622;1;Marche2;-0,0116;1,4904;0,0709;0,0038;-0,0652;0,0257;-0,9975;;False
364,92;8.1;pa005​;20250404_115622;1;Marche2;-0,0114;1,4904;0,0707;0,0044;-0,0653;0,0257;-0,9975;;False
364,94;8.11;pa005​;20250404_115622;1;Marche2;-0,0113;1,4903;0,0704;0,0044;-0,0655;0,0255;-0,9975;;False
364,95;8.12;pa005​;20250404_115622;1;Marche2;-0,0111;1,4904;0,0702;0,0040;-0,0658;0,0255;-0,9975;;False
364,96;8.14;pa005​;20250404_115622;1;Marche2;-0,0110;1,4902;0,0700;0,0032;-0,0661;0,0256;-0,9975;;False
364,98;8.15;pa005​;20250404_115622;1;Marche2;-0,0110;1,4901;0,0699;0,0025;-0,0665;0,0257;-0,9975;;False
364,99;8.17;pa005​;20250404_115622;1;Marche2;-0,0110;1,4901;0,0698;0,0018;-0,0669;0,0256;-0,9974;;False
365,01;8.18;pa005​;20250404_115622;1;Marche2;-0,0111;1,4901;0,0697;0,0023;-0,0672;0,0258;-0,9974;;False
365,02;8.19;pa005​;20250404_115622;1;Marche2;-0,0111;1,4901;0,0695;0,0026;-0,0676;0,0262;-0,9974;;False
365,03;8.21;pa005​;20250404_115622;1;Marche2;-0,0111;1,4900;0,0693;0,0025;-0,0676;0,0265;-0,9974;;False
365,05;8.22;pa005​;20250404_115622;1;Marche2;-0,0111;1,4900;0,0690;0,0025;-0,0675;0,0264;-0,9974;;False
365,06;8.23;pa005​;20250404_115622;1;Marche2;-0,0112;1,4901;0,0688;0,0031;-0,0673;0,0262;-0,9974;;False
365,07;8.25;pa005​;20250404_115622;1;Marche2;-0,0112;1,4901;0,0686;0,0038;-0,0669;0,0260;-0,9974;;False
365,09;8.26;pa005​;20250404_115622;1;Marche2;-0,0113;1,4902;0,0684;0,0042;-0,0664;0,0253;-0,9975;;False
365,10;8.28;pa005​;20250404_115622;1;Marche2;-0,0113;1,4904;0,0682;0,0048;-0,0659;0,0247;-0,9975;;False
365,12;8.29;pa005​;20250404_115622;1;Marche2;-0,0114;1,4904;0,0681;0,0054;-0,0658;0,0242;-0,9975;;False
365,13;8.31;pa005​;20250404_115622;1;Marche2;-0,0114;1,4904;0,0679;0,0044;-0,0659;0,0242;-0,9975;;False
365,14;8.32;pa005​;20250404_115622;1;Marche2;-0,0115;1,4904;0,0677;0,0041;-0,0661;0,0242;-0,9975;;False
365,16;8.33;pa005​;20250404_115622;1;Marche2;-0,0115;1,4904;0,0677;0,0036;-0,0662;0,0244;-0,9975;;False
365,17;8.35;pa005​;20250404_115622;1;Marche2;-0,0115;1,4904;0,0676;0,0034;-0,0665;0,0245;-0,9975;;False
365,18;8.36;pa005​;20250404_115622;1;Marche2;-0,0114;1,4903;0,0673;0,0033;-0,0667;0,0244;-0,9975;;False
365,20;8.37;pa005​;20250404_115622;1;Marche2;-0,0114;1,4901;0,0671;0,0018;-0,0670;0,0246;-0,9974;;False
365,21;8.39;pa005​;20250404_115622;1;Marche2;-0,0113;1,4901;0,0669;0,0023;-0,0669;0,0246;-0,9975;;False
365,23;8.4;pa005​;20250404_115622;1;Marche2;-0,0113;1,4900;0,0667;0,0019;-0,0670;0,0249;-0,9974;;False
365,24;8.41;pa005​;20250404_115622;1;Marche2;-0,0113;1,4900;0,0665;0,0020;-0,0670;0,0254;-0,9974;;False
365,25;8.43;pa005​;20250404_115622;1;Marche2;-0,0113;1,4900;0,0663;0,0019;-0,0670;0,0257;-0,9974;;False
365,27;8.44;pa005​;20250404_115622;1;Marche2;-0,0114;1,4900;0,0661;0,0021;-0,0670;0,0261;-0,9974;;False
365,28;8.46;pa005​;20250404_115622;1;Marche2;-0,0114;1,4899;0,0659;0,0020;-0,0671;0,0264;-0,9974;;False
365,30;8.47;pa005​;20250404_115622;1;Marche2;-0,0114;1,4899;0,0658;0,0023;-0,0672;0,0261;-0,9974;;False
365,31;8.49;pa005​;20250404_115622;1;Marche2;-0,0113;1,4899;0,0657;0,0024;-0,0672;0,0258;-0,9974;;False
365,32;8.5;pa005​;20250404_115622;1;Marche2;-0,0113;1,4898;0,0657;0,0022;-0,0672;0,0250;-0,9974;;False
365,34;8.51;pa005​;20250404_115622;1;Marche2;-0,0113;1,4897;0,0656;0,0021;-0,0673;0,0246;-0,9974;;False
365,35;8.53;pa005​;20250404_115622;1;Marche2;-0,0112;1,4897;0,0656;0,0021;-0,0673;0,0241;-0,9974;;False
365,37;8.54;pa005​;20250404_115622;1;Marche2;-0,0111;1,4898;0,0655;0,0024;-0,0673;0,0238;-0,9974;;False
365,38;8.55;pa005​;20250404_115622;1;Marche2;-0,0110;1,4898;0,0655;0,0023;-0,0672;0,0239;-0,9975;;False
365,39;8.57;pa005​;20250404_115622;1;Marche2;-0,0110;1,4898;0,0654;0,0026;-0,0670;0,0240;-0,9975;;False
365,41;8.58;pa005​;20250404_115622;1;Marche2;-0,0110;1,4899;0,0654;0,0028;-0,0666;0,0243;-0,9975;;False
365,42;8.6;pa005​;20250404_115622;1;Marche2;-0,0109;1,4899;0,0654;0,0029;-0,0662;0,0243;-0,9975;;False
365,44;8.61;pa005​;20250404_115622;1;Marche2;-0,0109;1,4899;0,0654;0,0030;-0,0657;0,0242;-0,9975;;False
365,45;8.62;pa005​;20250404_115622;1;Marche2;-0,0108;1,4899;0,0655;0,0031;-0,0651;0,0243;-0,9976;;False
365,46;8.64;pa005​;20250404_115622;1;Marche2;-0,0108;1,4899;0,0655;0,0032;-0,0645;0,0243;-0,9976;;False
365,48;8.65;pa005​;20250404_115622;1;Marche2;-0,0108;1,4899;0,0656;0,0033;-0,0641;0,0242;-0,9976;;False
365,49;8.67;pa005​;20250404_115622;1;Marche2;-0,0107;1,4899;0,0656;0,0030;-0,0637;0,0239;-0,9977;;False
365,50;8.68;pa005​;20250404_115622;1;Marche2;-0,0106;1,4899;0,0657;0,0031;-0,0634;0,0236;-0,9977;;False
365,52;8.69;pa005​;20250404_115622;1;Marche2;-0,0105;1,4899;0,0658;0,0033;-0,0631;0,0238;-0,9977;;False
365,53;8.71;pa005​;20250404_115622;1;Marche2;-0,0103;1,4899;0,0659;0,0031;-0,0630;0,0237;-0,9977;;False
365,55;8.72;pa005​;20250404_115622;1;Marche2;-0,0102;1,4899;0,0660;0,0031;-0,0627;0,0235;-0,9978;;False
365,56;8.74;pa005​;20250404_115622;1;Marche2;-0,0101;1,4899;0,0660;0,0032;-0,0623;0,0232;-0,9978;;False
365,57;8.75;pa005​;20250404_115622;1;Marche2;-0,0099;1,4898;0,0661;0,0030;-0,0622;0,0232;-0,9978;;False
365,59;8.76;pa005​;20250404_115622;1;Marche2;-0,0097;1,4898;0,0661;0,0028;-0,0622;0,0237;-0,9978;;False
365,60;8.78;pa005​;20250404_115622;1;Marche2;-0,0095;1,4898;0,0662;0,0026;-0,0623;0,0237;-0,9978;;False
365,62;8.79;pa005​;20250404_115622;1;Marche2;-0,0093;1,4898;0,0662;0,0025;-0,0623;0,0237;-0,9978;;False
365,63;8.81;pa005​;20250404_115622;1;Marche2;-0,0092;1,4898;0,0662;0,0027;-0,0624;0,0236;-0,9978;;False
365,64;8.82;pa005​;20250404_115622;1;Marche2;-0,0090;1,4899;0,0662;0,0026;-0,0626;0,0236;-0,9978;;False
365,66;8.83;pa005​;20250404_115622;1;Marche2;-0,0088;1,4899;0,0662;0,0027;-0,0629;0,0236;-0,9977;;False
365,67;8.85;pa005​;20250404_115622;1;Marche2;-0,0086;1,4898;0,0663;0,0029;-0,0632;0,0234;-0,9977;;False
365,69;8.86;pa005​;20250404_115622;1;Marche2;-0,0084;1,4898;0,0663;0,0026;-0,0631;0,0232;-0,9977;;False
365,70;8.87;pa005​;20250404_115622;1;Marche2;-0,0081;1,4897;0,0663;0,0026;-0,0632;0,0229;-0,9977;;False
365,71;8.89;pa005​;20250404_115622;1;Marche2;-0,0079;1,4897;0,0663;0,0022;-0,0630;0,0228;-0,9978;;False
365,73;8.9;pa005​;20250404_115622;1;Marche2;-0,0077;1,4896;0,0662;0,0017;-0,0628;0,0228;-0,9978;;False
365,74;8.92;pa005​;20250404_115622;1;Marche2;-0,0075;1,4895;0,0663;0,0016;-0,0626;0,0229;-0,9978;;False
365,75;8.93;pa005​;20250404_115622;1;Marche2;-0,0073;1,4895;0,0663;0,0017;-0,0625;0,0229;-0,9978;;False
365,77;8.94;pa005​;20250404_115622;1;Marche2;-0,0071;1,4895;0,0663;0,0020;-0,0622;0,0230;-0,9978;;False
365,78;8.96;pa005​;20250404_115622;1;Marche2;-0,0070;1,4896;0,0664;0,0020;-0,0618;0,0230;-0,9978;;False
365,80;8.97;pa005​;20250404_115622;1;Marche2;-0,0069;1,4896;0,0664;0,0021;-0,0614;0,0231;-0,9978;;False
365,81;8.99;pa005​;20250404_115622;1;Marche2;-0,0068;1,4897;0,0665;0,0021;-0,0612;0,0231;-0,9979;;False
365,82;9.0;pa005​;20250404_115622;1;Marche2;-0,0066;1,4897;0,0665;0,0020;-0,0609;0,0231;-0,9979;;False
365,84;9.01;pa005​;20250404_115622;1;Marche2;-0,0064;1,4897;0,0665;0,0020;-0,0608;0,0232;-0,9979;;False
365,85;9.03;pa005​;20250404_115622;1;Marche2;-0,0062;1,4897;0,0665;0,0019;-0,0607;0,0232;-0,9979;;False
365,87;9.04;pa005​;20250404_115622;1;Marche2;-0,0061;1,4897;0,0664;0,0018;-0,0606;0,0233;-0,9979;;False
365,88;9.06;pa005​;20250404_115622;1;Marche2;-0,0059;1,4896;0,0664;0,0019;-0,0604;0,0234;-0,9979;;False
365,89;9.07;pa005​;20250404_115622;1;Marche2;-0,0058;1,4896;0,0664;0,0019;-0,0604;0,0234;-0,9979;;False
365,91;9.08;pa005​;20250404_115622;1;Marche2;-0,0056;1,4896;0,0664;0,0020;-0,0605;0,0233;-0,9979;;False
365,92;9.1;pa005​;20250404_115622;1;Marche2;-0,0054;1,4896;0,0665;0,0019;-0,0606;0,0233;-0,9979;;False
365,94;9.11;pa005​;20250404_115622;1;Marche2;-0,0053;1,4896;0,0664;0,0017;-0,0608;0,0234;-0,9979;;False
365,95;9.12;pa005​;20250404_115622;1;Marche2;-0,0052;1,4895;0,0664;0,0013;-0,0610;0,0233;-0,9979;;False
365,96;9.14;pa005​;20250404_115622;1;Marche2;-0,0051;1,4895;0,0663;0,0009;-0,0611;0,0233;-0,9979;;False
365,98;9.15;pa005​;20250404_115622;1;Marche2;-0,0050;1,4894;0,0663;0,0010;-0,0613;0,0233;-0,9978;;False
365,99;9.17;pa005​;20250404_115622;1;Marche2;-0,0049;1,4894;0,0664;0,0010;-0,0613;0,0233;-0,9978;;False
366,00;9.18;pa005​;20250404_115622;1;Marche2;-0,0048;1,4895;0,0664;0,0011;-0,0614;0,0234;-0,9978;;False
366,02;9.19;pa005​;20250404_115622;1;Marche2;-0,0047;1,4895;0,0664;0,0011;-0,0614;0,0233;-0,9978;;False
366,03;9.21;pa005​;20250404_115622;1;Marche2;-0,0046;1,4895;0,0663;0,0009;-0,0614;0,0233;-0,9978;;False
366,05;9.22;pa005​;20250404_115622;1;Marche2;-0,0046;1,4895;0,0662;0,0005;-0,0612;0,0232;-0,9979;;False
366,06;9.24;pa005​;20250404_115622;1;Marche2;-0,0045;1,4895;0,0662;0,0004;-0,0612;0,0232;-0,9979;;False
366,08;9.25;pa005​;20250404_115622;1;Marche2;-0,0045;1,4895;0,0661;0,0004;-0,0609;0,0232;-0,9979;;False
366,09;9.26;pa005​;20250404_115622;1;Marche2;-0,0045;1,4895;0,0660;0,0003;-0,0608;0,0231;-0,9979;;False
366,10;9.28;pa005​;20250404_115622;1;Marche2;-0,0045;1,4895;0,0659;0,0005;-0,0607;0,0228;-0,9979;;False
366,12;9.29;pa005​;20250404_115622;1;Marche2;-0,0046;1,4896;0,0657;0,0006;-0,0607;0,0227;-0,9979;;False
366,13;9.31;pa005​;20250404_115622;1;Marche2;-0,0046;1,4897;0,0656;0,0007;-0,0605;0,0225;-0,9979;;False
366,14;9.32;pa005​;20250404_115622;1;Marche2;-0,0046;1,4897;0,0654;0,0010;-0,0604;0,0224;-0,9979;;False
366,16;9.33;pa005​;20250404_115622;1;Marche2;-0,0047;1,4897;0,0653;0,0013;-0,0602;0,0221;-0,9979;;False
366,17;9.35;pa005​;20250404_115622;1;Marche2;-0,0047;1,4898;0,0652;0,0016;-0,0600;0,0221;-0,9980;;False
366,19;9.36;pa005​;20250404_115622;1;Marche2;-0,0047;1,4898;0,0650;0,0019;-0,0599;0,0221;-0,9980;;False
366,20;9.37;pa005​;20250404_115622;1;Marche2;-0,0048;1,4899;0,0648;0,0023;-0,0596;0,0222;-0,9980;;False
366,21;9.39;pa005​;20250404_115622;1;Marche2;-0,0048;1,4900;0,0646;0,0027;-0,0595;0,0219;-0,9980;;False
366,23;9.4;pa005​;20250404_115622;1;Marche2;-0,0048;1,4900;0,0645;0,0030;-0,0592;0,0217;-0,9980;;False
366,24;9.42;pa005​;20250404_115622;1;Marche2;-0,0049;1,4901;0,0644;0,0033;-0,0590;0,0216;-0,9980;;False
366,26;9.43;pa005​;20250404_115622;1;Marche2;-0,0049;1,4901;0,0643;0,0036;-0,0588;0,0216;-0,9980;;False
366,27;9.44;pa005​;20250404_115622;1;Marche2;-0,0049;1,4902;0,0642;0,0038;-0,0587;0,0215;-0,9980;;False
366,28;9.46;pa005​;20250404_115622;1;Marche2;-0,0050;1,4902;0,0640;0,0043;-0,0584;0,0213;-0,9981;;False
366,30;9.47;pa005​;20250404_115622;1;Marche2;-0,0050;1,4903;0,0639;0,0045;-0,0581;0,0211;-0,9981;;False
366,31;9.49;pa005​;20250404_115622;1;Marche2;-0,0050;1,4902;0,0639;0,0045;-0,0578;0,0210;-0,9981;;False
366,32;9.5;pa005​;20250404_115622;1;Marche2;-0,0050;1,4902;0,0637;0,0040;-0,0577;0,0211;-0,9981;;False
366,34;9.51;pa005​;20250404_115622;1;Marche2;-0,0050;1,4902;0,0636;0,0039;-0,0575;0,0213;-0,9981;;False
366,35;9.53;pa005​;20250404_115622;1;Marche2;-0,0050;1,4901;0,0634;0,0034;-0,0573;0,0213;-0,9981;;False
366,37;9.54;pa005​;20250404_115622;1;Marche2;-0,0050;1,4900;0,0631;0,0031;-0,0573;0,0212;-0,9981;;False
366,38;9.55;pa005​;20250404_115622;1;Marche2;-0,0049;1,4900;0,0630;0,0030;-0,0571;0,0213;-0,9981;;False
366,39;9.57;pa005​;20250404_115622;1;Marche2;-0,0049;1,4899;0,0628;0,0027;-0,0570;0,0214;-0,9981;;False
366,41;9.58;pa005​;20250404_115622;1;Marche2;-0,0048;1,4899;0,0626;0,0029;-0,0571;0,0214;-0,9981;;False
366,42;9.6;pa005​;20250404_115622;1;Marche2;-0,0048;1,4899;0,0623;0,0029;-0,0572;0,0215;-0,9981;;False
366,44;9.61;pa005​;20250404_115622;1;Marche2;-0,0047;1,4899;0,0621;0,0029;-0,0573;0,0216;-0,9981;;False
366,45;9.63;pa005​;20250404_115622;1;Marche2;-0,0046;1,4899;0,0618;0,0029;-0,0575;0,0216;-0,9981;;False
366,46;9.64;pa005​;20250404_115622;1;Marche2;-0,0046;1,4899;0,0615;0,0030;-0,0575;0,0217;-0,9981;;False
366,48;9.65;pa005​;20250404_115622;1;Marche2;-0,0047;1,4900;0,0612;0,0031;-0,0577;0,0220;-0,9981;;False
366,49;9.67;pa005​;20250404_115622;1;Marche2;-0,0047;1,4901;0,0608;0,0032;-0,0577;0,0221;-0,9981;;False
366,50;9.68;pa005​;20250404_115622;1;Marche2;-0,0047;1,4902;0,0604;0,0035;-0,0578;0,0222;-0,9981;;False
366,52;9.69;pa005​;20250404_115622;1;Marche2;-0,0047;1,4901;0,0601;0,0040;-0,0579;0,0223;-0,9981;;False
366,53;9.71;pa005​;20250404_115622;1;Marche2;-0,0047;1,4902;0,0598;0,0043;-0,0579;0,0223;-0,9981;;False
366,55;9.72;pa005​;20250404_115622;1;Marche2;-0,0047;1,4902;0,0594;0,0045;-0,0579;0,0223;-0,9981;;False
366,56;9.74;pa005​;20250404_115622;1;Marche2;-0,0047;1,4902;0,0591;0,0045;-0,0578;0,0223;-0,9981;;False
366,57;9.75;pa005​;20250404_115622;1;Marche2;-0,0048;1,4903;0,0588;0,0047;-0,0575;0,0223;-0,9981;;False
366,59;9.76;pa005​;20250404_115622;1;Marche2;-0,0048;1,4903;0,0584;0,0050;-0,0573;0,0221;-0,9981;;False
366,60;9.78;pa005​;20250404_115622;1;Marche2;-0,0049;1,4903;0,0580;0,0052;-0,0570;0,0220;-0,9981;;False
366,62;9.79;pa005​;20250404_115622;1;Marche2;-0,0050;1,4903;0,0577;0,0054;-0,0567;0,0219;-0,9981;;False
366,63;9.8;pa005​;20250404_115622;1;Marche2;-0,0051;1,4903;0,0574;0,0055;-0,0564;0,0219;-0,9982;;False
366,64;9.82;pa005​;20250404_115622;1;Marche2;-0,0051;1,4904;0,0571;0,0056;-0,0561;0,0218;-0,9982;;False
366,66;9.83;pa005​;20250404_115622;1;Marche2;-0,0052;1,4904;0,0568;0,0058;-0,0558;0,0219;-0,9982;;False
366,67;9.85;pa005​;20250404_115622;1;Marche2;-0,0052;1,4904;0,0566;0,0059;-0,0555;0,0217;-0,9982;;False
366,69;9.86;pa005​;20250404_115622;1;Marche2;-0,0053;1,4905;0,0563;0,0061;-0,0552;0,0217;-0,9982;;False
366,70;9.87;pa005​;20250404_115622;1;Marche2;-0,0053;1,4905;0,0560;0,0064;-0,0550;0,0216;-0,9982;;False
366,71;9.89;pa005​;20250404_115622;1;Marche2;-0,0055;1,4906;0,0557;0,0067;-0,0548;0,0215;-0,9982;;False
366,73;9.9;pa005​;20250404_115622;1;Marche2;-0,0056;1,4908;0,0555;0,0071;-0,0546;0,0215;-0,9983;;False
366,74;9.92;pa005​;20250404_115622;1;Marche2;-0,0056;1,4908;0,0553;0,0074;-0,0544;0,0215;-0,9983;;False
366,76;9.93;pa005​;20250404_115622;1;Marche2;-0,0057;1,4909;0,0551;0,0076;-0,0542;0,0214;-0,9983;;False
366,77;9.94;pa005​;20250404_115622;1;Marche2;-0,0057;1,4909;0,0549;0,0077;-0,0541;0,0212;-0,9983;;False
366,78;9.96;pa005​;20250404_115622;1;Marche2;-0,0057;1,4909;0,0547;0,0075;-0,0543;0,0214;-0,9983;;False
366,80;9.97;pa005​;20250404_115622;1;Marche2;-0,0057;1,4909;0,0545;0,0074;-0,0544;0,0215;-0,9983;;False
366,81;9.99;pa005​;20250404_115622;1;Marche2;-0,0057;1,4909;0,0543;0,0073;-0,0546;0,0217;-0,9982;;False
366,82;10.0;pa005​;20250404_115622;1;Marche2;-0,0058;1,4909;0,0542;0,0074;-0,0546;0,0218;-0,9982;;False
366,84;10.01;pa005​;20250404_115622;1;Marche2;-0,0058;1,4910;0,0541;0,0075;-0,0546;0,0218;-0,9982;;False
366,85;10.03;pa005​;20250404_115622;1;Marche2;-0,0059;1,4911;0,0540;0,0076;-0,0545;0,0217;-0,9982;;False
366,87;10.04;pa005​;20250404_115622;1;Marche2;-0,0060;1,4911;0,0540;0,0076;-0,0544;0,0217;-0,9983;;False
366,88;10.05;pa005​;20250404_115622;1;Marche2;-0,0061;1,4911;0,0541;0,0076;-0,0541;0,0217;-0,9983;;False
366,89;10.07;pa005​;20250404_115622;1;Marche2;-0,0062;1,4911;0,0542;0,0077;-0,0537;0,0216;-0,9983;;False
366,91;10.08;pa005​;20250404_115622;1;Marche2;-0,0063;1,4911;0,0543;0,0081;-0,0531;0,0215;-0,9983;;False
366,92;10.1;pa005​;20250404_115622;1;Marche2;-0,0064;1,4911;0,0545;0,0081;-0,0524;0,0211;-0,9984;;False
366,94;10.11;pa005​;20250404_115622;1;Marche2;-0,0065;1,4912;0,0547;0,0089;-0,0517;0,0208;-0,9984;;False
366,95;10.12;pa005​;20250404_115622;1;Marche2;-0,0067;1,4914;0,0548;0,0099;-0,0507;0,0205;-0,9985;;False
366,96;10.14;pa005​;20250404_115622;1;Marche2;-0,0070;1,4918;0,0550;0,0114;-0,0494;0,0203;-0,9985;;False
366,98;10.15;pa005​;20250404_115622;1;Marche2;-0,0073;1,4922;0,0550;0,0129;-0,0482;0,0198;-0,9986;;False
366,99;10.17;pa005​;20250404_115622;1;Marche2;-0,0076;1,4926;0,0551;0,0144;-0,0466;0,0195;-0,9986;;False
367,00;10.18;pa005​;20250404_115622;1;Marche2;-0,0080;1,4930;0,0551;0,0160;-0,0449;0,0191;-0,9987;;False
367,02;10.19;pa005​;20250404_115622;1;Marche2;-0,0084;1,4934;0,0551;0,0180;-0,0426;0,0186;-0,9988;;False
367,03;10.21;pa005​;20250404_115622;1;Marche2;-0,0088;1,4937;0,0552;0,0199;-0,0403;0,0184;-0,9988;;False
367,05;10.22;pa005​;20250404_115622;1;Marche2;-0,0092;1,4940;0,0552;0,0217;-0,0379;0,0183;-0,9989;;False
367,06;10.24;pa005​;20250404_115622;1;Marche2;-0,0097;1,4943;0,0552;0,0230;-0,0357;0,0189;-0,9989;;False
367,07;10.25;pa005​;20250404_115622;1;Marche2;-0,0103;1,4947;0,0552;0,0240;-0,0337;0,0193;-0,9990;;False
367,09;10.26;pa005​;20250404_115622;1;Marche2;-0,0109;1,4949;0,0552;0,0253;-0,0315;0,0197;-0,9990;;False
367,10;10.28;pa005​;20250404_115622;1;Marche2;-0,0114;1,4950;0,0554;0,0261;-0,0295;0,0200;-0,9990;;False
367,12;10.29;pa005​;20250404_115622;1;Marche2;-0,0120;1,4953;0,0556;0,0273;-0,0277;0,0201;-0,9990;;False
367,13;10.31;pa005​;20250404_115622;1;Marche2;-0,0127;1,4955;0,0559;0,0286;-0,0261;0,0204;-0,9990;;False
367,14;10.32;pa005​;20250404_115622;1;Marche2;-0,0133;1,4958;0,0563;0,0299;-0,0245;0,0203;-0,9990;;False
367,16;10.33;pa005​;20250404_115622;1;Marche2;-0,0140;1,4960;0,0567;0,0313;-0,0230;0,0202;-0,9990;;False
367,17;10.35;pa005​;20250404_115622;1;Marche2;-0,0147;1,4961;0,0573;0,0321;-0,0216;0,0199;-0,9991;;False
367,18;10.36;pa005​;20250404_115622;1;Marche2;-0,0153;1,4962;0,0578;0,0331;-0,0203;0,0197;-0,9991;;False
367,20;10.37;pa005​;20250404_115622;1;Marche2;-0,0160;1,4961;0,0584;0,0335;-0,0192;0,0198;-0,9991;;False
367,21;10.39;pa005​;20250404_115622;1;Marche2;-0,0166;1,4961;0,0591;0,0336;-0,0182;0,0198;-0,9991;;False
367,23;10.4;pa005​;20250404_115622;1;Marche2;-0,0174;1,4961;0,0600;0,0340;-0,0173;0,0195;-0,9991;;False
367,24;10.42;pa005​;20250404_115622;1;Marche2;-0,0181;1,4961;0,0610;0,0342;-0,0166;0,0193;-0,9991;;False
367,26;10.43;pa005​;20250404_115622;1;Marche2;-0,0188;1,4960;0,0621;0,0347;-0,0159;0,0189;-0,9991;;False
367,27;10.44;pa005​;20250404_115622;1;Marche2;-0,0195;1,4960;0,0633;0,0351;-0,0152;0,0184;-0,9991;;False
367,28;10.46;pa005​;20250404_115622;1;Marche2;-0,0203;1,4959;0,0645;0,0355;-0,0144;0,0180;-0,9991;;False
367,30;10.47;pa005​;20250404_115622;1;Marche2;-0,0210;1,4959;0,0659;0,0359;-0,0135;0,0176;-0,9991;;False
367,31;10.48;pa005​;20250404_115622;1;Marche2;-0,0218;1,4957;0,0672;0,0362;-0,0126;0,0174;-0,9991;;False
367,32;10.5;pa005​;20250404_115622;1;Marche2;-0,0225;1,4955;0,0685;0,0363;-0,0118;0,0174;-0,9991;;False
367,34;10.51;pa005​;20250404_115622;1;Marche2;-0,0232;1,4952;0,0699;0,0364;-0,0108;0,0173;-0,9991;;False
367,35;10.53;pa005​;20250404_115622;1;Marche2;-0,0238;1,4950;0,0713;0,0362;-0,0099;0,0171;-0,9991;;False
367,37;10.54;pa005​;20250404_115622;1;Marche2;-0,0245;1,4947;0,0728;0,0363;-0,0090;0,0171;-0,9992;;False
367,38;10.55;pa005​;20250404_115622;1;Marche2;-0,0253;1,4945;0,0742;0,0365;-0,0082;0,0172;-0,9992;;False
367,39;10.57;pa005​;20250404_115622;1;Marche2;-0,0260;1,4943;0,0757;0,0370;-0,0074;0,0172;-0,9991;;False
367,41;10.58;pa005​;20250404_115622;1;Marche2;-0,0267;1,4940;0,0773;0,0375;-0,0066;0,0173;-0,9991;;False
367,42;10.6;pa005​;20250404_115622;1;Marche2;-0,0275;1,4937;0,0788;0,0380;-0,0058;0,0174;-0,9991;;False
367,44;10.61;pa005​;20250404_115622;1;Marche2;-0,0282;1,4933;0,0804;0,0381;-0,0054;0,0177;-0,9991;;False
367,45;10.63;pa005​;20250404_115622;1;Marche2;-0,0288;1,4930;0,0820;0,0379;-0,0049;0,0179;-0,9991;;False
367,46;10.64;pa005​;20250404_115622;1;Marche2;-0,0294;1,4928;0,0837;0,0377;-0,0048;0,0182;-0,9991;;False
367,48;10.65;pa005​;20250404_115622;1;Marche2;-0,0301;1,4926;0,0855;0,0379;-0,0048;0,0186;-0,9991;;False
367,49;10.67;pa005​;20250404_115622;1;Marche2;-0,0307;1,4926;0,0873;0,0387;-0,0049;0,0190;-0,9991;;False
367,50;10.68;pa005​;20250404_115622;1;Marche2;-0,0313;1,4924;0,0892;0,0404;-0,0047;0,0193;-0,9990;;False
367,52;10.69;pa005​;20250404_115622;1;Marche2;-0,0319;1,4921;0,0912;0,0425;-0,0045;0,0193;-0,9989;;False
367,53;10.71;pa005​;20250404_115622;1;Marche2;-0,0324;1,4917;0,0933;0,0442;-0,0041;0,0193;-0,9988;;False
367,55;10.72;pa005​;20250404_115622;1;Marche2;-0,0330;1,4912;0,0955;0,0453;-0,0039;0,0191;-0,9988;;False
367,56;10.73;pa005​;20250404_115622;1;Marche2;-0,0336;1,4905;0,0979;0,0450;-0,0037;0,0190;-0,9988;;False
367,57;10.75;pa005​;20250404_115622;1;Marche2;-0,0342;1,4899;0,1004;0,0439;-0,0035;0,0184;-0,9989;;False
367,59;10.76;pa005​;20250404_115622;1;Marche2;-0,0347;1,4893;0,1029;0,0430;-0,0033;0,0180;-0,9989;;False
367,60;10.78;pa005​;20250404_115622;1;Marche2;-0,0351;1,4887;0,1054;0,0423;-0,0029;0,0180;-0,9989;;False
367,62;10.79;pa005​;20250404_115622;1;Marche2;-0,0356;1,4884;0,1081;0,0411;-0,0027;0,0175;-0,9990;;False
367,63;10.81;pa005​;20250404_115622;1;Marche2;-0,0361;1,4881;0,1110;0,0399;-0,0023;0,0167;-0,9991;;False
367,64;10.82;pa005​;20250404_115622;1;Marche2;-0,0365;1,4878;0,1140;0,0393;-0,0017;0,0159;-0,9991;;False
367,66;10.83;pa005​;20250404_115622;1;Marche2;-0,0369;1,4875;0,1171;0,0384;-0,0011;0,0152;-0,9991;;False
367,67;10.85;pa005​;20250404_115622;1;Marche2;-0,0372;1,4872;0,1202;0,0378;-0,0006;0,0146;-0,9992;;False
367,69;10.86;pa005​;20250404_115622;1;Marche2;-0,0376;1,4868;0,1234;0,0373;-0,0002;0,0138;-0,9992;;False
367,70;10.87;pa005​;20250404_115622;1;Marche2;-0,0379;1,4864;0,1268;0,0367;0,0005;0,0131;-0,9992;;False
367,71;10.89;pa005​;20250404_115622;1;Marche2;-0,0382;1,4861;0,1303;0,0362;0,0010;0,0123;-0,9993;;False
367,73;10.9;pa005​;20250404_115622;1;Marche2;-0,0385;1,4857;0,1339;0,0358;0,0013;0,0116;-0,9993;;False
367,74;10.92;pa005​;20250404_115622;1;Marche2;-0,0387;1,4851;0,1377;0,0353;0,0015;0,0109;-0,9993;;False
367,76;10.93;pa005​;20250404_115622;1;Marche2;-0,0389;1,4844;0,1415;0,0348;0,0016;0,0106;-0,9993;;False
367,77;10.94;pa005​;20250404_115622;1;Marche2;-0,0390;1,4837;0,1456;0,0343;0,0015;0,0103;-0,9994;;False
367,78;10.96;pa005​;20250404_115622;1;Marche2;-0,0391;1,4829;0,1499;0,0337;0,0013;0,0099;-0,9994;;False
367,80;10.97;pa005​;20250404_115622;1;Marche2;-0,0392;1,4821;0,1545;0,0331;0,0014;0,0095;-0,9994;;False
367,81;10.99;pa005​;20250404_115622;1;Marche2;-0,0392;1,4813;0,1593;0,0323;0,0016;0,0092;-0,9994;;False
367,82;11.0;pa005​;20250404_115622;1;Marche2;-0,0392;1,4805;0,1642;0,0317;0,0018;0,0090;-0,9995;;False
367,84;11.01;pa005​;20250404_115622;1;Marche2;-0,0390;1,4795;0,1693;0,0318;0,0024;0,0086;-0,9995;;False
367,85;11.03;pa005​;20250404_115622;1;Marche2;-0,0389;1,4787;0,1748;0,0321;0,0031;0,0080;-0,9994;;False
367,87;11.04;pa005​;20250404_115622;1;Marche2;-0,0388;1,4779;0,1806;0,0330;0,0039;0,0077;-0,9994;;False
367,88;11.06;pa005​;20250404_115622;1;Marche2;-0,0386;1,4770;0,1866;0,0341;0,0047;0,0077;-0,9994;;False
367,89;11.07;pa005​;20250404_115622;1;Marche2;-0,0384;1,4762;0,1928;0,0348;0,0056;0,0076;-0,9994;;False
367,91;11.08;pa005​;20250404_115622;1;Marche2;-0,0381;1,4752;0,1991;0,0355;0,0066;0,0075;-0,9993;;False
367,92;11.1;pa005​;20250404_115622;1;Marche2;-0,0378;1,4741;0,2057;0,0362;0,0077;0,0072;-0,9993;;False
367,94;11.11;pa005​;20250404_115622;1;Marche2;-0,0374;1,4731;0,2127;0,0367;0,0088;0,0070;-0,9993;;False
367,95;11.12;pa005​;20250404_115622;1;Marche2;-0,0368;1,4719;0,2199;0,0373;0,0099;0,0072;-0,9992;;False
367,96;11.14;pa005​;20250404_115622;1;Marche2;-0,0361;1,4708;0,2274;0,0376;0,0109;0,0074;-0,9992;;False
367,98;11.15;pa005​;20250404_115622;1;Marche2;-0,0353;1,4697;0,2350;0,0377;0,0119;0,0076;-0,9992;;False
367,99;11.17;pa005​;20250404_115622;1;Marche2;-0,0346;1,4687;0,2427;0,0378;0,0128;0,0080;-0,9992;;False
368,01;11.18;pa005​;20250404_115622;1;Marche2;-0,0338;1,4677;0,2507;0,0377;0,0136;0,0085;-0,9992;;False
368,02;11.19;pa005​;20250404_115622;1;Marche2;-0,0327;1,4667;0,2591;0,0380;0,0142;0,0087;-0,9991;;False
368,03;11.21;pa005​;20250404_115622;1;Marche2;-0,0314;1,4660;0,2679;0,0389;0,0146;0,0091;-0,9991;;False
368,05;11.22;pa005​;20250404_115622;1;Marche2;-0,0301;1,4652;0,2770;0,0405;0,0149;0,0090;-0,9990;;False
368,06;11.23;pa005​;20250404_115622;1;Marche2;-0,0287;1,4646;0,2862;0,0417;0,0150;0,0091;-0,9990;;False
368,08;11.25;pa005​;20250404_115622;1;Marche2;-0,0273;1,4639;0,2957;0,0424;0,0149;0,0092;-0,9989;Collision avec Debut - Objet Parent SceneAnchor;False
368,09;11.26;pa005​;20250404_115622;1;Marche2;-0,0259;1,4632;0,3052;0,0424;0,0149;0,0094;-0,9989;Collision avec Debut - Objet Parent SceneAnchor;False
368,10;11.28;pa005​;20250404_115622;1;Marche2;-0,0243;1,4631;0,3153;0,0414;0,0149;0,0094;-0,9990;Collision avec Debut - Objet Parent SceneAnchor;False
368,12;11.29;pa005​;20250404_115622;1;Marche2;-0,0226;1,4633;0,3254;0,0409;0,0149;0,0086;-0,9990;Collision avec Debut - Objet Parent SceneAnchor;False
368,13;11.31;pa005​;20250404_115622;1;Marche2;-0,0209;1,4638;0,3358;0,0393;0,0152;0,0074;-0,9991;Collision avec Debut - Objet Parent SceneAnchor;False
368,14;11.32;pa005​;20250404_115622;1;Marche2;-0,0193;1,4648;0,3462;0,0393;0,0160;0,0059;-0,9991;Collision avec Debut - Objet Parent SceneAnchor;False
368,16;11.33;pa005​;20250404_115622;1;Marche2;-0,0176;1,4665;0,3568;0,0399;0,0175;0,0035;-0,9990;Collision avec Debut - Objet Parent SceneAnchor;False
368,17;11.35;pa005​;20250404_115622;1;Marche2;-0,0158;1,4689;0,3676;0,0416;0,0192;0,0012;-0,9990;Collision avec Debut - Objet Parent SceneAnchor;False
368,18;11.36;pa005​;20250404_115622;1;Marche2;-0,0138;1,4708;0,3784;0,0439;0,0208;-0,0008;-0,9988;Collision avec Debut - Objet Parent SceneAnchor;False
368,20;11.37;pa005​;20250404_115622;1;Marche2;-0,0118;1,4728;0,3892;0,0447;0,0224;-0,0020;-0,9987;Collision avec Debut - Objet Parent SceneAnchor;False
368,21;11.39;pa005​;20250404_115622;1;Marche2;-0,0098;1,4748;0,3998;0,0453;0,0233;-0,0018;-0,9987;Collision avec Debut - Objet Parent SceneAnchor;False
368,23;11.4;pa005​;20250404_115622;1;Marche2;-0,0078;1,4767;0,4102;0,0455;0,0238;-0,0012;-0,9987;;False
368,24;11.42;pa005​;20250404_115622;1;Marche2;-0,0059;1,4789;0,4206;0,0448;0,0240;-0,0002;-0,9987;;False
368,25;11.43;pa005​;20250404_115622;1;Marche2;-0,0040;1,4808;0,4308;0,0455;0,0241;0,0006;-0,9987;;False
368,27;11.44;pa005​;20250404_115622;1;Marche2;-0,0022;1,4825;0,4409;0,0455;0,0242;0,0009;-0,9987;;False
368,28;11.46;pa005​;20250404_115622;1;Marche2;-0,0004;1,4840;0,4508;0,0459;0,0244;0,0008;-0,9986;;False
368,30;11.47;pa005​;20250404_115622;1;Marche2;0,0013;1,4852;0,4605;0,0458;0,0246;0,0001;-0,9986;;False
368,31;11.48;pa005​;20250404_115622;1;Marche2;0,0030;1,4861;0,4700;0,0455;0,0247;-0,0005;-0,9987;;False
368,33;11.5;pa005​;20250404_115622;1;Marche2;0,0047;1,4870;0,4795;0,0447;0,0250;-0,0011;-0,9987;;False
368,34;11.51;pa005​;20250404_115622;1;Marche2;0,0061;1,4880;0,4888;0,0445;0,0250;-0,0018;-0,9987;;False
368,35;11.53;pa005​;20250404_115622;1;Marche2;0,0075;1,4887;0,4980;0,0449;0,0251;-0,0020;-0,9987;;False
368,37;11.54;pa005​;20250404_115622;1;Marche2;0,0088;1,4895;0,5071;0,0447;0,0251;-0,0022;-0,9987;;False
368,38;11.55;pa005​;20250404_115622;1;Marche2;0,0098;1,4902;0,5161;0,0446;0,0255;-0,0021;-0,9987;;False
368,39;11.57;pa005​;20250404_115622;1;Marche2;0,0106;1,4909;0,5250;0,0441;0,0257;-0,0021;-0,9987;;False
368,41;11.58;pa005​;20250404_115622;1;Marche2;0,0113;1,4914;0,5338;0,0431;0,0262;-0,0023;-0,9987;;False
368,42;11.6;pa005​;20250404_115622;1;Marche2;0,0121;1,4917;0,5426;0,0419;0,0271;-0,0028;-0,9987;;False
368,43;11.61;pa005​;20250404_115622;1;Marche2;0,0127;1,4919;0,5513;0,0406;0,0280;-0,0034;-0,9988;;False
368,45;11.63;pa005​;20250404_115622;1;Marche2;0,0133;1,4920;0,5599;0,0384;0,0289;-0,0044;-0,9988;;False
368,46;11.64;pa005​;20250404_115622;1;Marche2;0,0138;1,4919;0,5685;0,0367;0,0299;-0,0049;-0,9989;;False
368,48;11.65;pa005​;20250404_115622;1;Marche2;0,0142;1,4917;0,5772;0,0352;0,0308;-0,0049;-0,9989;;False
368,49;11.67;pa005​;20250404_115622;1;Marche2;0,0145;1,4916;0,5860;0,0339;0,0316;-0,0047;-0,9989;;False
368,50;11.68;pa005​;20250404_115622;1;Marche2;0,0147;1,4914;0,5947;0,0337;0,0322;-0,0039;-0,9989;;False
368,52;11.69;pa005​;20250404_115622;1;Marche2;0,0149;1,4909;0,6034;0,0332;0,0329;-0,0031;-0,9989;;False
368,53;11.71;pa005​;20250404_115622;1;Marche2;0,0149;1,4905;0,6122;0,0324;0,0336;-0,0023;-0,9989;;False
368,55;11.72;pa005​;20250404_115622;1;Marche2;0,0147;1,4901;0,6211;0,0318;0,0340;-0,0017;-0,9989;;False
368,56;11.73;pa005​;20250404_115622;1;Marche2;0,0145;1,4895;0,6301;0,0310;0,0347;-0,0010;-0,9989;;False
368,57;11.75;pa005​;20250404_115622;1;Marche2;0,0141;1,4888;0,6392;0,0298;0,0351;-0,0004;-0,9989;;False
368,59;11.76;pa005​;20250404_115622;1;Marche2;0,0137;1,4880;0,6484;0,0285;0,0353;0,0001;-0,9990;;False
368,60;11.78;pa005​;20250404_115622;1;Marche2;0,0131;1,4870;0,6578;0,0269;0,0353;0,0004;-0,9990;;False
368,62;11.79;pa005​;20250404_115622;1;Marche2;0,0124;1,4860;0,6673;0,0251;0,0352;0,0007;-0,9991;;False
368,63;11.8;pa005​;20250404_115622;1;Marche2;0,0116;1,4848;0,6770;0,0231;0,0349;0,0006;-0,9991;;False
368,64;11.82;pa005​;20250404_115622;1;Marche2;0,0106;1,4834;0,6868;0,0211;0,0346;0,0001;-0,9992;;False
368,66;11.83;pa005​;20250404_115622;1;Marche2;0,0096;1,4818;0,6966;0,0189;0,0343;-0,0006;-0,9992;;False
368,67;11.85;pa005​;20250404_115622;1;Marche2;0,0083;1,4800;0,7064;0,0171;0,0338;-0,0014;-0,9993;;False
368,69;11.86;pa005​;20250404_115622;1;Marche2;0,0070;1,4781;0,7164;0,0156;0,0332;-0,0022;-0,9993;;False
368,70;11.87;pa005​;20250404_115622;1;Marche2;0,0054;1,4763;0,7267;0,0143;0,0326;-0,0029;-0,9994;;False
368,71;11.89;pa005​;20250404_115622;1;Marche2;0,0038;1,4745;0,7371;0,0143;0,0323;-0,0035;-0,9994;;False
368,73;11.9;pa005​;20250404_115622;1;Marche2;0,0020;1,4723;0,7476;0,0144;0,0319;-0,0038;-0,9994;;False
368,74;11.92;pa005​;20250404_115622;1;Marche2;-0,0001;1,4704;0,7583;0,0137;0,0317;-0,0042;-0,9994;;False
368,76;11.93;pa005​;20250404_115622;1;Marche2;-0,0024;1,4684;0,7691;0,0127;0,0315;-0,0045;-0,9994;;False
368,77;11.94;pa005​;20250404_115622;1;Marche2;-0,0049;1,4664;0,7800;0,0111;0,0311;-0,0045;-0,9994;;False
368,78;11.96;pa005​;20250404_115622;1;Marche2;-0,0075;1,4645;0,7911;0,0096;0,0310;-0,0044;-0,9995;;False
368,80;11.97;pa005​;20250404_115622;1;Marche2;-0,0104;1,4628;0,8025;0,0095;0,0306;-0,0049;-0,9995;;False
368,81;11.98;pa005​;20250404_115622;1;Marche2;-0,0135;1,4613;0,8139;0,0099;0,0299;-0,0055;-0,9995;;False
368,82;12.0;pa005​;20250404_115622;1;Marche2;-0,0168;1,4601;0,8253;0,0104;0,0292;-0,0064;-0,9995;;False
368,84;12.01;pa005​;20250404_115622;1;Marche2;-0,0204;1,4592;0,8368;0,0110;0,0286;-0,0080;-0,9995;;False
368,85;12.03;pa005​;20250404_115622;1;Marche2;-0,0241;1,4584;0,8484;0,0116;0,0281;-0,0095;-0,9995;;False
368,87;12.04;pa005​;20250404_115622;1;Marche2;-0,0279;1,4579;0,8600;0,0115;0,0275;-0,0110;-0,9995;;False
368,88;12.06;pa005​;20250404_115622;1;Marche2;-0,0319;1,4585;0,8719;0,0109;0,0266;-0,0122;-0,9995;;False
368,89;12.07;pa005​;20250404_115622;1;Marche2;-0,0360;1,4591;0,8839;0,0110;0,0256;-0,0126;-0,9995;;False
368,91;12.08;pa005​;20250404_115622;1;Marche2;-0,0402;1,4601;0,8957;0,0107;0,0241;-0,0116;-0,9996;;False
368,92;12.1;pa005​;20250404_115622;1;Marche2;-0,0443;1,4619;0,9077;0,0096;0,0227;-0,0108;-0,9996;;False
368,94;12.11;pa005​;20250404_115622;1;Marche2;-0,0485;1,4648;0,9199;0,0079;0,0211;-0,0105;-0,9997;;False
368,95;12.12;pa005​;20250404_115622;1;Marche2;-0,0526;1,4675;0,9321;0,0063;0,0194;-0,0105;-0,9997;;False
368,96;12.14;pa005​;20250404_115622;1;Marche2;-0,0563;1,4697;0,9442;0,0037;0,0179;-0,0112;-0,9998;;False
368,98;12.15;pa005​;20250404_115622;1;Marche2;-0,0599;1,4719;0,9562;0,0004;0,0166;-0,0125;-0,9998;;False
368,99;12.17;pa005​;20250404_115622;1;Marche2;-0,0633;1,4739;0,9681;-0,0024;0,0156;-0,0141;-0,9998;;False
369,01;12.18;pa005​;20250404_115622;1;Marche2;-0,0666;1,4759;0,9799;-0,0046;0,0143;-0,0145;-0,9998;;False
369,02;12.19;pa005​;20250404_115622;1;Marche2;-0,0697;1,4776;0,9918;-0,0048;0,0137;-0,0140;-0,9998;;False
369,03;12.21;pa005​;20250404_115622;1;Marche2;-0,0726;1,4795;1,0037;-0,0053;0,0130;-0,0138;-0,9998;;False
369,05;12.22;pa005​;20250404_115622;1;Marche2;-0,0753;1,4815;1,0156;-0,0051;0,0131;-0,0140;-0,9998;;False
369,06;12.23;pa005​;20250404_115622;1;Marche2;-0,0778;1,4832;1,0274;-0,0050;0,0131;-0,0138;-0,9998;;False
369,08;12.25;pa005​;20250404_115622;1;Marche2;-0,0803;1,4850;1,0393;-0,0048;0,0132;-0,0133;-0,9998;;False
369,09;12.26;pa005​;20250404_115622;1;Marche2;-0,0827;1,4865;1,0511;-0,0043;0,0134;-0,0126;-0,9998;;False
369,10;12.28;pa005​;20250404_115622;1;Marche2;-0,0850;1,4881;1,0632;-0,0042;0,0136;-0,0119;-0,9998;;False
369,12;12.29;pa005​;20250404_115622;1;Marche2;-0,0870;1,4892;1,0752;-0,0041;0,0139;-0,0114;-0,9998;;False
369,13;12.31;pa005​;20250404_115622;1;Marche2;-0,0889;1,4897;1,0872;-0,0048;0,0144;-0,0109;-0,9998;;False
369,14;12.32;pa005​;20250404_115622;1;Marche2;-0,0908;1,4902;1,0992;-0,0064;0,0143;-0,0103;-0,9998;;False
369,16;12.33;pa005​;20250404_115622;1;Marche2;-0,0924;1,4903;1,1113;-0,0090;0,0142;-0,0093;-0,9998;;False
369,17;12.35;pa005​;20250404_115622;1;Marche2;-0,0939;1,4904;1,1235;-0,0115;0,0140;-0,0082;-0,9998;;False
369,19;12.36;pa005​;20250404_115622;1;Marche2;-0,0954;1,4903;1,1359;-0,0131;0,0136;-0,0070;-0,9998;;False
369,20;12.37;pa005​;20250404_115622;1;Marche2;-0,0966;1,4902;1,1486;-0,0133;0,0129;-0,0056;-0,9998;;False
369,21;12.39;pa005​;20250404_115622;1;Marche2;-0,0977;1,4897;1,1611;-0,0127;0,0121;-0,0049;-0,9998;;False
369,23;12.4;pa005​;20250404_115622;1;Marche2;-0,0986;1,4889;1,1736;-0,0130;0,0114;-0,0048;-0,9998;;False
369,24;12.42;pa005​;20250404_115622;1;Marche2;-0,0994;1,4879;1,1860;-0,0135;0,0106;-0,0050;-0,9998;;False
369,26;12.43;pa005​;20250404_115622;1;Marche2;-0,1001;1,4866;1,1986;-0,0142;0,0097;-0,0047;-0,9998;;False
369,27;12.44;pa005​;20250404_115622;1;Marche2;-0,1006;1,4851;1,2112;-0,0155;0,0088;-0,0045;-0,9998;;False
369,28;12.46;pa005​;20250404_115622;1;Marche2;-0,1008;1,4834;1,2238;-0,0163;0,0080;-0,0041;-0,9998;;False
369,30;12.47;pa005​;20250404_115622;1;Marche2;-0,1011;1,4816;1,2366;-0,0164;0,0070;-0,0038;-0,9998;;False
369,31;12.49;pa005​;20250404_115622;1;Marche2;-0,1012;1,4796;1,2495;-0,0169;0,0060;-0,0030;-0,9998;;False
369,33;12.5;pa005​;20250404_115622;1;Marche2;-0,1011;1,4773;1,2622;-0,0177;0,0049;-0,0021;-0,9998;;False
369,34;12.51;pa005​;20250404_115622;1;Marche2;-0,1009;1,4750;1,2752;-0,0186;0,0039;-0,0011;-0,9998;;False
369,35;12.53;pa005​;20250404_115622;1;Marche2;-0,1006;1,4725;1,2882;-0,0192;0,0028;-0,0002;-0,9998;;False
369,37;12.54;pa005​;20250404_115622;1;Marche2;-0,1001;1,4701;1,3016;-0,0196;0,0017;0,0012;-0,9998;;False
369,38;12.56;pa005​;20250404_115622;1;Marche2;-0,0994;1,4677;1,3149;-0,0198;0,0007;0,0024;-0,9998;;False
369,39;12.57;pa005​;20250404_115622;1;Marche2;-0,0985;1,4654;1,3283;-0,0199;-0,0001;0,0037;-0,9998;;False
369,41;12.58;pa005​;20250404_115622;1;Marche2;-0,0975;1,4633;1,3419;-0,0205;-0,0008;0,0046;-0,9998;;False
369,42;12.6;pa005​;20250404_115622;1;Marche2;-0,0963;1,4616;1,3556;-0,0214;-0,0017;0,0055;-0,9998;;False
369,43;12.61;pa005​;20250404_115622;1;Marche2;-0,0950;1,4603;1,3697;-0,0212;-0,0024;0,0065;-0,9998;;False
369,45;12.62;pa005​;20250404_115622;1;Marche2;-0,0934;1,4589;1,3840;-0,0201;-0,0035;0,0074;-0,9998;;False
369,46;12.64;pa005​;20250404_115622;1;Marche2;-0,0916;1,4580;1,3985;-0,0185;-0,0045;0,0079;-0,9998;;False
369,48;12.65;pa005​;20250404_115622;1;Marche2;-0,0898;1,4572;1,4130;-0,0180;-0,0061;0,0086;-0,9998;;False
369,49;12.67;pa005​;20250404_115622;1;Marche2;-0,0880;1,4572;1,4277;-0,0205;-0,0082;0,0100;-0,9997;;False
369,51;12.68;pa005​;20250404_115622;1;Marche2;-0,0862;1,4574;1,4424;-0,0227;-0,0108;0,0112;-0,9996;;False
369,52;12.69;pa005​;20250404_115622;1;Marche2;-0,0843;1,4587;1,4576;-0,0245;-0,0128;0,0111;-0,9996;;False
369,53;12.71;pa005​;20250404_115622;1;Marche2;-0,0824;1,4612;1,4731;-0,0246;-0,0141;0,0099;-0,9995;;False
369,55;12.72;pa005​;20250404_115622;1;Marche2;-0,0805;1,4649;1,4888;-0,0222;-0,0143;0,0082;-0,9996;;False
369,56;12.74;pa005​;20250404_115622;1;Marche2;-0,0785;1,4674;1,5043;-0,0177;-0,0144;0,0077;-0,9997;;False
369,57;12.75;pa005​;20250404_115622;1;Marche2;-0,0767;1,4697;1,5197;-0,0161;-0,0152;0,0086;-0,9997;;False
369,59;12.76;pa005​;20250404_115622;1;Marche2;-0,0751;1,4718;1,5351;-0,0128;-0,0173;0,0113;-0,9997;;False
369,60;12.78;pa005​;20250404_115622;1;Marche2;-0,0738;1,4732;1,5504;-0,0118;-0,0201;0,0149;-0,9996;;False
369,62;12.79;pa005​;20250404_115622;1;Marche2;-0,0724;1,4742;1,5656;-0,0133;-0,0229;0,0188;-0,9995;;False
369,63;12.8;pa005​;20250404_115622;1;Marche2;-0,0711;1,4753;1,5807;-0,0166;-0,0258;0,0202;-0,9993;;False
369,64;12.82;pa005​;20250404_115622;1;Marche2;-0,0698;1,4761;1,5958;-0,0213;-0,0286;0,0197;-0,9992;;False
369,66;12.83;pa005​;20250404_115622;1;Marche2;-0,0686;1,4766;1,6110;-0,0265;-0,0318;0,0174;-0,9990;;False
369,67;12.85;pa005​;20250404_115622;1;Marche2;-0,0674;1,4767;1,6263;-0,0314;-0,0351;0,0128;-0,9988;;False
369,69;12.86;pa005​;20250404_115622;1;Marche2;-0,0663;1,4771;1,6415;-0,0355;-0,0381;0,0087;-0,9986;;False
369,70;12.87;pa005​;20250404_115622;1;Marche2;-0,0655;1,4782;1,6568;-0,0370;-0,0408;0,0051;-0,9985;;False
369,71;12.89;pa005​;20250404_115622;1;Marche2;-0,0645;1,4791;1,6716;-0,0348;-0,0433;0,0027;-0,9985;;False
369,73;12.9;pa005​;20250404_115622;1;Marche2;-0,0636;1,4794;1,6862;-0,0355;-0,0458;-0,0008;-0,9983;;False
369,74;12.92;pa005​;20250404_115622;1;Marche2;-0,0627;1,4795;1,7005;-0,0360;-0,0478;-0,0058;-0,9982;;False
369,76;12.93;pa005​;20250404_115622;1;Marche2;-0,0621;1,4795;1,7148;-0,0380;-0,0490;-0,0115;-0,9980;;False
369,77;12.94;pa005​;20250404_115622;1;Marche2;-0,0614;1,4795;1,7287;-0,0411;-0,0501;-0,0156;-0,9978;;False
369,78;12.96;pa005​;20250404_115622;1;Marche2;-0,0608;1,4794;1,7424;-0,0433;-0,0514;-0,0182;-0,9976;;False
369,80;12.97;pa005​;20250404_115622;1;Marche2;-0,0599;1,4794;1,7558;-0,0446;-0,0526;-0,0187;-0,9974;;False
369,81;12.98;pa005​;20250404_115622;1;Marche2;-0,0593;1,4792;1,7692;-0,0456;-0,0540;-0,0179;-0,9973;;False
369,82;13.0;pa005​;20250404_115622;1;Marche2;-0,0588;1,4789;1,7824;-0,0458;-0,0548;-0,0166;-0,9973;;False
369,84;13.01;pa005​;20250404_115622;1;Marche2;-0,0585;1,4787;1,7958;-0,0454;-0,0548;-0,0158;-0,9973;;False
369,85;13.03;pa005​;20250404_115622;1;Marche2;-0,0582;1,4783;1,8092;-0,0440;-0,0539;-0,0154;-0,9975;;False
369,87;13.04;pa005​;20250404_115622;1;Marche2;-0,0580;1,4777;1,8226;-0,0426;-0,0527;-0,0150;-0,9976;;False
369,88;13.05;pa005​;20250404_115622;1;Marche2;-0,0578;1,4767;1,8359;-0,0414;-0,0511;-0,0138;-0,9977;;False
369,89;13.07;pa005​;20250404_115622;1;Marche2;-0,0576;1,4752;1,8492;-0,0412;-0,0494;-0,0122;-0,9979;;False
369,91;13.08;pa005​;20250404_115622;1;Marche2;-0,0573;1,4734;1,8625;-0,0417;-0,0477;-0,0108;-0,9979;;False
369,92;13.1;pa005​;20250404_115622;1;Marche2;-0,0571;1,4713;1,8757;-0,0431;-0,0464;-0,0091;-0,9980;;False
369,94;13.11;pa005​;20250404_115622;1;Marche2;-0,0570;1,4691;1,8891;-0,0449;-0,0452;-0,0065;-0,9979;;False
369,95;13.12;pa005​;20250404_115622;1;Marche2;-0,0570;1,4670;1,9025;-0,0447;-0,0443;-0,0034;-0,9980;;False
369,96;13.14;pa005​;20250404_115622;1;Marche2;-0,0571;1,4654;1,9161;-0,0427;-0,0441;-0,0009;-0,9981;;False
369,98;13.15;pa005​;20250404_115622;1;Marche2;-0,0573;1,4637;1,9297;-0,0407;-0,0447;0,0009;-0,9982;;False
369,99;13.17;pa005​;20250404_115622;1;Marche2;-0,0575;1,4622;1,9434;-0,0384;-0,0454;0,0013;-0,9982;;False
370,01;13.18;pa005​;20250404_115622;1;Marche2;-0,0580;1,4610;1,9574;-0,0358;-0,0468;0,0014;-0,9983;;False
370,02;13.19;pa005​;20250404_115622;1;Marche2;-0,0585;1,4595;1,9714;-0,0319;-0,0487;0,0025;-0,9983;;False
370,03;13.21;pa005​;20250404_115622;1;Marche2;-0,0592;1,4577;1,9854;-0,0285;-0,0510;0,0044;-0,9983;;False
370,05;13.22;pa005​;20250404_115622;1;Marche2;-0,0601;1,4562;1,9996;-0,0264;-0,0533;0,0062;-0,9982;;False
370,06;13.24;pa005​;20250404_115622;1;Marche2;-0,0611;1,4547;2,0137;-0,0258;-0,0552;0,0073;-0,9981;;False
370,07;13.25;pa005​;20250404_115622;1;Marche2;-0,0621;1,4528;2,0277;-0,0260;-0,0566;0,0079;-0,9980;;False
370,09;13.26;pa005​;20250404_115622;1;Marche2;-0,0632;1,4518;2,0419;-0,0297;-0,0582;0,0077;-0,9978;;False
370,10;13.28;pa005​;20250404_115622;1;Marche2;-0,0641;1,4514;2,0559;-0,0305;-0,0598;0,0077;-0,9977;;False
370,12;13.29;pa005​;20250404_115622;1;Marche2;-0,0650;1,4525;2,0704;-0,0313;-0,0622;0,0092;-0,9975;;False
370,13;13.3;pa005​;20250404_115622;1;Marche2;-0,0659;1,4556;2,0853;-0,0303;-0,0651;0,0126;-0,9973;;False
370,14;13.32;pa005​;20250404_115622;1;Marche2;-0,0670;1,4579;2,0999;-0,0253;-0,0682;0,0176;-0,9972;;False
370,16;13.33;pa005​;20250404_115622;1;Marche2;-0,0681;1,4591;2,1142;-0,0222;-0,0705;0,0217;-0,9970;;False
370,17;13.35;pa005​;20250404_115622;1;Marche2;-0,0690;1,4607;2,1284;-0,0196;-0,0715;0,0235;-0,9970;;False
370,19;13.36;pa005​;20250404_115622;1;Marche2;-0,0699;1,4620;2,1426;-0,0182;-0,0709;0,0224;-0,9971;;False
370,20;13.37;pa005​;20250404_115622;1;Marche2;-0,0709;1,4635;2,1567;-0,0189;-0,0697;0,0196;-0,9972;;False
370,21;13.39;pa005​;20250404_115622;1;Marche2;-0,0718;1,4652;2,1705;-0,0208;-0,0690;0,0180;-0,9972;;False
370,23;13.4;pa005​;20250404_115622;1;Marche2;-0,0726;1,4668;2,1842;-0,0221;-0,0685;0,0177;-0,9972;;False
370,24;13.42;pa005​;20250404_115622;1;Marche2;-0,0734;1,4683;2,1978;-0,0232;-0,0680;0,0184;-0,9972;;False
370,26;13.43;pa005​;20250404_115622;1;Marche2;-0,0744;1,4700;2,2112;-0,0232;-0,0674;0,0187;-0,9973;;False
370,27;13.44;pa005​;20250404_115622;1;Marche2;-0,0756;1,4720;2,2247;-0,0231;-0,0667;0,0196;-0,9973;;False
370,28;13.46;pa005​;20250404_115622;1;Marche2;-0,0768;1,4737;2,2380;-0,0221;-0,0666;0,0208;-0,9973;;False
370,30;13.47;pa005​;20250404_115622;1;Marche2;-0,0779;1,4750;2,2511;-0,0216;-0,0668;0,0217;-0,9973;;False
370,31;13.48;pa005​;20250404_115622;1;Marche2;-0,0792;1,4761;2,2640;-0,0214;-0,0674;0,0224;-0,9972;;False
370,32;13.5;pa005​;20250404_115622;1;Marche2;-0,0804;1,4771;2,2769;-0,0218;-0,0682;0,0228;-0,9972;;False
370,34;13.51;pa005​;20250404_115622;1;Marche2;-0,0819;1,4779;2,2897;-0,0222;-0,0687;0,0230;-0,9971;;False
370,35;13.53;pa005​;20250404_115622;1;Marche2;-0,0836;1,4785;2,3025;-0,0227;-0,0687;0,0227;-0,9971;;False
370,37;13.54;pa005​;20250404_115622;1;Marche2;-0,0853;1,4788;2,3154;-0,0228;-0,0680;0,0222;-0,9972;;False
370,38;13.55;pa005​;20250404_115622;1;Marche2;-0,0869;1,4788;2,3283;-0,0228;-0,0666;0,0218;-0,9973;;False
370,39;13.57;pa005​;20250404_115622;1;Marche2;-0,0886;1,4786;2,3412;-0,0230;-0,0648;0,0216;-0,9974;;False
370,41;13.58;pa005​;20250404_115622;1;Marche2;-0,0903;1,4781;2,3542;-0,0232;-0,0625;0,0217;-0,9975;;False
370,42;13.6;pa005​;20250404_115622;1;Marche2;-0,0921;1,4774;2,3673;-0,0237;-0,0600;0,0217;-0,9977;;False
370,44;13.61;pa005​;20250404_115622;1;Marche2;-0,0938;1,4765;2,3806;-0,0241;-0,0572;0,0216;-0,9978;;False
370,45;13.62;pa005​;20250404_115622;1;Marche2;-0,0955;1,4755;2,3939;-0,0234;-0,0551;0,0215;-0,9980;;False
370,46;13.64;pa005​;20250404_115622;1;Marche2;-0,0970;1,4743;2,4073;-0,0225;-0,0533;0,0216;-0,9981;;False
370,48;13.65;pa005​;20250404_115622;1;Marche2;-0,0984;1,4728;2,4207;-0,0215;-0,0520;0,0217;-0,9982;;False
370,49;13.67;pa005​;20250404_115622;1;Marche2;-0,0996;1,4712;2,4343;-0,0207;-0,0509;0,0217;-0,9983;;False
370,51;13.68;pa005​;20250404_115622;1;Marche2;-0,1008;1,4694;2,4480;-0,0200;-0,0502;0,0216;-0,9983;;False
370,52;13.69;pa005​;20250404_115622;1;Marche2;-0,1019;1,4675;2,4618;-0,0196;-0,0501;0,0215;-0,9983;;False
370,53;13.71;pa005​;20250404_115622;1;Marche2;-0,1029;1,4653;2,4757;-0,0195;-0,0505;0,0215;-0,9983;;False
370,55;13.72;pa005​;20250404_115622;1;Marche2;-0,1037;1,4631;2,4897;-0,0199;-0,0511;0,0216;-0,9983;;False
370,56;13.74;pa005​;20250404_115622;1;Marche2;-0,1044;1,4612;2,5039;-0,0201;-0,0514;0,0217;-0,9982;;False
370,57;13.75;pa005​;20250404_115622;1;Marche2;-0,1050;1,4595;2,5182;-0,0215;-0,0523;0,0214;-0,9982;;False
370,59;13.76;pa005​;20250404_115622;1;Marche2;-0,1056;1,4579;2,5327;-0,0225;-0,0526;0,0211;-0,9981;;False
370,60;13.78;pa005​;20250404_115622;1;Marche2;-0,1060;1,4565;2,5475;-0,0234;-0,0531;0,0208;-0,9981;;False
370,62;13.79;pa005​;20250404_115622;1;Marche2;-0,1063;1,4553;2,5622;-0,0236;-0,0535;0,0214;-0,9981;;False
370,63;13.8;pa005​;20250404_115622;1;Marche2;-0,1065;1,4542;2,5770;-0,0242;-0,0539;0,0225;-0,9980;;False
370,64;13.82;pa005​;20250404_115622;1;Marche2;-0,1066;1,4533;2,5918;-0,0252;-0,0542;0,0237;-0,9979;;False
370,66;13.83;pa005​;20250404_115622;1;Marche2;-0,1067;1,4525;2,6067;-0,0261;-0,0542;0,0245;-0,9979;;False
370,67;13.85;pa005​;20250404_115622;1;Marche2;-0,1067;1,4526;2,6219;-0,0276;-0,0544;0,0249;-0,9978;;False
370,69;13.86;pa005​;20250404_115622;1;Marche2;-0,1065;1,4529;2,6372;-0,0280;-0,0546;0,0243;-0,9978;;False
370,70;13.87;pa005​;20250404_115622;1;Marche2;-0,1063;1,4539;2,6524;-0,0277;-0,0549;0,0227;-0,9979;;False
370,71;13.89;pa005​;20250404_115622;1;Marche2;-0,1058;1,4573;2,6682;-0,0288;-0,0550;0,0198;-0,9979;;False
370,73;13.9;pa005​;20250404_115622;1;Marche2;-0,1053;1,4601;2,6839;-0,0262;-0,0560;0,0163;-0,9980;;False
370,74;13.92;pa005​;20250404_115622;1;Marche2;-0,1048;1,4622;2,6993;-0,0258;-0,0576;0,0151;-0,9979;;False
370,76;13.93;pa005​;20250404_115622;1;Marche2;-0,1043;1,4647;2,7147;-0,0260;-0,0603;0,0163;-0,9977;;False
370,77;13.95;pa005​;20250404_115622;1;Marche2;-0,1041;1,4664;2,7297;-0,0262;-0,0643;0,0189;-0,9974;;False
370,78;13.96;pa005​;20250404_115622;1;Marche2;-0,1041;1,4682;2,7445;-0,0279;-0,0682;0,0212;-0,9971;;False
370,80;13.97;pa005​;20250404_115622;1;Marche2;-0,1043;1,4700;2,7592;-0,0303;-0,0719;0,0219;-0,9967;;False
370,81;13.99;pa005​;20250404_115622;1;Marche2;-0,1044;1,4718;2,7736;-0,0323;-0,0741;0,0202;-0,9965;;False
370,82;14.0;pa005​;20250404_115622;1;Marche2;-0,1048;1,4735;2,7880;-0,0338;-0,0763;0,0181;-0,9963;;False
370,84;14.01;pa005​;20250404_115622;1;Marche2;-0,1052;1,4750;2,8023;-0,0343;-0,0779;0,0156;-0,9962;;False
370,85;14.03;pa005​;20250404_115622;1;Marche2;-0,1056;1,4765;2,8163;-0,0344;-0,0786;0,0141;-0,9962;;False
370,87;14.04;pa005​;20250404_115622;1;Marche2;-0,1062;1,4783;2,8303;-0,0342;-0,0794;0,0129;-0,9962;;False
370,88;14.05;pa005​;20250404_115622;1;Marche2;-0,1068;1,4798;2,8441;-0,0332;-0,0798;0,0121;-0,9962;;False
370,89;14.07;pa005​;20250404_115622;1;Marche2;-0,1075;1,4808;2,8578;-0,0329;-0,0796;0,0115;-0,9962;;False
370,91;14.08;pa005​;20250404_115622;1;Marche2;-0,1081;1,4814;2,8715;-0,0331;-0,0791;0,0105;-0,9963;;False
370,92;14.1;pa005​;20250404_115622;1;Marche2;-0,1089;1,4819;2,8851;-0,0341;-0,0785;0,0095;-0,9963;;False
370,94;14.11;pa005​;20250404_115622;1;Marche2;-0,1097;1,4822;2,8986;-0,0349;-0,0779;0,0083;-0,9963;;False
370,95;14.12;pa005​;20250404_115622;1;Marche2;-0,1107;1,4824;2,9119;-0,0359;-0,0775;0,0072;-0,9963;;False
370,96;14.14;pa005​;20250404_115622;1;Marche2;-0,1117;1,4823;2,9250;-0,0369;-0,0772;0,0065;-0,9963;;False
370,98;14.15;pa005​;20250404_115622;1;Marche2;-0,1127;1,4821;2,9382;-0,0379;-0,0770;0,0056;-0,9963;;False
370,99;14.17;pa005​;20250404_115622;1;Marche2;-0,1138;1,4814;2,9514;-0,0386;-0,0767;0,0048;-0,9963;;False
371,00;14.18;pa005​;20250404_115622;1;Marche2;-0,1150;1,4807;2,9646;-0,0390;-0,0765;0,0044;-0,9963;;False
371,02;14.19;pa005​;20250404_115622;1;Marche2;-0,1162;1,4799;2,9777;-0,0390;-0,0761;0,0046;-0,9963;;False
371,03;14.21;pa005​;20250404_115622;1;Marche2;-0,1176;1,4790;2,9908;-0,0387;-0,0759;0,0049;-0,9963;;False
371,05;14.22;pa005​;20250404_115622;1;Marche2;-0,1190;1,4778;3,0040;-0,0379;-0,0756;0,0052;-0,9964;;False
371,06;14.23;pa005​;20250404_115622;1;Marche2;-0,1205;1,4765;3,0172;-0,0369;-0,0755;0,0052;-0,9964;;False
371,07;14.25;pa005​;20250404_115622;1;Marche2;-0,1220;1,4749;3,0306;-0,0360;-0,0755;0,0051;-0,9965;;False
371,09;14.26;pa005​;20250404_115622;1;Marche2;-0,1237;1,4731;3,0439;-0,0350;-0,0757;0,0047;-0,9965;;False
371,10;14.28;pa005​;20250404_115622;1;Marche2;-0,1255;1,4712;3,0571;-0,0341;-0,0759;0,0046;-0,9965;;False
371,12;14.29;pa005​;20250404_115622;1;Marche2;-0,1275;1,4692;3,0704;-0,0334;-0,0764;0,0042;-0,9965;;False
371,13;14.31;pa005​;20250404_115622;1;Marche2;-0,1297;1,4673;3,0837;-0,0334;-0,0770;0,0037;-0,9965;;False
371,14;14.32;pa005​;20250404_115622;1;Marche2;-0,1319;1,4652;3,0972;-0,0331;-0,0776;0,0032;-0,9964;;False
371,16;14.33;pa005​;20250404_115622;1;Marche2;-0,1342;1,4634;3,1108;-0,0331;-0,0777;0,0025;-0,9964;;False
371,17;14.35;pa005​;20250404_115622;1;Marche2;-0,1367;1,4617;3,1244;-0,0333;-0,0780;0,0021;-0,9964;;False
371,19;14.36;pa005​;20250404_115622;1;Marche2;-0,1395;1,4603;3,1381;-0,0336;-0,0781;0,0017;-0,9964;;False
371,20;14.37;pa005​;20250404_115622;1;Marche2;-0,1424;1,4591;3,1518;-0,0331;-0,0780;0,0019;-0,9964;;False
371,21;14.39;pa005​;20250404_115622;1;Marche2;-0,1454;1,4581;3,1657;-0,0313;-0,0780;0,0023;-0,9965;;False
371,23;14.4;pa005​;20250404_115622;1;Marche2;-0,1485;1,4570;3,1795;-0,0299;-0,0780;0,0026;-0,9965;;False
371,24;14.42;pa005​;20250404_115622;1;Marche2;-0,1515;1,4566;3,1934;-0,0293;-0,0775;0,0027;-0,9966;;False
371,25;14.43;pa005​;20250404_115622;1;Marche2;-0,1545;1,4563;3,2073;-0,0284;-0,0771;0,0025;-0,9966;;False
371,27;14.44;pa005​;20250404_115622;1;Marche2;-0,1575;1,4575;3,2213;-0,0287;-0,0767;0,0026;-0,9966;;False
371,28;14.46;pa005​;20250404_115622;1;Marche2;-0,1603;1,4593;3,2356;-0,0285;-0,0768;0,0037;-0,9966;;False
371,30;14.47;pa005​;20250404_115622;1;Marche2;-0,1632;1,4615;3,2500;-0,0272;-0,0773;0,0054;-0,9966;;False
371,31;14.48;pa005​;20250404_115622;1;Marche2;-0,1660;1,4630;3,2642;-0,0248;-0,0775;0,0068;-0,9967;;False
371,32;14.5;pa005​;20250404_115622;1;Marche2;-0,1684;1,4640;3,2781;-0,0237;-0,0769;0,0067;-0,9967;;False
371,34;14.51;pa005​;20250404_115622;1;Marche2;-0,1708;1,4653;3,2918;-0,0240;-0,0758;0,0053;-0,9968;;False
371,35;14.53;pa005​;20250404_115622;1;Marche2;-0,1729;1,4675;3,3056;-0,0257;-0,0745;0,0038;-0,9969;;False
371,37;14.54;pa005​;20250404_115622;1;Marche2;-0,1748;1,4689;3,3193;-0,0254;-0,0740;0,0042;-0,9969;;False
371,38;14.55;pa005​;20250404_115622;1;Marche2;-0,1766;1,4703;3,3328;-0,0261;-0,0733;0,0049;-0,9970;;False
371,39;14.57;pa005​;20250404_115622;1;Marche2;-0,1782;1,4719;3,3464;-0,0264;-0,0734;0,0059;-0,9969;;False
371,41;14.58;pa005​;20250404_115622;1;Marche2;-0,1796;1,4735;3,3599;-0,0264;-0,0735;0,0070;-0,9969;;False
371,42;14.6;pa005​;20250404_115622;1;Marche2;-0,1811;1,4750;3,3734;-0,0260;-0,0740;0,0082;-0,9969;;False
371,43;14.61;pa005​;20250404_115622;1;Marche2;-0,1825;1,4767;3,3868;-0,0258;-0,0744;0,0093;-0,9968;;False
371,45;14.63;pa005​;20250404_115622;1;Marche2;-0,1838;1,4780;3,4002;-0,0255;-0,0743;0,0102;-0,9969;;False
371,46;14.64;pa005​;20250404_115622;1;Marche2;-0,1852;1,4789;3,4133;-0,0256;-0,0744;0,0111;-0,9968;;False
371,48;14.65;pa005​;20250404_115622;1;Marche2;-0,1865;1,4793;3,4264;-0,0271;-0,0742;0,0126;-0,9968;;False
371,49;14.67;pa005​;20250404_115622;1;Marche2;-0,1878;1,4796;3,4394;-0,0297;-0,0743;0,0146;-0,9967;;False
371,50;14.68;pa005​;20250404_115622;1;Marche2;-0,1892;1,4800;3,4525;-0,0321;-0,0745;0,0163;-0,9966;;False
371,52;14.69;pa005​;20250404_115622;1;Marche2;-0,1906;1,4801;3,4655;-0,0333;-0,0745;0,0180;-0,9965;;False
371,53;14.71;pa005​;20250404_115622;1;Marche2;-0,1919;1,4801;3,4785;-0,0342;-0,0743;0,0190;-0,9965;;False
371,55;14.72;pa005​;20250404_115622;1;Marche2;-0,1932;1,4797;3,4915;-0,0338;-0,0744;0,0196;-0,9965;;False
371,56;14.74;pa005​;20250404_115622;1;Marche2;-0,1944;1,4792;3,5045;-0,0329;-0,0741;0,0195;-0,9965;;False
371,57;14.75;pa005​;20250404_115622;1;Marche2;-0,1956;1,4785;3,5176;-0,0319;-0,0735;0,0192;-0,9966;;False
371,59;14.76;pa005​;20250404_115622;1;Marche2;-0,1967;1,4777;3,5308;-0,0312;-0,0724;0,0186;-0,9967;;False
371,60;14.78;pa005​;20250404_115622;1;Marche2;-0,1978;1,4768;3,5440;-0,0307;-0,0710;0,0182;-0,9968;;False
371,62;14.79;pa005​;20250404_115622;1;Marche2;-0,1989;1,4755;3,5573;-0,0300;-0,0693;0,0175;-0,9970;;False
371,63;14.8;pa005​;20250404_115622;1;Marche2;-0,1998;1,4741;3,5707;-0,0296;-0,0671;0,0169;-0,9972;;False
371,64;14.82;pa005​;20250404_115622;1;Marche2;-0,2006;1,4725;3,5841;-0,0284;-0,0646;0,0166;-0,9974;;False
371,66;14.83;pa005​;20250404_115622;1;Marche2;-0,2013;1,4708;3,5977;-0,0271;-0,0618;0,0166;-0,9976;;False
371,67;14.85;pa005​;20250404_115622;1;Marche2;-0,2019;1,4690;3,6114;-0,0258;-0,0589;0,0167;-0,9978;;False
371,69;14.86;pa005​;20250404_115622;1;Marche2;-0,2025;1,4671;3,6252;-0,0247;-0,0557;0,0171;-0,9980;;False
371,70;14.87;pa005​;20250404_115622;1;Marche2;-0,2028;1,4650;3,6390;-0,0236;-0,0525;0,0179;-0,9982;;False
371,71;14.89;pa005​;20250404_115622;1;Marche2;-0,2033;1,4628;3,6531;-0,0228;-0,0496;0,0184;-0,9983;;False
371,73;14.9;pa005​;20250404_115622;1;Marche2;-0,2035;1,4607;3,6672;-0,0228;-0,0461;0,0184;-0,9985;;False
371,74;14.92;pa005​;20250404_115622;1;Marche2;-0,2035;1,4592;3,6815;-0,0234;-0,0426;0,0182;-0,9987;;False
371,75;14.93;pa005​;20250404_115622;1;Marche2;-0,2033;1,4580;3,6958;-0,0232;-0,0390;0,0176;-0,9988;;False
371,77;14.94;pa005​;20250404_115622;1;Marche2;-0,2028;1,4567;3,7104;-0,0217;-0,0351;0,0168;-0,9990;;False
371,78;14.96;pa005​;20250404_115622;1;Marche2;-0,2024;1,4555;3,7250;-0,0206;-0,0323;0,0167;-0,9991;;False
371,80;14.97;pa005​;20250404_115622;1;Marche2;-0,2018;1,4548;3,7397;-0,0208;-0,0304;0,0178;-0,9992;;False
371,81;14.98;pa005​;20250404_115622;1;Marche2;-0,2011;1,4544;3,7542;-0,0216;-0,0290;0,0187;-0,9992;;False
371,82;15.0;pa005​;20250404_115622;1;Marche2;-0,2003;1,4544;3,7688;-0,0252;-0,0283;0,0194;-0,9991;;False
371,84;15.01;pa005​;20250404_115622;1;Marche2;-0,1994;1,4557;3,7832;-0,0275;-0,0274;0,0189;-0,9991;;False
371,85;15.03;pa005​;20250404_115622;1;Marche2;-0,1984;1,4589;3,7985;-0,0296;-0,0262;0,0171;-0,9991;;False
371,87;15.04;pa005​;20250404_115622;1;Marche2;-0,1975;1,4621;3,8134;-0,0272;-0,0246;0,0156;-0,9992;;False
371,88;15.06;pa005​;20250404_115622;1;Marche2;-0,1967;1,4641;3,8280;-0,0262;-0,0231;0,0162;-0,9993;;False
371,89;15.07;pa005​;20250404_115622;1;Marche2;-0,1960;1,4666;3,8426;-0,0273;-0,0227;0,0189;-0,9992;;False
371,91;15.08;pa005​;20250404_115622;1;Marche2;-0,1956;1,4690;3,8568;-0,0281;-0,0229;0,0224;-0,9991;;False
371,92;15.1;pa005​;20250404_115622;1;Marche2;-0,1953;1,4712;3,8708;-0,0303;-0,0236;0,0259;-0,9989;;False
371,94;15.11;pa005​;20250404_115622;1;Marche2;-0,1951;1,4734;3,8847;-0,0314;-0,0243;0,0281;-0,9988;;False
371,95;15.12;pa005​;20250404_115622;1;Marche2;-0,1952;1,4752;3,8982;-0,0321;-0,0247;0,0285;-0,9988;;False
371,96;15.14;pa005​;20250404_115622;1;Marche2;-0,1953;1,4772;3,9118;-0,0325;-0,0241;0,0268;-0,9988;;False
371,98;15.15;pa005​;20250404_115622;1;Marche2;-0,1956;1,4791;3,9252;-0,0316;-0,0231;0,0238;-0,9990;;False
371,99;15.17;pa005​;20250404_115622;1;Marche2;-0,1959;1,4808;3,9385;-0,0301;-0,0217;0,0211;-0,9991;;False
372,00;15.18;pa005​;20250404_115622;1;Marche2;-0,1963;1,4823;3,9518;-0,0289;-0,0200;0,0190;-0,9992;;False
372,02;15.19;pa005​;20250404_115622;1;Marche2;-0,1969;1,4839;3,9649;-0,0279;-0,0182;0,0176;-0,9993;;False
372,03;15.21;pa005​;20250404_115622;1;Marche2;-0,1976;1,4850;3,9780;-0,0269;-0,0164;0,0164;-0,9994;;False
372,05;15.22;pa005​;20250404_115622;1;Marche2;-0,1983;1,4856;3,9910;-0,0270;-0,0142;0,0151;-0,9994;;False
372,06;15.24;pa005​;20250404_115622;1;Marche2;-0,1990;1,4861;4,0040;-0,0276;-0,0115;0,0128;-0,9995;;False
372,08;15.25;pa005​;20250404_115622;1;Marche2;-0,1997;1,4864;4,0168;-0,0288;-0,0084;0,0110;-0,9995;;False
372,09;15.26;pa005​;20250404_115622;1;Marche2;-0,2005;1,4867;4,0297;-0,0298;-0,0057;0,0097;-0,9995;;False
372,10;15.28;pa005​;20250404_115622;1;Marche2;-0,2014;1,4868;4,0425;-0,0309;-0,0029;0,0095;-0,9995;;False
372,12;15.29;pa005​;20250404_115622;1;Marche2;-0,2022;1,4867;4,0554;-0,0319;-0,0004;0,0101;-0,9994;;False
372,13;15.3;pa005​;20250404_115622;1;Marche2;-0,2032;1,4863;4,0684;-0,0317;0,0017;0,0111;-0,9994;;False
372,14;15.32;pa005​;20250404_115622;1;Marche2;-0,2042;1,4859;4,0811;-0,0312;0,0035;0,0129;-0,9994;;False
372,16;15.33;pa005​;20250404_115622;1;Marche2;-0,2051;1,4855;4,0939;-0,0302;0,0049;0,0149;-0,9994;;False
372,17;15.35;pa005​;20250404_115622;1;Marche2;-0,2061;1,4847;4,1068;-0,0289;0,0059;0,0160;-0,9994;;False
372,19;15.36;pa005​;20250404_115622;1;Marche2;-0,2071;1,4838;4,1195;-0,0274;0,0064;0,0162;-0,9995;;False
372,20;15.37;pa005​;20250404_115622;1;Marche2;-0,2082;1,4830;4,1324;-0,0254;0,0060;0,0155;-0,9995;;False
372,21;15.39;pa005​;20250404_115622;1;Marche2;-0,2094;1,4817;4,1450;-0,0225;0,0054;0,0148;-0,9996;;False
372,23;15.4;pa005​;20250404_115622;1;Marche2;-0,2109;1,4804;4,1580;-0,0204;0,0046;0,0133;-0,9997;;False
372,24;15.42;pa005​;20250404_115622;1;Marche2;-0,2125;1,4789;4,1708;-0,0189;0,0038;0,0110;-0,9998;;False
372,26;15.43;pa005​;20250404_115622;1;Marche2;-0,2143;1,4770;4,1837;-0,0178;0,0030;0,0078;-0,9998;;False
372,27;15.44;pa005​;20250404_115622;1;Marche2;-0,2163;1,4751;4,1967;-0,0178;0,0026;0,0043;-0,9998;;False
372,28;15.46;pa005​;20250404_115622;1;Marche2;-0,2186;1,4734;4,2098;-0,0178;0,0018;0,0008;-0,9998;;False
372,30;15.47;pa005​;20250404_115622;1;Marche2;-0,2208;1,4719;4,2230;-0,0188;0,0017;-0,0022;-0,9998;;False
372,31;15.48;pa005​;20250404_115622;1;Marche2;-0,2233;1,4701;4,2360;-0,0195;0,0018;-0,0043;-0,9998;;False
372,32;15.5;pa005​;20250404_115622;1;Marche2;-0,2260;1,4689;4,2493;-0,0211;0,0023;-0,0055;-0,9998;;False
372,34;15.51;pa005​;20250404_115622;1;Marche2;-0,2289;1,4679;4,2628;-0,0210;0,0032;-0,0051;-0,9998;;False
372,35;15.53;pa005​;20250404_115622;1;Marche2;-0,2319;1,4670;4,2763;-0,0194;0,0041;-0,0038;-0,9998;;False
372,37;15.54;pa005​;20250404_115622;1;Marche2;-0,2350;1,4661;4,2899;-0,0182;0,0053;-0,0021;-0,9998;;False
372,38;15.56;pa005​;20250404_115622;1;Marche2;-0,2381;1,4653;4,3034;-0,0175;0,0066;-0,0012;-0,9998;;False
372,39;15.57;pa005​;20250404_115622;1;Marche2;-0,2413;1,4650;4,3170;-0,0183;0,0075;-0,0006;-0,9998;;False
372,41;15.58;pa005​;20250404_115622;1;Marche2;-0,2443;1,4649;4,3303;-0,0180;0,0082;0,0001;-0,9998;;False
372,42;15.6;pa005​;20250404_115622;1;Marche2;-0,2473;1,4650;4,3438;-0,0189;0,0080;0,0010;-0,9998;;False
372,44;15.61;pa005​;20250404_115622;1;Marche2;-0,2504;1,4662;4,3574;-0,0189;0,0070;0,0025;-0,9998;;False
372,45;15.62;pa005​;20250404_115622;1;Marche2;-0,2535;1,4682;4,3713;-0,0179;0,0055;0,0043;-0,9998;;False
372,46;15.64;pa005​;20250404_115622;1;Marche2;-0,2566;1,4701;4,3850;-0,0151;0,0035;0,0064;-0,9999;;False
372,48;15.65;pa005​;20250404_115622;1;Marche2;-0,2593;1,4713;4,3985;-0,0129;0,0024;0,0080;-0,9999;;False
372,49;15.67;pa005​;20250404_115622;1;Marche2;-0,2620;1,4731;4,4122;-0,0123;0,0022;0,0076;-0,9999;;False
372,51;15.68;pa005​;20250404_115622;1;Marche2;-0,2646;1,4741;4,4256;-0,0103;0,0026;0,0057;-0,9999;;False
372,52;15.69;pa005​;20250404_115622;1;Marche2;-0,2671;1,4755;4,4392;-0,0109;0,0039;0,0024;-0,9999;;False
372,53;15.71;pa005​;20250404_115622;1;Marche2;-0,2694;1,4772;4,4528;-0,0107;0,0053;-0,0006;-0,9999;;False
372,55;15.72;pa005​;20250404_115622;1;Marche2;-0,2717;1,4789;4,4663;-0,0109;0,0066;-0,0021;-0,9999;;False
372,56;15.74;pa005​;20250404_115622;1;Marche2;-0,2736;1,4805;4,4797;-0,0107;0,0078;-0,0022;-0,9999;;False
372,57;15.75;pa005​;20250404_115622;1;Marche2;-0,2754;1,4818;4,4931;-0,0112;0,0085;-0,0014;-0,9999;;False
372,59;15.76;pa005​;20250404_115622;1;Marche2;-0,2770;1,4833;4,5064;-0,0126;0,0091;-0,0002;-0,9999;;False
372,60;15.78;pa005​;20250404_115622;1;Marche2;-0,2786;1,4848;4,5198;-0,0132;0,0093;0,0009;-0,9999;;False
372,62;15.79;pa005​;20250404_115622;1;Marche2;-0,2799;1,4859;4,5331;-0,0129;0,0094;0,0013;-0,9999;;False
372,63;15.8;pa005​;20250404_115622;1;Marche2;-0,2811;1,4866;4,5463;-0,0130;0,0089;0,0017;-0,9999;;False
372,64;15.82;pa005​;20250404_115622;1;Marche2;-0,2823;1,4873;4,5594;-0,0138;0,0081;0,0023;-0,9999;;False
372,66;15.83;pa005​;20250404_115622;1;Marche2;-0,2832;1,4878;4,5725;-0,0134;0,0078;0,0027;-0,9999;;False
372,67;15.85;pa005​;20250404_115622;1;Marche2;-0,2844;1,4878;4,5853;-0,0145;0,0065;0,0030;-0,9999;;False
372,69;15.86;pa005​;20250404_115622;1;Marche2;-0,2855;1,4875;4,5981;-0,0167;0,0055;0,0036;-0,9998;;False
372,70;15.87;pa005​;20250404_115622;1;Marche2;-0,2864;1,4871;4,6108;-0,0184;0,0049;0,0050;-0,9998;;False
372,71;15.89;pa005​;20250404_115622;1;Marche2;-0,2872;1,4868;4,6235;-0,0198;0,0048;0,0069;-0,9998;;False
372,73;15.9;pa005​;20250404_115622;1;Marche2;-0,2880;1,4861;4,6363;-0,0200;0,0049;0,0083;-0,9998;;False
372,74;15.92;pa005​;20250404_115622;1;Marche2;-0,2887;1,4854;4,6492;-0,0199;0,0055;0,0097;-0,9997;;False
372,75;15.93;pa005​;20250404_115622;1;Marche2;-0,2894;1,4846;4,6621;-0,0193;0,0063;0,0104;-0,9997;;False
372,77;15.94;pa005​;20250404_115622;1;Marche2;-0,2900;1,4835;4,6750;-0,0191;0,0067;0,0109;-0,9997;;False
372,78;15.96;pa005​;20250404_115622;1;Marche2;-0,2904;1,4822;4,6879;-0,0189;0,0073;0,0114;-0,9997;;False
372,80;15.97;pa005​;20250404_115622;1;Marche2;-0,2908;1,4809;4,7008;-0,0178;0,0074;0,0117;-0,9997;;False
372,81;15.99;pa005​;20250404_115622;1;Marche2;-0,2909;1,4792;4,7139;-0,0165;0,0076;0,0119;-0,9998;;False
372,82;16.0;pa005​;20250404_115622;1;Marche2;-0,2911;1,4776;4,7272;-0,0150;0,0073;0,0122;-0,9998;;False
372,84;16.01;pa005​;20250404_115622;1;Marche2;-0,2911;1,4759;4,7406;-0,0125;0,0071;0,0128;-0,9998;;False
372,85;16.03;pa005​;20250404_115622;1;Marche2;-0,2910;1,4739;4,7540;-0,0101;0,0071;0,0133;-0,9998;;False
372,87;16.04;pa005​;20250404_115622;1;Marche2;-0,2907;1,4717;4,7674;-0,0089;0,0077;0,0133;-0,9998;;False
372,88;16.05;pa005​;20250404_115622;1;Marche2;-0,2903;1,4697;4,7808;-0,0089;0,0086;0,0130;-0,9998;;False
372,89;16.07;pa005​;20250404_115622;1;Marche2;-0,2897;1,4680;4,7945;-0,0096;0,0097;0,0130;-0,9998;;False
372,91;16.08;pa005​;20250404_115622;1;Marche2;-0,2890;1,4666;4,8082;-0,0103;0,0112;0,0125;-0,9998;;False
372,92;16.1;pa005​;20250404_115622;1;Marche2;-0,2882;1,4656;4,8221;-0,0106;0,0126;0,0117;-0,9998;;False
372,94;16.11;pa005​;20250404_115622;1;Marche2;-0,2872;1,4649;4,8363;-0,0102;0,0140;0,0115;-0,9998;;False
372,95;16.12;pa005​;20250404_115622;1;Marche2;-0,2858;1,4643;4,8506;-0,0086;0,0152;0,0119;-0,9998;;False
372,96;16.14;pa005​;20250404_115622;1;Marche2;-0,2844;1,4636;4,8649;-0,0074;0,0159;0,0129;-0,9998;;False
372,98;16.15;pa005​;20250404_115622;1;Marche2;-0,2829;1,4637;4,8792;-0,0078;0,0160;0,0139;-0,9997;;False
372,99;16.17;pa005​;20250404_115622;1;Marche2;-0,2813;1,4637;4,8935;-0,0088;0,0156;0,0149;-0,9997;;False
373,01;16.18;pa005​;20250404_115622;1;Marche2;-0,2797;1,4649;4,9079;-0,0104;0,0147;0,0158;-0,9997;;False
373,02;16.19;pa005​;20250404_115622;1;Marche2;-0,2780;1,4670;4,9226;-0,0109;0,0142;0,0150;-0,9997;;False
373,03;16.21;pa005​;20250404_115622;1;Marche2;-0,2763;1,4703;4,9375;-0,0091;0,0140;0,0129;-0,9998;;False
373,05;16.22;pa005​;20250404_115622;1;Marche2;-0,2748;1,4730;4,9523;-0,0060;0,0142;0,0107;-0,9998;;False
373,06;16.24;pa005​;20250404_115622;1;Marche2;-0,2734;1,4754;4,9669;-0,0048;0,0138;0,0103;-0,9998;;False
373,07;16.25;pa005​;20250404_115622;1;Marche2;-0,2722;1,4771;4,9812;-0,0016;0,0131;0,0109;-0,9999;;False
373,09;16.27;pa005​;20250404_115622;1;Marche2;-0,2712;1,4780;4,9954;-0,0007;0,0120;0,0126;-0,9998;;False
373,10;16.28;pa005​;20250404_115622;1;Marche2;-0,2702;1,4792;5,0095;-0,0017;0,0110;0,0141;-0,9998;;False
373,12;16.29;pa005​;20250404_115622;1;Marche2;-0,2694;1,4806;5,0234;-0,0039;0,0104;0,0142;-0,9998;;False
373,13;16.31;pa005​;20250404_115622;1;Marche2;-0,2687;1,4824;5,0373;-0,0054;0,0101;0,0130;-0,9999;;False
373,14;16.32;pa005​;20250404_115622;1;Marche2;-0,2680;1,4839;5,0511;-0,0054;0,0099;0,0121;-0,9999;;False
373,16;16.33;pa005​;20250404_115622;1;Marche2;-0,2675;1,4850;5,0648;-0,0045;0,0103;0,0111;-0,9999;;False
373,17;16.35;pa005​;20250404_115622;1;Marche2;-0,2670;1,4863;5,0785;-0,0038;0,0110;0,0107;-0,9999;;False
373,19;16.36;pa005​;20250404_115622;1;Marche2;-0,2666;1,4881;5,0922;-0,0023;0,0113;0,0108;-0,9999;;False
373,20;16.38;pa005​;20250404_115622;1;Marche2;-0,2663;1,4892;5,1057;-0,0003;0,0116;0,0118;-0,9999;;False
373,21;16.39;pa005​;20250404_115622;1;Marche2;-0,2660;1,4900;5,1191;0,0006;0,0121;0,0123;-0,9999;;False
373,23;16.4;pa005​;20250404_115622;1;Marche2;-0,2658;1,4907;5,1326;0,0008;0,0128;0,0121;-0,9998;;False
373,24;16.42;pa005​;20250404_115622;1;Marche2;-0,2657;1,4912;5,1460;0,0006;0,0138;0,0112;-0,9998;;False
373,26;16.43;pa005​;20250404_115622;1;Marche2;-0,2658;1,4914;5,1594;0,0000;0,0146;0,0107;-0,9998;;False
373,27;16.44;pa005​;20250404_115622;1;Marche2;-0,2660;1,4913;5,1727;-0,0002;0,0151;0,0105;-0,9998;;False
373,28;16.46;pa005​;20250404_115622;1;Marche2;-0,2662;1,4910;5,1860;-0,0006;0,0155;0,0104;-0,9998;;False
373,30;16.47;pa005​;20250404_115622;1;Marche2;-0,2665;1,4904;5,1990;-0,0017;0,0157;0,0097;-0,9998;;False
373,31;16.49;pa005​;20250404_115622;1;Marche2;-0,2669;1,4896;5,2121;-0,0027;0,0158;0,0090;-0,9998;;False
373,32;16.5;pa005​;20250404_115622;1;Marche2;-0,2674;1,4887;5,2251;-0,0033;0,0157;0,0087;-0,9998;;False
373,34;16.51;pa005​;20250404_115622;1;Marche2;-0,2679;1,4876;5,2381;-0,0032;0,0155;0,0084;-0,9998;;False
373,35;16.53;pa005​;20250404_115622;1;Marche2;-0,2685;1,4863;5,2512;-0,0030;0,0153;0,0082;-0,9998;;False
373,37;16.54;pa005​;20250404_115622;1;Marche2;-0,2692;1,4849;5,2643;-0,0026;0,0149;0,0085;-0,9998;;False
373,38;16.55;pa005​;20250404_115622;1;Marche2;-0,2700;1,4831;5,2774;-0,0020;0,0148;0,0086;-0,9999;;False
373,39;16.57;pa005​;20250404_115622;1;Marche2;-0,2709;1,4810;5,2903;-0,0020;0,0149;0,0085;-0,9998;;False
373,41;16.58;pa005​;20250404_115622;1;Marche2;-0,2720;1,4788;5,3033;-0,0026;0,0151;0,0084;-0,9998;;False
373,42;16.6;pa005​;20250404_115622;1;Marche2;-0,2732;1,4765;5,3162;-0,0040;0,0152;0,0087;-0,9998;;False
373,44;16.61;pa005​;20250404_115622;1;Marche2;-0,2746;1,4743;5,3292;-0,0057;0,0147;0,0095;-0,9998;;False
373,45;16.63;pa005​;20250404_115622;1;Marche2;-0,2761;1,4721;5,3422;-0,0073;0,0139;0,0099;-0,9998;;False
373,46;16.64;pa005​;20250404_115622;1;Marche2;-0,2777;1,4701;5,3552;-0,0090;0,0132;0,0094;-0,9998;;False
373,48;16.65;pa005​;20250404_115622;1;Marche2;-0,2795;1,4685;5,3683;-0,0103;0,0123;0,0081;-0,9998;;False
373,49;16.67;pa005​;20250404_115622;1;Marche2;-0,2815;1,4672;5,3816;-0,0102;0,0115;0,0071;-0,9999;;False
373,51;16.68;pa005​;20250404_115622;1;Marche2;-0,2837;1,4663;5,3950;-0,0088;0,0107;0,0067;-0,9999;;False
373,52;16.69;pa005​;20250404_115622;1;Marche2;-0,2861;1,4655;5,4085;-0,0067;0,0101;0,0068;-0,9999;;False
373,53;16.71;pa005​;20250404_115622;1;Marche2;-0,2886;1,4649;5,4219;-0,0054;0,0096;0,0066;-0,9999;;False
373,55;16.72;pa005​;20250404_115622;1;Marche2;-0,2912;1,4647;5,4356;-0,0047;0,0097;0,0063;-0,9999;;False
373,56;16.74;pa005​;20250404_115622;1;Marche2;-0,2939;1,4647;5,4492;-0,0025;0,0099;0,0066;-0,9999;;False
373,58;16.75;pa005​;20250404_115622;1;Marche2;-0,2966;1,4652;5,4630;-0,0014;0,0101;0,0076;-0,9999;;False
373,59;16.76;pa005​;20250404_115622;1;Marche2;-0,2990;1,4668;5,4768;0,0003;0,0100;0,0088;-0,9999;;False
373,60;16.78;pa005​;20250404_115622;1;Marche2;-0,3015;1,4688;5,4908;0,0028;0,0095;0,0108;-0,9999;;False
373,62;16.79;pa005​;20250404_115622;1;Marche2;-0,3039;1,4709;5,5048;0,0050;0,0092;0,0129;-0,9999;;False
373,63;16.8;pa005​;20250404_115622;1;Marche2;-0,3063;1,4724;5,5189;0,0077;0,0092;0,0138;-0,9998;;False
373,64;16.82;pa005​;20250404_115622;1;Marche2;-0,3084;1,4735;5,5329;0,0101;0,0099;0,0138;-0,9998;;False
373,66;16.83;pa005​;20250404_115622;1;Marche2;-0,3105;1,4751;5,5471;0,0104;0,0106;0,0131;-0,9998;;False
373,67;16.85;pa005​;20250404_115622;1;Marche2;-0,3122;1,4764;5,5612;0,0116;0,0114;0,0127;-0,9998;;False
373,69;16.86;pa005​;20250404_115622;1;Marche2;-0,3139;1,4774;5,5754;0,0106;0,0118;0,0128;-0,9998;;False
373,70;16.87;pa005​;20250404_115622;1;Marche2;-0,3154;1,4784;5,5894;0,0089;0,0120;0,0132;-0,9998;;False
373,71;16.89;pa005​;20250404_115622;1;Marche2;-0,3167;1,4795;5,6035;0,0075;0,0118;0,0136;-0,9998;;False
373,73;16.9;pa005​;20250404_115622;1;Marche2;-0,3179;1,4805;5,6176;0,0062;0,0115;0,0141;-0,9998;;False
373,74;16.92;pa005​;20250404_115622;1;Marche2;-0,3191;1,4815;5,6318;0,0054;0,0108;0,0151;-0,9998;;False
373,76;16.93;pa005​;20250404_115622;1;Marche2;-0,3202;1,4828;5,6462;0,0045;0,0099;0,0161;-0,9998;;False
373,77;16.94;pa005​;20250404_115622;1;Marche2;-0,3212;1,4837;5,6605;0,0046;0,0088;0,0169;-0,9998;;False
373,78;16.96;pa005​;20250404_115622;1;Marche2;-0,3221;1,4842;5,6747;0,0040;0,0075;0,0181;-0,9998;;False
373,80;16.97;pa005​;20250404_115622;1;Marche2;-0,3229;1,4844;5,6887;0,0029;0,0058;0,0198;-0,9998;;False
373,81;16.99;pa005​;20250404_115622;1;Marche2;-0,3237;1,4845;5,7027;0,0015;0,0036;0,0215;-0,9998;;False
373,82;17.0;pa005​;20250404_115622;1;Marche2;-0,3246;1,4845;5,7167;-0,0002;0,0015;0,0228;-0,9997;;False
373,84;17.01;pa005​;20250404_115622;1;Marche2;-0,3254;1,4842;5,7306;-0,0013;-0,0005;0,0238;-0,9997;;False
373,85;17.03;pa005​;20250404_115622;1;Marche2;-0,3262;1,4837;5,7446;-0,0026;-0,0025;0,0247;-0,9997;;False
373,87;17.04;pa005​;20250404_115622;1;Marche2;-0,3271;1,4830;5,7584;-0,0038;-0,0045;0,0250;-0,9997;;False
373,88;17.05;pa005​;20250404_115622;1;Marche2;-0,3279;1,4822;5,7721;-0,0045;-0,0060;0,0249;-0,9997;;False
373,89;17.07;pa005​;20250404_115622;1;Marche2;-0,3285;1,4812;5,7859;-0,0053;-0,0071;0,0242;-0,9997;;False
373,91;17.08;pa005​;20250404_115622;1;Marche2;-0,3294;1,4799;5,7998;-0,0058;-0,0079;0,0234;-0,9997;;False
373,92;17.1;pa005​;20250404_115622;1;Marche2;-0,3302;1,4786;5,8139;-0,0060;-0,0083;0,0226;-0,9997;;False
373,94;17.11;pa005​;20250404_115622;1;Marche2;-0,3309;1,4768;5,8280;-0,0057;-0,0084;0,0220;-0,9997;;False
373,95;17.12;pa005​;20250404_115622;1;Marche2;-0,3316;1,4750;5,8421;-0,0058;-0,0085;0,0216;-0,9997;;False
373,96;17.14;pa005​;20250404_115622;1;Marche2;-0,3321;1,4728;5,8563;-0,0055;-0,0082;0,0214;-0,9997;;False
373,98;17.15;pa005​;20250404_115622;1;Marche2;-0,3326;1,4706;5,8707;-0,0057;-0,0079;0,0214;-0,9997;;False
373,99;17.17;pa005​;20250404_115622;1;Marche2;-0,3330;1,4681;5,8851;-0,0058;-0,0075;0,0216;-0,9997;;False
374,01;17.18;pa005​;20250404_115622;1;Marche2;-0,3332;1,4653;5,8996;-0,0060;-0,0071;0,0217;-0,9997;;False
374,02;17.19;pa005​;20250404_115622;1;Marche2;-0,3334;1,4629;5,9142;-0,0069;-0,0066;0,0215;-0,9997;;False
374,03;17.21;pa005​;20250404_115622;1;Marche2;-0,3333;1,4610;5,9289;-0,0078;-0,0059;0,0210;-0,9997;;False
374,05;17.22;pa005​;20250404_115622;1;Marche2;-0,3331;1,4593;5,9437;-0,0089;-0,0052;0,0205;-0,9997;;False
374,06;17.23;pa005​;20250404_115622;1;Marche2;-0,3329;1,4577;5,9587;-0,0099;-0,0045;0,0197;-0,9997;;False
374,07;17.25;pa005​;20250404_115622;1;Marche2;-0,3325;1,4565;5,9738;-0,0110;-0,0034;0,0188;-0,9998;;False
374,09;17.26;pa005​;20250404_115622;1;Marche2;-0,3319;1,4555;5,9890;-0,0113;-0,0025;0,0178;-0,9998;;False
374,10;17.28;pa005​;20250404_115622;1;Marche2;-0,3313;1,4550;6,0042;-0,0128;-0,0025;0,0175;-0,9998;;False
374,12;17.29;pa005​;20250404_115622;1;Marche2;-0,3305;1,4551;6,0196;-0,0135;-0,0029;0,0180;-0,9997;;False
374,13;17.3;pa005​;20250404_115622;1;Marche2;-0,3297;1,4555;6,0349;-0,0156;-0,0036;0,0179;-0,9997;;False
374,14;17.32;pa005​;20250404_115622;1;Marche2;-0,3288;1,4568;6,0504;-0,0168;-0,0045;0,0169;-0,9997;;False
374,16;17.33;pa005​;20250404_115622;1;Marche2;-0,3278;1,4593;6,0661;-0,0187;-0,0053;0,0149;-0,9997;;False
374,17;17.35;pa005​;20250404_115622;1;Marche2;-0,3268;1,4624;6,0821;-0,0175;-0,0068;0,0131;-0,9997;;False
374,19;17.36;pa005​;20250404_115622;1;Marche2;-0,3257;1,4649;6,0978;-0,0152;-0,0091;0,0132;-0,9998;;False
374,20;17.37;pa005​;20250404_115622;1;Marche2;-0,3248;1,4672;6,1129;-0,0170;-0,0126;0,0156;-0,9997;;False
374,21;17.39;pa005​;20250404_115622;1;Marche2;-0,3239;1,4693;6,1284;-0,0164;-0,0164;0,0192;-0,9995;;False
374,23;17.4;pa005​;20250404_115622;1;Marche2;-0,3232;1,4713;6,1434;-0,0163;-0,0214;0,0224;-0,9994;;False
374,24;17.42;pa005​;20250404_115622;1;Marche2;-0,3226;1,4733;6,1583;-0,0167;-0,0270;0,0236;-0,9992;;False
374,25;17.43;pa005​;20250404_115622;1;Marche2;-0,3219;1,4751;6,1729;-0,0175;-0,0325;0,0233;-0,9990;;False
374,27;17.44;pa005​;20250404_115622;1;Marche2;-0,3213;1,4769;6,1874;-0,0178;-0,0382;0,0214;-0,9989;;False
374,28;17.46;pa005​;20250404_115622;1;Marche2;-0,3207;1,4786;6,2017;-0,0178;-0,0434;0,0196;-0,9987;;False
374,30;17.47;pa005​;20250404_115622;1;Marche2;-0,3202;1,4799;6,2161;-0,0174;-0,0481;0,0184;-0,9985;;False
374,31;17.48;pa005​;20250404_115622;1;Marche2;-0,3201;1,4812;6,2303;-0,0170;-0,0527;0,0169;-0,9983;;False
374,32;17.5;pa005​;20250404_115622;1;Marche2;-0,3198;1,4826;6,2447;-0,0163;-0,0561;0,0163;-0,9982;;False
374,34;17.51;pa005​;20250404_115622;1;Marche2;-0,3199;1,4836;6,2589;-0,0156;-0,0591;0,0152;-0,9980;;False
374,35;17.53;pa005​;20250404_115622;1;Marche2;-0,3197;1,4843;6,2730;-0,0153;-0,0611;0,0139;-0,9979;;False
374,37;17.54;pa005​;20250404_115622;1;Marche2;-0,3196;1,4847;6,2871;-0,0171;-0,0625;0,0116;-0,9978;;False
374,38;17.55;pa005​;20250404_115622;1;Marche2;-0,3197;1,4849;6,3009;-0,0189;-0,0635;0,0098;-0,9978;;False
374,39;17.57;pa005​;20250404_115622;1;Marche2;-0,3202;1,4848;6,3148;-0,0223;-0,0642;0,0084;-0,9977;;False
374,41;17.58;pa005​;20250404_115622;1;Marche2;-0,3208;1,4844;6,3286;-0,0267;-0,0647;0,0081;-0,9975;;False
374,42;17.6;pa005​;20250404_115622;1;Marche2;-0,3215;1,4837;6,3422;-0,0305;-0,0650;0,0081;-0,9974;;False
374,43;17.61;pa005​;20250404_115622;1;Marche2;-0,3222;1,4830;6,3561;-0,0345;-0,0643;0,0085;-0,9973;;False
374,45;17.63;pa005​;20250404_115622;1;Marche2;-0,3232;1,4822;6,3698;-0,0370;-0,0628;0,0083;-0,9973;;False
374,46;17.64;pa005​;20250404_115622;1;Marche2;-0,3243;1,4812;6,3838;-0,0396;-0,0611;0,0080;-0,9973;;False
374,48;17.65;pa005​;20250404_115622;1;Marche2;-0,3257;1,4797;6,3975;-0,0412;-0,0587;0,0071;-0,9974;;False
374,49;17.67;pa005​;20250404_115622;1;Marche2;-0,3273;1,4779;6,4111;-0,0439;-0,0563;0,0065;-0,9974;;False
374,50;17.68;pa005​;20250404_115622;1;Marche2;-0,3288;1,4759;6,4247;-0,0463;-0,0537;0,0066;-0,9975;;False
374,52;17.69;pa005​;20250404_115622;1;Marche2;-0,3307;1,4738;6,4384;-0,0485;-0,0515;0,0071;-0,9975;;False
374,53;17.71;pa005​;20250404_115622;1;Marche2;-0,3327;1,4715;6,4521;-0,0496;-0,0498;0,0073;-0,9975;;False
374,55;17.72;pa005​;20250404_115622;1;Marche2;-0,3348;1,4692;6,4657;-0,0516;-0,0482;0,0075;-0,9975;;False
374,56;17.74;pa005​;20250404_115622;1;Marche2;-0,3370;1,4670;6,4793;-0,0527;-0,0467;0,0078;-0,9975;;False
374,58;17.75;pa005​;20250404_115622;1;Marche2;-0,3393;1,4648;6,4929;-0,0533;-0,0458;0,0076;-0,9975;;False
374,59;17.76;pa005​;20250404_115622;1;Marche2;-0,3415;1,4629;6,5067;-0,0545;-0,0449;0,0073;-0,9975;;False
374,60;17.78;pa005​;20250404_115622;1;Marche2;-0,3439;1,4612;6,5204;-0,0553;-0,0447;0,0071;-0,9974;;False
374,62;17.79;pa005​;20250404_115622;1;Marche2;-0,3467;1,4599;6,5342;-0,0560;-0,0447;0,0067;-0,9974;;False
374,63;17.8;pa005​;20250404_115622;1;Marche2;-0,3496;1,4587;6,5481;-0,0567;-0,0452;0,0067;-0,9973;;False
374,65;17.82;pa005​;20250404_115622;1;Marche2;-0,3527;1,4580;6,5623;-0,0557;-0,0461;0,0073;-0,9974;;False
374,66;17.83;pa005​;20250404_115622;1;Marche2;-0,3558;1,4575;6,5764;-0,0543;-0,0469;0,0080;-0,9974;;False
374,67;17.85;pa005​;20250404_115622;1;Marche2;-0,3588;1,4569;6,5902;-0,0531;-0,0475;0,0077;-0,9974;;False
374,69;17.86;pa005​;20250404_115622;1;Marche2;-0,3618;1,4567;6,6040;-0,0538;-0,0478;0,0065;-0,9974;;False
374,70;17.87;pa005​;20250404_115622;1;Marche2;-0,3649;1,4584;6,6183;-0,0565;-0,0482;0,0053;-0,9972;;False
374,71;17.89;pa005​;20250404_115622;1;Marche2;-0,3679;1,4610;6,6329;-0,0553;-0,0487;0,0048;-0,9973;;False
374,73;17.9;pa005​;20250404_115622;1;Marche2;-0,3709;1,4627;6,6475;-0,0522;-0,0498;0,0061;-0,9974;;False
374,74;17.92;pa005​;20250404_115622;1;Marche2;-0,3737;1,4641;6,6617;-0,0484;-0,0510;0,0075;-0,9975;;False
374,76;17.93;pa005​;20250404_115622;1;Marche2;-0,3762;1,4659;6,6760;-0,0471;-0,0518;0,0077;-0,9975;;False
374,77;17.95;pa005​;20250404_115622;1;Marche2;-0,3785;1,4666;6,6898;-0,0457;-0,0523;0,0059;-0,9976;;False
374,78;17.96;pa005​;20250404_115622;1;Marche2;-0,3806;1,4678;6,7037;-0,0463;-0,0523;0,0041;-0,9975;;False
374,80;17.97;pa005​;20250404_115622;1;Marche2;-0,3825;1,4692;6,7175;-0,0478;-0,0528;0,0022;-0,9975;;False
374,81;17.99;pa005​;20250404_115622;1;Marche2;-0,3842;1,4707;6,7313;-0,0486;-0,0543;0,0020;-0,9973;;False
374,82;18.0;pa005​;20250404_115622;1;Marche2;-0,3856;1,4721;6,7451;-0,0491;-0,0561;0,0028;-0,9972;;False
374,84;18.01;pa005​;20250404_115622;1;Marche2;-0,3867;1,4736;6,7588;-0,0492;-0,0588;0,0038;-0,9970;;False
374,85;18.03;pa005​;20250404_115622;1;Marche2;-0,3877;1,4751;6,7725;-0,0494;-0,0612;0,0045;-0,9969;;False
374,87;18.04;pa005​;20250404_115622;1;Marche2;-0,3887;1,4764;6,7860;-0,0495;-0,0639;0,0052;-0,9967;;False
374,88;18.05;pa005​;20250404_115622;1;Marche2;-0,3894;1,4775;6,7995;-0,0494;-0,0666;0,0059;-0,9965;;False
374,89;18.07;pa005​;20250404_115622;1;Marche2;-0,3901;1,4782;6,8129;-0,0498;-0,0692;0,0062;-0,9963;;False
374,91;18.08;pa005​;20250404_115622;1;Marche2;-0,3907;1,4787;6,8262;-0,0506;-0,0719;0,0065;-0,9961;;False
374,92;18.1;pa005​;20250404_115622;1;Marche2;-0,3911;1,4789;6,8394;-0,0521;-0,0745;0,0064;-0,9958;;False
374,94;18.11;pa005​;20250404_115622;1;Marche2;-0,3916;1,4788;6,8525;-0,0539;-0,0772;0,0066;-0,9955;;False
374,95;18.12;pa005​;20250404_115622;1;Marche2;-0,3919;1,4784;6,8655;-0,0559;-0,0801;0,0074;-0,9952;;False
374,96;18.14;pa005​;20250404_115622;1;Marche2;-0,3922;1,4778;6,8785;-0,0572;-0,0829;0,0076;-0,9949;;False
374,98;18.15;pa005​;20250404_115622;1;Marche2;-0,3924;1,4771;6,8915;-0,0580;-0,0857;0,0078;-0,9946;;False
374,99;18.17;pa005​;20250404_115622;1;Marche2;-0,3924;1,4762;6,9045;-0,0585;-0,0883;0,0076;-0,9943;;False
375,00;18.18;pa005​;20250404_115622;1;Marche2;-0,3925;1,4751;6,9175;-0,0592;-0,0908;0,0068;-0,9941;;False
375,02;18.19;pa005​;20250404_115622;1;Marche2;-0,3923;1,4741;6,9307;-0,0597;-0,0929;0,0056;-0,9939;;False
375,03;18.21;pa005​;20250404_115622;1;Marche2;-0,3920;1,4730;6,9440;-0,0596;-0,0950;0,0047;-0,9937;;False
375,05;18.22;pa005​;20250404_115622;1;Marche2;-0,3915;1,4717;6,9573;-0,0590;-0,0971;0,0039;-0,9935;;False
375,06;18.24;pa005​;20250404_115622;1;Marche2;-0,3909;1,4703;6,9706;-0,0590;-0,0994;0,0035;-0,9933;;False
375,07;18.25;pa005​;20250404_115622;1;Marche2;-0,3900;1,4686;6,9840;-0,0588;-0,1016;0,0034;-0,9931;;False
375,09;18.26;pa005​;20250404_115622;1;Marche2;-0,3889;1,4667;6,9975;-0,0584;-0,1038;0,0034;-0,9929;;False
375,10;18.28;pa005​;20250404_115622;1;Marche2;-0,3878;1,4648;7,0109;-0,0581;-0,1063;0,0037;-0,9926;;False
375,12;18.29;pa005​;20250404_115622;1;Marche2;-0,3866;1,4628;7,0243;-0,0574;-0,1088;0,0043;-0,9924;;False
375,13;18.31;pa005​;20250404_115622;1;Marche2;-0,3850;1,4608;7,0378;-0,0570;-0,1113;0,0047;-0,9921;;False
375,14;18.32;pa005​;20250404_115622;1;Marche2;-0,3833;1,4587;7,0513;-0,0568;-0,1138;0,0047;-0,9919;;False
375,16;18.33;pa005​;20250404_115622;1;Marche2;-0,3814;1,4567;7,0648;-0,0576;-0,1158;0,0043;-0,9916;;False
375,17;18.35;pa005​;20250404_115622;1;Marche2;-0,3794;1,4549;7,0783;-0,0587;-0,1181;0,0037;-0,9913;;False
375,19;18.36;pa005​;20250404_115622;1;Marche2;-0,3771;1,4537;7,0919;-0,0601;-0,1198;0,0030;-0,9910;;False
375,20;18.37;pa005​;20250404_115622;1;Marche2;-0,3746;1,4524;7,1056;-0,0609;-0,1216;0,0026;-0,9907;;False
375,21;18.39;pa005​;20250404_115622;1;Marche2;-0,3720;1,4516;7,1194;-0,0614;-0,1242;0,0032;-0,9903;;False
375,23;18.4;pa005​;20250404_115622;1;Marche2;-0,3692;1,4509;7,1331;-0,0612;-0,1276;0,0048;-0,9899;;False
375,24;18.42;pa005​;20250404_115622;1;Marche2;-0,3663;1,4507;7,1468;-0,0627;-0,1315;0,0068;-0,9893;;False
375,26;18.43;pa005​;20250404_115622;1;Marche2;-0,3633;1,4520;7,1608;-0,0626;-0,1355;0,0081;-0,9888;;False
375,27;18.44;pa005​;20250404_115622;1;Marche2;-0,3603;1,4544;7,1752;-0,0625;-0,1396;0,0085;-0,9882;;False
375,28;18.46;pa005​;20250404_115622;1;Marche2;-0,3573;1,4568;7,1893;-0,0612;-0,1430;0,0081;-0,9878;;False
375,30;18.47;pa005​;20250404_115622;1;Marche2;-0,3545;1,4589;7,2032;-0,0614;-0,1469;0,0089;-0,9872;;False
375,31;18.49;pa005​;20250404_115622;1;Marche2;-0,3514;1,4608;7,2170;-0,0617;-0,1508;0,0111;-0,9866;;False
375,33;18.5;pa005​;20250404_115622;1;Marche2;-0,3488;1,4621;7,2303;-0,0620;-0,1560;0,0139;-0,9857;;False
375,34;18.51;pa005​;20250404_115622;1;Marche2;-0,3464;1,4641;7,2433;-0,0634;-0,1613;0,0165;-0,9847;;False
375,35;18.53;pa005​;20250404_115622;1;Marche2;-0,3443;1,4664;7,2562;-0,0626;-0,1657;0,0172;-0,9840;;False
375,37;18.54;pa005​;20250404_115622;1;Marche2;-0,3422;1,4682;7,2690;-0,0613;-0,1685;0,0158;-0,9837;;False
375,38;18.56;pa005​;20250404_115622;1;Marche2;-0,3403;1,4699;7,2816;-0,0600;-0,1712;0,0136;-0,9833;;False
375,39;18.57;pa005​;20250404_115622;1;Marche2;-0,3384;1,4715;7,2941;-0,0583;-0,1734;0,0115;-0,9831;;False
375,41;18.58;pa005​;20250404_115622;1;Marche2;-0,3365;1,4728;7,3066;-0,0569;-0,1751;0,0102;-0,9829;;False
375,42;18.6;pa005​;20250404_115622;1;Marche2;-0,3348;1,4741;7,3191;-0,0559;-0,1765;0,0092;-0,9827;;False
375,44;18.61;pa005​;20250404_115622;1;Marche2;-0,3332;1,4756;7,3316;-0,0553;-0,1781;0,0087;-0,9824;;False
375,45;18.62;pa005​;20250404_115622;1;Marche2;-0,3316;1,4768;7,3441;-0,0538;-0,1795;0,0087;-0,9822;;False
375,46;18.64;pa005​;20250404_115622;1;Marche2;-0,3300;1,4777;7,3567;-0,0530;-0,1810;0,0082;-0,9820;;False
375,48;18.65;pa005​;20250404_115622;1;Marche2;-0,3284;1,4782;7,3692;-0,0527;-0,1819;0,0076;-0,9819;;False
375,49;18.67;pa005​;20250404_115622;1;Marche2;-0,3269;1,4788;7,3816;-0,0536;-0,1825;0,0068;-0,9817;;False
375,50;18.68;pa005​;20250404_115622;1;Marche2;-0,3256;1,4792;7,3937;-0,0546;-0,1832;0,0059;-0,9815;;False
375,52;18.69;pa005​;20250404_115622;1;Marche2;-0,3243;1,4794;7,4058;-0,0560;-0,1838;0,0052;-0,9814;;False
375,53;18.71;pa005​;20250404_115622;1;Marche2;-0,3231;1,4795;7,4178;-0,0575;-0,1844;0,0048;-0,9812;;False
375,55;18.72;pa005​;20250404_115622;1;Marche2;-0,3219;1,4794;7,4297;-0,0584;-0,1853;0,0049;-0,9809;;False
375,56;18.73;pa005​;20250404_115622;1;Marche2;-0,3207;1,4790;7,4415;-0,0589;-0,1861;0,0054;-0,9807;;False
375,57;18.75;pa005​;20250404_115622;1;Marche2;-0,3197;1,4787;7,4533;-0,0594;-0,1869;0,0060;-0,9806;;False
375,59;18.76;pa005​;20250404_115622;1;Marche2;-0,3188;1,4784;7,4652;-0,0588;-0,1877;0,0062;-0,9804;;False
375,60;18.78;pa005​;20250404_115622;1;Marche2;-0,3181;1,4778;7,4771;-0,0580;-0,1884;0,0062;-0,9804;;False
375,62;18.79;pa005​;20250404_115622;1;Marche2;-0,3175;1,4772;7,4889;-0,0571;-0,1890;0,0061;-0,9803;;False
375,63;18.8;pa005​;20250404_115622;1;Marche2;-0,3169;1,4763;7,5009;-0,0561;-0,1893;0,0060;-0,9803;;False
375,64;18.82;pa005​;20250404_115622;1;Marche2;-0,3164;1,4751;7,5128;-0,0552;-0,1898;0,0058;-0,9803;;False
375,66;18.83;pa005​;20250404_115622;1;Marche2;-0,3160;1,4737;7,5246;-0,0549;-0,1900;0,0060;-0,9802;;False
375,67;18.85;pa005​;20250404_115622;1;Marche2;-0,3159;1,4723;7,5363;-0,0549;-0,1901;0,0064;-0,9802;;False
375,69;18.86;pa005​;20250404_115622;1;Marche2;-0,3159;1,4709;7,5480;-0,0550;-0,1902;0,0072;-0,9802;;False
375,70;18.88;pa005​;20250404_115622;1;Marche2;-0,3161;1,4695;7,5597;-0,0552;-0,1905;0,0081;-0,9801;;False
375,71;18.89;pa005​;20250404_115622;1;Marche2;-0,3164;1,4681;7,5714;-0,0549;-0,1907;0,0089;-0,9801;;False
375,73;18.9;pa005​;20250404_115622;1;Marche2;-0,3169;1,4668;7,5832;-0,0545;-0,1909;0,0092;-0,9801;;False
375,74;18.92;pa005​;20250404_115622;1;Marche2;-0,3176;1,4657;7,5950;-0,0542;-0,1911;0,0095;-0,9800;;False
375,75;18.93;pa005​;20250404_115622;1;Marche2;-0,3184;1,4646;7,6069;-0,0531;-0,1915;0,0101;-0,9800;;False
375,77;18.94;pa005​;20250404_115622;1;Marche2;-0,3195;1,4636;7,6189;-0,0513;-0,1919;0,0106;-0,9800;;False
375,78;18.96;pa005​;20250404_115622;1;Marche2;-0,3207;1,4623;7,6308;-0,0496;-0,1916;0,0107;-0,9802;;False
375,80;18.97;pa005​;20250404_115622;1;Marche2;-0,3220;1,4609;7,6426;-0,0488;-0,1908;0,0105;-0,9804;;False
375,81;18.99;pa005​;20250404_115622;1;Marche2;-0,3234;1,4601;7,6545;-0,0491;-0,1890;0,0107;-0,9807;;False
375,83;19.0;pa005​;20250404_115622;1;Marche2;-0,3250;1,4595;7,6665;-0,0490;-0,1872;0,0115;-0,9810;;False
375,84;19.01;pa005​;20250404_115622;1;Marche2;-0,3266;1,4597;7,6787;-0,0487;-0,1852;0,0133;-0,9814;;False
375,85;19.03;pa005​;20250404_115622;1;Marche2;-0,3283;1,4614;7,6913;-0,0481;-0,1829;0,0156;-0,9818;;False
375,87;19.04;pa005​;20250404_115622;1;Marche2;-0,3299;1,4631;7,7040;-0,0453;-0,1805;0,0183;-0,9824;;False
375,88;19.05;pa005​;20250404_115622;1;Marche2;-0,3316;1,4638;7,7164;-0,0428;-0,1767;0,0202;-0,9831;;False
375,89;19.07;pa005​;20250404_115622;1;Marche2;-0,3332;1,4648;7,7288;-0,0421;-0,1715;0,0203;-0,9841;;False
375,91;19.08;pa005​;20250404_115622;1;Marche2;-0,3348;1,4659;7,7411;-0,0409;-0,1661;0,0186;-0,9851;;False
375,92;19.1;pa005​;20250404_115622;1;Marche2;-0,3361;1,4671;7,7535;-0,0406;-0,1602;0,0169;-0,9861;;False
375,94;19.11;pa005​;20250404_115622;1;Marche2;-0,3372;1,4684;7,7657;-0,0402;-0,1549;0,0156;-0,9870;;False
375,95;19.12;pa005​;20250404_115622;1;Marche2;-0,3380;1,4696;7,7778;-0,0394;-0,1501;0,0146;-0,9878;;False
375,96;19.14;pa005​;20250404_115622;1;Marche2;-0,3387;1,4708;7,7898;-0,0397;-0,1464;0,0139;-0,9883;;False
375,98;19.15;pa005​;20250404_115622;1;Marche2;-0,3394;1,4721;7,8018;-0,0399;-0,1427;0,0133;-0,9889;;False
375,99;19.17;pa005​;20250404_115622;1;Marche2;-0,3399;1,4735;7,8138;-0,0396;-0,1387;0,0128;-0,9895;;False
376,00;19.18;pa005​;20250404_115622;1;Marche2;-0,3403;1,4749;7,8259;-0,0405;-0,1356;0,0130;-0,9899;;False
376,02;19.19;pa005​;20250404_115622;1;Marche2;-0,3403;1,4760;7,8377;-0,0404;-0,1326;0,0136;-0,9902;;False
376,03;19.21;pa005​;20250404_115622;1;Marche2;-0,3403;1,4768;7,8493;-0,0401;-0,1305;0,0144;-0,9905;;False
376,05;19.22;pa005​;20250404_115622;1;Marche2;-0,3401;1,4775;7,8609;-0,0403;-0,1294;0,0161;-0,9906;;False
376,06;19.24;pa005​;20250404_115622;1;Marche2;-0,3398;1,4781;7,8723;-0,0408;-0,1286;0,0180;-0,9907;;False
376,07;19.25;pa005​;20250404_115622;1;Marche2;-0,3395;1,4784;7,8835;-0,0414;-0,1291;0,0202;-0,9906;;False
376,09;19.26;pa005​;20250404_115622;1;Marche2;-0,3388;1,4785;7,8947;-0,0421;-0,1305;0,0218;-0,9903;;False
376,10;19.28;pa005​;20250404_115622;1;Marche2;-0,3379;1,4786;7,9056;-0,0417;-0,1339;0,0235;-0,9898;;False
376,12;19.29;pa005​;20250404_115622;1;Marche2;-0,3369;1,4783;7,9163;-0,0413;-0,1400;0,0248;-0,9890;;False
376,13;19.3;pa005​;20250404_115622;1;Marche2;-0,3357;1,4779;7,9272;-0,0411;-0,1458;0,0246;-0,9882;;False
376,14;19.32;pa005​;20250404_115622;1;Marche2;-0,3343;1,4773;7,9382;-0,0407;-0,1511;0,0237;-0,9874;;False
376,16;19.33;pa005​;20250404_115622;1;Marche2;-0,3330;1,4767;7,9493;-0,0399;-0,1564;0,0220;-0,9866;;False
376,17;19.35;pa005​;20250404_115622;1;Marche2;-0,3318;1,4759;7,9604;-0,0389;-0,1600;0,0204;-0,9861;;False
376,19;19.36;pa005​;20250404_115622;1;Marche2;-0,3307;1,4748;7,9715;-0,0383;-0,1612;0,0190;-0,9860;;False
376,20;19.37;pa005​;20250404_115622;1;Marche2;-0,3298;1,4738;7,9827;-0,0384;-0,1614;0,0184;-0,9860;;False
376,21;19.39;pa005​;20250404_115622;1;Marche2;-0,3286;1,4723;7,9939;-0,0376;-0,1600;0,0181;-0,9862;;False
376,23;19.4;pa005​;20250404_115622;1;Marche2;-0,3272;1,4708;8,0051;-0,0377;-0,1585;0,0187;-0,9865;;False
376,24;19.42;pa005​;20250404_115622;1;Marche2;-0,3256;1,4693;8,0163;-0,0375;-0,1577;0,0200;-0,9866;;False
376,26;19.43;pa005​;20250404_115622;1;Marche2;-0,3237;1,4678;8,0274;-0,0372;-0,1582;0,0216;-0,9865;;False
376,27;19.44;pa005​;20250404_115622;1;Marche2;-0,3215;1,4662;8,0385;-0,0368;-0,1594;0,0222;-0,9863;;False
376,28;19.46;pa005​;20250404_115622;1;Marche2;-0,3191;1,4647;8,0495;-0,0369;-0,1619;0,0218;-0,9859;;False
376,30;19.47;pa005​;20250404_115622;1;Marche2;-0,3164;1,4633;8,0605;-0,0378;-0,1655;0,0206;-0,9853;;False
376,31;19.49;pa005​;20250404_115622;1;Marche2;-0,3137;1,4622;8,0718;-0,0379;-0,1690;0,0193;-0,9847;;False
376,33;19.5;pa005​;20250404_115622;1;Marche2;-0,3106;1,4611;8,0831;-0,0375;-0,1729;0,0177;-0,9841;;False
376,34;19.51;pa005​;20250404_115622;1;Marche2;-0,3075;1,4599;8,0945;-0,0372;-0,1769;0,0165;-0,9834;;False
376,35;19.53;pa005​;20250404_115622;1;Marche2;-0,3040;1,4588;8,1058;-0,0367;-0,1801;0,0157;-0,9828;;False
376,37;19.54;pa005​;20250404_115622;1;Marche2;-0,3003;1,4575;8,1173;-0,0362;-0,1828;0,0151;-0,9824;;False
376,38;19.56;pa005​;20250404_115622;1;Marche2;-0,2968;1,4561;8,1287;-0,0361;-0,1848;0,0157;-0,9820;;False
376,39;19.57;pa005​;20250404_115622;1;Marche2;-0,2933;1,4551;8,1403;-0,0362;-0,1857;0,0158;-0,9818;;False
376,41;19.58;pa005​;20250404_115622;1;Marche2;-0,2901;1,4541;8,1517;-0,0374;-0,1843;0,0153;-0,9820;;False
376,42;19.6;pa005​;20250404_115622;1;Marche2;-0,2866;1,4537;8,1632;-0,0395;-0,1822;0,0148;-0,9824;;False
376,44;19.61;pa005​;20250404_115622;1;Marche2;-0,2823;1,4585;8,1759;-0,0446;-0,1777;0,0132;-0,9830;;False
376,45;19.62;pa005​;20250404_115622;1;Marche2;-0,2780;1,4613;8,1880;-0,0406;-0,1757;0,0112;-0,9835;;False
376,46;19.64;pa005​;20250404_115622;1;Marche2;-0,2737;1,4618;8,1994;-0,0400;-0,1754;0,0129;-0,9836;;False
376,48;19.65;pa005​;20250404_115622;1;Marche2;-0,2693;1,4626;8,2100;-0,0413;-0,1791;0,0183;-0,9828;;False
376,49;19.67;pa005​;20250404_115622;1;Marche2;-0,2645;1,4643;8,2206;-0,0437;-0,1871;0,0252;-0,9810;;False
376,51;19.68;pa005​;20250404_115622;1;Marche2;-0,2597;1,4659;8,2307;-0,0447;-0,1990;0,0308;-0,9785;;False
376,52;19.69;pa005​;20250404_115622;1;Marche2;-0,2545;1,4675;8,2405;-0,0464;-0,2116;0,0331;-0,9757;;False
376,53;19.71;pa005​;20250404_115622;1;Marche2;-0,2494;1,4689;8,2499;-0,0474;-0,2256;0,0315;-0,9725;;False
376,55;19.72;pa005​;20250404_115622;1;Marche2;-0,2444;1,4702;8,2590;-0,0487;-0,2395;0,0281;-0,9693;;False
376,56;19.74;pa005​;20250404_115622;1;Marche2;-0,2397;1,4715;8,2679;-0,0494;-0,2530;0,0249;-0,9659;;False
376,57;19.75;pa005​;20250404_115622;1;Marche2;-0,2354;1,4727;8,2769;-0,0488;-0,2653;0,0236;-0,9626;;False
376,59;19.76;pa005​;20250404_115622;1;Marche2;-0,2312;1,4741;8,2858;-0,0481;-0,2736;0,0232;-0,9604;;False
