Timestamp;ElapsedTime;ID_Subject;ID_Session;sessionNumber;ID_Test;HeadPosition_X;HeadPosition_Y;HeadPosition_Z;HeadRotation_X;HeadRotation_Y;HeadRotation_Z;HeadRotation_W;Events;FalseStart
533,67;0.0;pa025​;20250610_165733;1;TUG1;0,0351;1,4962;-0,0581;0,6110;0,2049;-0,0777;0,7607;;True
533,69;0.0;pa025​;20250610_165733;1;TUG1;0,0424;1,4855;-0,0556;0,6231;0,2178;-0,0711;0,7478;;True
533,70;0.0;pa025​;20250610_165733;1;TUG1;0,0483;1,4743;-0,0523;0,6379;0,2371;-0,0619;0,7301;;True
533,72;0.0;pa025​;20250610_165733;1;TUG1;0,0555;1,4632;-0,0500;0,6518;0,2515;-0,0549;0,7134;;True
533,73;0.0;pa025​;20250610_165733;1;TUG1;0,0623;1,4523;-0,0473;0,6654;0,2681;-0,0495;0,6949;;True
533,74;0.0;pa025​;20250610_165733;1;TUG1;0,0690;1,4413;-0,0446;0,6744;0,2821;-0,0463;0,6808;;True
533,76;0.0;pa025​;20250610_165733;1;TUG1;0,0779;1,4319;-0,0426;0,6828;0,2913;-0,0520;0,6680;;True
533,77;0.0;pa025​;20250610_165733;1;TUG1;0,0860;1,4225;-0,0397;0,6918;0,3011;-0,0602;0,6536;;True
533,79;0.0;pa025​;20250610_165733;1;TUG1;0,0952;1,4123;-0,0376;0,6962;0,3073;-0,0750;0,6444;;True
533,80;0.0;pa025​;20250610_165733;1;TUG1;0,1039;1,4023;-0,0352;0,7008;0,3183;-0,0882;0,6322;;True
533,81;0.0;pa025​;20250610_165733;1;TUG1;0,1135;1,3930;-0,0329;0,7052;0,3313;-0,1026;0,6183;;True
533,83;0.0;pa025​;20250610_165733;1;TUG1;0,1232;1,3837;-0,0320;0,7057;0,3488;-0,1208;0,6048;;True
533,84;0.0;pa025​;20250610_165733;1;TUG1;0,1344;1,3750;-0,0298;0,7103;0,3658;-0,1400;0,5849;;True
533,86;0.0;pa025​;20250610_165733;1;TUG1;0,1455;1,3670;-0,0282;0,7116;0,3858;-0,1571;0,5658;;True
533,87;0.0;pa025​;20250610_165733;1;TUG1;0,1570;1,3594;-0,0273;0,7098;0,4028;-0,1744;0,5510;;True
533,88;0.0;pa025​;20250610_165733;1;TUG1;0,1683;1,3515;-0,0270;0,7042;0,4188;-0,1921;0,5402;;True
533,90;0.0;pa025​;20250610_165733;1;TUG1;0,1792;1,3438;-0,0269;0,6962;0,4362;-0,2060;0,5316;;True
533,91;0.0;pa025​;20250610_165733;1;TUG1;0,1905;1,3360;-0,0271;0,6873;0,4545;-0,2186;0,5228;;True
533,92;0.0;pa025​;20250610_165733;1;TUG1;0,2026;1,3282;-0,0278;0,6783;0,4729;-0,2314;0,5126;;True
533,94;0.0;pa025​;20250610_165733;1;TUG1;0,2148;1,3201;-0,0293;0,6688;0,4914;-0,2475;0,5000;;True
533,95;0.0;pa025​;20250610_165733;1;TUG1;0,2267;1,3125;-0,0300;0,6607;0,5153;-0,2608;0,4795;;True
533,97;0.0;pa025​;20250610_165733;1;TUG1;0,2400;1,3048;-0,0310;0,6578;0,5347;-0,2738;0,4544;;True
533,98;0.0;pa025​;20250610_165733;1;TUG1;0,2523;1,2979;-0,0327;0,6497;0,5593;-0,2854;0,4286;;True
533,99;0.0;pa025​;20250610_165733;1;TUG1;0,2639;1,2914;-0,0351;0,6405;0,5829;-0,2958;0,4031;;True
534,01;0.0;pa025​;20250610_165733;1;TUG1;0,2760;1,2850;-0,0374;0,6321;0,6034;-0,3048;0,3788;;True
534,02;0.0;pa025​;20250610_165733;1;TUG1;0,2877;1,2786;-0,0397;0,6235;0,6201;-0,3117;0,3599;;True
534,04;0.0;pa025​;20250610_165733;1;TUG1;0,2992;1,2724;-0,0417;0,6145;0,6349;-0,3156;0,3459;;True
534,05;0.0;pa025​;20250610_165733;1;TUG1;0,3107;1,2668;-0,0441;0,6046;0,6480;-0,3204;0,3344;;True
534,06;0.0;pa025​;20250610_165733;1;TUG1;0,3220;1,2617;-0,0464;0,5952;0,6602;-0,3274;0,3204;;True
534,08;0.0;pa025​;20250610_165733;1;TUG1;0,3330;1,2565;-0,0486;0,5861;0,6720;-0,3356;0,3037;;True
534,09;0.0;pa025​;20250610_165733;1;TUG1;0,3435;1,2516;-0,0511;0,5771;0,6819;-0,3460;0,2868;;True
534,11;0.0;pa025​;20250610_165733;1;TUG1;0,3537;1,2468;-0,0534;0,5699;0,6897;-0,3564;0,2693;;True
534,12;0.0;pa025​;20250610_165733;1;TUG1;0,3635;1,2423;-0,0561;0,5619;0,6962;-0,3679;0,2534;;True
534,13;0.0;pa025​;20250610_165733;1;TUG1;0,3728;1,2385;-0,0589;0,5551;0,7001;-0,3803;0,2389;;True
534,15;0.0;pa025​;20250610_165733;1;TUG1;0,3818;1,2351;-0,0615;0,5501;0,7029;-0,3918;0,2231;;True
534,16;0.0;pa025​;20250610_165733;1;TUG1;0,3903;1,2319;-0,0644;0,5451;0,7042;-0,4039;0,2095;;True
534,17;0.0;pa025​;20250610_165733;1;TUG1;0,3985;1,2284;-0,0671;0,5408;0,7048;-0,4148;0,1966;;True
534,19;0.0;pa025​;20250610_165733;1;TUG1;0,4061;1,2252;-0,0696;0,5366;0,7062;-0,4229;0,1857;;True
534,20;0.0;pa025​;20250610_165733;1;TUG1;0,4134;1,2222;-0,0724;0,5320;0,7062;-0,4328;0,1759;;True
534,22;0.0;pa025​;20250610_165733;1;TUG1;0,4201;1,2191;-0,0748;0,5277;0,7067;-0,4414;0,1653;;True
534,23;0.0;pa025​;20250610_165733;1;TUG1;0,4259;1,2167;-0,0769;0,5253;0,7067;-0,4453;0,1622;;True
534,24;0.0;pa025​;20250610_165733;1;TUG1;0,4300;1,2137;-0,0784;0,5244;0,7094;-0,4395;0,1692;;True
534,26;0.0;pa025​;20250610_165733;1;TUG1;0,4345;1,2109;-0,0810;0,5269;0,7077;-0,4363;0,1765;;True
534,27;0.0;pa025​;20250610_165733;1;TUG1;0,4386;1,2088;-0,0833;0,5238;0,7078;-0,4408;0,1740;;True
534,29;0.0;pa025​;20250610_165733;1;TUG1;0,4419;1,2067;-0,0849;0,5232;0,7071;-0,4416;0,1768;;True
534,30;0.0;pa025​;20250610_165733;1;TUG1;0,4449;1,2051;-0,0861;0,5227;0,7065;-0,4437;0,1755;;True
534,31;0.0;pa025​;20250610_165733;1;TUG1;0,4472;1,2049;-0,0885;0,5187;0,7034;-0,4531;0,1762;;True
534,33;0.0;pa025​;20250610_165733;1;TUG1;0,4498;1,2025;-0,0886;0,5214;0,7020;-0,4543;0,1702;;True
534,34;0.0;pa025​;20250610_165733;1;TUG1;0,4500;1,2020;-0,0907;0,5220;0,6994;-0,4559;0,1744;;True
534,36;0.0;pa025​;20250610_165733;1;TUG1;0,4508;1,2013;-0,0919;0,5257;0,6946;-0,4584;0,1760;;True
534,37;0.0;pa025​;20250610_165733;1;TUG1;0,4519;1,2001;-0,0936;0,5310;0,6890;-0,4620;0,1731;;True
534,38;0.0;pa025​;20250610_165733;1;TUG1;0,4523;1,1985;-0,0953;0,5348;0,6853;-0,4654;0,1668;;True
534,40;0.0;pa025​;20250610_165733;1;TUG1;0,4513;1,1951;-0,0955;0,5359;0,6899;-0,4572;0,1668;;True
534,41;0.0;pa025​;20250610_165733;1;TUG1;0,4513;1,1911;-0,0954;0,5393;0,6930;-0,4489;0,1654;;True
534,42;0.0;pa025​;20250610_165733;1;TUG1;0,4531;1,1889;-0,0953;0,5408;0,6951;-0,4470;0,1571;;True
534,44;0.0;pa025​;20250610_165733;1;TUG1;0,4524;1,1893;-0,0955;0,5407;0,6939;-0,4466;0,1634;;True
534,45;0.0;pa025​;20250610_165733;1;TUG1;0,4528;1,1890;-0,0953;0,5441;0,6887;-0,4470;0,1729;;True
534,47;0.0;pa025​;20250610_165733;1;TUG1;0,4526;1,1880;-0,0948;0,5443;0,6870;-0,4481;0,1759;;True
534,48;0.0;pa025​;20250610_165733;1;TUG1;0,4532;1,1874;-0,0941;0,5452;0,6827;-0,4524;0,1788;;True
534,49;0.0;pa025​;20250610_165733;1;TUG1;0,4543;1,1875;-0,0930;0,5454;0,6764;-0,4610;0,1802;;True
534,51;0.0;pa025​;20250610_165733;1;TUG1;0,4549;1,1883;-0,0910;0,5425;0,6714;-0,4699;0,1846;;True
534,52;0.0;pa025​;20250610_165733;1;TUG1;0,4559;1,1892;-0,0898;0,5387;0,6638;-0,4841;0,1865;;True
534,54;0.0;pa025​;20250610_165733;1;TUG1;0,4556;1,1898;-0,0886;0,5359;0,6587;-0,4915;0,1932;;True
534,55;0.0;pa025​;20250610_165733;1;TUG1;0,4557;1,1910;-0,0876;0,5333;0,6530;-0,4987;0,2011;;True
534,56;0.0;pa025​;20250610_165733;1;TUG1;0,4559;1,1925;-0,0866;0,5309;0,6479;-0,5039;0,2110;;True
534,58;0.0;pa025​;20250610_165733;1;TUG1;0,4562;1,1938;-0,0850;0,5283;0,6455;-0,5052;0,2213;;True
534,59;0.0;pa025​;20250610_165733;1;TUG1;0,4566;1,1950;-0,0831;0,5255;0,6437;-0,5059;0,2312;;True
534,60;0.0;pa025​;20250610_165733;1;TUG1;0,4572;1,1959;-0,0819;0,5233;0,6409;-0,5082;0,2392;;True
534,62;0.0;pa025​;20250610_165733;1;TUG1;0,4573;1,1969;-0,0807;0,5223;0,6363;-0,5106;0,2484;;True
534,63;0.0;pa025​;20250610_165733;1;TUG1;0,4574;1,1978;-0,0791;0,5219;0,6319;-0,5126;0,2560;;True
534,65;0.0;pa025​;20250610_165733;1;TUG1;0,4578;1,1993;-0,0779;0,5225;0,6263;-0,5154;0,2630;;True
534,66;0.0;pa025​;20250610_165733;1;TUG1;0,4576;1,2009;-0,0772;0,5232;0,6206;-0,5172;0,2712;;True
534,67;0.0;pa025​;20250610_165733;1;TUG1;0,4570;1,2025;-0,0753;0,5264;0,6154;-0,5162;0,2789;;True
534,69;0.0;pa025​;20250610_165733;1;TUG1;0,4568;1,2031;-0,0757;0,5266;0,6094;-0,5192;0,2860;;True
534,70;0.0;pa025​;20250610_165733;1;TUG1;0,4564;1,2037;-0,0756;0,5277;0,6045;-0,5184;0,2955;;True
534,72;0.0;pa025​;20250610_165733;1;TUG1;0,4561;1,2038;-0,0757;0,5243;0,6025;-0,5170;0,3078;;True
534,73;0.0;pa025​;20250610_165733;1;TUG1;0,4561;1,2025;-0,0754;0,5200;0,6011;-0,5154;0,3204;;True
534,74;0.0;pa025​;20250610_165733;1;TUG1;0,4568;1,2012;-0,0750;0,5175;0,5982;-0,5128;0,3337;;True
534,76;0.0;pa025​;20250610_165733;1;TUG1;0,4571;1,2006;-0,0745;0,5127;0,5974;-0,5076;0,3501;;True
534,77;0.0;pa025​;20250610_165733;1;TUG1;0,4566;1,1998;-0,0746;0,5053;0,5972;-0,5041;0,3659;;True
534,79;0.0;pa025​;20250610_165733;1;TUG1;0,4576;1,1985;-0,0740;0,5053;0,5919;-0,5035;0,3752;;True
534,80;0.0;pa025​;20250610_165733;1;TUG1;0,4586;1,1976;-0,0735;0,5050;0,5850;-0,5041;0,3856;;True
534,81;0.0;pa025​;20250610_165733;1;TUG1;0,4586;1,1967;-0,0724;0,5054;0,5809;-0,5005;0,3958;;True
534,83;0.0;pa025​;20250610_165733;1;TUG1;0,4579;1,1948;-0,0719;0,4990;0,5779;-0,5003;0,4083;;True
534,84;0.0;pa025​;20250610_165733;1;TUG1;0,4560;1,1930;-0,0706;0,4861;0,5852;-0,4978;0,4166;;True
534,85;0.0;pa025​;20250610_165733;1;TUG1;0,4539;1,1917;-0,0691;0,4659;0,5996;-0,4969;0,4202;;True
534,87;0.0;pa025​;20250610_165733;1;TUG1;0,4525;1,1908;-0,0685;0,4505;0,6051;-0,5068;0,4172;;True
534,88;0.0;pa025​;20250610_165733;1;TUG1;0,4511;1,1902;-0,0681;0,4446;0,6004;-0,5177;0,4169;;True
534,90;0.0;pa025​;20250610_165733;1;TUG1;0,4493;1,1900;-0,0658;0,4426;0,5972;-0,5290;0,4095;;True
534,91;0.0;pa025​;20250610_165733;1;TUG1;0,4482;1,1915;-0,0640;0,4561;0,5800;-0,5382;0,4072;;True
534,93;0.0;pa025​;20250610_165733;1;TUG1;0,4471;1,1929;-0,0627;0,4741;0,5577;-0,5450;0,4089;;True
534,94;0.0;pa025​;20250610_165733;1;TUG1;0,4456;1,1922;-0,0602;0,4852;0,5433;-0,5496;0,4091;;True
534,95;0.0;pa025​;20250610_165733;1;TUG1;0,4452;1,1913;-0,0590;0,4971;0,5263;-0,5523;0,4135;;True
534,97;0.0;pa025​;20250610_165733;1;TUG1;0,4452;1,1911;-0,0579;0,5035;0,5199;-0,5491;0,4179;;True
534,98;0.0;pa025​;20250610_165733;1;TUG1;0,4457;1,1916;-0,0573;0,5057;0,5234;-0,5422;0,4200;;True
534,99;0.0;pa025​;20250610_165733;1;TUG1;0,4468;1,1915;-0,0574;0,5042;0,5286;-0,5341;0,4256;;True
535,01;0.0;pa025​;20250610_165733;1;TUG1;0,4488;1,1925;-0,0573;0,5056;0,5342;-0,5225;0,4313;;True
535,02;0.0;pa025​;20250610_165733;1;TUG1;0,4511;1,1939;-0,0573;0,5076;0,5380;-0,5077;0,4417;;True
535,04;0.0;pa025​;20250610_165733;1;TUG1;0,4538;1,1949;-0,0579;0,5103;0,5377;-0,4934;0,4550;;True
535,05;0.0;pa025​;20250610_165733;1;TUG1;0,4569;1,1954;-0,0591;0,5133;0,5334;-0,4819;0,4688;;True
535,06;0.0;pa025​;20250610_165733;1;TUG1;0,4619;1,1954;-0,0594;0,5262;0,5231;-0,4699;0,4782;;True
535,08;0.0;pa025​;20250610_165733;1;TUG1;0,4640;1,1970;-0,0612;0,5359;0,5138;-0,4510;0,4954;;True
535,09;0.0;pa025​;20250610_165733;1;TUG1;0,4674;1,1981;-0,0619;0,5471;0,5061;-0,4281;0,5112;;True
535,11;0.0;pa025​;20250610_165733;1;TUG1;0,4702;1,1996;-0,0624;0,5550;0,5032;-0,3971;0,5302;;True
535,12;0.0;pa025​;20250610_165733;1;TUG1;0,4754;1,2010;-0,0633;0,5663;0,4972;-0,3764;0,5388;;True
535,13;0.0;pa025​;20250610_165733;1;TUG1;0,4791;1,2024;-0,0651;0,5735;0,4908;-0,3531;0,5528;;True
535,15;0.0;pa025​;20250610_165733;1;TUG1;0,4828;1,2038;-0,0659;0,5806;0,4859;-0,3259;0,5662;;True
535,16;0.0;pa025​;20250610_165733;1;TUG1;0,4866;1,2044;-0,0670;0,5892;0,4793;-0,2992;0,5776;;True
535,17;0.0;pa025​;20250610_165733;1;TUG1;0,4891;1,2048;-0,0684;0,5947;0,4726;-0,2668;0,5932;;True
535,19;0.0;pa025​;20250610_165733;1;TUG1;0,4934;1,2064;-0,0700;0,6036;0,4581;-0,2378;0,6077;;True
535,20;0.0;pa025​;20250610_165733;1;TUG1;0,4977;1,2093;-0,0716;0,6151;0,4383;-0,2104;0,6207;;True
535,22;0.0;pa025​;20250610_165733;1;TUG1;0,5013;1,2129;-0,0728;0,6289;0,4143;-0,1803;0,6327;;True
535,23;0.0;pa025​;20250610_165733;1;TUG1;0,5046;1,2161;-0,0742;0,6404;0,3894;-0,1461;0,6456;;True
535,24;0.0;pa025​;20250610_165733;1;TUG1;0,5077;1,2189;-0,0752;0,6528;0,3625;-0,1094;0,6562;;True
535,26;0.0;pa025​;20250610_165733;1;TUG1;0,5112;1,2214;-0,0763;0,6655;0,3339;-0,0747;0,6634;;True
535,27;0.0;pa025​;20250610_165733;1;TUG1;0,5150;1,2235;-0,0767;0,6805;0,3020;-0,0424;0,6662;;True
535,29;0.0;pa025​;20250610_165733;1;TUG1;0,5180;1,2262;-0,0779;0,6905;0,2761;-0,0130;0,6684;;True
535,30;0.0;pa025​;20250610_165733;1;TUG1;0,5210;1,2304;-0,0810;0,6893;0,2592;0,0076;0,6765;;True
535,31;0.0;pa025​;20250610_165733;1;TUG1;0,5236;1,2346;-0,0821;0,6905;0,2449;0,0294;0,6800;;True
535,33;0.0;pa025​;20250610_165733;1;TUG1;0,5267;1,2392;-0,0821;0,6980;0,2323;0,0442;0,6759;;True
535,34;0.0;pa025​;20250610_165733;1;TUG1;0,5304;1,2431;-0,0821;0,7068;0,2224;0,0505;0,6696;;True
535,36;0.0;pa025​;20250610_165733;1;TUG1;0,5330;1,2450;-0,0818;0,7159;0,2212;0,0572;0,6598;;True
535,37;0.0;pa025​;20250610_165733;1;TUG1;0,5356;1,2473;-0,0830;0,7183;0,2245;0,0633;0,6554;;True
535,38;0.0;pa025​;20250610_165733;1;TUG1;0,5374;1,2511;-0,0845;0,7163;0,2226;0,0706;0,6576;;True
535,40;0.0;pa025​;20250610_165733;1;TUG1;0,5399;1,2550;-0,0835;0,7179;0,2138;0,0741;0,6584;;True
535,41;0.0;pa025​;20250610_165733;1;TUG1;0,5410;1,2588;-0,0826;0,7195;0,1978;0,0852;0,6602;;True
535,43;0.0;pa025​;20250610_165733;1;TUG1;0,5422;1,2613;-0,0820;0,7206;0,1776;0,0985;0,6630;;True
535,44;0.0;pa025​;20250610_165733;1;TUG1;0,5433;1,2628;-0,0807;0,7237;0,1561;0,1124;0,6627;;True
535,45;0.0;pa025​;20250610_165733;1;TUG1;0,5446;1,2645;-0,0791;0,7296;0,1302;0,1258;0,6595;;True
535,47;0.0;pa025​;20250610_165733;1;TUG1;0,5461;1,2673;-0,0790;0,7260;0,0991;0,1354;0,6669;;True
535,48;0.0;pa025​;20250610_165733;1;TUG1;0,5461;1,2693;-0,0780;0,7185;0,0707;0,1491;0,6757;;True
535,49;0.0;pa025​;20250610_165733;1;TUG1;0,5473;1,2708;-0,0750;0,7183;0,0454;0,1524;0,6773;;True
535,51;0.0;pa025​;20250610_165733;1;TUG1;0,5459;1,2728;-0,0730;0,7138;0,0289;0,1590;0,6814;;True
535,52;0.0;pa025​;20250610_165733;1;TUG1;0,5455;1,2735;-0,0705;0,7113;0,0175;0,1590;0,6844;;True
535,54;0.0;pa025​;20250610_165733;1;TUG1;0,5454;1,2739;-0,0689;0,7024;0,0041;0,1577;0,6940;;True
535,55;0.0;pa025​;20250610_165733;1;TUG1;0,5450;1,2738;-0,0665;0,6916;-0,0089;0,1534;0,7057;;True
535,56;0.0;pa025​;20250610_165733;1;TUG1;0,5439;1,2744;-0,0636;0,6842;-0,0181;0,1506;0,7134;;True
535,58;0.0;pa025​;20250610_165733;1;TUG1;0,5434;1,2759;-0,0609;0,6754;-0,0288;0,1442;0,7226;;True
535,59;0.0;pa025​;20250610_165733;1;TUG1;0,5426;1,2769;-0,0581;0,6662;-0,0383;0,1370;0,7321;;True
535,61;0.0;pa025​;20250610_165733;1;TUG1;0,5416;1,2784;-0,0567;0,6630;-0,0333;0,1202;0,7381;;True
535,62;0.0;pa025​;20250610_165733;1;TUG1;0,5412;1,2817;-0,0579;0,6662;-0,0191;0,1005;0,7387;;True
535,63;0.0;pa025​;20250610_165733;1;TUG1;0,5402;1,2823;-0,0556;0,6706;-0,0113;0,0867;0,7366;;True
535,65;0.0;pa025​;20250610_165733;1;TUG1;0,5416;1,2849;-0,0561;0,6654;-0,0138;0,0725;0,7428;;True
535,66;0.0;pa025​;20250610_165733;1;TUG1;0,5407;1,2873;-0,0566;0,6581;-0,0078;0,0658;0,7500;;True
535,67;0.0;pa025​;20250610_165733;1;TUG1;0,5413;1,2901;-0,0566;0,6568;-0,0101;0,0575;0,7518;;True
535,69;0.0;pa025​;20250610_165733;1;TUG1;0,5408;1,2932;-0,0566;0,6583;-0,0153;0,0547;0,7506;;True
535,70;0.0;pa025​;20250610_165733;1;TUG1;0,5405;1,2961;-0,0568;0,6602;-0,0229;0,0543;0,7488;;True
535,72;0.0;pa025​;20250610_165733;1;TUG1;0,5388;1,2987;-0,0563;0,6513;-0,0354;0,0551;0,7560;;True
535,73;0.0;pa025​;20250610_165733;1;TUG1;0,5384;1,3022;-0,0553;0,6457;-0,0476;0,0552;0,7601;;True
535,74;0.0;pa025​;20250610_165733;1;TUG1;0,5377;1,3065;-0,0536;0,6497;-0,0538;0,0565;0,7562;;True
535,76;0.0;pa025​;20250610_165733;1;TUG1;0,5371;1,3099;-0,0538;0,6473;-0,0546;0,0546;0,7583;;True
535,77;0.0;pa025​;20250610_165733;1;TUG1;0,5370;1,3134;-0,0546;0,6366;-0,0520;0,0498;0,7678;;True
535,79;0.0;pa025​;20250610_165733;1;TUG1;0,5369;1,3174;-0,0539;0,6290;-0,0504;0,0447;0,7745;;True
535,80;0.0;pa025​;20250610_165733;1;TUG1;0,5363;1,3221;-0,0529;0,6236;-0,0450;0,0426;0,7793;;True
535,81;0.0;pa025​;20250610_165733;1;TUG1;0,5371;1,3271;-0,0517;0,6173;-0,0405;0,0403;0,7846;;True
535,83;0.0;pa025​;20250610_165733;1;TUG1;0,5382;1,3318;-0,0505;0,6115;-0,0355;0,0399;0,7895;;True
535,84;0.0;pa025​;20250610_165733;1;TUG1;0,5394;1,3363;-0,0494;0,6039;-0,0319;0,0429;0,7953;;True
535,85;0.0;pa025​;20250610_165733;1;TUG1;0,5407;1,3417;-0,0478;0,5971;-0,0325;0,0491;0,8000;;True
535,87;0.0;pa025​;20250610_165733;1;TUG1;0,5424;1,3477;-0,0460;0,5932;-0,0340;0,0550;0,8025;;True
535,88;0.0;pa025​;20250610_165733;1;TUG1;0,5436;1,3548;-0,0446;0,5889;-0,0332;0,0639;0,8050;;True
535,90;0.0;pa025​;20250610_165733;1;TUG1;0,5447;1,3618;-0,0437;0,5808;-0,0303;0,0739;0,8102;;True
535,91;0.0;pa025​;20250610_165733;1;TUG1;0,5460;1,3683;-0,0430;0,5715;-0,0269;0,0817;0,8160;;True
535,92;0.0;pa025​;20250610_165733;1;TUG1;0,5472;1,3751;-0,0425;0,5618;-0,0218;0,0856;0,8225;;True
535,94;0.0;pa025​;20250610_165733;1;TUG1;0,5477;1,3822;-0,0432;0,5508;-0,0111;0,0874;0,8300;;True
535,95;0.0;pa025​;20250610_165733;1;TUG1;0,5488;1,3898;-0,0429;0,5389;-0,0025;0,0872;0,8378;;True
535,97;0.0;pa025​;20250610_165733;1;TUG1;0,5499;1,3974;-0,0435;0,5227;0,0037;0,0844;0,8483;;True
535,98;0.0;pa025​;20250610_165733;1;TUG1;0,5507;1,4057;-0,0444;0,5092;0,0067;0,0807;0,8568;;True
535,99;0.0;pa025​;20250610_165733;1;TUG1;0,5510;1,4139;-0,0450;0,4978;0,0090;0,0819;0,8634;;True
536,01;0.0;pa025​;20250610_165733;1;TUG1;0,5520;1,4220;-0,0464;0,4855;0,0103;0,0856;0,8700;;True
536,02;0.0;pa025​;20250610_165733;1;TUG1;0,5539;1,4298;-0,0481;0,4727;0,0110;0,0874;0,8768;;True
536,04;0.0;pa025​;20250610_165733;1;TUG1;0,5554;1,4380;-0,0502;0,4586;0,0106;0,0871;0,8843;;True
536,05;0.0;pa025​;20250610_165733;1;TUG1;0,5561;1,4459;-0,0527;0,4440;0,0105;0,0882;0,8916;;True
536,06;0.0;pa025​;20250610_165733;1;TUG1;0,5567;1,4536;-0,0554;0,4293;0,0109;0,0908;0,8985;;True
536,08;0.0;pa025​;20250610_165733;1;TUG1;0,5574;1,4614;-0,0576;0,4165;0,0122;0,0959;0,9040;;True
536,09;0.0;pa025​;20250610_165733;1;TUG1;0,5588;1,4692;-0,0601;0,4031;0,0145;0,0987;0,9097;;True
536,11;0.0;pa025​;20250610_165733;1;TUG1;0,5607;1,4772;-0,0630;0,3877;0,0149;0,0965;0,9166;;True
536,12;0.0;pa025​;20250610_165733;1;TUG1;0,5624;1,4851;-0,0661;0,3707;0,0132;0,0913;0,9242;;True
536,13;0.0;pa025​;20250610_165733;1;TUG1;0,5628;1,4931;-0,0689;0,3576;0,0175;0,0877;0,9296;;True
536,15;0.0;pa025​;20250610_165733;1;TUG1;0,5636;1,5006;-0,0714;0,3433;0,0189;0,0873;0,9350;;True
536,16;0.0;pa025​;20250610_165733;1;TUG1;0,5646;1,5079;-0,0740;0,3294;0,0204;0,0874;0,9399;;True
536,17;0.0;pa025​;20250610_165733;1;TUG1;0,5658;1,5150;-0,0768;0,3140;0,0232;0,0865;0,9452;;True
536,19;0.0;pa025​;20250610_165733;1;TUG1;0,5669;1,5219;-0,0793;0,2974;0,0276;0,0838;0,9507;;True
536,20;0.0;pa025​;20250610_165733;1;TUG1;0,5676;1,5289;-0,0817;0,2816;0,0318;0,0811;0,9556;;True
536,22;0.0;pa025​;20250610_165733;1;TUG1;0,5683;1,5357;-0,0839;0,2679;0,0359;0,0790;0,9595;;True
536,23;0.0;pa025​;20250610_165733;1;TUG1;0,5689;1,5418;-0,0865;0,2510;0,0393;0,0781;0,9640;;True
536,24;0.0;pa025​;20250610_165733;1;TUG1;0,5690;1,5478;-0,0891;0,2347;0,0432;0,0777;0,9680;;True
536,26;0.0;pa025​;20250610_165733;1;TUG1;0,5692;1,5532;-0,0919;0,2189;0,0458;0,0760;0,9717;;True
536,27;0.0;pa025​;20250610_165733;1;TUG1;0,5693;1,5585;-0,0946;0,2017;0,0483;0,0717;0,9756;;True
536,29;0.0;pa025​;20250610_165733;1;TUG1;0,5698;1,5639;-0,0973;0,1840;0,0486;0,0682;0,9794;;True
536,30;0.0;pa025​;20250610_165733;1;TUG1;0,5709;1,5695;-0,1003;0,1709;0,0453;0,0645;0,9821;;True
536,31;0.0;pa025​;20250610_165733;1;TUG1;0,5722;1,5749;-0,1035;0,1575;0,0384;0,0613;0,9849;;True
536,33;0.0;pa025​;20250610_165733;1;TUG1;0,5738;1,5803;-0,1066;0,1439;0,0276;0,0583;0,9875;;True
536,34;0.0;pa025​;20250610_165733;1;TUG1;0,5757;1,5863;-0,1094;0,1359;0,0171;0,0525;0,9892;;True
536,35;0.0;pa025​;20250610_165733;1;TUG1;0,5766;1,5917;-0,1125;0,1249;0,0101;0,0493;0,9909;;True
536,37;0.0;pa025​;20250610_165733;1;TUG1;0,5775;1,5966;-0,1159;0,1130;0,0066;0,0462;0,9925;;True
536,38;0.0;pa025​;20250610_165733;1;TUG1;0,5785;1,6009;-0,1195;0,1007;0,0045;0,0424;0,9940;;True
536,40;0.0;pa025​;20250610_165733;1;TUG1;0,5798;1,6046;-0,1232;0,0867;0,0007;0,0363;0,9956;;True
536,41;0.0;pa025​;20250610_165733;1;TUG1;0,5813;1,6078;-0,1269;0,0704;-0,0040;0,0281;0,9971;;True
536,42;0.0;pa025​;20250610_165733;1;TUG1;0,5828;1,6107;-0,1305;0,0558;-0,0086;0,0192;0,9982;;True
536,44;0.0;pa025​;20250610_165733;1;TUG1;0,5840;1,6132;-0,1339;0,0413;-0,0124;0,0107;0,9990;;True
536,45;0.0;pa025​;20250610_165733;1;TUG1;0,5851;1,6157;-0,1366;0,0308;-0,0148;0,0045;0,9994;;True
536,47;0.0;pa025​;20250610_165733;1;TUG1;0,5859;1,6184;-0,1391;0,0235;-0,0151;0,0014;0,9996;;True
536,48;0.0;pa025​;20250610_165733;1;TUG1;0,5864;1,6210;-0,1414;0,0186;-0,0125;0,0002;0,9997;;True
536,49;0.0;pa025​;20250610_165733;1;TUG1;0,5876;1,6236;-0,1434;0,0171;-0,0142;0,0001;0,9998;;True
536,51;0.0;pa025​;20250610_165733;1;TUG1;0,5889;1,6245;-0,1452;0,0093;-0,0166;-0,0003;0,9998;;True
536,52;0.0;pa025​;20250610_165733;1;TUG1;0,5894;1,6254;-0,1464;0,0028;-0,0156;-0,0013;0,9999;;True
536,54;0.0;pa025​;20250610_165733;1;TUG1;0,5894;1,6268;-0,1469;-0,0023;-0,0137;-0,0021;0,9999;;True
536,55;0.0;pa025​;20250610_165733;1;TUG1;0,5890;1,6285;-0,1469;-0,0088;-0,0129;-0,0037;0,9999;;True
536,56;0.0;pa025​;20250610_165733;1;TUG1;0,5889;1,6307;-0,1467;-0,0127;-0,0166;-0,0057;0,9998;;True
536,58;0.0;pa025​;20250610_165733;1;TUG1;0,5881;1,6329;-0,1465;-0,0148;-0,0176;-0,0079;0,9997;;True
536,59;0.0;pa025​;20250610_165733;1;TUG1;0,5873;1,6350;-0,1458;-0,0167;-0,0166;-0,0115;0,9997;;True
536,60;0.0;pa025​;20250610_165733;1;TUG1;0,5865;1,6372;-0,1452;-0,0196;-0,0146;-0,0162;0,9996;;True
536,62;0.0;pa025​;20250610_165733;1;TUG1;0,5863;1,6403;-0,1445;-0,0199;-0,0157;-0,0198;0,9995;;True
536,63;0.0;pa025​;20250610_165733;1;TUG1;0,5857;1,6429;-0,1439;-0,0216;-0,0183;-0,0224;0,9993;;True
536,65;0.0;pa025​;20250610_165733;1;TUG1;0,5847;1,6451;-0,1432;-0,0226;-0,0205;-0,0250;0,9992;;True
536,66;0.0;pa025​;20250610_165733;1;TUG1;0,5838;1,6472;-0,1426;-0,0235;-0,0237;-0,0269;0,9991;;True
536,67;0.0;pa025​;20250610_165733;1;TUG1;0,5831;1,6492;-0,1422;-0,0233;-0,0277;-0,0291;0,9989;;True
536,69;0.0;pa025​;20250610_165733;1;TUG1;0,5829;1,6510;-0,1421;-0,0229;-0,0325;-0,0298;0,9988;;True
536,70;0.0;pa025​;20250610_165733;1;TUG1;0,5827;1,6522;-0,1421;-0,0252;-0,0367;-0,0302;0,9986;;True
536,72;0.0;pa025​;20250610_165733;1;TUG1;0,5829;1,6528;-0,1422;-0,0279;-0,0406;-0,0312;0,9983;;True
536,73;0.0;pa025​;20250610_165733;1;TUG1;0,5830;1,6531;-0,1424;-0,0295;-0,0442;-0,0330;0,9980;;True
536,74;0.0;pa025​;20250610_165733;1;TUG1;0,5832;1,6528;-0,1428;-0,0307;-0,0478;-0,0350;0,9978;;True
536,76;0.0;pa025​;20250610_165733;1;TUG1;0,5838;1,6518;-0,1435;-0,0346;-0,0518;-0,0375;0,9974;;True
536,77;0.0;pa025​;20250610_165733;1;TUG1;0,5850;1,6503;-0,1442;-0,0397;-0,0577;-0,0407;0,9967;;True
536,79;0.0;pa025​;20250610_165733;1;TUG1;0,5860;1,6484;-0,1452;-0,0456;-0,0622;-0,0425;0,9961;;True
536,80;0.0;pa025​;20250610_165733;1;TUG1;0,5872;1,6464;-0,1462;-0,0501;-0,0659;-0,0437;0,9956;;True
536,81;0.0;pa025​;20250610_165733;1;TUG1;0,5883;1,6444;-0,1473;-0,0533;-0,0693;-0,0436;0,9952;;True
536,83;0.0;pa025​;20250610_165733;1;TUG1;0,5897;1,6430;-0,1484;-0,0540;-0,0731;-0,0401;0,9951;;True
536,84;0.0;pa025​;20250610_165733;1;TUG1;0,5911;1,6419;-0,1494;-0,0530;-0,0778;-0,0352;0,9949;;True
536,85;0.0;pa025​;20250610_165733;1;TUG1;0,5919;1,6410;-0,1503;-0,0509;-0,0809;-0,0283;0,9950;;True
536,87;0.0;pa025​;20250610_165733;1;TUG1;0,5924;1,6400;-0,1509;-0,0494;-0,0815;-0,0232;0,9952;;True
536,88;0.0;pa025​;20250610_165733;1;TUG1;0,5927;1,6390;-0,1513;-0,0485;-0,0816;-0,0205;0,9953;;True
536,90;0.0;pa025​;20250610_165733;1;TUG1;0,5929;1,6380;-0,1517;-0,0491;-0,0812;-0,0214;0,9953;;True
536,91;0.0;pa025​;20250610_165733;1;TUG1;0,5927;1,6374;-0,1521;-0,0513;-0,0798;-0,0240;0,9952;;True
536,93;0.0;pa025​;20250610_165733;1;TUG1;0,5926;1,6372;-0,1527;-0,0545;-0,0797;-0,0277;0,9949;;True
536,94;0.0;pa025​;20250610_165733;1;TUG1;0,5924;1,6375;-0,1532;-0,0560;-0,0807;-0,0311;0,9947;;True
536,95;0.0;pa025​;20250610_165733;1;TUG1;0,5921;1,6380;-0,1533;-0,0567;-0,0827;-0,0347;0,9944;;True
536,97;0.0;pa025​;20250610_165733;1;TUG1;0,5919;1,6385;-0,1533;-0,0573;-0,0847;-0,0376;0,9940;;True
536,98;0.0;pa025​;20250610_165733;1;TUG1;0,5920;1,6389;-0,1532;-0,0564;-0,0865;-0,0399;0,9939;;True
536,99;0.0;pa025​;20250610_165733;1;TUG1;0,5923;1,6393;-0,1531;-0,0557;-0,0874;-0,0409;0,9938;;True
537,01;0.0;pa025​;20250610_165733;1;TUG1;0,5931;1,6397;-0,1529;-0,0549;-0,0895;-0,0403;0,9937;;True
537,02;0.0;pa025​;20250610_165733;1;TUG1;0,5940;1,6401;-0,1528;-0,0536;-0,0930;-0,0387;0,9935;;True
537,04;0.0;pa025​;20250610_165733;1;TUG1;0,5948;1,6401;-0,1526;-0,0520;-0,0963;-0,0369;0,9933;;True
537,05;0.0;pa025​;20250610_165733;1;TUG1;0,5958;1,6403;-0,1525;-0,0506;-0,0997;-0,0346;0,9931;;True
537,06;0.0;pa025​;20250610_165733;1;TUG1;0,5969;1,6402;-0,1525;-0,0515;-0,1040;-0,0319;0,9927;;True
537,08;0.0;pa025​;20250610_165733;1;TUG1;0,5987;1,6387;-0,1518;-0,0614;-0,1126;-0,0349;0,9911;;True
537,09;0.0;pa025​;20250610_165733;1;TUG1;0,5984;1,6374;-0,1533;-0,0734;-0,1094;-0,0455;0,9902;;True
537,11;0.0;pa025​;20250610_165733;1;TUG1;0,5995;1,6380;-0,1540;-0,0701;-0,1107;-0,0495;0,9901;;True
537,12;0.0;pa025​;20250610_165733;1;TUG1;0,5996;1,6368;-0,1537;-0,0756;-0,1089;-0,0537;0,9897;;True
537,13;0.0;pa025​;20250610_165733;1;TUG1;0,6011;1,6336;-0,1538;-0,0894;-0,1127;-0,0652;0,9875;;True
537,15;0.0;pa025​;20250610_165733;1;TUG1;0,6023;1,6308;-0,1543;-0,0996;-0,1186;-0,0752;0,9851;;True
537,16;0.0;pa025​;20250610_165733;1;TUG1;0,6035;1,6283;-0,1545;-0,1070;-0,1226;-0,0803;0,9834;;True
537,18;0.0;pa025​;20250610_165733;1;TUG1;0,6046;1,6246;-0,1539;-0,1162;-0,1270;-0,0855;0,9814;;True
537,19;0.0;pa025​;20250610_165733;1;TUG1;0,6053;1,6203;-0,1536;-0,1260;-0,1305;-0,0901;0,9793;;True
537,20;0.0;pa025​;20250610_165733;1;TUG1;0,6053;1,6160;-0,1534;-0,1322;-0,1313;-0,0960;0,9778;;True
537,22;0.0;pa025​;20250610_165733;1;TUG1;0,6057;1,6116;-0,1527;-0,1341;-0,1348;-0,1012;0,9765;;True
537,23;0.0;pa025​;20250610_165733;1;TUG1;0,6049;1,6066;-0,1529;-0,1391;-0,1319;-0,1024;0,9761;;True
537,24;0.0;pa025​;20250610_165733;1;TUG1;0,6045;1,6011;-0,1523;-0,1446;-0,1303;-0,1024;0,9755;;True
537,26;0.0;pa025​;20250610_165733;1;TUG1;0,6039;1,5956;-0,1514;-0,1484;-0,1274;-0,0991;0,9757;;True
537,27;0.0;pa025​;20250610_165733;1;TUG1;0,6030;1,5904;-0,1504;-0,1510;-0,1238;-0,0949;0,9761;;True
537,29;0.0;pa025​;20250610_165733;1;TUG1;0,6018;1,5856;-0,1501;-0,1535;-0,1199;-0,0906;0,9767;;True
537,30;0.0;pa025​;20250610_165733;1;TUG1;0,6026;1,5833;-0,1512;-0,1399;-0,1255;-0,0864;0,9784;;True
537,31;0.0;pa025​;20250610_165733;1;TUG1;0,6020;1,5824;-0,1521;-0,1247;-0,1304;-0,0870;0,9797;;True
537,33;0.0;pa025​;20250610_165733;1;TUG1;0,6005;1,5808;-0,1521;-0,1227;-0,1248;-0,0888;0,9806;;True
537,34;0.0;pa025​;20250610_165733;1;TUG1;0,5996;1,5795;-0,1524;-0,1158;-0,1194;-0,0986;0,9811;;True
537,35;0.0;pa025​;20250610_165733;1;TUG1;0,5997;1,5775;-0,1529;-0,1193;-0,1214;-0,1022;0,9801;;True
537,37;0.0;pa025​;20250610_165733;1;TUG1;0,5991;1,5767;-0,1534;-0,1204;-0,1208;-0,1048;0,9798;;True
537,38;0.0;pa025​;20250610_165733;1;TUG1;0,5985;1,5765;-0,1538;-0,1203;-0,1193;-0,1056;0,9799;;True
537,40;0.0;pa025​;20250610_165733;1;TUG1;0,5982;1,5768;-0,1544;-0,1189;-0,1199;-0,1049;0,9801;;True
537,41;0.0;pa025​;20250610_165733;1;TUG1;0,5981;1,5774;-0,1547;-0,1158;-0,1220;-0,1028;0,9804;;True
537,42;0.0;pa025​;20250610_165733;1;TUG1;0,5979;1,5777;-0,1546;-0,1122;-0,1238;-0,1025;0,9806;;True
537,44;0.0;pa025​;20250610_165733;1;TUG1;0,5974;1,5774;-0,1552;-0,1105;-0,1255;-0,1029;0,9805;;True
537,45;0.0;pa025​;20250610_165733;1;TUG1;0,5967;1,5769;-0,1559;-0,1092;-0,1273;-0,1030;0,9804;;True
537,47;0.0;pa025​;20250610_165733;1;TUG1;0,5954;1,5758;-0,1570;-0,1093;-0,1270;-0,1009;0,9807;;True
537,48;0.0;pa025​;20250610_165733;1;TUG1;0,5945;1,5745;-0,1584;-0,1086;-0,1267;-0,0960;0,9813;;True
537,49;0.0;pa025​;20250610_165733;1;TUG1;0,5945;1,5730;-0,1596;-0,1071;-0,1281;-0,0902;0,9818;;True
537,51;0.0;pa025​;20250610_165733;1;TUG1;0,5943;1,5719;-0,1609;-0,1031;-0,1293;-0,0856;0,9825;;True
537,52;0.0;pa025​;20250610_165733;1;TUG1;0,5936;1,5708;-0,1625;-0,0994;-0,1295;-0,0835;0,9830;;True
537,54;0.0;pa025​;20250610_165733;1;TUG1;0,5925;1,5691;-0,1638;-0,0988;-0,1307;-0,0815;0,9831;;True
537,55;0.0;pa025​;20250610_165733;1;TUG1;0,5912;1,5675;-0,1650;-0,1008;-0,1317;-0,0783;0,9830;;True
537,56;0.0;pa025​;20250610_165733;1;TUG1;0,5899;1,5659;-0,1662;-0,1031;-0,1329;-0,0737;0,9830;;True
537,58;0.0;pa025​;20250610_165733;1;TUG1;0,5893;1,5648;-0,1670;-0,1034;-0,1347;-0,0694;0,9830;;True
537,59;0.0;pa025​;20250610_165733;1;TUG1;0,5887;1,5635;-0,1674;-0,1047;-0,1358;-0,0694;0,9827;;True
537,60;0.0;pa025​;20250610_165733;1;TUG1;0,5881;1,5627;-0,1680;-0,1020;-0,1378;-0,0681;0,9828;;True
537,62;0.0;pa025​;20250610_165733;1;TUG1;0,5880;1,5622;-0,1682;-0,0979;-0,1406;-0,0622;0,9832;;True
537,63;0.0;pa025​;20250610_165733;1;TUG1;0,5877;1,5613;-0,1689;-0,0921;-0,1387;-0,0570;0,9844;;True
537,65;0.0;pa025​;20250610_165733;1;TUG1;0,5874;1,5594;-0,1699;-0,0938;-0,1365;-0,0564;0,9846;;True
537,66;0.0;pa025​;20250610_165733;1;TUG1;0,5871;1,5578;-0,1709;-0,0965;-0,1357;-0,0580;0,9843;;True
537,67;0.0;pa025​;20250610_165733;1;TUG1;0,5869;1,5562;-0,1711;-0,0993;-0,1354;-0,0572;0,9841;;True
537,69;0.0;pa025​;20250610_165733;1;TUG1;0,5870;1,5560;-0,1710;-0,0964;-0,1345;-0,0511;0,9849;;True
537,70;0.0;pa025​;20250610_165733;1;TUG1;0,5874;1,5561;-0,1718;-0,0897;-0,1332;-0,0471;0,9859;;True
537,72;0.0;pa025​;20250610_165733;1;TUG1;0,5876;1,5548;-0,1725;-0,0890;-0,1333;-0,0463;0,9860;;True
537,73;0.0;pa025​;20250610_165733;1;TUG1;0,5874;1,5539;-0,1729;-0,0893;-0,1329;-0,0444;0,9861;;True
537,74;0.0;pa025​;20250610_165733;1;TUG1;0,5869;1,5528;-0,1731;-0,0893;-0,1317;-0,0424;0,9863;;True
537,76;0.0;pa025​;20250610_165733;1;TUG1;0,5866;1,5521;-0,1737;-0,0883;-0,1312;-0,0395;0,9866;;True
537,77;0.0;pa025​;20250610_165733;1;TUG1;0,5862;1,5511;-0,1745;-0,0878;-0,1307;-0,0367;0,9868;;True
537,79;0.0;pa025​;20250610_165733;1;TUG1;0,5862;1,5501;-0,1751;-0,0864;-0,1311;-0,0310;0,9871;;True
537,80;0.0;pa025​;20250610_165733;1;TUG1;0,5864;1,5492;-0,1761;-0,0829;-0,1305;-0,0253;0,9876;;True
537,81;0.0;pa025​;20250610_165733;1;TUG1;0,5867;1,5480;-0,1773;-0,0808;-0,1288;-0,0218;0,9881;;True
537,83;0.0;pa025​;20250610_165733;1;TUG1;0,5867;1,5469;-0,1790;-0,0799;-0,1272;-0,0172;0,9885;;True
537,84;0.0;pa025​;20250610_165733;1;TUG1;0,5865;1,5466;-0,1803;-0,0792;-0,1275;-0,0118;0,9886;;True
537,86;0.0;pa025​;20250610_165733;1;TUG1;0,5857;1,5475;-0,1810;-0,0829;-0,1277;-0,0050;0,9883;;True
537,87;0.0;pa025​;20250610_165733;1;TUG1;0,5849;1,5487;-0,1815;-0,0875;-0,1275;-0,0047;0,9880;;True
537,88;0.0;pa025​;20250610_165733;1;TUG1;0,5846;1,5504;-0,1814;-0,0926;-0,1270;-0,0085;0,9875;;True
537,90;0.0;pa025​;20250610_165733;1;TUG1;0,5841;1,5525;-0,1814;-0,0996;-0,1250;-0,0131;0,9871;;True
537,91;0.0;pa025​;20250610_165733;1;TUG1;0,5838;1,5552;-0,1819;-0,1060;-0,1226;-0,0168;0,9866;;True
537,92;0.0;pa025​;20250610_165733;1;TUG1;0,5836;1,5580;-0,1818;-0,1140;-0,1209;-0,0184;0,9859;;True
537,94;0.0;pa025​;20250610_165733;1;TUG1;0,5837;1,5605;-0,1818;-0,1236;-0,1207;-0,0169;0,9848;;True
537,95;0.0;pa025​;20250610_165733;1;TUG1;0,5839;1,5650;-0,1820;-0,1215;-0,1186;-0,0112;0,9854;;True
537,97;0.0;pa025​;20250610_165733;1;TUG1;0,5842;1,5690;-0,1820;-0,1209;-0,1152;-0,0061;0,9859;;True
537,98;0.0;pa025​;20250610_165733;1;TUG1;0,5850;1,5718;-0,1818;-0,1247;-0,1159;-0,0062;0,9854;;True
537,99;0.0;pa025​;20250610_165733;1;TUG1;0,5848;1,5750;-0,1816;-0,1287;-0,1133;-0,0083;0,9852;;True
538,01;0.0;pa025​;20250610_165733;1;TUG1;0,5842;1,5787;-0,1810;-0,1324;-0,1104;-0,0055;0,9850;;True
538,02;0.0;pa025​;20250610_165733;1;TUG1;0,5839;1,5820;-0,1803;-0,1330;-0,1080;0,0006;0,9852;;True
538,04;0.0;pa025​;20250610_165733;1;TUG1;0,5839;1,5858;-0,1794;-0,1291;-0,1064;0,0103;0,9858;;True
538,05;0.0;pa025​;20250610_165733;1;TUG1;0,5833;1,5893;-0,1786;-0,1242;-0,1031;0,0200;0,9867;;True
538,06;0.0;pa025​;20250610_165733;1;TUG1;0,5829;1,5922;-0,1776;-0,1220;-0,1002;0,0264;0,9871;;True
538,08;0.0;pa025​;20250610_165733;1;TUG1;0,5823;1,5952;-0,1770;-0,1201;-0,0968;0,0285;0,9876;;True
538,09;0.0;pa025​;20250610_165733;1;TUG1;0,5815;1,5974;-0,1763;-0,1221;-0,0923;0,0267;0,9879;;True
538,11;0.0;pa025​;20250610_165733;1;TUG1;0,5802;1,5997;-0,1758;-0,1252;-0,0878;0,0227;0,9880;;True
538,12;0.0;pa025​;20250610_165733;1;TUG1;0,5791;1,6017;-0,1748;-0,1280;-0,0830;0,0196;0,9881;;True
538,13;0.0;pa025​;20250610_165733;1;TUG1;0,5784;1,6028;-0,1735;-0,1320;-0,0774;0,0149;0,9881;;True
538,15;0.0;pa025​;20250610_165733;1;TUG1;0,5779;1,6040;-0,1726;-0,1351;-0,0727;0,0112;0,9881;;True
538,16;0.0;pa025​;20250610_165733;1;TUG1;0,5778;1,6050;-0,1721;-0,1335;-0,0709;0,0095;0,9885;;True
538,17;0.0;pa025​;20250610_165733;1;TUG1;0,5781;1,6054;-0,1716;-0,1299;-0,0696;0,0108;0,9890;;True
538,19;0.0;pa025​;20250610_165733;1;TUG1;0,5788;1,6048;-0,1712;-0,1245;-0,0695;0,0130;0,9897;;True
538,20;0.0;pa025​;20250610_165733;1;TUG1;0,5797;1,6034;-0,1708;-0,1234;-0,0703;0,0151;0,9897;;True
538,22;0.0;pa025​;20250610_165733;1;TUG1;0,5803;1,6021;-0,1706;-0,1213;-0,0711;0,0173;0,9899;;True
538,23;0.0;pa025​;20250610_165733;1;TUG1;0,5806;1,6005;-0,1704;-0,1184;-0,0706;0,0193;0,9903;;True
538,24;0.0;pa025​;20250610_165733;1;TUG1;0,5811;1,5986;-0,1708;-0,1156;-0,0702;0,0195;0,9906;;True
538,26;0.0;pa025​;20250610_165733;1;TUG1;0,5816;1,5969;-0,1718;-0,1122;-0,0698;0,0175;0,9911;;True
538,27;0.0;pa025​;20250610_165733;1;TUG1;0,5815;1,5953;-0,1731;-0,1078;-0,0688;0,0149;0,9917;;True
538,28;0.0;pa025​;20250610_165733;1;TUG1;0,5816;1,5934;-0,1746;-0,1027;-0,0672;0,0128;0,9924;;True
538,30;0.0;pa025​;20250610_165733;1;TUG1;0,5817;1,5910;-0,1761;-0,0989;-0,0656;0,0150;0,9928;;True
538,31;0.0;pa025​;20250610_165733;1;TUG1;0,5817;1,5886;-0,1774;-0,0969;-0,0653;0,0220;0,9929;;True
538,33;0.0;pa025​;20250610_165733;1;TUG1;0,5818;1,5859;-0,1786;-0,0979;-0,0666;0,0336;0,9924;;True
538,34;0.0;pa025​;20250610_165733;1;TUG1;0,5821;1,5836;-0,1801;-0,0964;-0,0661;0,0434;0,9922;;True
538,36;0.0;pa025​;20250610_165733;1;TUG1;0,5822;1,5820;-0,1818;-0,0939;-0,0657;0,0501;0,9921;;True
538,37;0.0;pa025​;20250610_165733;1;TUG1;0,5821;1,5807;-0,1834;-0,0926;-0,0675;0,0545;0,9919;;True
538,38;0.0;pa025​;20250610_165733;1;TUG1;0,5815;1,5801;-0,1845;-0,0890;-0,0702;0,0573;0,9919;;True
538,40;0.0;pa025​;20250610_165733;1;TUG1;0,5808;1,5791;-0,1850;-0,0883;-0,0728;0,0602;0,9916;;True
538,41;0.0;pa025​;20250610_165733;1;TUG1;0,5807;1,5784;-0,1847;-0,0912;-0,0774;0,0626;0,9908;;True
538,43;0.0;pa025​;20250610_165733;1;TUG1;0,5816;1,5791;-0,1844;-0,0896;-0,0840;0,0633;0,9904;;True
538,44;0.0;pa025​;20250610_165733;1;TUG1;0,5818;1,5796;-0,1840;-0,0837;-0,0837;0,0661;0,9908;;True
538,45;0.0;pa025​;20250610_165733;1;TUG1;0,5816;1,5787;-0,1840;-0,0822;-0,0819;0,0642;0,9912;;True
538,47;0.0;pa025​;20250610_165733;1;TUG1;0,5812;1,5790;-0,1825;-0,0819;-0,0793;0,0555;0,9919;;True
538,48;0.0;pa025​;20250610_165733;1;TUG1;0,5806;1,5791;-0,1822;-0,0821;-0,0759;0,0433;0,9928;;True
538,49;0.0;pa025​;20250610_165733;1;TUG1;0,5804;1,5794;-0,1825;-0,0798;-0,0723;0,0311;0,9937;;True
538,51;0.0;pa025​;20250610_165733;1;TUG1;0,5806;1,5791;-0,1823;-0,0773;-0,0705;0,0241;0,9942;;True
538,52;0.0;pa025​;20250610_165733;1;TUG1;0,5828;1,5771;-0,1840;-0,0741;-0,0716;0,0269;0,9943;;True
538,54;0.0;pa025​;20250610_165733;1;TUG1;0,5844;1,5749;-0,1853;-0,0700;-0,0723;0,0373;0,9942;;True
538,55;0.0;pa025​;20250610_165733;1;TUG1;0,5854;1,5725;-0,1868;-0,0644;-0,0684;0,0450;0,9946;;True
538,56;0.0;pa025​;20250610_165733;1;TUG1;0,5861;1,5698;-0,1885;-0,0603;-0,0642;0,0452;0,9951;;True
538,58;0.0;pa025​;20250610_165733;1;TUG1;0,5868;1,5676;-0,1897;-0,0616;-0,0630;0,0451;0,9951;;True
538,59;0.0;pa025​;20250610_165733;1;TUG1;0,5875;1,5663;-0,1907;-0,0587;-0,0643;0,0484;0,9950;;True
538,60;0.0;pa025​;20250610_165733;1;TUG1;0,5878;1,5655;-0,1909;-0,0552;-0,0663;0,0572;0,9946;;True
538,62;0.0;pa025​;20250610_165733;1;TUG1;0,5869;1,5656;-0,1912;-0,0467;-0,0658;0,0683;0,9944;;True
538,63;0.0;pa025​;20250610_165733;1;TUG1;0,5868;1,5649;-0,1916;-0,0417;-0,0687;0,0753;0,9939;;True
538,65;0.0;pa025​;20250610_165733;1;TUG1;0,5866;1,5632;-0,1923;-0,0445;-0,0706;0,0777;0,9935;;True
538,66;0.0;pa025​;20250610_165733;1;TUG1;0,5872;1,5625;-0,1934;-0,0445;-0,0705;0,0782;0,9934;;True
538,67;0.0;pa025​;20250610_165733;1;TUG1;0,5884;1,5623;-0,1946;-0,0448;-0,0715;0,0769;0,9935;;True
538,69;0.0;pa025​;20250610_165733;1;TUG1;0,5892;1,5620;-0,1957;-0,0463;-0,0704;0,0756;0,9936;;True
538,70;0.0;pa025​;20250610_165733;1;TUG1;0,5899;1,5617;-0,1966;-0,0454;-0,0688;0,0752;0,9938;;True
538,72;0.0;pa025​;20250610_165733;1;TUG1;0,5909;1,5609;-0,1974;-0,0479;-0,0667;0,0738;0,9939;;True
538,73;0.0;pa025​;20250610_165733;1;TUG1;0,5920;1,5605;-0,1983;-0,0467;-0,0645;0,0728;0,9942;;True
538,75;0.0;pa025​;20250610_165733;1;TUG1;0,5932;1,5586;-0,1992;-0,0523;-0,0622;0,0691;0,9943;;True
538,76;0.0;pa025​;20250610_165733;1;TUG1;0,5941;1,5576;-0,2004;-0,0518;-0,0589;0,0652;0,9948;;True
538,77;0.0;pa025​;20250610_165733;1;TUG1;0,5952;1,5568;-0,2016;-0,0517;-0,0571;0,0626;0,9951;;True
538,79;0.0;pa025​;20250610_165733;1;TUG1;0,5966;1,5554;-0,2029;-0,0519;-0,0546;0,0583;0,9955;;True
538,80;0.0;pa025​;20250610_165733;1;TUG1;0,5976;1,5534;-0,2039;-0,0525;-0,0530;0,0557;0,9957;;True
538,81;0.0;pa025​;20250610_165733;1;TUG1;0,5987;1,5515;-0,2048;-0,0538;-0,0539;0,0578;0,9954;;True
538,83;0.0;pa025​;20250610_165733;1;TUG1;0,5990;1,5499;-0,2053;-0,0523;-0,0537;0,0580;0,9955;;True
538,84;0.0;pa025​;20250610_165733;1;TUG1;0,5993;1,5478;-0,2065;-0,0525;-0,0533;0,0557;0,9956;;True
538,86;0.0;pa025​;20250610_165733;1;TUG1;0,6000;1,5458;-0,2074;-0,0547;-0,0551;0,0560;0,9954;;True
538,87;0.0;pa025​;20250610_165733;1;TUG1;0,6011;1,5443;-0,2083;-0,0550;-0,0575;0,0561;0,9952;;True
538,88;0.0;pa025​;20250610_165733;1;TUG1;0,6017;1,5434;-0,2088;-0,0561;-0,0584;0,0553;0,9952;;True
538,90;0.0;pa025​;20250610_165733;1;TUG1;0,6016;1,5428;-0,2095;-0,0556;-0,0579;0,0497;0,9955;;True
538,91;0.0;pa025​;20250610_165733;1;TUG1;0,6020;1,5422;-0,2102;-0,0550;-0,0588;0,0398;0,9960;;True
538,93;0.0;pa025​;20250610_165733;1;TUG1;0,6025;1,5402;-0,2107;-0,0609;-0,0601;0,0327;0,9958;;True
538,94;0.0;pa025​;20250610_165733;1;TUG1;0,6030;1,5392;-0,2116;-0,0617;-0,0589;0,0308;0,9959;;True
538,95;0.0;pa025​;20250610_165733;1;TUG1;0,6041;1,5385;-0,2120;-0,0615;-0,0588;0,0290;0,9959;;True
538,97;0.0;pa025​;20250610_165733;1;TUG1;0,6052;1,5382;-0,2130;-0,0599;-0,0592;0,0242;0,9962;;True
538,98;0.0;pa025​;20250610_165733;1;TUG1;0,6047;1,5370;-0,2140;-0,0608;-0,0551;0,0191;0,9964;;True
538,99;0.0;pa025​;20250610_165733;1;TUG1;0,6063;1,5358;-0,2156;-0,0618;-0,0569;0,0145;0,9964;;True
539,01;0.0;pa025​;20250610_165733;1;TUG1;0,6072;1,5346;-0,2172;-0,0645;-0,0568;0,0157;0,9962;;True
539,02;0.0;pa025​;20250610_165733;1;TUG1;0,6075;1,5346;-0,2181;-0,0673;-0,0558;0,0190;0,9960;;True
539,04;0.0;pa025​;20250610_165733;1;TUG1;0,6080;1,5353;-0,2183;-0,0657;-0,0576;0,0213;0,9960;;True
539,05;0.0;pa025​;20250610_165733;1;TUG1;0,6079;1,5362;-0,2184;-0,0652;-0,0571;0,0195;0,9960;;True
539,06;0.0;pa025​;20250610_165733;1;TUG1;0,6082;1,5367;-0,2185;-0,0680;-0,0566;0,0124;0,9960;;True
539,08;0.0;pa025​;20250610_165733;1;TUG1;0,6084;1,5374;-0,2191;-0,0686;-0,0545;0,0075;0,9961;;True
539,09;0.0;pa025​;20250610_165733;1;TUG1;0,6094;1,5379;-0,2192;-0,0709;-0,0553;0,0062;0,9959;;True
539,11;0.0;pa025​;20250610_165733;1;TUG1;0,6100;1,5377;-0,2202;-0,0702;-0,0549;0,0083;0,9960;;True
539,12;0.0;pa025​;20250610_165733;1;TUG1;0,6106;1,5370;-0,2210;-0,0711;-0,0562;0,0120;0,9958;;True
539,13;0.0;pa025​;20250610_165733;1;TUG1;0,6109;1,5364;-0,2217;-0,0702;-0,0565;0,0159;0,9958;;True
539,15;0.0;pa025​;20250610_165733;1;TUG1;0,6112;1,5362;-0,2222;-0,0658;-0,0569;0,0168;0,9961;;True
539,16;0.0;pa025​;20250610_165733;1;TUG1;0,6114;1,5360;-0,2220;-0,0632;-0,0582;0,0174;0,9961;;True
539,17;0.0;pa025​;20250610_165733;1;TUG1;0,6107;1,5362;-0,2216;-0,0614;-0,0596;0,0191;0,9961;;True
539,19;0.0;pa025​;20250610_165733;1;TUG1;0,6099;1,5360;-0,2214;-0,0618;-0,0648;0,0198;0,9958;;True
539,20;0.0;pa025​;20250610_165733;1;TUG1;0,6089;1,5353;-0,2213;-0,0607;-0,0689;0,0210;0,9956;;True
539,22;0.0;pa025​;20250610_165733;1;TUG1;0,6086;1,5345;-0,2217;-0,0590;-0,0738;0,0241;0,9952;;True
539,23;0.0;pa025​;20250610_165733;1;TUG1;0,6082;1,5341;-0,2219;-0,0551;-0,0773;0,0286;0,9951;;True
539,24;0.0;pa025​;20250610_165733;1;TUG1;0,6084;1,5333;-0,2216;-0,0528;-0,0794;0,0304;0,9950;;True
539,26;0.0;pa025​;20250610_165733;1;TUG1;0,6077;1,5336;-0,2219;-0,0513;-0,0805;0,0320;0,9949;;True
539,27;0.0;pa025​;20250610_165733;1;TUG1;0,6076;1,5334;-0,2216;-0,0513;-0,0838;0,0337;0,9946;;True
539,29;0.0;pa025​;20250610_165733;1;TUG1;0,6069;1,5332;-0,2216;-0,0502;-0,0845;0,0308;0,9947;;True
539,30;0.0;pa025​;20250610_165733;1;TUG1;0,6067;1,5331;-0,2215;-0,0504;-0,0857;0,0287;0,9946;;True
539,31;0.0;pa025​;20250610_165733;1;TUG1;0,6070;1,5331;-0,2218;-0,0489;-0,0864;0,0276;0,9947;;True
539,33;0.0;pa025​;20250610_165733;1;TUG1;0,6068;1,5330;-0,2217;-0,0470;-0,0857;0,0279;0,9948;;True
539,34;0.0;pa025​;20250610_165733;1;TUG1;0,6073;1,5331;-0,2218;-0,0449;-0,0860;0,0262;0,9949;;True
539,36;0.0;pa025​;20250610_165733;1;TUG1;0,6080;1,5333;-0,2219;-0,0459;-0,0855;0,0242;0,9950;;True
539,37;0.0;pa025​;20250610_165733;1;TUG1;0,6088;1,5339;-0,2219;-0,0460;-0,0843;0,0210;0,9952;;True
539,38;0.0;pa025​;20250610_165733;1;TUG1;0,6095;1,5345;-0,2218;-0,0469;-0,0820;0,0164;0,9954;;True
539,40;0.0;pa025​;20250610_165733;1;TUG1;0,6105;1,5349;-0,2216;-0,0490;-0,0783;0,0118;0,9957;;True
539,41;0.0;pa025​;20250610_165733;1;TUG1;0,6118;1,5357;-0,2216;-0,0491;-0,0741;0,0072;0,9960;;True
539,43;0.0;pa025​;20250610_165733;1;TUG1;0,6131;1,5362;-0,2214;-0,0484;-0,0695;0,0045;0,9964;;True
539,44;0.0;pa025​;20250610_165733;1;TUG1;0,6138;1,5366;-0,2215;-0,0477;-0,0646;0,0035;0,9968;;True
539,45;0.0;pa025​;20250610_165733;1;TUG1;0,6145;1,5366;-0,2216;-0,0475;-0,0614;0,0019;0,9970;;True
539,47;0.0;pa025​;20250610_165733;1;TUG1;0,6150;1,5366;-0,2212;-0,0489;-0,0575;-0,0002;0,9971;;True
539,48;0.0;pa025​;20250610_165733;1;TUG1;0,6156;1,5367;-0,2209;-0,0503;-0,0546;-0,0040;0,9972;;True
539,49;0.0;pa025​;20250610_165733;1;TUG1;0,6174;1,5371;-0,2207;-0,0498;-0,0596;-0,0070;0,9970;;True
539,51;0.0;pa025​;20250610_165733;1;TUG1;0,6173;1,5832;-0,2207;-0,0508;-0,0559;-0,0073;0,9971;;True
539,52;0.0;pa025​;20250610_165733;1;TUG1;0,6181;1,5831;-0,2206;-0,0499;-0,0560;-0,0087;0,9971;;True
539,54;0.0;pa025​;20250610_165733;1;TUG1;0,6190;1,5832;-0,2200;-0,0486;-0,0586;-0,0102;0,9970;;True
539,55;0.0;pa025​;20250610_165733;1;TUG1;0,6196;1,5835;-0,2189;-0,0468;-0,0646;-0,0120;0,9967;;True
539,56;0.0;pa025​;20250610_165733;1;TUG1;0,6233;1,5896;-0,2190;-0,0254;-0,0871;-0,0059;0,9959;;True
539,58;0.0;pa025​;20250610_165733;1;TUG1;0,6214;1,5879;-0,2191;-0,0310;-0,0808;-0,0096;0,9962;;True
539,59;0.0;pa025​;20250610_165733;1;TUG1;0,6223;1,5870;-0,2176;-0,0317;-0,0861;-0,0143;0,9957;;True
539,61;0.0;pa025​;20250610_165733;1;TUG1;0,6226;1,5862;-0,2178;-0,0402;-0,0864;-0,0185;0,9953;;True
539,62;0.0;pa025​;20250610_165733;1;TUG1;0,6233;1,5857;-0,2182;-0,0413;-0,0859;-0,0225;0,9952;;True
539,63;0.0;pa025​;20250610_165733;1;TUG1;0,6245;1,5848;-0,2186;-0,0399;-0,0860;-0,0235;0,9952;;True
539,65;0.0;pa025​;20250610_165733;1;TUG1;0,6259;1,5839;-0,2193;-0,0388;-0,0879;-0,0215;0,9951;;True
539,66;0.0;pa025​;20250610_165733;1;TUG1;0,6272;1,5842;-0,2197;-0,0289;-0,0913;-0,0148;0,9953;;True
539,67;0.0;pa025​;20250610_165733;1;TUG1;0,6276;1,5833;-0,2203;-0,0266;-0,0923;-0,0081;0,9953;;True
539,69;0.0;pa025​;20250610_165733;1;TUG1;0,6279;1,5823;-0,2209;-0,0255;-0,0942;-0,0039;0,9952;;True
539,70;0.0;pa025​;20250610_165733;1;TUG1;0,6282;1,5812;-0,2217;-0,0245;-0,0969;0,0003;0,9950;;True
539,72;0.0;pa025​;20250610_165733;1;TUG1;0,6287;1,5803;-0,2227;-0,0206;-0,0985;0,0032;0,9949;;True
539,73;0.0;pa025​;20250610_165733;1;TUG1;0,6289;1,5794;-0,2240;-0,0151;-0,0978;0,0004;0,9951;;True
539,75;0.0;pa025​;20250610_165733;1;TUG1;0,6289;1,5795;-0,2246;-0,0107;-0,0989;0,0011;0,9950;;True
539,76;0.0;pa025​;20250610_165733;1;TUG1;0,6289;1,5787;-0,2252;-0,0111;-0,0987;0,0002;0,9951;;True
539,77;0.0;pa025​;20250610_165733;1;TUG1;0,6285;1,5787;-0,2258;-0,0126;-0,0978;0,0003;0,9951;;True
539,79;0.0;pa025​;20250610_165733;1;TUG1;0,6282;1,5795;-0,2265;-0,0139;-0,0970;0,0003;0,9952;;True
539,80;0.0;pa025​;20250610_165733;1;TUG1;0,6276;1,5805;-0,2274;-0,0139;-0,0954;-0,0016;0,9953;;True
539,81;0.0;pa025​;20250610_165733;1;TUG1;0,6271;1,5808;-0,2279;-0,0162;-0,0933;-0,0041;0,9955;;True
539,83;0.0;pa025​;20250610_165733;1;TUG1;0,6265;1,5811;-0,2284;-0,0202;-0,0920;-0,0042;0,9955;;True
539,84;0.0;pa025​;20250610_165733;1;TUG1;0,6256;1,5821;-0,2289;-0,0254;-0,0953;0,0019;0,9951;;True
539,86;0.0;pa025​;20250610_165733;1;TUG1;0,6247;1,5825;-0,2299;-0,0290;-0,0968;0,0010;0,9949;;True
539,87;0.0;pa025​;20250610_165733;1;TUG1;0,6238;1,5832;-0,2304;-0,0319;-0,0970;0,0003;0,9948;;True
539,88;0.0;pa025​;20250610_165733;1;TUG1;0,6232;1,5838;-0,2309;-0,0359;-0,0973;0,0016;0,9946;;True
539,90;0.0;pa025​;20250610_165733;1;TUG1;0,6226;1,5843;-0,2316;-0,0376;-0,0978;0,0034;0,9945;;True
539,91;0.0;pa025​;20250610_165733;1;TUG1;0,6219;1,5847;-0,2321;-0,0381;-0,0992;0,0060;0,9943;;True
539,92;0.0;pa025​;20250610_165733;1;TUG1;0,6210;1,5851;-0,2326;-0,0391;-0,1005;0,0075;0,9941;;True
539,94;0.0;pa025​;20250610_165733;1;TUG1;0,6201;1,5855;-0,2329;-0,0401;-0,1017;0,0081;0,9940;;True
539,95;0.0;pa025​;20250610_165733;1;TUG1;0,6190;1,5860;-0,2331;-0,0427;-0,1027;0,0103;0,9937;;True
539,97;0.0;pa025​;20250610_165733;1;TUG1;0,6183;1,5861;-0,2334;-0,0455;-0,1047;0,0135;0,9934;;True
539,98;0.0;pa025​;20250610_165733;1;TUG1;0,6176;1,5863;-0,2340;-0,0466;-0,1055;0,0133;0,9932;;True
539,99;0.0;pa025​;20250610_165733;1;TUG1;0,6170;1,5863;-0,2342;-0,0467;-0,1055;0,0136;0,9932;;True
540,01;0.0;pa025​;20250610_165733;1;TUG1;0,6166;1,5864;-0,2345;-0,0458;-0,1040;0,0141;0,9934;;True
540,02;0.0;pa025​;20250610_165733;1;TUG1;0,6162;1,5865;-0,2345;-0,0454;-0,1037;0,0163;0,9934;;True
540,04;0.0;pa025​;20250610_165733;1;TUG1;0,6157;1,5870;-0,2346;-0,0449;-0,1027;0,0185;0,9935;;True
540,05;0.0;pa025​;20250610_165733;1;TUG1;0,6154;1,5873;-0,2344;-0,0453;-0,1020;0,0189;0,9936;;True
540,06;0.0;pa025​;20250610_165733;1;TUG1;0,6149;1,5876;-0,2343;-0,0478;-0,1010;0,0167;0,9936;;True
540,08;0.0;pa025​;20250610_165733;1;TUG1;0,6146;1,5881;-0,2341;-0,0498;-0,0997;0,0139;0,9937;;True
540,09;0.0;pa025​;20250610_165733;1;TUG1;0,6145;1,5883;-0,2339;-0,0519;-0,0981;0,0122;0,9937;;True
540,11;0.0;pa025​;20250610_165733;1;TUG1;0,6142;1,5888;-0,2339;-0,0537;-0,0967;0,0133;0,9938;;True
540,12;0.0;pa025​;20250610_165733;1;TUG1;0,6140;1,5891;-0,2337;-0,0550;-0,0963;0,0155;0,9937;;True
540,13;0.0;pa025​;20250610_165733;1;TUG1;0,6138;1,5893;-0,2334;-0,0568;-0,0960;0,0180;0,9936;;True
540,15;0.0;pa025​;20250610_165733;1;TUG1;0,6135;1,5895;-0,2332;-0,0585;-0,0962;0,0201;0,9934;;True
540,16;0.0;pa025​;20250610_165733;1;TUG1;0,6130;1,5897;-0,2333;-0,0602;-0,0965;0,0219;0,9933;;True
540,17;0.0;pa025​;20250610_165733;1;TUG1;0,6125;1,5901;-0,2333;-0,0603;-0,0976;0,0245;0,9931;;True
540,19;0.0;pa025​;20250610_165733;1;TUG1;0,6126;1,5906;-0,2334;-0,0599;-0,0986;0,0240;0,9930;;True
540,20;0.0;pa025​;20250610_165733;1;TUG1;0,6118;1,5904;-0,2335;-0,0615;-0,0965;0,0217;0,9932;;True
540,22;0.0;pa025​;20250610_165733;1;TUG1;0,6118;1,5905;-0,2336;-0,0602;-0,0964;0,0250;0,9932;;True
540,23;0.0;pa025​;20250610_165733;1;TUG1;0,6115;1,5902;-0,2341;-0,0591;-0,0960;0,0258;0,9933;;True
540,24;0.0;pa025​;20250610_165733;1;TUG1;0,6112;1,5911;-0,2340;-0,0580;-0,0950;0,0241;0,9935;;True
540,26;0.0;pa025​;20250610_165733;1;TUG1;0,6116;1,5919;-0,2337;-0,0638;-0,0919;0,0211;0,9935;;True
540,27;0.0;pa025​;20250610_165733;1;TUG1;0,6120;1,5928;-0,2338;-0,0685;-0,0869;0,0162;0,9937;;True
540,29;0.0;pa025​;20250610_165733;1;TUG1;0,6118;1,5929;-0,2338;-0,0724;-0,0830;0,0121;0,9938;;True
540,30;0.0;pa025​;20250610_165733;1;TUG1;0,6122;1,5924;-0,2335;-0,0752;-0,0803;0,0085;0,9939;;True
540,31;0.0;pa025​;20250610_165733;1;TUG1;0,6128;1,5924;-0,2339;-0,0749;-0,0779;0,0060;0,9941;;True
540,33;0.0;pa025​;20250610_165733;1;TUG1;0,6135;1,5923;-0,2346;-0,0726;-0,0747;0,0062;0,9945;;True
540,34;0.0;pa025​;20250610_165733;1;TUG1;0,6141;1,5921;-0,2349;-0,0693;-0,0722;0,0074;0,9950;;True
540,36;0.0;pa025​;20250610_165733;1;TUG1;0,6145;1,5916;-0,2352;-0,0670;-0,0706;0,0070;0,9952;;True
540,37;0.0;pa025​;20250610_165733;1;TUG1;0,6148;1,5911;-0,2352;-0,0665;-0,0686;0,0059;0,9954;;True
540,38;0.0;pa025​;20250610_165733;1;TUG1;0,6150;1,5912;-0,2353;-0,0665;-0,0662;0,0057;0,9956;;True
540,40;0.0;pa025​;20250610_165733;1;TUG1;0,6154;1,5915;-0,2356;-0,0665;-0,0646;0,0047;0,9957;;True
540,41;0.0;pa025​;20250610_165733;1;TUG1;0,6155;1,5915;-0,2357;-0,0675;-0,0641;0,0047;0,9956;;True
540,43;0.0;pa025​;20250610_165733;1;TUG1;0,6155;1,5913;-0,2356;-0,0697;-0,0644;0,0041;0,9955;;True
540,44;0.0;pa025​;20250610_165733;1;TUG1;0,6158;1,5913;-0,2358;-0,0700;-0,0644;0,0057;0,9954;;True
540,45;0.0;pa025​;20250610_165733;1;TUG1;0,6158;1,5914;-0,2359;-0,0694;-0,0642;0,0065;0,9955;;True
540,47;0.0;pa025​;20250610_165733;1;TUG1;0,6157;1,5915;-0,2360;-0,0710;-0,0636;0,0053;0,9954;;True
540,48;0.0;pa025​;20250610_165733;1;TUG1;0,6156;1,5915;-0,2359;-0,0733;-0,0632;0,0048;0,9953;;True
540,49;0.0;pa025​;20250610_165733;1;TUG1;0,6155;1,5916;-0,2359;-0,0741;-0,0627;0,0041;0,9953;;True
540,51;0.0;pa025​;20250610_165733;1;TUG1;0,6155;1,5918;-0,2361;-0,0731;-0,0613;0,0033;0,9954;;True
540,52;0.0;pa025​;20250610_165733;1;TUG1;0,6155;1,5920;-0,2363;-0,0735;-0,0605;0,0033;0,9955;;True
540,54;0.0;pa025​;20250610_165733;1;TUG1;0,6156;1,5920;-0,2364;-0,0742;-0,0600;0,0026;0,9954;;True
540,55;0.0;pa025​;20250610_165733;1;TUG1;0,6156;1,5920;-0,2365;-0,0742;-0,0596;0,0024;0,9955;;True
540,56;0.0;pa025​;20250610_165733;1;TUG1;0,6157;1,5919;-0,2366;-0,0738;-0,0590;0,0025;0,9955;;True
540,58;0.0;pa025​;20250610_165733;1;TUG1;0,6158;1,5918;-0,2367;-0,0731;-0,0585;0,0021;0,9956;;True
540,59;0.0;pa025​;20250610_165733;1;TUG1;0,6158;1,5918;-0,2366;-0,0733;-0,0581;0,0010;0,9956;;True
540,60;0.0;pa025​;20250610_165733;1;TUG1;0,6159;1,5918;-0,2364;-0,0733;-0,0581;0,0002;0,9956;;True
540,62;0.0;pa025​;20250610_165733;1;TUG1;0,6159;1,5919;-0,2362;-0,0733;-0,0581;0,0000;0,9956;;True
540,63;0.0;pa025​;20250610_165733;1;TUG1;0,6159;1,5918;-0,2361;-0,0731;-0,0579;0,0002;0,9956;;True
540,65;0.0;pa025​;20250610_165733;1;TUG1;0,6160;1,5918;-0,2360;-0,0729;-0,0577;-0,0004;0,9957;;True
540,66;0.0;pa025​;20250610_165733;1;TUG1;0,6162;1,5918;-0,2359;-0,0731;-0,0577;0,0000;0,9957;;True
540,67;0.0;pa025​;20250610_165733;1;TUG1;0,6164;1,5917;-0,2359;-0,0730;-0,0568;-0,0006;0,9957;;True
540,69;0.0;pa025​;20250610_165733;1;TUG1;0,6166;1,5918;-0,2360;-0,0727;-0,0556;-0,0017;0,9958;;True
540,70;0.0;pa025​;20250610_165733;1;TUG1;0,6168;1,5918;-0,2361;-0,0729;-0,0552;-0,0021;0,9958;;True
540,72;0.0;pa025​;20250610_165733;1;TUG1;0,6170;1,5920;-0,2363;-0,0726;-0,0545;-0,0024;0,9959;;True
540,73;0.0;pa025​;20250610_165733;1;TUG1;0,6172;1,5920;-0,2364;-0,0730;-0,0545;-0,0024;0,9958;;True
540,74;0.0;pa025​;20250610_165733;1;TUG1;0,6173;1,5920;-0,2365;-0,0733;-0,0550;-0,0022;0,9958;;True
540,76;0.0;pa025​;20250610_165733;1;TUG1;0,6174;1,5921;-0,2366;-0,0732;-0,0547;-0,0020;0,9958;;True
540,77;0.0;pa025​;20250610_165733;1;TUG1;0,6176;1,5921;-0,2366;-0,0734;-0,0546;-0,0018;0,9958;;True
540,79;0.0;pa025​;20250610_165733;1;TUG1;0,6177;1,5922;-0,2366;-0,0744;-0,0544;-0,0023;0,9957;;True
540,80;0.0;pa025​;20250610_165733;1;TUG1;0,6178;1,5923;-0,2366;-0,0755;-0,0543;-0,0027;0,9957;;True
540,81;0.0;pa025​;20250610_165733;1;TUG1;0,6178;1,5925;-0,2366;-0,0756;-0,0544;-0,0025;0,9956;;True
540,83;0.0;pa025​;20250610_165733;1;TUG1;0,6179;1,5925;-0,2367;-0,0751;-0,0544;-0,0025;0,9957;;True
540,84;0.0;pa025​;20250610_165733;1;TUG1;0,6179;1,5925;-0,2368;-0,0750;-0,0544;-0,0027;0,9957;;True
540,86;0.0;pa025​;20250610_165733;1;TUG1;0,6181;1,5925;-0,2369;-0,0749;-0,0542;-0,0028;0,9957;;True
540,87;0.0;pa025​;20250610_165733;1;TUG1;0,6182;1,5925;-0,2370;-0,0742;-0,0540;-0,0024;0,9958;;True
540,88;0.0;pa025​;20250610_165733;1;TUG1;0,6183;1,5925;-0,2371;-0,0736;-0,0540;-0,0021;0,9958;;True
540,90;0.0;pa025​;20250610_165733;1;TUG1;0,6184;1,5924;-0,2372;-0,0736;-0,0539;-0,0022;0,9958;;True
540,91;0.0;pa025​;20250610_165733;1;TUG1;0,6184;1,5924;-0,2372;-0,0738;-0,0537;-0,0025;0,9958;;True
540,92;0.0;pa025​;20250610_165733;1;TUG1;0,6183;1,5924;-0,2373;-0,0744;-0,0535;-0,0034;0,9958;;True
540,94;0.0;pa025​;20250610_165733;1;TUG1;0,6182;1,5924;-0,2375;-0,0744;-0,0536;-0,0035;0,9958;;True
540,95;0.0;pa025​;20250610_165733;1;TUG1;0,6181;1,5923;-0,2378;-0,0742;-0,0533;-0,0036;0,9958;;True
540,97;0.0;pa025​;20250610_165733;1;TUG1;0,6181;1,5923;-0,2380;-0,0740;-0,0532;-0,0037;0,9958;;True
540,98;0.0;pa025​;20250610_165733;1;TUG1;0,6181;1,5922;-0,2381;-0,0736;-0,0529;-0,0038;0,9959;;True
540,99;0.0;pa025​;20250610_165733;1;TUG1;0,6182;1,5921;-0,2382;-0,0730;-0,0530;-0,0037;0,9959;;True
541,01;0.0;pa025​;20250610_165733;1;TUG1;0,6182;1,5920;-0,2383;-0,0728;-0,0529;-0,0038;0,9959;;True
541,02;0.0;pa025​;20250610_165733;1;TUG1;0,6182;1,5920;-0,2385;-0,0727;-0,0533;-0,0035;0,9959;;True
541,03;0.0;pa025​;20250610_165733;1;TUG1;0,6182;1,5920;-0,2386;-0,0730;-0,0534;-0,0036;0,9959;;True
541,05;0.0;pa025​;20250610_165733;1;TUG1;0,6181;1,5920;-0,2386;-0,0732;-0,0539;-0,0034;0,9959;;True
541,06;0.0;pa025​;20250610_165733;1;TUG1;0,6180;1,5920;-0,2387;-0,0730;-0,0542;-0,0032;0,9959;;True
541,08;0.0;pa025​;20250610_165733;1;TUG1;0,6179;1,5921;-0,2387;-0,0733;-0,0540;-0,0034;0,9958;;True
541,09;0.0;pa025​;20250610_165733;1;TUG1;0,6179;1,5921;-0,2387;-0,0733;-0,0541;-0,0033;0,9958;;True
541,11;0.0;pa025​;20250610_165733;1;TUG1;0,6178;1,5921;-0,2387;-0,0731;-0,0544;-0,0031;0,9958;;True
541,12;0.0;pa025​;20250610_165733;1;TUG1;0,6178;1,5921;-0,2387;-0,0732;-0,0545;-0,0031;0,9958;;True
541,13;0.0;pa025​;20250610_165733;1;TUG1;0,6177;1,5921;-0,2386;-0,0731;-0,0543;-0,0029;0,9958;;True
541,15;0.0;pa025​;20250610_165733;1;TUG1;0,6176;1,5920;-0,2386;-0,0726;-0,0543;-0,0027;0,9959;;True
541,16;0.0;pa025​;20250610_165733;1;TUG1;0,6176;1,5920;-0,2386;-0,0722;-0,0542;-0,0026;0,9959;;True
541,17;0.0;pa025​;20250610_165733;1;TUG1;0,6174;1,5920;-0,2387;-0,0724;-0,0542;-0,0026;0,9959;;True
541,19;0.0;pa025​;20250610_165733;1;TUG1;0,6172;1,5920;-0,2388;-0,0723;-0,0542;-0,0027;0,9959;;True
541,20;0.0;pa025​;20250610_165733;1;TUG1;0,6170;1,5920;-0,2388;-0,0723;-0,0544;-0,0025;0,9959;;True
541,22;0.0;pa025​;20250610_165733;1;TUG1;0,6169;1,5920;-0,2387;-0,0723;-0,0546;-0,0027;0,9959;;True
541,23;0.0;pa025​;20250610_165733;1;TUG1;0,6168;1,5920;-0,2386;-0,0724;-0,0547;-0,0027;0,9959;;True
541,24;0.0;pa025​;20250610_165733;1;TUG1;0,6167;1,5920;-0,2384;-0,0722;-0,0549;-0,0027;0,9959;;True
541,26;0.0;pa025​;20250610_165733;1;TUG1;0,6168;1,5918;-0,2385;-0,0714;-0,0548;-0,0027;0,9959;;True
541,27;0.0;pa025​;20250610_165733;1;TUG1;0,6169;1,5917;-0,2386;-0,0706;-0,0549;-0,0026;0,9960;;True
541,29;0.0;pa025​;20250610_165733;1;TUG1;0,6168;1,5916;-0,2385;-0,0704;-0,0549;-0,0023;0,9960;;True
541,30;0.0;pa025​;20250610_165733;1;TUG1;0,6168;1,5916;-0,2383;-0,0707;-0,0550;-0,0025;0,9960;;True
541,31;0.0;pa025​;20250610_165733;1;TUG1;0,6166;1,5915;-0,2382;-0,0704;-0,0548;-0,0027;0,9960;;True
541,33;0.0;pa025​;20250610_165733;1;TUG1;0,6165;1,5915;-0,2380;-0,0701;-0,0548;-0,0028;0,9960;;True
541,34;0.0;pa025​;20250610_165733;1;TUG1;0,6163;1,5915;-0,2379;-0,0703;-0,0548;-0,0028;0,9960;;True
541,36;0.0;pa025​;20250610_165733;1;TUG1;0,6160;1,5914;-0,2378;-0,0702;-0,0548;-0,0028;0,9960;;True
541,37;0.0;pa025​;20250610_165733;1;TUG1;0,6159;1,5914;-0,2376;-0,0698;-0,0550;-0,0027;0,9960;;True
541,38;0.0;pa025​;20250610_165733;1;TUG1;0,6158;1,5913;-0,2374;-0,0693;-0,0550;-0,0026;0,9961;;True
541,40;0.0;pa025​;20250610_165733;1;TUG1;0,6158;1,5912;-0,2372;-0,0691;-0,0550;-0,0025;0,9961;;True
541,41;0.0;pa025​;20250610_165733;1;TUG1;0,6157;1,5912;-0,2371;-0,0687;-0,0550;-0,0025;0,9961;;True
541,42;0.0;pa025​;20250610_165733;1;TUG1;0,6157;1,5910;-0,2370;-0,0684;-0,0549;-0,0024;0,9961;;True
541,44;0.0;pa025​;20250610_165733;1;TUG1;0,6157;1,5909;-0,2369;-0,0678;-0,0549;-0,0024;0,9962;;True
541,45;0.0;pa025​;20250610_165733;1;TUG1;0,6157;1,5909;-0,2367;-0,0677;-0,0550;-0,0024;0,9962;;True
541,47;0.0;pa025​;20250610_165733;1;TUG1;0,6156;1,5908;-0,2364;-0,0677;-0,0550;-0,0025;0,9962;;True
541,48;0.0;pa025​;20250610_165733;1;TUG1;0,6156;1,5908;-0,2362;-0,0676;-0,0548;-0,0028;0,9962;;True
541,49;0.0;pa025​;20250610_165733;1;TUG1;0,6155;1,5907;-0,2359;-0,0673;-0,0548;-0,0029;0,9962;;True
541,51;0.0;pa025​;20250610_165733;1;TUG1;0,6155;1,5906;-0,2357;-0,0671;-0,0551;-0,0025;0,9962;;True
541,52;0.0;pa025​;20250610_165733;1;TUG1;0,6154;1,5905;-0,2354;-0,0667;-0,0551;-0,0027;0,9962;;True
541,54;0.0;pa025​;20250610_165733;1;TUG1;0,6153;1,5905;-0,2352;-0,0666;-0,0548;-0,0029;0,9963;;True
541,55;0.0;pa025​;20250610_165733;1;TUG1;0,6153;1,5904;-0,2350;-0,0666;-0,0547;-0,0031;0,9963;;True
541,56;0.0;pa025​;20250610_165733;1;TUG1;0,6153;1,5904;-0,2348;-0,0663;-0,0544;-0,0031;0,9963;;True
541,58;0.0;pa025​;20250610_165733;1;TUG1;0,6151;1,5904;-0,2346;-0,0661;-0,0543;-0,0035;0,9963;;True
541,59;0.0;pa025​;20250610_165733;1;TUG1;0,6150;1,5904;-0,2345;-0,0660;-0,0546;-0,0036;0,9963;;True
541,60;0.0;pa025​;20250610_165733;1;TUG1;0,6149;1,5904;-0,2344;-0,0658;-0,0542;-0,0038;0,9964;;True
541,62;0.0;pa025​;20250610_165733;1;TUG1;0,6148;1,5904;-0,2342;-0,0656;-0,0544;-0,0040;0,9964;;True
541,63;0.0;pa025​;20250610_165733;1;TUG1;0,6147;1,5903;-0,2340;-0,0654;-0,0543;-0,0039;0,9964;;True
541,65;0.0;pa025​;20250610_165733;1;TUG1;0,6147;1,5902;-0,2338;-0,0654;-0,0543;-0,0039;0,9964;;True
541,66;0.0;pa025​;20250610_165733;1;TUG1;0,6146;1,5901;-0,2337;-0,0653;-0,0543;-0,0039;0,9964;;True
541,67;0.0;pa025​;20250610_165733;1;TUG1;0,6146;1,5900;-0,2336;-0,0649;-0,0543;-0,0038;0,9964;;True
541,69;0.0;pa025​;20250610_165733;1;TUG1;0,6145;1,5898;-0,2334;-0,0643;-0,0543;-0,0036;0,9964;;True
541,70;0.0;pa025​;20250610_165733;1;TUG1;0,6145;1,5897;-0,2333;-0,0634;-0,0543;-0,0037;0,9965;;True
541,72;0.0;pa025​;20250610_165733;1;TUG1;0,6144;1,5896;-0,2331;-0,0629;-0,0543;-0,0037;0,9965;;True
541,73;0.0;pa025​;20250610_165733;1;TUG1;0,6144;1,5895;-0,2329;-0,0622;-0,0544;-0,0035;0,9966;;True
541,74;0.0;pa025​;20250610_165733;1;TUG1;0,6144;1,5894;-0,2326;-0,0619;-0,0544;-0,0036;0,9966;;True
541,76;0.0;pa025​;20250610_165733;1;TUG1;0,6143;1,5893;-0,2323;-0,0617;-0,0543;-0,0037;0,9966;;True
541,77;0.0;pa025​;20250610_165733;1;TUG1;0,6142;1,5892;-0,2321;-0,0610;-0,0543;-0,0036;0,9967;;True
541,79;0.0;pa025​;20250610_165733;1;TUG1;0,6141;1,5891;-0,2320;-0,0605;-0,0544;-0,0035;0,9967;;True
541,80;0.0;pa025​;20250610_165733;1;TUG1;0,6141;1,5890;-0,2318;-0,0599;-0,0543;-0,0034;0,9967;;True
541,81;0.0;pa025​;20250610_165733;1;TUG1;0,6140;1,5888;-0,2315;-0,0594;-0,0543;-0,0035;0,9968;;True
541,83;0.0;pa025​;20250610_165733;1;TUG1;0,6140;1,5888;-0,2312;-0,0591;-0,0543;-0,0034;0,9968;;True
541,84;0.0;pa025​;20250610_165733;1;TUG1;0,6139;1,5886;-0,2310;-0,0590;-0,0543;-0,0034;0,9968;;True
541,85;0.0;pa025​;20250610_165733;1;TUG1;0,6138;1,5886;-0,2309;-0,0586;-0,0544;-0,0035;0,9968;;True
541,87;0.0;pa025​;20250610_165733;1;TUG1;0,6138;1,5885;-0,2307;-0,0583;-0,0545;-0,0032;0,9968;;True
541,88;0.0;pa025​;20250610_165733;1;TUG1;0,6138;1,5885;-0,2306;-0,0581;-0,0547;-0,0031;0,9968;;True
541,90;0.0;pa025​;20250610_165733;1;TUG1;0,6138;1,5885;-0,2306;-0,0580;-0,0546;-0,0032;0,9968;;True
541,91;0.0;pa025​;20250610_165733;1;TUG1;0,6138;1,5884;-0,2307;-0,0578;-0,0547;-0,0033;0,9968;;True
541,92;0.0;pa025​;20250610_165733;1;TUG1;0,6138;1,5884;-0,2307;-0,0575;-0,0546;-0,0034;0,9968;;True
541,94;0.0;pa025​;20250610_165733;1;TUG1;0,6138;1,5884;-0,2307;-0,0575;-0,0546;-0,0035;0,9968;;True
541,95;0.0;pa025​;20250610_165733;1;TUG1;0,6138;1,5884;-0,2306;-0,0575;-0,0544;-0,0035;0,9969;;True
541,97;0.0;pa025​;20250610_165733;1;TUG1;0,6139;1,5885;-0,2304;-0,0574;-0,0543;-0,0035;0,9969;;True
541,98;0.0;pa025​;20250610_165733;1;TUG1;0,6140;1,5885;-0,2302;-0,0576;-0,0539;-0,0036;0,9969;;True
541,99;0.0;pa025​;20250610_165733;1;TUG1;0,6141;1,5885;-0,2301;-0,0577;-0,0541;-0,0034;0,9969;;True
542,01;0.0;pa025​;20250610_165733;1;TUG1;0,6141;1,5885;-0,2301;-0,0576;-0,0542;-0,0034;0,9969;;True
542,02;0.0;pa025​;20250610_165733;1;TUG1;0,6142;1,5884;-0,2301;-0,0574;-0,0542;-0,0035;0,9969;;True
542,04;0.0;pa025​;20250610_165733;1;TUG1;0,6142;1,5883;-0,2301;-0,0569;-0,0543;-0,0035;0,9969;;True
542,05;0.0;pa025​;20250610_165733;1;TUG1;0,6143;1,5883;-0,2301;-0,0565;-0,0547;-0,0034;0,9969;;True
542,06;0.0;pa025​;20250610_165733;1;TUG1;0,6144;1,5883;-0,2300;-0,0559;-0,0551;-0,0031;0,9969;;True
542,08;0.0;pa025​;20250610_165733;1;TUG1;0,6145;1,5882;-0,2300;-0,0551;-0,0554;-0,0030;0,9969;;True
542,09;0.0;pa025​;20250610_165733;1;TUG1;0,6145;1,5881;-0,2300;-0,0549;-0,0559;-0,0029;0,9969;;True
542,11;0.0;pa025​;20250610_165733;1;TUG1;0,6145;1,5880;-0,2300;-0,0546;-0,0562;-0,0029;0,9969;;True
542,12;0.0;pa025​;20250610_165733;1;TUG1;0,6145;1,5879;-0,2299;-0,0542;-0,0564;-0,0030;0,9969;;True
542,13;0.0;pa025​;20250610_165733;1;TUG1;0,6145;1,5878;-0,2297;-0,0539;-0,0568;-0,0031;0,9969;;True
542,15;0.0;pa025​;20250610_165733;1;TUG1;0,6145;1,5877;-0,2295;-0,0535;-0,0571;-0,0032;0,9969;;True
542,16;0.0;pa025​;20250610_165733;1;TUG1;0,6145;1,5876;-0,2294;-0,0529;-0,0574;-0,0031;0,9969;;True
542,18;0.0;pa025​;20250610_165733;1;TUG1;0,6145;1,5875;-0,2294;-0,0525;-0,0578;-0,0029;0,9969;;True
542,19;0.0;pa025​;20250610_165733;1;TUG1;0,6145;1,5873;-0,2293;-0,0519;-0,0583;-0,0029;0,9969;;True
542,20;0.0;pa025​;20250610_165733;1;TUG1;0,6144;1,5872;-0,2292;-0,0512;-0,0589;-0,0028;0,9969;;True
542,22;0.0;pa025​;20250610_165733;1;TUG1;0,6144;1,5870;-0,2290;-0,0507;-0,0595;-0,0027;0,9969;;True
542,23;0.0;pa025​;20250610_165733;1;TUG1;0,6143;1,5869;-0,2288;-0,0502;-0,0602;-0,0026;0,9969;;True
542,24;0.0;pa025​;20250610_165733;1;TUG1;0,6142;1,5867;-0,2287;-0,0498;-0,0609;-0,0026;0,9969;;True
542,26;0.0;pa025​;20250610_165733;1;TUG1;0,6141;1,5865;-0,2287;-0,0490;-0,0618;-0,0024;0,9969;;True
542,27;0.0;pa025​;20250610_165733;1;TUG1;0,6139;1,5864;-0,2285;-0,0481;-0,0630;-0,0022;0,9968;;True
542,28;0.0;pa025​;20250610_165733;1;TUG1;0,6136;1,5862;-0,2284;-0,0469;-0,0646;-0,0016;0,9968;;True
542,30;0.0;pa025​;20250610_165733;1;TUG1;0,6133;1,5858;-0,2283;-0,0452;-0,0665;-0,0007;0,9968;;True
542,31;0.0;pa025​;20250610_165733;1;TUG1;0,6128;1,5856;-0,2280;-0,0436;-0,0685;0,0001;0,9967;;True
542,33;0.0;pa025​;20250610_165733;1;TUG1;0,6123;1,5852;-0,2279;-0,0419;-0,0709;0,0010;0,9966;;True
542,34;0.0;pa025​;20250610_165733;1;TUG1;0,6116;1,5848;-0,2278;-0,0397;-0,0740;0,0021;0,9965;;True
542,36;0.0;pa025​;20250610_165733;1;TUG1;0,6109;1,5843;-0,2276;-0,0379;-0,0773;0,0028;0,9963;;True
542,37;0.0;pa025​;20250610_165733;1;TUG1;0,6103;1,5838;-0,2272;-0,0356;-0,0810;0,0032;0,9961;;True
542,38;0.0;pa025​;20250610_165733;1;TUG1;0,6093;1,5833;-0,2270;-0,0325;-0,0852;0,0048;0,9958;;True
542,40;0.0;pa025​;20250610_165733;1;TUG1;0,6082;1,5827;-0,2269;-0,0292;-0,0907;0,0064;0,9954;;True
542,41;0.0;pa025​;20250610_165733;1;TUG1;0,6069;1,5821;-0,2266;-0,0258;-0,0972;0,0084;0,9949;;True
542,42;0.0;pa025​;20250610_165733;1;TUG1;0,6054;1,5814;-0,2265;-0,0229;-0,1038;0,0101;0,9943;;True
542,44;0.0;pa025​;20250610_165733;1;TUG1;0,6041;1,5806;-0,2262;-0,0199;-0,1123;0,0115;0,9934;;True
542,45;0.0;pa025​;20250610_165733;1;TUG1;0,6026;1,5798;-0,2261;-0,0161;-0,1204;0,0133;0,9925;;True
542,47;0.0;pa025​;20250610_165733;1;TUG1;0,6012;1,5790;-0,2257;-0,0128;-0,1290;0,0147;0,9915;;True
542,48;0.0;pa025​;20250610_165733;1;TUG1;0,5995;1,5781;-0,2257;-0,0096;-0,1366;0,0157;0,9905;;True
542,49;0.0;pa025​;20250610_165733;1;TUG1;0,5978;1,5772;-0,2257;-0,0066;-0,1449;0,0169;0,9893;;True
542,51;0.0;pa025​;20250610_165733;1;TUG1;0,5961;1,5764;-0,2257;-0,0027;-0,1533;0,0177;0,9880;;True
542,52;0.0;pa025​;20250610_165733;1;TUG1;0,5945;1,5754;-0,2258;0,0009;-0,1618;0,0186;0,9867;;True
542,54;0.0;pa025​;20250610_165733;1;TUG1;0,5928;1,5746;-0,2260;0,0046;-0,1700;0,0204;0,9852;;True
542,55;0.0;pa025​;20250610_165733;1;TUG1;0,5911;1,5739;-0,2262;0,0084;-0,1781;0,0216;0,9837;;True
542,56;0.0;pa025​;20250610_165733;1;TUG1;0,5894;1,5729;-0,2264;0,0117;-0,1866;0,0229;0,9821;;True
542,58;0.0;pa025​;20250610_165733;1;TUG1;0,5877;1,5720;-0,2268;0,0153;-0,1946;0,0241;0,9805;;True
542,59;0.0;pa025​;20250610_165733;1;TUG1;0,5859;1,5711;-0,2272;0,0193;-0,2024;0,0248;0,9788;;True
542,60;0.0;pa025​;20250610_165733;1;TUG1;0,5842;1,5703;-0,2273;0,0233;-0,2105;0,0253;0,9770;;True
542,62;0.0;pa025​;20250610_165733;1;TUG1;0,5825;1,5693;-0,2276;0,0265;-0,2181;0,0260;0,9752;;True
542,63;0.0;pa025​;20250610_165733;1;TUG1;0,5808;1,5686;-0,2279;0,0307;-0,2259;0,0274;0,9733;;True
542,65;0.0;pa025​;20250610_165733;1;TUG1;0,5791;1,5677;-0,2284;0,0339;-0,2340;0,0288;0,9712;;True
542,66;0.0;pa025​;20250610_165733;1;TUG1;0,5773;1,5670;-0,2291;0,0372;-0,2414;0,0308;0,9692;;True
542,67;0.0;pa025​;20250610_165733;1;TUG1;0,5757;1,5662;-0,2296;0,0404;-0,2493;0,0318;0,9671;;True
542,69;0.0;pa025​;20250610_165733;1;TUG1;0,5739;1,5656;-0,2303;0,0435;-0,2557;0,0327;0,9652;;True
542,70;0.0;pa025​;20250610_165733;1;TUG1;0,5723;1,5648;-0,2308;0,0460;-0,2624;0,0332;0,9633;;True
542,72;0.0;pa025​;20250610_165733;1;TUG1;0,5705;1,5641;-0,2316;0,0485;-0,2683;0,0336;0,9615;;True
542,73;0.0;pa025​;20250610_165733;1;TUG1;0,5689;1,5635;-0,2324;0,0507;-0,2740;0,0345;0,9598;;True
542,74;0.0;pa025​;20250610_165733;1;TUG1;0,5674;1,5630;-0,2331;0,0532;-0,2797;0,0356;0,9580;;True
542,76;0.0;pa025​;20250610_165733;1;TUG1;0,5658;1,5624;-0,2339;0,0553;-0,2851;0,0371;0,9562;;True
542,77;0.0;pa025​;20250610_165733;1;TUG1;0,5643;1,5619;-0,2345;0,0572;-0,2903;0,0383;0,9545;;True
542,79;0.0;pa025​;20250610_165733;1;TUG1;0,5628;1,5615;-0,2352;0,0589;-0,2951;0,0392;0,9528;;True
542,80;0.0;pa025​;20250610_165733;1;TUG1;0,5614;1,5611;-0,2359;0,0606;-0,2997;0,0398;0,9513;;True
542,81;0.0;pa025​;20250610_165733;1;TUG1;0,5599;1,5608;-0,2367;0,0619;-0,3033;0,0409;0,9500;;True
542,83;0.0;pa025​;20250610_165733;1;TUG1;0,5585;1,5603;-0,2376;0,0624;-0,3067;0,0414;0,9489;;True
542,84;0.0;pa025​;20250610_165733;1;TUG1;0,5573;1,5601;-0,2383;0,0638;-0,3102;0,0423;0,9476;;True
542,85;0.0;pa025​;20250610_165733;1;TUG1;0,5562;1,5596;-0,2390;0,0648;-0,3138;0,0428;0,9463;;True
542,87;0.0;pa025​;20250610_165733;1;TUG1;0,5549;1,5594;-0,2399;0,0663;-0,3166;0,0439;0,9452;;True
542,88;0.0;pa025​;20250610_165733;1;TUG1;0,5537;1,5591;-0,2407;0,0680;-0,3194;0,0448;0,9441;;True
542,90;0.0;pa025​;20250610_165733;1;TUG1;0,5526;1,5587;-0,2415;0,0692;-0,3219;0,0450;0,9432;;True
542,91;0.0;pa025​;20250610_165733;1;TUG1;0,5516;1,5584;-0,2423;0,0704;-0,3248;0,0454;0,9421;;True
542,92;0.0;pa025​;20250610_165733;1;TUG1;0,5505;1,5581;-0,2430;0,0716;-0,3273;0,0460;0,9411;;True
542,94;0.0;pa025​;20250610_165733;1;TUG1;0,5495;1,5580;-0,2437;0,0726;-0,3294;0,0466;0,9402;;True
542,95;0.0;pa025​;20250610_165733;1;TUG1;0,5485;1,5578;-0,2445;0,0736;-0,3312;0,0471;0,9395;;True
542,97;0.0;pa025​;20250610_165733;1;TUG1;0,5476;1,5575;-0,2452;0,0745;-0,3335;0,0473;0,9386;;True
542,98;0.0;pa025​;20250610_165733;1;TUG1;0,5468;1,5573;-0,2461;0,0753;-0,3349;0,0476;0,9380;;True
542,99;0.0;pa025​;20250610_165733;1;TUG1;0,5460;1,5571;-0,2469;0,0762;-0,3364;0,0480;0,9374;;True
543,01;0.0;pa025​;20250610_165733;1;TUG1;0,5454;1,5569;-0,2476;0,0770;-0,3375;0,0482;0,9369;;True
543,02;0.0;pa025​;20250610_165733;1;TUG1;0,5448;1,5567;-0,2481;0,0777;-0,3385;0,0481;0,9365;;True
543,03;0.0;pa025​;20250610_165733;1;TUG1;0,5442;1,5565;-0,2487;0,0784;-0,3395;0,0483;0,9361;;True
543,05;0.0;pa025​;20250610_165733;1;TUG1;0,5437;1,5564;-0,2495;0,0788;-0,3401;0,0484;0,9358;;True
543,06;0.0;pa025​;20250610_165733;1;TUG1;0,5431;1,5563;-0,2503;0,0792;-0,3407;0,0488;0,9356;;True
543,08;0.0;pa025​;20250610_165733;1;TUG1;0,5427;1,5562;-0,2510;0,0794;-0,3408;0,0488;0,9355;;True
543,09;0.0;pa025​;20250610_165733;1;TUG1;0,5423;1,5562;-0,2518;0,0797;-0,3408;0,0488;0,9355;;True
543,10;0.0;pa025​;20250610_165733;1;TUG1;0,5420;1,5563;-0,2525;0,0800;-0,3406;0,0492;0,9355;;True
543,12;0.0;pa025​;20250610_165733;1;TUG1;0,5417;1,5562;-0,2532;0,0804;-0,3404;0,0491;0,9356;;True
543,13;0.0;pa025​;20250610_165733;1;TUG1;0,5414;1,5562;-0,2539;0,0807;-0,3401;0,0492;0,9356;;True
543,15;0.0;pa025​;20250610_165733;1;TUG1;0,5412;1,5561;-0,2547;0,0806;-0,3397;0,0495;0,9358;;True
543,16;0.0;pa025​;20250610_165733;1;TUG1;0,5410;1,5561;-0,2553;0,0804;-0,3391;0,0495;0,9360;;True
543,17;0.0;pa025​;20250610_165733;1;TUG1;0,5408;1,5561;-0,2560;0,0802;-0,3381;0,0495;0,9364;;True
543,19;0.0;pa025​;20250610_165733;1;TUG1;0,5407;1,5561;-0,2567;0,0800;-0,3372;0,0494;0,9367;;True
543,20;0.0;pa025​;20250610_165733;1;TUG1;0,5406;1,5561;-0,2574;0,0799;-0,3361;0,0496;0,9371;;True
543,21;0.0;pa025​;20250610_165733;1;TUG1;0,5406;1,5562;-0,2580;0,0799;-0,3352;0,0499;0,9374;;True
543,23;0.0;pa025​;20250610_165733;1;TUG1;0,5406;1,5562;-0,2587;0,0797;-0,3338;0,0502;0,9379;;True
543,24;0.0;pa025​;20250610_165733;1;TUG1;0,5406;1,5562;-0,2593;0,0795;-0,3324;0,0503;0,9384;;True
543,26;0.0;pa025​;20250610_165733;1;TUG1;0,5406;1,5562;-0,2600;0,0793;-0,3307;0,0499;0,9391;;True
543,27;0.0;pa025​;20250610_165733;1;TUG1;0,5408;1,5561;-0,2606;0,0793;-0,3290;0,0499;0,9397;;True
543,28;0.0;pa025​;20250610_165733;1;TUG1;0,5409;1,5561;-0,2613;0,0794;-0,3273;0,0502;0,9403;;True
543,30;0.0;pa025​;20250610_165733;1;TUG1;0,5411;1,5561;-0,2619;0,0796;-0,3255;0,0506;0,9408;;True
543,31;0.0;pa025​;20250610_165733;1;TUG1;0,5413;1,5561;-0,2624;0,0797;-0,3235;0,0506;0,9415;;True
543,33;0.0;pa025​;20250610_165733;1;TUG1;0,5416;1,5561;-0,2627;0,0798;-0,3214;0,0505;0,9422;;True
543,34;0.0;pa025​;20250610_165733;1;TUG1;0,5419;1,5561;-0,2630;0,0801;-0,3194;0,0505;0,9429;;True
543,36;0.0;pa025​;20250610_165733;1;TUG1;0,5421;1,5561;-0,2635;0,0806;-0,3174;0,0506;0,9435;;True
543,37;0.0;pa025​;20250610_165733;1;TUG1;0,5423;1,5560;-0,2641;0,0813;-0,3154;0,0508;0,9441;;True
543,38;0.0;pa025​;20250610_165733;1;TUG1;0,5425;1,5559;-0,2645;0,0819;-0,3133;0,0513;0,9447;;True
543,40;0.0;pa025​;20250610_165733;1;TUG1;0,5427;1,5557;-0,2650;0,0823;-0,3113;0,0514;0,9453;;True
543,41;0.0;pa025​;20250610_165733;1;TUG1;0,5429;1,5556;-0,2655;0,0827;-0,3094;0,0516;0,9459;;True
543,42;0.0;pa025​;20250610_165733;1;TUG1;0,5430;1,5554;-0,2661;0,0832;-0,3074;0,0518;0,9465;;True
543,44;0.0;pa025​;20250610_165733;1;TUG1;0,5431;1,5552;-0,2665;0,0836;-0,3056;0,0517;0,9471;;True
543,45;0.0;pa025​;20250610_165733;1;TUG1;0,5432;1,5552;-0,2669;0,0842;-0,3037;0,0517;0,9476;;True
543,47;0.0;pa025​;20250610_165733;1;TUG1;0,5433;1,5551;-0,2672;0,0843;-0,3016;0,0517;0,9483;;True
543,48;0.0;pa025​;20250610_165733;1;TUG1;0,5434;1,5551;-0,2675;0,0843;-0,2996;0,0518;0,9489;;True
543,49;0.0;pa025​;20250610_165733;1;TUG1;0,5435;1,5551;-0,2677;0,0846;-0,2977;0,0519;0,9495;;True
543,51;0.0;pa025​;20250610_165733;1;TUG1;0,5437;1,5552;-0,2678;0,0849;-0,2957;0,0519;0,9501;;True
543,52;0.0;pa025​;20250610_165733;1;TUG1;0,5438;1,5552;-0,2681;0,0850;-0,2936;0,0517;0,9508;;True
543,54;0.0;pa025​;20250610_165733;1;TUG1;0,5439;1,5552;-0,2683;0,0850;-0,2913;0,0518;0,9514;;True
543,55;0.0;pa025​;20250610_165733;1;TUG1;0,5440;1,5552;-0,2686;0,0849;-0,2890;0,0517;0,9522;;True
543,56;0.0;pa025​;20250610_165733;1;TUG1;0,5442;1,5552;-0,2688;0,0847;-0,2866;0,0515;0,9529;;True
543,58;0.0;pa025​;20250610_165733;1;TUG1;0,5445;1,5553;-0,2691;0,0842;-0,2835;0,0511;0,9539;;True
543,59;0.0;pa025​;20250610_165733;1;TUG1;0,5449;1,5553;-0,2693;0,0835;-0,2805;0,0504;0,9549;;True
543,60;0.0;pa025​;20250610_165733;1;TUG1;0,5452;1,5556;-0,2695;0,0831;-0,2771;0,0502;0,9559;;True
543,62;0.0;pa025​;20250610_165733;1;TUG1;0,5457;1,5557;-0,2697;0,0823;-0,2736;0,0497;0,9570;;True
543,63;0.0;pa025​;20250610_165733;1;TUG1;0,5461;1,5559;-0,2700;0,0815;-0,2691;0,0492;0,9584;;True
543,65;0.0;pa025​;20250610_165733;1;TUG1;0,5466;1,5563;-0,2702;0,0811;-0,2647;0,0485;0,9597;;True
543,66;0.0;pa025​;20250610_165733;1;TUG1;0,5471;1,5568;-0,2705;0,0804;-0,2593;0,0478;0,9613;;True
543,67;0.0;pa025​;20250610_165733;1;TUG1;0,5478;1,5571;-0,2705;0,0800;-0,2543;0,0472;0,9627;;True
543,69;0.0;pa025​;20250610_165733;1;TUG1;0,5484;1,5574;-0,2708;0,0793;-0,2491;0,0473;0,9641;;True
543,70;0.0;pa025​;20250610_165733;1;TUG1;0,5491;1,5576;-0,2710;0,0790;-0,2441;0,0468;0,9654;;True
543,72;0.0;pa025​;20250610_165733;1;TUG1;0,5497;1,5578;-0,2711;0,0786;-0,2394;0,0466;0,9666;;True
543,73;0.0;pa025​;20250610_165733;1;TUG1;0,5504;1,5579;-0,2715;0,0781;-0,2345;0,0457;0,9679;;True
543,74;0.0;pa025​;20250610_165733;1;TUG1;0,5512;1,5581;-0,2717;0,0777;-0,2303;0,0452;0,9690;;True
543,76;0.0;pa025​;20250610_165733;1;TUG1;0,5517;1,5582;-0,2719;0,0772;-0,2257;0,0447;0,9701;;True
543,77;0.0;pa025​;20250610_165733;1;TUG1;0,5523;1,5585;-0,2721;0,0767;-0,2217;0,0439;0,9711;;True
543,79;0.0;pa025​;20250610_165733;1;TUG1;0,5529;1,5586;-0,2722;0,0762;-0,2179;0,0433;0,9720;;True
543,80;0.0;pa025​;20250610_165733;1;TUG1;0,5535;1,5588;-0,2726;0,0760;-0,2141;0,0427;0,9729;;True
543,81;0.0;pa025​;20250610_165733;1;TUG1;0,5539;1,5591;-0,2731;0,0762;-0,2104;0,0425;0,9737;;True
543,83;0.0;pa025​;20250610_165733;1;TUG1;0,5543;1,5593;-0,2736;0,0757;-0,2067;0,0421;0,9746;;True
543,84;0.0;pa025​;20250610_165733;1;TUG1;0,5546;1,5595;-0,2738;0,0751;-0,2032;0,0417;0,9754;;True
543,86;0.0;pa025​;20250610_165733;1;TUG1;0,5549;1,5596;-0,2739;0,0746;-0,1997;0,0407;0,9762;;True
543,88;0.0;pa025​;20250610_165733;1;TUG1;0,5558;1,5599;-0,2744;0,0739;-0,1938;0,0395;0,9775;;True
543,90;0.0;pa025​;20250610_165733;1;TUG1;0,5560;1,5601;-0,2750;0,0740;-0,1907;0,0396;0,9780;;True
543,91;0.0;pa025​;20250610_165733;1;TUG1;0,5563;1,5601;-0,2753;0,0741;-0,1883;0,0397;0,9785;;True
543,92;0.0;pa025​;20250610_165733;1;TUG1;0,5566;1,5600;-0,2755;0,0742;-0,1865;0,0400;0,9788;;True
543,94;0.0;pa025​;20250610_165733;1;TUG1;0,5566;1,5600;-0,2757;0,0750;-0,1847;0,0410;0,9791;;True
543,95;0.0;pa025​;20250610_165733;1;TUG1;0,5568;1,5600;-0,2759;0,0751;-0,1837;0,0417;0,9792;;True
543,96;0.0;pa025​;20250610_165733;1;TUG1;0,5568;1,5597;-0,2760;0,0761;-0,1832;0,0422;0,9792;;True
543,98;0.0;pa025​;20250610_165733;1;TUG1;0,5566;1,5594;-0,2762;0,0769;-0,1831;0,0430;0,9791;;True
543,99;0.0;pa025​;20250610_165733;1;TUG1;0,5564;1,5592;-0,2763;0,0775;-0,1825;0,0434;0,9792;;True
544,01;0.0;pa025​;20250610_165733;1;TUG1;0,5561;1,5589;-0,2764;0,0783;-0,1826;0,0441;0,9791;;True
544,02;0.0;pa025​;20250610_165733;1;TUG1;0,5557;1,5582;-0,2767;0,0806;-0,1821;0,0447;0,9790;;True
544,04;0.0;pa025​;20250610_165733;1;TUG1;0,5554;1,5577;-0,2768;0,0839;-0,1825;0,0459;0,9785;;True
544,05;0.0;pa025​;20250610_165733;1;TUG1;0,5550;1,5571;-0,2767;0,0859;-0,1837;0,0471;0,9781;;True
544,06;0.0;pa025​;20250610_165733;1;TUG1;0,5544;1,5567;-0,2766;0,0876;-0,1851;0,0477;0,9776;;True
544,08;0.0;pa025​;20250610_165733;1;TUG1;0,5537;1,5564;-0,2766;0,0894;-0,1862;0,0480;0,9773;;True
544,09;0.0;pa025​;20250610_165733;1;TUG1;0,5530;1,5560;-0,2764;0,0906;-0,1876;0,0482;0,9769;;True
544,10;0.0;pa025​;20250610_165733;1;TUG1;0,5523;1,5556;-0,2763;0,0921;-0,1893;0,0490;0,9764;;True
544,12;0.0;pa025​;20250610_165733;1;TUG1;0,5516;1,5551;-0,2762;0,0942;-0,1913;0,0503;0,9757;;True
544,13;0.0;pa025​;20250610_165733;1;TUG1;0,5509;1,5543;-0,2761;0,0958;-0,1939;0,0517;0,9750;;True
544,15;0.0;pa025​;20250610_165733;1;TUG1;0,5502;1,5535;-0,2761;0,0973;-0,1958;0,0523;0,9744;;True
544,16;0.0;pa025​;20250610_165733;1;TUG1;0,5494;1,5532;-0,2760;0,0994;-0,1978;0,0520;0,9738;;True
544,17;0.0;pa025​;20250610_165733;1;TUG1;0,5487;1,5528;-0,2760;0,1013;-0,1996;0,0518;0,9733;;True
544,19;0.0;pa025​;20250610_165733;1;TUG1;0,5479;1,5524;-0,2760;0,1032;-0,2014;0,0515;0,9727;;True
544,20;0.0;pa025​;20250610_165733;1;TUG1;0,5472;1,5520;-0,2761;0,1048;-0,2030;0,0511;0,9722;;True
544,22;0.0;pa025​;20250610_165733;1;TUG1;0,5465;1,5516;-0,2761;0,1069;-0,2046;0,0514;0,9716;;True
544,23;0.0;pa025​;20250610_165733;1;TUG1;0,5457;1,5512;-0,2762;0,1083;-0,2061;0,0513;0,9712;;True
544,24;0.0;pa025​;20250610_165733;1;TUG1;0,5450;1,5509;-0,2762;0,1099;-0,2077;0,0511;0,9707;;True
544,26;0.0;pa025​;20250610_165733;1;TUG1;0,5442;1,5504;-0,2764;0,1117;-0,2086;0,0509;0,9703;;True
544,27;0.0;pa025​;20250610_165733;1;TUG1;0,5435;1,5500;-0,2766;0,1139;-0,2102;0,0509;0,9696;;True
544,28;0.0;pa025​;20250610_165733;1;TUG1;0,5426;1,5495;-0,2767;0,1157;-0,2116;0,0508;0,9691;;True
544,30;0.0;pa025​;20250610_165733;1;TUG1;0,5417;1,5488;-0,2768;0,1178;-0,2130;0,0501;0,9686;;True
544,31;0.0;pa025​;20250610_165733;1;TUG1;0,5407;1,5483;-0,2768;0,1191;-0,2146;0,0499;0,9681;;True
544,33;0.0;pa025​;20250610_165733;1;TUG1;0,5397;1,5481;-0,2768;0,1202;-0,2165;0,0499;0,9676;;True
544,34;0.0;pa025​;20250610_165733;1;TUG1;0,5385;1,5479;-0,2769;0,1209;-0,2177;0,0515;0,9671;;True
544,36;0.0;pa025​;20250610_165733;1;TUG1;0,5375;1,5475;-0,2771;0,1213;-0,2207;0,0540;0,9663;;True
544,37;0.0;pa025​;20250610_165733;1;TUG1;0,5362;1,5469;-0,2772;0,1224;-0,2226;0,0547;0,9656;;True
544,38;0.0;pa025​;20250610_165733;1;TUG1;0,5348;1,5462;-0,2775;0,1235;-0,2241;0,0546;0,9652;;True
544,40;0.0;pa025​;20250610_165733;1;TUG1;0,5335;1,5457;-0,2776;0,1257;-0,2256;0,0543;0,9645;;True
544,41;0.0;pa025​;20250610_165733;1;TUG1;0,5320;1,5453;-0,2778;0,1274;-0,2273;0,0548;0,9639;;True
544,43;0.0;pa025​;20250610_165733;1;TUG1;0,5305;1,5447;-0,2777;0,1286;-0,2303;0,0559;0,9630;;True
544,44;0.0;pa025​;20250610_165733;1;TUG1;0,5290;1,5442;-0,2776;0,1298;-0,2329;0,0570;0,9621;;True
544,45;0.0;pa025​;20250610_165733;1;TUG1;0,5276;1,5437;-0,2772;0,1313;-0,2355;0,0581;0,9612;;True
544,47;0.0;pa025​;20250610_165733;1;TUG1;0,5261;1,5432;-0,2768;0,1335;-0,2375;0,0591;0,9604;;True
544,48;0.0;pa025​;20250610_165733;1;TUG1;0,5246;1,5425;-0,2764;0,1353;-0,2393;0,0596;0,9596;;True
544,49;0.0;pa025​;20250610_165733;1;TUG1;0,5231;1,5420;-0,2759;0,1379;-0,2414;0,0600;0,9587;;True
544,51;0.0;pa025​;20250610_165733;1;TUG1;0,5216;1,5413;-0,2752;0,1408;-0,2435;0,0601;0,9578;;True
544,52;0.0;pa025​;20250610_165733;1;TUG1;0,5200;1,5405;-0,2744;0,1432;-0,2450;0,0599;0,9570;;True
544,53;0.0;pa025​;20250610_165733;1;TUG1;0,5185;1,5396;-0,2732;0,1457;-0,2465;0,0597;0,9563;;True
544,55;0.0;pa025​;20250610_165733;1;TUG1;0,5171;1,5385;-0,2720;0,1478;-0,2485;0,0591;0,9555;;True
544,56;0.0;pa025​;20250610_165733;1;TUG1;0,5156;1,5374;-0,2709;0,1499;-0,2502;0,0589;0,9547;;True
544,58;0.0;pa025​;20250610_165733;1;TUG1;0,5140;1,5362;-0,2696;0,1521;-0,2515;0,0583;0,9541;;True
544,59;0.0;pa025​;20250610_165733;1;TUG1;0,5124;1,5352;-0,2681;0,1549;-0,2523;0,0577;0,9534;;True
544,60;0.0;pa025​;20250610_165733;1;TUG1;0,5109;1,5341;-0,2664;0,1577;-0,2535;0,0573;0,9527;;True
544,62;0.0;pa025​;20250610_165733;1;TUG1;0,5094;1,5330;-0,2644;0,1599;-0,2548;0,0579;0,9519;;True
544,63;0.0;pa025​;20250610_165733;1;TUG1;0,5080;1,5321;-0,2624;0,1624;-0,2556;0,0581;0,9513;;True
544,65;0.0;pa025​;20250610_165733;1;TUG1;0,5065;1,5312;-0,2602;0,1653;-0,2559;0,0585;0,9507;;True
544,66;0.0;pa025​;20250610_165733;1;TUG1;0,5052;1,5305;-0,2579;0,1684;-0,2563;0,0598;0,9499;;True
544,67;0.0;pa025​;20250610_165733;1;TUG1;0,5039;1,5299;-0,2552;0,1721;-0,2570;0,0615;0,9490;;True
544,69;0.0;pa025​;20250610_165733;1;TUG1;0,5024;1,5292;-0,2522;0,1749;-0,2579;0,0630;0,9481;;True
544,70;0.0;pa025​;20250610_165733;1;TUG1;0,5009;1,5284;-0,2489;0,1764;-0,2596;0,0641;0,9473;;True
544,72;0.0;pa025​;20250610_165733;1;TUG1;0,4995;1,5277;-0,2454;0,1772;-0,2614;0,0647;0,9466;;True
544,73;0.0;pa025​;20250610_165733;1;TUG1;0,4981;1,5271;-0,2418;0,1786;-0,2632;0,0650;0,9458;;True
544,74;0.0;pa025​;20250610_165733;1;TUG1;0,4967;1,5264;-0,2380;0,1803;-0,2645;0,0646;0,9452;;True
544,76;0.0;pa025​;20250610_165733;1;TUG1;0,4952;1,5256;-0,2340;0,1816;-0,2658;0,0638;0,9446;;True
544,77;0.0;pa025​;20250610_165733;1;TUG1;0,4937;1,5246;-0,2296;0,1824;-0,2674;0,0628;0,9441;;True
544,79;0.0;pa025​;20250610_165733;1;TUG1;0,4921;1,5237;-0,2251;0,1830;-0,2691;0,0619;0,9436;;True
544,80;0.0;pa025​;20250610_165733;1;TUG1;0,4905;1,5229;-0,2204;0,1841;-0,2707;0,0607;0,9430;;True
544,81;0.0;pa025​;20250610_165733;1;TUG1;0,4888;1,5219;-0,2154;0,1847;-0,2729;0,0598;0,9423;;True
544,83;0.0;pa025​;20250610_165733;1;TUG1;0,4870;1,5209;-0,2102;0,1854;-0,2754;0,0595;0,9414;;True
544,84;0.0;pa025​;20250610_165733;1;TUG1;0,4853;1,5198;-0,2047;0,1864;-0,2784;0,0596;0,9403;;True
544,85;0.0;pa025​;20250610_165733;1;TUG1;0,4835;1,5186;-0,1991;0,1875;-0,2815;0,0597;0,9392;;True
544,87;0.0;pa025​;20250610_165733;1;TUG1;0,4817;1,5172;-0,1933;0,1885;-0,2846;0,0602;0,9380;;True
544,88;0.0;pa025​;20250610_165733;1;TUG1;0,4798;1,5163;-0,1874;0,1915;-0,2867;0,0611;0,9367;;True
544,89;0.0;pa025​;20250610_165733;1;TUG1;0,4779;1,5158;-0,1811;0,1962;-0,2892;0,0628;0,9348;;True
544,91;0.0;pa025​;20250610_165733;1;TUG1;0,4760;1,5151;-0,1746;0,1999;-0,2917;0,0642;0,9332;;True
544,92;0.0;pa025​;20250610_165733;1;TUG1;0,4742;1,5142;-0,1676;0,2023;-0,2950;0,0655;0,9315;;True
544,94;0.0;pa025​;20250610_165733;1;TUG1;0,4724;1,5132;-0,1607;0,2037;-0,2983;0,0666;0,9301;;True
544,95;0.0;pa025​;20250610_165733;1;TUG1;0,4705;1,5124;-0,1539;0,2056;-0,3005;0,0674;0,9289;;True
544,96;0.0;pa025​;20250610_165733;1;TUG1;0,4687;1,5116;-0,1474;0,2069;-0,3025;0,0677;0,9280;;True
544,98;0.0;pa025​;20250610_165733;1;TUG1;0,4667;1,5110;-0,1408;0,2093;-0,3036;0,0674;0,9271;;True
544,99;0.0;pa025​;20250610_165733;1;TUG1;0,4645;1,5101;-0,1343;0,2109;-0,3042;0,0661;0,9266;;True
545,01;0.0;pa025​;20250610_165733;1;TUG1;0,4624;1,5094;-0,1280;0,2129;-0,3053;0,0649;0,9259;;True
545,02;0.0;pa025​;20250610_165733;1;TUG1;0,4604;1,5086;-0,1217;0,2145;-0,3057;0,0633;0,9255;;True
545,03;0.0;pa025​;20250610_165733;1;TUG1;0,4579;1,5083;-0,1151;0,2163;-0,3076;0,0639;0,9244;;True
545,05;0.0;pa025​;20250610_165733;1;TUG1;0,4558;1,5076;-0,1089;0,2165;-0,3094;0,0634;0,9238;;True
545,06;0.0;pa025​;20250610_165733;1;TUG1;0,4537;1,5071;-0,1029;0,2171;-0,3116;0,0636;0,9229;;True
545,08;0.0;pa025​;20250610_165733;1;TUG1;0,4515;1,5067;-0,0970;0,2181;-0,3138;0,0641;0,9219;;True
545,09;0.0;pa025​;20250610_165733;1;TUG1;0,4492;1,5063;-0,0915;0,2196;-0,3158;0,0647;0,9208;;True
545,10;0.0;pa025​;20250610_165733;1;TUG1;0,4470;1,5056;-0,0860;0,2213;-0,3174;0,0643;0,9199;;True
545,12;0.0;pa025​;20250610_165733;1;TUG1;0,4447;1,5052;-0,0805;0,2225;-0,3183;0,0638;0,9193;;True
545,13;0.0;pa025​;20250610_165733;1;TUG1;0,4425;1,5048;-0,0753;0,2235;-0,3195;0,0643;0,9186;;True
545,15;0.0;pa025​;20250610_165733;1;TUG1;0,4403;1,5046;-0,0703;0,2248;-0,3210;0,0654;0,9177;;True
545,16;0.0;pa025​;20250610_165733;1;TUG1;0,4381;1,5042;-0,0654;0,2254;-0,3223;0,0660;0,9170;;True
545,17;0.0;pa025​;20250610_165733;1;TUG1;0,4359;1,5038;-0,0608;0,2260;-0,3234;0,0661;0,9165;;True
545,19;0.0;pa025​;20250610_165733;1;TUG1;0,4338;1,5035;-0,0564;0,2274;-0,3240;0,0662;0,9159;;True
545,20;0.0;pa025​;20250610_165733;1;TUG1;0,4318;1,5032;-0,0522;0,2282;-0,3245;0,0656;0,9156;;True
545,22;0.0;pa025​;20250610_165733;1;TUG1;0,4298;1,5029;-0,0483;0,2297;-0,3252;0,0652;0,9150;;True
545,23;0.0;pa025​;20250610_165733;1;TUG1;0,4279;1,5026;-0,0446;0,2313;-0,3259;0,0645;0,9144;;True
545,24;0.0;pa025​;20250610_165733;1;TUG1;0,4262;1,5024;-0,0413;0,2322;-0,3270;0,0636;0,9139;;True
545,26;0.0;pa025​;20250610_165733;1;TUG1;0,4246;1,5024;-0,0380;0,2327;-0,3285;0,0636;0,9132;;True
545,27;0.0;pa025​;20250610_165733;1;TUG1;0,4230;1,5024;-0,0348;0,2332;-0,3303;0,0640;0,9124;;True
545,28;0.0;pa025​;20250610_165733;1;TUG1;0,4215;1,5025;-0,0317;0,2330;-0,3325;0,0643;0,9116;;True
545,30;0.0;pa025​;20250610_165733;1;TUG1;0,4201;1,5026;-0,0289;0,2334;-0,3341;0,0647;0,9109;;True
545,31;0.0;pa025​;20250610_165733;1;TUG1;0,4188;1,5028;-0,0263;0,2341;-0,3357;0,0643;0,9102;;True
545,33;0.0;pa025​;20250610_165733;1;TUG1;0,4175;1,5030;-0,0238;0,2349;-0,3370;0,0638;0,9095;;True
545,34;0.0;pa025​;20250610_165733;1;TUG1;0,4163;1,5031;-0,0215;0,2354;-0,3388;0,0634;0,9087;;True
545,35;0.0;pa025​;20250610_165733;1;TUG1;0,4151;1,5034;-0,0194;0,2358;-0,3408;0,0631;0,9079;;True
545,37;0.0;pa025​;20250610_165733;1;TUG1;0,4140;1,5037;-0,0173;0,2352;-0,3423;0,0623;0,9075;;True
545,38;0.0;pa025​;20250610_165733;1;TUG1;0,4129;1,5040;-0,0153;0,2348;-0,3435;0,0612;0,9073;;True
545,40;0.0;pa025​;20250610_165733;1;TUG1;0,4119;1,5041;-0,0136;0,2343;-0,3445;0,0603;0,9071;;True
545,41;0.0;pa025​;20250610_165733;1;TUG1;0,4110;1,5043;-0,0121;0,2343;-0,3455;0,0593;0,9068;;True
545,42;0.0;pa025​;20250610_165733;1;TUG1;0,4101;1,5044;-0,0107;0,2342;-0,3459;0,0580;0,9067;;True
545,44;0.0;pa025​;20250610_165733;1;TUG1;0,4095;1,5046;-0,0093;0,2335;-0,3460;0,0568;0,9069;;True
545,45;0.0;pa025​;20250610_165733;1;TUG1;0,4089;1,5048;-0,0081;0,2328;-0,3461;0,0559;0,9071;;True
545,46;0.0;pa025​;20250610_165733;1;TUG1;0,4084;1,5049;-0,0071;0,2320;-0,3461;0,0548;0,9074;;True
545,48;0.0;pa025​;20250610_165733;1;TUG1;0,4080;1,5050;-0,0062;0,2313;-0,3462;0,0536;0,9076;;True
545,49;0.0;pa025​;20250610_165733;1;TUG1;0,4077;1,5051;-0,0055;0,2305;-0,3459;0,0526;0,9080;;True
545,51;0.0;pa025​;20250610_165733;1;TUG1;0,4076;1,5052;-0,0050;0,2296;-0,3455;0,0521;0,9084;;True
545,52;0.0;pa025​;20250610_165733;1;TUG1;0,4076;1,5053;-0,0046;0,2289;-0,3451;0,0514;0,9087;;True
545,54;0.0;pa025​;20250610_165733;1;TUG1;0,4077;1,5053;-0,0044;0,2286;-0,3445;0,0504;0,9091;;True
545,55;0.0;pa025​;20250610_165733;1;TUG1;0,4080;1,5054;-0,0045;0,2284;-0,3439;0,0496;0,9095;;True
545,56;0.0;pa025​;20250610_165733;1;TUG1;0,4079;1,5054;-0,0042;0,2283;-0,3432;0,0487;0,9098;;True
545,58;0.0;pa025​;20250610_165733;1;TUG1;0,4084;1,5055;-0,0047;0,2282;-0,3419;0,0480;0,9103;;True
545,59;0.0;pa025​;20250610_165733;1;TUG1;0,4094;1,5057;-0,0059;0,2279;-0,3398;0,0470;0,9113;;True
545,60;0.0;pa025​;20250610_165733;1;TUG1;0,4101;1,5063;-0,0065;0,2285;-0,3371;0,0462;0,9121;;True
545,62;0.0;pa025​;20250610_165733;1;TUG1;0,4108;1,5067;-0,0074;0,2281;-0,3340;0,0454;0,9134;;True
545,63;0.0;pa025​;20250610_165733;1;TUG1;0,4115;1,5073;-0,0084;0,2277;-0,3310;0,0446;0,9146;;True
545,65;0.0;pa025​;20250610_165733;1;TUG1;0,4121;1,5079;-0,0094;0,2271;-0,3282;0,0440;0,9158;;True
545,66;0.0;pa025​;20250610_165733;1;TUG1;0,4127;1,5086;-0,0105;0,2259;-0,3253;0,0435;0,9172;;True
545,67;0.0;pa025​;20250610_165733;1;TUG1;0,4132;1,5093;-0,0118;0,2240;-0,3231;0,0428;0,9184;;True
545,69;0.0;pa025​;20250610_165733;1;TUG1;0,4137;1,5101;-0,0132;0,2225;-0,3207;0,0420;0,9197;;True
545,70;0.01;pa025​;20250610_165733;1;TUG1;0,4143;1,5108;-0,0147;0,2204;-0,3190;0,0402;0,9209;;False
545,72;0.03;pa025​;20250610_165733;1;TUG1;0,4148;1,5116;-0,0163;0,2185;-0,3170;0,0392;0,9221;;False
545,73;0.04;pa025​;20250610_165733;1;TUG1;0,4153;1,5124;-0,0181;0,2166;-0,3145;0,0378;0,9234;;False
545,74;0.06;pa025​;20250610_165733;1;TUG1;0,4159;1,5132;-0,0199;0,2151;-0,3127;0,0365;0,9245;;False
545,76;0.07;pa025​;20250610_165733;1;TUG1;0,4165;1,5138;-0,0220;0,2132;-0,3107;0,0353;0,9256;;False
545,77;0.08;pa025​;20250610_165733;1;TUG1;0,4172;1,5145;-0,0241;0,2120;-0,3090;0,0346;0,9265;;False
545,79;0.1;pa025​;20250610_165733;1;TUG1;0,4177;1,5153;-0,0264;0,2110;-0,3065;0,0344;0,9275;;False
545,80;0.11;pa025​;20250610_165733;1;TUG1;0,4182;1,5161;-0,0286;0,2108;-0,3043;0,0339;0,9284;;False
545,81;0.13;pa025​;20250610_165733;1;TUG1;0,4187;1,5169;-0,0308;0,2095;-0,3022;0,0338;0,9293;;False
545,83;0.14;pa025​;20250610_165733;1;TUG1;0,4191;1,5177;-0,0331;0,2082;-0,3002;0,0338;0,9303;;False
545,84;0.15;pa025​;20250610_165733;1;TUG1;0,4195;1,5185;-0,0354;0,2071;-0,2980;0,0334;0,9313;;False
545,85;0.17;pa025​;20250610_165733;1;TUG1;0,4199;1,5193;-0,0378;0,2054;-0,2957;0,0333;0,9323;;False
545,87;0.18;pa025​;20250610_165733;1;TUG1;0,4203;1,5202;-0,0403;0,2040;-0,2934;0,0332;0,9334;;False
545,88;0.2;pa025​;20250610_165733;1;TUG1;0,4207;1,5210;-0,0428;0,2023;-0,2910;0,0330;0,9345;;False
545,90;0.21;pa025​;20250610_165733;1;TUG1;0,4212;1,5217;-0,0454;0,2003;-0,2887;0,0329;0,9356;;False
545,91;0.22;pa025​;20250610_165733;1;TUG1;0,4216;1,5225;-0,0479;0,1990;-0,2861;0,0323;0,9368;;False
545,92;0.24;pa025​;20250610_165733;1;TUG1;0,4220;1,5232;-0,0505;0,1974;-0,2832;0,0311;0,9380;;False
545,94;0.25;pa025​;20250610_165733;1;TUG1;0,4223;1,5240;-0,0533;0,1952;-0,2798;0,0302;0,9395;;False
545,95;0.26;pa025​;20250610_165733;1;TUG1;0,4228;1,5250;-0,0559;0,1929;-0,2763;0,0292;0,9411;;False
545,97;0.28;pa025​;20250610_165733;1;TUG1;0,4233;1,5259;-0,0586;0,1903;-0,2720;0,0281;0,9429;;False
545,98;0.29;pa025​;20250610_165733;1;TUG1;0,4239;1,5267;-0,0612;0,1874;-0,2678;0,0272;0,9447;;False
545,99;0.31;pa025​;20250610_165733;1;TUG1;0,4245;1,5279;-0,0637;0,1845;-0,2634;0,0265;0,9465;;False
546,01;0.32;pa025​;20250610_165733;1;TUG1;0,4253;1,5290;-0,0661;0,1808;-0,2591;0,0259;0,9484;;False
546,02;0.33;pa025​;20250610_165733;1;TUG1;0,4260;1,5304;-0,0685;0,1770;-0,2540;0,0257;0,9505;;False
546,04;0.35;pa025​;20250610_165733;1;TUG1;0,4269;1,5317;-0,0709;0,1722;-0,2488;0,0252;0,9528;;False
546,05;0.36;pa025​;20250610_165733;1;TUG1;0,4277;1,5331;-0,0734;0,1672;-0,2429;0,0246;0,9552;;False
546,06;0.38;pa025​;20250610_165733;1;TUG1;0,4287;1,5345;-0,0757;0,1618;-0,2372;0,0238;0,9576;;False
546,08;0.39;pa025​;20250610_165733;1;TUG1;0,4298;1,5358;-0,0781;0,1562;-0,2318;0,0235;0,9598;;False
546,09;0.4;pa025​;20250610_165733;1;TUG1;0,4308;1,5372;-0,0806;0,1516;-0,2261;0,0230;0,9619;;False
546,11;0.42;pa025​;20250610_165733;1;TUG1;0,4319;1,5386;-0,0830;0,1463;-0,2206;0,0221;0,9641;;False
546,12;0.43;pa025​;20250610_165733;1;TUG1;0,4331;1,5399;-0,0853;0,1416;-0,2156;0,0216;0,9659;;False
546,13;0.45;pa025​;20250610_165733;1;TUG1;0,4343;1,5411;-0,0878;0,1366;-0,2101;0,0212;0,9679;;False
546,15;0.46;pa025​;20250610_165733;1;TUG1;0,4356;1,5424;-0,0902;0,1316;-0,2044;0,0209;0,9698;;False
546,16;0.47;pa025​;20250610_165733;1;TUG1;0,4370;1,5436;-0,0927;0,1269;-0,1984;0,0204;0,9717;;False
546,17;0.49;pa025​;20250610_165733;1;TUG1;0,4383;1,5448;-0,0951;0,1228;-0,1925;0,0202;0,9734;;False
546,19;0.5;pa025​;20250610_165733;1;TUG1;0,4396;1,5460;-0,0973;0,1191;-0,1868;0,0197;0,9750;;False
546,20;0.51;pa025​;20250610_165733;1;TUG1;0,4409;1,5471;-0,0996;0,1151;-0,1813;0,0190;0,9765;;False
546,22;0.53;pa025​;20250610_165733;1;TUG1;0,4422;1,5480;-0,1018;0,1113;-0,1764;0,0187;0,9778;;False
546,23;0.54;pa025​;20250610_165733;1;TUG1;0,4434;1,5490;-0,1038;0,1076;-0,1720;0,0184;0,9790;;False
546,24;0.56;pa025​;20250610_165733;1;TUG1;0,4446;1,5499;-0,1059;0,1042;-0,1675;0,0180;0,9802;;False
546,26;0.57;pa025​;20250610_165733;1;TUG1;0,4457;1,5507;-0,1078;0,1012;-0,1630;0,0176;0,9813;;False
546,27;0.58;pa025​;20250610_165733;1;TUG1;0,4468;1,5515;-0,1097;0,0984;-0,1588;0,0170;0,9822;;False
546,29;0.6;pa025​;20250610_165733;1;TUG1;0,4478;1,5522;-0,1115;0,0956;-0,1550;0,0168;0,9831;;False
546,30;0.61;pa025​;20250610_165733;1;TUG1;0,4489;1,5528;-0,1132;0,0936;-0,1520;0,0161;0,9838;;False
546,31;0.63;pa025​;20250610_165733;1;TUG1;0,4499;1,5533;-0,1149;0,0916;-0,1485;0,0150;0,9845;;False
546,33;0.64;pa025​;20250610_165733;1;TUG1;0,4508;1,5538;-0,1166;0,0899;-0,1457;0,0142;0,9851;;False
546,34;0.65;pa025​;20250610_165733;1;TUG1;0,4518;1,5542;-0,1181;0,0889;-0,1437;0,0139;0,9855;;False
546,36;0.67;pa025​;20250610_165733;1;TUG1;0,4526;1,5545;-0,1197;0,0879;-0,1412;0,0134;0,9860;;False
546,37;0.68;pa025​;20250610_165733;1;TUG1;0,4535;1,5546;-0,1212;0,0869;-0,1393;0,0129;0,9864;;False
546,38;0.7;pa025​;20250610_165733;1;TUG1;0,4545;1,5546;-0,1226;0,0865;-0,1378;0,0125;0,9866;;False
546,40;0.71;pa025​;20250610_165733;1;TUG1;0,4553;1,5546;-0,1239;0,0860;-0,1362;0,0120;0,9869;;False
546,41;0.72;pa025​;20250610_165733;1;TUG1;0,4560;1,5547;-0,1251;0,0863;-0,1343;0,0111;0,9871;;False
546,43;0.74;pa025​;20250610_165733;1;TUG1;0,4567;1,5548;-0,1264;0,0866;-0,1326;0,0106;0,9873;;False
546,44;0.75;pa025​;20250610_165733;1;TUG1;0,4574;1,5548;-0,1275;0,0864;-0,1311;0,0104;0,9875;;False
546,45;0.76;pa025​;20250610_165733;1;TUG1;0,4580;1,5549;-0,1285;0,0861;-0,1294;0,0101;0,9878;;False
546,47;0.78;pa025​;20250610_165733;1;TUG1;0,4585;1,5549;-0,1296;0,0857;-0,1279;0,0100;0,9880;;False
546,48;0.79;pa025​;20250610_165733;1;TUG1;0,4590;1,5549;-0,1305;0,0857;-0,1264;0,0101;0,9882;;False
546,49;0.81;pa025​;20250610_165733;1;TUG1;0,4595;1,5549;-0,1315;0,0861;-0,1251;0,0098;0,9884;;False
546,51;0.82;pa025​;20250610_165733;1;TUG1;0,4598;1,5548;-0,1324;0,0862;-0,1237;0,0097;0,9885;;False
546,52;0.83;pa025​;20250610_165733;1;TUG1;0,4603;1,5547;-0,1332;0,0866;-0,1230;0,0098;0,9886;;False
546,54;0.85;pa025​;20250610_165733;1;TUG1;0,4607;1,5546;-0,1339;0,0873;-0,1225;0,0096;0,9886;;False
546,55;0.86;pa025​;20250610_165733;1;TUG1;0,4610;1,5546;-0,1347;0,0881;-0,1219;0,0094;0,9886;;False
546,56;0.88;pa025​;20250610_165733;1;TUG1;0,4612;1,5544;-0,1354;0,0886;-0,1215;0,0091;0,9886;;False
546,58;0.89;pa025​;20250610_165733;1;TUG1;0,4614;1,5543;-0,1360;0,0893;-0,1215;0,0088;0,9885;;False
546,59;0.9;pa025​;20250610_165733;1;TUG1;0,4615;1,5542;-0,1365;0,0899;-0,1214;0,0086;0,9885;;False
546,61;0.92;pa025​;20250610_165733;1;TUG1;0,4616;1,5540;-0,1371;0,0905;-0,1214;0,0083;0,9884;;False
546,62;0.93;pa025​;20250610_165733;1;TUG1;0,4616;1,5538;-0,1377;0,0913;-0,1213;0,0082;0,9884;;False
546,63;0.95;pa025​;20250610_165733;1;TUG1;0,4616;1,5536;-0,1381;0,0922;-0,1218;0,0082;0,9882;;False
546,65;0.96;pa025​;20250610_165733;1;TUG1;0,4616;1,5535;-0,1384;0,0930;-0,1222;0,0082;0,9881;;False
546,66;0.97;pa025​;20250610_165733;1;TUG1;0,4615;1,5534;-0,1386;0,0935;-0,1225;0,0081;0,9880;;False
546,67;0.99;pa025​;20250610_165733;1;TUG1;0,4614;1,5532;-0,1388;0,0937;-0,1224;0,0078;0,9880;;False
546,69;1.0;pa025​;20250610_165733;1;TUG1;0,4614;1,5528;-0,1390;0,0940;-0,1227;0,0074;0,9879;;False
546,70;1.01;pa025​;20250610_165733;1;TUG1;0,4613;1,5526;-0,1391;0,0951;-0,1230;0,0075;0,9878;;False
546,72;1.03;pa025​;20250610_165733;1;TUG1;0,4612;1,5524;-0,1393;0,0961;-0,1230;0,0074;0,9877;;False
546,73;1.04;pa025​;20250610_165733;1;TUG1;0,4611;1,5522;-0,1393;0,0970;-0,1229;0,0074;0,9876;;False
546,75;1.06;pa025​;20250610_165733;1;TUG1;0,4610;1,5519;-0,1391;0,0982;-0,1229;0,0073;0,9875;;False
546,76;1.07;pa025​;20250610_165733;1;TUG1;0,4608;1,5517;-0,1389;0,0993;-0,1230;0,0073;0,9874;;False
546,77;1.08;pa025​;20250610_165733;1;TUG1;0,4605;1,5512;-0,1384;0,1008;-0,1232;0,0073;0,9872;;False
546,79;1.1;pa025​;20250610_165733;1;TUG1;0,4603;1,5508;-0,1381;0,1023;-0,1233;0,0073;0,9870;;False
546,80;1.11;pa025​;20250610_165733;1;TUG1;0,4601;1,5502;-0,1377;0,1043;-0,1232;0,0071;0,9869;;False
546,81;1.13;pa025​;20250610_165733;1;TUG1;0,4599;1,5497;-0,1373;0,1069;-0,1230;0,0070;0,9866;;False
546,83;1.14;pa025​;20250610_165733;1;TUG1;0,4596;1,5490;-0,1367;0,1098;-0,1225;0,0070;0,9863;;False
546,84;1.15;pa025​;20250610_165733;1;TUG1;0,4593;1,5483;-0,1361;0,1129;-0,1223;0,0071;0,9860;;False
546,85;1.17;pa025​;20250610_165733;1;TUG1;0,4589;1,5474;-0,1354;0,1160;-0,1221;0,0071;0,9857;;False
546,87;1.18;pa025​;20250610_165733;1;TUG1;0,4583;1,5466;-0,1347;0,1188;-0,1217;0,0074;0,9854;;False
546,88;1.2;pa025​;20250610_165733;1;TUG1;0,4578;1,5459;-0,1335;0,1219;-0,1215;0,0073;0,9851;;False
546,90;1.21;pa025​;20250610_165733;1;TUG1;0,4572;1,5451;-0,1323;0,1245;-0,1210;0,0077;0,9848;;False
546,91;1.22;pa025​;20250610_165733;1;TUG1;0,4565;1,5444;-0,1308;0,1272;-0,1209;0,0079;0,9844;;False
546,92;1.24;pa025​;20250610_165733;1;TUG1;0,4558;1,5435;-0,1293;0,1294;-0,1205;0,0083;0,9842;;False
546,94;1.25;pa025​;20250610_165733;1;TUG1;0,4549;1,5426;-0,1276;0,1318;-0,1201;0,0085;0,9839;;False
546,95;1.27;pa025​;20250610_165733;1;TUG1;0,4539;1,5417;-0,1256;0,1338;-0,1202;0,0086;0,9837;;False
546,97;1.28;pa025​;20250610_165733;1;TUG1;0,4528;1,5408;-0,1235;0,1353;-0,1194;0,0085;0,9835;;False
546,98;1.29;pa025​;20250610_165733;1;TUG1;0,4518;1,5399;-0,1211;0,1360;-0,1183;0,0083;0,9836;;False
546,99;1.31;pa025​;20250610_165733;1;TUG1;0,4505;1,5391;-0,1184;0,1369;-0,1174;0,0087;0,9836;;False
547,01;1.32;pa025​;20250610_165733;1;TUG1;0,4494;1,5385;-0,1153;0,1382;-0,1174;0,0094;0,9834;;False
547,02;1.33;pa025​;20250610_165733;1;TUG1;0,4481;1,5378;-0,1120;0,1386;-0,1177;0,0100;0,9833;;False
547,04;1.35;pa025​;20250610_165733;1;TUG1;0,4470;1,5375;-0,1083;0,1393;-0,1187;0,0111;0,9831;;False
547,05;1.36;pa025​;20250610_165733;1;TUG1;0,4459;1,5371;-0,1043;0,1397;-0,1195;0,0121;0,9829;;False
547,06;1.38;pa025​;20250610_165733;1;TUG1;0,4450;1,5366;-0,1001;0,1397;-0,1205;0,0135;0,9827;;False
547,08;1.39;pa025​;20250610_165733;1;TUG1;0,4441;1,5361;-0,0957;0,1406;-0,1214;0,0148;0,9825;;False
547,09;1.4;pa025​;20250610_165733;1;TUG1;0,4434;1,5356;-0,0909;0,1421;-0,1216;0,0156;0,9822;;False
547,11;1.42;pa025​;20250610_165733;1;TUG1;0,4427;1,5350;-0,0858;0,1434;-0,1216;0,0162;0,9820;;False
547,12;1.43;pa025​;20250610_165733;1;TUG1;0,4420;1,5344;-0,0803;0,1446;-0,1213;0,0166;0,9819;;False
547,13;1.45;pa025​;20250610_165733;1;TUG1;0,4414;1,5338;-0,0746;0,1453;-0,1209;0,0166;0,9818;;False
547,15;1.46;pa025​;20250610_165733;1;TUG1;0,4409;1,5331;-0,0685;0,1457;-0,1203;0,0165;0,9818;;False
547,16;1.47;pa025​;20250610_165733;1;TUG1;0,4404;1,5324;-0,0618;0,1457;-0,1201;0,0161;0,9819;;False
547,17;1.49;pa025​;20250610_165733;1;TUG1;0,4399;1,5316;-0,0549;0,1456;-0,1200;0,0158;0,9819;;False
547,19;1.5;pa025​;20250610_165733;1;TUG1;0,4395;1,5309;-0,0477;0,1454;-0,1201;0,0152;0,9819;;False
547,20;1.51;pa025​;20250610_165733;1;TUG1;0,4391;1,5300;-0,0403;0,1449;-0,1197;0,0142;0,9821;;False
547,22;1.53;pa025​;20250610_165733;1;TUG1;0,4387;1,5290;-0,0326;0,1440;-0,1195;0,0132;0,9822;;False
547,23;1.54;pa025​;20250610_165733;1;TUG1;0,4384;1,5280;-0,0248;0,1437;-0,1198;0,0126;0,9823;;False
547,24;1.56;pa025​;20250610_165733;1;TUG1;0,4381;1,5270;-0,0167;0,1442;-0,1201;0,0124;0,9821;;False
547,26;1.57;pa025​;20250610_165733;1;TUG1;0,4379;1,5260;-0,0081;0,1440;-0,1205;0,0122;0,9821;;False
547,27;1.58;pa025​;20250610_165733;1;TUG1;0,4377;1,5249;0,0008;0,1432;-0,1212;0,0121;0,9822;;False
547,29;1.6;pa025​;20250610_165733;1;TUG1;0,4376;1,5237;0,0099;0,1421;-0,1221;0,0117;0,9822;;False
547,30;1.61;pa025​;20250610_165733;1;TUG1;0,4374;1,5225;0,0194;0,1404;-0,1228;0,0115;0,9824;;False
547,31;1.63;pa025​;20250610_165733;1;TUG1;0,4373;1,5212;0,0290;0,1386;-0,1229;0,0106;0,9826;;False
547,33;1.64;pa025​;20250610_165733;1;TUG1;0,4375;1,5198;0,0390;0,1371;-0,1227;0,0096;0,9829;;False
547,34;1.65;pa025​;20250610_165733;1;TUG1;0,4377;1,5184;0,0492;0,1358;-0,1223;0,0092;0,9831;;False
547,36;1.67;pa025​;20250610_165733;1;TUG1;0,4379;1,5171;0,0596;0,1348;-0,1217;0,0088;0,9833;;False
547,37;1.68;pa025​;20250610_165733;1;TUG1;0,4382;1,5157;0,0704;0,1332;-0,1207;0,0081;0,9837;;False
547,38;1.7;pa025​;20250610_165733;1;TUG1;0,4385;1,5143;0,0813;0,1313;-0,1197;0,0077;0,9841;;False
547,40;1.71;pa025​;20250610_165733;1;TUG1;0,4388;1,5132;0,0925;0,1298;-0,1186;0,0078;0,9844;;False
547,41;1.72;pa025​;20250610_165733;1;TUG1;0,4391;1,5121;0,1041;0,1276;-0,1176;0,0076;0,9848;;False
547,43;1.74;pa025​;20250610_165733;1;TUG1;0,4396;1,5109;0,1157;0,1247;-0,1167;0,0075;0,9853;;False
547,44;1.75;pa025​;20250610_165733;1;TUG1;0,4398;1,5105;0,1276;0,1256;-0,1153;0,0087;0,9853;;False
547,45;1.77;pa025​;20250610_165733;1;TUG1;0,4401;1,5101;0,1395;0,1245;-0,1151;0,0101;0,9855;;False
547,47;1.78;pa025​;20250610_165733;1;TUG1;0,4403;1,5090;0,1513;0,1205;-0,1148;0,0113;0,9860;;False
547,48;1.79;pa025​;20250610_165733;1;TUG1;0,4408;1,5086;0,1635;0,1190;-0,1142;0,0118;0,9862;;False
547,49;1.81;pa025​;20250610_165733;1;TUG1;0,4412;1,5086;0,1752;0,1196;-0,1110;0,0119;0,9865;;False
547,51;1.82;pa025​;20250610_165733;1;TUG1;0,4414;1,5089;0,1868;0,1209;-0,1079;0,0127;0,9867;;False
547,52;1.83;pa025​;20250610_165733;1;TUG1;0,4414;1,5095;0,1982;0,1221;-0,1057;0,0140;0,9868;;False
547,54;1.85;pa025​;20250610_165733;1;TUG1;0,4411;1,5103;0,2096;0,1233;-0,1040;0,0159;0,9868;;False
547,55;1.86;pa025​;20250610_165733;1;TUG1;0,4406;1,5114;0,2209;0,1240;-0,1020;0,0175;0,9869;;False
547,56;1.88;pa025​;20250610_165733;1;TUG1;0,4401;1,5125;0,2322;0,1232;-0,1001;0,0189;0,9871;;False
547,58;1.89;pa025​;20250610_165733;1;TUG1;0,4393;1,5136;0,2435;0,1215;-0,0990;0,0205;0,9874;;False
547,59;1.9;pa025​;20250610_165733;1;TUG1;0,4382;1,5148;0,2547;0,1199;-0,0976;0,0209;0,9878;;False
547,61;1.92;pa025​;20250610_165733;1;TUG1;0,4370;1,5162;0,2658;0,1191;-0,0964;0,0209;0,9880;;False
547,62;1.93;pa025​;20250610_165733;1;TUG1;0,4355;1,5178;0,2769;0,1201;-0,0953;0,0218;0,9879;;False
547,63;1.95;pa025​;20250610_165733;1;TUG1;0,4340;1,5194;0,2880;0,1215;-0,0943;0,0230;0,9878;;False
547,65;1.96;pa025​;20250610_165733;1;TUG1;0,4325;1,5211;0,2993;0,1231;-0,0935;0,0244;0,9877;;False
547,66;1.97;pa025​;20250610_165733;1;TUG1;0,4308;1,5226;0,3105;0,1237;-0,0932;0,0257;0,9876;;False
547,67;1.99;pa025​;20250610_165733;1;TUG1;0,4287;1,5241;0,3215;0,1240;-0,0930;0,0269;0,9875;;False
547,69;2.0;pa025​;20250610_165733;1;TUG1;0,4264;1,5253;0,3326;0,1238;-0,0927;0,0277;0,9876;;False
547,70;2.02;pa025​;20250610_165733;1;TUG1;0,4239;1,5264;0,3437;0,1231;-0,0925;0,0281;0,9877;;False
547,72;2.03;pa025​;20250610_165733;1;TUG1;0,4214;1,5273;0,3549;0,1227;-0,0919;0,0281;0,9878;;False
547,73;2.04;pa025​;20250610_165733;1;TUG1;0,4187;1,5279;0,3662;0,1223;-0,0914;0,0280;0,9879;;False
547,76;2.07;pa025​;20250610_165733;1;TUG1;0,4128;1,5285;0,3886;0,1231;-0,0893;0,0273;0,9880;;False
547,77;2.09;pa025​;20250610_165733;1;TUG1;0,4097;1,5284;0,3997;0,1240;-0,0886;0,0271;0,9879;;False
547,79;2.1;pa025​;20250610_165733;1;TUG1;0,4063;1,5281;0,4109;0,1248;-0,0878;0,0267;0,9879;;False
547,80;2.11;pa025​;20250610_165733;1;TUG1;0,4027;1,5274;0,4222;0,1248;-0,0869;0,0259;0,9880;;False
547,81;2.13;pa025​;20250610_165733;1;TUG1;0,3992;1,5263;0,4337;0,1246;-0,0860;0,0251;0,9882;;False
547,83;2.14;pa025​;20250610_165733;1;TUG1;0,3955;1,5251;0,4450;0,1246;-0,0847;0,0250;0,9883;;False
547,84;2.15;pa025​;20250610_165733;1;TUG1;0,3915;1,5240;0,4563;0,1244;-0,0835;0,0251;0,9884;;False
547,85;2.17;pa025​;20250610_165733;1;TUG1;0,3873;1,5228;0,4676;0,1239;-0,0822;0,0253;0,9886;;False
547,87;2.18;pa025​;20250610_165733;1;TUG1;0,3829;1,5216;0,4790;0,1232;-0,0806;0,0256;0,9888;;False
547,88;2.2;pa025​;20250610_165733;1;TUG1;0,3785;1,5203;0,4902;0,1213;-0,0787;0,0263;0,9891;;False
547,90;2.21;pa025​;20250610_165733;1;TUG1;0,3739;1,5189;0,5015;0,1194;-0,0769;0,0263;0,9895;;False
547,91;2.22;pa025​;20250610_165733;1;TUG1;0,3690;1,5175;0,5125;0,1169;-0,0749;0,0263;0,9900;;False
547,92;2.24;pa025​;20250610_165733;1;TUG1;0,3642;1,5161;0,5235;0,1146;-0,0729;0,0256;0,9904;;False
547,94;2.25;pa025​;20250610_165733;1;TUG1;0,3593;1,5146;0,5344;0,1112;-0,0703;0,0244;0,9910;;False
547,95;2.27;pa025​;20250610_165733;1;TUG1;0,3543;1,5135;0,5451;0,1073;-0,0678;0,0231;0,9916;;False
547,97;2.28;pa025​;20250610_165733;1;TUG1;0,3495;1,5123;0,5555;0,1021;-0,0660;0,0217;0,9923;;False
547,98;2.29;pa025​;20250610_165733;1;TUG1;0,3445;1,5115;0,5655;0,0985;-0,0641;0,0211;0,9928;;False
547,99;2.31;pa025​;20250610_165733;1;TUG1;0,3395;1,5109;0,5749;0,0953;-0,0617;0,0205;0,9933;;False
548,01;2.32;pa025​;20250610_165733;1;TUG1;0,3346;1,5106;0,5841;0,0928;-0,0589;0,0200;0,9937;;False
548,02;2.33;pa025​;20250610_165733;1;TUG1;0,3301;1,5109;0,5931;0,0932;-0,0568;0,0195;0,9938;;False
548,04;2.35;pa025​;20250610_165733;1;TUG1;0,3252;1,5118;0,6020;0,0943;-0,0527;0,0197;0,9940;;False
548,05;2.36;pa025​;20250610_165733;1;TUG1;0,3205;1,5130;0,6107;0,0930;-0,0488;0,0200;0,9943;;False
548,06;2.38;pa025​;20250610_165733;1;TUG1;0,3162;1,5146;0,6195;0,0884;-0,0458;0,0193;0,9948;;False
548,08;2.39;pa025​;20250610_165733;1;TUG1;0,3120;1,5162;0,6282;0,0828;-0,0430;0,0189;0,9955;;False
548,09;2.4;pa025​;20250610_165733;1;TUG1;0,3080;1,5182;0,6366;0,0785;-0,0407;0,0186;0,9959;;False
548,11;2.42;pa025​;20250610_165733;1;TUG1;0,3042;1,5203;0,6447;0,0745;-0,0390;0,0177;0,9963;;False
548,12;2.43;pa025​;20250610_165733;1;TUG1;0,3005;1,5227;0,6526;0,0710;-0,0369;0,0174;0,9966;;False
548,13;2.45;pa025​;20250610_165733;1;TUG1;0,2972;1,5254;0,6602;0,0675;-0,0355;0,0178;0,9969;;False
548,15;2.46;pa025​;20250610_165733;1;TUG1;0,2941;1,5283;0,6678;0,0645;-0,0343;0,0180;0,9972;;False
548,16;2.47;pa025​;20250610_165733;1;TUG1;0,2914;1,5312;0,6754;0,0620;-0,0332;0,0183;0,9974;;False
548,17;2.49;pa025​;20250610_165733;1;TUG1;0,2889;1,5343;0,6829;0,0601;-0,0321;0,0188;0,9975;;False
548,19;2.5;pa025​;20250610_165733;1;TUG1;0,2869;1,5374;0,6902;0,0590;-0,0313;0,0192;0,9976;;False
548,20;2.51;pa025​;20250610_165733;1;TUG1;0,2848;1,5404;0,6974;0,0577;-0,0304;0,0198;0,9977;;False
548,22;2.53;pa025​;20250610_165733;1;TUG1;0,2830;1,5434;0,7045;0,0575;-0,0300;0,0202;0,9977;;False
548,23;2.54;pa025​;20250610_165733;1;TUG1;0,2815;1,5462;0,7113;0,0569;-0,0293;0,0202;0,9977;;False
548,24;2.56;pa025​;20250610_165733;1;TUG1;0,2800;1,5486;0,7178;0,0560;-0,0278;0,0199;0,9978;;False
548,26;2.57;pa025​;20250610_165733;1;TUG1;0,2787;1,5508;0,7240;0,0544;-0,0257;0,0184;0,9980;;False
548,27;2.59;pa025​;20250610_165733;1;TUG1;0,2775;1,5528;0,7301;0,0525;-0,0238;0,0172;0,9982;;False
548,29;2.6;pa025​;20250610_165733;1;TUG1;0,2762;1,5544;0,7356;0,0513;-0,0220;0,0162;0,9983;;False
548,30;2.61;pa025​;20250610_165733;1;TUG1;0,2750;1,5560;0,7408;0,0506;-0,0204;0,0144;0,9984;;False
548,31;2.63;pa025​;20250610_165733;1;TUG1;0,2738;1,5573;0,7462;0,0497;-0,0193;0,0132;0,9985;;False
548,33;2.64;pa025​;20250610_165733;1;TUG1;0,2725;1,5584;0,7517;0,0492;-0,0192;0,0125;0,9985;;False
548,34;2.65;pa025​;20250610_165733;1;TUG1;0,2713;1,5594;0,7570;0,0479;-0,0198;0,0117;0,9986;;False
548,36;2.67;pa025​;20250610_165733;1;TUG1;0,2700;1,5601;0,7621;0,0461;-0,0215;0,0111;0,9986;;False
548,37;2.68;pa025​;20250610_165733;1;TUG1;0,2687;1,5604;0,7669;0,0437;-0,0243;0,0106;0,9987;;False
548,38;2.7;pa025​;20250610_165733;1;TUG1;0,2675;1,5606;0,7715;0,0416;-0,0278;0,0098;0,9987;;False
548,40;2.71;pa025​;20250610_165733;1;TUG1;0,2666;1,5606;0,7757;0,0396;-0,0313;0,0096;0,9987;;False
548,41;2.72;pa025​;20250610_165733;1;TUG1;0,2657;1,5603;0,7796;0,0376;-0,0345;0,0097;0,9986;;False
548,42;2.74;pa025​;20250610_165733;1;TUG1;0,2652;1,5596;0,7831;0,0350;-0,0388;0,0098;0,9986;;False
548,44;2.75;pa025​;20250610_165733;1;TUG1;0,2647;1,5586;0,7862;0,0321;-0,0428;0,0101;0,9985;;False
548,45;2.77;pa025​;20250610_165733;1;TUG1;0,2643;1,5574;0,7889;0,0302;-0,0472;0,0098;0,9984;;False
548,47;2.78;pa025​;20250610_165733;1;TUG1;0,2638;1,5562;0,7915;0,0297;-0,0509;0,0091;0,9982;;False
548,48;2.79;pa025​;20250610_165733;1;TUG1;0,2633;1,5556;0,7942;0,0310;-0,0540;0,0083;0,9980;;False
548,49;2.81;pa025​;20250610_165733;1;TUG1;0,2628;1,5551;0,7971;0,0324;-0,0569;0,0079;0,9978;;False
548,51;2.82;pa025​;20250610_165733;1;TUG1;0,2626;1,5552;0,8000;0,0348;-0,0614;0,0092;0,9975;;False
548,52;2.83;pa025​;20250610_165733;1;TUG1;0,2625;1,5554;0,8024;0,0351;-0,0666;0,0103;0,9971;;False
548,54;2.85;pa025​;20250610_165733;1;TUG1;0,2625;1,5559;0,8046;0,0355;-0,0721;0,0121;0,9967;;False
548,55;2.86;pa025​;20250610_165733;1;TUG1;0,2626;1,5563;0,8066;0,0355;-0,0770;0,0124;0,9963;;False
548,56;2.88;pa025​;20250610_165733;1;TUG1;0,2628;1,5567;0,8083;0,0370;-0,0809;0,0120;0,9960;;False
548,58;2.89;pa025​;20250610_165733;1;TUG1;0,2631;1,5574;0,8095;0,0398;-0,0836;0,0107;0,9956;;False
548,59;2.91;pa025​;20250610_165733;1;TUG1;0,2634;1,5581;0,8105;0,0422;-0,0852;0,0084;0,9954;;False
548,60;2.92;pa025​;20250610_165733;1;TUG1;0,2639;1,5588;0,8114;0,0434;-0,0867;0,0064;0,9953;;False
548,62;2.93;pa025​;20250610_165733;1;TUG1;0,2644;1,5598;0,8121;0,0436;-0,0881;0,0053;0,9951;;False
548,63;2.95;pa025​;20250610_165733;1;TUG1;0,2649;1,5608;0,8126;0,0427;-0,0893;0,0051;0,9951;;False
548,65;2.96;pa025​;20250610_165733;1;TUG1;0,2654;1,5616;0,8130;0,0412;-0,0907;0,0049;0,9950;;False
548,66;2.97;pa025​;20250610_165733;1;TUG1;0,2659;1,5622;0,8132;0,0391;-0,0921;0,0045;0,9950;;False
548,67;2.99;pa025​;20250610_165733;1;TUG1;0,2664;1,5625;0,8131;0,0378;-0,0936;0,0040;0,9949;;False
548,69;3.0;pa025​;20250610_165733;1;TUG1;0,2668;1,5627;0,8130;0,0380;-0,0943;0,0031;0,9948;;False
548,70;3.02;pa025​;20250610_165733;1;TUG1;0,2671;1,5630;0,8129;0,0404;-0,0946;0,0026;0,9947;;False
548,72;3.03;pa025​;20250610_165733;1;TUG1;0,2673;1,5636;0,8129;0,0431;-0,0949;0,0030;0,9945;;False
548,73;3.04;pa025​;20250610_165733;1;TUG1;0,2674;1,5639;0,8129;0,0444;-0,0961;0,0040;0,9944;;False
548,74;3.06;pa025​;20250610_165733;1;TUG1;0,2675;1,5640;0,8129;0,0448;-0,0976;0,0062;0,9942;;False
548,76;3.07;pa025​;20250610_165733;1;TUG1;0,2675;1,5640;0,8129;0,0452;-0,0989;0,0082;0,9940;;False
548,77;3.09;pa025​;20250610_165733;1;TUG1;0,2676;1,5641;0,8129;0,0462;-0,0995;0,0095;0,9939;;False
548,79;3.1;pa025​;20250610_165733;1;TUG1;0,2676;1,5636;0,8128;0,0481;-0,0997;0,0106;0,9938;;False
548,80;3.11;pa025​;20250610_165733;1;TUG1;0,2676;1,5629;0,8126;0,0506;-0,0990;0,0108;0,9937;;False
548,81;3.13;pa025​;20250610_165733;1;TUG1;0,2675;1,5614;0,8120;0,0542;-0,0976;0,0107;0,9937;;False
548,83;3.14;pa025​;20250610_165733;1;TUG1;0,2674;1,5606;0,8113;0,0586;-0,0957;0,0108;0,9936;;False
548,84;3.15;pa025​;20250610_165733;1;TUG1;0,2672;1,5599;0,8106;0,0634;-0,0939;0,0116;0,9935;;False
548,85;3.17;pa025​;20250610_165733;1;TUG1;0,2673;1,5588;0,8099;0,0681;-0,0932;0,0124;0,9932;;False
548,87;3.18;pa025​;20250610_165733;1;TUG1;0,2671;1,5579;0,8092;0,0721;-0,0922;0,0139;0,9930;;False
548,88;3.2;pa025​;20250610_165733;1;TUG1;0,2668;1,5568;0,8086;0,0744;-0,0918;0,0160;0,9929;;False
548,90;3.21;pa025​;20250610_165733;1;TUG1;0,2665;1,5558;0,8079;0,0780;-0,0916;0,0174;0,9926;;False
548,91;3.23;pa025​;20250610_165733;1;TUG1;0,2660;1,5546;0,8071;0,0811;-0,0911;0,0186;0,9924;;False
548,92;3.24;pa025​;20250610_165733;1;TUG1;0,2656;1,5533;0,8064;0,0842;-0,0912;0,0200;0,9921;;False
548,94;3.25;pa025​;20250610_165733;1;TUG1;0,2651;1,5521;0,8055;0,0878;-0,0909;0,0211;0,9918;;False
548,95;3.27;pa025​;20250610_165733;1;TUG1;0,2647;1,5508;0,8046;0,0907;-0,0914;0,0223;0,9914;;False
548,97;3.28;pa025​;20250610_165733;1;TUG1;0,2645;1,5495;0,8035;0,0935;-0,0918;0,0237;0,9911;;False
548,98;3.29;pa025​;20250610_165733;1;TUG1;0,2643;1,5483;0,8021;0,0968;-0,0921;0,0251;0,9907;;False
548,99;3.31;pa025​;20250610_165733;1;TUG1;0,2643;1,5470;0,8006;0,1001;-0,0929;0,0261;0,9903;;False
549,01;3.32;pa025​;20250610_165733;1;TUG1;0,2646;1,5459;0,7988;0,1037;-0,0943;0,0278;0,9897;;False
549,02;3.34;pa025​;20250610_165733;1;TUG1;0,2650;1,5449;0,7970;0,1070;-0,0957;0,0304;0,9892;;False
549,04;3.35;pa025​;20250610_165733;1;TUG1;0,2656;1,5441;0,7949;0,1104;-0,0983;0,0331;0,9885;;False
549,05;3.36;pa025​;20250610_165733;1;TUG1;0,2663;1,5434;0,7926;0,1139;-0,1012;0,0357;0,9877;;False
549,06;3.38;pa025​;20250610_165733;1;TUG1;0,2672;1,5426;0,7899;0,1164;-0,1043;0,0379;0,9870;;False
549,08;3.39;pa025​;20250610_165733;1;TUG1;0,2684;1,5418;0,7872;0,1192;-0,1075;0,0392;0,9862;;False
549,09;3.4;pa025​;20250610_165733;1;TUG1;0,2696;1,5412;0,7843;0,1212;-0,1108;0,0403;0,9856;;False
549,11;3.42;pa025​;20250610_165733;1;TUG1;0,2711;1,5405;0,7811;0,1229;-0,1143;0,0409;0,9850;;False
549,12;3.43;pa025​;20250610_165733;1;TUG1;0,2728;1,5399;0,7774;0,1240;-0,1178;0,0414;0,9844;;False
549,13;3.45;pa025​;20250610_165733;1;TUG1;0,2747;1,5395;0,7736;0,1249;-0,1212;0,0417;0,9839;;False
549,15;3.46;pa025​;20250610_165733;1;TUG1;0,2768;1,5393;0,7696;0,1251;-0,1249;0,0420;0,9833;;False
549,16;3.47;pa025​;20250610_165733;1;TUG1;0,2792;1,5391;0,7654;0,1251;-0,1284;0,0430;0,9829;;False
549,17;3.49;pa025​;20250610_165733;1;TUG1;0,2820;1,5388;0,7611;0,1237;-0,1324;0,0438;0,9825;;False
549,19;3.5;pa025​;20250610_165733;1;TUG1;0,2848;1,5387;0,7565;0,1228;-0,1362;0,0449;0,9820;;False
549,20;3.51;pa025​;20250610_165733;1;TUG1;0,2878;1,5386;0,7519;0,1220;-0,1403;0,0456;0,9815;;False
549,22;3.53;pa025​;20250610_165733;1;TUG1;0,2910;1,5384;0,7470;0,1197;-0,1439;0,0463;0,9812;;False
549,23;3.54;pa025​;20250610_165733;1;TUG1;0,2946;1,5383;0,7421;0,1177;-0,1479;0,0471;0,9808;;False
549,24;3.56;pa025​;20250610_165733;1;TUG1;0,2984;1,5382;0,7371;0,1155;-0,1521;0,0481;0,9804;;False
549,26;3.57;pa025​;20250610_165733;1;TUG1;0,3025;1,5380;0,7321;0,1134;-0,1569;0,0492;0,9799;;False
549,27;3.59;pa025​;20250610_165733;1;TUG1;0,3069;1,5377;0,7269;0,1114;-0,1616;0,0506;0,9792;;False
549,29;3.6;pa025​;20250610_165733;1;TUG1;0,3116;1,5372;0,7214;0,1091;-0,1660;0,0514;0,9787;;False
549,30;3.61;pa025​;20250610_165733;1;TUG1;0,3169;1,5366;0,7161;0,1073;-0,1704;0,0518;0,9781;;False
549,31;3.63;pa025​;20250610_165733;1;TUG1;0,3223;1,5359;0,7105;0,1061;-0,1742;0,0521;0,9776;;False
549,33;3.64;pa025​;20250610_165733;1;TUG1;0,3282;1,5349;0,7050;0,1044;-0,1783;0,0523;0,9770;;False
549,34;3.65;pa025​;20250610_165733;1;TUG1;0,3342;1,5337;0,6996;0,1027;-0,1820;0,0521;0,9765;;False
549,36;3.67;pa025​;20250610_165733;1;TUG1;0,3406;1,5323;0,6941;0,1008;-0,1858;0,0523;0,9760;;False
549,37;3.68;pa025​;20250610_165733;1;TUG1;0,3472;1,5308;0,6884;0,0993;-0,1897;0,0530;0,9754;;False
549,38;3.7;pa025​;20250610_165733;1;TUG1;0,3542;1,5290;0,6828;0,0982;-0,1936;0,0532;0,9747;;False
549,40;3.71;pa025​;20250610_165733;1;TUG1;0,3613;1,5269;0,6773;0,0971;-0,1969;0,0533;0,9742;;False
549,41;3.72;pa025​;20250610_165733;1;TUG1;0,3686;1,5246;0,6718;0,0963;-0,2002;0,0533;0,9736;;False
549,43;3.74;pa025​;20250610_165733;1;TUG1;0,3761;1,5221;0,6663;0,0962;-0,2028;0,0525;0,9731;;False
549,44;3.75;pa025​;20250610_165733;1;TUG1;0,3836;1,5196;0,6607;0,0962;-0,2056;0,0523;0,9725;;False
549,45;3.77;pa025​;20250610_165733;1;TUG1;0,3912;1,5173;0,6551;0,0993;-0,2086;0,0532;0,9715;;False
549,47;3.78;pa025​;20250610_165733;1;TUG1;0,3986;1,5154;0,6498;0,1046;-0,2121;0,0552;0,9701;;False
549,48;3.79;pa025​;20250610_165733;1;TUG1;0,4059;1,5137;0,6448;0,1103;-0,2168;0,0590;0,9682;;False
549,49;3.81;pa025​;20250610_165733;1;TUG1;0,4131;1,5118;0,6400;0,1135;-0,2218;0,0620;0,9665;;False
549,51;3.82;pa025​;20250610_165733;1;TUG1;0,4201;1,5099;0,6352;0,1150;-0,2281;0,0650;0,9646;;False
549,52;3.83;pa025​;20250610_165733;1;TUG1;0,4268;1,5080;0,6302;0,1174;-0,2346;0,0669;0,9627;;False
549,54;3.85;pa025​;20250610_165733;1;TUG1;0,4332;1,5063;0,6251;0,1229;-0,2410;0,0674;0,9603;;False
