Timestamp;ElapsedTime;ID_Subject;ID_Session;sessionNumber;ID_Test;HeadPosition_X;HeadPosition_Y;HeadPosition_Z;HeadRotation_X;HeadRotation_Y;HeadRotation_Z;HeadRotation_W;Events;FalseStart
1437,81;0.0;pa010​;20250411_094227;1;FO1;-0,6893;1,4773;0,5202;0,0523;0,8982;-0,2390;0,3651;;True
1437,83;0.0;pa010​;20250411_094227;1;FO1;-0,6869;1,4788;0,5030;0,0508;0,8963;-0,2388;0,3702;;True
1437,84;0.0;pa010​;20250411_094227;1;FO1;-0,6836;1,4779;0,4864;0,0494;0,8933;-0,2455;0,3731;;True
1437,86;0.0;pa010​;20250411_094227;1;FO1;-0,6798;1,4789;0,4701;0,0501;0,8904;-0,2524;0,3755;;True
1437,87;0.0;pa010​;20250411_094227;1;FO1;-0,6757;1,4792;0,4546;0,0509;0,8888;-0,2536;0,3783;;True
1437,89;0.0;pa010​;20250411_094227;1;FO1;-0,6706;1,4794;0,4391;0,0540;0,8867;-0,2578;0,3799;;True
1437,91;0.0;pa010​;20250411_094227;1;FO1;-0,6649;1,4803;0,4247;0,0606;0,8847;-0,2594;0,3827;;True
1437,92;0.0;pa010​;20250411_094227;1;FO1;-0,6529;1,4823;0,3959;0,0732;0,8784;-0,2632;0,3921;;True
1437,94;0.0;pa010​;20250411_094227;1;FO1;-0,6460;1,4840;0,3829;0,0816;0,8734;-0,2675;0,3986;;True
1437,95;0.0;pa010​;20250411_094227;1;FO1;-0,6395;1,4850;0,3702;0,0883;0,8682;-0,2726;0,4052;;True
1437,97;0.0;pa010​;20250411_094227;1;FO1;-0,6329;1,4860;0,3579;0,0942;0,8625;-0,2773;0,4126;;True
1437,99;0.0;pa010​;20250411_094227;1;FO1;-0,6262;1,4874;0,3459;0,0987;0,8574;-0,2795;0,4207;;True
1438,00;0.0;pa010​;20250411_094227;1;FO1;-0,6194;1,4889;0,3341;0,1010;0,8530;-0,2803;0,4286;;True
1438,02;0.0;pa010​;20250411_094227;1;FO1;-0,6056;1,4917;0,3114;0,1062;0,8439;-0,2826;0,4435;;True
1438,03;0.0;pa010​;20250411_094227;1;FO1;-0,5986;1,4922;0,3007;0,1088;0,8396;-0,2812;0,4518;;True
1438,05;0.0;pa010​;20250411_094227;1;FO1;-0,5917;1,4921;0,2900;0,1119;0,8355;-0,2806;0,4590;;True
1438,07;0.0;pa010​;20250411_094227;1;FO1;-0,5846;1,4912;0,2794;0,1145;0,8318;-0,2804;0,4651;;True
1438,08;0.0;pa010​;20250411_094227;1;FO1;-0,5772;1,4901;0,2691;0,1187;0,8283;-0,2814;0,4697;;True
1438,10;0.0;pa010​;20250411_094227;1;FO1;-0,5696;1,4886;0,2589;0,1236;0,8247;-0,2825;0,4742;;True
1438,12;0.0;pa010​;20250411_094227;1;FO1;-0,5542;1,4854;0,2382;0,1337;0,8165;-0,2854;0,4838;;True
1438,13;0.0;pa010​;20250411_094227;1;FO1;-0,5463;1,4826;0,2285;0,1380;0,8134;-0,2876;0,4864;;True
1438,15;0.0;pa010​;20250411_094227;1;FO1;-0,5381;1,4798;0,2187;0,1428;0,8100;-0,2900;0,4892;;True
1438,16;0.0;pa010​;20250411_094227;1;FO1;-0,5295;1,4772;0,2092;0,1473;0,8074;-0,2923;0,4910;;True
1438,18;0.0;pa010​;20250411_094227;1;FO1;-0,5205;1,4747;0,1999;0,1513;0,8050;-0,2929;0,4933;;True
1438,20;0.0;pa010​;20250411_094227;1;FO1;-0,5114;1,4721;0,1910;0,1555;0,8029;-0,2928;0,4954;;True
1438,21;0.0;pa010​;20250411_094227;1;FO1;-0,4929;1,4659;0,1736;0,1628;0,7982;-0,2943;0,4997;;True
1438,23;0.0;pa010​;20250411_094227;1;FO1;-0,4833;1,4629;0,1657;0,1674;0,7959;-0,2961;0,5009;;True
1438,24;0.0;pa010​;20250411_094227;1;FO1;-0,4734;1,4608;0,1580;0,1722;0,7935;-0,2988;0,5015;;True
1438,26;0.0;pa010​;20250411_094227;1;FO1;-0,4631;1,4589;0,1503;0,1749;0,7925;-0,2982;0,5024;;True
1438,28;0.0;pa010​;20250411_094227;1;FO1;-0,4524;1,4572;0,1429;0,1780;0,7918;-0,2951;0,5042;;True
1438,29;0.0;pa010​;20250411_094227;1;FO1;-0,4419;1,4556;0,1354;0,1824;0,7903;-0,2914;0,5071;;True
1438,31;0.0;pa010​;20250411_094227;1;FO1;-0,4218;1,4526;0,1210;0,1875;0,7883;-0,2856;0,5118;;True
1438,33;0.0;pa010​;20250411_094227;1;FO1;-0,4105;1,4532;0,1130;0,1907;0,7854;-0,2872;0,5142;;True
1438,34;0.0;pa010​;20250411_094227;1;FO1;-0,3998;1,4533;0,1062;0,1883;0,7848;-0,2834;0,5179;;True
1438,36;0.0;pa010​;20250411_094227;1;FO1;-0,3906;1,4507;0,1001;0,1912;0,7813;-0,2778;0,5252;;True
1438,38;0.0;pa010​;20250411_094227;1;FO1;-0,3825;1,4499;0,0944;0,1989;0,7751;-0,2758;0,5325;;True
1438,39;0.0;pa010​;20250411_094227;1;FO1;-0,3682;1,4480;0,0813;0,2034;0,7625;-0,2793;0,5470;;True
1438,41;0.0;pa010​;20250411_094227;1;FO1;-0,3616;1,4483;0,0750;0,2076;0,7547;-0,2904;0,5504;;True
1438,43;0.0;pa010​;20250411_094227;1;FO1;-0,3552;1,4495;0,0685;0,2094;0,7497;-0,2968;0,5532;;True
1438,44;0.0;pa010​;20250411_094227;1;FO1;-0,3482;1,4515;0,0621;0,2106;0,7444;-0,3002;0,5580;;True
1438,46;0.0;pa010​;20250411_094227;1;FO1;-0,3406;1,4539;0,0562;0,2108;0,7404;-0,2980;0,5645;;True
1438,47;0.0;pa010​;20250411_094227;1;FO1;-0,3326;1,4564;0,0507;0,2107;0,7374;-0,2911;0,5720;;True
1438,49;0.0;pa010​;20250411_094227;1;FO1;-0,3251;1,4585;0,0456;0,2116;0,7339;-0,2844;0,5795;;True
1438,50;0.0;pa010​;20250411_094227;1;FO1;-0,3109;1,4619;0,0353;0,2167;0,7251;-0,2760;0,5925;;True
1438,52;0.0;pa010​;20250411_094227;1;FO1;-0,3037;1,4622;0,0303;0,2208;0,7181;-0,2723;0,6012;;True
1438,54;0.0;pa010​;20250411_094227;1;FO1;-0,2966;1,4621;0,0262;0,2238;0,7106;-0,2717;0,6092;;True
1438,55;0.0;pa010​;20250411_094227;1;FO1;-0,2895;1,4616;0,0222;0,2269;0,7026;-0,2720;0,6171;;True
1438,57;0.0;pa010​;20250411_094227;1;FO1;-0,2827;1,4607;0,0184;0,2312;0,6937;-0,2731;0,6251;;True
1438,58;0.0;pa010​;20250411_094227;1;FO1;-0,2757;1,4597;0,0144;0,2368;0,6842;-0,2742;0,6329;;True
1438,60;0.0;pa010​;20250411_094227;1;FO1;-0,2610;1,4574;0,0063;0,2465;0,6675;-0,2724;0,6476;;True
1438,62;0.0;pa010​;20250411_094227;1;FO1;-0,2537;1,4557;0,0022;0,2526;0,6592;-0,2684;0,6554;;True
1438,63;0.0;pa010​;20250411_094227;1;FO1;-0,2470;1,4543;-0,0014;0,2594;0,6506;-0,2648;0,6628;;True
1438,65;0.0;pa010​;20250411_094227;1;FO1;-0,2402;1,4525;-0,0052;0,2646;0,6402;-0,2609;0,6723;;True
1438,67;0.0;pa010​;20250411_094227;1;FO1;-0,2331;1,4508;-0,0087;0,2695;0,6295;-0,2582;0,6815;;True
1438,68;0.0;pa010​;20250411_094227;1;FO1;-0,2192;1,4471;-0,0157;0,2783;0,6079;-0,2530;0,6993;;True
1438,70;0.0;pa010​;20250411_094227;1;FO1;-0,2126;1,4447;-0,0199;0,2820;0,5955;-0,2517;0,7089;;True
1438,72;0.0;pa010​;20250411_094227;1;FO1;-0,2061;1,4426;-0,0246;0,2866;0,5835;-0,2504;0,7174;;True
1438,74;0.0;pa010​;20250411_094227;1;FO1;-0,1995;1,4408;-0,0296;0,2920;0,5725;-0,2497;0,7243;;True
1438,76;0.0;pa010​;20250411_094227;1;FO1;-0,1859;1,4370;-0,0399;0,3014;0,5506;-0,2455;0,7387;;True
1438,77;0.0;pa010​;20250411_094227;1;FO1;-0,1791;1,4353;-0,0455;0,3052;0,5408;-0,2429;0,7452;;True
1438,79;0.0;pa010​;20250411_094227;1;FO1;-0,1725;1,4339;-0,0510;0,3100;0,5308;-0,2415;0,7508;;True
1438,81;0.0;pa010​;20250411_094227;1;FO1;-0,1658;1,4326;-0,0563;0,3139;0,5204;-0,2389;0,7574;;True
1438,82;0.0;pa010​;20250411_094227;1;FO1;-0,1525;1,4295;-0,0670;0,3198;0,4993;-0,2317;0,7712;;True
1438,84;0.0;pa010​;20250411_094227;1;FO1;-0,1462;1,4275;-0,0727;0,3224;0,4876;-0,2256;0,7793;;True
1438,86;0.0;pa010​;20250411_094227;1;FO1;-0,1394;1,4261;-0,0785;0,3297;0,4741;-0,2204;0,7861;;True
1438,87;0.0;pa010​;20250411_094227;1;FO1;-0,1330;1,4248;-0,0846;0,3338;0,4617;-0,2148;0,7933;;True
1438,89;0.0;pa010​;20250411_094227;1;FO1;-0,1270;1,4232;-0,0908;0,3371;0,4486;-0,2101;0,8006;;True
1438,91;0.0;pa010​;20250411_094227;1;FO1;-0,1138;1,4230;-0,1024;0,3500;0,4198;-0,2051;0,8119;;True
1438,92;0.0;pa010​;20250411_094227;1;FO1;-0,1078;1,4245;-0,1080;0,3518;0,4072;-0,2066;0,8171;;True
1438,94;0.0;pa010​;20250411_094227;1;FO1;-0,1018;1,4262;-0,1136;0,3537;0,3983;-0,2106;0,8197;;True
1438,96;0.0;pa010​;20250411_094227;1;FO1;-0,0956;1,4286;-0,1186;0,3565;0,3908;-0,2101;0,8222;;True
1438,97;0.0;pa010​;20250411_094227;1;FO1;-0,0898;1,4314;-0,1231;0,3588;0,3837;-0,2040;0,8261;;True
1438,99;0.0;pa010​;20250411_094227;1;FO1;-0,0794;1,4360;-0,1320;0,3652;0,3679;-0,1944;0,8328;;True
1439,01;0.0;pa010​;20250411_094227;1;FO1;-0,0749;1,4383;-0,1355;0,3685;0,3605;-0,1885;0,8359;;True
1439,02;0.0;pa010​;20250411_094227;1;FO1;-0,0705;1,4404;-0,1382;0,3696;0,3514;-0,1830;0,8405;;True
1439,04;0.0;pa010​;20250411_094227;1;FO1;-0,0665;1,4421;-0,1408;0,3699;0,3410;-0,1795;0,8454;;True
1439,06;0.0;pa010​;20250411_094227;1;FO1;-0,0629;1,4435;-0,1434;0,3715;0,3297;-0,1773;0,8496;;True
1439,07;0.0;pa010​;20250411_094227;1;FO1;-0,0559;1,4459;-0,1484;0,3762;0,3077;-0,1727;0,8567;;True
1439,09;0.0;pa010​;20250411_094227;1;FO1;-0,0529;1,4465;-0,1505;0,3790;0,2968;-0,1712;0,8596;;True
1439,11;0.0;pa010​;20250411_094227;1;FO1;-0,0495;1,4473;-0,1522;0,3816;0,2868;-0,1682;0,8624;;True
1439,12;0.0;pa010​;20250411_094227;1;FO1;-0,0461;1,4477;-0,1539;0,3830;0,2777;-0,1648;0,8655;;True
1439,14;0.0;pa010​;20250411_094227;1;FO1;-0,0429;1,4478;-0,1553;0,3852;0,2675;-0,1619;0,8683;;True
1439,15;0.0;pa010​;20250411_094227;1;FO1;-0,0399;1,4477;-0,1565;0,3871;0,2564;-0,1601;0,8711;;True
1439,17;0.0;pa010​;20250411_094227;1;FO1;-0,0342;1,4472;-0,1587;0,3914;0,2356;-0,1553;0,8759;;True
1439,19;0.0;pa010​;20250411_094227;1;FO1;-0,0314;1,4465;-0,1598;0,3935;0,2269;-0,1532;0,8776;;True
1439,20;0.0;pa010​;20250411_094227;1;FO1;-0,0284;1,4457;-0,1610;0,3959;0,2203;-0,1524;0,8783;;True
1439,22;0.0;pa010​;20250411_094227;1;FO1;-0,0252;1,4448;-0,1623;0,3983;0,2163;-0,1515;0,8784;;True
1439,24;0.0;pa010​;20250411_094227;1;FO1;-0,0223;1,4442;-0,1634;0,4008;0,2129;-0,1492;0,8785;;True
1439,25;0.0;pa010​;20250411_094227;1;FO1;-0,0197;1,4436;-0,1643;0,4028;0,2100;-0,1469;0,8787;;True
1439,27;0.0;pa010​;20250411_094227;1;FO1;-0,0150;1,4422;-0,1657;0,4072;0,2020;-0,1434;0,8791;;True
1439,29;0.0;pa010​;20250411_094227;1;FO1;-0,0129;1,4417;-0,1654;0,4092;0,1985;-0,1422;0,8792;;True
1439,30;0.0;pa010​;20250411_094227;1;FO1;-0,0107;1,4413;-0,1650;0,4097;0,1948;-0,1399;0,8801;;True
1439,32;0.0;pa010​;20250411_094227;1;FO1;-0,0085;1,4408;-0,1643;0,4090;0,1911;-0,1379;0,8816;;True
1439,33;0.0;pa010​;20250411_094227;1;FO1;-0,0060;1,4397;-0,1635;0,4087;0,1873;-0,1364;0,8828;;True
1439,35;0.0;pa010​;20250411_094227;1;FO1;-0,0020;1,4372;-0,1619;0,4091;0,1803;-0,1333;0,8845;;True
1439,37;0.0;pa010​;20250411_094227;1;FO1;-0,0008;1,4358;-0,1609;0,4127;0,1762;-0,1318;0,8839;;True
1439,39;0.0;pa010​;20250411_094227;1;FO1;0,0003;1,4348;-0,1596;0,4177;0,1714;-0,1295;0,8829;;True
1439,41;0.0;pa010​;20250411_094227;1;FO1;0,0035;1,4325;-0,1568;0,4226;0,1633;-0,1259;0,8825;;True
1439,43;0.0;pa010​;20250411_094227;1;FO1;0,0054;1,4316;-0,1551;0,4240;0,1619;-0,1242;0,8824;;True
1439,44;0.0;pa010​;20250411_094227;1;FO1;0,0071;1,4310;-0,1534;0,4256;0,1602;-0,1221;0,8822;;True
1439,46;0.0;pa010​;20250411_094227;1;FO1;0,0105;1,4298;-0,1497;0,4287;0,1556;-0,1182;0,8820;;True
1439,49;0.0;pa010​;20250411_094227;1;FO1;0,0121;1,4292;-0,1481;0,4289;0,1536;-0,1165;0,8825;;True
1439,50;0.0;pa010​;20250411_094227;1;FO1;0,0154;1,4286;-0,1442;0,4315;0,1489;-0,1136;0,8824;;True
1439,52;0.0;pa010​;20250411_094227;1;FO1;0,0174;1,4283;-0,1418;0,4312;0,1472;-0,1126;0,8830;;True
1439,54;0.0;pa010​;20250411_094227;1;FO1;0,0191;1,4280;-0,1396;0,4309;0,1450;-0,1109;0,8838;;True
1439,55;0.0;pa010​;20250411_094227;1;FO1;0,0208;1,4277;-0,1373;0,4314;0,1427;-0,1099;0,8840;;True
1439,57;0.0;pa010​;20250411_094227;1;FO1;0,0224;1,4277;-0,1348;0,4325;0,1403;-0,1095;0,8839;;True
1439,59;0.0;pa010​;20250411_094227;1;FO1;0,0258;1,4275;-0,1296;0,4335;0,1364;-0,1084;0,8842;;True
1439,61;0.0;pa010​;20250411_094227;1;FO1;0,0278;1,4275;-0,1262;0,4335;0,1345;-0,1068;0,8846;;True
1439,62;0.0;pa010​;20250411_094227;1;FO1;0,0296;1,4275;-0,1225;0,4326;0,1340;-0,1060;0,8852;;True
1439,64;0.0;pa010​;20250411_094227;1;FO1;0,0315;1,4274;-0,1191;0,4314;0,1342;-0,1054;0,8859;;True
1439,65;0.0;pa010​;20250411_094227;1;FO1;0,0332;1,4273;-0,1154;0,4308;0,1343;-0,1043;0,8863;;True
1439,67;0.0;pa010​;20250411_094227;1;FO1;0,0366;1,4276;-0,1074;0,4298;0,1336;-0,1019;0,8871;;True
1439,69;0.0;pa010​;20250411_094227;1;FO1;0,0381;1,4280;-0,1028;0,4284;0,1335;-0,1011;0,8879;;True
1439,70;0.0;pa010​;20250411_094227;1;FO1;0,0397;1,4290;-0,0974;0,4278;0,1337;-0,1007;0,8882;;True
1439,72;0.0;pa010​;20250411_094227;1;FO1;0,0410;1,4301;-0,0921;0,4261;0,1334;-0,0995;0,8893;;True
1439,73;0.0;pa010​;20250411_094227;1;FO1;0,0420;1,4313;-0,0866;0,4263;0,1326;-0,0977;0,8895;;True
1439,75;0.0;pa010​;20250411_094227;1;FO1;0,0430;1,4323;-0,0810;0,4269;0,1318;-0,0962;0,8895;;True
1439,77;0.0;pa010​;20250411_094227;1;FO1;0,0448;1,4340;-0,0703;0,4273;0,1300;-0,0926;0,8899;;True
1439,79;0.0;pa010​;20250411_094227;1;FO1;0,0461;1,4345;-0,0651;0,4283;0,1292;-0,0919;0,8896;;True
1439,80;0.0;pa010​;20250411_094227;1;FO1;0,0475;1,4352;-0,0599;0,4290;0,1297;-0,0930;0,8891;;True
1439,82;0.0;pa010​;20250411_094227;1;FO1;0,0489;1,4360;-0,0548;0,4293;0,1306;-0,0949;0,8886;;True
1439,83;0.0;pa010​;20250411_094227;1;FO1;0,0503;1,4369;-0,0499;0,4291;0,1311;-0,0960;0,8885;;True
1439,85;0.0;pa010​;20250411_094227;1;FO1;0,0530;1,4392;-0,0396;0,4278;0,1314;-0,0977;0,8889;;True
1439,87;0.0;pa010​;20250411_094227;1;FO1;0,0546;1,4403;-0,0341;0,4251;0,1324;-0,0990;0,8899;;True
1439,88;0.0;pa010​;20250411_094227;1;FO1;0,0562;1,4412;-0,0287;0,4226;0,1347;-0,0993;0,8908;;True
1439,90;0.0;pa010​;20250411_094227;1;FO1;0,0578;1,4419;-0,0239;0,4212;0,1366;-0,0975;0,8913;;True
1439,92;0.0;pa010​;20250411_094227;1;FO1;0,0595;1,4418;-0,0194;0,4193;0,1382;-0,0960;0,8921;;True
1439,94;0.0;pa010​;20250411_094227;1;FO1;0,0635;1,4413;-0,0105;0,4171;0,1410;-0,0941;0,8929;;True
1439,95;0.0;pa010​;20250411_094227;1;FO1;0,0660;1,4403;-0,0066;0,4189;0,1412;-0,0940;0,8921;;True
1439,97;0.0;pa010​;20250411_094227;1;FO1;0,0686;1,4394;-0,0026;0,4234;0,1394;-0,0946;0,8902;;True
1439,98;0.0;pa010​;20250411_094227;1;FO1;0,0713;1,4389;0,0020;0,4284;0,1361;-0,0962;0,8881;;True
1440,00;0.0;pa010​;20250411_094227;1;FO1;0,0745;1,4386;0,0069;0,4305;0,1342;-0,0997;0,8870;;True
1440,02;0.0;pa010​;20250411_094227;1;FO1;0,0812;1,4379;0,0162;0,4338;0,1333;-0,1046;0,8850;;True
1440,03;0.0;pa010​;20250411_094227;1;FO1;0,0848;1,4376;0,0201;0,4348;0,1324;-0,1056;0,8844;;True
1440,05;0.0;pa010​;20250411_094227;1;FO1;0,0881;1,4377;0,0238;0,4375;0,1291;-0,1053;0,8836;;True
1440,07;0.0;pa010​;20250411_094227;1;FO1;0,0912;1,4378;0,0273;0,4390;0,1252;-0,1056;0,8834;;True
1440,08;0.0;pa010​;20250411_094227;1;FO1;0,0946;1,4380;0,0312;0,4397;0,1200;-0,1059;0,8838;;True
1440,10;0.0;pa010​;20250411_094227;1;FO1;0,0983;1,4383;0,0349;0,4381;0,1154;-0,1068;0,8851;;True
1440,11;0.0;pa010​;20250411_094227;1;FO1;0,1059;1,4390;0,0424;0,4354;0,1083;-0,1083;0,8871;;True
1440,13;0.0;pa010​;20250411_094227;1;FO1;0,1098;1,4394;0,0459;0,4291;0,1067;-0,1089;0,8903;;True
1440,15;0.0;pa010​;20250411_094227;1;FO1;0,1136;1,4403;0,0491;0,4217;0,1055;-0,1086;0,8940;;True
1440,16;0.0;pa010​;20250411_094227;1;FO1;0,1169;1,4418;0,0518;0,4139;0,1032;-0,1069;0,8981;;True
1440,18;0.0;pa010​;20250411_094227;1;FO1;0,1199;1,4437;0,0543;0,4063;0,0983;-0,1054;0,9023;;True
1440,20;0.0;pa010​;20250411_094227;1;FO1;0,1223;1,4460;0,0565;0,3967;0,0913;-0,1041;0,9075;;True
1440,21;0.0;pa010​;20250411_094227;1;FO1;0,1274;1,4518;0,0608;0,3785;0,0756;-0,1024;0,9168;;True
1440,23;0.0;pa010​;20250411_094227;1;FO1;0,1304;1,4568;0,0630;0,3639;0,0629;-0,0998;0,9240;;True
1440,25;0.0;pa010​;20250411_094227;1;FO1;0,1342;1,4630;0,0660;0,3476;0,0531;-0,0983;0,9310;;True
1440,26;0.0;pa010​;20250411_094227;1;FO1;0,1378;1,4686;0,0677;0,3185;0,0491;-0,0996;0,9414;;True
1440,28;0.0;pa010​;20250411_094227;1;FO1;0,1408;1,4751;0,0688;0,2946;0,0481;-0,1045;0,9487;;True
1440,30;0.0;pa010​;20250411_094227;1;FO1;0,1460;1,4889;0,0692;0,2496;0,0433;-0,1116;0,9609;;True
1440,31;0.0;pa010​;20250411_094227;1;FO1;0,1479;1,4963;0,0682;0,2269;0,0421;-0,1144;0,9663;;True
1440,33;0.0;pa010​;20250411_094227;1;FO1;0,1495;1,5039;0,0669;0,2042;0,0409;-0,1117;0,9717;;True
1440,35;0.0;pa010​;20250411_094227;1;FO1;0,1512;1,5115;0,0655;0,1798;0,0393;-0,1062;0,9772;;True
1440,37;0.0;pa010​;20250411_094227;1;FO1;0,1536;1,5260;0,0614;0,1353;0,0358;-0,1008;0,9850;;True
1440,38;0.0;pa010​;20250411_094227;1;FO1;0,1543;1,5325;0,0585;0,1150;0,0332;-0,0999;0,9878;;True
1440,40;0.0;pa010​;20250411_094227;1;FO1;0,1550;1,5380;0,0559;0,0976;0,0296;-0,1005;0,9897;;True
1440,41;0.0;pa010​;20250411_094227;1;FO1;0,1554;1,5425;0,0533;0,0826;0,0253;-0,1013;0,9911;;True
1440,43;0.0;pa010​;20250411_094227;1;FO1;0,1558;1,5464;0,0507;0,0731;0,0210;-0,1009;0,9920;;True
1440,45;0.0;pa010​;20250411_094227;1;FO1;0,1562;1,5494;0,0484;0,0658;0,0172;-0,0992;0,9927;;True
1440,46;0.0;pa010​;20250411_094227;1;FO1;0,1568;1,5553;0,0441;0,0486;0,0112;-0,0942;0,9943;;True
1440,48;0.0;pa010​;20250411_094227;1;FO1;0,1577;1,5586;0,0423;0,0439;0,0092;-0,0913;0,9948;;True
1440,49;0.0;pa010​;20250411_094227;1;FO1;0,1581;1,5612;0,0410;0,0364;0,0086;-0,0901;0,9952;;True
1440,51;0.0;pa010​;20250411_094227;1;FO1;0,1588;1,5630;0,0400;0,0252;0,0069;-0,0909;0,9955;;True
1440,53;0.0;pa010​;20250411_094227;1;FO1;0,1593;1,5647;0,0386;0,0213;0,0052;-0,0908;0,9956;;True
1440,54;0.0;pa010​;20250411_094227;1;FO1;0,1595;1,5654;0,0379;0,0168;0,0032;-0,0910;0,9957;;True
1440,56;0.0;pa010​;20250411_094227;1;FO1;0,1596;1,5663;0,0372;0,0133;0,0010;-0,0912;0,9957;;True
1440,57;0.0;pa010​;20250411_094227;1;FO1;0,1599;1,5685;0,0358;0,0038;-0,0016;-0,0917;0,9958;;True
1440,59;0.0;pa010​;20250411_094227;1;FO1;0,1599;1,5693;0,0354;0,0006;-0,0014;-0,0914;0,9958;;True
1440,61;0.0;pa010​;20250411_094227;1;FO1;0,1592;1,5698;0,0352;0,0002;-0,0023;-0,0903;0,9959;;True
1440,62;0.0;pa010​;20250411_094227;1;FO1;0,1581;1,5702;0,0352;0,0005;-0,0040;-0,0903;0,9959;;True
1440,64;0.0;pa010​;20250411_094227;1;FO1;0,1567;1,5705;0,0350;-0,0002;-0,0073;-0,0904;0,9959;;True
1440,65;0.0;pa010​;20250411_094227;1;FO1;0,1546;1,5710;0,0349;-0,0009;-0,0135;-0,0908;0,9958;;True
1440,67;0.0;pa010​;20250411_094227;1;FO1;0,1520;1,5714;0,0349;-0,0014;-0,0219;-0,0923;0,9955;;True
1440,69;0.0;pa010​;20250411_094227;1;FO1;0,1470;1,5718;0,0349;-0,0008;-0,0392;-0,0920;0,9950;;True
1440,70;0.0;pa010​;20250411_094227;1;FO1;0,1441;1,5717;0,0352;0,0020;-0,0473;-0,0901;0,9948;;True
1440,72;0.0;pa010​;20250411_094227;1;FO1;0,1414;1,5711;0,0356;0,0042;-0,0535;-0,0885;0,9946;;True
1440,73;0.0;pa010​;20250411_094227;1;FO1;0,1387;1,5705;0,0359;0,0086;-0,0583;-0,0864;0,9945;;True
1440,75;0.0;pa010​;20250411_094227;1;FO1;0,1359;1,5695;0,0362;0,0149;-0,0622;-0,0841;0,9944;;True
1440,77;0.0;pa010​;20250411_094227;1;FO1;0,1330;1,5682;0,0367;0,0224;-0,0652;-0,0835;0,9941;;True
1440,79;0.0;pa010​;20250411_094227;1;FO1;0,1273;1,5659;0,0382;0,0345;-0,0712;-0,0812;0,9936;;True
1440,80;0.0;pa010​;20250411_094227;1;FO1;0,1241;1,5651;0,0390;0,0407;-0,0702;-0,0791;0,9936;;True
1440,82;0.0;pa010​;20250411_094227;1;FO1;0,1214;1,5645;0,0400;0,0454;-0,0697;-0,0767;0,9936;;True
1440,83;0.0;pa010​;20250411_094227;1;FO1;0,1182;1,5637;0,0408;0,0493;-0,0682;-0,0735;0,9937;;True
1440,85;0.0;pa010​;20250411_094227;1;FO1;0,1147;1,5625;0,0417;0,0548;-0,0678;-0,0711;0,9936;;True
1440,87;0.0;pa010​;20250411_094227;1;FO1;0,1075;1,5604;0,0435;0,0649;-0,0695;-0,0677;0,9932;;True
1440,88;0.0;pa010​;20250411_094227;1;FO1;0,1034;1,5598;0,0446;0,0678;-0,0709;-0,0685;0,9928;;True
1440,90;0.0;pa010​;20250411_094227;1;FO1;0,0991;1,5598;0,0460;0,0696;-0,0718;-0,0683;0,9926;;True
1440,91;0.0;pa010​;20250411_094227;1;FO1;0,0951;1,5602;0,0468;0,0679;-0,0733;-0,0671;0,9927;;True
1440,93;0.0;pa010​;20250411_094227;1;FO1;0,0908;1,5598;0,0471;0,0686;-0,0741;-0,0642;0,9928;;True
1440,95;0.0;pa010​;20250411_094227;1;FO1;0,0823;1,5597;0,0478;0,0736;-0,0756;-0,0588;0,9927;;True
1440,96;0.0;pa010​;20250411_094227;1;FO1;0,0783;1,5599;0,0477;0,0752;-0,0743;-0,0549;0,9929;;True
1440,98;0.0;pa010​;20250411_094227;1;FO1;0,0747;1,5598;0,0474;0,0766;-0,0726;-0,0523;0,9930;;True
1441,00;0.0;pa010​;20250411_094227;1;FO1;0,0715;1,5603;0,0471;0,0768;-0,0706;-0,0517;0,9932;;True
1441,01;0.0;pa010​;20250411_094227;1;FO1;0,0684;1,5610;0,0468;0,0754;-0,0682;-0,0517;0,9935;;True
1441,03;0.0;pa010​;20250411_094227;1;FO1;0,0649;1,5616;0,0458;0,0733;-0,0668;-0,0513;0,9938;;True
1441,05;0.0;pa010​;20250411_094227;1;FO1;0,0576;1,5627;0,0440;0,0704;-0,0658;-0,0498;0,9941;;True
1441,06;0.0;pa010​;20250411_094227;1;FO1;0,0536;1,5643;0,0430;0,0653;-0,0679;-0,0490;0,9943;;True
1441,08;0.0;pa010​;20250411_094227;1;FO1;0,0501;1,5654;0,0416;0,0593;-0,0692;-0,0488;0,9946;;True
1441,09;0.0;pa010​;20250411_094227;1;FO1;0,0464;1,5664;0,0403;0,0551;-0,0701;-0,0480;0,9949;;True
1441,11;0.0;pa010​;20250411_094227;1;FO1;0,0429;1,5674;0,0390;0,0503;-0,0723;-0,0474;0,9950;;True
1441,12;0.0;pa010​;20250411_094227;1;FO1;0,0397;1,5683;0,0378;0,0462;-0,0742;-0,0471;0,9951;;True
1441,14;0.0;pa010​;20250411_094227;1;FO1;0,0366;1,5691;0,0367;0,0425;-0,0771;-0,0468;0,9950;;True
1441,16;0.0;pa010​;20250411_094227;1;FO1;0,0302;1,5707;0,0343;0,0358;-0,0821;-0,0484;0,9948;;True
1441,17;0.0;pa010​;20250411_094227;1;FO1;0,0276;1,5710;0,0334;0,0336;-0,0852;-0,0512;0,9945;;True
1441,19;0.0;pa010​;20250411_094227;1;FO1;0,0251;1,5714;0,0327;0,0320;-0,0854;-0,0526;0,9944;;True
1441,20;0.0;pa010​;20250411_094227;1;FO1;0,0229;1,5717;0,0323;0,0288;-0,0850;-0,0523;0,9946;;True
1441,22;0.0;pa010​;20250411_094227;1;FO1;0,0205;1,5722;0,0319;0,0259;-0,0832;-0,0515;0,9949;;True
1441,23;0.0;pa010​;20250411_094227;1;FO1;0,0182;1,5725;0,0313;0,0241;-0,0820;-0,0508;0,9950;;True
1441,25;0.0;pa010​;20250411_094227;1;FO1;0,0157;1,5728;0,0307;0,0221;-0,0809;-0,0503;0,9952;;True
1441,27;0.0;pa010​;20250411_094227;1;FO1;0,0115;1,5739;0,0301;0,0181;-0,0798;-0,0513;0,9953;;True
1441,29;0.0;pa010​;20250411_094227;1;FO1;0,0097;1,5745;0,0298;0,0167;-0,0790;-0,0520;0,9954;;True
1441,30;0.0;pa010​;20250411_094227;1;FO1;0,0079;1,5748;0,0296;0,0156;-0,0777;-0,0526;0,9955;;True
1441,32;0.0;pa010​;20250411_094227;1;FO1;0,0061;1,5752;0,0294;0,0138;-0,0755;-0,0524;0,9957;;True
1441,33;0.0;pa010​;20250411_094227;1;FO1;0,0046;1,5755;0,0292;0,0120;-0,0729;-0,0516;0,9959;;True
1441,35;0.0;pa010​;20250411_094227;1;FO1;0,0034;1,5759;0,0290;0,0113;-0,0691;-0,0518;0,9962;;True
1441,36;0.0;pa010​;20250411_094227;1;FO1;0,0024;1,5761;0,0289;0,0101;-0,0650;-0,0522;0,9965;;True
1441,38;0.0;pa010​;20250411_094227;1;FO1;0,0007;1,5766;0,0287;0,0084;-0,0572;-0,0533;0,9969;;True
1441,39;0.0;pa010​;20250411_094227;1;FO1;0,0006;1,5769;0,0287;0,0066;-0,0504;-0,0540;0,9972;;True
1441,41;0.0;pa010​;20250411_094227;1;FO1;0,0007;1,5770;0,0286;0,0045;-0,0434;-0,0541;0,9976;;True
1441,43;0.0;pa010​;20250411_094227;1;FO1;0,0009;1,5769;0,0284;0,0039;-0,0365;-0,0540;0,9979;;True
1441,44;0.0;pa010​;20250411_094227;1;FO1;0,0014;1,5766;0,0281;0,0034;-0,0282;-0,0539;0,9981;;True
1441,46;0.0;pa010​;20250411_094227;1;FO1;0,0011;1,5767;0,0279;0,0039;-0,0193;-0,0525;0,9984;;True
1441,48;0.0;pa010​;20250411_094227;1;FO1;0,0037;1,5759;0,0269;0,0045;-0,0031;-0,0515;0,9987;;True
1441,49;0.0;pa010​;20250411_094227;1;FO1;0,0049;1,5755;0,0262;0,0063;0,0051;-0,0508;0,9987;;True
1441,51;0.0;pa010​;20250411_094227;1;FO1;0,0061;1,5757;0,0254;0,0082;0,0127;-0,0499;0,9986;;True
1441,53;0.0;pa010​;20250411_094227;1;FO1;0,0074;1,5757;0,0241;0,0101;0,0201;-0,0482;0,9986;;True
1441,54;0.0;pa010​;20250411_094227;1;FO1;0,0086;1,5753;0,0228;0,0111;0,0272;-0,0470;0,9985;;True
1441,56;0.0;pa010​;20250411_094227;1;FO1;0,0114;1,5751;0,0202;0,0130;0,0401;-0,0443;0,9981;;True
1441,58;0.0;pa010​;20250411_094227;1;FO1;0,0129;1,5756;0,0188;0,0104;0,0459;-0,0422;0,9980;;True
1441,59;0.0;pa010​;20250411_094227;1;FO1;0,0147;1,5755;0,0179;0,0083;0,0513;-0,0417;0,9978;;True
1441,61;0.0;pa010​;20250411_094227;1;FO1;0,0164;1,5757;0,0166;0,0053;0,0564;-0,0416;0,9975;;True
1441,62;0.0;pa010​;20250411_094227;1;FO1;0,0183;1,5761;0,0158;0,0028;0,0604;-0,0420;0,9973;;True
1441,64;0.0;pa010​;20250411_094227;1;FO1;0,0198;1,5766;0,0149;0,0012;0,0638;-0,0426;0,9970;;True
1441,66;0.0;pa010​;20250411_094227;1;FO1;0,0223;1,5773;0,0135;-0,0007;0,0691;-0,0427;0,9967;;True
1441,67;0.0;pa010​;20250411_094227;1;FO1;0,0229;1,5772;0,0131;-0,0009;0,0687;-0,0436;0,9967;;True
1441,69;0.0;pa010​;20250411_094227;1;FO1;0,0237;1,5771;0,0129;0,0002;0,0684;-0,0451;0,9966;;True
1441,71;0.0;pa010​;20250411_094227;1;FO1;0,0246;1,5768;0,0125;0,0013;0,0694;-0,0455;0,9966;;True
1441,72;0.0;pa010​;20250411_094227;1;FO1;0,0255;1,5765;0,0122;0,0025;0,0710;-0,0453;0,9964;;True
1441,74;0.0;pa010​;20250411_094227;1;FO1;0,0269;1,5760;0,0119;0,0033;0,0735;-0,0440;0,9963;;True
1441,76;0.0;pa010​;20250411_094227;1;FO1;0,0270;1,5756;0,0120;0,0027;0,0723;-0,0431;0,9964;;True
1441,77;0.0;pa010​;20250411_094227;1;FO1;0,0269;1,5755;0,0122;0,0025;0,0685;-0,0430;0,9967;;True
1441,80;0.0;pa010​;20250411_094227;1;FO1;0,0263;1,5749;0,0124;0,0031;0,0586;-0,0457;0,9972;;True
1441,81;0.0;pa010​;20250411_094227;1;FO1;0,0267;1,5747;0,0123;0,0048;0,0501;-0,0463;0,9977;;True
1441,83;0.0;pa010​;20250411_094227;1;FO1;0,0251;1,5744;0,0131;0,0072;0,0406;-0,0459;0,9981;;True
1441,85;0.0;pa010​;20250411_094227;1;FO1;0,0248;1,5742;0,0136;0,0090;0,0336;-0,0469;0,9983;;True
1441,86;0.0;pa010​;20250411_094227;1;FO1;0,0247;1,5740;0,0140;0,0104;0,0280;-0,0469;0,9985;;True
1441,88;0.0;pa010​;20250411_094227;1;FO1;0,0245;1,5731;0,0150;0,0136;0,0180;-0,0474;0,9986;;True
1441,90;0.0;pa010​;20250411_094227;1;FO1;0,0247;1,5726;0,0154;0,0152;0,0146;-0,0475;0,9986;;True
1441,91;0.0;pa010​;20250411_094227;1;FO1;0,0251;1,5722;0,0159;0,0165;0,0123;-0,0478;0,9986;;True
1441,93;0.0;pa010​;20250411_094227;1;FO1;0,0254;1,5718;0,0164;0,0180;0,0108;-0,0488;0,9986;;True
1441,95;0.0;pa010​;20250411_094227;1;FO1;0,0259;1,5711;0,0169;0,0199;0,0094;-0,0494;0,9985;;True
1441,96;0.0;pa010​;20250411_094227;1;FO1;0,0268;1,5695;0,0179;0,0251;0,0079;-0,0500;0,9984;;True
1441,98;0.0;pa010​;20250411_094227;1;FO1;0,0272;1,5685;0,0184;0,0296;0,0093;-0,0494;0,9983;;True
1442,00;0.0;pa010​;20250411_094227;1;FO1;0,0276;1,5676;0,0190;0,0350;0,0111;-0,0480;0,9982;;True
1442,01;0.0;pa010​;20250411_094227;1;FO1;0,0279;1,5665;0,0197;0,0413;0,0126;-0,0469;0,9980;;True
1442,03;0.0;pa010​;20250411_094227;1;FO1;0,0281;1,5654;0,0201;0,0471;0,0133;-0,0458;0,9978;;True
1442,04;0.0;pa010​;20250411_094227;1;FO1;0,0282;1,5647;0,0204;0,0513;0,0136;-0,0442;0,9976;;True
1442,06;0.0;pa010​;20250411_094227;1;FO1;0,0285;1,5632;0,0208;0,0594;0,0133;-0,0436;0,9972;;True
1442,08;0.0;pa010​;20250411_094227;1;FO1;0,0287;1,5622;0,0209;0,0625;0,0121;-0,0428;0,9971;;True
1442,09;0.0;pa010​;20250411_094227;1;FO1;0,0290;1,5614;0,0209;0,0659;0,0113;-0,0431;0,9968;;True
1442,11;0.0;pa010​;20250411_094227;1;FO1;0,0291;1,5606;0,0211;0,0700;0,0112;-0,0430;0,9966;;True
1442,12;0.0;pa010​;20250411_094227;1;FO1;0,0294;1,5597;0,0214;0,0742;0,0115;-0,0425;0,9963;;True
1442,14;0.0;pa010​;20250411_094227;1;FO1;0,0296;1,5587;0,0215;0,0781;0,0127;-0,0424;0,9960;;True
1442,16;0.0;pa010​;20250411_094227;1;FO1;0,0301;1,5571;0,0221;0,0867;0,0153;-0,0419;0,9952;;True
1442,17;0.0;pa010​;20250411_094227;1;FO1;0,0304;1,5567;0,0224;0,0892;0,0179;-0,0409;0,9950;;True
1442,19;0.0;pa010​;20250411_094227;1;FO1;0,0309;1,5561;0,0226;0,0912;0,0199;-0,0398;0,9948;;True
1442,20;0.0;pa010​;20250411_094227;1;FO1;0,0311;1,5557;0,0228;0,0942;0,0222;-0,0378;0,9946;;True
1442,22;0.0;pa010​;20250411_094227;1;FO1;0,0315;1,5549;0,0230;0,0967;0,0236;-0,0362;0,9944;;True
1442,24;0.0;pa010​;20250411_094227;1;FO1;0,0316;1,5543;0,0235;0,0993;0,0249;-0,0348;0,9941;;True
1442,25;0.0;pa010​;20250411_094227;1;FO1;0,0317;1,5539;0,0239;0,1014;0,0256;-0,0348;0,9939;;True
1442,27;0.0;pa010​;20250411_094227;1;FO1;0,0317;1,5532;0,0249;0,1052;0,0270;-0,0348;0,9935;;True
1442,29;0.0;pa010​;20250411_094227;1;FO1;0,0316;1,5530;0,0255;0,1062;0,0271;-0,0360;0,9933;;True
1442,30;0.0;pa010​;20250411_094227;1;FO1;0,0317;1,5525;0,0259;0,1066;0,0272;-0,0372;0,9932;;True
1442,32;0.0;pa010​;20250411_094227;1;FO1;0,0318;1,5523;0,0264;0,1072;0,0273;-0,0368;0,9932;;True
1442,33;0.0;pa010​;20250411_094227;1;FO1;0,0318;1,5523;0,0267;0,1079;0,0278;-0,0362;0,9931;;True
1442,35;0.0;pa010​;20250411_094227;1;FO1;0,0318;1,5519;0,0273;0,1092;0,0299;-0,0362;0,9929;;True
1442,37;0.0;pa010​;20250411_094227;1;FO1;0,0317;1,5517;0,0275;0,1103;0,0312;-0,0352;0,9928;;True
1442,39;0.0;pa010​;20250411_094227;1;FO1;0,0315;1,5517;0,0278;0,1103;0,0323;-0,0340;0,9928;;True
1442,41;0.0;pa010​;20250411_094227;1;FO1;0,0312;1,5517;0,0277;0,1098;0,0329;-0,0331;0,9929;;True
1442,42;0.0;pa010​;20250411_094227;1;FO1;0,0309;1,5515;0,0280;0,1089;0,0346;-0,0324;0,9929;;True
1442,44;0.0;pa010​;20250411_094227;1;FO1;0,0308;1,5517;0,0278;0,1071;0,0354;-0,0324;0,9931;;True
1442,46;0.0;pa010​;20250411_094227;1;FO1;0,0308;1,5522;0,0272;0,1049;0,0365;-0,0321;0,9933;;True
1442,48;0.0;pa010​;20250411_094227;1;FO1;0,0309;1,5537;0,0257;0,1006;0,0385;-0,0315;0,9937;;True
1442,49;0.0;pa010​;20250411_094227;1;FO1;0,0311;1,5546;0,0250;0,0963;0,0392;-0,0308;0,9941;;True
1442,51;0.0;pa010​;20250411_094227;1;FO1;0,0312;1,5550;0,0242;0,0925;0,0399;-0,0302;0,9945;;True
1442,53;0.0;pa010​;20250411_094227;1;FO1;0,0315;1,5556;0,0234;0,0897;0,0409;-0,0307;0,9947;;True
1442,55;0.0;pa010​;20250411_094227;1;FO1;0,0322;1,5569;0,0219;0,0830;0,0430;-0,0311;0,9951;;True
1442,56;0.0;pa010​;20250411_094227;1;FO1;0,0327;1,5573;0,0212;0,0797;0,0444;-0,0314;0,9953;;True
1442,58;0.0;pa010​;20250411_094227;1;FO1;0,0334;1,5575;0,0204;0,0776;0,0453;-0,0326;0,9954;;True
1442,60;0.0;pa010​;20250411_094227;1;FO1;0,0340;1,5578;0,0196;0,0759;0,0468;-0,0334;0,9955;;True
1442,62;0.0;pa010​;20250411_094227;1;FO1;0,0355;1,5583;0,0183;0,0715;0,0484;-0,0351;0,9956;;True
1442,63;0.0;pa010​;20250411_094227;1;FO1;0,0362;1,5587;0,0179;0,0694;0,0487;-0,0354;0,9958;;True
1442,65;0.0;pa010​;20250411_094227;1;FO1;0,0370;1,5590;0,0176;0,0674;0,0490;-0,0361;0,9959;;True
1442,67;0.0;pa010​;20250411_094227;1;FO1;0,0378;1,5592;0,0172;0,0652;0,0493;-0,0376;0,9959;;True
1442,68;0.0;pa010​;20250411_094227;1;FO1;0,0386;1,5597;0,0168;0,0631;0,0500;-0,0389;0,9960;;True
1442,70;0.0;pa010​;20250411_094227;1;FO1;0,0403;1,5605;0,0161;0,0592;0,0515;-0,0418;0,9960;;True
1442,72;0.0;pa010​;20250411_094227;1;FO1;0,0413;1,5609;0,0156;0,0562;0,0521;-0,0429;0,9961;;True
1442,73;0.0;pa010​;20250411_094227;1;FO1;0,0422;1,5613;0,0152;0,0533;0,0529;-0,0438;0,9962;;True
1442,75;0.0;pa010​;20250411_094227;1;FO1;0,0430;1,5616;0,0147;0,0508;0,0541;-0,0441;0,9963;;True
1442,76;0.0;pa010​;20250411_094227;1;FO1;0,0439;1,5619;0,0143;0,0493;0,0553;-0,0444;0,9963;;True
1442,78;0.0;pa010​;20250411_094227;1;FO1;0,0447;1,5620;0,0137;0,0484;0,0565;-0,0447;0,9962;;True
1442,80;0.0;pa010​;20250411_094227;1;FO1;0,0464;1,5622;0,0129;0,0459;0,0589;-0,0462;0,9961;;True
1442,81;0.0;pa010​;20250411_094227;1;FO1;0,0472;1,5623;0,0124;0,0453;0,0606;-0,0475;0,9960;;True
1442,83;0.0;pa010​;20250411_094227;1;FO1;0,0479;1,5622;0,0119;0,0454;0,0624;-0,0483;0,9958;;True
1442,84;0.0;pa010​;20250411_094227;1;FO1;0,0486;1,5621;0,0113;0,0458;0,0637;-0,0488;0,9957;;True
1442,86;0.0;pa010​;20250411_094227;1;FO1;0,0491;1,5620;0,0109;0,0462;0,0650;-0,0488;0,9956;;True
1442,88;0.0;pa010​;20250411_094227;1;FO1;0,0500;1,5617;0,0102;0,0474;0,0672;-0,0490;0,9954;;True
1442,90;0.0;pa010​;20250411_094227;1;FO1;0,0503;1,5621;0,0101;0,0468;0,0678;-0,0499;0,9954;;True
1442,91;0.0;pa010​;20250411_094227;1;FO1;0,0506;1,5620;0,0096;0,0445;0,0686;-0,0493;0,9954;;True
1442,93;0.0;pa010​;20250411_094227;1;FO1;0,0507;1,5619;0,0090;0,0444;0,0689;-0,0489;0,9954;;True
1442,94;0.0;pa010​;20250411_094227;1;FO1;0,0509;1,5621;0,0087;0,0442;0,0689;-0,0489;0,9954;;True
1442,96;0.0;pa010​;20250411_094227;1;FO1;0,0509;1,5619;0,0083;0,0442;0,0687;-0,0484;0,9955;;True
1442,98;0.0;pa010​;20250411_094227;1;FO1;0,0509;1,5615;0,0075;0,0456;0,0683;-0,0489;0,9954;;True
1442,99;0.0;pa010​;20250411_094227;1;FO1;0,0509;1,5613;0,0072;0,0465;0,0674;-0,0489;0,9954;;True
1443,01;0.0;pa010​;20250411_094227;1;FO1;0,0506;1,5607;0,0070;0,0483;0,0661;-0,0489;0,9954;;True
1443,03;0.0;pa010​;20250411_094227;1;FO1;0,0505;1,5598;0,0068;0,0524;0,0642;-0,0491;0,9953;;True
1443,04;0.0;pa010​;20250411_094227;1;FO1;0,0500;1,5592;0,0066;0,0573;0,0622;-0,0498;0,9952;;True
1443,06;0.0;pa010​;20250411_094227;1;FO1;0,0495;1,5578;0,0065;0,0646;0,0576;-0,0509;0,9949;;True
1443,08;0.0;pa010​;20250411_094227;1;FO1;0,0492;1,5568;0,0065;0,0678;0,0544;-0,0494;0,9950;;True
1443,09;0.0;pa010​;20250411_094227;1;FO1;0,0489;1,5561;0,0065;0,0721;0,0520;-0,0483;0,9949;;True
1443,11;0.0;pa010​;20250411_094227;1;FO1;0,0486;1,5552;0,0066;0,0764;0,0502;-0,0484;0,9946;;True
1443,12;0.0;pa010​;20250411_094227;1;FO1;0,0483;1,5545;0,0066;0,0800;0,0495;-0,0486;0,9944;;True
1443,14;0.0;pa010​;20250411_094227;1;FO1;0,0482;1,5538;0,0066;0,0837;0,0487;-0,0490;0,9941;;True
1443,16;0.0;pa010​;20250411_094227;1;FO1;0,0477;1,5524;0,0066;0,0906;0,0465;-0,0483;0,9936;;True
1443,17;0.0;pa010​;20250411_094227;1;FO1;0,0473;1,5516;0,0064;0,0936;0,0457;-0,0473;0,9934;;True
1443,19;0.0;pa010​;20250411_094227;1;FO1;0,0470;1,5511;0,0063;0,0969;0,0443;-0,0464;0,9932;;True
1443,21;0.0;pa010​;20250411_094227;1;FO1;0,0465;1,5507;0,0064;0,0992;0,0429;-0,0453;0,9931;;True
1443,22;0.0;pa010​;20250411_094227;1;FO1;0,0461;1,5504;0,0063;0,1007;0,0419;-0,0452;0,9930;;True
1443,24;0.0;pa010​;20250411_094227;1;FO1;0,0455;1,5498;0,0062;0,1042;0,0399;-0,0447;0,9927;;True
1443,26;0.0;pa010​;20250411_094227;1;FO1;0,0454;1,5500;0,0061;0,1045;0,0400;-0,0448;0,9927;;True
1443,27;0.0;pa010​;20250411_094227;1;FO1;0,0455;1,5500;0,0060;0,1040;0,0401;-0,0450;0,9928;;True
1443,29;0.0;pa010​;20250411_094227;1;FO1;0,0453;1,5497;0,0060;0,1030;0,0407;-0,0449;0,9928;;True
1443,31;0.0;pa010​;20250411_094227;1;FO1;0,0454;1,5499;0,0059;0,1025;0,0412;-0,0447;0,9929;;True
1443,32;0.0;pa010​;20250411_094227;1;FO1;0,0453;1,5499;0,0058;0,1023;0,0421;-0,0447;0,9929;;True
1443,34;0.0;pa010​;20250411_094227;1;FO1;0,0453;1,5500;0,0057;0,1023;0,0424;-0,0447;0,9928;;True
1443,35;0.0;pa010​;20250411_094227;1;FO1;0,0452;1,5500;0,0056;0,1029;0,0423;-0,0441;0,9928;;True
1443,37;0.0;pa010​;20250411_094227;1;FO1;0,0450;1,5500;0,0056;0,1030;0,0416;-0,0436;0,9929;;True
1443,39;0.0;pa010​;20250411_094227;1;FO1;0,0446;1,5500;0,0056;0,1034;0,0411;-0,0432;0,9929;;True
1443,40;0.0;pa010​;20250411_094227;1;FO1;0,0441;1,5500;0,0055;0,1030;0,0403;-0,0427;0,9929;;True
1443,42;0.0;pa010​;20250411_094227;1;FO1;0,0431;1,5504;0,0057;0,1025;0,0385;-0,0412;0,9931;;True
1443,44;0.0;pa010​;20250411_094227;1;FO1;0,0427;1,5505;0,0056;0,1016;0,0375;-0,0410;0,9933;;True
1443,45;0.0;pa010​;20250411_094227;1;FO1;0,0425;1,5503;0,0054;0,1017;0,0371;-0,0410;0,9933;;True
1443,47;0.0;pa010​;20250411_094227;1;FO1;0,0421;1,5505;0,0053;0,1023;0,0369;-0,0408;0,9932;;True
1443,49;0.0;pa010​;20250411_094227;1;FO1;0,0419;1,5507;0,0053;0,1016;0,0366;-0,0405;0,9933;;True
1443,50;0.0;pa010​;20250411_094227;1;FO1;0,0418;1,5507;0,0052;0,1011;0,0366;-0,0401;0,9934;;True
1443,52;0.0;pa010​;20250411_094227;1;FO1;0,0413;1,5509;0,0050;0,0999;0,0372;-0,0394;0,9935;;True
1443,54;0.0;pa010​;20250411_094227;1;FO1;0,0413;1,5510;0,0050;0,0991;0,0379;-0,0389;0,9936;;True
1443,55;0.0;pa010​;20250411_094227;1;FO1;0,0413;1,5510;0,0049;0,0997;0,0388;-0,0383;0,9935;;True
1443,57;0.0;pa010​;20250411_094227;1;FO1;0,0414;1,5510;0,0048;0,0999;0,0395;-0,0381;0,9935;;True
1443,58;0.0;pa010​;20250411_094227;1;FO1;0,0414;1,5510;0,0049;0,0994;0,0397;-0,0378;0,9935;;True
1443,60;0.0;pa010​;20250411_094227;1;FO1;0,0414;1,5511;0,0050;0,0982;0,0403;-0,0375;0,9936;;True
1443,62;0.0;pa010​;20250411_094227;1;FO1;0,0414;1,5510;0,0049;0,0997;0,0404;-0,0379;0,9935;;True
1443,63;0.0;pa010​;20250411_094227;1;FO1;0,0414;1,5509;0,0050;0,0983;0,0400;-0,0381;0,9936;;True
1443,65;0.0;pa010​;20250411_094227;1;FO1;0,0416;1,5510;0,0051;0,0976;0,0401;-0,0380;0,9937;;True
1443,67;0.0;pa010​;20250411_094227;1;FO1;0,0418;1,5510;0,0052;0,0978;0,0403;-0,0383;0,9936;;True
1443,68;0.0;pa010​;20250411_094227;1;FO1;0,0421;1,5510;0,0053;0,0976;0,0406;-0,0387;0,9936;;True
1443,70;0.0;pa010​;20250411_094227;1;FO1;0,0424;1,5508;0,0054;0,0985;0,0406;-0,0392;0,9935;;True
1443,72;0.0;pa010​;20250411_094227;1;FO1;0,0426;1,5505;0,0054;0,0999;0,0405;-0,0396;0,9934;;True
1443,73;0.0;pa010​;20250411_094227;1;FO1;0,0429;1,5502;0,0054;0,1015;0,0406;-0,0395;0,9932;;True
1443,75;0.0;pa010​;20250411_094227;1;FO1;0,0432;1,5500;0,0054;0,1023;0,0412;-0,0403;0,9931;;True
1443,77;0.0;pa010​;20250411_094227;1;FO1;0,0434;1,5500;0,0054;0,1021;0,0419;-0,0408;0,9931;;True
1443,78;0.0;pa010​;20250411_094227;1;FO1;0,0438;1,5502;0,0056;0,1014;0,0429;-0,0407;0,9931;;True
1443,80;0.0;pa010​;20250411_094227;1;FO1;0,0439;1,5506;0,0057;0,1003;0,0431;-0,0406;0,9932;;True
1443,82;0.0;pa010​;20250411_094227;1;FO1;0,0439;1,5510;0,0059;0,0991;0,0433;-0,0405;0,9933;;True
1443,83;0.0;pa010​;20250411_094227;1;FO1;0,0440;1,5513;0,0061;0,0984;0,0433;-0,0404;0,9934;;True
1443,85;0.0;pa010​;20250411_094227;1;FO1;0,0441;1,5514;0,0063;0,0987;0,0433;-0,0402;0,9934;;True
1443,87;0.0;pa010​;20250411_094227;1;FO1;0,0442;1,5514;0,0067;0,0993;0,0433;-0,0400;0,9933;;True
1443,88;0.0;pa010​;20250411_094227;1;FO1;0,0442;1,5513;0,0068;0,1003;0,0431;-0,0402;0,9932;;True
1443,90;0.0;pa010​;20250411_094227;1;FO1;0,0442;1,5512;0,0070;0,1015;0,0436;-0,0402;0,9931;;True
1443,92;0.0;pa010​;20250411_094227;1;FO1;0,0441;1,5511;0,0072;0,1027;0,0435;-0,0403;0,9929;;True
1443,93;0.0;pa010​;20250411_094227;1;FO1;0,0440;1,5511;0,0074;0,1038;0,0437;-0,0403;0,9928;;True
1443,95;0.0;pa010​;20250411_094227;1;FO1;0,0437;1,5509;0,0077;0,1048;0,0439;-0,0401;0,9927;;True
1443,97;0.0;pa010​;20250411_094227;1;FO1;0,0435;1,5509;0,0080;0,1046;0,0437;-0,0396;0,9928;;True
1443,98;0.0;pa010​;20250411_094227;1;FO1;0,0431;1,5508;0,0086;0,1047;0,0434;-0,0392;0,9928;;True
1444,00;0.0;pa010​;20250411_094227;1;FO1;0,0430;1,5507;0,0089;0,1052;0,0433;-0,0395;0,9927;;True
1444,01;0.0;pa010​;20250411_094227;1;FO1;0,0427;1,5506;0,0092;0,1058;0,0433;-0,0394;0,9927;;True
1444,03;0.0;pa010​;20250411_094227;1;FO1;0,0423;1,5503;0,0098;0,1073;0,0428;-0,0387;0,9925;;True
1444,05;0.0;pa010​;20250411_094227;1;FO1;0,0419;1,5502;0,0101;0,1086;0,0428;-0,0387;0,9924;;True
1444,07;0.0;pa010​;20250411_094227;1;FO1;0,0416;1,5501;0,0105;0,1086;0,0426;-0,0383;0,9924;;True
1444,08;0.0;pa010​;20250411_094227;1;FO1;0,0412;1,5503;0,0108;0,1082;0,0423;-0,0376;0,9925;;True
1444,10;0.0;pa010​;20250411_094227;1;FO1;0,0407;1,5503;0,0113;0,1079;0,0418;-0,0367;0,9926;;True
1444,12;0.0;pa010​;20250411_094227;1;FO1;0,0395;1,5501;0,0122;0,1077;0,0404;-0,0354;0,9927;;True
1444,14;0.0;pa010​;20250411_094227;1;FO1;0,0387;1,5500;0,0126;0,1079;0,0388;-0,0347;0,9928;;True
1444,15;0.0;pa010​;20250411_094227;1;FO1;0,0381;1,5498;0,0130;0,1086;0,0372;-0,0345;0,9928;;True
1444,17;0.0;pa010​;20250411_094227;1;FO1;0,0374;1,5497;0,0134;0,1098;0,0356;-0,0344;0,9927;;True
1444,19;0.0;pa010​;20250411_094227;1;FO1;0,0362;1,5494;0,0141;0,1113;0,0328;-0,0336;0,9927;;True
1444,20;0.0;pa010​;20250411_094227;1;FO1;0,0358;1,5494;0,0146;0,1119;0,0314;-0,0331;0,9927;;True
1444,22;0.0;pa010​;20250411_094227;1;FO1;0,0355;1,5494;0,0149;0,1123;0,0299;-0,0325;0,9927;;True
1444,23;0.0;pa010​;20250411_094227;1;FO1;0,0349;1,5493;0,0153;0,1131;0,0287;-0,0321;0,9927;;True
1444,25;0.0;pa010​;20250411_094227;1;FO1;0,0344;1,5492;0,0156;0,1138;0,0272;-0,0317;0,9926;;True
1444,27;0.0;pa010​;20250411_094227;1;FO1;0,0334;1,5488;0,0163;0,1150;0,0242;-0,0302;0,9926;;True
1444,29;0.0;pa010​;20250411_094227;1;FO1;0,0329;1,5488;0,0167;0,1156;0,0231;-0,0290;0,9926;;True
1444,30;0.0;pa010​;20250411_094227;1;FO1;0,0324;1,5487;0,0171;0,1165;0,0224;-0,0277;0,9926;;True
1444,32;0.0;pa010​;20250411_094227;1;FO1;0,0320;1,5488;0,0173;0,1169;0,0218;-0,0264;0,9926;;True
1444,33;0.0;pa010​;20250411_094227;1;FO1;0,0317;1,5492;0,0176;0,1163;0,0213;-0,0255;0,9927;;True
1444,35;0.0;pa010​;20250411_094227;1;FO1;0,0309;1,5497;0,0181;0,1148;0,0198;-0,0238;0,9929;;True
1444,37;0.0;pa010​;20250411_094227;1;FO1;0,0304;1,5499;0,0185;0,1137;0,0181;-0,0238;0,9931;;True
1444,39;0.0;pa010​;20250411_094227;1;FO1;0,0299;1,5501;0,0187;0,1127;0,0160;-0,0238;0,9932;;True
1444,40;0.0;pa010​;20250411_094227;1;FO1;0,0294;1,5503;0,0190;0,1116;0,0142;-0,0238;0,9934;;True
1444,42;0.0;pa010​;20250411_094227;1;FO1;0,0290;1,5505;0,0192;0,1104;0,0134;-0,0241;0,9935;;True
1444,44;0.0;pa010​;20250411_094227;1;FO1;0,0282;1,5511;0,0197;0,1086;0,0112;-0,0237;0,9937;;True
1444,45;0.0;pa010​;20250411_094227;1;FO1;0,0278;1,5513;0,0201;0,1080;0,0105;-0,0234;0,9938;;True
1444,47;0.0;pa010​;20250411_094227;1;FO1;0,0273;1,5514;0,0204;0,1078;0,0092;-0,0230;0,9939;;True
1444,49;0.0;pa010​;20250411_094227;1;FO1;0,0268;1,5516;0,0209;0,1078;0,0077;-0,0228;0,9939;;True
1444,50;0.0;pa010​;20250411_094227;1;FO1;0,0260;1,5519;0,0218;0,1069;0,0054;-0,0230;0,9940;;True
1444,52;0.0;pa010​;20250411_094227;1;FO1;0,0257;1,5519;0,0222;0,1066;0,0048;-0,0231;0,9940;;True
1444,54;0.0;pa010​;20250411_094227;1;FO1;0,0255;1,5522;0,0223;0,1063;0,0040;-0,0230;0,9941;;True
1444,55;0.0;pa010​;20250411_094227;1;FO1;0,0254;1,5523;0,0226;0,1061;0,0035;-0,0238;0,9941;;True
1444,57;0.0;pa010​;20250411_094227;1;FO1;0,0254;1,5524;0,0227;0,1055;0,0029;-0,0240;0,9941;;True
1444,59;0.0;pa010​;20250411_094227;1;FO1;0,0254;1,5525;0,0227;0,1058;0,0020;-0,0241;0,9941;;True
1444,60;0.0;pa010​;20250411_094227;1;FO1;0,0251;1,5526;0,0228;0,1066;0,0008;-0,0249;0,9940;;True
1444,62;0.0;pa010​;20250411_094227;1;FO1;0,0251;1,5524;0,0224;0,1073;0,0001;-0,0253;0,9939;;True
1444,63;0.0;pa010​;20250411_094227;1;FO1;0,0248;1,5524;0,0221;0,1079;-0,0007;-0,0252;0,9938;;True
1444,65;0.0;pa010​;20250411_094227;1;FO1;0,0244;1,5522;0,0219;0,1087;-0,0014;-0,0251;0,9938;;True
1444,67;0.0;pa010​;20250411_094227;1;FO1;0,0236;1,5521;0,0217;0,1092;-0,0020;-0,0244;0,9937;;True
1444,68;0.0;pa010​;20250411_094227;1;FO1;0,0231;1,5519;0,0215;0,1099;-0,0027;-0,0234;0,9937;;True
1444,70;0.0;pa010​;20250411_094227;1;FO1;0,0220;1,5515;0,0212;0,1116;-0,0038;-0,0220;0,9935;;True
1444,72;0.0;pa010​;20250411_094227;1;FO1;0,0216;1,5512;0,0210;0,1126;-0,0038;-0,0214;0,9934;;True
1444,73;0.0;pa010​;20250411_094227;1;FO1;0,0213;1,5508;0,0207;0,1137;-0,0041;-0,0208;0,9933;;True
1444,75;0.0;pa010​;20250411_094227;1;FO1;0,0211;1,5506;0,0201;0,1151;-0,0041;-0,0201;0,9931;;True
1444,77;0.0;pa010​;20250411_094227;1;FO1;0,0207;1,5498;0,0190;0,1182;-0,0040;-0,0195;0,9928;;True
1444,79;0.0;pa010​;20250411_094227;1;FO1;0,0206;1,5496;0,0182;0,1198;-0,0039;-0,0195;0,9926;;True
1444,80;0.0;pa010​;20250411_094227;1;FO1;0,0206;1,5493;0,0176;0,1213;-0,0042;-0,0198;0,9924;;True
1444,82;0.0;pa010​;20250411_094227;1;FO1;0,0208;1,5491;0,0170;0,1226;-0,0038;-0,0206;0,9922;;True
1444,83;0.0;pa010​;20250411_094227;1;FO1;0,0210;1,5491;0,0165;0,1237;-0,0030;-0,0215;0,9921;;True
1444,85;0.0;pa010​;20250411_094227;1;FO1;0,0216;1,5493;0,0152;0,1237;-0,0014;-0,0218;0,9921;;True
1444,87;0.0;pa010​;20250411_094227;1;FO1;0,0219;1,5496;0,0146;0,1221;-0,0002;-0,0214;0,9923;;True
1444,89;0.0;pa010​;20250411_094227;1;FO1;0,0223;1,5502;0,0141;0,1193;0,0001;-0,0216;0,9926;;True
1444,90;0.0;pa010​;20250411_094227;1;FO1;0,0229;1,5508;0,0137;0,1162;0,0002;-0,0222;0,9930;;True
1444,92;0.0;pa010​;20250411_094227;1;FO1;0,0235;1,5513;0,0133;0,1135;0,0001;-0,0234;0,9933;;True
1444,94;0.0;pa010​;20250411_094227;1;FO1;0,0246;1,5524;0,0126;0,1091;-0,0002;-0,0267;0,9937;;True
1444,95;0.0;pa010​;20250411_094227;1;FO1;0,0252;1,5531;0,0123;0,1058;-0,0006;-0,0294;0,9940;;True
1444,97;0.0;pa010​;20250411_094227;1;FO1;0,0258;1,5537;0,0122;0,1033;-0,0004;-0,0313;0,9942;;True
1444,99;0.0;pa010​;20250411_094227;1;FO1;0,0263;1,5542;0,0122;0,0996;0,0001;-0,0319;0,9945;;True
1445,01;0.0;pa010​;20250411_094227;1;FO1;0,0276;1,5551;0,0122;0,0932;0,0004;-0,0330;0,9951;;True
1445,02;0.0;pa010​;20250411_094227;1;FO1;0,0282;1,5550;0,0123;0,0915;0,0013;-0,0328;0,9953;;True
1445,04;0.0;pa010​;20250411_094227;1;FO1;0,0289;1,5549;0,0124;0,0904;0,0022;-0,0339;0,9953;;True
1445,05;0.0;pa010​;20250411_094227;1;FO1;0,0294;1,5551;0,0129;0,0904;0,0036;-0,0354;0,9953;;True
1445,07;0.0;pa010​;20250411_094227;1;FO1;0,0301;1,5550;0,0137;0,0905;0,0043;-0,0363;0,9952;;True
1445,09;0.0;pa010​;20250411_094227;1;FO1;0,0311;1,5550;0,0151;0,0888;0,0053;-0,0376;0,9953;;True
1445,10;0.0;pa010​;20250411_094227;1;FO1;0,0317;1,5547;0,0162;0,0900;0,0058;-0,0392;0,9952;;True
1445,12;0.0;pa010​;20250411_094227;1;FO1;0,0323;1,5544;0,0172;0,0918;0,0069;-0,0394;0,9950;;True
1445,14;0.0;pa010​;20250411_094227;1;FO1;0,0328;1,5540;0,0181;0,0938;0,0075;-0,0386;0,9948;;True
1445,15;0.0;pa010​;20250411_094227;1;FO1;0,0333;1,5535;0,0191;0,0960;0,0088;-0,0381;0,9946;;True
1445,17;0.0;pa010​;20250411_094227;1;FO1;0,0340;1,5531;0,0201;0,0982;0,0102;-0,0382;0,9944;;True
1445,18;0.0;pa010​;20250411_094227;1;FO1;0,0352;1,5524;0,0221;0,1018;0,0137;-0,0397;0,9939;;True
1445,20;0.0;pa010​;20250411_094227;1;FO1;0,0360;1,5520;0,0230;0,1031;0,0158;-0,0414;0,9937;;True
1445,22;0.0;pa010​;20250411_094227;1;FO1;0,0366;1,5516;0,0240;0,1044;0,0174;-0,0426;0,9935;;True
1445,23;0.0;pa010​;20250411_094227;1;FO1;0,0369;1,5513;0,0249;0,1055;0,0187;-0,0432;0,9933;;True
1445,25;0.0;pa010​;20250411_094227;1;FO1;0,0370;1,5509;0,0258;0,1072;0,0193;-0,0435;0,9931;;True
1445,27;0.0;pa010​;20250411_094227;1;FO1;0,0371;1,5505;0,0267;0,1090;0,0197;-0,0434;0,9929;;True
1445,28;0.0;pa010​;20250411_094227;1;FO1;0,0374;1,5495;0,0286;0,1125;0,0205;-0,0429;0,9925;;True
1445,30;0.0;pa010​;20250411_094227;1;FO1;0,0376;1,5488;0,0294;0,1158;0,0213;-0,0426;0,9921;;True
1445,32;0.0;pa010​;20250411_094227;1;FO1;0,0379;1,5478;0,0302;0,1191;0,0226;-0,0430;0,9917;;True
1445,33;0.0;pa010​;20250411_094227;1;FO1;0,0382;1,5469;0,0308;0,1236;0,0243;-0,0432;0,9911;;True
1445,35;0.0;pa010​;20250411_094227;1;FO1;0,0385;1,5463;0,0313;0,1281;0,0266;-0,0437;0,9904;;True
1445,36;0.0;pa010​;20250411_094227;1;FO1;0,0391;1,5452;0,0322;0,1343;0,0304;-0,0441;0,9895;;True
1445,38;0.0;pa010​;20250411_094227;1;FO1;0,0391;1,5447;0,0325;0,1368;0,0324;-0,0440;0,9891;;True
1445,40;0.0;pa010​;20250411_094227;1;FO1;0,0392;1,5443;0,0327;0,1392;0,0333;-0,0440;0,9887;;True
1445,41;0.0;pa010​;20250411_094227;1;FO1;0,0390;1,5437;0,0328;0,1414;0,0344;-0,0436;0,9884;;True
1445,43;0.0;pa010​;20250411_094227;1;FO1;0,0389;1,5436;0,0332;0,1427;0,0344;-0,0434;0,9882;;True
1445,45;0.0;pa010​;20250411_094227;1;FO1;0,0388;1,5436;0,0336;0,1424;0,0343;-0,0434;0,9883;;True
1445,46;0.0;pa010​;20250411_094227;1;FO1;0,0385;1,5437;0,0339;0,1419;0,0346;-0,0436;0,9883;;True
1445,48;0.0;pa010​;20250411_094227;1;FO1;0,0383;1,5436;0,0337;0,1411;0,0344;-0,0435;0,9884;;True
1445,50;0.0;pa010​;20250411_094227;1;FO1;0,0382;1,5434;0,0340;0,1412;0,0342;-0,0436;0,9884;;True
1445,51;0.0;pa010​;20250411_094227;1;FO1;0,0381;1,5435;0,0338;0,1410;0,0342;-0,0434;0,9885;;True
1445,53;0.0;pa010​;20250411_094227;1;FO1;0,0378;1,5436;0,0335;0,1408;0,0339;-0,0431;0,9885;;True
1445,55;0.0;pa010​;20250411_094227;1;FO1;0,0370;1,5435;0,0327;0,1408;0,0333;-0,0427;0,9886;;True
1445,56;0.0;pa010​;20250411_094227;1;FO1;0,0366;1,5434;0,0323;0,1410;0,0331;-0,0426;0,9885;;True
1445,58;0.0;pa010​;20250411_094227;1;FO1;0,0363;1,5432;0,0319;0,1417;0,0326;-0,0424;0,9885;;True
1445,59;0.0;pa010​;20250411_094227;1;FO1;0,0359;1,5430;0,0316;0,1425;0,0322;-0,0422;0,9884;;True
1445,61;0.0;pa010​;20250411_094227;1;FO1;0,0355;1,5426;0,0311;0,1435;0,0316;-0,0420;0,9882;;True
1445,63;0.0;pa010​;20250411_094227;1;FO1;0,0351;1,5421;0,0308;0,1449;0,0308;-0,0417;0,9881;;True
1445,64;0.0;pa010​;20250411_094227;1;FO1;0,0342;1,5415;0,0300;0,1483;0,0290;-0,0408;0,9877;;True
1445,66;0.0;pa010​;20250411_094227;1;FO1;0,0337;1,5409;0,0297;0,1511;0,0282;-0,0411;0,9873;;True
1445,68;0.0;pa010​;20250411_094227;1;FO1;0,0332;1,5404;0,0293;0,1534;0,0275;-0,0409;0,9869;;True
1445,69;0.0;pa010​;20250411_094227;1;FO1;0,0327;1,5401;0,0291;0,1555;0,0269;-0,0406;0,9866;;True
1445,71;0.0;pa010​;20250411_094227;1;FO1;0,0322;1,5397;0,0287;0,1566;0,0263;-0,0406;0,9865;;True
1445,72;0.0;pa010​;20250411_094227;1;FO1;0,0316;1,5394;0,0283;0,1572;0,0253;-0,0403;0,9864;;True
1445,74;0.0;pa010​;20250411_094227;1;FO1;0,0307;1,5390;0,0277;0,1590;0,0238;-0,0404;0,9862;;True
1445,76;0.0;pa010​;20250411_094227;1;FO1;0,0301;1,5388;0,0273;0,1594;0,0229;-0,0400;0,9861;;True
1445,77;0.0;pa010​;20250411_094227;1;FO1;0,0296;1,5386;0,0270;0,1600;0,0221;-0,0396;0,9861;;True
1445,79;0.0;pa010​;20250411_094227;1;FO1;0,0291;1,5384;0,0267;0,1606;0,0213;-0,0389;0,9860;;True
1445,81;0.0;pa010​;20250411_094227;1;FO1;0,0286;1,5381;0,0263;0,1614;0,0207;-0,0382;0,9859;;True
1445,82;0.0;pa010​;20250411_094227;1;FO1;0,0282;1,5377;0,0260;0,1624;0,0203;-0,0377;0,9858;;True
1445,84;0.0;pa010​;20250411_094227;1;FO1;0,0275;1,5371;0,0255;0,1647;0,0198;-0,0369;0,9855;;True
1445,86;0.0;pa010​;20250411_094227;1;FO1;0,0273;1,5369;0,0252;0,1659;0,0196;-0,0365;0,9853;;True
1445,87;0.0;pa010​;20250411_094227;1;FO1;0,0270;1,5368;0,0249;0,1667;0,0198;-0,0366;0,9851;;True
1445,89;0.0;pa010​;20250411_094227;1;FO1;0,0268;1,5366;0,0246;0,1675;0,0195;-0,0364;0,9850;;True
1445,91;0.0;pa010​;20250411_094227;1;FO1;0,0265;1,5364;0,0243;0,1682;0,0193;-0,0362;0,9849;;True
1445,92;0.0;pa010​;20250411_094227;1;FO1;0,0261;1,5359;0,0237;0,1699;0,0185;-0,0358;0,9846;;True
1445,94;0.0;pa010​;20250411_094227;1;FO1;0,0259;1,5357;0,0235;0,1708;0,0179;-0,0357;0,9845;;True
1445,96;0.0;pa010​;20250411_094227;1;FO1;0,0258;1,5355;0,0232;0,1714;0,0174;-0,0361;0,9844;;True
1445,97;0.0;pa010​;20250411_094227;1;FO1;0,0257;1,5355;0,0230;0,1717;0,0174;-0,0364;0,9843;;True
1445,99;0.0;pa010​;20250411_094227;1;FO1;0,0256;1,5353;0,0227;0,1724;0,0170;-0,0371;0,9842;;True
1446,01;0.0;pa010​;20250411_094227;1;FO1;0,0255;1,5352;0,0225;0,1715;0,0171;-0,0370;0,9843;;True
1446,02;0.0;pa010​;20250411_094227;1;FO1;0,0256;1,5352;0,0223;0,1712;0,0174;-0,0372;0,9844;;True
1446,04;0.0;pa010​;20250411_094227;1;FO1;0,0257;1,5352;0,0221;0,1714;0,0176;-0,0371;0,9843;;True
1446,06;0.0;pa010​;20250411_094227;1;FO1;0,0258;1,5351;0,0219;0,1714;0,0176;-0,0369;0,9844;;True
1446,07;0.0;pa010​;20250411_094227;1;FO1;0,0258;1,5350;0,0217;0,1718;0,0178;-0,0363;0,9843;;True
1446,09;0.0;pa010​;20250411_094227;1;FO1;0,0259;1,5346;0,0214;0,1730;0,0174;-0,0362;0,9841;;True
1446,11;0.0;pa010​;20250411_094227;1;FO1;0,0260;1,5344;0,0213;0,1740;0,0174;-0,0366;0,9839;;True
1446,12;0.0;pa010​;20250411_094227;1;FO1;0,0261;1,5342;0,0211;0,1748;0,0174;-0,0368;0,9838;;True
1446,14;0.0;pa010​;20250411_094227;1;FO1;0,0264;1,5340;0,0209;0,1754;0,0174;-0,0370;0,9837;;True
1446,16;0.0;pa010​;20250411_094227;1;FO1;0,0266;1,5338;0,0208;0,1758;0,0174;-0,0373;0,9836;;True
1446,17;0.0;pa010​;20250411_094227;1;FO1;0,0271;1,5334;0,0205;0,1765;0,0176;-0,0379;0,9834;;True
1446,19;0.0;pa010​;20250411_094227;1;FO1;0,0274;1,5332;0,0204;0,1768;0,0175;-0,0374;0,9834;;True
1446,21;0.0;pa010​;20250411_094227;1;FO1;0,0278;1,5329;0,0204;0,1776;0,0174;-0,0377;0,9832;;True
1446,22;0.0;pa010​;20250411_094227;1;FO1;0,0280;1,5326;0,0202;0,1783;0,0177;-0,0385;0,9831;;True
1446,24;0.0;pa010​;20250411_094227;1;FO1;0,0286;1,5321;0,0198;0,1797;0,0180;-0,0389;0,9828;;True
1446,26;0.0;pa010​;20250411_094227;1;FO1;0,0291;1,5320;0,0196;0,1804;0,0185;-0,0394;0,9826;;True
1446,27;0.0;pa010​;20250411_094227;1;FO1;0,0294;1,5318;0,0194;0,1808;0,0192;-0,0393;0,9825;;True
1446,29;0.0;pa010​;20250411_094227;1;FO1;0,0298;1,5316;0,0192;0,1812;0,0200;-0,0396;0,9824;;True
1446,30;0.0;pa010​;20250411_094227;1;FO1;0,0301;1,5314;0,0191;0,1817;0,0209;-0,0396;0,9823;;True
1446,32;0.0;pa010​;20250411_094227;1;FO1;0,0303;1,5311;0,0190;0,1823;0,0213;-0,0394;0,9822;;True
1446,34;0.0;pa010​;20250411_094227;1;FO1;0,0308;1,5306;0,0188;0,1838;0,0219;-0,0390;0,9819;;True
1446,35;0.0;pa010​;20250411_094227;1;FO1;0,0310;1,5301;0,0188;0,1852;0,0215;-0,0388;0,9817;;True
1446,37;0.0;pa010​;20250411_094227;1;FO1;0,0312;1,5297;0,0187;0,1869;0,0214;-0,0391;0,9814;;True
1446,39;0.0;pa010​;20250411_094227;1;FO1;0,0314;1,5295;0,0187;0,1885;0,0211;-0,0396;0,9810;;True
1446,40;0.0;pa010​;20250411_094227;1;FO1;0,0317;1,5291;0,0187;0,1899;0,0208;-0,0399;0,9808;;True
1446,42;0.0;pa010​;20250411_094227;1;FO1;0,0321;1,5286;0,0188;0,1916;0,0206;-0,0404;0,9804;;True
1446,44;0.0;pa010​;20250411_094227;1;FO1;0,0325;1,5274;0,0188;0,1960;0,0208;-0,0412;0,9795;;True
1446,46;0.0;pa010​;20250411_094227;1;FO1;0,0330;1,5263;0,0193;0,1999;0,0215;-0,0426;0,9786;;True
1446,47;0.0;pa010​;20250411_094227;1;FO1;0,0334;1,5254;0,0199;0,2038;0,0229;-0,0430;0,9778;;True
1446,49;0.0;pa010​;20250411_094227;1;FO1;0,0341;1,5238;0,0214;0,2103;0,0245;-0,0431;0,9764;;True
1446,51;0.0;pa010​;20250411_094227;1;FO1;0,0345;1,5235;0,0226;0,2126;0,0254;-0,0427;0,9759;;True
1446,52;0.0;pa010​;20250411_094227;1;FO1;0,0347;1,5228;0,0236;0,2144;0,0263;-0,0421;0,9755;;True
1446,54;0.0;pa010​;20250411_094227;1;FO1;0,0349;1,5226;0,0247;0,2160;0,0270;-0,0419;0,9751;;True
1446,56;0.0;pa010​;20250411_094227;1;FO1;0,0350;1,5226;0,0260;0,2168;0,0272;-0,0417;0,9749;;True
1446,57;0.0;pa010​;20250411_094227;1;FO1;0,0351;1,5226;0,0272;0,2165;0,0272;-0,0413;0,9750;;True
1446,59;0.0;pa010​;20250411_094227;1;FO1;0,0352;1,5228;0,0297;0,2172;0,0272;-0,0408;0,9749;;True
1446,61;0.0;pa010​;20250411_094227;1;FO1;0,0352;1,5228;0,0310;0,2169;0,0265;-0,0404;0,9750;;True
1446,62;0.0;pa010​;20250411_094227;1;FO1;0,0352;1,5224;0,0323;0,2177;0,0258;-0,0404;0,9748;;True
1446,64;0.0;pa010​;20250411_094227;1;FO1;0,0351;1,5219;0,0337;0,2192;0,0252;-0,0403;0,9745;;True
1446,65;0.0;pa010​;20250411_094227;1;FO1;0,0350;1,5214;0,0350;0,2207;0,0244;-0,0404;0,9742;;True
1446,67;0.0;pa010​;20250411_094227;1;FO1;0,0347;1,5202;0,0376;0,2238;0,0235;-0,0404;0,9735;;True
1446,69;0.0;pa010​;20250411_094227;1;FO1;0,0346;1,5195;0,0388;0,2265;0,0231;-0,0407;0,9729;;True
1446,70;0.0;pa010​;20250411_094227;1;FO1;0,0345;1,5188;0,0399;0,2292;0,0230;-0,0403;0,9723;;True
1446,72;0.0;pa010​;20250411_094227;1;FO1;0,0343;1,5181;0,0411;0,2319;0,0228;-0,0398;0,9716;;True
1446,74;0.0;pa010​;20250411_094227;1;FO1;0,0341;1,5175;0,0421;0,2330;0,0227;-0,0390;0,9714;;True
1446,75;0.0;pa010​;20250411_094227;1;FO1;0,0338;1,5165;0,0438;0,2362;0,0219;-0,0370;0,9707;;True
1446,77;0.0;pa010​;20250411_094227;1;FO1;0,0335;1,5160;0,0443;0,2383;0,0216;-0,0363;0,9703;;True
1446,79;0.0;pa010​;20250411_094227;1;FO1;0,0333;1,5156;0,0447;0,2397;0,0210;-0,0364;0,9699;;True
1446,80;0.0;pa010​;20250411_094227;1;FO1;0,0331;1,5151;0,0449;0,2411;0,0204;-0,0362;0,9696;;True
1446,82;0.0;pa010​;20250411_094227;1;FO1;0,0330;1,5147;0,0449;0,2425;0,0196;-0,0364;0,9693;;True
1446,84;0.0;pa010​;20250411_094227;1;FO1;0,0327;1,5137;0,0452;0,2454;0,0181;-0,0366;0,9686;;True
1446,85;0.0;pa010​;20250411_094227;1;FO1;0,0325;1,5131;0,0451;0,2468;0,0175;-0,0373;0,9682;;True
1446,87;0.0;pa010​;20250411_094227;1;FO1;0,0323;1,5126;0,0449;0,2483;0,0170;-0,0373;0,9678;;True
1446,89;0.0;pa010​;20250411_094227;1;FO1;0,0321;1,5120;0,0445;0,2502;0,0159;-0,0369;0,9674;;True
1446,90;0.0;pa010​;20250411_094227;1;FO1;0,0319;1,5115;0,0439;0,2521;0,0148;-0,0360;0,9669;;True
1446,92;0.0;pa010​;20250411_094227;1;FO1;0,0315;1,5104;0,0428;0,2558;0,0122;-0,0346;0,9660;;True
1446,94;0.0;pa010​;20250411_094227;1;FO1;0,0311;1,5099;0,0422;0,2577;0,0106;-0,0339;0,9656;;True
1446,95;0.0;pa010​;20250411_094227;1;FO1;0,0308;1,5094;0,0416;0,2592;0,0088;-0,0340;0,9652;;True
1446,97;0.0;pa010​;20250411_094227;1;FO1;0,0304;1,5088;0,0408;0,2609;0,0067;-0,0339;0,9647;;True
1446,99;0.0;pa010​;20250411_094227;1;FO1;0,0301;1,5079;0,0401;0,2632;0,0043;-0,0340;0,9641;;True
1447,00;0.0;pa010​;20250411_094227;1;FO1;0,0297;1,5071;0,0393;0,2667;0,0020;-0,0345;0,9632;;True
1447,02;0.0;pa010​;20250411_094227;1;FO1;0,0289;1,5051;0,0380;0,2738;-0,0020;-0,0349;0,9611;;True
1447,04;0.0;pa010​;20250411_094227;1;FO1;0,0288;1,5035;0,0374;0,2773;-0,0041;-0,0358;0,9601;;True
1447,05;0.0;pa010​;20250411_094227;1;FO1;0,0287;1,5025;0,0370;0,2807;-0,0046;-0,0363;0,9591;;True
1447,07;0.0;pa010​;20250411_094227;1;FO1;0,0287;1,5013;0,0367;0,2838;-0,0049;-0,0361;0,9582;;True
1447,09;0.0;pa010​;20250411_094227;1;FO1;0,0287;1,5001;0,0362;0,2876;-0,0052;-0,0359;0,9571;;True
1447,10;0.0;pa010​;20250411_094227;1;FO1;0,0285;1,4977;0,0352;0,2955;-0,0058;-0,0352;0,9547;;True
1447,12;0.0;pa010​;20250411_094227;1;FO1;0,0283;1,4963;0,0347;0,3006;-0,0066;-0,0339;0,9531;;True
1447,14;0.0;pa010​;20250411_094227;1;FO1;0,0282;1,4948;0,0346;0,3051;-0,0073;-0,0335;0,9517;;True
1447,15;0.0;pa010​;20250411_094227;1;FO1;0,0281;1,4933;0,0346;0,3093;-0,0082;-0,0331;0,9503;;True
1447,17;0.0;pa010​;20250411_094227;1;FO1;0,0279;1,4904;0,0346;0,3187;-0,0086;-0,0326;0,9473;;True
1447,19;0.0;pa010​;20250411_094227;1;FO1;0,0280;1,4888;0,0345;0,3233;-0,0080;-0,0333;0,9457;;True
1447,20;0.0;pa010​;20250411_094227;1;FO1;0,0284;1,4873;0,0345;0,3285;-0,0079;-0,0337;0,9439;;True
1447,22;0.0;pa010​;20250411_094227;1;FO1;0,0286;1,4858;0,0345;0,3343;-0,0073;-0,0345;0,9418;;True
1447,23;0.0;pa010​;20250411_094227;1;FO1;0,0289;1,4844;0,0344;0,3396;-0,0069;-0,0351;0,9399;;True
1447,25;0.0;pa010​;20250411_094227;1;FO1;0,0291;1,4833;0,0344;0,3450;-0,0058;-0,0355;0,9379;;True
1447,27;0.0;pa010​;20250411_094227;1;FO1;0,0296;1,4812;0,0349;0,3527;-0,0046;-0,0364;0,9350;;True
1447,29;0.0;pa010​;20250411_094227;1;FO1;0,0295;1,4806;0,0351;0,3525;-0,0030;-0,0355;0,9351;;True
1447,31;0.0;pa010​;20250411_094227;1;FO1;0,0298;1,4801;0,0356;0,3548;-0,0029;-0,0352;0,9343;;True
1447,32;0.0;pa010​;20250411_094227;1;FO1;0,0301;1,4795;0,0359;0,3562;-0,0027;-0,0357;0,9337;;True
1447,34;0.0;pa010​;20250411_094227;1;FO1;0,0304;1,4786;0,0362;0,3596;-0,0014;-0,0367;0,9324;;True
1447,36;0.0;pa010​;20250411_094227;1;FO1;0,0305;1,4782;0,0363;0,3606;-0,0015;-0,0363;0,9320;;True
1447,37;0.0;pa010​;20250411_094227;1;FO1;0,0307;1,4778;0,0365;0,3616;-0,0012;-0,0368;0,9316;;True
1447,39;0.0;pa010​;20250411_094227;1;FO1;0,0310;1,4774;0,0366;0,3620;-0,0008;-0,0373;0,9314;;True
1447,41;0.0;pa010​;20250411_094227;1;FO1;0,0314;1,4765;0,0368;0,3642;0,0005;-0,0380;0,9305;;True
1447,43;0.0;pa010​;20250411_094227;1;FO1;0,0317;1,4758;0,0369;0,3655;0,0013;-0,0381;0,9300;;True
1447,44;0.0;pa010​;20250411_094227;1;FO1;0,0319;1,4752;0,0369;0,3671;0,0019;-0,0383;0,9294;;True
1447,46;0.0;pa010​;20250411_094227;1;FO1;0,0322;1,4746;0,0368;0,3692;0,0027;-0,0387;0,9286;;True
1447,48;0.0;pa010​;20250411_094227;1;FO1;0,0326;1,4737;0,0367;0,3725;0,0040;-0,0391;0,9272;;True
1447,49;0.0;pa010​;20250411_094227;1;FO1;0,0328;1,4734;0,0366;0,3734;0,0042;-0,0390;0,9268;;True
1447,51;0.0;pa010​;20250411_094227;1;FO1;0,0331;1,4733;0,0366;0,3742;0,0042;-0,0388;0,9265;;True
1447,53;0.0;pa010​;20250411_094227;1;FO1;0,0335;1,4731;0,0365;0,3746;0,0041;-0,0393;0,9263;;True
1447,55;0.0;pa010​;20250411_094227;1;FO1;0,0340;1,4728;0,0360;0,3760;0,0050;-0,0406;0,9257;;True
1447,56;0.0;pa010​;20250411_094227;1;FO1;0,0343;1,4729;0,0359;0,3763;0,0056;-0,0416;0,9255;;True
1447,58;0.0;pa010​;20250411_094227;1;FO1;0,0347;1,4730;0,0359;0,3758;0,0062;-0,0426;0,9257;;True
1447,59;0.0;pa010​;20250411_094227;1;FO1;0,0350;1,4732;0,0358;0,3750;0,0069;-0,0432;0,9260;;True
1447,61;0.0;pa010​;20250411_094227;1;FO1;0,0354;1,4733;0,0358;0,3745;0,0076;-0,0436;0,9262;;True
1447,63;0.0;pa010​;20250411_094227;1;FO1;0,0357;1,4734;0,0358;0,3742;0,0083;-0,0437;0,9263;;True
1447,64;0.0;pa010​;20250411_094227;1;FO1;0,0362;1,4734;0,0358;0,3737;0,0095;-0,0441;0,9265;;True
1447,66;0.0;pa010​;20250411_094227;1;FO1;0,0365;1,4734;0,0357;0,3739;0,0102;-0,0441;0,9264;;True
1447,67;0.0;pa010​;20250411_094227;1;FO1;0,0367;1,4734;0,0358;0,3742;0,0109;-0,0443;0,9262;;True
1447,69;0.0;pa010​;20250411_094227;1;FO1;0,0369;1,4732;0,0360;0,3745;0,0113;-0,0445;0,9261;;True
1447,70;0.0;pa010​;20250411_094227;1;FO1;0,0372;1,4731;0,0362;0,3750;0,0119;-0,0449;0,9259;;True
1447,72;0.0;pa010​;20250411_094227;1;FO1;0,0375;1,4727;0,0369;0,3757;0,0125;-0,0456;0,9255;;True
1447,74;0.0;pa010​;20250411_094227;1;FO1;0,0378;1,4726;0,0375;0,3763;0,0132;-0,0458;0,9253;;True
1447,75;0.0;pa010​;20250411_094227;1;FO1;0,0380;1,4723;0,0380;0,3769;0,0137;-0,0459;0,9250;;True
1447,77;0.0;pa010​;20250411_094227;1;FO1;0,0386;1,4716;0,0392;0,3786;0,0149;-0,0461;0,9243;;True
1447,79;0.0;pa010​;20250411_094227;1;FO1;0,0390;1,4711;0,0401;0,3802;0,0158;-0,0461;0,9236;;True
1447,80;0.0;pa010​;20250411_094227;1;FO1;0,0395;1,4707;0,0411;0,3817;0,0169;-0,0463;0,9230;;True
1447,82;0.0;pa010​;20250411_094227;1;FO1;0,0402;1,4703;0,0423;0,3835;0,0184;-0,0463;0,9222;;True
1447,83;0.0;pa010​;20250411_094227;1;FO1;0,0408;1,4698;0,0434;0,3846;0,0203;-0,0465;0,9217;;True
1447,85;0.0;pa010​;20250411_094227;1;FO1;0,0415;1,4692;0,0446;0,3861;0,0222;-0,0465;0,9210;;True
1447,87;0.0;pa010​;20250411_094227;1;FO1;0,0428;1,4682;0,0471;0,3888;0,0252;-0,0455;0,9199;;True
1447,88;0.0;pa010​;20250411_094227;1;FO1;0,0434;1,4676;0,0484;0,3906;0,0268;-0,0452;0,9191;;True
1447,90;0.0;pa010​;20250411_094227;1;FO1;0,0441;1,4671;0,0497;0,3922;0,0284;-0,0454;0,9183;;True
1447,92;0.0;pa010​;20250411_094227;1;FO1;0,0447;1,4666;0,0511;0,3936;0,0299;-0,0453;0,9177;;True
1447,93;0.0;pa010​;20250411_094227;1;FO1;0,0456;1,4661;0,0527;0,3949;0,0311;-0,0458;0,9171;;True
1447,95;0.0;pa010​;20250411_094227;1;FO1;0,0473;1,4650;0,0559;0,3977;0,0335;-0,0471;0,9157;;True
1447,97;0.0;pa010​;20250411_094227;1;FO1;0,0483;1,4643;0,0579;0,3992;0,0346;-0,0484;0,9149;;True
1447,98;0.0;pa010​;20250411_094227;1;FO1;0,0491;1,4635;0,0598;0,3999;0,0360;-0,0498;0,9145;;True
1448,00;0.0;pa010​;20250411_094227;1;FO1;0,0501;1,4627;0,0619;0,4016;0,0373;-0,0505;0,9137;;True
1448,02;0.0;pa010​;20250411_094227;1;FO1;0,0510;1,4617;0,0640;0,4036;0,0381;-0,0503;0,9128;;True
1448,03;0.0;pa010​;20250411_094227;1;FO1;0,0528;1,4597;0,0683;0,4075;0,0395;-0,0503;0,9110;;True
1448,05;0.0;pa010​;20250411_094227;1;FO1;0,0537;1,4585;0,0705;0,4099;0,0405;-0,0504;0,9098;;True
1448,07;0.0;pa010​;20250411_094227;1;FO1;0,0545;1,4571;0,0727;0,4121;0,0417;-0,0508;0,9088;;True
1448,09;0.0;pa010​;20250411_094227;1;FO1;0,0553;1,4558;0,0748;0,4151;0,0422;-0,0506;0,9074;;True
1448,10;0.0;pa010​;20250411_094227;1;FO1;0,0567;1,4534;0,0790;0,4214;0,0429;-0,0509;0,9044;;True
1448,12;0.0;pa010​;20250411_094227;1;FO1;0,0572;1,4525;0,0816;0,4247;0,0429;-0,0511;0,9029;;True
1448,14;0.0;pa010​;20250411_094227;1;FO1;0,0578;1,4513;0,0845;0,4254;0,0438;-0,0515;0,9025;;True
1448,15;0.0;pa010​;20250411_094227;1;FO1;0,0584;1,4501;0,0873;0,4250;0,0457;-0,0520;0,9025;;True
1448,17;0.0;pa010​;20250411_094227;1;FO1;0,0588;1,4485;0,0897;0,4253;0,0482;-0,0530;0,9022;;True
1448,19;0.0;pa010​;20250411_094227;1;FO1;0,0592;1,4453;0,0944;0,4278;0,0526;-0,0538;0,9007;;True
1448,20;0.0;pa010​;20250411_094227;1;FO1;0,0588;1,4433;0,0965;0,4299;0,0544;-0,0532;0,8997;;True
1448,22;0.0;pa010​;20250411_094227;1;FO1;0,0580;1,4414;0,0984;0,4325;0,0553;-0,0522;0,8984;;True
1448,23;0.0;pa010​;20250411_094227;1;FO1;0,0570;1,4394;0,1002;0,4349;0,0560;-0,0516;0,8972;;True
1448,25;0.0;pa010​;20250411_094227;1;FO1;0,0558;1,4375;0,1019;0,4371;0,0569;-0,0516;0,8961;;True
1448,27;0.0;pa010​;20250411_094227;1;FO1;0,0530;1,4335;0,1052;0,4414;0,0590;-0,0523;0,8939;;True
1448,29;0.0;pa010​;20250411_094227;1;FO1;0,0511;1,4318;0,1067;0,4438;0,0596;-0,0531;0,8926;;True
1448,31;0.0;pa010​;20250411_094227;1;FO1;0,0493;1,4303;0,1082;0,4462;0,0603;-0,0536;0,8913;;True
1448,33;0.0;pa010​;20250411_094227;1;FO1;0,0455;1,4275;0,1113;0,4507;0,0623;-0,0541;0,8888;;True
1448,34;0.0;pa010​;20250411_094227;1;FO1;0,0436;1,4267;0,1130;0,4517;0,0631;-0,0540;0,8883;;True
1448,36;0.0;pa010​;20250411_094227;1;FO1;0,0416;1,4262;0,1148;0,4515;0,0644;-0,0539;0,8883;;True
1448,38;0.0;pa010​;20250411_094227;1;FO1;0,0395;1,4254;0,1166;0,4507;0,0656;-0,0540;0,8886;;True
1448,39;0.0;pa010​;20250411_094227;1;FO1;0,0350;1,4239;0,1197;0,4494;0,0667;-0,0539;0,8892;;True
1448,41;0.0;pa010​;20250411_094227;1;FO1;0,0325;1,4230;0,1211;0,4490;0,0661;-0,0532;0,8895;;True
1448,43;0.0;pa010​;20250411_094227;1;FO1;0,0303;1,4221;0,1222;0,4496;0,0649;-0,0528;0,8893;;True
1448,45;0.0;pa010​;20250411_094227;1;FO1;0,0281;1,4213;0,1230;0,4511;0,0639;-0,0526;0,8887;;True
1448,47;0.0;pa010​;20250411_094227;1;FO1;0,0240;1,4198;0,1247;0,4545;0,0640;-0,0534;0,8868;;True
1448,48;0.0;pa010​;20250411_094227;1;FO1;0,0225;1,4194;0,1256;0,4566;0,0648;-0,0540;0,8856;;True
1448,50;0.0;pa010​;20250411_094227;1;FO1;0,0209;1,4194;0,1265;0,4578;0,0655;-0,0534;0,8850;;True
1448,52;0.0;pa010​;20250411_094227;1;FO1;0,0177;1,4190;0,1281;0,4588;0,0667;-0,0526;0,8845;;True
1448,54;0.0;pa010​;20250411_094227;1;FO1;0,0163;1,4191;0,1285;0,4587;0,0677;-0,0519;0,8845;;True
1448,56;0.0;pa010​;20250411_094227;1;FO1;0,0148;1,4193;0,1290;0,4590;0,0681;-0,0510;0,8843;;True
1448,57;0.0;pa010​;20250411_094227;1;FO1;0,0119;1,4195;0,1299;0,4598;0,0686;-0,0500;0,8840;;True
1448,59;0.0;pa010​;20250411_094227;1;FO1;0,0107;1,4197;0,1304;0,4594;0,0684;-0,0495;0,8842;;True
1448,61;0.0;pa010​;20250411_094227;1;FO1;0,0093;1,4200;0,1310;0,4592;0,0684;-0,0493;0,8843;;True
1448,62;0.0;pa010​;20250411_094227;1;FO1;0,0079;1,4203;0,1315;0,4587;0,0682;-0,0489;0,8846;;True
1448,64;0.0;pa010​;20250411_094227;1;FO1;0,0068;1,4205;0,1319;0,4585;0,0676;-0,0484;0,8848;;True
1448,65;0.0;pa010​;20250411_094227;1;FO1;0,0057;1,4206;0,1321;0,4583;0,0673;-0,0483;0,8849;;True
1448,67;0.0;pa010​;20250411_094227;1;FO1;0,0037;1,4208;0,1325;0,4584;0,0666;-0,0477;0,8849;;True
1448,69;0.0;pa010​;20250411_094227;1;FO1;0,0029;1,4208;0,1325;0,4592;0,0664;-0,0477;0,8846;;True
1448,71;0.0;pa010​;20250411_094227;1;FO1;0,0021;1,4211;0,1327;0,4598;0,0661;-0,0477;0,8843;;True
1448,72;0.0;pa010​;20250411_094227;1;FO1;0,0013;1,4214;0,1331;0,4599;0,0659;-0,0472;0,8843;;True
1448,74;0.0;pa010​;20250411_094227;1;FO1;0,0006;1,4215;0,1333;0,4597;0,0655;-0,0468;0,8844;;True
1448,75;0.0;pa010​;20250411_094227;1;FO1;-0,0008;1,4220;0,1339;0,4596;0,0645;-0,0455;0,8846;;True
1448,77;0.0;pa010​;20250411_094227;1;FO1;-0,0015;1,4223;0,1341;0,4597;0,0634;-0,0451;0,8846;;True
1448,79;0.0;pa010​;20250411_094227;1;FO1;-0,0021;1,4228;0,1343;0,4598;0,0619;-0,0445;0,8847;;True
1448,81;0.0;pa010​;20250411_094227;1;FO1;-0,0034;1,4238;0,1349;0,4597;0,0601;-0,0447;0,8849;;True
1448,83;0.0;pa010​;20250411_094227;1;FO1;-0,0036;1,4243;0,1352;0,4588;0,0597;-0,0455;0,8854;;True
1448,84;0.0;pa010​;20250411_094227;1;FO1;-0,0037;1,4247;0,1355;0,4576;0,0595;-0,0459;0,8860;;True
1448,86;0.0;pa010​;20250411_094227;1;FO1;-0,0036;1,4250;0,1358;0,4567;0,0596;-0,0467;0,8864;;True
1448,88;0.0;pa010​;20250411_094227;1;FO1;-0,0036;1,4255;0,1361;0,4558;0,0599;-0,0476;0,8868;;True
1448,90;0.0;pa010​;20250411_094227;1;FO1;-0,0035;1,4255;0,1360;0,4566;0,0611;-0,0477;0,8863;;True
1448,91;0.0;pa010​;20250411_094227;1;FO1;-0,0036;1,4258;0,1363;0,4573;0,0616;-0,0474;0,8859;;True
1448,93;0.0;pa010​;20250411_094227;1;FO1;-0,0035;1,4259;0,1363;0,4576;0,0622;-0,0472;0,8857;;True
1448,95;0.0;pa010​;20250411_094227;1;FO1;-0,0034;1,4261;0,1366;0,4580;0,0638;-0,0470;0,8854;;True
1448,97;0.0;pa010​;20250411_094227;1;FO1;-0,0032;1,4260;0,1367;0,4582;0,0642;-0,0464;0,8853;;True
1448,98;0.0;pa010​;20250411_094227;1;FO1;-0,0031;1,4259;0,1367;0,4585;0,0645;-0,0461;0,8852;;True
1449,00;0.0;pa010​;20250411_094227;1;FO1;-0,0032;1,4258;0,1370;0,4588;0,0638;-0,0457;0,8850;;True
1449,01;0.0;pa010​;20250411_094227;1;FO1;-0,0034;1,4257;0,1374;0,4586;0,0632;-0,0467;0,8852;;True
1449,03;0.0;pa010​;20250411_094227;1;FO1;-0,0037;1,4255;0,1381;0,4578;0,0627;-0,0479;0,8855;;True
1449,05;0.0;pa010​;20250411_094227;1;FO1;-0,0042;1,4255;0,1386;0,4572;0,0612;-0,0483;0,8859;;True
1449,07;0.0;pa010​;20250411_094227;1;FO1;-0,0046;1,4255;0,1387;0,4574;0,0599;-0,0487;0,8859;;True
1449,08;0.0;pa010​;20250411_094227;1;FO1;-0,0049;1,4255;0,1387;0,4579;0,0587;-0,0490;0,8857;;True
1449,10;0.0;pa010​;20250411_094227;1;FO1;-0,0051;1,4255;0,1388;0,4588;0,0581;-0,0493;0,8853;;True
1449,12;0.0;pa010​;20250411_094227;1;FO1;-0,0053;1,4254;0,1386;0,4601;0,0572;-0,0502;0,8846;;True
1449,14;0.0;pa010​;20250411_094227;1;FO1;-0,0054;1,4256;0,1385;0,4597;0,0571;-0,0500;0,8848;;True
1449,15;0.0;pa010​;20250411_094227;1;FO1;-0,0053;1,4258;0,1384;0,4591;0,0573;-0,0498;0,8851;;True
1449,17;0.0;pa010​;20250411_094227;1;FO1;-0,0052;1,4262;0,1384;0,4581;0,0579;-0,0494;0,8857;;True
1449,19;0.0;pa010​;20250411_094227;1;FO1;-0,0050;1,4267;0,1383;0,4564;0,0585;-0,0485;0,8865;;True
1449,20;0.0;pa010​;20250411_094227;1;FO1;-0,0049;1,4273;0,1383;0,4545;0,0596;-0,0483;0,8874;;True
1449,22;0.0;pa010​;20250411_094227;1;FO1;-0,0049;1,4279;0,1382;0,4527;0,0606;-0,0477;0,8883;;True
1449,23;0.0;pa010​;20250411_094227;1;FO1;-0,0049;1,4286;0,1380;0,4506;0,0605;-0,0475;0,8894;;True
1449,25;0.0;pa010​;20250411_094227;1;FO1;-0,0049;1,4292;0,1377;0,4488;0,0598;-0,0474;0,8903;;True
1449,27;0.0;pa010​;20250411_094227;1;FO1;-0,0050;1,4305;0,1371;0,4454;0,0583;-0,0475;0,8922;;True
1449,29;0.0;pa010​;20250411_094227;1;FO1;-0,0050;1,4313;0,1367;0,4434;0,0576;-0,0480;0,8932;;True
1449,30;0.0;pa010​;20250411_094227;1;FO1;-0,0048;1,4319;0,1362;0,4409;0,0571;-0,0485;0,8944;;True
1449,32;0.0;pa010​;20250411_094227;1;FO1;-0,0048;1,4327;0,1355;0,4387;0,0571;-0,0487;0,8955;;True
1449,33;0.0;pa010​;20250411_094227;1;FO1;-0,0048;1,4335;0,1346;0,4369;0,0570;-0,0490;0,8963;;True
1449,35;0.0;pa010​;20250411_094227;1;FO1;-0,0045;1,4351;0,1328;0,4339;0,0566;-0,0496;0,8978;;True
1449,37;0.0;pa010​;20250411_094227;1;FO1;-0,0044;1,4359;0,1318;0,4325;0,0565;-0,0496;0,8985;;True
1449,38;0.0;pa010​;20250411_094227;1;FO1;-0,0043;1,4368;0,1308;0,4307;0,0565;-0,0496;0,8993;;True
1449,40;0.0;pa010​;20250411_094227;1;FO1;-0,0041;1,4377;0,1298;0,4286;0,0566;-0,0498;0,9004;;True
1449,42;0.0;pa010​;20250411_094227;1;FO1;-0,0040;1,4385;0,1286;0,4267;0,0567;-0,0502;0,9012;;True
1449,43;0.0;pa010​;20250411_094227;1;FO1;-0,0039;1,4393;0,1274;0,4253;0,0570;-0,0505;0,9018;;True
1449,45;0.0;pa010​;20250411_094227;1;FO1;-0,0037;1,4407;0,1247;0,4226;0,0576;-0,0511;0,9031;;True
1449,47;0.0;pa010​;20250411_094227;1;FO1;-0,0037;1,4415;0,1231;0,4219;0,0579;-0,0517;0,9033;;True
1449,48;0.0;pa010​;20250411_094227;1;FO1;-0,0037;1,4423;0,1217;0,4209;0,0583;-0,0521;0,9037;;True
1449,50;0.0;pa010​;20250411_094227;1;FO1;-0,0038;1,4431;0,1203;0,4196;0,0587;-0,0525;0,9043;;True
1449,52;0.0;pa010​;20250411_094227;1;FO1;-0,0039;1,4445;0,1174;0,4164;0,0592;-0,0536;0,9057;;True
1449,53;0.0;pa010​;20250411_094227;1;FO1;-0,0041;1,4452;0,1160;0,4143;0,0595;-0,0541;0,9066;;True
1449,55;0.0;pa010​;20250411_094227;1;FO1;-0,0041;1,4458;0,1145;0,4122;0,0599;-0,0544;0,9075;;True
1449,57;0.0;pa010​;20250411_094227;1;FO1;-0,0043;1,4463;0,1129;0,4111;0,0607;-0,0550;0,9079;;True
1449,58;0.0;pa010​;20250411_094227;1;FO1;-0,0044;1,4468;0,1114;0,4106;0,0618;-0,0562;0,9080;;True
1449,60;0.0;pa010​;20250411_094227;1;FO1;-0,0048;1,4476;0,1082;0,4091;0,0633;-0,0569;0,9085;;True
1449,62;0.0;pa010​;20250411_094227;1;FO1;-0,0050;1,4481;0,1066;0,4087;0,0638;-0,0568;0,9087;;True
1449,63;0.0;pa010​;20250411_094227;1;FO1;-0,0052;1,4483;0,1050;0,4075;0,0648;-0,0569;0,9091;;True
1449,65;0.0;pa010​;20250411_094227;1;FO1;-0,0054;1,4487;0,1035;0,4065;0,0656;-0,0571;0,9095;;True
1449,67;0.0;pa010​;20250411_094227;1;FO1;-0,0055;1,4491;0,1019;0,4053;0,0667;-0,0574;0,9099;;True
1449,69;0.0;pa010​;20250411_094227;1;FO1;-0,0058;1,4497;0,0986;0,4033;0,0684;-0,0575;0,9107;;True
1449,70;0.0;pa010​;20250411_094227;1;FO1;-0,0059;1,4499;0,0970;0,4030;0,0689;-0,0575;0,9108;;True
1449,72;0.0;pa010​;20250411_094227;1;FO1;-0,0060;1,4503;0,0953;0,4026;0,0695;-0,0576;0,9109;;True
1449,74;0.0;pa010​;20250411_094227;1;FO1;-0,0060;1,4509;0,0938;0,4016;0,0700;-0,0578;0,9113;;True
1449,75;0.0;pa010​;20250411_094227;1;FO1;-0,0060;1,4515;0,0923;0,3998;0,0703;-0,0576;0,9121;;True
1449,77;0.0;pa010​;20250411_094227;1;FO1;-0,0060;1,4525;0,0890;0,3961;0,0712;-0,0584;0,9136;;True
1449,79;0.0;pa010​;20250411_094227;1;FO1;-0,0060;1,4532;0,0873;0,3944;0,0719;-0,0594;0,9142;;True
1449,80;0.0;pa010​;20250411_094227;1;FO1;-0,0059;1,4538;0,0856;0,3930;0,0724;-0,0600;0,9147;;True
1449,82;0.0;pa010​;20250411_094227;1;FO1;-0,0059;1,4545;0,0840;0,3918;0,0729;-0,0605;0,9151;;True
1449,84;0.0;pa010​;20250411_094227;1;FO1;-0,0057;1,4553;0,0826;0,3905;0,0733;-0,0607;0,9157;;True
1449,85;0.0;pa010​;20250411_094227;1;FO1;-0,0054;1,4569;0,0798;0,3870;0,0742;-0,0610;0,9171;;True
1449,87;0.0;pa010​;20250411_094227;1;FO1;-0,0051;1,4580;0,0787;0,3849;0,0745;-0,0609;0,9179;;True
1449,89;0.0;pa010​;20250411_094227;1;FO1;-0,0048;1,4589;0,0776;0,3828;0,0749;-0,0606;0,9188;;True
1449,90;0.0;pa010​;20250411_094227;1;FO1;-0,0045;1,4596;0,0764;0,3809;0,0752;-0,0606;0,9195;;True
1449,92;0.0;pa010​;20250411_094227;1;FO1;-0,0042;1,4602;0,0752;0,3795;0,0757;-0,0606;0,9201;;True
1449,93;0.0;pa010​;20250411_094227;1;FO1;-0,0037;1,4615;0,0730;0,3769;0,0764;-0,0606;0,9211;;True
1449,95;0.0;pa010​;20250411_094227;1;FO1;-0,0033;1,4619;0,0721;0,3764;0,0762;-0,0611;0,9213;;True
1449,97;0.0;pa010​;20250411_094227;1;FO1;-0,0030;1,4622;0,0712;0,3758;0,0760;-0,0612;0,9215;;True
1449,98;0.0;pa010​;20250411_094227;1;FO1;-0,0026;1,4624;0,0705;0,3758;0,0755;-0,0618;0,9216;;True
1450,00;0.0;pa010​;20250411_094227;1;FO1;-0,0020;1,4626;0,0700;0,3755;0,0750;-0,0623;0,9217;;True
1450,02;0.0;pa010​;20250411_094227;1;FO1;-0,0009;1,4634;0,0693;0,3747;0,0745;-0,0636;0,9219;;True
1450,04;0.0;pa010​;20250411_094227;1;FO1;0,0001;1,4638;0,0690;0,3737;0,0749;-0,0651;0,9222;;True
1450,05;0.0;pa010​;20250411_094227;1;FO1;0,0010;1,4642;0,0688;0,3732;0,0757;-0,0666;0,9223;;True
1450,07;0.0;pa010​;20250411_094227;1;FO1;0,0018;1,4644;0,0687;0,3730;0,0765;-0,0680;0,9222;;True
1450,08;0.0;pa010​;20250411_094227;1;FO1;0,0025;1,4645;0,0685;0,3727;0,0782;-0,0697;0,9220;;True
1450,10;0.0;pa010​;20250411_094227;1;FO1;0,0032;1,4644;0,0686;0,3722;0,0800;-0,0711;0,9219;;True
1450,12;0.0;pa010​;20250411_094227;1;FO1;0,0048;1,4643;0,0690;0,3715;0,0829;-0,0724;0,9219;;True
1450,13;0.0;pa010​;20250411_094227;1;FO1;0,0053;1,4642;0,0693;0,3710;0,0856;-0,0733;0,9218;;True
1450,15;0.0;pa010​;20250411_094227;1;FO1;0,0059;1,4640;0,0696;0,3712;0,0877;-0,0735;0,9215;;True
1450,17;0.0;pa010​;20250411_094227;1;FO1;0,0063;1,4636;0,0702;0,3717;0,0890;-0,0731;0,9212;;True
1450,18;0.0;pa010​;20250411_094227;1;FO1;0,0067;1,4630;0,0708;0,3719;0,0904;-0,0731;0,9209;;True
1450,20;0.0;pa010​;20250411_094227;1;FO1;0,0075;1,4615;0,0721;0,3721;0,0925;-0,0736;0,9206;;True
1450,22;0.0;pa010​;20250411_094227;1;FO1;0,0077;1,4607;0,0728;0,3731;0,0930;-0,0743;0,9201;;True
1450,23;0.0;pa010​;20250411_094227;1;FO1;0,0081;1,4597;0,0733;0,3749;0,0933;-0,0755;0,9192;;True
1450,25;0.0;pa010​;20250411_094227;1;FO1;0,0085;1,4587;0,0738;0,3773;0,0936;-0,0772;0,9181;;True
1450,27;0.0;pa010​;20250411_094227;1;FO1;0,0087;1,4576;0,0744;0,3799;0,0939;-0,0788;0,9169;;True
1450,28;0.0;pa010​;20250411_094227;1;FO1;0,0092;1,4551;0,0756;0,3843;0,0946;-0,0816;0,9147;;True
1450,30;0.0;pa010​;20250411_094227;1;FO1;0,0095;1,4538;0,0760;0,3875;0,0953;-0,0831;0,9131;;True
1450,32;0.0;pa010​;20250411_094227;1;FO1;0,0099;1,4525;0,0766;0,3913;0,0962;-0,0849;0,9113;;True
1450,33;0.0;pa010​;20250411_094227;1;FO1;0,0103;1,4513;0,0769;0,3945;0,0974;-0,0861;0,9096;;True
1450,35;0.0;pa010​;20250411_094227;1;FO1;0,0107;1,4499;0,0772;0,3975;0,0982;-0,0865;0,9082;;True
1450,37;0.0;pa010​;20250411_094227;1;FO1;0,0116;1,4473;0,0776;0,4028;0,1006;-0,0872;0,9056;;True
1450,38;0.0;pa010​;20250411_094227;1;FO1;0,0120;1,4460;0,0777;0,4049;0,1025;-0,0862;0,9045;;True
1450,40;0.0;pa010​;20250411_094227;1;FO1;0,0125;1,4447;0,0776;0,4071;0,1033;-0,0847;0,9036;;True
1450,42;0.0;pa010​;20250411_094227;1;FO1;0,0131;1,4437;0,0771;0,4090;0,1042;-0,0841;0,9027;;True
1450,43;0.0;pa010​;20250411_094227;1;FO1;0,0140;1,4430;0,0766;0,4108;0,1047;-0,0839;0,9018;;True
1450,45;0.0;pa010​;20250411_094227;1;FO1;0,0156;1,4418;0,0751;0,4136;0,1062;-0,0841;0,9003;;True
1450,47;0.0;pa010​;20250411_094227;1;FO1;0,0163;1,4415;0,0738;0,4137;0,1066;-0,0847;0,9001;;True
1450,48;0.0;pa010​;20250411_094227;1;FO1;0,0169;1,4416;0,0723;0,4146;0,1062;-0,0846;0,8998;;True
1450,50;0.0;pa010​;20250411_094227;1;FO1;0,0175;1,4418;0,0707;0,4155;0,1051;-0,0845;0,8995;;True
1450,51;0.0;pa010​;20250411_094227;1;FO1;0,0181;1,4420;0,0690;0,4154;0,1039;-0,0842;0,8997;;True
1450,53;0.0;pa010​;20250411_094227;1;FO1;0,0190;1,4424;0,0672;0,4152;0,1025;-0,0833;0,9001;;True
1450,55;0.0;pa010​;20250411_094227;1;FO1;0,0207;1,4434;0,0634;0,4158;0,1007;-0,0820;0,9002;;True
1450,56;0.0;pa010​;20250411_094227;1;FO1;0,0216;1,4439;0,0610;0,4153;0,1005;-0,0815;0,9004;;True
1450,58;0.0;pa010​;20250411_094227;1;FO1;0,0226;1,4446;0,0586;0,4157;0,1001;-0,0808;0,9003;;True
1450,59;0.0;pa010​;20250411_094227;1;FO1;0,0237;1,4455;0,0566;0,4168;0,1000;-0,0804;0,8999;;True
1450,61;0.0;pa010​;20250411_094227;1;FO1;0,0249;1,4465;0,0551;0,4170;0,0998;-0,0797;0,8999;;True
1450,63;0.0;pa010​;20250411_094227;1;FO1;0,0276;1,4479;0,0526;0,4141;0,0993;-0,0779;0,9015;;True
1450,65;0.0;pa010​;20250411_094227;1;FO1;0,0291;1,4479;0,0512;0,4107;0,0995;-0,0776;0,9030;;True
1450,66;0.0;pa010​;20250411_094227;1;FO1;0,0308;1,4480;0,0502;0,4120;0,0993;-0,0776;0,9025;;True
1450,68;0.0;pa010​;20250411_094227;1;FO1;0,0325;1,4479;0,0489;0,4121;0,0987;-0,0777;0,9024;;True
1450,70;0.0;pa010​;20250411_094227;1;FO1;0,0340;1,4476;0,0475;0,4130;0,0992;-0,0795;0,9018;;True
1450,71;0.0;pa010​;20250411_094227;1;FO1;0,0356;1,4472;0,0459;0,4138;0,0999;-0,0812;0,9012;;True
1450,73;0.0;pa010​;20250411_094227;1;FO1;0,0386;1,4464;0,0428;0,4151;0,0997;-0,0819;0,9006;;True
1450,75;0.0;pa010​;20250411_094227;1;FO1;0,0400;1,4459;0,0410;0,4162;0,0987;-0,0816;0,9002;;True
1450,76;0.0;pa010​;20250411_094227;1;FO1;0,0412;1,4454;0,0391;0,4181;0,0969;-0,0803;0,8996;;True
1450,78;0.0;pa010​;20250411_094227;1;FO1;0,0427;1,4451;0,0371;0,4201;0,0945;-0,0789;0,8991;;True
1450,79;0.0;pa010​;20250411_094227;1;FO1;0,0441;1,4448;0,0352;0,4214;0,0931;-0,0784;0,8987;;True
1450,81;0.0;pa010​;20250411_094227;1;FO1;0,0472;1,4445;0,0314;0,4233;0,0905;-0,0781;0,8981;;True
1450,83;0.0;pa010​;20250411_094227;1;FO1;0,0492;1,4446;0,0295;0,4233;0,0890;-0,0786;0,8982;;True
1450,84;0.0;pa010​;20250411_094227;1;FO1;0,0511;1,4447;0,0275;0,4229;0,0882;-0,0797;0,8983;;True
1450,86;0.0;pa010​;20250411_094227;1;FO1;0,0533;1,4448;0,0257;0,4222;0,0881;-0,0814;0,8985;;True
1450,87;0.0;pa010​;20250411_094227;1;FO1;0,0555;1,4446;0,0238;0,4210;0,0881;-0,0825;0,8990;;True
1450,89;0.0;pa010​;20250411_094227;1;FO1;0,0577;1,4444;0,0216;0,4198;0,0879;-0,0833;0,8995;;True
1450,91;0.0;pa010​;20250411_094227;1;FO1;0,0623;1,4440;0,0173;0,4192;0,0882;-0,0855;0,8996;;True
1450,93;0.0;pa010​;20250411_094227;1;FO1;0,0646;1,4439;0,0151;0,4185;0,0888;-0,0863;0,8998;;True
1450,94;0.0;pa010​;20250411_094227;1;FO1;0,0669;1,4438;0,0129;0,4175;0,0891;-0,0870;0,9001;;True
1450,96;0.0;pa010​;20250411_094227;1;FO1;0,0692;1,4439;0,0108;0,4162;0,0891;-0,0875;0,9007;;True
1450,97;0.0;pa010​;20250411_094227;1;FO1;0,0716;1,4440;0,0088;0,4146;0,0895;-0,0880;0,9013;;True
1450,99;0.0;pa010​;20250411_094227;1;FO1;0,0765;1,4442;0,0049;0,4117;0,0900;-0,0899;0,9024;;True
1451,01;0.0;pa010​;20250411_094227;1;FO1;0,0790;1,4444;0,0031;0,4098;0,0911;-0,0913;0,9030;;True
1451,02;0.0;pa010​;20250411_094227;1;FO1;0,0814;1,4443;0,0013;0,4082;0,0926;-0,0931;0,9034;;True
1451,04;0.0;pa010​;20250411_094227;1;FO1;0,0837;1,4442;-0,0005;0,4073;0,0939;-0,0945;0,9035;;True
1451,06;0.0;pa010​;20250411_094227;1;FO1;0,0859;1,4438;-0,0023;0,4070;0,0952;-0,0963;0,9033;;True
1451,07;0.0;pa010​;20250411_094227;1;FO1;0,0880;1,4432;-0,0041;0,4066;0,0965;-0,0979;0,9032;;True
1451,09;0.0;pa010​;20250411_094227;1;FO1;0,0920;1,4416;-0,0076;0,4065;0,0987;-0,1010;0,9027;;True
1451,11;0.0;pa010​;20250411_094227;1;FO1;0,0937;1,4408;-0,0093;0,4083;0,0995;-0,1016;0,9017;;True
1451,12;0.0;pa010​;20250411_094227;1;FO1;0,0952;1,4403;-0,0107;0,4096;0,0997;-0,1016;0,9011;;True
1451,15;0.0;pa010​;20250411_094227;1;FO1;0,0983;1,4398;-0,0131;0,4102;0,1006;-0,1022;0,9007;;True
1451,16;0.0;pa010​;20250411_094227;1;FO1;0,0997;1,4400;-0,0140;0,4095;0,1012;-0,1020;0,9009;;True
1451,18;0.0;pa010​;20250411_094227;1;FO1;0,1009;1,4402;-0,0148;0,4081;0,1018;-0,1020;0,9015;;True
1451,19;0.0;pa010​;20250411_094227;1;FO1;0,1021;1,4404;-0,0159;0,4065;0,1020;-0,1017;0,9022;;True
1451,21;0.0;pa010​;20250411_094227;1;FO1;0,1031;1,4407;-0,0169;0,4060;0,1020;-0,1010;0,9025;;True
1451,23;0.0;pa010​;20250411_094227;1;FO1;0,1051;1,4412;-0,0188;0,4044;0,1036;-0,1011;0,9031;;True
1451,24;0.0;pa010​;20250411_094227;1;FO1;0,1062;1,4415;-0,0198;0,4038;0,1040;-0,1007;0,9033;;True
1451,26;0.0;pa010​;20250411_094227;1;FO1;0,1071;1,4419;-0,0206;0,4034;0,1049;-0,1003;0,9035;;True
1451,28;0.0;pa010​;20250411_094227;1;FO1;0,1081;1,4424;-0,0215;0,4029;0,1062;-0,0996;0,9036;;True
1451,29;0.0;pa010​;20250411_094227;1;FO1;0,1090;1,4428;-0,0225;0,4024;0,1075;-0,0986;0,9038;;True
1451,31;0.0;pa010​;20250411_094227;1;FO1;0,1109;1,4437;-0,0244;0,4012;0,1098;-0,0969;0,9042;;True
1451,33;0.0;pa010​;20250411_094227;1;FO1;0,1118;1,4440;-0,0251;0,4006;0,1116;-0,0959;0,9043;;True
1451,34;0.0;pa010​;20250411_094227;1;FO1;0,1126;1,4442;-0,0258;0,3995;0,1129;-0,0949;0,9048;;True
1451,36;0.0;pa010​;20250411_094227;1;FO1;0,1132;1,4444;-0,0265;0,3988;0,1139;-0,0939;0,9051;;True
1451,37;0.0;pa010​;20250411_094227;1;FO1;0,1138;1,4444;-0,0272;0,3985;0,1148;-0,0933;0,9052;;True
1451,39;0.0;pa010​;20250411_094227;1;FO1;0,1142;1,4446;-0,0278;0,3983;0,1149;-0,0924;0,9053;;True
1451,41;0.0;pa010​;20250411_094227;1;FO1;0,1151;1,4448;-0,0291;0,3973;0,1151;-0,0908;0,9059;;True
1451,42;0.0;pa010​;20250411_094227;1;FO1;0,1154;1,4453;-0,0297;0,3979;0,1147;-0,0909;0,9057;;True
1451,44;0.0;pa010​;20250411_094227;1;FO1;0,1157;1,4459;-0,0300;0,3966;0,1140;-0,0912;0,9063;;True
1451,46;0.0;pa010​;20250411_094227;1;FO1;0,1160;1,4467;-0,0303;0,3944;0,1133;-0,0913;0,9074;;True
1451,47;0.0;pa010​;20250411_094227;1;FO1;0,1164;1,4473;-0,0306;0,3914;0,1127;-0,0916;0,9087;;True
1451,49;0.0;pa010​;20250411_094227;1;FO1;0,1168;1,4487;-0,0313;0,3865;0,1117;-0,0916;0,9109;;True
1451,51;0.0;pa010​;20250411_094227;1;FO1;0,1169;1,4492;-0,0320;0,3842;0,1109;-0,0916;0,9120;;True
1451,52;0.0;pa010​;20250411_094227;1;FO1;0,1169;1,4497;-0,0327;0,3826;0,1099;-0,0914;0,9128;;True
1451,54;0.0;pa010​;20250411_094227;1;FO1;0,1170;1,4502;-0,0333;0,3812;0,1087;-0,0910;0,9136;;True
1451,55;0.0;pa010​;20250411_094227;1;FO1;0,1171;1,4506;-0,0339;0,3798;0,1081;-0,0905;0,9143;;True
1451,57;0.0;pa010​;20250411_094227;1;FO1;0,1173;1,4510;-0,0344;0,3784;0,1074;-0,0898;0,9150;;True
1451,59;0.0;pa010​;20250411_094227;1;FO1;0,1173;1,4518;-0,0356;0,3766;0,1060;-0,0883;0,9161;;True
1451,60;0.0;pa010​;20250411_094227;1;FO1;0,1173;1,4519;-0,0363;0,3763;0,1051;-0,0882;0,9163;;True
1451,62;0.0;pa010​;20250411_094227;1;FO1;0,1173;1,4522;-0,0370;0,3762;0,1038;-0,0878;0,9165;;True
1451,64;0.0;pa010​;20250411_094227;1;FO1;0,1173;1,4523;-0,0378;0,3758;0,1031;-0,0881;0,9167;;True
1451,66;0.0;pa010​;20250411_094227;1;FO1;0,1173;1,4527;-0,0393;0,3753;0,1013;-0,0888;0,9171;;True
1451,67;0.0;pa010​;20250411_094227;1;FO1;0,1175;1,4530;-0,0398;0,3749;0,0999;-0,0890;0,9174;;True
1451,69;0.0;pa010​;20250411_094227;1;FO1;0,1176;1,4532;-0,0403;0,3732;0,0990;-0,0892;0,9181;;True
1451,71;0.0;pa010​;20250411_094227;1;FO1;0,1179;1,4536;-0,0410;0,3711;0,0979;-0,0890;0,9191;;True
1451,72;0.0;pa010​;20250411_094227;1;FO1;0,1180;1,4539;-0,0418;0,3697;0,0971;-0,0890;0,9198;;True
1451,74;0.0;pa010​;20250411_094227;1;FO1;0,1183;1,4543;-0,0427;0,3688;0,0963;-0,0893;0,9202;;True
1451,76;0.0;pa010​;20250411_094227;1;FO1;0,1188;1,4550;-0,0446;0,3670;0,0945;-0,0894;0,9211;;True
1451,77;0.0;pa010​;20250411_094227;1;FO1;0,1192;1,4553;-0,0455;0,3656;0,0941;-0,0896;0,9217;;True
1451,79;0.0;pa010​;20250411_094227;1;FO1;0,1197;1,4555;-0,0464;0,3643;0,0933;-0,0897;0,9223;;True
1451,80;0.0;pa010​;20250411_094227;1;FO1;0,1201;1,4559;-0,0473;0,3626;0,0926;-0,0901;0,9229;;True
1451,82;0.0;pa010​;20250411_094227;1;FO1;0,1205;1,4563;-0,0483;0,3611;0,0920;-0,0912;0,9235;;True
1451,84;0.0;pa010​;20250411_094227;1;FO1;0,1212;1,4571;-0,0505;0,3579;0,0907;-0,0923;0,9248;;True
1451,86;0.0;pa010​;20250411_094227;1;FO1;0,1216;1,4575;-0,0515;0,3564;0,0896;-0,0930;0,9254;;True
1451,87;0.0;pa010​;20250411_094227;1;FO1;0,1220;1,4578;-0,0526;0,3552;0,0892;-0,0938;0,9258;;True
1451,89;0.0;pa010​;20250411_094227;1;FO1;0,1224;1,4580;-0,0536;0,3549;0,0891;-0,0948;0,9258;;True
1451,91;0.0;pa010​;20250411_094227;1;FO1;0,1228;1,4582;-0,0547;0,3543;0,0889;-0,0956;0,9260;;True
1451,92;0.0;pa010​;20250411_094227;1;FO1;0,1235;1,4588;-0,0565;0,3523;0,0882;-0,0970;0,9267;;True
1451,94;0.0;pa010​;20250411_094227;1;FO1;0,1239;1,4596;-0,0571;0,3504;0,0877;-0,0969;0,9274;;True
1451,96;0.0;pa010​;20250411_094227;1;FO1;0,1242;1,4604;-0,0575;0,3468;0,0868;-0,0966;0,9289;;True
1451,97;0.0;pa010​;20250411_094227;1;FO1;0,1243;1,4612;-0,0580;0,3423;0,0863;-0,0963;0,9306;;True
1451,99;0.0;pa010​;20250411_094227;1;FO1;0,1244;1,4618;-0,0585;0,3391;0,0857;-0,0962;0,9319;;True
1452,01;0.0;pa010​;20250411_094227;1;FO1;0,1245;1,4632;-0,0596;0,3343;0,0842;-0,0954;0,9338;;True
1452,02;0.0;pa010​;20250411_094227;1;FO1;0,1244;1,4637;-0,0602;0,3320;0,0835;-0,0951;0,9348;;True
1452,04;0.0;pa010​;20250411_094227;1;FO1;0,1242;1,4644;-0,0606;0,3303;0,0828;-0,0945;0,9355;;True
1452,06;0.0;pa010​;20250411_094227;1;FO1;0,1241;1,4652;-0,0611;0,3277;0,0818;-0,0946;0,9365;;True
1452,07;0.0;pa010​;20250411_094227;1;FO1;0,1240;1,4666;-0,0614;0,3240;0,0806;-0,0944;0,9379;;True
1452,09;0.0;pa010​;20250411_094227;1;FO1;0,1236;1,4700;-0,0615;0,3148;0,0785;-0,0945;0,9412;;True
1452,11;0.0;pa010​;20250411_094227;1;FO1;0,1231;1,4727;-0,0615;0,3058;0,0760;-0,0944;0,9443;;True
1452,12;0.0;pa010​;20250411_094227;1;FO1;0,1227;1,4754;-0,0613;0,2957;0,0727;-0,0932;0,9479;;True
1452,14;0.0;pa010​;20250411_094227;1;FO1;0,1225;1,4789;-0,0612;0,2841;0,0694;-0,0923;0,9518;;True
1452,16;0.0;pa010​;20250411_094227;1;FO1;0,1215;1,4855;-0,0609;0,2618;0,0634;-0,0906;0,9588;;True
1452,17;0.0;pa010​;20250411_094227;1;FO1;0,1207;1,4889;-0,0610;0,2490;0,0596;-0,0909;0,9624;;True
1452,19;0.0;pa010​;20250411_094227;1;FO1;0,1199;1,4921;-0,0611;0,2375;0,0553;-0,0916;0,9655;;True
1452,21;0.0;pa010​;20250411_094227;1;FO1;0,1190;1,4948;-0,0614;0,2273;0,0509;-0,0916;0,9682;;True
1452,22;0.0;pa010​;20250411_094227;1;FO1;0,1180;1,4973;-0,0617;0,2193;0,0467;-0,0907;0,9703;;True
1452,24;0.0;pa010​;20250411_094227;1;FO1;0,1162;1,5019;-0,0622;0,2045;0,0395;-0,0887;0,9740;;True
1452,26;0.0;pa010​;20250411_094227;1;FO1;0,1156;1,5032;-0,0624;0,2013;0,0368;-0,0866;0,9750;;True
1452,27;0.0;pa010​;20250411_094227;1;FO1;0,1151;1,5045;-0,0624;0,1992;0,0341;-0,0852;0,9757;;True
1452,29;0.0;pa010​;20250411_094227;1;FO1;0,1142;1,5055;-0,0625;0,1971;0,0332;-0,0834;0,9763;;True
1452,31;0.0;pa010​;20250411_094227;1;FO1;0,1137;1,5065;-0,0624;0,1955;0,0305;-0,0823;0,9768;;True
1452,33;0.0;pa010​;20250411_094227;1;FO1;0,1123;1,5085;-0,0624;0,1911;0,0260;-0,0804;0,9779;;True
1452,34;0.0;pa010​;20250411_094227;1;FO1;0,1118;1,5093;-0,0621;0,1899;0,0241;-0,0795;0,9783;;True
1452,36;0.0;pa010​;20250411_094227;1;FO1;0,1114;1,5101;-0,0616;0,1880;0,0226;-0,0781;0,9788;;True
1452,38;0.0;pa010​;20250411_094227;1;FO1;0,1112;1,5107;-0,0614;0,1859;0,0217;-0,0779;0,9792;;True
1452,39;0.0;pa010​;20250411_094227;1;FO1;0,1105;1,5121;-0,0610;0,1827;0,0204;-0,0761;0,9800;;True
1452,41;0.0;pa010​;20250411_094227;1;FO1;0,1102;1,5129;-0,0606;0,1812;0,0191;-0,0759;0,9803;;True
1452,43;0.0;pa010​;20250411_094227;1;FO1;0,1097;1,5135;-0,0603;0,1789;0,0173;-0,0762;0,9808;;True
1452,44;0.0;pa010​;20250411_094227;1;FO1;0,1091;1,5140;-0,0602;0,1769;0,0149;-0,0763;0,9812;;True
1452,46;0.0;pa010​;20250411_094227;1;FO1;0,1080;1,5149;-0,0597;0,1741;0,0098;-0,0766;0,9817;;True
1452,48;0.0;pa010​;20250411_094227;1;FO1;0,1072;1,5153;-0,0593;0,1744;0,0068;-0,0764;0,9817;;True
1452,49;0.0;pa010​;20250411_094227;1;FO1;0,1066;1,5155;-0,0588;0,1751;0,0043;-0,0764;0,9816;;True
1452,51;0.0;pa010​;20250411_094227;1;FO1;0,1060;1,5156;-0,0583;0,1767;0,0028;-0,0760;0,9813;;True
1452,53;0.0;pa010​;20250411_094227;1;FO1;0,1054;1,5153;-0,0577;0,1793;0,0017;-0,0750;0,9809;;True
1452,54;0.0;pa010​;20250411_094227;1;FO1;0,1047;1,5149;-0,0570;0,1819;0,0008;-0,0739;0,9805;;True
1452,56;0.0;pa010​;20250411_094227;1;FO1;0,1033;1,5138;-0,0556;0,1875;-0,0011;-0,0717;0,9796;;True
1452,58;0.0;pa010​;20250411_094227;1;FO1;0,1027;1,5124;-0,0549;0,1924;-0,0020;-0,0703;0,9788;;True
1452,59;0.0;pa010​;20250411_094227;1;FO1;0,1021;1,5109;-0,0542;0,1991;-0,0028;-0,0685;0,9776;;True
1452,61;0.0;pa010​;20250411_094227;1;FO1;0,1013;1,5093;-0,0534;0,2053;-0,0028;-0,0671;0,9764;;True
1452,63;0.0;pa010​;20250411_094227;1;FO1;0,1007;1,5083;-0,0523;0,2098;-0,0029;-0,0655;0,9755;;True
1452,64;0.0;pa010​;20250411_094227;1;FO1;0,0995;1,5064;-0,0504;0,2176;-0,0019;-0,0626;0,9740;;True
1452,66;0.0;pa010​;20250411_094227;1;FO1;0,0990;1,5053;-0,0496;0,2206;-0,0008;-0,0610;0,9735;;True
1452,68;0.0;pa010​;20250411_094227;1;FO1;0,0984;1,5039;-0,0490;0,2242;0,0000;-0,0600;0,9727;;True
1452,69;0.0;pa010​;20250411_094227;1;FO1;0,0976;1,5031;-0,0484;0,2279;0,0002;-0,0583;0,9719;;True
1452,71;0.0;pa010​;20250411_094227;1;FO1;0,0970;1,5022;-0,0477;0,2303;-0,0006;-0,0564;0,9715;;True
1452,73;0.0;pa010​;20250411_094227;1;FO1;0,0961;1,5016;-0,0472;0,2324;-0,0009;-0,0545;0,9711;;True
1452,74;0.0;pa010​;20250411_094227;1;FO1;0,0945;1,5001;-0,0463;0,2368;-0,0016;-0,0518;0,9702;;True
1452,76;0.0;pa010​;20250411_094227;1;FO1;0,0935;1,4995;-0,0458;0,2388;-0,0025;-0,0502;0,9698;;True
1452,77;0.0;pa010​;20250411_094227;1;FO1;0,0926;1,4987;-0,0453;0,2411;-0,0032;-0,0493;0,9692;;True
1452,79;0.0;pa010​;20250411_094227;1;FO1;0,0919;1,4979;-0,0448;0,2438;-0,0045;-0,0490;0,9686;;True
1452,81;0.0;pa010​;20250411_094227;1;FO1;0,0912;1,4970;-0,0443;0,2462;-0,0052;-0,0486;0,9680;;True
1452,82;0.0;pa010​;20250411_094227;1;FO1;0,0900;1,4956;-0,0433;0,2513;-0,0067;-0,0479;0,9667;;True
1452,84;0.0;pa010​;20250411_094227;1;FO1;0,0895;1,4950;-0,0426;0,2538;-0,0073;-0,0478;0,9661;;True
1452,86;0.0;pa010​;20250411_094227;1;FO1;0,0890;1,4944;-0,0420;0,2551;-0,0077;-0,0474;0,9657;;True
1452,87;0.0;pa010​;20250411_094227;1;FO1;0,0886;1,4939;-0,0416;0,2567;-0,0078;-0,0471;0,9653;;True
1452,89;0.0;pa010​;20250411_094227;1;FO1;0,0883;1,4933;-0,0413;0,2581;-0,0075;-0,0468;0,9650;;True
1452,91;0.0;pa010​;20250411_094227;1;FO1;0,0879;1,4922;-0,0407;0,2621;-0,0071;-0,0457;0,9639;;True
1452,92;0.0;pa010​;20250411_094227;1;FO1;0,0878;1,4917;-0,0405;0,2639;-0,0058;-0,0456;0,9634;;True
1452,94;0.0;pa010​;20250411_094227;1;FO1;0,0877;1,4912;-0,0405;0,2659;-0,0045;-0,0461;0,9629;;True
1452,96;0.0;pa010​;20250411_094227;1;FO1;0,0877;1,4910;-0,0404;0,2674;-0,0035;-0,0457;0,9625;;True
1452,97;0.0;pa010​;20250411_094227;1;FO1;0,0877;1,4907;-0,0404;0,2681;-0,0028;-0,0454;0,9623;;True
1452,99;0.0;pa010​;20250411_094227;1;FO1;0,0877;1,4903;-0,0406;0,2688;-0,0019;-0,0454;0,9621;;True
1453,01;0.0;pa010​;20250411_094227;1;FO1;0,0880;1,4898;-0,0411;0,2710;-0,0004;-0,0455;0,9615;;True
1453,02;0.0;pa010​;20250411_094227;1;FO1;0,0884;1,4897;-0,0414;0,2720;0,0007;-0,0471;0,9612;;True
1453,04;0.0;pa010​;20250411_094227;1;FO1;0,0889;1,4895;-0,0418;0,2720;0,0021;-0,0482;0,9611;;True
1453,06;0.0;pa010​;20250411_094227;1;FO1;0,0894;1,4893;-0,0423;0,2720;0,0033;-0,0491;0,9610;;True
1453,07;0.0;pa010​;20250411_094227;1;FO1;0,0899;1,4890;-0,0429;0,2723;0,0047;-0,0503;0,9609;;True
1453,09;0.0;pa010​;20250411_094227;1;FO1;0,0909;1,4884;-0,0442;0,2732;0,0071;-0,0520;0,9605;;True
1453,11;0.0;pa010​;20250411_094227;1;FO1;0,0913;1,4883;-0,0449;0,2731;0,0083;-0,0523;0,9605;;True
1453,12;0.0;pa010​;20250411_094227;1;FO1;0,0919;1,4879;-0,0456;0,2731;0,0093;-0,0527;0,9605;;True
1453,14;0.0;pa010​;20250411_094227;1;FO1;0,0924;1,4875;-0,0465;0,2733;0,0105;-0,0532;0,9604;;True
1453,16;0.0;pa010​;20250411_094227;1;FO1;0,0929;1,4870;-0,0474;0,2742;0,0116;-0,0541;0,9601;;True
1453,17;0.0;pa010​;20250411_094227;1;FO1;0,0943;1,4859;-0,0493;0,2758;0,0142;-0,0556;0,9595;;True
1453,19;0.0;pa010​;20250411_094227;1;FO1;0,0952;1,4853;-0,0504;0,2775;0,0161;-0,0576;0,9589;;True
1453,20;0.0;pa010​;20250411_094227;1;FO1;0,0962;1,4852;-0,0514;0,2791;0,0183;-0,0596;0,9582;;True
1453,22;0.0;pa010​;20250411_094227;1;FO1;0,0973;1,4853;-0,0523;0,2791;0,0203;-0,0609;0,9581;;True
1453,24;0.0;pa010​;20250411_094227;1;FO1;0,0983;1,4856;-0,0532;0,2777;0,0221;-0,0620;0,9584;;True
1453,26;0.0;pa010​;20250411_094227;1;FO1;0,1008;1,4866;-0,0548;0,2756;0,0260;-0,0656;0,9587;;True
1453,27;0.0;pa010​;20250411_094227;1;FO1;0,1024;1,4878;-0,0552;0,2723;0,0277;-0,0684;0,9594;;True
1453,29;0.0;pa010​;20250411_094227;1;FO1;0,1043;1,4895;-0,0555;0,2670;0,0293;-0,0732;0,9605;;True
1453,31;0.0;pa010​;20250411_094227;1;FO1;0,1066;1,4914;-0,0553;0,2612;0,0302;-0,0787;0,9616;;True
1453,33;0.0;pa010​;20250411_094227;1;FO1;0,1111;1,4954;-0,0548;0,2498;0,0323;-0,0896;0,9636;;True
1453,34;0.0;pa010​;20250411_094227;1;FO1;0,1142;1,4971;-0,0539;0,2410;0,0344;-0,0967;0,9651;;True
1453,36;0.0;pa010​;20250411_094227;1;FO1;0,1175;1,4988;-0,0530;0,2324;0,0385;-0,1031;0,9664;;True
1453,38;0.0;pa010​;20250411_094227;1;FO1;0,1211;1,5003;-0,0517;0,2250;0,0431;-0,1091;0,9673;;True
1453,39;0.0;pa010​;20250411_094227;1;FO1;0,1281;1,5032;-0,0492;0,2113;0,0518;-0,1197;0,9687;;True
1453,41;0.0;pa010​;20250411_094227;1;FO1;0,1318;1,5038;-0,0474;0,2060;0,0559;-0,1249;0,9689;;True
1453,43;0.0;pa010​;20250411_094227;1;FO1;0,1355;1,5040;-0,0455;0,2013;0,0599;-0,1295;0,9691;;True
1453,44;0.0;pa010​;20250411_094227;1;FO1;0,1392;1,5041;-0,0435;0,1973;0,0634;-0,1340;0,9691;;True
1453,46;0.0;pa010​;20250411_094227;1;FO1;0,1429;1,5042;-0,0410;0,1941;0,0664;-0,1377;0,9690;;True
1453,48;0.0;pa010​;20250411_094227;1;FO1;0,1509;1,5035;-0,0357;0,1871;0,0724;-0,1451;0,9689;;True
1453,49;0.0;pa010​;20250411_094227;1;FO1;0,1548;1,5027;-0,0324;0,1839;0,0742;-0,1487;0,9688;;True
1453,51;0.0;pa010​;20250411_094227;1;FO1;0,1587;1,5017;-0,0286;0,1802;0,0751;-0,1515;0,9690;;True
1453,53;0.0;pa010​;20250411_094227;1;FO1;0,1628;1,5000;-0,0244;0,1766;0,0758;-0,1554;0,9690;;True
1453,54;0.0;pa010​;20250411_094227;1;FO1;0,1666;1,4977;-0,0202;0,1730;0,0775;-0,1599;0,9688;;True
1453,56;0.0;pa010​;20250411_094227;1;FO1;0,1704;1,4948;-0,0158;0,1708;0,0796;-0,1641;0,9683;;True
1453,57;0.0;pa010​;20250411_094227;1;FO1;0,1780;1,4879;-0,0066;0,1661;0,0822;-0,1724;0,9674;;True
1453,59;0.0;pa010​;20250411_094227;1;FO1;0,1811;1,4837;-0,0014;0,1636;0,0849;-0,1761;0,9670;;True
1453,61;0.0;pa010​;20250411_094227;1;FO1;0,1842;1,4789;0,0040;0,1612;0,0883;-0,1784;0,9666;;True
1453,62;0.0;pa010​;20250411_094227;1;FO1;0,1872;1,4727;0,0093;0,1595;0,0919;-0,1785;0,9666;;True
1453,64;0.0;pa010​;20250411_094227;1;FO1;0,1897;1,4662;0,0148;0,1598;0,0952;-0,1790;0,9661;;True
1453,66;0.0;pa010​;20250411_094227;1;FO1;0,1916;1,4589;0,0202;0,1588;0,0986;-0,1790;0,9659;;True
1453,67;0.0;pa010​;20250411_094227;1;FO1;0,1960;1,4445;0,0315;0,1570;0,1016;-0,1807;0,9656;;True
1453,69;0.0;pa010​;20250411_094227;1;FO1;0,1974;1,4372;0,0378;0,1541;0,1003;-0,1809;0,9662;;True
1453,71;0.0;pa010​;20250411_094227;1;FO1;0,1990;1,4290;0,0438;0,1515;0,0998;-0,1819;0,9664;;True
1453,72;0.0;pa010​;20250411_094227;1;FO1;0,2006;1,4201;0,0503;0,1521;0,1019;-0,1829;0,9659;;True
1453,74;0.0;pa010​;20250411_094227;1;FO1;0,2015;1,4107;0,0562;0,1514;0,1055;-0,1827;0,9657;;True
1453,75;0.0;pa010​;20250411_094227;1;FO1;0,2025;1,3920;0,0682;0,1486;0,1101;-0,1821;0,9657;;True
1453,77;0.0;pa010​;20250411_094227;1;FO1;0,2025;1,3818;0,0745;0,1465;0,1094;-0,1803;0,9665;;True
1453,79;0.0;pa010​;20250411_094227;1;FO1;0,2022;1,3705;0,0801;0,1473;0,1104;-0,1783;0,9666;;True
1453,81;0.0;pa010​;20250411_094227;1;FO1;0,2020;1,3588;0,0859;0,1504;0,1116;-0,1777;0,9661;;True
1453,82;0.0;pa010​;20250411_094227;1;FO1;0,2006;1,3361;0,0962;0,1573;0,1122;-0,1777;0,9649;;True
1453,84;0.0;pa010​;20250411_094227;1;FO1;0,1991;1,3260;0,1012;0,1627;0,1081;-0,1806;0,9640;;True
1453,86;0.0;pa010​;20250411_094227;1;FO1;0,1980;1,3161;0,1065;0,1624;0,1040;-0,1819;0,9642;;True
1453,87;0.0;pa010​;20250411_094227;1;FO1;0,1973;1,3057;0,1114;0,1632;0,1035;-0,1793;0,9646;;True
1453,89;0.0;pa010​;20250411_094227;1;FO1;0,1962;1,2952;0,1162;0,1625;0,1071;-0,1750;0,9651;;True
1453,91;0.0;pa010​;20250411_094227;1;FO1;0,1935;1,2750;0,1259;0,1642;0,1104;-0,1692;0,9655;;True
1453,92;0.0;pa010​;20250411_094227;1;FO1;0,1913;1,2657;0,1308;0,1639;0,1098;-0,1674;0,9660;;True
1453,94;0.0;pa010​;20250411_094227;1;FO1;0,1886;1,2565;0,1353;0,1678;0,1061;-0,1667;0,9658;;True
1453,96;0.0;pa010​;20250411_094227;1;FO1;0,1859;1,2472;0,1399;0,1720;0,1008;-0,1670;0,9656;;True
1453,97;0.0;pa010​;20250411_094227;1;FO1;0,1835;1,2384;0,1445;0,1741;0,0969;-0,1649;0,9660;;True
1453,99;0.0;pa010​;20250411_094227;1;FO1;0,1814;1,2302;0,1489;0,1748;0,0955;-0,1636;0,9662;;True
1454,01;0.0;pa010​;20250411_094227;1;FO1;0,1766;1,2145;0,1574;0,1779;0,0918;-0,1596;0,9667;;True
1454,02;0.0;pa010​;20250411_094227;1;FO1;0,1744;1,2073;0,1612;0,1777;0,0894;-0,1585;0,9671;;True
1454,04;0.0;pa010​;20250411_094227;1;FO1;0,1721;1,2005;0,1645;0,1775;0,0868;-0,1584;0,9674;;True
1454,05;0.0;pa010​;20250411_094227;1;FO1;0,1699;1,1939;0,1678;0,1795;0,0850;-0,1588;0,9671;;True
1454,07;0.0;pa010​;20250411_094227;1;FO1;0,1675;1,1879;0,1707;0,1835;0,0835;-0,1586;0,9665;;True
1454,09;0.0;pa010​;20250411_094227;1;FO1;0,1627;1,1775;0,1765;0,1884;0,0803;-0,1558;0,9663;;True
1454,10;0.0;pa010​;20250411_094227;1;FO1;0,1604;1,1750;0,1794;0,1871;0,0791;-0,1540;0,9670;;True
1454,12;0.0;pa010​;20250411_094227;1;FO1;0,1581;1,1730;0,1821;0,1850;0,0768;-0,1535;0,9676;;True
1454,14;0.0;pa010​;20250411_094227;1;FO1;0,1558;1,1703;0,1846;0,1833;0,0743;-0,1536;0,9681;;True
1454,15;0.0;pa010​;20250411_094227;1;FO1;0,1533;1,1679;0,1863;0,1833;0,0718;-0,1543;0,9682;;True
1454,17;0.0;pa010​;20250411_094227;1;FO1;0,1509;1,1662;0,1880;0,1852;0,0697;-0,1531;0,9682;;True
1454,18;0.0;pa010​;20250411_094227;1;FO1;0,1464;1,1639;0,1915;0,1866;0,0659;-0,1494;0,9688;;True
1454,20;0.0;pa010​;20250411_094227;1;FO1;0,1445;1,1638;0,1929;0,1858;0,0654;-0,1472;0,9693;;True
1454,22;0.0;pa010​;20250411_094227;1;FO1;0,1424;1,1640;0,1940;0,1845;0,0651;-0,1461;0,9697;;True
1454,23;0.0;pa010​;20250411_094227;1;FO1;0,1404;1,1645;0,1950;0,1822;0,0627;-0,1466;0,9703;;True
1454,25;0.0;pa010​;20250411_094227;1;FO1;0,1382;1,1655;0,1959;0,1817;0,0593;-0,1460;0,9706;;True
1454,27;0.0;pa010​;20250411_094227;1;FO1;0,1363;1,1668;0,1967;0,1805;0,0558;-0,1458;0,9711;;True
1454,28;0.0;pa010​;20250411_094227;1;FO1;0,1325;1,1696;0,1983;0,1768;0,0516;-0,1430;0,9724;;True
1454,30;0.0;pa010​;20250411_094227;1;FO1;0,1306;1,1714;0,1990;0,1742;0,0509;-0,1394;0,9735;;True
1454,32;0.0;pa010​;20250411_094227;1;FO1;0,1288;1,1730;0,1996;0,1719;0,0502;-0,1363;0,9743;;True
1454,33;0.0;pa010​;20250411_094227;1;FO1;0,1273;1,1745;0,2004;0,1696;0,0491;-0,1346;0,9750;;True
1454,35;0.0;pa010​;20250411_094227;1;FO1;0,1258;1,1759;0,2009;0,1676;0,0485;-0,1332;0,9756;;True
1454,37;0.0;pa010​;20250411_094227;1;FO1;0,1225;1,1784;0,2017;0,1652;0,0465;-0,1306;0,9765;;True
1454,38;0.0;pa010​;20250411_094227;1;FO1;0,1208;1,1794;0,2020;0,1657;0,0454;-0,1295;0,9766;;True
1454,40;0.0;pa010​;20250411_094227;1;FO1;0,1193;1,1802;0,2024;0,1658;0,0443;-0,1283;0,9768;;True
1454,41;0.0;pa010​;20250411_094227;1;FO1;0,1180;1,1811;0,2027;0,1655;0,0436;-0,1270;0,9770;;True
1454,43;0.0;pa010​;20250411_094227;1;FO1;0,1166;1,1821;0,2029;0,1648;0,0430;-0,1253;0,9774;;True
1454,44;0.0;pa010​;20250411_094227;1;FO1;0,1153;1,1831;0,2033;0,1644;0,0422;-0,1241;0,9776;;True
1454,46;0.0;pa010​;20250411_094227;1;FO1;0,1142;1,1838;0,2036;0,1641;0,0415;-0,1233;0,9778;;True
1454,48;0.0;pa010​;20250411_094227;1;FO1;0,1121;1,1850;0,2042;0,1637;0,0398;-0,1220;0,9781;;True
1454,49;0.0;pa010​;20250411_094227;1;FO1;0,1112;1,1851;0,2045;0,1638;0,0387;-0,1222;0,9781;;True
1454,51;0.0;pa010​;20250411_094227;1;FO1;0,1103;1,1851;0,2046;0,1634;0,0383;-0,1216;0,9783;;True
1454,52;0.0;pa010​;20250411_094227;1;FO1;0,1096;1,1852;0,2049;0,1638;0,0384;-0,1206;0,9783;;True
1454,54;0.0;pa010​;20250411_094227;1;FO1;0,1089;1,1851;0,2050;0,1645;0,0390;-0,1204;0,9782;;True
1454,56;0.0;pa010​;20250411_094227;1;FO1;0,1082;1,1852;0,2052;0,1662;0,0385;-0,1199;0,9780;;True
1454,57;0.0;pa010​;20250411_094227;1;FO1;0,1073;1,1854;0,2054;0,1673;0,0378;-0,1199;0,9779;;True
1454,59;0.0;pa010​;20250411_094227;1;FO1;0,1060;1,1860;0,2055;0,1692;0,0361;-0,1198;0,9776;;True
1454,60;0.0;pa010​;20250411_094227;1;FO1;0,1056;1,1867;0,2053;0,1706;0,0349;-0,1201;0,9774;;True
1454,62;0.0;pa010​;20250411_094227;1;FO1;0,1052;1,1877;0,2050;0,1723;0,0346;-0,1200;0,9771;;True
1454,64;0.0;pa010​;20250411_094227;1;FO1;0,1050;1,1887;0,2047;0,1736;0,0348;-0,1191;0,9770;;True
1454,65;0.0;pa010​;20250411_094227;1;FO1;0,1049;1,1898;0,2044;0,1743;0,0356;-0,1188;0,9768;;True
1454,67;0.0;pa010​;20250411_094227;1;FO1;0,1048;1,1911;0,2040;0,1748;0,0366;-0,1191;0,9767;;True
1454,69;0.0;pa010​;20250411_094227;1;FO1;0,1047;1,1937;0,2032;0,1757;0,0370;-0,1195;0,9765;;True
1454,70;0.0;pa010​;20250411_094227;1;FO1;0,1045;1,1950;0,2028;0,1760;0,0371;-0,1201;0,9763;;True
1454,72;0.0;pa010​;20250411_094227;1;FO1;0,1045;1,1963;0,2024;0,1763;0,0364;-0,1204;0,9763;;True
1454,73;0.0;pa010​;20250411_094227;1;FO1;0,1046;1,1976;0,2019;0,1771;0,0359;-0,1207;0,9761;;True
1454,75;0.0;pa010​;20250411_094227;1;FO1;0,1048;1,1988;0,2014;0,1777;0,0360;-0,1212;0,9759;;True
1454,77;0.0;pa010​;20250411_094227;1;FO1;0,1050;1,1998;0,2008;0,1781;0,0368;-0,1213;0,9758;;True
1454,78;0.0;pa010​;20250411_094227;1;FO1;0,1057;1,2019;0,1995;0,1788;0,0386;-0,1216;0,9756;;True
1454,80;0.0;pa010​;20250411_094227;1;FO1;0,1061;1,2032;0,1986;0,1786;0,0403;-0,1213;0,9756;;True
1454,81;0.0;pa010​;20250411_094227;1;FO1;0,1064;1,2047;0,1978;0,1787;0,0410;-0,1217;0,9755;;True
1454,83;0.0;pa010​;20250411_094227;1;FO1;0,1065;1,2061;0,1966;0,1783;0,0412;-0,1224;0,9755;;True
1454,85;0.0;pa010​;20250411_094227;1;FO1;0,1066;1,2078;0,1953;0,1788;0,0408;-0,1231;0,9753;;True
1454,86;0.0;pa010​;20250411_094227;1;FO1;0,1068;1,2103;0,1939;0,1807;0,0405;-0,1239;0,9749;;True
1454,88;0.0;pa010​;20250411_094227;1;FO1;0,1078;1,2159;0,1911;0,1825;0,0417;-0,1243;0,9744;;True
1454,89;0.0;pa010​;20250411_094227;1;FO1;0,1084;1,2202;0,1894;0,1817;0,0441;-0,1231;0,9746;;True
1454,91;0.0;pa010​;20250411_094227;1;FO1;0,1089;1,2248;0,1876;0,1799;0,0463;-0,1218;0,9750;;True
1454,93;0.0;pa010​;20250411_094227;1;FO1;0,1093;1,2299;0,1854;0,1772;0,0473;-0,1218;0,9755;;True
1454,94;0.0;pa010​;20250411_094227;1;FO1;0,1096;1,2358;0,1832;0,1752;0,0477;-0,1223;0,9757;;True
1454,96;0.0;pa010​;20250411_094227;1;FO1;0,1102;1,2420;0,1811;0,1726;0,0475;-0,1229;0,9761;;True
1454,97;0.0;pa010​;20250411_094227;1;FO1;0,1106;1,2484;0,1787;0,1704;0,0481;-0,1232;0,9765;;True
1454,99;0.0;pa010​;20250411_094227;1;FO1;0,1114;1,2619;0,1734;0,1671;0,0495;-0,1232;0,9770;;True
1455,01;0.0;pa010​;20250411_094227;1;FO1;0,1118;1,2697;0,1702;0,1655;0,0504;-0,1225;0,9773;;True
1455,02;0.0;pa010​;20250411_094227;1;FO1;0,1122;1,2780;0,1668;0,1630;0,0519;-0,1214;0,9777;;True
1455,04;0.0;pa010​;20250411_094227;1;FO1;0,1126;1,2869;0,1633;0,1588;0,0533;-0,1207;0,9785;;True
1455,05;0.0;pa010​;20250411_094227;1;FO1;0,1128;1,2963;0,1597;0,1533;0,0548;-0,1194;0,9794;;True
1455,07;0.0;pa010​;20250411_094227;1;FO1;0,1131;1,3058;0,1557;0,1476;0,0556;-0,1172;0,9805;;True
1455,09;0.0;pa010​;20250411_094227;1;FO1;0,1138;1,3252;0,1478;0,1371;0,0575;-0,1144;0,9822;;True
1455,10;0.0;pa010​;20250411_094227;1;FO1;0,1142;1,3345;0,1436;0,1304;0,0587;-0,1129;0,9833;;True
1455,12;0.0;pa010​;20250411_094227;1;FO1;0,1142;1,3437;0,1393;0,1264;0,0601;-0,1113;0,9839;;True
1455,13;0.0;pa010​;20250411_094227;1;FO1;0,1144;1,3524;0,1343;0,1232;0,0605;-0,1119;0,9842;;True
1455,15;0.0;pa010​;20250411_094227;1;FO1;0,1142;1,3615;0,1295;0,1221;0,0611;-0,1110;0,9844;;True
1455,17;0.0;pa010​;20250411_094227;1;FO1;0,1141;1,3706;0,1247;0,1205;0,0610;-0,1105;0,9847;;True
1455,18;0.0;pa010​;20250411_094227;1;FO1;0,1139;1,3796;0,1199;0,1179;0,0612;-0,1094;0,9851;;True
1455,20;0.0;pa010​;20250411_094227;1;FO1;0,1136;1,3977;0,1098;0,1114;0,0615;-0,1072;0,9861;;True
1455,22;0.0;pa010​;20250411_094227;1;FO1;0,1131;1,4061;0,1043;0,1074;0,0618;-0,1066;0,9866;;True
1455,23;0.0;pa010​;20250411_094227;1;FO1;0,1125;1,4147;0,0995;0,1040;0,0602;-0,1060;0,9871;;True
1455,25;0.0;pa010​;20250411_094227;1;FO1;0,1119;1,4229;0,0941;0,1016;0,0577;-0,1061;0,9875;;True
1455,26;0.0;pa010​;20250411_094227;1;FO1;0,1108;1,4311;0,0888;0,1001;0,0546;-0,1051;0,9879;;True
1455,28;0.0;pa010​;20250411_094227;1;FO1;0,1095;1,4391;0,0833;0,0980;0,0509;-0,1039;0,9884;;True
1455,30;0.0;pa010​;20250411_094227;1;FO1;0,1071;1,4540;0,0725;0,0939;0,0445;-0,1009;0,9895;;True
1455,31;0.0;pa010​;20250411_094227;1;FO1;0,1057;1,4610;0,0674;0,0939;0,0412;-0,0982;0,9899;;True
1455,33;0.0;pa010​;20250411_094227;1;FO1;0,1044;1,4674;0,0622;0,0930;0,0388;-0,0948;0,9904;;True
1455,34;0.0;pa010​;20250411_094227;1;FO1;0,1028;1,4734;0,0568;0,0927;0,0372;-0,0905;0,9909;;True
1455,36;0.0;pa010​;20250411_094227;1;FO1;0,1007;1,4790;0,0513;0,0946;0,0339;-0,0857;0,9912;;True
1455,38;0.0;pa010​;20250411_094227;1;FO1;0,0982;1,4842;0,0459;0,0973;0,0283;-0,0806;0,9916;;True
1455,39;0.0;pa010​;20250411_094227;1;FO1;0,0931;1,4946;0,0353;0,1019;0,0182;-0,0703;0,9921;;True
1455,41;0.0;pa010​;20250411_094227;1;FO1;0,0908;1,4992;0,0305;0,1042;0,0122;-0,0626;0,9925;;True
1455,42;0.0;pa010​;20250411_094227;1;FO1;0,0885;1,5036;0,0259;0,1042;0,0089;-0,0579;0,9928;;True
1455,44;0.0;pa010​;20250411_094227;1;FO1;0,0870;1,5083;0,0211;0,1013;0,0072;-0,0554;0,9933;;True
1455,46;0.0;pa010​;20250411_094227;1;FO1;0,0858;1,5128;0,0166;0,0986;0,0062;-0,0521;0,9937;;True
1455,47;0.0;pa010​;20250411_094227;1;FO1;0,0848;1,5168;0,0118;0,0965;0,0047;-0,0501;0,9941;;True
1455,49;0.0;pa010​;20250411_094227;1;FO1;0,0834;1,5206;0,0075;0,0955;0,0030;-0,0489;0,9942;;True
1455,50;0.0;pa010​;20250411_094227;1;FO1;0,0823;1,5240;0,0033;0,0937;0,0009;-0,0480;0,9944;;True
1455,52;0.0;pa010​;20250411_094227;1;FO1;0,0799;1,5298;-0,0051;0,0898;-0,0020;-0,0457;0,9949;;True
1455,53;0.0;pa010​;20250411_094227;1;FO1;0,0785;1,5321;-0,0089;0,0883;-0,0037;-0,0448;0,9951;;True
1455,55;0.0;pa010​;20250411_094227;1;FO1;0,0770;1,5346;-0,0128;0,0874;-0,0056;-0,0428;0,9952;;True
1455,57;0.0;pa010​;20250411_094227;1;FO1;0,0756;1,5362;-0,0165;0,0863;-0,0080;-0,0405;0,9954;;True
1455,58;0.0;pa010​;20250411_094227;1;FO1;0,0741;1,5375;-0,0200;0,0862;-0,0103;-0,0390;0,9955;;True
1455,60;0.0;pa010​;20250411_094227;1;FO1;0,0724;1,5384;-0,0234;0,0865;-0,0132;-0,0371;0,9955;;True
1455,62;0.0;pa010​;20250411_094227;1;FO1;0,0693;1,5403;-0,0297;0,0866;-0,0208;-0,0328;0,9955;;True
1455,63;0.0;pa010​;20250411_094227;1;FO1;0,0678;1,5409;-0,0326;0,0874;-0,0247;-0,0301;0,9954;;True
1455,65;0.0;pa010​;20250411_094227;1;FO1;0,0664;1,5418;-0,0353;0,0877;-0,0272;-0,0284;0,9954;;True
1455,66;0.0;pa010​;20250411_094227;1;FO1;0,0652;1,5432;-0,0380;0,0867;-0,0280;-0,0283;0,9954;;True
1455,68;0.0;pa010​;20250411_094227;1;FO1;0,0641;1,5450;-0,0401;0,0855;-0,0289;-0,0300;0,9955;;True
1455,69;0.0;pa010​;20250411_094227;1;FO1;0,0629;1,5467;-0,0423;0,0832;-0,0292;-0,0314;0,9956;;True
1455,71;0.0;pa010​;20250411_094227;1;FO1;0,0613;1,5479;-0,0445;0,0810;-0,0297;-0,0322;0,9958;;True
1455,73;0.0;pa010​;20250411_094227;1;FO1;0,0582;1,5502;-0,0476;0,0774;-0,0321;-0,0328;0,9959;;True
1455,75;0.0;pa010​;20250411_094227;1;FO1;0,0564;1,5512;-0,0485;0,0750;-0,0325;-0,0309;0,9962;;True
1455,76;0.0;pa010​;20250411_094227;1;FO1;0,0545;1,5517;-0,0494;0,0759;-0,0328;-0,0299;0,9961;;True
1455,78;0.0;pa010​;20250411_094227;1;FO1;0,0526;1,5517;-0,0501;0,0768;-0,0327;-0,0289;0,9961;;True
1455,80;0.0;pa010​;20250411_094227;1;FO1;0,0490;1,5516;-0,0512;0,0799;-0,0322;-0,0278;0,9959;;True
1455,81;0.0;pa010​;20250411_094227;1;FO1;0,0472;1,5516;-0,0509;0,0840;-0,0307;-0,0267;0,9956;;True
1455,83;0.0;pa010​;20250411_094227;1;FO1;0,0454;1,5520;-0,0505;0,0861;-0,0287;-0,0253;0,9956;;True
1455,84;0.0;pa010​;20250411_094227;1;FO1;0,0437;1,5519;-0,0500;0,0880;-0,0259;-0,0242;0,9955;;True
1455,86;0.0;pa010​;20250411_094227;1;FO1;0,0418;1,5518;-0,0494;0,0900;-0,0222;-0,0226;0,9954;;True
1455,88;0.0;pa010​;20250411_094227;1;FO1;0,0400;1,5517;-0,0487;0,0921;-0,0185;-0,0210;0,9954;;True
1455,89;0.0;pa010​;20250411_094227;1;FO1;0,0368;1,5518;-0,0468;0,0953;-0,0126;-0,0192;0,9952;;True
1455,91;0.0;pa010​;20250411_094227;1;FO1;0,0346;1,5527;-0,0458;0,0948;-0,0073;-0,0180;0,9953;;True
1455,93;0.0;pa010​;20250411_094227;1;FO1;0,0326;1,5527;-0,0448;0,0939;-0,0041;-0,0177;0,9954;;True
1455,94;0.0;pa010​;20250411_094227;1;FO1;0,0304;1,5526;-0,0435;0,0939;-0,0015;-0,0170;0,9954;;True
1455,96;0.0;pa010​;20250411_094227;1;FO1;0,0284;1,5525;-0,0421;0,0947;0,0006;-0,0172;0,9954;;True
1455,97;0.0;pa010​;20250411_094227;1;FO1;0,0263;1,5526;-0,0407;0,0962;0,0031;-0,0170;0,9952;;True
1455,99;0.0;pa010​;20250411_094227;1;FO1;0,0225;1,5530;-0,0376;0,0980;0,0078;-0,0159;0,9950;;True
1456,01;0.0;pa010​;20250411_094227;1;FO1;0,0203;1,5538;-0,0361;0,0973;0,0106;-0,0149;0,9951;;True
1456,03;0.0;pa010​;20250411_094227;1;FO1;0,0181;1,5545;-0,0342;0,0952;0,0120;-0,0140;0,9953;;True
1456,04;0.0;pa010​;20250411_094227;1;FO1;0,0157;1,5551;-0,0323;0,0935;0,0125;-0,0131;0,9955;;True
1456,06;0.0;pa010​;20250411_094227;1;FO1;0,0134;1,5557;-0,0304;0,0917;0,0122;-0,0129;0,9956;;True
1456,07;0.0;pa010​;20250411_094227;1;FO1;0,0089;1,5564;-0,0262;0,0889;0,0119;-0,0123;0,9959;;True
1456,09;0.0;pa010​;20250411_094227;1;FO1;0,0068;1,5565;-0,0238;0,0881;0,0109;-0,0123;0,9960;;True
1456,11;0.0;pa010​;20250411_094227;1;FO1;0,0049;1,5567;-0,0211;0,0866;0,0112;-0,0127;0,9961;;True
1456,12;0.0;pa010​;20250411_094227;1;FO1;0,0030;1,5566;-0,0185;0,0846;0,0116;-0,0124;0,9963;;True
1456,14;0.0;pa010​;20250411_094227;1;FO1;0,0011;1,5562;-0,0155;0,0837;0,0120;-0,0117;0,9964;;True
1456,15;0.0;pa010​;20250411_094227;1;FO1;-0,0008;1,5562;-0,0125;0,0826;0,0127;-0,0120;0,9964;;True
1456,17;0.0;pa010​;20250411_094227;1;FO1;-0,0047;1,5556;-0,0064;0,0808;0,0136;-0,0117;0,9966;;True
1456,19;0.0;pa010​;20250411_094227;1;FO1;-0,0066;1,5553;-0,0036;0,0812;0,0130;-0,0107;0,9966;;True
1456,20;0.0;pa010​;20250411_094227;1;FO1;-0,0084;1,5550;-0,0008;0,0824;0,0127;-0,0101;0,9965;;True
1456,22;0.0;pa010​;20250411_094227;1;FO1;-0,0102;1,5547;0,0020;0,0827;0,0137;-0,0110;0,9964;;True
1456,24;0.0;pa010​;20250411_094227;1;FO1;-0,0119;1,5544;0,0048;0,0827;0,0147;-0,0110;0,9964;;True
1456,25;0.0;pa010​;20250411_094227;1;FO1;-0,0154;1,5539;0,0102;0,0839;0,0159;-0,0098;0,9963;;True
1456,27;0.0;pa010​;20250411_094227;1;FO1;-0,0173;1,5535;0,0123;0,0837;0,0166;-0,0090;0,9963;;True
1456,29;0.0;pa010​;20250411_094227;1;FO1;-0,0192;1,5532;0,0147;0,0844;0,0169;-0,0077;0,9963;;True
1456,30;0.0;pa010​;20250411_094227;1;FO1;-0,0210;1,5530;0,0168;0,0847;0,0179;-0,0062;0,9962;;True
1456,32;0.0;pa010​;20250411_094227;1;FO1;-0,0229;1,5526;0,0187;0,0850;0,0189;-0,0048;0,9962;;True
1456,33;0.0;pa010​;20250411_094227;1;FO1;-0,0247;1,5521;0,0208;0,0861;0,0201;-0,0029;0,9961;;True
1456,35;0.0;pa010​;20250411_094227;1;FO1;-0,0281;1,5515;0,0244;0,0873;0,0217;0,0002;0,9959;;True
1456,37;0.0;pa010​;20250411_094227;1;FO1;-0,0298;1,5513;0,0258;0,0875;0,0230;0,0012;0,9959;;True
1456,39;0.0;pa010​;20250411_094227;1;FO1;-0,0315;1,5513;0,0268;0,0878;0,0243;0,0018;0,9958;;True
1456,40;0.0;pa010​;20250411_094227;1;FO1;-0,0333;1,5515;0,0276;0,0877;0,0265;0,0025;0,9958;;True
1456,42;0.0;pa010​;20250411_094227;1;FO1;-0,0364;1,5522;0,0286;0,0859;0,0298;0,0047;0,9958;;True
1456,44;0.0;pa010​;20250411_094227;1;FO1;-0,0382;1,5530;0,0285;0,0833;0,0326;0,0060;0,9960;;True
1456,46;0.0;pa010​;20250411_094227;1;FO1;-0,0399;1,5536;0,0283;0,0818;0,0349;0,0062;0,9960;;True
1456,47;0.0;pa010​;20250411_094227;1;FO1;-0,0417;1,5543;0,0277;0,0807;0,0368;0,0067;0,9960;;True
1456,49;0.0;pa010​;20250411_094227;1;FO1;-0,0454;1,5555;0,0265;0,0803;0,0397;0,0073;0,9960;;True
1456,51;0.0;pa010​;20250411_094227;1;FO1;-0,0472;1,5563;0,0257;0,0810;0,0398;0,0078;0,9959;;True
1456,53;0.0;pa010​;20250411_094227;1;FO1;-0,0490;1,5568;0,0247;0,0826;0,0399;0,0082;0,9957;;True
1456,54;0.0;pa010​;20250411_094227;1;FO1;-0,0508;1,5573;0,0235;0,0847;0,0403;0,0086;0,9956;;True
1456,56;0.0;pa010​;20250411_094227;1;FO1;-0,0542;1,5585;0,0209;0,0887;0,0414;0,0103;0,9951;;True
1456,58;0.0;pa010​;20250411_094227;1;FO1;-0,0558;1,5595;0,0195;0,0900;0,0422;0,0108;0,9950;;True
1456,59;0.0;pa010​;20250411_094227;1;FO1;-0,0573;1,5603;0,0180;0,0900;0,0436;0,0097;0,9949;;True
1456,61;0.0;pa010​;20250411_094227;1;FO1;-0,0587;1,5610;0,0166;0,0899;0,0447;0,0091;0,9949;;True
1456,63;0.02;pa010​;20250411_094227;1;FO1;-0,0602;1,5614;0,0150;0,0913;0,0457;0,0083;0,9947;;False
1456,64;0.04;pa010​;20250411_094227;1;FO1;-0,0629;1,5624;0,0120;0,0929;0,0465;0,0083;0,9945;;False
1456,66;0.05;pa010​;20250411_094227;1;FO1;-0,0641;1,5623;0,0106;0,0934;0,0461;0,0086;0,9945;;False
1456,68;0.07;pa010​;20250411_094227;1;FO1;-0,0653;1,5624;0,0098;0,0938;0,0454;0,0079;0,9945;;False
1456,69;0.08;pa010​;20250411_094227;1;FO1;-0,0665;1,5624;0,0089;0,0929;0,0441;0,0073;0,9947;;False
1456,71;0.1;pa010​;20250411_094227;1;FO1;-0,0675;1,5620;0,0082;0,0936;0,0419;0,0068;0,9947;;False
1456,72;0.11;pa010​;20250411_094227;1;FO1;-0,0683;1,5616;0,0076;0,0958;0,0389;0,0061;0,9946;;False
1456,74;0.13;pa010​;20250411_094227;1;FO1;-0,0688;1,5614;0,0073;0,0985;0,0355;0,0058;0,9945;;False
1456,75;0.15;pa010​;20250411_094227;1;FO1;-0,0695;1,5605;0,0068;0,1026;0,0292;0,0052;0,9943;;False
1456,77;0.16;pa010​;20250411_094227;1;FO1;-0,0693;1,5596;0,0066;0,1055;0,0257;0,0048;0,9941;;False
1456,79;0.18;pa010​;20250411_094227;1;FO1;-0,0684;1,5591;0,0064;0,1100;0,0227;0,0027;0,9937;;False
1456,80;0.19;pa010​;20250411_094227;1;FO1;-0,0681;1,5591;0,0063;0,1135;0,0222;0,0011;0,9933;;False
1456,82;0.21;pa010​;20250411_094227;1;FO1;-0,0674;1,5584;0,0061;0,1181;0,0209;-0,0003;0,9928;;False
1456,83;0.22;pa010​;20250411_094227;1;FO1;-0,0667;1,5581;0,0060;0,1223;0,0203;-0,0012;0,9923;;False
1456,85;0.24;pa010​;20250411_094227;1;FO1;-0,0659;1,5576;0,0059;0,1249;0,0193;-0,0020;0,9920;;False
1456,86;0.26;pa010​;20250411_094227;1;FO1;-0,0637;1,5563;0,0062;0,1299;0,0166;-0,0037;0,9914;;False
1456,88;0.27;pa010​;20250411_094227;1;FO1;-0,0624;1,5560;0,0065;0,1309;0,0159;-0,0047;0,9913;;False
1456,90;0.29;pa010​;20250411_094227;1;FO1;-0,0606;1,5559;0,0063;0,1302;0,0156;-0,0064;0,9913;;False
1456,91;0.3;pa010​;20250411_094227;1;FO1;-0,0585;1,5554;0,0059;0,1292;0,0163;-0,0089;0,9914;;False
1456,93;0.32;pa010​;20250411_094227;1;FO1;-0,0564;1,5550;0,0054;0,1287;0,0183;-0,0108;0,9915;;False
1456,94;0.34;pa010​;20250411_094227;1;FO1;-0,0542;1,5548;0,0051;0,1282;0,0200;-0,0126;0,9915;;False
1456,96;0.35;pa010​;20250411_094227;1;FO1;-0,0519;1,5544;0,0048;0,1280;0,0213;-0,0133;0,9915;;False
1456,97;0.37;pa010​;20250411_094227;1;FO1;-0,0497;1,5552;0,0050;0,1297;0,0222;-0,0138;0,9912;;False
1456,99;0.38;pa010​;20250411_094227;1;FO1;-0,0450;1,5545;0,0044;0,1331;0,0230;-0,0144;0,9907;;False
1457,01;0.4;pa010​;20250411_094227;1;FO1;-0,0424;1,5543;0,0042;0,1350;0,0232;-0,0157;0,9904;;False
1457,02;0.42;pa010​;20250411_094227;1;FO1;-0,0399;1,5536;0,0040;0,1381;0,0234;-0,0173;0,9900;;False
1457,04;0.43;pa010​;20250411_094227;1;FO1;-0,0375;1,5526;0,0038;0,1428;0,0236;-0,0197;0,9893;;False
1457,05;0.45;pa010​;20250411_094227;1;FO1;-0,0348;1,5517;0,0036;0,1472;0,0232;-0,0234;0,9886;;False
1457,07;0.46;pa010​;20250411_094227;1;FO1;-0,0321;1,5512;0,0036;0,1500;0,0235;-0,0280;0,9880;;False
1457,09;0.48;pa010​;20250411_094227;1;FO1;-0,0291;1,5510;0,0039;0,1515;0,0243;-0,0320;0,9876;;False
1457,10;0.49;pa010​;20250411_094227;1;FO1;-0,0231;1,5508;0,0043;0,1512;0,0265;-0,0376;0,9874;;False
1457,12;0.51;pa010​;20250411_094227;1;FO1;-0,0199;1,5506;0,0046;0,1498;0,0292;-0,0398;0,9875;;False
1457,13;0.53;pa010​;20250411_094227;1;FO1;-0,0167;1,5504;0,0045;0,1489;0,0322;-0,0420;0,9874;;False
1457,15;0.54;pa010​;20250411_094227;1;FO1;-0,0134;1,5506;0,0045;0,1495;0,0352;-0,0444;0,9871;;False
1457,16;0.56;pa010​;20250411_094227;1;FO1;-0,0101;1,5508;0,0045;0,1491;0,0383;-0,0471;0,9870;;False
1457,18;0.57;pa010​;20250411_094227;1;FO1;-0,0071;1,5513;0,0043;0,1482;0,0416;-0,0495;0,9868;;False
1457,19;0.59;pa010​;20250411_094227;1;FO1;-0,0040;1,5519;0,0044;0,1461;0,0441;-0,0514;0,9870;;False
1457,21;0.6;pa010​;20250411_094227;1;FO1;-0,0012;1,5527;0,0042;0,1426;0,0458;-0,0524;0,9873;;False
1457,23;0.62;pa010​;20250411_094227;1;FO1;0,0044;1,5541;0,0038;0,1374;0,0485;-0,0553;0,9878;;False
1457,24;0.63;pa010​;20250411_094227;1;FO1;0,0068;1,5551;0,0040;0,1320;0,0478;-0,0573;0,9884;;False
1457,26;0.65;pa010​;20250411_094227;1;FO1;0,0095;1,5566;0,0042;0,1251;0,0466;-0,0598;0,9892;;False
1457,27;0.66;pa010​;20250411_094227;1;FO1;0,0122;1,5581;0,0043;0,1159;0,0454;-0,0617;0,9903;;False
1457,29;0.68;pa010​;20250411_094227;1;FO1;0,0148;1,5597;0,0041;0,1071;0,0443;-0,0638;0,9912;;False
1457,30;0.69;pa010​;20250411_094227;1;FO1;0,0175;1,5615;0,0044;0,0953;0,0431;-0,0679;0,9922;;False
1457,32;0.71;pa010​;20250411_094227;1;FO1;0,0200;1,5639;0,0042;0,0824;0,0421;-0,0729;0,9930;;False
1457,33;0.72;pa010​;20250411_094227;1;FO1;0,0227;1,5656;0,0038;0,0695;0,0398;-0,0790;0,9937;;False
1457,35;0.74;pa010​;20250411_094227;1;FO1;0,0252;1,5671;0,0031;0,0591;0,0372;-0,0854;0,9939;;False
1457,36;0.75;pa010​;20250411_094227;1;FO1;0,0276;1,5685;0,0025;0,0504;0,0340;-0,0927;0,9938;;False
1457,38;0.77;pa010​;20250411_094227;1;FO1;0,0297;1,5699;0,0022;0,0405;0,0306;-0,1035;0,9933;;False
1457,39;0.78;pa010​;20250411_094227;1;FO1;0,0343;1,5723;0,0008;0,0221;0,0214;-0,1232;0,9919;;False
1457,41;0.8;pa010​;20250411_094227;1;FO1;0,0368;1,5720;-0,0003;0,0201;0,0163;-0,1308;0,9911;;False
1457,42;0.82;pa010​;20250411_094227;1;FO1;0,0393;1,5709;-0,0011;0,0234;0,0152;-0,1354;0,9904;;False
1457,44;0.83;pa010​;20250411_094227;1;FO1;0,0418;1,5701;-0,0012;0,0286;0,0180;-0,1381;0,9898;;False
1457,45;0.85;pa010​;20250411_094227;1;FO1;0,0440;1,5693;-0,0012;0,0343;0,0238;-0,1391;0,9894;;False
1457,47;0.86;pa010​;20250411_094227;1;FO1;0,0452;1,5680;-0,0012;0,0412;0,0285;-0,1378;0,9892;;False
1457,49;0.88;pa010​;20250411_094227;1;FO1;0,0460;1,5667;-0,0010;0,0493;0,0314;-0,1328;0,9894;;False
1457,50;0.89;pa010​;20250411_094227;1;FO1;0,0466;1,5658;-0,0008;0,0553;0,0335;-0,1279;0,9897;;False
1457,52;0.91;pa010​;20250411_094227;1;FO1;0,0475;1,5655;-0,0004;0,0598;0,0345;-0,1228;0,9900;;False
1457,53;0.92;pa010​;20250411_094227;1;FO1;0,0484;1,5643;0,0000;0,0656;0,0372;-0,1154;0,9905;;False
1457,55;0.94;pa010​;20250411_094227;1;FO1;0,0484;1,5644;-0,0004;0,0678;0,0368;-0,1102;0,9909;;False
1457,56;0.95;pa010​;20250411_094227;1;FO1;0,0487;1,5646;-0,0010;0,0696;0,0350;-0,1065;0,9913;;False
1457,58;0.97;pa010​;20250411_094227;1;FO1;0,0488;1,5651;-0,0015;0,0689;0,0332;-0,1021;0,9918;;False
1457,59;0.98;pa010​;20250411_094227;1;FO1;0,0488;1,5658;-0,0019;0,0672;0,0315;-0,0989;0,9923;;False
1457,61;1.0;pa010​;20250411_094227;1;FO1;0,0488;1,5668;-0,0021;0,0637;0,0296;-0,0969;0,9928;;False
1457,62;1.01;pa010​;20250411_094227;1;FO1;0,0486;1,5676;-0,0025;0,0596;0,0276;-0,0950;0,9933;;False
1457,64;1.03;pa010​;20250411_094227;1;FO1;0,0485;1,5683;-0,0029;0,0565;0,0257;-0,0934;0,9937;;False
1457,65;1.04;pa010​;20250411_094227;1;FO1;0,0485;1,5693;-0,0033;0,0534;0,0237;-0,0914;0,9941;;False
1457,67;1.06;pa010​;20250411_094227;1;FO1;0,0486;1,5705;-0,0036;0,0490;0,0227;-0,0887;0,9946;;False
1457,68;1.07;pa010​;20250411_094227;1;FO1;0,0488;1,5718;-0,0039;0,0440;0,0226;-0,0864;0,9950;;False
1457,70;1.09;pa010​;20250411_094227;1;FO1;0,0493;1,5742;-0,0043;0,0326;0,0218;-0,0819;0,9959;;False
1457,71;1.1;pa010​;20250411_094227;1;FO1;0,0498;1,5752;-0,0043;0,0260;0,0224;-0,0796;0,9962;;False
1457,73;1.12;pa010​;20250411_094227;1;FO1;0,0502;1,5758;-0,0043;0,0213;0,0226;-0,0776;0,9965;;False
1457,74;1.13;pa010​;20250411_094227;1;FO1;0,0501;1,5763;-0,0044;0,0179;0,0235;-0,0758;0,9967;;False
1457,76;1.15;pa010​;20250411_094227;1;FO1;0,0503;1,5770;-0,0040;0,0148;0,0230;-0,0744;0,9968;;False
1457,77;1.16;pa010​;20250411_094227;1;FO1;0,0503;1,5780;-0,0038;0,0108;0,0228;-0,0728;0,9970;;False
1457,79;1.18;pa010​;20250411_094227;1;FO1;0,0506;1,5791;-0,0037;0,0069;0,0216;-0,0715;0,9972;;False
1457,80;1.19;pa010​;20250411_094227;1;FO1;0,0504;1,5800;-0,0036;0,0031;0,0213;-0,0709;0,9973;;False
1457,82;1.21;pa010​;20250411_094227;1;FO1;0,0505;1,5811;-0,0034;-0,0013;0,0200;-0,0699;0,9974;;False
1457,83;1.22;pa010​;20250411_094227;1;FO1;0,0506;1,5817;-0,0034;-0,0054;0,0186;-0,0683;0,9975;;False
1457,85;1.24;pa010​;20250411_094227;1;FO1;0,0508;1,5823;-0,0033;-0,0081;0,0170;-0,0673;0,9976;;False
1457,86;1.25;pa010​;20250411_094227;1;FO1;0,0508;1,5833;-0,0031;-0,0110;0,0164;-0,0665;0,9976;;False
1457,88;1.27;pa010​;20250411_094227;1;FO1;0,0512;1,5846;-0,0031;-0,0174;0,0145;-0,0653;0,9976;;False
1457,89;1.29;pa010​;20250411_094227;1;FO1;0,0513;1,5855;-0,0033;-0,0200;0,0139;-0,0641;0,9976;;False
1457,91;1.3;pa010​;20250411_094227;1;FO1;0,0516;1,5862;-0,0034;-0,0235;0,0132;-0,0633;0,9976;;False
1457,92;1.32;pa010​;20250411_094227;1;FO1;0,0515;1,5866;-0,0038;-0,0252;0,0132;-0,0622;0,9977;;False
1457,94;1.33;pa010​;20250411_094227;1;FO1;0,0518;1,5866;-0,0043;-0,0280;0,0115;-0,0607;0,9977;;False
1457,95;1.35;pa010​;20250411_094227;1;FO1;0,0518;1,5870;-0,0043;-0,0291;0,0107;-0,0586;0,9978;;False
1457,97;1.36;pa010​;20250411_094227;1;FO1;0,0519;1,5876;-0,0044;-0,0326;0,0098;-0,0582;0,9977;;False
1457,99;1.39;pa010​;20250411_094227;1;FO1;0,0518;1,5888;-0,0041;-0,0405;0,0079;-0,0556;0,9976;;False
1458,01;1.4;pa010​;20250411_094227;1;FO1;0,0518;1,5895;-0,0042;-0,0462;0,0069;-0,0530;0,9975;;False
1458,02;1.42;pa010​;20250411_094227;1;FO1;0,0516;1,5897;-0,0043;-0,0488;0,0066;-0,0493;0,9976;;False
1458,04;1.43;pa010​;20250411_094227;1;FO1;0,0515;1,5890;-0,0047;-0,0487;0,0071;-0,0457;0,9977;;False
1458,05;1.45;pa010​;20250411_094227;1;FO1;0,0514;1,5895;-0,0046;-0,0468;0,0081;-0,0417;0,9980;;False
1458,07;1.46;pa010​;20250411_094227;1;FO1;0,0512;1,5894;-0,0045;-0,0464;0,0085;-0,0394;0,9981;;False
1458,08;1.48;pa010​;20250411_094227;1;FO1;0,0511;1,5892;-0,0044;-0,0446;0,0090;-0,0362;0,9983;;False
1458,10;1.49;pa010​;20250411_094227;1;FO1;0,0506;1,5884;-0,0041;-0,0392;0,0101;-0,0291;0,9988;;False
1458,12;1.51;pa010​;20250411_094227;1;FO1;0,0496;1,5867;-0,0032;-0,0334;0,0114;-0,0252;0,9991;;False
1458,13;1.52;pa010​;20250411_094227;1;FO1;0,0494;1,5855;-0,0026;-0,0274;0,0116;-0,0222;0,9993;;False
1458,15;1.54;pa010​;20250411_094227;1;FO1;0,0492;1,5839;-0,0021;-0,0202;0,0135;-0,0189;0,9995;;False
1458,16;1.55;pa010​;20250411_094227;1;FO1;0,0493;1,5828;-0,0014;-0,0134;0,0165;-0,0135;0,9997;;False
1458,18;1.57;pa010​;20250411_094227;1;FO1;0,0493;1,5821;-0,0009;-0,0089;0,0212;-0,0073;0,9997;;False
1458,19;1.58;pa010​;20250411_094227;1;FO1;0,0491;1,5812;-0,0001;-0,0063;0,0252;-0,0043;0,9997;;False
1458,21;1.6;pa010​;20250411_094227;1;FO1;0,0489;1,5815;0,0000;-0,0059;0,0265;-0,0052;0,9996;;False
1458,22;1.61;pa010​;20250411_094227;1;FO1;0,0491;1,5818;-0,0002;-0,0078;0,0242;-0,0086;0,9996;;False
1458,24;1.63;pa010​;20250411_094227;1;FO1;0,0497;1,5822;-0,0006;-0,0093;0,0205;-0,0146;0,9996;;False
1458,25;1.64;pa010​;20250411_094227;1;FO1;0,0497;1,5818;-0,0003;-0,0112;0,0172;-0,0230;0,9995;;False
1458,27;1.66;pa010​;20250411_094227;1;FO1;0,0515;1,5834;-0,0012;-0,0127;0,0150;-0,0313;0,9993;;False
1458,28;1.67;pa010​;20250411_094227;1;FO1;0,0531;1,5843;-0,0019;-0,0142;0,0134;-0,0447;0,9988;;False
1458,30;1.69;pa010​;20250411_094227;1;FO1;0,0539;1,5840;-0,0020;-0,0141;0,0118;-0,0522;0,9985;;False
1458,31;1.7;pa010​;20250411_094227;1;FO1;0,0549;1,5842;-0,0020;-0,0149;0,0103;-0,0571;0,9982;;False
1458,33;1.72;pa010​;20250411_094227;1;FO1;0,0558;1,5839;-0,0019;-0,0143;0,0099;-0,0626;0,9979;;False
1458,34;1.73;pa010​;20250411_094227;1;FO1;0,0571;1,5837;-0,0015;-0,0127;0,0106;-0,0674;0,9976;;False
1458,36;1.75;pa010​;20250411_094227;1;FO1;0,0584;1,5835;-0,0009;-0,0122;0,0121;-0,0726;0,9972;;False
1458,37;1.76;pa010​;20250411_094227;1;FO1;0,0596;1,5832;-0,0001;-0,0145;0,0144;-0,0748;0,9970;;False
1458,39;1.78;pa010​;20250411_094227;1;FO1;0,0606;1,5831;0,0005;-0,0141;0,0169;-0,0757;0,9969;;False
1458,40;1.79;pa010​;20250411_094227;1;FO1;0,0613;1,5824;0,0014;-0,0121;0,0181;-0,0792;0,9966;;False
1458,42;1.81;pa010​;20250411_094227;1;FO1;0,0617;1,5819;0,0025;-0,0111;0,0181;-0,0836;0,9963;;False
1458,43;1.83;pa010​;20250411_094227;1;FO1;0,0621;1,5812;0,0035;-0,0099;0,0166;-0,0868;0,9960;;False
1458,45;1.84;pa010​;20250411_094227;1;FO1;0,0622;1,5791;0,0055;-0,0055;0,0137;-0,0922;0,9956;;False
1458,47;1.86;pa010​;20250411_094227;1;FO1;0,0617;1,5784;0,0061;-0,0021;0,0104;-0,0919;0,9957;;False
1458,48;1.87;pa010​;20250411_094227;1;FO1;0,0613;1,5780;0,0068;0,0013;0,0082;-0,0909;0,9958;;False
1458,49;1.89;pa010​;20250411_094227;1;FO1;0,0610;1,5779;0,0073;0,0035;0,0071;-0,0886;0,9960;;False
1458,51;1.9;pa010​;20250411_094227;1;FO1;0,0603;1,5781;0,0076;0,0045;0,0080;-0,0853;0,9963;;False
1458,52;1.92;pa010​;20250411_094227;1;FO1;0,0595;1,5788;0,0075;0,0033;0,0092;-0,0813;0,9966;;False
1458,54;1.93;pa010​;20250411_094227;1;FO1;0,0587;1,5797;0,0071;0,0012;0,0097;-0,0771;0,9970;;False
1458,55;1.94;pa010​;20250411_094227;1;FO1;0,0578;1,5806;0,0067;-0,0024;0,0106;-0,0711;0,9974;;False
1458,57;1.96;pa010​;20250411_094227;1;FO1;0,0570;1,5815;0,0063;-0,0058;0,0114;-0,0665;0,9977;;False
1458,58;1.97;pa010​;20250411_094227;1;FO1;0,0558;1,5825;0,0060;-0,0087;0,0129;-0,0622;0,9979;;False
1458,60;1.99;pa010​;20250411_094227;1;FO1;0,0547;1,5835;0,0058;-0,0126;0,0131;-0,0595;0,9981;;False
1458,61;2.0;pa010​;20250411_094227;1;FO1;0,0535;1,5844;0,0056;-0,0162;0,0130;-0,0587;0,9981;;False
1458,62;2.02;pa010​;20250411_094227;1;FO1;0,0521;1,5848;0,0056;-0,0186;0,0121;-0,0573;0,9981;;False
1458,64;2.03;pa010​;20250411_094227;1;FO1;0,0506;1,5849;0,0057;-0,0194;0,0104;-0,0562;0,9982;;False
1458,65;2.04;pa010​;20250411_094227;1;FO1;0,0491;1,5847;0,0060;-0,0187;0,0074;-0,0548;0,9983;;False
1458,67;2.06;pa010​;20250411_094227;1;FO1;0,0475;1,5845;0,0065;-0,0168;0,0049;-0,0535;0,9984;;False
1458,68;2.07;pa010​;20250411_094227;1;FO1;0,0461;1,5841;0,0072;-0,0147;0,0029;-0,0522;0,9985;;False
1458,70;2.09;pa010​;20250411_094227;1;FO1;0,0434;1,5828;0,0089;-0,0106;0,0005;-0,0495;0,9987;;False
1458,71;2.1;pa010​;20250411_094227;1;FO1;0,0426;1,5818;0,0101;-0,0069;0,0007;-0,0485;0,9988;;False
1458,73;2.12;pa010​;20250411_094227;1;FO1;0,0420;1,5807;0,0110;-0,0043;0,0016;-0,0471;0,9989;;False
1458,74;2.13;pa010​;20250411_094227;1;FO1;0,0418;1,5804;0,0122;-0,0006;0,0032;-0,0466;0,9989;;False
1458,75;2.15;pa010​;20250411_094227;1;FO1;0,0420;1,5802;0,0126;-0,0025;0,0049;-0,0466;0,9989;;False
1458,77;2.16;pa010​;20250411_094227;1;FO1;0,0421;1,5807;0,0130;-0,0038;0,0070;-0,0486;0,9988;;False
1458,79;2.18;pa010​;20250411_094227;1;FO1;0,0424;1,5807;0,0127;-0,0064;0,0084;-0,0506;0,9987;;False
1458,80;2.19;pa010​;20250411_094227;1;FO1;0,0425;1,5808;0,0123;-0,0067;0,0092;-0,0514;0,9986;;False
1458,82;2.21;pa010​;20250411_094227;1;FO1;0,0421;1,5805;0,0129;-0,0070;0,0096;-0,0516;0,9986;;False
1458,83;2.22;pa010​;20250411_094227;1;FO1;0,0423;1,5808;0,0123;-0,0068;0,0095;-0,0514;0,9986;;False
1458,84;2.24;pa010​;20250411_094227;1;FO1;0,0424;1,5810;0,0116;-0,0059;0,0090;-0,0507;0,9987;;False
1458,86;2.25;pa010​;20250411_094227;1;FO1;0,0423;1,5811;0,0111;-0,0044;0,0083;-0,0504;0,9987;;False
1458,88;2.27;pa010​;20250411_094227;1;FO1;0,0422;1,5810;0,0108;-0,0024;0,0081;-0,0503;0,9987;;False
1458,89;2.28;pa010​;20250411_094227;1;FO1;0,0424;1,5808;0,0107;-0,0011;0,0075;-0,0502;0,9987;;False
1458,91;2.3;pa010​;20250411_094227;1;FO1;0,0428;1,5802;0,0106;0,0038;0,0072;-0,0505;0,9987;;False
1458,92;2.31;pa010​;20250411_094227;1;FO1;0,0438;1,5782;0,0116;0,0087;0,0075;-0,0508;0,9986;;False
1458,94;2.33;pa010​;20250411_094227;1;FO1;0,0443;1,5769;0,0125;0,0151;0,0083;-0,0511;0,9985;;False
1458,95;2.34;pa010​;20250411_094227;1;FO1;0,0447;1,5758;0,0136;0,0204;0,0094;-0,0514;0,9984;;False
1458,97;2.36;pa010​;20250411_094227;1;FO1;0,0450;1,5747;0,0145;0,0232;0,0110;-0,0521;0,9983;;False
1458,98;2.37;pa010​;20250411_094227;1;FO1;0,0453;1,5734;0,0151;0,0277;0,0117;-0,0521;0,9982;;False
1459,00;2.39;pa010​;20250411_094227;1;FO1;0,0453;1,5723;0,0155;0,0330;0,0122;-0,0514;0,9981;;False
1459,01;2.4;pa010​;20250411_094227;1;FO1;0,0453;1,5714;0,0157;0,0379;0,0130;-0,0507;0,9979;;False
1459,03;2.42;pa010​;20250411_094227;1;FO1;0,0453;1,5704;0,0161;0,0427;0,0133;-0,0497;0,9978;;False
1459,04;2.43;pa010​;20250411_094227;1;FO1;0,0452;1,5693;0,0166;0,0476;0,0129;-0,0493;0,9976;;False
1459,06;2.45;pa010​;20250411_094227;1;FO1;0,0449;1,5681;0,0171;0,0533;0,0129;-0,0483;0,9973;;False
1459,07;2.46;pa010​;20250411_094227;1;FO1;0,0447;1,5653;0,0181;0,0660;0,0124;-0,0471;0,9966;;False
1459,09;2.48;pa010​;20250411_094227;1;FO1;0,0445;1,5635;0,0188;0,0749;0,0125;-0,0469;0,9960;;False
1459,10;2.49;pa010​;20250411_094227;1;FO1;0,0444;1,5612;0,0195;0,0852;0,0129;-0,0466;0,9952;;False
1459,12;2.51;pa010​;20250411_094227;1;FO1;0,0444;1,5587;0,0202;0,0969;0,0134;-0,0467;0,9941;;False
1459,13;2.52;pa010​;20250411_094227;1;FO1;0,0444;1,5559;0,0212;0,1096;0,0140;-0,0467;0,9928;;False
1459,15;2.54;pa010​;20250411_094227;1;FO1;0,0442;1,5525;0,0221;0,1239;0,0152;-0,0461;0,9911;;False
1459,16;2.55;pa010​;20250411_094227;1;FO1;0,0442;1,5495;0,0231;0,1371;0,0159;-0,0456;0,9894;;False
1459,18;2.57;pa010​;20250411_094227;1;FO1;0,0443;1,5477;0,0244;0,1462;0,0174;-0,0448;0,9881;;False
1459,19;2.58;pa010​;20250411_094227;1;FO1;0,0445;1,5457;0,0253;0,1539;0,0192;-0,0446;0,9869;;False
1459,21;2.6;pa010​;20250411_094227;1;FO1;0,0445;1,5429;0,0262;0,1647;0,0210;-0,0447;0,9851;;False
1459,22;2.61;pa010​;20250411_094227;1;FO1;0,0445;1,5401;0,0271;0,1759;0,0222;-0,0448;0,9831;;False
1459,24;2.63;pa010​;20250411_094227;1;FO1;0,0447;1,5372;0,0285;0,1867;0,0229;-0,0454;0,9811;;False
1459,25;2.64;pa010​;20250411_094227;1;FO1;0,0446;1,5337;0,0300;0,1976;0,0237;-0,0455;0,9789;;False
1459,27;2.66;pa010​;20250411_094227;1;FO1;0,0448;1,5265;0,0334;0,2216;0,0243;-0,0467;0,9737;;False
1459,28;2.68;pa010​;20250411_094227;1;FO1;0,0449;1,5223;0,0353;0,2353;0,0245;-0,0467;0,9705;;False
1459,30;2.69;pa010​;20250411_094227;1;FO1;0,0449;1,5176;0,0372;0,2510;0,0260;-0,0476;0,9665;;False
1459,31;2.71;pa010​;20250411_094227;1;FO1;0,0454;1,5128;0,0389;0,2681;0,0278;-0,0483;0,9618;;False
1459,33;2.72;pa010​;20250411_094227;1;FO1;0,0458;1,5081;0,0406;0,2844;0,0307;-0,0489;0,9570;;False
1459,35;2.74;pa010​;20250411_094227;1;FO1;0,0460;1,5049;0,0424;0,2998;0,0332;-0,0490;0,9522;;False
1459,36;2.75;pa010​;20250411_094227;1;FO1;0,0463;1,5037;0,0448;0,3086;0,0344;-0,0488;0,9493;;False
1459,38;2.77;pa010​;20250411_094227;1;FO1;0,0466;1,5029;0,0474;0,3088;0,0343;-0,0486;0,9493;;False
1459,39;2.79;pa010​;20250411_094227;1;FO1;0,0470;1,5007;0,0521;0,3188;0,0350;-0,0477;0,9460;;False
1459,41;2.8;pa010​;20250411_094227;1;FO1;0,0470;1,5002;0,0541;0,3183;0,0336;-0,0471;0,9462;;False
1459,43;2.82;pa010​;20250411_094227;1;FO1;0,0471;1,4997;0,0561;0,3186;0,0327;-0,0462;0,9462;;False
1459,44;2.83;pa010​;20250411_094227;1;FO1;0,0472;1,4989;0,0579;0,3203;0,0327;-0,0458;0,9456;;False
1459,46;2.85;pa010​;20250411_094227;1;FO1;0,0473;1,4984;0,0598;0,3224;0,0329;-0,0450;0,9450;;False
1459,48;2.87;pa010​;20250411_094227;1;FO1;0,0478;1,4977;0,0634;0,3265;0,0340;-0,0445;0,9435;;False
1459,49;2.88;pa010​;20250411_094227;1;FO1;0,0480;1,4977;0,0652;0,3256;0,0349;-0,0437;0,9438;;False
1459,51;2.9;pa010​;20250411_094227;1;FO1;0,0482;1,4976;0,0667;0,3241;0,0349;-0,0424;0,9444;;False
1459,52;2.92;pa010​;20250411_094227;1;FO1;0,0483;1,4971;0,0680;0,3230;0,0355;-0,0431;0,9447;;False
1459,54;2.93;pa010​;20250411_094227;1;FO1;0,0484;1,4965;0,0690;0,3236;0,0358;-0,0431;0,9445;;False
1459,55;2.95;pa010​;20250411_094227;1;FO1;0,0485;1,4960;0,0698;0,3252;0,0358;-0,0424;0,9440;;False
1459,57;2.96;pa010​;20250411_094227;1;FO1;0,0487;1,4959;0,0704;0,3255;0,0360;-0,0422;0,9439;;False
1459,58;2.98;pa010​;20250411_094227;1;FO1;0,0490;1,4960;0,0710;0,3252;0,0368;-0,0423;0,9440;;False
1459,60;2.99;pa010​;20250411_094227;1;FO1;0,0493;1,4963;0,0712;0,3244;0,0381;-0,0422;0,9442;;False
1459,61;3.01;pa010​;20250411_094227;1;FO1;0,0496;1,4971;0,0714;0,3229;0,0393;-0,0417;0,9447;;False
1459,63;3.02;pa010​;20250411_094227;1;FO1;0,0496;1,4986;0,0714;0,3194;0,0388;-0,0414;0,9459;;False
1459,65;3.04;pa010​;20250411_094227;1;FO1;0,0498;1,5006;0,0712;0,3128;0,0380;-0,0415;0,9482;;False
1459,66;3.05;pa010​;20250411_094227;1;FO1;0,0499;1,5026;0,0706;0,3055;0,0369;-0,0411;0,9506;;False
1459,68;3.07;pa010​;20250411_094227;1;FO1;0,0499;1,5046;0,0699;0,2987;0,0358;-0,0413;0,9528;;False
1459,69;3.08;pa010​;20250411_094227;1;FO1;0,0501;1,5068;0,0690;0,2905;0,0350;-0,0412;0,9553;;False
1459,71;3.1;pa010​;20250411_094227;1;FO1;0,0502;1,5096;0,0679;0,2816;0,0345;-0,0408;0,9581;;False
1459,72;3.11;pa010​;20250411_094227;1;FO1;0,0503;1,5123;0,0668;0,2722;0,0342;-0,0405;0,9608;;False
1459,74;3.13;pa010​;20250411_094227;1;FO1;0,0505;1,5153;0,0658;0,2618;0,0340;-0,0402;0,9637;;False
1459,75;3.14;pa010​;20250411_094227;1;FO1;0,0504;1,5189;0,0647;0,2496;0,0339;-0,0401;0,9669;;False
1459,77;3.16;pa010​;20250411_094227;1;FO1;0,0505;1,5252;0,0622;0,2265;0,0328;-0,0401;0,9726;;False
1459,78;3.18;pa010​;20250411_094227;1;FO1;0,0503;1,5284;0,0603;0,2134;0,0326;-0,0397;0,9756;;False
1459,80;3.19;pa010​;20250411_094227;1;FO1;0,0502;1,5316;0,0588;0,2004;0,0318;-0,0395;0,9784;;False
1459,81;3.2;pa010​;20250411_094227;1;FO1;0,0501;1,5352;0,0568;0,1841;0,0315;-0,0387;0,9816;;False
1459,83;3.22;pa010​;20250411_094227;1;FO1;0,0504;1,5384;0,0549;0,1717;0,0312;-0,0369;0,9840;;False
1459,84;3.24;pa010​;20250411_094227;1;FO1;0,0505;1,5415;0,0529;0,1601;0,0316;-0,0363;0,9859;;False
1459,86;3.25;pa010​;20250411_094227;1;FO1;0,0503;1,5442;0,0510;0,1493;0,0321;-0,0359;0,9876;;False
1459,87;3.27;pa010​;20250411_094227;1;FO1;0,0503;1,5463;0,0493;0,1403;0,0316;-0,0362;0,9889;;False
1459,89;3.28;pa010​;20250411_094227;1;FO1;0,0505;1,5475;0,0471;0,1324;0,0308;-0,0368;0,9900;;False
1459,90;3.3;pa010​;20250411_094227;1;FO1;0,0504;1,5487;0,0452;0,1294;0,0314;-0,0382;0,9904;;False
1459,92;3.31;pa010​;20250411_094227;1;FO1;0,0503;1,5500;0,0414;0,1218;0,0317;-0,0410;0,9912;;False
1459,94;3.33;pa010​;20250411_094227;1;FO1;0,0500;1,5504;0,0399;0,1235;0,0318;-0,0418;0,9910;;False
1459,95;3.34;pa010​;20250411_094227;1;FO1;0,0495;1,5504;0,0390;0,1244;0,0311;-0,0422;0,9908;;False
1459,97;3.36;pa010​;20250411_094227;1;FO1;0,0490;1,5503;0,0379;0,1257;0,0300;-0,0419;0,9907;;False
1459,98;3.37;pa010​;20250411_094227;1;FO1;0,0486;1,5499;0,0370;0,1270;0,0287;-0,0420;0,9906;;False
1460,00;3.39;pa010​;20250411_094227;1;FO1;0,0481;1,5498;0,0360;0,1284;0,0276;-0,0424;0,9904;;False
1460,02;3.41;pa010​;20250411_094227;1;FO1;0,0477;1,5496;0,0353;0,1298;0,0266;-0,0426;0,9903;;False
1460,03;3.42;pa010​;20250411_094227;1;FO1;0,0469;1,5489;0,0340;0,1322;0,0246;-0,0434;0,9900;;False
1460,05;3.44;pa010​;20250411_094227;1;FO1;0,0464;1,5483;0,0336;0,1341;0,0235;-0,0433;0,9897;;False
1460,06;3.45;pa010​;20250411_094227;1;FO1;0,0461;1,5478;0,0333;0,1362;0,0219;-0,0426;0,9895;;False
1460,08;3.47;pa010​;20250411_094227;1;FO1;0,0458;1,5477;0,0330;0,1369;0,0206;-0,0421;0,9895;;False
1460,09;3.48;pa010​;20250411_094227;1;FO1;0,0458;1,5477;0,0328;0,1376;0,0200;-0,0429;0,9894;;False
1460,11;3.5;pa010​;20250411_094227;1;FO1;0,0459;1,5476;0,0325;0,1382;0,0203;-0,0438;0,9892;;False
1460,12;3.52;pa010​;20250411_094227;1;FO1;0,0459;1,5475;0,0324;0,1390;0,0207;-0,0443;0,9891;;False
1460,14;3.54;pa010​;20250411_094227;1;FO1;0,0461;1,5472;0,0319;0,1403;0,0224;-0,0460;0,9888;;False
1460,16;3.55;pa010​;20250411_094227;1;FO1;0,0459;1,5468;0,0316;0,1406;0,0233;-0,0462;0,9887;;False
1460,17;3.57;pa010​;20250411_094227;1;FO1;0,0461;1,5467;0,0317;0,1413;0,0243;-0,0453;0,9886;;False
1460,19;3.58;pa010​;20250411_094227;1;FO1;0,0462;1,5466;0,0318;0,1416;0,0252;-0,0446;0,9886;;False
1460,21;3.6;pa010​;20250411_094227;1;FO1;0,0463;1,5465;0,0320;0,1422;0,0259;-0,0438;0,9885;;False
1460,22;3.61;pa010​;20250411_094227;1;FO1;0,0464;1,5462;0,0322;0,1437;0,0262;-0,0440;0,9883;;False
1460,24;3.63;pa010​;20250411_094227;1;FO1;0,0465;1,5458;0,0323;0,1457;0,0259;-0,0440;0,9880;;False
1460,25;3.64;pa010​;20250411_094227;1;FO1;0,0468;1,5453;0,0325;0,1471;0,0260;-0,0438;0,9878;;False
1460,27;3.66;pa010​;20250411_094227;1;FO1;0,0469;1,5443;0,0327;0,1494;0,0263;-0,0451;0,9874;;False
1460,28;3.68;pa010​;20250411_094227;1;FO1;0,0470;1,5439;0,0329;0,1513;0,0259;-0,0451;0,9871;;False
1460,30;3.69;pa010​;20250411_094227;1;FO1;0,0470;1,5433;0,0331;0,1535;0,0257;-0,0454;0,9868;;False
1460,32;3.71;pa010​;20250411_094227;1;FO1;0,0469;1,5427;0,0333;0,1559;0,0257;-0,0454;0,9864;;False
1460,33;3.72;pa010​;20250411_094227;1;FO1;0,0471;1,5419;0,0337;0,1579;0,0257;-0,0455;0,9861;;False
1460,35;3.74;pa010​;20250411_094227;1;FO1;0,0471;1,5413;0,0339;0,1599;0,0262;-0,0462;0,9857;;False
1460,36;3.75;pa010​;20250411_094227;1;FO1;0,0473;1,5411;0,0341;0,1617;0,0263;-0,0467;0,9854;;False
1460,38;3.77;pa010​;20250411_094227;1;FO1;0,0475;1,5409;0,0341;0,1625;0,0265;-0,0462;0,9853;;False
1460,39;3.78;pa010​;20250411_094227;1;FO1;0,0478;1,5405;0,0341;0,1634;0,0269;-0,0463;0,9851;;False
1460,41;3.8;pa010​;20250411_094227;1;FO1;0,0483;1,5401;0,0342;0,1656;0,0279;-0,0467;0,9847;;False
1460,42;3.81;pa010​;20250411_094227;1;FO1;0,0487;1,5396;0,0344;0,1671;0,0287;-0,0474;0,9844;;False
1460,44;3.83;pa010​;20250411_094227;1;FO1;0,0491;1,5391;0,0347;0,1692;0,0292;-0,0477;0,9840;;False
1460,45;3.85;pa010​;20250411_094227;1;FO1;0,0494;1,5385;0,0350;0,1705;0,0292;-0,0479;0,9838;;False
1460,47;3.86;pa010​;20250411_094227;1;FO1;0,0496;1,5376;0,0352;0,1735;0,0286;-0,0479;0,9833;;False
1460,49;3.88;pa010​;20250411_094227;1;FO1;0,0498;1,5364;0,0357;0,1782;0,0277;-0,0479;0,9824;;False
1460,50;3.89;pa010​;20250411_094227;1;FO1;0,0499;1,5351;0,0363;0,1831;0,0269;-0,0479;0,9816;;False
1460,52;3.91;pa010​;20250411_094227;1;FO1;0,0505;1,5317;0,0375;0,1938;0,0246;-0,0482;0,9795;;False
1460,53;3.93;pa010​;20250411_094227;1;FO1;0,0510;1,5290;0,0383;0,2048;0,0234;-0,0480;0,9773;;False
1460,55;3.94;pa010​;20250411_094227;1;FO1;0,0515;1,5256;0,0390;0,2171;0,0220;-0,0487;0,9747;;False
1460,56;3.96;pa010​;20250411_094227;1;FO1;0,0521;1,5218;0,0395;0,2316;0,0209;-0,0495;0,9713;;False
1460,58;3.97;pa010​;20250411_094227;1;FO1;0,0530;1,5178;0,0403;0,2469;0,0211;-0,0504;0,9675;;False
1460,59;3.99;pa010​;20250411_094227;1;FO1;0,0541;1,5149;0,0411;0,2594;0,0231;-0,0512;0,9641;;False
1460,61;4.0;pa010​;20250411_094227;1;FO1;0,0553;1,5129;0,0420;0,2690;0,0254;-0,0514;0,9614;;False
1460,63;4.02;pa010​;20250411_094227;1;FO1;0,0566;1,5103;0,0429;0,2757;0,0267;-0,0505;0,9595;;False
1460,64;4.03;pa010​;20250411_094227;1;FO1;0,0575;1,5073;0,0433;0,2877;0,0283;-0,0511;0,9559;;False
1460,66;4.05;pa010​;20250411_094227;1;FO1;0,0594;1,5011;0,0441;0,3106;0,0302;-0,0516;0,9486;;False
1460,67;4.06;pa010​;20250411_094227;1;FO1;0,0602;1,4984;0,0440;0,3226;0,0301;-0,0508;0,9447;;False
1460,69;4.08;pa010​;20250411_094227;1;FO1;0,0611;1,4970;0,0446;0,3326;0,0295;-0,0491;0,9413;;False
1460,70;4.1;pa010​;20250411_094227;1;FO1;0,0624;1,4975;0,0456;0,3331;0,0300;-0,0477;0,9412;;False
1460,72;4.11;pa010​;20250411_094227;1;FO1;0,0635;1,4983;0,0465;0,3268;0,0299;-0,0466;0,9435;;False
1460,74;4.13;pa010​;20250411_094227;1;FO1;0,0643;1,4981;0,0465;0,3276;0,0307;-0,0462;0,9432;;False
1460,75;4.14;pa010​;20250411_094227;1;FO1;0,0651;1,4979;0,0462;0,3278;0,0302;-0,0461;0,9431;;False
1460,77;4.16;pa010​;20250411_094227;1;FO1;0,0657;1,4976;0,0463;0,3294;0,0292;-0,0462;0,9426;;False
1460,78;4.17;pa010​;20250411_094227;1;FO1;0,0672;1,4967;0,0466;0,3323;0,0270;-0,0471;0,9416;;False
1460,80;4.19;pa010​;20250411_094227;1;FO1;0,0679;1,4959;0,0465;0,3349;0,0249;-0,0481;0,9407;;False
1460,81;4.21;pa010​;20250411_094227;1;FO1;0,0686;1,4953;0,0465;0,3384;0,0235;-0,0483;0,9395;;False
1460,83;4.22;pa010​;20250411_094227;1;FO1;0,0695;1,4945;0,0464;0,3422;0,0227;-0,0483;0,9381;;False
1460,84;4.24;pa010​;20250411_094227;1;FO1;0,0704;1,4938;0,0465;0,3457;0,0223;-0,0483;0,9368;;False
1460,86;4.25;pa010​;20250411_094227;1;FO1;0,0713;1,4933;0,0470;0,3472;0,0219;-0,0481;0,9363;;False
1460,88;4.27;pa010​;20250411_094227;1;FO1;0,0724;1,4937;0,0474;0,3453;0,0220;-0,0476;0,9370;;False
1460,89;4.28;pa010​;20250411_094227;1;FO1;0,0734;1,4938;0,0475;0,3427;0,0220;-0,0467;0,9380;;False
1460,91;4.3;pa010​;20250411_094227;1;FO1;0,0754;1,4939;0,0476;0,3421;0,0216;-0,0464;0,9383;;False
1460,92;4.32;pa010​;20250411_094227;1;FO1;0,0763;1,4943;0,0473;0,3417;0,0215;-0,0469;0,9384;;False
1460,94;4.33;pa010​;20250411_094227;1;FO1;0,0773;1,4948;0,0474;0,3400;0,0211;-0,0470;0,9390;;False
1460,96;4.35;pa010​;20250411_094227;1;FO1;0,0784;1,4957;0,0471;0,3376;0,0207;-0,0472;0,9399;;False
1460,97;4.36;pa010​;20250411_094227;1;FO1;0,0795;1,4961;0,0470;0,3356;0,0205;-0,0475;0,9406;;False
1460,99;4.38;pa010​;20250411_094227;1;FO1;0,0806;1,4966;0,0468;0,3338;0,0202;-0,0478;0,9412;;False
1461,00;4.39;pa010​;20250411_094227;1;FO1;0,0815;1,4970;0,0467;0,3324;0,0197;-0,0479;0,9417;;False
1461,02;4.41;pa010​;20250411_094227;1;FO1;0,0836;1,4977;0,0467;0,3292;0,0186;-0,0486;0,9428;;False
1461,03;4.43;pa010​;20250411_094227;1;FO1;0,0846;1,4977;0,0469;0,3281;0,0178;-0,0486;0,9432;;False
1461,05;4.44;pa010​;20250411_094227;1;FO1;0,0856;1,4977;0,0471;0,3277;0,0172;-0,0489;0,9434;;False
1461,06;4.46;pa010​;20250411_094227;1;FO1;0,0868;1,4983;0,0475;0,3259;0,0172;-0,0492;0,9440;;False
1461,08;4.47;pa010​;20250411_094227;1;FO1;0,0879;1,4990;0,0481;0,3235;0,0178;-0,0490;0,9448;;False
1461,09;4.49;pa010​;20250411_094227;1;FO1;0,0887;1,4997;0,0488;0,3215;0,0183;-0,0484;0,9455;;False
1461,11;4.5;pa010​;20250411_094227;1;FO1;0,0895;1,5006;0,0500;0,3194;0,0178;-0,0477;0,9463;;False
1461,13;4.52;pa010​;20250411_094227;1;FO1;0,0900;1,5014;0,0516;0,3157;0,0169;-0,0468;0,9475;;False
1461,14;4.53;pa010​;20250411_094227;1;FO1;0,0905;1,5023;0,0536;0,3094;0,0153;-0,0470;0,9497;;False
1461,16;4.55;pa010​;20250411_094227;1;FO1;0,0913;1,5048;0,0584;0,2952;0,0140;-0,0475;0,9541;;False
1461,17;4.56;pa010​;20250411_094227;1;FO1;0,0918;1,5083;0,0621;0,2773;0,0135;-0,0491;0,9594;;False
1461,19;4.58;pa010​;20250411_094227;1;FO1;0,0922;1,5125;0,0649;0,2572;0,0131;-0,0505;0,9649;;False
1461,20;4.6;pa010​;20250411_094227;1;FO1;0,0917;1,5162;0,0678;0,2396;0,0117;-0,0528;0,9694;;False
1461,22;4.61;pa010​;20250411_094227;1;FO1;0,0913;1,5209;0,0695;0,2185;0,0091;-0,0552;0,9742;;False
1461,23;4.63;pa010​;20250411_094227;1;FO1;0,0909;1,5256;0,0717;0,1989;0,0083;-0,0579;0,9783;;False
1461,25;4.64;pa010​;20250411_094227;1;FO1;0,0908;1,5306;0,0728;0,1776;0,0090;-0,0605;0,9822;;False
1461,27;4.66;pa010​;20250411_094227;1;FO1;0,0905;1,5358;0,0732;0,1566;0,0092;-0,0610;0,9857;;False
1461,28;4.67;pa010​;20250411_094227;1;FO1;0,0890;1,5464;0,0723;0,1174;0,0094;-0,0645;0,9909;;False
1461,30;4.69;pa010​;20250411_094227;1;FO1;0,0879;1,5516;0,0697;0,1007;0,0077;-0,0674;0,9926;;False
1461,31;4.7;pa010​;20250411_094227;1;FO1;0,0866;1,5566;0,0672;0,0846;0,0062;-0,0692;0,9940;;False
1461,33;4.72;pa010​;20250411_094227;1;FO1;0,0855;1,5612;0,0650;0,0701;0,0044;-0,0707;0,9950;;False
1461,34;4.74;pa010​;20250411_094227;1;FO1;0,0844;1,5653;0,0630;0,0557;0,0035;-0,0708;0,9959;;False
1461,36;4.75;pa010​;20250411_094227;1;FO1;0,0830;1,5689;0,0610;0,0427;0,0031;-0,0708;0,9966;;False
1461,37;4.77;pa010​;20250411_094227;1;FO1;0,0813;1,5719;0,0590;0,0315;0,0020;-0,0706;0,9970;;False
1461,39;4.78;pa010​;20250411_094227;1;FO1;0,0795;1,5744;0,0570;0,0233;0,0006;-0,0694;0,9973;;False
1461,40;4.8;pa010​;20250411_094227;1;FO1;0,0775;1,5761;0,0550;0,0173;-0,0014;-0,0674;0,9976;;False
1461,42;4.81;pa010​;20250411_094227;1;FO1;0,0737;1,5791;0,0514;0,0066;-0,0059;-0,0650;0,9978;;False
1461,44;4.83;pa010​;20250411_094227;1;FO1;0,0719;1,5799;0,0500;0,0041;-0,0086;-0,0644;0,9979;;False
1461,45;4.84;pa010​;20250411_094227;1;FO1;0,0703;1,5811;0,0487;0,0014;-0,0112;-0,0631;0,9979;;False
1461,47;4.86;pa010​;20250411_094227;1;FO1;0,0686;1,5820;0,0470;-0,0017;-0,0131;-0,0629;0,9979;;False
1461,48;4.88;pa010​;20250411_094227;1;FO1;0,0670;1,5829;0,0452;-0,0076;-0,0162;-0,0629;0,9979;;False
1461,50;4.89;pa010​;20250411_094227;1;FO1;0,0649;1,5848;0,0436;-0,0148;-0,0187;-0,0624;0,9978;;False
1461,51;4.91;pa010​;20250411_094227;1;FO1;0,0633;1,5865;0,0417;-0,0240;-0,0224;-0,0627;0,9975;;False
1461,53;4.92;pa010​;20250411_094227;1;FO1;0,0598;1,5897;0,0379;-0,0396;-0,0291;-0,0622;0,9969;;False
1461,55;4.94;pa010​;20250411_094227;1;FO1;0,0584;1,5919;0,0355;-0,0496;-0,0338;-0,0625;0,9962;;False
1461,56;4.96;pa010​;20250411_094227;1;FO1;0,0570;1,5938;0,0330;-0,0572;-0,0371;-0,0623;0,9957;;False
1461,58;4.97;pa010​;20250411_094227;1;FO1;0,0562;1,5953;0,0309;-0,0629;-0,0402;-0,0625;0,9952;;False
1461,60;4.99;pa010​;20250411_094227;1;FO1;0,0555;1,5966;0,0289;-0,0678;-0,0412;-0,0626;0,9949;;False
1461,61;5.0;pa010​;20250411_094227;1;FO1;0,0552;1,5975;0,0272;-0,0723;-0,0407;-0,0618;0,9946;;False
1461,63;5.02;pa010​;20250411_094227;1;FO1;0,0550;1,5981;0,0256;-0,0748;-0,0380;-0,0608;0,9946;;False
1461,64;5.04;pa010​;20250411_094227;1;FO1;0,0546;1,5989;0,0228;-0,0791;-0,0341;-0,0596;0,9945;;False
1461,66;5.05;pa010​;20250411_094227;1;FO1;0,0544;1,5985;0,0219;-0,0781;-0,0308;-0,0589;0,9947;;False
1461,67;5.07;pa010​;20250411_094227;1;FO1;0,0541;1,5980;0,0213;-0,0768;-0,0281;-0,0576;0,9950;;False
1461,69;5.08;pa010​;20250411_094227;1;FO1;0,0540;1,5974;0,0211;-0,0732;-0,0257;-0,0573;0,9953;;False
1461,71;5.1;pa010​;20250411_094227;1;FO1;0,0539;1,5970;0,0214;-0,0711;-0,0239;-0,0573;0,9955;;False
1461,72;5.11;pa010​;20250411_094227;1;FO1;0,0537;1,5963;0,0218;-0,0697;-0,0227;-0,0577;0,9956;;False
1461,74;5.13;pa010​;20250411_094227;1;FO1;0,0534;1,5952;0,0223;-0,0663;-0,0225;-0,0576;0,9959;;False
1461,75;5.14;pa010​;20250411_094227;1;FO1;0,0530;1,5939;0,0229;-0,0619;-0,0224;-0,0580;0,9961;;False
1461,77;5.16;pa010​;20250411_094227;1;FO1;0,0525;1,5913;0,0240;-0,0540;-0,0214;-0,0591;0,9966;;False
1461,78;5.18;pa010​;20250411_094227;1;FO1;0,0523;1,5907;0,0242;-0,0500;-0,0205;-0,0585;0,9968;;False
1461,80;5.19;pa010​;20250411_094227;1;FO1;0,0522;1,5904;0,0245;-0,0482;-0,0190;-0,0576;0,9970;;False
1461,81;5.21;pa010​;20250411_094227;1;FO1;0,0518;1,5901;0,0245;-0,0470;-0,0181;-0,0568;0,9971;;False
1461,83;5.22;pa010​;20250411_094227;1;FO1;0,0512;1,5899;0,0245;-0,0467;-0,0181;-0,0561;0,9972;;False
1461,84;5.24;pa010​;20250411_094227;1;FO1;0,0507;1,5898;0,0245;-0,0476;-0,0195;-0,0562;0,9971;;False
1461,86;5.25;pa010​;20250411_094227;1;FO1;0,0501;1,5904;0,0242;-0,0484;-0,0209;-0,0562;0,9970;;False
1461,87;5.27;pa010​;20250411_094227;1;FO1;0,0496;1,5909;0,0236;-0,0500;-0,0220;-0,0554;0,9970;;False
1461,89;5.28;pa010​;20250411_094227;1;FO1;0,0491;1,5912;0,0229;-0,0514;-0,0229;-0,0544;0,9969;;False
1461,91;5.3;pa010​;20250411_094227;1;FO1;0,0486;1,5916;0,0224;-0,0523;-0,0231;-0,0533;0,9969;;False
1461,92;5.31;pa010​;20250411_094227;1;FO1;0,0479;1,5924;0,0212;-0,0540;-0,0233;-0,0513;0,9970;;False
1461,94;5.33;pa010​;20250411_094227;1;FO1;0,0478;1,5924;0,0208;-0,0544;-0,0226;-0,0501;0,9970;;False
1461,95;5.34;pa010​;20250411_094227;1;FO1;0,0478;1,5924;0,0205;-0,0543;-0,0213;-0,0496;0,9971;;False
1461,97;5.36;pa010​;20250411_094227;1;FO1;0,0478;1,5921;0,0206;-0,0542;-0,0201;-0,0495;0,9971;;False
1461,98;5.37;pa010​;20250411_094227;1;FO1;0,0480;1,5916;0,0206;-0,0531;-0,0186;-0,0499;0,9972;;False
1462,00;5.39;pa010​;20250411_094227;1;FO1;0,0483;1,5909;0,0208;-0,0505;-0,0171;-0,0503;0,9973;;False
1462,01;5.4;pa010​;20250411_094227;1;FO1;0,0486;1,5900;0,0211;-0,0468;-0,0148;-0,0510;0,9975;;False
1462,03;5.42;pa010​;20250411_094227;1;FO1;0,0489;1,5890;0,0215;-0,0435;-0,0121;-0,0510;0,9977;;False
1462,04;5.43;pa010​;20250411_094227;1;FO1;0,0493;1,5881;0,0218;-0,0406;-0,0093;-0,0509;0,9978;;False
1462,06;5.45;pa010​;20250411_094227;1;FO1;0,0496;1,5873;0,0217;-0,0373;-0,0066;-0,0506;0,9980;;False
1462,07;5.46;pa010​;20250411_094227;1;FO1;0,0501;1,5860;0,0214;-0,0317;-0,0022;-0,0495;0,9983;;False
1462,09;5.48;pa010​;20250411_094227;1;FO1;0,0502;1,5864;0,0208;-0,0310;-0,0009;-0,0499;0,9983;;False
1462,10;5.49;pa010​;20250411_094227;1;FO1;0,0500;1,5872;0,0201;-0,0332;-0,0004;-0,0505;0,9982;;False
1462,12;5.51;pa010​;20250411_094227;1;FO1;0,0498;1,5878;0,0192;-0,0369;-0,0014;-0,0509;0,9980;;False
1462,13;5.53;pa010​;20250411_094227;1;FO1;0,0498;1,5882;0,0182;-0,0399;-0,0022;-0,0514;0,9979;;False
1462,15;5.54;pa010​;20250411_094227;1;FO1;0,0498;1,5886;0,0172;-0,0421;-0,0027;-0,0511;0,9978;;False
1462,17;5.56;pa010​;20250411_094227;1;FO1;0,0498;1,5889;0,0164;-0,0434;-0,0028;-0,0510;0,9977;;False
1462,18;5.57;pa010​;20250411_094227;1;FO1;0,0500;1,5891;0,0158;-0,0441;-0,0022;-0,0506;0,9977;;False
1462,19;5.59;pa010​;20250411_094227;1;FO1;0,0501;1,5891;0,0150;-0,0440;-0,0012;-0,0502;0,9978;;False
1462,21;5.6;pa010​;20250411_094227;1;FO1;0,0504;1,5891;0,0143;-0,0432;0,0000;-0,0502;0,9978;;False
1462,23;5.62;pa010​;20250411_094227;1;FO1;0,0508;1,5888;0,0130;-0,0420;0,0024;-0,0503;0,9978;;False
1462,24;5.63;pa010​;20250411_094227;1;FO1;0,0510;1,5882;0,0126;-0,0397;0,0042;-0,0505;0,9979;;False
1462,26;5.65;pa010​;20250411_094227;1;FO1;0,0512;1,5876;0,0122;-0,0366;0,0056;-0,0507;0,9980;;False
1462,27;5.66;pa010​;20250411_094227;1;FO1;0,0514;1,5868;0,0119;-0,0318;0,0072;-0,0508;0,9982;;False
1462,29;5.68;pa010​;20250411_094227;1;FO1;0,0515;1,5858;0,0119;-0,0276;0,0084;-0,0511;0,9983;;False
1462,30;5.69;pa010​;20250411_094227;1;FO1;0,0516;1,5855;0,0121;-0,0253;0,0086;-0,0504;0,9984;;False
1462,32;5.71;pa010​;20250411_094227;1;FO1;0,0516;1,5848;0,0122;-0,0229;0,0097;-0,0506;0,9984;;False
1462,34;5.73;pa010​;20250411_094227;1;FO1;0,0515;1,5832;0,0122;-0,0153;0,0110;-0,0518;0,9985;;False
1462,35;5.74;pa010​;20250411_094227;1;FO1;0,0512;1,5822;0,0120;-0,0096;0,0111;-0,0511;0,9986;;False
1462,37;5.76;pa010​;20250411_094227;1;FO1;0,0510;1,5814;0,0121;-0,0034;0,0106;-0,0506;0,9987;;False
1462,38;5.78;pa010​;20250411_094227;1;FO1;0,0507;1,5811;0,0124;-0,0011;0,0099;-0,0502;0,9987;;False
1462,40;5.79;pa010​;20250411_094227;1;FO1;0,0505;1,5817;0,0127;-0,0028;0,0093;-0,0501;0,9987;;False
1462,42;5.81;pa010​;20250411_094227;1;FO1;0,0505;1,5825;0,0128;-0,0075;0,0083;-0,0496;0,9987;;False
1462,43;5.83;pa010​;20250411_094227;1;FO1;0,0504;1,5821;0,0129;-0,0090;0,0079;-0,0494;0,9987;;False
1462,45;5.84;pa010​;20250411_094227;1;FO1;0,0501;1,5827;0,0130;-0,0102;0,0067;-0,0493;0,9987;;False
1462,47;5.86;pa010​;20250411_094227;1;FO1;0,0502;1,5831;0,0132;-0,0115;0,0065;-0,0494;0,9987;;False
1462,48;5.88;pa010​;20250411_094227;1;FO1;0,0503;1,5833;0,0135;-0,0117;0,0067;-0,0500;0,9987;;False
1462,50;5.89;pa010​;20250411_094227;1;FO1;0,0506;1,5831;0,0139;-0,0108;0,0070;-0,0499;0,9987;;False
1462,52;5.91;pa010​;20250411_094227;1;FO1;0,0514;1,5818;0,0154;-0,0081;0,0079;-0,0502;0,9987;;False
1462,53;5.93;pa010​;20250411_094227;1;FO1;0,0515;1,5811;0,0163;-0,0043;0,0090;-0,0503;0,9987;;False
1462,55;5.94;pa010​;20250411_094227;1;FO1;0,0515;1,5799;0,0174;0,0013;0,0102;-0,0500;0,9987;;False
1462,57;5.96;pa010​;20250411_094227;1;FO1;0,0517;1,5784;0,0186;0,0081;0,0111;-0,0495;0,9987;;False
1462,58;5.97;pa010​;20250411_094227;1;FO1;0,0519;1,5767;0,0201;0,0171;0,0118;-0,0495;0,9986;;False
1462,60;5.99;pa010​;20250411_094227;1;FO1;0,0521;1,5745;0,0217;0,0276;0,0123;-0,0492;0,9983;;False
1462,62;6.01;pa010​;20250411_094227;1;FO1;0,0522;1,5723;0,0237;0,0396;0,0127;-0,0486;0,9980;;False
1462,63;6.02;pa010​;20250411_094227;1;FO1;0,0526;1,5673;0,0280;0,0613;0,0137;-0,0483;0,9969;;False
1462,65;6.04;pa010​;20250411_094227;1;FO1;0,0528;1,5639;0,0308;0,0763;0,0140;-0,0482;0,9958;;False
1462,66;6.05;pa010​;20250411_094227;1;FO1;0,0529;1,5601;0,0337;0,0936;0,0146;-0,0485;0,9943;;False
1462,68;6.07;pa010​;20250411_094227;1;FO1;0,0530;1,5561;0,0367;0,1117;0,0147;-0,0483;0,9925;;False
1462,69;6.09;pa010​;20250411_094227;1;FO1;0,0532;1,5518;0,0400;0,1304;0,0150;-0,0487;0,9901;;False
1462,71;6.1;pa010​;20250411_094227;1;FO1;0,0532;1,5471;0,0433;0,1506;0,0154;-0,0488;0,9873;;False
1462,73;6.12;pa010​;20250411_094227;1;FO1;0,0534;1,5380;0,0497;0,1887;0,0168;-0,0500;0,9806;;False
1462,74;6.13;pa010​;20250411_094227;1;FO1;0,0538;1,5350;0,0526;0,2065;0,0184;-0,0502;0,9770;;False
1462,76;6.15;pa010​;20250411_094227;1;FO1;0,0539;1,5310;0,0555;0,2245;0,0204;-0,0488;0,9730;;False
1462,77;6.16;pa010​;20250411_094227;1;FO1;0,0539;1,5262;0,0585;0,2441;0,0221;-0,0483;0,9683;;False
1462,79;6.18;pa010​;20250411_094227;1;FO1;0,0542;1,5217;0,0617;0,2626;0,0230;-0,0488;0,9634;;False
1462,80;6.19;pa010​;20250411_094227;1;FO1;0,0540;1,5172;0,0650;0,2784;0,0251;-0,0489;0,9589;;False
1462,82;6.21;pa010​;20250411_094227;1;FO1;0,0538;1,5137;0,0695;0,2886;0,0262;-0,0476;0,9559;;False
1462,83;6.22;pa010​;20250411_094227;1;FO1;0,0536;1,5131;0,0732;0,2882;0,0275;-0,0446;0,9561;;False
1462,85;6.24;pa010​;20250411_094227;1;FO1;0,0535;1,5133;0,0767;0,2884;0,0270;-0,0424;0,9562;;False
1462,86;6.26;pa010​;20250411_094227;1;FO1;0,0519;1,5110;0,0831;0,2961;0,0277;-0,0386;0,9540;;False
1462,88;6.27;pa010​;20250411_094227;1;FO1;0,0508;1,5101;0,0856;0,2960;0,0267;-0,0392;0,9540;;False
1462,89;6.29;pa010​;20250411_094227;1;FO1;0,0496;1,5093;0,0887;0,2950;0,0250;-0,0390;0,9544;;False
1462,91;6.3;pa010​;20250411_094227;1;FO1;0,0484;1,5076;0,0915;0,2938;0,0231;-0,0387;0,9548;;False
1462,93;6.32;pa010​;20250411_094227;1;FO1;0,0469;1,5057;0,0938;0,2952;0,0218;-0,0393;0,9544;;False
1462,94;6.33;pa010​;20250411_094227;1;FO1;0,0453;1,5036;0,0957;0,2996;0,0200;-0,0395;0,9530;;False
1462,95;6.35;pa010​;20250411_094227;1;FO1;0,0437;1,5011;0,0975;0,3075;0,0190;-0,0398;0,9505;;False
1462,97;6.36;pa010​;20250411_094227;1;FO1;0,0420;1,4984;0,0991;0,3174;0,0193;-0,0409;0,9472;;False
1462,98;6.38;pa010​;20250411_094227;1;FO1;0,0404;1,4957;0,1008;0,3274;0,0197;-0,0419;0,9437;;False
1463,00;6.39;pa010​;20250411_094227;1;FO1;0,0384;1,4927;0,1026;0,3370;0,0212;-0,0416;0,9404;;False
1463,01;6.41;pa010​;20250411_094227;1;FO1;0,0364;1,4902;0,1042;0,3465;0,0227;-0,0412;0,9369;;False
1463,03;6.42;pa010​;20250411_094227;1;FO1;0,0344;1,4883;0,1056;0,3557;0,0247;-0,0409;0,9334;;False
1463,05;6.44;pa010​;20250411_094227;1;FO1;0,0300;1,4848;0,1087;0,3711;0,0284;-0,0393;0,9273;;False
1463,06;6.45;pa010​;20250411_094227;1;FO1;0,0277;1,4839;0,1105;0,3733;0,0307;-0,0371;0,9265;;False
1463,08;6.47;pa010​;20250411_094227;1;FO1;0,0255;1,4825;0,1124;0,3757;0,0314;-0,0351;0,9256;;False
1463,09;6.48;pa010​;20250411_094227;1;FO1;0,0231;1,4811;0,1133;0,3788;0,0318;-0,0330;0,9244;;False
1463,11;6.5;pa010​;20250411_094227;1;FO1;0,0207;1,4800;0,1141;0,3832;0,0324;-0,0317;0,9226;;False
1463,12;6.51;pa010​;20250411_094227;1;FO1;0,0183;1,4800;0,1152;0,3865;0,0331;-0,0316;0,9211;;False
1463,14;6.53;pa010​;20250411_094227;1;FO1;0,0163;1,4807;0,1168;0,3845;0,0334;-0,0312;0,9220;;False
1463,15;6.54;pa010​;20250411_094227;1;FO1;0,0141;1,4816;0,1184;0,3801;0,0344;-0,0302;0,9238;;False
1463,17;6.56;pa010​;20250411_094227;1;FO1;0,0120;1,4822;0,1195;0,3753;0,0351;-0,0294;0,9258;;False
1463,18;6.57;pa010​;20250411_094227;1;FO1;0,0098;1,4830;0,1202;0,3722;0,0354;-0,0287;0,9270;;False
1463,20;6.59;pa010​;20250411_094227;1;FO1;0,0056;1,4854;0,1216;0,3665;0,0357;-0,0277;0,9293;;False
1463,21;6.6;pa010​;20250411_094227;1;FO1;0,0039;1,4875;0,1221;0,3621;0,0356;-0,0282;0,9310;;False
1463,23;6.62;pa010​;20250411_094227;1;FO1;0,0021;1,4892;0,1224;0,3572;0,0352;-0,0280;0,9330;;False
1463,24;6.63;pa010​;20250411_094227;1;FO1;0,0002;1,4906;0,1225;0,3525;0,0351;-0,0274;0,9347;;False
1463,26;6.65;pa010​;20250411_094227;1;FO1;-0,0012;1,4923;0,1229;0,3469;0,0345;-0,0276;0,9369;;False
1463,27;6.66;pa010​;20250411_094227;1;FO1;-0,0026;1,4952;0,1239;0,3365;0,0340;-0,0278;0,9407;;False
1463,29;6.68;pa010​;20250411_094227;1;FO1;-0,0039;1,4994;0,1251;0,3219;0,0329;-0,0287;0,9458;;False
1463,30;6.69;pa010​;20250411_094227;1;FO1;-0,0052;1,5039;0,1270;0,3044;0,0313;-0,0299;0,9516;;False
1463,32;6.71;pa010​;20250411_094227;1;FO1;-0,0062;1,5097;0,1289;0,2763;0,0285;-0,0322;0,9601;;False
1463,33;6.72;pa010​;20250411_094227;1;FO1;-0,0069;1,5167;0,1293;0,2462;0,0279;-0,0319;0,9683;;False
1463,35;6.74;pa010​;20250411_094227;1;FO1;-0,0075;1,5224;0,1291;0,2193;0,0282;-0,0325;0,9747;;False
1463,36;6.76;pa010​;20250411_094227;1;FO1;-0,0088;1,5341;0,1277;0,1715;0,0277;-0,0328;0,9842;;False
1463,38;6.77;pa010​;20250411_094227;1;FO1;-0,0093;1,5387;0,1260;0,1515;0,0272;-0,0335;0,9875;;False
1463,40;6.79;pa010​;20250411_094227;1;FO1;-0,0099;1,5428;0,1238;0,1321;0,0262;-0,0341;0,9903;;False
1463,41;6.8;pa010​;20250411_094227;1;FO1;-0,0102;1,5471;0,1216;0,1182;0,0244;-0,0350;0,9921;;False
1463,43;6.82;pa010​;20250411_094227;1;FO1;-0,0107;1,5509;0,1200;0,1032;0,0232;-0,0363;0,9937;;False
1463,44;6.83;pa010​;20250411_094227;1;FO1;-0,0109;1,5549;0,1186;0,0853;0,0223;-0,0385;0,9954;;False
1463,46;6.85;pa010​;20250411_094227;1;FO1;-0,0110;1,5588;0,1172;0,0687;0,0218;-0,0402;0,9966;;False
1463,47;6.86;pa010​;20250411_094227;1;FO1;-0,0111;1,5615;0,1154;0,0566;0,0207;-0,0407;0,9973;;False
1463,49;6.88;pa010​;20250411_094227;1;FO1;-0,0110;1,5632;0,1136;0,0510;0,0198;-0,0410;0,9977;;False
1463,50;6.89;pa010​;20250411_094227;1;FO1;-0,0109;1,5639;0,1120;0,0471;0,0193;-0,0412;0,9979;;False
1463,52;6.91;pa010​;20250411_094227;1;FO1;-0,0107;1,5655;0,1088;0,0392;0,0190;-0,0422;0,9982;;False
1463,53;6.92;pa010​;20250411_094227;1;FO1;-0,0105;1,5661;0,1078;0,0421;0,0196;-0,0422;0,9980;;False
1463,55;6.94;pa010​;20250411_094227;1;FO1;-0,0104;1,5664;0,1070;0,0425;0,0200;-0,0421;0,9980;;False
1463,56;6.96;pa010​;20250411_094227;1;FO1;-0,0104;1,5668;0,1062;0,0423;0,0203;-0,0415;0,9980;;False
1463,58;6.97;pa010​;20250411_094227;1;FO1;-0,0104;1,5675;0,1053;0,0405;0,0203;-0,0416;0,9981;;False
1463,59;6.99;pa010​;20250411_094227;1;FO1;-0,0103;1,5685;0,1049;0,0382;0,0198;-0,0419;0,9982;;False
1463,61;7.0;pa010​;20250411_094227;1;FO1;-0,0103;1,5691;0,1046;0,0350;0,0192;-0,0422;0,9983;;False
1463,63;7.02;pa010​;20250411_094227;1;FO1;-0,0102;1,5694;0,1043;0,0348;0,0183;-0,0427;0,9983;;False
1463,64;7.03;pa010​;20250411_094227;1;FO1;-0,0101;1,5694;0,1041;0,0347;0,0179;-0,0433;0,9983;;False
1463,66;7.05;pa010​;20250411_094227;1;FO1;-0,0099;1,5695;0,1040;0,0333;0,0176;-0,0440;0,9983;;False
1463,67;7.06;pa010​;20250411_094227;1;FO1;-0,0097;1,5692;0,1040;0,0345;0,0183;-0,0447;0,9982;;False
1463,69;7.08;pa010​;20250411_094227;1;FO1;-0,0096;1,5695;0,1036;0,0373;0,0194;-0,0451;0,9981;;False
1463,70;7.09;pa010​;20250411_094227;1;FO1;-0,0095;1,5688;0,1037;0,0410;0,0203;-0,0456;0,9979;;False
1463,72;7.11;pa010​;20250411_094227;1;FO1;-0,0096;1,5672;0,1043;0,0443;0,0210;-0,0460;0,9977;;False
1463,73;7.12;pa010​;20250411_094227;1;FO1;-0,0098;1,5663;0,1048;0,0467;0,0215;-0,0460;0,9976;;False
1463,75;7.14;pa010​;20250411_094227;1;FO1;-0,0101;1,5656;0,1054;0,0476;0,0219;-0,0457;0,9976;;False
1463,76;7.15;pa010​;20250411_094227;1;FO1;-0,0103;1,5650;0,1060;0,0472;0,0220;-0,0455;0,9976;;False
1463,78;7.17;pa010​;20250411_094227;1;FO1;-0,0107;1,5640;0,1065;0,0485;0,0222;-0,0448;0,9976;;False
1463,79;7.18;pa010​;20250411_094227;1;FO1;-0,0112;1,5627;0,1071;0,0521;0,0223;-0,0439;0,9974;;False
1463,81;7.2;pa010​;20250411_094227;1;FO1;-0,0121;1,5606;0,1085;0,0581;0,0225;-0,0427;0,9971;;False
1463,83;7.22;pa010​;20250411_094227;1;FO1;-0,0124;1,5594;0,1096;0,0616;0,0225;-0,0419;0,9970;;False
1463,84;7.23;pa010​;20250411_094227;1;FO1;-0,0129;1,5584;0,1108;0,0660;0,0226;-0,0408;0,9967;;False
1463,85;7.25;pa010​;20250411_094227;1;FO1;-0,0133;1,5571;0,1119;0,0718;0,0224;-0,0408;0,9963;;False
1463,87;7.26;pa010​;20250411_094227;1;FO1;-0,0140;1,5552;0,1130;0,0795;0,0224;-0,0404;0,9958;;False
1463,88;7.28;pa010​;20250411_094227;1;FO1;-0,0146;1,5537;0,1137;0,0880;0,0220;-0,0401;0,9951;;False
1463,90;7.29;pa010​;20250411_094227;1;FO1;-0,0149;1,5534;0,1143;0,0930;0,0213;-0,0400;0,9946;;False
1463,92;7.31;pa010​;20250411_094227;1;FO1;-0,0153;1,5528;0,1148;0,0952;0,0215;-0,0400;0,9944;;False
1463,93;7.32;pa010​;20250411_094227;1;FO1;-0,0156;1,5523;0,1153;0,0987;0,0220;-0,0400;0,9941;;False
1463,95;7.34;pa010​;20250411_094227;1;FO1;-0,0159;1,5515;0,1159;0,1010;0,0232;-0,0399;0,9938;;False
1463,96;7.36;pa010​;20250411_094227;1;FO1;-0,0164;1,5502;0,1172;0,1061;0,0247;-0,0391;0,9933;;False
1463,98;7.37;pa010​;20250411_094227;1;FO1;-0,0166;1,5498;0,1180;0,1069;0,0255;-0,0386;0,9932;;False
1463,99;7.38;pa010​;20250411_094227;1;FO1;-0,0170;1,5494;0,1187;0,1072;0,0265;-0,0385;0,9931;;False
1464,01;7.4;pa010​;20250411_094227;1;FO1;-0,0175;1,5490;0,1192;0,1085;0,0271;-0,0382;0,9930;;False
1464,02;7.41;pa010​;20250411_094227;1;FO1;-0,0181;1,5486;0,1195;0,1099;0,0271;-0,0379;0,9928;;False
1464,04;7.43;pa010​;20250411_094227;1;FO1;-0,0187;1,5485;0,1198;0,1116;0,0261;-0,0377;0,9927;;False
1464,05;7.44;pa010​;20250411_094227;1;FO1;-0,0191;1,5482;0,1202;0,1116;0,0246;-0,0376;0,9927;;False
1464,07;7.46;pa010​;20250411_094227;1;FO1;-0,0196;1,5481;0,1204;0,1120;0,0235;-0,0377;0,9927;;False
1464,08;7.47;pa010​;20250411_094227;1;FO1;-0,0201;1,5477;0,1205;0,1128;0,0223;-0,0380;0,9926;;False
1464,10;7.49;pa010​;20250411_094227;1;FO1;-0,0205;1,5473;0,1206;0,1140;0,0211;-0,0379;0,9925;;False
1464,11;7.5;pa010​;20250411_094227;1;FO1;-0,0210;1,5470;0,1207;0,1150;0,0204;-0,0380;0,9924;;False
1464,13;7.52;pa010​;20250411_094227;1;FO1;-0,0213;1,5469;0,1209;0,1157;0,0196;-0,0381;0,9924;;False
1464,14;7.53;pa010​;20250411_094227;1;FO1;-0,0217;1,5469;0,1209;0,1159;0,0191;-0,0379;0,9924;;False
1464,16;7.55;pa010​;20250411_094227;1;FO1;-0,0223;1,5470;0,1211;0,1160;0,0184;-0,0372;0,9924;;False
1464,17;7.56;pa010​;20250411_094227;1;FO1;-0,0225;1,5472;0,1210;0,1156;0,0183;-0,0366;0,9925;;False
1464,19;7.58;pa010​;20250411_094227;1;FO1;-0,0227;1,5473;0,1208;0,1147;0,0186;-0,0361;0,9926;;False
1464,20;7.59;pa010​;20250411_094227;1;FO1;-0,0230;1,5473;0,1209;0,1144;0,0190;-0,0358;0,9926;;False
1464,22;7.61;pa010​;20250411_094227;1;FO1;-0,0230;1,5474;0,1207;0,1142;0,0195;-0,0362;0,9926;;False
1464,23;7.62;pa010​;20250411_094227;1;FO1;-0,0230;1,5476;0,1203;0,1133;0,0195;-0,0370;0,9927;;False
1464,25;7.64;pa010​;20250411_094227;1;FO1;-0,0229;1,5477;0,1200;0,1127;0,0198;-0,0370;0,9927;;False
1464,26;7.65;pa010​;20250411_094227;1;FO1;-0,0228;1,5479;0,1197;0,1122;0,0202;-0,0377;0,9928;;False
1464,28;7.67;pa010​;20250411_094227;1;FO1;-0,0227;1,5482;0,1192;0,1117;0,0204;-0,0380;0,9928;;False
1464,29;7.68;pa010​;20250411_094227;1;FO1;-0,0227;1,5485;0,1188;0,1106;0,0205;-0,0380;0,9929;;False
1464,31;7.7;pa010​;20250411_094227;1;FO1;-0,0228;1,5490;0,1185;0,1086;0,0205;-0,0381;0,9931;;False
1464,32;7.71;pa010​;20250411_094227;1;FO1;-0,0228;1,5497;0,1181;0,1054;0,0205;-0,0380;0,9935;;False
1464,34;7.73;pa010​;20250411_094227;1;FO1;-0,0229;1,5512;0,1171;0,0996;0,0204;-0,0381;0,9941;;False
1464,35;7.74;pa010​;20250411_094227;1;FO1;-0,0230;1,5520;0,1165;0,0957;0,0198;-0,0386;0,9945;;False
1464,37;7.76;pa010​;20250411_094227;1;FO1;-0,0231;1,5532;0,1158;0,0888;0,0190;-0,0393;0,9951;;False
1464,38;7.77;pa010​;20250411_094227;1;FO1;-0,0231;1,5550;0,1150;0,0825;0,0177;-0,0396;0,9956;;False
1464,40;7.79;pa010​;20250411_094227;1;FO1;-0,0232;1,5562;0,1140;0,0766;0,0172;-0,0403;0,9961;;False
1464,41;7.81;pa010​;20250411_094227;1;FO1;-0,0233;1,5575;0,1130;0,0716;0,0168;-0,0407;0,9965;;False
1464,43;7.82;pa010​;20250411_094227;1;FO1;-0,0233;1,5586;0,1120;0,0670;0,0166;-0,0405;0,9968;;False
1464,44;7.84;pa010​;20250411_094227;1;FO1;-0,0233;1,5597;0,1112;0,0633;0,0167;-0,0399;0,9971;;False
1464,46;7.85;pa010​;20250411_094227;1;FO1;-0,0232;1,5605;0,1104;0,0600;0,0169;-0,0398;0,9973;;False
1464,47;7.87;pa010​;20250411_094227;1;FO1;-0,0231;1,5611;0,1097;0,0574;0,0170;-0,0397;0,9974;;False
1464,49;7.88;pa010​;20250411_094227;1;FO1;-0,0230;1,5624;0,1082;0,0521;0,0169;-0,0393;0,9977;;False
1464,51;7.9;pa010​;20250411_094227;1;FO1;-0,0228;1,5627;0,1075;0,0519;0,0164;-0,0398;0,9977;;False
1464,53;7.92;pa010​;20250411_094227;1;FO1;-0,0226;1,5630;0,1070;0,0512;0,0158;-0,0398;0,9978;;False
1464,54;7.93;pa010​;20250411_094227;1;FO1;-0,0224;1,5631;0,1064;0,0513;0,0154;-0,0406;0,9977;;False
1464,56;7.95;pa010​;20250411_094227;1;FO1;-0,0221;1,5631;0,1060;0,0517;0,0154;-0,0418;0,9977;;False
1464,57;7.96;pa010​;20250411_094227;1;FO1;-0,0218;1,5630;0,1055;0,0524;0,0153;-0,0421;0,9976;;False
1464,59;7.98;pa010​;20250411_094227;1;FO1;-0,0211;1,5631;0,1046;0,0533;0,0152;-0,0425;0,9976;;False
1464,60;7.99;pa010​;20250411_094227;1;FO1;-0,0207;1,5634;0,1041;0,0531;0,0156;-0,0425;0,9976;;False
1464,62;8.01;pa010​;20250411_094227;1;FO1;-0,0203;1,5636;0,1036;0,0527;0,0162;-0,0425;0,9976;;False
1464,63;8.03;pa010​;20250411_094227;1;FO1;-0,0199;1,5637;0,1030;0,0525;0,0169;-0,0425;0,9976;;False
1464,65;8.04;pa010​;20250411_094227;1;FO1;-0,0194;1,5637;0,1024;0,0527;0,0171;-0,0423;0,9976;;False
1464,66;8.06;pa010​;20250411_094227;1;FO1;-0,0190;1,5639;0,1018;0,0524;0,0175;-0,0422;0,9976;;False
1464,68;8.07;pa010​;20250411_094227;1;FO1;-0,0185;1,5642;0,1013;0,0517;0,0175;-0,0426;0,9976;;False
1464,69;8.09;pa010​;20250411_094227;1;FO1;-0,0180;1,5645;0,1007;0,0509;0,0175;-0,0429;0,9976;;False
1464,71;8.1;pa010​;20250411_094227;1;FO1;-0,0176;1,5646;0,1002;0,0498;0,0176;-0,0433;0,9977;;False
1464,73;8.12;pa010​;20250411_094227;1;FO1;-0,0167;1,5650;0,0990;0,0489;0,0175;-0,0438;0,9977;;False
1464,74;8.13;pa010​;20250411_094227;1;FO1;-0,0162;1,5651;0,0984;0,0482;0,0176;-0,0439;0,9977;;False
1464,76;8.15;pa010​;20250411_094227;1;FO1;-0,0156;1,5651;0,0979;0,0477;0,0177;-0,0440;0,9977;;False
1464,77;8.16;pa010​;20250411_094227;1;FO1;-0,0150;1,5652;0,0974;0,0474;0,0182;-0,0444;0,9977;;False
1464,79;8.18;pa010​;20250411_094227;1;FO1;-0,0145;1,5652;0,0971;0,0473;0,0184;-0,0443;0,9977;;False
1464,80;8.19;pa010​;20250411_094227;1;FO1;-0,0139;1,5651;0,0967;0,0474;0,0184;-0,0446;0,9977;;False
1464,82;8.21;pa010​;20250411_094227;1;FO1;-0,0133;1,5651;0,0963;0,0479;0,0183;-0,0449;0,9977;;False
1464,83;8.22;pa010​;20250411_094227;1;FO1;-0,0126;1,5651;0,0960;0,0482;0,0181;-0,0453;0,9976;;False
1464,85;8.24;pa010​;20250411_094227;1;FO1;-0,0120;1,5651;0,0957;0,0487;0,0180;-0,0456;0,9976;;False
1464,86;8.25;pa010​;20250411_094227;1;FO1;-0,0113;1,5650;0,0953;0,0492;0,0179;-0,0461;0,9976;;False
1464,88;8.27;pa010​;20250411_094227;1;FO1;-0,0108;1,5648;0,0950;0,0496;0,0180;-0,0463;0,9975;;False
1464,89;8.28;pa010​;20250411_094227;1;FO1;-0,0103;1,5648;0,0947;0,0504;0,0180;-0,0465;0,9975;;False
1464,90;8.3;pa010​;20250411_094227;1;FO1;-0,0098;1,5647;0,0944;0,0508;0,0176;-0,0463;0,9975;;False
1464,92;8.31;pa010​;20250411_094227;1;FO1;-0,0086;1,5646;0,0938;0,0512;0,0164;-0,0459;0,9975;;False
1464,94;8.33;pa010​;20250411_094227;1;FO1;-0,0079;1,5645;0,0935;0,0516;0,0160;-0,0466;0,9975;;False
1464,95;8.34;pa010​;20250411_094227;1;FO1;-0,0072;1,5646;0,0933;0,0507;0,0158;-0,0474;0,9975;;False
1464,97;8.36;pa010​;20250411_094227;1;FO1;-0,0064;1,5649;0,0932;0,0500;0,0154;-0,0478;0,9975;;False
1464,98;8.37;pa010​;20250411_094227;1;FO1;-0,0057;1,5647;0,0931;0,0488;0,0152;-0,0479;0,9975;;False
1465,00;8.39;pa010​;20250411_094227;1;FO1;-0,0050;1,5644;0,0930;0,0488;0,0150;-0,0479;0,9975;;False
1465,01;8.4;pa010​;20250411_094227;1;FO1;-0,0043;1,5640;0,0930;0,0498;0,0149;-0,0478;0,9975;;False
1465,03;8.42;pa010​;20250411_094227;1;FO1;-0,0036;1,5635;0,0929;0,0508;0,0152;-0,0476;0,9975;;False
1465,04;8.43;pa010​;20250411_094227;1;FO1;-0,0030;1,5628;0,0926;0,0530;0,0155;-0,0476;0,9973;;False
1465,06;8.45;pa010​;20250411_094227;1;FO1;-0,0023;1,5624;0,0924;0,0568;0,0154;-0,0477;0,9971;;False
1465,07;8.46;pa010​;20250411_094227;1;FO1;-0,0010;1,5617;0,0924;0,0605;0,0150;-0,0480;0,9969;;False
1465,09;8.48;pa010​;20250411_094227;1;FO1;-0,0004;1,5619;0,0925;0,0593;0,0142;-0,0482;0,9970;;False
1465,10;8.5;pa010​;20250411_094227;1;FO1;0,0002;1,5618;0,0923;0,0582;0,0138;-0,0496;0,9970;;False
1465,12;8.51;pa010​;20250411_094227;1;FO1;0,0006;1,5615;0,0918;0,0592;0,0134;-0,0506;0,9969;;False
1465,13;8.53;pa010​;20250411_094227;1;FO1;0,0011;1,5614;0,0915;0,0597;0,0127;-0,0504;0,9969;;False
1465,15;8.54;pa010​;20250411_094227;1;FO1;0,0016;1,5618;0,0911;0,0587;0,0125;-0,0497;0,9970;;False
1465,16;8.56;pa010​;20250411_094227;1;FO1;0,0021;1,5624;0,0906;0,0566;0,0127;-0,0490;0,9971;;False
1465,18;8.57;pa010​;20250411_094227;1;FO1;0,0025;1,5629;0,0899;0,0543;0,0132;-0,0484;0,9973;;False
1465,19;8.59;pa010​;20250411_094227;1;FO1;0,0030;1,5635;0,0892;0,0525;0,0136;-0,0479;0,9974;;False
1465,21;8.6;pa010​;20250411_094227;1;FO1;0,0034;1,5640;0,0886;0,0511;0,0139;-0,0472;0,9975;;False
1465,22;8.62;pa010​;20250411_094227;1;FO1;0,0039;1,5645;0,0879;0,0495;0,0140;-0,0470;0,9976;;False
1465,24;8.63;pa010​;20250411_094227;1;FO1;0,0049;1,5653;0,0866;0,0472;0,0142;-0,0466;0,9977;;False
1465,25;8.65;pa010​;20250411_094227;1;FO1;0,0054;1,5655;0,0861;0,0471;0,0141;-0,0469;0,9977;;False
1465,27;8.66;pa010​;20250411_094227;1;FO1;0,0058;1,5655;0,0855;0,0470;0,0137;-0,0471;0,9977;;False
1465,28;8.68;pa010​;20250411_094227;1;FO1;0,0063;1,5654;0,0852;0,0476;0,0133;-0,0474;0,9977;;False
1465,30;8.69;pa010​;20250411_094227;1;FO1;0,0068;1,5651;0,0850;0,0481;0,0126;-0,0476;0,9976;;False
1465,31;8.71;pa010​;20250411_094227;1;FO1;0,0074;1,5648;0,0849;0,0491;0,0124;-0,0480;0,9976;;False
1465,33;8.72;pa010​;20250411_094227;1;FO1;0,0080;1,5644;0,0848;0,0501;0,0118;-0,0482;0,9975;;False
1465,34;8.73;pa010​;20250411_094227;1;FO1;0,0086;1,5639;0,0846;0,0515;0,0114;-0,0486;0,9974;;False
1465,36;8.75;pa010​;20250411_094227;1;FO1;0,0092;1,5637;0,0844;0,0530;0,0112;-0,0488;0,9973;;False
1465,37;8.76;pa010​;20250411_094227;1;FO1;0,0099;1,5639;0,0842;0,0536;0,0111;-0,0490;0,9973;;False
1465,39;8.78;pa010​;20250411_094227;1;FO1;0,0106;1,5641;0,0840;0,0525;0,0112;-0,0491;0,9973;;False
1465,41;8.8;pa010​;20250411_094227;1;FO1;0,0114;1,5643;0,0838;0,0514;0,0113;-0,0493;0,9974;;False
1465,42;8.81;pa010​;20250411_094227;1;FO1;0,0129;1,5647;0,0833;0,0500;0,0116;-0,0500;0,9974;;False
1465,44;8.83;pa010​;20250411_094227;1;FO1;0,0138;1,5649;0,0831;0,0491;0,0117;-0,0503;0,9975;;False
1465,45;8.84;pa010​;20250411_094227;1;FO1;0,0146;1,5650;0,0830;0,0485;0,0120;-0,0510;0,9974;;False
1465,47;8.86;pa010​;20250411_094227;1;FO1;0,0153;1,5650;0,0829;0,0481;0,0123;-0,0512;0,9975;;False
1465,48;8.87;pa010​;20250411_094227;1;FO1;0,0159;1,5651;0,0830;0,0482;0,0124;-0,0513;0,9974;;False
1465,50;8.89;pa010​;20250411_094227;1;FO1;0,0166;1,5649;0,0831;0,0486;0,0123;-0,0514;0,9974;;False
1465,51;8.9;pa010​;20250411_094227;1;FO1;0,0172;1,5648;0,0832;0,0496;0,0122;-0,0512;0,9974;;False
1465,53;8.92;pa010​;20250411_094227;1;FO1;0,0178;1,5646;0,0836;0,0504;0,0119;-0,0514;0,9973;;False
1465,54;8.93;pa010​;20250411_094227;1;FO1;0,0184;1,5644;0,0839;0,0514;0,0117;-0,0517;0,9973;;False
1465,56;8.95;pa010​;20250411_094227;1;FO1;0,0189;1,5642;0,0843;0,0525;0,0115;-0,0519;0,9972;;False
1465,57;8.96;pa010​;20250411_094227;1;FO1;0,0195;1,5640;0,0845;0,0532;0,0114;-0,0524;0,9971;;False
1465,59;8.98;pa010​;20250411_094227;1;FO1;0,0201;1,5639;0,0848;0,0536;0,0116;-0,0529;0,9971;;False
1465,60;8.99;pa010​;20250411_094227;1;FO1;0,0213;1,5637;0,0852;0,0544;0,0116;-0,0538;0,9970;;False
1465,62;9.01;pa010​;20250411_094227;1;FO1;0,0217;1,5636;0,0855;0,0550;0,0119;-0,0543;0,9969;;False
1465,63;9.02;pa010​;20250411_094227;1;FO1;0,0223;1,5634;0,0856;0,0546;0,0119;-0,0541;0,9970;;False
1465,65;9.04;pa010​;20250411_094227;1;FO1;0,0228;1,5634;0,0858;0,0548;0,0118;-0,0534;0,9970;;False
1465,66;9.05;pa010​;20250411_094227;1;FO1;0,0232;1,5633;0,0860;0,0551;0,0123;-0,0540;0,9969;;False
1465,68;9.07;pa010​;20250411_094227;1;FO1;0,0235;1,5632;0,0862;0,0555;0,0129;-0,0543;0,9969;;False
1465,69;9.08;pa010​;20250411_094227;1;FO1;0,0239;1,5631;0,0865;0,0559;0,0130;-0,0538;0,9969;;False
1465,71;9.1;pa010​;20250411_094227;1;FO1;0,0244;1,5630;0,0866;0,0566;0,0133;-0,0535;0,9969;;False
1465,72;9.11;pa010​;20250411_094227;1;FO1;0,0247;1,5628;0,0868;0,0576;0,0137;-0,0532;0,9968;;False
1465,74;9.13;pa010​;20250411_094227;1;FO1;0,0252;1,5625;0,0870;0,0583;0,0140;-0,0533;0,9968;;False
1465,75;9.14;pa010​;20250411_094227;1;FO1;0,0256;1,5623;0,0872;0,0587;0,0144;-0,0532;0,9968;;False
1465,77;9.16;pa010​;20250411_094227;1;FO1;0,0261;1,5621;0,0873;0,0595;0,0150;-0,0528;0,9967;;False
1465,78;9.17;pa010​;20250411_094227;1;FO1;0,0264;1,5620;0,0872;0,0601;0,0149;-0,0526;0,9967;;False
1465,80;9.19;pa010​;20250411_094227;1;FO1;0,0266;1,5620;0,0873;0,0604;0,0145;-0,0522;0,9967;;False
1465,81;9.21;pa010​;20250411_094227;1;FO1;0,0269;1,5619;0,0875;0,0606;0,0142;-0,0521;0,9967;;False
1465,83;9.22;pa010​;20250411_094227;1;FO1;0,0271;1,5619;0,0874;0,0605;0,0139;-0,0524;0,9967;;False
1465,84;9.23;pa010​;20250411_094227;1;FO1;0,0273;1,5619;0,0872;0,0605;0,0132;-0,0527;0,9967;;False
1465,86;9.25;pa010​;20250411_094227;1;FO1;0,0276;1,5619;0,0869;0,0602;0,0129;-0,0530;0,9967;;False
1465,87;9.27;pa010​;20250411_094227;1;FO1;0,0279;1,5621;0,0865;0,0599;0,0129;-0,0533;0,9967;;False
1465,89;9.28;pa010​;20250411_094227;1;FO1;0,0282;1,5621;0,0862;0,0594;0,0127;-0,0535;0,9967;;False
1465,90;9.29;pa010​;20250411_094227;1;FO1;0,0285;1,5622;0,0858;0,0590;0,0128;-0,0535;0,9967;;False
1465,92;9.31;pa010​;20250411_094227;1;FO1;0,0289;1,5624;0,0851;0,0585;0,0128;-0,0533;0,9968;;False
1465,94;9.33;pa010​;20250411_094227;1;FO1;0,0292;1,5626;0,0848;0,0581;0,0127;-0,0532;0,9968;;False
1465,95;9.34;pa010​;20250411_094227;1;FO1;0,0293;1,5628;0,0843;0,0576;0,0127;-0,0530;0,9969;;False
1465,97;9.36;pa010​;20250411_094227;1;FO1;0,0295;1,5629;0,0838;0,0571;0,0125;-0,0530;0,9969;;False
1465,98;9.37;pa010​;20250411_094227;1;FO1;0,0297;1,5631;0,0832;0,0566;0,0122;-0,0533;0,9969;;False
1466,00;9.39;pa010​;20250411_094227;1;FO1;0,0300;1,5634;0,0827;0,0555;0,0119;-0,0535;0,9970;;False
1466,01;9.4;pa010​;20250411_094227;1;FO1;0,0303;1,5637;0,0821;0,0540;0,0115;-0,0537;0,9970;;False
1466,03;9.42;pa010​;20250411_094227;1;FO1;0,0306;1,5639;0,0815;0,0529;0,0110;-0,0540;0,9971;;False
1466,04;9.43;pa010​;20250411_094227;1;FO1;0,0308;1,5642;0,0809;0,0518;0,0107;-0,0541;0,9971;;False
1466,06;9.45;pa010​;20250411_094227;1;FO1;0,0310;1,5644;0,0802;0,0510;0,0104;-0,0542;0,9972;;False
1466,07;9.46;pa010​;20250411_094227;1;FO1;0,0314;1,5648;0,0788;0,0493;0,0099;-0,0543;0,9973;;False
1466,09;9.48;pa010​;20250411_094227;1;FO1;0,0317;1,5650;0,0783;0,0486;0,0098;-0,0539;0,9973;;False
1466,10;9.5;pa010​;20250411_094227;1;FO1;0,0320;1,5651;0,0777;0,0482;0,0098;-0,0536;0,9973;;False
1466,12;9.51;pa010​;20250411_094227;1;FO1;0,0324;1,5652;0,0772;0,0483;0,0099;-0,0533;0,9974;;False
1466,14;9.53;pa010​;20250411_094227;1;FO1;0,0328;1,5652;0,0768;0,0482;0,0099;-0,0535;0,9974;;False
1466,15;9.54;pa010​;20250411_094227;1;FO1;0,0332;1,5651;0,0764;0,0478;0,0098;-0,0538;0,9974;;False
1466,17;9.56;pa010​;20250411_094227;1;FO1;0,0337;1,5651;0,0761;0,0478;0,0093;-0,0542;0,9973;;False
1466,18;9.57;pa010​;20250411_094227;1;FO1;0,0343;1,5651;0,0760;0,0476;0,0092;-0,0548;0,9973;;False
1466,20;9.59;pa010​;20250411_094227;1;FO1;0,0354;1,5648;0,0758;0,0476;0,0094;-0,0552;0,9973;;False
1466,22;9.61;pa010​;20250411_094227;1;FO1;0,0361;1,5646;0,0762;0,0484;0,0095;-0,0555;0,9972;;False
1466,23;9.62;pa010​;20250411_094227;1;FO1;0,0368;1,5643;0,0766;0,0488;0,0099;-0,0567;0,9971;;False
1466,25;9.64;pa010​;20250411_094227;1;FO1;0,0376;1,5637;0,0773;0,0499;0,0101;-0,0570;0,9971;;False
1466,26;9.66;pa010​;20250411_094227;1;FO1;0,0384;1,5628;0,0785;0,0523;0,0097;-0,0568;0,9970;;False
1466,28;9.67;pa010​;20250411_094227;1;FO1;0,0393;1,5613;0,0801;0,0560;0,0093;-0,0572;0,9967;;False
1466,30;9.69;pa010​;20250411_094227;1;FO1;0,0414;1,5574;0,0836;0,0660;0,0092;-0,0583;0,9961;;False
1466,31;9.71;pa010​;20250411_094227;1;FO1;0,0428;1,5544;0,0863;0,0776;0,0098;-0,0589;0,9952;;False
1466,33;9.72;pa010​;20250411_094227;1;FO1;0,0442;1,5510;0,0894;0,0893;0,0106;-0,0591;0,9942;;False
1466,35;9.74;pa010​;20250411_094227;1;FO1;0,0460;1,5472;0,0929;0,1034;0,0115;-0,0591;0,9928;;False
1466,36;9.75;pa010​;20250411_094227;1;FO1;0,0477;1,5428;0,0965;0,1203;0,0127;-0,0592;0,9909;;False
1466,38;9.77;pa010​;20250411_094227;1;FO1;0,0496;1,5377;0,0995;0,1396;0,0137;-0,0600;0,9883;;False
1466,39;9.79;pa010​;20250411_094227;1;FO1;0,0537;1,5273;0,1052;0,1792;0,0175;-0,0615;0,9817;;False
1466,41;9.8;pa010​;20250411_094227;1;FO1;0,0562;1,5232;0,1080;0,1962;0,0206;-0,0606;0,9785;;False
1466,43;9.82;pa010​;20250411_094227;1;FO1;0,0585;1,5218;0,1111;0,2065;0,0247;-0,0599;0,9763;;False
1466,44;9.83;pa010​;20250411_094227;1;FO1;0,0612;1,5195;0,1139;0,2115;0,0261;-0,0594;0,9752;;False
1466,46;9.85;pa010​;20250411_094227;1;FO1;0,0633;1,5154;0,1158;0,2257;0,0290;-0,0585;0,9720;;False
1466,47;9.87;pa010​;20250411_094227;1;FO1;0,0654;1,5114;0,1174;0,2398;0,0303;-0,0588;0,9686;;False
1466,49;9.88;pa010​;20250411_094227;1;FO1;0,0695;1,5052;0,1204;0,2654;0,0317;-0,0566;0,9620;;False
1466,51;9.9;pa010​;20250411_094227;1;FO1;0,0717;1,5042;0,1224;0,2704;0,0321;-0,0542;0,9607;;False
1466,52;9.91;pa010​;20250411_094227;1;FO1;0,0739;1,5032;0,1236;0,2726;0,0327;-0,0526;0,9601;;False
1466,54;9.93;pa010​;20250411_094227;1;FO1;0,0759;1,5017;0,1243;0,2793;0,0332;-0,0512;0,9583;;False
1466,55;9.94;pa010​;20250411_094227;1;FO1;0,0777;1,4999;0,1248;0,2863;0,0330;-0,0500;0,9563;;False
1466,56;9.96;pa010​;20250411_094227;1;FO1;0,0795;1,4983;0,1251;0,2942;0,0320;-0,0490;0,9540;;False
1466,58;9.97;pa010​;20250411_094227;1;FO1;0,0815;1,4962;0,1257;0,3019;0,0307;-0,0489;0,9516;;False
1466,59;9.99;pa010​;20250411_094227;1;FO1;0,0834;1,4940;0,1263;0,3098;0,0298;-0,0493;0,9490;;False
1466,61;10.0;pa010​;20250411_094227;1;FO1;0,0850;1,4918;0,1269;0,3186;0,0290;-0,0493;0,9462;;False
1466,62;10.02;pa010​;20250411_094227;1;FO1;0,0866;1,4894;0,1275;0,3282;0,0272;-0,0492;0,9429;;False
1466,64;10.03;pa010​;20250411_094227;1;FO1;0,0880;1,4869;0,1279;0,3388;0,0262;-0,0495;0,9392;;False
1466,65;10.04;pa010​;20250411_094227;1;FO1;0,0895;1,4843;0,1288;0,3497;0,0242;-0,0495;0,9352;;False
1466,67;10.06;pa010​;20250411_094227;1;FO1;0,0922;1,4794;0,1308;0,3679;0,0213;-0,0482;0,9284;;False
1466,69;10.08;pa010​;20250411_094227;1;FO1;0,0933;1,4764;0,1322;0,3780;0,0201;-0,0467;0,9244;;False
1466,70;10.09;pa010​;20250411_094227;1;FO1;0,0944;1,4733;0,1334;0,3855;0,0190;-0,0459;0,9214;;False
1466,72;10.11;pa010​;20250411_094227;1;FO1;0,0954;1,4706;0,1347;0,3930;0,0180;-0,0453;0,9183;;False
1466,73;10.12;pa010​;20250411_094227;1;FO1;0,0964;1,4684;0,1362;0,4003;0,0176;-0,0450;0,9151;;False
1466,75;10.14;pa010​;20250411_094227;1;FO1;0,0974;1,4664;0,1381;0,4061;0,0171;-0,0447;0,9126;;False
1466,76;10.16;pa010​;20250411_094227;1;FO1;0,0983;1,4652;0,1405;0,4068;0,0172;-0,0443;0,9123;;False
1466,78;10.17;pa010​;20250411_094227;1;FO1;0,0996;1,4653;0,1433;0,4077;0,0170;-0,0449;0,9119;;False
1466,79;10.19;pa010​;20250411_094227;1;FO1;0,1004;1,4668;0,1465;0,4024;0,0179;-0,0452;0,9142;;False
1466,81;10.2;pa010​;20250411_094227;1;FO1;0,1022;1,4696;0,1531;0,3931;0,0184;-0,0454;0,9182;;False
1466,83;10.22;pa010​;20250411_094227;1;FO1;0,1028;1,4708;0,1564;0,3848;0,0186;-0,0465;0,9217;;False
1466,84;10.23;pa010​;20250411_094227;1;FO1;0,1032;1,4718;0,1598;0,3777;0,0191;-0,0475;0,9245;;False
1466,86;10.25;pa010​;20250411_094227;1;FO1;0,1035;1,4723;0,1636;0,3726;0,0195;-0,0484;0,9265;;False
1466,87;10.27;pa010​;20250411_094227;1;FO1;0,1038;1,4721;0,1674;0,3682;0,0195;-0,0491;0,9282;;False
1466,89;10.28;pa010​;20250411_094227;1;FO1;0,1038;1,4718;0,1715;0,3658;0,0201;-0,0499;0,9291;;False
1466,90;10.3;pa010​;20250411_094227;1;FO1;0,1036;1,4715;0,1759;0,3652;0,0205;-0,0499;0,9294;;False
1466,92;10.31;pa010​;20250411_094227;1;FO1;0,1029;1,4703;0,1852;0,3614;0,0214;-0,0496;0,9308;;False
1466,93;10.33;pa010​;20250411_094227;1;FO1;0,1023;1,4691;0,1908;0,3601;0,0212;-0,0494;0,9314;Collision avec Debut - Objet Parent SceneAnchor;False
1466,95;10.34;pa010​;20250411_094227;1;FO1;0,1012;1,4679;0,1966;0,3598;0,0208;-0,0482;0,9315;Collision avec Debut - Objet Parent SceneAnchor;False
1466,97;10.36;pa010​;20250411_094227;1;FO1;0,0998;1,4661;0,2022;0,3607;0,0204;-0,0470;0,9313;Collision avec Debut - Objet Parent SceneAnchor;False
1466,98;10.37;pa010​;20250411_094227;1;FO1;0,0983;1,4643;0,2078;0,3632;0,0195;-0,0462;0,9304;Collision avec Debut - Objet Parent SceneAnchor;False
1467,00;10.39;pa010​;20250411_094227;1;FO1;0,0967;1,4627;0,2136;0,3664;0,0185;-0,0454;0,9291;Collision avec Debut - Objet Parent SceneAnchor;False
1467,01;10.4;pa010​;20250411_094227;1;FO1;0,0949;1,4611;0,2199;0,3695;0,0181;-0,0451;0,9279;Collision avec Debut - Objet Parent SceneAnchor;False
1467,03;10.42;pa010​;20250411_094227;1;FO1;0,0930;1,4600;0,2265;0,3714;0,0182;-0,0443;0,9273;Collision avec Debut - Objet Parent SceneAnchor;False
1467,04;10.43;pa010​;20250411_094227;1;FO1;0,0910;1,4591;0,2333;0,3718;0,0186;-0,0430;0,9271;Collision avec Debut - Objet Parent SceneAnchor;False
1467,06;10.45;pa010​;20250411_094227;1;FO1;0,0888;1,4582;0,2402;0,3724;0,0190;-0,0415;0,9270;Collision avec Debut - Objet Parent SceneAnchor;False
1467,07;10.46;pa010​;20250411_094227;1;FO1;0,0863;1,4575;0,2471;0,3720;0,0191;-0,0402;0,9272;Collision avec Debut - Objet Parent SceneAnchor;False
1467,09;10.48;pa010​;20250411_094227;1;FO1;0,0837;1,4571;0,2543;0,3703;0,0191;-0,0391;0,9279;Collision avec Debut - Objet Parent SceneAnchor;False
1467,10;10.49;pa010​;20250411_094227;1;FO1;0,0784;1,4560;0,2687;0,3673;0,0193;-0,0369;0,9292;Collision avec Debut - Objet Parent SceneAnchor;False
1467,12;10.51;pa010​;20250411_094227;1;FO1;0,0754;1,4556;0,2761;0,3640;0,0196;-0,0355;0,9305;Collision avec Debut - Objet Parent SceneAnchor;False
1467,13;10.52;pa010​;20250411_094227;1;FO1;0,0726;1,4550;0,2836;0,3603;0,0203;-0,0340;0,9320;Collision avec Debut - Objet Parent SceneAnchor;False
1467,15;10.54;pa010​;20250411_094227;1;FO1;0,0696;1,4542;0,2909;0,3560;0,0218;-0,0325;0,9337;Collision avec Debut - Objet Parent SceneAnchor;False
1467,17;10.56;pa010​;20250411_094227;1;FO1;0,0666;1,4540;0,2986;0,3546;0,0236;-0,0307;0,9342;Collision avec Debut - Objet Parent SceneAnchor;False
1467,18;10.57;pa010​;20250411_094227;1;FO1;0,0635;1,4545;0,3068;0,3527;0,0250;-0,0293;0,9349;Collision avec Debut - Objet Parent SceneAnchor;False
1467,20;10.59;pa010​;20250411_094227;1;FO1;0,0604;1,4550;0,3148;0,3480;0,0256;-0,0282;0,9367;;False
1467,21;10.6;pa010​;20250411_094227;1;FO1;0,0541;1,4560;0,3307;0,3405;0,0252;-0,0255;0,9396;;False
1467,23;10.62;pa010​;20250411_094227;1;FO1;0,0513;1,4571;0,3387;0,3354;0,0238;-0,0269;0,9414;;False
1467,24;10.63;pa010​;20250411_094227;1;FO1;0,0488;1,4587;0,3464;0,3324;0,0230;-0,0279;0,9424;;False
1467,26;10.65;pa010​;20250411_094227;1;FO1;0,0466;1,4605;0,3540;0,3317;0,0221;-0,0288;0,9427;;False
1467,27;10.66;pa010​;20250411_094227;1;FO1;0,0447;1,4630;0,3614;0,3298;0,0213;-0,0300;0,9433;;False
1467,29;10.68;pa010​;20250411_094227;1;FO1;0,0428;1,4656;0,3686;0,3272;0,0222;-0,0318;0,9442;;False
1467,30;10.7;pa010​;20250411_094227;1;FO1;0,0412;1,4681;0,3753;0,3236;0,0247;-0,0352;0,9452;;False
1467,32;10.71;pa010​;20250411_094227;1;FO1;0,0395;1,4704;0,3817;0,3192;0,0282;-0,0378;0,9465;;False
1467,33;10.72;pa010​;20250411_094227;1;FO1;0,0377;1,4722;0,3880;0,3143;0,0310;-0,0390;0,9480;;False
1467,35;10.74;pa010​;20250411_094227;1;FO1;0,0357;1,4741;0,3943;0,3097;0,0319;-0,0374;0,9496;;False
1467,37;10.76;pa010​;20250411_094227;1;FO1;0,0320;1,4775;0,4065;0,3018;0,0335;-0,0365;0,9521;;False
1467,38;10.77;pa010​;20250411_094227;1;FO1;0,0302;1,4787;0,4123;0,3002;0,0333;-0,0356;0,9526;;False
1467,40;10.79;pa010​;20250411_094227;1;FO1;0,0282;1,4799;0,4177;0,3002;0,0332;-0,0354;0,9526;;False
1467,41;10.8;pa010​;20250411_094227;1;FO1;0,0266;1,4817;0,4238;0,3007;0,0319;-0,0355;0,9525;;False
1467,43;10.82;pa010​;20250411_094227;1;FO1;0,0252;1,4837;0,4306;0,2991;0,0306;-0,0356;0,9531;;False
1467,44;10.83;pa010​;20250411_094227;1;FO1;0,0241;1,4852;0,4370;0,2950;0,0301;-0,0355;0,9544;;False
1467,46;10.85;pa010​;20250411_094227;1;FO1;0,0230;1,4862;0,4431;0,2921;0,0314;-0,0357;0,9552;;False
1467,47;10.86;pa010​;20250411_094227;1;FO1;0,0221;1,4869;0,4492;0,2914;0,0334;-0,0355;0,9554;;False
1467,49;10.88;pa010​;20250411_094227;1;FO1;0,0211;1,4875;0,4556;0,2923;0,0364;-0,0351;0,9550;;False
1467,50;10.9;pa010​;20250411_094227;1;FO1;0,0192;1,4881;0,4686;0,2919;0,0413;-0,0342;0,9550;;False
1467,52;10.91;pa010​;20250411_094227;1;FO1;0,0181;1,4880;0,4757;0,2936;0,0437;-0,0335;0,9543;;False
1467,54;10.93;pa010​;20250411_094227;1;FO1;0,0168;1,4877;0,4830;0,2944;0,0447;-0,0330;0,9541;;False
1467,55;10.94;pa010​;20250411_094227;1;FO1;0,0155;1,4870;0,4908;0,2941;0,0444;-0,0326;0,9542;;False
1467,57;10.96;pa010​;20250411_094227;1;FO1;0,0143;1,4861;0,4988;0,2930;0,0436;-0,0323;0,9546;;False
1467,58;10.97;pa010​;20250411_094227;1;FO1;0,0132;1,4850;0,5069;0,2932;0,0428;-0,0319;0,9546;;False
1467,60;10.99;pa010​;20250411_094227;1;FO1;0,0123;1,4834;0,5152;0,2940;0,0420;-0,0313;0,9544;;False
1467,61;11.0;pa010​;20250411_094227;1;FO1;0,0115;1,4817;0,5240;0,2963;0,0424;-0,0312;0,9537;;False
1467,63;11.02;pa010​;20250411_094227;1;FO1;0,0109;1,4798;0,5332;0,2986;0,0430;-0,0307;0,9529;;False
1467,64;11.03;pa010​;20250411_094227;1;FO1;0,0104;1,4773;0,5425;0,3021;0,0429;-0,0298;0,9518;;False
1467,66;11.05;pa010​;20250411_094227;1;FO1;0,0096;1,4720;0,5620;0,3102;0,0426;-0,0287;0,9493;;False
1467,67;11.07;pa010​;20250411_094227;1;FO1;0,0095;1,4687;0,5727;0,3155;0,0418;-0,0282;0,9476;;False
1467,69;11.08;pa010​;20250411_094227;1;FO1;0,0097;1,4653;0,5837;0,3217;0,0410;-0,0280;0,9456;;False
1467,70;11.1;pa010​;20250411_094227;1;FO1;0,0102;1,4626;0,5948;0,3259;0,0398;-0,0287;0,9441;;False
1467,72;11.11;pa010​;20250411_094227;1;FO1;0,0111;1,4603;0,6064;0,3287;0,0391;-0,0299;0,9431;;False
1467,73;11.13;pa010​;20250411_094227;1;FO1;0,0123;1,4580;0,6185;0,3300;0,0392;-0,0314;0,9426;;False
1467,75;11.14;pa010​;20250411_094227;1;FO1;0,0137;1,4559;0,6309;0,3304;0,0387;-0,0321;0,9425;;False
1467,76;11.16;pa010​;20250411_094227;1;FO1;0,0153;1,4541;0,6441;0,3286;0,0381;-0,0328;0,9431;;False
1467,78;11.17;pa010​;20250411_094227;1;FO1;0,0173;1,4528;0,6577;0,3226;0,0374;-0,0329;0,9452;;False
1467,80;11.19;pa010​;20250411_094227;1;FO1;0,0213;1,4499;0,6848;0,3156;0,0360;-0,0334;0,9476;;False
1467,81;11.2;pa010​;20250411_094227;1;FO1;0,0239;1,4480;0,6987;0,3137;0,0353;-0,0344;0,9483;;False
1467,83;11.22;pa010​;20250411_094227;1;FO1;0,0268;1,4463;0,7128;0,3127;0,0351;-0,0372;0,9485;;False
1467,84;11.23;pa010​;20250411_094227;1;FO1;0,0299;1,4448;0,7272;0,3126;0,0352;-0,0403;0,9484;;False
1467,86;11.25;pa010​;20250411_094227;1;FO1;0,0329;1,4447;0,7429;0,3153;0,0348;-0,0423;0,9474;;False
1467,87;11.26;pa010​;20250411_094227;1;FO1;0,0363;1,4459;0,7592;0,3127;0,0321;-0,0437;0,9483;;False
1467,89;11.28;pa010​;20250411_094227;1;FO1;0,0399;1,4463;0,7747;0,3085;0,0297;-0,0449;0,9497;;False
1467,90;11.29;pa010​;20250411_094227;1;FO1;0,0437;1,4483;0,7909;0,3083;0,0278;-0,0470;0,9497;;False
1467,92;11.31;pa010​;20250411_094227;1;FO1;0,0475;1,4508;0,8060;0,3067;0,0270;-0,0501;0,9501;;False
1467,94;11.33;pa010​;20250411_094227;1;FO1;0,0550;1,4550;0,8359;0,3043;0,0275;-0,0577;0,9504;;False
1467,95;11.34;pa010​;20250411_094227;1;FO1;0,0583;1,4591;0,8496;0,3042;0,0289;-0,0607;0,9502;;False
1467,97;11.36;pa010​;20250411_094227;1;FO1;0,0609;1,4632;0,8630;0,3011;0,0297;-0,0613;0,9511;;False
1467,98;11.37;pa010​;20250411_094227;1;FO1;0,0631;1,4675;0,8767;0,2970;0,0301;-0,0615;0,9524;;False
1468,00;11.39;pa010​;20250411_094227;1;FO1;0,0652;1,4718;0,8904;0,2888;0,0299;-0,0608;0,9550;;False
1468,01;11.4;pa010​;20250411_094227;1;FO1;0,0670;1,4759;0,9038;0,2827;0,0306;-0,0597;0,9569;;False
1468,03;11.42;pa010​;20250411_094227;1;FO1;0,0686;1,4789;0,9164;0,2777;0,0317;-0,0587;0,9583;;False
1468,04;11.44;pa010​;20250411_094227;1;FO1;0,0711;1,4855;0,9417;0,2742;0,0337;-0,0578;0,9593;;False
1468,06;11.45;pa010​;20250411_094227;1;FO1;0,0715;1,4881;0,9534;0,2779;0,0348;-0,0559;0,9584;;False
1468,08;11.47;pa010​;20250411_094227;1;FO1;0,0722;1,4911;0,9656;0,2830;0,0352;-0,0541;0,9569;;False
1468,09;11.48;pa010​;20250411_094227;1;FO1;0,0726;1,4937;0,9778;0,2851;0,0352;-0,0510;0,9565;;False
1468,11;11.5;pa010​;20250411_094227;1;FO1;0,0732;1,4956;0,9901;0,2852;0,0338;-0,0471;0,9567;;False
1468,12;11.51;pa010​;20250411_094227;1;FO1;0,0736;1,4972;1,0023;0,2850;0,0314;-0,0437;0,9570;;False
1468,14;11.53;pa010​;20250411_094227;1;FO1;0,0740;1,4983;1,0147;0,2848;0,0289;-0,0429;0,9572;;False
1468,15;11.54;pa010​;20250411_094227;1;FO1;0,0749;1,4990;1,0270;0,2845;0,0263;-0,0440;0,9573;;False
1468,17;11.56;pa010​;20250411_094227;1;FO1;0,0759;1,4993;1,0393;0,2857;0,0244;-0,0459;0,9569;;False
1468,18;11.58;pa010​;20250411_094227;1;FO1;0,0770;1,4992;1,0518;0,2877;0,0233;-0,0484;0,9562;;False
1468,20;11.59;pa010​;20250411_094227;1;FO1;0,0793;1,4980;1,0772;0,2915;0,0217;-0,0520;0,9549;;False
1468,21;11.61;pa010​;20250411_094227;1;FO1;0,0807;1,4962;1,0900;0,2946;0,0218;-0,0534;0,9539;;False
1468,23;11.62;pa010​;20250411_094227;1;FO1;0,0819;1,4942;1,1029;0,2993;0,0219;-0,0524;0,9525;;False
1468,25;11.64;pa010​;20250411_094227;1;FO1;0,0830;1,4923;1,1163;0,3045;0,0220;-0,0510;0,9509;;False
1468,26;11.65;pa010​;20250411_094227;1;FO1;0,0839;1,4909;1,1301;0,3078;0,0232;-0,0498;0,9499;;False
1468,28;11.67;pa010​;20250411_094227;1;FO1;0,0849;1,4895;1,1443;0,3090;0,0246;-0,0487;0,9495;;False
1468,29;11.68;pa010​;20250411_094227;1;FO1;0,0856;1,4883;1,1586;0,3069;0,0261;-0,0473;0,9502;;False
1468,31;11.7;pa010​;20250411_094227;1;FO1;0,0868;1,4859;1,1866;0,3042;0,0287;-0,0458;0,9511;;False
1468,33;11.72;pa010​;20250411_094227;1;FO1;0,0865;1,4847;1,2005;0,3024;0,0305;-0,0453;0,9516;;False
1468,34;11.73;pa010​;20250411_094227;1;FO1;0,0860;1,4836;1,2145;0,3005;0,0310;-0,0439;0,9523;;False
1468,36;11.75;pa010​;20250411_094227;1;FO1;0,0853;1,4829;1,2288;0,2978;0,0312;-0,0423;0,9532;;False
1468,37;11.76;pa010​;20250411_094227;1;FO1;0,0843;1,4823;1,2430;0,2952;0,0327;-0,0416;0,9540;;False
1468,39;11.78;pa010​;20250411_094227;1;FO1;0,0832;1,4820;1,2571;0,2945;0,0342;-0,0405;0,9542;;False
1468,41;11.8;pa010​;20250411_094227;1;FO1;0,0820;1,4821;1,2715;0,2932;0,0358;-0,0397;0,9546;;False
1468,42;11.81;pa010​;20250411_094227;1;FO1;0,0797;1,4827;1,3006;0,2884;0,0397;-0,0381;0,9559;;False
1468,44;11.83;pa010​;20250411_094227;1;FO1;0,0787;1,4840;1,3161;0,2845;0,0425;-0,0381;0,9570;;False
1468,45;11.84;pa010​;20250411_094227;1;FO1;0,0778;1,4865;1,3324;0,2801;0,0459;-0,0385;0,9581;;False
1468,47;11.86;pa010​;20250411_094227;1;FO1;0,0773;1,4884;1,3489;0,2736;0,0488;-0,0400;0,9598;;False
1468,48;11.87;pa010​;20250411_094227;1;FO1;0,0763;1,4901;1,3655;0,2700;0,0509;-0,0413;0,9606;;False
1468,50;11.89;pa010​;20250411_094227;1;FO1;0,0755;1,4908;1,3804;0,2639;0,0504;-0,0401;0,9624;;False
1468,51;11.91;pa010​;20250411_094227;1;FO1;0,0755;1,4896;1,3956;0,2605;0,0456;-0,0365;0,9637;;False
1468,53;11.92;pa010​;20250411_094227;1;FO1;0,0764;1,4901;1,4253;0,2620;0,0361;-0,0322;0,9639;;False
1468,55;11.94;pa010​;20250411_094227;1;FO1;0,0787;1,4908;1,4400;0,2685;0,0320;-0,0358;0,9621;;False
1468,56;11.95;pa010​;20250411_094227;1;FO1;0,0814;1,4923;1,4555;0,2706;0,0327;-0,0449;0,9611;;False
1468,58;11.97;pa010​;20250411_094227;1;FO1;0,0845;1,4946;1,4712;0,2729;0,0348;-0,0515;0,9600;;False
1468,59;11.98;pa010​;20250411_094227;1;FO1;0,0868;1,4973;1,4872;0,2757;0,0348;-0,0537;0,9591;Collision avec Chemin1 - Objet Parent Plot-Mousse1;False
1468,61;12.0;pa010​;20250411_094227;1;FO1;0,0891;1,4992;1,5030;0,2768;0,0338;-0,0553;0,9587;Collision avec Chemin1 - Objet Parent Plot-Mousse1;False
1468,62;12.01;pa010​;20250411_094227;1;FO1;0,0916;1,5007;1,5186;0,2773;0,0358;-0,0570;0,9584;Collision avec Chemin1 - Objet Parent Plot-Mousse1;False
1468,64;12.03;pa010​;20250411_094227;1;FO1;0,0939;1,5019;1,5336;0,2798;0,0394;-0,0583;0,9575;Collision avec Chemin1 - Objet Parent Plot-Mousse1;False
1468,65;12.04;pa010​;20250411_094227;1;FO1;0,0963;1,5027;1,5486;0,2824;0,0426;-0,0595;0,9565;Collision avec Chemin1 - Objet Parent Plot-Mousse1;False
1468,67;12.06;pa010​;20250411_094227;1;FO1;0,0982;1,5031;1,5635;0,2855;0,0473;-0,0612;0,9552;Collision avec Chemin1 - Objet Parent Plot-Mousse1;False
1468,68;12.07;pa010​;20250411_094227;1;FO1;0,0997;1,5031;1,5785;0,2887;0,0511;-0,0612;0,9541;Collision avec Chemin1 - Objet Parent Plot-Mousse1;False
1468,70;12.09;pa010​;20250411_094227;1;FO1;0,1025;1,5024;1,6085;0,2944;0,0564;-0,0609;0,9521;Collision avec Chemin1 - Objet Parent Plot-Mousse1;False
1468,71;12.11;pa010​;20250411_094227;1;FO1;0,1032;1,5010;1,6237;0,2988;0,0566;-0,0580;0,9509;Collision avec Chemin1 - Objet Parent Plot-Mousse1;False
1468,73;12.12;pa010​;20250411_094227;1;FO1;0,1038;1,4993;1,6389;0,3049;0,0558;-0,0557;0,9491;Collision avec Chemin1 - Objet Parent Plot-Mousse1;False
1468,74;12.14;pa010​;20250411_094227;1;FO1;0,1047;1,4976;1,6540;0,3093;0,0558;-0,0552;0,9477;Collision avec Chemin1 - Objet Parent Plot-Mousse1;False
1468,76;12.15;pa010​;20250411_094227;1;FO1;0,1057;1,4967;1,6696;0,3119;0,0560;-0,0547;0,9469;Collision avec Chemin1 - Objet Parent Plot-Mousse1;False
1468,78;12.17;pa010​;20250411_094227;1;FO1;0,1068;1,4952;1,6851;0,3125;0,0554;-0,0550;0,9467;Collision avec Chemin1 - Objet Parent Plot-Mousse1;False
1468,79;12.18;pa010​;20250411_094227;1;FO1;0,1075;1,4937;1,7001;0,3142;0,0548;-0,0546;0,9462;Collision avec Chemin1 - Objet Parent Plot-Mousse1;False
1468,81;12.2;pa010​;20250411_094227;1;FO1;0,1086;1,4922;1,7147;0,3157;0,0536;-0,0550;0,9457;Collision avec Chemin1 - Objet Parent Plot-Mousse1;False
1468,82;12.21;pa010​;20250411_094227;1;FO1;0,1109;1,4888;1,7433;0,3169;0,0526;-0,0558;0,9453;Collision avec Chemin1 - Objet Parent Plot-Mousse1;False
1468,84;12.24;pa010​;20250411_094227;1;FO1;0,1129;1,4883;1,7568;0,3142;0,0522;-0,0565;0,9462;Collision avec Chemin1 - Objet Parent Plot-Mousse1;False
1468,86;12.25;pa010​;20250411_094227;1;FO1;0,1149;1,4881;1,7713;0,3129;0,0515;-0,0562;0,9467;Collision avec Chemin1 - Objet Parent Plot-Mousse1;False
1468,88;12.27;pa010​;20250411_094227;1;FO1;0,1170;1,4881;1,7866;0,3101;0,0501;-0,0550;0,9478;Collision avec Chemin1 - Objet Parent Plot-Mousse1;False
1468,89;12.28;pa010​;20250411_094227;1;FO1;0,1221;1,4874;1,8170;0,3022;0,0485;-0,0543;0,9505;Collision avec Chemin1 - Objet Parent Plot-Mousse1;False
1468,91;12.3;pa010​;20250411_094227;1;FO1;0,1255;1,4874;1,8337;0,2973;0,0481;-0,0531;0,9521;Collision avec Chemin1 - Objet Parent Plot-Mousse1;False
1468,93;12.32;pa010​;20250411_094227;1;FO1;0,1286;1,4876;1,8509;0,2959;0,0470;-0,0522;0,9526;Collision avec Chemin1 - Objet Parent Plot-Mousse1;False
1468,94;12.33;pa010​;20250411_094227;1;FO1;0,1316;1,4886;1,8684;0,2967;0,0458;-0,0522;0,9524;Collision avec Chemin1 - Objet Parent Plot-Mousse1;False
1468,96;12.35;pa010​;20250411_094227;1;FO1;0,1349;1,4895;1,8860;0,2996;0,0439;-0,0519;0,9516;Collision avec Chemin1 - Objet Parent Plot-Mousse1;False
1468,97;12.36;pa010​;20250411_094227;1;FO1;0,1377;1,4896;1,9030;0,3023;0,0430;-0,0522;0,9508;Collision avec Chemin1 - Objet Parent Plot-Mousse1;False
1468,99;12.38;pa010​;20250411_094227;1;FO1;0,1405;1,4902;1,9195;0,3047;0,0443;-0,0547;0,9498;Collision avec Chemin1 - Objet Parent Plot-Mousse1;False
1469,01;12.4;pa010​;20250411_094227;1;FO1;0,1450;1,4902;1,9519;0,3072;0,0470;-0,0562;0,9488;;False
1469,02;12.41;pa010​;20250411_094227;1;FO1;0,1456;1,4907;1,9676;0,3113;0,0487;-0,0567;0,9474;;False
1469,04;12.43;pa010​;20250411_094227;1;FO1;0,1456;1,4914;1,9834;0,3127;0,0481;-0,0554;0,9470;;False
1469,05;12.44;pa010​;20250411_094227;1;FO1;0,1459;1,4914;1,9983;0,3138;0,0469;-0,0531;0,9468;;False
1469,07;12.46;pa010​;20250411_094227;1;FO1;0,1458;1,4925;2,0133;0,3198;0,0466;-0,0502;0,9450;;False
1469,08;12.47;pa010​;20250411_094227;1;FO1;0,1461;1,4943;2,0282;0,3255;0,0457;-0,0466;0,9433;;False
1469,10;12.49;pa010​;20250411_094227;1;FO1;0,1465;1,4965;2,0437;0,3278;0,0438;-0,0415;0,9428;;False
1469,12;12.51;pa010​;20250411_094227;1;FO1;0,1465;1,5010;2,0743;0,3264;0,0400;-0,0354;0,9437;;False
1469,13;12.52;pa010​;20250411_094227;1;FO1;0,1464;1,5028;2,0890;0,3232;0,0378;-0,0363;0,9449;;False
1469,15;12.54;pa010​;20250411_094227;1;FO1;0,1463;1,5041;2,1032;0,3226;0,0347;-0,0379;0,9451;;False
1469,16;12.55;pa010​;20250411_094227;1;FO1;0,1464;1,5053;2,1175;0,3229;0,0319;-0,0394;0,9451;;False
1469,18;12.57;pa010​;20250411_094227;1;FO1;0,1465;1,5061;2,1317;0,3239;0,0301;-0,0416;0,9447;;False
1469,19;12.59;pa010​;20250411_094227;1;FO1;0,1467;1,5068;2,1462;0,3239;0,0288;-0,0425;0,9447;;False
1469,21;12.6;pa010​;20250411_094227;1;FO1;0,1469;1,5072;2,1608;0,3228;0,0276;-0,0420;0,9451;;False
1469,23;12.62;pa010​;20250411_094227;1;FO1;0,1472;1,5072;2,1752;0,3215;0,0275;-0,0408;0,9456;;False
1469,24;12.63;pa010​;20250411_094227;1;FO1;0,1478;1,5071;2,2037;0,3202;0,0275;-0,0385;0,9462;;False
1469,26;12.65;pa010​;20250411_094227;1;FO1;0,1481;1,5067;2,2178;0,3188;0,0284;-0,0360;0,9467;;False
1469,27;12.66;pa010​;20250411_094227;1;FO1;0,1482;1,5059;2,2312;0,3160;0,0299;-0,0350;0,9476;;False
1469,29;12.68;pa010​;20250411_094227;1;FO1;0,1481;1,5046;2,2438;0,3129;0,0321;-0,0355;0,9486;;False
1469,30;12.69;pa010​;20250411_094227;1;FO1;0,1479;1,5032;2,2557;0,3110;0,0335;-0,0361;0,9491;;False
1469,32;12.71;pa010​;20250411_094227;1;FO1;0,1473;1,5021;2,2673;0,3094;0,0341;-0,0364;0,9496;;False
1469,33;12.73;pa010​;20250411_094227;1;FO1;0,1464;1,5015;2,2787;0,3087;0,0334;-0,0368;0,9499;;False
1469,35;12.74;pa010​;20250411_094227;1;FO1;0,1446;1,5013;2,3019;0,3074;0,0318;-0,0371;0,9503;;False
1469,37;12.76;pa010​;20250411_094227;1;FO1;0,1436;1,5028;2,3149;0,3044;0,0302;-0,0380;0,9513;;False
1469,38;12.77;pa010​;20250411_094227;1;FO1;0,1426;1,5039;2,3289;0,2910;0,0310;-0,0423;0,9553;;False
1469,40;12.79;pa010​;20250411_094227;1;FO1;0,1417;1,5055;2,3430;0,2819;0,0356;-0,0460;0,9577;;False
1469,41;12.81;pa010​;20250411_094227;1;FO1;0,1407;1,5066;2,3573;0,2765;0,0393;-0,0478;0,9590;;False
1469,43;12.82;pa010​;20250411_094227;1;FO1;0,1395;1,5066;2,3706;0,2723;0,0436;-0,0466;0,9601;Collision avec Chemin2 - Objet Parent Plot-Mousse2;False
1469,45;12.84;pa010​;20250411_094227;1;FO1;0,1387;1,5069;2,3848;0,2709;0,0469;-0,0442;0,9605;Collision avec Chemin2 - Objet Parent Plot-Mousse2;False
1469,46;12.85;pa010​;20250411_094227;1;FO1;0,1373;1,5070;2,4131;0,2633;0,0523;-0,0389;0,9625;Collision avec Chemin2 - Objet Parent Plot-Mousse2;False
1469,48;12.87;pa010​;20250411_094227;1;FO1;0,1375;1,5070;2,4282;0,2622;0,0529;-0,0343;0,9630;Collision avec Chemin2 - Objet Parent Plot-Mousse2;False
1469,49;12.89;pa010​;20250411_094227;1;FO1;0,1376;1,5069;2,4426;0,2597;0,0521;-0,0322;0,9637;Collision avec Chemin2 - Objet Parent Plot-Mousse2;False
1469,51;12.9;pa010​;20250411_094227;1;FO1;0,1382;1,5068;2,4576;0,2589;0,0497;-0,0327;0,9641;Collision avec Chemin2 - Objet Parent Plot-Mousse2;False
1469,53;12.92;pa010​;20250411_094227;1;FO1;0,1389;1,5087;2,4733;0,2595;0,0472;-0,0345;0,9640;Collision avec Chemin2 - Objet Parent Plot-Mousse2;False
1469,54;12.93;pa010​;20250411_094227;1;FO1;0,1398;1,5110;2,4889;0,2579;0,0449;-0,0380;0,9644;Collision avec Chemin2 - Objet Parent Plot-Mousse2;False
1469,56;12.95;pa010​;20250411_094227;1;FO1;0,1422;1,5143;2,5199;0,2518;0,0433;-0,0443;0,9658;Collision avec Chemin2 - Objet Parent Plot-Mousse2;False
1469,57;12.96;pa010​;20250411_094227;1;FO1;0,1436;1,5161;2,5355;0,2451;0,0442;-0,0486;0,9673;Collision avec Chemin2 - Objet Parent Plot-Mousse2;False
1469,59;12.98;pa010​;20250411_094227;1;FO1;0,1452;1,5171;2,5511;0,2385;0,0458;-0,0519;0,9687;Collision avec Chemin2 - Objet Parent Plot-Mousse2;False
1469,60;13.0;pa010​;20250411_094227;1;FO1;0,1468;1,5175;2,5667;0,2340;0,0475;-0,0527;0,9696;Collision avec Chemin2 - Objet Parent Plot-Mousse2;False
1469,62;13.01;pa010​;20250411_094227;1;FO1;0,1481;1,5171;2,5824;0,2309;0,0493;-0,0527;0,9703;Collision avec Chemin2 - Objet Parent Plot-Mousse2;False
1469,63;13.03;pa010​;20250411_094227;1;FO1;0,1490;1,5162;2,5985;0,2288;0,0513;-0,0526;0,9707;Collision avec Chemin2 - Objet Parent Plot-Mousse2;False
1469,65;13.04;pa010​;20250411_094227;1;FO1;0,1498;1,5147;2,6147;0,2276;0,0526;-0,0526;0,9709;Collision avec Chemin2 - Objet Parent Plot-Mousse2;False
1469,67;13.06;pa010​;20250411_094227;1;FO1;0,1505;1,5126;2,6312;0,2278;0,0529;-0,0524;0,9709;Collision avec Chemin2 - Objet Parent Plot-Mousse2;False
1469,68;13.07;pa010​;20250411_094227;1;FO1;0,1512;1,5102;2,6480;0,2282;0,0536;-0,0526;0,9707;Collision avec Chemin2 - Objet Parent Plot-Mousse2;False
1469,70;13.09;pa010​;20250411_094227;1;FO1;0,1521;1,5080;2,6653;0,2272;0,0545;-0,0526;0,9709;Collision avec Chemin2 - Objet Parent Plot-Mousse2;False
1469,71;13.1;pa010​;20250411_094227;1;FO1;0,1542;1,5035;2,7000;0,2223;0,0558;-0,0523;0,9720;Collision avec Chemin2 - Objet Parent Plot-Mousse2;False
1469,73;13.12;pa010​;20250411_094227;1;FO1;0,1555;1,5011;2,7176;0,2185;0,0571;-0,0532;0,9727;Collision avec Chemin2 - Objet Parent Plot-Mousse2;False
1469,74;13.13;pa010​;20250411_094227;1;FO1;0,1573;1,4993;2,7349;0,2135;0,0592;-0,0554;0,9736;Collision avec Chemin2 - Objet Parent Plot-Mousse2;False
1469,76;13.15;pa010​;20250411_094227;1;FO1;0,1591;1,4974;2,7523;0,2065;0,0605;-0,0574;0,9749;Collision avec Chemin2 - Objet Parent Plot-Mousse2;False
1469,77;13.16;pa010​;20250411_094227;1;FO1;0,1607;1,4953;2,7696;0,2004;0,0605;-0,0597;0,9760;Collision avec Chemin2 - Objet Parent Plot-Mousse2;False
1469,79;13.18;pa010​;20250411_094227;1;FO1;0,1625;1,4934;2,7872;0,1949;0,0573;-0,0612;0,9772;Collision avec Chemin2 - Objet Parent Plot-Mousse2;False
1469,80;13.19;pa010​;20250411_094227;1;FO1;0,1644;1,4921;2,8051;0,1911;0,0530;-0,0622;0,9782;Collision avec Chemin2 - Objet Parent Plot-Mousse2;False
1469,82;13.21;pa010​;20250411_094227;1;FO1;0,1666;1,4909;2,8230;0,1879;0,0475;-0,0630;0,9790;Collision avec Chemin2 - Objet Parent Plot-Mousse2;False
1469,83;13.22;pa010​;20250411_094227;1;FO1;0,1690;1,4900;2,8412;0,1851;0,0423;-0,0640;0,9797;Collision avec Chemin2 - Objet Parent Plot-Mousse2;False
1469,85;13.24;pa010​;20250411_094227;1;FO1;0,1719;1,4920;2,8616;0,1879;0,0370;-0,0665;0,9792;;False
1469,86;13.26;pa010​;20250411_094227;1;FO1;0,1789;1,4958;2,9014;0,1803;0,0300;-0,0677;0,9808;;False
1469,88;13.27;pa010​;20250411_094227;1;FO1;0,1828;1,4954;2,9204;0,1799;0,0286;-0,0670;0,9810;;False
1469,89;13.28;pa010​;20250411_094227;1;FO1;0,1871;1,4968;2,9395;0,1834;0,0301;-0,0714;0,9800;;False
1469,91;13.3;pa010​;20250411_094227;1;FO1;0,1901;1,4985;2,9571;0,1855;0,0360;-0,0767;0,9790;;False
1469,92;13.32;pa010​;20250411_094227;1;FO1;0,1917;1,4982;2,9736;0,1851;0,0423;-0,0818;0,9784;;False
1469,94;13.33;pa010​;20250411_094227;1;FO1;0,1916;1,5009;2,9898;0,1944;0,0478;-0,0862;0,9760;;False
1469,95;13.35;pa010​;20250411_094227;1;FO1;0,1904;1,5037;3,0059;0,1967;0,0474;-0,0854;0,9756;;False
1469,97;13.36;pa010​;20250411_094227;1;FO1;0,1892;1,5077;3,0227;0,1969;0,0426;-0,0774;0,9764;;False
1469,99;13.38;pa010​;20250411_094227;1;FO1;0,1885;1,5113;3,0390;0,1925;0,0378;-0,0682;0,9782;;False
1470,00;13.39;pa010​;20250411_094227;1;FO1;0,1875;1,5148;3,0552;0,1906;0,0373;-0,0653;0,9788;;False
1470,01;13.41;pa010​;20250411_094227;1;FO1;0,1870;1,5192;3,0719;0,1919;0,0371;-0,0643;0,9786;;False
1470,03;13.42;pa010​;20250411_094227;1;FO1;0,1867;1,5229;3,0884;0,1894;0,0363;-0,0614;0,9793;;False
1470,05;13.44;pa010​;20250411_094227;1;FO1;0,1858;1,5295;3,1215;0,1838;0,0343;-0,0554;0,9808;;False
1470,06;13.45;pa010​;20250411_094227;1;FO1;0,1852;1,5316;3,1375;0,1821;0,0317;-0,0535;0,9813;;False
1470,08;13.47;pa010​;20250411_094227;1;FO1;0,1845;1,5330;3,1536;0,1815;0,0286;-0,0529;0,9816;;False
1470,09;13.48;pa010​;20250411_094227;1;FO1;0,1841;1,5338;3,1697;0,1820;0,0242;-0,0518;0,9816;;False
1470,11;13.5;pa010​;20250411_094227;1;FO1;0,1839;1,5345;3,1859;0,1822;0,0194;-0,0509;0,9818;;False
1470,12;13.51;pa010​;20250411_094227;1;FO1;0,1841;1,5346;3,2020;0,1821;0,0142;-0,0522;0,9818;;False
1470,14;13.53;pa010​;20250411_094227;1;FO1;0,1845;1,5343;3,2182;0,1819;0,0111;-0,0540;0,9818;;False
1470,15;13.54;pa010​;20250411_094227;1;FO1;0,1855;1,5339;3,2345;0,1830;0,0092;-0,0554;0,9815;;False
1470,17;13.56;pa010​;20250411_094227;1;FO1;0,1862;1,5331;3,2510;0,1840;0,0097;-0,0561;0,9813;;False
1470,18;13.57;pa010​;20250411_094227;1;FO1;0,1865;1,5323;3,2677;0,1844;0,0105;-0,0549;0,9813;;False
1470,20;13.59;pa010​;20250411_094227;1;FO1;0,1871;1,5308;3,3015;0,1839;0,0095;-0,0523;0,9815;;False
1470,21;13.6;pa010​;20250411_094227;1;FO1;0,1872;1,5293;3,3184;0,1802;0,0089;-0,0490;0,9824;;False
1470,23;13.62;pa010​;20250411_094227;1;FO1;0,1871;1,5275;3,3352;0,1773;0,0074;-0,0459;0,9831;;False
1470,24;13.64;pa010​;20250411_094227;1;FO1;0,1865;1,5257;3,3516;0,1752;0,0068;-0,0467;0,9834;;False
1470,26;13.65;pa010​;20250411_094227;1;FO1;0,1857;1,5237;3,3679;0,1742;0,0074;-0,0498;0,9834;;False
1470,27;13.67;pa010​;20250411_094227;1;FO1;0,1845;1,5219;3,3841;0,1737;0,0077;-0,0506;0,9835;;False
1470,29;13.68;pa010​;20250411_094227;1;FO1;0,1830;1,5210;3,4011;0,1737;0,0065;-0,0489;0,9836;;False
1470,31;13.7;pa010​;20250411_094227;1;FO1;0,1814;1,5203;3,4182;0,1719;0,0048;-0,0454;0,9840;;False
1470,32;13.71;pa010​;20250411_094227;1;FO1;0,1797;1,5190;3,4352;0,1682;0,0039;-0,0435;0,9848;;False
1470,34;13.73;pa010​;20250411_094227;1;FO1;0,1763;1,5170;3,4697;0,1626;0,0041;-0,0434;0,9857;;False
1470,35;13.75;pa010​;20250411_094227;1;FO1;0,1746;1,5156;3,4869;0,1603;0,0071;-0,0455;0,9860;;False
1470,37;13.76;pa010​;20250411_094227;1;FO1;0,1736;1,5175;3,5066;0,1629;0,0092;-0,0486;0,9854;;False
1470,39;13.78;pa010​;20250411_094227;1;FO1;0,1722;1,5162;3,5248;0,1583;0,0151;-0,0517;0,9859;;False
1470,40;13.79;pa010​;20250411_094227;1;FO1;0,1710;1,5164;3,5443;0,1592;0,0176;-0,0520;0,9857;;False
1470,42;13.81;pa010​;20250411_094227;1;FO1;0,1697;1,5161;3,5627;0,1565;0,0200;-0,0513;0,9861;;False
1470,43;13.82;pa010​;20250411_094227;1;FO1;0,1687;1,5149;3,5819;0,1600;0,0191;-0,0467;0,9858;;False
1470,45;13.84;pa010​;20250411_094227;1;FO1;0,1676;1,5151;3,6188;0,1663;0,0160;-0,0408;0,9851;;False
1470,46;13.86;pa010​;20250411_094227;1;FO1;0,1680;1,5142;3,6371;0,1754;0,0137;-0,0424;0,9835;;False
1470,48;13.87;pa010​;20250411_094227;1;FO1;0,1691;1,5153;3,6551;0,1875;0,0133;-0,0471;0,9810;;False
1470,50;13.89;pa010​;20250411_094227;1;FO1;0,1704;1,5183;3,6743;0,1980;0,0141;-0,0513;0,9787;;False
1470,51;13.9;pa010​;20250411_094227;1;FO1;0,1714;1,5211;3,6929;0,2032;0,0149;-0,0525;0,9776;;False
1470,53;13.92;pa010​;20250411_094227;1;FO1;0,1720;1,5231;3,7113;0,2095;0,0138;-0,0542;0,9762;;False
1470,54;13.93;pa010​;20250411_094227;1;FO1;0,1722;1,5246;3,7295;0,2153;0,0146;-0,0565;0,9748;;False
1470,56;13.95;pa010​;20250411_094227;1;FO1;0,1728;1,5256;3,7475;0,2209;0,0149;-0,0576;0,9735;;False
1470,57;13.96;pa010​;20250411_094227;1;FO1;0,1734;1,5259;3,7656;0,2268;0,0155;-0,0578;0,9721;;False
1470,59;13.98;pa010​;20250411_094227;1;FO1;0,1740;1,5254;3,8014;0,2388;0,0181;-0,0591;0,9691;;False
1470,60;13.99;pa010​;20250411_094227;1;FO1;0,1740;1,5231;3,8188;0,2444;0,0207;-0,0592;0,9676;;False
1470,62;14.01;pa010​;20250411_094227;1;FO1;0,1740;1,5207;3,8358;0,2521;0,0249;-0,0591;0,9656;;False
1470,63;14.03;pa010​;20250411_094227;1;FO1;0,1745;1,5185;3,8536;0,2590;0,0292;-0,0574;0,9637;;False
1470,65;14.04;pa010​;20250411_094227;1;FO1;0,1747;1,5166;3,8722;0,2608;0,0332;-0,0551;0,9632;;False
1470,67;14.06;pa010​;20250411_094227;1;FO1;0,1750;1,5139;3,8901;0,2594;0,0347;-0,0528;0,9637;;False
1470,68;14.07;pa010​;20250411_094227;1;FO1;0,1750;1,5101;3,9071;0,2623;0,0363;-0,0510;0,9630;;False
1470,70;14.09;pa010​;20250411_094227;1;FO1;0,1751;1,5062;3,9233;0,2675;0,0366;-0,0509;0,9615;;False
1470,71;14.1;pa010​;20250411_094227;1;FO1;0,1755;1,4989;3,9560;0,2766;0,0374;-0,0502;0,9589;;False
1470,73;14.12;pa010​;20250411_094227;1;FO1;0,1763;1,4970;3,9724;0,2775;0,0361;-0,0507;0,9587;;False
1470,74;14.13;pa010​;20250411_094227;1;FO1;0,1774;1,4962;3,9885;0,2762;0,0356;-0,0502;0,9591;;False
1470,76;14.15;pa010​;20250411_094227;1;FO1;0,1789;1,4949;4,0038;0,2745;0,0358;-0,0506;0,9596;;False
1470,77;14.16;pa010​;20250411_094227;1;FO1;0,1805;1,4940;4,0194;0,2743;0,0364;-0,0513;0,9596;;False
1470,79;14.18;pa010​;20250411_094227;1;FO1;0,1822;1,4941;4,0360;0,2729;0,0363;-0,0517;0,9600;;False
1470,80;14.2;pa010​;20250411_094227;1;FO1;0,1840;1,4949;4,0529;0,2688;0,0347;-0,0502;0,9612;;False
1470,82;14.21;pa010​;20250411_094227;1;FO1;0,1857;1,4955;4,0698;0,2666;0,0308;-0,0483;0,9621;;False
1470,84;14.23;pa010​;20250411_094227;1;FO1;0,1874;1,4970;4,0877;0,2701;0,0265;-0,0479;0,9613;;False
1470,85;14.24;pa010​;20250411_094227;1;FO1;0,1914;1,5006;4,1233;0,2743;0,0199;-0,0480;0,9602;;False
1470,87;14.26;pa010​;20250411_094227;1;FO1;0,1933;1,5005;4,1391;0,2779;0,0180;-0,0505;0,9591;;False
1470,88;14.27;pa010​;20250411_094227;1;FO1;0,1942;1,4985;4,1544;0,2820;0,0207;-0,0569;0,9575;;False
1470,90;14.29;pa010​;20250411_094227;1;FO1;0,1948;1,4978;4,1695;0,2909;0,0251;-0,0615;0,9545;;False
1470,91;14.31;pa010​;20250411_094227;1;FO1;0,1942;1,4981;4,1849;0,3007;0,0286;-0,0582;0,9515;;False
1470,93;14.32;pa010​;20250411_094227;1;FO1;0,1933;1,4992;4,2012;0,3057;0,0265;-0,0488;0,9505;;False
1470,95;14.34;pa010​;20250411_094227;1;FO1;0,1922;1,5007;4,2176;0,3072;0,0251;-0,0429;0,9503;;False
1470,96;14.36;pa010​;20250411_094227;1;FO1;0,1915;1,5042;4,2504;0,3148;0,0257;-0,0384;0,9480;;False
1470,98;14.37;pa010​;20250411_094227;1;FO1;0,1913;1,5062;4,2670;0,3135;0,0280;-0,0373;0,9484;;False
1471,00;14.39;pa010​;20250411_094227;1;FO1;0,1909;1,5079;4,2833;0,3126;0,0286;-0,0358;0,9488;;False
1471,01;14.4;pa010​;20250411_094227;1;FO1;0,1904;1,5090;4,2994;0,3115;0,0289;-0,0356;0,9492;;False
1471,03;14.42;pa010​;20250411_094227;1;FO1;0,1898;1,5100;4,3154;0,3101;0,0297;-0,0354;0,9496;;False
1471,05;14.44;pa010​;20250411_094227;1;FO1;0,1887;1,5122;4,3478;0,3093;0,0306;-0,0344;0,9498;;False
1471,06;14.46;pa010​;20250411_094227;1;FO1;0,1880;1,5123;4,3639;0,3080;0,0295;-0,0337;0,9503;;False
1471,08;14.47;pa010​;20250411_094227;1;FO1;0,1872;1,5123;4,3800;0,3072;0,0282;-0,0339;0,9506;;False
1471,09;14.48;pa010​;20250411_094227;1;FO1;0,1866;1,5120;4,3962;0,3063;0,0267;-0,0343;0,9509;;False
1471,11;14.5;pa010​;20250411_094227;1;FO1;0,1860;1,5119;4,4126;0,3050;0,0260;-0,0356;0,9513;;False
1471,12;14.52;pa010​;20250411_094227;1;FO1;0,1854;1,5114;4,4290;0,3023;0,0263;-0,0371;0,9521;;False
1471,14;14.53;pa010​;20250411_094227;1;FO1;0,1846;1,5103;4,4449;0,2975;0,0272;-0,0377;0,9536;;False
1471,16;14.55;pa010​;20250411_094227;1;FO1;0,1835;1,5089;4,4602;0,2922;0,0285;-0,0378;0,9552;;False
1471,17;14.56;pa010​;20250411_094227;1;FO1;0,1812;1,5058;4,4905;0,2841;0,0311;-0,0369;0,9576;;False
1471,19;14.58;pa010​;20250411_094227;1;FO1;0,1793;1,5046;4,5043;0,2825;0,0339;-0,0373;0,9579;;False
1471,20;14.59;pa010​;20250411_094227;1;FO1;0,1766;1,5042;4,5182;0,2815;0,0367;-0,0377;0,9581;;False
1471,22;14.61;pa010​;20250411_094227;1;FO1;0,1739;1,5045;4,5325;0,2791;0,0384;-0,0371;0,9588;;False
1471,23;14.62;pa010​;20250411_094227;1;FO1;0,1712;1,5048;4,5470;0,2737;0,0398;-0,0361;0,9603;;False
1471,25;14.64;pa010​;20250411_094227;1;FO1;0,1681;1,5055;4,5626;0,2639;0,0411;-0,0360;0,9630;;False
1471,27;14.66;pa010​;20250411_094227;1;FO1;0,1655;1,5073;4,5782;0,2554;0,0431;-0,0371;0,9652;;False
1471,28;14.67;pa010​;20250411_094227;1;FO1;0,1595;1,5099;4,6093;0,2443;0,0486;-0,0393;0,9677;;False
1471,30;14.69;pa010​;20250411_094227;1;FO1;0,1566;1,5133;4,6258;0,2438;0,0507;-0,0407;0,9676;;False
1471,31;14.71;pa010​;20250411_094227;1;FO1;0,1540;1,5139;4,6411;0,2395;0,0519;-0,0385;0,9687;;False
1471,33;14.72;pa010​;20250411_094227;1;FO1;0,1516;1,5128;4,6553;0,2363;0,0495;-0,0351;0,9698;;False
1471,34;14.74;pa010​;20250411_094227;1;FO1;0,1502;1,5128;4,6692;0,2381;0,0458;-0,0315;0,9697;;False
1471,36;14.75;pa010​;20250411_094227;1;FO1;0,1496;1,5139;4,6834;0,2456;0,0442;-0,0317;0,9679;;False
1471,38;14.77;pa010​;20250411_094227;1;FO1;0,1493;1,5146;4,6974;0,2482;0,0453;-0,0359;0,9670;;False
1471,39;14.78;pa010​;20250411_094227;1;FO1;0,1496;1,5160;4,7114;0,2530;0,0466;-0,0409;0,9655;;False
1471,41;14.8;pa010​;20250411_094227;1;FO1;0,1499;1,5207;4,7403;0,2601;0,0475;-0,0466;0,9633;;False
1471,42;14.81;pa010​;20250411_094227;1;FO1;0,1497;1,5244;4,7561;0,2589;0,0488;-0,0503;0,9634;;False
1471,44;14.83;pa010​;20250411_094227;1;FO1;0,1497;1,5270;4,7709;0,2533;0,0484;-0,0515;0,9648;;False
1471,45;14.85;pa010​;20250411_094227;1;FO1;0,1496;1,5285;4,7859;0,2501;0,0493;-0,0523;0,9655;Collision avec Chemin3 - Objet Parent Plot-Mousse3;False
1471,47;14.86;pa010​;20250411_094227;1;FO1;0,1495;1,5299;4,8007;0,2478;0,0500;-0,0534;0,9660;Collision avec Chemin3 - Objet Parent Plot-Mousse3;False
1471,48;14.88;pa010​;20250411_094227;1;FO1;0,1495;1,5305;4,8159;0,2463;0,0501;-0,0544;0,9664;Collision avec Chemin3 - Objet Parent Plot-Mousse3;False
1471,50;14.89;pa010​;20250411_094227;1;FO1;0,1491;1,5305;4,8313;0,2451;0,0509;-0,0551;0,9666;Collision avec Chemin3 - Objet Parent Plot-Mousse3;False
1471,51;14.91;pa010​;20250411_094227;1;FO1;0,1484;1,5297;4,8470;0,2444;0,0514;-0,0556;0,9667;Collision avec Chemin3 - Objet Parent Plot-Mousse3;False
1471,53;14.92;pa010​;20250411_094227;1;FO1;0,1474;1,5280;4,8627;0,2452;0,0519;-0,0551;0,9665;Collision avec Chemin3 - Objet Parent Plot-Mousse3;False
1471,55;14.94;pa010​;20250411_094227;1;FO1;0,1454;1,5242;4,8947;0,2481;0,0522;-0,0536;0,9658;Collision avec Chemin3 - Objet Parent Plot-Mousse3;False
1471,56;14.95;pa010​;20250411_094227;1;FO1;0,1441;1,5211;4,9114;0,2526;0,0526;-0,0505;0,9648;Collision avec Chemin3 - Objet Parent Plot-Mousse3;False
1471,58;14.97;pa010​;20250411_094227;1;FO1;0,1429;1,5179;4,9284;0,2561;0,0531;-0,0472;0,9640;Collision avec Chemin3 - Objet Parent Plot-Mousse3;False
1471,59;14.98;pa010​;20250411_094227;1;FO1;0,1415;1,5142;4,9457;0,2588;0,0531;-0,0447;0,9634;Collision avec Chemin3 - Objet Parent Plot-Mousse3;False
1471,61;15.0;pa010​;20250411_094227;1;FO1;0,1401;1,5105;4,9629;0,2614;0,0530;-0,0427;0,9628;Collision avec Chemin3 - Objet Parent Plot-Mousse3;False
1471,62;15.01;pa010​;20250411_094227;1;FO1;0,1392;1,5070;4,9802;0,2639;0,0527;-0,0415;0,9622;Collision avec Chemin3 - Objet Parent Plot-Mousse3;False
1471,64;15.03;pa010​;20250411_094227;1;FO1;0,1385;1,5037;4,9976;0,2655;0,0531;-0,0411;0,9618;Collision avec Chemin3 - Objet Parent Plot-Mousse3;False
1471,65;15.04;pa010​;20250411_094227;1;FO1;0,1382;1,5004;5,0147;0,2669;0,0541;-0,0412;0,9613;Collision avec Chemin3 - Objet Parent Plot-Mousse3;False
1471,67;15.06;pa010​;20250411_094227;1;FO1;0,1384;1,4976;5,0317;0,2674;0,0547;-0,0421;0,9611;Collision avec Chemin3 - Objet Parent Plot-Mousse3;False
1471,68;15.08;pa010​;20250411_094227;1;FO1;0,1387;1,4926;5,0660;0,2669;0,0551;-0,0433;0,9612;Collision avec Chemin3 - Objet Parent Plot-Mousse3;False
1471,70;15.09;pa010​;20250411_094227;1;FO1;0,1391;1,4915;5,0833;0,2633;0,0538;-0,0451;0,9622;Collision avec Chemin3 - Objet Parent Plot-Mousse3;False
1471,72;15.11;pa010​;20250411_094227;1;FO1;0,1398;1,4916;5,1018;0,2594;0,0489;-0,0454;0,9634;Collision avec Chemin3 - Objet Parent Plot-Mousse3;False
1471,73;15.12;pa010​;20250411_094227;1;FO1;0,1406;1,4913;5,1196;0,2530;0,0439;-0,0455;0,9654;Collision avec Chemin3 - Objet Parent Plot-Mousse3;False
1471,75;15.14;pa010​;20250411_094227;1;FO1;0,1419;1,4912;5,1379;0,2497;0,0390;-0,0471;0,9664;Collision avec Chemin3 - Objet Parent Plot-Mousse3;False
1471,76;15.16;pa010​;20250411_094227;1;FO1;0,1434;1,4918;5,1564;0,2443;0,0335;-0,0477;0,9679;Collision avec Chemin3 - Objet Parent Plot-Mousse3;False
1471,78;15.17;pa010​;20250411_094227;1;FO1;0,1452;1,4920;5,1753;0,2388;0,0280;-0,0488;0,9694;Collision avec Chemin3 - Objet Parent Plot-Mousse3;False
1471,80;15.19;pa010​;20250411_094227;1;FO1;0,1489;1,4979;5,2171;0,2399;0,0184;-0,0534;0,9691;Collision avec Chemin3 - Objet Parent Plot-Mousse3;False
1471,81;15.2;pa010​;20250411_094227;1;FO1;0,1515;1,4972;5,2346;0,2242;0,0160;-0,0523;0,9730;Collision avec Chemin3 - Objet Parent Plot-Mousse3;False
1471,83;15.22;pa010​;20250411_094227;1;FO1;0,1539;1,4992;5,2567;0,2333;0,0147;-0,0548;0,9707;;False
1471,84;15.23;pa010​;20250411_094227;1;FO1;0,1562;1,5015;5,2756;0,2342;0,0167;-0,0575;0,9703;;False
1471,86;15.25;pa010​;20250411_094227;1;FO1;0,1574;1,4985;5,2931;0,2285;0,0202;-0,0607;0,9714;;False
1471,87;15.27;pa010​;20250411_094227;1;FO1;0,1572;1,4980;5,3096;0,2350;0,0284;-0,0674;0,9692;;False
1471,89;15.28;pa010​;20250411_094227;1;FO1;0,1563;1,4992;5,3251;0,2498;0,0336;-0,0690;0,9653;;False
1471,91;15.3;pa010​;20250411_094227;1;FO1;0,1540;1,5011;5,3548;0,2665;0,0340;-0,0605;0,9613;;False
1471,92;15.31;pa010​;20250411_094227;1;FO1;0,1516;1,5052;5,3694;0,2754;0,0263;-0,0476;0,9598;;False
1471,94;15.33;pa010​;20250411_094227;1;FO1;0,1512;1,5107;5,3864;0,2748;0,0215;-0,0442;0,9602;;False
1471,95;15.34;pa010​;20250411_094227;1;FO1;0,1522;1,5160;5,4027;0,2602;0,0213;-0,0442;0,9643;;False
1471,97;15.36;pa010​;20250411_094227;1;FO1;0,1523;1,5197;5,4179;0,2496;0,0233;-0,0450;0,9670;;False
1471,98;15.37;pa010​;20250411_094227;1;FO1;0,1522;1,5217;5,4327;0,2430;0,0213;-0,0478;0,9686;;False
1472,00;15.39;pa010​;20250411_094227;1;FO1;0,1523;1,5231;5,4471;0,2386;0,0193;-0,0491;0,9697;;False
1472,02;15.41;pa010​;20250411_094227;1;FO1;0,1522;1,5235;5,4616;0,2380;0,0177;-0,0497;0,9698;;False
1472,03;15.42;pa010​;20250411_094227;1;FO1;0,1524;1,5240;5,4907;0,2372;0,0143;-0,0500;0,9701;;False
1472,05;15.44;pa010​;20250411_094227;1;FO1;0,1527;1,5226;5,5051;0,2427;0,0128;-0,0499;0,9687;;False
1472,06;15.45;pa010​;20250411_094227;1;FO1;0,1532;1,5211;5,5198;0,2480;0,0114;-0,0501;0,9674;;False
1472,08;15.47;pa010​;20250411_094227;1;FO1;0,1538;1,5195;5,5348;0,2536;0,0112;-0,0504;0,9659;;False
1472,09;15.49;pa010​;20250411_094227;1;FO1;0,1546;1,5179;5,5502;0,2585;0,0111;-0,0510;0,9646;;False
1472,11;15.5;pa010​;20250411_094227;1;FO1;0,1550;1,5162;5,5654;0,2632;0,0111;-0,0510;0,9633;;False
1472,13;15.52;pa010​;20250411_094227;1;FO1;0,1552;1,5144;5,5808;0,2687;0,0104;-0,0503;0,9618;;False
1472,14;15.53;pa010​;20250411_094227;1;FO1;0,1552;1,5130;5,5963;0,2726;0,0102;-0,0495;0,9608;;False
1472,16;15.55;pa010​;20250411_094227;1;FO1;0,1549;1,5100;5,6274;0,2768;0,0099;-0,0479;0,9597;;False
1472,17;15.56;pa010​;20250411_094227;1;FO1;0,1544;1,5086;5,6425;0,2753;0,0108;-0,0471;0,9602;;False
1472,19;15.58;pa010​;20250411_094227;1;FO1;0,1537;1,5067;5,6566;0,2758;0,0130;-0,0468;0,9600;;False
1472,20;15.6;pa010​;20250411_094227;1;FO1;0,1530;1,5050;5,6705;0,2776;0,0159;-0,0466;0,9594;;False
1472,22;15.61;pa010​;20250411_094227;1;FO1;0,1520;1,5045;5,6847;0,2812;0,0183;-0,0443;0,9585;;False
1472,24;15.63;pa010​;20250411_094227;1;FO1;0,1507;1,5042;5,6996;0,2838;0,0196;-0,0419;0,9578;;False
1472,25;15.64;pa010​;20250411_094227;1;FO1;0,1493;1,5035;5,7145;0,2824;0,0221;-0,0423;0,9581;;False
1472,27;15.66;pa010​;20250411_094227;1;FO1;0,1466;1,5022;5,7452;0,2822;0,0292;-0,0463;0,9578;;False
1472,28;15.68;pa010​;20250411_094227;1;FO1;0,1452;1,5025;5,7620;0,2807;0,0341;-0,0481;0,9580;;False
1472,30;15.69;pa010​;20250411_094227;1;FO1;0,1443;1,5026;5,7791;0,2776;0,0366;-0,0478;0,9588;;False
1472,32;15.71;pa010​;20250411_094227;1;FO1;0,1432;1,5032;5,7967;0,2785;0,0388;-0,0469;0,9585;;False
1472,33;15.72;pa010​;20250411_094227;1;FO1;0,1418;1,5028;5,8127;0,2771;0,0408;-0,0440;0,9590;;False
1472,35;15.74;pa010​;20250411_094227;1;FO1;0,1411;1,5014;5,8285;0,2785;0,0396;-0,0392;0,9588;;False
1472,36;15.76;pa010​;20250411_094227;1;FO1;0,1409;1,4998;5,8596;0,2856;0,0383;-0,0343;0,9570;;False
1472,38;15.77;pa010​;20250411_094227;1;FO1;0,1422;1,4994;5,8748;0,2964;0,0393;-0,0390;0,9535;;False
1472,40;15.79;pa010​;20250411_094227;1;FO1;0,1439;1,4995;5,8905;0,3050;0,0423;-0,0451;0,9504;;False
1472,41;15.81;pa010​;20250411_094227;1;FO1;0,1451;1,5010;5,9073;0,3128;0,0432;-0,0480;0,9476;;False
1472,43;15.82;pa010​;20250411_094227;1;FO1;0,1461;1,5028;5,9249;0,3166;0,0426;-0,0500;0,9463;;False
1472,45;15.84;pa010​;20250411_094227;1;FO1;0,1471;1,5036;5,9420;0,3169;0,0421;-0,0511;0,9461;;False
1472,46;15.85;pa010​;20250411_094227;1;FO1;0,1493;1,5043;5,9765;0,3218;0,0436;-0,0550;0,9442;;False
1472,48;15.87;pa010​;20250411_094227;1;FO1;0,1504;1,5041;5,9940;0,3216;0,0445;-0,0565;0,9442;;False
1472,49;15.88;pa010​;20250411_094227;1;FO1;0,1511;1,5035;6,0116;0,3222;0,0457;-0,0573;0,9438;;False
1472,51;15.9;pa010​;20250411_094227;1;FO1;0,1521;1,5022;6,0292;0,3220;0,0478;-0,0593;0,9437;;False
1472,52;15.92;pa010​;20250411_094227;1;FO1;0,1530;1,5006;6,0466;0,3213;0,0504;-0,0595;0,9438;;False
1472,54;15.93;pa010​;20250411_094227;1;FO1;0,1540;1,4987;6,0640;0,3216;0,0524;-0,0581;0,9436;;False
1472,55;15.95;pa010​;20250411_094227;1;FO1;0,1550;1,4967;6,0817;0,3226;0,0534;-0,0564;0,9433;;False
1472,57;15.96;pa010​;20250411_094227;1;FO1;0,1562;1,4949;6,0999;0,3223;0,0546;-0,0556;0,9434;;False
1472,59;15.98;pa010​;20250411_094227;1;FO1;0,1575;1,4932;6,1180;0,3195;0,0554;-0,0555;0,9443;;False
1472,60;15.99;pa010​;20250411_094227;1;FO1;0,1605;1,4886;6,1540;0,3146;0,0571;-0,0559;0,9459;;False
1472,62;16.01;pa010​;20250411_094227;1;FO1;0,1625;1,4861;6,1715;0,3117;0,0578;-0,0568;0,9467;;False
1472,63;16.02;pa010​;20250411_094227;1;FO1;0,1645;1,4840;6,1891;0,3097;0,0577;-0,0571;0,9474;;False
1472,65;16.04;pa010​;20250411_094227;1;FO1;0,1667;1,4822;6,2067;0,3061;0,0574;-0,0578;0,9485;;False
1472,66;16.06;pa010​;20250411_094227;1;FO1;0,1694;1,4811;6,2241;0,3013;0,0559;-0,0580;0,9501;;False
1472,68;16.07;pa010​;20250411_094227;1;FO1;0,1722;1,4802;6,2415;0,2973;0,0531;-0,0578;0,9515;;False
1472,70;16.09;pa010​;20250411_094227;1;FO1;0,1750;1,4794;6,2583;0,2925;0,0494;-0,0584;0,9532;;False
1472,71;16.1;pa010​;20250411_094227;1;FO1;0,1779;1,4793;6,2758;0,2891;0,0451;-0,0581;0,9545;;False
1472,73;16.12;pa010​;20250411_094227;1;FO1;0,1845;1,4793;6,3111;0,2766;0,0367;-0,0579;0,9585;;False
1472,74;16.14;pa010​;20250411_094227;1;FO1;0,1885;1,4817;6,3304;0,2758;0,0331;-0,0583;0,9589;;False
1472,76;16.15;pa010​;20250411_094227;1;FO1;0,1922;1,4818;6,3475;0,2636;0,0311;-0,0590;0,9623;;False
1472,77;16.17;pa010​;20250411_094227;1;FO1;0,1963;1,4837;6,3663;0,2680;0,0287;-0,0606;0,9611;;False
1472,79;16.18;pa010​;20250411_094227;1;FO1;0,2002;1,4862;6,3846;0,2635;0,0278;-0,0600;0,9624;;False
1472,81;16.2;pa010​;20250411_094227;1;FO1;0,2035;1,4865;6,4016;0,2614;0,0295;-0,0622;0,9628;;False
1472,82;16.22;pa010​;20250411_094227;1;FO1;0,2092;1,4879;6,4347;0,2600;0,0371;-0,0718;0,9622;;False
1472,84;16.23;pa010​;20250411_094227;1;FO1;0,2104;1,4896;6,4507;0,2678;0,0433;-0,0744;0,9596;;False
1472,86;16.25;pa010​;20250411_094227;1;FO1;0,2109;1,4908;6,4662;0,2704;0,0454;-0,0705;0,9591;;False
1472,87;16.26;pa010​;20250411_094227;1;FO1;0,2111;1,4934;6,4817;0,2759;0,0444;-0,0643;0,9580;;False
1472,89;16.28;pa010​;20250411_094227;1;FO1;0,2111;1,4971;6,4975;0,2808;0,0431;-0,0607;0,9569;;False
1472,90;16.29;pa010​;20250411_094227;1;FO1;0,2121;1,5009;6,5134;0,2819;0,0423;-0,0578;0,9568;;False
1472,92;16.31;pa010​;20250411_094227;1;FO1;0,2129;1,5043;6,5290;0,2798;0,0415;-0,0540;0,9576;;False
1472,94;16.33;pa010​;20250411_094227;1;FO1;0,2144;1,5108;6,5599;0,2767;0,0394;-0,0509;0,9588;;False
1472,95;16.34;pa010​;20250411_094227;1;FO1;0,2155;1,5132;6,5749;0,2729;0,0383;-0,0514;0,9599;Collision avec Chemin4 - Objet Parent Plot-Mousse4;False
1472,97;16.36;pa010​;20250411_094227;1;FO1;0,2167;1,5148;6,5898;0,2708;0,0376;-0,0523;0,9605;Collision avec Chemin4 - Objet Parent Plot-Mousse4;False
1472,98;16.37;pa010​;20250411_094227;1;FO1;0,2181;1,5158;6,6046;0,2700;0,0372;-0,0532;0,9607;Collision avec Chemin4 - Objet Parent Plot-Mousse4;False
1473,00;16.39;pa010​;20250411_094227;1;FO1;0,2196;1,5165;6,6195;0,2718;0,0372;-0,0542;0,9601;Collision avec Chemin4 - Objet Parent Plot-Mousse4;False
1473,01;16.41;pa010​;20250411_094227;1;FO1;0,2209;1,5168;6,6344;0,2740;0,0370;-0,0549;0,9595;Collision avec Chemin4 - Objet Parent Plot-Mousse4;False
1473,03;16.42;pa010​;20250411_094227;1;FO1;0,2222;1,5170;6,6496;0,2756;0,0361;-0,0548;0,9590;Collision avec Chemin4 - Objet Parent Plot-Mousse4;False
1473,05;16.44;pa010​;20250411_094227;1;FO1;0,2250;1,5169;6,6799;0,2769;0,0349;-0,0553;0,9587;Collision avec Chemin4 - Objet Parent Plot-Mousse4;False
1473,06;16.45;pa010​;20250411_094227;1;FO1;0,2266;1,5161;6,6953;0,2766;0,0354;-0,0562;0,9587;Collision avec Chemin4 - Objet Parent Plot-Mousse4;False
1473,08;16.47;pa010​;20250411_094227;1;FO1;0,2283;1,5148;6,7106;0,2766;0,0365;-0,0565;0,9586;Collision avec Chemin4 - Objet Parent Plot-Mousse4;False
1473,09;16.49;pa010​;20250411_094227;1;FO1;0,2298;1,5137;6,7260;0,2775;0,0379;-0,0563;0,9583;Collision avec Chemin4 - Objet Parent Plot-Mousse4;False
1473,11;16.5;pa010​;20250411_094227;1;FO1;0,2310;1,5126;6,7415;0,2774;0,0394;-0,0549;0,9584;Collision avec Chemin4 - Objet Parent Plot-Mousse4;False
1473,13;16.52;pa010​;20250411_094227;1;FO1;0,2317;1,5114;6,7567;0,2768;0,0403;-0,0527;0,9586;Collision avec Chemin4 - Objet Parent Plot-Mousse4;False
1473,14;16.53;pa010​;20250411_094227;1;FO1;0,2331;1,5086;6,7870;0,2769;0,0415;-0,0498;0,9587;Collision avec Chemin4 - Objet Parent Plot-Mousse4;False
1473,16;16.55;pa010​;20250411_094227;1;FO1;0,2331;1,5070;6,8017;0,2768;0,0405;-0,0482;0,9589;Collision avec Chemin4 - Objet Parent Plot-Mousse4;False
1473,17;16.56;pa010​;20250411_094227;1;FO1;0,2328;1,5060;6,8165;0,2760;0,0393;-0,0469;0,9592;Collision avec Chemin4 - Objet Parent Plot-Mousse4;False
1473,19;16.58;pa010​;20250411_094227;1;FO1;0,2324;1,5051;6,8314;0,2730;0,0384;-0,0455;0,9602;Collision avec Chemin4 - Objet Parent Plot-Mousse4;False
1473,20;16.6;pa010​;20250411_094227;1;FO1;0,2321;1,5044;6,8466;0,2696;0,0385;-0,0448;0,9612;Collision avec Chemin4 - Objet Parent Plot-Mousse4;False
1473,22;16.61;pa010​;20250411_094227;1;FO1;0,2318;1,5039;6,8621;0,2661;0,0402;-0,0449;0,9621;Collision avec Chemin4 - Objet Parent Plot-Mousse4;False
1473,24;16.63;pa010​;20250411_094227;1;FO1;0,2314;1,5032;6,8779;0,2612;0,0429;-0,0444;0,9633;Collision avec Chemin4 - Objet Parent Plot-Mousse4;False
1473,25;16.64;pa010​;20250411_094227;1;FO1;0,2312;1,5028;6,8942;0,2564;0,0456;-0,0439;0,9645;Collision avec Chemin4 - Objet Parent Plot-Mousse4;False
1473,27;16.66;pa010​;20250411_094227;1;FO1;0,2308;1,5015;6,9271;0,2448;0,0518;-0,0424;0,9673;Collision avec Chemin4 - Objet Parent Plot-Mousse4;False
1473,29;16.68;pa010​;20250411_094227;1;FO1;0,2309;1,5021;6,9449;0,2452;0,0561;-0,0432;0,9669;Collision avec Chemin4 - Objet Parent Plot-Mousse4;False
1473,30;16.7;pa010​;20250411_094227;1;FO1;0,2316;1,5044;6,9637;0,2424;0,0606;-0,0460;0,9672;Collision avec Chemin4 - Objet Parent Plot-Mousse4;False
1473,32;16.71;pa010​;20250411_094227;1;FO1;0,2319;1,5056;6,9833;0,2417;0,0652;-0,0460;0,9671;Collision avec Chemin4 - Objet Parent Plot-Mousse4;False
1473,33;16.73;pa010​;20250411_094227;1;FO1;0,2323;1,5062;7,0011;0,2417;0,0658;-0,0429;0,9672;Collision avec Chemin4 - Objet Parent Plot-Mousse4;False
1473,35;16.74;pa010​;20250411_094227;1;FO1;0,2339;1,5037;7,0366;0,2400;0,0668;-0,0363;0,9678;Collision avec Chemin4 - Objet Parent Plot-Mousse4;False
1473,37;16.76;pa010​;20250411_094227;1;FO1;0,2365;1,5022;7,0523;0,2441;0,0618;-0,0332;0,9672;;False
1473,38;16.77;pa010​;20250411_094227;1;FO1;0,2403;1,5032;7,0676;0,2583;0,0601;-0,0373;0,9635;;False
1473,40;16.79;pa010​;20250411_094227;1;FO1;0,2442;1,5029;7,0829;0,2664;0,0636;-0,0455;0,9607;;False
1473,41;16.81;pa010​;20250411_094227;1;FO1;0,2483;1,5039;7,0982;0,2741;0,0682;-0,0544;0,9577;;False
1473,43;16.82;pa010​;20250411_094227;1;FO1;0,2518;1,5060;7,1147;0,2787;0,0727;-0,0603;0,9557;;False
1473,45;16.84;pa010​;20250411_094227;1;FO1;0,2546;1,5087;7,1316;0,2784;0,0758;-0,0627;0,9554;;False
1473,46;16.85;pa010​;20250411_094227;1;FO1;0,2605;1,5132;7,1648;0,2777;0,0774;-0,0636;0,9554;;False
1473,48;16.87;pa010​;20250411_094227;1;FO1;0,2631;1,5137;7,1811;0,2751;0,0776;-0,0597;0,9564;;False
1473,49;16.89;pa010​;20250411_094227;1;FO1;0,2661;1,5140;7,1977;0,2741;0,0760;-0,0568;0,9570;;False
1473,51;16.9;pa010​;20250411_094227;1;FO1;0,2696;1,5140;7,2145;0,2750;0,0747;-0,0571;0,9568;;False
1473,52;16.92;pa010​;20250411_094227;1;FO1;0,2734;1,5133;7,2314;0,2769;0,0751;-0,0593;0,9561;;False
1473,54;16.93;pa010​;20250411_094227;1;FO1;0,2773;1,5118;7,2483;0,2789;0,0765;-0,0617;0,9553;;False
1473,56;16.95;pa010​;20250411_094227;1;FO1;0,2810;1,5097;7,2652;0,2822;0,0777;-0,0625;0,9542;;False
1473,57;16.96;pa010​;20250411_094227;1;FO1;0,2845;1,5077;7,2822;0,2875;0,0778;-0,0617;0,9526;;False
1473,59;16.98;pa010​;20250411_094227;1;FO1;0,2918;1,5033;7,3164;0,2950;0,0770;-0,0608;0,9505;;False
1473,60;16.99;pa010​;20250411_094227;1;FO1;0,2955;1,5008;7,3339;0,2979;0,0753;-0,0592;0,9498;;False
1473,62;17.01;pa010​;20250411_094227;1;FO1;0,2998;1,4986;7,3513;0,3000;0,0738;-0,0587;0,9493;;False
1473,63;17.03;pa010​;20250411_094227;1;FO1;0,3043;1,4964;7,3687;0,3004;0,0733;-0,0586;0,9492;;False
1473,65;17.04;pa010​;20250411_094227;1;FO1;0,3093;1,4940;7,3858;0,2986;0,0728;-0,0588;0,9498;;False
1473,67;17.06;pa010​;20250411_094227;1;FO1;0,3145;1,4915;7,4024;0,2955;0,0715;-0,0584;0,9509;;False
1473,68;17.07;pa010​;20250411_094227;1;FO1;0,3198;1,4894;7,4191;0,2934;0,0690;-0,0572;0,9518;;False
1473,70;17.09;pa010​;20250411_094227;1;FO1;0,3305;1,4848;7,4518;0,2897;0,0637;-0,0553;0,9534;;False
1473,71;17.1;pa010​;20250411_094227;1;FO1;0,3365;1,4828;7,4671;0,2906;0,0586;-0,0552;0,9535;;False
1473,73;17.12;pa010​;20250411_094227;1;FO1;0,3431;1,4817;7,4830;0,2912;0,0536;-0,0550;0,9536;;False
1473,74;17.14;pa010​;20250411_094227;1;FO1;0,3498;1,4805;7,4997;0,2882;0,0504;-0,0564;0,9546;;False
1473,76;17.15;pa010​;20250411_094227;1;FO1;0,3569;1,4797;7,5164;0,2819;0,0477;-0,0585;0,9565;;False
1473,78;17.17;pa010​;20250411_094227;1;FO1;0,3641;1,4817;7,5347;0,2860;0,0435;-0,0578;0,9555;;False
1473,79;17.18;pa010​;20250411_094227;1;FO1;0,3708;1,4809;7,5512;0,2783;0,0391;-0,0560;0,9580;;False
1473,81;17.2;pa010​;20250411_094227;1;FO1;0,3780;1,4812;7,5685;0,2798;0,0351;-0,0553;0,9578;;False
1473,82;17.22;pa010​;20250411_094227;1;FO1;0,3919;1,4820;7,6027;0,2775;0,0289;-0,0548;0,9587;;False
1473,84;17.23;pa010​;20250411_094227;1;FO1;0,3979;1,4812;7,6189;0,2784;0,0291;-0,0572;0,9583;;False
1473,86;17.25;pa010​;20250411_094227;1;FO1;0,4030;1,4812;7,6348;0,2848;0,0329;-0,0626;0,9560;;False
1473,87;17.27;pa010​;20250411_094227;1;FO1;0,4075;1,4813;7,6510;0,2910;0,0359;-0,0651;0,9538;;False
1473,89;17.28;pa010​;20250411_094227;1;FO1;0,4114;1,4815;7,6672;0,2974;0,0374;-0,0638;0,9519;;False
1473,91;17.3;pa010​;20250411_094227;1;FO1;0,4186;1,4832;7,6993;0,3079;0,0363;-0,0583;0,9490;;False
1473,93;17.32;pa010​;20250411_094227;1;FO1;0,4205;1,4860;7,7153;0,3144;0,0312;-0,0518;0,9474;;False
1473,95;17.34;pa010​;20250411_094227;1;FO1;0,4253;1,4894;7,7466;0,3219;0,0255;-0,0456;0,9453;;False
1473,97;17.36;pa010​;20250411_094227;1;FO1;0,4275;1,4910;7,7617;0,3230;0,0202;-0,0427;0,9452;;False
1473,98;17.37;pa010​;20250411_094227;1;FO1;0,4296;1,4926;7,7771;0,3234;0,0145;-0,0407;0,9453;;False
1474,00;17.39;pa010​;20250411_094227;1;FO1;0,4319;1,4936;7,7921;0,3234;0,0083;-0,0402;0,9454;;False
1474,02;17.41;pa010​;20250411_094227;1;FO1;0,4341;1,4942;7,8069;0,3236;0,0024;-0,0403;0,9453;;False
1474,03;17.42;pa010​;20250411_094227;1;FO1;0,4383;1,4953;7,8365;0,3254;-0,0080;-0,0393;0,9447;;False
1474,05;17.44;pa010​;20250411_094227;1;FO1;0,4405;1,4951;7,8511;0,3278;-0,0121;-0,0398;0,9438;;False
1474,06;17.45;pa010​;20250411_094227;1;FO1;0,4430;1,4947;7,8659;0,3293;-0,0164;-0,0391;0,9433;;False
1474,08;17.47;pa010​;20250411_094227;1;FO1;0,4451;1,4938;7,8807;0,3298;-0,0201;-0,0373;0,9431;;False
1474,09;17.48;pa010​;20250411_094227;1;FO1;0,4467;1,4931;7,8957;0,3296;-0,0233;-0,0346;0,9432;;False
1474,11;17.5;pa010​;20250411_094227;1;FO1;0,4485;1,4921;7,9110;0,3281;-0,0274;-0,0319;0,9437;;False
1474,12;17.51;pa010​;20250411_094227;1;FO1;0,4496;1,4907;7,9260;0,3265;-0,0307;-0,0286;0,9443;;False
1474,14;17.53;pa010​;20250411_094227;1;FO1;0,4507;1,4886;7,9407;0,3254;-0,0341;-0,0272;0,9446;;False
1474,15;17.54;pa010​;20250411_094227;1;FO1;0,4514;1,4865;7,9551;0,3256;-0,0368;-0,0254;0,9444;;False
1474,16;17.56;pa010​;20250411_094227;1;FO1;0,4521;1,4844;7,9694;0,3266;-0,0400;-0,0250;0,9440;;False
1474,18;17.57;pa010​;20250411_094227;1;FO1;0,4522;1,4827;7,9840;0,3271;-0,0431;-0,0239;0,9437;;False
1474,19;17.58;pa010​;20250411_094227;1;FO1;0,4521;1,4811;7,9987;0,3254;-0,0464;-0,0229;0,9441;;False
1474,21;17.6;pa010​;20250411_094227;1;FO1;0,4515;1,4797;8,0135;0,3235;-0,0483;-0,0217;0,9447;;False
1474,22;17.61;pa010​;20250411_094227;1;FO1;0,4506;1,4786;8,0283;0,3228;-0,0506;-0,0203;0,9449;;False
1474,24;17.63;pa010​;20250411_094227;1;FO1;0,4494;1,4775;8,0434;0,3203;-0,0521;-0,0189;0,9457;;False
1474,25;17.64;pa010​;20250411_094227;1;FO1;0,4480;1,4766;8,0587;0,3169;-0,0536;-0,0165;0,9468;;False
1474,27;17.66;pa010​;20250411_094227;1;FO1;0,4451;1,4750;8,0893;0,3098;-0,0568;-0,0129;0,9490;;False
1474,28;17.67;pa010​;20250411_094227;1;FO1;0,4432;1,4753;8,1055;0,3073;-0,0580;-0,0116;0,9498;;False
1474,30;17.69;pa010​;20250411_094227;1;FO1;0,4407;1,4753;8,1219;0,3030;-0,0587;-0,0113;0,9511;;False
1474,31;17.7;pa010​;20250411_094227;1;FO1;0,4381;1,4764;8,1390;0,3013;-0,0619;-0,0094;0,9515;;False
1474,33;17.72;pa010​;20250411_094227;1;FO1;0,4352;1,4756;8,1553;0,2936;-0,0677;-0,0068;0,9535;;False
1474,34;17.73;pa010​;20250411_094227;1;FO1;0,4332;1,4730;8,1695;0,2872;-0,0764;0,0003;0,9548;;False
1474,36;17.75;pa010​;20250411_094227;1;FO1;0,4315;1,4709;8,1828;0,2865;-0,0883;0,0067;0,9540;;False
1474,37;17.76;pa010​;20250411_094227;1;FO1;0,4306;1,4701;8,1946;0,2927;-0,0968;0,0064;0,9513;;False
