Timestamp;ElapsedTime;ID_Subject;ID_Session;sessionNumber;ID_Test;HeadPosition_X;HeadPosition_Y;HeadPosition_Z;HeadRotation_X;HeadRotation_Y;HeadRotation_Z;HeadRotation_W;Events;FalseStart
971,13;0.0;pa025​;20250610_165733;1;TUG2;-0,0047;1,1715;-0,0959;0,0216;-0,0061;0,0084;-0,9997;;False
971,16;0.03;pa025​;20250610_165733;1;TUG2;-0,0048;1,1716;-0,0960;0,0215;-0,0060;0,0084;-0,9997;;False
971,22;0.08;pa025​;20250610_165733;1;TUG2;-0,0051;1,1716;-0,0962;0,0212;-0,0058;0,0080;-0,9997;;False
971,24;0.11;pa025​;20250610_165733;1;TUG2;-0,0053;1,1716;-0,0961;0,0211;-0,0057;0,0077;-0,9997;;False
971,26;0.12;pa025​;20250610_165733;1;TUG2;-0,0053;1,1716;-0,0961;0,0210;-0,0056;0,0076;-0,9997;;False
971,27;0.14;pa025​;20250610_165733;1;TUG2;-0,0054;1,1716;-0,0962;0,0210;-0,0057;0,0075;-0,9997;;False
971,28;0.15;pa025​;20250610_165733;1;TUG2;-0,0055;1,1716;-0,0962;0,0210;-0,0057;0,0074;-0,9997;;False
971,30;0.17;pa025​;20250610_165733;1;TUG2;-0,0056;1,1717;-0,0962;0,0210;-0,0057;0,0073;-0,9997;;False
971,31;0.18;pa025​;20250610_165733;1;TUG2;-0,0057;1,1716;-0,0962;0,0210;-0,0058;0,0071;-0,9997;;False
971,33;0.19;pa025​;20250610_165733;1;TUG2;-0,0057;1,1716;-0,0962;0,0210;-0,0059;0,0070;-0,9997;;False
971,34;0.21;pa025​;20250610_165733;1;TUG2;-0,0058;1,1716;-0,0962;0,0209;-0,0059;0,0068;-0,9997;;False
971,35;0.22;pa025​;20250610_165733;1;TUG2;-0,0059;1,1716;-0,0962;0,0209;-0,0059;0,0067;-0,9997;;False
971,37;0.23;pa025​;20250610_165733;1;TUG2;-0,0061;1,1716;-0,0963;0,0210;-0,0059;0,0065;-0,9997;;False
971,38;0.25;pa025​;20250610_165733;1;TUG2;-0,0062;1,1717;-0,0963;0,0210;-0,0059;0,0064;-0,9997;;False
971,39;0.26;pa025​;20250610_165733;1;TUG2;-0,0062;1,1718;-0,0962;0,0210;-0,0060;0,0062;-0,9997;;False
971,41;0.28;pa025​;20250610_165733;1;TUG2;-0,0062;1,1718;-0,0962;0,0210;-0,0060;0,0061;-0,9997;;False
971,42;0.29;pa025​;20250610_165733;1;TUG2;-0,0063;1,1719;-0,0962;0,0209;-0,0059;0,0059;-0,9997;;False
971,44;0.3;pa025​;20250610_165733;1;TUG2;-0,0065;1,1718;-0,0962;0,0208;-0,0058;0,0058;-0,9998;;False
971,45;0.32;pa025​;20250610_165733;1;TUG2;-0,0066;1,1718;-0,0962;0,0207;-0,0058;0,0058;-0,9998;;False
971,46;0.33;pa025​;20250610_165733;1;TUG2;-0,0068;1,1718;-0,0963;0,0205;-0,0057;0,0055;-0,9998;;False
971,48;0.35;pa025​;20250610_165733;1;TUG2;-0,0069;1,1718;-0,0963;0,0203;-0,0055;0,0054;-0,9998;;False
971,49;0.36;pa025​;20250610_165733;1;TUG2;-0,0071;1,1718;-0,0963;0,0201;-0,0055;0,0053;-0,9998;;False
971,51;0.37;pa025​;20250610_165733;1;TUG2;-0,0071;1,1717;-0,0963;0,0201;-0,0055;0,0050;-0,9998;;False
971,52;0.39;pa025​;20250610_165733;1;TUG2;-0,0072;1,1716;-0,0963;0,0199;-0,0054;0,0047;-0,9998;;False
971,54;0.4;pa025​;20250610_165733;1;TUG2;-0,0072;1,1715;-0,0962;0,0198;-0,0053;0,0044;-0,9998;;False
971,55;0.42;pa025​;20250610_165733;1;TUG2;-0,0073;1,1715;-0,0962;0,0199;-0,0052;0,0042;-0,9998;;False
971,56;0.43;pa025​;20250610_165733;1;TUG2;-0,0074;1,1715;-0,0962;0,0199;-0,0051;0,0042;-0,9998;;False
971,58;0.44;pa025​;20250610_165733;1;TUG2;-0,0075;1,1715;-0,0962;0,0198;-0,0052;0,0043;-0,9998;;False
971,59;0.46;pa025​;20250610_165733;1;TUG2;-0,0076;1,1715;-0,0962;0,0196;-0,0052;0,0044;-0,9998;;False
971,60;0.47;pa025​;20250610_165733;1;TUG2;-0,0077;1,1714;-0,0962;0,0192;-0,0053;0,0043;-0,9998;;False
971,62;0.48;pa025​;20250610_165733;1;TUG2;-0,0077;1,1714;-0,0962;0,0190;-0,0053;0,0043;-0,9998;;False
971,63;0.5;pa025​;20250610_165733;1;TUG2;-0,0078;1,1713;-0,0962;0,0188;-0,0053;0,0040;-0,9998;;False
971,65;0.51;pa025​;20250610_165733;1;TUG2;-0,0078;1,1713;-0,0961;0,0188;-0,0054;0,0040;-0,9998;;False
971,66;0.53;pa025​;20250610_165733;1;TUG2;-0,0079;1,1713;-0,0961;0,0187;-0,0053;0,0039;-0,9998;;False
971,67;0.54;pa025​;20250610_165733;1;TUG2;-0,0079;1,1714;-0,0960;0,0188;-0,0052;0,0037;-0,9998;;False
971,69;0.55;pa025​;20250610_165733;1;TUG2;-0,0081;1,1714;-0,0960;0,0191;-0,0050;0,0036;-0,9998;;False
971,70;0.57;pa025​;20250610_165733;1;TUG2;-0,0082;1,1715;-0,0960;0,0194;-0,0048;0,0035;-0,9998;;False
971,71;0.58;pa025​;20250610_165733;1;TUG2;-0,0083;1,1715;-0,0959;0,0197;-0,0044;0,0031;-0,9998;;False
971,73;0.6;pa025​;20250610_165733;1;TUG2;-0,0084;1,1715;-0,0958;0,0200;-0,0040;0,0031;-0,9998;;False
971,74;0.61;pa025​;20250610_165733;1;TUG2;-0,0084;1,1715;-0,0957;0,0201;-0,0037;0,0030;-0,9998;;False
971,76;0.62;pa025​;20250610_165733;1;TUG2;-0,0085;1,1714;-0,0956;0,0203;-0,0033;0,0028;-0,9998;;False
971,77;0.64;pa025​;20250610_165733;1;TUG2;-0,0085;1,1713;-0,0953;0,0202;-0,0030;0,0027;-0,9998;;False
971,78;0.65;pa025​;20250610_165733;1;TUG2;-0,0085;1,1713;-0,0951;0,0199;-0,0027;0,0026;-0,9998;;False
971,80;0.67;pa025​;20250610_165733;1;TUG2;-0,0086;1,1712;-0,0949;0,0195;-0,0024;0,0026;-0,9998;;False
971,82;0.68;pa025​;20250610_165733;1;TUG2;-0,0087;1,1711;-0,0946;0,0188;-0,0024;0,0027;-0,9998;;False
971,84;0.71;pa025​;20250610_165733;1;TUG2;-0,0087;1,1708;-0,0938;0,0172;-0,0019;0,0026;-0,9998;;False
971,85;0.72;pa025​;20250610_165733;1;TUG2;-0,0088;1,1706;-0,0935;0,0161;-0,0018;0,0026;-0,9999;;False
971,87;0.73;pa025​;20250610_165733;1;TUG2;-0,0089;1,1704;-0,0931;0,0149;-0,0015;0,0026;-0,9999;;False
971,88;0.75;pa025​;20250610_165733;1;TUG2;-0,0091;1,1701;-0,0927;0,0137;-0,0012;0,0025;-0,9999;;False
971,89;0.76;pa025​;20250610_165733;1;TUG2;-0,0092;1,1699;-0,0922;0,0126;-0,0009;0,0024;-0,9999;;False
971,91;0.78;pa025​;20250610_165733;1;TUG2;-0,0093;1,1697;-0,0917;0,0113;-0,0006;0,0022;-0,9999;;False
971,92;0.79;pa025​;20250610_165733;1;TUG2;-0,0094;1,1695;-0,0912;0,0101;-0,0001;0,0022;-0,9999;;False
971,94;0.8;pa025​;20250610_165733;1;TUG2;-0,0095;1,1692;-0,0906;0,0089;0,0002;0,0023;-1,0000;;False
971,95;0.82;pa025​;20250610_165733;1;TUG2;-0,0096;1,1690;-0,0899;0,0072;0,0006;0,0021;-1,0000;;False
971,96;0.83;pa025​;20250610_165733;1;TUG2;-0,0097;1,1687;-0,0892;0,0055;0,0012;0,0019;-1,0000;;False
971,98;0.85;pa025​;20250610_165733;1;TUG2;-0,0098;1,1683;-0,0884;0,0035;0,0018;0,0013;-1,0000;;False
972,00;0.86;pa025​;20250610_165733;1;TUG2;-0,0100;1,1679;-0,0872;0,0008;0,0024;0,0008;-1,0000;;False
972,02;0.89;pa025​;20250610_165733;1;TUG2;-0,0104;1,1668;-0,0848;-0,0054;0,0029;-0,0002;-1,0000;;False
972,03;0.9;pa025​;20250610_165733;1;TUG2;-0,0106;1,1662;-0,0834;-0,0095;0,0032;-0,0010;-0,9999;;False
972,05;0.91;pa025​;20250610_165733;1;TUG2;-0,0108;1,1655;-0,0817;-0,0139;0,0032;-0,0015;-0,9999;;False
972,06;0.93;pa025​;20250610_165733;1;TUG2;-0,0111;1,1647;-0,0799;-0,0185;0,0035;-0,0018;-0,9998;;False
972,08;0.94;pa025​;20250610_165733;1;TUG2;-0,0115;1,1638;-0,0778;-0,0232;0,0035;-0,0021;-0,9997;;False
972,09;0.96;pa025​;20250610_165733;1;TUG2;-0,0119;1,1630;-0,0755;-0,0282;0,0036;-0,0026;-0,9996;;False
972,10;0.97;pa025​;20250610_165733;1;TUG2;-0,0125;1,1621;-0,0730;-0,0332;0,0041;-0,0030;-0,9994;;False
972,12;0.98;pa025​;20250610_165733;1;TUG2;-0,0131;1,1611;-0,0702;-0,0380;0,0047;-0,0032;-0,9993;;False
972,13;1.0;pa025​;20250610_165733;1;TUG2;-0,0139;1,1601;-0,0672;-0,0430;0,0052;-0,0039;-0,9991;;False
972,14;1.01;pa025​;20250610_165733;1;TUG2;-0,0146;1,1591;-0,0639;-0,0480;0,0062;-0,0043;-0,9988;;False
972,16;1.03;pa025​;20250610_165733;1;TUG2;-0,0155;1,1582;-0,0604;-0,0525;0,0067;-0,0046;-0,9986;;False
972,17;1.04;pa025​;20250610_165733;1;TUG2;-0,0162;1,1573;-0,0565;-0,0571;0,0081;-0,0055;-0,9983;;False
972,19;1.05;pa025​;20250610_165733;1;TUG2;-0,0172;1,1564;-0,0524;-0,0620;0,0091;-0,0067;-0,9980;;False
972,20;1.07;pa025​;20250610_165733;1;TUG2;-0,0181;1,1552;-0,0480;-0,0662;0,0106;-0,0075;-0,9977;;False
972,21;1.08;pa025​;20250610_165733;1;TUG2;-0,0192;1,1542;-0,0434;-0,0711;0,0119;-0,0089;-0,9974;;False
972,23;1.1;pa025​;20250610_165733;1;TUG2;-0,0204;1,1530;-0,0386;-0,0758;0,0133;-0,0105;-0,9970;;False
972,24;1.11;pa025​;20250610_165733;1;TUG2;-0,0215;1,1517;-0,0335;-0,0808;0,0150;-0,0117;-0,9965;;False
972,26;1.12;pa025​;20250610_165733;1;TUG2;-0,0228;1,1504;-0,0282;-0,0854;0,0165;-0,0127;-0,9961;;False
972,27;1.14;pa025​;20250610_165733;1;TUG2;-0,0239;1,1492;-0,0228;-0,0898;0,0182;-0,0143;-0,9957;;False
972,28;1.15;pa025​;20250610_165733;1;TUG2;-0,0251;1,1481;-0,0171;-0,0942;0,0200;-0,0158;-0,9952;;False
972,30;1.16;pa025​;20250610_165733;1;TUG2;-0,0264;1,1470;-0,0113;-0,0981;0,0216;-0,0172;-0,9948;;False
972,31;1.18;pa025​;20250610_165733;1;TUG2;-0,0277;1,1459;-0,0053;-0,1016;0,0232;-0,0184;-0,9944;;False
972,33;1.19;pa025​;20250610_165733;1;TUG2;-0,0290;1,1447;0,0009;-0,1051;0,0251;-0,0197;-0,9940;;False
972,34;1.21;pa025​;20250610_165733;1;TUG2;-0,0304;1,1435;0,0072;-0,1089;0,0262;-0,0205;-0,9935;;False
972,35;1.22;pa025​;20250610_165733;1;TUG2;-0,0317;1,1423;0,0137;-0,1124;0,0274;-0,0209;-0,9931;;False
972,37;1.23;pa025​;20250610_165733;1;TUG2;-0,0330;1,1412;0,0206;-0,1155;0,0287;-0,0211;-0,9927;;False
972,38;1.25;pa025​;20250610_165733;1;TUG2;-0,0344;1,1400;0,0277;-0,1178;0,0299;-0,0215;-0,9924;;False
972,39;1.26;pa025​;20250610_165733;1;TUG2;-0,0356;1,1386;0,0351;-0,1201;0,0312;-0,0219;-0,9920;;False
972,41;1.28;pa025​;20250610_165733;1;TUG2;-0,0371;1,1373;0,0426;-0,1225;0,0321;-0,0229;-0,9917;;False
972,42;1.29;pa025​;20250610_165733;1;TUG2;-0,0384;1,1359;0,0504;-0,1243;0,0336;-0,0237;-0,9914;;False
972,44;1.3;pa025​;20250610_165733;1;TUG2;-0,0399;1,1344;0,0584;-0,1257;0,0356;-0,0253;-0,9911;;False
972,45;1.32;pa025​;20250610_165733;1;TUG2;-0,0415;1,1331;0,0666;-0,1267;0,0375;-0,0267;-0,9909;;False
972,47;1.33;pa025​;20250610_165733;1;TUG2;-0,0431;1,1317;0,0751;-0,1271;0,0397;-0,0278;-0,9907;;False
972,48;1.35;pa025​;20250610_165733;1;TUG2;-0,0447;1,1302;0,0838;-0,1279;0,0418;-0,0289;-0,9905;;False
972,49;1.36;pa025​;20250610_165733;1;TUG2;-0,0462;1,1287;0,0928;-0,1285;0,0441;-0,0294;-0,9903;;False
972,51;1.37;pa025​;20250610_165733;1;TUG2;-0,0477;1,1270;0,1017;-0,1284;0,0463;-0,0297;-0,9902;;False
972,52;1.39;pa025​;20250610_165733;1;TUG2;-0,0492;1,1255;0,1110;-0,1286;0,0484;-0,0299;-0,9901;;False
972,54;1.4;pa025​;20250610_165733;1;TUG2;-0,0507;1,1237;0,1203;-0,1280;0,0507;-0,0303;-0,9900;;False
972,55;1.42;pa025​;20250610_165733;1;TUG2;-0,0522;1,1219;0,1300;-0,1274;0,0527;-0,0304;-0,9900;;False
972,56;1.43;pa025​;20250610_165733;1;TUG2;-0,0536;1,1201;0,1398;-0,1266;0,0550;-0,0298;-0,9900;;False
972,58;1.44;pa025​;20250610_165733;1;TUG2;-0,0550;1,1180;0,1499;-0,1245;0,0571;-0,0298;-0,9901;;False
972,59;1.46;pa025​;20250610_165733;1;TUG2;-0,0563;1,1158;0,1603;-0,1231;0,0591;-0,0296;-0,9902;;False
972,60;1.47;pa025​;20250610_165733;1;TUG2;-0,0576;1,1136;0,1712;-0,1214;0,0604;-0,0295;-0,9903;;False
972,62;1.49;pa025​;20250610_165733;1;TUG2;-0,0589;1,1109;0,1821;-0,1191;0,0620;-0,0293;-0,9905;;False
972,63;1.5;pa025​;20250610_165733;1;TUG2;-0,0601;1,1082;0,1933;-0,1180;0,0633;-0,0295;-0,9906;;False
972,64;1.51;pa025​;20250610_165733;1;TUG2;-0,0612;1,1053;0,2047;-0,1163;0,0648;-0,0294;-0,9907;;False
972,66;1.53;pa025​;20250610_165733;1;TUG2;-0,0624;1,1022;0,2163;-0,1153;0,0661;-0,0293;-0,9907;;False
972,67;1.54;pa025​;20250610_165733;1;TUG2;-0,0636;1,0990;0,2280;-0,1148;0,0678;-0,0296;-0,9906;;False
972,69;1.55;pa025​;20250610_165733;1;TUG2;-0,0648;1,0956;0,2399;-0,1136;0,0690;-0,0293;-0,9907;;False
972,70;1.57;pa025​;20250610_165733;1;TUG2;-0,0659;1,0922;0,2520;-0,1123;0,0693;-0,0284;-0,9908;;False
972,71;1.58;pa025​;20250610_165733;1;TUG2;-0,0671;1,0889;0,2639;-0,1106;0,0691;-0,0275;-0,9911;;False
972,73;1.59;pa025​;20250610_165733;1;TUG2;-0,0683;1,0853;0,2758;-0,1083;0,0697;-0,0283;-0,9913;;False
972,74;1.61;pa025​;20250610_165733;1;TUG2;-0,0695;1,0816;0,2875;-0,1054;0,0721;-0,0309;-0,9913;;False
972,76;1.62;pa025​;20250610_165733;1;TUG2;-0,0707;1,0781;0,2993;-0,1012;0,0737;-0,0325;-0,9916;;False
972,77;1.64;pa025​;20250610_165733;1;TUG2;-0,0718;1,0746;0,3113;-0,0965;0,0744;-0,0327;-0,9920;;False
972,78;1.65;pa025​;20250610_165733;1;TUG2;-0,0727;1,0711;0,3232;-0,0911;0,0745;-0,0326;-0,9925;;False
972,80;1.67;pa025​;20250610_165733;1;TUG2;-0,0736;1,0678;0,3351;-0,0862;0,0749;-0,0338;-0,9929;;False
972,81;1.68;pa025​;20250610_165733;1;TUG2;-0,0744;1,0642;0,3469;-0,0811;0,0765;-0,0360;-0,9931;;False
972,83;1.69;pa025​;20250610_165733;1;TUG2;-0,0754;1,0611;0,3590;-0,0766;0,0786;-0,0384;-0,9932;;False
972,84;1.71;pa025​;20250610_165733;1;TUG2;-0,0762;1,0580;0,3713;-0,0705;0,0813;-0,0402;-0,9934;;False
972,85;1.72;pa025​;20250610_165733;1;TUG2;-0,0768;1,0553;0,3837;-0,0639;0,0825;-0,0411;-0,9937;;False
972,87;1.73;pa025​;20250610_165733;1;TUG2;-0,0769;1,0520;0,3957;-0,0575;0,0833;-0,0416;-0,9940;;False
972,88;1.75;pa025​;20250610_165733;1;TUG2;-0,0767;1,0487;0,4076;-0,0533;0,0834;-0,0432;-0,9942;;False
972,90;1.76;pa025​;20250610_165733;1;TUG2;-0,0763;1,0455;0,4196;-0,0516;0,0843;-0,0440;-0,9941;;False
972,91;1.78;pa025​;20250610_165733;1;TUG2;-0,0759;1,0419;0,4311;-0,0507;0,0854;-0,0434;-0,9941;;False
972,92;1.79;pa025​;20250610_165733;1;TUG2;-0,0752;1,0381;0,4423;-0,0523;0,0857;-0,0415;-0,9941;;False
972,94;1.8;pa025​;20250610_165733;1;TUG2;-0,0745;1,0342;0,4533;-0,0582;0,0856;-0,0374;-0,9939;;False
972,95;1.82;pa025​;20250610_165733;1;TUG2;-0,0740;1,0304;0,4640;-0,0653;0,0847;-0,0329;-0,9937;;False
972,96;1.83;pa025​;20250610_165733;1;TUG2;-0,0736;1,0267;0,4741;-0,0751;0,0836;-0,0285;-0,9933;;False
972,98;1.85;pa025​;20250610_165733;1;TUG2;-0,0734;1,0232;0,4839;-0,0864;0,0835;-0,0247;-0,9924;;False
972,99;1.86;pa025​;20250610_165733;1;TUG2;-0,0735;1,0202;0,4929;-0,0985;0,0832;-0,0215;-0,9914;;False
973,01;1.87;pa025​;20250610_165733;1;TUG2;-0,0736;1,0178;0,5013;-0,1115;0,0839;-0,0194;-0,9900;;False
973,02;1.89;pa025​;20250610_165733;1;TUG2;-0,0740;1,0161;0,5090;-0,1235;0,0847;-0,0182;-0,9886;;False
973,03;1.9;pa025​;20250610_165733;1;TUG2;-0,0745;1,0152;0,5159;-0,1345;0,0850;-0,0184;-0,9871;;False
973,05;1.92;pa025​;20250610_165733;1;TUG2;-0,0751;1,0155;0,5224;-0,1446;0,0856;-0,0196;-0,9856;;False
973,06;1.93;pa025​;20250610_165733;1;TUG2;-0,0755;1,0169;0,5282;-0,1514;0,0864;-0,0211;-0,9845;;False
973,08;1.94;pa025​;20250610_165733;1;TUG2;-0,0761;1,0196;0,5336;-0,1564;0,0869;-0,0232;-0,9836;;False
973,09;1.96;pa025​;20250610_165733;1;TUG2;-0,0767;1,0229;0,5384;-0,1586;0,0867;-0,0246;-0,9832;;False
973,10;1.97;pa025​;20250610_165733;1;TUG2;-0,0772;1,0270;0,5428;-0,1609;0,0865;-0,0256;-0,9828;;False
973,12;1.98;pa025​;20250610_165733;1;TUG2;-0,0777;1,0317;0,5468;-0,1631;0,0855;-0,0271;-0,9825;;False
973,13;2.0;pa025​;20250610_165733;1;TUG2;-0,0782;1,0370;0,5506;-0,1656;0,0840;-0,0279;-0,9822;;False
973,14;2.01;pa025​;20250610_165733;1;TUG2;-0,0790;1,0427;0,5538;-0,1671;0,0832;-0,0290;-0,9820;;False
973,16;2.03;pa025​;20250610_165733;1;TUG2;-0,0799;1,0489;0,5568;-0,1679;0,0842;-0,0298;-0,9817;;False
973,17;2.04;pa025​;20250610_165733;1;TUG2;-0,0808;1,0558;0,5596;-0,1682;0,0856;-0,0303;-0,9816;;False
973,19;2.05;pa025​;20250610_165733;1;TUG2;-0,0817;1,0632;0,5621;-0,1677;0,0875;-0,0309;-0,9815;;False
973,20;2.07;pa025​;20250610_165733;1;TUG2;-0,0825;1,0711;0,5644;-0,1670;0,0887;-0,0316;-0,9814;;False
973,21;2.08;pa025​;20250610_165733;1;TUG2;-0,0832;1,0795;0,5666;-0,1660;0,0897;-0,0326;-0,9815;;False
973,23;2.1;pa025​;20250610_165733;1;TUG2;-0,0839;1,0885;0,5685;-0,1643;0,0913;-0,0335;-0,9816;;False
973,24;2.11;pa025​;20250610_165733;1;TUG2;-0,0845;1,0982;0,5702;-0,1626;0,0929;-0,0338;-0,9817;;False
973,26;2.12;pa025​;20250610_165733;1;TUG2;-0,0849;1,1085;0,5716;-0,1606;0,0937;-0,0326;-0,9820;;False
973,27;2.14;pa025​;20250610_165733;1;TUG2;-0,0852;1,1192;0,5730;-0,1580;0,0940;-0,0318;-0,9824;;False
973,28;2.15;pa025​;20250610_165733;1;TUG2;-0,0854;1,1305;0,5740;-0,1549;0,0939;-0,0313;-0,9829;;False
973,30;2.16;pa025​;20250610_165733;1;TUG2;-0,0855;1,1423;0,5748;-0,1521;0,0939;-0,0309;-0,9834;;False
973,31;2.18;pa025​;20250610_165733;1;TUG2;-0,0856;1,1546;0,5752;-0,1488;0,0935;-0,0305;-0,9840;;False
973,33;2.19;pa025​;20250610_165733;1;TUG2;-0,0855;1,1675;0,5753;-0,1458;0,0930;-0,0303;-0,9845;;False
973,34;2.21;pa025​;20250610_165733;1;TUG2;-0,0853;1,1806;0,5750;-0,1422;0,0921;-0,0307;-0,9851;;False
973,35;2.22;pa025​;20250610_165733;1;TUG2;-0,0850;1,1942;0,5744;-0,1391;0,0906;-0,0304;-0,9857;;False
973,37;2.24;pa025​;20250610_165733;1;TUG2;-0,0847;1,2080;0,5736;-0,1354;0,0885;-0,0304;-0,9864;;False
973,38;2.25;pa025​;20250610_165733;1;TUG2;-0,0845;1,2219;0,5723;-0,1317;0,0865;-0,0302;-0,9870;;False
973,39;2.26;pa025​;20250610_165733;1;TUG2;-0,0845;1,2360;0,5707;-0,1284;0,0850;-0,0302;-0,9876;;False
973,41;2.28;pa025​;20250610_165733;1;TUG2;-0,0848;1,2502;0,5687;-0,1244;0,0840;-0,0301;-0,9882;;False
973,42;2.29;pa025​;20250610_165733;1;TUG2;-0,0853;1,2644;0,5664;-0,1207;0,0837;-0,0295;-0,9887;;False
973,44;2.3;pa025​;20250610_165733;1;TUG2;-0,0859;1,2786;0,5640;-0,1173;0,0848;-0,0291;-0,9890;;False
973,45;2.32;pa025​;20250610_165733;1;TUG2;-0,0868;1,2926;0,5613;-0,1143;0,0865;-0,0293;-0,9892;;False
973,46;2.33;pa025​;20250610_165733;1;TUG2;-0,0878;1,3065;0,5582;-0,1114;0,0888;-0,0300;-0,9893;;False
973,48;2.35;pa025​;20250610_165733;1;TUG2;-0,0886;1,3201;0,5546;-0,1065;0,0895;-0,0298;-0,9898;;False
973,49;2.36;pa025​;20250610_165733;1;TUG2;-0,0894;1,3334;0,5511;-0,1008;0,0892;-0,0306;-0,9904;;False
973,51;2.37;pa025​;20250610_165733;1;TUG2;-0,0901;1,3461;0,5474;-0,0942;0,0886;-0,0332;-0,9911;;False
973,52;2.39;pa025​;20250610_165733;1;TUG2;-0,0912;1,3584;0,5439;-0,0867;0,0886;-0,0349;-0,9917;;False
973,53;2.4;pa025​;20250610_165733;1;TUG2;-0,0922;1,3710;0,5403;-0,0812;0,0898;-0,0357;-0,9920;;False
973,55;2.41;pa025​;20250610_165733;1;TUG2;-0,0934;1,3827;0,5363;-0,0751;0,0908;-0,0361;-0,9924;;False
973,56;2.43;pa025​;20250610_165733;1;TUG2;-0,0949;1,3942;0,5323;-0,0710;0,0913;-0,0356;-0,9927;;False
973,58;2.44;pa025​;20250610_165733;1;TUG2;-0,0965;1,4053;0,5282;-0,0665;0,0918;-0,0346;-0,9930;;False
973,59;2.46;pa025​;20250610_165733;1;TUG2;-0,0983;1,4162;0,5242;-0,0636;0,0919;-0,0338;-0,9932;;False
973,60;2.47;pa025​;20250610_165733;1;TUG2;-0,1002;1,4268;0,5201;-0,0627;0,0927;-0,0333;-0,9932;;False
973,62;2.48;pa025​;20250610_165733;1;TUG2;-0,1022;1,4368;0,5156;-0,0641;0,0931;-0,0335;-0,9930;;False
973,63;2.5;pa025​;20250610_165733;1;TUG2;-0,1042;1,4462;0,5110;-0,0684;0,0933;-0,0340;-0,9927;;False
973,65;2.51;pa025​;20250610_165733;1;TUG2;-0,1063;1,4550;0,5064;-0,0749;0,0928;-0,0354;-0,9922;;False
973,66;2.53;pa025​;20250610_165733;1;TUG2;-0,1082;1,4634;0,5019;-0,0816;0,0918;-0,0369;-0,9917;;False
973,67;2.54;pa025​;20250610_165733;1;TUG2;-0,1101;1,4712;0,4975;-0,0873;0,0908;-0,0379;-0,9913;;False
973,69;2.55;pa025​;20250610_165733;1;TUG2;-0,1122;1,4787;0,4935;-0,0920;0,0896;-0,0381;-0,9910;;False
973,70;2.57;pa025​;20250610_165733;1;TUG2;-0,1144;1,4856;0,4893;-0,0946;0,0889;-0,0377;-0,9908;;False
973,72;2.58;pa025​;20250610_165733;1;TUG2;-0,1162;1,4915;0,4853;-0,0978;0,0893;-0,0378;-0,9905;;False
973,73;2.6;pa025​;20250610_165733;1;TUG2;-0,1181;1,4965;0,4813;-0,1012;0,0893;-0,0376;-0,9901;;False
973,74;2.61;pa025​;20250610_165733;1;TUG2;-0,1199;1,5009;0,4775;-0,1054;0,0895;-0,0367;-0,9897;;False
973,76;2.62;pa025​;20250610_165733;1;TUG2;-0,1216;1,5049;0,4740;-0,1105;0,0896;-0,0352;-0,9892;;False
973,77;2.64;pa025​;20250610_165733;1;TUG2;-0,1233;1,5086;0,4709;-0,1153;0,0901;-0,0327;-0,9887;;False
973,78;2.65;pa025​;20250610_165733;1;TUG2;-0,1251;1,5118;0,4681;-0,1204;0,0909;-0,0306;-0,9881;;False
973,80;2.67;pa025​;20250610_165733;1;TUG2;-0,1269;1,5143;0,4657;-0,1260;0,0910;-0,0276;-0,9875;;False
973,81;2.68;pa025​;20250610_165733;1;TUG2;-0,1285;1,5159;0,4636;-0,1316;0,0913;-0,0243;-0,9868;;False
973,83;2.69;pa025​;20250610_165733;1;TUG2;-0,1300;1,5171;0,4620;-0,1375;0,0913;-0,0212;-0,9861;;False
973,84;2.71;pa025​;20250610_165733;1;TUG2;-0,1316;1,5179;0,4609;-0,1424;0,0899;-0,0179;-0,9856;;False
973,85;2.72;pa025​;20250610_165733;1;TUG2;-0,1331;1,5185;0,4605;-0,1453;0,0881;-0,0146;-0,9853;;False
973,87;2.73;pa025​;20250610_165733;1;TUG2;-0,1347;1,5192;0,4606;-0,1474;0,0857;-0,0117;-0,9853;;False
973,88;2.75;pa025​;20250610_165733;1;TUG2;-0,1361;1,5194;0,4612;-0,1491;0,0837;-0,0102;-0,9852;;False
973,90;2.76;pa025​;20250610_165733;1;TUG2;-0,1375;1,5194;0,4623;-0,1509;0,0816;-0,0093;-0,9851;;False
973,91;2.78;pa025​;20250610_165733;1;TUG2;-0,1389;1,5194;0,4638;-0,1527;0,0795;-0,0086;-0,9850;;False
973,92;2.79;pa025​;20250610_165733;1;TUG2;-0,1404;1,5193;0,4659;-0,1539;0,0775;-0,0074;-0,9850;;False
973,94;2.8;pa025​;20250610_165733;1;TUG2;-0,1418;1,5193;0,4688;-0,1547;0,0762;-0,0064;-0,9850;;False
973,95;2.82;pa025​;20250610_165733;1;TUG2;-0,1434;1,5194;0,4723;-0,1542;0,0749;-0,0055;-0,9852;;False
973,97;2.83;pa025​;20250610_165733;1;TUG2;-0,1449;1,5193;0,4765;-0,1531;0,0737;-0,0043;-0,9855;;False
973,98;2.85;pa025​;20250610_165733;1;TUG2;-0,1463;1,5192;0,4812;-0,1521;0,0727;-0,0032;-0,9857;;False
973,99;2.86;pa025​;20250610_165733;1;TUG2;-0,1477;1,5188;0,4863;-0,1504;0,0715;-0,0026;-0,9860;;False
974,01;2.88;pa025​;20250610_165733;1;TUG2;-0,1490;1,5184;0,4920;-0,1490;0,0702;-0,0016;-0,9863;;False
974,02;2.89;pa025​;20250610_165733;1;TUG2;-0,1503;1,5180;0,4983;-0,1475;0,0689;-0,0008;-0,9867;;False
974,03;2.9;pa025​;20250610_165733;1;TUG2;-0,1516;1,5176;0,5051;-0,1448;0,0675;-0,0004;-0,9872;;False
974,05;2.92;pa025​;20250610_165733;1;TUG2;-0,1528;1,5166;0,5121;-0,1428;0,0666;-0,0006;-0,9875;;False
974,06;2.93;pa025​;20250610_165733;1;TUG2;-0,1539;1,5157;0,5195;-0,1419;0,0660;-0,0011;-0,9877;;False
974,08;2.94;pa025​;20250610_165733;1;TUG2;-0,1548;1,5147;0,5273;-0,1403;0,0659;-0,0012;-0,9879;;False
974,09;2.96;pa025​;20250610_165733;1;TUG2;-0,1557;1,5138;0,5355;-0,1376;0,0659;-0,0011;-0,9883;;False
974,11;2.97;pa025​;20250610_165733;1;TUG2;-0,1564;1,5128;0,5439;-0,1338;0,0668;-0,0010;-0,9888;;False
974,12;2.99;pa025​;20250610_165733;1;TUG2;-0,1570;1,5117;0,5524;-0,1305;0,0676;-0,0013;-0,9891;;False
974,13;3.0;pa025​;20250610_165733;1;TUG2;-0,1574;1,5104;0,5611;-0,1283;0,0693;-0,0017;-0,9893;;False
974,15;3.01;pa025​;20250610_165733;1;TUG2;-0,1575;1,5089;0,5698;-0,1270;0,0711;-0,0026;-0,9893;;False
974,16;3.03;pa025​;20250610_165733;1;TUG2;-0,1575;1,5073;0,5786;-0,1273;0,0733;-0,0042;-0,9891;;False
974,17;3.04;pa025​;20250610_165733;1;TUG2;-0,1571;1,5058;0,5878;-0,1290;0,0761;-0,0056;-0,9887;;False
974,19;3.05;pa025​;20250610_165733;1;TUG2;-0,1566;1,5040;0,5968;-0,1305;0,0785;-0,0069;-0,9883;;False
974,20;3.07;pa025​;20250610_165733;1;TUG2;-0,1559;1,5021;0,6056;-0,1333;0,0808;-0,0092;-0,9877;;False
974,22;3.08;pa025​;20250610_165733;1;TUG2;-0,1550;1,5005;0,6147;-0,1374;0,0837;-0,0122;-0,9869;;False
974,23;3.1;pa025​;20250610_165733;1;TUG2;-0,1537;1,5022;0,6250;-0,1471;0,0863;-0,0156;-0,9852;;False
974,24;3.11;pa025​;20250610_165733;1;TUG2;-0,1535;1,5043;0,6361;-0,1394;0,0867;-0,0156;-0,9863;;False
974,26;3.12;pa025​;20250610_165733;1;TUG2;-0,1524;1,5045;0,6462;-0,1402;0,0893;-0,0144;-0,9860;;False
974,27;3.14;pa025​;20250610_165733;1;TUG2;-0,1513;1,5053;0,6561;-0,1452;0,0892;-0,0169;-0,9852;;False
974,29;3.15;pa025​;20250610_165733;1;TUG2;-0,1502;1,5074;0,6661;-0,1503;0,0909;-0,0213;-0,9842;;False
974,30;3.17;pa025​;20250610_165733;1;TUG2;-0,1494;1,5094;0,6764;-0,1535;0,0939;-0,0259;-0,9833;;False
974,31;3.18;pa025​;20250610_165733;1;TUG2;-0,1488;1,5112;0,6863;-0,1561;0,0973;-0,0297;-0,9825;;False
974,33;3.19;pa025​;20250610_165733;1;TUG2;-0,1484;1,5126;0,6961;-0,1586;0,1004;-0,0322;-0,9817;;False
974,34;3.21;pa025​;20250610_165733;1;TUG2;-0,1480;1,5135;0,7056;-0,1598;0,1027;-0,0335;-0,9812;;False
974,35;3.22;pa025​;20250610_165733;1;TUG2;-0,1478;1,5139;0,7149;-0,1609;0,1045;-0,0337;-0,9808;;False
974,37;3.24;pa025​;20250610_165733;1;TUG2;-0,1479;1,5140;0,7242;-0,1623;0,1059;-0,0329;-0,9805;;False
974,38;3.25;pa025​;20250610_165733;1;TUG2;-0,1480;1,5138;0,7332;-0,1640;0,1067;-0,0309;-0,9802;;False
974,40;3.26;pa025​;20250610_165733;1;TUG2;-0,1481;1,5140;0,7425;-0,1666;0,1067;-0,0289;-0,9798;;False
974,41;3.28;pa025​;20250610_165733;1;TUG2;-0,1484;1,5145;0,7519;-0,1689;0,1065;-0,0275;-0,9795;;False
974,42;3.29;pa025​;20250610_165733;1;TUG2;-0,1491;1,5148;0,7614;-0,1700;0,1061;-0,0261;-0,9794;;False
974,44;3.3;pa025​;20250610_165733;1;TUG2;-0,1500;1,5149;0,7707;-0,1716;0,1057;-0,0254;-0,9792;;False
974,45;3.32;pa025​;20250610_165733;1;TUG2;-0,1511;1,5151;0,7801;-0,1729;0,1052;-0,0253;-0,9790;;False
974,47;3.33;pa025​;20250610_165733;1;TUG2;-0,1524;1,5154;0,7896;-0,1739;0,1047;-0,0249;-0,9789;;False
974,48;3.35;pa025​;20250610_165733;1;TUG2;-0,1539;1,5157;0,7990;-0,1741;0,1044;-0,0244;-0,9789;;False
974,49;3.36;pa025​;20250610_165733;1;TUG2;-0,1556;1,5159;0,8084;-0,1741;0,1043;-0,0240;-0,9789;;False
974,51;3.37;pa025​;20250610_165733;1;TUG2;-0,1575;1,5160;0,8179;-0,1742;0,1044;-0,0238;-0,9789;;False
974,52;3.39;pa025​;20250610_165733;1;TUG2;-0,1596;1,5161;0,8276;-0,1738;0,1049;-0,0238;-0,9789;;False
974,53;3.4;pa025​;20250610_165733;1;TUG2;-0,1620;1,5160;0,8372;-0,1733;0,1054;-0,0238;-0,9789;;False
974,55;3.42;pa025​;20250610_165733;1;TUG2;-0,1644;1,5159;0,8467;-0,1727;0,1062;-0,0240;-0,9789;;False
974,56;3.43;pa025​;20250610_165733;1;TUG2;-0,1670;1,5156;0,8562;-0,1721;0,1074;-0,0242;-0,9789;;False
974,58;3.44;pa025​;20250610_165733;1;TUG2;-0,1698;1,5152;0,8658;-0,1712;0,1085;-0,0246;-0,9789;;False
974,59;3.46;pa025​;20250610_165733;1;TUG2;-0,1728;1,5147;0,8757;-0,1704;0,1094;-0,0252;-0,9790;;False
974,60;3.47;pa025​;20250610_165733;1;TUG2;-0,1760;1,5141;0,8855;-0,1691;0,1104;-0,0258;-0,9791;;False
974,62;3.49;pa025​;20250610_165733;1;TUG2;-0,1793;1,5135;0,8955;-0,1674;0,1111;-0,0265;-0,9792;;False
974,63;3.5;pa025​;20250610_165733;1;TUG2;-0,1828;1,5127;0,9055;-0,1655;0,1114;-0,0270;-0,9795;;False
974,65;3.51;pa025​;20250610_165733;1;TUG2;-0,1865;1,5118;0,9156;-0,1632;0,1115;-0,0279;-0,9799;;False
974,66;3.53;pa025​;20250610_165733;1;TUG2;-0,1903;1,5107;0,9258;-0,1612;0,1116;-0,0286;-0,9802;;False
974,67;3.54;pa025​;20250610_165733;1;TUG2;-0,1944;1,5093;0,9359;-0,1588;0,1115;-0,0295;-0,9806;;False
974,69;3.56;pa025​;20250610_165733;1;TUG2;-0,1988;1,5078;0,9460;-0,1568;0,1115;-0,0299;-0,9809;;False
974,70;3.57;pa025​;20250610_165733;1;TUG2;-0,2033;1,5059;0,9559;-0,1551;0,1115;-0,0303;-0,9811;;False
974,72;3.58;pa025​;20250610_165733;1;TUG2;-0,2081;1,5041;0,9659;-0,1547;0,1116;-0,0311;-0,9811;;False
974,73;3.6;pa025​;20250610_165733;1;TUG2;-0,2132;1,5025;0,9760;-0,1543;0,1117;-0,0317;-0,9812;;False
974,74;3.61;pa025​;20250610_165733;1;TUG2;-0,2187;1,5009;0,9861;-0,1534;0,1118;-0,0320;-0,9813;;False
974,76;3.62;pa025​;20250610_165733;1;TUG2;-0,2245;1,4992;0,9960;-0,1531;0,1121;-0,0325;-0,9813;;False
974,77;3.64;pa025​;20250610_165733;1;TUG2;-0,2306;1,4977;1,0059;-0,1533;0,1126;-0,0328;-0,9812;;False
974,79;3.65;pa025​;20250610_165733;1;TUG2;-0,2370;1,4965;1,0160;-0,1533;0,1135;-0,0334;-0,9811;;False
974,80;3.67;pa025​;20250610_165733;1;TUG2;-0,2436;1,4955;1,0261;-0,1526;0,1147;-0,0343;-0,9810;;False
974,81;3.68;pa025​;20250610_165733;1;TUG2;-0,2506;1,4945;1,0362;-0,1519;0,1158;-0,0344;-0,9810;;False
974,83;3.7;pa025​;20250610_165733;1;TUG2;-0,2578;1,4936;1,0462;-0,1519;0,1164;-0,0337;-0,9809;;False
974,84;3.71;pa025​;20250610_165733;1;TUG2;-0,2651;1,4927;1,0560;-0,1532;0,1167;-0,0329;-0,9807;;False
974,85;3.72;pa025​;20250610_165733;1;TUG2;-0,2724;1,4937;1,0663;-0,1588;0,1171;-0,0326;-0,9798;;False
974,87;3.74;pa025​;20250610_165733;1;TUG2;-0,2799;1,4984;1,0791;-0,1630;0,1159;-0,0323;-0,9793;;False
974,88;3.75;pa025​;20250610_165733;1;TUG2;-0,2875;1,4986;1,0893;-0,1528;0,1155;-0,0297;-0,9810;;False
974,90;3.76;pa025​;20250610_165733;1;TUG2;-0,2950;1,5015;1,1014;-0,1602;0,1169;-0,0317;-0,9796;;False
974,91;3.78;pa025​;20250610_165733;1;TUG2;-0,3024;1,5037;1,1121;-0,1593;0,1165;-0,0301;-0,9799;;False
974,92;3.79;pa025​;20250610_165733;1;TUG2;-0,3097;1,5061;1,1230;-0,1639;0,1157;-0,0273;-0,9793;;False
974,94;3.8;pa025​;20250610_165733;1;TUG2;-0,3167;1,5087;1,1339;-0,1674;0,1149;-0,0255;-0,9788;;False
974,95;3.82;pa025​;20250610_165733;1;TUG2;-0,3237;1,5109;1,1447;-0,1689;0,1138;-0,0240;-0,9788;;False
974,97;3.83;pa025​;20250610_165733;1;TUG2;-0,3305;1,5126;1,1555;-0,1687;0,1129;-0,0232;-0,9789;;False
974,98;3.85;pa025​;20250610_165733;1;TUG2;-0,3370;1,5136;1,1663;-0,1674;0,1121;-0,0225;-0,9792;;False
974,99;3.86;pa025​;20250610_165733;1;TUG2;-0,3434;1,5151;1,1773;-0,1677;0,1109;-0,0217;-0,9793;;False
975,01;3.87;pa025​;20250610_165733;1;TUG2;-0,3497;1,5167;1,1884;-0,1673;0,1094;-0,0210;-0,9796;;False
975,02;3.89;pa025​;20250610_165733;1;TUG2;-0,3559;1,5180;1,1996;-0,1668;0,1087;-0,0210;-0,9797;;False
975,03;3.9;pa025​;20250610_165733;1;TUG2;-0,3618;1,5189;1,2106;-0,1681;0,1088;-0,0217;-0,9795;;False
975,05;3.92;pa025​;20250610_165733;1;TUG2;-0,3676;1,5200;1,2218;-0,1709;0,1090;-0,0228;-0,9790;;False
975,06;3.93;pa025​;20250610_165733;1;TUG2;-0,3732;1,5210;1,2332;-0,1731;0,1091;-0,0232;-0,9786;;False
975,08;3.94;pa025​;20250610_165733;1;TUG2;-0,3787;1,5218;1,2445;-0,1748;0,1093;-0,0224;-0,9783;;False
975,09;3.96;pa025​;20250610_165733;1;TUG2;-0,3840;1,5221;1,2557;-0,1764;0,1083;-0,0201;-0,9781;;False
975,10;3.97;pa025​;20250610_165733;1;TUG2;-0,3891;1,5224;1,2669;-0,1784;0,1069;-0,0171;-0,9780;;False
975,12;3.99;pa025​;20250610_165733;1;TUG2;-0,3941;1,5226;1,2783;-0,1799;0,1045;-0,0135;-0,9780;;False
975,13;4.0;pa025​;20250610_165733;1;TUG2;-0,3992;1,5228;1,2896;-0,1813;0,1013;-0,0106;-0,9781;;False
975,15;4.01;pa025​;20250610_165733;1;TUG2;-0,4041;1,5228;1,3010;-0,1819;0,0982;-0,0083;-0,9784;;False
975,16;4.03;pa025​;20250610_165733;1;TUG2;-0,4087;1,5229;1,3126;-0,1824;0,0947;-0,0067;-0,9786;;False
975,17;4.04;pa025​;20250610_165733;1;TUG2;-0,4131;1,5228;1,3242;-0,1827;0,0910;-0,0059;-0,9789;;False
975,19;4.05;pa025​;20250610_165733;1;TUG2;-0,4176;1,5225;1,3357;-0,1826;0,0866;-0,0051;-0,9793;;False
975,20;4.07;pa025​;20250610_165733;1;TUG2;-0,4219;1,5220;1,3475;-0,1826;0,0831;-0,0047;-0,9796;;False
975,22;4.08;pa025​;20250610_165733;1;TUG2;-0,4261;1,5214;1,3595;-0,1826;0,0794;-0,0037;-0,9800;;False
975,23;4.1;pa025​;20250610_165733;1;TUG2;-0,4305;1,5208;1,3714;-0,1815;0,0756;-0,0027;-0,9805;;False
975,24;4.11;pa025​;20250610_165733;1;TUG2;-0,4347;1,5200;1,3834;-0,1799;0,0723;-0,0012;-0,9810;;False
975,26;4.13;pa025​;20250610_165733;1;TUG2;-0,4387;1,5190;1,3955;-0,1776;0,0697;0,0002;-0,9816;;False
975,27;4.14;pa025​;20250610_165733;1;TUG2;-0,4426;1,5176;1,4077;-0,1748;0,0672;0,0020;-0,9823;;False
975,28;4.15;pa025​;20250610_165733;1;TUG2;-0,4465;1,5158;1,4197;-0,1718;0,0646;0,0037;-0,9830;;False
975,30;4.17;pa025​;20250610_165733;1;TUG2;-0,4502;1,5137;1,4317;-0,1695;0,0622;0,0060;-0,9835;;False
975,31;4.18;pa025​;20250610_165733;1;TUG2;-0,4537;1,5116;1,4440;-0,1670;0,0607;0,0071;-0,9841;;False
975,33;4.19;pa025​;20250610_165733;1;TUG2;-0,4572;1,5094;1,4562;-0,1644;0,0588;0,0076;-0,9846;;False
975,34;4.21;pa025​;20250610_165733;1;TUG2;-0,4605;1,5075;1,4685;-0,1627;0,0575;0,0087;-0,9850;;False
975,35;4.22;pa025​;20250610_165733;1;TUG2;-0,4636;1,5057;1,4810;-0,1607;0,0562;0,0097;-0,9854;;False
975,37;4.24;pa025​;20250610_165733;1;TUG2;-0,4667;1,5042;1,4937;-0,1592;0,0549;0,0106;-0,9857;;False
975,38;4.25;pa025​;20250610_165733;1;TUG2;-0,4696;1,5029;1,5065;-0,1576;0,0536;0,0112;-0,9860;;False
975,40;4.26;pa025​;20250610_165733;1;TUG2;-0,4724;1,5019;1,5195;-0,1555;0,0525;0,0115;-0,9864;;False
975,41;4.28;pa025​;20250610_165733;1;TUG2;-0,4750;1,5012;1,5328;-0,1525;0,0517;0,0108;-0,9869;;False
975,42;4.29;pa025​;20250610_165733;1;TUG2;-0,4775;1,5007;1,5463;-0,1499;0,0516;0,0093;-0,9873;;False
975,44;4.31;pa025​;20250610_165733;1;TUG2;-0,4800;1,5001;1,5597;-0,1477;0,0520;0,0077;-0,9876;;False
975,45;4.32;pa025​;20250610_165733;1;TUG2;-0,4824;1,4999;1,5732;-0,1473;0,0530;0,0058;-0,9877;;False
975,47;4.33;pa025​;20250610_165733;1;TUG2;-0,4847;1,5039;1,5875;-0,1560;0,0544;0,0046;-0,9863;;False
975,48;4.35;pa025​;20250610_165733;1;TUG2;-0,4878;1,5077;1,6036;-0,1464;0,0538;0,0060;-0,9877;;False
975,49;4.36;pa025​;20250610_165733;1;TUG2;-0,4899;1,5086;1,6170;-0,1462;0,0568;0,0053;-0,9876;;False
975,51;4.37;pa025​;20250610_165733;1;TUG2;-0,4923;1,5097;1,6307;-0,1474;0,0574;0,0024;-0,9874;;False
975,52;4.39;pa025​;20250610_165733;1;TUG2;-0,4944;1,5113;1,6442;-0,1506;0,0580;0,0005;-0,9869;;False
975,53;4.4;pa025​;20250610_165733;1;TUG2;-0,4969;1,5124;1,6577;-0,1534;0,0582;-0,0017;-0,9865;;False
975,55;4.42;pa025​;20250610_165733;1;TUG2;-0,4994;1,5133;1,6707;-0,1544;0,0586;-0,0030;-0,9863;;False
975,56;4.43;pa025​;20250610_165733;1;TUG2;-0,5022;1,5138;1,6836;-0,1550;0,0585;-0,0029;-0,9862;;False
975,58;4.44;pa025​;20250610_165733;1;TUG2;-0,5049;1,5149;1,6965;-0,1563;0,0576;-0,0012;-0,9860;;False
975,59;4.46;pa025​;20250610_165733;1;TUG2;-0,5078;1,5159;1,7093;-0,1568;0,0562;0,0010;-0,9860;;False
975,60;4.47;pa025​;20250610_165733;1;TUG2;-0,5107;1,5166;1,7219;-0,1573;0,0549;0,0039;-0,9860;;False
975,62;4.49;pa025​;20250610_165733;1;TUG2;-0,5138;1,5171;1,7341;-0,1597;0,0537;0,0061;-0,9857;;False
975,63;4.5;pa025​;20250610_165733;1;TUG2;-0,5170;1,5178;1,7462;-0,1630;0,0524;0,0084;-0,9852;;False
975,65;4.51;pa025​;20250610_165733;1;TUG2;-0,5204;1,5184;1,7582;-0,1658;0,0511;0,0103;-0,9848;;False
975,66;4.53;pa025​;20250610_165733;1;TUG2;-0,5237;1,5187;1,7700;-0,1683;0,0501;0,0115;-0,9844;;False
975,67;4.54;pa025​;20250610_165733;1;TUG2;-0,5271;1,5190;1,7816;-0,1710;0,0492;0,0115;-0,9840;;False
975,69;4.55;pa025​;20250610_165733;1;TUG2;-0,5306;1,5193;1,7932;-0,1733;0,0483;0,0112;-0,9836;;False
975,70;4.57;pa025​;20250610_165733;1;TUG2;-0,5341;1,5194;1,8046;-0,1747;0,0480;0,0110;-0,9834;;False
975,72;4.58;pa025​;20250610_165733;1;TUG2;-0,5377;1,5195;1,8159;-0,1760;0,0477;0,0108;-0,9832;;False
975,73;4.6;pa025​;20250610_165733;1;TUG2;-0,5414;1,5194;1,8271;-0,1770;0,0475;0,0112;-0,9830;;False
975,74;4.61;pa025​;20250610_165733;1;TUG2;-0,5451;1,5191;1,8385;-0,1775;0,0473;0,0115;-0,9829;;False
975,76;4.62;pa025​;20250610_165733;1;TUG2;-0,5487;1,5186;1,8499;-0,1777;0,0475;0,0116;-0,9829;;False
975,77;4.64;pa025​;20250610_165733;1;TUG2;-0,5523;1,5180;1,8615;-0,1775;0,0474;0,0119;-0,9829;;False
975,79;4.65;pa025​;20250610_165733;1;TUG2;-0,5563;1,5173;1,8728;-0,1775;0,0470;0,0124;-0,9829;;False
975,80;4.67;pa025​;20250610_165733;1;TUG2;-0,5602;1,5164;1,8841;-0,1775;0,0464;0,0129;-0,9829;;False
975,81;4.68;pa025​;20250610_165733;1;TUG2;-0,5642;1,5153;1,8956;-0,1774;0,0454;0,0133;-0,9830;;False
975,83;4.69;pa025​;20250610_165733;1;TUG2;-0,5684;1,5142;1,9071;-0,1779;0,0438;0,0136;-0,9830;;False
975,84;4.71;pa025​;20250610_165733;1;TUG2;-0,5723;1,5127;1,9186;-0,1778;0,0419;0,0136;-0,9831;;False
975,86;4.72;pa025​;20250610_165733;1;TUG2;-0,5764;1,5109;1,9301;-0,1774;0,0395;0,0130;-0,9833;;False
975,87;4.73;pa025​;20250610_165733;1;TUG2;-0,5806;1,5090;1,9416;-0,1772;0,0372;0,0125;-0,9834;;False
975,88;4.75;pa025​;20250610_165733;1;TUG2;-0,5851;1,5070;1,9531;-0,1768;0,0347;0,0124;-0,9836;;False
975,90;4.76;pa025​;20250610_165733;1;TUG2;-0,5897;1,5050;1,9645;-0,1768;0,0322;0,0124;-0,9836;;False
975,91;4.78;pa025​;20250610_165733;1;TUG2;-0,5943;1,5030;1,9759;-0,1776;0,0296;0,0124;-0,9836;;False
975,92;4.79;pa025​;20250610_165733;1;TUG2;-0,5989;1,5010;1,9873;-0,1784;0,0270;0,0122;-0,9835;;False
975,94;4.8;pa025​;20250610_165733;1;TUG2;-0,6036;1,4991;1,9987;-0,1792;0,0241;0,0113;-0,9835;;False
975,95;4.82;pa025​;20250610_165733;1;TUG2;-0,6086;1,4973;2,0099;-0,1800;0,0213;0,0108;-0,9834;;False
975,97;4.83;pa025​;20250610_165733;1;TUG2;-0,6136;1,4955;2,0211;-0,1814;0,0184;0,0104;-0,9832;;False
975,98;4.85;pa025​;20250610_165733;1;TUG2;-0,6189;1,4938;2,0320;-0,1825;0,0152;0,0103;-0,9830;;False
975,99;4.86;pa025​;20250610_165733;1;TUG2;-0,6244;1,4924;2,0428;-0,1840;0,0117;0,0107;-0,9828;;False
976,01;4.87;pa025​;20250610_165733;1;TUG2;-0,6300;1,4910;2,0535;-0,1853;0,0083;0,0121;-0,9826;;False
976,02;4.89;pa025​;20250610_165733;1;TUG2;-0,6356;1,4896;2,0643;-0,1858;0,0042;0,0134;-0,9825;;False
976,03;4.9;pa025​;20250610_165733;1;TUG2;-0,6412;1,4889;2,0751;-0,1886;-0,0004;0,0153;-0,9819;;False
976,05;4.92;pa025​;20250610_165733;1;TUG2;-0,6467;1,4924;2,0872;-0,2011;-0,0062;0,0212;-0,9793;;False
976,06;4.93;pa025​;20250610_165733;1;TUG2;-0,6521;1,4926;2,1001;-0,1848;-0,0136;0,0249;-0,9824;;False
976,08;4.94;pa025​;20250610_165733;1;TUG2;-0,6573;1,4951;2,1125;-0,1909;-0,0184;0,0264;-0,9811;;False
976,09;4.96;pa025​;20250610_165733;1;TUG2;-0,6628;1,4961;2,1246;-0,1872;-0,0224;0,0267;-0,9817;;False
976,10;4.97;pa025​;20250610_165733;1;TUG2;-0,6684;1,4983;2,1369;-0,1882;-0,0272;0,0294;-0,9813;;False
976,12;4.99;pa025​;20250610_165733;1;TUG2;-0,6739;1,5000;2,1492;-0,1871;-0,0308;0,0311;-0,9814;;False
976,13;5.0;pa025​;20250610_165733;1;TUG2;-0,6788;1,5017;2,1617;-0,1874;-0,0319;0,0317;-0,9813;;False
976,15;5.01;pa025​;20250610_165733;1;TUG2;-0,6840;1,5029;2,1741;-0,1857;-0,0338;0,0326;-0,9815;;False
976,16;5.03;pa025​;20250610_165733;1;TUG2;-0,6890;1,5040;2,1864;-0,1836;-0,0360;0,0335;-0,9818;;False
976,17;5.04;pa025​;20250610_165733;1;TUG2;-0,6937;1,5051;2,1991;-0,1812;-0,0386;0,0348;-0,9821;;False
976,19;5.05;pa025​;20250610_165733;1;TUG2;-0,6978;1,5064;2,2121;-0,1797;-0,0411;0,0356;-0,9822;;False
976,20;5.07;pa025​;20250610_165733;1;TUG2;-0,7020;1,5078;2,2250;-0,1788;-0,0445;0,0354;-0,9822;;False
976,21;5.08;pa025​;20250610_165733;1;TUG2;-0,7058;1,5090;2,2380;-0,1785;-0,0474;0,0350;-0,9822;;False
976,23;5.1;pa025​;20250610_165733;1;TUG2;-0,7094;1,5104;2,2510;-0,1795;-0,0500;0,0347;-0,9819;;False
976,24;5.11;pa025​;20250610_165733;1;TUG2;-0,7128;1,5114;2,2641;-0,1802;-0,0519;0,0338;-0,9817;;False
976,26;5.12;pa025​;20250610_165733;1;TUG2;-0,7162;1,5121;2,2770;-0,1813;-0,0533;0,0331;-0,9814;;False
976,27;5.14;pa025​;20250610_165733;1;TUG2;-0,7195;1,5125;2,2898;-0,1825;-0,0542;0,0337;-0,9811;;False
976,28;5.15;pa025​;20250610_165733;1;TUG2;-0,7227;1,5127;2,3024;-0,1844;-0,0553;0,0353;-0,9807;;False
976,30;5.17;pa025​;20250610_165733;1;TUG2;-0,7257;1,5127;2,3149;-0,1871;-0,0567;0,0374;-0,9800;;False
976,31;5.18;pa025​;20250610_165733;1;TUG2;-0,7284;1,5127;2,3275;-0,1897;-0,0588;0,0391;-0,9793;;False
976,33;5.19;pa025​;20250610_165733;1;TUG2;-0,7311;1,5127;2,3401;-0,1911;-0,0612;0,0402;-0,9788;;False
976,34;5.21;pa025​;20250610_165733;1;TUG2;-0,7334;1,5127;2,3528;-0,1922;-0,0636;0,0409;-0,9784;;False
976,35;5.22;pa025​;20250610_165733;1;TUG2;-0,7355;1,5126;2,3656;-0,1920;-0,0668;0,0411;-0,9782;;False
976,37;5.23;pa025​;20250610_165733;1;TUG2;-0,7375;1,5124;2,3783;-0,1911;-0,0703;0,0414;-0,9782;;False
976,38;5.25;pa025​;20250610_165733;1;TUG2;-0,7394;1,5119;2,3911;-0,1901;-0,0739;0,0415;-0,9781;;False
976,40;5.26;pa025​;20250610_165733;1;TUG2;-0,7412;1,5113;2,4038;-0,1893;-0,0776;0,0418;-0,9780;;False
976,41;5.28;pa025​;20250610_165733;1;TUG2;-0,7428;1,5103;2,4165;-0,1882;-0,0809;0,0423;-0,9779;;False
976,42;5.29;pa025​;20250610_165733;1;TUG2;-0,7443;1,5094;2,4293;-0,1878;-0,0839;0,0430;-0,9777;;False
976,44;5.31;pa025​;20250610_165733;1;TUG2;-0,7457;1,5081;2,4421;-0,1872;-0,0871;0,0440;-0,9775;;False
976,45;5.32;pa025​;20250610_165733;1;TUG2;-0,7470;1,5065;2,4549;-0,1863;-0,0900;0,0445;-0,9774;;False
976,46;5.33;pa025​;20250610_165733;1;TUG2;-0,7480;1,5047;2,4678;-0,1859;-0,0925;0,0456;-0,9771;;False
976,48;5.35;pa025​;20250610_165733;1;TUG2;-0,7492;1,5025;2,4804;-0,1850;-0,0954;0,0468;-0,9770;;False
976,49;5.36;pa025​;20250610_165733;1;TUG2;-0,7503;1,5003;2,4930;-0,1841;-0,0978;0,0477;-0,9769;;False
976,51;5.37;pa025​;20250610_165733;1;TUG2;-0,7509;1,4980;2,5056;-0,1830;-0,1001;0,0486;-0,9768;;False
976,52;5.39;pa025​;20250610_165733;1;TUG2;-0,7511;1,4959;2,5181;-0,1825;-0,1014;0,0489;-0,9767;;False
976,53;5.4;pa025​;20250610_165733;1;TUG2;-0,7511;1,4939;2,5306;-0,1822;-0,1027;0,0495;-0,9766;;False
976,55;5.42;pa025​;20250610_165733;1;TUG2;-0,7507;1,4923;2,5431;-0,1818;-0,1042;0,0503;-0,9765;;False
976,56;5.43;pa025​;20250610_165733;1;TUG2;-0,7501;1,4910;2,5556;-0,1807;-0,1061;0,0510;-0,9765;;False
976,58;5.44;pa025​;20250610_165733;1;TUG2;-0,7491;1,4901;2,5681;-0,1792;-0,1078;0,0519;-0,9765;;False
976,59;5.46;pa025​;20250610_165733;1;TUG2;-0,7479;1,4894;2,5808;-0,1765;-0,1102;0,0524;-0,9767;;False
976,60;5.47;pa025​;20250610_165733;1;TUG2;-0,7465;1,4887;2,5933;-0,1736;-0,1124;0,0528;-0,9770;;False
976,62;5.49;pa025​;20250610_165733;1;TUG2;-0,7449;1,4879;2,6055;-0,1703;-0,1140;0,0528;-0,9774;;False
976,63;5.5;pa025​;20250610_165733;1;TUG2;-0,7434;1,4878;2,6177;-0,1692;-0,1156;0,0526;-0,9774;;False
976,65;5.51;pa025​;20250610_165733;1;TUG2;-0,7411;1,4939;2,6322;-0,1812;-0,1183;0,0587;-0,9745;;False
976,66;5.53;pa025​;20250610_165733;1;TUG2;-0,7394;1,4946;2,6455;-0,1592;-0,1235;0,0582;-0,9778;;False
976,67;5.54;pa025​;20250610_165733;1;TUG2;-0,7370;1,4969;2,6586;-0,1644;-0,1244;0,0568;-0,9769;;False
976,69;5.55;pa025​;20250610_165733;1;TUG2;-0,7352;1,4979;2,6710;-0,1614;-0,1282;0,0552;-0,9770;Collision avec Gauche1 - Objet Parent Plot1;False
976,70;5.57;pa025​;20250610_165733;1;TUG2;-0,7333;1,4993;2,6830;-0,1622;-0,1323;0,0560;-0,9762;Collision avec Gauche1 - Objet Parent Plot1;False
976,72;5.58;pa025​;20250610_165733;1;TUG2;-0,7318;1,5000;2,6949;-0,1631;-0,1370;0,0563;-0,9754;Collision avec Gauche1 - Objet Parent Plot1;False
976,73;5.6;pa025​;20250610_165733;1;TUG2;-0,7304;1,5007;2,7063;-0,1642;-0,1410;0,0567;-0,9747;Collision avec Gauche1 - Objet Parent Plot1;False
976,74;5.61;pa025​;20250610_165733;1;TUG2;-0,7293;1,5015;2,7177;-0,1646;-0,1450;0,0588;-0,9739;Collision avec Gauche1 - Objet Parent Plot1;False
976,76;5.62;pa025​;20250610_165733;1;TUG2;-0,7283;1,5023;2,7289;-0,1644;-0,1493;0,0620;-0,9731;Collision avec Gauche1 - Objet Parent Plot1;False
976,77;5.64;pa025​;20250610_165733;1;TUG2;-0,7275;1,5031;2,7399;-0,1636;-0,1537;0,0660;-0,9722;Collision avec Gauche1 - Objet Parent Plot1;False
976,78;5.65;pa025​;20250610_165733;1;TUG2;-0,7268;1,5037;2,7505;-0,1634;-0,1579;0,0697;-0,9713;Collision avec Gauche1 - Objet Parent Plot1;False
976,80;5.67;pa025​;20250610_165733;1;TUG2;-0,7264;1,5044;2,7611;-0,1644;-0,1621;0,0733;-0,9702;Collision avec Gauche1 - Objet Parent Plot1;False
976,81;5.68;pa025​;20250610_165733;1;TUG2;-0,7261;1,5053;2,7716;-0,1653;-0,1663;0,0766;-0,9691;Collision avec Gauche1 - Objet Parent Plot1;False
976,83;5.69;pa025​;20250610_165733;1;TUG2;-0,7258;1,5060;2,7818;-0,1654;-0,1702;0,0783;-0,9683;Collision avec Gauche1 - Objet Parent Plot1;False
976,84;5.71;pa025​;20250610_165733;1;TUG2;-0,7255;1,5065;2,7918;-0,1666;-0,1733;0,0787;-0,9675;Collision avec Gauche1 - Objet Parent Plot1;False
976,85;5.72;pa025​;20250610_165733;1;TUG2;-0,7252;1,5070;2,8018;-0,1673;-0,1761;0,0785;-0,9669;Collision avec Gauche1 - Objet Parent Plot1;False
976,87;5.74;pa025​;20250610_165733;1;TUG2;-0,7250;1,5076;2,8117;-0,1674;-0,1784;0,0779;-0,9665;Collision avec Gauche1 - Objet Parent Plot1;False
976,88;5.75;pa025​;20250610_165733;1;TUG2;-0,7248;1,5082;2,8217;-0,1671;-0,1808;0,0777;-0,9661;Collision avec Gauche1 - Objet Parent Plot1;False
976,90;5.76;pa025​;20250610_165733;1;TUG2;-0,7246;1,5085;2,8315;-0,1660;-0,1828;0,0780;-0,9659;Collision avec Gauche1 - Objet Parent Plot1;False
976,91;5.78;pa025​;20250610_165733;1;TUG2;-0,7242;1,5089;2,8414;-0,1648;-0,1849;0,0779;-0,9657;Collision avec Gauche1 - Objet Parent Plot1;False
976,92;5.79;pa025​;20250610_165733;1;TUG2;-0,7238;1,5092;2,8512;-0,1627;-0,1872;0,0785;-0,9656;Collision avec Gauche1 - Objet Parent Plot1;False
976,94;5.8;pa025​;20250610_165733;1;TUG2;-0,7233;1,5094;2,8612;-0,1603;-0,1900;0,0792;-0,9654;Collision avec Gauche1 - Objet Parent Plot1;False
976,95;5.82;pa025​;20250610_165733;1;TUG2;-0,7226;1,5094;2,8711;-0,1576;-0,1933;0,0796;-0,9651;Collision avec Gauche1 - Objet Parent Plot1;False
976,97;5.83;pa025​;20250610_165733;1;TUG2;-0,7219;1,5091;2,8811;-0,1554;-0,1965;0,0795;-0,9648;Collision avec Gauche1 - Objet Parent Plot1;False
976,98;5.85;pa025​;20250610_165733;1;TUG2;-0,7210;1,5086;2,8910;-0,1546;-0,2001;0,0796;-0,9642;Collision avec Gauche1 - Objet Parent Plot1;False
976,99;5.86;pa025​;20250610_165733;1;TUG2;-0,7203;1,5080;2,9010;-0,1538;-0,2038;0,0795;-0,9636;Collision avec Gauche1 - Objet Parent Plot1;False
977,01;5.87;pa025​;20250610_165733;1;TUG2;-0,7197;1,5072;2,9109;-0,1527;-0,2079;0,0795;-0,9629;Collision avec Gauche1 - Objet Parent Plot1;False
977,02;5.89;pa025​;20250610_165733;1;TUG2;-0,7190;1,5063;2,9209;-0,1527;-0,2113;0,0796;-0,9621;Collision avec Gauche1 - Objet Parent Plot1;False
977,04;5.9;pa025​;20250610_165733;1;TUG2;-0,7185;1,5053;2,9309;-0,1522;-0,2155;0,0793;-0,9613;Collision avec Gauche1 - Objet Parent Plot1;False
977,05;5.92;pa025​;20250610_165733;1;TUG2;-0,7178;1,5041;2,9408;-0,1515;-0,2196;0,0792;-0,9605;Collision avec Gauche1 - Objet Parent Plot1;False
977,06;5.93;pa025​;20250610_165733;1;TUG2;-0,7172;1,5030;2,9507;-0,1510;-0,2244;0,0798;-0,9594;Collision avec Gauche1 - Objet Parent Plot1;False
977,08;5.94;pa025​;20250610_165733;1;TUG2;-0,7165;1,5018;2,9607;-0,1503;-0,2293;0,0805;-0,9583;Collision avec Gauche1 - Objet Parent Plot1;False
977,09;5.96;pa025​;20250610_165733;1;TUG2;-0,7161;1,5004;2,9706;-0,1500;-0,2350;0,0808;-0,9569;Collision avec Gauche1 - Objet Parent Plot1;False
977,10;5.97;pa025​;20250610_165733;1;TUG2;-0,7158;1,4989;2,9804;-0,1497;-0,2413;0,0815;-0,9554;Collision avec Gauche1 - Objet Parent Plot1;False
977,12;5.99;pa025​;20250610_165733;1;TUG2;-0,7154;1,4975;2,9902;-0,1501;-0,2479;0,0825;-0,9535;Collision avec Gauche1 - Objet Parent Plot1;False
977,13;6.0;pa025​;20250610_165733;1;TUG2;-0,7151;1,4959;2,9999;-0,1508;-0,2549;0,0839;-0,9514;Collision avec Gauche1 - Objet Parent Plot1;False
977,15;6.01;pa025​;20250610_165733;1;TUG2;-0,7149;1,4944;3,0097;-0,1523;-0,2630;0,0846;-0,9489;Collision avec Gauche1 - Objet Parent Plot1;False
977,16;6.03;pa025​;20250610_165733;1;TUG2;-0,7147;1,4929;3,0193;-0,1533;-0,2714;0,0852;-0,9464;Collision avec Gauche1 - Objet Parent Plot1;False
977,17;6.04;pa025​;20250610_165733;1;TUG2;-0,7145;1,4916;3,0289;-0,1540;-0,2804;0,0863;-0,9435;Collision avec Gauche1 - Objet Parent Plot1;False
977,19;6.05;pa025​;20250610_165733;1;TUG2;-0,7143;1,4901;3,0384;-0,1544;-0,2898;0,0880;-0,9404;Collision avec Gauche1 - Objet Parent Plot1;False
977,20;6.07;pa025​;20250610_165733;1;TUG2;-0,7142;1,4888;3,0477;-0,1549;-0,2997;0,0901;-0,9370;Collision avec Gauche1 - Objet Parent Plot1;False
977,22;6.08;pa025​;20250610_165733;1;TUG2;-0,7142;1,4873;3,0569;-0,1545;-0,3101;0,0917;-0,9336;Collision avec Gauche1 - Objet Parent Plot1;False
977,23;6.1;pa025​;20250610_165733;1;TUG2;-0,7142;1,4863;3,0661;-0,1564;-0,3206;0,0946;-0,9294;Collision avec Gauche1 - Objet Parent Plot1;False
977,24;6.11;pa025​;20250610_165733;1;TUG2;-0,7137;1,4882;3,0760;-0,1639;-0,3318;0,1038;-0,9232;Collision avec Gauche1 - Objet Parent Plot1;False
977,26;6.12;pa025​;20250610_165733;1;TUG2;-0,7126;1,4883;3,0863;-0,1569;-0,3452;0,1082;-0,9190;Collision avec Gauche1 - Objet Parent Plot1;False
977,27;6.14;pa025​;20250610_165733;1;TUG2;-0,7115;1,4897;3,0961;-0,1592;-0,3554;0,1136;-0,9140;Collision avec Gauche1 - Objet Parent Plot1;False
977,28;6.15;pa025​;20250610_165733;1;TUG2;-0,7104;1,4907;3,1061;-0,1568;-0,3660;0,1158;-0,9099;Collision avec Gauche1 - Objet Parent Plot1;False
977,30;6.17;pa025​;20250610_165733;1;TUG2;-0,7090;1,4924;3,1158;-0,1554;-0,3758;0,1195;-0,9057;Collision avec Gauche1 - Objet Parent Plot1;False
977,31;6.18;pa025​;20250610_165733;1;TUG2;-0,7075;1,4940;3,1258;-0,1543;-0,3851;0,1226;-0,9016;Collision avec Gauche1 - Objet Parent Plot1;False
977,33;6.19;pa025​;20250610_165733;1;TUG2;-0,7058;1,4955;3,1356;-0,1536;-0,3937;0,1245;-0,8977;Collision avec Gauche1 - Objet Parent Plot1;False
977,34;6.21;pa025​;20250610_165733;1;TUG2;-0,7039;1,4966;3,1452;-0,1522;-0,4019;0,1259;-0,8941;Collision avec Gauche1 - Objet Parent Plot1;False
977,35;6.22;pa025​;20250610_165733;1;TUG2;-0,7018;1,4976;3,1547;-0,1499;-0,4099;0,1259;-0,8909;Collision avec Gauche1 - Objet Parent Plot1;False
977,37;6.24;pa025​;20250610_165733;1;TUG2;-0,6995;1,4983;3,1639;-0,1468;-0,4178;0,1265;-0,8876;;False
977,38;6.25;pa025​;20250610_165733;1;TUG2;-0,6971;1,4993;3,1732;-0,1451;-0,4263;0,1273;-0,8838;;False
977,40;6.26;pa025​;20250610_165733;1;TUG2;-0,6941;1,5002;3,1824;-0,1433;-0,4343;0,1285;-0,8800;;False
977,41;6.28;pa025​;20250610_165733;1;TUG2;-0,6908;1,5011;3,1914;-0,1423;-0,4416;0,1293;-0,8764;;False
977,42;6.29;pa025​;20250610_165733;1;TUG2;-0,6874;1,5020;3,2002;-0,1422;-0,4483;0,1299;-0,8729;;False
977,44;6.3;pa025​;20250610_165733;1;TUG2;-0,6836;1,5028;3,2090;-0,1423;-0,4545;0,1309;-0,8695;;False
977,45;6.32;pa025​;20250610_165733;1;TUG2;-0,6796;1,5035;3,2176;-0,1425;-0,4600;0,1321;-0,8664;;False
977,47;6.33;pa025​;20250610_165733;1;TUG2;-0,6755;1,5040;3,2259;-0,1428;-0,4655;0,1337;-0,8632;;False
977,48;6.35;pa025​;20250610_165733;1;TUG2;-0,6711;1,5042;3,2340;-0,1425;-0,4708;0,1357;-0,8600;;False
977,49;6.36;pa025​;20250610_165733;1;TUG2;-0,6667;1,5045;3,2418;-0,1422;-0,4771;0,1386;-0,8561;;False
977,51;6.37;pa025​;20250610_165733;1;TUG2;-0,6619;1,5046;3,2494;-0,1414;-0,4834;0,1413;-0,8523;;False
977,52;6.39;pa025​;20250610_165733;1;TUG2;-0,6570;1,5049;3,2569;-0,1412;-0,4902;0,1433;-0,8481;;False
977,53;6.4;pa025​;20250610_165733;1;TUG2;-0,6518;1,5049;3,2640;-0,1408;-0,4973;0,1449;-0,8437;;False
977,55;6.42;pa025​;20250610_165733;1;TUG2;-0,6464;1,5051;3,2710;-0,1406;-0,5046;0,1461;-0,8392;;False
977,56;6.43;pa025​;20250610_165733;1;TUG2;-0,6404;1,5052;3,2778;-0,1402;-0,5118;0,1469;-0,8348;;False
977,58;6.44;pa025​;20250610_165733;1;TUG2;-0,6345;1,5053;3,2844;-0,1394;-0,5195;0,1475;-0,8300;;False
977,59;6.46;pa025​;20250610_165733;1;TUG2;-0,6282;1,5051;3,2909;-0,1383;-0,5269;0,1484;-0,8254;;False
977,61;6.47;pa025​;20250610_165733;1;TUG2;-0,6217;1,5048;3,2973;-0,1377;-0,5340;0,1491;-0,8208;;False
977,62;6.49;pa025​;20250610_165733;1;TUG2;-0,6150;1,5043;3,3035;-0,1370;-0,5412;0,1500;-0,8160;;False
977,63;6.5;pa025​;20250610_165733;1;TUG2;-0,6082;1,5037;3,3092;-0,1365;-0,5476;0,1516;-0,8115;;False
977,65;6.51;pa025​;20250610_165733;1;TUG2;-0,6013;1,5029;3,3150;-0,1366;-0,5542;0,1531;-0,8067;;False
977,66;6.53;pa025​;20250610_165733;1;TUG2;-0,5941;1,5020;3,3205;-0,1364;-0,5599;0,1549;-0,8025;;False
977,67;6.54;pa025​;20250610_165733;1;TUG2;-0,5870;1,5010;3,3260;-0,1356;-0,5658;0,1575;-0,7979;;False
977,69;6.55;pa025​;20250610_165733;1;TUG2;-0,5797;1,4999;3,3313;-0,1342;-0,5709;0,1595;-0,7941;;False
977,70;6.57;pa025​;20250610_165733;1;TUG2;-0,5722;1,4988;3,3366;-0,1333;-0,5761;0,1613;-0,7901;;False
977,72;6.58;pa025​;20250610_165733;1;TUG2;-0,5646;1,4974;3,3414;-0,1315;-0,5806;0,1632;-0,7867;;False
977,73;6.6;pa025​;20250610_165733;1;TUG2;-0,5568;1,4961;3,3463;-0,1300;-0,5853;0,1647;-0,7832;;False
977,74;6.61;pa025​;20250610_165733;1;TUG2;-0,5489;1,4946;3,3508;-0,1286;-0,5892;0,1655;-0,7804;;False
977,76;6.62;pa025​;20250610_165733;1;TUG2;-0,5409;1,4932;3,3552;-0,1281;-0,5930;0,1664;-0,7773;;False
977,77;6.64;pa025​;20250610_165733;1;TUG2;-0,5328;1,4919;3,3596;-0,1271;-0,5969;0,1665;-0,7745;;False
977,79;6.65;pa025​;20250610_165733;1;TUG2;-0,5246;1,4905;3,3637;-0,1258;-0,6006;0,1667;-0,7718;;False
977,80;6.67;pa025​;20250610_165733;1;TUG2;-0,5161;1,4890;3,3674;-0,1250;-0,6037;0,1664;-0,7696;;False
977,81;6.68;pa025​;20250610_165733;1;TUG2;-0,5076;1,4875;3,3709;-0,1241;-0,6066;0,1659;-0,7675;;False
977,83;6.69;pa025​;20250610_165733;1;TUG2;-0,4992;1,4861;3,3743;-0,1236;-0,6097;0,1660;-0,7651;;False
977,84;6.71;pa025​;20250610_165733;1;TUG2;-0,4908;1,4846;3,3778;-0,1222;-0,6131;0,1662;-0,7626;;False
977,85;6.72;pa025​;20250610_165733;1;TUG2;-0,4822;1,4833;3,3807;-0,1210;-0,6155;0,1662;-0,7608;;False
977,87;6.73;pa025​;20250610_165733;1;TUG2;-0,4730;1,4844;3,3837;-0,1240;-0,6181;0,1730;-0,7568;;False
977,88;6.75;pa025​;20250610_165733;1;TUG2;-0,4619;1,4868;3,3868;-0,1175;-0,6243;0,1769;-0,7518;;False
977,90;6.76;pa025​;20250610_165733;1;TUG2;-0,4525;1,4877;3,3897;-0,1125;-0,6290;0,1767;-0,7487;;False
977,91;6.78;pa025​;20250610_165733;1;TUG2;-0,4425;1,4892;3,3921;-0,1133;-0,6327;0,1795;-0,7447;;False
977,92;6.79;pa025​;20250610_165733;1;TUG2;-0,4333;1,4910;3,3947;-0,1090;-0,6392;0,1785;-0,7401;;False
977,94;6.8;pa025​;20250610_165733;1;TUG2;-0,4237;1,4925;3,3969;-0,1087;-0,6437;0,1795;-0,7359;;False
977,95;6.82;pa025​;20250610_165733;1;TUG2;-0,4149;1,4939;3,3990;-0,1090;-0,6487;0,1804;-0,7313;;False
977,97;6.83;pa025​;20250610_165733;1;TUG2;-0,4061;1,4953;3,4009;-0,1091;-0,6536;0,1805;-0,7269;;False
977,98;6.85;pa025​;20250610_165733;1;TUG2;-0,3974;1,4964;3,4028;-0,1079;-0,6587;0,1791;-0,7228;;False
977,99;6.86;pa025​;20250610_165733;1;TUG2;-0,3893;1,4971;3,4048;-0,1054;-0,6635;0,1779;-0,7190;;False
978,01;6.87;pa025​;20250610_165733;1;TUG2;-0,3815;1,4973;3,4068;-0,1018;-0,6689;0,1777;-0,7146;;False
978,02;6.89;pa025​;20250610_165733;1;TUG2;-0,3739;1,4973;3,4086;-0,0982;-0,6744;0,1784;-0,7097;;False
978,03;6.9;pa025​;20250610_165733;1;TUG2;-0,3665;1,4972;3,4103;-0,0956;-0,6799;0,1808;-0,7042;;False
978,05;6.92;pa025​;20250610_165733;1;TUG2;-0,3591;1,4970;3,4118;-0,0931;-0,6851;0,1841;-0,6986;;False
978,06;6.93;pa025​;20250610_165733;1;TUG2;-0,3521;1,4968;3,4134;-0,0910;-0,6906;0,1869;-0,6927;;False
978,08;6.94;pa025​;20250610_165733;1;TUG2;-0,3454;1,4965;3,4150;-0,0903;-0,6959;0,1898;-0,6867;;False
978,09;6.96;pa025​;20250610_165733;1;TUG2;-0,3389;1,4963;3,4166;-0,0901;-0,7010;0,1936;-0,6805;;False
978,10;6.97;pa025​;20250610_165733;1;TUG2;-0,3324;1,4961;3,4181;-0,0902;-0,7061;0,1973;-0,6741;;False
978,12;6.99;pa025​;20250610_165733;1;TUG2;-0,3260;1,4961;3,4195;-0,0901;-0,7115;0,1997;-0,6677;;False
978,13;7.0;pa025​;20250610_165733;1;TUG2;-0,3195;1,4963;3,4209;-0,0896;-0,7169;0,2009;-0,6615;;False
978,15;7.01;pa025​;20250610_165733;1;TUG2;-0,3131;1,4966;3,4223;-0,0889;-0,7222;0,2014;-0,6557;;False
978,16;7.03;pa025​;20250610_165733;1;TUG2;-0,3070;1,4971;3,4239;-0,0882;-0,7271;0,2015;-0,6503;;False
978,17;7.04;pa025​;20250610_165733;1;TUG2;-0,3011;1,4976;3,4256;-0,0883;-0,7317;0,2020;-0,6450;;False
978,19;7.05;pa025​;20250610_165733;1;TUG2;-0,2951;1,4980;3,4271;-0,0881;-0,7361;0,2020;-0,6400;;False
978,20;7.07;pa025​;20250610_165733;1;TUG2;-0,2890;1,4985;3,4284;-0,0877;-0,7403;0,2022;-0,6351;;False
978,22;7.08;pa025​;20250610_165733;1;TUG2;-0,2828;1,4989;3,4296;-0,0866;-0,7448;0,2014;-0,6303;;False
978,23;7.1;pa025​;20250610_165733;1;TUG2;-0,2769;1,4993;3,4310;-0,0856;-0,7492;0,2011;-0,6252;;False
978,24;7.11;pa025​;20250610_165733;1;TUG2;-0,2711;1,4994;3,4325;-0,0842;-0,7535;0,2011;-0,6203;;False
978,26;7.12;pa025​;20250610_165733;1;TUG2;-0,2650;1,4997;3,4340;-0,0833;-0,7576;0,2015;-0,6153;;False
978,27;7.14;pa025​;20250610_165733;1;TUG2;-0,2587;1,4999;3,4353;-0,0815;-0,7621;0,2012;-0,6101;;False
978,28;7.15;pa025​;20250610_165733;1;TUG2;-0,2522;1,5000;3,4367;-0,0793;-0,7667;0,2004;-0,6048;;False
978,30;7.17;pa025​;20250610_165733;1;TUG2;-0,2457;1,5002;3,4381;-0,0773;-0,7714;0,1994;-0,5994;;False
978,31;7.18;pa025​;20250610_165733;1;TUG2;-0,2392;1,5003;3,4401;-0,0749;-0,7765;0,1979;-0,5936;;False
978,33;7.19;pa025​;20250610_165733;1;TUG2;-0,2326;1,5003;3,4419;-0,0723;-0,7812;0,1965;-0,5881;Collision avec Chemin1 - Objet Parent Plot1;False
978,34;7.21;pa025​;20250610_165733;1;TUG2;-0,2259;1,5001;3,4437;-0,0698;-0,7858;0,1956;-0,5826;Collision avec Chemin1 - Objet Parent Plot1;False
978,35;7.22;pa025​;20250610_165733;1;TUG2;-0,2192;1,4997;3,4456;-0,0673;-0,7907;0,1941;-0,5766;Collision avec Chemin1 - Objet Parent Plot1;False
978,37;7.24;pa025​;20250610_165733;1;TUG2;-0,2124;1,4991;3,4475;-0,0650;-0,7953;0,1926;-0,5711;Collision avec Chemin1 - Objet Parent Plot1;False
978,38;7.25;pa025​;20250610_165733;1;TUG2;-0,2058;1,4983;3,4497;-0,0633;-0,7997;0,1913;-0,5656;Collision avec Chemin1 - Objet Parent Plot1;False
978,40;7.26;pa025​;20250610_165733;1;TUG2;-0,1993;1,4975;3,4519;-0,0625;-0,8039;0,1911;-0,5598;Collision avec Chemin1 - Objet Parent Plot1;False
978,41;7.28;pa025​;20250610_165733;1;TUG2;-0,1928;1,4969;3,4545;-0,0617;-0,8082;0,1911;-0,5536;Collision avec Chemin1 - Objet Parent Plot1;False
978,42;7.29;pa025​;20250610_165733;1;TUG2;-0,1860;1,4960;3,4568;-0,0605;-0,8125;0,1903;-0,5477;Collision avec Chemin1 - Objet Parent Plot1;False
978,44;7.3;pa025​;20250610_165733;1;TUG2;-0,1789;1,4952;3,4594;-0,0601;-0,8169;0,1901;-0,5412;Collision avec Chemin1 - Objet Parent Plot1;False
978,45;7.32;pa025​;20250610_165733;1;TUG2;-0,1719;1,4943;3,4620;-0,0590;-0,8214;0,1892;-0,5348;Collision avec Chemin1 - Objet Parent Plot1;False
978,46;7.33;pa025​;20250610_165733;1;TUG2;-0,1649;1,4934;3,4646;-0,0575;-0,8256;0,1876;-0,5290;Collision avec Chemin1 - Objet Parent Plot1;False
978,48;7.35;pa025​;20250610_165733;1;TUG2;-0,1581;1,4928;3,4672;-0,0561;-0,8301;0,1854;-0,5228;Collision avec Chemin1 - Objet Parent Plot1;False
978,49;7.36;pa025​;20250610_165733;1;TUG2;-0,1515;1,4920;3,4699;-0,0545;-0,8348;0,1829;-0,5165;Collision avec Chemin1 - Objet Parent Plot1;False
978,51;7.37;pa025​;20250610_165733;1;TUG2;-0,1446;1,4911;3,4725;-0,0533;-0,8392;0,1815;-0,5099;Collision avec Chemin1 - Objet Parent Plot1;False
978,52;7.39;pa025​;20250610_165733;1;TUG2;-0,1375;1,4905;3,4751;-0,0517;-0,8440;0,1812;-0,5021;Collision avec Chemin1 - Objet Parent Plot1;False
978,54;7.4;pa025​;20250610_165733;1;TUG2;-0,1301;1,4915;3,4775;-0,0503;-0,8484;0,1873;-0,4925;Collision avec Chemin1 - Objet Parent Plot1;False
978,55;7.42;pa025​;20250610_165733;1;TUG2;-0,1221;1,4930;3,4792;-0,0442;-0,8545;0,1890;-0,4818;Collision avec Chemin1 - Objet Parent Plot1;False
978,56;7.43;pa025​;20250610_165733;1;TUG2;-0,1146;1,4942;3,4810;-0,0399;-0,8614;0,1866;-0,4708;Collision avec Chemin1 - Objet Parent Plot1;False
978,58;7.44;pa025​;20250610_165733;1;TUG2;-0,1071;1,4953;3,4826;-0,0395;-0,8666;0,1867;-0,4611;Collision avec Chemin1 - Objet Parent Plot1;False
978,59;7.46;pa025​;20250610_165733;1;TUG2;-0,0992;1,4970;3,4841;-0,0389;-0,8718;0,1890;-0,4503;Collision avec Chemin1 - Objet Parent Plot1;False
978,60;7.47;pa025​;20250610_165733;1;TUG2;-0,0914;1,4986;3,4854;-0,0370;-0,8774;0,1900;-0,4390;Collision avec Chemin1 - Objet Parent Plot1;False
978,62;7.48;pa025​;20250610_165733;1;TUG2;-0,0834;1,5007;3,4866;-0,0362;-0,8826;0,1921;-0,4276;Collision avec Chemin1 - Objet Parent Plot1;False
978,63;7.5;pa025​;20250610_165733;1;TUG2;-0,0756;1,5025;3,4878;-0,0347;-0,8877;0,1929;-0,4167;Collision avec Chemin1 - Objet Parent Plot1;False
978,65;7.51;pa025​;20250610_165733;1;TUG2;-0,0679;1,5040;3,4888;-0,0336;-0,8926;0,1934;-0,4059;Collision avec Chemin1 - Objet Parent Plot1;False
978,66;7.53;pa025​;20250610_165733;1;TUG2;-0,0603;1,5052;3,4895;-0,0324;-0,8972;0,1931;-0,3959;Collision avec Chemin1 - Objet Parent Plot1;False
978,67;7.54;pa025​;20250610_165733;1;TUG2;-0,0526;1,5061;3,4902;-0,0307;-0,9018;0,1927;-0,3856;Collision avec Chemin1 - Objet Parent Plot1;False
978,69;7.55;pa025​;20250610_165733;1;TUG2;-0,0449;1,5067;3,4907;-0,0283;-0,9062;0,1918;-0,3758;Collision avec Chemin1 - Objet Parent Plot1;False
978,70;7.57;pa025​;20250610_165733;1;TUG2;-0,0374;1,5073;3,4910;-0,0249;-0,9105;0,1920;-0,3653;Collision avec Chemin1 - Objet Parent Plot1;False
978,72;7.58;pa025​;20250610_165733;1;TUG2;-0,0302;1,5079;3,4909;-0,0217;-0,9144;0,1929;-0,3553;Collision avec Chemin1 - Objet Parent Plot1;False
978,73;7.6;pa025​;20250610_165733;1;TUG2;-0,0230;1,5085;3,4906;-0,0192;-0,9181;0,1938;-0,3452;Collision avec Chemin1 - Objet Parent Plot1;False
978,74;7.61;pa025​;20250610_165733;1;TUG2;-0,0156;1,5091;3,4898;-0,0178;-0,9216;0,1952;-0,3350;Collision avec Chemin1 - Objet Parent Plot1;False
978,76;7.62;pa025​;20250610_165733;1;TUG2;-0,0081;1,5098;3,4885;-0,0163;-0,9252;0,1955;-0,3248;Collision avec Chemin1 - Objet Parent Plot1;False
978,77;7.64;pa025​;20250610_165733;1;TUG2;-0,0008;1,5103;3,4868;-0,0151;-0,9286;0,1954;-0,3150;Collision avec Chemin1 - Objet Parent Plot1;False
978,78;7.65;pa025​;20250610_165733;1;TUG2;0,0064;1,5107;3,4850;-0,0138;-0,9321;0,1955;-0,3046;Collision avec Chemin1 - Objet Parent Plot1;False
978,80;7.67;pa025​;20250610_165733;1;TUG2;0,0132;1,5108;3,4831;-0,0124;-0,9355;0,1955;-0,2942;Collision avec Chemin1 - Objet Parent Plot1;False
978,81;7.68;pa025​;20250610_165733;1;TUG2;0,0199;1,5108;3,4806;-0,0111;-0,9383;0,1963;-0,2844;Collision avec Chemin1 - Objet Parent Plot1;False
978,83;7.69;pa025​;20250610_165733;1;TUG2;0,0270;1,5110;3,4781;-0,0092;-0,9414;0,1972;-0,2733;Collision avec Chemin1 - Objet Parent Plot1;False
978,84;7.71;pa025​;20250610_165733;1;TUG2;0,0339;1,5110;3,4750;-0,0074;-0,9443;0,1980;-0,2629;Collision avec Chemin1 - Objet Parent Plot1;False
978,85;7.72;pa025​;20250610_165733;1;TUG2;0,0407;1,5111;3,4720;-0,0057;-0,9472;0,1988;-0,2514;Collision avec Chemin1 - Objet Parent Plot1;False
978,87;7.74;pa025​;20250610_165733;1;TUG2;0,0472;1,5109;3,4685;-0,0043;-0,9500;0,1985;-0,2409;Collision avec Chemin1 - Objet Parent Plot1;False
978,88;7.75;pa025​;20250610_165733;1;TUG2;0,0537;1,5109;3,4650;-0,0035;-0,9527;0,1986;-0,2298;Collision avec Chemin1 - Objet Parent Plot1;False
978,90;7.76;pa025​;20250610_165733;1;TUG2;0,0603;1,5107;3,4611;-0,0027;-0,9554;0,1977;-0,2196;Collision avec Chemin1 - Objet Parent Plot1;False
978,91;7.78;pa025​;20250610_165733;1;TUG2;0,0667;1,5106;3,4567;-0,0017;-0,9575;0,1973;-0,2104;Collision avec Chemin1 - Objet Parent Plot1;False
978,92;7.79;pa025​;20250610_165733;1;TUG2;0,0733;1,5101;3,4522;-0,0005;-0,9597;0,1958;-0,2015;Collision avec Chemin1 - Objet Parent Plot1;False
978,94;7.8;pa025​;20250610_165733;1;TUG2;0,0798;1,5097;3,4473;0,0005;-0,9615;0,1949;-0,1936;Collision avec Chemin1 - Objet Parent Plot1;False
978,95;7.82;pa025​;20250610_165733;1;TUG2;0,0863;1,5091;3,4424;0,0020;-0,9632;0,1941;-0,1862;Collision avec Chemin1 - Objet Parent Plot1;False
978,96;7.83;pa025​;20250610_165733;1;TUG2;0,0926;1,5085;3,4374;0,0040;-0,9646;0,1934;-0,1793;Collision avec Chemin1 - Objet Parent Plot1;False
978,98;7.85;pa025​;20250610_165733;1;TUG2;0,0989;1,5077;3,4322;0,0062;-0,9659;0,1927;-0,1727;Collision avec Chemin1 - Objet Parent Plot1;False
978,99;7.86;pa025​;20250610_165733;1;TUG2;0,1052;1,5067;3,4264;0,0092;-0,9673;0,1914;-0,1662;Collision avec Chemin1 - Objet Parent Plot1;False
979,01;7.88;pa025​;20250610_165733;1;TUG2;0,1114;1,5054;3,4203;0,0118;-0,9686;0,1901;-0,1600;Collision avec Chemin1 - Objet Parent Plot1;False
979,02;7.89;pa025​;20250610_165733;1;TUG2;0,1175;1,5042;3,4139;0,0142;-0,9697;0,1891;-0,1540;Collision avec Chemin1 - Objet Parent Plot1;False
979,03;7.9;pa025​;20250610_165733;1;TUG2;0,1235;1,5029;3,4075;0,0160;-0,9711;0,1869;-0,1479;Collision avec Chemin1 - Objet Parent Plot1;False
979,05;7.92;pa025​;20250610_165733;1;TUG2;0,1294;1,5017;3,4007;0,0173;-0,9720;0,1858;-0,1426;Collision avec Chemin1 - Objet Parent Plot1;False
979,06;7.93;pa025​;20250610_165733;1;TUG2;0,1353;1,5003;3,3934;0,0185;-0,9731;0,1836;-0,1379;Collision avec Chemin1 - Objet Parent Plot1;False
979,08;7.94;pa025​;20250610_165733;1;TUG2;0,1410;1,4988;3,3859;0,0197;-0,9741;0,1812;-0,1335;Collision avec Chemin1 - Objet Parent Plot1;False
979,09;7.96;pa025​;20250610_165733;1;TUG2;0,1466;1,4974;3,3780;0,0202;-0,9749;0,1794;-0,1302;Collision avec Chemin1 - Objet Parent Plot1;False
979,11;7.97;pa025​;20250610_165733;1;TUG2;0,1521;1,4962;3,3699;0,0202;-0,9757;0,1772;-0,1269;Collision avec Chemin1 - Objet Parent Plot1;False
979,12;7.99;pa025​;20250610_165733;1;TUG2;0,1574;1,4953;3,3616;0,0203;-0,9763;0,1757;-0,1245;Collision avec Chemin1 - Objet Parent Plot1;False
979,13;8.0;pa025​;20250610_165733;1;TUG2;0,1627;1,4955;3,3529;0,0213;-0,9764;0,1765;-0,1225;Collision avec Chemin1 - Objet Parent Plot1;False
979,15;8.01;pa025​;20250610_165733;1;TUG2;0,1683;1,4978;3,3432;0,0245;-0,9762;0,1795;-0,1194;Collision avec Chemin1 - Objet Parent Plot1;False
979,16;8.03;pa025​;20250610_165733;1;TUG2;0,1737;1,4990;3,3332;0,0285;-0,9776;0,1730;-0,1164;Collision avec Chemin1 - Objet Parent Plot1;False
979,17;8.04;pa025​;20250610_165733;1;TUG2;0,1786;1,5000;3,3238;0,0271;-0,9778;0,1730;-0,1146;Collision avec Chemin1 - Objet Parent Plot1;False
979,19;8.05;pa025​;20250610_165733;1;TUG2;0,1833;1,5007;3,3147;0,0263;-0,9782;0,1727;-0,1124;Collision avec Chemin1 - Objet Parent Plot1;False
979,20;8.07;pa025​;20250610_165733;1;TUG2;0,1877;1,5020;3,3057;0,0249;-0,9781;0,1752;-0,1100;Collision avec Chemin1 - Objet Parent Plot1;False
979,22;8.08;pa025​;20250610_165733;1;TUG2;0,1919;1,5036;3,2966;0,0227;-0,9779;0,1771;-0,1083;Collision avec Chemin1 - Objet Parent Plot1;False
979,23;8.1;pa025​;20250610_165733;1;TUG2;0,1964;1,5053;3,2876;0,0209;-0,9782;0,1774;-0,1063;Collision avec Chemin1 - Objet Parent Plot1;False
979,24;8.11;pa025​;20250610_165733;1;TUG2;0,2007;1,5067;3,2786;0,0197;-0,9786;0,1761;-0,1048;Collision avec Chemin1 - Objet Parent Plot1;False
979,26;8.12;pa025​;20250610_165733;1;TUG2;0,2051;1,5079;3,2702;0,0194;-0,9793;0,1734;-0,1026;Collision avec Chemin1 - Objet Parent Plot1;False
979,27;8.14;pa025​;20250610_165733;1;TUG2;0,2092;1,5086;3,2616;0,0200;-0,9801;0,1701;-0,1003;Collision avec Chemin1 - Objet Parent Plot1;False
979,29;8.15;pa025​;20250610_165733;1;TUG2;0,2132;1,5089;3,2534;0,0218;-0,9810;0,1664;-0,0977;Collision avec Chemin1 - Objet Parent Plot1;False
979,30;8.17;pa025​;20250610_165733;1;TUG2;0,2174;1,5093;3,2455;0,0242;-0,9814;0,1653;-0,0945;Collision avec Chemin1 - Objet Parent Plot1;False
979,31;8.18;pa025​;20250610_165733;1;TUG2;0,2215;1,5097;3,2375;0,0272;-0,9817;0,1654;-0,0906;Collision avec Chemin1 - Objet Parent Plot1;False
979,33;8.19;pa025​;20250610_165733;1;TUG2;0,2256;1,5099;3,2298;0,0292;-0,9820;0,1654;-0,0863;Collision avec Chemin1 - Objet Parent Plot1;False
979,34;8.21;pa025​;20250610_165733;1;TUG2;0,2297;1,5102;3,2222;0,0305;-0,9821;0,1670;-0,0821;Collision avec Chemin1 - Objet Parent Plot1;False
979,35;8.22;pa025​;20250610_165733;1;TUG2;0,2338;1,5105;3,2146;0,0316;-0,9820;0,1689;-0,0780;Collision avec Chemin1 - Objet Parent Plot1;False
979,37;8.24;pa025​;20250610_165733;1;TUG2;0,2379;1,5109;3,2071;0,0324;-0,9820;0,1710;-0,0736;Collision avec Chemin1 - Objet Parent Plot1;False
979,38;8.25;pa025​;20250610_165733;1;TUG2;0,2420;1,5115;3,1996;0,0329;-0,9820;0,1723;-0,0700;Collision avec Chemin1 - Objet Parent Plot1;False
979,40;8.26;pa025​;20250610_165733;1;TUG2;0,2463;1,5119;3,1920;0,0327;-0,9823;0,1721;-0,0666;Collision avec Chemin1 - Objet Parent Plot1;False
979,41;8.28;pa025​;20250610_165733;1;TUG2;0,2505;1,5124;3,1845;0,0323;-0,9825;0,1720;-0,0635;;False
979,42;8.29;pa025​;20250610_165733;1;TUG2;0,2546;1,5129;3,1770;0,0321;-0,9827;0,1723;-0,0601;;False
979,44;8.3;pa025​;20250610_165733;1;TUG2;0,2586;1,5134;3,1694;0,0316;-0,9828;0,1729;-0,0563;;False
979,45;8.32;pa025​;20250610_165733;1;TUG2;0,2626;1,5135;3,1618;0,0310;-0,9831;0,1727;-0,0527;;False
979,47;8.33;pa025​;20250610_165733;1;TUG2;0,2667;1,5140;3,1542;0,0304;-0,9834;0,1722;-0,0494;;False
979,48;8.35;pa025​;20250610_165733;1;TUG2;0,2708;1,5142;3,1466;0,0297;-0,9839;0,1703;-0,0461;;False
979,49;8.36;pa025​;20250610_165733;1;TUG2;0,2750;1,5144;3,1390;0,0291;-0,9844;0,1685;-0,0423;;False
979,51;8.37;pa025​;20250610_165733;1;TUG2;0,2792;1,5145;3,1313;0,0289;-0,9847;0,1672;-0,0385;;False
979,52;8.39;pa025​;20250610_165733;1;TUG2;0,2835;1,5142;3,1237;0,0281;-0,9853;0,1651;-0,0349;Collision avec Droite1 - Objet Parent Plot1;False
979,54;8.4;pa025​;20250610_165733;1;TUG2;0,2878;1,5138;3,1158;0,0280;-0,9857;0,1634;-0,0312;Collision avec Droite1 - Objet Parent Plot1;False
979,55;8.42;pa025​;20250610_165733;1;TUG2;0,2922;1,5133;3,1080;0,0280;-0,9860;0,1620;-0,0274;Collision avec Droite1 - Objet Parent Plot1;False
979,56;8.43;pa025​;20250610_165733;1;TUG2;0,2968;1,5127;3,1002;0,0280;-0,9864;0,1604;-0,0238;Collision avec Droite1 - Objet Parent Plot1;False
979,58;8.44;pa025​;20250610_165733;1;TUG2;0,3013;1,5120;3,0923;0,0285;-0,9866;0,1591;-0,0202;Collision avec Droite1 - Objet Parent Plot1;False
979,59;8.46;pa025​;20250610_165733;1;TUG2;0,3058;1,5110;3,0843;0,0285;-0,9869;0,1576;-0,0166;Collision avec Droite1 - Objet Parent Plot1;False
979,60;8.47;pa025​;20250610_165733;1;TUG2;0,3105;1,5098;3,0763;0,0286;-0,9873;0,1557;-0,0130;Collision avec Droite1 - Objet Parent Plot1;False
979,62;8.49;pa025​;20250610_165733;1;TUG2;0,3153;1,5086;3,0684;0,0293;-0,9876;0,1538;-0,0091;Collision avec Droite1 - Objet Parent Plot1;False
979,63;8.5;pa025​;20250610_165733;1;TUG2;0,3203;1,5073;3,0607;0,0295;-0,9879;0,1522;-0,0062;Collision avec Droite1 - Objet Parent Plot1;False
979,65;8.51;pa025​;20250610_165733;1;TUG2;0,3254;1,5060;3,0532;0,0298;-0,9880;0,1512;-0,0025;Collision avec Droite1 - Objet Parent Plot1;False
979,66;8.53;pa025​;20250610_165733;1;TUG2;0,3306;1,5048;3,0457;0,0295;-0,9881;0,1507;0,0012;Collision avec Droite1 - Objet Parent Plot1;False
979,67;8.54;pa025​;20250610_165733;1;TUG2;0,3360;1,5038;3,0383;0,0297;-0,9883;0,1497;0,0050;Collision avec Droite1 - Objet Parent Plot1;False
979,69;8.56;pa025​;20250610_165733;1;TUG2;0,3418;1,5030;3,0310;0,0300;-0,9884;0,1485;0,0092;Collision avec Droite1 - Objet Parent Plot1;False
979,70;8.57;pa025​;20250610_165733;1;TUG2;0,3476;1,5022;3,0238;0,0300;-0,9885;0,1475;0,0134;Collision avec Droite1 - Objet Parent Plot1;False
979,72;8.58;pa025​;20250610_165733;1;TUG2;0,3533;1,5012;3,0169;0,0301;-0,9885;0,1471;0,0177;Collision avec Droite1 - Objet Parent Plot1;False
979,73;8.6;pa025​;20250610_165733;1;TUG2;0,3590;1,5005;3,0101;0,0297;-0,9884;0,1473;0,0224;Collision avec Droite1 - Objet Parent Plot1;False
979,74;8.61;pa025​;20250610_165733;1;TUG2;0,3648;1,5003;3,0032;0,0295;-0,9881;0,1481;0,0275;Collision avec Droite1 - Objet Parent Plot1;False
979,76;8.62;pa025​;20250610_165733;1;TUG2;0,3703;1,5024;2,9955;0,0313;-0,9874;0,1518;0,0331;Collision avec Droite1 - Objet Parent Plot1;False
979,77;8.64;pa025​;20250610_165733;1;TUG2;0,3756;1,5048;2,9866;0,0337;-0,9881;0,1444;0,0408;Collision avec Droite1 - Objet Parent Plot1;False
979,79;8.65;pa025​;20250610_165733;1;TUG2;0,3809;1,5071;2,9783;0,0348;-0,9882;0,1419;0,0455;Collision avec Droite1 - Objet Parent Plot1;False
979,80;8.67;pa025​;20250610_165733;1;TUG2;0,3869;1,5085;2,9703;0,0345;-0,9886;0,1375;0,0502;Collision avec Droite1 - Objet Parent Plot1;False
979,81;8.68;pa025​;20250610_165733;1;TUG2;0,3926;1,5103;2,9624;0,0354;-0,9883;0,1379;0,0542;Collision avec Droite1 - Objet Parent Plot1;False
979,83;8.69;pa025​;20250610_165733;1;TUG2;0,3983;1,5123;2,9542;0,0364;-0,9878;0,1397;0,0585;Collision avec Droite1 - Objet Parent Plot1;False
979,84;8.71;pa025​;20250610_165733;1;TUG2;0,4038;1,5140;2,9460;0,0366;-0,9874;0,1406;0,0629;Collision avec Droite1 - Objet Parent Plot1;False
979,86;8.72;pa025​;20250610_165733;1;TUG2;0,4090;1,5155;2,9378;0,0356;-0,9870;0,1423;0,0664;Collision avec Droite1 - Objet Parent Plot1;False
979,87;8.74;pa025​;20250610_165733;1;TUG2;0,4143;1,5168;2,9294;0,0343;-0,9867;0,1430;0,0699;Collision avec Droite1 - Objet Parent Plot1;False
979,88;8.75;pa025​;20250610_165733;1;TUG2;0,4195;1,5178;2,9210;0,0328;-0,9866;0,1421;0,0729;Collision avec Droite1 - Objet Parent Plot1;False
979,90;8.76;pa025​;20250610_165733;1;TUG2;0,4245;1,5185;2,9125;0,0319;-0,9867;0,1403;0,0756;Collision avec Droite1 - Objet Parent Plot1;False
979,91;8.78;pa025​;20250610_165733;1;TUG2;0,4296;1,5194;2,9039;0,0299;-0,9869;0,1378;0,0778;Collision avec Droite1 - Objet Parent Plot1;False
979,92;8.79;pa025​;20250610_165733;1;TUG2;0,4341;1,5201;2,8950;0,0289;-0,9873;0,1345;0,0792;Collision avec Droite1 - Objet Parent Plot1;False
979,94;8.81;pa025​;20250610_165733;1;TUG2;0,4384;1,5207;2,8859;0,0279;-0,9877;0,1313;0,0804;Collision avec Droite1 - Objet Parent Plot1;False
979,95;8.82;pa025​;20250610_165733;1;TUG2;0,4427;1,5214;2,8769;0,0258;-0,9879;0,1296;0,0810;Collision avec Droite1 - Objet Parent Plot1;False
979,97;8.83;pa025​;20250610_165733;1;TUG2;0,4468;1,5220;2,8678;0,0238;-0,9881;0,1287;0,0812;Collision avec Droite1 - Objet Parent Plot1;False
979,98;8.85;pa025​;20250610_165733;1;TUG2;0,4506;1,5227;2,8587;0,0220;-0,9881;0,1289;0,0815;Collision avec Droite1 - Objet Parent Plot1;False
979,99;8.86;pa025​;20250610_165733;1;TUG2;0,4539;1,5231;2,8496;0,0204;-0,9880;0,1293;0,0817;Collision avec Droite1 - Objet Parent Plot1;False
980,01;8.87;pa025​;20250610_165733;1;TUG2;0,4570;1,5235;2,8404;0,0190;-0,9878;0,1305;0,0823;Collision avec Droite1 - Objet Parent Plot1;False
980,02;8.89;pa025​;20250610_165733;1;TUG2;0,4600;1,5238;2,8313;0,0180;-0,9876;0,1319;0,0835;Collision avec Droite1 - Objet Parent Plot1;False
980,04;8.9;pa025​;20250610_165733;1;TUG2;0,4627;1,5242;2,8221;0,0170;-0,9873;0,1330;0,0851;Collision avec Droite1 - Objet Parent Plot1;False
980,05;8.92;pa025​;20250610_165733;1;TUG2;0,4653;1,5246;2,8129;0,0160;-0,9870;0,1340;0,0869;Collision avec Droite1 - Objet Parent Plot1;False
980,06;8.93;pa025​;20250610_165733;1;TUG2;0,4676;1,5249;2,8037;0,0151;-0,9868;0,1347;0,0883;Collision avec Droite1 - Objet Parent Plot1;False
980,08;8.94;pa025​;20250610_165733;1;TUG2;0,4697;1,5250;2,7946;0,0142;-0,9866;0,1354;0,0896;Collision avec Droite1 - Objet Parent Plot1;False
980,09;8.96;pa025​;20250610_165733;1;TUG2;0,4716;1,5251;2,7854;0,0132;-0,9864;0,1365;0,0904;Collision avec Droite1 - Objet Parent Plot1;False
980,11;8.97;pa025​;20250610_165733;1;TUG2;0,4734;1,5251;2,7761;0,0121;-0,9862;0,1376;0,0914;Collision avec Droite1 - Objet Parent Plot1;False
980,12;8.99;pa025​;20250610_165733;1;TUG2;0,4750;1,5250;2,7668;0,0111;-0,9860;0,1383;0,0920;Collision avec Droite1 - Objet Parent Plot1;False
980,13;9.0;pa025​;20250610_165733;1;TUG2;0,4764;1,5248;2,7574;0,0100;-0,9860;0,1384;0,0929;Collision avec Droite1 - Objet Parent Plot1;False
980,15;9.01;pa025​;20250610_165733;1;TUG2;0,4777;1,5245;2,7480;0,0093;-0,9858;0,1386;0,0939;Collision avec Droite1 - Objet Parent Plot1;False
980,16;9.03;pa025​;20250610_165733;1;TUG2;0,4787;1,5240;2,7385;0,0090;-0,9858;0,1384;0,0951;Collision avec Droite1 - Objet Parent Plot1;False
980,17;9.04;pa025​;20250610_165733;1;TUG2;0,4795;1,5235;2,7288;0,0089;-0,9857;0,1380;0,0963;Collision avec Droite1 - Objet Parent Plot1;False
980,19;9.06;pa025​;20250610_165733;1;TUG2;0,4802;1,5228;2,7191;0,0091;-0,9856;0,1374;0,0976;Collision avec Droite1 - Objet Parent Plot1;False
980,20;9.07;pa025​;20250610_165733;1;TUG2;0,4806;1,5218;2,7092;0,0095;-0,9856;0,1370;0,0988;Collision avec Droite1 - Objet Parent Plot1;False
980,22;9.08;pa025​;20250610_165733;1;TUG2;0,4810;1,5208;2,6992;0,0102;-0,9855;0,1372;0,0998;Collision avec Droite1 - Objet Parent Plot1;False
980,23;9.1;pa025​;20250610_165733;1;TUG2;0,4809;1,5195;2,6892;0,0107;-0,9853;0,1373;0,1006;Collision avec Droite1 - Objet Parent Plot1;False
980,24;9.11;pa025​;20250610_165733;1;TUG2;0,4806;1,5180;2,6791;0,0108;-0,9853;0,1372;0,1012;Collision avec Droite1 - Objet Parent Plot1;False
980,26;9.12;pa025​;20250610_165733;1;TUG2;0,4801;1,5164;2,6688;0,0106;-0,9853;0,1369;0,1020;Collision avec Droite1 - Objet Parent Plot1;False
980,27;9.14;pa025​;20250610_165733;1;TUG2;0,4797;1,5148;2,6584;0,0103;-0,9852;0,1368;0,1029;Collision avec Droite1 - Objet Parent Plot1;False
980,29;9.15;pa025​;20250610_165733;1;TUG2;0,4790;1,5132;2,6479;0,0100;-0,9851;0,1366;0,1036;Collision avec Droite1 - Objet Parent Plot1;False
980,30;9.17;pa025​;20250610_165733;1;TUG2;0,4781;1,5116;2,6374;0,0098;-0,9851;0,1368;0,1042;Collision avec Droite1 - Objet Parent Plot1;False
980,31;9.18;pa025​;20250610_165733;1;TUG2;0,4766;1,5100;2,6270;0,0096;-0,9850;0,1368;0,1045;;False
980,33;9.19;pa025​;20250610_165733;1;TUG2;0,4750;1,5082;2,6166;0,0099;-0,9850;0,1367;0,1045;;False
980,34;9.21;pa025​;20250610_165733;1;TUG2;0,4733;1,5065;2,6062;0,0101;-0,9851;0,1366;0,1044;;False
980,35;9.22;pa025​;20250610_165733;1;TUG2;0,4715;1,5049;2,5957;0,0104;-0,9851;0,1365;0,1043;;False
980,37;9.24;pa025​;20250610_165733;1;TUG2;0,4694;1,5034;2,5851;0,0106;-0,9851;0,1364;0,1042;;False
980,38;9.25;pa025​;20250610_165733;1;TUG2;0,4670;1,5020;2,5746;0,0104;-0,9852;0,1359;0,1038;;False
980,40;9.26;pa025​;20250610_165733;1;TUG2;0,4643;1,5008;2,5640;0,0104;-0,9853;0,1352;0,1036;;False
980,41;9.28;pa025​;20250610_165733;1;TUG2;0,4614;1,4999;2,5532;0,0102;-0,9855;0,1341;0,1031;;False
980,42;9.29;pa025​;20250610_165733;1;TUG2;0,4584;1,4995;2,5425;0,0105;-0,9856;0,1345;0,1019;;False
980,44;9.31;pa025​;20250610_165733;1;TUG2;0,4550;1,5028;2,5301;0,0122;-0,9849;0,1401;0,1013;;False
980,45;9.32;pa025​;20250610_165733;1;TUG2;0,4519;1,5029;2,5185;0,0135;-0,9864;0,1286;0,1018;;False
980,47;9.33;pa025​;20250610_165733;1;TUG2;0,4482;1,5045;2,5067;0,0138;-0,9858;0,1332;0,1014;;False
980,48;9.35;pa025​;20250610_165733;1;TUG2;0,4447;1,5062;2,4952;0,0120;-0,9855;0,1347;0,1022;;False
980,49;9.36;pa025​;20250610_165733;1;TUG2;0,4412;1,5076;2,4838;0,0113;-0,9852;0,1369;0,1023;;False
980,51;9.37;pa025​;20250610_165733;1;TUG2;0,4377;1,5091;2,4727;0,0097;-0,9846;0,1420;0,1016;;False
980,52;9.39;pa025​;20250610_165733;1;TUG2;0,4343;1,5109;2,4617;0,0081;-0,9840;0,1468;0,1007;;False
980,54;9.4;pa025​;20250610_165733;1;TUG2;0,4311;1,5125;2,4505;0,0081;-0,9839;0,1485;0,0996;;False
980,55;9.42;pa025​;20250610_165733;1;TUG2;0,4278;1,5137;2,4397;0,0081;-0,9839;0,1487;0,0988;;False
980,56;9.43;pa025​;20250610_165733;1;TUG2;0,4246;1,5142;2,4291;0,0082;-0,9842;0,1472;0,0982;;False
980,58;9.44;pa025​;20250610_165733;1;TUG2;0,4217;1,5146;2,4186;0,0092;-0,9844;0,1459;0,0983;;False
980,59;9.46;pa025​;20250610_165733;1;TUG2;0,4188;1,5153;2,4079;0,0116;-0,9843;0,1457;0,0989;;False
980,60;9.47;pa025​;20250610_165733;1;TUG2;0,4160;1,5158;2,3972;0,0137;-0,9843;0,1452;0,0998;;False
980,62;9.49;pa025​;20250610_165733;1;TUG2;0,4133;1,5162;2,3866;0,0154;-0,9841;0,1456;0,1008;;False
980,63;9.5;pa025​;20250610_165733;1;TUG2;0,4107;1,5165;2,3761;0,0172;-0,9837;0,1474;0,1019;;False
980,65;9.51;pa025​;20250610_165733;1;TUG2;0,4082;1,5168;2,3657;0,0189;-0,9830;0,1506;0,1030;;False
980,66;9.53;pa025​;20250610_165733;1;TUG2;0,4058;1,5171;2,3552;0,0206;-0,9824;0,1533;0,1043;;False
980,67;9.54;pa025​;20250610_165733;1;TUG2;0,4035;1,5173;2,3447;0,0220;-0,9819;0,1554;0,1056;;False
980,69;9.56;pa025​;20250610_165733;1;TUG2;0,4015;1,5176;2,3343;0,0224;-0,9816;0,1573;0,1063;;False
980,70;9.57;pa025​;20250610_165733;1;TUG2;0,3996;1,5177;2,3239;0,0226;-0,9812;0,1594;0,1064;;False
980,72;9.58;pa025​;20250610_165733;1;TUG2;0,3978;1,5177;2,3136;0,0231;-0,9809;0,1612;0,1061;;False
980,73;9.6;pa025​;20250610_165733;1;TUG2;0,3961;1,5178;2,3032;0,0234;-0,9807;0,1631;0,1056;;False
980,74;9.61;pa025​;20250610_165733;1;TUG2;0,3945;1,5177;2,2929;0,0235;-0,9805;0,1645;0,1046;;False
980,76;9.62;pa025​;20250610_165733;1;TUG2;0,3930;1,5174;2,2827;0,0232;-0,9804;0,1659;0,1034;;False
980,77;9.64;pa025​;20250610_165733;1;TUG2;0,3915;1,5171;2,2725;0,0228;-0,9804;0,1669;0,1022;;False
980,78;9.65;pa025​;20250610_165733;1;TUG2;0,3901;1,5165;2,2623;0,0223;-0,9804;0,1674;0,1011;;False
980,80;9.67;pa025​;20250610_165733;1;TUG2;0,3887;1,5159;2,2521;0,0223;-0,9803;0,1683;0,1006;;False
980,81;9.68;pa025​;20250610_165733;1;TUG2;0,3874;1,5153;2,2418;0,0223;-0,9803;0,1686;0,1004;;False
980,83;9.69;pa025​;20250610_165733;1;TUG2;0,3862;1,5146;2,2314;0,0222;-0,9803;0,1685;0,1005;;False
980,84;9.71;pa025​;20250610_165733;1;TUG2;0,3851;1,5139;2,2210;0,0216;-0,9804;0,1682;0,1006;;False
980,86;9.72;pa025​;20250610_165733;1;TUG2;0,3841;1,5131;2,2106;0,0207;-0,9804;0,1678;0,1008;;False
980,87;9.74;pa025​;20250610_165733;1;TUG2;0,3831;1,5122;2,2000;0,0197;-0,9806;0,1672;0,1009;;False
980,88;9.75;pa025​;20250610_165733;1;TUG2;0,3822;1,5113;2,1894;0,0183;-0,9807;0,1660;0,1012;;False
980,90;9.76;pa025​;20250610_165733;1;TUG2;0,3815;1,5105;2,1786;0,0170;-0,9810;0,1643;0,1015;;False
980,91;9.78;pa025​;20250610_165733;1;TUG2;0,3808;1,5096;2,1678;0,0157;-0,9814;0,1621;0,1019;;False
980,92;9.79;pa025​;20250610_165733;1;TUG2;0,3802;1,5087;2,1570;0,0141;-0,9817;0,1597;0,1024;;False
980,94;9.81;pa025​;20250610_165733;1;TUG2;0,3798;1,5075;2,1462;0,0130;-0,9822;0,1566;0,1030;;False
980,95;9.82;pa025​;20250610_165733;1;TUG2;0,3794;1,5064;2,1355;0,0121;-0,9825;0,1543;0,1038;;False
980,97;9.83;pa025​;20250610_165733;1;TUG2;0,3792;1,5053;2,1247;0,0113;-0,9826;0,1527;0,1052;;False
980,98;9.85;pa025​;20250610_165733;1;TUG2;0,3791;1,5042;2,1140;0,0106;-0,9826;0,1514;0,1066;;False
980,99;9.86;pa025​;20250610_165733;1;TUG2;0,3792;1,5031;2,1034;0,0097;-0,9826;0,1504;0,1084;;False
981,01;9.88;pa025​;20250610_165733;1;TUG2;0,3794;1,5021;2,0926;0,0086;-0,9825;0,1496;0,1102;;False
981,02;9.89;pa025​;20250610_165733;1;TUG2;0,3797;1,5012;2,0818;0,0072;-0,9825;0,1488;0,1120;;False
981,03;9.9;pa025​;20250610_165733;1;TUG2;0,3801;1,5005;2,0710;0,0058;-0,9824;0,1481;0,1139;;False
981,05;9.92;pa025​;20250610_165733;1;TUG2;0,3808;1,4998;2,0602;0,0050;-0,9822;0,1474;0,1160;;False
981,06;9.93;pa025​;20250610_165733;1;TUG2;0,3815;1,4992;2,0495;0,0050;-0,9821;0,1467;0,1184;;False
981,08;9.94;pa025​;20250610_165733;1;TUG2;0,3823;1,4993;2,0388;0,0057;-0,9816;0,1478;0,1209;;False
981,09;9.96;pa025​;20250610_165733;1;TUG2;0,3824;1,5029;2,0267;0,0080;-0,9803;0,1540;0,1234;;False
981,10;9.97;pa025​;20250610_165733;1;TUG2;0,3833;1,5045;2,0146;0,0083;-0,9817;0,1411;0,1275;;False
981,12;9.99;pa025​;20250610_165733;1;TUG2;0,3835;1,5072;2,0026;0,0080;-0,9812;0,1442;0,1281;;False
981,13;10.0;pa025​;20250610_165733;1;TUG2;0,3844;1,5094;1,9911;0,0073;-0,9814;0,1407;0,1304;;False
981,15;10.01;pa025​;20250610_165733;1;TUG2;0,3848;1,5117;1,9797;0,0079;-0,9810;0,1415;0,1322;;False
981,16;10.03;pa025​;20250610_165733;1;TUG2;0,3854;1,5140;1,9686;0,0072;-0,9806;0,1434;0,1337;;False
981,17;10.04;pa025​;20250610_165733;1;TUG2;0,3859;1,5165;1,9575;0,0069;-0,9802;0,1451;0,1349;;False
981,19;10.06;pa025​;20250610_165733;1;TUG2;0,3865;1,5187;1,9466;0,0061;-0,9800;0,1451;0,1361;;False
981,20;10.07;pa025​;20250610_165733;1;TUG2;0,3870;1,5203;1,9359;0,0045;-0,9800;0,1440;0,1370;;False
981,22;10.08;pa025​;20250610_165733;1;TUG2;0,3873;1,5215;1,9252;0,0029;-0,9803;0,1416;0,1376;;False
981,23;10.1;pa025​;20250610_165733;1;TUG2;0,3876;1,5224;1,9147;0,0014;-0,9806;0,1390;0,1381;;False
981,24;10.11;pa025​;20250610_165733;1;TUG2;0,3876;1,5232;1,9043;0,0000;-0,9809;0,1370;0,1383;;False
981,26;10.12;pa025​;20250610_165733;1;TUG2;0,3876;1,5240;1,8938;-0,0015;-0,9811;0,1354;0,1383;;False
981,27;10.14;pa025​;20250610_165733;1;TUG2;0,3874;1,5246;1,8833;-0,0029;-0,9814;0,1341;0,1377;;False
981,29;10.15;pa025​;20250610_165733;1;TUG2;0,3870;1,5252;1,8729;-0,0042;-0,9814;0,1344;0,1368;;False
981,30;10.17;pa025​;20250610_165733;1;TUG2;0,3865;1,5257;1,8624;-0,0054;-0,9814;0,1353;0,1358;;False
981,31;10.18;pa025​;20250610_165733;1;TUG2;0,3857;1,5262;1,8522;-0,0066;-0,9814;0,1364;0,1347;;False
981,33;10.19;pa025​;20250610_165733;1;TUG2;0,3848;1,5263;1,8421;-0,0081;-0,9814;0,1378;0,1334;;False
981,34;10.21;pa025​;20250610_165733;1;TUG2;0,3837;1,5264;1,8321;-0,0090;-0,9813;0,1398;0,1322;;False
981,35;10.22;pa025​;20250610_165733;1;TUG2;0,3825;1,5264;1,8222;-0,0093;-0,9810;0,1421;0,1315;;False
981,37;10.24;pa025​;20250610_165733;1;TUG2;0,3812;1,5266;1,8122;-0,0090;-0,9808;0,1444;0,1308;;False
981,38;10.25;pa025​;20250610_165733;1;TUG2;0,3798;1,5266;1,8023;-0,0088;-0,9807;0,1459;0,1299;;False
981,40;10.26;pa025​;20250610_165733;1;TUG2;0,3782;1,5267;1,7924;-0,0087;-0,9806;0,1473;0,1287;;False
981,41;10.28;pa025​;20250610_165733;1;TUG2;0,3764;1,5266;1,7828;-0,0088;-0,9806;0,1486;0,1278;;False
981,42;10.29;pa025​;20250610_165733;1;TUG2;0,3745;1,5265;1,7733;-0,0087;-0,9805;0,1500;0,1269;;False
981,44;10.3;pa025​;20250610_165733;1;TUG2;0,3724;1,5264;1,7638;-0,0083;-0,9804;0,1509;0,1264;;False
981,45;10.32;pa025​;20250610_165733;1;TUG2;0,3702;1,5263;1,7542;-0,0077;-0,9803;0,1516;0,1260;;False
981,47;10.33;pa025​;20250610_165733;1;TUG2;0,3677;1,5261;1,7447;-0,0069;-0,9803;0,1519;0,1258;;False
981,48;10.35;pa025​;20250610_165733;1;TUG2;0,3651;1,5259;1,7352;-0,0061;-0,9803;0,1519;0,1260;;False
981,49;10.36;pa025​;20250610_165733;1;TUG2;0,3623;1,5257;1,7256;-0,0052;-0,9804;0,1515;0,1263;;False
981,51;10.37;pa025​;20250610_165733;1;TUG2;0,3594;1,5253;1,7160;-0,0043;-0,9804;0,1507;0,1269;;False
981,52;10.39;pa025​;20250610_165733;1;TUG2;0,3564;1,5248;1,7063;-0,0037;-0,9804;0,1499;0,1275;;False
981,54;10.4;pa025​;20250610_165733;1;TUG2;0,3532;1,5242;1,6964;-0,0033;-0,9806;0,1484;0,1283;;False
981,55;10.42;pa025​;20250610_165733;1;TUG2;0,3499;1,5235;1,6865;-0,0027;-0,9808;0,1465;0,1290;;False
981,56;10.43;pa025​;20250610_165733;1;TUG2;0,3465;1,5224;1,6765;-0,0026;-0,9810;0,1444;0,1295;;False
981,58;10.44;pa025​;20250610_165733;1;TUG2;0,3431;1,5213;1,6664;-0,0027;-0,9812;0,1427;0,1296;;False
981,59;10.46;pa025​;20250610_165733;1;TUG2;0,3395;1,5199;1,6565;-0,0032;-0,9815;0,1413;0,1294;;False
981,61;10.47;pa025​;20250610_165733;1;TUG2;0,3359;1,5183;1,6463;-0,0033;-0,9816;0,1407;0,1289;;False
981,62;10.49;pa025​;20250610_165733;1;TUG2;0,3323;1,5165;1,6365;-0,0033;-0,9817;0,1405;0,1283;;False
981,63;10.5;pa025​;20250610_165733;1;TUG2;0,3282;1,5146;1,6265;-0,0034;-0,9818;0,1409;0,1273;;False
981,65;10.51;pa025​;20250610_165733;1;TUG2;0,3241;1,5127;1,6168;-0,0034;-0,9818;0,1418;0,1264;;False
981,66;10.53;pa025​;20250610_165733;1;TUG2;0,3198;1,5108;1,6069;-0,0033;-0,9818;0,1423;0,1255;;False
981,67;10.54;pa025​;20250610_165733;1;TUG2;0,3152;1,5090;1,5971;-0,0031;-0,9819;0,1426;0,1244;;False
981,69;10.56;pa025​;20250610_165733;1;TUG2;0,3105;1,5074;1,5873;-0,0032;-0,9820;0,1429;0,1235;;False
981,70;10.57;pa025​;20250610_165733;1;TUG2;0,3056;1,5059;1,5774;-0,0034;-0,9822;0,1424;0,1223;;False
981,72;10.58;pa025​;20250610_165733;1;TUG2;0,3004;1,5047;1,5675;-0,0043;-0,9825;0,1418;0,1207;;False
981,73;10.6;pa025​;20250610_165733;1;TUG2;0,2952;1,5047;1,5577;-0,0051;-0,9825;0,1435;0,1188;;False
981,74;10.61;pa025​;20250610_165733;1;TUG2;0,2889;1,5096;1,5447;-0,0058;-0,9818;0,1491;0,1174;;False
981,76;10.62;pa025​;20250610_165733;1;TUG2;0,2841;1,5089;1,5344;-0,0051;-0,9844;0,1328;0,1154;;False
981,77;10.64;pa025​;20250610_165733;1;TUG2;0,2780;1,5102;1,5228;-0,0041;-0,9837;0,1391;0,1135;;False
981,79;10.65;pa025​;20250610_165733;1;TUG2;0,2721;1,5120;1,5123;-0,0042;-0,9834;0,1417;0,1134;;False
981,80;10.67;pa025​;20250610_165733;1;TUG2;0,2663;1,5135;1,5013;-0,0033;-0,9833;0,1430;0,1128;;False
981,81;10.68;pa025​;20250610_165733;1;TUG2;0,2604;1,5151;1,4908;-0,0029;-0,9828;0,1468;0,1120;;False
981,83;10.69;pa025​;20250610_165733;1;TUG2;0,2547;1,5165;1,4804;-0,0026;-0,9823;0,1506;0,1117;;False
981,84;10.71;pa025​;20250610_165733;1;TUG2;0,2493;1,5181;1,4700;-0,0025;-0,9820;0,1526;0,1114;;False
981,85;10.72;pa025​;20250610_165733;1;TUG2;0,2440;1,5194;1,4595;-0,0020;-0,9821;0,1526;0,1108;;False
981,87;10.74;pa025​;20250610_165733;1;TUG2;0,2386;1,5205;1,4492;-0,0017;-0,9823;0,1515;0,1102;;False
981,88;10.75;pa025​;20250610_165733;1;TUG2;0,2335;1,5212;1,4391;-0,0017;-0,9826;0,1495;0,1100;;False
981,90;10.76;pa025​;20250610_165733;1;TUG2;0,2286;1,5219;1,4290;-0,0013;-0,9829;0,1480;0,1098;;False
981,91;10.78;pa025​;20250610_165733;1;TUG2;0,2237;1,5226;1,4188;-0,0001;-0,9830;0,1469;0,1098;;False
981,92;10.79;pa025​;20250610_165733;1;TUG2;0,2191;1,5233;1,4084;0,0014;-0,9831;0,1464;0,1100;;False
981,94;10.81;pa025​;20250610_165733;1;TUG2;0,2148;1,5237;1,3983;0,0035;-0,9830;0,1469;0,1105;;False
981,95;10.82;pa025​;20250610_165733;1;TUG2;0,2104;1,5241;1,3881;0,0059;-0,9825;0,1496;0,1111;;False
981,97;10.83;pa025​;20250610_165733;1;TUG2;0,2062;1,5247;1,3779;0,0084;-0,9819;0,1521;0,1121;;False
981,98;10.85;pa025​;20250610_165733;1;TUG2;0,2020;1,5251;1,3676;0,0103;-0,9816;0,1536;0,1130;;False
981,99;10.86;pa025​;20250610_165733;1;TUG2;0,1982;1,5255;1,3573;0,0116;-0,9813;0,1549;0,1141;;False
982,01;10.87;pa025​;20250610_165733;1;TUG2;0,1944;1,5256;1,3469;0,0123;-0,9810;0,1561;0,1144;;False
982,02;10.89;pa025​;20250610_165733;1;TUG2;0,1908;1,5257;1,3366;0,0122;-0,9808;0,1578;0,1140;;False
982,04;10.9;pa025​;20250610_165733;1;TUG2;0,1873;1,5257;1,3265;0,0120;-0,9806;0,1598;0,1130;;False
982,05;10.92;pa025​;20250610_165733;1;TUG2;0,1840;1,5256;1,3164;0,0116;-0,9804;0,1620;0,1112;;False
982,06;10.93;pa025​;20250610_165733;1;TUG2;0,1807;1,5253;1,3063;0,0113;-0,9804;0,1639;0,1091;;False
982,08;10.94;pa025​;20250610_165733;1;TUG2;0,1775;1,5248;1,2963;0,0109;-0,9804;0,1654;0,1068;;False
982,09;10.96;pa025​;20250610_165733;1;TUG2;0,1744;1,5242;1,2865;0,0104;-0,9804;0,1664;0,1046;;False
982,11;10.97;pa025​;20250610_165733;1;TUG2;0,1713;1,5236;1,2766;0,0097;-0,9806;0,1669;0,1027;;False
982,12;10.99;pa025​;20250610_165733;1;TUG2;0,1682;1,5229;1,2664;0,0092;-0,9807;0,1673;0,1012;;False
982,13;11.0;pa025​;20250610_165733;1;TUG2;0,1651;1,5220;1,2563;0,0089;-0,9808;0,1672;0,1004;;False
982,15;11.01;pa025​;20250610_165733;1;TUG2;0,1620;1,5210;1,2461;0,0083;-0,9808;0,1673;0,0999;;False
982,16;11.03;pa025​;20250610_165733;1;TUG2;0,1591;1,5197;1,2359;0,0073;-0,9809;0,1671;0,0996;;False
982,17;11.04;pa025​;20250610_165733;1;TUG2;0,1564;1,5184;1,2257;0,0057;-0,9809;0,1672;0,0995;;False
982,19;11.06;pa025​;20250610_165733;1;TUG2;0,1537;1,5169;1,2153;0,0040;-0,9809;0,1672;0,0993;;False
982,20;11.07;pa025​;20250610_165733;1;TUG2;0,1511;1,5151;1,2050;0,0023;-0,9808;0,1677;0,0991;;False
982,22;11.08;pa025​;20250610_165733;1;TUG2;0,1486;1,5133;1,1944;0,0003;-0,9808;0,1684;0,0985;;False
982,23;11.1;pa025​;20250610_165733;1;TUG2;0,1464;1,5116;1,1838;-0,0013;-0,9807;0,1689;0,0981;;False
982,24;11.11;pa025​;20250610_165733;1;TUG2;0,1444;1,5096;1,1734;-0,0025;-0,9808;0,1689;0,0975;;False
982,26;11.13;pa025​;20250610_165733;1;TUG2;0,1425;1,5078;1,1628;-0,0033;-0,9807;0,1698;0,0971;;False
982,27;11.14;pa025​;20250610_165733;1;TUG2;0,1407;1,5062;1,1522;-0,0039;-0,9805;0,1712;0,0967;;False
982,29;11.15;pa025​;20250610_165733;1;TUG2;0,1391;1,5046;1,1414;-0,0047;-0,9803;0,1722;0,0968;;False
982,30;11.17;pa025​;20250610_165733;1;TUG2;0,1375;1,5033;1,1305;-0,0056;-0,9801;0,1734;0,0968;;False
982,31;11.18;pa025​;20250610_165733;1;TUG2;0,1361;1,5021;1,1195;-0,0069;-0,9799;0,1740;0,0972;;False
982,33;11.19;pa025​;20250610_165733;1;TUG2;0,1348;1,5011;1,1083;-0,0084;-0,9799;0,1738;0,0974;;False
982,34;11.21;pa025​;20250610_165733;1;TUG2;0,1338;1,5004;1,0970;-0,0098;-0,9799;0,1734;0,0977;;False
982,35;11.22;pa025​;20250610_165733;1;TUG2;0,1327;1,4996;1,0855;-0,0108;-0,9800;0,1732;0,0977;;False
982,37;11.24;pa025​;20250610_165733;1;TUG2;0,1317;1,4992;1,0738;-0,0118;-0,9800;0,1729;0,0980;;False
982,38;11.25;pa025​;20250610_165733;1;TUG2;0,1307;1,4987;1,0624;-0,0121;-0,9799;0,1735;0,0979;;False
982,40;11.26;pa025​;20250610_165733;1;TUG2;0,1294;1,5009;1,0504;-0,0116;-0,9786;0,1811;0,0974;;False
982,41;11.28;pa025​;20250610_165733;1;TUG2;0,1283;1,5035;1,0369;-0,0123;-0,9792;0,1769;0,0986;;False
982,42;11.29;pa025​;20250610_165733;1;TUG2;0,1272;1,5046;1,0250;-0,0114;-0,9799;0,1731;0,0979;;False
982,44;11.31;pa025​;20250610_165733;1;TUG2;0,1259;1,5067;1,0123;-0,0135;-0,9796;0,1749;0,0976;;False
982,45;11.32;pa025​;20250610_165733;1;TUG2;0,1249;1,5076;1,0006;-0,0133;-0,9798;0,1745;0,0969;;False
982,47;11.33;pa025​;20250610_165733;1;TUG2;0,1238;1,5086;0,9889;-0,0137;-0,9794;0,1773;0,0959;;False
982,48;11.35;pa025​;20250610_165733;1;TUG2;0,1228;1,5095;0,9776;-0,0143;-0,9786;0,1826;0,0943;;False
982,49;11.36;pa025​;20250610_165733;1;TUG2;0,1218;1,5103;0,9661;-0,0142;-0,9782;0,1850;0,0927;;False
982,51;11.38;pa025​;20250610_165733;1;TUG2;0,1206;1,5107;0,9545;-0,0148;-0,9786;0,1839;0,0907;;False
982,52;11.39;pa025​;20250610_165733;1;TUG2;0,1192;1,5109;0,9430;-0,0163;-0,9791;0,1827;0,0881;;False
982,54;11.4;pa025​;20250610_165733;1;TUG2;0,1177;1,5112;0,9315;-0,0183;-0,9793;0,1824;0,0855;;False
982,55;11.42;pa025​;20250610_165733;1;TUG2;0,1161;1,5114;0,9202;-0,0202;-0,9794;0,1830;0,0828;;False
982,56;11.43;pa025​;20250610_165733;1;TUG2;0,1145;1,5112;0,9090;-0,0223;-0,9793;0,1846;0,0800;;False
982,58;11.44;pa025​;20250610_165733;1;TUG2;0,1128;1,5112;0,8979;-0,0244;-0,9788;0,1880;0,0769;;False
982,59;11.46;pa025​;20250610_165733;1;TUG2;0,1111;1,5113;0,8868;-0,0270;-0,9783;0,1916;0,0737;;False
982,60;11.47;pa025​;20250610_165733;1;TUG2;0,1092;1,5113;0,8755;-0,0287;-0,9780;0,1949;0,0692;;False
982,62;11.49;pa025​;20250610_165733;1;TUG2;0,1075;1,5112;0,8645;-0,0295;-0,9776;0,1977;0,0653;;False
982,63;11.5;pa025​;20250610_165733;1;TUG2;0,1058;1,5111;0,8536;-0,0296;-0,9772;0,2012;0,0614;;False
982,65;11.51;pa025​;20250610_165733;1;TUG2;0,1041;1,5108;0,8429;-0,0294;-0,9767;0,2046;0,0576;;False
982,66;11.53;pa025​;20250610_165733;1;TUG2;0,1024;1,5107;0,8322;-0,0291;-0,9760;0,2091;0,0541;;False
982,67;11.54;pa025​;20250610_165733;1;TUG2;0,1006;1,5105;0,8216;-0,0293;-0,9753;0,2129;0,0506;;False
982,69;11.56;pa025​;20250610_165733;1;TUG2;0,0987;1,5103;0,8111;-0,0297;-0,9748;0,2157;0,0475;;False
982,70;11.57;pa025​;20250610_165733;1;TUG2;0,0969;1,5103;0,8006;-0,0309;-0,9744;0,2180;0,0449;;False
982,72;11.58;pa025​;20250610_165733;1;TUG2;0,0950;1,5103;0,7901;-0,0331;-0,9742;0,2193;0,0421;;False
982,73;11.6;pa025​;20250610_165733;1;TUG2;0,0931;1,5101;0,7797;-0,0349;-0,9741;0,2198;0,0388;;False
982,74;11.61;pa025​;20250610_165733;1;TUG2;0,0913;1,5100;0,7692;-0,0372;-0,9742;0,2198;0,0360;;False
982,76;11.62;pa025​;20250610_165733;1;TUG2;0,0895;1,5099;0,7585;-0,0395;-0,9741;0,2200;0,0329;;False
982,77;11.64;pa025​;20250610_165733;1;TUG2;0,0877;1,5097;0,7478;-0,0419;-0,9742;0,2197;0,0288;;False
982,78;11.65;pa025​;20250610_165733;1;TUG2;0,0859;1,5092;0,7371;-0,0436;-0,9744;0,2192;0,0249;;False
982,80;11.67;pa025​;20250610_165733;1;TUG2;0,0840;1,5086;0,7264;-0,0456;-0,9745;0,2188;0,0202;;False
982,81;11.68;pa025​;20250610_165733;1;TUG2;0,0822;1,5079;0,7155;-0,0476;-0,9746;0,2184;0,0152;;False
982,83;11.69;pa025​;20250610_165733;1;TUG2;0,0804;1,5070;0,7046;-0,0495;-0,9747;0,2179;0,0099;;False
982,84;11.71;pa025​;20250610_165733;1;TUG2;0,0786;1,5057;0,6937;-0,0524;-0,9747;0,2174;0,0042;;False
982,85;11.72;pa025​;20250610_165733;1;TUG2;0,0768;1,5044;0,6826;-0,0552;-0,9747;0,2167;-0,0020;;False
982,87;11.74;pa025​;20250610_165733;1;TUG2;0,0751;1,5028;0,6718;-0,0584;-0,9745;0,2164;-0,0093;;False
982,88;11.75;pa025​;20250610_165733;1;TUG2;0,0735;1,5011;0,6610;-0,0619;-0,9741;0,2167;-0,0173;;False
982,90;11.76;pa025​;20250610_165733;1;TUG2;0,0720;1,4995;0,6502;-0,0657;-0,9734;0,2178;-0,0255;;False
982,91;11.78;pa025​;20250610_165733;1;TUG2;0,0703;1,4975;0,6393;-0,0691;-0,9728;0,2186;-0,0347;;False
982,92;11.79;pa025​;20250610_165733;1;TUG2;0,0689;1,4953;0,6288;-0,0731;-0,9719;0,2196;-0,0435;;False
982,94;11.81;pa025​;20250610_165733;1;TUG2;0,0674;1,4931;0,6183;-0,0776;-0,9708;0,2208;-0,0527;;False
982,95;11.82;pa025​;20250610_165733;1;TUG2;0,0659;1,4911;0,6083;-0,0824;-0,9696;0,2221;-0,0621;;False
982,97;11.83;pa025​;20250610_165733;1;TUG2;0,0645;1,4898;0,5984;-0,0882;-0,9677;0,2249;-0,0717;;False
982,98;11.85;pa025​;20250610_165733;1;TUG2;0,0633;1,4923;0,5863;-0,0961;-0,9636;0,2355;-0,0822;;False
982,99;11.86;pa025​;20250610_165733;1;TUG2;0,0633;1,4924;0,5747;-0,1021;-0,9648;0,2239;-0,0933;;False
983,01;11.87;pa025​;20250610_165733;1;TUG2;0,0626;1,4918;0,5637;-0,1061;-0,9625;0,2257;-0,1070;;False
983,02;11.89;pa025​;20250610_165733;1;TUG2;0,0621;1,4920;0,5538;-0,1093;-0,9601;0,2291;-0,1171;;False
983,04;11.9;pa025​;20250610_165733;1;TUG2;0,0620;1,4923;0,5434;-0,1113;-0,9586;0,2300;-0,1261;;False
983,05;11.92;pa025​;20250610_165733;1;TUG2;0,0620;1,4926;0,5336;-0,1138;-0,9563;0,2324;-0,1357;;False
983,06;11.93;pa025​;20250610_165733;1;TUG2;0,0623;1,4930;0,5241;-0,1171;-0,9541;0,2344;-0,1453;;False
983,08;11.94;pa025​;20250610_165733;1;TUG2;0,0630;1,4931;0,5149;-0,1197;-0,9520;0,2353;-0,1546;;False
983,09;11.96;pa025​;20250610_165733;1;TUG2;0,0638;1,4930;0,5063;-0,1225;-0,9497;0,2369;-0,1639;;False
983,10;11.97;pa025​;20250610_165733;1;TUG2;0,0650;1,4929;0,4981;-0,1258;-0,9472;0,2383;-0,1736;;False
983,12;11.99;pa025​;20250610_165733;1;TUG2;0,0665;1,4929;0,4901;-0,1281;-0,9447;0,2401;-0,1831;;False
983,13;12.0;pa025​;20250610_165733;1;TUG2;0,0683;1,4931;0,4824;-0,1296;-0,9422;0,2417;-0,1923;;False
983,15;12.01;pa025​;20250610_165733;1;TUG2;0,0703;1,4935;0,4749;-0,1309;-0,9401;0,2430;-0,2001;;False
983,16;12.03;pa025​;20250610_165733;1;TUG2;0,0724;1,4941;0,4675;-0,1320;-0,9381;0,2435;-0,2081;;False
983,17;12.04;pa025​;20250610_165733;1;TUG2;0,0748;1,4945;0,4607;-0,1332;-0,9364;0,2433;-0,2151;;False
983,19;12.06;pa025​;20250610_165733;1;TUG2;0,0773;1,4949;0,4542;-0,1354;-0,9343;0,2433;-0,2226;;False
983,20;12.07;pa025​;20250610_165733;1;TUG2;0,0802;1,4952;0,4483;-0,1380;-0,9323;0,2430;-0,2297;;False
983,22;12.08;pa025​;20250610_165733;1;TUG2;0,0835;1,4956;0,4426;-0,1405;-0,9302;0,2423;-0,2371;;False
983,23;12.1;pa025​;20250610_165733;1;TUG2;0,0869;1,4960;0,4370;-0,1422;-0,9282;0,2414;-0,2448;;False
983,24;12.11;pa025​;20250610_165733;1;TUG2;0,0905;1,4964;0,4317;-0,1438;-0,9264;0,2397;-0,2523;;False
983,26;12.12;pa025​;20250610_165733;1;TUG2;0,0943;1,4965;0,4268;-0,1447;-0,9249;0,2371;-0,2597;;False
983,27;12.14;pa025​;20250610_165733;1;TUG2;0,0981;1,4965;0,4223;-0,1453;-0,9234;0,2348;-0,2668;;False
983,29;12.15;pa025​;20250610_165733;1;TUG2;0,1022;1,4960;0,4182;-0,1463;-0,9217;0,2324;-0,2739;;False
983,30;12.17;pa025​;20250610_165733;1;TUG2;0,1062;1,4952;0,4146;-0,1472;-0,9199;0,2300;-0,2812;;False
983,31;12.18;pa025​;20250610_165733;1;TUG2;0,1103;1,4942;0,4112;-0,1485;-0,9178;0,2284;-0,2888;;False
983,33;12.19;pa025​;20250610_165733;1;TUG2;0,1142;1,4929;0,4083;-0,1497;-0,9156;0,2271;-0,2960;;False
983,34;12.21;pa025​;20250610_165733;1;TUG2;0,1183;1,4915;0,4060;-0,1519;-0,9130;0,2267;-0,3033;;False
983,35;12.22;pa025​;20250610_165733;1;TUG2;0,1225;1,4899;0,4042;-0,1538;-0,9099;0,2279;-0,3107;;False
983,37;12.24;pa025​;20250610_165733;1;TUG2;0,1269;1,4885;0,4024;-0,1554;-0,9065;0,2295;-0,3185;;False
983,38;12.25;pa025​;20250610_165733;1;TUG2;0,1316;1,4874;0,4005;-0,1552;-0,9035;0,2312;-0,3256;;False
983,40;12.26;pa025​;20250610_165733;1;TUG2;0,1368;1,4868;0,3982;-0,1545;-0,9014;0,2302;-0,3327;;False
983,41;12.28;pa025​;20250610_165733;1;TUG2;0,1421;1,4858;0,3957;-0,1541;-0,8997;0,2252;-0,3408;;False
983,43;12.29;pa025​;20250610_165733;1;TUG2;0,1469;1,4840;0,3936;-0,1582;-0,8967;0,2181;-0,3512;;False
983,44;12.31;pa025​;20250610_165733;1;TUG2;0,1517;1,4822;0,3918;-0,1640;-0,8923;0,2143;-0,3618;;False
983,45;12.32;pa025​;20250610_165733;1;TUG2;0,1567;1,4805;0,3899;-0,1686;-0,8873;0,2133;-0,3726;;False
983,47;12.33;pa025​;20250610_165733;1;TUG2;0,1618;1,4793;0,3878;-0,1720;-0,8821;0,2121;-0,3839;;False
983,48;12.35;pa025​;20250610_165733;1;TUG2;0,1672;1,4783;0,3857;-0,1748;-0,8765;0,2106;-0,3960;;False
983,49;12.36;pa025​;20250610_165733;1;TUG2;0,1724;1,4773;0,3835;-0,1765;-0,8705;0,2081;-0,4097;;False
983,51;12.37;pa025​;20250610_165733;1;TUG2;0,1774;1,4760;0,3817;-0,1789;-0,8640;0,2056;-0,4234;;False
983,52;12.39;pa025​;20250610_165733;1;TUG2;0,1822;1,4749;0,3799;-0,1821;-0,8565;0,2044;-0,4376;;False
983,54;12.4;pa025​;20250610_165733;1;TUG2;0,1872;1,4740;0,3781;-0,1851;-0,8487;0,2025;-0,4522;;False
983,55;12.42;pa025​;20250610_165733;1;TUG2;0,1921;1,4731;0,3763;-0,1875;-0,8408;0,1990;-0,4673;;False
983,56;12.43;pa025​;20250610_165733;1;TUG2;0,1969;1,4720;0,3748;-0,1895;-0,8326;0,1950;-0,4826;;False
983,58;12.44;pa025​;20250610_165733;1;TUG2;0,2013;1,4708;0,3735;-0,1909;-0,8243;0,1909;-0,4976;;False
983,59;12.46;pa025​;20250610_165733;1;TUG2;0,2055;1,4694;0,3724;-0,1928;-0,8153;0,1879;-0,5127;;False
983,60;12.47;pa025​;20250610_165733;1;TUG2;0,2096;1,4676;0,3716;-0,1956;-0,8056;0,1847;-0,5279;;False
983,62;12.49;pa025​;20250610_165733;1;TUG2;0,2134;1,4656;0,3709;-0,1985;-0,7950;0,1812;-0,5439;;False
983,63;12.5;pa025​;20250610_165733;1;TUG2;0,2167;1,4637;0,3703;-0,2018;-0,7837;0,1776;-0,5600;;False
983,65;12.51;pa025​;20250610_165733;1;TUG2;0,2196;1,4617;0,3696;-0,2046;-0,7717;0,1737;-0,5766;;False
983,66;12.53;pa025​;20250610_165733;1;TUG2;0,2223;1,4597;0,3689;-0,2066;-0,7594;0,1701;-0,5930;;False
983,67;12.54;pa025​;20250610_165733;1;TUG2;0,2247;1,4577;0,3682;-0,2082;-0,7465;0,1674;-0,6094;;False
983,69;12.56;pa025​;20250610_165733;1;TUG2;0,2270;1,4560;0,3675;-0,2098;-0,7334;0,1650;-0,6252;;False
983,70;12.57;pa025​;20250610_165733;1;TUG2;0,2289;1,4541;0,3668;-0,2100;-0,7200;0,1623;-0,6412;;False
983,72;12.58;pa025​;20250610_165733;1;TUG2;0,2306;1,4524;0,3662;-0,2102;-0,7064;0,1607;-0,6565;;False
983,73;12.6;pa025​;20250610_165733;1;TUG2;0,2324;1,4511;0,3656;-0,2111;-0,6929;0,1596;-0,6707;;False
983,74;12.61;pa025​;20250610_165733;1;TUG2;0,2346;1,4503;0,3650;-0,2107;-0,6802;0,1576;-0,6841;;False
983,76;12.63;pa025​;20250610_165733;1;TUG2;0,2364;1,4491;0,3648;-0,2081;-0,6687;0,1536;-0,6971;;False
983,77;12.64;pa025​;20250610_165733;1;TUG2;0,2373;1,4473;0,3647;-0,2077;-0,6567;0,1501;-0,7092;;False
983,79;12.65;pa025​;20250610_165733;1;TUG2;0,2375;1,4454;0,3649;-0,2099;-0,6445;0,1482;-0,7201;;False
983,80;12.67;pa025​;20250610_165733;1;TUG2;0,2375;1,4439;0,3652;-0,2141;-0,6311;0,1474;-0,7309;;False
983,81;12.68;pa025​;20250610_165733;1;TUG2;0,2368;1,4425;0,3661;-0,2172;-0,6179;0,1455;-0,7415;;False
983,83;12.69;pa025​;20250610_165733;1;TUG2;0,2359;1,4415;0,3671;-0,2205;-0,6029;0,1431;-0,7533;;False
983,84;12.71;pa025​;20250610_165733;1;TUG2;0,2343;1,4405;0,3684;-0,2234;-0,5879;0,1409;-0,7646;;False
983,86;12.72;pa025​;20250610_165733;1;TUG2;0,2323;1,4396;0,3696;-0,2256;-0,5727;0,1396;-0,7756;;False
983,87;12.74;pa025​;20250610_165733;1;TUG2;0,2301;1,4391;0,3709;-0,2272;-0,5584;0,1388;-0,7857;;False
983,88;12.75;pa025​;20250610_165733;1;TUG2;0,2275;1,4386;0,3722;-0,2271;-0,5447;0,1379;-0,7954;;False
983,90;12.76;pa025​;20250610_165733;1;TUG2;0,2246;1,4382;0,3735;-0,2267;-0,5314;0,1367;-0,8047;;False
983,91;12.78;pa025​;20250610_165733;1;TUG2;0,2216;1,4380;0,3747;-0,2263;-0,5188;0,1353;-0,8133;;False
983,92;12.79;pa025​;20250610_165733;1;TUG2;0,2187;1,4376;0,3761;-0,2259;-0,5066;0,1335;-0,8213;;False
983,94;12.81;pa025​;20250610_165733;1;TUG2;0,2157;1,4373;0,3775;-0,2257;-0,4942;0,1313;-0,8292;;False
983,95;12.82;pa025​;20250610_165733;1;TUG2;0,2125;1,4369;0,3789;-0,2254;-0,4820;0,1289;-0,8368;;False
983,97;12.83;pa025​;20250610_165733;1;TUG2;0,2090;1,4363;0,3802;-0,2259;-0,4701;0,1267;-0,8438;;False
983,98;12.85;pa025​;20250610_165733;1;TUG2;0,2054;1,4357;0,3815;-0,2272;-0,4588;0,1246;-0,8499;;False
983,99;12.86;pa025​;20250610_165733;1;TUG2;0,2019;1,4350;0,3828;-0,2286;-0,4480;0,1230;-0,8555;;False
984,01;12.88;pa025​;20250610_165733;1;TUG2;0,1985;1,4343;0,3843;-0,2302;-0,4383;0,1219;-0,8602;;False
984,02;12.89;pa025​;20250610_165733;1;TUG2;0,1950;1,4335;0,3860;-0,2316;-0,4298;0,1208;-0,8643;;False
984,04;12.9;pa025​;20250610_165733;1;TUG2;0,1917;1,4327;0,3876;-0,2326;-0,4221;0,1192;-0,8681;;False
984,05;12.92;pa025​;20250610_165733;1;TUG2;0,1884;1,4318;0,3895;-0,2322;-0,4150;0,1172;-0,8719;;False
984,06;12.93;pa025​;20250610_165733;1;TUG2;0,1852;1,4307;0,3916;-0,2305;-0,4081;0,1147;-0,8759;;False
984,08;12.94;pa025​;20250610_165733;1;TUG2;0,1820;1,4293;0,3941;-0,2285;-0,4014;0,1117;-0,8799;;False
984,09;12.96;pa025​;20250610_165733;1;TUG2;0,1790;1,4274;0,3968;-0,2254;-0,3945;0,1084;-0,8842;;False
984,10;12.97;pa025​;20250610_165733;1;TUG2;0,1757;1,4249;0,3996;-0,2224;-0,3879;0,1054;-0,8882;;False
984,12;12.99;pa025​;20250610_165733;1;TUG2;0,1726;1,4217;0,4025;-0,2196;-0,3815;0,1029;-0,8920;;False
984,13;13.0;pa025​;20250610_165733;1;TUG2;0,1694;1,4177;0,4058;-0,2167;-0,3751;0,1002;-0,8957;;False
984,15;13.01;pa025​;20250610_165733;1;TUG2;0,1662;1,4131;0,4091;-0,2140;-0,3687;0,0980;-0,8992;;False
984,16;13.03;pa025​;20250610_165733;1;TUG2;0,1629;1,4076;0,4127;-0,2110;-0,3627;0,0955;-0,9027;;False
984,17;13.04;pa025​;20250610_165733;1;TUG2;0,1596;1,4017;0,4166;-0,2089;-0,3557;0,0933;-0,9062;;False
984,19;13.06;pa025​;20250610_165733;1;TUG2;0,1575;1,3964;0,4220;-0,2076;-0,3494;0,0935;-0,9089;;False
984,20;13.07;pa025​;20250610_165733;1;TUG2;0,1546;1,3896;0,4272;-0,1957;-0,3430;0,0879;-0,9145;;False
984,22;13.08;pa025​;20250610_165733;1;TUG2;0,1513;1,3816;0,4320;-0,1921;-0,3319;0,0828;-0,9198;;False
984,23;13.1;pa025​;20250610_165733;1;TUG2;0,1477;1,3731;0,4372;-0,1921;-0,3196;0,0788;-0,9245;;False
984,24;13.11;pa025​;20250610_165733;1;TUG2;0,1448;1,3650;0,4426;-0,1942;-0,3052;0,0764;-0,9291;;False
984,26;13.13;pa025​;20250610_165733;1;TUG2;0,1427;1,3569;0,4484;-0,1919;-0,2920;0,0716;-0,9342;;False
984,27;13.14;pa025​;20250610_165733;1;TUG2;0,1401;1,3487;0,4541;-0,1886;-0,2797;0,0675;-0,9390;;False
984,29;13.15;pa025​;20250610_165733;1;TUG2;0,1372;1,3395;0,4596;-0,1863;-0,2653;0,0659;-0,9437;;False
984,30;13.17;pa025​;20250610_165733;1;TUG2;0,1337;1,3301;0,4645;-0,1854;-0,2508;0,0655;-0,9479;;False
984,31;13.18;pa025​;20250610_165733;1;TUG2;0,1303;1,3204;0,4690;-0,1856;-0,2361;0,0659;-0,9515;;False
984,33;13.19;pa025​;20250610_165733;1;TUG2;0,1269;1,3106;0,4731;-0,1871;-0,2222;0,0671;-0,9545;;False
984,34;13.21;pa025​;20250610_165733;1;TUG2;0,1231;1,3009;0,4766;-0,1887;-0,2093;0,0681;-0,9571;;False
984,35;13.22;pa025​;20250610_165733;1;TUG2;0,1194;1,2916;0,4798;-0,1904;-0,1962;0,0684;-0,9595;;False
984,37;13.24;pa025​;20250610_165733;1;TUG2;0,1153;1,2825;0,4825;-0,1910;-0,1839;0,0684;-0,9618;;False
984,38;13.25;pa025​;20250610_165733;1;TUG2;0,1111;1,2736;0,4846;-0,1918;-0,1722;0,0688;-0,9638;;False
984,40;13.26;pa025​;20250610_165733;1;TUG2;0,1069;1,2649;0,4862;-0,1925;-0,1610;0,0696;-0,9655;;False
984,41;13.28;pa025​;20250610_165733;1;TUG2;0,1025;1,2565;0,4873;-0,1930;-0,1507;0,0698;-0,9670;;False
984,42;13.29;pa025​;20250610_165733;1;TUG2;0,0981;1,2484;0,4879;-0,1926;-0,1413;0,0700;-0,9685;;False
984,44;13.3;pa025​;20250610_165733;1;TUG2;0,0939;1,2407;0,4881;-0,1911;-0,1323;0,0703;-0,9701;;False
984,45;13.32;pa025​;20250610_165733;1;TUG2;0,0897;1,2332;0,4878;-0,1895;-0,1258;0,0717;-0,9712;;False
984,47;13.33;pa025​;20250610_165733;1;TUG2;0,0854;1,2258;0,4873;-0,1874;-0,1211;0,0726;-0,9721;;False
984,48;13.35;pa025​;20250610_165733;1;TUG2;0,0810;1,2185;0,4862;-0,1847;-0,1179;0,0724;-0,9730;;False
984,49;13.36;pa025​;20250610_165733;1;TUG2;0,0764;1,2113;0,4850;-0,1825;-0,1151;0,0716;-0,9738;;False
984,51;13.37;pa025​;20250610_165733;1;TUG2;0,0715;1,2041;0,4834;-0,1800;-0,1125;0,0709;-0,9746;;False
984,52;13.39;pa025​;20250610_165733;1;TUG2;0,0663;1,1971;0,4815;-0,1783;-0,1101;0,0698;-0,9753;;False
984,53;13.4;pa025​;20250610_165733;1;TUG2;0,0608;1,1903;0,4793;-0,1772;-0,1068;0,0677;-0,9760;;False
984,55;13.42;pa025​;20250610_165733;1;TUG2;0,0551;1,1840;0,4768;-0,1766;-0,1025;0,0641;-0,9768;;False
984,56;13.43;pa025​;20250610_165733;1;TUG2;0,0492;1,1778;0,4740;-0,1752;-0,0981;0,0602;-0,9778;;False
