Timestamp;ElapsedTime;ID_Subject;ID_Session;sessionNumber;ID_Test;HeadPosition_X;HeadPosition_Y;HeadPosition_Z;HeadRotation_X;HeadRotation_Y;HeadRotation_Z;HeadRotation_W;Events;FalseStart
333,53;0.0;pa030​;20250612_123326;1;Marche;-0,4597;1,3257;0,4337;0,0745;0,9306;-0,2004;0,2971;;True
333,54;0.0;pa030​;20250612_123326;1;Marche;-0,4566;1,3276;0,4165;0,0769;0,9294;-0,1987;0,3015;;True
333,56;0.0;pa030​;20250612_123326;1;Marche;-0,4527;1,3291;0,3982;0,0742;0,9301;-0,1907;0,3051;;True
333,57;0.0;pa030​;20250612_123326;1;Marche;-0,4495;1,3310;0,3811;0,0720;0,9299;-0,1884;0,3076;;True
333,59;0.0;pa030​;20250612_123326;1;Marche;-0,4463;1,3321;0,3649;0,0687;0,9298;-0,1889;0,3084;;True
333,60;0.0;pa030​;20250612_123326;1;Marche;-0,4427;1,3330;0,3489;0,0640;0,9295;-0,1927;0,3077;;True
333,61;0.0;pa030​;20250612_123326;1;Marche;-0,4388;1,3340;0,3332;0,0581;0,9297;-0,1975;0,3054;;True
333,63;0.0;pa030​;20250612_123326;1;Marche;-0,4343;1,3352;0,3175;0,0537;0,9301;-0,2012;0,3026;;True
333,64;0.0;pa030​;20250612_123326;1;Marche;-0,4294;1,3366;0,3019;0,0513;0,9309;-0,2008;0,3007;;True
333,66;0.0;pa030​;20250612_123326;1;Marche;-0,4238;1,3380;0,2866;0,0508;0,9314;-0,2013;0,2991;;True
333,67;0.0;pa030​;20250612_123326;1;Marche;-0,4182;1,3393;0,2717;0,0517;0,9314;-0,2018;0,2986;;True
333,68;0.0;pa030​;20250612_123326;1;Marche;-0,4121;1,3400;0,2574;0,0562;0,9307;-0,2020;0,2997;;True
333,70;0.0;pa030​;20250612_123326;1;Marche;-0,4060;1,3404;0,2435;0,0610;0,9295;-0,2037;0,3014;;True
333,71;0.0;pa030​;20250612_123326;1;Marche;-0,3999;1,3404;0,2299;0,0645;0,9285;-0,2058;0,3024;;True
333,72;0.0;pa030​;20250612_123326;1;Marche;-0,3939;1,3401;0,2166;0,0678;0,9275;-0,2084;0,3028;;True
333,74;0.0;pa030​;20250612_123326;1;Marche;-0,3881;1,3396;0,2034;0,0706;0,9266;-0,2107;0,3034;;True
333,75;0.0;pa030​;20250612_123326;1;Marche;-0,3820;1,3387;0,1907;0,0741;0,9257;-0,2123;0,3042;;True
333,77;0.0;pa030​;20250612_123326;1;Marche;-0,3759;1,3377;0,1785;0,0782;0,9246;-0,2131;0,3060;;True
333,78;0.0;pa030​;20250612_123326;1;Marche;-0,3699;1,3365;0,1665;0,0819;0,9230;-0,2143;0,3090;;True
333,79;0.0;pa030​;20250612_123326;1;Marche;-0,3639;1,3351;0,1547;0,0848;0,9213;-0,2150;0,3127;;True
333,81;0.0;pa030​;20250612_123326;1;Marche;-0,3580;1,3337;0,1431;0,0866;0,9197;-0,2154;0,3165;;True
333,82;0.0;pa030​;20250612_123326;1;Marche;-0,3518;1,3321;0,1318;0,0878;0,9182;-0,2152;0,3206;;True
333,84;0.0;pa030​;20250612_123326;1;Marche;-0,3456;1,3304;0,1206;0,0887;0,9168;-0,2148;0,3248;;True
333,85;0.0;pa030​;20250612_123326;1;Marche;-0,3392;1,3286;0,1094;0,0894;0,9150;-0,2151;0,3294;;True
333,86;0.0;pa030​;20250612_123326;1;Marche;-0,3327;1,3267;0,0983;0,0902;0,9133;-0,2149;0,3341;;True
333,88;0.0;pa030​;20250612_123326;1;Marche;-0,3263;1,3245;0,0873;0,0904;0,9118;-0,2142;0,3384;;True
333,89;0.0;pa030​;20250612_123326;1;Marche;-0,3196;1,3226;0,0763;0,0911;0,9104;-0,2140;0,3422;;True
333,91;0.0;pa030​;20250612_123326;1;Marche;-0,3127;1,3207;0,0651;0,0910;0,9096;-0,2130;0,3450;;True
333,92;0.0;pa030​;20250612_123326;1;Marche;-0,3054;1,3190;0,0538;0,0912;0,9090;-0,2118;0,3472;;True
333,93;0.0;pa030​;20250612_123326;1;Marche;-0,2977;1,3172;0,0425;0,0924;0,9087;-0,2099;0,3487;;True
333,95;0.0;pa030​;20250612_123326;1;Marche;-0,2898;1,3155;0,0311;0,0932;0,9084;-0,2081;0,3505;;True
333,96;0.0;pa030​;20250612_123326;1;Marche;-0,2815;1,3140;0,0196;0,0945;0,9081;-0,2062;0,3520;;True
333,97;0.0;pa030​;20250612_123326;1;Marche;-0,2730;1,3126;0,0081;0,0950;0,9082;-0,2038;0,3531;;True
333,99;0.0;pa030​;20250612_123326;1;Marche;-0,2642;1,3120;-0,0034;0,0956;0,9080;-0,2022;0,3543;;True
334,00;0.0;pa030​;20250612_123326;1;Marche;-0,2550;1,3127;-0,0155;0,0977;0,9070;-0,2040;0,3551;;True
334,02;0.0;pa030​;20250612_123326;1;Marche;-0,2448;1,3153;-0,0287;0,1015;0,9056;-0,2074;0,3557;;True
334,03;0.0;pa030​;20250612_123326;1;Marche;-0,2348;1,3168;-0,0424;0,1034;0,9065;-0,1917;0,3618;;True
334,04;0.0;pa030​;20250612_123326;1;Marche;-0,2251;1,3184;-0,0549;0,1053;0,9065;-0,1782;0,3679;;True
334,06;0.0;pa030​;20250612_123326;1;Marche;-0,2163;1,3192;-0,0664;0,1071;0,9051;-0,1700;0,3747;;True
334,07;0.0;pa030​;20250612_123326;1;Marche;-0,2083;1,3195;-0,0774;0,1096;0,9028;-0,1668;0,3809;;True
334,09;0.0;pa030​;20250612_123326;1;Marche;-0,2010;1,3200;-0,0880;0,1151;0,8990;-0,1685;0,3874;;True
334,10;0.0;pa030​;20250612_123326;1;Marche;-0,1941;1,3206;-0,0987;0,1201;0,8954;-0,1697;0,3938;;True
334,11;0.0;pa030​;20250612_123326;1;Marche;-0,1871;1,3219;-0,1099;0,1242;0,8917;-0,1708;0,4004;;True
334,13;0.0;pa030​;20250612_123326;1;Marche;-0,1802;1,3240;-0,1210;0,1258;0,8889;-0,1725;0,4054;;True
334,14;0.0;pa030​;20250612_123326;1;Marche;-0,1734;1,3262;-0,1319;0,1248;0,8872;-0,1718;0,4096;;True
334,15;0.0;pa030​;20250612_123326;1;Marche;-0,1667;1,3286;-0,1429;0,1235;0,8856;-0,1697;0,4143;;True
334,17;0.0;pa030​;20250612_123326;1;Marche;-0,1601;1,3307;-0,1535;0,1220;0,8842;-0,1654;0,4194;;True
334,18;0.0;pa030​;20250612_123326;1;Marche;-0,1538;1,3331;-0,1638;0,1213;0,8821;-0,1611;0,4257;;True
334,20;0.0;pa030​;20250612_123326;1;Marche;-0,1478;1,3350;-0,1736;0,1202;0,8799;-0,1563;0,4324;;True
334,21;0.0;pa030​;20250612_123326;1;Marche;-0,1418;1,3369;-0,1834;0,1188;0,8778;-0,1527;0,4382;;True
334,22;0.0;pa030​;20250612_123326;1;Marche;-0,1358;1,3382;-0,1929;0,1171;0,8764;-0,1493;0,4427;;True
334,24;0.0;pa030​;20250612_123326;1;Marche;-0,1300;1,3392;-0,2024;0,1157;0,8751;-0,1463;0,4466;;True
334,25;0.0;pa030​;20250612_123326;1;Marche;-0,1242;1,3399;-0,2117;0,1157;0,8736;-0,1437;0,4502;;True
334,27;0.0;pa030​;20250612_123326;1;Marche;-0,1184;1,3401;-0,2207;0,1169;0,8714;-0,1423;0,4547;;True
334,28;0.0;pa030​;20250612_123326;1;Marche;-0,1126;1,3397;-0,2294;0,1185;0,8689;-0,1408;0,4595;;True
334,30;0.0;pa030​;20250612_123326;1;Marche;-0,1066;1,3391;-0,2380;0,1209;0,8657;-0,1400;0,4651;;True
334,31;0.0;pa030​;20250612_123326;1;Marche;-0,1006;1,3384;-0,2465;0,1231;0,8622;-0,1398;0,4711;;True
334,32;0.0;pa030​;20250612_123326;1;Marche;-0,0946;1,3375;-0,2547;0,1250;0,8583;-0,1403;0,4775;;True
334,34;0.0;pa030​;20250612_123326;1;Marche;-0,0887;1,3362;-0,2625;0,1270;0,8540;-0,1413;0,4844;;True
334,35;0.0;pa030​;20250612_123326;1;Marche;-0,0828;1,3346;-0,2700;0,1299;0,8484;-0,1428;0,4928;;True
334,37;0.0;pa030​;20250612_123326;1;Marche;-0,0768;1,3332;-0,2771;0,1329;0,8419;-0,1452;0,5025;;True
334,38;0.0;pa030​;20250612_123326;1;Marche;-0,0707;1,3317;-0,2840;0,1353;0,8351;-0,1467;0,5127;;True
334,39;0.0;pa030​;20250612_123326;1;Marche;-0,0644;1,3299;-0,2907;0,1370;0,8276;-0,1464;0,5244;;True
334,41;0.0;pa030​;20250612_123326;1;Marche;-0,0583;1,3280;-0,2973;0,1384;0,8197;-0,1463;0,5362;;True
334,42;0.0;pa030​;20250612_123326;1;Marche;-0,0522;1,3259;-0,3037;0,1413;0,8107;-0,1471;0,5488;;True
334,43;0.0;pa030​;20250612_123326;1;Marche;-0,0462;1,3238;-0,3098;0,1453;0,8008;-0,1490;0,5616;;True
334,45;0.0;pa030​;20250612_123326;1;Marche;-0,0400;1,3220;-0,3161;0,1509;0,7900;-0,1534;0,5742;;True
334,46;0.0;pa030​;20250612_123326;1;Marche;-0,0336;1,3204;-0,3224;0,1553;0,7791;-0,1566;0,5868;;True
334,47;0.0;pa030​;20250612_123326;1;Marche;-0,0269;1,3187;-0,3283;0,1571;0,7696;-0,1586;0,5982;;True
334,49;0.0;pa030​;20250612_123326;1;Marche;-0,0204;1,3174;-0,3339;0,1598;0,7598;-0,1633;0,6087;;True
334,50;0.0;pa030​;20250612_123326;1;Marche;-0,0138;1,3160;-0,3394;0,1613;0,7508;-0,1685;0,6180;;True
334,52;0.0;pa030​;20250612_123326;1;Marche;-0,0073;1,3144;-0,3445;0,1623;0,7428;-0,1731;0,6261;;True
334,53;0.0;pa030​;20250612_123326;1;Marche;-0,0010;1,3130;-0,3488;0,1640;0,7351;-0,1790;0,6330;;True
334,55;0.0;pa030​;20250612_123326;1;Marche;0,0057;1,3116;-0,3526;0,1668;0,7270;-0,1838;0,6402;;True
334,56;0.0;pa030​;20250612_123326;1;Marche;0,0123;1,3104;-0,3559;0,1706;0,7182;-0,1876;0,6480;;True
334,57;0.0;pa030​;20250612_123326;1;Marche;0,0190;1,3092;-0,3585;0,1750;0,7089;-0,1907;0,6561;;True
334,59;0.0;pa030​;20250612_123326;1;Marche;0,0257;1,3078;-0,3604;0,1809;0,6985;-0,1940;0,6646;;True
334,60;0.0;pa030​;20250612_123326;1;Marche;0,0321;1,3063;-0,3617;0,1881;0,6866;-0,1973;0,6740;;True
334,61;0.0;pa030​;20250612_123326;1;Marche;0,0384;1,3047;-0,3625;0,1953;0,6740;-0,2002;0,6837;;True
334,63;0.0;pa030​;20250612_123326;1;Marche;0,0445;1,3033;-0,3627;0,2031;0,6601;-0,2019;0,6945;;True
334,64;0.0;pa030​;20250612_123326;1;Marche;0,0505;1,3019;-0,3626;0,2098;0,6459;-0,2030;0,7054;;True
334,66;0.0;pa030​;20250612_123326;1;Marche;0,0561;1,3005;-0,3622;0,2165;0,6317;-0,2039;0,7159;;True
334,67;0.0;pa030​;20250612_123326;1;Marche;0,0614;1,2988;-0,3615;0,2234;0,6169;-0,2054;0,7262;;True
334,68;0.0;pa030​;20250612_123326;1;Marche;0,0661;1,2971;-0,3600;0,2305;0,6019;-0,2069;0,7361;;True
334,70;0.0;pa030​;20250612_123326;1;Marche;0,0703;1,2953;-0,3577;0,2375;0,5873;-0,2082;0,7452;;True
334,71;0.0;pa030​;20250612_123326;1;Marche;0,0742;1,2938;-0,3555;0,2442;0,5732;-0,2086;0,7538;;True
334,73;0.0;pa030​;20250612_123326;1;Marche;0,0786;1,2926;-0,3543;0,2500;0,5601;-0,2088;0,7617;;True
334,74;0.0;pa030​;20250612_123326;1;Marche;0,0827;1,2914;-0,3532;0,2551;0,5481;-0,2091;0,7686;;True
334,75;0.0;pa030​;20250612_123326;1;Marche;0,0868;1,2903;-0,3514;0,2606;0,5361;-0,2077;0,7756;;True
334,77;0.0;pa030​;20250612_123326;1;Marche;0,0907;1,2889;-0,3492;0,2647;0,5250;-0,2057;0,7823;;True
334,78;0.0;pa030​;20250612_123326;1;Marche;0,0946;1,2877;-0,3471;0,2686;0,5142;-0,2038;0,7886;;True
334,79;0.0;pa030​;20250612_123326;1;Marche;0,0985;1,2865;-0,3453;0,2711;0,5043;-0,2018;0,7946;;True
334,81;0.0;pa030​;20250612_123326;1;Marche;0,1020;1,2852;-0,3429;0,2736;0,4949;-0,1998;0,8002;;True
334,82;0.0;pa030​;20250612_123326;1;Marche;0,1051;1,2838;-0,3401;0,2767;0,4855;-0,1976;0,8054;;True
334,84;0.0;pa030​;20250612_123326;1;Marche;0,1079;1,2824;-0,3373;0,2807;0,4754;-0,1950;0,8107;;True
334,85;0.0;pa030​;20250612_123326;1;Marche;0,1107;1,2813;-0,3347;0,2854;0,4642;-0,1918;0,8163;;True
334,87;0.0;pa030​;20250612_123326;1;Marche;0,1137;1,2805;-0,3320;0,2908;0,4518;-0,1885;0,8220;;True
334,88;0.0;pa030​;20250612_123326;1;Marche;0,1168;1,2801;-0,3290;0,2970;0,4394;-0,1853;0,8272;;True
334,89;0.0;pa030​;20250612_123326;1;Marche;0,1199;1,2798;-0,3259;0,3032;0,4260;-0,1815;0,8328;;True
334,91;0.0;pa030​;20250612_123326;1;Marche;0,1227;1,2793;-0,3230;0,3087;0,4117;-0,1760;0,8391;;True
334,92;0.0;pa030​;20250612_123326;1;Marche;0,1249;1,2786;-0,3206;0,3134;0,3974;-0,1711;0,8454;;True
334,93;0.0;pa030​;20250612_123326;1;Marche;0,1263;1,2780;-0,3189;0,3177;0,3832;-0,1696;0,8506;;True
334,95;0.0;pa030​;20250612_123326;1;Marche;0,1275;1,2772;-0,3176;0,3203;0,3702;-0,1693;0,8554;;True
334,96;0.0;pa030​;20250612_123326;1;Marche;0,1285;1,2763;-0,3169;0,3211;0,3589;-0,1700;0,8598;;True
334,97;0.0;pa030​;20250612_123326;1;Marche;0,1298;1,2756;-0,3169;0,3230;0,3476;-0,1697;0,8638;;True
334,99;0.0;pa030​;20250612_123326;1;Marche;0,1315;1,2750;-0,3171;0,3252;0,3368;-0,1666;0,8678;;True
335,00;0.0;pa030​;20250612_123326;1;Marche;0,1337;1,2748;-0,3172;0,3280;0,3271;-0,1628;0,8712;;True
335,02;0.0;pa030​;20250612_123326;1;Marche;0,1359;1,2746;-0,3174;0,3283;0,3187;-0,1588;0,8749;;True
335,03;0.0;pa030​;20250612_123326;1;Marche;0,1378;1,2741;-0,3173;0,3288;0,3104;-0,1546;0,8784;;True
335,04;0.0;pa030​;20250612_123326;1;Marche;0,1393;1,2737;-0,3176;0,3309;0,3006;-0,1511;0,8817;;True
335,06;0.0;pa030​;20250612_123326;1;Marche;0,1404;1,2731;-0,3184;0,3354;0,2888;-0,1485;0,8843;;True
335,07;0.0;pa030​;20250612_123326;1;Marche;0,1412;1,2729;-0,3193;0,3413;0,2760;-0,1466;0,8865;;True
335,08;0.0;pa030​;20250612_123326;1;Marche;0,1421;1,2728;-0,3205;0,3464;0,2620;-0,1443;0,8891;;True
335,10;0.0;pa030​;20250612_123326;1;Marche;0,1429;1,2728;-0,3215;0,3501;0,2474;-0,1415;0,8923;;True
335,11;0.0;pa030​;20250612_123326;1;Marche;0,1437;1,2730;-0,3227;0,3516;0,2334;-0,1385;0,8959;;True
335,13;0.0;pa030​;20250612_123326;1;Marche;0,1447;1,2733;-0,3240;0,3515;0,2201;-0,1356;0,8998;;True
335,14;0.0;pa030​;20250612_123326;1;Marche;0,1454;1,2734;-0,3254;0,3498;0,2079;-0,1321;0,9038;;True
335,16;0.0;pa030​;20250612_123326;1;Marche;0,1459;1,2735;-0,3270;0,3483;0,1966;-0,1295;0,9073;;True
335,17;0.0;pa030​;20250612_123326;1;Marche;0,1460;1,2734;-0,3289;0,3474;0,1861;-0,1274;0,9102;;True
335,18;0.0;pa030​;20250612_123326;1;Marche;0,1459;1,2731;-0,3312;0,3482;0,1752;-0,1247;0,9124;;True
335,20;0.0;pa030​;20250612_123326;1;Marche;0,1456;1,2729;-0,3339;0,3517;0,1634;-0,1204;0,9138;;True
335,21;0.0;pa030​;20250612_123326;1;Marche;0,1451;1,2727;-0,3366;0,3564;0,1512;-0,1151;0,9148;;True
335,22;0.0;pa030​;20250612_123326;1;Marche;0,1450;1,2720;-0,3395;0,3591;0,1391;-0,1105;0,9162;;True
335,24;0.0;pa030​;20250612_123326;1;Marche;0,1450;1,2720;-0,3419;0,3643;0,1286;-0,1072;0,9161;;True
335,25;0.0;pa030​;20250612_123326;1;Marche;0,1453;1,2722;-0,3442;0,3690;0,1194;-0,1046;0,9158;;True
335,27;0.0;pa030​;20250612_123326;1;Marche;0,1453;1,2719;-0,3465;0,3669;0,1124;-0,1016;0,9178;;True
335,28;0.0;pa030​;20250612_123326;1;Marche;0,1454;1,2718;-0,3487;0,3662;0,1044;-0,0979;0,9195;;True
335,29;0.0;pa030​;20250612_123326;1;Marche;0,1453;1,2722;-0,3513;0,3687;0,0954;-0,0942;0,9198;;True
335,31;0.0;pa030​;20250612_123326;1;Marche;0,1447;1,2722;-0,3539;0,3707;0,0876;-0,0917;0,9200;;True
335,32;0.0;pa030​;20250612_123326;1;Marche;0,1441;1,2730;-0,3563;0,3728;0,0811;-0,0904;0,9199;;True
335,33;0.0;pa030​;20250612_123326;1;Marche;0,1437;1,2736;-0,3583;0,3727;0,0742;-0,0874;0,9208;;True
335,35;0.0;pa030​;20250612_123326;1;Marche;0,1432;1,2744;-0,3597;0,3712;0,0680;-0,0831;0,9223;;True
335,36;0.0;pa030​;20250612_123326;1;Marche;0,1426;1,2749;-0,3607;0,3681;0,0612;-0,0771;0,9246;;True
335,38;0.0;pa030​;20250612_123326;1;Marche;0,1417;1,2754;-0,3619;0,3661;0,0547;-0,0723;0,9261;;True
335,39;0.0;pa030​;20250612_123326;1;Marche;0,1408;1,2756;-0,3632;0,3660;0,0485;-0,0683;0,9268;;True
335,40;0.0;pa030​;20250612_123326;1;Marche;0,1399;1,2757;-0,3647;0,3665;0,0423;-0,0639;0,9272;;True
335,42;0.0;pa030​;20250612_123326;1;Marche;0,1393;1,2754;-0,3662;0,3684;0,0359;-0,0592;0,9271;;True
335,43;0.0;pa030​;20250612_123326;1;Marche;0,1387;1,2750;-0,3675;0,3706;0,0293;-0,0543;0,9268;;True
335,44;0.0;pa030​;20250612_123326;1;Marche;0,1381;1,2747;-0,3685;0,3728;0,0226;-0,0503;0,9263;;True
335,46;0.0;pa030​;20250612_123326;1;Marche;0,1375;1,2745;-0,3691;0,3744;0,0163;-0,0478;0,9259;;True
335,47;0.0;pa030​;20250612_123326;1;Marche;0,1370;1,2743;-0,3695;0,3753;0,0102;-0,0466;0,9257;;True
335,49;0.0;pa030​;20250612_123326;1;Marche;0,1365;1,2739;-0,3700;0,3760;0,0049;-0,0466;0,9254;;True
335,50;0.0;pa030​;20250612_123326;1;Marche;0,1360;1,2733;-0,3705;0,3771;-0,0006;-0,0470;0,9250;;True
335,52;0.0;pa030​;20250612_123326;1;Marche;0,1356;1,2728;-0,3707;0,3783;-0,0065;-0,0472;0,9245;;True
335,53;0.0;pa030​;20250612_123326;1;Marche;0,1351;1,2722;-0,3709;0,3802;-0,0117;-0,0471;0,9236;;True
335,54;0.0;pa030​;20250612_123326;1;Marche;0,1345;1,2718;-0,3709;0,3824;-0,0166;-0,0467;0,9227;;True
335,56;0.0;pa030​;20250612_123326;1;Marche;0,1341;1,2714;-0,3709;0,3847;-0,0210;-0,0467;0,9216;;True
335,57;0.0;pa030​;20250612_123326;1;Marche;0,1335;1,2709;-0,3706;0,3867;-0,0245;-0,0461;0,9207;;True
335,59;0.0;pa030​;20250612_123326;1;Marche;0,1330;1,2706;-0,3701;0,3885;-0,0278;-0,0452;0,9199;;True
335,60;0.0;pa030​;20250612_123326;1;Marche;0,1326;1,2704;-0,3693;0,3897;-0,0312;-0,0441;0,9193;;True
335,61;0.0;pa030​;20250612_123326;1;Marche;0,1320;1,2703;-0,3683;0,3904;-0,0343;-0,0427;0,9190;;True
335,63;0.0;pa030​;20250612_123326;1;Marche;0,1314;1,2700;-0,3669;0,3901;-0,0366;-0,0412;0,9191;;True
335,64;0.0;pa030​;20250612_123326;1;Marche;0,1308;1,2698;-0,3654;0,3906;-0,0388;-0,0398;0,9189;;True
335,66;0.0;pa030​;20250612_123326;1;Marche;0,1301;1,2693;-0,3638;0,3906;-0,0401;-0,0385;0,9189;;True
335,67;0.0;pa030​;20250612_123326;1;Marche;0,1293;1,2687;-0,3622;0,3910;-0,0410;-0,0370;0,9187;;True
335,68;0.0;pa030​;20250612_123326;1;Marche;0,1284;1,2680;-0,3604;0,3918;-0,0421;-0,0350;0,9184;;True
335,70;0.0;pa030​;20250612_123326;1;Marche;0,1275;1,2670;-0,3585;0,3930;-0,0431;-0,0325;0,9179;;True
335,71;0.0;pa030​;20250612_123326;1;Marche;0,1265;1,2660;-0,3566;0,3947;-0,0441;-0,0300;0,9173;;True
335,72;0.0;pa030​;20250612_123326;1;Marche;0,1255;1,2651;-0,3545;0,3968;-0,0452;-0,0275;0,9164;;True
335,74;0.0;pa030​;20250612_123326;1;Marche;0,1244;1,2641;-0,3524;0,3992;-0,0462;-0,0251;0,9154;;True
335,75;0.0;pa030​;20250612_123326;1;Marche;0,1232;1,2629;-0,3502;0,4015;-0,0471;-0,0232;0,9144;;True
335,77;0.0;pa030​;20250612_123326;1;Marche;0,1218;1,2619;-0,3477;0,4037;-0,0482;-0,0210;0,9134;;True
335,78;0.0;pa030​;20250612_123326;1;Marche;0,1205;1,2609;-0,3450;0,4052;-0,0496;-0,0194;0,9127;;True
335,79;0.0;pa030​;20250612_123326;1;Marche;0,1191;1,2601;-0,3421;0,4063;-0,0502;-0,0181;0,9122;;True
335,81;0.0;pa030​;20250612_123326;1;Marche;0,1178;1,2593;-0,3391;0,4073;-0,0508;-0,0172;0,9117;;True
335,82;0.0;pa030​;20250612_123326;1;Marche;0,1162;1,2583;-0,3359;0,4079;-0,0511;-0,0163;0,9115;;True
335,84;0.0;pa030​;20250612_123326;1;Marche;0,1145;1,2572;-0,3326;0,4086;-0,0511;-0,0156;0,9111;;True
335,85;0.0;pa030​;20250612_123326;1;Marche;0,1129;1,2562;-0,3292;0,4096;-0,0507;-0,0150;0,9107;;True
335,86;0.0;pa030​;20250612_123326;1;Marche;0,1112;1,2552;-0,3259;0,4108;-0,0498;-0,0144;0,9103;;True
335,88;0.0;pa030​;20250612_123326;1;Marche;0,1093;1,2542;-0,3225;0,4121;-0,0491;-0,0134;0,9097;;True
335,89;0.0;pa030​;20250612_123326;1;Marche;0,1073;1,2532;-0,3191;0,4134;-0,0486;-0,0120;0,9092;;True
335,91;0.0;pa030​;20250612_123326;1;Marche;0,1051;1,2521;-0,3155;0,4147;-0,0478;-0,0104;0,9086;;True
335,92;0.0;pa030​;20250612_123326;1;Marche;0,1028;1,2513;-0,3118;0,4158;-0,0465;-0,0094;0,9082;;True
335,93;0.0;pa030​;20250612_123326;1;Marche;0,1004;1,2505;-0,3080;0,4164;-0,0451;-0,0081;0,9080;;True
335,95;0.0;pa030​;20250612_123326;1;Marche;0,0980;1,2498;-0,3042;0,4168;-0,0437;-0,0066;0,9079;;True
335,96;0.0;pa030​;20250612_123326;1;Marche;0,0952;1,2492;-0,3003;0,4175;-0,0416;-0,0053;0,9077;;True
335,97;0.0;pa030​;20250612_123326;1;Marche;0,0922;1,2486;-0,2964;0,4178;-0,0393;-0,0042;0,9077;;True
335,99;0.0;pa030​;20250612_123326;1;Marche;0,0891;1,2482;-0,2923;0,4182;-0,0373;-0,0027;0,9076;;True
336,00;0.0;pa030​;20250612_123326;1;Marche;0,0860;1,2483;-0,2880;0,4198;-0,0351;-0,0017;0,9069;;True
336,02;0.0;pa030​;20250612_123326;1;Marche;0,0826;1,2483;-0,2833;0,4212;-0,0330;-0,0003;0,9064;;True
336,03;0.0;pa030​;20250612_123326;1;Marche;0,0790;1,2481;-0,2785;0,4197;-0,0316;0,0013;0,9071;;True
336,04;0.0;pa030​;20250612_123326;1;Marche;0,0752;1,2482;-0,2737;0,4201;-0,0313;0,0036;0,9069;;True
336,06;0.0;pa030​;20250612_123326;1;Marche;0,0716;1,2485;-0,2689;0,4219;-0,0325;0,0057;0,9061;;True
336,07;0.0;pa030​;20250612_123326;1;Marche;0,0681;1,2487;-0,2641;0,4229;-0,0345;0,0082;0,9055;;True
336,09;0.0;pa030​;20250612_123326;1;Marche;0,0645;1,2487;-0,2591;0,4242;-0,0369;0,0098;0,9048;;True
336,10;0.0;pa030​;20250612_123326;1;Marche;0,0609;1,2487;-0,2539;0,4256;-0,0387;0,0100;0,9040;;True
336,11;0.0;pa030​;20250612_123326;1;Marche;0,0576;1,2487;-0,2486;0,4262;-0,0402;0,0096;0,9037;;True
336,13;0.0;pa030​;20250612_123326;1;Marche;0,0544;1,2487;-0,2434;0,4268;-0,0411;0,0082;0,9034;;True
336,14;0.0;pa030​;20250612_123326;1;Marche;0,0514;1,2486;-0,2382;0,4278;-0,0412;0,0061;0,9029;;True
336,16;0.0;pa030​;20250612_123326;1;Marche;0,0486;1,2483;-0,2332;0,4293;-0,0402;0,0038;0,9023;;True
336,17;0.0;pa030​;20250612_123326;1;Marche;0,0458;1,2480;-0,2283;0,4311;-0,0388;0,0027;0,9015;;True
336,18;0.0;pa030​;20250612_123326;1;Marche;0,0431;1,2478;-0,2235;0,4329;-0,0364;0,0017;0,9007;;True
336,20;0.0;pa030​;20250612_123326;1;Marche;0,0405;1,2476;-0,2187;0,4341;-0,0338;0,0010;0,9003;;True
336,21;0.0;pa030​;20250612_123326;1;Marche;0,0380;1,2473;-0,2138;0,4341;-0,0311;0,0005;0,9003;;True
336,22;0.0;pa030​;20250612_123326;1;Marche;0,0354;1,2468;-0,2090;0,4330;-0,0284;0,0001;0,9010;;True
336,24;0.0;pa030​;20250612_123326;1;Marche;0,0328;1,2458;-0,2042;0,4307;-0,0256;-0,0005;0,9021;;True
336,25;0.0;pa030​;20250612_123326;1;Marche;0,0305;1,2447;-0,1996;0,4287;-0,0228;-0,0008;0,9031;;True
336,27;0.0;pa030​;20250612_123326;1;Marche;0,0282;1,2437;-0,1952;0,4290;-0,0204;-0,0003;0,9031;;True
336,28;0.0;pa030​;20250612_123326;1;Marche;0,0259;1,2426;-0,1909;0,4310;-0,0186;0,0003;0,9021;;True
336,29;0.0;pa030​;20250612_123326;1;Marche;0,0235;1,2416;-0,1869;0,4345;-0,0175;0,0013;0,9005;;True
336,31;0.0;pa030​;20250612_123326;1;Marche;0,0212;1,2407;-0,1829;0,4381;-0,0164;0,0021;0,8988;;True
336,32;0.0;pa030​;20250612_123326;1;Marche;0,0190;1,2400;-0,1788;0,4407;-0,0167;0,0032;0,8975;;True
336,34;0.0;pa030​;20250612_123326;1;Marche;0,0169;1,2395;-0,1748;0,4424;-0,0172;0,0045;0,8966;;True
336,35;0.0;pa030​;20250612_123326;1;Marche;0,0148;1,2392;-0,1708;0,4440;-0,0179;0,0054;0,8959;;True
336,36;0.0;pa030​;20250612_123326;1;Marche;0,0126;1,2391;-0,1669;0,4453;-0,0182;0,0057;0,8952;;True
336,38;0.0;pa030​;20250612_123326;1;Marche;0,0106;1,2392;-0,1632;0,4461;-0,0180;0,0058;0,8948;;True
336,39;0.0;pa030​;20250612_123326;1;Marche;0,0088;1,2394;-0,1595;0,4465;-0,0178;0,0060;0,8946;;True
336,41;0.0;pa030​;20250612_123326;1;Marche;0,0070;1,2397;-0,1560;0,4456;-0,0173;0,0065;0,8950;;True
336,42;0.0;pa030​;20250612_123326;1;Marche;0,0052;1,2399;-0,1524;0,4447;-0,0168;0,0070;0,8955;;True
336,43;0.0;pa030​;20250612_123326;1;Marche;0,0035;1,2401;-0,1489;0,4436;-0,0164;0,0082;0,8961;;True
336,45;0.0;pa030​;20250612_123326;1;Marche;0,0019;1,2403;-0,1455;0,4426;-0,0163;0,0097;0,8965;;True
336,46;0.0;pa030​;20250612_123326;1;Marche;0,0004;1,2405;-0,1422;0,4416;-0,0161;0,0112;0,8970;;True
336,47;0.0;pa030​;20250612_123326;1;Marche;-0,0011;1,2407;-0,1389;0,4410;-0,0161;0,0124;0,8973;;True
336,49;0.0;pa030​;20250612_123326;1;Marche;-0,0026;1,2406;-0,1356;0,4404;-0,0163;0,0135;0,8975;;True
336,50;0.0;pa030​;20250612_123326;1;Marche;-0,0040;1,2405;-0,1323;0,4404;-0,0166;0,0144;0,8975;;True
336,52;0.0;pa030​;20250612_123326;1;Marche;-0,0052;1,2404;-0,1289;0,4407;-0,0171;0,0149;0,8973;;True
336,53;0.0;pa030​;20250612_123326;1;Marche;-0,0064;1,2405;-0,1255;0,4412;-0,0180;0,0159;0,8971;;True
336,54;0.0;pa030​;20250612_123326;1;Marche;-0,0075;1,2405;-0,1219;0,4419;-0,0189;0,0169;0,8967;;True
336,56;0.0;pa030​;20250612_123326;1;Marche;-0,0084;1,2407;-0,1179;0,4422;-0,0198;0,0178;0,8965;;True
336,57;0.0;pa030​;20250612_123326;1;Marche;-0,0092;1,2408;-0,1137;0,4418;-0,0211;0,0196;0,8966;;True
336,59;0.0;pa030​;20250612_123326;1;Marche;-0,0099;1,2408;-0,1095;0,4413;-0,0226;0,0217;0,8968;;True
336,60;0.0;pa030​;20250612_123326;1;Marche;-0,0105;1,2407;-0,1053;0,4412;-0,0241;0,0232;0,8968;;True
336,61;0.0;pa030​;20250612_123326;1;Marche;-0,0109;1,2404;-0,1011;0,4415;-0,0260;0,0245;0,8965;;True
336,63;0.0;pa030​;20250612_123326;1;Marche;-0,0112;1,2401;-0,0969;0,4423;-0,0282;0,0254;0,8961;;True
336,64;0.0;pa030​;20250612_123326;1;Marche;-0,0114;1,2397;-0,0925;0,4429;-0,0302;0,0261;0,8957;;True
336,65;0.0;pa030​;20250612_123326;1;Marche;-0,0115;1,2393;-0,0878;0,4431;-0,0328;0,0264;0,8955;;True
336,67;0.0;pa030​;20250612_123326;1;Marche;-0,0114;1,2389;-0,0828;0,4432;-0,0352;0,0265;0,8954;;True
336,68;0.0;pa030​;20250612_123326;1;Marche;-0,0111;1,2386;-0,0776;0,4434;-0,0375;0,0264;0,8952;;True
336,70;0.0;pa030​;20250612_123326;1;Marche;-0,0107;1,2383;-0,0721;0,4433;-0,0390;0,0264;0,8951;;True
336,71;0.0;pa030​;20250612_123326;1;Marche;-0,0101;1,2384;-0,0663;0,4436;-0,0401;0,0266;0,8949;;True
336,73;0.0;pa030​;20250612_123326;1;Marche;-0,0095;1,2385;-0,0600;0,4441;-0,0406;0,0265;0,8946;;True
336,74;0.0;pa030​;20250612_123326;1;Marche;-0,0088;1,2388;-0,0534;0,4447;-0,0417;0,0264;0,8943;;True
336,75;0.0;pa030​;20250612_123326;1;Marche;-0,0082;1,2390;-0,0464;0,4435;-0,0433;0,0261;0,8949;;True
336,77;0.0;pa030​;20250612_123326;1;Marche;-0,0075;1,2389;-0,0395;0,4412;-0,0445;0,0247;0,8960;;True
336,78;0.0;pa030​;20250612_123326;1;Marche;-0,0067;1,2393;-0,0323;0,4424;-0,0453;0,0234;0,8954;;True
336,80;0.0;pa030​;20250612_123326;1;Marche;-0,0059;1,2397;-0,0251;0,4436;-0,0461;0,0224;0,8948;;True
336,81;0.0;pa030​;20250612_123326;1;Marche;-0,0052;1,2398;-0,0179;0,4450;-0,0465;0,0208;0,8941;;True
336,82;0.0;pa030​;20250612_123326;1;Marche;-0,0048;1,2401;-0,0108;0,4468;-0,0456;0,0181;0,8933;;True
336,84;0.0;pa030​;20250612_123326;1;Marche;-0,0045;1,2403;-0,0035;0,4484;-0,0451;0,0161;0,8926;;True
336,85;0.0;pa030​;20250612_123326;1;Marche;-0,0042;1,2407;0,0037;0,4496;-0,0450;0,0150;0,8920;;True
336,86;0.0;pa030​;20250612_123326;1;Marche;-0,0040;1,2409;0,0109;0,4502;-0,0455;0,0153;0,8916;;True
336,88;0.0;pa030​;20250612_123326;1;Marche;-0,0039;1,2411;0,0180;0,4512;-0,0465;0,0162;0,8911;;True
336,89;0.0;pa030​;20250612_123326;1;Marche;-0,0040;1,2412;0,0250;0,4518;-0,0477;0,0172;0,8907;;True
336,91;0.0;pa030​;20250612_123326;1;Marche;-0,0040;1,2412;0,0319;0,4524;-0,0490;0,0179;0,8903;;True
336,92;0.0;pa030​;20250612_123326;1;Marche;-0,0042;1,2412;0,0387;0,4531;-0,0500;0,0183;0,8899;;True
336,93;0.0;pa030​;20250612_123326;1;Marche;-0,0045;1,2411;0,0453;0,4536;-0,0510;0,0183;0,8896;;True
336,95;0.0;pa030​;20250612_123326;1;Marche;-0,0049;1,2407;0,0515;0,4542;-0,0522;0,0183;0,8892;;True
336,96;0.0;pa030​;20250612_123326;1;Marche;-0,0054;1,2401;0,0575;0,4548;-0,0535;0,0183;0,8888;;True
336,98;0.0;pa030​;20250612_123326;1;Marche;-0,0061;1,2393;0,0634;0,4553;-0,0553;0,0184;0,8884;;True
336,99;0.0;pa030​;20250612_123326;1;Marche;-0,0069;1,2383;0,0690;0,4554;-0,0575;0,0190;0,8882;;True
337,00;0.0;pa030​;20250612_123326;1;Marche;-0,0078;1,2372;0,0743;0,4561;-0,0594;0,0195;0,8877;;True
337,02;0.0;pa030​;20250612_123326;1;Marche;-0,0089;1,2359;0,0794;0,4578;-0,0605;0,0198;0,8868;;True
337,03;0.0;pa030​;20250612_123326;1;Marche;-0,0100;1,2345;0,0842;0,4596;-0,0617;0,0202;0,8857;;True
337,04;0.0;pa030​;20250612_123326;1;Marche;-0,0112;1,2333;0,0890;0,4624;-0,0624;0,0205;0,8842;;True
337,06;0.0;pa030​;20250612_123326;1;Marche;-0,0127;1,2323;0,0937;0,4658;-0,0624;0,0204;0,8824;;True
337,07;0.0;pa030​;20250612_123326;1;Marche;-0,0142;1,2313;0,0983;0,4678;-0,0631;0,0208;0,8813;;True
337,09;0.0;pa030​;20250612_123326;1;Marche;-0,0158;1,2306;0,1030;0,4686;-0,0639;0,0215;0,8808;;True
337,10;0.0;pa030​;20250612_123326;1;Marche;-0,0176;1,2299;0,1077;0,4688;-0,0642;0,0221;0,8807;;True
337,11;0.0;pa030​;20250612_123326;1;Marche;-0,0194;1,2291;0,1123;0,4679;-0,0640;0,0224;0,8812;;True
337,13;0.0;pa030​;20250612_123326;1;Marche;-0,0212;1,2284;0,1166;0,4669;-0,0639;0,0234;0,8817;;True
337,14;0.0;pa030​;20250612_123326;1;Marche;-0,0231;1,2277;0,1206;0,4665;-0,0642;0,0245;0,8819;;True
337,15;0.0;pa030​;20250612_123326;1;Marche;-0,0251;1,2270;0,1243;0,4664;-0,0647;0,0256;0,8818;;True
337,17;0.0;pa030​;20250612_123326;1;Marche;-0,0271;1,2264;0,1278;0,4662;-0,0660;0,0270;0,8818;;True
337,18;0.0;pa030​;20250612_123326;1;Marche;-0,0290;1,2260;0,1313;0,4663;-0,0675;0,0283;0,8816;;True
337,20;0.0;pa030​;20250612_123326;1;Marche;-0,0310;1,2256;0,1346;0,4657;-0,0691;0,0294;0,8817;;True
337,21;0.0;pa030​;20250612_123326;1;Marche;-0,0330;1,2253;0,1378;0,4644;-0,0708;0,0304;0,8822;;True
337,22;0.0;pa030​;20250612_123326;1;Marche;-0,0349;1,2252;0,1405;0,4627;-0,0725;0,0308;0,8830;;True
337,24;0.0;pa030​;20250612_123326;1;Marche;-0,0369;1,2252;0,1430;0,4606;-0,0742;0,0310;0,8839;;True
337,25;0.0;pa030​;20250612_123326;1;Marche;-0,0389;1,2256;0,1452;0,4590;-0,0753;0,0308;0,8847;;True
337,27;0.0;pa030​;20250612_123326;1;Marche;-0,0409;1,2262;0,1472;0,4566;-0,0761;0,0302;0,8859;;True
337,28;0.0;pa030​;20250612_123326;1;Marche;-0,0431;1,2269;0,1490;0,4541;-0,0758;0,0297;0,8872;;True
337,29;0.0;pa030​;20250612_123326;1;Marche;-0,0453;1,2280;0,1505;0,4512;-0,0742;0,0282;0,8889;;True
337,31;0.0;pa030​;20250612_123326;1;Marche;-0,0477;1,2292;0,1516;0,4474;-0,0719;0,0267;0,8910;;True
337,32;0.0;pa030​;20250612_123326;1;Marche;-0,0503;1,2310;0,1524;0,4447;-0,0681;0,0255;0,8927;;True
337,34;0.0;pa030​;20250612_123326;1;Marche;-0,0530;1,2330;0,1535;0,4424;-0,0638;0,0251;0,8942;;True
337,35;0.0;pa030​;20250612_123326;1;Marche;-0,0560;1,2350;0,1546;0,4378;-0,0604;0,0265;0,8967;;True
337,36;0.0;pa030​;20250612_123326;1;Marche;-0,0592;1,2372;0,1556;0,4299;-0,0605;0,0308;0,9003;;True
337,38;0.0;pa030​;20250612_123326;1;Marche;-0,0625;1,2398;0,1565;0,4232;-0,0623;0,0355;0,9032;;True
337,39;0.0;pa030​;20250612_123326;1;Marche;-0,0658;1,2428;0,1569;0,4169;-0,0656;0,0398;0,9057;;True
337,41;0.0;pa030​;20250612_123326;1;Marche;-0,0690;1,2462;0,1571;0,4096;-0,0690;0,0431;0,9086;;True
337,42;0.0;pa030​;20250612_123326;1;Marche;-0,0721;1,2500;0,1574;0,4014;-0,0724;0,0452;0,9119;;True
337,43;0.0;pa030​;20250612_123326;1;Marche;-0,0750;1,2541;0,1578;0,3910;-0,0752;0,0454;0,9162;;True
337,45;0.0;pa030​;20250612_123326;1;Marche;-0,0776;1,2586;0,1585;0,3788;-0,0780;0,0446;0,9211;;True
337,46;0.0;pa030​;20250612_123326;1;Marche;-0,0801;1,2631;0,1589;0,3654;-0,0808;0,0433;0,9263;;True
337,47;0.0;pa030​;20250612_123326;1;Marche;-0,0824;1,2676;0,1591;0,3520;-0,0832;0,0414;0,9314;;True
337,49;0.0;pa030​;20250612_123326;1;Marche;-0,0846;1,2720;0,1589;0,3393;-0,0852;0,0394;0,9360;;True
337,50;0.0;pa030​;20250612_123326;1;Marche;-0,0866;1,2763;0,1584;0,3268;-0,0873;0,0373;0,9403;;True
337,52;0.0;pa030​;20250612_123326;1;Marche;-0,0885;1,2806;0,1579;0,3151;-0,0899;0,0358;0,9441;;True
337,53;0.0;pa030​;20250612_123326;1;Marche;-0,0906;1,2846;0,1571;0,3038;-0,0931;0,0352;0,9475;;True
337,54;0.0;pa030​;20250612_123326;1;Marche;-0,0924;1,2884;0,1562;0,2935;-0,0963;0,0350;0,9504;;True
337,56;0.0;pa030​;20250612_123326;1;Marche;-0,0933;1,2920;0,1554;0,2846;-0,0992;0,0350;0,9529;;True
337,57;0.0;pa030​;20250612_123326;1;Marche;-0,0940;1,2953;0,1548;0,2761;-0,1020;0,0357;0,9550;;True
337,59;0.0;pa030​;20250612_123326;1;Marche;-0,0945;1,2985;0,1543;0,2683;-0,1044;0,0359;0,9570;;True
337,60;0.0;pa030​;20250612_123326;1;Marche;-0,0947;1,3019;0,1539;0,2604;-0,1067;0,0359;0,9589;;True
337,61;0.0;pa030​;20250612_123326;1;Marche;-0,0948;1,3052;0,1534;0,2525;-0,1085;0,0350;0,9608;;True
337,63;0.0;pa030​;20250612_123326;1;Marche;-0,0950;1,3088;0,1528;0,2447;-0,1098;0,0338;0,9628;;True
337,64;0.0;pa030​;20250612_123326;1;Marche;-0,0948;1,3124;0,1521;0,2365;-0,1115;0,0324;0,9647;;True
337,66;0.0;pa030​;20250612_123326;1;Marche;-0,0946;1,3161;0,1514;0,2268;-0,1126;0,0307;0,9669;;True
337,67;0.0;pa030​;20250612_123326;1;Marche;-0,0944;1,3198;0,1507;0,2162;-0,1137;0,0291;0,9693;;True
337,68;0.0;pa030​;20250612_123326;1;Marche;-0,0939;1,3234;0,1498;0,2044;-0,1147;0,0276;0,9717;;True
337,70;0.0;pa030​;20250612_123326;1;Marche;-0,0931;1,3266;0,1489;0,1940;-0,1156;0,0255;0,9738;;True
337,71;0.0;pa030​;20250612_123326;1;Marche;-0,0923;1,3295;0,1475;0,1848;-0,1168;0,0244;0,9755;;True
337,72;0.0;pa030​;20250612_123326;1;Marche;-0,0912;1,3323;0,1462;0,1775;-0,1186;0,0237;0,9767;;True
337,74;0.0;pa030​;20250612_123326;1;Marche;-0,0898;1,3348;0,1447;0,1711;-0,1200;0,0227;0,9777;;True
337,75;0.0;pa030​;20250612_123326;1;Marche;-0,0883;1,3376;0,1431;0,1659;-0,1213;0,0222;0,9784;;True
337,77;0.0;pa030​;20250612_123326;1;Marche;-0,0868;1,3403;0,1416;0,1607;-0,1224;0,0212;0,9792;;True
337,78;0.0;pa030​;20250612_123326;1;Marche;-0,0853;1,3432;0,1399;0,1543;-0,1235;0,0199;0,9801;;True
337,79;0.0;pa030​;20250612_123326;1;Marche;-0,0837;1,3461;0,1382;0,1483;-0,1245;0,0184;0,9809;;True
337,81;0.0;pa030​;20250612_123326;1;Marche;-0,0819;1,3485;0,1363;0,1425;-0,1254;0,0178;0,9817;;True
337,82;0.0;pa030​;20250612_123326;1;Marche;-0,0800;1,3507;0,1343;0,1382;-0,1265;0,0173;0,9821;;True
337,84;0.0;pa030​;20250612_123326;1;Marche;-0,0781;1,3528;0,1322;0,1350;-0,1273;0,0176;0,9825;;True
337,85;0.0;pa030​;20250612_123326;1;Marche;-0,0761;1,3548;0,1301;0,1322;-0,1281;0,0179;0,9827;;True
337,86;0.0;pa030​;20250612_123326;1;Marche;-0,0740;1,3566;0,1280;0,1291;-0,1289;0,0182;0,9830;;True
337,88;0.0;pa030​;20250612_123326;1;Marche;-0,0718;1,3584;0,1261;0,1260;-0,1294;0,0188;0,9834;;True
337,89;0.0;pa030​;20250612_123326;1;Marche;-0,0696;1,3602;0,1241;0,1235;-0,1293;0,0187;0,9837;;True
337,90;0.0;pa030​;20250612_123326;1;Marche;-0,0673;1,3619;0,1223;0,1212;-0,1294;0,0180;0,9840;;True
337,92;0.0;pa030​;20250612_123326;1;Marche;-0,0651;1,3636;0,1206;0,1191;-0,1287;0,0168;0,9844;;True
337,93;0.0;pa030​;20250612_123326;1;Marche;-0,0629;1,3651;0,1190;0,1169;-0,1281;0,0153;0,9847;;True
337,95;0.0;pa030​;20250612_123326;1;Marche;-0,0606;1,3665;0,1174;0,1147;-0,1278;0,0145;0,9850;;True
337,96;0.0;pa030​;20250612_123326;1;Marche;-0,0583;1,3680;0,1159;0,1127;-0,1273;0,0139;0,9853;;True
337,97;0.0;pa030​;20250612_123326;1;Marche;-0,0562;1,3693;0,1146;0,1105;-0,1264;0,0130;0,9857;;True
337,99;0.0;pa030​;20250612_123326;1;Marche;-0,0540;1,3705;0,1134;0,1084;-0,1254;0,0121;0,9861;;True
338,00;0.0;pa030​;20250612_123326;1;Marche;-0,0520;1,3717;0,1123;0,1063;-0,1238;0,0116;0,9865;;True
338,02;0.0;pa030​;20250612_123326;1;Marche;-0,0499;1,3727;0,1112;0,1049;-0,1222;0,0115;0,9869;;True
338,03;0.0;pa030​;20250612_123326;1;Marche;-0,0479;1,3737;0,1101;0,1035;-0,1202;0,0124;0,9873;;True
338,04;0.0;pa030​;20250612_123326;1;Marche;-0,0460;1,3748;0,1091;0,1023;-0,1182;0,0130;0,9876;;True
338,06;0.0;pa030​;20250612_123326;1;Marche;-0,0442;1,3757;0,1081;0,1012;-0,1157;0,0136;0,9880;;True
338,07;0.0;pa030​;20250612_123326;1;Marche;-0,0427;1,3766;0,1071;0,1008;-0,1133;0,0140;0,9883;;True
338,09;0.0;pa030​;20250612_123326;1;Marche;-0,0413;1,3774;0,1060;0,1010;-0,1116;0,0148;0,9885;;True
338,10;0.0;pa030​;20250612_123326;1;Marche;-0,0402;1,3781;0,1047;0,1012;-0,1105;0,0155;0,9886;;True
338,11;0.0;pa030​;20250612_123326;1;Marche;-0,0391;1,3789;0,1034;0,1010;-0,1102;0,0160;0,9886;;True
338,13;0.0;pa030​;20250612_123326;1;Marche;-0,0383;1,3799;0,1020;0,1006;-0,1101;0,0163;0,9887;;True
338,14;0.0;pa030​;20250612_123326;1;Marche;-0,0375;1,3808;0,1007;0,0996;-0,1102;0,0166;0,9888;;True
338,16;0.0;pa030​;20250612_123326;1;Marche;-0,0368;1,3815;0,0992;0,0985;-0,1104;0,0168;0,9889;;True
338,17;0.0;pa030​;20250612_123326;1;Marche;-0,0362;1,3822;0,0977;0,0979;-0,1110;0,0171;0,9888;;True
338,18;0.0;pa030​;20250612_123326;1;Marche;-0,0358;1,3829;0,0961;0,0965;-0,1114;0,0175;0,9889;;True
338,20;0.0;pa030​;20250612_123326;1;Marche;-0,0353;1,3838;0,0945;0,0942;-0,1116;0,0174;0,9891;;True
338,21;0.0;pa030​;20250612_123326;1;Marche;-0,0348;1,3845;0,0929;0,0912;-0,1113;0,0172;0,9894;;True
338,22;0.0;pa030​;20250612_123326;1;Marche;-0,0343;1,3852;0,0914;0,0878;-0,1098;0,0166;0,9899;;True
338,24;0.0;pa030​;20250612_123326;1;Marche;-0,0337;1,3859;0,0898;0,0837;-0,1069;0,0157;0,9906;;True
338,25;0.0;pa030​;20250612_123326;1;Marche;-0,0331;1,3866;0,0884;0,0797;-0,1034;0,0150;0,9913;;True
338,27;0.0;pa030​;20250612_123326;1;Marche;-0,0326;1,3873;0,0870;0,0754;-0,0997;0,0144;0,9921;;True
338,28;0.0;pa030​;20250612_123326;1;Marche;-0,0322;1,3879;0,0856;0,0711;-0,0958;0,0144;0,9928;;True
338,29;0.0;pa030​;20250612_123326;1;Marche;-0,0319;1,3885;0,0843;0,0673;-0,0920;0,0140;0,9934;;True
338,31;0.0;pa030​;20250612_123326;1;Marche;-0,0317;1,3890;0,0832;0,0635;-0,0884;0,0138;0,9940;;True
338,32;0.0;pa030​;20250612_123326;1;Marche;-0,0315;1,3896;0,0824;0,0604;-0,0843;0,0134;0,9945;;True
338,34;0.0;pa030​;20250612_123326;1;Marche;-0,0313;1,3901;0,0816;0,0573;-0,0798;0,0130;0,9951;;True
338,35;0.0;pa030​;20250612_123326;1;Marche;-0,0311;1,3904;0,0809;0,0545;-0,0753;0,0128;0,9956;;True
338,37;0.0;pa030​;20250612_123326;1;Marche;-0,0309;1,3906;0,0802;0,0523;-0,0709;0,0132;0,9960;;True
338,38;0.0;pa030​;20250612_123326;1;Marche;-0,0309;1,3908;0,0795;0,0506;-0,0669;0,0140;0,9964;;True
338,39;0.0;pa030​;20250612_123326;1;Marche;-0,0308;1,3910;0,0790;0,0497;-0,0634;0,0146;0,9966;;True
338,41;0.0;pa030​;20250612_123326;1;Marche;-0,0308;1,3912;0,0786;0,0494;-0,0601;0,0149;0,9969;;True
338,42;0.0;pa030​;20250612_123326;1;Marche;-0,0307;1,3913;0,0782;0,0487;-0,0573;0,0154;0,9971;;True
338,43;0.0;pa030​;20250612_123326;1;Marche;-0,0308;1,3916;0,0780;0,0484;-0,0544;0,0155;0,9972;;True
338,45;0.0;pa030​;20250612_123326;1;Marche;-0,0309;1,3919;0,0779;0,0475;-0,0523;0,0151;0,9974;;True
338,46;0.0;pa030​;20250612_123326;1;Marche;-0,0313;1,3923;0,0779;0,0461;-0,0505;0,0149;0,9975;;True
338,47;0.0;pa030​;20250612_123326;1;Marche;-0,0317;1,3928;0,0780;0,0448;-0,0494;0,0144;0,9977;;True
338,49;0.0;pa030​;20250612_123326;1;Marche;-0,0321;1,3933;0,0781;0,0430;-0,0483;0,0134;0,9978;;True
338,50;0.0;pa030​;20250612_123326;1;Marche;-0,0324;1,3938;0,0784;0,0411;-0,0470;0,0125;0,9980;;True
338,52;0.0;pa030​;20250612_123326;1;Marche;-0,0325;1,3942;0,0787;0,0386;-0,0454;0,0114;0,9982;;True
338,53;0.0;pa030​;20250612_123326;1;Marche;-0,0327;1,3948;0,0792;0,0362;-0,0433;0,0107;0,9983;;True
338,54;0.0;pa030​;20250612_123326;1;Marche;-0,0329;1,3953;0,0798;0,0338;-0,0416;0,0096;0,9985;;True
338,56;0.0;pa030​;20250612_123326;1;Marche;-0,0332;1,3956;0,0804;0,0319;-0,0397;0,0087;0,9987;;True
338,57;0.0;pa030​;20250612_123326;1;Marche;-0,0336;1,3959;0,0812;0,0306;-0,0374;0,0076;0,9988;;True
338,59;0.0;pa030​;20250612_123326;1;Marche;-0,0341;1,3963;0,0820;0,0292;-0,0348;0,0064;0,9989;;True
338,60;0.0;pa030​;20250612_123326;1;Marche;-0,0347;1,3967;0,0829;0,0279;-0,0322;0,0058;0,9991;;True
338,61;0.0;pa030​;20250612_123326;1;Marche;-0,0351;1,3970;0,0839;0,0261;-0,0300;0,0055;0,9992;;True
338,63;0.0;pa030​;20250612_123326;1;Marche;-0,0357;1,3974;0,0849;0,0241;-0,0279;0,0062;0,9993;;True
338,64;0.0;pa030​;20250612_123326;1;Marche;-0,0362;1,3976;0,0859;0,0226;-0,0265;0,0063;0,9994;;True
338,66;0.0;pa030​;20250612_123326;1;Marche;-0,0367;1,3976;0,0868;0,0219;-0,0249;0,0068;0,9994;;True
338,67;0.0;pa030​;20250612_123326;1;Marche;-0,0372;1,3977;0,0877;0,0214;-0,0234;0,0068;0,9995;;True
338,68;0.0;pa030​;20250612_123326;1;Marche;-0,0377;1,3979;0,0887;0,0206;-0,0221;0,0066;0,9995;;True
338,70;0.0;pa030​;20250612_123326;1;Marche;-0,0382;1,3982;0,0897;0,0194;-0,0210;0,0066;0,9996;;True
338,71;0.0;pa030​;20250612_123326;1;Marche;-0,0387;1,3983;0,0907;0,0180;-0,0199;0,0061;0,9996;;True
338,72;0.0;pa030​;20250612_123326;1;Marche;-0,0392;1,3985;0,0916;0,0167;-0,0190;0,0051;0,9997;;True
338,74;0.0;pa030​;20250612_123326;1;Marche;-0,0396;1,3987;0,0925;0,0155;-0,0182;0,0039;0,9997;;True
338,75;0.0;pa030​;20250612_123326;1;Marche;-0,0401;1,3990;0,0935;0,0142;-0,0174;0,0028;0,9997;;True
338,77;0.0;pa030​;20250612_123326;1;Marche;-0,0404;1,3992;0,0945;0,0129;-0,0163;0,0016;0,9998;;True
338,78;0.0;pa030​;20250612_123326;1;Marche;-0,0407;1,3995;0,0954;0,0113;-0,0151;0,0005;0,9998;;True
338,79;0.0;pa030​;20250612_123326;1;Marche;-0,0410;1,3997;0,0963;0,0100;-0,0142;-0,0001;0,9998;;True
338,81;0.0;pa030​;20250612_123326;1;Marche;-0,0413;1,3999;0,0971;0,0091;-0,0135;-0,0007;0,9999;;True
338,82;0.0;pa030​;20250612_123326;1;Marche;-0,0415;1,4002;0,0979;0,0086;-0,0128;-0,0016;0,9999;;True
338,84;0.0;pa030​;20250612_123326;1;Marche;-0,0416;1,4004;0,0987;0,0078;-0,0120;-0,0026;0,9999;;True
338,85;0.0;pa030​;20250612_123326;1;Marche;-0,0418;1,4006;0,0994;0,0071;-0,0112;-0,0032;0,9999;;True
338,86;0.0;pa030​;20250612_123326;1;Marche;-0,0419;1,4007;0,1001;0,0062;-0,0103;-0,0038;0,9999;;True
338,88;0.0;pa030​;20250612_123326;1;Marche;-0,0420;1,4009;0,1007;0,0055;-0,0094;-0,0048;0,9999;;True
338,89;0.0;pa030​;20250612_123326;1;Marche;-0,0421;1,4011;0,1013;0,0047;-0,0085;-0,0060;0,9999;;True
338,91;0.0;pa030​;20250612_123326;1;Marche;-0,0421;1,4014;0,1018;0,0037;-0,0078;-0,0068;0,9999;;True
338,92;0.0;pa030​;20250612_123326;1;Marche;-0,0422;1,4015;0,1023;0,0026;-0,0072;-0,0077;0,9999;;True
338,93;0.0;pa030​;20250612_123326;1;Marche;-0,0422;1,4017;0,1028;0,0016;-0,0068;-0,0085;0,9999;;True
338,95;0.0;pa030​;20250612_123326;1;Marche;-0,0422;1,4021;0,1032;0,0009;-0,0063;-0,0097;0,9999;;True
338,96;0.0;pa030​;20250612_123326;1;Marche;-0,0423;1,4023;0,1036;0,0000;-0,0058;-0,0105;0,9999;;True
338,98;0.0;pa030​;20250612_123326;1;Marche;-0,0423;1,4024;0,1040;-0,0005;-0,0052;-0,0111;0,9999;;True
338,99;0.0;pa030​;20250612_123326;1;Marche;-0,0422;1,4025;0,1044;-0,0011;-0,0048;-0,0116;0,9999;;True
339,00;0.0;pa030​;20250612_123326;1;Marche;-0,0422;1,4026;0,1047;-0,0018;-0,0047;-0,0119;0,9999;;True
339,02;0.0;pa030​;20250612_123326;1;Marche;-0,0422;1,4026;0,1050;-0,0023;-0,0051;-0,0122;0,9999;;True
339,03;0.0;pa030​;20250612_123326;1;Marche;-0,0422;1,4028;0,1051;-0,0028;-0,0049;-0,0125;0,9999;;True
339,04;0.0;pa030​;20250612_123326;1;Marche;-0,0421;1,4028;0,1053;-0,0035;-0,0046;-0,0132;0,9999;;True
339,06;0.0;pa030​;20250612_123326;1;Marche;-0,0419;1,4029;0,1053;-0,0038;-0,0038;-0,0140;0,9999;;True
339,07;0.0;pa030​;20250612_123326;1;Marche;-0,0417;1,4030;0,1053;-0,0044;-0,0031;-0,0146;0,9999;;True
339,09;0.0;pa030​;20250612_123326;1;Marche;-0,0416;1,4031;0,1053;-0,0053;-0,0025;-0,0153;0,9999;;True
339,10;0.0;pa030​;20250612_123326;1;Marche;-0,0415;1,4033;0,1052;-0,0068;-0,0023;-0,0160;0,9998;;True
339,11;0.0;pa030​;20250612_123326;1;Marche;-0,0415;1,4035;0,1051;-0,0086;-0,0019;-0,0171;0,9998;;True
339,13;0.0;pa030​;20250612_123326;1;Marche;-0,0414;1,4039;0,1048;-0,0108;-0,0015;-0,0180;0,9998;;True
339,14;0.0;pa030​;20250612_123326;1;Marche;-0,0414;1,4044;0,1044;-0,0128;-0,0010;-0,0185;0,9997;;True
339,15;0.0;pa030​;20250612_123326;1;Marche;-0,0415;1,4047;0,1042;-0,0151;-0,0007;-0,0187;0,9997;;True
339,17;0.0;pa030​;20250612_123326;1;Marche;-0,0415;1,4050;0,1038;-0,0168;-0,0005;-0,0188;0,9997;;True
339,18;0.0;pa030​;20250612_123326;1;Marche;-0,0414;1,4053;0,1033;-0,0186;-0,0005;-0,0183;0,9997;;True
339,20;0.0;pa030​;20250612_123326;1;Marche;-0,0414;1,4056;0,1027;-0,0202;-0,0007;-0,0179;0,9996;;True
339,21;0.0;pa030​;20250612_123326;1;Marche;-0,0414;1,4058;0,1021;-0,0219;-0,0010;-0,0173;0,9996;;True
339,22;0.0;pa030​;20250612_123326;1;Marche;-0,0413;1,4061;0,1015;-0,0237;-0,0017;-0,0167;0,9996;;True
339,24;0.0;pa030​;20250612_123326;1;Marche;-0,0413;1,4063;0,1007;-0,0251;-0,0024;-0,0163;0,9995;;True
339,25;0.0;pa030​;20250612_123326;1;Marche;-0,0411;1,4064;0,0999;-0,0264;-0,0033;-0,0161;0,9995;;True
339,27;0.0;pa030​;20250612_123326;1;Marche;-0,0409;1,4065;0,0989;-0,0272;-0,0040;-0,0158;0,9995;;True
339,28;0.0;pa030​;20250612_123326;1;Marche;-0,0405;1,4065;0,0980;-0,0281;-0,0045;-0,0157;0,9995;;True
339,29;0.0;pa030​;20250612_123326;1;Marche;-0,0399;1,4065;0,0970;-0,0291;-0,0042;-0,0158;0,9994;;True
339,31;0.0;pa030​;20250612_123326;1;Marche;-0,0393;1,4067;0,0960;-0,0303;-0,0035;-0,0161;0,9994;;True
339,32;0.0;pa030​;20250612_123326;1;Marche;-0,0387;1,4068;0,0950;-0,0319;-0,0025;-0,0167;0,9993;;True
339,34;0.0;pa030​;20250612_123326;1;Marche;-0,0382;1,4068;0,0941;-0,0337;-0,0016;-0,0171;0,9993;;True
339,35;0.0;pa030​;20250612_123326;1;Marche;-0,0376;1,4067;0,0931;-0,0350;-0,0011;-0,0170;0,9992;;True
339,36;0.0;pa030​;20250612_123326;1;Marche;-0,0372;1,4068;0,0921;-0,0357;-0,0009;-0,0168;0,9992;;True
339,38;0.0;pa030​;20250612_123326;1;Marche;-0,0369;1,4069;0,0910;-0,0361;-0,0009;-0,0160;0,9992;;True
339,39;0.0;pa030​;20250612_123326;1;Marche;-0,0366;1,4069;0,0900;-0,0363;-0,0019;-0,0145;0,9992;;True
339,41;0.0;pa030​;20250612_123326;1;Marche;-0,0364;1,4069;0,0889;-0,0360;-0,0027;-0,0132;0,9993;;True
339,42;0.0;pa030​;20250612_123326;1;Marche;-0,0362;1,4068;0,0879;-0,0357;-0,0038;-0,0120;0,9993;;True
339,43;0.0;pa030​;20250612_123326;1;Marche;-0,0361;1,4069;0,0868;-0,0358;-0,0052;-0,0107;0,9993;;True
339,45;0.0;pa030​;20250612_123326;1;Marche;-0,0360;1,4071;0,0858;-0,0366;-0,0067;-0,0096;0,9993;;True
339,46;0.0;pa030​;20250612_123326;1;Marche;-0,0359;1,4074;0,0848;-0,0379;-0,0089;-0,0091;0,9992;;True
339,47;0.0;pa030​;20250612_123326;1;Marche;-0,0359;1,4077;0,0839;-0,0397;-0,0113;-0,0086;0,9991;;True
339,49;0.0;pa030​;20250612_123326;1;Marche;-0,0360;1,4080;0,0831;-0,0417;-0,0144;-0,0080;0,9990;;True
339,50;0.0;pa030​;20250612_123326;1;Marche;-0,0361;1,4082;0,0824;-0,0431;-0,0174;-0,0080;0,9989;;True
339,52;0.0;pa030​;20250612_123326;1;Marche;-0,0362;1,4084;0,0818;-0,0439;-0,0202;-0,0076;0,9988;;True
339,53;0.0;pa030​;20250612_123326;1;Marche;-0,0362;1,4083;0,0813;-0,0444;-0,0227;-0,0077;0,9987;;True
339,54;0.0;pa030​;20250612_123326;1;Marche;-0,0363;1,4084;0,0808;-0,0444;-0,0243;-0,0075;0,9987;;True
339,56;0.0;pa030​;20250612_123326;1;Marche;-0,0361;1,4085;0,0804;-0,0436;-0,0254;-0,0075;0,9987;;True
339,57;0.0;pa030​;20250612_123326;1;Marche;-0,0359;1,4083;0,0800;-0,0429;-0,0261;-0,0070;0,9987;;True
339,59;0.0;pa030​;20250612_123326;1;Marche;-0,0358;1,4080;0,0798;-0,0414;-0,0266;-0,0064;0,9988;;True
339,60;0.0;pa030​;20250612_123326;1;Marche;-0,0357;1,4077;0,0796;-0,0396;-0,0275;-0,0055;0,9988;;True
339,61;0.0;pa030​;20250612_123326;1;Marche;-0,0355;1,4073;0,0794;-0,0375;-0,0283;-0,0047;0,9989;;True
339,63;0.0;pa030​;20250612_123326;1;Marche;-0,0353;1,4068;0,0793;-0,0348;-0,0287;-0,0049;0,9990;;True
339,64;0.0;pa030​;20250612_123326;1;Marche;-0,0350;1,4063;0,0792;-0,0325;-0,0287;-0,0052;0,9990;;True
339,65;0.0;pa030​;20250612_123326;1;Marche;-0,0346;1,4059;0,0792;-0,0301;-0,0281;-0,0058;0,9991;;True
339,67;0.0;pa030​;20250612_123326;1;Marche;-0,0341;1,4054;0,0792;-0,0278;-0,0275;-0,0068;0,9992;;True
339,68;0.0;pa030​;20250612_123326;1;Marche;-0,0335;1,4050;0,0792;-0,0252;-0,0265;-0,0080;0,9993;;True
339,70;0.0;pa030​;20250612_123326;1;Marche;-0,0330;1,4045;0,0794;-0,0227;-0,0247;-0,0095;0,9994;;True
339,71;0.0;pa030​;20250612_123326;1;Marche;-0,0323;1,4040;0,0796;-0,0208;-0,0229;-0,0103;0,9995;;True
339,73;0.0;pa030​;20250612_123326;1;Marche;-0,0316;1,4037;0,0798;-0,0196;-0,0206;-0,0110;0,9995;;True
339,74;0.0;pa030​;20250612_123326;1;Marche;-0,0310;1,4037;0,0799;-0,0186;-0,0181;-0,0115;0,9996;;True
339,75;0.0;pa030​;20250612_123326;1;Marche;-0,0303;1,4038;0,0800;-0,0180;-0,0159;-0,0115;0,9996;;True
339,77;0.0;pa030​;20250612_123326;1;Marche;-0,0297;1,4038;0,0800;-0,0172;-0,0135;-0,0116;0,9997;;True
339,78;0.0;pa030​;20250612_123326;1;Marche;-0,0290;1,4036;0,0802;-0,0161;-0,0113;-0,0115;0,9997;;True
339,79;0.0;pa030​;20250612_123326;1;Marche;-0,0283;1,4033;0,0804;-0,0149;-0,0094;-0,0114;0,9998;;True
339,81;0.0;pa030​;20250612_123326;1;Marche;-0,0276;1,4031;0,0806;-0,0136;-0,0078;-0,0112;0,9998;;True
339,82;0.0;pa030​;20250612_123326;1;Marche;-0,0271;1,4029;0,0809;-0,0128;-0,0062;-0,0112;0,9998;;True
339,84;0.0;pa030​;20250612_123326;1;Marche;-0,0265;1,4028;0,0811;-0,0122;-0,0050;-0,0113;0,9998;;True
339,85;0.0;pa030​;20250612_123326;1;Marche;-0,0261;1,4026;0,0813;-0,0116;-0,0040;-0,0114;0,9999;;True
339,86;0.0;pa030​;20250612_123326;1;Marche;-0,0256;1,4024;0,0814;-0,0110;-0,0031;-0,0115;0,9999;;True
339,88;0.0;pa030​;20250612_123326;1;Marche;-0,0251;1,4022;0,0817;-0,0101;-0,0026;-0,0116;0,9999;;True
339,89;0.0;pa030​;20250612_123326;1;Marche;-0,0248;1,4020;0,0820;-0,0091;-0,0019;-0,0120;0,9999;;True
339,91;0.0;pa030​;20250612_123326;1;Marche;-0,0244;1,4017;0,0823;-0,0081;-0,0016;-0,0121;0,9999;;True
339,92;0.0;pa030​;20250612_123326;1;Marche;-0,0240;1,4014;0,0827;-0,0072;-0,0012;-0,0123;0,9999;;True
339,93;0.0;pa030​;20250612_123326;1;Marche;-0,0237;1,4012;0,0830;-0,0060;-0,0007;-0,0126;0,9999;;True
339,95;0.0;pa030​;20250612_123326;1;Marche;-0,0233;1,4011;0,0831;-0,0048;0,0001;-0,0129;0,9999;;True
339,96;0.0;pa030​;20250612_123326;1;Marche;-0,0230;1,4010;0,0834;-0,0041;0,0007;-0,0131;0,9999;;True
339,97;0.0;pa030​;20250612_123326;1;Marche;-0,0228;1,4009;0,0836;-0,0036;0,0014;-0,0132;0,9999;;True
339,99;0.0;pa030​;20250612_123326;1;Marche;-0,0225;1,4008;0,0839;-0,0033;0,0020;-0,0133;0,9999;;True
340,00;0.0;pa030​;20250612_123326;1;Marche;-0,0223;1,4007;0,0842;-0,0030;0,0027;-0,0134;0,9999;;True
340,02;0.0;pa030​;20250612_123326;1;Marche;-0,0221;1,4006;0,0845;-0,0027;0,0038;-0,0135;0,9999;;True
340,03;0.0;pa030​;20250612_123326;1;Marche;-0,0219;1,4004;0,0847;-0,0028;0,0049;-0,0135;0,9999;;True
340,04;0.0;pa030​;20250612_123326;1;Marche;-0,0217;1,4005;0,0849;-0,0029;0,0061;-0,0133;0,9999;;True
340,06;0.0;pa030​;20250612_123326;1;Marche;-0,0215;1,4005;0,0850;-0,0030;0,0074;-0,0131;0,9999;;True
340,07;0.0;pa030​;20250612_123326;1;Marche;-0,0214;1,4005;0,0852;-0,0030;0,0088;-0,0127;0,9999;;True
340,09;0.0;pa030​;20250612_123326;1;Marche;-0,0212;1,4005;0,0854;-0,0032;0,0099;-0,0125;0,9999;;True
340,10;0.0;pa030​;20250612_123326;1;Marche;-0,0210;1,4005;0,0856;-0,0034;0,0112;-0,0123;0,9999;;True
340,11;0.0;pa030​;20250612_123326;1;Marche;-0,0208;1,4004;0,0859;-0,0037;0,0119;-0,0120;0,9999;;True
340,13;0.0;pa030​;20250612_123326;1;Marche;-0,0207;1,4005;0,0861;-0,0043;0,0127;-0,0116;0,9998;;True
340,14;0.0;pa030​;20250612_123326;1;Marche;-0,0206;1,4006;0,0862;-0,0050;0,0130;-0,0116;0,9998;;True
340,16;0.0;pa030​;20250612_123326;1;Marche;-0,0205;1,4008;0,0863;-0,0056;0,0131;-0,0114;0,9998;;True
340,17;0.0;pa030​;20250612_123326;1;Marche;-0,0204;1,4010;0,0864;-0,0059;0,0128;-0,0114;0,9998;;True
340,18;0.0;pa030​;20250612_123326;1;Marche;-0,0204;1,4010;0,0865;-0,0064;0,0121;-0,0113;0,9998;;True
340,20;0.0;pa030​;20250612_123326;1;Marche;-0,0204;1,4010;0,0867;-0,0068;0,0115;-0,0113;0,9998;;True
340,21;0.0;pa030​;20250612_123326;1;Marche;-0,0204;1,4011;0,0870;-0,0074;0,0109;-0,0116;0,9998;;True
340,23;0.0;pa030​;20250612_123326;1;Marche;-0,0203;1,4011;0,0872;-0,0080;0,0104;-0,0117;0,9998;;True
340,24;0.0;pa030​;20250612_123326;1;Marche;-0,0202;1,4012;0,0875;-0,0087;0,0099;-0,0119;0,9998;;True
340,25;0.0;pa030​;20250612_123326;1;Marche;-0,0200;1,4013;0,0876;-0,0091;0,0093;-0,0122;0,9998;;True
340,27;0.0;pa030​;20250612_123326;1;Marche;-0,0198;1,4015;0,0877;-0,0096;0,0087;-0,0129;0,9998;;True
340,28;0.0;pa030​;20250612_123326;1;Marche;-0,0196;1,4018;0,0879;-0,0102;0,0082;-0,0133;0,9998;;True
340,29;0.0;pa030​;20250612_123326;1;Marche;-0,0194;1,4020;0,0883;-0,0113;0,0079;-0,0138;0,9998;;True
340,31;0.0;pa030​;20250612_123326;1;Marche;-0,0192;1,4022;0,0886;-0,0124;0,0077;-0,0140;0,9998;;True
340,32;0.0;pa030​;20250612_123326;1;Marche;-0,0190;1,4025;0,0890;-0,0138;0,0078;-0,0144;0,9998;;True
340,34;0.0;pa030​;20250612_123326;1;Marche;-0,0188;1,4029;0,0894;-0,0150;0,0079;-0,0150;0,9997;;True
340,35;0.0;pa030​;20250612_123326;1;Marche;-0,0187;1,4033;0,0898;-0,0161;0,0080;-0,0155;0,9997;;True
340,36;0.0;pa030​;20250612_123326;1;Marche;-0,0186;1,4038;0,0902;-0,0171;0,0084;-0,0162;0,9997;;True
340,38;0.0;pa030​;20250612_123326;1;Marche;-0,0184;1,4041;0,0907;-0,0183;0,0087;-0,0167;0,9997;;True
340,39;0.0;pa030​;20250612_123326;1;Marche;-0,0184;1,4044;0,0913;-0,0194;0,0089;-0,0172;0,9996;;True
340,40;0.0;pa030​;20250612_123326;1;Marche;-0,0184;1,4046;0,0919;-0,0207;0,0089;-0,0174;0,9996;;True
340,42;0.0;pa030​;20250612_123326;1;Marche;-0,0185;1,4048;0,0926;-0,0219;0,0083;-0,0177;0,9996;;True
340,43;0.0;pa030​;20250612_123326;1;Marche;-0,0186;1,4049;0,0933;-0,0230;0,0078;-0,0179;0,9995;;True
340,45;0.0;pa030​;20250612_123326;1;Marche;-0,0189;1,4051;0,0940;-0,0239;0,0074;-0,0183;0,9995;;True
340,46;0.0;pa030​;20250612_123326;1;Marche;-0,0191;1,4051;0,0947;-0,0246;0,0066;-0,0185;0,9995;;True
340,47;0.0;pa030​;20250612_123326;1;Marche;-0,0194;1,4051;0,0955;-0,0246;0,0060;-0,0187;0,9995;;True
340,49;0.0;pa030​;20250612_123326;1;Marche;-0,0196;1,4049;0,0963;-0,0247;0,0060;-0,0187;0,9995;;True
340,50;0.0;pa030​;20250612_123326;1;Marche;-0,0197;1,4047;0,0971;-0,0247;0,0060;-0,0183;0,9995;;True
340,52;0.0;pa030​;20250612_123326;1;Marche;-0,0200;1,4045;0,0980;-0,0243;0,0061;-0,0180;0,9995;;True
340,53;0.0;pa030​;20250612_123326;1;Marche;-0,0203;1,4043;0,0989;-0,0242;0,0061;-0,0181;0,9995;;True
340,54;0.0;pa030​;20250612_123326;1;Marche;-0,0207;1,4043;0,0997;-0,0236;0,0062;-0,0178;0,9995;;True
340,56;0.0;pa030​;20250612_123326;1;Marche;-0,0211;1,4041;0,1005;-0,0230;0,0060;-0,0174;0,9996;;True
340,57;0.0;pa030​;20250612_123326;1;Marche;-0,0216;1,4039;0,1012;-0,0214;0,0059;-0,0171;0,9996;;True
340,59;0.0;pa030​;20250612_123326;1;Marche;-0,0220;1,4035;0,1019;-0,0197;0,0057;-0,0166;0,9997;;True
340,60;0.0;pa030​;20250612_123326;1;Marche;-0,0225;1,4032;0,1025;-0,0182;0,0054;-0,0159;0,9997;;True
340,61;0.0;pa030​;20250612_123326;1;Marche;-0,0230;1,4029;0,1032;-0,0170;0,0054;-0,0155;0,9997;;True
340,63;0.0;pa030​;20250612_123326;1;Marche;-0,0235;1,4027;0,1038;-0,0160;0,0057;-0,0150;0,9997;;True
340,64;0.0;pa030​;20250612_123326;1;Marche;-0,0240;1,4024;0,1044;-0,0155;0,0060;-0,0147;0,9998;;True
340,66;0.0;pa030​;20250612_123326;1;Marche;-0,0247;1,4022;0,1049;-0,0150;0,0066;-0,0148;0,9998;;True
340,67;0.0;pa030​;20250612_123326;1;Marche;-0,0254;1,4020;0,1055;-0,0149;0,0070;-0,0147;0,9998;;True
340,68;0.0;pa030​;20250612_123326;1;Marche;-0,0263;1,4019;0,1064;-0,0151;0,0073;-0,0136;0,9998;;True
340,70;0.0;pa030​;20250612_123326;1;Marche;-0,0272;1,4017;0,1073;-0,0154;0,0071;-0,0121;0,9998;;True
340,71;0.0;pa030​;20250612_123326;1;Marche;-0,0280;1,4014;0,1081;-0,0154;0,0069;-0,0101;0,9998;;True
340,72;0.0;pa030​;20250612_123326;1;Marche;-0,0288;1,4010;0,1090;-0,0147;0,0067;-0,0084;0,9998;;True
340,74;0.0;pa030​;20250612_123326;1;Marche;-0,0296;1,4007;0,1099;-0,0134;0,0063;-0,0073;0,9999;;True
340,75;0.0;pa030​;20250612_123326;1;Marche;-0,0304;1,4005;0,1108;-0,0124;0,0053;-0,0064;0,9999;;True
340,77;0.0;pa030​;20250612_123326;1;Marche;-0,0310;1,4003;0,1117;-0,0110;0,0033;-0,0057;0,9999;;True
340,78;0.0;pa030​;20250612_123326;1;Marche;-0,0317;1,3999;0,1127;-0,0097;0,0014;-0,0048;0,9999;;True
340,79;0.0;pa030​;20250612_123326;1;Marche;-0,0321;1,3995;0,1137;-0,0082;-0,0007;-0,0042;1,0000;;True
340,81;0.01;pa030​;20250612_123326;1;Marche;-0,0325;1,3989;0,1146;-0,0064;-0,0026;-0,0036;1,0000;;False
340,82;0.03;pa030​;20250612_123326;1;Marche;-0,0327;1,3983;0,1154;-0,0045;-0,0040;-0,0035;1,0000;;False
340,83;0.04;pa030​;20250612_123326;1;Marche;-0,0327;1,3978;0,1161;-0,0020;-0,0052;-0,0037;1,0000;;False
340,85;0.06;pa030​;20250612_123326;1;Marche;-0,0327;1,3972;0,1166;0,0004;-0,0057;-0,0037;1,0000;;False
340,87;0.07;pa030​;20250612_123326;1;Marche;-0,0325;1,3967;0,1171;0,0029;-0,0064;-0,0041;1,0000;;False
340,88;0.08;pa030​;20250612_123326;1;Marche;-0,0324;1,3963;0,1176;0,0047;-0,0071;-0,0044;1,0000;;False
340,89;0.1;pa030​;20250612_123326;1;Marche;-0,0323;1,3959;0,1181;0,0058;-0,0087;-0,0047;0,9999;;False
340,91;0.11;pa030​;20250612_123326;1;Marche;-0,0322;1,3955;0,1185;0,0069;-0,0105;-0,0048;0,9999;;False
340,92;0.12;pa030​;20250612_123326;1;Marche;-0,0320;1,3953;0,1188;0,0084;-0,0119;-0,0054;0,9999;;False
340,93;0.14;pa030​;20250612_123326;1;Marche;-0,0317;1,3950;0,1190;0,0091;-0,0128;-0,0056;0,9999;;False
340,95;0.15;pa030​;20250612_123326;1;Marche;-0,0314;1,3948;0,1190;0,0100;-0,0138;-0,0058;0,9998;;False
340,96;0.17;pa030​;20250612_123326;1;Marche;-0,0311;1,3947;0,1189;0,0111;-0,0147;-0,0059;0,9998;;False
340,97;0.18;pa030​;20250612_123326;1;Marche;-0,0309;1,3945;0,1190;0,0120;-0,0159;-0,0059;0,9998;;False
340,99;0.2;pa030​;20250612_123326;1;Marche;-0,0307;1,3943;0,1190;0,0127;-0,0171;-0,0059;0,9998;;False
341,00;0.21;pa030​;20250612_123326;1;Marche;-0,0306;1,3941;0,1190;0,0133;-0,0180;-0,0061;0,9997;;False
341,02;0.22;pa030​;20250612_123326;1;Marche;-0,0303;1,3939;0,1190;0,0135;-0,0186;-0,0060;0,9997;;False
341,03;0.24;pa030​;20250612_123326;1;Marche;-0,0300;1,3938;0,1190;0,0136;-0,0186;-0,0061;0,9997;;False
341,04;0.25;pa030​;20250612_123326;1;Marche;-0,0298;1,3937;0,1190;0,0138;-0,0185;-0,0060;0,9997;;False
341,06;0.26;pa030​;20250612_123326;1;Marche;-0,0296;1,3935;0,1190;0,0140;-0,0184;-0,0059;0,9997;;False
341,07;0.28;pa030​;20250612_123326;1;Marche;-0,0295;1,3933;0,1189;0,0143;-0,0185;-0,0055;0,9997;;False
341,09;0.29;pa030​;20250612_123326;1;Marche;-0,0295;1,3929;0,1189;0,0148;-0,0192;-0,0051;0,9997;;False
341,10;0.31;pa030​;20250612_123326;1;Marche;-0,0295;1,3925;0,1189;0,0158;-0,0204;-0,0047;0,9997;;False
341,11;0.32;pa030​;20250612_123326;1;Marche;-0,0297;1,3919;0,1189;0,0168;-0,0222;-0,0043;0,9996;;False
341,13;0.34;pa030​;20250612_123326;1;Marche;-0,0299;1,3913;0,1190;0,0185;-0,0243;-0,0041;0,9995;;False
341,14;0.35;pa030​;20250612_123326;1;Marche;-0,0300;1,3909;0,1191;0,0203;-0,0263;-0,0042;0,9994;;False
341,16;0.36;pa030​;20250612_123326;1;Marche;-0,0302;1,3905;0,1195;0,0218;-0,0284;-0,0041;0,9993;;False
341,17;0.38;pa030​;20250612_123326;1;Marche;-0,0305;1,3901;0,1200;0,0230;-0,0307;-0,0041;0,9993;;False
341,18;0.39;pa030​;20250612_123326;1;Marche;-0,0310;1,3893;0,1208;0,0247;-0,0339;-0,0042;0,9991;;False
341,20;0.4;pa030​;20250612_123326;1;Marche;-0,0317;1,3884;0,1219;0,0271;-0,0377;-0,0044;0,9989;;False
341,21;0.42;pa030​;20250612_123326;1;Marche;-0,0326;1,3874;0,1232;0,0298;-0,0425;-0,0044;0,9986;;False
341,23;0.43;pa030​;20250612_123326;1;Marche;-0,0337;1,3864;0,1248;0,0331;-0,0475;-0,0048;0,9983;;False
341,24;0.45;pa030​;20250612_123326;1;Marche;-0,0347;1,3853;0,1268;0,0370;-0,0537;-0,0052;0,9979;;False
341,25;0.46;pa030​;20250612_123326;1;Marche;-0,0358;1,3841;0,1289;0,0414;-0,0597;-0,0049;0,9973;;False
341,27;0.47;pa030​;20250612_123326;1;Marche;-0,0367;1,3829;0,1315;0,0463;-0,0669;-0,0035;0,9967;;False
341,28;0.49;pa030​;20250612_123326;1;Marche;-0,0374;1,3816;0,1344;0,0507;-0,0744;-0,0027;0,9959;;False
341,29;0.5;pa030​;20250612_123326;1;Marche;-0,0380;1,3804;0,1377;0,0539;-0,0808;-0,0027;0,9953;;False
341,31;0.51;pa030​;20250612_123326;1;Marche;-0,0384;1,3787;0,1414;0,0554;-0,0869;-0,0038;0,9947;;False
341,32;0.53;pa030​;20250612_123326;1;Marche;-0,0390;1,3766;0,1454;0,0570;-0,0917;-0,0067;0,9941;;False
341,34;0.54;pa030​;20250612_123326;1;Marche;-0,0398;1,3743;0,1497;0,0596;-0,0961;-0,0100;0,9935;;False
341,35;0.56;pa030​;20250612_123326;1;Marche;-0,0408;1,3718;0,1543;0,0632;-0,0994;-0,0136;0,9929;;False
341,36;0.57;pa030​;20250612_123326;1;Marche;-0,0418;1,3693;0,1592;0,0669;-0,1029;-0,0155;0,9923;;False
341,38;0.58;pa030​;20250612_123326;1;Marche;-0,0430;1,3667;0,1643;0,0709;-0,1059;-0,0162;0,9917;;False
341,39;0.6;pa030​;20250612_123326;1;Marche;-0,0447;1,3641;0,1697;0,0759;-0,1086;-0,0162;0,9910;;False
341,41;0.61;pa030​;20250612_123326;1;Marche;-0,0466;1,3616;0,1754;0,0813;-0,1111;-0,0162;0,9903;;False
341,42;0.63;pa030​;20250612_123326;1;Marche;-0,0486;1,3591;0,1814;0,0852;-0,1134;-0,0162;0,9898;;False
341,43;0.64;pa030​;20250612_123326;1;Marche;-0,0510;1,3569;0,1876;0,0886;-0,1147;-0,0167;0,9893;;False
341,45;0.65;pa030​;20250612_123326;1;Marche;-0,0538;1,3550;0,1944;0,0917;-0,1159;-0,0170;0,9889;;False
341,46;0.67;pa030​;20250612_123326;1;Marche;-0,0570;1,3530;0,2014;0,0939;-0,1177;-0,0171;0,9884;;False
341,48;0.68;pa030​;20250612_123326;1;Marche;-0,0605;1,3512;0,2083;0,0959;-0,1203;-0,0167;0,9880;;False
341,49;0.69;pa030​;20250612_123326;1;Marche;-0,0644;1,3493;0,2153;0,0979;-0,1232;-0,0157;0,9874;;False
341,50;0.71;pa030​;20250612_123326;1;Marche;-0,0685;1,3474;0,2224;0,0989;-0,1267;-0,0136;0,9869;;False
341,52;0.72;pa030​;20250612_123326;1;Marche;-0,0729;1,3455;0,2298;0,0992;-0,1307;-0,0116;0,9864;;False
341,53;0.74;pa030​;20250612_123326;1;Marche;-0,0775;1,3435;0,2375;0,0993;-0,1346;-0,0105;0,9859;;False
341,54;0.75;pa030​;20250612_123326;1;Marche;-0,0825;1,3416;0,2456;0,0989;-0,1380;-0,0088;0,9854;;False
341,56;0.76;pa030​;20250612_123326;1;Marche;-0,0877;1,3395;0,2540;0,0987;-0,1413;-0,0066;0,9850;;False
341,57;0.78;pa030​;20250612_123326;1;Marche;-0,0930;1,3370;0,2626;0,0989;-0,1442;-0,0055;0,9846;;False
341,59;0.79;pa030​;20250612_123326;1;Marche;-0,0984;1,3344;0,2715;0,0992;-0,1475;-0,0041;0,9841;;False
341,60;0.81;pa030​;20250612_123326;1;Marche;-0,1042;1,3320;0,2807;0,0984;-0,1510;-0,0028;0,9836;;False
341,61;0.82;pa030​;20250612_123326;1;Marche;-0,1105;1,3298;0,2902;0,0980;-0,1545;-0,0026;0,9831;;False
341,63;0.83;pa030​;20250612_123326;1;Marche;-0,1171;1,3274;0,3000;0,0981;-0,1575;-0,0018;0,9826;Collision avec Debut - Objet Parent SceneAnchor;False
341,64;0.85;pa030​;20250612_123326;1;Marche;-0,1241;1,3250;0,3104;0,0995;-0,1597;-0,0008;0,9821;Collision avec Debut - Objet Parent SceneAnchor;False
341,66;0.86;pa030​;20250612_123326;1;Marche;-0,1318;1,3230;0,3215;0,1007;-0,1608;0,0002;0,9818;Collision avec Debut - Objet Parent SceneAnchor;False
341,67;0.87;pa030​;20250612_123326;1;Marche;-0,1399;1,3213;0,3328;0,0999;-0,1621;0,0021;0,9817;Collision avec Debut - Objet Parent SceneAnchor;False
341,68;0.89;pa030​;20250612_123326;1;Marche;-0,1488;1,3202;0,3444;0,0980;-0,1635;0,0042;0,9816;Collision avec Debut - Objet Parent SceneAnchor;False
341,70;0.9;pa030​;20250612_123326;1;Marche;-0,1581;1,3193;0,3562;0,0948;-0,1653;0,0050;0,9817;Collision avec Debut - Objet Parent SceneAnchor;False
341,71;0.92;pa030​;20250612_123326;1;Marche;-0,1680;1,3185;0,3685;0,0925;-0,1665;0,0050;0,9817;Collision avec Debut - Objet Parent SceneAnchor;False
341,73;0.93;pa030​;20250612_123326;1;Marche;-0,1783;1,3179;0,3814;0,0907;-0,1680;0,0067;0,9816;Collision avec Debut - Objet Parent SceneAnchor;False
341,74;0.95;pa030​;20250612_123326;1;Marche;-0,1893;1,3180;0,3951;0,0916;-0,1700;0,0078;0,9812;Collision avec Debut - Objet Parent SceneAnchor;False
341,75;0.96;pa030​;20250612_123326;1;Marche;-0,2006;1,3192;0,4097;0,0927;-0,1730;0,0094;0,9805;;False
341,77;0.97;pa030​;20250612_123326;1;Marche;-0,2118;1,3209;0,4248;0,0908;-0,1757;0,0106;0,9802;;False
341,78;0.99;pa030​;20250612_123326;1;Marche;-0,2225;1,3236;0,4401;0,0905;-0,1764;0,0109;0,9801;;False
341,80;1.0;pa030​;20250612_123326;1;Marche;-0,2342;1,3300;0,4585;0,0955;-0,1727;0,0089;0,9803;;False
341,81;1.02;pa030​;20250612_123326;1;Marche;-0,2453;1,3315;0,4757;0,0701;-0,1751;0,0068;0,9820;;False
341,82;1.03;pa030​;20250612_123326;1;Marche;-0,2555;1,3339;0,4908;0,0704;-0,1811;0,0104;0,9809;;False
341,84;1.04;pa030​;20250612_123326;1;Marche;-0,2651;1,3348;0,5053;0,0730;-0,1878;0,0143;0,9794;;False
341,85;1.06;pa030​;20250612_123326;1;Marche;-0,2742;1,3341;0,5204;0,0685;-0,1947;0,0145;0,9784;;False
341,86;1.07;pa030​;20250612_123326;1;Marche;-0,2822;1,3343;0,5360;0,0723;-0,1996;0,0145;0,9771;;False
341,88;1.08;pa030​;20250612_123326;1;Marche;-0,2898;1,3349;0,5516;0,0779;-0,2010;0,0155;0,9764;;False
341,89;1.1;pa030​;20250612_123326;1;Marche;-0,2969;1,3357;0,5678;0,0813;-0,1983;0,0129;0,9767;;False
341,91;1.11;pa030​;20250612_123326;1;Marche;-0,3042;1,3368;0,5836;0,0818;-0,1926;0,0090;0,9778;;False
341,92;1.13;pa030​;20250612_123326;1;Marche;-0,3115;1,3377;0,5991;0,0803;-0,1887;0,0086;0,9787;;False
341,93;1.14;pa030​;20250612_123326;1;Marche;-0,3188;1,3383;0,6141;0,0768;-0,1866;0,0101;0,9794;;False
341,95;1.15;pa030​;20250612_123326;1;Marche;-0,3259;1,3383;0,6298;0,0721;-0,1854;0,0110;0,9800;;False
341,96;1.17;pa030​;20250612_123326;1;Marche;-0,3328;1,3380;0,6456;0,0678;-0,1827;0,0107;0,9808;;False
341,97;1.18;pa030​;20250612_123326;1;Marche;-0,3393;1,3370;0,6612;0,0631;-0,1791;0,0099;0,9818;;False
341,99;1.19;pa030​;20250612_123326;1;Marche;-0,3458;1,3352;0,6767;0,0591;-0,1761;0,0087;0,9826;;False
342,00;1.21;pa030​;20250612_123326;1;Marche;-0,3524;1,3328;0,6919;0,0566;-0,1746;0,0086;0,9830;;False
342,02;1.22;pa030​;20250612_123326;1;Marche;-0,3589;1,3296;0,7070;0,0564;-0,1749;0,0080;0,9829;;False
342,03;1.24;pa030​;20250612_123326;1;Marche;-0,3651;1,3261;0,7222;0,0600;-0,1756;0,0076;0,9826;;False
342,06;1.26;pa030​;20250612_123326;1;Marche;-0,3776;1,3196;0,7544;0,0652;-0,1768;0,0061;0,9821;;False
342,07;1.28;pa030​;20250612_123326;1;Marche;-0,3840;1,3170;0,7712;0,0658;-0,1780;0,0024;0,9818;;False
342,09;1.29;pa030​;20250612_123326;1;Marche;-0,3902;1,3152;0,7884;0,0629;-0,1811;0,0004;0,9815;;False
342,10;1.31;pa030​;20250612_123326;1;Marche;-0,3961;1,3140;0,8061;0,0601;-0,1846;-0,0015;0,9810;;False
342,11;1.32;pa030​;20250612_123326;1;Marche;-0,4020;1,3135;0,8247;0,0614;-0,1872;-0,0035;0,9804;;False
342,13;1.34;pa030​;20250612_123326;1;Marche;-0,4077;1,3142;0,8443;0,0634;-0,1899;-0,0026;0,9798;;False
342,14;1.35;pa030​;20250612_123326;1;Marche;-0,4136;1,3157;0,8648;0,0632;-0,1923;-0,0023;0,9793;;False
342,16;1.36;pa030​;20250612_123326;1;Marche;-0,4195;1,3186;0,8864;0,0611;-0,1935;-0,0046;0,9792;;False
342,17;1.38;pa030​;20250612_123326;1;Marche;-0,4258;1,3228;0,9088;0,0587;-0,1933;-0,0082;0,9794;;False
342,18;1.39;pa030​;20250612_123326;1;Marche;-0,4328;1,3285;0,9316;0,0558;-0,1924;-0,0108;0,9797;;False
342,20;1.4;pa030​;20250612_123326;1;Marche;-0,4403;1,3365;0,9557;0,0570;-0,1937;-0,0110;0,9793;;False
342,21;1.42;pa030​;20250612_123326;1;Marche;-0,4479;1,3418;0,9791;0,0368;-0,1951;-0,0164;0,9800;;False
342,22;1.43;pa030​;20250612_123326;1;Marche;-0,4556;1,3464;1,0015;0,0298;-0,1925;-0,0207;0,9806;;False
342,24;1.45;pa030​;20250612_123326;1;Marche;-0,4631;1,3497;1,0231;0,0349;-0,1878;-0,0223;0,9813;;False
342,25;1.46;pa030​;20250612_123326;1;Marche;-0,4707;1,3525;1,0446;0,0374;-0,1828;-0,0225;0,9822;;False
342,27;1.47;pa030​;20250612_123326;1;Marche;-0,4790;1,3554;1,0663;0,0413;-0,1780;-0,0223;0,9829;;False
342,28;1.49;pa030​;20250612_123326;1;Marche;-0,4878;1,3591;1,0878;0,0444;-0,1741;-0,0210;0,9835;;False
342,29;1.5;pa030​;20250612_123326;1;Marche;-0,4970;1,3624;1,1094;0,0398;-0,1723;-0,0201;0,9840;;False
342,31;1.51;pa030​;20250612_123326;1;Marche;-0,5062;1,3650;1,1308;0,0334;-0,1732;-0,0175;0,9842;;False
342,32;1.53;pa030​;20250612_123326;1;Marche;-0,5154;1,3664;1,1516;0,0289;-0,1746;-0,0154;0,9841;;False
342,34;1.54;pa030​;20250612_123326;1;Marche;-0,5239;1,3670;1,1719;0,0262;-0,1771;-0,0138;0,9837;;False
342,35;1.56;pa030​;20250612_123326;1;Marche;-0,5322;1,3662;1,1922;0,0246;-0,1796;-0,0128;0,9833;;False
342,36;1.57;pa030​;20250612_123326;1;Marche;-0,5403;1,3651;1,2125;0,0239;-0,1819;-0,0122;0,9830;;False
342,38;1.58;pa030​;20250612_123326;1;Marche;-0,5482;1,3636;1,2327;0,0245;-0,1844;-0,0126;0,9825;;False
342,39;1.6;pa030​;20250612_123326;1;Marche;-0,5560;1,3618;1,2532;0,0251;-0,1873;-0,0124;0,9819;;False
342,41;1.61;pa030​;20250612_123326;1;Marche;-0,5636;1,3598;1,2739;0,0257;-0,1901;-0,0131;0,9813;;False
342,42;1.63;pa030​;20250612_123326;1;Marche;-0,5711;1,3577;1,2946;0,0254;-0,1913;-0,0146;0,9811;;False
342,43;1.64;pa030​;20250612_123326;1;Marche;-0,5787;1,3556;1,3152;0,0250;-0,1908;-0,0157;0,9812;;False
342,45;1.65;pa030​;20250612_123326;1;Marche;-0,5866;1,3532;1,3358;0,0236;-0,1899;-0,0159;0,9814;;False
342,46;1.67;pa030​;20250612_123326;1;Marche;-0,5949;1,3512;1,3565;0,0216;-0,1902;-0,0139;0,9814;;False
342,48;1.68;pa030​;20250612_123326;1;Marche;-0,6035;1,3498;1,3777;0,0198;-0,1913;-0,0116;0,9813;;False
342,49;1.7;pa030​;20250612_123326;1;Marche;-0,6123;1,3490;1,3997;0,0160;-0,1924;-0,0094;0,9811;;False
342,50;1.71;pa030​;20250612_123326;1;Marche;-0,6211;1,3483;1,4219;0,0127;-0,1933;-0,0085;0,9810;;False
342,52;1.72;pa030​;20250612_123326;1;Marche;-0,6305;1,3481;1,4445;0,0145;-0,1934;-0,0113;0,9809;;False
342,53;1.74;pa030​;20250612_123326;1;Marche;-0,6395;1,3479;1,4667;0,0176;-0,1946;-0,0167;0,9806;;False
342,54;1.75;pa030​;20250612_123326;1;Marche;-0,6487;1,3478;1,4892;0,0216;-0,1952;-0,0190;0,9803;;False
342,56;1.77;pa030​;20250612_123326;1;Marche;-0,6572;1,3490;1,5110;0,0192;-0,1924;-0,0219;0,9809;;False
342,57;1.78;pa030​;20250612_123326;1;Marche;-0,6661;1,3533;1,5340;0,0194;-0,1842;-0,0222;0,9824;;False
342,59;1.79;pa030​;20250612_123326;1;Marche;-0,6763;1,3604;1,5599;0,0068;-0,1746;-0,0234;0,9843;;False
342,60;1.81;pa030​;20250612_123326;1;Marche;-0,6869;1,3646;1,5865;-0,0256;-0,1758;-0,0152;0,9840;;False
342,61;1.82;pa030​;20250612_123326;1;Marche;-0,6964;1,3662;1,6102;-0,0305;-0,1819;-0,0040;0,9828;;False
342,63;1.84;pa030​;20250612_123326;1;Marche;-0,7055;1,3675;1,6340;-0,0144;-0,1886;0,0046;0,9819;;False
342,64;1.85;pa030​;20250612_123326;1;Marche;-0,7132;1,3671;1,6595;-0,0067;-0,1953;0,0062;0,9807;;False
342,66;1.86;pa030​;20250612_123326;1;Marche;-0,7199;1,3689;1,6835;0,0118;-0,1921;0,0002;0,9813;;False
342,67;1.88;pa030​;20250612_123326;1;Marche;-0,7258;1,3717;1,7078;0,0265;-0,1841;-0,0050;0,9825;;False
342,68;1.89;pa030​;20250612_123326;1;Marche;-0,7326;1,3757;1,7323;0,0321;-0,1761;-0,0060;0,9838;;False
342,70;1.9;pa030​;20250612_123326;1;Marche;-0,7405;1,3804;1,7563;0,0263;-0,1720;-0,0076;0,9847;;False
342,71;1.92;pa030​;20250612_123326;1;Marche;-0,7489;1,3848;1,7803;0,0143;-0,1708;-0,0094;0,9852;;False
342,72;1.93;pa030​;20250612_123326;1;Marche;-0,7570;1,3874;1,8037;0,0045;-0,1702;-0,0108;0,9853;;False
342,74;1.95;pa030​;20250612_123326;1;Marche;-0,7650;1,3884;1,8268;-0,0024;-0,1685;-0,0122;0,9856;;False
342,75;1.96;pa030​;20250612_123326;1;Marche;-0,7732;1,3877;1,8498;-0,0080;-0,1664;-0,0136;0,9859;;False
342,77;1.97;pa030​;20250612_123326;1;Marche;-0,7815;1,3859;1,8728;-0,0127;-0,1654;-0,0154;0,9860;;False
342,78;1.99;pa030​;20250612_123326;1;Marche;-0,7900;1,3836;1,8956;-0,0129;-0,1658;-0,0154;0,9860;;False
342,80;2.0;pa030​;20250612_123326;1;Marche;-0,7985;1,3801;1,9188;-0,0106;-0,1675;-0,0163;0,9857;;False
342,81;2.01;pa030​;20250612_123326;1;Marche;-0,8071;1,3761;1,9420;-0,0076;-0,1686;-0,0176;0,9855;;False
342,82;2.03;pa030​;20250612_123326;1;Marche;-0,8159;1,3718;1,9652;-0,0038;-0,1687;-0,0198;0,9855;;False
342,84;2.04;pa030​;20250612_123326;1;Marche;-0,8247;1,3679;1,9886;0,0010;-0,1693;-0,0196;0,9854;;False
342,85;2.06;pa030​;20250612_123326;1;Marche;-0,8336;1,3645;2,0121;0,0058;-0,1700;-0,0164;0,9853;;False
342,86;2.07;pa030​;20250612_123326;1;Marche;-0,8423;1,3616;2,0362;0,0086;-0,1724;-0,0122;0,9849;;False
342,88;2.08;pa030​;20250612_123326;1;Marche;-0,8505;1,3595;2,0607;0,0090;-0,1746;-0,0081;0,9846;;False
342,89;2.1;pa030​;20250612_123326;1;Marche;-0,8585;1,3573;2,0856;0,0060;-0,1758;-0,0066;0,9844;;False
342,91;2.11;pa030​;20250612_123326;1;Marche;-0,8665;1,3561;2,1106;0,0090;-0,1765;-0,0044;0,9843;;False
342,92;2.13;pa030​;20250612_123326;1;Marche;-0,8745;1,3555;2,1352;0,0096;-0,1781;-0,0027;0,9840;;False
342,93;2.14;pa030​;20250612_123326;1;Marche;-0,8833;1,3574;2,1608;0,0178;-0,1813;0,0000;0,9833;;False
342,95;2.15;pa030​;20250612_123326;1;Marche;-0,8925;1,3636;2,1876;0,0199;-0,1897;0,0024;0,9816;;False
342,96;2.17;pa030​;20250612_123326;1;Marche;-0,9019;1,3660;2,2137;-0,0109;-0,1952;-0,0111;0,9806;;False
342,98;2.18;pa030​;20250612_123326;1;Marche;-0,9109;1,3677;2,2390;-0,0113;-0,1932;-0,0237;0,9808;;False
342,99;2.19;pa030​;20250612_123326;1;Marche;-0,9198;1,3703;2,2631;0,0023;-0,1875;-0,0288;0,9818;;False
343,00;2.21;pa030​;20250612_123326;1;Marche;-0,9293;1,3708;2,2875;0,0052;-0,1832;-0,0283;0,9827;;False
343,02;2.22;pa030​;20250612_123326;1;Marche;-0,9401;1,3729;2,3116;0,0097;-0,1799;-0,0270;0,9833;;False
343,03;2.24;pa030​;20250612_123326;1;Marche;-0,9511;1,3762;2,3347;0,0129;-0,1803;-0,0237;0,9832;;False
343,04;2.25;pa030​;20250612_123326;1;Marche;-0,9625;1,3794;2,3586;0,0144;-0,1817;-0,0203;0,9830;;False
343,06;2.26;pa030​;20250612_123326;1;Marche;-0,9735;1,3819;2,3823;0,0092;-0,1844;-0,0160;0,9827;;False
343,07;2.28;pa030​;20250612_123326;1;Marche;-0,9845;1,3834;2,4057;0,0030;-0,1869;-0,0137;0,9823;;False
343,09;2.29;pa030​;20250612_123326;1;Marche;-0,9949;1,3841;2,4288;-0,0001;-0,1903;-0,0141;0,9816;;False
343,10;2.31;pa030​;20250612_123326;1;Marche;-1,0049;1,3838;2,4520;-0,0011;-0,1929;-0,0140;0,9811;;False
343,11;2.32;pa030​;20250612_123326;1;Marche;-1,0145;1,3824;2,4752;-0,0028;-0,1944;-0,0134;0,9808;;False
343,13;2.33;pa030​;20250612_123326;1;Marche;-1,0239;1,3799;2,4985;-0,0029;-0,1940;-0,0130;0,9809;;False
343,14;2.35;pa030​;20250612_123326;1;Marche;-1,0336;1,3769;2,5216;-0,0025;-0,1924;-0,0121;0,9812;;False
343,16;2.36;pa030​;20250612_123326;1;Marche;-1,0434;1,3735;2,5447;-0,0025;-0,1914;-0,0111;0,9815;;False
343,17;2.38;pa030​;20250612_123326;1;Marche;-1,0534;1,3698;2,5682;-0,0023;-0,1912;-0,0088;0,9815;;False
343,18;2.39;pa030​;20250612_123326;1;Marche;-1,0634;1,3661;2,5919;-0,0020;-0,1915;-0,0069;0,9815;;False
343,20;2.4;pa030​;20250612_123326;1;Marche;-1,0737;1,3627;2,6157;0,0005;-0,1918;-0,0064;0,9814;;False
343,21;2.42;pa030​;20250612_123326;1;Marche;-1,0843;1,3596;2,6397;0,0022;-0,1916;-0,0077;0,9814;;False
343,23;2.43;pa030​;20250612_123326;1;Marche;-1,0951;1,3566;2,6638;0,0023;-0,1915;-0,0084;0,9814;;False
343,24;2.45;pa030​;20250612_123326;1;Marche;-1,1060;1,3543;2,6877;0,0031;-0,1921;-0,0070;0,9813;;False
343,25;2.46;pa030​;20250612_123326;1;Marche;-1,1169;1,3519;2,7111;0,0040;-0,1918;-0,0071;0,9814;;False
343,27;2.47;pa030​;20250612_123326;1;Marche;-1,1278;1,3502;2,7344;0,0075;-0,1905;-0,0086;0,9816;;False
343,28;2.49;pa030​;20250612_123326;1;Marche;-1,1381;1,3497;2,7569;0,0091;-0,1876;-0,0113;0,9821;;False
343,29;2.5;pa030​;20250612_123326;1;Marche;-1,1484;1,3499;2,7798;0,0069;-0,1828;-0,0161;0,9830;;False
343,31;2.52;pa030​;20250612_123326;1;Marche;-1,1605;1,3581;2,8064;0,0239;-0,1741;-0,0191;0,9843;;False
343,32;2.53;pa030​;20250612_123326;1;Marche;-1,1713;1,3588;2,8318;-0,0330;-0,1770;-0,0147;0,9836;;False
343,34;2.55;pa030​;20250612_123326;1;Marche;-1,1827;1,3607;2,8572;-0,0396;-0,1831;-0,0034;0,9823;;False
343,35;2.56;pa030​;20250612_123326;1;Marche;-1,1933;1,3626;2,8815;-0,0265;-0,1887;0,0057;0,9817;;False
343,36;2.57;pa030​;20250612_123326;1;Marche;-1,2029;1,3624;2,9071;-0,0150;-0,1944;0,0103;0,9808;;False
343,38;2.58;pa030​;20250612_123326;1;Marche;-1,2114;1,3628;2,9323;0,0011;-0,1954;0,0088;0,9807;;False
343,39;2.6;pa030​;20250612_123326;1;Marche;-1,2187;1,3648;2,9565;0,0197;-0,1916;0,0029;0,9813;;False
343,41;2.61;pa030​;20250612_123326;1;Marche;-1,2266;1,3683;2,9812;0,0356;-0,1853;0,0018;0,9820;;False
343,42;2.63;pa030​;20250612_123326;1;Marche;-1,2353;1,3730;3,0052;0,0363;-0,1822;0,0040;0,9826;;False
343,43;2.64;pa030​;20250612_123326;1;Marche;-1,2444;1,3780;3,0294;0,0283;-0,1822;0,0029;0,9828;;False
343,45;2.65;pa030​;20250612_123326;1;Marche;-1,2534;1,3817;3,0533;0,0151;-0,1837;0,0017;0,9829;;False
343,46;2.67;pa030​;20250612_123326;1;Marche;-1,2618;1,3836;3,0767;0,0072;-0,1831;0,0008;0,9831;;False
343,48;2.68;pa030​;20250612_123326;1;Marche;-1,2702;1,3842;3,1000;0,0024;-0,1821;-0,0009;0,9833;;False
343,49;2.7;pa030​;20250612_123326;1;Marche;-1,2788;1,3830;3,1233;0,0001;-0,1807;-0,0046;0,9835;;False
343,50;2.71;pa030​;20250612_123326;1;Marche;-1,2874;1,3812;3,1469;0,0006;-0,1805;-0,0082;0,9835;;False
343,52;2.72;pa030​;20250612_123326;1;Marche;-1,2958;1,3782;3,1704;0,0026;-0,1809;-0,0103;0,9834;;False
343,53;2.74;pa030​;20250612_123326;1;Marche;-1,3046;1,3752;3,1942;0,0080;-0,1813;-0,0096;0,9833;;False
343,54;2.75;pa030​;20250612_123326;1;Marche;-1,3133;1,3720;3,2180;0,0132;-0,1827;-0,0075;0,9830;;False
343,56;2.77;pa030​;20250612_123326;1;Marche;-1,3221;1,3686;3,2420;0,0167;-0,1839;-0,0061;0,9828;;False
343,57;2.78;pa030​;20250612_123326;1;Marche;-1,3306;1,3649;3,2658;0,0191;-0,1849;-0,0049;0,9826;;False
343,59;2.79;pa030​;20250612_123326;1;Marche;-1,3389;1,3621;3,2904;0,0252;-0,1860;-0,0024;0,9822;;False
343,60;2.81;pa030​;20250612_123326;1;Marche;-1,3466;1,3601;3,3148;0,0277;-0,1863;0,0016;0,9821;;False
343,61;2.82;pa030​;20250612_123326;1;Marche;-1,3541;1,3584;3,3398;0,0264;-0,1861;0,0030;0,9822;;False
343,63;2.83;pa030​;20250612_123326;1;Marche;-1,3620;1,3570;3,3650;0,0260;-0,1852;0,0016;0,9824;;False
343,64;2.85;pa030​;20250612_123326;1;Marche;-1,3696;1,3560;3,3892;0,0244;-0,1875;0,0035;0,9820;;False
343,66;2.86;pa030​;20250612_123326;1;Marche;-1,3778;1,3564;3,4138;0,0291;-0,1926;0,0083;0,9808;;False
343,67;2.88;pa030​;20250612_123326;1;Marche;-1,3855;1,3621;3,4400;0,0344;-0,2055;0,0132;0,9780;;False
343,68;2.89;pa030​;20250612_123326;1;Marche;-1,3946;1,3648;3,4667;0,0046;-0,2097;-0,0020;0,9778;;False
343,70;2.9;pa030​;20250612_123326;1;Marche;-1,4025;1,3665;3,4922;0,0045;-0,2065;-0,0155;0,9783;;False
343,71;2.92;pa030​;20250612_123326;1;Marche;-1,4097;1,3692;3,5163;0,0207;-0,2019;-0,0167;0,9791;;False
343,73;2.93;pa030​;20250612_123326;1;Marche;-1,4182;1,3691;3,5411;0,0276;-0,1958;-0,0171;0,9801;;False
343,74;2.95;pa030​;20250612_123326;1;Marche;-1,4276;1,3707;3,5655;0,0378;-0,1900;-0,0195;0,9809;;False
343,75;2.96;pa030​;20250612_123326;1;Marche;-1,4370;1,3736;3,5888;0,0471;-0,1867;-0,0195;0,9811;;False
343,77;2.97;pa030​;20250612_123326;1;Marche;-1,4470;1,3771;3,6124;0,0530;-0,1856;-0,0149;0,9811;;False
343,78;2.99;pa030​;20250612_123326;1;Marche;-1,4567;1,3801;3,6358;0,0503;-0,1866;-0,0100;0,9811;;False
343,79;3.0;pa030​;20250612_123326;1;Marche;-1,4662;1,3825;3,6589;0,0470;-0,1875;-0,0075;0,9811;;False
343,81;3.01;pa030​;20250612_123326;1;Marche;-1,4752;1,3839;3,6816;0,0454;-0,1886;-0,0069;0,9810;;False
343,82;3.03;pa030​;20250612_123326;1;Marche;-1,4839;1,3842;3,7044;0,0440;-0,1896;-0,0062;0,9809;;False
343,84;3.04;pa030​;20250612_123326;1;Marche;-1,4924;1,3836;3,7270;0,0417;-0,1901;-0,0053;0,9809;;False
343,85;3.06;pa030​;20250612_123326;1;Marche;-1,5009;1,3823;3,7496;0,0408;-0,1904;-0,0045;0,9808;;False
343,86;3.07;pa030​;20250612_123326;1;Marche;-1,5094;1,3801;3,7723;0,0399;-0,1909;-0,0040;0,9808;;False
343,88;3.08;pa030​;20250612_123326;1;Marche;-1,5180;1,3775;3,7950;0,0395;-0,1915;-0,0041;0,9807;;False
343,89;3.1;pa030​;20250612_123326;1;Marche;-1,5265;1,3742;3,8179;0,0394;-0,1921;-0,0037;0,9806;;False
343,91;3.11;pa030​;20250612_123326;1;Marche;-1,5352;1,3707;3,8410;0,0397;-0,1932;-0,0012;0,9804;;False
343,92;3.13;pa030​;20250612_123326;1;Marche;-1,5443;1,3673;3,8641;0,0403;-0,1944;0,0014;0,9801;;False
343,93;3.14;pa030​;20250612_123326;1;Marche;-1,5536;1,3639;3,8874;0,0413;-0,1947;0,0020;0,9800;;False
343,95;3.15;pa030​;20250612_123326;1;Marche;-1,5631;1,3604;3,9109;0,0421;-0,1936;0,0018;0,9802;;False
343,96;3.17;pa030​;20250612_123326;1;Marche;-1,5730;1,3571;3,9346;0,0440;-0,1914;0,0020;0,9805;;False
343,98;3.18;pa030​;20250612_123326;1;Marche;-1,5832;1,3543;3,9581;0,0465;-0,1898;0,0025;0,9807;;False
343,99;3.2;pa030​;20250612_123326;1;Marche;-1,5937;1,3514;3,9813;0,0485;-0,1887;0,0028;0,9808;;False
344,00;3.21;pa030​;20250612_123326;1;Marche;-1,6043;1,3491;4,0045;0,0533;-0,1875;0,0028;0,9808;;False
344,02;3.22;pa030​;20250612_123326;1;Marche;-1,6149;1,3473;4,0274;0,0577;-0,1846;0,0006;0,9811;;False
344,03;3.24;pa030​;20250612_123326;1;Marche;-1,6256;1,3471;4,0512;0,0616;-0,1797;-0,0026;0,9818;;False
344,05;3.25;pa030​;20250612_123326;1;Marche;-1,6383;1,3542;4,0780;0,0755;-0,1713;-0,0046;0,9823;;False
344,06;3.26;pa030​;20250612_123326;1;Marche;-1,6492;1,3565;4,1038;0,0203;-0,1752;-0,0077;0,9843;;False
344,07;3.28;pa030​;20250612_123326;1;Marche;-1,6609;1,3605;4,1310;0,0115;-0,1796;0,0070;0,9837;;False
344,09;3.29;pa030​;20250612_123326;1;Marche;-1,6706;1,3625;4,1542;0,0141;-0,1859;0,0156;0,9823;;False
344,10;3.31;pa030​;20250612_123326;1;Marche;-1,6796;1,3621;4,1779;0,0197;-0,1903;0,0205;0,9813;;False
344,11;3.32;pa030​;20250612_123326;1;Marche;-1,6877;1,3633;4,2028;0,0335;-0,1920;0,0224;0,9806;;False
344,13;3.33;pa030​;20250612_123326;1;Marche;-1,6943;1,3652;4,2261;0,0478;-0,1886;0,0185;0,9807;;False
344,14;3.35;pa030​;20250612_123326;1;Marche;-1,7009;1,3685;4,2499;0,0660;-0,1836;0,0163;0,9807;;False
344,16;3.36;pa030​;20250612_123326;1;Marche;-1,7079;1,3725;4,2731;0,0739;-0,1805;0,0135;0,9807;;False
344,17;3.38;pa030​;20250612_123326;1;Marche;-1,7154;1,3768;4,2967;0,0689;-0,1795;0,0084;0,9813;;False
344,18;3.39;pa030​;20250612_123326;1;Marche;-1,7229;1,3813;4,3197;0,0588;-0,1788;0,0057;0,9821;;False
344,20;3.4;pa030​;20250612_123326;1;Marche;-1,7301;1,3840;4,3426;0,0486;-0,1776;0,0037;0,9829;;False
344,21;3.42;pa030​;20250612_123326;1;Marche;-1,7372;1,3856;4,3654;0,0423;-0,1756;0,0008;0,9836;;False
344,22;3.43;pa030​;20250612_123326;1;Marche;-1,7446;1,3854;4,3878;0,0378;-0,1728;-0,0019;0,9842;;False
344,24;3.45;pa030​;20250612_123326;1;Marche;-1,7523;1,3835;4,4103;0,0362;-0,1710;-0,0044;0,9846;;False
344,25;3.46;pa030​;20250612_123326;1;Marche;-1,7604;1,3808;4,4326;0,0379;-0,1704;-0,0044;0,9846;;False
344,27;3.47;pa030​;20250612_123326;1;Marche;-1,7683;1,3767;4,4547;0,0429;-0,1713;-0,0031;0,9843;;False
344,28;3.49;pa030​;20250612_123326;1;Marche;-1,7763;1,3717;4,4771;0,0517;-0,1716;-0,0016;0,9838;;False
344,29;3.5;pa030​;20250612_123326;1;Marche;-1,7841;1,3661;4,4996;0,0649;-0,1713;0,0006;0,9831;;False
344,31;3.52;pa030​;20250612_123326;1;Marche;-1,7921;1,3605;4,5222;0,0776;-0,1712;0,0036;0,9822;;False
344,32;3.53;pa030​;20250612_123326;1;Marche;-1,8001;1,3549;4,5449;0,0921;-0,1716;0,0066;0,9808;;False
344,34;3.54;pa030​;20250612_123326;1;Marche;-1,8083;1,3494;4,5678;0,1060;-0,1720;0,0089;0,9793;;False
344,35;3.56;pa030​;20250612_123326;1;Marche;-1,8164;1,3441;4,5917;0,1210;-0,1731;0,0111;0,9774;;False
344,36;3.57;pa030​;20250612_123326;1;Marche;-1,8245;1,3393;4,6157;0,1345;-0,1731;0,0129;0,9756;;False
344,38;3.58;pa030​;20250612_123326;1;Marche;-1,8326;1,3345;4,6398;0,1455;-0,1724;0,0144;0,9741;;False
344,39;3.6;pa030​;20250612_123326;1;Marche;-1,8406;1,3299;4,6638;0,1601;-0,1746;0,0210;0,9713;;False
344,41;3.61;pa030​;20250612_123326;1;Marche;-1,8487;1,3259;4,6872;0,1740;-0,1796;0,0324;0,9677;;False
344,42;3.63;pa030​;20250612_123326;1;Marche;-1,8584;1,3289;4,7142;0,2065;-0,1880;0,0467;0,9591;;False
344,43;3.64;pa030​;20250612_123326;1;Marche;-1,8674;1,3309;4,7390;0,1827;-0,1994;0,0455;0,9616;;False
344,45;3.65;pa030​;20250612_123326;1;Marche;-1,8776;1,3321;4,7686;0,1693;-0,2038;0,0331;0,9637;;False
344,46;3.67;pa030​;20250612_123326;1;Marche;-1,8859;1,3333;4,7917;0,1694;-0,2007;0,0186;0,9647;;False
344,48;3.68;pa030​;20250612_123326;1;Marche;-1,8945;1,3347;4,8154;0,1864;-0,1938;0,0086;0,9631;;False
344,49;3.7;pa030​;20250612_123326;1;Marche;-1,9032;1,3342;4,8386;0,1935;-0,1882;0,0046;0,9629;;False
344,50;3.71;pa030​;20250612_123326;1;Marche;-1,9128;1,3344;4,8613;0,2046;-0,1825;0,0068;0,9616;;False
344,52;3.72;pa030​;20250612_123326;1;Marche;-1,9230;1,3359;4,8834;0,2189;-0,1786;0,0111;0,9592;;False
344,53;3.74;pa030​;20250612_123326;1;Marche;-1,9334;1,3374;4,9056;0,2287;-0,1775;0,0173;0,9570;;False
344,54;3.75;pa030​;20250612_123326;1;Marche;-1,9434;1,3384;4,9280;0,2330;-0,1776;0,0240;0,9558;;False
344,56;3.76;pa030​;20250612_123326;1;Marche;-1,9532;1,3389;4,9502;0,2345;-0,1787;0,0289;0,9551;;False
344,57;3.78;pa030​;20250612_123326;1;Marche;-1,9629;1,3389;4,9719;0,2366;-0,1808;0,0316;0,9541;;False
344,59;3.79;pa030​;20250612_123326;1;Marche;-1,9726;1,3381;4,9934;0,2379;-0,1842;0,0326;0,9531;;False
344,60;3.81;pa030​;20250612_123326;1;Marche;-1,9820;1,3370;5,0148;0,2389;-0,1869;0,0321;0,9523;;False
344,61;3.82;pa030​;20250612_123326;1;Marche;-1,9913;1,3353;5,0361;0,2400;-0,1884;0,0300;0,9518;;False
344,63;3.83;pa030​;20250612_123326;1;Marche;-2,0006;1,3332;5,0575;0,2395;-0,1888;0,0277;0,9520;;False
344,64;3.85;pa030​;20250612_123326;1;Marche;-2,0098;1,3306;5,0788;0,2370;-0,1889;0,0272;0,9526;;False
344,66;3.86;pa030​;20250612_123326;1;Marche;-2,0191;1,3279;5,0998;0,2341;-0,1891;0,0277;0,9533;;False
344,67;3.88;pa030​;20250612_123326;1;Marche;-2,0286;1,3252;5,1207;0,2334;-0,1888;0,0294;0,9534;;False
344,68;3.89;pa030​;20250612_123326;1;Marche;-2,0384;1,3225;5,1415;0,2331;-0,1882;0,0318;0,9535;;False
344,70;3.9;pa030​;20250612_123326;1;Marche;-2,0483;1,3199;5,1624;0,2319;-0,1871;0,0341;0,9540;;False
344,71;3.92;pa030​;20250612_123326;1;Marche;-2,0586;1,3178;5,1832;0,2289;-0,1854;0,0346;0,9550;;False
344,72;3.93;pa030​;20250612_123326;1;Marche;-2,0691;1,3166;5,2042;0,2254;-0,1842;0,0337;0,9561;;False
344,74;3.95;pa030​;20250612_123326;1;Marche;-2,0796;1,3157;5,2251;0,2202;-0,1844;0,0324;0,9573;;False
344,75;3.96;pa030​;20250612_123326;1;Marche;-2,0901;1,3150;5,2457;0,2148;-0,1858;0,0305;0,9583;;False
344,77;3.97;pa030​;20250612_123326;1;Marche;-2,1007;1,3151;5,2658;0,2096;-0,1859;0,0247;0,9596;;False
344,78;3.99;pa030​;20250612_123326;1;Marche;-2,1113;1,3162;5,2861;0,2012;-0,1846;0,0178;0,9618;;False
344,79;4.0;pa030​;20250612_123326;1;Marche;-2,1228;1,3199;5,3085;0,1976;-0,1815;0,0136;0,9632;;False
344,81;4.02;pa030​;20250612_123326;1;Marche;-2,1343;1,3252;5,3324;0,1797;-0,1785;0,0089;0,9673;;False
344,82;4.03;pa030​;20250612_123326;1;Marche;-2,1461;1,3275;5,3585;0,1418;-0,1832;0,0151;0,9727;;False
344,84;4.04;pa030​;20250612_123326;1;Marche;-2,1573;1,3309;5,3808;0,1279;-0,1864;0,0228;0,9738;;False
344,85;4.06;pa030​;20250612_123326;1;Marche;-2,1671;1,3334;5,4023;0,1264;-0,1936;0,0310;0,9724;;False
344,86;4.07;pa030​;20250612_123326;1;Marche;-2,1761;1,3347;5,4236;0,1292;-0,1987;0,0390;0,9707;;False
344,88;4.08;pa030​;20250612_123326;1;Marche;-2,1841;1,3366;5,4458;0,1397;-0,2012;0,0421;0,9686;;False
344,89;4.1;pa030​;20250612_123326;1;Marche;-2,1914;1,3392;5,4672;0,1491;-0,1993;0,0417;0,9676;;False
344,91;4.11;pa030​;20250612_123326;1;Marche;-2,1982;1,3431;5,4882;0,1623;-0,1965;0,0404;0,9661;;False
344,92;4.13;pa030​;20250612_123326;1;Marche;-2,2056;1,3469;5,5093;0,1667;-0,1947;0,0389;0,9658;;False
344,93;4.14;pa030​;20250612_123326;1;Marche;-2,2130;1,3509;5,5308;0,1620;-0,1942;0,0352;0,9669;;False
344,95;4.15;pa030​;20250612_123326;1;Marche;-2,2201;1,3547;5,5526;0,1530;-0,1935;0,0325;0,9686;;False
344,96;4.17;pa030​;20250612_123326;1;Marche;-2,2271;1,3572;5,5742;0,1404;-0,1922;0,0303;0,9708;;False
344,97;4.18;pa030​;20250612_123326;1;Marche;-2,2341;1,3591;5,5953;0,1321;-0,1898;0,0274;0,9725;;False
344,99;4.19;pa030​;20250612_123326;1;Marche;-2,2412;1,3593;5,6161;0,1255;-0,1874;0,0246;0,9739;;False
345,00;4.21;pa030​;20250612_123326;1;Marche;-2,2483;1,3582;5,6368;0,1221;-0,1855;0,0225;0,9748;;False
345,02;4.22;pa030​;20250612_123326;1;Marche;-2,2554;1,3559;5,6571;0,1209;-0,1839;0,0212;0,9753;;False
345,03;4.24;pa030​;20250612_123326;1;Marche;-2,2624;1,3526;5,6776;0,1231;-0,1829;0,0206;0,9752;;False
345,04;4.25;pa030​;20250612_123326;1;Marche;-2,2698;1,3489;5,6980;0,1269;-0,1816;0,0204;0,9749;;False
345,06;4.26;pa030​;20250612_123326;1;Marche;-2,2772;1,3448;5,7186;0,1314;-0,1812;0,0203;0,9744;;False
345,07;4.28;pa030​;20250612_123326;1;Marche;-2,2847;1,3407;5,7394;0,1341;-0,1814;0,0198;0,9740;;False
345,09;4.29;pa030​;20250612_123326;1;Marche;-2,2920;1,3374;5,7605;0,1358;-0,1827;0,0191;0,9736;;False
345,10;4.31;pa030​;20250612_123326;1;Marche;-2,2990;1,3340;5,7822;0,1368;-0,1843;0,0179;0,9732;;False
345,11;4.32;pa030​;20250612_123326;1;Marche;-2,3058;1,3313;5,8043;0,1387;-0,1856;0,0177;0,9726;;False
345,13;4.33;pa030​;20250612_123326;1;Marche;-2,3122;1,3295;5,8268;0,1397;-0,1874;0,0195;0,9721;;False
345,14;4.35;pa030​;20250612_123326;1;Marche;-2,3187;1,3273;5,8503;0,1347;-0,1901;0,0210;0,9723;;False
345,16;4.36;pa030​;20250612_123326;1;Marche;-2,3251;1,3260;5,8736;0,1327;-0,1920;0,0207;0,9722;;False
345,17;4.38;pa030​;20250612_123326;1;Marche;-2,3314;1,3256;5,8968;0,1329;-0,1955;0,0231;0,9714;;False
345,18;4.39;pa030​;20250612_123326;1;Marche;-2,3389;1,3305;5,9231;0,1540;-0,2010;0,0321;0,9669;;False
345,20;4.4;pa030​;20250612_123326;1;Marche;-2,3455;1,3324;5,9475;0,1272;-0,2099;0,0288;0,9690;;False
345,21;4.42;pa030​;20250612_123326;1;Marche;-2,3533;1,3339;5,9733;0,1131;-0,2094;0,0150;0,9711;;False
345,23;4.43;pa030​;20250612_123326;1;Marche;-2,3594;1,3363;5,9956;0,1203;-0,2033;0,0068;0,9717;;False
345,24;4.45;pa030​;20250612_123326;1;Marche;-2,3658;1,3379;6,0179;0,1324;-0,1939;0,0033;0,9720;;False
345,25;4.46;pa030​;20250612_123326;1;Marche;-2,3733;1,3381;6,0399;0,1368;-0,1845;0,0016;0,9733;;False
345,27;4.47;pa030​;20250612_123326;1;Marche;-2,3815;1,3398;6,0612;0,1450;-0,1778;0,0036;0,9733;;False
345,28;4.49;pa030​;20250612_123326;1;Marche;-2,3907;1,3427;6,0820;0,1513;-0,1757;0,0075;0,9727;;False
345,30;4.5;pa030​;20250612_123326;1;Marche;-2,4002;1,3454;6,1032;0,1518;-0,1777;0,0132;0,9722;;False
345,31;4.52;pa030​;20250612_123326;1;Marche;-2,4093;1,3481;6,1240;0,1495;-0,1806;0,0168;0,9720;;False
345,32;4.53;pa030​;20250612_123326;1;Marche;-2,4179;1,3499;6,1446;0,1458;-0,1843;0,0192;0,9718;;False
345,34;4.54;pa030​;20250612_123326;1;Marche;-2,4259;1,3510;6,1648;0,1430;-0,1882;0,0203;0,9714;;False
345,35;4.56;pa030​;20250612_123326;1;Marche;-2,4337;1,3513;6,1847;0,1409;-0,1911;0,0199;0,9712;;False
345,36;4.57;pa030​;20250612_123326;1;Marche;-2,4409;1,3506;6,2046;0,1388;-0,1934;0,0177;0,9711;;False
345,38;4.58;pa030​;20250612_123326;1;Marche;-2,4482;1,3493;6,2243;0,1376;-0,1935;0,0160;0,9713;;False
345,39;4.6;pa030​;20250612_123326;1;Marche;-2,4558;1,3475;6,2441;0,1377;-0,1936;0,0151;0,9712;;False
345,41;4.61;pa030​;20250612_123326;1;Marche;-2,4633;1,3450;6,2636;0,1378;-0,1943;0,0159;0,9711;;False
345,42;4.63;pa030​;20250612_123326;1;Marche;-2,4707;1,3421;6,2832;0,1390;-0,1953;0,0179;0,9707;;False
345,43;4.64;pa030​;20250612_123326;1;Marche;-2,4780;1,3394;6,3028;0,1398;-0,1960;0,0202;0,9704;;False
345,45;4.65;pa030​;20250612_123326;1;Marche;-2,4856;1,3369;6,3228;0,1393;-0,1957;0,0227;0,9705;;False
345,46;4.67;pa030​;20250612_123326;1;Marche;-2,4937;1,3346;6,3428;0,1379;-0,1944;0,0246;0,9709;;False
345,48;4.68;pa030​;20250612_123326;1;Marche;-2,5017;1,3323;6,3628;0,1372;-0,1931;0,0257;0,9712;;False
345,49;4.7;pa030​;20250612_123326;1;Marche;-2,5095;1,3303;6,3826;0,1383;-0,1915;0,0257;0,9714;;False
345,50;4.71;pa030​;20250612_123326;1;Marche;-2,5174;1,3285;6,4022;0,1404;-0,1901;0,0265;0,9713;;False
345,52;4.72;pa030​;20250612_123326;1;Marche;-2,5260;1,3276;6,4222;0,1434;-0,1896;0,0283;0,9709;;False
345,53;4.74;pa030​;20250612_123326;1;Marche;-2,5350;1,3277;6,4425;0,1455;-0,1893;0,0287;0,9707;;False
345,54;4.75;pa030​;20250612_123326;1;Marche;-2,5446;1,3301;6,4646;0,1533;-0,1876;0,0266;0,9698;;False
345,56;4.77;pa030​;20250612_123326;1;Marche;-2,5538;1,3350;6,4878;0,1516;-0,1884;0,0229;0,9701;;False
345,57;4.78;pa030​;20250612_123326;1;Marche;-2,5638;1,3376;6,5125;0,1219;-0,1926;0,0264;0,9733;;False
345,59;4.79;pa030​;20250612_123326;1;Marche;-2,5733;1,3396;6,5346;0,1134;-0,1964;0,0308;0,9735;;False
345,60;4.81;pa030​;20250612_123326;1;Marche;-2,5816;1,3410;6,5552;0,1177;-0,2001;0,0360;0,9720;;False
345,61;4.82;pa030​;20250612_123326;1;Marche;-2,5892;1,3412;6,5767;0,1202;-0,2049;0,0419;0,9705;;False
345,63;4.83;pa030​;20250612_123326;1;Marche;-2,5963;1,3419;6,5985;0,1291;-0,2063;0,0447;0,9689;;False
345,64;4.85;pa030​;20250612_123326;1;Marche;-2,6028;1,3432;6,6204;0,1404;-0,2026;0,0407;0,9683;;False
345,66;4.86;pa030​;20250612_123326;1;Marche;-2,6091;1,3451;6,6423;0,1497;-0,1970;0,0353;0,9683;;False
345,67;4.88;pa030​;20250612_123326;1;Marche;-2,6156;1,3471;6,6641;0,1551;-0,1933;0,0335;0,9682;;False
345,68;4.89;pa030​;20250612_123326;1;Marche;-2,6226;1,3490;6,6858;0,1548;-0,1922;0,0334;0,9685;;False
345,70;4.9;pa030​;20250612_123326;1;Marche;-2,6299;1,3509;6,7074;0,1492;-0,1930;0,0334;0,9692;;False
345,71;4.92;pa030​;20250612_123326;1;Marche;-2,6371;1,3521;6,7289;0,1418;-0,1942;0,0328;0,9701;;False
345,73;4.93;pa030​;20250612_123326;1;Marche;-2,6439;1,3524;6,7503;0,1367;-0,1937;0,0312;0,9710;;False
345,74;4.95;pa030​;20250612_123326;1;Marche;-2,6508;1,3515;6,7715;0,1335;-0,1924;0,0296;0,9717;;False
345,75;4.96;pa030​;20250612_123326;1;Marche;-2,6572;1,3494;6,7928;0,1326;-0,1914;0,0276;0,9721;;False
345,77;4.97;pa030​;20250612_123326;1;Marche;-2,6634;1,3463;6,8141;0,1332;-0,1909;0,0258;0,9722;;False
345,78;4.99;pa030​;20250612_123326;1;Marche;-2,6701;1,3429;6,8352;0,1371;-0,1901;0,0247;0,9718;;False
345,80;5.0;pa030​;20250612_123326;1;Marche;-2,6770;1,3397;6,8561;0,1440;-0,1902;0,0244;0,9708;;False
345,81;5.02;pa030​;20250612_123326;1;Marche;-2,6841;1,3365;6,8770;0,1498;-0,1906;0,0252;0,9699;;False
345,82;5.03;pa030​;20250612_123326;1;Marche;-2,6906;1,3333;6,8979;0,1547;-0,1918;0,0268;0,9688;;False
345,84;5.04;pa030​;20250612_123326;1;Marche;-2,6969;1,3305;6,9189;0,1559;-0,1927;0,0268;0,9684;;False
345,85;5.06;pa030​;20250612_123326;1;Marche;-2,7033;1,3291;6,9400;0,1536;-0,1940;0,0277;0,9685;;False
345,86;5.07;pa030​;20250612_123326;1;Marche;-2,7095;1,3284;6,9613;0,1442;-0,1956;0,0302;0,9695;;False
345,88;5.08;pa030​;20250612_123326;1;Marche;-2,7152;1,3271;6,9818;0,1252;-0,1977;0,0323;0,9717;;False
345,89;5.1;pa030​;20250612_123326;1;Marche;-2,7200;1,3255;7,0005;0,1080;-0,2012;0,0339;0,9730;;False
345,91;5.11;pa030​;20250612_123326;1;Marche;-2,7263;1,3277;7,0202;0,1164;-0,2064;0,0406;0,9707;;False
345,92;5.13;pa030​;20250612_123326;1;Marche;-2,7328;1,3318;7,0402;0,1117;-0,2161;0,0330;0,9694;;False
345,94;5.14;pa030​;20250612_123326;1;Marche;-2,7409;1,3334;7,0645;0,0885;-0,2110;-0,0009;0,9735;;False
345,95;5.15;pa030​;20250612_123326;1;Marche;-2,7466;1,3360;7,0838;0,0852;-0,2010;-0,0141;0,9758;;False
345,96;5.17;pa030​;20250612_123326;1;Marche;-2,7514;1,3382;7,1019;0,1103;-0,1890;-0,0100;0,9757;;False
345,98;5.18;pa030​;20250612_123326;1;Marche;-2,7597;1,3378;7,1197;0,1197;-0,1792;-0,0073;0,9765;;False
345,99;5.2;pa030​;20250612_123326;1;Marche;-2,7688;1,3395;7,1351;0,1377;-0,1790;0,0003;0,9742;;False
346,00;5.21;pa030​;20250612_123326;1;Marche;-2,7780;1,3427;7,1495;0,1549;-0,1817;0,0103;0,9710;;False
346,02;5.22;pa030​;20250612_123326;1;Marche;-2,7859;1,3461;7,1663;0,1595;-0,1890;0,0206;0,9687;;False
346,03;5.24;pa030​;20250612_123326;1;Marche;-2,7935;1,3500;7,1825;0,1581;-0,1933;0,0232;0,9680;;False
346,04;5.25;pa030​;20250612_123326;1;Marche;-2,8006;1,3527;7,1984;0,1540;-0,1965;0,0196;0,9681;;False
346,06;5.26;pa030​;20250612_123326;1;Marche;-2,8075;1,3539;7,2132;0,1524;-0,1994;0,0186;0,9678;;False
346,07;5.28;pa030​;20250612_123326;1;Marche;-2,8133;1,3540;7,2276;0,1542;-0,2024;0,0189;0,9669;;False
346,09;5.29;pa030​;20250612_123326;1;Marche;-2,8187;1,3531;7,2420;0,1569;-0,2023;0,0192;0,9665;;False
346,10;5.31;pa030​;20250612_123326;1;Marche;-2,8238;1,3513;7,2561;0,1611;-0,2003;0,0186;0,9662;;False
346,11;5.32;pa030​;20250612_123326;1;Marche;-2,8295;1,3490;7,2697;0,1671;-0,1981;0,0181;0,9657;;False
346,13;5.33;pa030​;20250612_123326;1;Marche;-2,8355;1,3459;7,2834;0,1725;-0,1975;0,0185;0,9648;;False
346,14;5.35;pa030​;20250612_123326;1;Marche;-2,8419;1,3422;7,2969;0,1781;-0,1989;0,0196;0,9635;;False
346,16;5.36;pa030​;20250612_123326;1;Marche;-2,8479;1,3382;7,3104;0,1855;-0,2004;0,0206;0,9618;;False
346,17;5.38;pa030​;20250612_123326;1;Marche;-2,8540;1,3341;7,3240;0,1931;-0,2010;0,0217;0,9601;;False
346,18;5.39;pa030​;20250612_123326;1;Marche;-2,8604;1,3302;7,3381;0,1991;-0,2001;0,0211;0,9591;;False
346,20;5.4;pa030​;20250612_123326;1;Marche;-2,8670;1,3264;7,3523;0,2033;-0,1981;0,0191;0,9587;;False
346,21;5.42;pa030​;20250612_123326;1;Marche;-2,8738;1,3226;7,3667;0,2074;-0,1960;0,0169;0,9583;;False
346,22;5.43;pa030​;20250612_123326;1;Marche;-2,8804;1,3192;7,3814;0,2113;-0,1937;0,0144;0,9579;;False
346,24;5.44;pa030​;20250612_123326;1;Marche;-2,8873;1,3160;7,3964;0,2134;-0,1911;0,0113;0,9580;;False
346,25;5.46;pa030​;20250612_123326;1;Marche;-2,8950;1,3150;7,4124;0,2209;-0,1855;0,0077;0,9575;;False
346,27;5.47;pa030​;20250612_123326;1;Marche;-2,9031;1,3177;7,4304;0,2344;-0,1765;0,0015;0,9560;;False
346,28;5.49;pa030​;20250612_123326;1;Marche;-2,9101;1,3168;7,4474;0,2153;-0,1733;0,0016;0,9610;;False
346,30;5.5;pa030​;20250612_123326;1;Marche;-2,9177;1,3168;7,4650;0,2128;-0,1736;0,0088;0,9615;;False
346,31;5.51;pa030​;20250612_123326;1;Marche;-2,9246;1,3172;7,4801;0,2145;-0,1723;0,0099;0,9614;;False
346,32;5.53;pa030​;20250612_123326;1;Marche;-2,9314;1,3164;7,4955;0,2206;-0,1723;0,0105;0,9600;;False
346,34;5.54;pa030​;20250612_123326;1;Marche;-2,9374;1,3171;7,5110;0,2278;-0,1734;0,0146;0,9580;;False
346,35;5.56;pa030​;20250612_123326;1;Marche;-2,9434;1,3183;7,5271;0,2301;-0,1755;0,0194;0,9570;;False
346,36;5.57;pa030​;20250612_123326;1;Marche;-2,9491;1,3199;7,5436;0,2326;-0,1785;0,0209;0,9558;;False
346,38;5.58;pa030​;20250612_123326;1;Marche;-2,9543;1,3218;7,5592;0,2372;-0,1808;0,0199;0,9543;;False
346,39;5.6;pa030​;20250612_123326;1;Marche;-2,9589;1,3233;7,5744;0,2436;-0,1819;0,0177;0,9525;;False
346,40;5.61;pa030​;20250612_123326;1;Marche;-2,9628;1,3248;7,5894;0,2486;-0,1817;0,0149;0,9513;;False
346,42;5.63;pa030​;20250612_123326;1;Marche;-2,9660;1,3264;7,6045;0,2502;-0,1800;0,0122;0,9512;;False
346,43;5.64;pa030​;20250612_123326;1;Marche;-2,9688;1,3282;7,6197;0,2480;-0,1778;0,0099;0,9522;;False
346,45;5.65;pa030​;20250612_123326;1;Marche;-2,9717;1,3293;7,6350;0,2446;-0,1750;0,0074;0,9537;;False
346,46;5.67;pa030​;20250612_123326;1;Marche;-2,9746;1,3300;7,6499;0,2430;-0,1714;0,0048;0,9548;;False
346,47;5.68;pa030​;20250612_123326;1;Marche;-2,9771;1,3300;7,6644;0,2429;-0,1675;0,0024;0,9555;;False
346,49;5.7;pa030​;20250612_123326;1;Marche;-2,9792;1,3293;7,6780;0,2433;-0,1637;-0,0003;0,9561;;False
346,50;5.71;pa030​;20250612_123326;1;Marche;-2,9809;1,3287;7,6908;0,2444;-0,1606;-0,0036;0,9563;;False
346,52;5.72;pa030​;20250612_123326;1;Marche;-2,9830;1,3277;7,7038;0,2444;-0,1578;-0,0062;0,9567;;False
346,53;5.74;pa030​;20250612_123326;1;Marche;-2,9847;1,3267;7,7165;0,2445;-0,1561;-0,0078;0,9570;;False
346,54;5.75;pa030​;20250612_123326;1;Marche;-2,9861;1,3248;7,7283;0,2418;-0,1543;-0,0095;0,9579;;False
346,56;5.76;pa030​;20250612_123326;1;Marche;-2,9871;1,3223;7,7393;0,2387;-0,1525;-0,0101;0,9590;;False
346,57;5.78;pa030​;20250612_123326;1;Marche;-2,9879;1,3198;7,7497;0,2360;-0,1513;-0,0094;0,9598;;False
346,59;5.79;pa030​;20250612_123326;1;Marche;-2,9888;1,3170;7,7594;0,2301;-0,1508;-0,0095;0,9614;;False
346,60;5.81;pa030​;20250612_123326;1;Marche;-2,9899;1,3137;7,7683;0,2222;-0,1515;-0,0090;0,9631;;False
346,61;5.82;pa030​;20250612_123326;1;Marche;-2,9912;1,3106;7,7770;0,2160;-0,1553;-0,0067;0,9639;;False
346,63;5.83;pa030​;20250612_123326;1;Marche;-2,9931;1,3112;7,7888;0,2347;-0,1659;0,0010;0,9578;;False
346,64;5.85;pa030​;20250612_123326;1;Marche;-2,9947;1,3104;7,7975;0,2221;-0,1716;-0,0075;0,9598;;False
346,66;5.86;pa030​;20250612_123326;1;Marche;-2,9967;1,3082;7,8090;0,2092;-0,1703;-0,0256;0,9626;;False
346,67;5.88;pa030​;20250612_123326;1;Marche;-2,9971;1,3084;7,8173;0,2150;-0,1623;-0,0324;0,9625;;False
346,68;5.89;pa030​;20250612_123326;1;Marche;-2,9983;1,3087;7,8252;0,2267;-0,1560;-0,0299;0,9609;;False
346,70;5.9;pa030​;20250612_123326;1;Marche;-3,0014;1,3089;7,8324;0,2344;-0,1471;-0,0310;0,9604;;False
346,71;5.92;pa030​;20250612_123326;1;Marche;-3,0050;1,3118;7,8396;0,2425;-0,1389;-0,0337;0,9596;;False
346,72;5.93;pa030​;20250612_123326;1;Marche;-3,0083;1,3154;7,8476;0,2441;-0,1340;-0,0308;0,9600;;False
346,74;5.94;pa030​;20250612_123326;1;Marche;-3,0118;1,3190;7,8557;0,2390;-0,1320;-0,0241;0,9617;;False
346,75;5.96;pa030​;20250612_123326;1;Marche;-3,0155;1,3228;7,8628;0,2350;-0,1300;-0,0206;0,9630;;False
346,77;5.97;pa030​;20250612_123326;1;Marche;-3,0188;1,3255;7,8693;0,2319;-0,1285;-0,0189;0,9640;;False
346,78;5.99;pa030​;20250612_123326;1;Marche;-3,0216;1,3279;7,8759;0,2306;-0,1273;-0,0171;0,9645;;False
346,79;6.0;pa030​;20250612_123326;1;Marche;-3,0242;1,3297;7,8824;0,2298;-0,1253;-0,0165;0,9650;;False
346,81;6.01;pa030​;20250612_123326;1;Marche;-3,0264;1,3309;7,8886;0,2306;-0,1214;-0,0177;0,9653;;False
346,82;6.03;pa030​;20250612_123326;1;Marche;-3,0281;1,3316;7,8945;0,2327;-0,1154;-0,0188;0,9655;;False
346,84;6.04;pa030​;20250612_123326;1;Marche;-3,0294;1,3318;7,9002;0,2354;-0,1081;-0,0190;0,9657;;False
346,85;6.06;pa030​;20250612_123326;1;Marche;-3,0307;1,3321;7,9059;0,2387;-0,0991;-0,0188;0,9658;;False
346,86;6.07;pa030​;20250612_123326;1;Marche;-3,0319;1,3321;7,9115;0,2413;-0,0897;-0,0191;0,9661;;False
346,88;6.08;pa030​;20250612_123326;1;Marche;-3,0333;1,3322;7,9170;0,2438;-0,0803;-0,0192;0,9663;;False
346,89;6.1;pa030​;20250612_123326;1;Marche;-3,0345;1,3321;7,9225;0,2451;-0,0717;-0,0195;0,9666;;False
346,90;6.11;pa030​;20250612_123326;1;Marche;-3,0358;1,3318;7,9279;0,2459;-0,0633;-0,0204;0,9670;;False
346,92;6.13;pa030​;20250612_123326;1;Marche;-3,0372;1,3315;7,9331;0,2484;-0,0556;-0,0223;0,9668;;False
346,93;6.14;pa030​;20250612_123326;1;Marche;-3,0388;1,3309;7,9380;0,2506;-0,0485;-0,0247;0,9666;;False
346,95;6.15;pa030​;20250612_123326;1;Marche;-3,0404;1,3303;7,9429;0,2541;-0,0420;-0,0264;0,9659;;False
346,96;6.17;pa030​;20250612_123326;1;Marche;-3,0423;1,3297;7,9475;0,2583;-0,0366;-0,0267;0,9650;;False
346,98;6.18;pa030​;20250612_123326;1;Marche;-3,0439;1,3291;7,9522;0,2623;-0,0328;-0,0261;0,9641;;False
346,99;6.2;pa030​;20250612_123326;1;Marche;-3,0455;1,3287;7,9567;0,2659;-0,0295;-0,0258;0,9632;;False
347,00;6.21;pa030​;20250612_123326;1;Marche;-3,0469;1,3284;7,9614;0,2692;-0,0269;-0,0260;0,9624;;False
347,02;6.22;pa030​;20250612_123326;1;Marche;-3,0482;1,3281;7,9661;0,2713;-0,0246;-0,0271;0,9618;;False
347,03;6.24;pa030​;20250612_123326;1;Marche;-3,0491;1,3278;7,9708;0,2727;-0,0223;-0,0298;0,9614;;False
347,04;6.25;pa030​;20250612_123326;1;Marche;-3,0497;1,3274;7,9755;0,2736;-0,0188;-0,0328;0,9611;;False
347,06;6.26;pa030​;20250612_123326;1;Marche;-3,0497;1,3270;7,9802;0,2745;-0,0137;-0,0367;0,9608;;False
347,07;6.28;pa030​;20250612_123326;1;Marche;-3,0493;1,3263;7,9848;0,2755;-0,0066;-0,0402;0,9604;;False
347,09;6.29;pa030​;20250612_123326;1;Marche;-3,0483;1,3255;7,9894;0,2775;0,0012;-0,0425;0,9598;;False
347,10;6.31;pa030​;20250612_123326;1;Marche;-3,0471;1,3244;7,9938;0,2792;0,0088;-0,0441;0,9592;;False
347,11;6.32;pa030​;20250612_123326;1;Marche;-3,0459;1,3232;7,9981;0,2816;0,0165;-0,0452;0,9583;;False
347,13;6.33;pa030​;20250612_123326;1;Marche;-3,0446;1,3217;8,0022;0,2849;0,0242;-0,0470;0,9571;;False
347,14;6.35;pa030​;20250612_123326;1;Marche;-3,0433;1,3200;8,0059;0,2893;0,0321;-0,0490;0,9554;;False
347,16;6.36;pa030​;20250612_123326;1;Marche;-3,0419;1,3181;8,0092;0,2945;0,0399;-0,0517;0,9534;;False
347,17;6.38;pa030​;20250612_123326;1;Marche;-3,0407;1,3160;8,0123;0,3006;0,0475;-0,0542;0,9510;;False
347,18;6.39;pa030​;20250612_123326;1;Marche;-3,0395;1,3142;8,0150;0,3069;0,0541;-0,0565;0,9485;;False
347,20;6.4;pa030​;20250612_123326;1;Marche;-3,0384;1,3126;8,0176;0,3129;0,0601;-0,0583;0,9461;;False
347,21;6.42;pa030​;20250612_123326;1;Marche;-3,0373;1,3112;8,0201;0,3183;0,0659;-0,0589;0,9438;;False
347,23;6.43;pa030​;20250612_123326;1;Marche;-3,0362;1,3099;8,0226;0,3223;0,0705;-0,0590;0,9422;;False
347,24;6.45;pa030​;20250612_123326;1;Marche;-3,0351;1,3086;8,0251;0,3253;0,0749;-0,0592;0,9408;;False
347,25;6.46;pa030​;20250612_123326;1;Marche;-3,0343;1,3077;8,0273;0,3274;0,0792;-0,0592;0,9397;;False
347,27;6.47;pa030​;20250612_123326;1;Marche;-3,0334;1,3068;8,0294;0,3284;0,0823;-0,0595;0,9390;;False
347,28;6.49;pa030​;20250612_123326;1;Marche;-3,0324;1,3059;8,0314;0,3296;0,0857;-0,0595;0,9383;;False
347,30;6.5;pa030​;20250612_123326;1;Marche;-3,0314;1,3049;8,0331;0,3308;0,0883;-0,0593;0,9377;;False
347,31;6.51;pa030​;20250612_123326;1;Marche;-3,0305;1,3039;8,0347;0,3324;0,0907;-0,0591;0,9369;;False
347,32;6.53;pa030​;20250612_123326;1;Marche;-3,0296;1,3028;8,0362;0,3339;0,0927;-0,0595;0,9361;;False
347,34;6.54;pa030​;20250612_123326;1;Marche;-3,0285;1,3017;8,0378;0,3360;0,0955;-0,0602;0,9351;;False
347,35;6.56;pa030​;20250612_123326;1;Marche;-3,0271;1,3005;8,0399;0,3383;0,0982;-0,0612;0,9339;;False
347,36;6.57;pa030​;20250612_123326;1;Marche;-3,0257;1,2992;8,0418;0,3398;0,1015;-0,0622;0,9329;;False
347,38;6.58;pa030​;20250612_123326;1;Marche;-3,0243;1,2979;8,0431;0,3406;0,1055;-0,0638;0,9321;;False
347,39;6.6;pa030​;20250612_123326;1;Marche;-3,0226;1,2965;8,0446;0,3425;0,1089;-0,0645;0,9309;;False
347,41;6.61;pa030​;20250612_123326;1;Marche;-3,0208;1,2951;8,0461;0,3437;0,1133;-0,0641;0,9300;;False
347,42;6.63;pa030​;20250612_123326;1;Marche;-3,0187;1,2936;8,0480;0,3443;0,1187;-0,0644;0,9291;;False
347,43;6.64;pa030​;20250612_123326;1;Marche;-3,0166;1,2917;8,0497;0,3451;0,1251;-0,0651;0,9279;;False
347,45;6.65;pa030​;20250612_123326;1;Marche;-3,0146;1,2897;8,0510;0,3470;0,1312;-0,0660;0,9263;;False
347,46;6.67;pa030​;20250612_123326;1;Marche;-3,0129;1,2873;8,0515;0,3515;0,1369;-0,0674;0,9237;;False
347,48;6.68;pa030​;20250612_123326;1;Marche;-3,0114;1,2845;8,0521;0,3574;0,1413;-0,0698;0,9206;;False
347,49;6.7;pa030​;20250612_123326;1;Marche;-3,0100;1,2818;8,0525;0,3627;0,1437;-0,0715;0,9180;;False
347,50;6.71;pa030​;20250612_123326;1;Marche;-3,0086;1,2796;8,0533;0,3679;0,1459;-0,0732;0,9154;;False
347,52;6.72;pa030​;20250612_123326;1;Marche;-3,0073;1,2776;8,0541;0,3712;0,1473;-0,0744;0,9138;;False
347,53;6.74;pa030​;20250612_123326;1;Marche;-3,0061;1,2759;8,0551;0,3735;0,1478;-0,0749;0,9127;;False
347,55;6.75;pa030​;20250612_123326;1;Marche;-3,0047;1,2743;8,0562;0,3747;0,1474;-0,0746;0,9123;;False
347,56;6.77;pa030​;20250612_123326;1;Marche;-3,0035;1,2728;8,0572;0,3741;0,1469;-0,0739;0,9127;;False
347,57;6.78;pa030​;20250612_123326;1;Marche;-3,0024;1,2714;8,0580;0,3742;0,1470;-0,0745;0,9126;;False
347,59;6.79;pa030​;20250612_123326;1;Marche;-3,0017;1,2699;8,0587;0,3750;0,1479;-0,0767;0,9119;;False
347,60;6.81;pa030​;20250612_123326;1;Marche;-3,0010;1,2684;8,0593;0,3758;0,1474;-0,0788;0,9115;;False
347,61;6.82;pa030​;20250612_123326;1;Marche;-3,0004;1,2670;8,0598;0,3768;0,1458;-0,0803;0,9112;;False
347,63;6.83;pa030​;20250612_123326;1;Marche;-2,9999;1,2655;8,0604;0,3772;0,1429;-0,0824;0,9113;;False
347,64;6.85;pa030​;20250612_123326;1;Marche;-2,9998;1,2644;8,0609;0,3768;0,1388;-0,0848;0,9119;;False
347,66;6.86;pa030​;20250612_123326;1;Marche;-2,9998;1,2635;8,0617;0,3755;0,1335;-0,0871;0,9130;;False
347,67;6.88;pa030​;20250612_123326;1;Marche;-3,0001;1,2629;8,0627;0,3726;0,1270;-0,0896;0,9149;;False
347,68;6.89;pa030​;20250612_123326;1;Marche;-3,0000;1,2628;8,0639;0,3699;0,1197;-0,0913;0,9168;;False
347,70;6.9;pa030​;20250612_123326;1;Marche;-3,0001;1,2626;8,0650;0,3648;0,1133;-0,0931;0,9195;;False
347,71;6.92;pa030​;20250612_123326;1;Marche;-3,0005;1,2627;8,0662;0,3587;0,1072;-0,0957;0,9223;;False
347,72;6.93;pa030​;20250612_123326;1;Marche;-3,0012;1,2629;8,0668;0,3539;0,1011;-0,0975;0,9247;;False
347,74;6.95;pa030​;20250612_123326;1;Marche;-3,0018;1,2627;8,0669;0,3508;0,0957;-0,0988;0,9263;;False
347,75;6.96;pa030​;20250612_123326;1;Marche;-3,0024;1,2626;8,0669;0,3504;0,0907;-0,0998;0,9268;;False
347,77;6.97;pa030​;20250612_123326;1;Marche;-3,0031;1,2624;8,0665;0,3503;0,0866;-0,1003;0,9272;;False
347,78;6.99;pa030​;20250612_123326;1;Marche;-3,0039;1,2623;8,0660;0,3507;0,0828;-0,1017;0,9272;;False
347,80;7.0;pa030​;20250612_123326;1;Marche;-3,0047;1,2623;8,0656;0,3514;0,0784;-0,1018;0,9274;;False
347,81;7.01;pa030​;20250612_123326;1;Marche;-3,0056;1,2624;8,0651;0,3518;0,0748;-0,1016;0,9275;;False
347,82;7.03;pa030​;20250612_123326;1;Marche;-3,0065;1,2628;8,0648;0,3520;0,0716;-0,1017;0,9277;;False
347,84;7.04;pa030​;20250612_123326;1;Marche;-3,0075;1,2632;8,0645;0,3507;0,0690;-0,1022;0,9284;;False
347,85;7.06;pa030​;20250612_123326;1;Marche;-3,0085;1,2639;8,0642;0,3486;0,0666;-0,1025;0,9293;;False
347,87;7.07;pa030​;20250612_123326;1;Marche;-3,0094;1,2647;8,0640;0,3451;0,0648;-0,1027;0,9307;;False
347,88;7.08;pa030​;20250612_123326;1;Marche;-3,0104;1,2656;8,0637;0,3420;0,0628;-0,1028;0,9319;;False
347,89;7.1;pa030​;20250612_123326;1;Marche;-3,0114;1,2667;8,0633;0,3396;0,0606;-0,1027;0,9330;;False
347,90;7.11;pa030​;20250612_123326;1;Marche;-3,0127;1,2676;8,0627;0,3374;0,0588;-0,1035;0,9338;;False
347,92;7.13;pa030​;20250612_123326;1;Marche;-3,0142;1,2685;8,0620;0,3354;0,0571;-0,1035;0,9346;;False
347,93;7.14;pa030​;20250612_123326;1;Marche;-3,0157;1,2694;8,0612;0,3340;0,0550;-0,1040;0,9352;;False
347,95;7.15;pa030​;20250612_123326;1;Marche;-3,0172;1,2704;8,0605;0,3324;0,0524;-0,1041;0,9359;;False
347,96;7.17;pa030​;20250612_123326;1;Marche;-3,0188;1,2714;8,0598;0,3311;0,0497;-0,1030;0,9367;;False
347,97;7.18;pa030​;20250612_123326;1;Marche;-3,0204;1,2723;8,0590;0,3298;0,0474;-0,1027;0,9373;;False
347,99;7.2;pa030​;20250612_123326;1;Marche;-3,0219;1,2733;8,0582;0,3286;0,0453;-0,1019;0,9379;;False
348,00;7.21;pa030​;20250612_123326;1;Marche;-3,0234;1,2743;8,0574;0,3268;0,0437;-0,1005;0,9387;;False
348,02;7.22;pa030​;20250612_123326;1;Marche;-3,0247;1,2754;8,0567;0,3247;0,0424;-0,0997;0,9396;;False
348,03;7.24;pa030​;20250612_123326;1;Marche;-3,0261;1,2764;8,0561;0,3223;0,0411;-0,0992;0,9405;;False
348,04;7.25;pa030​;20250612_123326;1;Marche;-3,0276;1,2776;8,0554;0,3202;0,0392;-0,0977;0,9415;;False
348,06;7.27;pa030​;20250612_123326;1;Marche;-3,0292;1,2786;8,0546;0,3186;0,0373;-0,0965;0,9422;;False
348,07;7.28;pa030​;20250612_123326;1;Marche;-3,0306;1,2795;8,0538;0,3171;0,0353;-0,0953;0,9429;;False
348,09;7.29;pa030​;20250612_123326;1;Marche;-3,0318;1,2804;8,0532;0,3164;0,0333;-0,0939;0,9434;;False
348,10;7.31;pa030​;20250612_123326;1;Marche;-3,0332;1,2812;8,0525;0,3156;0,0313;-0,0926;0,9439;;False
348,11;7.32;pa030​;20250612_123326;1;Marche;-3,0346;1,2818;8,0517;0,3153;0,0294;-0,0912;0,9441;;False
348,13;7.33;pa030​;20250612_123326;1;Marche;-3,0360;1,2824;8,0510;0,3153;0,0274;-0,0899;0,9443;;False
348,14;7.35;pa030​;20250612_123326;1;Marche;-3,0373;1,2828;8,0502;0,3158;0,0258;-0,0890;0,9443;;False
348,15;7.36;pa030​;20250612_123326;1;Marche;-3,0385;1,2831;8,0495;0,3163;0,0244;-0,0883;0,9442;;False
348,17;7.38;pa030​;20250612_123326;1;Marche;-3,0397;1,2834;8,0488;0,3175;0,0228;-0,0877;0,9439;;False
348,18;7.39;pa030​;20250612_123326;1;Marche;-3,0408;1,2834;8,0482;0,3192;0,0215;-0,0872;0,9434;;False
348,20;7.4;pa030​;20250612_123326;1;Marche;-3,0418;1,2833;8,0477;0,3210;0,0206;-0,0868;0,9429;;False
348,21;7.42;pa030​;20250612_123326;1;Marche;-3,0426;1,2832;8,0472;0,3229;0,0200;-0,0859;0,9423;;False
348,23;7.43;pa030​;20250612_123326;1;Marche;-3,0432;1,2828;8,0466;0,3259;0,0203;-0,0851;0,9414;;False
348,24;7.44;pa030​;20250612_123326;1;Marche;-3,0437;1,2821;8,0461;0,3294;0,0216;-0,0842;0,9402;;False
348,25;7.46;pa030​;20250612_123326;1;Marche;-3,0439;1,2814;8,0455;0,3340;0,0237;-0,0828;0,9386;;False
348,27;7.47;pa030​;20250612_123326;1;Marche;-3,0440;1,2805;8,0449;0,3389;0,0268;-0,0803;0,9370;;False
348,28;7.49;pa030​;20250612_123326;1;Marche;-3,0437;1,2794;8,0445;0,3444;0,0306;-0,0779;0,9351;;False
348,30;7.5;pa030​;20250612_123326;1;Marche;-3,0432;1,2782;8,0441;0,3504;0,0359;-0,0749;0,9329;;False
348,31;7.51;pa030​;20250612_123326;1;Marche;-3,0428;1,2771;8,0438;0,3562;0,0424;-0,0720;0,9307;;False
348,32;7.53;pa030​;20250612_123326;1;Marche;-3,0422;1,2761;8,0435;0,3618;0,0486;-0,0694;0,9284;;False
348,34;7.54;pa030​;20250612_123326;1;Marche;-3,0414;1,2751;8,0434;0,3670;0,0552;-0,0666;0,9262;;False
348,35;7.56;pa030​;20250612_123326;1;Marche;-3,0405;1,2742;8,0436;0,3716;0,0616;-0,0641;0,9241;;False
348,37;7.57;pa030​;20250612_123326;1;Marche;-3,0395;1,2734;8,0440;0,3743;0,0672;-0,0620;0,9228;;False
348,38;7.58;pa030​;20250612_123326;1;Marche;-3,0387;1,2727;8,0445;0,3764;0,0725;-0,0604;0,9217;;False
348,39;7.6;pa030​;20250612_123326;1;Marche;-3,0378;1,2724;8,0453;0,3767;0,0768;-0,0602;0,9212;;False
348,40;7.61;pa030​;20250612_123326;1;Marche;-3,0370;1,2720;8,0461;0,3766;0,0806;-0,0593;0,9209;;False
348,42;7.63;pa030​;20250612_123326;1;Marche;-3,0360;1,2716;8,0467;0,3766;0,0846;-0,0581;0,9207;;False
348,43;7.64;pa030​;20250612_123326;1;Marche;-3,0349;1,2712;8,0473;0,3772;0,0887;-0,0566;0,9201;;False
348,45;7.65;pa030​;20250612_123326;1;Marche;-3,0339;1,2706;8,0478;0,3781;0,0927;-0,0558;0,9194;;False
348,46;7.67;pa030​;20250612_123326;1;Marche;-3,0330;1,2701;8,0485;0,3799;0,0959;-0,0554;0,9184;;False
348,47;7.68;pa030​;20250612_123326;1;Marche;-3,0321;1,2695;8,0489;0,3816;0,0989;-0,0544;0,9174;;False
348,49;7.69;pa030​;20250612_123326;1;Marche;-3,0311;1,2688;8,0493;0,3835;0,1024;-0,0544;0,9162;;False
348,50;7.71;pa030​;20250612_123326;1;Marche;-3,0298;1,2682;8,0498;0,3864;0,1058;-0,0546;0,9146;;False
348,52;7.72;pa030​;20250612_123326;1;Marche;-3,0288;1,2676;8,0502;0,3888;0,1096;-0,0542;0,9132;;False
348,53;7.74;pa030​;20250612_123326;1;Marche;-3,0275;1,2671;8,0509;0,3906;0,1123;-0,0547;0,9120;;False
348,54;7.75;pa030​;20250612_123326;1;Marche;-3,0264;1,2666;8,0515;0,3917;0,1154;-0,0557;0,9111;;False
348,56;7.77;pa030​;20250612_123326;1;Marche;-3,0251;1,2664;8,0523;0,3914;0,1179;-0,0572;0,9108;;False
348,57;7.78;pa030​;20250612_123326;1;Marche;-3,0236;1,2661;8,0530;0,3915;0,1211;-0,0585;0,9103;;False
348,59;7.79;pa030​;20250612_123326;1;Marche;-3,0223;1,2659;8,0536;0,3912;0,1248;-0,0596;0,9098;;False
348,60;7.81;pa030​;20250612_123326;1;Marche;-3,0209;1,2656;8,0541;0,3917;0,1283;-0,0606;0,9091;;False
348,61;7.82;pa030​;20250612_123326;1;Marche;-3,0194;1,2653;8,0546;0,3917;0,1317;-0,0616;0,9085;;False
348,63;7.83;pa030​;20250612_123326;1;Marche;-3,0180;1,2649;8,0551;0,3920;0,1345;-0,0626;0,9079;;False
348,64;7.85;pa030​;20250612_123326;1;Marche;-3,0166;1,2646;8,0557;0,3918;0,1376;-0,0640;0,9075;;False
348,65;7.86;pa030​;20250612_123326;1;Marche;-3,0155;1,2644;8,0562;0,3914;0,1406;-0,0652;0,9071;;False
348,67;7.88;pa030​;20250612_123326;1;Marche;-3,0143;1,2641;8,0568;0,3911;0,1426;-0,0665;0,9068;;False
348,68;7.89;pa030​;20250612_123326;1;Marche;-3,0133;1,2639;8,0573;0,3912;0,1442;-0,0674;0,9065;;False
348,70;7.9;pa030​;20250612_123326;1;Marche;-3,0124;1,2636;8,0578;0,3910;0,1436;-0,0685;0,9065;;False
348,71;7.92;pa030​;20250612_123326;1;Marche;-3,0119;1,2635;8,0585;0,3908;0,1422;-0,0695;0,9068;;False
348,72;7.93;pa030​;20250612_123326;1;Marche;-3,0115;1,2635;8,0594;0,3901;0,1396;-0,0713;0,9074;;False
348,74;7.95;pa030​;20250612_123326;1;Marche;-3,0113;1,2636;8,0603;0,3883;0,1360;-0,0738;0,9085;;False
348,75;7.96;pa030​;20250612_123326;1;Marche;-3,0113;1,2639;8,0613;0,3861;0,1317;-0,0768;0,9098;;False
348,77;7.97;pa030​;20250612_123326;1;Marche;-3,0116;1,2644;8,0623;0,3830;0,1246;-0,0800;0,9118;;False
348,78;7.99;pa030​;20250612_123326;1;Marche;-3,0121;1,2650;8,0634;0,3796;0,1165;-0,0833;0,9140;;False
348,79;8.0;pa030​;20250612_123326;1;Marche;-3,0130;1,2656;8,0646;0,3758;0,1069;-0,0870;0,9164;;False
348,81;8.01;pa030​;20250612_123326;1;Marche;-3,0137;1,2662;8,0656;0,3729;0,0970;-0,0907;0,9183;;False
348,82;8.03;pa030​;20250612_123326;1;Marche;-3,0145;1,2666;8,0663;0,3700;0,0881;-0,0941;0,9201;;False
348,84;8.04;pa030​;20250612_123326;1;Marche;-3,0153;1,2669;8,0670;0,3682;0,0785;-0,0966;0,9214;;False
348,85;8.05;pa030​;20250612_123326;1;Marche;-3,0164;1,2671;8,0675;0,3670;0,0693;-0,0992;0,9223;;False
348,86;8.07;pa030​;20250612_123326;1;Marche;-3,0176;1,2672;8,0680;0,3665;0,0602;-0,1007;0,9230;;False
348,88;8.08;pa030​;20250612_123326;1;Marche;-3,0186;1,2674;8,0683;0,3660;0,0514;-0,1011;0,9237;;False
348,89;8.1;pa030​;20250612_123326;1;Marche;-3,0196;1,2676;8,0686;0,3651;0,0425;-0,1011;0,9245;;False
348,91;8.11;pa030​;20250612_123326;1;Marche;-3,0211;1,2680;8,0690;0,3640;0,0334;-0,1012;0,9253;;False
348,92;8.12;pa030​;20250612_123326;1;Marche;-3,0227;1,2684;8,0694;0,3627;0,0237;-0,1024;0,9260;;False
348,93;8.14;pa030​;20250612_123326;1;Marche;-3,0245;1,2689;8,0697;0,3611;0,0139;-0,1040;0,9266;;False
348,95;8.15;pa030​;20250612_123326;1;Marche;-3,0261;1,2694;8,0698;0,3592;0,0045;-0,1053;0,9273;;False
348,96;8.17;pa030​;20250612_123326;1;Marche;-3,0280;1,2700;8,0698;0,3575;-0,0050;-0,1067;0,9278;;False
348,97;8.18;pa030​;20250612_123326;1;Marche;-3,0300;1,2708;8,0695;0,3560;-0,0153;-0,1088;0,9280;;False
348,99;8.2;pa030​;20250612_123326;1;Marche;-3,0323;1,2717;8,0694;0,3546;-0,0259;-0,1104;0,9281;;False
349,00;8.21;pa030​;20250612_123326;1;Marche;-3,0346;1,2727;8,0691;0,3528;-0,0360;-0,1113;0,9284;;False
349,02;8.22;pa030​;20250612_123326;1;Marche;-3,0366;1,2737;8,0688;0,3506;-0,0461;-0,1120;0,9287;;False
349,03;8.24;pa030​;20250612_123326;1;Marche;-3,0386;1,2748;8,0683;0,3479;-0,0554;-0,1119;0,9292;;False
349,04;8.25;pa030​;20250612_123326;1;Marche;-3,0409;1,2761;8,0679;0,3456;-0,0641;-0,1110;0,9296;;False
349,06;8.26;pa030​;20250612_123326;1;Marche;-3,0428;1,2771;8,0674;0,3439;-0,0723;-0,1097;0,9298;;False
349,07;8.28;pa030​;20250612_123326;1;Marche;-3,0448;1,2783;8,0668;0,3422;-0,0798;-0,1080;0,9300;;False
349,08;8.29;pa030​;20250612_123326;1;Marche;-3,0465;1,2794;8,0662;0,3404;-0,0863;-0,1062;0,9303;;False
349,10;8.31;pa030​;20250612_123326;1;Marche;-3,0481;1,2805;8,0655;0,3387;-0,0921;-0,1041;0,9306;;False
349,11;8.32;pa030​;20250612_123326;1;Marche;-3,0499;1,2815;8,0647;0,3366;-0,0968;-0,1023;0,9311;;False
349,13;8.33;pa030​;20250612_123326;1;Marche;-3,0516;1,2826;8,0641;0,3353;-0,1012;-0,1002;0,9313;;False
349,14;8.35;pa030​;20250612_123326;1;Marche;-3,0531;1,2836;8,0634;0,3337;-0,1057;-0,0983;0,9315;;False
349,15;8.36;pa030​;20250612_123326;1;Marche;-3,0547;1,2845;8,0625;0,3324;-0,1094;-0,0965;0,9318;;False
349,17;8.38;pa030​;20250612_123326;1;Marche;-3,0563;1,2854;8,0616;0,3317;-0,1127;-0,0939;0,9319;;False
349,18;8.39;pa030​;20250612_123326;1;Marche;-3,0577;1,2862;8,0609;0,3314;-0,1160;-0,0914;0,9319;;False
349,20;8.4;pa030​;20250612_123326;1;Marche;-3,0592;1,2868;8,0600;0,3314;-0,1183;-0,0882;0,9319;;False
349,21;8.42;pa030​;20250612_123326;1;Marche;-3,0605;1,2872;8,0592;0,3318;-0,1203;-0,0853;0,9317;;False
349,23;8.43;pa030​;20250612_123326;1;Marche;-3,0619;1,2876;8,0582;0,3323;-0,1221;-0,0823;0,9316;;False
349,24;8.44;pa030​;20250612_123326;1;Marche;-3,0633;1,2879;8,0574;0,3332;-0,1241;-0,0798;0,9313;;False
349,25;8.46;pa030​;20250612_123326;1;Marche;-3,0647;1,2882;8,0566;0,3340;-0,1255;-0,0778;0,9309;;False
349,27;8.47;pa030​;20250612_123326;1;Marche;-3,0659;1,2883;8,0559;0,3353;-0,1269;-0,0762;0,9304;;False
349,28;8.49;pa030​;20250612_123326;1;Marche;-3,0670;1,2884;8,0550;0,3368;-0,1277;-0,0742;0,9299;;False
349,29;8.5;pa030​;20250612_123326;1;Marche;-3,0680;1,2883;8,0542;0,3386;-0,1280;-0,0721;0,9294;;False
349,31;8.51;pa030​;20250612_123326;1;Marche;-3,0688;1,2881;8,0535;0,3409;-0,1269;-0,0709;0,9288;;False
349,32;8.53;pa030​;20250612_123326;1;Marche;-3,0695;1,2879;8,0530;0,3432;-0,1246;-0,0700;0,9283;;False
349,34;8.54;pa030​;20250612_123326;1;Marche;-3,0699;1,2876;8,0525;0,3454;-0,1215;-0,0693;0,9280;;False
349,35;8.56;pa030​;20250612_123326;1;Marche;-3,0701;1,2872;8,0520;0,3475;-0,1170;-0,0685;0,9278;;False
349,36;8.57;pa030​;20250612_123326;1;Marche;-3,0699;1,2868;8,0516;0,3497;-0,1109;-0,0668;0,9279;;False
349,38;8.58;pa030​;20250612_123326;1;Marche;-3,0693;1,2863;8,0513;0,3520;-0,1036;-0,0649;0,9280;;False
349,39;8.6;pa030​;20250612_123326;1;Marche;-3,0685;1,2860;8,0512;0,3542;-0,0961;-0,0620;0,9282;;False
349,41;8.61;pa030​;20250612_123326;1;Marche;-3,0678;1,2856;8,0509;0,3560;-0,0879;-0,0595;0,9285;;False
349,42;8.63;pa030​;20250612_123326;1;Marche;-3,0670;1,2851;8,0506;0,3579;-0,0797;-0,0577;0,9286;;False
349,43;8.64;pa030​;20250612_123326;1;Marche;-3,0661;1,2846;8,0503;0,3605;-0,0714;-0,0559;0,9284;;False
349,45;8.65;pa030​;20250612_123326;1;Marche;-3,0651;1,2842;8,0500;0,3629;-0,0628;-0,0545;0,9281;;False
349,46;8.67;pa030​;20250612_123326;1;Marche;-3,0641;1,2837;8,0498;0,3653;-0,0550;-0,0533;0,9277;;False
349,47;8.68;pa030​;20250612_123326;1;Marche;-3,0631;1,2832;8,0495;0,3672;-0,0478;-0,0522;0,9275;;False
349,49;8.7;pa030​;20250612_123326;1;Marche;-3,0622;1,2828;8,0492;0,3692;-0,0412;-0,0508;0,9270;;False
349,50;8.71;pa030​;20250612_123326;1;Marche;-3,0611;1,2824;8,0489;0,3704;-0,0352;-0,0499;0,9268;;False
349,52;8.72;pa030​;20250612_123326;1;Marche;-3,0601;1,2821;8,0487;0,3718;-0,0288;-0,0489;0,9266;;False
349,53;8.74;pa030​;20250612_123326;1;Marche;-3,0590;1,2818;8,0485;0,3728;-0,0229;-0,0483;0,9264;;False
349,54;8.75;pa030​;20250612_123326;1;Marche;-3,0580;1,2815;8,0482;0,3736;-0,0164;-0,0477;0,9262;;False
349,56;8.77;pa030​;20250612_123326;1;Marche;-3,0568;1,2813;8,0480;0,3742;-0,0105;-0,0475;0,9261;;False
349,57;8.78;pa030​;20250612_123326;1;Marche;-3,0555;1,2812;8,0478;0,3740;-0,0035;-0,0478;0,9262;;False
349,59;8.79;pa030​;20250612_123326;1;Marche;-3,0540;1,2814;8,0476;0,3736;0,0043;-0,0480;0,9263;;False
349,60;8.81;pa030​;20250612_123326;1;Marche;-3,0521;1,2816;8,0474;0,3724;0,0134;-0,0485;0,9267;;False
349,61;8.82;pa030​;20250612_123326;1;Marche;-3,0501;1,2820;8,0472;0,3703;0,0236;-0,0483;0,9274;;False
349,63;8.83;pa030​;20250612_123326;1;Marche;-3,0476;1,2826;8,0471;0,3675;0,0345;-0,0486;0,9281;;False
349,64;8.85;pa030​;20250612_123326;1;Marche;-3,0450;1,2834;8,0471;0,3633;0,0464;-0,0477;0,9293;;False
349,66;8.86;pa030​;20250612_123326;1;Marche;-3,0423;1,2842;8,0470;0,3586;0,0575;-0,0462;0,9306;;False
349,67;8.87;pa030​;20250612_123326;1;Marche;-3,0396;1,2852;8,0470;0,3550;0,0692;-0,0453;0,9312;;False
349,68;8.89;pa030​;20250612_123326;1;Marche;-3,0367;1,2860;8,0466;0,3510;0,0813;-0,0452;0,9318;;False
349,70;8.9;pa030​;20250612_123326;1;Marche;-3,0337;1,2868;8,0461;0,3477;0,0940;-0,0449;0,9318;;False
349,71;8.92;pa030​;20250612_123326;1;Marche;-3,0306;1,2876;8,0455;0,3445;0,1059;-0,0442;0,9317;;False
349,72;8.93;pa030​;20250612_123326;1;Marche;-3,0275;1,2884;8,0449;0,3410;0,1180;-0,0439;0,9316;;False
349,74;8.95;pa030​;20250612_123326;1;Marche;-3,0246;1,2893;8,0443;0,3375;0,1294;-0,0442;0,9314;;False
349,75;8.96;pa030​;20250612_123326;1;Marche;-3,0217;1,2902;8,0437;0,3343;0,1398;-0,0443;0,9310;;False
349,77;8.97;pa030​;20250612_123326;1;Marche;-3,0190;1,2910;8,0430;0,3314;0,1489;-0,0447;0,9306;;False
349,78;8.99;pa030​;20250612_123326;1;Marche;-3,0166;1,2919;8,0424;0,3288;0,1578;-0,0453;0,9300;;False
349,79;9.0;pa030​;20250612_123326;1;Marche;-3,0142;1,2927;8,0417;0,3259;0,1649;-0,0470;0,9297;;False
349,81;9.01;pa030​;20250612_123326;1;Marche;-3,0119;1,2935;8,0410;0,3229;0,1714;-0,0483;0,9295;;False
349,82;9.03;pa030​;20250612_123326;1;Marche;-3,0095;1,2942;8,0403;0,3203;0,1764;-0,0503;0,9294;;False
349,84;9.04;pa030​;20250612_123326;1;Marche;-3,0074;1,2950;8,0394;0,3174;0,1814;-0,0522;0,9293;;False
349,85;9.06;pa030​;20250612_123326;1;Marche;-3,0054;1,2959;8,0386;0,3147;0,1858;-0,0544;0,9292;;False
349,86;9.07;pa030​;20250612_123326;1;Marche;-3,0035;1,2968;8,0377;0,3116;0,1904;-0,0568;0,9292;;False
349,88;9.08;pa030​;20250612_123326;1;Marche;-3,0015;1,2979;8,0369;0,3087;0,1948;-0,0594;0,9291;;False
349,89;9.1;pa030​;20250612_123326;1;Marche;-2,9996;1,2990;8,0359;0,3054;0,1989;-0,0616;0,9292;;False
349,90;9.11;pa030​;20250612_123326;1;Marche;-2,9976;1,2999;8,0348;0,3020;0,2028;-0,0637;0,9293;;False
349,92;9.13;pa030​;20250612_123326;1;Marche;-2,9956;1,3008;8,0336;0,2984;0,2067;-0,0659;0,9295;;False
349,93;9.14;pa030​;20250612_123326;1;Marche;-2,9937;1,3018;8,0326;0,2945;0,2102;-0,0679;0,9298;;False
349,95;9.15;pa030​;20250612_123326;1;Marche;-2,9919;1,3031;8,0315;0,2894;0,2137;-0,0702;0,9304;;False
349,96;9.17;pa030​;20250612_123326;1;Marche;-2,9901;1,3049;8,0305;0,2834;0,2165;-0,0720;0,9315;;False
349,97;9.18;pa030​;20250612_123326;1;Marche;-2,9884;1,3068;8,0295;0,2759;0,2196;-0,0729;0,9329;;False
349,99;9.19;pa030​;20250612_123326;1;Marche;-2,9868;1,3091;8,0285;0,2670;0,2227;-0,0735;0,9347;;False
350,00;9.21;pa030​;20250612_123326;1;Marche;-2,9853;1,3117;8,0274;0,2569;0,2250;-0,0735;0,9370;;False
350,02;9.22;pa030​;20250612_123326;1;Marche;-2,9836;1,3143;8,0264;0,2465;0,2269;-0,0737;0,9393;;False
350,03;9.24;pa030​;20250612_123326;1;Marche;-2,9823;1,3170;8,0253;0,2359;0,2292;-0,0734;0,9415;;False
350,04;9.25;pa030​;20250612_123326;1;Marche;-2,9812;1,3198;8,0240;0,2259;0,2309;-0,0731;0,9436;;False
350,06;9.26;pa030​;20250612_123326;1;Marche;-2,9804;1,3224;8,0227;0,2163;0,2330;-0,0720;0,9454;;False
350,07;9.28;pa030​;20250612_123326;1;Marche;-2,9795;1,3249;8,0212;0,2077;0,2341;-0,0710;0,9471;;False
350,09;9.29;pa030​;20250612_123326;1;Marche;-2,9789;1,3273;8,0196;0,2001;0,2358;-0,0698;0,9484;;False
350,10;9.31;pa030​;20250612_123326;1;Marche;-2,9784;1,3294;8,0180;0,1934;0,2378;-0,0682;0,9494;;False
350,11;9.32;pa030​;20250612_123326;1;Marche;-2,9780;1,3315;8,0164;0,1870;0,2395;-0,0662;0,9504;;False
350,13;9.33;pa030​;20250612_123326;1;Marche;-2,9776;1,3334;8,0149;0,1817;0,2403;-0,0645;0,9514;;False
350,14;9.35;pa030​;20250612_123326;1;Marche;-2,9776;1,3353;8,0135;0,1760;0,2407;-0,0635;0,9524;;False
350,16;9.36;pa030​;20250612_123326;1;Marche;-2,9778;1,3372;8,0123;0,1700;0,2409;-0,0628;0,9535;;False
350,17;9.37;pa030​;20250612_123326;1;Marche;-2,9780;1,3390;8,0110;0,1639;0,2410;-0,0619;0,9546;;False
350,18;9.39;pa030​;20250612_123326;1;Marche;-2,9781;1,3408;8,0097;0,1583;0,2404;-0,0615;0,9557;;False
350,20;9.4;pa030​;20250612_123326;1;Marche;-2,9784;1,3424;8,0084;0,1525;0,2398;-0,0607;0,9568;;False
350,21;9.42;pa030​;20250612_123326;1;Marche;-2,9789;1,3440;8,0071;0,1477;0,2394;-0,0601;0,9577;;False
350,22;9.43;pa030​;20250612_123326;1;Marche;-2,9791;1,3454;8,0058;0,1433;0,2388;-0,0604;0,9585;;False
350,24;9.45;pa030​;20250612_123326;1;Marche;-2,9794;1,3466;8,0044;0,1393;0,2385;-0,0608;0,9592;;False
350,25;9.46;pa030​;20250612_123326;1;Marche;-2,9799;1,3479;8,0030;0,1358;0,2383;-0,0610;0,9597;;False
350,27;9.47;pa030​;20250612_123326;1;Marche;-2,9803;1,3490;8,0017;0,1320;0,2388;-0,0611;0,9601;;False
350,28;9.49;pa030​;20250612_123326;1;Marche;-2,9804;1,3500;8,0003;0,1278;0,2391;-0,0613;0,9606;;False
350,30;9.5;pa030​;20250612_123326;1;Marche;-2,9804;1,3507;7,9991;0,1235;0,2406;-0,0609;0,9608;;False
350,31;9.51;pa030​;20250612_123326;1;Marche;-2,9802;1,3513;7,9979;0,1198;0,2419;-0,0607;0,9609;;False
350,32;9.53;pa030​;20250612_123326;1;Marche;-2,9798;1,3512;7,9967;0,1166;0,2436;-0,0607;0,9609;;False
350,34;9.54;pa030​;20250612_123326;1;Marche;-2,9795;1,3509;7,9955;0,1154;0,2456;-0,0616;0,9605;;False
350,35;9.56;pa030​;20250612_123326;1;Marche;-2,9792;1,3505;7,9943;0,1154;0,2476;-0,0633;0,9599;;False
350,36;9.57;pa030​;20250612_123326;1;Marche;-2,9790;1,3501;7,9932;0,1158;0,2500;-0,0653;0,9591;;False
350,38;9.58;pa030​;20250612_123326;1;Marche;-2,9787;1,3495;7,9922;0,1165;0,2522;-0,0674;0,9583;;False
350,39;9.6;pa030​;20250612_123326;1;Marche;-2,9783;1,3487;7,9913;0,1179;0,2551;-0,0703;0,9571;;False
350,41;9.61;pa030​;20250612_123326;1;Marche;-2,9779;1,3477;7,9905;0,1211;0,2586;-0,0731;0,9556;;False
350,42;9.62;pa030​;20250612_123326;1;Marche;-2,9771;1,3462;7,9896;0,1252;0,2622;-0,0756;0,9539;;False
350,43;9.64;pa030​;20250612_123326;1;Marche;-2,9760;1,3447;7,9889;0,1315;0,2674;-0,0775;0,9514;;False
350,45;9.65;pa030​;20250612_123326;1;Marche;-2,9750;1,3428;7,9880;0,1384;0,2735;-0,0799;0,9485;;False
350,46;9.67;pa030​;20250612_123326;1;Marche;-2,9737;1,3401;7,9871;0,1486;0,2821;-0,0830;0,9442;;False
350,47;9.68;pa030​;20250612_123326;1;Marche;-2,9723;1,3370;7,9859;0,1604;0,2907;-0,0871;0,9392;;False
350,49;9.69;pa030​;20250612_123326;1;Marche;-2,9709;1,3334;7,9848;0,1743;0,2999;-0,0920;0,9334;;False
350,50;9.71;pa030​;20250612_123326;1;Marche;-2,9695;1,3292;7,9835;0,1910;0,3099;-0,0981;0,9262;;False
350,52;9.72;pa030​;20250612_123326;1;Marche;-2,9681;1,3247;7,9820;0,2082;0,3198;-0,1043;0,9184;;False
350,53;9.74;pa030​;20250612_123326;1;Marche;-2,9664;1,3202;7,9808;0,2261;0,3293;-0,1096;0,9102;;False
350,54;9.75;pa030​;20250612_123326;1;Marche;-2,9648;1,3156;7,9798;0,2415;0,3384;-0,1146;0,9022;;False
350,56;9.76;pa030​;20250612_123326;1;Marche;-2,9631;1,3117;7,9793;0,2541;0,3464;-0,1193;0,8951;;False
350,57;9.78;pa030​;20250612_123326;1;Marche;-2,9616;1,3083;7,9790;0,2645;0,3523;-0,1231;0,8892;;False
350,58;9.79;pa030​;20250612_123326;1;Marche;-2,9602;1,3051;7,9790;0,2739;0,3571;-0,1269;0,8839;;False
350,60;9.81;pa030​;20250612_123326;1;Marche;-2,9590;1,3019;7,9788;0,2824;0,3614;-0,1310;0,8789;;False
350,61;9.82;pa030​;20250612_123326;1;Marche;-2,9576;1,2987;7,9783;0,2912;0,3663;-0,1349;0,8734;;False
350,63;9.83;pa030​;20250612_123326;1;Marche;-2,9562;1,2960;7,9779;0,2985;0,3711;-0,1382;0,8684;;False
350,64;9.85;pa030​;20250612_123326;1;Marche;-2,9548;1,2938;7,9780;0,3047;0,3753;-0,1411;0,8640;;False
350,66;9.86;pa030​;20250612_123326;1;Marche;-2,9535;1,2920;7,9784;0,3073;0,3792;-0,1434;0,8610;;False
350,67;9.87;pa030​;20250612_123326;1;Marche;-2,9521;1,2905;7,9791;0,3092;0,3827;-0,1455;0,8583;;False
350,68;9.89;pa030​;20250612_123326;1;Marche;-2,9506;1,2893;7,9797;0,3091;0,3863;-0,1471;0,8565;;False
350,70;9.91;pa030​;20250612_123326;1;Marche;-2,9494;1,2879;7,9804;0,3089;0,3902;-0,1484;0,8546;;False
350,71;9.92;pa030​;20250612_123326;1;Marche;-2,9479;1,2865;7,9810;0,3094;0,3934;-0,1506;0,8525;;False
350,72;9.93;pa030​;20250612_123326;1;Marche;-2,9466;1,2850;7,9817;0,3102;0,3971;-0,1524;0,8502;;False
350,74;9.94;pa030​;20250612_123326;1;Marche;-2,9453;1,2832;7,9823;0,3112;0,4006;-0,1551;0,8477;;False
350,75;9.96;pa030​;20250612_123326;1;Marche;-2,9441;1,2812;7,9830;0,3134;0,4039;-0,1577;0,8448;;False
350,77;9.97;pa030​;20250612_123326;1;Marche;-2,9431;1,2789;7,9837;0,3166;0,4074;-0,1609;0,8414;;False
350,78;9.99;pa030​;20250612_123326;1;Marche;-2,9421;1,2764;7,9844;0,3208;0,4098;-0,1644;0,8379;;False
350,80;10.0;pa030​;20250612_123326;1;Marche;-2,9414;1,2737;7,9853;0,3259;0,4116;-0,1676;0,8344;;False
350,81;10.01;pa030​;20250612_123326;1;Marche;-2,9406;1,2709;7,9863;0,3311;0,4126;-0,1711;0,8312;;False
350,82;10.03;pa030​;20250612_123326;1;Marche;-2,9398;1,2680;7,9876;0,3363;0,4127;-0,1747;0,8283;;False
350,84;10.04;pa030​;20250612_123326;1;Marche;-2,9390;1,2651;7,9890;0,3410;0,4122;-0,1782;0,8259;;False
350,85;10.06;pa030​;20250612_123326;1;Marche;-2,9383;1,2621;7,9906;0,3458;0,4110;-0,1820;0,8236;;False
350,86;10.07;pa030​;20250612_123326;1;Marche;-2,9378;1,2590;7,9923;0,3505;0,4091;-0,1856;0,8218;;False
350,88;10.08;pa030​;20250612_123326;1;Marche;-2,9373;1,2559;7,9942;0,3548;0,4066;-0,1888;0,8205;;False
350,89;10.1;pa030​;20250612_123326;1;Marche;-2,9369;1,2525;7,9963;0,3588;0,4037;-0,1913;0,8195;;False
350,90;10.11;pa030​;20250612_123326;1;Marche;-2,9364;1,2491;7,9983;0,3632;0,4004;-0,1946;0,8185;;False
350,92;10.13;pa030​;20250612_123326;1;Marche;-2,9361;1,2457;8,0003;0,3680;0,3972;-0,1976;0,8172;;False
350,93;10.14;pa030​;20250612_123326;1;Marche;-2,9359;1,2423;8,0020;0,3729;0,3941;-0,2015;0,8155;;False
350,95;10.15;pa030​;20250612_123326;1;Marche;-2,9357;1,2388;8,0037;0,3782;0,3914;-0,2059;0,8132;;False
350,96;10.17;pa030​;20250612_123326;1;Marche;-2,9354;1,2356;8,0052;0,3833;0,3892;-0,2101;0,8108;;False
350,97;10.18;pa030​;20250612_123326;1;Marche;-2,9352;1,2325;8,0067;0,3877;0,3873;-0,2131;0,8089;;False
350,99;10.19;pa030​;20250612_123326;1;Marche;-2,9347;1,2295;8,0082;0,3913;0,3851;-0,2158;0,8075;;False
351,00;10.21;pa030​;20250612_123326;1;Marche;-2,9342;1,2267;8,0096;0,3945;0,3834;-0,2179;0,8062;;False
351,02;10.22;pa030​;20250612_123326;1;Marche;-2,9337;1,2241;8,0109;0,3980;0,3816;-0,2199;0,8048;;False
351,03;10.24;pa030​;20250612_123326;1;Marche;-2,9332;1,2216;8,0119;0,4014;0,3793;-0,2222;0,8035;;False
351,04;10.25;pa030​;20250612_123326;1;Marche;-2,9329;1,2193;8,0129;0,4047;0,3771;-0,2238;0,8024;;False
351,06;10.26;pa030​;20250612_123326;1;Marche;-2,9326;1,2172;8,0138;0,4082;0,3746;-0,2254;0,8014;;False
351,07;10.28;pa030​;20250612_123326;1;Marche;-2,9323;1,2151;8,0145;0,4108;0,3718;-0,2265;0,8011;;False
351,08;10.29;pa030​;20250612_123326;1;Marche;-2,9320;1,2133;8,0153;0,4137;0,3690;-0,2271;0,8007;;False
351,10;10.31;pa030​;20250612_123326;1;Marche;-2,9314;1,2116;8,0161;0,4163;0,3658;-0,2274;0,8007;;False
351,11;10.32;pa030​;20250612_123326;1;Marche;-2,9309;1,2100;8,0169;0,4185;0,3634;-0,2275;0,8007;;False
351,13;10.33;pa030​;20250612_123326;1;Marche;-2,9300;1,2085;8,0178;0,4204;0,3606;-0,2270;0,8011;;False
351,14;10.35;pa030​;20250612_123326;1;Marche;-2,9290;1,2070;8,0187;0,4225;0,3581;-0,2269;0,8011;;False
351,15;10.36;pa030​;20250612_123326;1;Marche;-2,9283;1,2055;8,0195;0,4244;0,3557;-0,2266;0,8012;;False
351,17;10.38;pa030​;20250612_123326;1;Marche;-2,9277;1,2040;8,0202;0,4261;0,3534;-0,2262;0,8015;;False
351,18;10.39;pa030​;20250612_123326;1;Marche;-2,9271;1,2024;8,0209;0,4279;0,3513;-0,2259;0,8016;;False
351,20;10.4;pa030​;20250612_123326;1;Marche;-2,9265;1,2009;8,0216;0,4294;0,3494;-0,2261;0,8015;;False
351,21;10.42;pa030​;20250612_123326;1;Marche;-2,9258;1,1994;8,0222;0,4312;0,3475;-0,2268;0,8012;;False
351,22;10.43;pa030​;20250612_123326;1;Marche;-2,9252;1,1979;8,0227;0,4330;0,3459;-0,2277;0,8006;;False
351,24;10.45;pa030​;20250612_123326;1;Marche;-2,9247;1,1964;8,0232;0,4346;0,3447;-0,2292;0,7999;;False
351,25;10.46;pa030​;20250612_123326;1;Marche;-2,9242;1,1950;8,0238;0,4360;0,3431;-0,2307;0,7993;;False
351,27;10.47;pa030​;20250612_123326;1;Marche;-2,9239;1,1937;8,0244;0,4370;0,3423;-0,2322;0,7987;;False
351,28;10.49;pa030​;20250612_123326;1;Marche;-2,9236;1,1925;8,0250;0,4382;0,3410;-0,2338;0,7982;;False
351,30;10.5;pa030​;20250612_123326;1;Marche;-2,9235;1,1915;8,0256;0,4393;0,3397;-0,2347;0,7978;;False
351,31;10.51;pa030​;20250612_123326;1;Marche;-2,9234;1,1906;8,0263;0,4405;0,3384;-0,2352;0,7976;;False
351,32;10.53;pa030​;20250612_123326;1;Marche;-2,9235;1,1898;8,0269;0,4414;0,3368;-0,2352;0,7977;;False
351,34;10.54;pa030​;20250612_123326;1;Marche;-2,9238;1,1892;8,0275;0,4424;0,3347;-0,2344;0,7983;;False
351,35;10.55;pa030​;20250612_123326;1;Marche;-2,9241;1,1888;8,0281;0,4434;0,3324;-0,2337;0,7989;;False
351,37;10.57;pa030​;20250612_123326;1;Marche;-2,9246;1,1885;8,0289;0,4444;0,3295;-0,2327;0,7999;;False
351,38;10.58;pa030​;20250612_123326;1;Marche;-2,9253;1,1885;8,0297;0,4449;0,3267;-0,2317;0,8011;;False
351,39;10.6;pa030​;20250612_123326;1;Marche;-2,9260;1,1885;8,0305;0,4451;0,3234;-0,2304;0,8026;;False
351,40;10.61;pa030​;20250612_123326;1;Marche;-2,9268;1,1886;8,0312;0,4452;0,3198;-0,2292;0,8044;;False
351,42;10.63;pa030​;20250612_123326;1;Marche;-2,9279;1,1888;8,0316;0,4446;0,3160;-0,2283;0,8064;;False
351,43;10.64;pa030​;20250612_123326;1;Marche;-2,9290;1,1891;8,0322;0,4445;0,3120;-0,2275;0,8083;;False
351,45;10.65;pa030​;20250612_123326;1;Marche;-2,9302;1,1895;8,0330;0,4438;0,3081;-0,2267;0,8104;;False
351,46;10.67;pa030​;20250612_123326;1;Marche;-2,9314;1,1901;8,0338;0,4433;0,3046;-0,2259;0,8123;;False
351,47;10.68;pa030​;20250612_123326;1;Marche;-2,9326;1,1907;8,0345;0,4427;0,3006;-0,2251;0,8142;;False
351,49;10.69;pa030​;20250612_123326;1;Marche;-2,9338;1,1915;8,0352;0,4423;0,2969;-0,2240;0,8161;;False
351,50;10.71;pa030​;20250612_123326;1;Marche;-2,9351;1,1922;8,0358;0,4414;0,2935;-0,2233;0,8180;;False
351,52;10.72;pa030​;20250612_123326;1;Marche;-2,9365;1,1930;8,0364;0,4406;0,2903;-0,2225;0,8198;;False
351,53;10.74;pa030​;20250612_123326;1;Marche;-2,9381;1,1938;8,0368;0,4388;0,2877;-0,2217;0,8219;;False
351,54;10.75;pa030​;20250612_123326;1;Marche;-2,9394;1,1947;8,0375;0,4374;0,2847;-0,2211;0,8239;;False
351,56;10.76;pa030​;20250612_123326;1;Marche;-2,9408;1,1956;8,0381;0,4359;0,2819;-0,2202;0,8259;;False
351,57;10.78;pa030​;20250612_123326;1;Marche;-2,9421;1,1966;8,0388;0,4352;0,2795;-0,2197;0,8271;;False
351,58;10.79;pa030​;20250612_123326;1;Marche;-2,9435;1,1976;8,0393;0,4340;0,2768;-0,2191;0,8289;;False
351,60;10.81;pa030​;20250612_123326;1;Marche;-2,9448;1,1985;8,0397;0,4327;0,2750;-0,2187;0,8303;;False
351,61;10.82;pa030​;20250612_123326;1;Marche;-2,9460;1,1995;8,0402;0,4317;0,2730;-0,2178;0,8317;;False
351,63;10.84;pa030​;20250612_123326;1;Marche;-2,9473;1,2005;8,0405;0,4302;0,2719;-0,2164;0,8332;;False
351,64;10.85;pa030​;20250612_123326;1;Marche;-2,9485;1,2015;8,0409;0,4291;0,2708;-0,2149;0,8345;;False
351,65;10.86;pa030​;20250612_123326;1;Marche;-2,9497;1,2024;8,0413;0,4279;0,2699;-0,2134;0,8358;;False
351,67;10.87;pa030​;20250612_123326;1;Marche;-2,9508;1,2032;8,0417;0,4269;0,2689;-0,2119;0,8370;;False
351,68;10.89;pa030​;20250612_123326;1;Marche;-2,9519;1,2041;8,0421;0,4261;0,2680;-0,2106;0,8380;;False
351,70;10.9;pa030​;20250612_123326;1;Marche;-2,9530;1,2049;8,0425;0,4252;0,2669;-0,2093;0,8391;;False
351,71;10.92;pa030​;20250612_123326;1;Marche;-2,9541;1,2057;8,0427;0,4244;0,2655;-0,2086;0,8402;;False
351,72;10.93;pa030​;20250612_123326;1;Marche;-2,9553;1,2065;8,0429;0,4235;0,2643;-0,2078;0,8412;;False
351,74;10.94;pa030​;20250612_123326;1;Marche;-2,9564;1,2072;8,0431;0,4229;0,2631;-0,2072;0,8420;;False
351,75;10.96;pa030​;20250612_123326;1;Marche;-2,9575;1,2078;8,0434;0,4225;0,2618;-0,2066;0,8428;;False
351,77;10.97;pa030​;20250612_123326;1;Marche;-2,9585;1,2083;8,0436;0,4225;0,2604;-0,2056;0,8435;;False
351,78;10.99;pa030​;20250612_123326;1;Marche;-2,9596;1,2089;8,0438;0,4228;0,2590;-0,2046;0,8440;;False
351,79;11.0;pa030​;20250612_123326;1;Marche;-2,9606;1,2093;8,0438;0,4235;0,2576;-0,2035;0,8443;;False
351,81;11.01;pa030​;20250612_123326;1;Marche;-2,9615;1,2098;8,0439;0,4240;0,2567;-0,2027;0,8445;;False
351,82;11.03;pa030​;20250612_123326;1;Marche;-2,9623;1,2104;8,0438;0,4244;0,2561;-0,2020;0,8447;;False
351,84;11.04;pa030​;20250612_123326;1;Marche;-2,9631;1,2110;8,0437;0,4246;0,2555;-0,2011;0,8450;;False
351,85;11.05;pa030​;20250612_123326;1;Marche;-2,9640;1,2116;8,0437;0,4247;0,2551;-0,2001;0,8453;;False
351,87;11.07;pa030​;20250612_123326;1;Marche;-2,9648;1,2122;8,0437;0,4244;0,2546;-0,1992;0,8458;;False
351,88;11.08;pa030​;20250612_123326;1;Marche;-2,9655;1,2127;8,0437;0,4241;0,2539;-0,1983;0,8464;;False
351,89;11.1;pa030​;20250612_123326;1;Marche;-2,9662;1,2133;8,0437;0,4238;0,2532;-0,1974;0,8469;;False
351,91;11.11;pa030​;20250612_123326;1;Marche;-2,9669;1,2138;8,0435;0,4235;0,2525;-0,1967;0,8475;;False
351,92;11.12;pa030​;20250612_123326;1;Marche;-2,9676;1,2143;8,0433;0,4231;0,2520;-0,1963;0,8479;;False
351,93;11.14;pa030​;20250612_123326;1;Marche;-2,9682;1,2147;8,0430;0,4226;0,2513;-0,1960;0,8484;;False
351,95;11.15;pa030​;20250612_123326;1;Marche;-2,9688;1,2151;8,0429;0,4218;0,2508;-0,1959;0,8490;;False
351,96;11.17;pa030​;20250612_123326;1;Marche;-2,9694;1,2154;8,0429;0,4211;0,2502;-0,1957;0,8496;;False
351,97;11.18;pa030​;20250612_123326;1;Marche;-2,9700;1,2156;8,0428;0,4206;0,2495;-0,1955;0,8501;;False
351,99;11.19;pa030​;20250612_123326;1;Marche;-2,9706;1,2158;8,0426;0,4205;0,2490;-0,1955;0,8503;;False
352,00;11.21;pa030​;20250612_123326;1;Marche;-2,9711;1,2159;8,0424;0,4207;0,2486;-0,1955;0,8503;;False
352,02;11.22;pa030​;20250612_123326;1;Marche;-2,9716;1,2161;8,0421;0,4209;0,2482;-0,1952;0,8504;;False
352,03;11.24;pa030​;20250612_123326;1;Marche;-2,9720;1,2163;8,0417;0,4211;0,2480;-0,1951;0,8504;;False
352,04;11.25;pa030​;20250612_123326;1;Marche;-2,9724;1,2165;8,0414;0,4211;0,2478;-0,1950;0,8504;;False
352,06;11.26;pa030​;20250612_123326;1;Marche;-2,9728;1,2167;8,0412;0,4211;0,2480;-0,1949;0,8504;;False
352,07;11.28;pa030​;20250612_123326;1;Marche;-2,9732;1,2168;8,0409;0,4209;0,2481;-0,1949;0,8505;;False
352,09;11.29;pa030​;20250612_123326;1;Marche;-2,9735;1,2169;8,0407;0,4208;0,2483;-0,1950;0,8505;;False
352,10;11.31;pa030​;20250612_123326;1;Marche;-2,9738;1,2171;8,0405;0,4207;0,2485;-0,1949;0,8504;;False
352,11;11.32;pa030​;20250612_123326;1;Marche;-2,9740;1,2173;8,0402;0,4207;0,2488;-0,1949;0,8504;;False
352,13;11.33;pa030​;20250612_123326;1;Marche;-2,9742;1,2175;8,0400;0,4209;0,2489;-0,1945;0,8503;;False
352,14;11.35;pa030​;20250612_123326;1;Marche;-2,9744;1,2176;8,0397;0,4212;0,2490;-0,1942;0,8502;;False
352,15;11.36;pa030​;20250612_123326;1;Marche;-2,9746;1,2179;8,0395;0,4215;0,2492;-0,1938;0,8501;;False
352,17;11.37;pa030​;20250612_123326;1;Marche;-2,9747;1,2181;8,0394;0,4218;0,2493;-0,1934;0,8500;;False
352,18;11.39;pa030​;20250612_123326;1;Marche;-2,9748;1,2184;8,0393;0,4216;0,2491;-0,1928;0,8503;;False
352,20;11.41;pa030​;20250612_123326;1;Marche;-2,9749;1,2187;8,0392;0,4212;0,2488;-0,1924;0,8507;;False
352,21;11.42;pa030​;20250612_123326;1;Marche;-2,9749;1,2189;8,0391;0,4208;0,2487;-0,1922;0,8510;;False
352,22;11.43;pa030​;20250612_123326;1;Marche;-2,9750;1,2190;8,0390;0,4201;0,2485;-0,1921;0,8514;;False
352,24;11.44;pa030​;20250612_123326;1;Marche;-2,9750;1,2193;8,0390;0,4196;0,2483;-0,1922;0,8517;;False
352,25;11.46;pa030​;20250612_123326;1;Marche;-2,9750;1,2195;8,0390;0,4190;0,2482;-0,1924;0,8519;;False
352,27;11.47;pa030​;20250612_123326;1;Marche;-2,9751;1,2197;8,0389;0,4183;0,2482;-0,1926;0,8522;;False
352,28;11.49;pa030​;20250612_123326;1;Marche;-2,9751;1,2199;8,0389;0,4178;0,2483;-0,1929;0,8524;;False
352,30;11.5;pa030​;20250612_123326;1;Marche;-2,9750;1,2202;8,0390;0,4174;0,2484;-0,1930;0,8525;;False
352,31;11.51;pa030​;20250612_123326;1;Marche;-2,9750;1,2203;8,0390;0,4171;0,2488;-0,1930;0,8526;;False
352,32;11.53;pa030​;20250612_123326;1;Marche;-2,9749;1,2205;8,0390;0,4169;0,2492;-0,1929;0,8525;;False
352,34;11.54;pa030​;20250612_123326;1;Marche;-2,9748;1,2206;8,0389;0,4168;0,2496;-0,1929;0,8525;;False
352,35;11.55;pa030​;20250612_123326;1;Marche;-2,9747;1,2207;8,0390;0,4168;0,2501;-0,1927;0,8524;;False
352,36;11.57;pa030​;20250612_123326;1;Marche;-2,9746;1,2208;8,0390;0,4167;0,2508;-0,1926;0,8523;;False
352,38;11.58;pa030​;20250612_123326;1;Marche;-2,9746;1,2209;8,0390;0,4166;0,2515;-0,1926;0,8521;;False
352,39;11.6;pa030​;20250612_123326;1;Marche;-2,9745;1,2211;8,0390;0,4161;0,2520;-0,1925;0,8522;;False
352,40;11.61;pa030​;20250612_123326;1;Marche;-2,9745;1,2214;8,0390;0,4150;0,2529;-0,1922;0,8526;;False
352,42;11.62;pa030​;20250612_123326;1;Marche;-2,9742;1,2222;8,0392;0,4133;0,2538;-0,1921;0,8532;;False
352,43;11.64;pa030​;20250612_123326;1;Marche;-2,9740;1,2228;8,0393;0,4106;0,2550;-0,1915;0,8543;;False
352,45;11.65;pa030​;20250612_123326;1;Marche;-2,9737;1,2237;8,0395;0,4073;0,2561;-0,1907;0,8557;;False
352,46;11.67;pa030​;20250612_123326;1;Marche;-2,9734;1,2248;8,0397;0,4024;0,2572;-0,1896;0,8579;;False
352,47;11.68;pa030​;20250612_123326;1;Marche;-2,9730;1,2264;8,0401;0,3969;0,2581;-0,1884;0,8604;;False
352,49;11.69;pa030​;20250612_123326;1;Marche;-2,9726;1,2280;8,0404;0,3905;0,2588;-0,1867;0,8635;;False
352,50;11.71;pa030​;20250612_123326;1;Marche;-2,9719;1,2298;8,0408;0,3831;0,2604;-0,1852;0,8667;;False
352,52;11.72;pa030​;20250612_123326;1;Marche;-2,9707;1,2317;8,0412;0,3754;0,2619;-0,1830;0,8701;;False
352,53;11.74;pa030​;20250612_123326;1;Marche;-2,9695;1,2338;8,0414;0,3671;0,2638;-0,1810;0,8734;;False
352,54;11.75;pa030​;20250612_123326;1;Marche;-2,9690;1,2360;8,0414;0,3588;0,2653;-0,1785;0,8769;;False
352,56;11.76;pa030​;20250612_123326;1;Marche;-2,9685;1,2383;8,0412;0,3511;0,2668;-0,1763;0,8800;;False
352,57;11.78;pa030​;20250612_123326;1;Marche;-2,9680;1,2406;8,0409;0,3433;0,2681;-0,1745;0,8831;;False
352,59;11.79;pa030​;20250612_123326;1;Marche;-2,9675;1,2428;8,0403;0,3360;0,2692;-0,1730;0,8858;;False
352,60;11.81;pa030​;20250612_123326;1;Marche;-2,9671;1,2451;8,0396;0,3287;0,2706;-0,1712;0,8885;;False
352,61;11.82;pa030​;20250612_123326;1;Marche;-2,9666;1,2472;8,0387;0,3221;0,2713;-0,1699;0,8910;;False
352,63;11.83;pa030​;20250612_123326;1;Marche;-2,9662;1,2493;8,0377;0,3164;0,2719;-0,1687;0,8930;;False
352,64;11.85;pa030​;20250612_123326;1;Marche;-2,9657;1,2513;8,0366;0,3104;0,2719;-0,1676;0,8953;;False
352,66;11.86;pa030​;20250612_123326;1;Marche;-2,9653;1,2534;8,0355;0,3052;0,2721;-0,1669;0,8972;;False
352,67;11.87;pa030​;20250612_123326;1;Marche;-2,9647;1,2554;8,0344;0,2990;0,2726;-0,1664;0,8992;;False
352,68;11.89;pa030​;20250612_123326;1;Marche;-2,9639;1,2575;8,0334;0,2927;0,2738;-0,1658;0,9010;;False
352,70;11.9;pa030​;20250612_123326;1;Marche;-2,9630;1,2596;8,0320;0,2856;0,2753;-0,1651;0,9030;;False
352,71;11.92;pa030​;20250612_123326;1;Marche;-2,9622;1,2616;8,0305;0,2789;0,2777;-0,1642;0,9045;;False
352,72;11.93;pa030​;20250612_123326;1;Marche;-2,9613;1,2635;8,0285;0,2726;0,2802;-0,1634;0,9058;;False
352,74;11.94;pa030​;20250612_123326;1;Marche;-2,9605;1,2654;8,0264;0,2673;0,2832;-0,1626;0,9066;;False
352,75;11.96;pa030​;20250612_123326;1;Marche;-2,9597;1,2673;8,0243;0,2624;0,2861;-0,1618;0,9073;;False
352,77;11.97;pa030​;20250612_123326;1;Marche;-2,9590;1,2693;8,0221;0,2575;0,2896;-0,1614;0,9076;;False
352,78;11.99;pa030​;20250612_123326;1;Marche;-2,9583;1,2713;8,0199;0,2527;0,2930;-0,1608;0,9080;;False
352,79;12.0;pa030​;20250612_123326;1;Marche;-2,9577;1,2734;8,0175;0,2476;0,2968;-0,1603;0,9082;;False
352,81;12.01;pa030​;20250612_123326;1;Marche;-2,9571;1,2754;8,0150;0,2428;0,3010;-0,1605;0,9081;;False
352,82;12.03;pa030​;20250612_123326;1;Marche;-2,9564;1,2772;8,0122;0,2379;0,3059;-0,1605;0,9078;;False
352,83;12.04;pa030​;20250612_123326;1;Marche;-2,9557;1,2789;8,0093;0,2335;0,3111;-0,1608;0,9071;;False
352,85;12.06;pa030​;20250612_123326;1;Marche;-2,9551;1,2805;8,0061;0,2293;0,3174;-0,1609;0,9060;;False
352,87;12.07;pa030​;20250612_123326;1;Marche;-2,9545;1,2822;8,0028;0,2255;0,3252;-0,1613;0,9041;;False
352,88;12.08;pa030​;20250612_123326;1;Marche;-2,9538;1,2837;7,9994;0,2217;0,3336;-0,1618;0,9019;;False
352,89;12.1;pa030​;20250612_123326;1;Marche;-2,9529;1,2852;7,9957;0,2187;0,3452;-0,1625;0,8981;;False
352,90;12.11;pa030​;20250612_123326;1;Marche;-2,9517;1,2865;7,9914;0,2163;0,3597;-0,1637;0,8928;;False
352,92;12.12;pa030​;20250612_123326;1;Marche;-2,9505;1,2875;7,9868;0,2148;0,3759;-0,1638;0,8864;;False
352,93;12.14;pa030​;20250612_123326;1;Marche;-2,9494;1,2882;7,9820;0,2140;0,3942;-0,1633;0,8787;;False
352,95;12.15;pa030​;20250612_123326;1;Marche;-2,9484;1,2892;7,9775;0,2133;0,4112;-0,1634;0,8710;;False
352,96;12.17;pa030​;20250612_123326;1;Marche;-2,9476;1,2900;7,9730;0,2123;0,4285;-0,1635;0,8629;;False
352,97;12.18;pa030​;20250612_123326;1;Marche;-2,9470;1,2907;7,9685;0,2111;0,4454;-0,1638;0,8546;;False
352,99;12.2;pa030​;20250612_123326;1;Marche;-2,9467;1,2914;7,9641;0,2114;0,4621;-0,1642;0,8455;;False
353,00;12.21;pa030​;20250612_123326;1;Marche;-2,9466;1,2919;7,9596;0,2118;0,4778;-0,1638;0,8367;;False
353,02;12.22;pa030​;20250612_123326;1;Marche;-2,9466;1,2921;7,9549;0,2124;0,4926;-0,1617;0,8283;;False
353,03;12.24;pa030​;20250612_123326;1;Marche;-2,9468;1,2926;7,9506;0,2131;0,5071;-0,1582;0,8200;;False
353,04;12.25;pa030​;20250612_123326;1;Marche;-2,9465;1,2931;7,9464;0,2128;0,5205;-0,1553;0,8122;;False
353,06;12.26;pa030​;20250612_123326;1;Marche;-2,9463;1,2934;7,9423;0,2113;0,5330;-0,1519;0,8051;;False
353,07;12.28;pa030​;20250612_123326;1;Marche;-2,9462;1,2935;7,9385;0,2098;0,5443;-0,1498;0,7983;;False
353,09;12.29;pa030​;20250612_123326;1;Marche;-2,9463;1,2933;7,9348;0,2086;0,5538;-0,1490;0,7922;;False
353,10;12.31;pa030​;20250612_123326;1;Marche;-2,9464;1,2928;7,9311;0,2075;0,5625;-0,1495;0,7862;;False
353,11;12.32;pa030​;20250612_123326;1;Marche;-2,9460;1,2922;7,9271;0,2066;0,5704;-0,1514;0,7804;;False
353,13;12.33;pa030​;20250612_123326;1;Marche;-2,9457;1,2915;7,9234;0,2059;0,5776;-0,1538;0,7748;;False
353,14;12.35;pa030​;20250612_123326;1;Marche;-2,9457;1,2908;7,9200;0,2042;0,5848;-0,1567;0,7692;;False
353,16;12.36;pa030​;20250612_123326;1;Marche;-2,9457;1,2902;7,9169;0,2031;0,5909;-0,1612;0,7639;;False
353,17;12.38;pa030​;20250612_123326;1;Marche;-2,9458;1,2895;7,9138;0,2027;0,5959;-0,1653;0,7593;;False
353,18;12.39;pa030​;20250612_123326;1;Marche;-2,9459;1,2888;7,9106;0,2035;0,5994;-0,1696;0,7553;;False
353,20;12.4;pa030​;20250612_123326;1;Marche;-2,9462;1,2881;7,9077;0,2042;0,6031;-0,1735;0,7513;;False
353,21;12.42;pa030​;20250612_123326;1;Marche;-2,9464;1,2872;7,9046;0,2042;0,6065;-0,1777;0,7476;;False
353,22;12.43;pa030​;20250612_123326;1;Marche;-2,9465;1,2864;7,9017;0,2039;0,6101;-0,1831;0,7434;;False
353,24;12.44;pa030​;20250612_123326;1;Marche;-2,9469;1,2855;7,8988;0,2037;0,6142;-0,1892;0,7386;;False
353,25;12.46;pa030​;20250612_123326;1;Marche;-2,9478;1,2849;7,8960;0,2051;0,6183;-0,1951;0,7332;;False
353,27;12.47;pa030​;20250612_123326;1;Marche;-2,9489;1,2843;7,8931;0,2070;0,6224;-0,2005;0,7278;;False
353,28;12.49;pa030​;20250612_123326;1;Marche;-2,9499;1,2839;7,8903;0,2092;0,6260;-0,2052;0,7226;;False
353,29;12.5;pa030​;20250612_123326;1;Marche;-2,9508;1,2838;7,8877;0,2115;0,6296;-0,2091;0,7177;;False
353,31;12.51;pa030​;20250612_123326;1;Marche;-2,9513;1,2838;7,8850;0,2135;0,6322;-0,2125;0,7138;;False
353,32;12.53;pa030​;20250612_123326;1;Marche;-2,9515;1,2838;7,8828;0,2148;0,6343;-0,2159;0,7106;;False
353,34;12.54;pa030​;20250612_123326;1;Marche;-2,9517;1,2837;7,8807;0,2153;0,6353;-0,2196;0,7084;;False
353,35;12.56;pa030​;20250612_123326;1;Marche;-2,9520;1,2836;7,8788;0,2155;0,6355;-0,2231;0,7070;;False
353,37;12.57;pa030​;20250612_123326;1;Marche;-2,9520;1,2837;7,8775;0,2165;0,6334;-0,2271;0,7074;;False
353,38;12.58;pa030​;20250612_123326;1;Marche;-2,9521;1,2839;7,8766;0,2175;0,6304;-0,2301;0,7087;;False
353,39;12.6;pa030​;20250612_123326;1;Marche;-2,9521;1,2840;7,8764;0,2189;0,6242;-0,2321;0,7131;;False
353,40;12.61;pa030​;20250612_123326;1;Marche;-2,9519;1,2842;7,8767;0,2193;0,6170;-0,2346;0,7185;;False
353,42;12.62;pa030​;20250612_123326;1;Marche;-2,9516;1,2841;7,8775;0,2196;0,6083;-0,2360;0,7253;;False
353,43;12.64;pa030​;20250612_123326;1;Marche;-2,9515;1,2841;7,8772;0,2198;0,5979;-0,2383;0,7331;;False
353,45;12.65;pa030​;20250612_123326;1;Marche;-2,9513;1,2836;7,8805;0,2206;0,5872;-0,2407;0,7407;;False
353,46;12.67;pa030​;20250612_123326;1;Marche;-2,9511;1,2831;7,8825;0,2216;0,5754;-0,2433;0,7487;;False
353,47;12.68;pa030​;20250612_123326;1;Marche;-2,9510;1,2823;7,8850;0,2236;0,5629;-0,2449;0,7571;;False
353,49;12.69;pa030​;20250612_123326;1;Marche;-2,9505;1,2816;7,8878;0,2270;0,5495;-0,2474;0,7651;;False
353,50;12.71;pa030​;20250612_123326;1;Marche;-2,9498;1,2807;7,8907;0,2304;0,5360;-0,2497;0,7729;;False
353,52;12.72;pa030​;20250612_123326;1;Marche;-2,9489;1,2793;7,8935;0,2330;0,5236;-0,2507;0,7802;;False
353,53;12.74;pa030​;20250612_123326;1;Marche;-2,9482;1,2773;7,8962;0,2358;0,5137;-0,2518;0,7856;;False
353,54;12.75;pa030​;20250612_123326;1;Marche;-2,9477;1,2753;7,8988;0,2413;0,5045;-0,2548;0,7889;;False
353,56;12.76;pa030​;20250612_123326;1;Marche;-2,9475;1,2729;7,9012;0,2481;0,4972;-0,2581;0,7903;;False
353,57;12.78;pa030​;20250612_123326;1;Marche;-2,9472;1,2708;7,9036;0,2559;0,4916;-0,2612;0,7903;;False
353,59;12.79;pa030​;20250612_123326;1;Marche;-2,9468;1,2689;7,9061;0,2631;0,4865;-0,2629;0,7906;;False
353,60;12.81;pa030​;20250612_123326;1;Marche;-2,9461;1,2670;7,9086;0,2693;0,4820;-0,2631;0,7911;;False
353,61;12.82;pa030​;20250612_123326;1;Marche;-2,9447;1,2655;7,9111;0,2742;0,4781;-0,2622;0,7921;;False
353,63;12.83;pa030​;20250612_123326;1;Marche;-2,9431;1,2640;7,9135;0,2770;0,4754;-0,2601;0,7935;;False
353,64;12.85;pa030​;20250612_123326;1;Marche;-2,9414;1,2626;7,9158;0,2784;0,4732;-0,2579;0,7950;;False
353,65;12.86;pa030​;20250612_123326;1;Marche;-2,9400;1,2611;7,9180;0,2791;0,4712;-0,2556;0,7967;;False
353,67;12.88;pa030​;20250612_123326;1;Marche;-2,9388;1,2598;7,9201;0,2800;0,4692;-0,2537;0,7982;;False
353,68;12.89;pa030​;20250612_123326;1;Marche;-2,9375;1,2588;7,9220;0,2809;0,4670;-0,2526;0,7995;;False
353,70;12.9;pa030​;20250612_123326;1;Marche;-2,9362;1,2579;7,9239;0,2810;0,4652;-0,2512;0,8010;;False
353,71;12.92;pa030​;20250612_123326;1;Marche;-2,9348;1,2572;7,9258;0,2801;0,4634;-0,2488;0,8031;;False
353,72;12.93;pa030​;20250612_123326;1;Marche;-2,9333;1,2569;7,9277;0,2780;0,4615;-0,2459;0,8058;;False
353,74;12.95;pa030​;20250612_123326;1;Marche;-2,9319;1,2568;7,9297;0,2754;0,4595;-0,2428;0,8087;;False
353,75;12.96;pa030​;20250612_123326;1;Marche;-2,9308;1,2570;7,9315;0,2717;0,4573;-0,2390;0,8124;;False
353,77;12.97;pa030​;20250612_123326;1;Marche;-2,9299;1,2577;7,9334;0,2681;0,4544;-0,2350;0,8163;;False
353,78;12.99;pa030​;20250612_123326;1;Marche;-2,9291;1,2588;7,9353;0,2633;0,4515;-0,2309;0,8207;;False
353,80;13.0;pa030​;20250612_123326;1;Marche;-2,9286;1,2604;7,9373;0,2569;0,4479;-0,2262;0,8259;;False
353,81;13.02;pa030​;20250612_123326;1;Marche;-2,9280;1,2623;7,9393;0,2504;0,4445;-0,2213;0,8311;;False
353,82;13.03;pa030​;20250612_123326;1;Marche;-2,9276;1,2645;7,9413;0,2435;0,4411;-0,2155;0,8365;;False
353,84;13.04;pa030​;20250612_123326;1;Marche;-2,9275;1,2671;7,9432;0,2366;0,4374;-0,2095;0,8419;;False
353,85;13.06;pa030​;20250612_123326;1;Marche;-2,9278;1,2698;7,9449;0,2295;0,4339;-0,2038;0,8471;;False
353,86;13.07;pa030​;20250612_123326;1;Marche;-2,9283;1,2725;7,9465;0,2226;0,4306;-0,1981;0,8520;;False
353,88;13.08;pa030​;20250612_123326;1;Marche;-2,9289;1,2754;7,9479;0,2162;0,4274;-0,1922;0,8566;;False
353,89;13.1;pa030​;20250612_123326;1;Marche;-2,9297;1,2783;7,9491;0,2102;0,4248;-0,1867;0,8605;;False
353,90;13.11;pa030​;20250612_123326;1;Marche;-2,9307;1,2811;7,9502;0,2047;0,4228;-0,1813;0,8640;;False
353,92;13.12;pa030​;20250612_123326;1;Marche;-2,9319;1,2836;7,9512;0,1995;0,4213;-0,1766;0,8669;;False
353,93;13.14;pa030​;20250612_123326;1;Marche;-2,9329;1,2860;7,9522;0,1954;0,4196;-0,1718;0,8696;;False
353,95;13.15;pa030​;20250612_123326;1;Marche;-2,9340;1,2883;7,9531;0,1909;0,4178;-0,1670;0,8724;;False
353,96;13.17;pa030​;20250612_123326;1;Marche;-2,9353;1,2906;7,9541;0,1869;0,4159;-0,1617;0,8752;;False
353,97;13.18;pa030​;20250612_123326;1;Marche;-2,9366;1,2928;7,9550;0,1832;0,4141;-0,1572;0,8777;;False
353,99;13.19;pa030​;20250612_123326;1;Marche;-2,9379;1,2946;7,9559;0,1796;0,4119;-0,1528;0,8802;;False
354,00;13.21;pa030​;20250612_123326;1;Marche;-2,9393;1,2963;7,9567;0,1770;0,4095;-0,1488;0,8825;;False
354,02;13.22;pa030​;20250612_123326;1;Marche;-2,9407;1,2977;7,9573;0,1746;0,4067;-0,1456;0,8848;;False
354,03;13.24;pa030​;20250612_123326;1;Marche;-2,9420;1,2989;7,9579;0,1739;0,4044;-0,1439;0,8863;;False
354,04;13.25;pa030​;20250612_123326;1;Marche;-2,9433;1,3000;7,9584;0,1732;0,4028;-0,1419;0,8875;;False
354,06;13.26;pa030​;20250612_123326;1;Marche;-2,9445;1,3010;7,9587;0,1730;0,4018;-0,1403;0,8882;;False
354,07;13.28;pa030​;20250612_123326;1;Marche;-2,9453;1,3021;7,9589;0,1723;0,4016;-0,1390;0,8887;;False
354,08;13.29;pa030​;20250612_123326;1;Marche;-2,9460;1,3032;7,9590;0,1706;0,4026;-0,1374;0,8887;;False
354,10;13.31;pa030​;20250612_123326;1;Marche;-2,9467;1,3041;7,9590;0,1689;0,4040;-0,1356;0,8887;;False
354,11;13.32;pa030​;20250612_123326;1;Marche;-2,9471;1,3050;7,9590;0,1670;0,4058;-0,1337;0,8886;;False
354,13;13.33;pa030​;20250612_123326;1;Marche;-2,9476;1,3058;7,9590;0,1654;0,4072;-0,1325;0,8884;;False
354,14;13.35;pa030​;20250612_123326;1;Marche;-2,9483;1,3063;7,9590;0,1640;0,4086;-0,1319;0,8881;;False
354,15;13.36;pa030​;20250612_123326;1;Marche;-2,9490;1,3068;7,9588;0,1636;0,4099;-0,1317;0,8876;;False
354,17;13.38;pa030​;20250612_123326;1;Marche;-2,9496;1,3071;7,9585;0,1627;0,4120;-0,1317;0,8868;;False
354,18;13.39;pa030​;20250612_123326;1;Marche;-2,9502;1,3074;7,9580;0,1630;0,4146;-0,1327;0,8854;;False
354,20;13.4;pa030​;20250612_123326;1;Marche;-2,9503;1,3076;7,9575;0,1621;0,4187;-0,1327;0,8836;;False
354,21;13.42;pa030​;20250612_123326;1;Marche;-2,9504;1,3079;7,9571;0,1621;0,4231;-0,1324;0,8816;;False
354,22;13.43;pa030​;20250612_123326;1;Marche;-2,9506;1,3078;7,9563;0,1621;0,4280;-0,1328;0,8792;;False
354,24;13.44;pa030​;20250612_123326;1;Marche;-2,9506;1,3074;7,9553;0,1634;0,4334;-0,1332;0,8762;;False
354,25;13.46;pa030​;20250612_123326;1;Marche;-2,9507;1,3071;7,9542;0,1651;0,4388;-0,1332;0,8732;;False
354,27;13.47;pa030​;20250612_123326;1;Marche;-2,9508;1,3069;7,9532;0,1668;0,4438;-0,1326;0,8704;;False
354,28;13.49;pa030​;20250612_123326;1;Marche;-2,9509;1,3068;7,9522;0,1678;0,4481;-0,1321;0,8681;;False
354,29;13.5;pa030​;20250612_123326;1;Marche;-2,9510;1,3066;7,9513;0,1703;0,4522;-0,1327;0,8654;;False
354,31;13.51;pa030​;20250612_123326;1;Marche;-2,9511;1,3063;7,9503;0,1712;0,4569;-0,1327;0,8627;;False
354,32;13.53;pa030​;20250612_123326;1;Marche;-2,9511;1,3061;7,9494;0,1721;0,4612;-0,1330;0,8603;;False
354,34;13.54;pa030​;20250612_123326;1;Marche;-2,9510;1,3058;7,9484;0,1739;0,4642;-0,1328;0,8583;;False
354,35;13.55;pa030​;20250612_123326;1;Marche;-2,9510;1,3055;7,9477;0,1757;0,4672;-0,1320;0,8564;;False
354,37;13.57;pa030​;20250612_123326;1;Marche;-2,9510;1,3055;7,9471;0,1751;0,4691;-0,1311;0,8556;;False
354,38;13.58;pa030​;20250612_123326;1;Marche;-2,9510;1,3055;7,9467;0,1759;0,4709;-0,1305;0,8546;;False
354,39;13.6;pa030​;20250612_123326;1;Marche;-2,9512;1,3052;7,9461;0,1762;0,4720;-0,1300;0,8540;;False
354,41;13.61;pa030​;20250612_123326;1;Marche;-2,9515;1,3049;7,9457;0,1772;0,4729;-0,1298;0,8533;;False
354,42;13.62;pa030​;20250612_123326;1;Marche;-2,9519;1,3047;7,9455;0,1786;0,4737;-0,1296;0,8526;;False
354,43;13.64;pa030​;20250612_123326;1;Marche;-2,9521;1,3046;7,9456;0,1789;0,4736;-0,1286;0,8528;;False
354,45;13.65;pa030​;20250612_123326;1;Marche;-2,9524;1,3046;7,9456;0,1786;0,4732;-0,1274;0,8532;;False
354,46;13.67;pa030​;20250612_123326;1;Marche;-2,9528;1,3044;7,9456;0,1795;0,4723;-0,1265;0,8536;;False
354,47;13.68;pa030​;20250612_123326;1;Marche;-2,9532;1,3042;7,9457;0,1793;0,4715;-0,1255;0,8543;;False
354,49;13.69;pa030​;20250612_123326;1;Marche;-2,9536;1,3044;7,9461;0,1789;0,4703;-0,1252;0,8550;;False
354,50;13.71;pa030​;20250612_123326;1;Marche;-2,9540;1,3046;7,9466;0,1772;0,4689;-0,1244;0,8563;;False
354,52;13.72;pa030​;20250612_123326;1;Marche;-2,9545;1,3048;7,9471;0,1752;0,4673;-0,1238;0,8577;;False
354,53;13.74;pa030​;20250612_123326;1;Marche;-2,9549;1,3050;7,9476;0,1739;0,4653;-0,1238;0,8590;;False
354,54;13.75;pa030​;20250612_123326;1;Marche;-2,9555;1,3052;7,9480;0,1721;0,4630;-0,1239;0,8606;;False
354,56;13.76;pa030​;20250612_123326;1;Marche;-2,9559;1,3054;7,9484;0,1706;0,4612;-0,1238;0,8619;;False
354,58;13.78;pa030​;20250612_123326;1;Marche;-2,9563;1,3053;7,9488;0,1693;0,4603;-0,1247;0,8625;;False
354,60;13.81;pa030​;20250612_123326;1;Marche;-2,9572;1,3053;7,9497;0,1669;0,4596;-0,1261;0,8631;;False
354,61;13.82;pa030​;20250612_123326;1;Marche;-2,9577;1,3053;7,9501;0,1662;0,4595;-0,1262;0,8633;;False
354,63;13.84;pa030​;20250612_123326;1;Marche;-2,9583;1,3052;7,9506;0,1656;0,4594;-0,1257;0,8636;;False
354,64;13.85;pa030​;20250612_123326;1;Marche;-2,9588;1,3053;7,9510;0,1652;0,4594;-0,1254;0,8637;;False
354,65;13.86;pa030​;20250612_123326;1;Marche;-2,9593;1,3056;7,9514;0,1642;0,4600;-0,1244;0,8637;;False
354,67;13.87;pa030​;20250612_123326;1;Marche;-2,9598;1,3062;7,9517;0,1627;0,4608;-0,1233;0,8637;;False
354,68;13.89;pa030​;20250612_123326;1;Marche;-2,9602;1,3068;7,9518;0,1599;0,4622;-0,1215;0,8637;;False
354,70;13.9;pa030​;20250612_123326;1;Marche;-2,9606;1,3075;7,9517;0,1569;0,4647;-0,1196;0,8632;;False
354,71;13.92;pa030​;20250612_123326;1;Marche;-2,9611;1,3083;7,9515;0,1547;0,4679;-0,1175;0,8622;;False
354,72;13.93;pa030​;20250612_123326;1;Marche;-2,9616;1,3089;7,9511;0,1522;0,4710;-0,1157;0,8612;;False
354,74;13.94;pa030​;20250612_123326;1;Marche;-2,9622;1,3099;7,9507;0,1504;0,4746;-0,1139;0,8598;;False
354,75;13.96;pa030​;20250612_123326;1;Marche;-2,9629;1,3107;7,9501;0,1486;0,4777;-0,1123;0,8586;;False
354,77;13.97;pa030​;20250612_123326;1;Marche;-2,9638;1,3117;7,9494;0,1473;0,4808;-0,1103;0,8573;;False
354,78;13.99;pa030​;20250612_123326;1;Marche;-2,9648;1,3126;7,9486;0,1465;0,4830;-0,1090;0,8564;;False
354,79;14.0;pa030​;20250612_123326;1;Marche;-2,9656;1,3136;7,9476;0,1456;0,4847;-0,1082;0,8557;;False
354,81;14.01;pa030​;20250612_123326;1;Marche;-2,9665;1,3146;7,9467;0,1444;0,4862;-0,1075;0,8551;;False
354,82;14.03;pa030​;20250612_123326;1;Marche;-2,9673;1,3157;7,9458;0,1426;0,4875;-0,1071;0,8547;;False
354,84;14.04;pa030​;20250612_123326;1;Marche;-2,9677;1,3167;7,9448;0,1399;0,4883;-0,1070;0,8547;;False
354,85;14.06;pa030​;20250612_123326;1;Marche;-2,9684;1,3177;7,9439;0,1367;0,4897;-0,1072;0,8544;;False
354,86;14.07;pa030​;20250612_123326;1;Marche;-2,9691;1,3184;7,9429;0,1346;0,4908;-0,1078;0,8541;;False
354,88;14.08;pa030​;20250612_123326;1;Marche;-2,9700;1,3190;7,9421;0,1335;0,4916;-0,1085;0,8537;;False
354,89;14.1;pa030​;20250612_123326;1;Marche;-2,9709;1,3195;7,9413;0,1320;0,4913;-0,1096;0,8539;;False
354,90;14.11;pa030​;20250612_123326;1;Marche;-2,9718;1,3202;7,9408;0,1303;0,4903;-0,1095;0,8548;;False
354,92;14.12;pa030​;20250612_123326;1;Marche;-2,9724;1,3211;7,9404;0,1281;0,4889;-0,1088;0,8560;;False
354,93;14.14;pa030​;20250612_123326;1;Marche;-2,9730;1,3221;7,9401;0,1246;0,4869;-0,1076;0,8578;;False
354,95;14.15;pa030​;20250612_123326;1;Marche;-2,9737;1,3230;7,9398;0,1206;0,4844;-0,1065;0,8599;;False
354,96;14.17;pa030​;20250612_123326;1;Marche;-2,9742;1,3239;7,9396;0,1172;0,4823;-0,1056;0,8617;;False
354,97;14.18;pa030​;20250612_123326;1;Marche;-2,9748;1,3249;7,9393;0,1125;0,4805;-0,1050;0,8634;;False
354,99;14.19;pa030​;20250612_123326;1;Marche;-2,9754;1,3259;7,9392;0,1083;0,4789;-0,1042;0,8649;;False
355,00;14.21;pa030​;20250612_123326;1;Marche;-2,9761;1,3267;7,9390;0,1050;0,4768;-0,1038;0,8665;;False
355,02;14.22;pa030​;20250612_123326;1;Marche;-2,9768;1,3272;7,9388;0,1026;0,4748;-0,1033;0,8680;;False
355,03;14.24;pa030​;20250612_123326;1;Marche;-2,9776;1,3276;7,9385;0,1005;0,4737;-0,1032;0,8688;;False
355,04;14.25;pa030​;20250612_123326;1;Marche;-2,9781;1,3281;7,9382;0,0993;0,4738;-0,1032;0,8689;;False
355,06;14.26;pa030​;20250612_123326;1;Marche;-2,9786;1,3286;7,9378;0,0977;0,4745;-0,1025;0,8688;;False
355,07;14.28;pa030​;20250612_123326;1;Marche;-2,9789;1,3292;7,9374;0,0962;0,4760;-0,1017;0,8682;;False
355,08;14.29;pa030​;20250612_123326;1;Marche;-2,9791;1,3295;7,9370;0,0946;0,4783;-0,1007;0,8673;;False
355,10;14.31;pa030​;20250612_123326;1;Marche;-2,9794;1,3299;7,9365;0,0936;0,4813;-0,0990;0,8659;;False
355,11;14.32;pa030​;20250612_123326;1;Marche;-2,9796;1,3303;7,9361;0,0920;0,4839;-0,0974;0,8648;;False
355,13;14.33;pa030​;20250612_123326;1;Marche;-2,9799;1,3308;7,9357;0,0904;0,4862;-0,0958;0,8639;;False
355,14;14.35;pa030​;20250612_123326;1;Marche;-2,9802;1,3313;7,9354;0,0882;0,4889;-0,0947;0,8627;;False
355,15;14.36;pa030​;20250612_123326;1;Marche;-2,9804;1,3317;7,9350;0,0857;0,4923;-0,0939;0,8611;;False
355,17;14.38;pa030​;20250612_123326;1;Marche;-2,9805;1,3320;7,9345;0,0844;0,4968;-0,0931;0,8587;;False
355,18;14.39;pa030​;20250612_123326;1;Marche;-2,9805;1,3321;7,9338;0,0835;0,5016;-0,0914;0,8562;;False
355,20;14.4;pa030​;20250612_123326;1;Marche;-2,9805;1,3323;7,9332;0,0827;0,5063;-0,0899;0,8536;;False
355,21;14.42;pa030​;20250612_123326;1;Marche;-2,9804;1,3325;7,9326;0,0826;0,5118;-0,0881;0,8506;;False
355,23;14.43;pa030​;20250612_123326;1;Marche;-2,9803;1,3325;7,9319;0,0831;0,5169;-0,0859;0,8477;;False
355,24;14.44;pa030​;20250612_123326;1;Marche;-2,9803;1,3325;7,9313;0,0834;0,5213;-0,0839;0,8452;;False
355,25;14.46;pa030​;20250612_123326;1;Marche;-2,9804;1,3324;7,9308;0,0837;0,5249;-0,0830;0,8430;;False
355,27;14.47;pa030​;20250612_123326;1;Marche;-2,9804;1,3323;7,9305;0,0836;0,5280;-0,0826;0,8411;;False
355,28;14.49;pa030​;20250612_123326;1;Marche;-2,9803;1,3323;7,9300;0,0837;0,5301;-0,0820;0,8398;;False
355,29;14.5;pa030​;20250612_123326;1;Marche;-2,9802;1,3322;7,9296;0,0841;0,5323;-0,0816;0,8384;;False
355,31;14.51;pa030​;20250612_123326;1;Marche;-2,9802;1,3321;7,9292;0,0848;0,5341;-0,0817;0,8372;;False
355,32;14.53;pa030​;20250612_123326;1;Marche;-2,9802;1,3319;7,9289;0,0850;0,5361;-0,0819;0,8359;;False
355,34;14.54;pa030​;20250612_123326;1;Marche;-2,9802;1,3320;7,9285;0,0851;0,5380;-0,0822;0,8346;;False
355,35;14.56;pa030​;20250612_123326;1;Marche;-2,9801;1,3321;7,9281;0,0852;0,5402;-0,0824;0,8332;;False
355,36;14.57;pa030​;20250612_123326;1;Marche;-2,9801;1,3322;7,9275;0,0849;0,5423;-0,0819;0,8319;;False
355,38;14.58;pa030​;20250612_123326;1;Marche;-2,9801;1,3323;7,9270;0,0841;0,5444;-0,0816;0,8306;;False
355,39;14.6;pa030​;20250612_123326;1;Marche;-2,9801;1,3325;7,9266;0,0835;0,5461;-0,0816;0,8295;;False
355,41;14.61;pa030​;20250612_123326;1;Marche;-2,9801;1,3327;7,9262;0,0834;0,5480;-0,0814;0,8283;;False
355,42;14.62;pa030​;20250612_123326;1;Marche;-2,9801;1,3329;7,9258;0,0833;0,5496;-0,0813;0,8273;;False
355,43;14.64;pa030​;20250612_123326;1;Marche;-2,9801;1,3331;7,9253;0,0832;0,5513;-0,0811;0,8262;;False
355,45;14.65;pa030​;20250612_123326;1;Marche;-2,9802;1,3333;7,9249;0,0832;0,5533;-0,0807;0,8249;;False
355,46;14.67;pa030​;20250612_123326;1;Marche;-2,9803;1,3335;7,9244;0,0832;0,5554;-0,0804;0,8235;;False
355,47;14.68;pa030​;20250612_123326;1;Marche;-2,9803;1,3337;7,9240;0,0832;0,5573;-0,0798;0,8222;;False
355,49;14.69;pa030​;20250612_123326;1;Marche;-2,9804;1,3338;7,9235;0,0834;0,5594;-0,0790;0,8209;;False
355,50;14.71;pa030​;20250612_123326;1;Marche;-2,9805;1,3340;7,9230;0,0833;0,5611;-0,0788;0,8197;;False
355,52;14.72;pa030​;20250612_123326;1;Marche;-2,9807;1,3341;7,9226;0,0834;0,5626;-0,0787;0,8187;;False
355,53;14.74;pa030​;20250612_123326;1;Marche;-2,9808;1,3342;7,9222;0,0836;0,5639;-0,0791;0,8178;;False
355,54;14.75;pa030​;20250612_123326;1;Marche;-2,9810;1,3342;7,9217;0,0838;0,5648;-0,0794;0,8171;;False
355,56;14.76;pa030​;20250612_123326;1;Marche;-2,9810;1,3342;7,9213;0,0839;0,5658;-0,0804;0,8163;;False
355,57;14.78;pa030​;20250612_123326;1;Marche;-2,9812;1,3342;7,9209;0,0844;0,5668;-0,0813;0,8154;;False
355,59;14.79;pa030​;20250612_123326;1;Marche;-2,9812;1,3341;7,9204;0,0850;0,5676;-0,0822;0,8148;;False
355,60;14.81;pa030​;20250612_123326;1;Marche;-2,9812;1,3339;7,9198;0,0854;0,5686;-0,0829;0,8139;;False
355,61;14.82;pa030​;20250612_123326;1;Marche;-2,9810;1,3338;7,9192;0,0854;0,5697;-0,0835;0,8131;;False
355,63;14.83;pa030​;20250612_123326;1;Marche;-2,9809;1,3338;7,9186;0,0849;0,5710;-0,0840;0,8122;;False
355,64;14.85;pa030​;20250612_123326;1;Marche;-2,9806;1,3338;7,9179;0,0845;0,5722;-0,0844;0,8114;;False
355,65;14.86;pa030​;20250612_123326;1;Marche;-2,9804;1,3338;7,9172;0,0838;0,5739;-0,0849;0,8102;;False
355,67;14.88;pa030​;20250612_123326;1;Marche;-2,9801;1,3339;7,9164;0,0831;0,5756;-0,0854;0,8090;;False
355,68;14.89;pa030​;20250612_123326;1;Marche;-2,9797;1,3339;7,9156;0,0825;0,5774;-0,0858;0,8078;;False
355,70;14.9;pa030​;20250612_123326;1;Marche;-2,9792;1,3338;7,9148;0,0818;0,5793;-0,0863;0,8064;;False
355,71;14.92;pa030​;20250612_123326;1;Marche;-2,9788;1,3337;7,9139;0,0813;0,5814;-0,0868;0,8049;;False
355,72;14.93;pa030​;20250612_123326;1;Marche;-2,9784;1,3335;7,9130;0,0807;0,5835;-0,0875;0,8033;;False
355,74;14.94;pa030​;20250612_123326;1;Marche;-2,9781;1,3334;7,9121;0,0806;0,5856;-0,0880;0,8017;;False
355,75;14.96;pa030​;20250612_123326;1;Marche;-2,9777;1,3331;7,9112;0,0806;0,5876;-0,0889;0,8002;;False
355,77;14.97;pa030​;20250612_123326;1;Marche;-2,9773;1,3329;7,9105;0,0807;0,5894;-0,0895;0,7988;;False
355,78;14.99;pa030​;20250612_123326;1;Marche;-2,9769;1,3327;7,9097;0,0806;0,5906;-0,0899;0,7979;;False
355,79;15.0;pa030​;20250612_123326;1;Marche;-2,9765;1,3325;7,9090;0,0814;0,5917;-0,0908;0,7969;;False
355,81;15.01;pa030​;20250612_123326;1;Marche;-2,9762;1,3322;7,9084;0,0817;0,5929;-0,0916;0,7959;;False
355,82;15.03;pa030​;20250612_123326;1;Marche;-2,9758;1,3319;7,9077;0,0820;0,5937;-0,0924;0,7951;;False
355,84;15.04;pa030​;20250612_123326;1;Marche;-2,9754;1,3314;7,9070;0,0823;0,5944;-0,0936;0,7945;;False
355,85;15.06;pa030​;20250612_123326;1;Marche;-2,9752;1,3309;7,9062;0,0830;0,5951;-0,0951;0,7937;;False
355,87;15.07;pa030​;20250612_123326;1;Marche;-2,9750;1,3303;7,9053;0,0840;0,5959;-0,0969;0,7927;;False
355,88;15.08;pa030​;20250612_123326;1;Marche;-2,9745;1,3296;7,9044;0,0853;0,5970;-0,0992;0,7915;;False
355,89;15.1;pa030​;20250612_123326;1;Marche;-2,9739;1,3288;7,9033;0,0874;0,5983;-0,1022;0,7899;;False
355,90;15.11;pa030​;20250612_123326;1;Marche;-2,9733;1,3276;7,9020;0,0906;0,5998;-0,1057;0,7880;;False
355,92;15.13;pa030​;20250612_123326;1;Marche;-2,9726;1,3260;7,9005;0,0949;0,6018;-0,1100;0,7853;;False
355,93;15.14;pa030​;20250612_123326;1;Marche;-2,9718;1,3240;7,8987;0,1012;0,6049;-0,1159;0,7813;;False
355,95;15.15;pa030​;20250612_123326;1;Marche;-2,9709;1,3217;7,8966;0,1087;0,6087;-0,1223;0,7763;;False
355,96;15.17;pa030​;20250612_123326;1;Marche;-2,9698;1,3189;7,8942;0,1177;0,6135;-0,1294;0,7701;;False
355,97;15.18;pa030​;20250612_123326;1;Marche;-2,9685;1,3157;7,8916;0,1278;0,6191;-0,1377;0,7625;;False
355,99;15.19;pa030​;20250612_123326;1;Marche;-2,9671;1,3123;7,8887;0,1382;0,6241;-0,1469;0,7549;;False
356,00;15.21;pa030​;20250612_123326;1;Marche;-2,9658;1,3082;7,8860;0,1494;0,6300;-0,1565;0,7459;;False
356,02;15.22;pa030​;20250612_123326;1;Marche;-2,9644;1,3037;7,8830;0,1620;0,6352;-0,1669;0,7365;;False
356,03;15.24;pa030​;20250612_123326;1;Marche;-2,9631;1,2988;7,8800;0,1752;0,6398;-0,1772;0,7271;;False
356,04;15.25;pa030​;20250612_123326;1;Marche;-2,9619;1,2938;7,8771;0,1893;0,6436;-0,1879;0,7173;;False
356,06;15.26;pa030​;20250612_123326;1;Marche;-2,9608;1,2886;7,8744;0,2036;0,6459;-0,1986;0,7084;;False
356,07;15.28;pa030​;20250612_123326;1;Marche;-2,9594;1,2834;7,8721;0,2174;0,6471;-0,2088;0,7003;;False
356,08;15.29;pa030​;20250612_123326;1;Marche;-2,9581;1,2779;7,8696;0,2299;0,6470;-0,2191;0,6932;;False
356,10;15.31;pa030​;20250612_123326;1;Marche;-2,9567;1,2722;7,8675;0,2425;0,6450;-0,2300;0,6871;;False
356,11;15.32;pa030​;20250612_123326;1;Marche;-2,9556;1,2665;7,8659;0,2550;0,6421;-0,2412;0,6815;;False
356,13;15.33;pa030​;20250612_123326;1;Marche;-2,9546;1,2607;7,8645;0,2677;0,6378;-0,2529;0,6765;;False
356,14;15.35;pa030​;20250612_123326;1;Marche;-2,9535;1,2549;7,8634;0,2801;0,6320;-0,2646;0,6724;;False
356,15;15.36;pa030​;20250612_123326;1;Marche;-2,9526;1,2492;7,8628;0,2914;0,6257;-0,2764;0,6687;;False
356,17;15.38;pa030​;20250612_123326;1;Marche;-2,9516;1,2436;7,8623;0,3014;0,6187;-0,2881;0,6659;;False
356,18;15.39;pa030​;20250612_123326;1;Marche;-2,9504;1,2383;7,8620;0,3106;0,6117;-0,2983;0,6636;;False
356,20;15.4;pa030​;20250612_123326;1;Marche;-2,9489;1,2332;7,8617;0,3184;0,6050;-0,3073;0,6620;;False
356,21;15.42;pa030​;20250612_123326;1;Marche;-2,9468;1,2287;7,8615;0,3242;0,5989;-0,3138;0,6616;;False
356,22;15.43;pa030​;20250612_123326;1;Marche;-2,9445;1,2244;7,8615;0,3286;0,5938;-0,3184;0,6618;;False
356,24;15.44;pa030​;20250612_123326;1;Marche;-2,9421;1,2200;7,8615;0,3313;0,5892;-0,3218;0,6629;;False
356,25;15.46;pa030​;20250612_123326;1;Marche;-2,9399;1,2157;7,8616;0,3337;0,5852;-0,3245;0,6640;;False
356,27;15.47;pa030​;20250612_123326;1;Marche;-2,9378;1,2114;7,8618;0,3364;0,5814;-0,3275;0,6645;;False
356,28;15.49;pa030​;20250612_123326;1;Marche;-2,9358;1,2072;7,8620;0,3389;0,5776;-0,3304;0,6651;;False
356,30;15.5;pa030​;20250612_123326;1;Marche;-2,9341;1,2029;7,8622;0,3417;0,5740;-0,3336;0,6652;;False
356,31;15.51;pa030​;20250612_123326;1;Marche;-2,9324;1,1986;7,8624;0,3452;0,5701;-0,3371;0,6650;;False
356,32;15.53;pa030​;20250612_123326;1;Marche;-2,9310;1,1943;7,8626;0,3488;0,5662;-0,3409;0,6645;;False
356,34;15.54;pa030​;20250612_123326;1;Marche;-2,9298;1,1901;7,8630;0,3534;0,5624;-0,3450;0,6632;;False
356,35;15.55;pa030​;20250612_123326;1;Marche;-2,9287;1,1860;7,8634;0,3578;0,5586;-0,3490;0,6620;;False
356,36;15.57;pa030​;20250612_123326;1;Marche;-2,9277;1,1819;7,8637;0,3627;0,5548;-0,3522;0,6608;;False
356,38;15.58;pa030​;20250612_123326;1;Marche;-2,9266;1,1780;7,8640;0,3677;0,5511;-0,3547;0,6597;;False
356,39;15.6;pa030​;20250612_123326;1;Marche;-2,9257;1,1742;7,8644;0,3725;0,5479;-0,3564;0,6588;;False
356,40;15.61;pa030​;20250612_123326;1;Marche;-2,9248;1,1706;7,8648;0,3768;0,5452;-0,3575;0,6580;;False
356,42;15.63;pa030​;20250612_123326;1;Marche;-2,9241;1,1671;7,8650;0,3804;0,5429;-0,3582;0,6574;;False
356,43;15.64;pa030​;20250612_123326;1;Marche;-2,9234;1,1640;7,8654;0,3836;0,5411;-0,3591;0,6566;;False
356,45;15.65;pa030​;20250612_123326;1;Marche;-2,9229;1,1612;7,8660;0,3865;0,5396;-0,3597;0,6558;;False
356,46;15.67;pa030​;20250612_123326;1;Marche;-2,9226;1,1586;7,8667;0,3898;0,5375;-0,3602;0,6553;;False
356,47;15.68;pa030​;20250612_123326;1;Marche;-2,9225;1,1562;7,8675;0,3929;0,5349;-0,3601;0,6556;;False
356,49;15.69;pa030​;20250612_123326;1;Marche;-2,9226;1,1540;7,8684;0,3962;0,5324;-0,3604;0,6555;;False
356,50;15.71;pa030​;20250612_123326;1;Marche;-2,9228;1,1520;7,8695;0,3993;0,5296;-0,3601;0,6560;;False
356,52;15.72;pa030​;20250612_123326;1;Marche;-2,9231;1,1503;7,8706;0,4018;0,5271;-0,3595;0,6569;;False
356,53;15.74;pa030​;20250612_123326;1;Marche;-2,9234;1,1489;7,8720;0,4041;0,5247;-0,3583;0,6581;;False
356,54;15.75;pa030​;20250612_123326;1;Marche;-2,9239;1,1477;7,8735;0,4059;0,5222;-0,3572;0,6595;;False
356,56;15.76;pa030​;20250612_123326;1;Marche;-2,9246;1,1468;7,8751;0,4079;0,5201;-0,3563;0,6604;;False
356,57;15.78;pa030​;20250612_123326;1;Marche;-2,9254;1,1461;7,8768;0,4102;0,5178;-0,3553;0,6614;;False
356,59;15.79;pa030​;20250612_123326;1;Marche;-2,9265;1,1453;7,8785;0,4119;0,5159;-0,3534;0,6627;;False
356,60;15.81;pa030​;20250612_123326;1;Marche;-2,9274;1,1444;7,8801;0,4134;0,5136;-0,3510;0,6649;;False
356,62;15.82;pa030​;20250612_123326;1;Marche;-2,9282;1,1437;7,8820;0,4145;0,5111;-0,3478;0,6678;;False
356,63;15.83;pa030​;20250612_123326;1;Marche;-2,9291;1,1430;7,8839;0,4164;0,5077;-0,3449;0,6707;;False
356,64;15.85;pa030​;20250612_123326;1;Marche;-2,9302;1,1423;7,8857;0,4187;0,5040;-0,3424;0,6734;;False
356,66;15.86;pa030​;20250612_123326;1;Marche;-2,9318;1,1415;7,8871;0,4211;0,4995;-0,3406;0,6762;;False
356,67;15.87;pa030​;20250612_123326;1;Marche;-2,9333;1,1408;7,8885;0,4240;0,4940;-0,3393;0,6790;;False
356,68;15.89;pa030​;20250612_123326;1;Marche;-2,9348;1,1403;7,8901;0,4269;0,4875;-0,3380;0,6825;;False
356,70;15.9;pa030​;20250612_123326;1;Marche;-2,9361;1,1398;7,8918;0,4296;0,4804;-0,3369;0,6864;;False
356,71;15.92;pa030​;20250612_123326;1;Marche;-2,9374;1,1393;7,8934;0,4312;0,4734;-0,3358;0,6908;;False
356,72;15.93;pa030​;20250612_123326;1;Marche;-2,9388;1,1386;7,8947;0,4320;0,4666;-0,3351;0,6952;;False
356,74;15.95;pa030​;20250612_123326;1;Marche;-2,9403;1,1376;7,8959;0,4329;0,4596;-0,3335;0,7001;;False
356,75;15.96;pa030​;20250612_123326;1;Marche;-2,9419;1,1367;7,8969;0,4337;0,4523;-0,3326;0,7048;;False
356,77;15.97;pa030​;20250612_123326;1;Marche;-2,9435;1,1357;7,8982;0,4351;0,4449;-0,3319;0,7089;;False
356,78;15.99;pa030​;20250612_123326;1;Marche;-2,9453;1,1347;7,8990;0,4363;0,4371;-0,3316;0,7132;;False
356,80;16.0;pa030​;20250612_123326;1;Marche;-2,9472;1,1337;7,8998;0,4381;0,4298;-0,3311;0,7167;;False
356,81;16.01;pa030​;20250612_123326;1;Marche;-2,9491;1,1326;7,9002;0,4400;0,4221;-0,3311;0,7201;;False
356,82;16.03;pa030​;20250612_123326;1;Marche;-2,9513;1,1312;7,9000;0,4419;0,4150;-0,3304;0,7234;;False
356,84;16.04;pa030​;20250612_123326;1;Marche;-2,9533;1,1298;7,8997;0,4434;0,4079;-0,3299;0,7267;;False
356,85;16.05;pa030​;20250612_123326;1;Marche;-2,9548;1,1283;7,8992;0,4444;0,4006;-0,3302;0,7301;;False
356,87;16.07;pa030​;20250612_123326;1;Marche;-2,9569;1,1270;7,8987;0,4451;0,3952;-0,3286;0,7333;;False
356,88;16.08;pa030​;20250612_123326;1;Marche;-2,9587;1,1254;7,8978;0,4454;0,3895;-0,3279;0,7365;;False
356,89;16.1;pa030​;20250612_123326;1;Marche;-2,9609;1,1240;7,8966;0,4457;0,3838;-0,3275;0,7395;;False
356,91;16.11;pa030​;20250612_123326;1;Marche;-2,9633;1,1223;7,8950;0,4459;0,3786;-0,3277;0,7419;;False
356,92;16.13;pa030​;20250612_123326;1;Marche;-2,9657;1,1209;7,8933;0,4464;0,3733;-0,3278;0,7442;;False
356,93;16.14;pa030​;20250612_123326;1;Marche;-2,9683;1,1195;7,8913;0,4479;0,3677;-0,3277;0,7462;;False
356,95;16.15;pa030​;20250612_123326;1;Marche;-2,9709;1,1182;7,8891;0,4492;0,3618;-0,3272;0,7486;;False
356,96;16.17;pa030​;20250612_123326;1;Marche;-2,9735;1,1169;7,8867;0,4503;0,3561;-0,3266;0,7508;;False
356,97;16.18;pa030​;20250612_123326;1;Marche;-2,9763;1,1158;7,8840;0,4513;0,3521;-0,3265;0,7522;;False
356,99;16.19;pa030​;20250612_123326;1;Marche;-2,9791;1,1149;7,8809;0,4519;0,3493;-0,3265;0,7531;;False
357,00;16.21;pa030​;20250612_123326;1;Marche;-2,9817;1,1144;7,8779;0,4531;0,3468;-0,3264;0,7536;;False
357,02;16.22;pa030​;20250612_123326;1;Marche;-2,9845;1,1140;7,8748;0,4539;0,3446;-0,3261;0,7543;;False
357,03;16.24;pa030​;20250612_123326;1;Marche;-2,9871;1,1140;7,8718;0,4548;0,3420;-0,3251;0,7553;;False
357,04;16.25;pa030​;20250612_123326;1;Marche;-2,9896;1,1143;7,8687;0,4556;0,3393;-0,3238;0,7566;;False
357,06;16.26;pa030​;20250612_123326;1;Marche;-2,9920;1,1149;7,8656;0,4563;0,3369;-0,3217;0,7582;;False
357,07;16.28;pa030​;20250612_123326;1;Marche;-2,9941;1,1158;7,8623;0,4563;0,3348;-0,3194;0,7600;;False
357,09;16.29;pa030​;20250612_123326;1;Marche;-2,9960;1,1169;7,8590;0,4560;0,3336;-0,3172;0,7617;;False
357,10;16.31;pa030​;20250612_123326;1;Marche;-2,9977;1,1183;7,8556;0,4552;0,3340;-0,3147;0,7630;;False
357,12;16.32;pa030​;20250612_123326;1;Marche;-2,9991;1,1198;7,8519;0,4539;0,3349;-0,3119;0,7645;;False
357,13;16.33;pa030​;20250612_123326;1;Marche;-3,0003;1,1214;7,8482;0,4525;0,3362;-0,3090;0,7660;;False
357,14;16.35;pa030​;20250612_123326;1;Marche;-3,0014;1,1235;7,8445;0,4506;0,3387;-0,3062;0,7671;;False
357,16;16.36;pa030​;20250612_123326;1;Marche;-3,0023;1,1257;7,8406;0,4480;0,3424;-0,3036;0,7680;;False
357,17;16.38;pa030​;20250612_123326;1;Marche;-3,0031;1,1282;7,8366;0,4453;0,3463;-0,3005;0,7690;;False
357,18;16.39;pa030​;20250612_123326;1;Marche;-3,0035;1,1309;7,8324;0,4422;0,3517;-0,2975;0,7696;;False
357,20;16.4;pa030​;20250612_123326;1;Marche;-3,0036;1,1337;7,8281;0,4388;0,3570;-0,2945;0,7703;;False
357,21;16.42;pa030​;20250612_123326;1;Marche;-3,0034;1,1370;7,8232;0,4342;0,3639;-0,2903;0,7712;;False
357,22;16.43;pa030​;20250612_123326;1;Marche;-3,0030;1,1406;7,8183;0,4297;0,3716;-0,2860;0,7716;;False
357,24;16.44;pa030​;20250612_123326;1;Marche;-3,0023;1,1445;7,8132;0,4242;0,3808;-0,2814;0,7719;;False
357,25;16.46;pa030​;20250612_123326;1;Marche;-3,0015;1,1488;7,8078;0,4173;0,3920;-0,2759;0,7720;;False
357,27;16.47;pa030​;20250612_123326;1;Marche;-3,0005;1,1536;7,8024;0,4108;0,4041;-0,2701;0,7714;;False
357,28;16.49;pa030​;20250612_123326;1;Marche;-2,9991;1,1588;7,7967;0,4028;0,4177;-0,2630;0,7708;;False
357,29;16.5;pa030​;20250612_123326;1;Marche;-2,9975;1,1645;7,7908;0,3937;0,4314;-0,2549;0,7707;;False
357,31;16.51;pa030​;20250612_123326;1;Marche;-2,9960;1,1709;7,7850;0,3837;0,4454;-0,2466;0,7705;;False
357,32;16.53;pa030​;20250612_123326;1;Marche;-2,9945;1,1775;7,7793;0,3727;0,4586;-0,2389;0,7705;;False
357,34;16.54;pa030​;20250612_123326;1;Marche;-2,9934;1,1843;7,7737;0,3609;0,4720;-0,2315;0,7703;;False
357,35;16.56;pa030​;20250612_123326;1;Marche;-2,9923;1,1913;7,7682;0,3488;0,4843;-0,2252;0,7701;;False
357,36;16.57;pa030​;20250612_123326;1;Marche;-2,9915;1,1986;7,7626;0,3368;0,4961;-0,2189;0,7697;;False
357,38;16.58;pa030​;20250612_123326;1;Marche;-2,9908;1,2059;7,7569;0,3249;0,5064;-0,2128;0,7699;;False
357,39;16.6;pa030​;20250612_123326;1;Marche;-2,9903;1,2133;7,7515;0,3136;0,5157;-0,2066;0,7701;;False
357,40;16.61;pa030​;20250612_123326;1;Marche;-2,9901;1,2203;7,7464;0,3024;0,5233;-0,2008;0,7710;;False
357,42;16.63;pa030​;20250612_123326;1;Marche;-2,9903;1,2271;7,7417;0,2916;0,5296;-0,1957;0,7721;;False
357,43;16.64;pa030​;20250612_123326;1;Marche;-2,9906;1,2336;7,7370;0,2812;0,5349;-0,1911;0,7735;;False
357,45;16.65;pa030​;20250612_123326;1;Marche;-2,9911;1,2400;7,7325;0,2719;0,5398;-0,1871;0,7744;;False
357,46;16.67;pa030​;20250612_123326;1;Marche;-2,9915;1,2462;7,7279;0,2631;0,5443;-0,1836;0,7751;;False
357,47;16.68;pa030​;20250612_123326;1;Marche;-2,9921;1,2520;7,7235;0,2545;0,5494;-0,1803;0,7752;;False
357,49;16.7;pa030​;20250612_123326;1;Marche;-2,9925;1,2574;7,7193;0,2461;0,5544;-0,1778;0,7749;;False
357,50;16.71;pa030​;20250612_123326;1;Marche;-2,9931;1,2626;7,7154;0,2377;0,5601;-0,1755;0,7739;;False
357,52;16.72;pa030​;20250612_123326;1;Marche;-2,9938;1,2676;7,7116;0,2292;0,5658;-0,1733;0,7728;;False
357,53;16.74;pa030​;20250612_123326;1;Marche;-2,9945;1,2724;7,7081;0,2206;0,5710;-0,1709;0,7721;;False
357,54;16.75;pa030​;20250612_123326;1;Marche;-2,9951;1,2772;7,7051;0,2130;0,5756;-0,1691;0,7712;;False
357,56;16.76;pa030​;20250612_123326;1;Marche;-2,9960;1,2816;7,7021;0,2042;0,5806;-0,1665;0,7704;;False
357,57;16.78;pa030​;20250612_123326;1;Marche;-2,9966;1,2858;7,6992;0,1961;0,5848;-0,1643;0,7698;;False
357,59;16.79;pa030​;20250612_123326;1;Marche;-2,9973;1,2900;7,6966;0,1885;0,5897;-0,1616;0,7685;;False
357,60;16.81;pa030​;20250612_123326;1;Marche;-2,9979;1,2941;7,6941;0,1814;0,5941;-0,1593;0,7673;;False
357,61;16.82;pa030​;20250612_123326;1;Marche;-2,9982;1,2982;7,6918;0,1743;0,5987;-0,1564;0,7660;;False
357,63;16.84;pa030​;20250612_123326;1;Marche;-2,9983;1,3022;7,6897;0,1664;0,6037;-0,1532;0,7644;;False
357,64;16.85;pa030​;20250612_123326;1;Marche;-2,9984;1,3060;7,6877;0,1587;0,6085;-0,1501;0,7629;;False
357,66;16.86;pa030​;20250612_123326;1;Marche;-2,9984;1,3094;7,6859;0,1522;0,6130;-0,1472;0,7612;;False
357,67;16.88;pa030​;20250612_123326;1;Marche;-2,9982;1,3125;7,6841;0,1455;0,6171;-0,1438;0,7598;;False
357,68;16.89;pa030​;20250612_123326;1;Marche;-2,9977;1,3153;7,6821;0,1398;0,6212;-0,1410;0,7581;;False
357,70;16.9;pa030​;20250612_123326;1;Marche;-2,9972;1,3177;7,6802;0,1345;0,6257;-0,1388;0,7557;;False
357,71;16.92;pa030​;20250612_123326;1;Marche;-2,9965;1,3195;7,6783;0,1295;0,6301;-0,1369;0,7533;;False
357,73;16.93;pa030​;20250612_123326;1;Marche;-2,9958;1,3211;7,6763;0,1252;0,6349;-0,1362;0,7501;;False
357,74;16.95;pa030​;20250612_123326;1;Marche;-2,9951;1,3224;7,6741;0,1216;0,6407;-0,1357;0,7459;;False
357,75;16.96;pa030​;20250612_123326;1;Marche;-2,9942;1,3234;7,6712;0,1185;0,6478;-0,1358;0,7402;;False
357,77;16.97;pa030​;20250612_123326;1;Marche;-2,9931;1,3242;7,6676;0,1164;0,6579;-0,1359;0,7315;;False
357,78;16.99;pa030​;20250612_123326;1;Marche;-2,9918;1,3249;7,6629;0,1144;0,6713;-0,1354;0,7197;;False
357,81;17.02;pa030​;20250612_123326;1;Marche;-2,9889;1,3261;7,6508;0,1107;0,7085;-0,1303;0,6847;;False
357,82;17.03;pa030​;20250612_123326;1;Marche;-2,9874;1,3265;7,6436;0,1076;0,7294;-0,1274;0,6635;;False
357,84;17.04;pa030​;20250612_123326;1;Marche;-2,9861;1,3266;7,6364;0,1041;0,7496;-0,1247;0,6417;;False
357,85;17.06;pa030​;20250612_123326;1;Marche;-2,9853;1,3265;7,6290;0,0998;0,7691;-0,1235;0,6191;;False
357,86;17.07;pa030​;20250612_123326;1;Marche;-2,9847;1,3261;7,6212;0,0961;0,7877;-0,1225;0,5960;;False
357,88;17.08;pa030​;20250612_123326;1;Marche;-2,9843;1,3256;7,6131;0,0927;0,8051;-0,1212;0,5731;;False
357,89;17.1;pa030​;20250612_123326;1;Marche;-2,9841;1,3250;7,6045;0,0907;0,8216;-0,1200;0,5499;;False
357,91;17.11;pa030​;20250612_123326;1;Marche;-2,9842;1,3247;7,5955;0,0907;0,8363;-0,1181;0,5277;;False
357,92;17.13;pa030​;20250612_123326;1;Marche;-2,9845;1,3246;7,5871;0,0911;0,8498;-0,1164;0,5059;;False
357,93;17.14;pa030​;20250612_123326;1;Marche;-2,9851;1,3246;7,5786;0,0915;0,8615;-0,1151;0,4860;;False
357,95;17.15;pa030​;20250612_123326;1;Marche;-2,9855;1,3246;7,5705;0,0911;0,8714;-0,1141;0,4683;;False
357,96;17.17;pa030​;20250612_123326;1;Marche;-2,9859;1,3247;7,5625;0,0901;0,8795;-0,1138;0,4532;;False
357,98;17.18;pa030​;20250612_123326;1;Marche;-2,9861;1,3247;7,5538;0,0884;0,8868;-0,1131;0,4394;;False
357,99;17.2;pa030​;20250612_123326;1;Marche;-2,9863;1,3246;7,5451;0,0859;0,8930;-0,1127;0,4272;;False
358,00;17.21;pa030​;20250612_123326;1;Marche;-2,9867;1,3246;7,5365;0,0834;0,8989;-0,1123;0,4152;;False
358,02;17.22;pa030​;20250612_123326;1;Marche;-2,9873;1,3243;7,5279;0,0803;0,9044;-0,1116;0,4038;;False
358,03;17.24;pa030​;20250612_123326;1;Marche;-2,9880;1,3241;7,5191;0,0771;0,9098;-0,1116;0,3922;;False
358,04;17.25;pa030​;20250612_123326;1;Marche;-2,9884;1,3237;7,5101;0,0738;0,9150;-0,1110;0,3809;;False
358,06;17.26;pa030​;20250612_123326;1;Marche;-2,9885;1,3233;7,5009;0,0703;0,9200;-0,1096;0,3698;;False
358,07;17.28;pa030​;20250612_123326;1;Marche;-2,9887;1,3227;7,4917;0,0675;0,9244;-0,1080;0,3597;;False
358,09;17.29;pa030​;20250612_123326;1;Marche;-2,9893;1,3219;7,4826;0,0652;0,9283;-0,1069;0,3502;;False
358,10;17.31;pa030​;20250612_123326;1;Marche;-2,9898;1,3210;7,4733;0,0629;0,9317;-0,1061;0,3416;;False
358,11;17.32;pa030​;20250612_123326;1;Marche;-2,9900;1,3201;7,4639;0,0604;0,9351;-0,1055;0,3330;;False
358,13;17.33;pa030​;20250612_123326;1;Marche;-2,9898;1,3192;7,4540;0,0577;0,9380;-0,1050;0,3253;;False
358,14;17.35;pa030​;20250612_123326;1;Marche;-2,9897;1,3183;7,4438;0,0552;0,9405;-0,1037;0,3188;;False
358,16;17.36;pa030​;20250612_123326;1;Marche;-2,9899;1,3173;7,4334;0,0528;0,9426;-0,1022;0,3134;;False
358,17;17.38;pa030​;20250612_123326;1;Marche;-2,9901;1,3165;7,4230;0,0497;0,9444;-0,1027;0,3083;;False
358,18;17.39;pa030​;20250612_123326;1;Marche;-2,9903;1,3154;7,4126;0,0472;0,9460;-0,1035;0,3035;;False
358,20;17.4;pa030​;20250612_123326;1;Marche;-2,9907;1,3147;7,4017;0,0449;0,9472;-0,1052;0,2996;;False
358,21;17.42;pa030​;20250612_123326;1;Marche;-2,9905;1,3143;7,3904;0,0426;0,9484;-0,1080;0,2950;;False
358,23;17.43;pa030​;20250612_123326;1;Marche;-2,9902;1,3143;7,3785;0,0399;0,9497;-0,1098;0,2904;;False
358,24;17.45;pa030​;20250612_123326;1;Marche;-2,9900;1,3145;7,3665;0,0361;0,9516;-0,1083;0,2855;;False
358,25;17.46;pa030​;20250612_123326;1;Marche;-2,9899;1,3145;7,3546;0,0320;0,9536;-0,1066;0,2797;;False
358,27;17.47;pa030​;20250612_123326;1;Marche;-2,9899;1,3145;7,3431;0,0306;0,9553;-0,1081;0,2734;;False
358,28;17.49;pa030​;20250612_123326;1;Marche;-2,9895;1,3149;7,3316;0,0310;0,9565;-0,1110;0,2680;;False
358,29;17.5;pa030​;20250612_123326;1;Marche;-2,9882;1,3159;7,3202;0,0319;0,9575;-0,1123;0,2637;;False
358,31;17.51;pa030​;20250612_123326;1;Marche;-2,9868;1,3172;7,3088;0,0328;0,9583;-0,1116;0,2609;;False
358,32;17.53;pa030​;20250612_123326;1;Marche;-2,9855;1,3188;7,2976;0,0342;0,9591;-0,1103;0,2585;;False
358,34;17.54;pa030​;20250612_123326;1;Marche;-2,9842;1,3206;7,2864;0,0353;0,9595;-0,1092;0,2573;;False
358,35;17.56;pa030​;20250612_123326;1;Marche;-2,9827;1,3224;7,2755;0,0356;0,9599;-0,1075;0,2564;;False
358,36;17.57;pa030​;20250612_123326;1;Marche;-2,9812;1,3243;7,2645;0,0352;0,9602;-0,1057;0,2560;;False
358,38;17.58;pa030​;20250612_123326;1;Marche;-2,9794;1,3264;7,2535;0,0345;0,9606;-0,1041;0,2553;;False
358,39;17.6;pa030​;20250612_123326;1;Marche;-2,9776;1,3284;7,2426;0,0336;0,9611;-0,1016;0,2546;;False
358,41;17.61;pa030​;20250612_123326;1;Marche;-2,9758;1,3303;7,2321;0,0322;0,9615;-0,0989;0,2542;;False
358,42;17.63;pa030​;20250612_123326;1;Marche;-2,9740;1,3320;7,2215;0,0316;0,9620;-0,0968;0,2534;;False
358,43;17.64;pa030​;20250612_123326;1;Marche;-2,9721;1,3334;7,2111;0,0314;0,9624;-0,0946;0,2527;;False
358,45;17.65;pa030​;20250612_123326;1;Marche;-2,9700;1,3344;7,2008;0,0311;0,9626;-0,0933;0,2525;;False
358,46;17.67;pa030​;20250612_123326;1;Marche;-2,9679;1,3351;7,1906;0,0304;0,9628;-0,0931;0,2518;;False
358,48;17.68;pa030​;20250612_123326;1;Marche;-2,9656;1,3356;7,1804;0,0296;0,9629;-0,0951;0,2508;;False
358,49;17.7;pa030​;20250612_123326;1;Marche;-2,9630;1,3361;7,1702;0,0298;0,9629;-0,0971;0,2499;;False
358,50;17.71;pa030​;20250612_123326;1;Marche;-2,9602;1,3365;7,1599;0,0313;0,9628;-0,0979;0,2498;;False
358,52;17.72;pa030​;20250612_123326;1;Marche;-2,9574;1,3368;7,1495;0,0331;0,9626;-0,0975;0,2504;;False
358,53;17.74;pa030​;20250612_123326;1;Marche;-2,9545;1,3368;7,1389;0,0350;0,9624;-0,0967;0,2513;;False
358,54;17.75;pa030​;20250612_123326;1;Marche;-2,9517;1,3364;7,1284;0,0359;0,9622;-0,0973;0,2519;;False
358,56;17.76;pa030​;20250612_123326;1;Marche;-2,9491;1,3359;7,1181;0,0366;0,9618;-0,0993;0,2525;;False
358,57;17.78;pa030​;20250612_123326;1;Marche;-2,9466;1,3354;7,1079;0,0366;0,9613;-0,1026;0,2532;;False
358,59;17.79;pa030​;20250612_123326;1;Marche;-2,9442;1,3348;7,0978;0,0358;0,9607;-0,1060;0,2541;;False
358,60;17.81;pa030​;20250612_123326;1;Marche;-2,9418;1,3342;7,0877;0,0343;0,9602;-0,1091;0,2548;;False
358,61;17.82;pa030​;20250612_123326;1;Marche;-2,9395;1,3334;7,0775;0,0317;0,9600;-0,1119;0,2546;;False
358,63;17.83;pa030​;20250612_123326;1;Marche;-2,9372;1,3327;7,0673;0,0293;0,9601;-0,1134;0,2538;;False
358,64;17.85;pa030​;20250612_123326;1;Marche;-2,9350;1,3321;7,0572;0,0275;0,9604;-0,1140;0,2528;;False
358,65;17.86;pa030​;20250612_123326;1;Marche;-2,9324;1,3314;7,0476;0,0260;0,9609;-0,1139;0,2512;;False
358,67;17.88;pa030​;20250612_123326;1;Marche;-2,9297;1,3306;7,0380;0,0253;0,9612;-0,1137;0,2499;;False
358,68;17.89;pa030​;20250612_123326;1;Marche;-2,9269;1,3297;7,0285;0,0259;0,9615;-0,1130;0,2493;;False
358,70;17.9;pa030​;20250612_123326;1;Marche;-2,9239;1,3287;7,0189;0,0271;0,9615;-0,1122;0,2494;;False
358,71;17.92;pa030​;20250612_123326;1;Marche;-2,9206;1,3275;7,0092;0,0278;0,9614;-0,1110;0,2503;;False
358,72;17.93;pa030​;20250612_123326;1;Marche;-2,9169;1,3263;6,9997;0,0280;0,9613;-0,1093;0,2514;;False
358,74;17.94;pa030​;20250612_123326;1;Marche;-2,9129;1,3253;6,9902;0,0272;0,9613;-0,1071;0,2526;;False
358,75;17.96;pa030​;20250612_123326;1;Marche;-2,9086;1,3243;6,9804;0,0259;0,9614;-0,1042;0,2533;;False
358,77;17.97;pa030​;20250612_123326;1;Marche;-2,9039;1,3234;6,9706;0,0245;0,9617;-0,1006;0,2536;;False
358,78;17.99;pa030​;20250612_123326;1;Marche;-2,8987;1,3226;6,9605;0,0235;0,9619;-0,0984;0,2538;;False
358,80;18.0;pa030​;20250612_123326;1;Marche;-2,8928;1,3217;6,9502;0,0228;0,9622;-0,0947;0,2542;;False
358,81;18.01;pa030​;20250612_123326;1;Marche;-2,8867;1,3209;6,9397;0,0222;0,9623;-0,0917;0,2550;;False
358,82;18.03;pa030​;20250612_123326;1;Marche;-2,8801;1,3205;6,9289;0,0218;0,9624;-0,0898;0,2555;;False
358,84;18.04;pa030​;20250612_123326;1;Marche;-2,8731;1,3204;6,9177;0,0212;0,9626;-0,0880;0,2552;;False
358,85;18.06;pa030​;20250612_123326;1;Marche;-2,8660;1,3210;6,9059;0,0206;0,9629;-0,0858;0,2552;;False
358,86;18.07;pa030​;20250612_123326;1;Marche;-2,8584;1,3219;6,8937;0,0203;0,9631;-0,0826;0,2555;;False
358,88;18.08;pa030​;20250612_123326;1;Marche;-2,8501;1,3233;6,8814;0,0195;0,9634;-0,0786;0,2557;;False
358,89;18.1;pa030​;20250612_123326;1;Marche;-2,8417;1,3252;6,8689;0,0185;0,9637;-0,0739;0,2559;;False
358,91;18.11;pa030​;20250612_123326;1;Marche;-2,8326;1,3290;6,8555;0,0173;0,9641;-0,0750;0,2540;;False
358,92;18.13;pa030​;20250612_123326;1;Marche;-2,8234;1,3339;6,8406;0,0121;0,9655;-0,0702;0,2504;;False
358,93;18.14;pa030​;20250612_123326;1;Marche;-2,8149;1,3373;6,8257;0,0064;0,9671;-0,0541;0,2485;;False
358,95;18.15;pa030​;20250612_123326;1;Marche;-2,8059;1,3406;6,8117;0,0041;0,9678;-0,0489;0,2467;;False
358,96;18.17;pa030​;20250612_123326;1;Marche;-2,7972;1,3429;6,7985;0,0026;0,9682;-0,0424;0,2465;;False
358,97;18.18;pa030​;20250612_123326;1;Marche;-2,7891;1,3453;6,7849;0,0064;0,9681;-0,0386;0,2475;;False
358,99;18.2;pa030​;20250612_123326;1;Marche;-2,7815;1,3475;6,7715;0,0112;0,9678;-0,0375;0,2486;;False
359,00;18.21;pa030​;20250612_123326;1;Marche;-2,7744;1,3494;6,7576;0,0121;0,9679;-0,0359;0,2487;;False
359,02;18.22;pa030​;20250612_123326;1;Marche;-2,7677;1,3513;6,7436;0,0122;0,9682;-0,0351;0,2476;;False
359,03;18.24;pa030​;20250612_123326;1;Marche;-2,7613;1,3533;6,7301;0,0124;0,9686;-0,0357;0,2459;;False
359,04;18.25;pa030​;20250612_123326;1;Marche;-2,7548;1,3552;6,7168;0,0136;0,9687;-0,0367;0,2450;;False
359,06;18.26;pa030​;20250612_123326;1;Marche;-2,7486;1,3574;6,7038;0,0143;0,9688;-0,0376;0,2446;;False
359,07;18.28;pa030​;20250612_123326;1;Marche;-2,7426;1,3596;6,6909;0,0136;0,9690;-0,0372;0,2440;;False
359,09;18.29;pa030​;20250612_123326;1;Marche;-2,7365;1,3616;6,6780;0,0128;0,9692;-0,0346;0,2433;;False
359,10;18.31;pa030​;20250612_123326;1;Marche;-2,7305;1,3632;6,6652;0,0121;0,9695;-0,0300;0,2430;;False
359,12;18.32;pa030​;20250612_123326;1;Marche;-2,7247;1,3643;6,6527;0,0108;0,9697;-0,0260;0,2427;;False
359,13;18.33;pa030​;20250612_123326;1;Marche;-2,7190;1,3650;6,6402;0,0093;0,9699;-0,0230;0,2421;;False
359,14;18.35;pa030​;20250612_123326;1;Marche;-2,7135;1,3651;6,6278;0,0084;0,9702;-0,0217;0,2414;;False
359,16;18.36;pa030​;20250612_123326;1;Marche;-2,7083;1,3645;6,6154;0,0083;0,9703;-0,0221;0,2409;;False
359,17;18.38;pa030​;20250612_123326;1;Marche;-2,7031;1,3634;6,6029;0,0085;0,9704;-0,0234;0,2404;;False
359,18;18.39;pa030​;20250612_123326;1;Marche;-2,6980;1,3621;6,5904;0,0087;0,9704;-0,0264;0,2399;;False
359,20;18.4;pa030​;20250612_123326;1;Marche;-2,6927;1,3606;6,5781;0,0086;0,9705;-0,0292;0,2392;;False
359,21;18.42;pa030​;20250612_123326;1;Marche;-2,6875;1,3587;6,5657;0,0092;0,9706;-0,0314;0,2383;;False
359,23;18.43;pa030​;20250612_123326;1;Marche;-2,6825;1,3567;6,5530;0,0098;0,9708;-0,0337;0,2372;;False
359,24;18.44;pa030​;20250612_123326;1;Marche;-2,6774;1,3543;6,5403;0,0094;0,9712;-0,0354;0,2353;;False
359,25;18.46;pa030​;20250612_123326;1;Marche;-2,6724;1,3518;6,5271;0,0081;0,9717;-0,0368;0,2334;;False
359,27;18.47;pa030​;20250612_123326;1;Marche;-2,6672;1,3488;6,5136;0,0063;0,9721;-0,0389;0,2314;;False
359,28;18.49;pa030​;20250612_123326;1;Marche;-2,6622;1,3458;6,5000;0,0047;0,9723;-0,0419;0,2299;;False
359,29;18.5;pa030​;20250612_123326;1;Marche;-2,6573;1,3426;6,4862;0,0030;0,9724;-0,0462;0,2285;;False
359,31;18.51;pa030​;20250612_123326;1;Marche;-2,6525;1,3397;6,4719;0,0021;0,9726;-0,0498;0,2271;;False
359,32;18.53;pa030​;20250612_123326;1;Marche;-2,6478;1,3372;6,4571;0,0022;0,9727;-0,0529;0,2260;;False
359,34;18.54;pa030​;20250612_123326;1;Marche;-2,6432;1,3355;6,4417;0,0029;0,9725;-0,0547;0,2262;;False
359,35;18.56;pa030​;20250612_123326;1;Marche;-2,6384;1,3342;6,4262;0,0042;0,9724;-0,0548;0,2266;;False
359,36;18.57;pa030​;20250612_123326;1;Marche;-2,6337;1,3331;6,4104;0,0051;0,9722;-0,0535;0,2279;;False
359,38;18.58;pa030​;20250612_123326;1;Marche;-2,6288;1,3326;6,3940;0,0063;0,9718;-0,0554;0,2292;;False
359,39;18.6;pa030​;20250612_123326;1;Marche;-2,6239;1,3328;6,3773;0,0067;0,9713;-0,0573;0,2309;;False
359,41;18.61;pa030​;20250612_123326;1;Marche;-2,6187;1,3338;6,3600;0,0079;0,9707;-0,0596;0,2328;;False
359,42;18.63;pa030​;20250612_123326;1;Marche;-2,6129;1,3373;6,3413;0,0118;0,9696;-0,0657;0,2355;;False
359,43;18.64;pa030​;20250612_123326;1;Marche;-2,6076;1,3404;6,3232;0,0112;0,9698;-0,0526;0,2378;;False
359,45;18.65;pa030​;20250612_123326;1;Marche;-2,6018;1,3443;6,3049;0,0096;0,9703;-0,0488;0,2369;;False
359,46;18.67;pa030​;20250612_123326;1;Marche;-2,5964;1,3472;6,2878;0,0066;0,9709;-0,0442;0,2351;;False
359,47;18.68;pa030​;20250612_123326;1;Marche;-2,5905;1,3499;6,2712;0,0025;0,9718;-0,0446;0,2317;;False
359,49;18.69;pa030​;20250612_123326;1;Marche;-2,5844;1,3524;6,2552;-0,0025;0,9726;-0,0480;0,2276;;False
359,50;18.71;pa030​;20250612_123326;1;Marche;-2,5781;1,3548;6,2388;-0,0050;0,9731;-0,0513;0,2247;;False
359,52;18.72;pa030​;20250612_123326;1;Marche;-2,5714;1,3576;6,2232;-0,0047;0,9736;-0,0511;0,2225;;False
359,53;18.74;pa030​;20250612_123326;1;Marche;-2,5641;1,3603;6,2075;-0,0055;0,9740;-0,0507;0,2209;;False
359,55;18.75;pa030​;20250612_123326;1;Marche;-2,5567;1,3629;6,1922;-0,0054;0,9742;-0,0499;0,2201;;False
359,56;18.76;pa030​;20250612_123326;1;Marche;-2,5492;1,3651;6,1769;-0,0032;0,9741;-0,0492;0,2206;;False
359,57;18.78;pa030​;20250612_123326;1;Marche;-2,5416;1,3666;6,1616;-0,0004;0,9738;-0,0486;0,2223;;False
359,59;18.79;pa030​;20250612_123326;1;Marche;-2,5341;1,3677;6,1465;0,0025;0,9732;-0,0476;0,2248;;False
359,60;18.81;pa030​;20250612_123326;1;Marche;-2,5270;1,3686;6,1317;0,0047;0,9727;-0,0461;0,2276;;False
359,61;18.82;pa030​;20250612_123326;1;Marche;-2,5201;1,3689;6,1169;0,0055;0,9720;-0,0446;0,2305;;False
359,63;18.83;pa030​;20250612_123326;1;Marche;-2,5132;1,3686;6,1022;0,0054;0,9716;-0,0439;0,2325;;False
359,64;18.85;pa030​;20250612_123326;1;Marche;-2,5066;1,3678;6,0875;0,0048;0,9712;-0,0441;0,2341;;False
359,66;18.86;pa030​;20250612_123326;1;Marche;-2,4995;1,3664;6,0731;0,0041;0,9709;-0,0455;0,2349;;False
359,67;18.88;pa030​;20250612_123326;1;Marche;-2,4925;1,3645;6,0588;0,0040;0,9707;-0,0471;0,2357;;False
359,68;18.89;pa030​;20250612_123326;1;Marche;-2,4857;1,3624;6,0445;0,0048;0,9703;-0,0492;0,2368;;False
359,70;18.9;pa030​;20250612_123326;1;Marche;-2,4789;1,3600;6,0302;0,0060;0,9697;-0,0516;0,2386;;False
359,71;18.92;pa030​;20250612_123326;1;Marche;-2,4721;1,3577;6,0159;0,0071;0,9691;-0,0535;0,2407;;False
359,72;18.93;pa030​;20250612_123326;1;Marche;-2,4648;1,3552;6,0015;0,0080;0,9687;-0,0543;0,2423;;False
359,74;18.94;pa030​;20250612_123326;1;Marche;-2,4575;1,3528;5,9871;0,0090;0,9683;-0,0557;0,2433;;False
359,75;18.96;pa030​;20250612_123326;1;Marche;-2,4503;1,3504;5,9728;0,0097;0,9682;-0,0556;0,2439;;False
359,77;18.97;pa030​;20250612_123326;1;Marche;-2,4429;1,3483;5,9583;0,0114;0,9680;-0,0545;0,2446;;False
359,78;18.99;pa030​;20250612_123326;1;Marche;-2,4354;1,3459;5,9438;0,0125;0,9681;-0,0498;0,2453;;False
359,79;19.0;pa030​;20250612_123326;1;Marche;-2,4276;1,3437;5,9291;0,0127;0,9681;-0,0470;0,2457;;False
359,81;19.01;pa030​;20250612_123326;1;Marche;-2,4197;1,3419;5,9141;0,0126;0,9682;-0,0454;0,2456;;False
359,82;19.03;pa030​;20250612_123326;1;Marche;-2,4115;1,3401;5,8988;0,0130;0,9684;-0,0436;0,2451;;False
359,84;19.04;pa030​;20250612_123326;1;Marche;-2,4029;1,3385;5,8832;0,0126;0,9685;-0,0422;0,2452;;False
359,85;19.06;pa030​;20250612_123326;1;Marche;-2,3939;1,3370;5,8675;0,0119;0,9685;-0,0413;0,2452;;False
359,86;19.07;pa030​;20250612_123326;1;Marche;-2,3848;1,3360;5,8515;0,0114;0,9683;-0,0411;0,2462;;False
359,88;19.08;pa030​;20250612_123326;1;Marche;-2,3756;1,3355;5,8354;0,0123;0,9677;-0,0404;0,2487;;False
359,89;19.1;pa030​;20250612_123326;1;Marche;-2,3660;1,3359;5,8194;0,0121;0,9671;-0,0400;0,2510;;False
359,91;19.11;pa030​;20250612_123326;1;Marche;-2,3557;1,3395;5,8015;0,0115;0,9665;-0,0475;0,2519;;False
359,92;19.13;pa030​;20250612_123326;1;Marche;-2,3462;1,3426;5,7831;0,0060;0,9669;-0,0327;0,2528;;False
359,93;19.14;pa030​;20250612_123326;1;Marche;-2,3371;1,3446;5,7647;0,0061;0,9671;-0,0192;0,2537;;False
359,95;19.15;pa030​;20250612_123326;1;Marche;-2,3286;1,3461;5,7475;0,0053;0,9670;-0,0174;0,2541;;False
359,96;19.17;pa030​;20250612_123326;1;Marche;-2,3215;1,3466;5,7307;0,0068;0,9667;-0,0165;0,2554;;False
359,97;19.18;pa030​;20250612_123326;1;Marche;-2,3152;1,3469;5,7140;0,0120;0,9663;-0,0230;0,2562;;False
359,99;19.2;pa030​;20250612_123326;1;Marche;-2,3090;1,3480;5,6968;0,0160;0,9660;-0,0309;0,2562;;False
360,00;19.21;pa030​;20250612_123326;1;Marche;-2,3027;1,3496;5,6795;0,0155;0,9663;-0,0353;0,2545;;False
360,02;19.22;pa030​;20250612_123326;1;Marche;-2,2965;1,3525;5,6620;0,0143;0,9669;-0,0392;0,2518;;False
360,03;19.24;pa030​;20250612_123326;1;Marche;-2,2908;1,3550;5,6450;0,0114;0,9677;-0,0396;0,2485;;False
360,04;19.25;pa030​;20250612_123326;1;Marche;-2,2854;1,3572;5,6285;0,0092;0,9684;-0,0427;0,2456;;False
360,06;19.26;pa030​;20250612_123326;1;Marche;-2,2799;1,3589;5,6125;0,0080;0,9691;-0,0448;0,2426;;False
360,07;19.28;pa030​;20250612_123326;1;Marche;-2,2747;1,3610;5,5967;0,0080;0,9694;-0,0452;0,2410;;False
360,09;19.29;pa030​;20250612_123326;1;Marche;-2,2692;1,3631;5,5809;0,0084;0,9697;-0,0424;0,2404;;False
360,10;19.31;pa030​;20250612_123326;1;Marche;-2,2638;1,3645;5,5650;0,0073;0,9699;-0,0384;0,2404;;False
360,11;19.32;pa030​;20250612_123326;1;Marche;-2,2587;1,3653;5,5492;0,0056;0,9701;-0,0359;0,2400;;False
360,13;19.33;pa030​;20250612_123326;1;Marche;-2,2538;1,3654;5,5338;0,0041;0,9704;-0,0347;0,2389;;False
360,14;19.35;pa030​;20250612_123326;1;Marche;-2,2491;1,3648;5,5185;0,0030;0,9707;-0,0351;0,2378;;False
360,16;19.36;pa030​;20250612_123326;1;Marche;-2,2445;1,3634;5,5032;0,0023;0,9709;-0,0371;0,2367;;False
360,17;19.38;pa030​;20250612_123326;1;Marche;-2,2398;1,3615;5,4876;0,0022;0,9710;-0,0405;0,2358;;False
360,18;19.39;pa030​;20250612_123326;1;Marche;-2,2351;1,3590;5,4719;0,0023;0,9710;-0,0452;0,2347;;False
360,20;19.4;pa030​;20250612_123326;1;Marche;-2,2305;1,3562;5,4562;0,0019;0,9712;-0,0500;0,2331;;False
360,21;19.42;pa030​;20250612_123326;1;Marche;-2,2259;1,3533;5,4403;0,0014;0,9714;-0,0543;0,2311;;False
360,22;19.43;pa030​;20250612_123326;1;Marche;-2,2214;1,3503;5,4240;0,0003;0,9717;-0,0577;0,2289;;False
360,24;19.45;pa030​;20250612_123326;1;Marche;-2,2168;1,3474;5,4074;-0,0008;0,9721;-0,0606;0,2266;;False
360,25;19.46;pa030​;20250612_123326;1;Marche;-2,2122;1,3445;5,3906;-0,0013;0,9722;-0,0632;0,2253;;False
360,27;19.47;pa030​;20250612_123326;1;Marche;-2,2077;1,3416;5,3738;-0,0006;0,9721;-0,0656;0,2251;;False
360,28;19.49;pa030​;20250612_123326;1;Marche;-2,2028;1,3388;5,3572;0,0006;0,9718;-0,0691;0,2254;;False
360,29;19.5;pa030​;20250612_123326;1;Marche;-2,1981;1,3364;5,3403;0,0015;0,9712;-0,0737;0,2267;;False
360,31;19.51;pa030​;20250612_123326;1;Marche;-2,1939;1,3340;5,3227;0,0020;0,9707;-0,0754;0,2282;;False
360,32;19.53;pa030​;20250612_123326;1;Marche;-2,1899;1,3322;5,3043;0,0021;0,9702;-0,0775;0,2295;;False
360,34;19.54;pa030​;20250612_123326;1;Marche;-2,1860;1,3314;5,2854;0,0026;0,9696;-0,0818;0,2307;;False
360,35;19.56;pa030​;20250612_123326;1;Marche;-2,1819;1,3320;5,2660;0,0031;0,9688;-0,0879;0,2316;;False
360,36;19.57;pa030​;20250612_123326;1;Marche;-2,1773;1,3348;5,2456;0,0051;0,9677;-0,0942;0,2337;;False
360,38;19.58;pa030​;20250612_123326;1;Marche;-2,1728;1,3373;5,2255;0,0020;0,9684;-0,0838;0,2347;;False
360,39;19.6;pa030​;20250612_123326;1;Marche;-2,1680;1,3392;5,2054;-0,0038;0,9695;-0,0763;0,2329;;False
360,41;19.61;pa030​;20250612_123326;1;Marche;-2,1636;1,3420;5,1865;-0,0058;0,9701;-0,0765;0,2302;;False
360,42;19.63;pa030​;20250612_123326;1;Marche;-2,1587;1,3441;5,1686;-0,0082;0,9706;-0,0775;0,2279;;False
360,43;19.64;pa030​;20250612_123326;1;Marche;-2,1531;1,3465;5,1514;-0,0111;0,9708;-0,0804;0,2257;;False
360,45;19.65;pa030​;20250612_123326;1;Marche;-2,1472;1,3493;5,1346;-0,0136;0,9711;-0,0823;0,2237;;False
360,46;19.67;pa030​;20250612_123326;1;Marche;-2,1411;1,3525;5,1180;-0,0140;0,9716;-0,0807;0,2219;;False
360,48;19.68;pa030​;20250612_123326;1;Marche;-2,1346;1,3555;5,1012;-0,0141;0,9721;-0,0793;0,2202;;False
360,49;19.7;pa030​;20250612_123326;1;Marche;-2,1278;1,3584;5,0846;-0,0130;0,9724;-0,0787;0,2192;;False
360,50;19.71;pa030​;20250612_123326;1;Marche;-2,1210;1,3608;5,0683;-0,0092;0,9724;-0,0781;0,2198;;False
360,52;19.72;pa030​;20250612_123326;1;Marche;-2,1141;1,3628;5,0525;-0,0040;0,9721;-0,0782;0,2212;;False
360,53;19.74;pa030​;20250612_123326;1;Marche;-2,1074;1,3643;5,0369;-0,0002;0,9718;-0,0787;0,2223;;False
360,54;19.75;pa030​;20250612_123326;1;Marche;-2,1008;1,3654;5,0214;0,0036;0,9715;-0,0791;0,2234;;False
360,56;19.76;pa030​;20250612_123326;1;Marche;-2,0942;1,3658;5,0058;0,0067;0,9713;-0,0798;0,2238;;False
360,57;19.78;pa030​;20250612_123326;1;Marche;-2,0878;1,3656;4,9904;0,0092;0,9711;-0,0813;0,2241;;False
360,59;19.79;pa030​;20250612_123326;1;Marche;-2,0816;1,3648;4,9752;0,0121;0,9708;-0,0836;0,2245;;False
360,60;19.81;pa030​;20250612_123326;1;Marche;-2,0753;1,3636;4,9605;0,0149;0,9704;-0,0853;0,2254;;False
360,61;19.82;pa030​;20250612_123326;1;Marche;-2,0691;1,3620;4,9459;0,0164;0,9698;-0,0872;0,2272;;False
360,63;19.84;pa030​;20250612_123326;1;Marche;-2,0626;1,3602;4,9313;0,0171;0,9693;-0,0885;0,2288;;False
360,64;19.85;pa030​;20250612_123326;1;Marche;-2,0561;1,3580;4,9164;0,0178;0,9687;-0,0898;0,2307;;False
360,66;19.86;pa030​;20250612_123326;1;Marche;-2,0495;1,3554;4,9015;0,0184;0,9681;-0,0900;0,2331;;False
360,67;19.88;pa030​;20250612_123326;1;Marche;-2,0428;1,3526;4,8868;0,0191;0,9675;-0,0908;0,2351;;False
360,68;19.89;pa030​;20250612_123326;1;Marche;-2,0360;1,3494;4,8725;0,0203;0,9670;-0,0913;0,2369;;False
360,70;19.9;pa030​;20250612_123326;1;Marche;-2,0290;1,3465;4,8582;0,0227;0,9665;-0,0916;0,2388;;False
360,71;19.92;pa030​;20250612_123326;1;Marche;-2,0217;1,3434;4,8433;0,0249;0,9659;-0,0912;0,2409;;False
360,72;19.93;pa030​;20250612_123326;1;Marche;-2,0140;1,3405;4,8281;0,0265;0,9656;-0,0906;0,2424;;False
360,74;19.95;pa030​;20250612_123326;1;Marche;-2,0060;1,3379;4,8127;0,0276;0,9653;-0,0901;0,2436;;False
360,75;19.96;pa030​;20250612_123326;1;Marche;-1,9978;1,3354;4,7972;0,0290;0,9651;-0,0895;0,2445;;False
360,77;19.97;pa030​;20250612_123326;1;Marche;-1,9895;1,3332;4,7818;0,0308;0,9649;-0,0886;0,2454;;False
360,78;19.99;pa030​;20250612_123326;1;Marche;-1,9809;1,3312;4,7663;0,0328;0,9646;-0,0877;0,2466;;False
360,79;20.0;pa030​;20250612_123326;1;Marche;-1,9715;1,3295;4,7503;0,0346;0,9642;-0,0875;0,2478;;False
360,81;20.01;pa030​;20250612_123326;1;Marche;-1,9618;1,3281;4,7343;0,0356;0,9640;-0,0886;0,2482;;False
360,82;20.03;pa030​;20250612_123326;1;Marche;-1,9522;1,3276;4,7181;0,0376;0,9637;-0,0914;0,2482;;False
360,84;20.04;pa030​;20250612_123326;1;Marche;-1,9420;1,3288;4,7010;0,0412;0,9631;-0,0987;0,2471;;False
360,85;20.06;pa030​;20250612_123326;1;Marche;-1,9317;1,3332;4,6827;0,0416;0,9635;-0,0996;0,2450;;False
360,86;20.07;pa030​;20250612_123326;1;Marche;-1,9217;1,3365;4,6640;0,0434;0,9645;-0,0816;0,2472;;False
360,88;20.08;pa030​;20250612_123326;1;Marche;-1,9119;1,3393;4,6460;0,0489;0,9641;-0,0699;0,2515;;False
360,89;20.1;pa030​;20250612_123326;1;Marche;-1,9030;1,3411;4,6295;0,0519;0,9633;-0,0634;0,2557;;False
360,91;20.11;pa030​;20250612_123326;1;Marche;-1,8948;1,3427;4,6123;0,0580;0,9618;-0,0642;0,2597;;False
360,92;20.13;pa030​;20250612_123326;1;Marche;-1,8876;1,3445;4,5951;0,0633;0,9605;-0,0669;0,2626;;False
360,93;20.14;pa030​;20250612_123326;1;Marche;-1,8829;1,3465;4,5775;0,0644;0,9599;-0,0698;0,2639;;False
360,95;20.15;pa030​;20250612_123326;1;Marche;-1,8784;1,3493;4,5597;0,0629;0,9601;-0,0740;0,2623;;False
360,96;20.17;pa030​;20250612_123326;1;Marche;-1,8731;1,3521;4,5422;0,0607;0,9605;-0,0779;0,2602;;False
360,97;20.18;pa030​;20250612_123326;1;Marche;-1,8674;1,3543;4,5253;0,0585;0,9609;-0,0802;0,2584;;False
360,99;20.19;pa030​;20250612_123326;1;Marche;-1,8618;1,3564;4,5087;0,0566;0,9611;-0,0833;0,2572;;False
361,00;20.21;pa030​;20250612_123326;1;Marche;-1,8562;1,3583;4,4923;0,0545;0,9614;-0,0843;0,2562;;False
361,02;20.22;pa030​;20250612_123326;1;Marche;-1,8507;1,3602;4,4762;0,0522;0,9618;-0,0830;0,2555;;False
361,03;20.24;pa030​;20250612_123326;1;Marche;-1,8452;1,3618;4,4602;0,0500;0,9624;-0,0799;0,2549;;False
361,04;20.25;pa030​;20250612_123326;1;Marche;-1,8398;1,3625;4,4443;0,0469;0,9630;-0,0767;0,2539;;False
361,06;20.27;pa030​;20250612_123326;1;Marche;-1,8345;1,3624;4,4287;0,0439;0,9638;-0,0748;0,2522;;False
361,07;20.28;pa030​;20250612_123326;1;Marche;-1,8293;1,3619;4,4134;0,0414;0,9644;-0,0738;0,2507;;False
361,09;20.29;pa030​;20250612_123326;1;Marche;-1,8238;1,3610;4,3986;0,0400;0,9647;-0,0742;0,2494;;False
361,10;20.31;pa030​;20250612_123326;1;Marche;-1,8185;1,3595;4,3839;0,0382;0,9650;-0,0753;0,2484;;False
361,11;20.32;pa030​;20250612_123326;1;Marche;-1,8135;1,3577;4,3692;0,0357;0,9652;-0,0773;0,2472;;False
361,13;20.33;pa030​;20250612_123326;1;Marche;-1,8087;1,3558;4,3543;0,0335;0,9655;-0,0790;0,2460;;False
361,14;20.35;pa030​;20250612_123326;1;Marche;-1,8040;1,3539;4,3392;0,0303;0,9659;-0,0790;0,2448;;False
361,16;20.36;pa030​;20250612_123326;1;Marche;-1,7993;1,3522;4,3240;0,0266;0,9665;-0,0775;0,2434;;False
361,17;20.38;pa030​;20250612_123326;1;Marche;-1,7945;1,3506;4,3086;0,0225;0,9672;-0,0745;0,2417;;False
361,18;20.39;pa030​;20250612_123326;1;Marche;-1,7897;1,3491;4,2930;0,0186;0,9679;-0,0712;0,2403;;False
361,20;20.4;pa030​;20250612_123326;1;Marche;-1,7850;1,3474;4,2772;0,0161;0,9684;-0,0674;0,2396;;False
361,21;20.42;pa030​;20250612_123326;1;Marche;-1,7802;1,3456;4,2613;0,0146;0,9687;-0,0652;0,2390;;False
361,23;20.43;pa030​;20250612_123326;1;Marche;-1,7755;1,3443;4,2451;0,0147;0,9687;-0,0659;0,2390;;False
361,24;20.45;pa030​;20250612_123326;1;Marche;-1,7712;1,3434;4,2285;0,0161;0,9684;-0,0659;0,2400;;False
361,25;20.46;pa030​;20250612_123326;1;Marche;-1,7670;1,3430;4,2115;0,0190;0,9679;-0,0644;0,2421;;False
361,27;20.47;pa030​;20250612_123326;1;Marche;-1,7626;1,3432;4,1941;0,0211;0,9674;-0,0646;0,2441;;False
361,28;20.49;pa030​;20250612_123326;1;Marche;-1,7581;1,3443;4,1765;0,0221;0,9669;-0,0641;0,2459;;False
361,30;20.5;pa030​;20250612_123326;1;Marche;-1,7536;1,3461;4,1588;0,0220;0,9666;-0,0628;0,2477;;False
361,31;20.52;pa030​;20250612_123326;1;Marche;-1,7489;1,3507;4,1398;0,0261;0,9654;-0,0670;0,2508;;False
361,32;20.53;pa030​;20250612_123326;1;Marche;-1,7441;1,3556;4,1205;0,0277;0,9651;-0,0559;0,2545;;False
361,34;20.54;pa030​;20250612_123326;1;Marche;-1,7383;1,3603;4,1009;0,0223;0,9658;-0,0384;0,2555;;False
361,35;20.56;pa030​;20250612_123326;1;Marche;-1,7333;1,3642;4,0827;0,0165;0,9664;-0,0280;0,2549;;False
361,36;20.57;pa030​;20250612_123326;1;Marche;-1,7281;1,3672;4,0650;0,0124;0,9671;-0,0237;0,2531;;False
361,38;20.58;pa030​;20250612_123326;1;Marche;-1,7223;1,3696;4,0479;0,0061;0,9681;-0,0227;0,2496;;False
361,39;20.6;pa030​;20250612_123326;1;Marche;-1,7159;1,3723;4,0310;0,0005;0,9689;-0,0247;0,2461;;False
361,41;20.61;pa030​;20250612_123326;1;Marche;-1,7092;1,3756;4,0142;-0,0015;0,9693;-0,0245;0,2448;;False
361,42;20.63;pa030​;20250612_123326;1;Marche;-1,7020;1,3790;3,9977;-0,0018;0,9694;-0,0244;0,2442;;False
361,43;20.64;pa030​;20250612_123326;1;Marche;-1,6948;1,3817;3,9813;-0,0028;0,9696;-0,0238;0,2437;;False
361,45;20.65;pa030​;20250612_123326;1;Marche;-1,6875;1,3840;3,9652;-0,0016;0,9698;-0,0228;0,2429;;False
361,46;20.67;pa030​;20250612_123326;1;Marche;-1,6800;1,3860;3,9492;0,0015;0,9697;-0,0229;0,2432;;False
361,48;20.68;pa030​;20250612_123326;1;Marche;-1,6725;1,3876;3,9335;0,0031;0,9695;-0,0221;0,2439;;False
361,49;20.7;pa030​;20250612_123326;1;Marche;-1,6651;1,3886;3,9178;0,0038;0,9693;-0,0208;0,2448;;False
361,50;20.71;pa030​;20250612_123326;1;Marche;-1,6579;1,3889;3,9022;0,0042;0,9692;-0,0198;0,2453;;False
361,52;20.72;pa030​;20250612_123326;1;Marche;-1,6505;1,3888;3,8868;0,0046;0,9692;-0,0192;0,2456;;False
361,53;20.74;pa030​;20250612_123326;1;Marche;-1,6432;1,3879;3,8718;0,0053;0,9690;-0,0199;0,2463;;False
361,55;20.75;pa030​;20250612_123326;1;Marche;-1,6358;1,3865;3,8568;0,0070;0,9686;-0,0214;0,2475;;False
361,56;20.76;pa030​;20250612_123326;1;Marche;-1,6283;1,3846;3,8421;0,0090;0,9682;-0,0229;0,2490;;False
361,57;20.78;pa030​;20250612_123326;1;Marche;-1,6208;1,3821;3,8272;0,0108;0,9676;-0,0249;0,2509;;False
361,59;20.79;pa030​;20250612_123326;1;Marche;-1,6133;1,3793;3,8124;0,0124;0,9671;-0,0265;0,2526;;False
361,60;20.81;pa030​;20250612_123326;1;Marche;-1,6055;1,3764;3,7976;0,0142;0,9666;-0,0281;0,2543;;False
361,61;20.82;pa030​;20250612_123326;1;Marche;-1,5975;1,3734;3,7829;0,0165;0,9660;-0,0289;0,2563;;False
361,63;20.83;pa030​;20250612_123326;1;Marche;-1,5892;1,3703;3,7681;0,0182;0,9656;-0,0299;0,2577;;False
361,64;20.85;pa030​;20250612_123326;1;Marche;-1,5809;1,3674;3,7533;0,0199;0,9651;-0,0306;0,2592;;False
361,66;20.86;pa030​;20250612_123326;1;Marche;-1,5725;1,3643;3,7385;0,0216;0,9646;-0,0293;0,2610;;False
361,67;20.88;pa030​;20250612_123326;1;Marche;-1,5634;1,3614;3,7234;0,0226;0,9643;-0,0280;0,2625;;False
361,68;20.89;pa030​;20250612_123326;1;Marche;-1,5540;1,3586;3,7081;0,0234;0,9639;-0,0278;0,2636;;False
361,70;20.9;pa030​;20250612_123326;1;Marche;-1,5443;1,3559;3,6924;0,0243;0,9637;-0,0282;0,2642;;False
361,71;20.92;pa030​;20250612_123326;1;Marche;-1,5344;1,3536;3,6765;0,0255;0,9637;-0,0294;0,2641;;False
361,73;20.93;pa030​;20250612_123326;1;Marche;-1,5246;1,3514;3,6605;0,0270;0,9637;-0,0304;0,2640;;False
361,74;20.94;pa030​;20250612_123326;1;Marche;-1,5145;1,3496;3,6443;0,0284;0,9637;-0,0326;0,2636;;False
361,75;20.96;pa030​;20250612_123326;1;Marche;-1,5042;1,3487;3,6281;0,0289;0,9637;-0,0345;0,2631;;False
361,77;20.97;pa030​;20250612_123326;1;Marche;-1,4937;1,3489;3,6116;0,0289;0,9638;-0,0355;0,2628;;False
361,78;20.99;pa030​;20250612_123326;1;Marche;-1,4823;1,3521;3,5938;0,0280;0,9639;-0,0423;0,2614;;False
361,79;21.0;pa030​;20250612_123326;1;Marche;-1,4710;1,3568;3,5750;0,0234;0,9645;-0,0347;0,2606;;False
361,81;21.01;pa030​;20250612_123326;1;Marche;-1,4602;1,3600;3,5557;0,0235;0,9642;-0,0132;0,2639;;False
361,82;21.03;pa030​;20250612_123326;1;Marche;-1,4499;1,3621;3,5381;0,0234;0,9636;-0,0056;0,2663;;False
361,84;21.04;pa030​;20250612_123326;1;Marche;-1,4403;1,3629;3,5208;0,0244;0,9627;-0,0027;0,2693;;False
361,85;21.06;pa030​;20250612_123326;1;Marche;-1,4315;1,3637;3,5032;0,0311;0,9618;-0,0071;0,2718;;False
361,86;21.07;pa030​;20250612_123326;1;Marche;-1,4236;1,3647;3,4854;0,0375;0,9611;-0,0163;0,2730;;False
361,88;21.08;pa030​;20250612_123326;1;Marche;-1,4161;1,3659;3,4676;0,0395;0,9613;-0,0233;0,2717;;False
361,89;21.1;pa030​;20250612_123326;1;Marche;-1,4092;1,3680;3,4496;0,0385;0,9622;-0,0313;0,2680;;False
361,91;21.11;pa030​;20250612_123326;1;Marche;-1,4025;1,3705;3,4318;0,0357;0,9633;-0,0347;0,2637;;False
361,92;21.13;pa030​;20250612_123326;1;Marche;-1,3954;1,3728;3,4141;0,0336;0,9643;-0,0371;0,2602;;False
361,93;21.14;pa030​;20250612_123326;1;Marche;-1,3885;1,3745;3,3969;0,0310;0,9650;-0,0376;0,2575;;False
361,95;21.15;pa030​;20250612_123326;1;Marche;-1,3818;1,3761;3,3801;0,0286;0,9657;-0,0372;0,2553;;False
361,96;21.17;pa030​;20250612_123326;1;Marche;-1,3752;1,3772;3,3635;0,0267;0,9663;-0,0359;0,2533;;False
361,97;21.18;pa030​;20250612_123326;1;Marche;-1,3692;1,3776;3,3471;0,0246;0,9669;-0,0336;0,2518;;False
361,99;21.2;pa030​;20250612_123326;1;Marche;-1,3632;1,3773;3,3307;0,0222;0,9674;-0,0329;0,2502;;False
362,00;21.21;pa030​;20250612_123326;1;Marche;-1,3566;1,3764;3,3146;0,0203;0,9678;-0,0328;0,2486;;False
362,02;21.22;pa030​;20250612_123326;1;Marche;-1,3500;1,3749;3,2987;0,0193;0,9681;-0,0346;0,2474;;False
362,03;21.24;pa030​;20250612_123326;1;Marche;-1,3435;1,3729;3,2829;0,0190;0,9683;-0,0368;0,2462;;False
362,04;21.25;pa030​;20250612_123326;1;Marche;-1,3374;1,3703;3,2672;0,0189;0,9685;-0,0392;0,2452;;False
362,06;21.26;pa030​;20250612_123326;1;Marche;-1,3314;1,3676;3,2513;0,0182;0,9688;-0,0422;0,2436;;False
362,07;21.28;pa030​;20250612_123326;1;Marche;-1,3250;1,3649;3,2354;0,0175;0,9691;-0,0444;0,2419;;False
362,09;21.29;pa030​;20250612_123326;1;Marche;-1,3186;1,3621;3,2191;0,0171;0,9696;-0,0448;0,2401;;False
362,10;21.31;pa030​;20250612_123326;1;Marche;-1,3121;1,3593;3,2027;0,0159;0,9701;-0,0450;0,2379;;False
362,11;21.32;pa030​;20250612_123326;1;Marche;-1,3057;1,3565;3,1860;0,0142;0,9707;-0,0453;0,2356;;False
362,13;21.33;pa030​;20250612_123326;1;Marche;-1,2995;1,3536;3,1687;0,0131;0,9712;-0,0448;0,2337;;False
362,14;21.35;pa030​;20250612_123326;1;Marche;-1,2934;1,3508;3,1512;0,0124;0,9714;-0,0441;0,2331;;False
362,16;21.36;pa030​;20250612_123326;1;Marche;-1,2870;1,3484;3,1338;0,0123;0,9712;-0,0452;0,2338;;False
362,17;21.38;pa030​;20250612_123326;1;Marche;-1,2807;1,3462;3,1161;0,0125;0,9707;-0,0474;0,2352;;False
362,18;21.39;pa030​;20250612_123326;1;Marche;-1,2748;1,3442;3,0981;0,0117;0,9700;-0,0484;0,2379;;False
362,20;21.4;pa030​;20250612_123326;1;Marche;-1,2688;1,3424;3,0798;0,0102;0,9696;-0,0496;0,2396;;False
362,21;21.42;pa030​;20250612_123326;1;Marche;-1,2631;1,3418;3,0610;0,0091;0,9691;-0,0519;0,2410;;False
362,23;21.43;pa030​;20250612_123326;1;Marche;-1,2574;1,3415;3,0422;0,0074;0,9692;-0,0510;0,2409;;False
362,24;21.45;pa030​;20250612_123326;1;Marche;-1,2514;1,3420;3,0233;0,0077;0,9693;-0,0507;0,2404;;False
362,25;21.46;pa030​;20250612_123326;1;Marche;-1,2445;1,3469;3,0023;0,0139;0,9683;-0,0611;0,2419;;False
362,27;21.47;pa030​;20250612_123326;1;Marche;-1,2378;1,3489;2,9828;0,0084;0,9691;-0,0343;0,2443;;False
362,28;21.49;pa030​;20250612_123326;1;Marche;-1,2307;1,3513;2,9621;-0,0004;0,9698;-0,0269;0,2425;;False
362,30;21.5;pa030​;20250612_123326;1;Marche;-1,2244;1,3527;2,9435;-0,0058;0,9707;-0,0258;0,2387;;False
362,31;21.52;pa030​;20250612_123326;1;Marche;-1,2173;1,3542;2,9253;-0,0110;0,9718;-0,0346;0,2331;;False
362,32;21.53;pa030​;20250612_123326;1;Marche;-1,2099;1,3549;2,9084;-0,0156;0,9728;-0,0439;0,2268;;False
362,34;21.54;pa030​;20250612_123326;1;Marche;-1,2019;1,3564;2,8915;-0,0151;0,9733;-0,0537;0,2225;;False
362,35;21.56;pa030​;20250612_123326;1;Marche;-1,1930;1,3590;2,8748;-0,0131;0,9737;-0,0590;0,2195;;False
362,36;21.57;pa030​;20250612_123326;1;Marche;-1,1838;1,3627;2,8577;-0,0125;0,9739;-0,0609;0,2182;;False
362,38;21.58;pa030​;20250612_123326;1;Marche;-1,1747;1,3662;2,8409;-0,0098;0,9742;-0,0572;0,2180;;False
362,39;21.6;pa030​;20250612_123326;1;Marche;-1,1655;1,3689;2,8249;-0,0053;0,9743;-0,0543;0,2185;;False
362,41;21.61;pa030​;20250612_123326;1;Marche;-1,1562;1,3710;2,8095;-0,0008;0,9740;-0,0533;0,2201;;False
362,42;21.63;pa030​;20250612_123326;1;Marche;-1,1470;1,3724;2,7943;0,0036;0,9735;-0,0531;0,2226;;False
362,43;21.64;pa030​;20250612_123326;1;Marche;-1,1379;1,3732;2,7792;0,0070;0,9728;-0,0530;0,2254;;False
362,45;21.65;pa030​;20250612_123326;1;Marche;-1,1291;1,3733;2,7641;0,0096;0,9722;-0,0536;0,2277;;False
362,46;21.67;pa030​;20250612_123326;1;Marche;-1,1205;1,3727;2,7490;0,0116;0,9716;-0,0547;0,2301;;False
362,47;21.68;pa030​;20250612_123326;1;Marche;-1,1121;1,3715;2,7340;0,0134;0,9709;-0,0562;0,2325;;False
362,49;21.69;pa030​;20250612_123326;1;Marche;-1,1036;1,3696;2,7191;0,0150;0,9702;-0,0577;0,2348;;False
362,50;21.71;pa030​;20250612_123326;1;Marche;-1,0952;1,3674;2,7042;0,0159;0,9695;-0,0600;0,2370;;False
362,52;21.72;pa030​;20250612_123326;1;Marche;-1,0867;1,3650;2,6893;0,0164;0,9688;-0,0625;0,2392;;False
362,53;21.74;pa030​;20250612_123326;1;Marche;-1,0783;1,3622;2,6743;0,0168;0,9681;-0,0647;0,2414;;False
362,54;21.75;pa030​;20250612_123326;1;Marche;-1,0700;1,3590;2,6592;0,0169;0,9675;-0,0665;0,2435;;False
362,56;21.76;pa030​;20250612_123326;1;Marche;-1,0614;1,3555;2,6443;0,0172;0,9670;-0,0688;0,2446;;False
362,57;21.78;pa030​;20250612_123326;1;Marche;-1,0527;1,3521;2,6291;0,0180;0,9666;-0,0710;0,2456;;False
362,59;21.79;pa030​;20250612_123326;1;Marche;-1,0439;1,3489;2,6138;0,0193;0,9663;-0,0725;0,2464;;False
362,60;21.81;pa030​;20250612_123326;1;Marche;-1,0348;1,3458;2,5982;0,0201;0,9662;-0,0724;0,2466;;False
362,61;21.82;pa030​;20250612_123326;1;Marche;-1,0254;1,3430;2,5826;0,0190;0,9663;-0,0738;0,2457;;False
362,63;21.84;pa030​;20250612_123326;1;Marche;-1,0158;1,3403;2,5670;0,0185;0,9667;-0,0758;0,2439;;False
362,64;21.85;pa030​;20250612_123326;1;Marche;-1,0059;1,3376;2,5516;0,0194;0,9669;-0,0772;0,2423;;False
362,66;21.86;pa030​;20250612_123326;1;Marche;-0,9955;1,3353;2,5362;0,0203;0,9672;-0,0793;0,2403;;False
362,67;21.88;pa030​;20250612_123326;1;Marche;-0,9850;1,3336;2,5207;0,0208;0,9673;-0,0832;0,2386;;False
362,68;21.89;pa030​;20250612_123326;1;Marche;-0,9743;1,3328;2,5050;0,0225;0,9672;-0,0886;0,2370;;False
362,70;21.9;pa030​;20250612_123326;1;Marche;-0,9624;1,3359;2,4874;0,0247;0,9667;-0,1043;0,2325;;False
362,71;21.92;pa030​;20250612_123326;1;Marche;-0,9513;1,3386;2,4698;0,0218;0,9680;-0,0936;0,2318;;False
362,73;21.93;pa030​;20250612_123326;1;Marche;-0,9399;1,3402;2,4513;0,0255;0,9685;-0,0782;0,2352;;False
362,74;21.95;pa030​;20250612_123326;1;Marche;-0,9293;1,3421;2,4346;0,0293;0,9677;-0,0766;0,2383;;False
362,75;21.96;pa030​;20250612_123326;1;Marche;-0,9200;1,3429;2,4182;0,0330;0,9669;-0,0779;0,2409;;False
362,77;21.97;pa030​;20250612_123326;1;Marche;-0,9116;1,3436;2,4013;0,0394;0,9658;-0,0819;0,2428;;False
362,78;21.99;pa030​;20250612_123326;1;Marche;-0,9037;1,3449;2,3842;0,0447;0,9647;-0,0886;0,2439;;False
362,80;22.0;pa030​;20250612_123326;1;Marche;-0,8961;1,3467;2,3672;0,0452;0,9641;-0,0960;0,2433;;False
362,81;22.02;pa030​;20250612_123326;1;Marche;-0,8890;1,3488;2,3502;0,0447;0,9637;-0,1031;0,2421;;False
362,82;22.03;pa030​;20250612_123326;1;Marche;-0,8822;1,3510;2,3334;0,0425;0,9635;-0,1095;0,2404;;False
362,84;22.04;pa030​;20250612_123326;1;Marche;-0,8757;1,3530;2,3168;0,0408;0,9633;-0,1143;0,2393;;False
362,85;22.06;pa030​;20250612_123326;1;Marche;-0,8693;1,3550;2,3005;0,0388;0,9631;-0,1178;0,2390;;False
362,86;22.07;pa030​;20250612_123326;1;Marche;-0,8629;1,3565;2,2844;0,0370;0,9629;-0,1188;0,2395;;False
362,88;22.08;pa030​;20250612_123326;1;Marche;-0,8564;1,3575;2,2681;0,0360;0,9626;-0,1191;0,2405;;False
362,89;22.1;pa030​;20250612_123326;1;Marche;-0,8501;1,3579;2,2521;0,0347;0,9626;-0,1192;0,2410;;False
362,91;22.11;pa030​;20250612_123326;1;Marche;-0,8439;1,3573;2,2364;0,0332;0,9626;-0,1195;0,2408;;False
362,92;22.13;pa030​;20250612_123326;1;Marche;-0,8379;1,3561;2,2208;0,0320;0,9626;-0,1214;0,2401;;False
362,93;22.14;pa030​;20250612_123326;1;Marche;-0,8320;1,3543;2,2053;0,0315;0,9624;-0,1247;0,2393;;False
362,95;22.15;pa030​;20250612_123326;1;Marche;-0,8263;1,3519;2,1899;0,0324;0,9619;-0,1289;0,2387;;False
362,96;22.17;pa030​;20250612_123326;1;Marche;-0,8207;1,3489;2,1745;0,0343;0,9613;-0,1337;0,2383;;False
362,98;22.18;pa030​;20250612_123326;1;Marche;-0,8152;1,3456;2,1591;0,0353;0,9608;-0,1387;0,2374;;False
362,99;22.2;pa030​;20250612_123326;1;Marche;-0,8098;1,3421;2,1434;0,0360;0,9603;-0,1430;0,2368;;False
363,00;22.21;pa030​;20250612_123326;1;Marche;-0,8046;1,3384;2,1276;0,0363;0,9601;-0,1460;0,2359;;False
363,02;22.22;pa030​;20250612_123326;1;Marche;-0,7994;1,3348;2,1116;0,0354;0,9599;-0,1492;0,2346;;False
363,03;22.24;pa030​;20250612_123326;1;Marche;-0,7943;1,3312;2,0955;0,0345;0,9597;-0,1520;0,2338;;False
363,04;22.25;pa030​;20250612_123326;1;Marche;-0,7892;1,3276;2,0793;0,0339;0,9594;-0,1548;0,2334;;False
363,06;22.27;pa030​;20250612_123326;1;Marche;-0,7842;1,3241;2,0628;0,0340;0,9587;-0,1583;0,2338;;False
363,07;22.28;pa030​;20250612_123326;1;Marche;-0,7795;1,3211;2,0459;0,0349;0,9578;-0,1621;0,2348;;False
363,09;22.29;pa030​;20250612_123326;1;Marche;-0,7750;1,3184;2,0287;0,0362;0,9571;-0,1643;0,2358;;False
363,10;22.31;pa030​;20250612_123326;1;Marche;-0,7706;1,3162;2,0110;0,0382;0,9565;-0,1661;0,2370;;False
363,11;22.32;pa030​;20250612_123326;1;Marche;-0,7661;1,3149;1,9928;0,0399;0,9557;-0,1692;0,2377;;False
363,13;22.33;pa030​;20250612_123326;1;Marche;-0,7617;1,3142;1,9744;0,0401;0,9550;-0,1723;0,2380;;False
363,14;22.35;pa030​;20250612_123326;1;Marche;-0,7568;1,3152;1,9550;0,0427;0,9532;-0,1800;0,2390;;False
363,15;22.36;pa030​;20250612_123326;1;Marche;-0,7520;1,3180;1,9349;0,0465;0,9513;-0,1849;0,2423;;False
363,17;22.38;pa030​;20250612_123326;1;Marche;-0,7467;1,3195;1,9146;0,0425;0,9525;-0,1762;0,2448;;False
363,18;22.39;pa030​;20250612_123326;1;Marche;-0,7416;1,3215;1,8951;0,0377;0,9530;-0,1741;0,2449;;False
363,20;22.4;pa030​;20250612_123326;1;Marche;-0,7367;1,3235;1,8770;0,0328;0,9535;-0,1757;0,2427;;False
363,21;22.42;pa030​;20250612_123326;1;Marche;-0,7312;1,3253;1,8592;0,0283;0,9535;-0,1806;0,2397;;False
363,23;22.43;pa030​;20250612_123326;1;Marche;-0,7254;1,3272;1,8422;0,0235;0,9534;-0,1871;0,2356;;False
363,24;22.44;pa030​;20250612_123326;1;Marche;-0,7194;1,3294;1,8255;0,0212;0,9534;-0,1914;0,2323;;False
363,25;22.46;pa030​;20250612_123326;1;Marche;-0,7128;1,3320;1,8085;0,0209;0,9536;-0,1936;0,2297;;False
363,27;22.47;pa030​;20250612_123326;1;Marche;-0,7059;1,3348;1,7917;0,0203;0,9539;-0,1948;0,2274;;False
363,28;22.49;pa030​;20250612_123326;1;Marche;-0,6989;1,3374;1,7753;0,0215;0,9544;-0,1944;0,2256;;False
363,30;22.5;pa030​;20250612_123326;1;Marche;-0,6920;1,3395;1,7593;0,0253;0,9543;-0,1940;0,2260;;False
363,31;22.51;pa030​;20250612_123326;1;Marche;-0,6850;1,3413;1,7437;0,0281;0,9540;-0,1944;0,2264;;False
363,32;22.53;pa030​;20250612_123326;1;Marche;-0,6781;1,3424;1,7284;0,0306;0,9536;-0,1944;0,2279;;False
363,34;22.54;pa030​;20250612_123326;1;Marche;-0,6714;1,3431;1,7134;0,0328;0,9532;-0,1943;0,2294;;False
363,35;22.56;pa030​;20250612_123326;1;Marche;-0,6649;1,3432;1,6987;0,0344;0,9527;-0,1949;0,2304;;False
363,36;22.57;pa030​;20250612_123326;1;Marche;-0,6587;1,3429;1,6840;0,0357;0,9523;-0,1961;0,2311;;False
363,38;22.58;pa030​;20250612_123326;1;Marche;-0,6527;1,3420;1,6696;0,0366;0,9519;-0,1978;0,2313;;False
363,39;22.6;pa030​;20250612_123326;1;Marche;-0,6466;1,3408;1,6555;0,0382;0,9513;-0,1996;0,2319;;False
363,41;22.61;pa030​;20250612_123326;1;Marche;-0,6403;1,3394;1,6414;0,0393;0,9506;-0,2006;0,2335;;False
363,42;22.63;pa030​;20250612_123326;1;Marche;-0,6338;1,3377;1,6275;0,0399;0,9500;-0,2015;0,2352;;False
363,43;22.64;pa030​;20250612_123326;1;Marche;-0,6276;1,3358;1,6136;0,0401;0,9495;-0,2015;0,2372;;False
363,45;22.65;pa030​;20250612_123326;1;Marche;-0,6214;1,3337;1,5999;0,0404;0,9492;-0,2007;0,2391;;False
363,46;22.67;pa030​;20250612_123326;1;Marche;-0,6150;1,3314;1,5863;0,0409;0,9488;-0,2005;0,2408;;False
363,47;22.68;pa030​;20250612_123326;1;Marche;-0,6085;1,3291;1,5726;0,0422;0,9483;-0,2004;0,2425;;False
363,49;22.7;pa030​;20250612_123326;1;Marche;-0,6017;1,3267;1,5590;0,0437;0,9481;-0,1986;0,2445;;False
363,50;22.71;pa030​;20250612_123326;1;Marche;-0,5948;1,3246;1,5453;0,0446;0,9481;-0,1974;0,2454;;False
363,52;22.72;pa030​;20250612_123326;1;Marche;-0,5877;1,3225;1,5313;0,0442;0,9485;-0,1960;0,2448;;False
363,53;22.74;pa030​;20250612_123326;1;Marche;-0,5803;1,3207;1,5171;0,0435;0,9492;-0,1938;0,2439;;False
363,55;22.75;pa030​;20250612_123326;1;Marche;-0,5726;1,3191;1,5027;0,0438;0,9499;-0,1912;0,2433;;False
363,56;22.76;pa030​;20250612_123326;1;Marche;-0,5647;1,3175;1,4883;0,0444;0,9504;-0,1888;0,2431;;False
363,57;22.78;pa030​;20250612_123326;1;Marche;-0,5562;1,3162;1,4737;0,0448;0,9508;-0,1874;0,2428;;False
363,59;22.79;pa030​;20250612_123326;1;Marche;-0,5474;1,3151;1,4589;0,0460;0,9509;-0,1862;0,2428;;False
363,60;22.81;pa030​;20250612_123326;1;Marche;-0,5386;1,3144;1,4442;0,0481;0,9508;-0,1856;0,2435;;False
363,61;22.82;pa030​;20250612_123326;1;Marche;-0,5296;1,3143;1,4290;0,0503;0,9502;-0,1867;0,2443;;False
363,63;22.83;pa030​;20250612_123326;1;Marche;-0,5199;1,3164;1,4127;0,0526;0,9487;-0,1943;0,2437;;False
363,64;22.85;pa030​;20250612_123326;1;Marche;-0,5103;1,3195;1,3955;0,0514;0,9494;-0,1916;0,2434;;False
363,66;22.86;pa030​;20250612_123326;1;Marche;-0,5009;1,3211;1,3774;0,0527;0,9516;-0,1757;0,2467;;False
363,67;22.88;pa030​;20250612_123326;1;Marche;-0,4919;1,3228;1,3610;0,0544;0,9521;-0,1673;0,2500;;False
363,68;22.89;pa030​;20250612_123326;1;Marche;-0,4837;1,3244;1,3450;0,0556;0,9516;-0,1653;0,2530;;False
363,70;22.9;pa030​;20250612_123326;1;Marche;-0,4765;1,3254;1,3287;0,0601;0,9502;-0,1661;0,2567;;False
363,71;22.92;pa030​;20250612_123326;1;Marche;-0,4699;1,3267;1,3126;0,0655;0,9486;-0,1692;0,2592;;False
363,73;22.93;pa030​;20250612_123326;1;Marche;-0,4640;1,3278;1,2963;0,0667;0,9475;-0,1729;0,2604;;False
363,74;22.95;pa030​;20250612_123326;1;Marche;-0,4585;1,3293;1,2800;0,0666;0,9468;-0,1778;0,2598;;False
363,75;22.96;pa030​;20250612_123326;1;Marche;-0,4535;1,3311;1,2639;0,0663;0,9460;-0,1838;0,2586;;False
363,77;22.97;pa030​;20250612_123326;1;Marche;-0,4487;1,3328;1,2483;0,0641;0,9458;-0,1885;0,2567;;False
363,78;22.99;pa030​;20250612_123326;1;Marche;-0,4443;1,3344;1,2329;0,0623;0,9456;-0,1921;0,2550;;False
363,79;23.0;pa030​;20250612_123326;1;Marche;-0,4399;1,3359;1,2177;0,0612;0,9458;-0,1934;0,2537;;False
363,81;23.01;pa030​;20250612_123326;1;Marche;-0,4356;1,3376;1,2025;0,0603;0,9462;-0,1925;0,2529;;False
363,82;23.03;pa030​;20250612_123326;1;Marche;-0,4313;1,3391;1,1874;0,0596;0,9469;-0,1900;0,2526;;False
363,84;23.04;pa030​;20250612_123326;1;Marche;-0,4272;1,3399;1,1726;0,0583;0,9475;-0,1874;0,2524;;False
363,85;23.06;pa030​;20250612_123326;1;Marche;-0,4234;1,3402;1,1579;0,0564;0,9482;-0,1858;0,2516;;False
363,86;23.07;pa030​;20250612_123326;1;Marche;-0,4197;1,3400;1,1434;0,0543;0,9487;-0,1853;0,2504;;False
363,88;23.08;pa030​;20250612_123326;1;Marche;-0,4164;1,3393;1,1289;0,0524;0,9491;-0,1863;0,2487;;False
363,89;23.1;pa030​;20250612_123326;1;Marche;-0,4131;1,3381;1,1145;0,0505;0,9494;-0,1873;0,2468;;False
363,91;23.11;pa030​;20250612_123326;1;Marche;-0,4099;1,3367;1,1001;0,0485;0,9498;-0,1887;0,2449;;False
363,92;23.13;pa030​;20250612_123326;1;Marche;-0,4069;1,3351;1,0860;0,0468;0,9501;-0,1898;0,2430;;False
363,93;23.14;pa030​;20250612_123326;1;Marche;-0,4040;1,3334;1,0721;0,0454;0,9505;-0,1906;0,2411;;False
363,95;23.15;pa030​;20250612_123326;1;Marche;-0,4011;1,3315;1,0579;0,0441;0,9509;-0,1912;0,2392;;False
363,96;23.17;pa030​;20250612_123326;1;Marche;-0,3982;1,3295;1,0435;0,0431;0,9513;-0,1913;0,2379;;False
363,97;23.18;pa030​;20250612_123326;1;Marche;-0,3955;1,3277;1,0290;0,0424;0,9515;-0,1916;0,2367;;False
363,99;23.2;pa030​;20250612_123326;1;Marche;-0,3929;1,3259;1,0144;0,0416;0,9519;-0,1908;0,2361;;False
364,00;23.21;pa030​;20250612_123326;1;Marche;-0,3903;1,3240;0,9997;0,0406;0,9523;-0,1894;0,2357;;False
364,02;23.22;pa030​;20250612_123326;1;Marche;-0,3879;1,3226;0,9849;0,0403;0,9522;-0,1891;0,2363;;False
364,03;23.24;pa030​;20250612_123326;1;Marche;-0,3854;1,3212;0,9698;0,0402;0,9520;-0,1887;0,2378;;False
364,04;23.25;pa030​;20250612_123326;1;Marche;-0,3831;1,3200;0,9546;0,0394;0,9517;-0,1873;0,2399;;False
364,06;23.26;pa030​;20250612_123326;1;Marche;-0,3810;1,3191;0,9392;0,0385;0,9514;-0,1864;0,2421;;False
364,07;23.28;pa030​;20250612_123326;1;Marche;-0,3790;1,3187;0,9232;0,0381;0,9506;-0,1878;0,2441;;False
364,08;23.29;pa030​;20250612_123326;1;Marche;-0,3771;1,3188;0,9073;0,0370;0,9500;-0,1903;0,2450;;False
364,10;23.31;pa030​;20250612_123326;1;Marche;-0,3750;1,3202;0,8901;0,0369;0,9483;-0,1987;0,2446;;False
364,11;23.32;pa030​;20250612_123326;1;Marche;-0,3729;1,3219;0,8725;0,0350;0,9483;-0,2001;0,2438;;False
364,13;23.33;pa030​;20250612_123326;1;Marche;-0,3703;1,3232;0,8545;0,0307;0,9496;-0,1979;0,2410;;False
364,14;23.35;pa030​;20250612_123326;1;Marche;-0,3680;1,3244;0,8377;0,0276;0,9501;-0,2001;0,2376;;False
364,16;23.36;pa030​;20250612_123326;1;Marche;-0,3653;1,3257;0,8214;0,0275;0,9495;-0,2069;0,2341;;False
364,17;23.38;pa030​;20250612_123326;1;Marche;-0,3624;1,3266;0,8059;0,0270;0,9488;-0,2134;0,2313;;False
364,18;23.39;pa030​;20250612_123326;1;Marche;-0,3585;1,3274;0,7907;0,0268;0,9479;-0,2196;0,2292;;False
364,20;23.4;pa030​;20250612_123326;1;Marche;-0,3541;1,3285;0,7755;0,0271;0,9469;-0,2252;0,2277;;False
364,21;23.42;pa030​;20250612_123326;1;Marche;-0,3495;1,3297;0,7606;0,0278;0,9464;-0,2282;0,2271;;False
364,23;23.43;pa030​;20250612_123326;1;Marche;-0,3446;1,3305;0,7457;0,0284;0,9464;-0,2293;0,2257;;False
364,24;23.44;pa030​;20250612_123326;1;Marche;-0,3397;1,3313;0,7314;0,0290;0,9461;-0,2325;0,2234;;False
364,25;23.46;pa030​;20250612_123326;1;Marche;-0,3346;1,3319;0,7174;0,0310;0,9456;-0,2366;0,2209;;False
364,27;23.47;pa030​;20250612_123326;1;Marche;-0,3295;1,3323;0,7039;0,0351;0,9447;-0,2409;0,2198;;False
364,28;23.49;pa030​;20250612_123326;1;Marche;-0,3247;1,3323;0,6908;0,0381;0,9435;-0,2458;0,2188;;False
364,30;23.5;pa030​;20250612_123326;1;Marche;-0,3198;1,3319;0,6782;0,0420;0,9424;-0,2503;0,2179;;False
364,31;23.51;pa030​;20250612_123326;1;Marche;-0,3150;1,3314;0,6656;0,0456;0,9413;-0,2548;0,2168;;False
364,32;23.53;pa030​;20250612_123326;1;Marche;-0,3103;1,3307;0,6536;0,0492;0,9403;-0,2585;0,2159;;False
364,34;23.54;pa030​;20250612_123326;1;Marche;-0,3055;1,3299;0,6419;0,0524;0,9394;-0,2615;0,2156;;False
364,35;23.56;pa030​;20250612_123326;1;Marche;-0,3006;1,3291;0,6303;0,0556;0,9383;-0,2641;0,2163;;False
364,36;23.57;pa030​;20250612_123326;1;Marche;-0,2957;1,3282;0,6191;0,0587;0,9372;-0,2653;0,2187;;False
364,38;23.58;pa030​;20250612_123326;1;Marche;-0,2909;1,3272;0,6081;0,0615;0,9359;-0,2663;0,2220;;False
364,39;23.6;pa030​;20250612_123326;1;Marche;-0,2860;1,3262;0,5974;0,0643;0,9346;-0,2667;0,2263;;False
364,41;23.61;pa030​;20250612_123326;1;Marche;-0,2810;1,3253;0,5868;0,0661;0,9334;-0,2670;0,2304;;False
364,42;23.63;pa030​;20250612_123326;1;Marche;-0,2760;1,3244;0,5763;0,0683;0,9321;-0,2667;0,2353;;False
364,43;23.64;pa030​;20250612_123326;1;Marche;-0,2710;1,3232;0,5658;0,0700;0,9311;-0,2650;0,2405;;False
364,45;23.65;pa030​;20250612_123326;1;Marche;-0,2661;1,3221;0,5553;0,0712;0,9301;-0,2627;0,2465;Collision avec Debut - Objet Parent SceneAnchor;False
364,46;23.67;pa030​;20250612_123326;1;Marche;-0,2609;1,3211;0,5450;0,0724;0,9294;-0,2594;0,2523;Collision avec Debut - Objet Parent SceneAnchor;False
364,47;23.68;pa030​;20250612_123326;1;Marche;-0,2556;1,3199;0,5346;0,0729;0,9288;-0,2558;0,2579;Collision avec Debut - Objet Parent SceneAnchor;False
364,49;23.7;pa030​;20250612_123326;1;Marche;-0,2500;1,3186;0,5243;0,0724;0,9284;-0,2527;0,2626;Collision avec Debut - Objet Parent SceneAnchor;False
364,50;23.71;pa030​;20250612_123326;1;Marche;-0,2453;1,3175;0,5129;0,0668;0,9274;-0,2528;0,2676;Collision avec Debut - Objet Parent SceneAnchor;False
364,52;23.72;pa030​;20250612_123326;1;Marche;-0,2381;1,3156;0,5044;0,0723;0,9303;-0,2405;0,2672;Collision avec Debut - Objet Parent SceneAnchor;False
364,53;23.74;pa030​;20250612_123326;1;Marche;-0,2324;1,3149;0,4927;0,0725;0,9282;-0,2415;0,2738;Collision avec Debut - Objet Parent SceneAnchor;False
364,54;23.75;pa030​;20250612_123326;1;Marche;-0,2254;1,3143;0,4821;0,0722;0,9279;-0,2399;0,2762;Collision avec Debut - Objet Parent SceneAnchor;False
364,56;23.77;pa030​;20250612_123326;1;Marche;-0,2180;1,3133;0,4712;0,0744;0,9279;-0,2340;0,2807;Collision avec Debut - Objet Parent SceneAnchor;False
364,57;23.78;pa030​;20250612_123326;1;Marche;-0,2106;1,3128;0,4603;0,0772;0,9271;-0,2298;0,2859;Collision avec Debut - Objet Parent SceneAnchor;False
