Timestamp;ElapsedTime;ID_Subject;ID_Session;sessionNumber;ID_Test;HeadPosition_X;HeadPosition_Y;HeadPosition_Z;HeadRotation_X;HeadRotation_Y;HeadRotation_Z;HeadRotation_W;Events;FalseStart
974,20;0.0;pa016​;20250417_161114;1;Marche2;-0,0299;1,6458;0,1289;0,1367;0,0088;-0,0196;-0,9904;;False
974,23;0.03;pa016​;20250417_161114;1;Marche2;-0,0304;1,6456;0,1295;0,1363;0,0099;-0,0199;-0,9904;;False
974,24;0.04;pa016​;20250417_161114;1;Marche2;-0,0307;1,6456;0,1299;0,1358;0,0105;-0,0200;-0,9905;;False
974,25;0.06;pa016​;20250417_161114;1;Marche2;-0,0310;1,6456;0,1303;0,1354;0,0110;-0,0202;-0,9905;;False
974,27;0.07;pa016​;20250417_161114;1;Marche2;-0,0314;1,6456;0,1307;0,1348;0,0113;-0,0204;-0,9906;;False
974,28;0.08;pa016​;20250417_161114;1;Marche2;-0,0316;1,6454;0,1310;0,1341;0,0116;-0,0206;-0,9907;;False
974,30;0.1;pa016​;20250417_161114;1;Marche2;-0,0318;1,6453;0,1314;0,1335;0,0119;-0,0207;-0,9908;;False
974,31;0.11;pa016​;20250417_161114;1;Marche2;-0,0320;1,6452;0,1318;0,1331;0,0119;-0,0209;-0,9908;;False
974,32;0.13;pa016​;20250417_161114;1;Marche2;-0,0322;1,6451;0,1321;0,1327;0,0120;-0,0211;-0,9909;;False
974,34;0.14;pa016​;20250417_161114;1;Marche2;-0,0324;1,6451;0,1325;0,1321;0,0118;-0,0215;-0,9909;;False
974,35;0.15;pa016​;20250417_161114;1;Marche2;-0,0327;1,6450;0,1328;0,1319;0,0117;-0,0216;-0,9910;;False
974,37;0.17;pa016​;20250417_161114;1;Marche2;-0,0329;1,6450;0,1331;0,1318;0,0118;-0,0219;-0,9910;;False
974,38;0.18;pa016​;20250417_161114;1;Marche2;-0,0331;1,6450;0,1334;0,1318;0,0117;-0,0221;-0,9910;;False
974,39;0.19;pa016​;20250417_161114;1;Marche2;-0,0332;1,6449;0,1337;0,1320;0,0119;-0,0224;-0,9909;;False
974,41;0.21;pa016​;20250417_161114;1;Marche2;-0,0333;1,6449;0,1339;0,1323;0,0120;-0,0224;-0,9909;;False
974,42;0.22;pa016​;20250417_161114;1;Marche2;-0,0334;1,6448;0,1341;0,1325;0,0123;-0,0225;-0,9908;;False
974,43;0.24;pa016​;20250417_161114;1;Marche2;-0,0335;1,6448;0,1344;0,1327;0,0127;-0,0224;-0,9908;;False
974,45;0.25;pa016​;20250417_161114;1;Marche2;-0,0336;1,6449;0,1345;0,1329;0,0128;-0,0221;-0,9908;;False
974,46;0.26;pa016​;20250417_161114;1;Marche2;-0,0336;1,6450;0,1346;0,1332;0,0131;-0,0219;-0,9908;;False
974,48;0.28;pa016​;20250417_161114;1;Marche2;-0,0336;1,6450;0,1348;0,1335;0,0132;-0,0216;-0,9907;;False
974,49;0.29;pa016​;20250417_161114;1;Marche2;-0,0335;1,6450;0,1348;0,1337;0,0133;-0,0214;-0,9907;;False
974,50;0.31;pa016​;20250417_161114;1;Marche2;-0,0335;1,6450;0,1349;0,1341;0,0133;-0,0213;-0,9906;;False
974,52;0.32;pa016​;20250417_161114;1;Marche2;-0,0334;1,6450;0,1348;0,1344;0,0133;-0,0212;-0,9906;;False
974,53;0.33;pa016​;20250417_161114;1;Marche2;-0,0334;1,6450;0,1348;0,1348;0,0132;-0,0210;-0,9906;;False
974,55;0.35;pa016​;20250417_161114;1;Marche2;-0,0333;1,6451;0,1347;0,1353;0,0131;-0,0210;-0,9905;;False
974,56;0.36;pa016​;20250417_161114;1;Marche2;-0,0332;1,6452;0,1345;0,1359;0,0129;-0,0210;-0,9904;;False
974,57;0.37;pa016​;20250417_161114;1;Marche2;-0,0331;1,6453;0,1344;0,1366;0,0127;-0,0209;-0,9903;;False
974,59;0.39;pa016​;20250417_161114;1;Marche2;-0,0330;1,6454;0,1343;0,1375;0,0125;-0,0208;-0,9902;;False
974,60;0.4;pa016​;20250417_161114;1;Marche2;-0,0329;1,6455;0,1341;0,1384;0,0123;-0,0207;-0,9901;;False
974,62;0.42;pa016​;20250417_161114;1;Marche2;-0,0327;1,6456;0,1339;0,1393;0,0121;-0,0204;-0,9900;;False
974,63;0.43;pa016​;20250417_161114;1;Marche2;-0,0325;1,6457;0,1337;0,1400;0,0121;-0,0203;-0,9899;;False
974,64;0.44;pa016​;20250417_161114;1;Marche2;-0,0324;1,6459;0,1335;0,1407;0,0115;-0,0201;-0,9898;;False
974,66;0.46;pa016​;20250417_161114;1;Marche2;-0,0322;1,6463;0,1333;0,1428;0,0114;-0,0192;-0,9895;;False
974,67;0.47;pa016​;20250417_161114;1;Marche2;-0,0321;1,6465;0,1331;0,1436;0,0112;-0,0188;-0,9894;;False
974,68;0.49;pa016​;20250417_161114;1;Marche2;-0,0319;1,6466;0,1329;0,1438;0,0113;-0,0185;-0,9894;;False
974,70;0.5;pa016​;20250417_161114;1;Marche2;-0,0318;1,6465;0,1327;0,1438;0,0112;-0,0182;-0,9894;;False
974,71;0.51;pa016​;20250417_161114;1;Marche2;-0,0317;1,6465;0,1325;0,1437;0,0112;-0,0179;-0,9894;;False
974,73;0.53;pa016​;20250417_161114;1;Marche2;-0,0316;1,6464;0,1323;0,1437;0,0112;-0,0177;-0,9894;;False
974,74;0.54;pa016​;20250417_161114;1;Marche2;-0,0316;1,6465;0,1322;0,1439;0,0111;-0,0175;-0,9894;;False
974,76;0.56;pa016​;20250417_161114;1;Marche2;-0,0316;1,6465;0,1321;0,1442;0,0110;-0,0173;-0,9893;;False
974,77;0.57;pa016​;20250417_161114;1;Marche2;-0,0316;1,6465;0,1320;0,1440;0,0107;-0,0175;-0,9894;;False
974,78;0.58;pa016​;20250417_161114;1;Marche2;-0,0315;1,6465;0,1320;0,1447;0,0105;-0,0176;-0,9893;;False
974,80;0.6;pa016​;20250417_161114;1;Marche2;-0,0315;1,6465;0,1319;0,1447;0,0104;-0,0178;-0,9893;;False
974,81;0.61;pa016​;20250417_161114;1;Marche2;-0,0315;1,6465;0,1318;0,1447;0,0104;-0,0178;-0,9893;;False
974,82;0.63;pa016​;20250417_161114;1;Marche2;-0,0315;1,6466;0,1317;0,1448;0,0105;-0,0178;-0,9892;;False
974,84;0.64;pa016​;20250417_161114;1;Marche2;-0,0315;1,6467;0,1316;0,1456;0,0107;-0,0181;-0,9891;;False
974,85;0.65;pa016​;20250417_161114;1;Marche2;-0,0316;1,6468;0,1315;0,1462;0,0110;-0,0180;-0,9890;;False
974,87;0.67;pa016​;20250417_161114;1;Marche2;-0,0317;1,6469;0,1315;0,1466;0,0112;-0,0176;-0,9890;;False
974,88;0.68;pa016​;20250417_161114;1;Marche2;-0,0318;1,6470;0,1314;0,1467;0,0113;-0,0175;-0,9890;;False
974,89;0.69;pa016​;20250417_161114;1;Marche2;-0,0318;1,6471;0,1313;0,1471;0,0115;-0,0173;-0,9889;;False
974,91;0.71;pa016​;20250417_161114;1;Marche2;-0,0318;1,6471;0,1313;0,1476;0,0115;-0,0171;-0,9888;;False
974,92;0.72;pa016​;20250417_161114;1;Marche2;-0,0318;1,6470;0,1312;0,1471;0,0114;-0,0171;-0,9889;;False
974,93;0.74;pa016​;20250417_161114;1;Marche2;-0,0319;1,6470;0,1311;0,1471;0,0114;-0,0170;-0,9889;;False
974,95;0.75;pa016​;20250417_161114;1;Marche2;-0,0320;1,6470;0,1310;0,1470;0,0114;-0,0169;-0,9889;;False
974,96;0.76;pa016​;20250417_161114;1;Marche2;-0,0321;1,6470;0,1309;0,1471;0,0113;-0,0169;-0,9889;;False
974,98;0.78;pa016​;20250417_161114;1;Marche2;-0,0322;1,6470;0,1308;0,1472;0,0114;-0,0170;-0,9889;;False
974,99;0.79;pa016​;20250417_161114;1;Marche2;-0,0323;1,6470;0,1307;0,1473;0,0114;-0,0177;-0,9889;;False
975,00;0.8;pa016​;20250417_161114;1;Marche2;-0,0324;1,6470;0,1305;0,1477;0,0117;-0,0178;-0,9888;;False
975,02;0.82;pa016​;20250417_161114;1;Marche2;-0,0325;1,6470;0,1304;0,1482;0,0119;-0,0182;-0,9887;;False
975,03;0.83;pa016​;20250417_161114;1;Marche2;-0,0326;1,6471;0,1302;0,1488;0,0123;-0,0186;-0,9886;;False
975,05;0.85;pa016​;20250417_161114;1;Marche2;-0,0328;1,6472;0,1300;0,1493;0,0127;-0,0190;-0,9885;;False
975,06;0.86;pa016​;20250417_161114;1;Marche2;-0,0329;1,6474;0,1298;0,1501;0,0132;-0,0194;-0,9884;;False
975,07;0.87;pa016​;20250417_161114;1;Marche2;-0,0330;1,6476;0,1296;0,1512;0,0137;-0,0195;-0,9882;;False
975,09;0.89;pa016​;20250417_161114;1;Marche2;-0,0330;1,6479;0,1293;0,1525;0,0141;-0,0197;-0,9880;;False
975,10;0.9;pa016​;20250417_161114;1;Marche2;-0,0331;1,6480;0,1290;0,1533;0,0146;-0,0196;-0,9879;;False
975,12;0.92;pa016​;20250417_161114;1;Marche2;-0,0330;1,6481;0,1286;0,1543;0,0151;-0,0195;-0,9877;;False
975,13;0.93;pa016​;20250417_161114;1;Marche2;-0,0331;1,6482;0,1283;0,1550;0,0155;-0,0193;-0,9876;;False
975,14;0.94;pa016​;20250417_161114;1;Marche2;-0,0331;1,6485;0,1280;0,1559;0,0159;-0,0190;-0,9875;;False
975,16;0.96;pa016​;20250417_161114;1;Marche2;-0,0331;1,6486;0,1277;0,1569;0,0164;-0,0187;-0,9873;;False
975,17;0.97;pa016​;20250417_161114;1;Marche2;-0,0331;1,6487;0,1274;0,1577;0,0170;-0,0184;-0,9872;;False
975,18;0.99;pa016​;20250417_161114;1;Marche2;-0,0331;1,6488;0,1270;0,1582;0,0174;-0,0181;-0,9871;;False
975,20;1.0;pa016​;20250417_161114;1;Marche2;-0,0330;1,6488;0,1267;0,1586;0,0178;-0,0177;-0,9870;;False
975,21;1.01;pa016​;20250417_161114;1;Marche2;-0,0329;1,6489;0,1264;0,1589;0,0182;-0,0174;-0,9870;;False
975,23;1.03;pa016​;20250417_161114;1;Marche2;-0,0328;1,6489;0,1261;0,1592;0,0187;-0,0173;-0,9869;;False
975,24;1.04;pa016​;20250417_161114;1;Marche2;-0,0327;1,6490;0,1259;0,1593;0,0191;-0,0170;-0,9869;;False
975,25;1.06;pa016​;20250417_161114;1;Marche2;-0,0326;1,6490;0,1256;0,1595;0,0194;-0,0168;-0,9869;;False
975,27;1.07;pa016​;20250417_161114;1;Marche2;-0,0325;1,6490;0,1254;0,1596;0,0199;-0,0165;-0,9868;;False
975,28;1.08;pa016​;20250417_161114;1;Marche2;-0,0324;1,6490;0,1252;0,1594;0,0202;-0,0163;-0,9869;;False
975,30;1.1;pa016​;20250417_161114;1;Marche2;-0,0323;1,6490;0,1249;0,1592;0,0205;-0,0162;-0,9869;;False
975,31;1.11;pa016​;20250417_161114;1;Marche2;-0,0321;1,6489;0,1247;0,1589;0,0206;-0,0160;-0,9869;;False
975,32;1.13;pa016​;20250417_161114;1;Marche2;-0,0320;1,6489;0,1245;0,1588;0,0208;-0,0158;-0,9870;;False
975,34;1.14;pa016​;20250417_161114;1;Marche2;-0,0318;1,6489;0,1243;0,1583;0,0205;-0,0159;-0,9871;;False
975,35;1.15;pa016​;20250417_161114;1;Marche2;-0,0316;1,6489;0,1241;0,1586;0,0208;-0,0155;-0,9870;;False
975,36;1.17;pa016​;20250417_161114;1;Marche2;-0,0313;1,6489;0,1239;0,1583;0,0205;-0,0156;-0,9871;;False
975,38;1.18;pa016​;20250417_161114;1;Marche2;-0,0311;1,6489;0,1236;0,1583;0,0205;-0,0154;-0,9871;;False
975,39;1.19;pa016​;20250417_161114;1;Marche2;-0,0309;1,6489;0,1234;0,1582;0,0201;-0,0155;-0,9871;;False
975,41;1.21;pa016​;20250417_161114;1;Marche2;-0,0306;1,6488;0,1232;0,1582;0,0199;-0,0155;-0,9871;;False
975,42;1.22;pa016​;20250417_161114;1;Marche2;-0,0304;1,6488;0,1230;0,1579;0,0196;-0,0154;-0,9871;;False
975,43;1.24;pa016​;20250417_161114;1;Marche2;-0,0302;1,6487;0,1229;0,1578;0,0194;-0,0153;-0,9872;;False
975,45;1.25;pa016​;20250417_161114;1;Marche2;-0,0299;1,6487;0,1227;0,1575;0,0191;-0,0152;-0,9872;;False
975,46;1.26;pa016​;20250417_161114;1;Marche2;-0,0295;1,6486;0,1226;0,1571;0,0190;-0,0151;-0,9873;;False
975,48;1.28;pa016​;20250417_161114;1;Marche2;-0,0293;1,6486;0,1225;0,1563;0,0190;-0,0151;-0,9874;;False
975,49;1.29;pa016​;20250417_161114;1;Marche2;-0,0291;1,6485;0,1223;0,1557;0,0189;-0,0150;-0,9875;;False
975,50;1.3;pa016​;20250417_161114;1;Marche2;-0,0289;1,6484;0,1222;0,1553;0,0190;-0,0151;-0,9876;;False
975,52;1.32;pa016​;20250417_161114;1;Marche2;-0,0288;1,6484;0,1221;0,1550;0,0191;-0,0151;-0,9876;;False
975,53;1.33;pa016​;20250417_161114;1;Marche2;-0,0286;1,6483;0,1220;0,1549;0,0191;-0,0148;-0,9876;;False
975,55;1.35;pa016​;20250417_161114;1;Marche2;-0,0285;1,6483;0,1220;0,1543;0,0191;-0,0145;-0,9877;;False
975,56;1.36;pa016​;20250417_161114;1;Marche2;-0,0283;1,6482;0,1219;0,1538;0,0192;-0,0147;-0,9878;;False
975,57;1.37;pa016​;20250417_161114;1;Marche2;-0,0282;1,6482;0,1218;0,1535;0,0191;-0,0144;-0,9879;;False
975,59;1.39;pa016​;20250417_161114;1;Marche2;-0,0281;1,6480;0,1217;0,1529;0,0191;-0,0142;-0,9879;;False
975,60;1.4;pa016​;20250417_161114;1;Marche2;-0,0281;1,6479;0,1216;0,1523;0,0190;-0,0144;-0,9880;;False
975,61;1.42;pa016​;20250417_161114;1;Marche2;-0,0280;1,6477;0,1214;0,1515;0,0191;-0,0145;-0,9882;;False
975,63;1.43;pa016​;20250417_161114;1;Marche2;-0,0279;1,6476;0,1213;0,1511;0,0190;-0,0147;-0,9882;;False
975,64;1.44;pa016​;20250417_161114;1;Marche2;-0,0278;1,6475;0,1212;0,1503;0,0190;-0,0148;-0,9883;;False
975,66;1.46;pa016​;20250417_161114;1;Marche2;-0,0278;1,6474;0,1211;0,1497;0,0190;-0,0151;-0,9884;;False
975,67;1.47;pa016​;20250417_161114;1;Marche2;-0,0277;1,6472;0,1210;0,1492;0,0188;-0,0153;-0,9885;;False
975,68;1.49;pa016​;20250417_161114;1;Marche2;-0,0277;1,6471;0,1208;0,1486;0,0187;-0,0153;-0,9886;;False
975,70;1.5;pa016​;20250417_161114;1;Marche2;-0,0276;1,6470;0,1206;0,1482;0,0187;-0,0152;-0,9887;;False
975,71;1.51;pa016​;20250417_161114;1;Marche2;-0,0275;1,6469;0,1204;0,1478;0,0186;-0,0153;-0,9887;;False
975,73;1.53;pa016​;20250417_161114;1;Marche2;-0,0275;1,6469;0,1201;0,1475;0,0187;-0,0157;-0,9888;;False
975,74;1.54;pa016​;20250417_161114;1;Marche2;-0,0274;1,6468;0,1199;0,1475;0,0187;-0,0156;-0,9888;;False
975,75;1.56;pa016​;20250417_161114;1;Marche2;-0,0274;1,6468;0,1198;0,1473;0,0187;-0,0156;-0,9888;;False
975,77;1.57;pa016​;20250417_161114;1;Marche2;-0,0274;1,6468;0,1196;0,1474;0,0188;-0,0155;-0,9888;;False
975,78;1.58;pa016​;20250417_161114;1;Marche2;-0,0273;1,6468;0,1194;0,1474;0,0189;-0,0155;-0,9888;;False
975,80;1.6;pa016​;20250417_161114;1;Marche2;-0,0273;1,6468;0,1192;0,1475;0,0190;-0,0155;-0,9888;;False
975,81;1.61;pa016​;20250417_161114;1;Marche2;-0,0273;1,6467;0,1189;0,1476;0,0191;-0,0154;-0,9887;;False
975,82;1.62;pa016​;20250417_161114;1;Marche2;-0,0273;1,6467;0,1187;0,1476;0,0192;-0,0155;-0,9887;;False
975,84;1.64;pa016​;20250417_161114;1;Marche2;-0,0273;1,6466;0,1185;0,1475;0,0193;-0,0155;-0,9887;;False
975,85;1.65;pa016​;20250417_161114;1;Marche2;-0,0272;1,6466;0,1183;0,1474;0,0194;-0,0155;-0,9888;;False
975,86;1.67;pa016​;20250417_161114;1;Marche2;-0,0272;1,6465;0,1181;0,1470;0,0195;-0,0156;-0,9888;;False
975,88;1.68;pa016​;20250417_161114;1;Marche2;-0,0272;1,6464;0,1179;0,1468;0,0197;-0,0156;-0,9888;;False
975,89;1.69;pa016​;20250417_161114;1;Marche2;-0,0271;1,6464;0,1178;0,1466;0,0198;-0,0156;-0,9889;;False
975,91;1.71;pa016​;20250417_161114;1;Marche2;-0,0272;1,6463;0,1176;0,1464;0,0200;-0,0155;-0,9889;;False
975,92;1.72;pa016​;20250417_161114;1;Marche2;-0,0272;1,6462;0,1175;0,1461;0,0202;-0,0154;-0,9889;;False
975,94;1.74;pa016​;20250417_161114;1;Marche2;-0,0272;1,6461;0,1174;0,1458;0,0203;-0,0154;-0,9890;;False
975,95;1.75;pa016​;20250417_161114;1;Marche2;-0,0272;1,6460;0,1174;0,1454;0,0205;-0,0153;-0,9890;;False
975,97;1.77;pa016​;20250417_161114;1;Marche2;-0,0273;1,6459;0,1173;0,1451;0,0205;-0,0153;-0,9891;;False
975,98;1.78;pa016​;20250417_161114;1;Marche2;-0,0273;1,6458;0,1172;0,1448;0,0207;-0,0153;-0,9891;;False
975,99;1.79;pa016​;20250417_161114;1;Marche2;-0,0273;1,6458;0,1171;0,1445;0,0206;-0,0153;-0,9892;;False
976,00;1.81;pa016​;20250417_161114;1;Marche2;-0,0273;1,6457;0,1170;0,1441;0,0206;-0,0153;-0,9892;;False
976,02;1.82;pa016​;20250417_161114;1;Marche2;-0,0273;1,6456;0,1169;0,1437;0,0206;-0,0153;-0,9893;;False
976,03;1.83;pa016​;20250417_161114;1;Marche2;-0,0272;1,6455;0,1168;0,1433;0,0206;-0,0152;-0,9894;;False
976,05;1.85;pa016​;20250417_161114;1;Marche2;-0,0272;1,6453;0,1167;0,1427;0,0204;-0,0152;-0,9894;;False
976,06;1.86;pa016​;20250417_161114;1;Marche2;-0,0271;1,6453;0,1167;0,1424;0,0204;-0,0154;-0,9895;;False
976,07;1.87;pa016​;20250417_161114;1;Marche2;-0,0270;1,6452;0,1166;0,1421;0,0203;-0,0154;-0,9895;;False
976,09;1.89;pa016​;20250417_161114;1;Marche2;-0,0270;1,6451;0,1164;0,1419;0,0203;-0,0154;-0,9896;;False
976,10;1.9;pa016​;20250417_161114;1;Marche2;-0,0270;1,6451;0,1163;0,1417;0,0203;-0,0153;-0,9896;;False
976,11;1.92;pa016​;20250417_161114;1;Marche2;-0,0270;1,6450;0,1162;0,1416;0,0204;-0,0154;-0,9896;;False
976,13;1.93;pa016​;20250417_161114;1;Marche2;-0,0270;1,6449;0,1161;0,1414;0,0203;-0,0154;-0,9896;;False
976,14;1.94;pa016​;20250417_161114;1;Marche2;-0,0271;1,6448;0,1160;0,1412;0,0204;-0,0156;-0,9896;;False
976,16;1.96;pa016​;20250417_161114;1;Marche2;-0,0271;1,6448;0,1159;0,1410;0,0205;-0,0156;-0,9897;;False
976,17;1.97;pa016​;20250417_161114;1;Marche2;-0,0271;1,6447;0,1159;0,1407;0,0205;-0,0155;-0,9897;;False
976,19;1.99;pa016​;20250417_161114;1;Marche2;-0,0271;1,6446;0,1157;0,1407;0,0205;-0,0157;-0,9897;;False
976,20;2.0;pa016​;20250417_161114;1;Marche2;-0,0271;1,6446;0,1156;0,1408;0,0205;-0,0158;-0,9897;;False
976,21;2.01;pa016​;20250417_161114;1;Marche2;-0,0270;1,6446;0,1155;0,1408;0,0204;-0,0156;-0,9897;;False
976,23;2.03;pa016​;20250417_161114;1;Marche2;-0,0270;1,6445;0,1153;0,1409;0,0203;-0,0154;-0,9897;;False
976,24;2.04;pa016​;20250417_161114;1;Marche2;-0,0270;1,6445;0,1152;0,1408;0,0202;-0,0153;-0,9897;;False
976,25;2.05;pa016​;20250417_161114;1;Marche2;-0,0269;1,6446;0,1151;0,1408;0,0201;-0,0153;-0,9897;;False
976,27;2.07;pa016​;20250417_161114;1;Marche2;-0,0269;1,6445;0,1150;0,1407;0,0200;-0,0153;-0,9897;;False
976,28;2.08;pa016​;20250417_161114;1;Marche2;-0,0269;1,6444;0,1148;0,1405;0,0200;-0,0153;-0,9898;;False
976,30;2.1;pa016​;20250417_161114;1;Marche2;-0,0269;1,6443;0,1146;0,1398;0,0200;-0,0154;-0,9899;;False
976,31;2.11;pa016​;20250417_161114;1;Marche2;-0,0269;1,6442;0,1144;0,1397;0,0199;-0,0155;-0,9899;;False
976,32;2.12;pa016​;20250417_161114;1;Marche2;-0,0269;1,6442;0,1142;0,1397;0,0198;-0,0156;-0,9899;;False
976,34;2.14;pa016​;20250417_161114;1;Marche2;-0,0269;1,6441;0,1140;0,1394;0,0199;-0,0156;-0,9899;;False
976,35;2.15;pa016​;20250417_161114;1;Marche2;-0,0269;1,6441;0,1139;0,1392;0,0198;-0,0156;-0,9899;;False
976,36;2.17;pa016​;20250417_161114;1;Marche2;-0,0269;1,6442;0,1137;0,1392;0,0197;-0,0157;-0,9899;;False
976,38;2.18;pa016​;20250417_161114;1;Marche2;-0,0270;1,6441;0,1135;0,1392;0,0197;-0,0158;-0,9899;;False
976,39;2.19;pa016​;20250417_161114;1;Marche2;-0,0270;1,6441;0,1133;0,1389;0,0197;-0,0157;-0,9900;;False
976,41;2.21;pa016​;20250417_161114;1;Marche2;-0,0270;1,6440;0,1131;0,1390;0,0198;-0,0158;-0,9900;;False
976,42;2.22;pa016​;20250417_161114;1;Marche2;-0,0270;1,6440;0,1129;0,1391;0,0198;-0,0159;-0,9899;;False
976,43;2.24;pa016​;20250417_161114;1;Marche2;-0,0270;1,6440;0,1126;0,1392;0,0198;-0,0159;-0,9899;;False
976,45;2.25;pa016​;20250417_161114;1;Marche2;-0,0269;1,6441;0,1125;0,1393;0,0197;-0,0159;-0,9899;;False
976,46;2.27;pa016​;20250417_161114;1;Marche2;-0,0267;1,6442;0,1125;0,1394;0,0197;-0,0159;-0,9899;;False
976,48;2.28;pa016​;20250417_161114;1;Marche2;-0,0266;1,6442;0,1123;0,1395;0,0197;-0,0159;-0,9899;;False
976,49;2.29;pa016​;20250417_161114;1;Marche2;-0,0266;1,6442;0,1122;0,1395;0,0197;-0,0159;-0,9899;;False
976,50;2.31;pa016​;20250417_161114;1;Marche2;-0,0266;1,6442;0,1120;0,1396;0,0197;-0,0159;-0,9899;;False
976,52;2.32;pa016​;20250417_161114;1;Marche2;-0,0266;1,6442;0,1119;0,1396;0,0196;-0,0159;-0,9899;;False
976,53;2.33;pa016​;20250417_161114;1;Marche2;-0,0266;1,6443;0,1118;0,1396;0,0196;-0,0159;-0,9899;;False
976,55;2.35;pa016​;20250417_161114;1;Marche2;-0,0266;1,6442;0,1116;0,1393;0,0195;-0,0160;-0,9899;;False
976,56;2.36;pa016​;20250417_161114;1;Marche2;-0,0266;1,6442;0,1115;0,1392;0,0195;-0,0161;-0,9899;;False
976,57;2.37;pa016​;20250417_161114;1;Marche2;-0,0266;1,6442;0,1114;0,1392;0,0194;-0,0162;-0,9899;;False
976,59;2.39;pa016​;20250417_161114;1;Marche2;-0,0265;1,6442;0,1113;0,1392;0,0193;-0,0162;-0,9899;;False
976,60;2.4;pa016​;20250417_161114;1;Marche2;-0,0264;1,6443;0,1112;0,1392;0,0192;-0,0162;-0,9899;;False
976,62;2.42;pa016​;20250417_161114;1;Marche2;-0,0264;1,6443;0,1110;0,1393;0,0191;-0,0163;-0,9899;;False
976,63;2.43;pa016​;20250417_161114;1;Marche2;-0,0263;1,6443;0,1109;0,1394;0,0189;-0,0162;-0,9899;;False
976,64;2.44;pa016​;20250417_161114;1;Marche2;-0,0263;1,6443;0,1107;0,1394;0,0189;-0,0162;-0,9899;;False
976,66;2.46;pa016​;20250417_161114;1;Marche2;-0,0263;1,6443;0,1106;0,1394;0,0188;-0,0163;-0,9899;;False
976,67;2.47;pa016​;20250417_161114;1;Marche2;-0,0263;1,6443;0,1105;0,1395;0,0187;-0,0163;-0,9899;;False
976,68;2.49;pa016​;20250417_161114;1;Marche2;-0,0262;1,6443;0,1104;0,1394;0,0187;-0,0162;-0,9899;;False
976,70;2.5;pa016​;20250417_161114;1;Marche2;-0,0262;1,6442;0,1102;0,1393;0,0186;-0,0161;-0,9899;;False
976,71;2.51;pa016​;20250417_161114;1;Marche2;-0,0262;1,6443;0,1100;0,1391;0,0186;-0,0161;-0,9900;;False
976,73;2.53;pa016​;20250417_161114;1;Marche2;-0,0262;1,6443;0,1098;0,1391;0,0185;-0,0161;-0,9900;;False
976,74;2.54;pa016​;20250417_161114;1;Marche2;-0,0262;1,6444;0,1096;0,1389;0,0185;-0,0162;-0,9900;;False
976,75;2.55;pa016​;20250417_161114;1;Marche2;-0,0261;1,6443;0,1094;0,1387;0,0185;-0,0162;-0,9900;;False
976,77;2.57;pa016​;20250417_161114;1;Marche2;-0,0261;1,6443;0,1092;0,1387;0,0185;-0,0161;-0,9900;;False
976,78;2.58;pa016​;20250417_161114;1;Marche2;-0,0261;1,6443;0,1091;0,1386;0,0185;-0,0161;-0,9900;;False
976,80;2.6;pa016​;20250417_161114;1;Marche2;-0,0261;1,6443;0,1089;0,1385;0,0185;-0,0162;-0,9901;;False
976,81;2.61;pa016​;20250417_161114;1;Marche2;-0,0261;1,6443;0,1087;0,1384;0,0185;-0,0163;-0,9901;;False
976,82;2.62;pa016​;20250417_161114;1;Marche2;-0,0261;1,6443;0,1086;0,1384;0,0185;-0,0163;-0,9901;;False
976,84;2.64;pa016​;20250417_161114;1;Marche2;-0,0261;1,6443;0,1084;0,1386;0,0185;-0,0163;-0,9900;;False
976,85;2.65;pa016​;20250417_161114;1;Marche2;-0,0262;1,6445;0,1083;0,1388;0,0185;-0,0161;-0,9900;;False
976,87;2.67;pa016​;20250417_161114;1;Marche2;-0,0262;1,6446;0,1082;0,1390;0,0186;-0,0162;-0,9900;;False
976,88;2.68;pa016​;20250417_161114;1;Marche2;-0,0262;1,6447;0,1081;0,1395;0,0185;-0,0164;-0,9899;;False
976,89;2.69;pa016​;20250417_161114;1;Marche2;-0,0262;1,6447;0,1079;0,1397;0,0186;-0,0162;-0,9899;;False
976,91;2.71;pa016​;20250417_161114;1;Marche2;-0,0263;1,6447;0,1078;0,1397;0,0188;-0,0160;-0,9899;;False
976,92;2.72;pa016​;20250417_161114;1;Marche2;-0,0264;1,6447;0,1077;0,1396;0,0188;-0,0160;-0,9899;;False
976,93;2.74;pa016​;20250417_161114;1;Marche2;-0,0264;1,6447;0,1076;0,1396;0,0190;-0,0161;-0,9899;;False
976,95;2.75;pa016​;20250417_161114;1;Marche2;-0,0265;1,6447;0,1075;0,1395;0,0190;-0,0160;-0,9899;;False
976,96;2.76;pa016​;20250417_161114;1;Marche2;-0,0265;1,6446;0,1073;0,1393;0,0191;-0,0160;-0,9899;;False
976,98;2.78;pa016​;20250417_161114;1;Marche2;-0,0267;1,6446;0,1072;0,1391;0,0191;-0,0162;-0,9900;;False
976,99;2.79;pa016​;20250417_161114;1;Marche2;-0,0268;1,6446;0,1071;0,1390;0,0192;-0,0163;-0,9900;;False
977,00;2.81;pa016​;20250417_161114;1;Marche2;-0,0269;1,6447;0,1070;0,1391;0,0192;-0,0164;-0,9900;;False
977,02;2.82;pa016​;20250417_161114;1;Marche2;-0,0270;1,6447;0,1069;0,1391;0,0193;-0,0164;-0,9900;;False
977,03;2.83;pa016​;20250417_161114;1;Marche2;-0,0271;1,6447;0,1067;0,1392;0,0193;-0,0164;-0,9899;;False
977,05;2.85;pa016​;20250417_161114;1;Marche2;-0,0272;1,6447;0,1065;0,1392;0,0193;-0,0164;-0,9899;;False
977,06;2.86;pa016​;20250417_161114;1;Marche2;-0,0273;1,6447;0,1064;0,1393;0,0195;-0,0164;-0,9899;;False
977,07;2.87;pa016​;20250417_161114;1;Marche2;-0,0275;1,6447;0,1062;0,1394;0,0195;-0,0164;-0,9899;;False
977,09;2.89;pa016​;20250417_161114;1;Marche2;-0,0276;1,6447;0,1061;0,1398;0,0197;-0,0166;-0,9898;;False
977,10;2.9;pa016​;20250417_161114;1;Marche2;-0,0277;1,6448;0,1059;0,1399;0,0197;-0,0167;-0,9898;;False
977,12;2.92;pa016​;20250417_161114;1;Marche2;-0,0278;1,6449;0,1058;0,1401;0,0199;-0,0168;-0,9898;;False
977,13;2.93;pa016​;20250417_161114;1;Marche2;-0,0280;1,6450;0,1057;0,1404;0,0199;-0,0169;-0,9898;;False
977,14;2.94;pa016​;20250417_161114;1;Marche2;-0,0282;1,6450;0,1056;0,1406;0,0199;-0,0169;-0,9897;;False
977,16;2.96;pa016​;20250417_161114;1;Marche2;-0,0283;1,6451;0,1055;0,1409;0,0199;-0,0168;-0,9897;;False
977,17;2.97;pa016​;20250417_161114;1;Marche2;-0,0284;1,6451;0,1054;0,1412;0,0201;-0,0170;-0,9896;;False
977,18;2.98;pa016​;20250417_161114;1;Marche2;-0,0286;1,6451;0,1054;0,1414;0,0200;-0,0171;-0,9896;;False
977,20;3.0;pa016​;20250417_161114;1;Marche2;-0,0288;1,6452;0,1053;0,1417;0,0201;-0,0171;-0,9896;;False
977,21;3.01;pa016​;20250417_161114;1;Marche2;-0,0290;1,6451;0,1053;0,1419;0,0202;-0,0173;-0,9895;;False
977,23;3.03;pa016​;20250417_161114;1;Marche2;-0,0291;1,6451;0,1052;0,1418;0,0204;-0,0172;-0,9895;;False
977,24;3.04;pa016​;20250417_161114;1;Marche2;-0,0292;1,6451;0,1052;0,1418;0,0205;-0,0174;-0,9895;;False
977,25;3.06;pa016​;20250417_161114;1;Marche2;-0,0294;1,6451;0,1052;0,1418;0,0207;-0,0176;-0,9895;;False
977,27;3.07;pa016​;20250417_161114;1;Marche2;-0,0296;1,6451;0,1052;0,1418;0,0209;-0,0177;-0,9895;;False
977,28;3.08;pa016​;20250417_161114;1;Marche2;-0,0297;1,6451;0,1052;0,1416;0,0210;-0,0176;-0,9895;;False
977,30;3.1;pa016​;20250417_161114;1;Marche2;-0,0298;1,6450;0,1052;0,1415;0,0212;-0,0176;-0,9896;;False
977,31;3.11;pa016​;20250417_161114;1;Marche2;-0,0300;1,6449;0,1052;0,1412;0,0213;-0,0175;-0,9896;;False
977,32;3.12;pa016​;20250417_161114;1;Marche2;-0,0301;1,6449;0,1053;0,1411;0,0214;-0,0175;-0,9896;;False
977,34;3.14;pa016​;20250417_161114;1;Marche2;-0,0303;1,6449;0,1053;0,1411;0,0215;-0,0176;-0,9896;;False
977,35;3.15;pa016​;20250417_161114;1;Marche2;-0,0304;1,6448;0,1053;0,1410;0,0215;-0,0175;-0,9896;;False
977,37;3.17;pa016​;20250417_161114;1;Marche2;-0,0305;1,6448;0,1053;0,1409;0,0215;-0,0176;-0,9896;;False
977,38;3.18;pa016​;20250417_161114;1;Marche2;-0,0307;1,6448;0,1054;0,1408;0,0215;-0,0176;-0,9896;;False
977,39;3.19;pa016​;20250417_161114;1;Marche2;-0,0310;1,6448;0,1055;0,1407;0,0215;-0,0176;-0,9897;;False
977,41;3.21;pa016​;20250417_161114;1;Marche2;-0,0312;1,6449;0,1056;0,1407;0,0215;-0,0177;-0,9897;;False
977,42;3.22;pa016​;20250417_161114;1;Marche2;-0,0313;1,6448;0,1057;0,1407;0,0214;-0,0178;-0,9897;;False
977,43;3.24;pa016​;20250417_161114;1;Marche2;-0,0315;1,6448;0,1058;0,1407;0,0213;-0,0178;-0,9897;;False
977,45;3.25;pa016​;20250417_161114;1;Marche2;-0,0317;1,6448;0,1060;0,1406;0,0214;-0,0181;-0,9897;;False
977,46;3.26;pa016​;20250417_161114;1;Marche2;-0,0320;1,6448;0,1061;0,1403;0,0214;-0,0183;-0,9897;;False
977,48;3.28;pa016​;20250417_161114;1;Marche2;-0,0322;1,6448;0,1062;0,1401;0,0215;-0,0185;-0,9897;;False
977,49;3.29;pa016​;20250417_161114;1;Marche2;-0,0324;1,6448;0,1064;0,1401;0,0217;-0,0187;-0,9897;;False
977,50;3.3;pa016​;20250417_161114;1;Marche2;-0,0327;1,6447;0,1066;0,1399;0,0218;-0,0189;-0,9897;;False
977,52;3.32;pa016​;20250417_161114;1;Marche2;-0,0329;1,6447;0,1068;0,1397;0,0220;-0,0189;-0,9898;;False
977,53;3.33;pa016​;20250417_161114;1;Marche2;-0,0331;1,6446;0,1071;0,1395;0,0223;-0,0191;-0,9898;;False
977,55;3.35;pa016​;20250417_161114;1;Marche2;-0,0333;1,6445;0,1075;0,1394;0,0225;-0,0194;-0,9898;;False
977,56;3.36;pa016​;20250417_161114;1;Marche2;-0,0335;1,6445;0,1078;0,1390;0,0228;-0,0199;-0,9898;;False
977,57;3.37;pa016​;20250417_161114;1;Marche2;-0,0336;1,6445;0,1081;0,1386;0,0232;-0,0201;-0,9899;;False
977,59;3.39;pa016​;20250417_161114;1;Marche2;-0,0339;1,6444;0,1084;0,1382;0,0233;-0,0199;-0,9899;;False
977,60;3.4;pa016​;20250417_161114;1;Marche2;-0,0340;1,6443;0,1087;0,1376;0,0234;-0,0196;-0,9900;;False
977,62;3.42;pa016​;20250417_161114;1;Marche2;-0,0341;1,6443;0,1091;0,1372;0,0234;-0,0198;-0,9901;;False
977,63;3.43;pa016​;20250417_161114;1;Marche2;-0,0343;1,6442;0,1094;0,1367;0,0233;-0,0199;-0,9901;;False
977,64;3.44;pa016​;20250417_161114;1;Marche2;-0,0344;1,6440;0,1098;0,1363;0,0235;-0,0198;-0,9902;;False
977,66;3.46;pa016​;20250417_161114;1;Marche2;-0,0346;1,6439;0,1101;0,1355;0,0234;-0,0200;-0,9903;;False
977,67;3.47;pa016​;20250417_161114;1;Marche2;-0,0348;1,6437;0,1105;0,1348;0,0234;-0,0202;-0,9904;;False
977,68;3.49;pa016​;20250417_161114;1;Marche2;-0,0349;1,6436;0,1108;0,1341;0,0234;-0,0202;-0,9905;;False
977,70;3.5;pa016​;20250417_161114;1;Marche2;-0,0349;1,6435;0,1111;0,1335;0,0233;-0,0205;-0,9906;;False
977,71;3.51;pa016​;20250417_161114;1;Marche2;-0,0351;1,6434;0,1114;0,1330;0,0232;-0,0206;-0,9906;;False
977,73;3.53;pa016​;20250417_161114;1;Marche2;-0,0351;1,6434;0,1117;0,1326;0,0232;-0,0208;-0,9907;;False
977,74;3.54;pa016​;20250417_161114;1;Marche2;-0,0352;1,6433;0,1120;0,1323;0,0232;-0,0209;-0,9907;;False
977,75;3.56;pa016​;20250417_161114;1;Marche2;-0,0352;1,6432;0,1122;0,1321;0,0232;-0,0210;-0,9907;;False
977,77;3.57;pa016​;20250417_161114;1;Marche2;-0,0352;1,6432;0,1125;0,1318;0,0234;-0,0210;-0,9908;;False
977,78;3.58;pa016​;20250417_161114;1;Marche2;-0,0353;1,6431;0,1128;0,1319;0,0235;-0,0211;-0,9908;;False
977,80;3.6;pa016​;20250417_161114;1;Marche2;-0,0353;1,6432;0,1131;0,1318;0,0235;-0,0212;-0,9908;;False
977,81;3.61;pa016​;20250417_161114;1;Marche2;-0,0354;1,6431;0,1134;0,1318;0,0237;-0,0211;-0,9908;;False
977,82;3.63;pa016​;20250417_161114;1;Marche2;-0,0354;1,6431;0,1137;0,1316;0,0238;-0,0209;-0,9908;;False
977,84;3.64;pa016​;20250417_161114;1;Marche2;-0,0354;1,6430;0,1139;0,1314;0,0238;-0,0206;-0,9908;;False
977,85;3.65;pa016​;20250417_161114;1;Marche2;-0,0354;1,6430;0,1143;0,1311;0,0239;-0,0204;-0,9909;;False
977,87;3.67;pa016​;20250417_161114;1;Marche2;-0,0355;1,6430;0,1146;0,1310;0,0237;-0,0203;-0,9909;;False
977,88;3.68;pa016​;20250417_161114;1;Marche2;-0,0355;1,6430;0,1148;0,1307;0,0236;-0,0202;-0,9909;;False
977,89;3.69;pa016​;20250417_161114;1;Marche2;-0,0355;1,6429;0,1151;0,1306;0,0236;-0,0202;-0,9909;;False
977,91;3.71;pa016​;20250417_161114;1;Marche2;-0,0354;1,6429;0,1154;0,1305;0,0234;-0,0200;-0,9910;;False
977,92;3.72;pa016​;20250417_161114;1;Marche2;-0,0354;1,6428;0,1157;0,1303;0,0233;-0,0201;-0,9910;;False
977,94;3.74;pa016​;20250417_161114;1;Marche2;-0,0354;1,6428;0,1159;0,1301;0,0232;-0,0202;-0,9910;;False
977,95;3.75;pa016​;20250417_161114;1;Marche2;-0,0354;1,6428;0,1161;0,1300;0,0231;-0,0203;-0,9910;;False
977,96;3.76;pa016​;20250417_161114;1;Marche2;-0,0354;1,6429;0,1164;0,1300;0,0231;-0,0203;-0,9910;;False
977,98;3.78;pa016​;20250417_161114;1;Marche2;-0,0354;1,6429;0,1166;0,1299;0,0232;-0,0202;-0,9911;;False
977,99;3.79;pa016​;20250417_161114;1;Marche2;-0,0354;1,6429;0,1168;0,1298;0,0232;-0,0202;-0,9911;;False
978,00;3.81;pa016​;20250417_161114;1;Marche2;-0,0353;1,6428;0,1170;0,1297;0,0233;-0,0201;-0,9911;;False
978,02;3.82;pa016​;20250417_161114;1;Marche2;-0,0353;1,6428;0,1172;0,1295;0,0236;-0,0200;-0,9911;;False
978,03;3.84;pa016​;20250417_161114;1;Marche2;-0,0352;1,6427;0,1174;0,1294;0,0237;-0,0200;-0,9911;;False
978,05;3.85;pa016​;20250417_161114;1;Marche2;-0,0352;1,6427;0,1176;0,1292;0,0238;-0,0199;-0,9911;;False
978,06;3.86;pa016​;20250417_161114;1;Marche2;-0,0352;1,6426;0,1177;0,1291;0,0239;-0,0197;-0,9911;;False
978,07;3.87;pa016​;20250417_161114;1;Marche2;-0,0351;1,6426;0,1179;0,1289;0,0240;-0,0194;-0,9912;;False
978,09;3.89;pa016​;20250417_161114;1;Marche2;-0,0351;1,6425;0,1180;0,1288;0,0240;-0,0194;-0,9912;;False
978,10;3.9;pa016​;20250417_161114;1;Marche2;-0,0350;1,6425;0,1181;0,1285;0,0241;-0,0193;-0,9912;;False
978,12;3.92;pa016​;20250417_161114;1;Marche2;-0,0350;1,6424;0,1182;0,1286;0,0241;-0,0192;-0,9912;;False
978,13;3.93;pa016​;20250417_161114;1;Marche2;-0,0349;1,6424;0,1182;0,1286;0,0240;-0,0193;-0,9912;;False
978,14;3.94;pa016​;20250417_161114;1;Marche2;-0,0348;1,6424;0,1183;0,1286;0,0240;-0,0192;-0,9912;;False
978,16;3.96;pa016​;20250417_161114;1;Marche2;-0,0348;1,6424;0,1183;0,1286;0,0240;-0,0192;-0,9912;;False
978,17;3.97;pa016​;20250417_161114;1;Marche2;-0,0347;1,6424;0,1183;0,1287;0,0240;-0,0192;-0,9912;;False
978,18;3.99;pa016​;20250417_161114;1;Marche2;-0,0347;1,6424;0,1183;0,1287;0,0240;-0,0191;-0,9912;;False
978,20;4.0;pa016​;20250417_161114;1;Marche2;-0,0346;1,6424;0,1184;0,1288;0,0240;-0,0190;-0,9912;;False
978,21;4.01;pa016​;20250417_161114;1;Marche2;-0,0346;1,6424;0,1184;0,1289;0,0240;-0,0191;-0,9912;;False
978,23;4.03;pa016​;20250417_161114;1;Marche2;-0,0346;1,6424;0,1185;0,1290;0,0241;-0,0191;-0,9912;;False
978,24;4.04;pa016​;20250417_161114;1;Marche2;-0,0347;1,6424;0,1185;0,1291;0,0241;-0,0191;-0,9912;;False
978,25;4.05;pa016​;20250417_161114;1;Marche2;-0,0348;1,6425;0,1186;0,1292;0,0242;-0,0191;-0,9911;;False
978,27;4.07;pa016​;20250417_161114;1;Marche2;-0,0349;1,6425;0,1187;0,1292;0,0243;-0,0194;-0,9911;;False
978,28;4.08;pa016​;20250417_161114;1;Marche2;-0,0349;1,6425;0,1188;0,1290;0,0244;-0,0198;-0,9911;;False
978,30;4.1;pa016​;20250417_161114;1;Marche2;-0,0349;1,6424;0,1189;0,1285;0,0246;-0,0195;-0,9912;;False
978,31;4.11;pa016​;20250417_161114;1;Marche2;-0,0349;1,6424;0,1190;0,1285;0,0246;-0,0192;-0,9912;;False
978,32;4.12;pa016​;20250417_161114;1;Marche2;-0,0349;1,6423;0,1191;0,1282;0,0246;-0,0191;-0,9913;;False
978,34;4.14;pa016​;20250417_161114;1;Marche2;-0,0349;1,6423;0,1192;0,1281;0,0246;-0,0192;-0,9913;;False
978,35;4.15;pa016​;20250417_161114;1;Marche2;-0,0350;1,6423;0,1193;0,1279;0,0248;-0,0192;-0,9913;;False
978,37;4.17;pa016​;20250417_161114;1;Marche2;-0,0350;1,6423;0,1194;0,1276;0,0250;-0,0194;-0,9913;;False
978,38;4.18;pa016​;20250417_161114;1;Marche2;-0,0351;1,6423;0,1195;0,1275;0,0250;-0,0195;-0,9913;;False
978,39;4.19;pa016​;20250417_161114;1;Marche2;-0,0351;1,6422;0,1196;0,1273;0,0251;-0,0197;-0,9914;;False
978,41;4.21;pa016​;20250417_161114;1;Marche2;-0,0351;1,6422;0,1197;0,1270;0,0250;-0,0200;-0,9914;;False
978,42;4.22;pa016​;20250417_161114;1;Marche2;-0,0351;1,6421;0,1198;0,1265;0,0250;-0,0202;-0,9914;;False
978,44;4.24;pa016​;20250417_161114;1;Marche2;-0,0351;1,6421;0,1199;0,1268;0,0251;-0,0203;-0,9914;;False
978,45;4.25;pa016​;20250417_161114;1;Marche2;-0,0352;1,6421;0,1200;0,1267;0,0251;-0,0204;-0,9914;;False
978,46;4.26;pa016​;20250417_161114;1;Marche2;-0,0353;1,6422;0,1202;0,1267;0,0253;-0,0205;-0,9914;;False
978,48;4.28;pa016​;20250417_161114;1;Marche2;-0,0353;1,6422;0,1202;0,1268;0,0254;-0,0205;-0,9914;;False
978,49;4.29;pa016​;20250417_161114;1;Marche2;-0,0353;1,6422;0,1203;0,1270;0,0255;-0,0204;-0,9914;;False
978,50;4.3;pa016​;20250417_161114;1;Marche2;-0,0353;1,6422;0,1204;0,1270;0,0256;-0,0204;-0,9914;;False
978,52;4.32;pa016​;20250417_161114;1;Marche2;-0,0352;1,6422;0,1204;0,1272;0,0258;-0,0203;-0,9913;;False
978,53;4.34;pa016​;20250417_161114;1;Marche2;-0,0352;1,6421;0,1205;0,1271;0,0259;-0,0202;-0,9913;;False
978,55;4.35;pa016​;20250417_161114;1;Marche2;-0,0350;1,6422;0,1206;0,1271;0,0260;-0,0199;-0,9914;;False
978,56;4.36;pa016​;20250417_161114;1;Marche2;-0,0349;1,6422;0,1207;0,1269;0,0259;-0,0198;-0,9914;;False
978,57;4.37;pa016​;20250417_161114;1;Marche2;-0,0347;1,6422;0,1209;0,1269;0,0259;-0,0197;-0,9914;;False
978,59;4.39;pa016​;20250417_161114;1;Marche2;-0,0346;1,6421;0,1210;0,1266;0,0259;-0,0197;-0,9914;;False
978,60;4.4;pa016​;20250417_161114;1;Marche2;-0,0345;1,6420;0,1211;0,1263;0,0258;-0,0197;-0,9915;;False
978,62;4.42;pa016​;20250417_161114;1;Marche2;-0,0344;1,6420;0,1212;0,1262;0,0257;-0,0197;-0,9915;;False
978,63;4.43;pa016​;20250417_161114;1;Marche2;-0,0343;1,6419;0,1213;0,1261;0,0256;-0,0196;-0,9915;;False
978,64;4.44;pa016​;20250417_161114;1;Marche2;-0,0343;1,6419;0,1213;0,1260;0,0254;-0,0195;-0,9915;;False
978,66;4.46;pa016​;20250417_161114;1;Marche2;-0,0342;1,6419;0,1214;0,1258;0,0255;-0,0195;-0,9915;;False
978,67;4.47;pa016​;20250417_161114;1;Marche2;-0,0342;1,6419;0,1214;0,1258;0,0254;-0,0195;-0,9915;;False
978,68;4.49;pa016​;20250417_161114;1;Marche2;-0,0341;1,6419;0,1215;0,1257;0,0255;-0,0195;-0,9916;;False
978,70;4.5;pa016​;20250417_161114;1;Marche2;-0,0340;1,6418;0,1216;0,1255;0,0256;-0,0194;-0,9916;;False
978,71;4.51;pa016​;20250417_161114;1;Marche2;-0,0339;1,6417;0,1216;0,1253;0,0257;-0,0192;-0,9916;;False
978,73;4.53;pa016​;20250417_161114;1;Marche2;-0,0338;1,6417;0,1217;0,1253;0,0256;-0,0191;-0,9916;;False
978,74;4.54;pa016​;20250417_161114;1;Marche2;-0,0336;1,6417;0,1217;0,1255;0,0259;-0,0188;-0,9916;;False
978,75;4.55;pa016​;20250417_161114;1;Marche2;-0,0334;1,6417;0,1218;0,1254;0,0259;-0,0186;-0,9916;;False
978,77;4.57;pa016​;20250417_161114;1;Marche2;-0,0331;1,6418;0,1219;0,1256;0,0258;-0,0186;-0,9916;;False
978,78;4.58;pa016​;20250417_161114;1;Marche2;-0,0330;1,6418;0,1218;0,1258;0,0258;-0,0184;-0,9915;;False
978,80;4.6;pa016​;20250417_161114;1;Marche2;-0,0329;1,6419;0,1218;0,1264;0,0257;-0,0183;-0,9915;;False
978,81;4.61;pa016​;20250417_161114;1;Marche2;-0,0327;1,6420;0,1218;0,1271;0,0258;-0,0183;-0,9914;;False
978,83;4.63;pa016​;20250417_161114;1;Marche2;-0,0326;1,6421;0,1217;0,1276;0,0258;-0,0181;-0,9913;;False
978,84;4.64;pa016​;20250417_161114;1;Marche2;-0,0325;1,6422;0,1217;0,1280;0,0258;-0,0180;-0,9913;;False
978,85;4.65;pa016​;20250417_161114;1;Marche2;-0,0323;1,6423;0,1215;0,1288;0,0258;-0,0178;-0,9912;;False
978,87;4.67;pa016​;20250417_161114;1;Marche2;-0,0322;1,6425;0,1214;0,1294;0,0258;-0,0177;-0,9911;;False
978,88;4.68;pa016​;20250417_161114;1;Marche2;-0,0321;1,6427;0,1213;0,1303;0,0257;-0,0175;-0,9910;;False
978,89;4.69;pa016​;20250417_161114;1;Marche2;-0,0319;1,6429;0,1212;0,1319;0,0257;-0,0175;-0,9908;;False
978,91;4.71;pa016​;20250417_161114;1;Marche2;-0,0318;1,6430;0,1211;0,1328;0,0257;-0,0173;-0,9907;;False
978,92;4.72;pa016​;20250417_161114;1;Marche2;-0,0317;1,6432;0,1210;0,1337;0,0256;-0,0171;-0,9905;;False
978,93;4.74;pa016​;20250417_161114;1;Marche2;-0,0315;1,6434;0,1208;0,1347;0,0256;-0,0169;-0,9904;;False
978,95;4.75;pa016​;20250417_161114;1;Marche2;-0,0314;1,6435;0,1207;0,1354;0,0255;-0,0168;-0,9903;;False
978,96;4.76;pa016​;20250417_161114;1;Marche2;-0,0313;1,6437;0,1206;0,1360;0,0253;-0,0167;-0,9902;;False
978,98;4.78;pa016​;20250417_161114;1;Marche2;-0,0311;1,6439;0,1204;0,1369;0,0251;-0,0165;-0,9901;;False
978,99;4.79;pa016​;20250417_161114;1;Marche2;-0,0309;1,6440;0,1203;0,1373;0,0250;-0,0165;-0,9901;;False
979,00;4.81;pa016​;20250417_161114;1;Marche2;-0,0308;1,6441;0,1201;0,1380;0,0249;-0,0161;-0,9900;;False
979,02;4.82;pa016​;20250417_161114;1;Marche2;-0,0306;1,6442;0,1200;0,1385;0,0247;-0,0165;-0,9899;;False
979,03;4.83;pa016​;20250417_161114;1;Marche2;-0,0304;1,6443;0,1198;0,1392;0,0246;-0,0163;-0,9898;;False
979,05;4.85;pa016​;20250417_161114;1;Marche2;-0,0302;1,6444;0,1198;0,1397;0,0243;-0,0159;-0,9898;;False
979,06;4.86;pa016​;20250417_161114;1;Marche2;-0,0300;1,6445;0,1197;0,1402;0,0241;-0,0155;-0,9897;;False
979,07;4.87;pa016​;20250417_161114;1;Marche2;-0,0297;1,6446;0,1196;0,1404;0,0239;-0,0153;-0,9897;;False
979,09;4.89;pa016​;20250417_161114;1;Marche2;-0,0296;1,6447;0,1195;0,1408;0,0236;-0,0151;-0,9896;;False
979,10;4.9;pa016​;20250417_161114;1;Marche2;-0,0294;1,6447;0,1195;0,1410;0,0234;-0,0149;-0,9896;;False
979,12;4.92;pa016​;20250417_161114;1;Marche2;-0,0293;1,6447;0,1194;0,1411;0,0232;-0,0149;-0,9896;;False
979,13;4.93;pa016​;20250417_161114;1;Marche2;-0,0291;1,6447;0,1193;0,1412;0,0230;-0,0148;-0,9896;;False
979,14;4.94;pa016​;20250417_161114;1;Marche2;-0,0289;1,6447;0,1192;0,1411;0,0229;-0,0148;-0,9896;;False
979,16;4.96;pa016​;20250417_161114;1;Marche2;-0,0287;1,6447;0,1191;0,1411;0,0227;-0,0148;-0,9896;;False
979,17;4.97;pa016​;20250417_161114;1;Marche2;-0,0285;1,6446;0,1190;0,1409;0,0225;-0,0149;-0,9897;;False
979,18;4.99;pa016​;20250417_161114;1;Marche2;-0,0284;1,6446;0,1189;0,1406;0,0224;-0,0149;-0,9897;;False
979,20;5.0;pa016​;20250417_161114;1;Marche2;-0,0283;1,6445;0,1189;0,1402;0,0224;-0,0147;-0,9898;;False
979,21;5.01;pa016​;20250417_161114;1;Marche2;-0,0282;1,6444;0,1188;0,1394;0,0222;-0,0147;-0,9899;;False
979,23;5.03;pa016​;20250417_161114;1;Marche2;-0,0282;1,6444;0,1188;0,1391;0,0221;-0,0149;-0,9899;;False
979,24;5.04;pa016​;20250417_161114;1;Marche2;-0,0281;1,6443;0,1189;0,1387;0,0219;-0,0151;-0,9900;;False
979,26;5.06;pa016​;20250417_161114;1;Marche2;-0,0280;1,6442;0,1190;0,1381;0,0218;-0,0148;-0,9901;;False
979,27;5.07;pa016​;20250417_161114;1;Marche2;-0,0280;1,6441;0,1191;0,1375;0,0216;-0,0148;-0,9902;;False
979,28;5.08;pa016​;20250417_161114;1;Marche2;-0,0280;1,6441;0,1192;0,1372;0,0216;-0,0147;-0,9902;;False
979,30;5.1;pa016​;20250417_161114;1;Marche2;-0,0280;1,6439;0,1193;0,1362;0,0215;-0,0147;-0,9903;;False
979,31;5.11;pa016​;20250417_161114;1;Marche2;-0,0280;1,6437;0,1194;0,1348;0,0213;-0,0150;-0,9905;;False
979,32;5.13;pa016​;20250417_161114;1;Marche2;-0,0280;1,6435;0,1196;0,1337;0,0212;-0,0148;-0,9907;;False
979,34;5.14;pa016​;20250417_161114;1;Marche2;-0,0280;1,6434;0,1198;0,1333;0,0213;-0,0146;-0,9907;;False
979,35;5.15;pa016​;20250417_161114;1;Marche2;-0,0279;1,6432;0,1200;0,1331;0,0215;-0,0145;-0,9908;;False
979,37;5.17;pa016​;20250417_161114;1;Marche2;-0,0278;1,6431;0,1204;0,1327;0,0218;-0,0147;-0,9908;;False
979,38;5.18;pa016​;20250417_161114;1;Marche2;-0,0279;1,6430;0,1206;0,1321;0,0220;-0,0148;-0,9909;;False
979,39;5.19;pa016​;20250417_161114;1;Marche2;-0,0280;1,6426;0,1209;0,1299;0,0221;-0,0148;-0,9912;;False
979,41;5.21;pa016​;20250417_161114;1;Marche2;-0,0281;1,6425;0,1212;0,1294;0,0223;-0,0148;-0,9912;;False
979,42;5.22;pa016​;20250417_161114;1;Marche2;-0,0282;1,6424;0,1216;0,1288;0,0225;-0,0146;-0,9913;;False
979,44;5.24;pa016​;20250417_161114;1;Marche2;-0,0283;1,6422;0,1220;0,1281;0,0226;-0,0149;-0,9914;;False
979,45;5.25;pa016​;20250417_161114;1;Marche2;-0,0284;1,6421;0,1223;0,1274;0,0228;-0,0150;-0,9915;;False
979,46;5.27;pa016​;20250417_161114;1;Marche2;-0,0285;1,6420;0,1225;0,1268;0,0228;-0,0154;-0,9915;;False
979,48;5.28;pa016​;20250417_161114;1;Marche2;-0,0285;1,6419;0,1228;0,1262;0,0230;-0,0156;-0,9916;;False
979,49;5.29;pa016​;20250417_161114;1;Marche2;-0,0285;1,6418;0,1230;0,1254;0,0230;-0,0156;-0,9917;;False
979,50;5.3;pa016​;20250417_161114;1;Marche2;-0,0285;1,6417;0,1232;0,1249;0,0231;-0,0158;-0,9918;;False
979,52;5.32;pa016​;20250417_161114;1;Marche2;-0,0286;1,6416;0,1234;0,1246;0,0231;-0,0158;-0,9918;;False
979,53;5.33;pa016​;20250417_161114;1;Marche2;-0,0287;1,6416;0,1237;0,1243;0,0230;-0,0158;-0,9918;;False
979,55;5.35;pa016​;20250417_161114;1;Marche2;-0,0288;1,6415;0,1239;0,1241;0,0230;-0,0158;-0,9919;;False
979,56;5.36;pa016​;20250417_161114;1;Marche2;-0,0289;1,6415;0,1241;0,1239;0,0229;-0,0157;-0,9919;;False
979,57;5.37;pa016​;20250417_161114;1;Marche2;-0,0289;1,6415;0,1242;0,1240;0,0229;-0,0156;-0,9919;;False
979,59;5.39;pa016​;20250417_161114;1;Marche2;-0,0289;1,6415;0,1244;0,1239;0,0229;-0,0156;-0,9919;;False
979,60;5.4;pa016​;20250417_161114;1;Marche2;-0,0290;1,6415;0,1246;0,1237;0,0229;-0,0154;-0,9919;;False
979,61;5.42;pa016​;20250417_161114;1;Marche2;-0,0290;1,6415;0,1247;0,1236;0,0229;-0,0154;-0,9919;;False
979,63;5.43;pa016​;20250417_161114;1;Marche2;-0,0290;1,6414;0,1249;0,1232;0,0228;-0,0153;-0,9920;;False
979,64;5.44;pa016​;20250417_161114;1;Marche2;-0,0291;1,6413;0,1250;0,1230;0,0229;-0,0154;-0,9920;;False
979,66;5.46;pa016​;20250417_161114;1;Marche2;-0,0292;1,6412;0,1252;0,1227;0,0228;-0,0155;-0,9921;;False
979,67;5.47;pa016​;20250417_161114;1;Marche2;-0,0292;1,6412;0,1254;0,1224;0,0229;-0,0154;-0,9921;;False
979,68;5.49;pa016​;20250417_161114;1;Marche2;-0,0294;1,6411;0,1256;0,1219;0,0228;-0,0154;-0,9922;;False
979,70;5.5;pa016​;20250417_161114;1;Marche2;-0,0295;1,6410;0,1258;0,1214;0,0229;-0,0154;-0,9922;;False
979,71;5.51;pa016​;20250417_161114;1;Marche2;-0,0296;1,6409;0,1260;0,1210;0,0229;-0,0154;-0,9923;;False
979,73;5.53;pa016​;20250417_161114;1;Marche2;-0,0297;1,6408;0,1262;0,1204;0,0229;-0,0154;-0,9923;;False
979,74;5.54;pa016​;20250417_161114;1;Marche2;-0,0297;1,6407;0,1263;0,1201;0,0230;-0,0154;-0,9924;;False
979,75;5.56;pa016​;20250417_161114;1;Marche2;-0,0298;1,6406;0,1265;0,1201;0,0231;-0,0154;-0,9924;;False
979,77;5.57;pa016​;20250417_161114;1;Marche2;-0,0298;1,6406;0,1267;0,1200;0,0229;-0,0155;-0,9924;;False
979,78;5.58;pa016​;20250417_161114;1;Marche2;-0,0298;1,6406;0,1269;0,1200;0,0229;-0,0153;-0,9924;;False
979,80;5.6;pa016​;20250417_161114;1;Marche2;-0,0299;1,6406;0,1272;0,1199;0,0227;-0,0150;-0,9924;;False
979,81;5.61;pa016​;20250417_161114;1;Marche2;-0,0299;1,6405;0,1274;0,1195;0,0226;-0,0149;-0,9925;;False
979,82;5.62;pa016​;20250417_161114;1;Marche2;-0,0300;1,6405;0,1276;0,1192;0,0225;-0,0149;-0,9925;;False
979,84;5.64;pa016​;20250417_161114;1;Marche2;-0,0301;1,6404;0,1279;0,1190;0,0223;-0,0149;-0,9925;;False
979,85;5.65;pa016​;20250417_161114;1;Marche2;-0,0302;1,6403;0,1281;0,1182;0,0222;-0,0149;-0,9926;;False
979,87;5.67;pa016​;20250417_161114;1;Marche2;-0,0303;1,6401;0,1284;0,1175;0,0220;-0,0151;-0,9927;;False
979,88;5.68;pa016​;20250417_161114;1;Marche2;-0,0303;1,6399;0,1287;0,1169;0,0219;-0,0154;-0,9928;;False
979,89;5.69;pa016​;20250417_161114;1;Marche2;-0,0303;1,6398;0,1290;0,1159;0,0218;-0,0155;-0,9929;;False
979,91;5.71;pa016​;20250417_161114;1;Marche2;-0,0304;1,6397;0,1293;0,1151;0,0215;-0,0158;-0,9930;;False
979,92;5.72;pa016​;20250417_161114;1;Marche2;-0,0304;1,6396;0,1297;0,1144;0,0211;-0,0161;-0,9931;;False
979,93;5.74;pa016​;20250417_161114;1;Marche2;-0,0304;1,6396;0,1300;0,1135;0,0205;-0,0164;-0,9932;;False
979,95;5.75;pa016​;20250417_161114;1;Marche2;-0,0305;1,6396;0,1305;0,1126;0,0200;-0,0166;-0,9933;;False
979,96;5.76;pa016​;20250417_161114;1;Marche2;-0,0305;1,6396;0,1309;0,1119;0,0193;-0,0167;-0,9934;;False
979,98;5.78;pa016​;20250417_161114;1;Marche2;-0,0305;1,6398;0,1313;0,1116;0,0189;-0,0171;-0,9934;;False
979,99;5.79;pa016​;20250417_161114;1;Marche2;-0,0305;1,6398;0,1316;0,1115;0,0181;-0,0172;-0,9935;;False
980,00;5.8;pa016​;20250417_161114;1;Marche2;-0,0305;1,6398;0,1319;0,1112;0,0175;-0,0172;-0,9935;;False
980,02;5.82;pa016​;20250417_161114;1;Marche2;-0,0304;1,6397;0,1322;0,1108;0,0169;-0,0172;-0,9935;;False
980,03;5.83;pa016​;20250417_161114;1;Marche2;-0,0303;1,6397;0,1324;0,1104;0,0165;-0,0173;-0,9936;;False
980,05;5.85;pa016​;20250417_161114;1;Marche2;-0,0303;1,6398;0,1327;0,1102;0,0160;-0,0173;-0,9936;;False
980,06;5.86;pa016​;20250417_161114;1;Marche2;-0,0303;1,6399;0,1330;0,1112;0,0157;-0,0173;-0,9935;;False
980,07;5.87;pa016​;20250417_161114;1;Marche2;-0,0303;1,6401;0,1332;0,1120;0,0151;-0,0176;-0,9934;;False
980,09;5.89;pa016​;20250417_161114;1;Marche2;-0,0302;1,6401;0,1333;0,1117;0,0148;-0,0177;-0,9935;;False
980,10;5.9;pa016​;20250417_161114;1;Marche2;-0,0302;1,6401;0,1334;0,1111;0,0146;-0,0176;-0,9935;;False
980,12;5.92;pa016​;20250417_161114;1;Marche2;-0,0303;1,6400;0,1334;0,1107;0,0145;-0,0173;-0,9936;;False
980,13;5.93;pa016​;20250417_161114;1;Marche2;-0,0304;1,6400;0,1335;0,1107;0,0147;-0,0171;-0,9936;;False
980,14;5.95;pa016​;20250417_161114;1;Marche2;-0,0304;1,6399;0,1335;0,1096;0,0148;-0,0172;-0,9937;;False
980,16;5.96;pa016​;20250417_161114;1;Marche2;-0,0305;1,6398;0,1334;0,1095;0,0148;-0,0175;-0,9937;;False
980,17;5.97;pa016​;20250417_161114;1;Marche2;-0,0305;1,6397;0,1334;0,1091;0,0149;-0,0173;-0,9938;;False
980,18;5.99;pa016​;20250417_161114;1;Marche2;-0,0306;1,6397;0,1334;0,1095;0,0148;-0,0173;-0,9937;;False
980,20;6.0;pa016​;20250417_161114;1;Marche2;-0,0307;1,6399;0,1334;0,1109;0,0147;-0,0173;-0,9936;;False
980,21;6.01;pa016​;20250417_161114;1;Marche2;-0,0307;1,6400;0,1334;0,1112;0,0146;-0,0172;-0,9935;;False
980,23;6.03;pa016​;20250417_161114;1;Marche2;-0,0308;1,6400;0,1333;0,1110;0,0145;-0,0174;-0,9936;;False
980,24;6.04;pa016​;20250417_161114;1;Marche2;-0,0309;1,6400;0,1333;0,1114;0,0143;-0,0174;-0,9935;;False
980,25;6.06;pa016​;20250417_161114;1;Marche2;-0,0310;1,6401;0,1332;0,1116;0,0142;-0,0174;-0,9935;;False
980,27;6.07;pa016​;20250417_161114;1;Marche2;-0,0311;1,6401;0,1332;0,1120;0,0140;-0,0175;-0,9935;;False
980,28;6.08;pa016​;20250417_161114;1;Marche2;-0,0311;1,6402;0,1331;0,1121;0,0139;-0,0176;-0,9934;;False
980,30;6.1;pa016​;20250417_161114;1;Marche2;-0,0312;1,6401;0,1329;0,1116;0,0139;-0,0178;-0,9935;;False
980,31;6.11;pa016​;20250417_161114;1;Marche2;-0,0313;1,6401;0,1328;0,1107;0,0137;-0,0180;-0,9936;;False
980,32;6.13;pa016​;20250417_161114;1;Marche2;-0,0314;1,6401;0,1327;0,1109;0,0139;-0,0178;-0,9936;;False
980,34;6.14;pa016​;20250417_161114;1;Marche2;-0,0315;1,6402;0,1327;0,1112;0,0137;-0,0179;-0,9935;;False
980,35;6.15;pa016​;20250417_161114;1;Marche2;-0,0316;1,6402;0,1327;0,1121;0,0136;-0,0178;-0,9934;;False
980,37;6.17;pa016​;20250417_161114;1;Marche2;-0,0317;1,6403;0,1327;0,1118;0,0136;-0,0178;-0,9935;;False
980,38;6.18;pa016​;20250417_161114;1;Marche2;-0,0318;1,6402;0,1327;0,1115;0,0136;-0,0178;-0,9935;;False
980,39;6.19;pa016​;20250417_161114;1;Marche2;-0,0319;1,6402;0,1326;0,1111;0,0136;-0,0178;-0,9936;;False
980,41;6.21;pa016​;20250417_161114;1;Marche2;-0,0320;1,6402;0,1326;0,1111;0,0136;-0,0179;-0,9936;;False
980,42;6.22;pa016​;20250417_161114;1;Marche2;-0,0321;1,6402;0,1327;0,1112;0,0134;-0,0178;-0,9936;;False
980,43;6.24;pa016​;20250417_161114;1;Marche2;-0,0322;1,6402;0,1327;0,1115;0,0130;-0,0176;-0,9935;;False
980,45;6.25;pa016​;20250417_161114;1;Marche2;-0,0320;1,6403;0,1327;0,1113;0,0131;-0,0176;-0,9935;;False
980,46;6.26;pa016​;20250417_161114;1;Marche2;-0,0319;1,6403;0,1327;0,1118;0,0129;-0,0176;-0,9935;;False
980,48;6.28;pa016​;20250417_161114;1;Marche2;-0,0319;1,6404;0,1327;0,1123;0,0128;-0,0174;-0,9934;;False
980,49;6.29;pa016​;20250417_161114;1;Marche2;-0,0320;1,6405;0,1329;0,1121;0,0128;-0,0176;-0,9935;;False
980,50;6.31;pa016​;20250417_161114;1;Marche2;-0,0320;1,6405;0,1330;0,1120;0,0125;-0,0173;-0,9935;;False
980,52;6.32;pa016​;20250417_161114;1;Marche2;-0,0321;1,6405;0,1332;0,1119;0,0124;-0,0169;-0,9935;;False
980,53;6.33;pa016​;20250417_161114;1;Marche2;-0,0322;1,6405;0,1334;0,1115;0,0121;-0,0165;-0,9936;;False
980,55;6.35;pa016​;20250417_161114;1;Marche2;-0,0322;1,6404;0,1337;0,1111;0,0117;-0,0165;-0,9936;;False
980,56;6.36;pa016​;20250417_161114;1;Marche2;-0,0322;1,6403;0,1339;0,1101;0,0113;-0,0164;-0,9937;;False
980,57;6.37;pa016​;20250417_161114;1;Marche2;-0,0322;1,6400;0,1341;0,1088;0,0111;-0,0163;-0,9939;;False
980,59;6.39;pa016​;20250417_161114;1;Marche2;-0,0321;1,6397;0,1343;0,1070;0,0108;-0,0167;-0,9941;;False
980,60;6.4;pa016​;20250417_161114;1;Marche2;-0,0321;1,6395;0,1346;0,1061;0,0105;-0,0167;-0,9942;;False
980,61;6.42;pa016​;20250417_161114;1;Marche2;-0,0321;1,6393;0,1349;0,1046;0,0105;-0,0166;-0,9943;;False
980,63;6.43;pa016​;20250417_161114;1;Marche2;-0,0322;1,6390;0,1352;0,1028;0,0107;-0,0163;-0,9945;;False
980,64;6.44;pa016​;20250417_161114;1;Marche2;-0,0323;1,6386;0,1355;0,1011;0,0107;-0,0162;-0,9947;;False
980,66;6.46;pa016​;20250417_161114;1;Marche2;-0,0324;1,6381;0,1357;0,0976;0,0111;-0,0158;-0,9950;;False
980,67;6.47;pa016​;20250417_161114;1;Marche2;-0,0324;1,6376;0,1360;0,0945;0,0112;-0,0154;-0,9953;;False
980,69;6.49;pa016​;20250417_161114;1;Marche2;-0,0324;1,6372;0,1364;0,0916;0,0112;-0,0152;-0,9956;;False
980,70;6.5;pa016​;20250417_161114;1;Marche2;-0,0325;1,6367;0,1368;0,0888;0,0110;-0,0149;-0,9959;;False
980,71;6.51;pa016​;20250417_161114;1;Marche2;-0,0324;1,6365;0,1374;0,0867;0,0112;-0,0147;-0,9961;;False
980,73;6.53;pa016​;20250417_161114;1;Marche2;-0,0322;1,6362;0,1377;0,0858;0,0111;-0,0148;-0,9961;;False
980,74;6.54;pa016​;20250417_161114;1;Marche2;-0,0321;1,6359;0,1381;0,0838;0,0107;-0,0152;-0,9963;;False
980,76;6.56;pa016​;20250417_161114;1;Marche2;-0,0320;1,6357;0,1384;0,0829;0,0099;-0,0154;-0,9964;;False
980,77;6.57;pa016​;20250417_161114;1;Marche2;-0,0319;1,6357;0,1389;0,0825;0,0094;-0,0154;-0,9964;;False
980,78;6.58;pa016​;20250417_161114;1;Marche2;-0,0318;1,6358;0,1392;0,0841;0,0085;-0,0154;-0,9963;;False
980,80;6.6;pa016​;20250417_161114;1;Marche2;-0,0317;1,6359;0,1393;0,0853;0,0075;-0,0154;-0,9962;;False
980,81;6.61;pa016​;20250417_161114;1;Marche2;-0,0315;1,6361;0,1394;0,0859;0,0064;-0,0154;-0,9962;;False
980,82;6.62;pa016​;20250417_161114;1;Marche2;-0,0314;1,6358;0,1396;0,0866;0,0055;-0,0154;-0,9961;;False
980,84;6.64;pa016​;20250417_161114;1;Marche2;-0,0312;1,6361;0,1398;0,0858;0,0049;-0,0155;-0,9962;;False
980,85;6.65;pa016​;20250417_161114;1;Marche2;-0,0310;1,6362;0,1399;0,0869;0,0042;-0,0152;-0,9961;;False
980,87;6.67;pa016​;20250417_161114;1;Marche2;-0,0308;1,6363;0,1400;0,0865;0,0035;-0,0150;-0,9961;;False
980,88;6.68;pa016​;20250417_161114;1;Marche2;-0,0307;1,6364;0,1401;0,0868;0,0032;-0,0149;-0,9961;;False
980,89;6.69;pa016​;20250417_161114;1;Marche2;-0,0306;1,6364;0,1403;0,0864;0,0032;-0,0144;-0,9961;;False
980,91;6.71;pa016​;20250417_161114;1;Marche2;-0,0306;1,6365;0,1405;0,0866;0,0032;-0,0143;-0,9961;;False
980,92;6.72;pa016​;20250417_161114;1;Marche2;-0,0305;1,6366;0,1407;0,0874;0,0031;-0,0143;-0,9961;;False
980,94;6.74;pa016​;20250417_161114;1;Marche2;-0,0304;1,6365;0,1409;0,0867;0,0030;-0,0144;-0,9961;;False
980,95;6.75;pa016​;20250417_161114;1;Marche2;-0,0303;1,6364;0,1411;0,0864;0,0027;-0,0146;-0,9962;;False
980,96;6.76;pa016​;20250417_161114;1;Marche2;-0,0302;1,6364;0,1413;0,0863;0,0026;-0,0145;-0,9962;;False
980,98;6.78;pa016​;20250417_161114;1;Marche2;-0,0300;1,6363;0,1415;0,0861;0,0020;-0,0148;-0,9962;;False
980,99;6.79;pa016​;20250417_161114;1;Marche2;-0,0298;1,6361;0,1417;0,0859;0,0018;-0,0147;-0,9962;;False
981,00;6.81;pa016​;20250417_161114;1;Marche2;-0,0297;1,6361;0,1420;0,0861;0,0015;-0,0147;-0,9962;;False
981,02;6.82;pa016​;20250417_161114;1;Marche2;-0,0295;1,6361;0,1422;0,0858;0,0012;-0,0146;-0,9962;;False
981,03;6.83;pa016​;20250417_161114;1;Marche2;-0,0294;1,6360;0,1424;0,0859;0,0011;-0,0146;-0,9962;;False
981,05;6.85;pa016​;20250417_161114;1;Marche2;-0,0293;1,6360;0,1425;0,0855;0,0009;-0,0146;-0,9962;;False
981,06;6.86;pa016​;20250417_161114;1;Marche2;-0,0292;1,6359;0,1427;0,0855;0,0010;-0,0145;-0,9962;;False
981,07;6.87;pa016​;20250417_161114;1;Marche2;-0,0291;1,6359;0,1428;0,0854;0,0010;-0,0144;-0,9962;;False
981,09;6.89;pa016​;20250417_161114;1;Marche2;-0,0290;1,6360;0,1430;0,0853;0,0010;-0,0141;-0,9963;;False
981,10;6.9;pa016​;20250417_161114;1;Marche2;-0,0289;1,6360;0,1431;0,0853;0,0010;-0,0141;-0,9963;;False
981,12;6.92;pa016​;20250417_161114;1;Marche2;-0,0287;1,6360;0,1433;0,0853;0,0009;-0,0139;-0,9963;;False
981,13;6.93;pa016​;20250417_161114;1;Marche2;-0,0286;1,6360;0,1434;0,0854;0,0009;-0,0138;-0,9962;;False
981,14;6.94;pa016​;20250417_161114;1;Marche2;-0,0284;1,6360;0,1436;0,0859;0,0008;-0,0137;-0,9962;;False
981,16;6.96;pa016​;20250417_161114;1;Marche2;-0,0283;1,6361;0,1439;0,0861;0,0007;-0,0137;-0,9962;;False
981,17;6.97;pa016​;20250417_161114;1;Marche2;-0,0282;1,6361;0,1441;0,0863;0,0007;-0,0138;-0,9962;;False
981,19;6.99;pa016​;20250417_161114;1;Marche2;-0,0282;1,6361;0,1443;0,0863;0,0006;-0,0139;-0,9962;;False
981,20;7.0;pa016​;20250417_161114;1;Marche2;-0,0281;1,6361;0,1445;0,0862;0,0007;-0,0138;-0,9962;;False
981,21;7.01;pa016​;20250417_161114;1;Marche2;-0,0280;1,6361;0,1448;0,0865;0,0007;-0,0140;-0,9962;;False
981,23;7.03;pa016​;20250417_161114;1;Marche2;-0,0279;1,6362;0,1452;0,0866;0,0011;-0,0141;-0,9961;;False
981,24;7.04;pa016​;20250417_161114;1;Marche2;-0,0278;1,6361;0,1455;0,0865;0,0012;-0,0139;-0,9962;;False
981,25;7.06;pa016​;20250417_161114;1;Marche2;-0,0277;1,6360;0,1458;0,0863;0,0014;-0,0135;-0,9962;;False
981,27;7.07;pa016​;20250417_161114;1;Marche2;-0,0276;1,6359;0,1460;0,0859;0,0015;-0,0130;-0,9962;;False
981,28;7.08;pa016​;20250417_161114;1;Marche2;-0,0275;1,6359;0,1464;0,0856;0,0016;-0,0130;-0,9962;;False
981,30;7.1;pa016​;20250417_161114;1;Marche2;-0,0275;1,6358;0,1467;0,0854;0,0018;-0,0130;-0,9963;;False
981,31;7.11;pa016​;20250417_161114;1;Marche2;-0,0274;1,6357;0,1471;0,0846;0,0020;-0,0130;-0,9963;;False
981,32;7.12;pa016​;20250417_161114;1;Marche2;-0,0274;1,6357;0,1473;0,0840;0,0019;-0,0130;-0,9964;;False
981,34;7.14;pa016​;20250417_161114;1;Marche2;-0,0273;1,6356;0,1476;0,0834;0,0019;-0,0128;-0,9964;;False
981,35;7.15;pa016​;20250417_161114;1;Marche2;-0,0273;1,6355;0,1479;0,0827;0,0020;-0,0128;-0,9965;;False
981,37;7.17;pa016​;20250417_161114;1;Marche2;-0,0272;1,6355;0,1482;0,0821;0,0021;-0,0129;-0,9965;;False
981,38;7.18;pa016​;20250417_161114;1;Marche2;-0,0271;1,6355;0,1484;0,0818;0,0022;-0,0130;-0,9966;;False
981,39;7.2;pa016​;20250417_161114;1;Marche2;-0,0269;1,6354;0,1486;0,0820;0,0024;-0,0130;-0,9965;;False
981,41;7.21;pa016​;20250417_161114;1;Marche2;-0,0269;1,6353;0,1489;0,0820;0,0023;-0,0130;-0,9965;;False
981,42;7.22;pa016​;20250417_161114;1;Marche2;-0,0268;1,6354;0,1491;0,0821;0,0025;-0,0128;-0,9965;;False
981,43;7.24;pa016​;20250417_161114;1;Marche2;-0,0268;1,6355;0,1493;0,0824;0,0025;-0,0127;-0,9965;;False
981,45;7.25;pa016​;20250417_161114;1;Marche2;-0,0268;1,6355;0,1494;0,0829;0,0027;-0,0126;-0,9965;;False
981,46;7.26;pa016​;20250417_161114;1;Marche2;-0,0268;1,6356;0,1495;0,0833;0,0028;-0,0125;-0,9964;;False
981,48;7.28;pa016​;20250417_161114;1;Marche2;-0,0268;1,6356;0,1497;0,0834;0,0028;-0,0123;-0,9964;;False
981,49;7.29;pa016​;20250417_161114;1;Marche2;-0,0268;1,6357;0,1499;0,0834;0,0029;-0,0120;-0,9964;;False
981,50;7.31;pa016​;20250417_161114;1;Marche2;-0,0268;1,6357;0,1501;0,0837;0,0027;-0,0119;-0,9964;;False
981,52;7.32;pa016​;20250417_161114;1;Marche2;-0,0268;1,6357;0,1502;0,0834;0,0027;-0,0117;-0,9964;;False
981,53;7.33;pa016​;20250417_161114;1;Marche2;-0,0268;1,6357;0,1504;0,0832;0,0028;-0,0117;-0,9965;;False
981,55;7.35;pa016​;20250417_161114;1;Marche2;-0,0268;1,6357;0,1505;0,0827;0,0029;-0,0117;-0,9965;;False
981,56;7.36;pa016​;20250417_161114;1;Marche2;-0,0268;1,6356;0,1507;0,0823;0,0032;-0,0119;-0,9965;;False
981,57;7.37;pa016​;20250417_161114;1;Marche2;-0,0269;1,6355;0,1508;0,0821;0,0037;-0,0121;-0,9965;;False
981,59;7.39;pa016​;20250417_161114;1;Marche2;-0,0270;1,6355;0,1510;0,0819;0,0040;-0,0122;-0,9966;;False
981,60;7.4;pa016​;20250417_161114;1;Marche2;-0,0271;1,6355;0,1512;0,0820;0,0045;-0,0122;-0,9965;;False
981,62;7.42;pa016​;20250417_161114;1;Marche2;-0,0273;1,6356;0,1514;0,0823;0,0051;-0,0126;-0,9965;;False
981,63;7.43;pa016​;20250417_161114;1;Marche2;-0,0275;1,6358;0,1516;0,0829;0,0058;-0,0127;-0,9965;;False
981,64;7.44;pa016​;20250417_161114;1;Marche2;-0,0277;1,6359;0,1517;0,0839;0,0065;-0,0127;-0,9964;;False
981,66;7.46;pa016​;20250417_161114;1;Marche2;-0,0279;1,6361;0,1516;0,0852;0,0073;-0,0126;-0,9963;;False
981,67;7.47;pa016​;20250417_161114;1;Marche2;-0,0282;1,6366;0,1515;0,0866;0,0082;-0,0128;-0,9961;;False
981,68;7.49;pa016​;20250417_161114;1;Marche2;-0,0284;1,6370;0,1516;0,0888;0,0092;-0,0129;-0,9959;;False
981,70;7.5;pa016​;20250417_161114;1;Marche2;-0,0287;1,6374;0,1515;0,0911;0,0105;-0,0131;-0,9957;;False
981,71;7.51;pa016​;20250417_161114;1;Marche2;-0,0289;1,6378;0,1514;0,0930;0,0119;-0,0132;-0,9955;;False
981,73;7.53;pa016​;20250417_161114;1;Marche2;-0,0292;1,6384;0,1513;0,0958;0,0134;-0,0133;-0,9952;;False
981,74;7.54;pa016​;20250417_161114;1;Marche2;-0,0295;1,6390;0,1511;0,0990;0,0147;-0,0135;-0,9949;;False
981,76;7.56;pa016​;20250417_161114;1;Marche2;-0,0297;1,6395;0,1510;0,1023;0,0166;-0,0135;-0,9945;;False
981,77;7.57;pa016​;20250417_161114;1;Marche2;-0,0300;1,6400;0,1507;0,1053;0,0180;-0,0135;-0,9942;;False
981,78;7.58;pa016​;20250417_161114;1;Marche2;-0,0302;1,6405;0,1505;0,1080;0,0195;-0,0138;-0,9939;;False
981,80;7.6;pa016​;20250417_161114;1;Marche2;-0,0306;1,6409;0,1503;0,1106;0,0206;-0,0140;-0,9935;;False
981,81;7.61;pa016​;20250417_161114;1;Marche2;-0,0308;1,6413;0,1501;0,1130;0,0220;-0,0140;-0,9933;;False
981,82;7.63;pa016​;20250417_161114;1;Marche2;-0,0310;1,6417;0,1500;0,1148;0,0232;-0,0139;-0,9930;;False
981,84;7.64;pa016​;20250417_161114;1;Marche2;-0,0311;1,6419;0,1498;0,1166;0,0242;-0,0140;-0,9928;;False
981,85;7.65;pa016​;20250417_161114;1;Marche2;-0,0313;1,6421;0,1496;0,1178;0,0250;-0,0139;-0,9926;;False
981,87;7.67;pa016​;20250417_161114;1;Marche2;-0,0314;1,6423;0,1493;0,1189;0,0257;-0,0138;-0,9925;;False
981,88;7.68;pa016​;20250417_161114;1;Marche2;-0,0315;1,6424;0,1492;0,1198;0,0261;-0,0137;-0,9924;;False
981,89;7.69;pa016​;20250417_161114;1;Marche2;-0,0316;1,6426;0,1491;0,1206;0,0264;-0,0135;-0,9923;;False
981,91;7.71;pa016​;20250417_161114;1;Marche2;-0,0317;1,6428;0,1490;0,1208;0,0267;-0,0136;-0,9922;;False
981,92;7.72;pa016​;20250417_161114;1;Marche2;-0,0317;1,6428;0,1489;0,1208;0,0266;-0,0137;-0,9922;;False
981,93;7.74;pa016​;20250417_161114;1;Marche2;-0,0317;1,6429;0,1488;0,1210;0,0264;-0,0138;-0,9922;;False
981,95;7.75;pa016​;20250417_161114;1;Marche2;-0,0315;1,6429;0,1487;0,1212;0,0263;-0,0139;-0,9922;;False
981,96;7.76;pa016​;20250417_161114;1;Marche2;-0,0312;1,6428;0,1485;0,1210;0,0262;-0,0138;-0,9922;;False
981,98;7.78;pa016​;20250417_161114;1;Marche2;-0,0311;1,6428;0,1485;0,1211;0,0257;-0,0136;-0,9922;;False
981,99;7.79;pa016​;20250417_161114;1;Marche2;-0,0310;1,6428;0,1485;0,1210;0,0253;-0,0135;-0,9922;;False
982,00;7.81;pa016​;20250417_161114;1;Marche2;-0,0310;1,6428;0,1485;0,1209;0,0250;-0,0136;-0,9923;;False
982,02;7.82;pa016​;20250417_161114;1;Marche2;-0,0309;1,6426;0,1485;0,1207;0,0247;-0,0137;-0,9923;;False
982,03;7.83;pa016​;20250417_161114;1;Marche2;-0,0308;1,6424;0,1484;0,1195;0,0244;-0,0136;-0,9924;;False
982,05;7.85;pa016​;20250417_161114;1;Marche2;-0,0308;1,6424;0,1484;0,1194;0,0240;-0,0137;-0,9925;;False
982,06;7.86;pa016​;20250417_161114;1;Marche2;-0,0307;1,6424;0,1485;0,1196;0,0236;-0,0138;-0,9924;;False
982,07;7.87;pa016​;20250417_161114;1;Marche2;-0,0306;1,6424;0,1486;0,1194;0,0232;-0,0140;-0,9925;;False
982,09;7.89;pa016​;20250417_161114;1;Marche2;-0,0304;1,6423;0,1486;0,1191;0,0230;-0,0143;-0,9925;;False
982,10;7.9;pa016​;20250417_161114;1;Marche2;-0,0302;1,6422;0,1486;0,1187;0,0228;-0,0146;-0,9926;;False
982,12;7.92;pa016​;20250417_161114;1;Marche2;-0,0302;1,6421;0,1486;0,1183;0,0227;-0,0148;-0,9926;;False
982,13;7.93;pa016​;20250417_161114;1;Marche2;-0,0302;1,6421;0,1485;0,1181;0,0227;-0,0151;-0,9926;;False
982,14;7.95;pa016​;20250417_161114;1;Marche2;-0,0302;1,6421;0,1485;0,1182;0,0226;-0,0154;-0,9926;;False
982,16;7.96;pa016​;20250417_161114;1;Marche2;-0,0302;1,6421;0,1484;0,1182;0,0227;-0,0154;-0,9926;;False
982,17;7.97;pa016​;20250417_161114;1;Marche2;-0,0302;1,6421;0,1484;0,1182;0,0227;-0,0155;-0,9926;;False
982,18;7.99;pa016​;20250417_161114;1;Marche2;-0,0302;1,6421;0,1483;0,1181;0,0228;-0,0156;-0,9926;;False
982,20;8.0;pa016​;20250417_161114;1;Marche2;-0,0302;1,6421;0,1483;0,1184;0,0228;-0,0157;-0,9926;;False
982,21;8.01;pa016​;20250417_161114;1;Marche2;-0,0300;1,6420;0,1482;0,1184;0,0229;-0,0156;-0,9926;;False
982,23;8.03;pa016​;20250417_161114;1;Marche2;-0,0297;1,6419;0,1482;0,1184;0,0229;-0,0156;-0,9926;;False
982,24;8.04;pa016​;20250417_161114;1;Marche2;-0,0296;1,6418;0,1482;0,1183;0,0229;-0,0155;-0,9926;;False
982,26;8.06;pa016​;20250417_161114;1;Marche2;-0,0296;1,6417;0,1482;0,1178;0,0230;-0,0154;-0,9926;;False
982,27;8.07;pa016​;20250417_161114;1;Marche2;-0,0296;1,6416;0,1482;0,1174;0,0229;-0,0155;-0,9927;;False
982,28;8.08;pa016​;20250417_161114;1;Marche2;-0,0296;1,6414;0,1482;0,1166;0,0230;-0,0155;-0,9928;;False
982,30;8.1;pa016​;20250417_161114;1;Marche2;-0,0296;1,6412;0,1482;0,1159;0,0230;-0,0158;-0,9929;;False
982,31;8.11;pa016​;20250417_161114;1;Marche2;-0,0295;1,6411;0,1483;0,1155;0,0229;-0,0159;-0,9929;;False
982,32;8.13;pa016​;20250417_161114;1;Marche2;-0,0295;1,6410;0,1483;0,1147;0,0229;-0,0160;-0,9930;;False
982,34;8.14;pa016​;20250417_161114;1;Marche2;-0,0294;1,6409;0,1483;0,1141;0,0228;-0,0160;-0,9931;;False
982,35;8.15;pa016​;20250417_161114;1;Marche2;-0,0293;1,6407;0,1482;0,1134;0,0228;-0,0161;-0,9932;;False
982,37;8.17;pa016​;20250417_161114;1;Marche2;-0,0291;1,6405;0,1482;0,1130;0,0229;-0,0160;-0,9932;;False
982,38;8.18;pa016​;20250417_161114;1;Marche2;-0,0291;1,6403;0,1481;0,1126;0,0229;-0,0162;-0,9932;;False
982,39;8.19;pa016​;20250417_161114;1;Marche2;-0,0290;1,6403;0,1480;0,1121;0,0231;-0,0162;-0,9933;;False
982,41;8.21;pa016​;20250417_161114;1;Marche2;-0,0290;1,6403;0,1479;0,1121;0,0233;-0,0161;-0,9933;;False
982,42;8.22;pa016​;20250417_161114;1;Marche2;-0,0290;1,6402;0,1478;0,1123;0,0235;-0,0162;-0,9933;;False
982,44;8.24;pa016​;20250417_161114;1;Marche2;-0,0290;1,6402;0,1476;0,1122;0,0236;-0,0160;-0,9933;;False
982,45;8.25;pa016​;20250417_161114;1;Marche2;-0,0289;1,6401;0,1474;0,1122;0,0239;-0,0158;-0,9933;;False
982,46;8.26;pa016​;20250417_161114;1;Marche2;-0,0289;1,6401;0,1473;0,1119;0,0241;-0,0157;-0,9933;;False
982,48;8.28;pa016​;20250417_161114;1;Marche2;-0,0289;1,6401;0,1471;0,1120;0,0244;-0,0154;-0,9933;;False
982,49;8.29;pa016​;20250417_161114;1;Marche2;-0,0288;1,6400;0,1469;0,1118;0,0245;-0,0153;-0,9933;;False
982,50;8.3;pa016​;20250417_161114;1;Marche2;-0,0287;1,6400;0,1468;0,1118;0,0247;-0,0152;-0,9933;;False
982,52;8.32;pa016​;20250417_161114;1;Marche2;-0,0286;1,6400;0,1466;0,1119;0,0250;-0,0152;-0,9933;;False
982,53;8.33;pa016​;20250417_161114;1;Marche2;-0,0286;1,6400;0,1464;0,1120;0,0250;-0,0152;-0,9933;;False
982,55;8.35;pa016​;20250417_161114;1;Marche2;-0,0286;1,6400;0,1462;0,1120;0,0253;-0,0150;-0,9933;;False
982,56;8.36;pa016​;20250417_161114;1;Marche2;-0,0286;1,6400;0,1459;0,1122;0,0254;-0,0151;-0,9933;;False
982,57;8.38;pa016​;20250417_161114;1;Marche2;-0,0286;1,6401;0,1456;0,1125;0,0254;-0,0151;-0,9932;;False
982,59;8.39;pa016​;20250417_161114;1;Marche2;-0,0286;1,6401;0,1454;0,1126;0,0255;-0,0150;-0,9932;;False
982,60;8.4;pa016​;20250417_161114;1;Marche2;-0,0285;1,6401;0,1452;0,1129;0,0255;-0,0150;-0,9932;;False
982,62;8.42;pa016​;20250417_161114;1;Marche2;-0,0285;1,6401;0,1451;0,1132;0,0258;-0,0149;-0,9931;;False
982,63;8.43;pa016​;20250417_161114;1;Marche2;-0,0283;1,6401;0,1450;0,1134;0,0259;-0,0148;-0,9931;;False
982,64;8.45;pa016​;20250417_161114;1;Marche2;-0,0281;1,6400;0,1448;0,1141;0,0260;-0,0146;-0,9930;;False
982,66;8.46;pa016​;20250417_161114;1;Marche2;-0,0280;1,6401;0,1447;0,1147;0,0260;-0,0146;-0,9929;;False
982,67;8.47;pa016​;20250417_161114;1;Marche2;-0,0279;1,6402;0,1446;0,1153;0,0261;-0,0147;-0,9929;;False
982,68;8.49;pa016​;20250417_161114;1;Marche2;-0,0278;1,6403;0,1445;0,1161;0,0260;-0,0142;-0,9928;;False
982,70;8.5;pa016​;20250417_161114;1;Marche2;-0,0277;1,6405;0,1443;0,1170;0,0260;-0,0138;-0,9927;;False
982,71;8.51;pa016​;20250417_161114;1;Marche2;-0,0276;1,6407;0,1442;0,1180;0,0258;-0,0134;-0,9926;;False
982,73;8.53;pa016​;20250417_161114;1;Marche2;-0,0276;1,6411;0,1441;0,1203;0,0258;-0,0127;-0,9923;;False
982,74;8.54;pa016​;20250417_161114;1;Marche2;-0,0275;1,6418;0,1441;0,1231;0,0259;-0,0120;-0,9920;;False
982,75;8.56;pa016​;20250417_161114;1;Marche2;-0,0275;1,6422;0,1440;0,1264;0,0260;-0,0114;-0,9916;;False
982,77;8.57;pa016​;20250417_161114;1;Marche2;-0,0274;1,6428;0,1439;0,1297;0,0258;-0,0108;-0,9912;;False
982,78;8.58;pa016​;20250417_161114;1;Marche2;-0,0273;1,6434;0,1438;0,1331;0,0261;-0,0102;-0,9907;;False
982,80;8.6;pa016​;20250417_161114;1;Marche2;-0,0274;1,6442;0,1435;0,1379;0,0259;-0,0100;-0,9901;;False
982,81;8.61;pa016​;20250417_161114;1;Marche2;-0,0274;1,6449;0,1432;0,1418;0,0264;-0,0096;-0,9895;;False
982,82;8.63;pa016​;20250417_161114;1;Marche2;-0,0274;1,6456;0,1427;0,1471;0,0262;-0,0097;-0,9887;;False
982,84;8.64;pa016​;20250417_161114;1;Marche2;-0,0274;1,6464;0,1422;0,1513;0,0261;-0,0095;-0,9881;;False
982,85;8.65;pa016​;20250417_161114;1;Marche2;-0,0273;1,6471;0,1417;0,1553;0,0260;-0,0094;-0,9875;;False
982,87;8.67;pa016​;20250417_161114;1;Marche2;-0,0273;1,6477;0,1412;0,1584;0,0257;-0,0094;-0,9870;;False
982,88;8.68;pa016​;20250417_161114;1;Marche2;-0,0271;1,6483;0,1407;0,1615;0,0257;-0,0091;-0,9865;;False
982,89;8.7;pa016​;20250417_161114;1;Marche2;-0,0270;1,6488;0,1403;0,1647;0,0251;-0,0086;-0,9860;;False
982,91;8.71;pa016​;20250417_161114;1;Marche2;-0,0268;1,6493;0,1399;0,1672;0,0245;-0,0083;-0,9856;;False
982,92;8.72;pa016​;20250417_161114;1;Marche2;-0,0267;1,6497;0,1394;0,1695;0,0238;-0,0077;-0,9852;;False
982,94;8.74;pa016​;20250417_161114;1;Marche2;-0,0266;1,6499;0,1390;0,1710;0,0235;-0,0073;-0,9850;;False
982,95;8.75;pa016​;20250417_161114;1;Marche2;-0,0265;1,6502;0,1386;0,1722;0,0230;-0,0069;-0,9848;;False
982,96;8.77;pa016​;20250417_161114;1;Marche2;-0,0264;1,6504;0,1383;0,1731;0,0227;-0,0068;-0,9846;;False
982,98;8.78;pa016​;20250417_161114;1;Marche2;-0,0263;1,6506;0,1380;0,1734;0,0224;-0,0066;-0,9846;;False
982,99;8.79;pa016​;20250417_161114;1;Marche2;-0,0262;1,6506;0,1378;0,1735;0,0220;-0,0066;-0,9846;;False
983,00;8.8;pa016​;20250417_161114;1;Marche2;-0,0262;1,6508;0,1375;0,1730;0,0216;-0,0064;-0,9847;;False
983,02;8.82;pa016​;20250417_161114;1;Marche2;-0,0261;1,6507;0,1375;0,1726;0,0213;-0,0067;-0,9847;;False
983,03;8.83;pa016​;20250417_161114;1;Marche2;-0,0259;1,6505;0,1376;0,1714;0,0211;-0,0068;-0,9849;;False
983,05;8.85;pa016​;20250417_161114;1;Marche2;-0,0257;1,6503;0,1376;0,1704;0,0208;-0,0068;-0,9851;;False
983,06;8.86;pa016​;20250417_161114;1;Marche2;-0,0257;1,6501;0,1378;0,1690;0,0204;-0,0069;-0,9854;;False
983,07;8.88;pa016​;20250417_161114;1;Marche2;-0,0257;1,6498;0,1379;0,1677;0,0204;-0,0070;-0,9856;;False
983,09;8.89;pa016​;20250417_161114;1;Marche2;-0,0258;1,6496;0,1382;0,1667;0,0202;-0,0071;-0,9858;;False
983,10;8.9;pa016​;20250417_161114;1;Marche2;-0,0258;1,6494;0,1385;0,1657;0,0199;-0,0071;-0,9860;;False
983,12;8.92;pa016​;20250417_161114;1;Marche2;-0,0258;1,6492;0,1387;0,1651;0,0199;-0,0071;-0,9861;;False
983,13;8.93;pa016​;20250417_161114;1;Marche2;-0,0259;1,6490;0,1390;0,1640;0,0198;-0,0071;-0,9862;;False
983,14;8.94;pa016​;20250417_161114;1;Marche2;-0,0260;1,6489;0,1392;0,1628;0,0196;-0,0075;-0,9864;;False
983,16;8.96;pa016​;20250417_161114;1;Marche2;-0,0260;1,6486;0,1396;0,1620;0,0195;-0,0076;-0,9866;;False
983,17;8.97;pa016​;20250417_161114;1;Marche2;-0,0259;1,6485;0,1399;0,1610;0,0193;-0,0079;-0,9867;;False
983,19;8.99;pa016​;20250417_161114;1;Marche2;-0,0259;1,6483;0,1403;0,1604;0,0193;-0,0080;-0,9868;;False
983,20;9.0;pa016​;20250417_161114;1;Marche2;-0,0260;1,6481;0,1406;0,1592;0,0191;-0,0083;-0,9870;;False
983,21;9.01;pa016​;20250417_161114;1;Marche2;-0,0261;1,6480;0,1409;0,1581;0,0191;-0,0086;-0,9872;;False
983,23;9.03;pa016​;20250417_161114;1;Marche2;-0,0262;1,6478;0,1413;0,1574;0,0191;-0,0086;-0,9873;;False
983,24;9.04;pa016​;20250417_161114;1;Marche2;-0,0262;1,6477;0,1417;0,1567;0,0191;-0,0088;-0,9874;;False
983,25;9.06;pa016​;20250417_161114;1;Marche2;-0,0263;1,6475;0,1421;0,1559;0,0191;-0,0089;-0,9876;;False
983,27;9.07;pa016​;20250417_161114;1;Marche2;-0,0264;1,6473;0,1425;0,1548;0,0191;-0,0087;-0,9877;;False
983,28;9.08;pa016​;20250417_161114;1;Marche2;-0,0264;1,6472;0,1429;0,1540;0,0191;-0,0089;-0,9878;;False
983,30;9.1;pa016​;20250417_161114;1;Marche2;-0,0265;1,6470;0,1433;0,1533;0,0192;-0,0088;-0,9880;;False
983,31;9.11;pa016​;20250417_161114;1;Marche2;-0,0265;1,6469;0,1436;0,1522;0,0193;-0,0089;-0,9881;;False
983,32;9.12;pa016​;20250417_161114;1;Marche2;-0,0266;1,6467;0,1441;0,1513;0,0194;-0,0092;-0,9883;;False
983,34;9.14;pa016​;20250417_161114;1;Marche2;-0,0265;1,6465;0,1447;0,1503;0,0196;-0,0091;-0,9884;;False
983,35;9.15;pa016​;20250417_161114;1;Marche2;-0,0265;1,6465;0,1452;0,1497;0,0196;-0,0093;-0,9885;;False
983,37;9.17;pa016​;20250417_161114;1;Marche2;-0,0265;1,6465;0,1455;0,1493;0,0196;-0,0094;-0,9886;;False
983,38;9.18;pa016​;20250417_161114;1;Marche2;-0,0264;1,6465;0,1457;0,1490;0,0196;-0,0092;-0,9886;;False
983,39;9.19;pa016​;20250417_161114;1;Marche2;-0,0264;1,6464;0,1460;0,1487;0,0196;-0,0089;-0,9887;;False
983,41;9.21;pa016​;20250417_161114;1;Marche2;-0,0264;1,6464;0,1462;0,1482;0,0195;-0,0085;-0,9887;;False
983,42;9.22;pa016​;20250417_161114;1;Marche2;-0,0263;1,6464;0,1463;0,1480;0,0194;-0,0084;-0,9888;;False
983,43;9.24;pa016​;20250417_161114;1;Marche2;-0,0262;1,6465;0,1463;0,1479;0,0193;-0,0085;-0,9888;;False
983,45;9.25;pa016​;20250417_161114;1;Marche2;-0,0261;1,6465;0,1462;0,1480;0,0191;-0,0085;-0,9888;;False
983,46;9.27;pa016​;20250417_161114;1;Marche2;-0,0259;1,6465;0,1461;0,1476;0,0188;-0,0088;-0,9888;;False
983,48;9.28;pa016​;20250417_161114;1;Marche2;-0,0256;1,6465;0,1460;0,1480;0,0185;-0,0088;-0,9888;;False
983,49;9.29;pa016​;20250417_161114;1;Marche2;-0,0255;1,6465;0,1458;0,1480;0,0182;-0,0090;-0,9888;;False
983,50;9.3;pa016​;20250417_161114;1;Marche2;-0,0254;1,6466;0,1456;0,1483;0,0180;-0,0091;-0,9887;;False
983,52;9.32;pa016​;20250417_161114;1;Marche2;-0,0253;1,6467;0,1454;0,1494;0,0180;-0,0090;-0,9886;;False
983,53;9.33;pa016​;20250417_161114;1;Marche2;-0,0253;1,6468;0,1452;0,1505;0,0183;-0,0091;-0,9884;;False
983,55;9.35;pa016​;20250417_161114;1;Marche2;-0,0251;1,6464;0,1448;0,1504;0,0181;-0,0095;-0,9884;;False
983,56;9.36;pa016​;20250417_161114;1;Marche2;-0,0250;1,6460;0,1443;0,1481;0,0179;-0,0095;-0,9888;;False
983,57;9.37;pa016​;20250417_161114;1;Marche2;-0,0248;1,6463;0,1441;0,1477;0,0177;-0,0094;-0,9888;;False
983,59;9.39;pa016​;20250417_161114;1;Marche2;-0,0246;1,6466;0,1440;0,1492;0,0172;-0,0093;-0,9886;;False
983,60;9.4;pa016​;20250417_161114;1;Marche2;-0,0244;1,6465;0,1437;0,1506;0,0171;-0,0094;-0,9884;;False
983,62;9.42;pa016​;20250417_161114;1;Marche2;-0,0244;1,6462;0,1433;0,1493;0,0171;-0,0092;-0,9886;;False
983,63;9.43;pa016​;20250417_161114;1;Marche2;-0,0244;1,6463;0,1429;0,1487;0,0173;-0,0092;-0,9887;;False
983,64;9.44;pa016​;20250417_161114;1;Marche2;-0,0244;1,6463;0,1426;0,1493;0,0175;-0,0093;-0,9886;;False
983,66;9.46;pa016​;20250417_161114;1;Marche2;-0,0244;1,6463;0,1423;0,1499;0,0179;-0,0098;-0,9885;;False
983,67;9.47;pa016​;20250417_161114;1;Marche2;-0,0244;1,6462;0,1419;0,1501;0,0182;-0,0102;-0,9884;;False
983,68;9.49;pa016​;20250417_161114;1;Marche2;-0,0244;1,6463;0,1416;0,1505;0,0185;-0,0107;-0,9884;;False
983,70;9.5;pa016​;20250417_161114;1;Marche2;-0,0244;1,6464;0,1412;0,1512;0,0187;-0,0107;-0,9883;;False
983,71;9.51;pa016​;20250417_161114;1;Marche2;-0,0244;1,6464;0,1408;0,1517;0,0188;-0,0106;-0,9882;;False
983,73;9.53;pa016​;20250417_161114;1;Marche2;-0,0243;1,6465;0,1405;0,1524;0,0194;-0,0108;-0,9881;;False
983,74;9.54;pa016​;20250417_161114;1;Marche2;-0,0244;1,6466;0,1401;0,1530;0,0198;-0,0111;-0,9880;;False
983,75;9.56;pa016​;20250417_161114;1;Marche2;-0,0244;1,6466;0,1398;0,1536;0,0204;-0,0112;-0,9879;;False
983,77;9.57;pa016​;20250417_161114;1;Marche2;-0,0244;1,6467;0,1394;0,1542;0,0208;-0,0114;-0,9878;;False
983,78;9.58;pa016​;20250417_161114;1;Marche2;-0,0245;1,6467;0,1392;0,1548;0,0212;-0,0115;-0,9877;;False
983,80;9.6;pa016​;20250417_161114;1;Marche2;-0,0245;1,6467;0,1389;0,1550;0,0215;-0,0116;-0,9876;;False
983,81;9.61;pa016​;20250417_161114;1;Marche2;-0,0245;1,6467;0,1386;0,1559;0,0216;-0,0116;-0,9875;;False
983,82;9.63;pa016​;20250417_161114;1;Marche2;-0,0245;1,6466;0,1384;0,1559;0,0216;-0,0115;-0,9875;;False
983,84;9.64;pa016​;20250417_161114;1;Marche2;-0,0245;1,6467;0,1381;0,1562;0,0217;-0,0115;-0,9874;;False
983,85;9.65;pa016​;20250417_161114;1;Marche2;-0,0245;1,6468;0,1380;0,1571;0,0215;-0,0116;-0,9873;;False
983,87;9.67;pa016​;20250417_161114;1;Marche2;-0,0245;1,6469;0,1379;0,1577;0,0214;-0,0117;-0,9872;;False
983,88;9.68;pa016​;20250417_161114;1;Marche2;-0,0245;1,6468;0,1377;0,1581;0,0213;-0,0119;-0,9871;;False
983,89;9.69;pa016​;20250417_161114;1;Marche2;-0,0245;1,6468;0,1376;0,1584;0,0213;-0,0121;-0,9871;;False
983,91;9.71;pa016​;20250417_161114;1;Marche2;-0,0245;1,6468;0,1375;0,1591;0,0212;-0,0123;-0,9870;;False
983,92;9.72;pa016​;20250417_161114;1;Marche2;-0,0246;1,6468;0,1374;0,1594;0,0211;-0,0125;-0,9869;;False
983,93;9.74;pa016​;20250417_161114;1;Marche2;-0,0247;1,6467;0,1374;0,1596;0,0212;-0,0126;-0,9869;;False
983,95;9.75;pa016​;20250417_161114;1;Marche2;-0,0247;1,6466;0,1373;0,1591;0,0211;-0,0130;-0,9870;;False
983,96;9.76;pa016​;20250417_161114;1;Marche2;-0,0247;1,6465;0,1372;0,1585;0,0213;-0,0129;-0,9870;;False
983,98;9.78;pa016​;20250417_161114;1;Marche2;-0,0246;1,6464;0,1372;0,1583;0,0213;-0,0130;-0,9871;;False
983,99;9.79;pa016​;20250417_161114;1;Marche2;-0,0245;1,6464;0,1373;0,1579;0,0213;-0,0133;-0,9871;;False
984,00;9.81;pa016​;20250417_161114;1;Marche2;-0,0244;1,6464;0,1374;0,1573;0,0215;-0,0132;-0,9872;;False
984,02;9.82;pa016​;20250417_161114;1;Marche2;-0,0244;1,6462;0,1374;0,1564;0,0216;-0,0130;-0,9874;;False
984,03;9.83;pa016​;20250417_161114;1;Marche2;-0,0243;1,6460;0,1375;0,1554;0,0216;-0,0131;-0,9875;;False
984,05;9.85;pa016​;20250417_161114;1;Marche2;-0,0242;1,6458;0,1376;0,1547;0,0218;-0,0131;-0,9876;;False
984,06;9.86;pa016​;20250417_161114;1;Marche2;-0,0242;1,6455;0,1377;0,1539;0,0216;-0,0128;-0,9878;;False
984,07;9.88;pa016​;20250417_161114;1;Marche2;-0,0241;1,6453;0,1379;0,1531;0,0214;-0,0122;-0,9879;;False
984,09;9.89;pa016​;20250417_161114;1;Marche2;-0,0239;1,6452;0,1380;0,1524;0,0212;-0,0117;-0,9880;;False
984,10;9.9;pa016​;20250417_161114;1;Marche2;-0,0238;1,6450;0,1381;0,1519;0,0209;-0,0114;-0,9881;;False
984,11;9.92;pa016​;20250417_161114;1;Marche2;-0,0236;1,6449;0,1383;0,1514;0,0209;-0,0112;-0,9882;;False
984,13;9.93;pa016​;20250417_161114;1;Marche2;-0,0234;1,6449;0,1384;0,1509;0,0207;-0,0109;-0,9883;;False
984,14;9.95;pa016​;20250417_161114;1;Marche2;-0,0233;1,6447;0,1384;0,1503;0,0204;-0,0107;-0,9884;;False
984,16;9.96;pa016​;20250417_161114;1;Marche2;-0,0232;1,6446;0,1384;0,1499;0,0201;-0,0106;-0,9884;;False
984,17;9.97;pa016​;20250417_161114;1;Marche2;-0,0232;1,6445;0,1384;0,1493;0,0195;-0,0104;-0,9885;;False
984,19;9.99;pa016​;20250417_161114;1;Marche2;-0,0232;1,6445;0,1384;0,1495;0,0187;-0,0104;-0,9885;;False
984,20;10.0;pa016​;20250417_161114;1;Marche2;-0,0233;1,6445;0,1383;0,1494;0,0180;-0,0108;-0,9886;;False
984,21;10.01;pa016​;20250417_161114;1;Marche2;-0,0234;1,6446;0,1382;0,1501;0,0177;-0,0120;-0,9884;;False
984,23;10.03;pa016​;20250417_161114;1;Marche2;-0,0234;1,6448;0,1381;0,1508;0,0178;-0,0136;-0,9883;;False
984,24;10.04;pa016​;20250417_161114;1;Marche2;-0,0234;1,6449;0,1381;0,1514;0,0183;-0,0151;-0,9882;;False
984,25;10.06;pa016​;20250417_161114;1;Marche2;-0,0234;1,6451;0,1382;0,1518;0,0190;-0,0157;-0,9881;;False
984,27;10.07;pa016​;20250417_161114;1;Marche2;-0,0234;1,6452;0,1383;0,1513;0,0198;-0,0162;-0,9882;;False
984,28;10.08;pa016​;20250417_161114;1;Marche2;-0,0232;1,6451;0,1384;0,1507;0,0209;-0,0155;-0,9882;;False
984,30;10.1;pa016​;20250417_161114;1;Marche2;-0,0229;1,6449;0,1385;0,1500;0,0216;-0,0144;-0,9884;;False
984,31;10.11;pa016​;20250417_161114;1;Marche2;-0,0226;1,6447;0,1386;0,1486;0,0221;-0,0126;-0,9886;;False
984,32;10.13;pa016​;20250417_161114;1;Marche2;-0,0221;1,6443;0,1390;0,1472;0,0228;-0,0104;-0,9888;;False
984,34;10.14;pa016​;20250417_161114;1;Marche2;-0,0218;1,6441;0,1392;0,1458;0,0233;-0,0089;-0,9890;;False
984,35;10.15;pa016​;20250417_161114;1;Marche2;-0,0214;1,6438;0,1395;0,1444;0,0237;-0,0074;-0,9892;;False
984,37;10.17;pa016​;20250417_161114;1;Marche2;-0,0210;1,6436;0,1397;0,1433;0,0239;-0,0060;-0,9894;;False
984,38;10.18;pa016​;20250417_161114;1;Marche2;-0,0206;1,6433;0,1400;0,1423;0,0239;-0,0047;-0,9895;;False
984,39;10.19;pa016​;20250417_161114;1;Marche2;-0,0202;1,6430;0,1403;0,1410;0,0236;-0,0037;-0,9897;;False
984,41;10.21;pa016​;20250417_161114;1;Marche2;-0,0200;1,6428;0,1405;0,1399;0,0230;-0,0026;-0,9899;;False
984,42;10.22;pa016​;20250417_161114;1;Marche2;-0,0198;1,6427;0,1409;0,1389;0,0223;-0,0020;-0,9901;;False
984,43;10.24;pa016​;20250417_161114;1;Marche2;-0,0197;1,6426;0,1411;0,1374;0,0213;-0,0016;-0,9903;;False
984,45;10.25;pa016​;20250417_161114;1;Marche2;-0,0195;1,6424;0,1413;0,1362;0,0203;-0,0013;-0,9905;;False
984,46;10.26;pa016​;20250417_161114;1;Marche2;-0,0194;1,6422;0,1413;0,1349;0,0192;-0,0014;-0,9907;;False
984,48;10.28;pa016​;20250417_161114;1;Marche2;-0,0194;1,6421;0,1414;0,1338;0,0183;-0,0016;-0,9908;;False
984,49;10.29;pa016​;20250417_161114;1;Marche2;-0,0193;1,6418;0,1416;0,1328;0,0176;-0,0021;-0,9910;;False
984,50;10.31;pa016​;20250417_161114;1;Marche2;-0,0194;1,6417;0,1416;0,1319;0,0170;-0,0029;-0,9911;;False
984,52;10.32;pa016​;20250417_161114;1;Marche2;-0,0195;1,6415;0,1416;0,1308;0,0166;-0,0033;-0,9913;;False
984,53;10.33;pa016​;20250417_161114;1;Marche2;-0,0197;1,6412;0,1417;0,1294;0,0166;-0,0039;-0,9914;;False
984,55;10.35;pa016​;20250417_161114;1;Marche2;-0,0198;1,6410;0,1417;0,1277;0,0165;-0,0039;-0,9917;;False
984,56;10.36;pa016​;20250417_161114;1;Marche2;-0,0202;1,6405;0,1417;0,1253;0,0168;-0,0038;-0,9920;;False
984,57;10.37;pa016​;20250417_161114;1;Marche2;-0,0204;1,6401;0,1417;0,1229;0,0170;-0,0043;-0,9923;;False
984,59;10.39;pa016​;20250417_161114;1;Marche2;-0,0206;1,6396;0,1416;0,1203;0,0173;-0,0036;-0,9926;;False
984,60;10.4;pa016​;20250417_161114;1;Marche2;-0,0209;1,6392;0,1415;0,1183;0,0171;-0,0032;-0,9928;;False
984,62;10.42;pa016​;20250417_161114;1;Marche2;-0,0213;1,6388;0,1413;0,1161;0,0168;-0,0024;-0,9931;;False
984,63;10.43;pa016​;20250417_161114;1;Marche2;-0,0215;1,6383;0,1411;0,1139;0,0167;-0,0023;-0,9933;;False
984,64;10.44;pa016​;20250417_161114;1;Marche2;-0,0218;1,6380;0,1409;0,1122;0,0166;-0,0025;-0,9935;;False
984,66;10.46;pa016​;20250417_161114;1;Marche2;-0,0221;1,6377;0,1406;0,1111;0,0165;-0,0028;-0,9937;;False
984,67;10.47;pa016​;20250417_161114;1;Marche2;-0,0224;1,6374;0,1401;0,1100;0,0165;-0,0031;-0,9938;;False
984,68;10.49;pa016​;20250417_161114;1;Marche2;-0,0226;1,6371;0,1397;0,1091;0,0168;-0,0034;-0,9939;;False
984,70;10.5;pa016​;20250417_161114;1;Marche2;-0,0229;1,6368;0,1390;0,1084;0,0172;-0,0046;-0,9939;;False
984,71;10.51;pa016​;20250417_161114;1;Marche2;-0,0231;1,6366;0,1383;0,1075;0,0178;-0,0048;-0,9940;;False
984,73;10.53;pa016​;20250417_161114;1;Marche2;-0,0233;1,6367;0,1375;0,1076;0,0185;-0,0055;-0,9940;;False
984,74;10.54;pa016​;20250417_161114;1;Marche2;-0,0234;1,6368;0,1367;0,1083;0,0190;-0,0060;-0,9939;;False
984,76;10.56;pa016​;20250417_161114;1;Marche2;-0,0235;1,6370;0,1357;0,1089;0,0195;-0,0057;-0,9938;;False
984,77;10.57;pa016​;20250417_161114;1;Marche2;-0,0237;1,6372;0,1348;0,1102;0,0196;-0,0052;-0,9937;;False
984,78;10.58;pa016​;20250417_161114;1;Marche2;-0,0238;1,6374;0,1338;0,1116;0,0198;-0,0047;-0,9935;;False
984,80;10.6;pa016​;20250417_161114;1;Marche2;-0,0239;1,6374;0,1327;0,1132;0,0201;-0,0045;-0,9934;;False
984,81;10.61;pa016​;20250417_161114;1;Marche2;-0,0241;1,6374;0,1316;0,1145;0,0205;-0,0046;-0,9932;;False
984,82;10.63;pa016​;20250417_161114;1;Marche2;-0,0243;1,6374;0,1305;0,1153;0,0212;-0,0052;-0,9931;;False
984,84;10.64;pa016​;20250417_161114;1;Marche2;-0,0244;1,6374;0,1293;0,1160;0,0219;-0,0057;-0,9930;;False
984,85;10.65;pa016​;20250417_161114;1;Marche2;-0,0245;1,6375;0,1281;0,1170;0,0226;-0,0061;-0,9929;;False
984,87;10.67;pa016​;20250417_161114;1;Marche2;-0,0245;1,6374;0,1268;0,1177;0,0231;-0,0062;-0,9928;;False
984,88;10.68;pa016​;20250417_161114;1;Marche2;-0,0244;1,6374;0,1255;0,1180;0,0236;-0,0062;-0,9927;;False
984,89;10.69;pa016​;20250417_161114;1;Marche2;-0,0244;1,6375;0,1240;0,1181;0,0239;-0,0066;-0,9927;;False
984,91;10.71;pa016​;20250417_161114;1;Marche2;-0,0242;1,6375;0,1224;0,1182;0,0240;-0,0062;-0,9927;;False
984,92;10.72;pa016​;20250417_161114;1;Marche2;-0,0241;1,6376;0,1208;0,1181;0,0238;-0,0058;-0,9927;;False
984,94;10.74;pa016​;20250417_161114;1;Marche2;-0,0240;1,6377;0,1189;0,1183;0,0232;-0,0058;-0,9927;;False
984,95;10.75;pa016​;20250417_161114;1;Marche2;-0,0238;1,6379;0,1170;0,1185;0,0232;-0,0060;-0,9927;;False
984,96;10.76;pa016​;20250417_161114;1;Marche2;-0,0236;1,6382;0,1150;0,1199;0,0227;-0,0065;-0,9925;;False
984,98;10.78;pa016​;20250417_161114;1;Marche2;-0,0234;1,6385;0,1129;0,1212;0,0225;-0,0067;-0,9923;;False
984,99;10.79;pa016​;20250417_161114;1;Marche2;-0,0232;1,6389;0,1109;0,1231;0,0221;-0,0068;-0,9921;;False
985,00;10.8;pa016​;20250417_161114;1;Marche2;-0,0230;1,6392;0,1087;0,1248;0,0218;-0,0070;-0,9919;;False
985,02;10.82;pa016​;20250417_161114;1;Marche2;-0,0229;1,6396;0,1065;0,1267;0,0216;-0,0075;-0,9917;;False
985,03;10.83;pa016​;20250417_161114;1;Marche2;-0,0228;1,6399;0,1043;0,1288;0,0212;-0,0075;-0,9914;;False
985,05;10.85;pa016​;20250417_161114;1;Marche2;-0,0226;1,6402;0,1021;0,1303;0,0212;-0,0079;-0,9912;;False
985,06;10.86;pa016​;20250417_161114;1;Marche2;-0,0224;1,6405;0,1000;0,1319;0,0211;-0,0082;-0,9910;;False
985,07;10.87;pa016​;20250417_161114;1;Marche2;-0,0223;1,6409;0,0978;0,1334;0,0211;-0,0084;-0,9908;;False
985,09;10.89;pa016​;20250417_161114;1;Marche2;-0,0222;1,6411;0,0957;0,1347;0,0210;-0,0080;-0,9906;;False
985,10;10.9;pa016​;20250417_161114;1;Marche2;-0,0222;1,6414;0,0936;0,1359;0,0209;-0,0080;-0,9905;;False
985,12;10.92;pa016​;20250417_161114;1;Marche2;-0,0221;1,6416;0,0916;0,1372;0,0209;-0,0084;-0,9903;;False
985,13;10.93;pa016​;20250417_161114;1;Marche2;-0,0220;1,6418;0,0897;0,1385;0,0212;-0,0089;-0,9901;;False
985,14;10.94;pa016​;20250417_161114;1;Marche2;-0,0220;1,6420;0,0879;0,1402;0,0214;-0,0096;-0,9899;;False
985,16;10.96;pa016​;20250417_161114;1;Marche2;-0,0220;1,6421;0,0862;0,1418;0,0219;-0,0100;-0,9896;;False
985,17;10.97;pa016​;20250417_161114;1;Marche2;-0,0220;1,6424;0,0846;0,1436;0,0225;-0,0100;-0,9893;;False
985,18;10.99;pa016​;20250417_161114;1;Marche2;-0,0220;1,6427;0,0829;0,1451;0,0226;-0,0101;-0,9891;;False
985,20;11.0;pa016​;20250417_161114;1;Marche2;-0,0219;1,6427;0,0813;0,1460;0,0229;-0,0099;-0,9890;;False
985,21;11.01;pa016​;20250417_161114;1;Marche2;-0,0219;1,6430;0,0799;0,1473;0,0232;-0,0100;-0,9888;;False
985,23;11.03;pa016​;20250417_161114;1;Marche2;-0,0219;1,6433;0,0785;0,1490;0,0232;-0,0099;-0,9885;;False
985,24;11.04;pa016​;20250417_161114;1;Marche2;-0,0219;1,6436;0,0772;0,1510;0,0231;-0,0093;-0,9882;;False
985,25;11.06;pa016​;20250417_161114;1;Marche2;-0,0219;1,6438;0,0760;0,1524;0,0231;-0,0090;-0,9880;;False
985,27;11.07;pa016​;20250417_161114;1;Marche2;-0,0219;1,6442;0,0749;0,1540;0,0230;-0,0085;-0,9878;;False
985,28;11.08;pa016​;20250417_161114;1;Marche2;-0,0220;1,6445;0,0740;0,1558;0,0228;-0,0081;-0,9875;;False
985,30;11.1;pa016​;20250417_161114;1;Marche2;-0,0222;1,6449;0,0731;0,1578;0,0227;-0,0078;-0,9872;;False
985,31;11.11;pa016​;20250417_161114;1;Marche2;-0,0224;1,6453;0,0723;0,1600;0,0227;-0,0077;-0,9868;;False
985,32;11.12;pa016​;20250417_161114;1;Marche2;-0,0227;1,6455;0,0716;0,1625;0,0228;-0,0072;-0,9864;;False
985,34;11.14;pa016​;20250417_161114;1;Marche2;-0,0229;1,6454;0,0708;0,1639;0,0228;-0,0069;-0,9862;;False
985,35;11.15;pa016​;20250417_161114;1;Marche2;-0,0231;1,6455;0,0701;0,1635;0,0230;-0,0068;-0,9863;;False
985,37;11.17;pa016​;20250417_161114;1;Marche2;-0,0233;1,6458;0,0696;0,1640;0,0233;-0,0072;-0,9862;;False
985,38;11.18;pa016​;20250417_161114;1;Marche2;-0,0236;1,6462;0,0693;0,1662;0,0237;-0,0077;-0,9858;;False
985,39;11.19;pa016​;20250417_161114;1;Marche2;-0,0238;1,6463;0,0691;0,1687;0,0240;-0,0078;-0,9853;;False
985,41;11.21;pa016​;20250417_161114;1;Marche2;-0,0241;1,6463;0,0687;0,1695;0,0245;-0,0080;-0,9852;;False
985,42;11.22;pa016​;20250417_161114;1;Marche2;-0,0244;1,6464;0,0684;0,1691;0,0250;-0,0082;-0,9852;;False
985,43;11.24;pa016​;20250417_161114;1;Marche2;-0,0247;1,6465;0,0682;0,1686;0,0252;-0,0078;-0,9853;;False
985,45;11.25;pa016​;20250417_161114;1;Marche2;-0,0249;1,6465;0,0679;0,1680;0,0253;-0,0074;-0,9854;;False
985,46;11.26;pa016​;20250417_161114;1;Marche2;-0,0252;1,6466;0,0677;0,1676;0,0252;-0,0075;-0,9855;;False
985,48;11.28;pa016​;20250417_161114;1;Marche2;-0,0253;1,6465;0,0674;0,1681;0,0252;-0,0081;-0,9854;;False
985,49;11.29;pa016​;20250417_161114;1;Marche2;-0,0253;1,6467;0,0672;0,1689;0,0253;-0,0093;-0,9853;;False
985,50;11.31;pa016​;20250417_161114;1;Marche2;-0,0253;1,6471;0,0670;0,1699;0,0253;-0,0105;-0,9851;;False
985,52;11.32;pa016​;20250417_161114;1;Marche2;-0,0254;1,6473;0,0667;0,1707;0,0250;-0,0113;-0,9849;;False
985,53;11.33;pa016​;20250417_161114;1;Marche2;-0,0253;1,6477;0,0664;0,1720;0,0248;-0,0121;-0,9847;;False
985,55;11.35;pa016​;20250417_161114;1;Marche2;-0,0252;1,6479;0,0663;0,1737;0,0246;-0,0120;-0,9844;;False
985,56;11.36;pa016​;20250417_161114;1;Marche2;-0,0251;1,6482;0,0662;0,1749;0,0243;-0,0119;-0,9842;;False
985,57;11.37;pa016​;20250417_161114;1;Marche2;-0,0249;1,6484;0,0660;0,1755;0,0241;-0,0112;-0,9841;;False
985,59;11.39;pa016​;20250417_161114;1;Marche2;-0,0247;1,6485;0,0661;0,1763;0,0237;-0,0104;-0,9840;;False
985,60;11.4;pa016​;20250417_161114;1;Marche2;-0,0247;1,6488;0,0660;0,1773;0,0236;-0,0097;-0,9838;;False
985,62;11.42;pa016​;20250417_161114;1;Marche2;-0,0245;1,6491;0,0660;0,1772;0,0230;-0,0091;-0,9839;;False
985,63;11.43;pa016​;20250417_161114;1;Marche2;-0,0243;1,6491;0,0660;0,1756;0,0227;-0,0085;-0,9842;;False
985,64;11.44;pa016​;20250417_161114;1;Marche2;-0,0241;1,6491;0,0660;0,1752;0,0226;-0,0087;-0,9842;;False
985,66;11.46;pa016​;20250417_161114;1;Marche2;-0,0239;1,6489;0,0660;0,1738;0,0219;-0,0088;-0,9845;;False
985,67;11.47;pa016​;20250417_161114;1;Marche2;-0,0236;1,6487;0,0659;0,1710;0,0218;-0,0090;-0,9850;;False
985,69;11.49;pa016​;20250417_161114;1;Marche2;-0,0235;1,6484;0,0659;0,1687;0,0213;-0,0083;-0,9854;;False
985,70;11.5;pa016​;20250417_161114;1;Marche2;-0,0234;1,6482;0,0658;0,1670;0,0205;-0,0074;-0,9857;;False
985,71;11.51;pa016​;20250417_161114;1;Marche2;-0,0233;1,6483;0,0658;0,1664;0,0197;-0,0074;-0,9858;;False
985,73;11.53;pa016​;20250417_161114;1;Marche2;-0,0231;1,6484;0,0659;0,1675;0,0189;-0,0077;-0,9857;;False
985,74;11.54;pa016​;20250417_161114;1;Marche2;-0,0230;1,6487;0,0660;0,1690;0,0182;-0,0083;-0,9854;;False
985,75;11.56;pa016​;20250417_161114;1;Marche2;-0,0228;1,6490;0,0663;0,1703;0,0179;-0,0083;-0,9852;;False
985,77;11.57;pa016​;20250417_161114;1;Marche2;-0,0228;1,6496;0,0667;0,1724;0,0175;-0,0073;-0,9849;;False
985,78;11.58;pa016​;20250417_161114;1;Marche2;-0,0229;1,6499;0,0672;0,1743;0,0163;-0,0064;-0,9845;;False
985,80;11.6;pa016​;20250417_161114;1;Marche2;-0,0231;1,6502;0,0678;0,1761;0,0148;-0,0050;-0,9843;;False
985,81;11.61;pa016​;20250417_161114;1;Marche2;-0,0232;1,6505;0,0686;0,1779;0,0135;-0,0037;-0,9840;;False
985,82;11.63;pa016​;20250417_161114;1;Marche2;-0,0235;1,6510;0,0695;0,1799;0,0121;-0,0022;-0,9836;;False
985,84;11.64;pa016​;20250417_161114;1;Marche2;-0,0239;1,6515;0,0707;0,1820;0,0108;-0,0016;-0,9832;;False
985,85;11.65;pa016​;20250417_161114;1;Marche2;-0,0242;1,6517;0,0718;0,1838;0,0098;-0,0011;-0,9829;;False
985,87;11.67;pa016​;20250417_161114;1;Marche2;-0,0247;1,6519;0,0730;0,1847;0,0091;-0,0009;-0,9828;;False
985,88;11.68;pa016​;20250417_161114;1;Marche2;-0,0251;1,6521;0,0743;0,1853;0,0086;-0,0009;-0,9826;;False
985,89;11.69;pa016​;20250417_161114;1;Marche2;-0,0256;1,6521;0,0756;0,1856;0,0082;-0,0010;-0,9826;;False
985,91;11.71;pa016​;20250417_161114;1;Marche2;-0,0261;1,6522;0,0771;0,1856;0,0082;-0,0009;-0,9826;;False
985,92;11.72;pa016​;20250417_161114;1;Marche2;-0,0265;1,6523;0,0786;0,1856;0,0083;-0,0007;-0,9826;;False
985,93;11.74;pa016​;20250417_161114;1;Marche2;-0,0269;1,6523;0,0802;0,1852;0,0083;-0,0004;-0,9827;;False
985,95;11.75;pa016​;20250417_161114;1;Marche2;-0,0273;1,6522;0,0816;0,1848;0,0085;-0,0002;-0,9827;;False
985,96;11.76;pa016​;20250417_161114;1;Marche2;-0,0278;1,6518;0,0831;0,1843;0,0088;0,0003;-0,9828;;False
985,98;11.78;pa016​;20250417_161114;1;Marche2;-0,0281;1,6516;0,0844;0,1827;0,0094;0,0003;-0,9831;;False
985,99;11.79;pa016​;20250417_161114;1;Marche2;-0,0285;1,6512;0,0859;0,1821;0,0099;0,0006;-0,9832;;False
986,00;11.81;pa016​;20250417_161114;1;Marche2;-0,0289;1,6510;0,0873;0,1804;0,0104;0,0009;-0,9835;;False
986,02;11.82;pa016​;20250417_161114;1;Marche2;-0,0293;1,6509;0,0888;0,1795;0,0109;0,0013;-0,9837;;False
986,03;11.83;pa016​;20250417_161114;1;Marche2;-0,0296;1,6507;0,0902;0,1785;0,0111;0,0022;-0,9839;;False
986,05;11.85;pa016​;20250417_161114;1;Marche2;-0,0300;1,6504;0,0914;0,1771;0,0114;0,0028;-0,9841;;False
986,06;11.86;pa016​;20250417_161114;1;Marche2;-0,0303;1,6500;0,0926;0,1753;0,0119;0,0032;-0,9844;;False
986,07;11.88;pa016​;20250417_161114;1;Marche2;-0,0307;1,6498;0,0937;0,1731;0,0123;0,0033;-0,9848;;False
986,09;11.89;pa016​;20250417_161114;1;Marche2;-0,0309;1,6495;0,0947;0,1712;0,0131;0,0034;-0,9851;;False
986,10;11.9;pa016​;20250417_161114;1;Marche2;-0,0311;1,6490;0,0957;0,1696;0,0137;0,0039;-0,9854;;False
986,12;11.92;pa016​;20250417_161114;1;Marche2;-0,0316;1,6488;0,0966;0,1682;0,0144;0,0043;-0,9856;;False
986,13;11.93;pa016​;20250417_161114;1;Marche2;-0,0319;1,6486;0,0973;0,1670;0,0152;0,0049;-0,9858;;False
986,14;11.94;pa016​;20250417_161114;1;Marche2;-0,0320;1,6483;0,0980;0,1661;0,0162;0,0048;-0,9860;;False
986,16;11.96;pa016​;20250417_161114;1;Marche2;-0,0320;1,6481;0,0985;0,1653;0,0172;0,0051;-0,9861;;False
986,17;11.97;pa016​;20250417_161114;1;Marche2;-0,0320;1,6480;0,0990;0,1647;0,0181;0,0056;-0,9862;;False
986,18;11.99;pa016​;20250417_161114;1;Marche2;-0,0318;1,6479;0,0993;0,1643;0,0189;0,0059;-0,9862;;False
986,20;12.0;pa016​;20250417_161114;1;Marche2;-0,0317;1,6479;0,0997;0,1644;0,0196;0,0066;-0,9862;;False
986,21;12.01;pa016​;20250417_161114;1;Marche2;-0,0315;1,6479;0,0999;0,1645;0,0203;0,0071;-0,9861;;False
986,23;12.03;pa016​;20250417_161114;1;Marche2;-0,0313;1,6480;0,1002;0,1648;0,0214;0,0076;-0,9861;;False
986,24;12.04;pa016​;20250417_161114;1;Marche2;-0,0311;1,6480;0,1003;0,1653;0,0225;0,0079;-0,9860;;False
986,26;12.06;pa016​;20250417_161114;1;Marche2;-0,0309;1,6482;0,1006;0,1655;0,0239;0,0080;-0,9859;;False
986,27;12.07;pa016​;20250417_161114;1;Marche2;-0,0308;1,6482;0,1008;0,1659;0,0253;0,0085;-0,9858;;False
986,28;12.08;pa016​;20250417_161114;1;Marche2;-0,0305;1,6482;0,1010;0,1661;0,0269;0,0091;-0,9857;;False
986,30;12.1;pa016​;20250417_161114;1;Marche2;-0,0303;1,6482;0,1010;0,1660;0,0291;0,0093;-0,9856;;False
986,31;12.11;pa016​;20250417_161114;1;Marche2;-0,0300;1,6482;0,1010;0,1659;0,0312;0,0096;-0,9856;;False
986,32;12.13;pa016​;20250417_161114;1;Marche2;-0,0298;1,6482;0,1009;0,1656;0,0335;0,0098;-0,9856;;False
986,34;12.14;pa016​;20250417_161114;1;Marche2;-0,0295;1,6481;0,1009;0,1649;0,0357;0,0101;-0,9856;;False
986,35;12.15;pa016​;20250417_161114;1;Marche2;-0,0291;1,6479;0,1006;0,1640;0,0377;0,0105;-0,9857;;False
986,37;12.17;pa016​;20250417_161114;1;Marche2;-0,0287;1,6477;0,1003;0,1626;0,0392;0,0109;-0,9858;;False
986,38;12.18;pa016​;20250417_161114;1;Marche2;-0,0284;1,6476;0,1000;0,1613;0,0404;0,0114;-0,9860;;False
986,39;12.19;pa016​;20250417_161114;1;Marche2;-0,0281;1,6473;0,0996;0,1598;0,0412;0,0115;-0,9862;;False
986,41;12.21;pa016​;20250417_161114;1;Marche2;-0,0276;1,6471;0,0991;0,1582;0,0415;0,0115;-0,9865;;False
986,42;12.22;pa016​;20250417_161114;1;Marche2;-0,0270;1,6469;0,0985;0,1568;0,0417;0,0113;-0,9867;;False
986,44;12.24;pa016​;20250417_161114;1;Marche2;-0,0265;1,6467;0,0978;0,1555;0,0415;0,0108;-0,9869;;False
986,45;12.25;pa016​;20250417_161114;1;Marche2;-0,0259;1,6465;0,0971;0,1541;0,0413;0,0102;-0,9871;;False
986,46;12.26;pa016​;20250417_161114;1;Marche2;-0,0252;1,6462;0,0964;0,1531;0,0413;0,0098;-0,9873;;False
986,48;12.28;pa016​;20250417_161114;1;Marche2;-0,0246;1,6460;0,0956;0,1518;0,0411;0,0092;-0,9875;;False
986,49;12.29;pa016​;20250417_161114;1;Marche2;-0,0240;1,6458;0,0949;0,1506;0,0410;0,0085;-0,9877;;False
986,50;12.31;pa016​;20250417_161114;1;Marche2;-0,0234;1,6456;0,0941;0,1496;0,0409;0,0081;-0,9879;;False
986,52;12.32;pa016​;20250417_161114;1;Marche2;-0,0228;1,6453;0,0933;0,1484;0,0406;0,0076;-0,9881;;False
986,53;12.33;pa016​;20250417_161114;1;Marche2;-0,0222;1,6450;0,0925;0,1472;0,0403;0,0074;-0,9883;;False
986,55;12.35;pa016​;20250417_161114;1;Marche2;-0,0217;1,6448;0,0917;0,1459;0,0402;0,0070;-0,9885;;False
986,56;12.36;pa016​;20250417_161114;1;Marche2;-0,0211;1,6446;0,0909;0,1447;0,0398;0,0067;-0,9886;;False
986,57;12.37;pa016​;20250417_161114;1;Marche2;-0,0206;1,6444;0,0902;0,1438;0,0395;0,0064;-0,9888;;False
986,59;12.39;pa016​;20250417_161114;1;Marche2;-0,0201;1,6442;0,0896;0,1431;0,0391;0,0061;-0,9889;;False
986,60;12.4;pa016​;20250417_161114;1;Marche2;-0,0196;1,6439;0,0889;0,1426;0,0386;0,0060;-0,9890;;False
986,61;12.42;pa016​;20250417_161114;1;Marche2;-0,0191;1,6437;0,0883;0,1420;0,0381;0,0056;-0,9891;;False
986,63;12.43;pa016​;20250417_161114;1;Marche2;-0,0186;1,6435;0,0876;0,1414;0,0375;0,0056;-0,9892;;False
986,64;12.44;pa016​;20250417_161114;1;Marche2;-0,0181;1,6432;0,0870;0,1407;0,0370;0,0052;-0,9894;;False
986,66;12.46;pa016​;20250417_161114;1;Marche2;-0,0176;1,6428;0,0864;0,1400;0,0363;0,0050;-0,9895;;False
986,67;12.47;pa016​;20250417_161114;1;Marche2;-0,0171;1,6425;0,0858;0,1392;0,0357;0,0047;-0,9896;;False
986,69;12.49;pa016​;20250417_161114;1;Marche2;-0,0167;1,6422;0,0852;0,1380;0,0350;0,0045;-0,9898;;False
986,70;12.5;pa016​;20250417_161114;1;Marche2;-0,0163;1,6420;0,0846;0,1371;0,0342;0,0044;-0,9900;;False
986,71;12.51;pa016​;20250417_161114;1;Marche2;-0,0159;1,6417;0,0842;0,1362;0,0335;0,0044;-0,9901;;False
986,73;12.53;pa016​;20250417_161114;1;Marche2;-0,0156;1,6415;0,0838;0,1354;0,0326;0,0044;-0,9902;;False
986,74;12.54;pa016​;20250417_161114;1;Marche2;-0,0153;1,6413;0,0834;0,1349;0,0316;0,0046;-0,9903;;False
986,75;12.56;pa016​;20250417_161114;1;Marche2;-0,0149;1,6412;0,0829;0,1346;0,0309;0,0041;-0,9904;;False
986,77;12.57;pa016​;20250417_161114;1;Marche2;-0,0146;1,6412;0,0825;0,1346;0,0300;0,0043;-0,9904;;False
986,78;12.58;pa016​;20250417_161114;1;Marche2;-0,0143;1,6411;0,0822;0,1347;0,0292;0,0045;-0,9904;;False
986,80;12.6;pa016​;20250417_161114;1;Marche2;-0,0141;1,6410;0,0818;0,1352;0,0282;0,0046;-0,9904;;False
986,81;12.61;pa016​;20250417_161114;1;Marche2;-0,0139;1,6411;0,0815;0,1356;0,0275;0,0047;-0,9904;;False
986,82;12.62;pa016​;20250417_161114;1;Marche2;-0,0137;1,6412;0,0812;0,1363;0,0268;0,0046;-0,9903;;False
986,84;12.64;pa016​;20250417_161114;1;Marche2;-0,0136;1,6411;0,0810;0,1368;0,0263;0,0045;-0,9902;;False
986,85;12.65;pa016​;20250417_161114;1;Marche2;-0,0135;1,6412;0,0808;0,1371;0,0258;0,0044;-0,9902;;False
986,87;12.67;pa016​;20250417_161114;1;Marche2;-0,0135;1,6413;0,0808;0,1377;0,0254;0,0044;-0,9901;;False
986,88;12.68;pa016​;20250417_161114;1;Marche2;-0,0134;1,6413;0,0806;0,1382;0,0251;0,0043;-0,9901;;False
986,89;12.69;pa016​;20250417_161114;1;Marche2;-0,0134;1,6414;0,0804;0,1387;0,0249;0,0043;-0,9900;;False
986,91;12.71;pa016​;20250417_161114;1;Marche2;-0,0135;1,6415;0,0804;0,1394;0,0249;0,0043;-0,9899;;False
986,92;12.72;pa016​;20250417_161114;1;Marche2;-0,0136;1,6416;0,0804;0,1401;0,0248;0,0043;-0,9898;;False
986,93;12.74;pa016​;20250417_161114;1;Marche2;-0,0137;1,6417;0,0805;0,1407;0,0250;0,0044;-0,9897;;False
986,95;12.75;pa016​;20250417_161114;1;Marche2;-0,0138;1,6417;0,0806;0,1410;0,0250;0,0044;-0,9897;;False
986,96;12.76;pa016​;20250417_161114;1;Marche2;-0,0139;1,6418;0,0807;0,1413;0,0251;0,0043;-0,9896;;False
986,98;12.78;pa016​;20250417_161114;1;Marche2;-0,0140;1,6419;0,0809;0,1418;0,0251;0,0043;-0,9896;;False
986,99;12.79;pa016​;20250417_161114;1;Marche2;-0,0141;1,6420;0,0812;0,1420;0,0250;0,0044;-0,9895;;False
987,00;12.8;pa016​;20250417_161114;1;Marche2;-0,0142;1,6421;0,0815;0,1423;0,0250;0,0046;-0,9895;;False
987,02;12.82;pa016​;20250417_161114;1;Marche2;-0,0143;1,6422;0,0817;0,1426;0,0249;0,0044;-0,9895;;False
987,03;12.83;pa016​;20250417_161114;1;Marche2;-0,0144;1,6423;0,0820;0,1432;0,0246;0,0044;-0,9894;;False
987,05;12.85;pa016​;20250417_161114;1;Marche2;-0,0145;1,6425;0,0823;0,1437;0,0246;0,0044;-0,9893;;False
987,06;12.86;pa016​;20250417_161114;1;Marche2;-0,0147;1,6427;0,0828;0,1440;0,0246;0,0042;-0,9893;;False
987,07;12.87;pa016​;20250417_161114;1;Marche2;-0,0149;1,6427;0,0831;0,1443;0,0246;0,0041;-0,9892;;False
987,09;12.89;pa016​;20250417_161114;1;Marche2;-0,0150;1,6429;0,0834;0,1444;0,0249;0,0041;-0,9892;;False
987,10;12.9;pa016​;20250417_161114;1;Marche2;-0,0151;1,6429;0,0838;0,1448;0,0252;0,0038;-0,9891;;False
987,11;12.92;pa016​;20250417_161114;1;Marche2;-0,0152;1,6430;0,0842;0,1450;0,0255;0,0039;-0,9891;;False
987,13;12.93;pa016​;20250417_161114;1;Marche2;-0,0153;1,6432;0,0846;0,1453;0,0259;0,0039;-0,9890;;False
987,14;12.95;pa016​;20250417_161114;1;Marche2;-0,0155;1,6432;0,0850;0,1454;0,0260;0,0041;-0,9890;;False
987,16;12.96;pa016​;20250417_161114;1;Marche2;-0,0155;1,6433;0,0854;0,1455;0,0264;0,0042;-0,9890;;False
987,17;12.97;pa016​;20250417_161114;1;Marche2;-0,0156;1,6433;0,0858;0,1454;0,0265;0,0043;-0,9890;;False
987,18;12.99;pa016​;20250417_161114;1;Marche2;-0,0157;1,6434;0,0862;0,1453;0,0268;0,0044;-0,9890;;False
987,20;13.0;pa016​;20250417_161114;1;Marche2;-0,0157;1,6434;0,0866;0,1452;0,0271;0,0046;-0,9890;;False
987,21;13.01;pa016​;20250417_161114;1;Marche2;-0,0158;1,6436;0,0871;0,1453;0,0275;0,0049;-0,9890;;False
987,23;13.03;pa016​;20250417_161114;1;Marche2;-0,0159;1,6438;0,0875;0,1456;0,0277;0,0052;-0,9889;;False
987,24;13.04;pa016​;20250417_161114;1;Marche2;-0,0159;1,6440;0,0879;0,1457;0,0279;0,0055;-0,9889;;False
987,26;13.06;pa016​;20250417_161114;1;Marche2;-0,0159;1,6441;0,0883;0,1459;0,0282;0,0056;-0,9889;;False
987,27;13.07;pa016​;20250417_161114;1;Marche2;-0,0158;1,6443;0,0886;0,1462;0,0284;0,0060;-0,9888;;False
987,28;13.08;pa016​;20250417_161114;1;Marche2;-0,0158;1,6445;0,0889;0,1467;0,0283;0,0062;-0,9888;;False
987,30;13.1;pa016​;20250417_161114;1;Marche2;-0,0156;1,6447;0,0893;0,1473;0,0285;0,0067;-0,9887;;False
987,31;13.11;pa016​;20250417_161114;1;Marche2;-0,0155;1,6449;0,0896;0,1480;0,0284;0,0071;-0,9886;;False
987,33;13.13;pa016​;20250417_161114;1;Marche2;-0,0154;1,6452;0,0898;0,1485;0,0283;0,0075;-0,9885;;False
987,34;13.14;pa016​;20250417_161114;1;Marche2;-0,0153;1,6454;0,0901;0,1490;0,0283;0,0077;-0,9884;;False
987,35;13.15;pa016​;20250417_161114;1;Marche2;-0,0151;1,6456;0,0904;0,1495;0,0282;0,0080;-0,9883;;False
987,37;13.17;pa016​;20250417_161114;1;Marche2;-0,0149;1,6459;0,0907;0,1498;0,0284;0,0083;-0,9883;;False
987,38;13.18;pa016​;20250417_161114;1;Marche2;-0,0148;1,6460;0,0910;0,1505;0,0284;0,0084;-0,9882;;False
987,39;13.19;pa016​;20250417_161114;1;Marche2;-0,0146;1,6462;0,0912;0,1510;0,0284;0,0086;-0,9881;;False
987,41;13.21;pa016​;20250417_161114;1;Marche2;-0,0145;1,6465;0,0915;0,1516;0,0285;0,0086;-0,9880;;False
987,42;13.22;pa016​;20250417_161114;1;Marche2;-0,0144;1,6468;0,0917;0,1526;0,0285;0,0088;-0,9878;;False
987,44;13.24;pa016​;20250417_161114;1;Marche2;-0,0144;1,6471;0,0919;0,1533;0,0283;0,0089;-0,9877;;False
987,45;13.25;pa016​;20250417_161114;1;Marche2;-0,0142;1,6473;0,0922;0,1542;0,0284;0,0092;-0,9876;;False
987,46;13.26;pa016​;20250417_161114;1;Marche2;-0,0140;1,6475;0,0924;0,1551;0,0284;0,0095;-0,9875;;False
987,48;13.28;pa016​;20250417_161114;1;Marche2;-0,0138;1,6477;0,0925;0,1557;0,0284;0,0097;-0,9873;;False
987,49;13.29;pa016​;20250417_161114;1;Marche2;-0,0137;1,6480;0,0927;0,1566;0,0284;0,0099;-0,9872;;False
987,50;13.31;pa016​;20250417_161114;1;Marche2;-0,0135;1,6482;0,0929;0,1577;0,0283;0,0102;-0,9870;;False
987,52;13.32;pa016​;20250417_161114;1;Marche2;-0,0134;1,6484;0,0931;0,1592;0,0285;0,0107;-0,9868;;False
987,53;13.33;pa016​;20250417_161114;1;Marche2;-0,0132;1,6486;0,0932;0,1605;0,0287;0,0110;-0,9866;;False
987,55;13.35;pa016​;20250417_161114;1;Marche2;-0,0132;1,6489;0,0934;0,1621;0,0289;0,0110;-0,9863;;False
987,56;13.36;pa016​;20250417_161114;1;Marche2;-0,0133;1,6490;0,0936;0,1629;0,0289;0,0111;-0,9862;;False
987,57;13.37;pa016​;20250417_161114;1;Marche2;-0,0133;1,6493;0,0938;0,1629;0,0287;0,0113;-0,9862;;False
987,59;13.39;pa016​;20250417_161114;1;Marche2;-0,0130;1,6494;0,0938;0,1633;0,0283;0,0110;-0,9861;;False
987,60;13.4;pa016​;20250417_161114;1;Marche2;-0,0127;1,6492;0,0940;0,1644;0,0278;0,0114;-0,9859;;False
987,61;13.42;pa016​;20250417_161114;1;Marche2;-0,0125;1,6492;0,0941;0,1644;0,0275;0,0117;-0,9859;;False
987,63;13.43;pa016​;20250417_161114;1;Marche2;-0,0122;1,6491;0,0942;0,1642;0,0272;0,0120;-0,9860;;False
987,64;13.45;pa016​;20250417_161114;1;Marche2;-0,0119;1,6491;0,0944;0,1635;0,0270;0,0118;-0,9861;;False
987,66;13.46;pa016​;20250417_161114;1;Marche2;-0,0118;1,6489;0,0946;0,1630;0,0267;0,0122;-0,9862;;False
987,67;13.47;pa016​;20250417_161114;1;Marche2;-0,0117;1,6488;0,0948;0,1624;0,0267;0,0128;-0,9863;;False
987,68;13.49;pa016​;20250417_161114;1;Marche2;-0,0116;1,6485;0,0950;0,1611;0,0271;0,0133;-0,9865;;False
987,70;13.5;pa016​;20250417_161114;1;Marche2;-0,0117;1,6484;0,0952;0,1592;0,0274;0,0134;-0,9868;;False
987,71;13.51;pa016​;20250417_161114;1;Marche2;-0,0115;1,6484;0,0955;0,1588;0,0277;0,0136;-0,9868;;False
987,73;13.53;pa016​;20250417_161114;1;Marche2;-0,0114;1,6485;0,0956;0,1585;0,0275;0,0136;-0,9869;;False
987,74;13.54;pa016​;20250417_161114;1;Marche2;-0,0114;1,6482;0,0963;0,1596;0,0272;0,0138;-0,9867;;False
987,75;13.56;pa016​;20250417_161114;1;Marche2;-0,0113;1,6483;0,0960;0,1586;0,0274;0,0143;-0,9869;;False
987,77;13.57;pa016​;20250417_161114;1;Marche2;-0,0112;1,6482;0,0965;0,1582;0,0272;0,0137;-0,9869;;False
987,78;13.58;pa016​;20250417_161114;1;Marche2;-0,0111;1,6481;0,0966;0,1570;0,0271;0,0135;-0,9871;;False
987,80;13.6;pa016​;20250417_161114;1;Marche2;-0,0110;1,6480;0,0968;0,1568;0,0268;0,0133;-0,9872;;False
987,81;13.61;pa016​;20250417_161114;1;Marche2;-0,0111;1,6481;0,0970;0,1569;0,0264;0,0133;-0,9872;;False
987,82;13.63;pa016​;20250417_161114;1;Marche2;-0,0112;1,6482;0,0973;0,1568;0,0260;0,0130;-0,9872;;False
987,84;13.64;pa016​;20250417_161114;1;Marche2;-0,0113;1,6482;0,0975;0,1568;0,0258;0,0127;-0,9872;;False
987,85;13.65;pa016​;20250417_161114;1;Marche2;-0,0113;1,6483;0,0977;0,1566;0,0256;0,0126;-0,9873;;False
987,87;13.67;pa016​;20250417_161114;1;Marche2;-0,0114;1,6483;0,0980;0,1564;0,0255;0,0123;-0,9873;;False
987,88;13.68;pa016​;20250417_161114;1;Marche2;-0,0116;1,6483;0,0983;0,1557;0,0254;0,0119;-0,9874;;False
987,89;13.69;pa016​;20250417_161114;1;Marche2;-0,0120;1,6481;0,0988;0,1546;0,0256;0,0114;-0,9876;;False
987,91;13.71;pa016​;20250417_161114;1;Marche2;-0,0123;1,6480;0,0994;0,1528;0,0258;0,0106;-0,9879;;False
987,92;13.72;pa016​;20250417_161114;1;Marche2;-0,0128;1,6476;0,1001;0,1507;0,0260;0,0104;-0,9882;;False
987,93;13.74;pa016​;20250417_161114;1;Marche2;-0,0134;1,6468;0,1010;0,1458;0,0265;0,0101;-0,9889;;False
987,95;13.75;pa016​;20250417_161114;1;Marche2;-0,0140;1,6464;0,1024;0,1416;0,0269;0,0090;-0,9895;;False
987,96;13.76;pa016​;20250417_161114;1;Marche2;-0,0149;1,6454;0,1039;0,1364;0,0272;0,0092;-0,9902;;False
987,98;13.78;pa016​;20250417_161114;1;Marche2;-0,0158;1,6441;0,1057;0,1289;0,0282;0,0089;-0,9912;;False
987,99;13.79;pa016​;20250417_161114;1;Marche2;-0,0168;1,6425;0,1077;0,1201;0,0290;0,0083;-0,9923;;False
988,00;13.81;pa016​;20250417_161114;1;Marche2;-0,0179;1,6406;0,1100;0,1101;0,0299;0,0080;-0,9934;;False
988,02;13.82;pa016​;20250417_161114;1;Marche2;-0,0192;1,6383;0,1127;0,0987;0,0306;0,0069;-0,9946;;False
988,03;13.83;pa016​;20250417_161114;1;Marche2;-0,0206;1,6358;0,1154;0,0872;0,0315;0,0062;-0,9957;;False
988,05;13.85;pa016​;20250417_161114;1;Marche2;-0,0220;1,6333;0,1184;0,0739;0,0324;0,0059;-0,9967;;False
988,06;13.86;pa016​;20250417_161114;1;Marche2;-0,0235;1,6305;0,1216;0,0595;0,0329;0,0054;-0,9977;;False
988,07;13.88;pa016​;20250417_161114;1;Marche2;-0,0253;1,6275;0,1251;0,0449;0,0333;0,0048;-0,9984;;False
988,09;13.89;pa016​;20250417_161114;1;Marche2;-0,0271;1,6243;0,1288;0,0303;0,0338;0,0045;-0,9990;;False
988,10;13.9;pa016​;20250417_161114;1;Marche2;-0,0292;1,6208;0,1327;0,0152;0,0337;0,0039;-0,9993;;False
988,12;13.92;pa016​;20250417_161114;1;Marche2;-0,0312;1,6174;0,1366;-0,0010;0,0339;0,0032;-0,9994;;False
988,13;13.93;pa016​;20250417_161114;1;Marche2;-0,0334;1,6135;0,1406;-0,0171;0,0337;0,0023;-0,9993;;False
988,14;13.94;pa016​;20250417_161114;1;Marche2;-0,0356;1,6095;0,1446;-0,0343;0,0339;0,0017;-0,9988;;False
988,16;13.96;pa016​;20250417_161114;1;Marche2;-0,0382;1,6052;0,1486;-0,0519;0,0340;0,0006;-0,9981;;False
988,17;13.97;pa016​;20250417_161114;1;Marche2;-0,0408;1,6010;0,1524;-0,0691;0,0342;-0,0004;-0,9970;;False
988,19;13.99;pa016​;20250417_161114;1;Marche2;-0,0435;1,5973;0,1564;-0,0849;0,0341;-0,0020;-0,9958;;False
988,20;14.0;pa016​;20250417_161114;1;Marche2;-0,0461;1,5938;0,1605;-0,0985;0,0345;-0,0028;-0,9945;;False
988,21;14.01;pa016​;20250417_161114;1;Marche2;-0,0491;1,5904;0,1648;-0,1101;0,0346;-0,0041;-0,9933;;False
988,23;14.03;pa016​;20250417_161114;1;Marche2;-0,0522;1,5868;0,1691;-0,1220;0,0348;-0,0057;-0,9919;;False
988,24;14.04;pa016​;20250417_161114;1;Marche2;-0,0553;1,5832;0,1733;-0,1337;0,0351;-0,0073;-0,9904;;False
988,26;14.06;pa016​;20250417_161114;1;Marche2;-0,0584;1,5795;0,1775;-0,1446;0,0355;-0,0088;-0,9888;;False
988,27;14.07;pa016​;20250417_161114;1;Marche2;-0,0616;1,5760;0,1817;-0,1560;0,0361;-0,0103;-0,9870;;False
988,28;14.08;pa016​;20250417_161114;1;Marche2;-0,0650;1,5727;0,1860;-0,1667;0,0366;-0,0117;-0,9853;;False
988,30;14.1;pa016​;20250417_161114;1;Marche2;-0,0684;1,5696;0,1903;-0,1766;0,0369;-0,0128;-0,9835;;False
988,31;14.11;pa016​;20250417_161114;1;Marche2;-0,0719;1,5668;0,1948;-0,1856;0,0373;-0,0141;-0,9818;;False
988,32;14.12;pa016​;20250417_161114;1;Marche2;-0,0755;1,5641;0,1993;-0,1927;0,0376;-0,0159;-0,9804;;False
988,34;14.14;pa016​;20250417_161114;1;Marche2;-0,0791;1,5615;0,2040;-0,1996;0,0382;-0,0177;-0,9790;;False
988,35;14.15;pa016​;20250417_161114;1;Marche2;-0,0830;1,5589;0,2087;-0,2060;0,0388;-0,0200;-0,9776;;False
988,37;14.17;pa016​;20250417_161114;1;Marche2;-0,0869;1,5565;0,2134;-0,2125;0,0394;-0,0224;-0,9761;;False
988,38;14.18;pa016​;20250417_161114;1;Marche2;-0,0907;1,5539;0,2180;-0,2186;0,0402;-0,0245;-0,9747;;False
988,39;14.19;pa016​;20250417_161114;1;Marche2;-0,0946;1,5514;0,2226;-0,2252;0,0409;-0,0265;-0,9731;;False
988,41;14.21;pa016​;20250417_161114;1;Marche2;-0,0986;1,5489;0,2273;-0,2313;0,0416;-0,0283;-0,9716;;False
988,42;14.22;pa016​;20250417_161114;1;Marche2;-0,1026;1,5465;0,2319;-0,2371;0,0427;-0,0307;-0,9701;;False
988,43;14.24;pa016​;20250417_161114;1;Marche2;-0,1066;1,5441;0,2365;-0,2428;0,0436;-0,0328;-0,9685;;False
988,45;14.25;pa016​;20250417_161114;1;Marche2;-0,1103;1,5417;0,2410;-0,2479;0,0444;-0,0349;-0,9671;;False
988,46;14.26;pa016​;20250417_161114;1;Marche2;-0,1139;1,5393;0,2454;-0,2528;0,0449;-0,0365;-0,9658;;False
988,48;14.28;pa016​;20250417_161114;1;Marche2;-0,1174;1,5369;0,2497;-0,2572;0,0457;-0,0380;-0,9645;;False
988,49;14.29;pa016​;20250417_161114;1;Marche2;-0,1210;1,5346;0,2538;-0,2620;0,0462;-0,0399;-0,9631;;False
988,50;14.31;pa016​;20250417_161114;1;Marche2;-0,1242;1,5323;0,2577;-0,2668;0,0466;-0,0413;-0,9617;;False
988,52;14.32;pa016​;20250417_161114;1;Marche2;-0,1272;1,5302;0,2614;-0,2705;0,0471;-0,0427;-0,9606;;False
988,53;14.33;pa016​;20250417_161114;1;Marche2;-0,1301;1,5283;0,2650;-0,2738;0,0477;-0,0439;-0,9596;;False
988,55;14.35;pa016​;20250417_161114;1;Marche2;-0,1329;1,5265;0,2682;-0,2766;0,0480;-0,0445;-0,9588;;False
988,56;14.36;pa016​;20250417_161114;1;Marche2;-0,1355;1,5249;0,2710;-0,2795;0,0481;-0,0451;-0,9579;;False
988,57;14.38;pa016​;20250417_161114;1;Marche2;-0,1378;1,5236;0,2737;-0,2826;0,0485;-0,0454;-0,9569;;False
988,59;14.39;pa016​;20250417_161114;1;Marche2;-0,1398;1,5226;0,2762;-0,2848;0,0486;-0,0455;-0,9563;;False
988,60;14.4;pa016​;20250417_161114;1;Marche2;-0,1417;1,5219;0,2785;-0,2862;0,0483;-0,0456;-0,9559;;False
988,62;14.42;pa016​;20250417_161114;1;Marche2;-0,1432;1,5214;0,2807;-0,2871;0,0482;-0,0452;-0,9556;;False
988,63;14.43;pa016​;20250417_161114;1;Marche2;-0,1446;1,5213;0,2826;-0,2873;0,0476;-0,0449;-0,9556;;False
988,64;14.44;pa016​;20250417_161114;1;Marche2;-0,1458;1,5213;0,2844;-0,2872;0,0468;-0,0444;-0,9557;Collision avec Debut - Objet Parent SceneAnchor;False
988,66;14.46;pa016​;20250417_161114;1;Marche2;-0,1468;1,5216;0,2862;-0,2868;0,0456;-0,0438;-0,9559;Collision avec Debut - Objet Parent SceneAnchor;False
988,67;14.47;pa016​;20250417_161114;1;Marche2;-0,1477;1,5221;0,2880;-0,2856;0,0442;-0,0433;-0,9564;Collision avec Debut - Objet Parent SceneAnchor;False
988,68;14.49;pa016​;20250417_161114;1;Marche2;-0,1483;1,5226;0,2898;-0,2836;0,0428;-0,0428;-0,9570;Collision avec Debut - Objet Parent SceneAnchor;False
988,70;14.5;pa016​;20250417_161114;1;Marche2;-0,1489;1,5232;0,2915;-0,2817;0,0413;-0,0425;-0,9577;Collision avec Debut - Objet Parent SceneAnchor;False
988,71;14.51;pa016​;20250417_161114;1;Marche2;-0,1493;1,5239;0,2932;-0,2802;0,0396;-0,0422;-0,9582;Collision avec Debut - Objet Parent SceneAnchor;False
988,73;14.53;pa016​;20250417_161114;1;Marche2;-0,1495;1,5247;0,2951;-0,2786;0,0380;-0,0416;-0,9587;Collision avec Debut - Objet Parent SceneAnchor;False
988,74;14.54;pa016​;20250417_161114;1;Marche2;-0,1497;1,5256;0,2970;-0,2765;0,0362;-0,0410;-0,9594;Collision avec Debut - Objet Parent SceneAnchor;False
988,75;14.56;pa016​;20250417_161114;1;Marche2;-0,1497;1,5265;0,2992;-0,2741;0,0347;-0,0402;-0,9602;Collision avec Debut - Objet Parent SceneAnchor;False
988,77;14.57;pa016​;20250417_161114;1;Marche2;-0,1497;1,5274;0,3015;-0,2717;0,0331;-0,0395;-0,9610;Collision avec Debut - Objet Parent SceneAnchor;False
988,78;14.58;pa016​;20250417_161114;1;Marche2;-0,1496;1,5283;0,3040;-0,2688;0,0319;-0,0390;-0,9619;Collision avec Debut - Objet Parent SceneAnchor;False
988,80;14.6;pa016​;20250417_161114;1;Marche2;-0,1495;1,5292;0,3069;-0,2658;0,0306;-0,0380;-0,9628;Collision avec Debut - Objet Parent SceneAnchor;False
988,81;14.61;pa016​;20250417_161114;1;Marche2;-0,1494;1,5301;0,3101;-0,2626;0,0293;-0,0373;-0,9637;Collision avec Debut - Objet Parent SceneAnchor;False
988,82;14.63;pa016​;20250417_161114;1;Marche2;-0,1491;1,5309;0,3137;-0,2589;0,0284;-0,0366;-0,9648;Collision avec Debut - Objet Parent SceneAnchor;False
988,84;14.64;pa016​;20250417_161114;1;Marche2;-0,1488;1,5314;0,3175;-0,2556;0,0273;-0,0358;-0,9657;Collision avec Debut - Objet Parent SceneAnchor;False
988,85;14.65;pa016​;20250417_161114;1;Marche2;-0,1485;1,5316;0,3214;-0,2524;0,0265;-0,0352;-0,9666;Collision avec Debut - Objet Parent SceneAnchor;False
988,87;14.67;pa016​;20250417_161114;1;Marche2;-0,1480;1,5316;0,3257;-0,2502;0,0261;-0,0349;-0,9672;Collision avec Debut - Objet Parent SceneAnchor;False
988,88;14.68;pa016​;20250417_161114;1;Marche2;-0,1474;1,5313;0,3304;-0,2484;0,0256;-0,0344;-0,9677;Collision avec Debut - Objet Parent SceneAnchor;False
988,89;14.69;pa016​;20250417_161114;1;Marche2;-0,1469;1,5310;0,3354;-0,2468;0,0252;-0,0336;-0,9682;Collision avec Debut - Objet Parent SceneAnchor;False
988,91;14.71;pa016​;20250417_161114;1;Marche2;-0,1462;1,5303;0,3409;-0,2453;0,0249;-0,0330;-0,9686;Collision avec Debut - Objet Parent SceneAnchor;False
988,92;14.72;pa016​;20250417_161114;1;Marche2;-0,1455;1,5295;0,3466;-0,2439;0,0245;-0,0320;-0,9690;Collision avec Debut - Objet Parent SceneAnchor;False
988,93;14.74;pa016​;20250417_161114;1;Marche2;-0,1446;1,5284;0,3526;-0,2430;0,0239;-0,0309;-0,9692;Collision avec Debut - Objet Parent SceneAnchor;False
988,95;14.75;pa016​;20250417_161114;1;Marche2;-0,1437;1,5271;0,3589;-0,2421;0,0235;-0,0298;-0,9695;Collision avec Debut - Objet Parent SceneAnchor;False
988,96;14.76;pa016​;20250417_161114;1;Marche2;-0,1427;1,5257;0,3656;-0,2415;0,0229;-0,0287;-0,9697;Collision avec Debut - Objet Parent SceneAnchor;False
988,98;14.78;pa016​;20250417_161114;1;Marche2;-0,1417;1,5242;0,3725;-0,2409;0,0224;-0,0279;-0,9699;Collision avec Debut - Objet Parent SceneAnchor;False
988,99;14.79;pa016​;20250417_161114;1;Marche2;-0,1406;1,5223;0,3796;-0,2405;0,0220;-0,0271;-0,9700;Collision avec Debut - Objet Parent SceneAnchor;False
989,00;14.81;pa016​;20250417_161114;1;Marche2;-0,1394;1,5204;0,3870;-0,2408;0,0218;-0,0264;-0,9700;Collision avec Debut - Objet Parent SceneAnchor;False
989,02;14.82;pa016​;20250417_161114;1;Marche2;-0,1381;1,5185;0,3950;-0,2410;0,0218;-0,0261;-0,9699;Collision avec Debut - Objet Parent SceneAnchor;False
989,03;14.83;pa016​;20250417_161114;1;Marche2;-0,1368;1,5164;0,4033;-0,2412;0,0218;-0,0260;-0,9699;;False
989,05;14.85;pa016​;20250417_161114;1;Marche2;-0,1354;1,5143;0,4117;-0,2414;0,0218;-0,0258;-0,9698;;False
989,06;14.86;pa016​;20250417_161114;1;Marche2;-0,1340;1,5120;0,4206;-0,2418;0,0222;-0,0258;-0,9697;;False
989,07;14.88;pa016​;20250417_161114;1;Marche2;-0,1324;1,5098;0,4298;-0,2415;0,0228;-0,0258;-0,9698;;False
989,09;14.89;pa016​;20250417_161114;1;Marche2;-0,1307;1,5075;0,4394;-0,2412;0,0235;-0,0254;-0,9699;;False
989,10;14.9;pa016​;20250417_161114;1;Marche2;-0,1289;1,5052;0,4494;-0,2407;0,0245;-0,0250;-0,9700;;False
989,12;14.92;pa016​;20250417_161114;1;Marche2;-0,1270;1,5029;0,4597;-0,2401;0,0257;-0,0243;-0,9701;;False
989,13;14.93;pa016​;20250417_161114;1;Marche2;-0,1248;1,5005;0,4704;-0,2389;0,0268;-0,0235;-0,9704;;False
989,14;14.94;pa016​;20250417_161114;1;Marche2;-0,1225;1,4982;0,4815;-0,2378;0,0281;-0,0223;-0,9707;;False
989,16;14.96;pa016​;20250417_161114;1;Marche2;-0,1200;1,4961;0,4931;-0,2368;0,0294;-0,0210;-0,9709;;False
989,17;14.97;pa016​;20250417_161114;1;Marche2;-0,1174;1,4942;0,5051;-0,2358;0,0308;-0,0195;-0,9711;;False
989,18;14.99;pa016​;20250417_161114;1;Marche2;-0,1148;1,4924;0,5177;-0,2344;0,0326;-0,0181;-0,9714;;False
989,20;15.0;pa016​;20250417_161114;1;Marche2;-0,1120;1,4908;0,5308;-0,2328;0,0344;-0,0163;-0,9718;;False
989,21;15.01;pa016​;20250417_161114;1;Marche2;-0,1088;1,4895;0,5442;-0,2304;0,0361;-0,0144;-0,9723;;False
989,23;15.03;pa016​;20250417_161114;1;Marche2;-0,1055;1,4884;0,5580;-0,2277;0,0377;-0,0126;-0,9729;;False
989,24;15.04;pa016​;20250417_161114;1;Marche2;-0,1019;1,4872;0,5721;-0,2256;0,0395;-0,0108;-0,9734;;False
989,25;15.06;pa016​;20250417_161114;1;Marche2;-0,0983;1,4862;0,5863;-0,2235;0,0415;-0,0092;-0,9738;;False
989,27;15.07;pa016​;20250417_161114;1;Marche2;-0,0947;1,4868;0,6018;-0,2244;0,0431;-0,0076;-0,9735;;False
989,28;15.08;pa016​;20250417_161114;1;Marche2;-0,0908;1,4875;0,6177;-0,2222;0,0439;-0,0050;-0,9740;;False
989,30;15.1;pa016​;20250417_161114;1;Marche2;-0,0866;1,4882;0,6332;-0,2213;0,0444;-0,0020;-0,9742;;False
989,31;15.11;pa016​;20250417_161114;1;Marche2;-0,0824;1,4908;0,6503;-0,2219;0,0452;-0,0004;-0,9740;;False
989,32;15.12;pa016​;20250417_161114;1;Marche2;-0,0782;1,4928;0,6671;-0,2192;0,0449;0,0022;-0,9746;;False
989,34;15.14;pa016​;20250417_161114;1;Marche2;-0,0735;1,4941;0,6829;-0,2171;0,0440;0,0050;-0,9751;;False
989,35;15.15;pa016​;20250417_161114;1;Marche2;-0,0687;1,4960;0,6982;-0,2177;0,0422;0,0072;-0,9751;;False
989,37;15.17;pa016​;20250417_161114;1;Marche2;-0,0639;1,4985;0,7130;-0,2220;0,0387;0,0102;-0,9742;;False
989,38;15.18;pa016​;20250417_161114;1;Marche2;-0,0595;1,5016;0,7274;-0,2263;0,0350;0,0132;-0,9733;;False
989,39;15.19;pa016​;20250417_161114;1;Marche2;-0,0552;1,5049;0,7415;-0,2287;0,0310;0,0164;-0,9729;;False
989,41;15.21;pa016​;20250417_161114;1;Marche2;-0,0515;1,5089;0,7559;-0,2278;0,0263;0,0180;-0,9732;;False
989,42;15.22;pa016​;20250417_161114;1;Marche2;-0,0478;1,5129;0,7696;-0,2234;0,0225;0,0192;-0,9743;;False
989,44;15.24;pa016​;20250417_161114;1;Marche2;-0,0447;1,5170;0,7827;-0,2206;0,0190;0,0184;-0,9750;;False
989,45;15.25;pa016​;20250417_161114;1;Marche2;-0,0422;1,5208;0,7954;-0,2182;0,0166;0,0168;-0,9756;;False
989,46;15.26;pa016​;20250417_161114;1;Marche2;-0,0401;1,5246;0,8080;-0,2158;0,0142;0,0157;-0,9762;;False
989,48;15.28;pa016​;20250417_161114;1;Marche2;-0,0386;1,5280;0,8203;-0,2132;0,0124;0,0151;-0,9768;;False
989,49;15.29;pa016​;20250417_161114;1;Marche2;-0,0373;1,5315;0,8325;-0,2115;0,0113;0,0137;-0,9772;;False
989,50;15.31;pa016​;20250417_161114;1;Marche2;-0,0364;1,5348;0,8446;-0,2104;0,0108;0,0116;-0,9775;;False
989,52;15.32;pa016​;20250417_161114;1;Marche2;-0,0357;1,5377;0,8565;-0,2101;0,0114;0,0093;-0,9776;;False
989,53;15.33;pa016​;20250417_161114;1;Marche2;-0,0353;1,5402;0,8684;-0,2075;0,0125;0,0051;-0,9781;;False
989,55;15.35;pa016​;20250417_161114;1;Marche2;-0,0353;1,5429;0,8797;-0,2091;0,0144;0,0024;-0,9778;;False
989,56;15.36;pa016​;20250417_161114;1;Marche2;-0,0351;1,5449;0,8912;-0,2088;0,0173;-0,0014;-0,9778;;False
989,57;15.37;pa016​;20250417_161114;1;Marche2;-0,0352;1,5468;0,9027;-0,2080;0,0196;-0,0050;-0,9779;;False
989,59;15.39;pa016​;20250417_161114;1;Marche2;-0,0354;1,5484;0,9143;-0,2070;0,0221;-0,0075;-0,9781;;False
989,60;15.4;pa016​;20250417_161114;1;Marche2;-0,0356;1,5497;0,9258;-0,2060;0,0243;-0,0101;-0,9782;;False
989,61;15.42;pa016​;20250417_161114;1;Marche2;-0,0358;1,5507;0,9371;-0,2051;0,0264;-0,0116;-0,9783;;False
989,63;15.43;pa016​;20250417_161114;1;Marche2;-0,0360;1,5515;0,9486;-0,2041;0,0287;-0,0136;-0,9784;;False
989,64;15.44;pa016​;20250417_161114;1;Marche2;-0,0363;1,5519;0,9603;-0,2031;0,0308;-0,0148;-0,9786;;False
989,66;15.46;pa016​;20250417_161114;1;Marche2;-0,0366;1,5519;0,9720;-0,2025;0,0323;-0,0158;-0,9786;;False
989,67;15.47;pa016​;20250417_161114;1;Marche2;-0,0369;1,5517;0,9839;-0,2025;0,0340;-0,0169;-0,9785;;False
989,68;15.49;pa016​;20250417_161114;1;Marche2;-0,0373;1,5513;0,9956;-0,2024;0,0351;-0,0177;-0,9785;;False
989,70;15.5;pa016​;20250417_161114;1;Marche2;-0,0376;1,5506;1,0075;-0,2030;0,0361;-0,0184;-0,9783;;False
989,71;15.51;pa016​;20250417_161114;1;Marche2;-0,0379;1,5497;1,0197;-0,2034;0,0370;-0,0190;-0,9782;;False
989,73;15.53;pa016​;20250417_161114;1;Marche2;-0,0383;1,5486;1,0320;-0,2036;0,0376;-0,0197;-0,9781;;False
989,74;15.54;pa016​;20250417_161114;1;Marche2;-0,0387;1,5475;1,0443;-0,2038;0,0378;-0,0201;-0,9781;;False
989,75;15.56;pa016​;20250417_161114;1;Marche2;-0,0392;1,5463;1,0568;-0,2036;0,0377;-0,0207;-0,9781;;False
989,77;15.57;pa016​;20250417_161114;1;Marche2;-0,0397;1,5450;1,0695;-0,2031;0,0374;-0,0215;-0,9782;;False
989,78;15.58;pa016​;20250417_161114;1;Marche2;-0,0404;1,5435;1,0824;-0,2018;0,0367;-0,0219;-0,9785;;False
989,80;15.6;pa016​;20250417_161114;1;Marche2;-0,0412;1,5417;1,0955;-0,2002;0,0360;-0,0224;-0,9788;;False
989,81;15.61;pa016​;20250417_161114;1;Marche2;-0,0420;1,5400;1,1088;-0,1988;0,0351;-0,0230;-0,9792;;False
989,82;15.63;pa016​;20250417_161114;1;Marche2;-0,0429;1,5381;1,1224;-0,1971;0,0341;-0,0235;-0,9795;;False
989,84;15.64;pa016​;20250417_161114;1;Marche2;-0,0439;1,5359;1,1358;-0,1946;0,0331;-0,0241;-0,9800;;False
989,85;15.65;pa016​;20250417_161114;1;Marche2;-0,0451;1,5337;1,1502;-0,1931;0,0323;-0,0249;-0,9803;;False
989,87;15.67;pa016​;20250417_161114;1;Marche2;-0,0464;1,5315;1,1644;-0,1914;0,0311;-0,0253;-0,9807;;False
989,88;15.68;pa016​;20250417_161114;1;Marche2;-0,0478;1,5294;1,1789;-0,1902;0,0302;-0,0261;-0,9809;;False
989,89;15.7;pa016​;20250417_161114;1;Marche2;-0,0493;1,5275;1,1937;-0,1889;0,0291;-0,0270;-0,9812;;False
989,91;15.71;pa016​;20250417_161114;1;Marche2;-0,0512;1,5256;1,2087;-0,1875;0,0279;-0,0276;-0,9815;;False
989,92;15.72;pa016​;20250417_161114;1;Marche2;-0,0532;1,5238;1,2240;-0,1859;0,0268;-0,0282;-0,9818;;False
989,93;15.74;pa016​;20250417_161114;1;Marche2;-0,0555;1,5220;1,2394;-0,1838;0,0258;-0,0289;-0,9822;;False
989,95;15.75;pa016​;20250417_161114;1;Marche2;-0,0576;1,5204;1,2546;-0,1824;0,0252;-0,0296;-0,9824;;False
989,96;15.76;pa016​;20250417_161114;1;Marche2;-0,0599;1,5195;1,2700;-0,1824;0,0241;-0,0296;-0,9825;;False
989,98;15.78;pa016​;20250417_161114;1;Marche2;-0,0624;1,5192;1,2859;-0,1819;0,0224;-0,0287;-0,9826;;False
989,99;15.79;pa016​;20250417_161114;1;Marche2;-0,0651;1,5198;1,3020;-0,1817;0,0203;-0,0277;-0,9827;;False
990,01;15.81;pa016​;20250417_161114;1;Marche2;-0,0679;1,5208;1,3181;-0,1807;0,0183;-0,0272;-0,9830;;False
990,02;15.82;pa016​;20250417_161114;1;Marche2;-0,0706;1,5232;1,3346;-0,1816;0,0167;-0,0276;-0,9828;;False
990,03;15.83;pa016​;20250417_161114;1;Marche2;-0,0736;1,5262;1,3512;-0,1815;0,0153;-0,0293;-0,9828;;False
990,05;15.85;pa016​;20250417_161114;1;Marche2;-0,0766;1,5288;1,3672;-0,1806;0,0152;-0,0315;-0,9829;;False
990,06;15.86;pa016​;20250417_161114;1;Marche2;-0,0796;1,5316;1,3828;-0,1807;0,0169;-0,0360;-0,9827;;False
990,07;15.87;pa016​;20250417_161114;1;Marche2;-0,0823;1,5346;1,3981;-0,1805;0,0196;-0,0404;-0,9825;;False
990,09;15.89;pa016​;20250417_161114;1;Marche2;-0,0846;1,5379;1,4130;-0,1808;0,0224;-0,0438;-0,9823;;False
990,10;15.9;pa016​;20250417_161114;1;Marche2;-0,0866;1,5413;1,4279;-0,1798;0,0247;-0,0452;-0,9823;;False
990,11;15.92;pa016​;20250417_161114;1;Marche2;-0,0883;1,5445;1,4426;-0,1786;0,0261;-0,0447;-0,9826;;False
990,13;15.93;pa016​;20250417_161114;1;Marche2;-0,0898;1,5473;1,4570;-0,1776;0,0266;-0,0431;-0,9828;;False
990,14;15.94;pa016​;20250417_161114;1;Marche2;-0,0910;1,5500;1,4712;-0,1772;0,0267;-0,0409;-0,9830;;False
990,16;15.96;pa016​;20250417_161114;1;Marche2;-0,0916;1,5526;1,4850;-0,1772;0,0271;-0,0390;-0,9830;;False
990,17;15.97;pa016​;20250417_161114;1;Marche2;-0,0921;1,5550;1,4986;-0,1773;0,0269;-0,0373;-0,9831;;False
990,19;15.99;pa016​;20250417_161114;1;Marche2;-0,0925;1,5572;1,5121;-0,1777;0,0265;-0,0355;-0,9831;;False
990,20;16.0;pa016​;20250417_161114;1;Marche2;-0,0927;1,5594;1,5254;-0,1783;0,0259;-0,0337;-0,9831;;False
990,21;16.01;pa016​;20250417_161114;1;Marche2;-0,0924;1,5615;1,5384;-0,1783;0,0252;-0,0316;-0,9831;;False
990,23;16.03;pa016​;20250417_161114;1;Marche2;-0,0921;1,5636;1,5512;-0,1778;0,0242;-0,0302;-0,9833;;False
990,24;16.04;pa016​;20250417_161114;1;Marche2;-0,0916;1,5657;1,5641;-0,1760;0,0232;-0,0288;-0,9837;;False
990,25;16.06;pa016​;20250417_161114;1;Marche2;-0,0909;1,5675;1,5768;-0,1716;0,0220;-0,0275;-0,9845;;False
990,27;16.07;pa016​;20250417_161114;1;Marche2;-0,0902;1,5690;1,5893;-0,1681;0,0208;-0,0262;-0,9852;;False
990,28;16.08;pa016​;20250417_161114;1;Marche2;-0,0895;1,5704;1,6018;-0,1654;0,0194;-0,0256;-0,9857;;False
990,30;16.1;pa016​;20250417_161114;1;Marche2;-0,0886;1,5716;1,6142;-0,1624;0,0184;-0,0250;-0,9862;;False
990,31;16.11;pa016​;20250417_161114;1;Marche2;-0,0876;1,5722;1,6268;-0,1592;0,0178;-0,0245;-0,9868;;False
990,32;16.12;pa016​;20250417_161114;1;Marche2;-0,0866;1,5726;1,6393;-0,1560;0,0170;-0,0237;-0,9873;;False
990,34;16.14;pa016​;20250417_161114;1;Marche2;-0,0854;1,5725;1,6519;-0,1532;0,0167;-0,0234;-0,9878;;False
990,35;16.15;pa016​;20250417_161114;1;Marche2;-0,0842;1,5721;1,6647;-0,1508;0,0165;-0,0230;-0,9882;;False
990,37;16.17;pa016​;20250417_161114;1;Marche2;-0,0830;1,5714;1,6776;-0,1487;0,0164;-0,0223;-0,9885;;False
990,38;16.18;pa016​;20250417_161114;1;Marche2;-0,0814;1,5703;1,6904;-0,1460;0,0166;-0,0214;-0,9889;;False
990,39;16.19;pa016​;20250417_161114;1;Marche2;-0,0798;1,5690;1,7034;-0,1448;0,0163;-0,0207;-0,9891;;False
990,41;16.21;pa016​;20250417_161114;1;Marche2;-0,0781;1,5673;1,7164;-0,1443;0,0162;-0,0199;-0,9892;;False
990,42;16.22;pa016​;20250417_161114;1;Marche2;-0,0764;1,5656;1,7295;-0,1431;0,0159;-0,0191;-0,9894;;False
990,44;16.24;pa016​;20250417_161114;1;Marche2;-0,0746;1,5637;1,7428;-0,1423;0,0154;-0,0181;-0,9895;;False
990,45;16.25;pa016​;20250417_161114;1;Marche2;-0,0726;1,5618;1,7563;-0,1417;0,0151;-0,0175;-0,9896;;False
990,46;16.27;pa016​;20250417_161114;1;Marche2;-0,0703;1,5596;1,7698;-0,1394;0,0149;-0,0174;-0,9900;;False
990,48;16.28;pa016​;20250417_161114;1;Marche2;-0,0682;1,5576;1,7833;-0,1373;0,0145;-0,0164;-0,9903;;False
990,49;16.29;pa016​;20250417_161114;1;Marche2;-0,0659;1,5554;1,7970;-0,1351;0,0144;-0,0147;-0,9906;;False
990,50;16.3;pa016​;20250417_161114;1;Marche2;-0,0635;1,5532;1,8109;-0,1336;0,0145;-0,0138;-0,9908;;False
990,52;16.32;pa016​;20250417_161114;1;Marche2;-0,0608;1,5509;1,8249;-0,1308;0,0151;-0,0135;-0,9912;;False
990,53;16.33;pa016​;20250417_161114;1;Marche2;-0,0580;1,5486;1,8391;-0,1279;0,0162;-0,0135;-0,9916;;False
990,55;16.35;pa016​;20250417_161114;1;Marche2;-0,0551;1,5464;1,8531;-0,1241;0,0171;-0,0134;-0,9920;;False
990,56;16.36;pa016​;20250417_161114;1;Marche2;-0,0520;1,5445;1,8678;-0,1215;0,0186;-0,0135;-0,9923;;False
990,57;16.37;pa016​;20250417_161114;1;Marche2;-0,0488;1,5429;1,8826;-0,1195;0,0195;-0,0136;-0,9925;;False
990,59;16.39;pa016​;20250417_161114;1;Marche2;-0,0454;1,5414;1,8975;-0,1177;0,0205;-0,0139;-0,9927;;False
990,60;16.4;pa016​;20250417_161114;1;Marche2;-0,0417;1,5400;1,9123;-0,1157;0,0213;-0,0130;-0,9930;;False
990,62;16.42;pa016​;20250417_161114;1;Marche2;-0,0379;1,5388;1,9276;-0,1126;0,0219;-0,0119;-0,9933;;False
990,63;16.43;pa016​;20250417_161114;1;Marche2;-0,0338;1,5382;1,9429;-0,1105;0,0223;-0,0106;-0,9936;;False
990,64;16.45;pa016​;20250417_161114;1;Marche2;-0,0297;1,5380;1,9583;-0,1090;0,0228;-0,0098;-0,9937;;False
990,66;16.46;pa016​;20250417_161114;1;Marche2;-0,0255;1,5392;1,9743;-0,1083;0,0235;-0,0093;-0,9938;;False
990,67;16.47;pa016​;20250417_161114;1;Marche2;-0,0210;1,5403;1,9902;-0,1059;0,0238;-0,0089;-0,9940;;False
990,68;16.49;pa016​;20250417_161114;1;Marche2;-0,0165;1,5426;2,0063;-0,1068;0,0239;-0,0082;-0,9940;;False
990,70;16.5;pa016​;20250417_161114;1;Marche2;-0,0119;1,5464;2,0232;-0,1069;0,0242;-0,0082;-0,9939;;False
990,71;16.51;pa016​;20250417_161114;1;Marche2;-0,0074;1,5494;2,0397;-0,1044;0,0239;-0,0076;-0,9942;;False
990,73;16.53;pa016​;20250417_161114;1;Marche2;-0,0033;1,5517;2,0551;-0,1035;0,0227;-0,0052;-0,9944;;False
990,74;16.54;pa016​;20250417_161114;1;Marche2;0,0008;1,5547;2,0708;-0,1041;0,0212;-0,0030;-0,9943;;False
990,75;16.56;pa016​;20250417_161114;1;Marche2;0,0046;1,5580;2,0867;-0,1028;0,0193;-0,0009;-0,9945;;False
990,78;16.58;pa016​;20250417_161114;1;Marche2;0,0107;1,5642;2,1180;-0,1003;0,0157;0,0026;-0,9948;;False
990,80;16.6;pa016​;20250417_161114;1;Marche2;0,0131;1,5669;2,1334;-0,0993;0,0151;0,0026;-0,9949;;False
990,81;16.61;pa016​;20250417_161114;1;Marche2;0,0151;1,5696;2,1490;-0,0983;0,0154;0,0012;-0,9950;;False
990,82;16.62;pa016​;20250417_161114;1;Marche2;0,0167;1,5724;2,1647;-0,0979;0,0163;-0,0005;-0,9951;;False
990,84;16.64;pa016​;20250417_161114;1;Marche2;0,0180;1,5748;2,1801;-0,0977;0,0173;-0,0022;-0,9951;;False
990,85;16.65;pa016​;20250417_161114;1;Marche2;0,0190;1,5771;2,1954;-0,0991;0,0189;-0,0042;-0,9949;;False
990,87;16.67;pa016​;20250417_161114;1;Marche2;0,0198;1,5791;2,2106;-0,1003;0,0209;-0,0065;-0,9947;;False
990,88;16.68;pa016​;20250417_161114;1;Marche2;0,0204;1,5809;2,2258;-0,1007;0,0231;-0,0090;-0,9946;;False
990,89;16.69;pa016​;20250417_161114;1;Marche2;0,0209;1,5824;2,2408;-0,1016;0,0257;-0,0119;-0,9944;;False
990,91;16.71;pa016​;20250417_161114;1;Marche2;0,0215;1,5837;2,2560;-0,1018;0,0280;-0,0147;-0,9943;;False
990,92;16.72;pa016​;20250417_161114;1;Marche2;0,0222;1,5848;2,2712;-0,1013;0,0304;-0,0177;-0,9942;;False
990,94;16.74;pa016​;20250417_161114;1;Marche2;0,0229;1,5856;2,2865;-0,1002;0,0322;-0,0200;-0,9942;;False
990,95;16.75;pa016​;20250417_161114;1;Marche2;0,0235;1,5862;2,3017;-0,0978;0,0339;-0,0222;-0,9944;;False
990,96;16.76;pa016​;20250417_161114;1;Marche2;0,0241;1,5864;2,3171;-0,0957;0,0352;-0,0238;-0,9945;;False
990,98;16.78;pa016​;20250417_161114;1;Marche2;0,0247;1,5862;2,3325;-0,0939;0,0360;-0,0251;-0,9946;;False
990,99;16.79;pa016​;20250417_161114;1;Marche2;0,0253;1,5855;2,3481;-0,0917;0,0362;-0,0262;-0,9948;;False
991,00;16.81;pa016​;20250417_161114;1;Marche2;0,0259;1,5843;2,3638;-0,0908;0,0361;-0,0273;-0,9948;;False
991,02;16.82;pa016​;20250417_161114;1;Marche2;0,0265;1,5828;2,3794;-0,0911;0,0356;-0,0282;-0,9948;;False
991,03;16.83;pa016​;20250417_161114;1;Marche2;0,0271;1,5807;2,3953;-0,0917;0,0349;-0,0290;-0,9947;;False
991,05;16.85;pa016​;20250417_161114;1;Marche2;0,0278;1,5784;2,4114;-0,0928;0,0343;-0,0301;-0,9946;;False
991,06;16.86;pa016​;20250417_161114;1;Marche2;0,0284;1,5758;2,4276;-0,0931;0,0336;-0,0305;-0,9946;;False
991,07;16.88;pa016​;20250417_161114;1;Marche2;0,0290;1,5731;2,4439;-0,0938;0,0332;-0,0306;-0,9946;;False
991,09;16.89;pa016​;20250417_161114;1;Marche2;0,0295;1,5702;2,4605;-0,0942;0,0326;-0,0307;-0,9945;;False
991,10;16.9;pa016​;20250417_161114;1;Marche2;0,0298;1,5673;2,4773;-0,0948;0,0319;-0,0305;-0,9945;;False
991,12;16.92;pa016​;20250417_161114;1;Marche2;0,0301;1,5639;2,4944;-0,0935;0,0310;-0,0299;-0,9947;;False
991,13;16.93;pa016​;20250417_161114;1;Marche2;0,0304;1,5606;2,5113;-0,0924;0,0301;-0,0293;-0,9948;;False
991,14;16.94;pa016​;20250417_161114;1;Marche2;0,0305;1,5575;2,5286;-0,0922;0,0291;-0,0288;-0,9949;;False
991,16;16.96;pa016​;20250417_161114;1;Marche2;0,0303;1,5542;2,5459;-0,0912;0,0275;-0,0282;-0,9951;;False
991,17;16.97;pa016​;20250417_161114;1;Marche2;0,0299;1,5513;2,5636;-0,0901;0,0261;-0,0277;-0,9952;;False
991,18;16.99;pa016​;20250417_161114;1;Marche2;0,0294;1,5485;2,5817;-0,0877;0,0246;-0,0273;-0,9955;;False
991,20;17.0;pa016​;20250417_161114;1;Marche2;0,0287;1,5458;2,6000;-0,0852;0,0231;-0,0277;-0,9957;;False
991,21;17.01;pa016​;20250417_161114;1;Marche2;0,0277;1,5431;2,6182;-0,0831;0,0221;-0,0288;-0,9959;;False
991,23;17.03;pa016​;20250417_161114;1;Marche2;0,0264;1,5403;2,6366;-0,0809;0,0215;-0,0299;-0,9960;;False
991,24;17.04;pa016​;20250417_161114;1;Marche2;0,0249;1,5378;2,6548;-0,0793;0,0207;-0,0304;-0,9962;;False
991,25;17.06;pa016​;20250417_161114;1;Marche2;0,0231;1,5368;2,6737;-0,0804;0,0199;-0,0308;-0,9961;;False
991,27;17.07;pa016​;20250417_161114;1;Marche2;0,0212;1,5361;2,6928;-0,0787;0,0189;-0,0301;-0,9963;;False
991,28;17.08;pa016​;20250417_161114;1;Marche2;0,0192;1,5361;2,7114;-0,0791;0,0179;-0,0303;-0,9962;;False
991,30;17.1;pa016​;20250417_161114;1;Marche2;0,0169;1,5379;2,7301;-0,0826;0,0177;-0,0321;-0,9959;;False
991,31;17.11;pa016​;20250417_161114;1;Marche2;0,0145;1,5410;2,7493;-0,0862;0,0179;-0,0337;-0,9955;;False
991,32;17.12;pa016​;20250417_161114;1;Marche2;0,0122;1,5437;2,7679;-0,0873;0,0191;-0,0358;-0,9954;;False
991,34;17.14;pa016​;20250417_161114;1;Marche2;0,0101;1,5465;2,7858;-0,0887;0,0220;-0,0402;-0,9950;;False
991,35;17.15;pa016​;20250417_161114;1;Marche2;0,0079;1,5497;2,8034;-0,0897;0,0259;-0,0444;-0,9946;;False
991,37;17.17;pa016​;20250417_161114;1;Marche2;0,0062;1,5534;2,8203;-0,0919;0,0298;-0,0471;-0,9942;;False
991,38;17.18;pa016​;20250417_161114;1;Marche2;0,0046;1,5573;2,8369;-0,0932;0,0324;-0,0482;-0,9940;;False
991,39;17.19;pa016​;20250417_161114;1;Marche2;0,0034;1,5614;2,8534;-0,0929;0,0344;-0,0469;-0,9940;;False
991,41;17.21;pa016​;20250417_161114;1;Marche2;0,0025;1,5653;2,8697;-0,0923;0,0354;-0,0447;-0,9941;;False
991,42;17.22;pa016​;20250417_161114;1;Marche2;0,0019;1,5690;2,8859;-0,0913;0,0360;-0,0420;-0,9943;;False
991,44;17.24;pa016​;20250417_161114;1;Marche2;0,0017;1,5722;2,9019;-0,0905;0,0361;-0,0394;-0,9945;;False
991,45;17.25;pa016​;20250417_161114;1;Marche2;0,0017;1,5749;2,9177;-0,0904;0,0359;-0,0374;-0,9946;;False
991,46;17.26;pa016​;20250417_161114;1;Marche2;0,0020;1,5771;2,9334;-0,0916;0,0356;-0,0357;-0,9945;;False
991,48;17.28;pa016​;20250417_161114;1;Marche2;0,0023;1,5791;2,9490;-0,0933;0,0350;-0,0342;-0,9944;;False
991,49;17.29;pa016​;20250417_161114;1;Marche2;0,0027;1,5806;2,9645;-0,0960;0,0339;-0,0322;-0,9943;;False
991,50;17.31;pa016​;20250417_161114;1;Marche2;0,0032;1,5815;2,9799;-0,0988;0,0326;-0,0298;-0,9941;;False
991,52;17.32;pa016​;20250417_161114;1;Marche2;0,0037;1,5820;2,9953;-0,1012;0,0310;-0,0278;-0,9940;;False
991,53;17.33;pa016​;20250417_161114;1;Marche2;0,0042;1,5822;3,0107;-0,1029;0,0297;-0,0262;-0,9939;;False
991,55;17.35;pa016​;20250417_161114;1;Marche2;0,0047;1,5822;3,0260;-0,1043;0,0286;-0,0251;-0,9938;;False
991,56;17.36;pa016​;20250417_161114;1;Marche2;0,0052;1,5816;3,0413;-0,1054;0,0277;-0,0247;-0,9937;;False
991,57;17.38;pa016​;20250417_161114;1;Marche2;0,0057;1,5808;3,0566;-0,1063;0,0272;-0,0241;-0,9937;;False
991,59;17.39;pa016​;20250417_161114;1;Marche2;0,0063;1,5796;3,0720;-0,1065;0,0267;-0,0237;-0,9937;;False
991,60;17.4;pa016​;20250417_161114;1;Marche2;0,0069;1,5780;3,0875;-0,1060;0,0262;-0,0234;-0,9937;;False
991,62;17.42;pa016​;20250417_161114;1;Marche2;0,0075;1,5760;3,1030;-0,1058;0,0260;-0,0230;-0,9938;;False
991,63;17.43;pa016​;20250417_161114;1;Marche2;0,0082;1,5739;3,1187;-0,1064;0,0260;-0,0229;-0,9937;;False
991,64;17.44;pa016​;20250417_161114;1;Marche2;0,0089;1,5716;3,1344;-0,1073;0,0263;-0,0230;-0,9936;;False
991,66;17.46;pa016​;20250417_161114;1;Marche2;0,0096;1,5691;3,1503;-0,1081;0,0267;-0,0229;-0,9935;;False
991,67;17.47;pa016​;20250417_161114;1;Marche2;0,0104;1,5665;3,1663;-0,1088;0,0269;-0,0221;-0,9935;;False
991,69;17.49;pa016​;20250417_161114;1;Marche2;0,0113;1,5637;3,1827;-0,1092;0,0273;-0,0212;-0,9934;;False
991,70;17.5;pa016​;20250417_161114;1;Marche2;0,0123;1,5607;3,1990;-0,1092;0,0277;-0,0205;-0,9934;;False
991,71;17.51;pa016​;20250417_161114;1;Marche2;0,0133;1,5577;3,2154;-0,1091;0,0281;-0,0198;-0,9934;;False
991,73;17.53;pa016​;20250417_161114;1;Marche2;0,0144;1,5546;3,2320;-0,1086;0,0284;-0,0197;-0,9935;;False
991,74;17.54;pa016​;20250417_161114;1;Marche2;0,0156;1,5516;3,2488;-0,1073;0,0286;-0,0193;-0,9936;;False
991,76;17.56;pa016​;20250417_161114;1;Marche2;0,0169;1,5485;3,2656;-0,1047;0,0291;-0,0197;-0,9939;;False
991,77;17.57;pa016​;20250417_161114;1;Marche2;0,0183;1,5456;3,2827;-0,1021;0,0299;-0,0200;-0,9941;;False
991,78;17.58;pa016​;20250417_161114;1;Marche2;0,0198;1,5426;3,2998;-0,0984;0,0305;-0,0200;-0,9945;;False
991,80;17.6;pa016​;20250417_161114;1;Marche2;0,0215;1,5399;3,3172;-0,0952;0,0313;-0,0200;-0,9948;;False
991,81;17.61;pa016​;20250417_161114;1;Marche2;0,0234;1,5375;3,3349;-0,0918;0,0321;-0,0198;-0,9951;;False
991,82;17.63;pa016​;20250417_161114;1;Marche2;0,0254;1,5352;3,3531;-0,0879;0,0326;-0,0191;-0,9954;;False
991,84;17.64;pa016​;20250417_161114;1;Marche2;0,0276;1,5329;3,3714;-0,0837;0,0329;-0,0185;-0,9958;;False
991,85;17.65;pa016​;20250417_161114;1;Marche2;0,0301;1,5302;3,3895;-0,0798;0,0333;-0,0180;-0,9961;;False
991,87;17.67;pa016​;20250417_161114;1;Marche2;0,0328;1,5287;3,4079;-0,0799;0,0341;-0,0182;-0,9961;;False
991,88;17.68;pa016​;20250417_161114;1;Marche2;0,0354;1,5290;3,4277;-0,0792;0,0348;-0,0179;-0,9961;;False
991,90;17.7;pa016​;20250417_161114;1;Marche2;0,0382;1,5298;3,4476;-0,0770;0,0345;-0,0162;-0,9963;;False
991,91;17.71;pa016​;20250417_161114;1;Marche2;0,0411;1,5315;3,4675;-0,0781;0,0345;-0,0152;-0,9962;;False
991,92;17.72;pa016​;20250417_161114;1;Marche2;0,0442;1,5343;3,4877;-0,0789;0,0345;-0,0144;-0,9962;;False
991,93;17.74;pa016​;20250417_161114;1;Marche2;0,0471;1,5351;3,5065;-0,0784;0,0323;-0,0107;-0,9963;;False
991,95;17.75;pa016​;20250417_161114;1;Marche2;0,0498;1,5365;3,5243;-0,0826;0,0282;-0,0053;-0,9962;;False
991,96;17.76;pa016​;20250417_161114;1;Marche2;0,0520;1,5391;3,5422;-0,0874;0,0235;-0,0001;-0,9959;;False
991,98;17.78;pa016​;20250417_161114;1;Marche2;0,0535;1,5427;3,5601;-0,0899;0,0187;0,0040;-0,9958;;False
991,99;17.79;pa016​;20250417_161114;1;Marche2;0,0544;1,5467;3,5776;-0,0895;0,0158;0,0041;-0,9959;;False
992,00;17.81;pa016​;20250417_161114;1;Marche2;0,0549;1,5507;3,5949;-0,0876;0,0141;0,0028;-0,9961;;False
992,02;17.82;pa016​;20250417_161114;1;Marche2;0,0547;1,5546;3,6119;-0,0860;0,0128;0,0005;-0,9962;;False
992,03;17.84;pa016​;20250417_161114;1;Marche2;0,0542;1,5585;3,6288;-0,0848;0,0130;-0,0032;-0,9963;;False
992,05;17.85;pa016​;20250417_161114;1;Marche2;0,0535;1,5621;3,6454;-0,0840;0,0135;-0,0067;-0,9964;;False
992,06;17.86;pa016​;20250417_161114;1;Marche2;0,0525;1,5656;3,6616;-0,0852;0,0147;-0,0103;-0,9962;;False
992,07;17.88;pa016​;20250417_161114;1;Marche2;0,0512;1,5687;3,6777;-0,0866;0,0165;-0,0133;-0,9960;;False
992,09;17.89;pa016​;20250417_161114;1;Marche2;0,0498;1,5716;3,6937;-0,0883;0,0181;-0,0168;-0,9958;;False
992,10;17.9;pa016​;20250417_161114;1;Marche2;0,0484;1,5741;3,7095;-0,0905;0,0201;-0,0202;-0,9955;;False
992,12;17.92;pa016​;20250417_161114;1;Marche2;0,0468;1,5764;3,7252;-0,0922;0,0220;-0,0239;-0,9952;;False
992,13;17.93;pa016​;20250417_161114;1;Marche2;0,0452;1,5782;3,7407;-0,0936;0,0239;-0,0271;-0,9950;;False
992,14;17.94;pa016​;20250417_161114;1;Marche2;0,0436;1,5797;3,7562;-0,0949;0,0261;-0,0302;-0,9947;;False
992,16;17.96;pa016​;20250417_161114;1;Marche2;0,0420;1,5809;3,7718;-0,0959;0,0282;-0,0331;-0,9944;;False
992,17;17.97;pa016​;20250417_161114;1;Marche2;0,0405;1,5816;3,7873;-0,0952;0,0302;-0,0354;-0,9944;;False
992,18;17.99;pa016​;20250417_161114;1;Marche2;0,0389;1,5819;3,8029;-0,0944;0,0316;-0,0367;-0,9944;;False
992,20;18.0;pa016​;20250417_161114;1;Marche2;0,0374;1,5815;3,8184;-0,0927;0,0329;-0,0379;-0,9944;;False
992,21;18.01;pa016​;20250417_161114;1;Marche2;0,0358;1,5810;3,8340;-0,0914;0,0337;-0,0392;-0,9945;;False
992,23;18.03;pa016​;20250417_161114;1;Marche2;0,0343;1,5801;3,8498;-0,0900;0,0342;-0,0398;-0,9946;;False
992,24;18.04;pa016​;20250417_161114;1;Marche2;0,0328;1,5790;3,8658;-0,0892;0,0341;-0,0404;-0,9946;;False
992,26;18.06;pa016​;20250417_161114;1;Marche2;0,0313;1,5776;3,8819;-0,0885;0,0338;-0,0410;-0,9947;;False
992,27;18.07;pa016​;20250417_161114;1;Marche2;0,0298;1,5759;3,8981;-0,0880;0,0333;-0,0413;-0,9947;;False
992,28;18.08;pa016​;20250417_161114;1;Marche2;0,0283;1,5739;3,9143;-0,0878;0,0328;-0,0415;-0,9947;;False
992,30;18.1;pa016​;20250417_161114;1;Marche2;0,0268;1,5716;3,9306;-0,0878;0,0320;-0,0420;-0,9947;;False
992,31;18.11;pa016​;20250417_161114;1;Marche2;0,0252;1,5691;3,9470;-0,0873;0,0311;-0,0416;-0,9948;;False
992,32;18.13;pa016​;20250417_161114;1;Marche2;0,0236;1,5664;3,9633;-0,0864;0,0299;-0,0412;-0,9950;;False
992,34;18.14;pa016​;20250417_161114;1;Marche2;0,0218;1,5638;3,9797;-0,0854;0,0286;-0,0407;-0,9951;;False
992,35;18.15;pa016​;20250417_161114;1;Marche2;0,0201;1,5611;3,9963;-0,0832;0,0272;-0,0396;-0,9954;;False
992,37;18.17;pa016​;20250417_161114;1;Marche2;0,0182;1,5588;4,0130;-0,0813;0,0257;-0,0389;-0,9956;;False
992,38;18.18;pa016​;20250417_161114;1;Marche2;0,0162;1,5559;4,0297;-0,0780;0,0242;-0,0374;-0,9960;;False
992,39;18.19;pa016​;20250417_161114;1;Marche2;0,0139;1,5533;4,0466;-0,0751;0,0223;-0,0362;-0,9963;;False
992,41;18.21;pa016​;20250417_161114;1;Marche2;0,0117;1,5511;4,0636;-0,0714;0,0213;-0,0349;-0,9966;;False
992,42;18.22;pa016​;20250417_161114;1;Marche2;0,0092;1,5487;4,0807;-0,0681;0,0190;-0,0350;-0,9969;;False
992,43;18.24;pa016​;20250417_161114;1;Marche2;0,0065;1,5461;4,0975;-0,0673;0,0177;-0,0346;-0,9970;;False
992,45;18.25;pa016​;20250417_161114;1;Marche2;0,0038;1,5438;4,1143;-0,0670;0,0159;-0,0336;-0,9971;;False
992,46;18.26;pa016​;20250417_161114;1;Marche2;0,0010;1,5434;4,1319;-0,0681;0,0137;-0,0319;-0,9971;;False
992,48;18.28;pa016​;20250417_161114;1;Marche2;-0,0020;1,5432;4,1496;-0,0662;0,0105;-0,0288;-0,9973;;False
992,49;18.29;pa016​;20250417_161114;1;Marche2;-0,0052;1,5441;4,1671;-0,0670;0,0068;-0,0256;-0,9974;;False
992,50;18.31;pa016​;20250417_161114;1;Marche2;-0,0087;1,5468;4,1852;-0,0689;0,0039;-0,0242;-0,9973;;False
992,52;18.32;pa016​;20250417_161114;1;Marche2;-0,0125;1,5502;4,2031;-0,0693;0,0012;-0,0237;-0,9973;;False
992,53;18.33;pa016​;20250417_161114;1;Marche2;-0,0162;1,5526;4,2201;-0,0707;0,0007;-0,0252;-0,9972;;False
992,55;18.35;pa016​;20250417_161114;1;Marche2;-0,0198;1,5554;4,2367;-0,0730;0,0024;-0,0297;-0,9969;;False
992,56;18.36;pa016​;20250417_161114;1;Marche2;-0,0233;1,5584;4,2530;-0,0750;0,0056;-0,0361;-0,9965;;False
992,57;18.37;pa016​;20250417_161114;1;Marche2;-0,0266;1,5617;4,2689;-0,0786;0,0090;-0,0403;-0,9960;;False
992,59;18.39;pa016​;20250417_161114;1;Marche2;-0,0297;1,5650;4,2846;-0,0800;0,0122;-0,0439;-0,9958;;False
992,60;18.4;pa016​;20250417_161114;1;Marche2;-0,0323;1,5685;4,3001;-0,0809;0,0159;-0,0449;-0,9956;;False
992,62;18.42;pa016​;20250417_161114;1;Marche2;-0,0348;1,5718;4,3152;-0,0812;0,0188;-0,0449;-0,9955;;False
992,63;18.43;pa016​;20250417_161114;1;Marche2;-0,0366;1,5750;4,3300;-0,0818;0,0219;-0,0436;-0,9955;;False
992,64;18.45;pa016​;20250417_161114;1;Marche2;-0,0381;1,5782;4,3449;-0,0816;0,0251;-0,0429;-0,9954;;False
992,66;18.46;pa016​;20250417_161114;1;Marche2;-0,0391;1,5809;4,3598;-0,0818;0,0278;-0,0414;-0,9954;;False
992,67;18.47;pa016​;20250417_161114;1;Marche2;-0,0399;1,5831;4,3744;-0,0819;0,0300;-0,0391;-0,9954;;False
992,69;18.49;pa016​;20250417_161114;1;Marche2;-0,0405;1,5849;4,3887;-0,0829;0,0313;-0,0359;-0,9954;;False
992,70;18.5;pa016​;20250417_161114;1;Marche2;-0,0409;1,5864;4,4029;-0,0838;0,0320;-0,0327;-0,9954;;False
992,71;18.51;pa016​;20250417_161114;1;Marche2;-0,0412;1,5874;4,4173;-0,0843;0,0325;-0,0301;-0,9955;;False
992,73;18.53;pa016​;20250417_161114;1;Marche2;-0,0415;1,5880;4,4316;-0,0850;0,0326;-0,0276;-0,9955;;False
992,74;18.54;pa016​;20250417_161114;1;Marche2;-0,0415;1,5885;4,4459;-0,0860;0,0325;-0,0258;-0,9954;;False
992,76;18.56;pa016​;20250417_161114;1;Marche2;-0,0412;1,5884;4,4600;-0,0861;0,0323;-0,0245;-0,9955;;False
992,77;18.57;pa016​;20250417_161114;1;Marche2;-0,0409;1,5881;4,4742;-0,0865;0,0318;-0,0233;-0,9955;;False
992,78;18.58;pa016​;20250417_161114;1;Marche2;-0,0405;1,5875;4,4885;-0,0866;0,0314;-0,0223;-0,9955;;False
992,80;18.6;pa016​;20250417_161114;1;Marche2;-0,0401;1,5864;4,5030;-0,0865;0,0307;-0,0217;-0,9955;;False
992,81;18.61;pa016​;20250417_161114;1;Marche2;-0,0395;1,5853;4,5175;-0,0867;0,0299;-0,0211;-0,9956;;False
992,82;18.62;pa016​;20250417_161114;1;Marche2;-0,0386;1,5840;4,5321;-0,0865;0,0293;-0,0205;-0,9956;;False
992,84;18.64;pa016​;20250417_161114;1;Marche2;-0,0374;1,5826;4,5466;-0,0867;0,0287;-0,0197;-0,9956;;False
992,85;18.65;pa016​;20250417_161114;1;Marche2;-0,0362;1,5808;4,5613;-0,0867;0,0282;-0,0195;-0,9956;;False
992,87;18.67;pa016​;20250417_161114;1;Marche2;-0,0349;1,5790;4,5761;-0,0867;0,0278;-0,0194;-0,9957;;False
992,88;18.68;pa016​;20250417_161114;1;Marche2;-0,0332;1,5768;4,5905;-0,0870;0,0275;-0,0192;-0,9956;;False
992,89;18.7;pa016​;20250417_161114;1;Marche2;-0,0312;1,5748;4,6052;-0,0882;0,0275;-0,0193;-0,9955;;False
992,91;18.71;pa016​;20250417_161114;1;Marche2;-0,0289;1,5726;4,6199;-0,0882;0,0274;-0,0190;-0,9955;;False
992,92;18.72;pa016​;20250417_161114;1;Marche2;-0,0265;1,5702;4,6345;-0,0876;0,0271;-0,0180;-0,9956;;False
992,93;18.74;pa016​;20250417_161114;1;Marche2;-0,0239;1,5678;4,6493;-0,0871;0,0267;-0,0165;-0,9957;;False
992,95;18.75;pa016​;20250417_161114;1;Marche2;-0,0209;1,5654;4,6641;-0,0857;0,0262;-0,0148;-0,9959;;False
992,96;18.76;pa016​;20250417_161114;1;Marche2;-0,0177;1,5628;4,6786;-0,0829;0,0257;-0,0132;-0,9961;;False
992,98;18.78;pa016​;20250417_161114;1;Marche2;-0,0142;1,5606;4,6936;-0,0805;0,0255;-0,0122;-0,9964;;False
992,99;18.79;pa016​;20250417_161114;1;Marche2;-0,0107;1,5587;4,7090;-0,0767;0,0257;-0,0110;-0,9967;;False
993,00;18.81;pa016​;20250417_161114;1;Marche2;-0,0071;1,5567;4,7246;-0,0727;0,0254;-0,0095;-0,9970;;False
993,02;18.82;pa016​;20250417_161114;1;Marche2;-0,0029;1,5546;4,7402;-0,0689;0,0250;-0,0078;-0,9973;;False
993,03;18.83;pa016​;20250417_161114;1;Marche2;0,0018;1,5524;4,7562;-0,0650;0,0238;-0,0058;-0,9976;;False
993,05;18.85;pa016​;20250417_161114;1;Marche2;0,0063;1,5503;4,7720;-0,0629;0,0225;-0,0044;-0,9978;;False
993,06;18.86;pa016​;20250417_161114;1;Marche2;0,0110;1,5487;4,7878;-0,0628;0,0217;-0,0041;-0,9978;;False
993,07;18.88;pa016​;20250417_161114;1;Marche2;0,0158;1,5488;4,8046;-0,0638;0,0215;-0,0048;-0,9977;;False
993,09;18.89;pa016​;20250417_161114;1;Marche2;0,0207;1,5490;4,8215;-0,0637;0,0215;-0,0049;-0,9977;;False
993,10;18.9;pa016​;20250417_161114;1;Marche2;0,0259;1,5514;4,8389;-0,0677;0,0217;-0,0041;-0,9975;;False
993,11;18.92;pa016​;20250417_161114;1;Marche2;0,0311;1,5545;4,8568;-0,0686;0,0214;-0,0035;-0,9974;;False
993,13;18.93;pa016​;20250417_161114;1;Marche2;0,0364;1,5576;4,8743;-0,0680;0,0207;-0,0013;-0,9975;;False
993,14;18.94;pa016​;20250417_161114;1;Marche2;0,0416;1,5603;4,8910;-0,0688;0,0192;0,0026;-0,9974;;False
993,16;18.96;pa016​;20250417_161114;1;Marche2;0,0464;1,5636;4,9077;-0,0719;0,0170;0,0064;-0,9972;;False
993,17;18.97;pa016​;20250417_161114;1;Marche2;0,0510;1,5671;4,9245;-0,0731;0,0149;0,0099;-0,9972;;False
993,18;18.99;pa016​;20250417_161114;1;Marche2;0,0552;1,5707;4,9410;-0,0735;0,0127;0,0126;-0,9971;;False
993,20;19.0;pa016​;20250417_161114;1;Marche2;0,0590;1,5741;4,9574;-0,0721;0,0114;0,0145;-0,9972;;False
993,21;19.01;pa016​;20250417_161114;1;Marche2;0,0625;1,5772;4,9735;-0,0705;0,0110;0,0149;-0,9973;;False
993,23;19.03;pa016​;20250417_161114;1;Marche2;0,0652;1,5800;4,9899;-0,0700;0,0105;0,0146;-0,9974;;False
993,24;19.04;pa016​;20250417_161114;1;Marche2;0,0677;1,5826;5,0062;-0,0698;0,0108;0,0142;-0,9974;;False
993,26;19.06;pa016​;20250417_161114;1;Marche2;0,0700;1,5852;5,0223;-0,0700;0,0111;0,0139;-0,9974;;False
993,27;19.07;pa016​;20250417_161114;1;Marche2;0,0719;1,5874;5,0384;-0,0705;0,0114;0,0138;-0,9974;;False
993,28;19.08;pa016​;20250417_161114;1;Marche2;0,0735;1,5893;5,0545;-0,0710;0,0122;0,0129;-0,9973;;False
993,30;19.1;pa016​;20250417_161114;1;Marche2;0,0749;1,5905;5,0705;-0,0714;0,0134;0,0115;-0,9973;;False
993,31;19.11;pa016​;20250417_161114;1;Marche2;0,0761;1,5917;5,0862;-0,0721;0,0148;0,0101;-0,9972;;False
993,32;19.12;pa016​;20250417_161114;1;Marche2;0,0771;1,5920;5,1019;-0,0727;0,0159;0,0084;-0,9972;;False
993,34;19.14;pa016​;20250417_161114;1;Marche2;0,0780;1,5924;5,1174;-0,0745;0,0171;0,0065;-0,9971;;False
993,35;19.15;pa016​;20250417_161114;1;Marche2;0,0789;1,5925;5,1328;-0,0758;0,0180;0,0043;-0,9969;;False
993,37;19.17;pa016​;20250417_161114;1;Marche2;0,0797;1,5924;5,1481;-0,0768;0,0188;0,0025;-0,9969;;False
993,38;19.18;pa016​;20250417_161114;1;Marche2;0,0806;1,5920;5,1633;-0,0771;0,0195;0,0006;-0,9968;;False
993,39;19.19;pa016​;20250417_161114;1;Marche2;0,0814;1,5912;5,1783;-0,0770;0,0200;-0,0013;-0,9968;;False
993,41;19.21;pa016​;20250417_161114;1;Marche2;0,0822;1,5901;5,1934;-0,0764;0,0206;-0,0029;-0,9969;;False
993,42;19.22;pa016​;20250417_161114;1;Marche2;0,0829;1,5891;5,2088;-0,0763;0,0211;-0,0047;-0,9968;;False
993,43;19.24;pa016​;20250417_161114;1;Marche2;0,0836;1,5876;5,2241;-0,0758;0,0215;-0,0063;-0,9969;;False
993,45;19.25;pa016​;20250417_161114;1;Marche2;0,0843;1,5859;5,2394;-0,0762;0,0219;-0,0076;-0,9968;;False
993,46;19.26;pa016​;20250417_161114;1;Marche2;0,0851;1,5838;5,2547;-0,0764;0,0222;-0,0081;-0,9968;;False
993,48;19.28;pa016​;20250417_161114;1;Marche2;0,0858;1,5816;5,2701;-0,0771;0,0223;-0,0085;-0,9967;;False
993,49;19.29;pa016​;20250417_161114;1;Marche2;0,0866;1,5793;5,2855;-0,0774;0,0225;-0,0082;-0,9967;;False
993,50;19.3;pa016​;20250417_161114;1;Marche2;0,0873;1,5767;5,3010;-0,0778;0,0220;-0,0074;-0,9967;;False
993,52;19.32;pa016​;20250417_161114;1;Marche2;0,0879;1,5739;5,3165;-0,0782;0,0216;-0,0062;-0,9967;;False
993,53;19.33;pa016​;20250417_161114;1;Marche2;0,0883;1,5710;5,3321;-0,0774;0,0210;-0,0052;-0,9968;;False
993,55;19.35;pa016​;20250417_161114;1;Marche2;0,0887;1,5685;5,3479;-0,0774;0,0197;-0,0041;-0,9968;;False
993,56;19.36;pa016​;20250417_161114;1;Marche2;0,0891;1,5657;5,3635;-0,0766;0,0181;-0,0032;-0,9969;;False
993,57;19.37;pa016​;20250417_161114;1;Marche2;0,0892;1,5631;5,3793;-0,0759;0,0166;-0,0029;-0,9970;;False
993,59;19.39;pa016​;20250417_161114;1;Marche2;0,0890;1,5609;5,3953;-0,0746;0,0149;-0,0032;-0,9971;;False
993,60;19.4;pa016​;20250417_161114;1;Marche2;0,0885;1,5590;5,4116;-0,0734;0,0131;-0,0043;-0,9972;;False
993,62;19.42;pa016​;20250417_161114;1;Marche2;0,0878;1,5571;5,4279;-0,0712;0,0110;-0,0054;-0,9974;;False
993,63;19.43;pa016​;20250417_161114;1;Marche2;0,0869;1,5549;5,4439;-0,0692;0,0091;-0,0075;-0,9975;;False
993,64;19.44;pa016​;20250417_161114;1;Marche2;0,0857;1,5530;5,4600;-0,0681;0,0073;-0,0089;-0,9976;;False
993,66;19.46;pa016​;20250417_161114;1;Marche2;0,0842;1,5514;5,4759;-0,0676;0,0053;-0,0102;-0,9976;;False
993,67;19.47;pa016​;20250417_161114;1;Marche2;0,0826;1,5513;5,4923;-0,0681;0,0031;-0,0123;-0,9976;;False
993,68;19.49;pa016​;20250417_161114;1;Marche2;0,0808;1,5509;5,5083;-0,0680;0,0010;-0,0142;-0,9976;;False
993,70;19.5;pa016​;20250417_161114;1;Marche2;0,0790;1,5525;5,5247;-0,0709;-0,0004;-0,0173;-0,9973;;False
993,71;19.51;pa016​;20250417_161114;1;Marche2;0,0771;1,5559;5,5420;-0,0728;-0,0012;-0,0207;-0,9971;;False
993,73;19.53;pa016​;20250417_161114;1;Marche2;0,0753;1,5597;5,5596;-0,0712;-0,0018;-0,0238;-0,9972;;False
993,74;19.54;pa016​;20250417_161114;1;Marche2;0,0734;1,5618;5,5761;-0,0693;-0,0012;-0,0278;-0,9972;;False
993,76;19.56;pa016​;20250417_161114;1;Marche2;0,0715;1,5634;5,5918;-0,0700;0,0008;-0,0334;-0,9970;;False
993,77;19.57;pa016​;20250417_161114;1;Marche2;0,0699;1,5653;5,6075;-0,0722;0,0030;-0,0385;-0,9966;;False
993,78;19.58;pa016​;20250417_161114;1;Marche2;0,0685;1,5676;5,6230;-0,0763;0,0053;-0,0432;-0,9961;;False
993,80;19.6;pa016​;20250417_161114;1;Marche2;0,0674;1,5698;5,6385;-0,0795;0,0075;-0,0459;-0,9958;;False
993,81;19.61;pa016​;20250417_161114;1;Marche2;0,0665;1,5722;5,6539;-0,0825;0,0093;-0,0472;-0,9954;;False
993,82;19.62;pa016​;20250417_161114;1;Marche2;0,0658;1,5744;5,6694;-0,0841;0,0110;-0,0472;-0,9953;;False
993,84;19.64;pa016​;20250417_161114;1;Marche2;0,0655;1,5767;5,6850;-0,0850;0,0129;-0,0468;-0,9952;;False
993,85;19.65;pa016​;20250417_161114;1;Marche2;0,0654;1,5785;5,7002;-0,0864;0,0147;-0,0461;-0,9951;;False
993,87;19.67;pa016​;20250417_161114;1;Marche2;0,0656;1,5802;5,7152;-0,0892;0,0167;-0,0447;-0,9949;;False
993,88;19.68;pa016​;20250417_161114;1;Marche2;0,0659;1,5814;5,7302;-0,0919;0,0175;-0,0420;-0,9947;;False
993,89;19.69;pa016​;20250417_161114;1;Marche2;0,0664;1,5825;5,7451;-0,0936;0,0180;-0,0393;-0,9947;;False
993,91;19.71;pa016​;20250417_161114;1;Marche2;0,0669;1,5832;5,7602;-0,0942;0,0180;-0,0362;-0,9947;;False
993,92;19.72;pa016​;20250417_161114;1;Marche2;0,0673;1,5837;5,7752;-0,0944;0,0177;-0,0335;-0,9948;;False
993,93;19.74;pa016​;20250417_161114;1;Marche2;0,0678;1,5838;5,7902;-0,0941;0,0174;-0,0311;-0,9949;;False
993,95;19.75;pa016​;20250417_161114;1;Marche2;0,0683;1,5835;5,8053;-0,0939;0,0172;-0,0293;-0,9950;;False
993,96;19.76;pa016​;20250417_161114;1;Marche2;0,0688;1,5828;5,8205;-0,0943;0,0168;-0,0277;-0,9950;;False
993,98;19.78;pa016​;20250417_161114;1;Marche2;0,0692;1,5818;5,8358;-0,0950;0,0164;-0,0263;-0,9950;;False
993,99;19.79;pa016​;20250417_161114;1;Marche2;0,0696;1,5804;5,8513;-0,0956;0,0161;-0,0253;-0,9950;;False
994,00;19.81;pa016​;20250417_161114;1;Marche2;0,0700;1,5788;5,8670;-0,0966;0,0159;-0,0248;-0,9949;;False
994,02;19.82;pa016​;20250417_161114;1;Marche2;0,0705;1,5769;5,8828;-0,0980;0,0161;-0,0248;-0,9948;;False
994,03;19.83;pa016​;20250417_161114;1;Marche2;0,0710;1,5749;5,8988;-0,0997;0,0165;-0,0253;-0,9946;;False
994,05;19.85;pa016​;20250417_161114;1;Marche2;0,0716;1,5728;5,9149;-0,1017;0,0173;-0,0260;-0,9943;;False
994,06;19.86;pa016​;20250417_161114;1;Marche2;0,0721;1,5706;5,9312;-0,1027;0,0181;-0,0264;-0,9942;;False
994,07;19.87;pa016​;20250417_161114;1;Marche2;0,0728;1,5680;5,9475;-0,1033;0,0191;-0,0271;-0,9941;;False
994,09;19.89;pa016​;20250417_161114;1;Marche2;0,0736;1,5656;5,9638;-0,1041;0,0203;-0,0277;-0,9940;;False
994,10;19.9;pa016​;20250417_161114;1;Marche2;0,0745;1,5630;5,9801;-0,1042;0,0214;-0,0277;-0,9939;;False
994,12;19.92;pa016​;20250417_161114;1;Marche2;0,0756;1,5602;5,9964;-0,1036;0,0227;-0,0274;-0,9940;;False
994,13;19.93;pa016​;20250417_161114;1;Marche2;0,0767;1,5577;6,0130;-0,1023;0,0238;-0,0267;-0,9941;;False
994,14;19.95;pa016​;20250417_161114;1;Marche2;0,0781;1,5551;6,0297;-0,0991;0,0250;-0,0256;-0,9944;;False
994,16;19.96;pa016​;20250417_161114;1;Marche2;0,0796;1,5526;6,0465;-0,0959;0,0262;-0,0244;-0,9948;;False
994,17;19.97;pa016​;20250417_161114;1;Marche2;0,0813;1,5498;6,0635;-0,0924;0,0278;-0,0233;-0,9951;;False
994,18;19.99;pa016​;20250417_161114;1;Marche2;0,0835;1,5470;6,0806;-0,0899;0,0294;-0,0227;-0,9953;;False
994,20;20.0;pa016​;20250417_161114;1;Marche2;0,0857;1,5436;6,0978;-0,0880;0,0298;-0,0218;-0,9954;;False
994,21;20.01;pa016​;20250417_161114;1;Marche2;0,0881;1,5406;6,1151;-0,0871;0,0303;-0,0199;-0,9955;;False
994,23;20.03;pa016​;20250417_161114;1;Marche2;0,0908;1,5378;6,1323;-0,0873;0,0303;-0,0187;-0,9955;;False
994,24;20.04;pa016​;20250417_161114;1;Marche2;0,0935;1,5361;6,1497;-0,0894;0,0306;-0,0182;-0,9954;;False
994,26;20.06;pa016​;20250417_161114;1;Marche2;0,0965;1,5364;6,1682;-0,0918;0,0312;-0,0187;-0,9951;;False
994,27;20.07;pa016​;20250417_161114;1;Marche2;0,0995;1,5362;6,1862;-0,0923;0,0311;-0,0185;-0,9951;;False
994,28;20.08;pa016​;20250417_161114;1;Marche2;0,1026;1,5384;6,2050;-0,0955;0,0314;-0,0178;-0,9948;;False
994,30;20.1;pa016​;20250417_161114;1;Marche2;0,1059;1,5421;6,2243;-0,0954;0,0321;-0,0167;-0,9948;;False
994,31;20.11;pa016​;20250417_161114;1;Marche2;0,1092;1,5438;6,2423;-0,0924;0,0317;-0,0138;-0,9951;;False
994,32;20.13;pa016​;20250417_161114;1;Marche2;0,1125;1,5456;6,2596;-0,0932;0,0299;-0,0088;-0,9952;;False
994,34;20.14;pa016​;20250417_161114;1;Marche2;0,1156;1,5485;6,2772;-0,0950;0,0273;-0,0029;-0,9951;;False
994,35;20.15;pa016​;20250417_161114;1;Marche2;0,1180;1,5514;6,2945;-0,0950;0,0238;0,0031;-0,9952;;False
994,37;20.17;pa016​;20250417_161114;1;Marche2;0,1199;1,5547;6,3120;-0,0950;0,0213;0,0066;-0,9952;;False
994,38;20.18;pa016​;20250417_161114;1;Marche2;0,1217;1,5579;6,3293;-0,0946;0,0194;0,0089;-0,9953;;False
994,39;20.19;pa016​;20250417_161114;1;Marche2;0,1229;1,5608;6,3464;-0,0934;0,0182;0,0093;-0,9954;;False
994,41;20.21;pa016​;20250417_161114;1;Marche2;0,1236;1,5638;6,3636;-0,0937;0,0175;0,0086;-0,9954;;False
994,42;20.22;pa016​;20250417_161114;1;Marche2;0,1239;1,5665;6,3808;-0,0945;0,0169;0,0077;-0,9954;;False
994,43;20.24;pa016​;20250417_161114;1;Marche2;0,1239;1,5689;6,3978;-0,0965;0,0167;0,0063;-0,9952;;False
994,45;20.25;pa016​;20250417_161114;1;Marche2;0,1236;1,5709;6,4148;-0,0991;0,0168;0,0041;-0,9949;;False
994,46;20.26;pa016​;20250417_161114;1;Marche2;0,1230;1,5723;6,4315;-0,1020;0,0171;0,0008;-0,9946;;False
994,48;20.28;pa016​;20250417_161114;1;Marche2;0,1222;1,5737;6,4481;-0,1059;0,0180;-0,0035;-0,9942;;False
994,49;20.29;pa016​;20250417_161114;1;Marche2;0,1214;1,5745;6,4645;-0,1094;0,0194;-0,0080;-0,9938;;False
994,50;20.31;pa016​;20250417_161114;1;Marche2;0,1205;1,5750;6,4806;-0,1137;0,0205;-0,0124;-0,9932;;False
994,52;20.32;pa016​;20250417_161114;1;Marche2;0,1196;1,5755;6,4968;-0,1167;0,0219;-0,0161;-0,9928;;False
994,53;20.33;pa016​;20250417_161114;1;Marche2;0,1188;1,5756;6,5129;-0,1180;0,0230;-0,0183;-0,9926;;False
994,55;20.35;pa016​;20250417_161114;1;Marche2;0,1179;1,5755;6,5290;-0,1188;0,0238;-0,0203;-0,9924;;False
994,56;20.36;pa016​;20250417_161114;1;Marche2;0,1170;1,5750;6,5449;-0,1188;0,0243;-0,0216;-0,9924;;False
994,57;20.37;pa016​;20250417_161114;1;Marche2;0,1161;1,5742;6,5607;-0,1178;0,0246;-0,0223;-0,9925;;False
994,59;20.39;pa016​;20250417_161114;1;Marche2;0,1148;1,5731;6,5770;-0,1166;0,0244;-0,0227;-0,9926;;False
994,60;20.4;pa016​;20250417_161114;1;Marche2;0,1135;1,5716;6,5931;-0,1157;0,0241;-0,0233;-0,9927;;False
994,62;20.42;pa016​;20250417_161114;1;Marche2;0,1126;1,5700;6,6092;-0,1146;0,0237;-0,0240;-0,9928;;False
994,63;20.43;pa016​;20250417_161114;1;Marche2;0,1117;1,5680;6,6253;-0,1140;0,0231;-0,0242;-0,9929;;False
994,64;20.44;pa016​;20250417_161114;1;Marche2;0,1109;1,5660;6,6414;-0,1134;0,0228;-0,0244;-0,9930;;False
994,66;20.46;pa016​;20250417_161114;1;Marche2;0,1099;1,5636;6,6578;-0,1108;0,0221;-0,0249;-0,9933;;False
994,67;20.47;pa016​;20250417_161114;1;Marche2;0,1088;1,5610;6,6741;-0,1092;0,0213;-0,0247;-0,9935;;False
994,68;20.49;pa016​;20250417_161114;1;Marche2;0,1077;1,5582;6,6902;-0,1082;0,0202;-0,0242;-0,9936;;False
994,70;20.5;pa016​;20250417_161114;1;Marche2;0,1066;1,5558;6,7066;-0,1076;0,0192;-0,0243;-0,9937;;False
994,71;20.51;pa016​;20250417_161114;1;Marche2;0,1053;1,5529;6,7230;-0,1050;0,0175;-0,0242;-0,9940;;False
994,73;20.53;pa016​;20250417_161114;1;Marche2;0,1036;1,5505;6,7399;-0,1035;0,0154;-0,0240;-0,9942;;False
994,74;20.54;pa016​;20250417_161114;1;Marche2;0,1017;1,5480;6,7568;-0,1009;0,0132;-0,0236;-0,9945;;False
994,75;20.56;pa016​;20250417_161114;1;Marche2;0,0998;1,5458;6,7737;-0,0989;0,0113;-0,0238;-0,9947;;False
994,77;20.57;pa016​;20250417_161114;1;Marche2;0,0977;1,5434;6,7906;-0,0972;0,0096;-0,0247;-0,9949;;False
994,78;20.58;pa016​;20250417_161114;1;Marche2;0,0955;1,5411;6,8076;-0,0964;0,0085;-0,0265;-0,9950;;False
994,80;20.6;pa016​;20250417_161114;1;Marche2;0,0929;1,5389;6,8244;-0,0966;0,0074;-0,0287;-0,9949;;False
994,81;20.61;pa016​;20250417_161114;1;Marche2;0,0902;1,5379;6,8418;-0,0993;0,0062;-0,0300;-0,9946;;False
994,82;20.62;pa016​;20250417_161114;1;Marche2;0,0873;1,5374;6,8591;-0,1017;0,0044;-0,0302;-0,9943;;False
994,84;20.64;pa016​;20250417_161114;1;Marche2;0,0842;1,5380;6,8763;-0,1057;0,0028;-0,0297;-0,9940;;False
994,85;20.65;pa016​;20250417_161114;1;Marche2;0,0810;1,5393;6,8934;-0,1079;0,0022;-0,0309;-0,9937;;False
994,87;20.67;pa016​;20250417_161114;1;Marche2;0,0777;1,5428;6,9108;-0,1106;0,0033;-0,0342;-0,9933;;False
994,88;20.68;pa016​;20250417_161114;1;Marche2;0,0743;1,5458;6,9277;-0,1116;0,0042;-0,0365;-0,9931;;False
994,89;20.69;pa016​;20250417_161114;1;Marche2;0,0709;1,5490;6,9440;-0,1132;0,0061;-0,0387;-0,9928;;False
994,91;20.71;pa016​;20250417_161114;1;Marche2;0,0676;1,5524;6,9601;-0,1127;0,0090;-0,0421;-0,9927;;False
994,92;20.72;pa016​;20250417_161114;1;Marche2;0,0644;1,5559;6,9760;-0,1123;0,0121;-0,0443;-0,9926;;False
994,93;20.74;pa016​;20250417_161114;1;Marche2;0,0613;1,5591;6,9917;-0,1120;0,0143;-0,0451;-0,9926;;False
994,95;20.75;pa016​;20250417_161114;1;Marche2;0,0586;1,5622;7,0071;-0,1119;0,0163;-0,0450;-0,9926;;False
994,96;20.76;pa016​;20250417_161114;1;Marche2;0,0562;1,5652;7,0226;-0,1111;0,0178;-0,0439;-0,9927;;False
994,98;20.78;pa016​;20250417_161114;1;Marche2;0,0540;1,5679;7,0383;-0,1099;0,0193;-0,0432;-0,9928;;False
994,99;20.79;pa016​;20250417_161114;1;Marche2;0,0518;1,5699;7,0540;-0,1080;0,0209;-0,0432;-0,9930;;False
995,01;20.81;pa016​;20250417_161114;1;Marche2;0,0499;1,5715;7,0696;-0,1072;0,0227;-0,0442;-0,9930;;False
995,02;20.82;pa016​;20250417_161114;1;Marche2;0,0485;1,5730;7,0849;-0,1087;0,0245;-0,0452;-0,9927;;False
995,03;20.83;pa016​;20250417_161114;1;Marche2;0,0473;1,5740;7,1002;-0,1105;0,0256;-0,0453;-0,9925;;False
995,05;20.85;pa016​;20250417_161114;1;Marche2;0,0461;1,5746;7,1155;-0,1124;0,0265;-0,0441;-0,9923;;False
995,06;20.86;pa016​;20250417_161114;1;Marche2;0,0449;1,5746;7,1307;-0,1138;0,0268;-0,0422;-0,9922;;False
995,07;20.87;pa016​;20250417_161114;1;Marche2;0,0439;1,5746;7,1458;-0,1154;0,0270;-0,0397;-0,9922;;False
995,09;20.89;pa016​;20250417_161114;1;Marche2;0,0433;1,5743;7,1612;-0,1173;0,0270;-0,0383;-0,9920;;False
995,10;20.9;pa016​;20250417_161114;1;Marche2;0,0426;1,5740;7,1764;-0,1177;0,0272;-0,0372;-0,9920;;False
995,11;20.92;pa016​;20250417_161114;1;Marche2;0,0419;1,5733;7,1917;-0,1183;0,0273;-0,0357;-0,9920;;False
995,13;20.93;pa016​;20250417_161114;1;Marche2;0,0414;1,5722;7,2068;-0,1191;0,0277;-0,0349;-0,9919;;False
995,14;20.95;pa016​;20250417_161114;1;Marche2;0,0407;1,5711;7,2222;-0,1196;0,0282;-0,0344;-0,9918;;False
995,16;20.96;pa016​;20250417_161114;1;Marche2;0,0405;1,5699;7,2376;-0,1195;0,0290;-0,0336;-0,9918;;False
995,17;20.97;pa016​;20250417_161114;1;Marche2;0,0403;1,5685;7,2532;-0,1199;0,0298;-0,0330;-0,9918;;False
995,18;20.99;pa016​;20250417_161114;1;Marche2;0,0402;1,5669;7,2689;-0,1206;0,0308;-0,0330;-0,9917;;False
995,20;21.0;pa016​;20250417_161114;1;Marche2;0,0401;1,5652;7,2847;-0,1211;0,0317;-0,0328;-0,9916;;False
995,21;21.01;pa016​;20250417_161114;1;Marche2;0,0403;1,5634;7,3006;-0,1221;0,0323;-0,0322;-0,9915;;False
995,23;21.03;pa016​;20250417_161114;1;Marche2;0,0408;1,5614;7,3163;-0,1228;0,0326;-0,0315;-0,9914;;False
995,24;21.04;pa016​;20250417_161114;1;Marche2;0,0416;1,5592;7,3318;-0,1236;0,0329;-0,0313;-0,9913;;False
995,26;21.06;pa016​;20250417_161114;1;Marche2;0,0421;1,5570;7,3476;-0,1242;0,0329;-0,0310;-0,9912;;False
995,27;21.07;pa016​;20250417_161114;1;Marche2;0,0429;1,5545;7,3633;-0,1240;0,0328;-0,0303;-0,9913;;False
995,28;21.08;pa016​;20250417_161114;1;Marche2;0,0439;1,5519;7,3788;-0,1233;0,0326;-0,0293;-0,9914;;False
995,30;21.1;pa016​;20250417_161114;1;Marche2;0,0451;1,5495;7,3946;-0,1222;0,0325;-0,0281;-0,9916;;False
995,31;21.11;pa016​;20250417_161114;1;Marche2;0,0465;1,5468;7,4102;-0,1204;0,0324;-0,0266;-0,9918;;False
995,32;21.12;pa016​;20250417_161114;1;Marche2;0,0479;1,5443;7,4261;-0,1193;0,0325;-0,0256;-0,9920;;False
995,34;21.14;pa016​;20250417_161114;1;Marche2;0,0495;1,5421;7,4424;-0,1169;0,0333;-0,0252;-0,9923;;False
995,35;21.15;pa016​;20250417_161114;1;Marche2;0,0513;1,5400;7,4586;-0,1136;0,0345;-0,0247;-0,9926;;False
995,37;21.17;pa016​;20250417_161114;1;Marche2;0,0534;1,5378;7,4747;-0,1104;0,0355;-0,0242;-0,9930;;False
995,38;21.18;pa016​;20250417_161114;1;Marche2;0,0556;1,5357;7,4908;-0,1077;0,0362;-0,0233;-0,9933;;False
995,39;21.19;pa016​;20250417_161114;1;Marche2;0,0582;1,5338;7,5070;-0,1042;0,0371;-0,0230;-0,9936;;False
995,41;21.21;pa016​;20250417_161114;1;Marche2;0,0606;1,5335;7,5239;-0,1029;0,0378;-0,0230;-0,9937;;False
995,42;21.22;pa016​;20250417_161114;1;Marche2;0,0634;1,5341;7,5414;-0,1008;0,0385;-0,0225;-0,9939;;False
995,44;21.24;pa016​;20250417_161114;1;Marche2;0,0662;1,5362;7,5594;-0,1003;0,0389;-0,0223;-0,9939;;False
995,45;21.25;pa016​;20250417_161114;1;Marche2;0,0692;1,5389;7,5776;-0,1001;0,0399;-0,0222;-0,9939;;False
995,46;21.26;pa016​;20250417_161114;1;Marche2;0,0723;1,5417;7,5957;-0,0996;0,0403;-0,0209;-0,9940;;False
995,48;21.28;pa016​;20250417_161114;1;Marche2;0,0754;1,5428;7,6127;-0,0967;0,0394;-0,0166;-0,9944;;False
995,49;21.29;pa016​;20250417_161114;1;Marche2;0,0783;1,5450;7,6293;-0,0982;0,0368;-0,0106;-0,9944;;False
995,50;21.31;pa016​;20250417_161114;1;Marche2;0,0807;1,5477;7,6461;-0,0989;0,0334;-0,0038;-0,9945;;False
995,52;21.32;pa016​;20250417_161114;1;Marche2;0,0828;1,5506;7,6628;-0,0992;0,0304;0,0011;-0,9946;;False
995,53;21.33;pa016​;20250417_161114;1;Marche2;0,0846;1,5534;7,6794;-0,0986;0,0281;0,0050;-0,9947;;False
995,55;21.35;pa016​;20250417_161114;1;Marche2;0,0857;1,5559;7,6955;-0,0969;0,0263;0,0068;-0,9949;;False
995,56;21.36;pa016​;20250417_161114;1;Marche2;0,0865;1,5587;7,7115;-0,0966;0,0260;0,0067;-0,9950;;False
995,57;21.37;pa016​;20250417_161114;1;Marche2;0,0869;1,5614;7,7274;-0,0964;0,0257;0,0061;-0,9950;;False
995,59;21.39;pa016​;20250417_161114;1;Marche2;0,0868;1,5637;7,7429;-0,0975;0,0257;0,0043;-0,9949;;False
995,60;21.4;pa016​;20250417_161114;1;Marche2;0,0866;1,5662;7,7585;-0,0988;0,0262;0,0026;-0,9948;;False
995,61;21.42;pa016​;20250417_161114;1;Marche2;0,0861;1,5685;7,7739;-0,0998;0,0263;0,0008;-0,9947;;False
995,63;21.43;pa016​;20250417_161114;1;Marche2;0,0853;1,5706;7,7889;-0,1016;0,0267;-0,0024;-0,9945;;False
995,64;21.44;pa016​;20250417_161114;1;Marche2;0,0844;1,5726;7,8039;-0,1031;0,0272;-0,0060;-0,9943;;False
995,66;21.46;pa016​;20250417_161114;1;Marche2;0,0833;1,5743;7,8188;-0,1045;0,0280;-0,0097;-0,9941;;False
995,67;21.47;pa016​;20250417_161114;1;Marche2;0,0821;1,5757;7,8334;-0,1062;0,0288;-0,0143;-0,9938;;False
995,68;21.48;pa016​;20250417_161114;1;Marche2;0,0808;1,5770;7,8478;-0,1073;0,0297;-0,0187;-0,9936;;False
995,70;21.5;pa016​;20250417_161114;1;Marche2;0,0795;1,5780;7,8620;-0,1078;0,0311;-0,0222;-0,9934;;False
995,71;21.51;pa016​;20250417_161114;1;Marche2;0,0782;1,5785;7,8763;-0,1074;0,0324;-0,0255;-0,9934;;False
995,73;21.53;pa016​;20250417_161114;1;Marche2;0,0769;1,5787;7,8905;-0,1069;0,0340;-0,0285;-0,9933;;False
995,74;21.54;pa016​;20250417_161114;1;Marche2;0,0756;1,5786;7,9047;-0,1065;0,0356;-0,0307;-0,9932;;False
995,75;21.55;pa016​;20250417_161114;1;Marche2;0,0742;1,5782;7,9188;-0,1061;0,0373;-0,0328;-0,9931;;False
995,77;21.57;pa016​;20250417_161114;1;Marche2;0,0728;1,5775;7,9329;-0,1056;0,0396;-0,0347;-0,9930;;False
995,78;21.58;pa016​;20250417_161114;1;Marche2;0,0712;1,5765;7,9473;-0,1051;0,0423;-0,0364;-0,9929;;False
995,80;21.6;pa016​;20250417_161114;1;Marche2;0,0693;1,5750;7,9617;-0,1049;0,0450;-0,0376;-0,9928;;False
995,81;21.61;pa016​;20250417_161114;1;Marche2;0,0675;1,5734;7,9761;-0,1051;0,0480;-0,0387;-0,9925;;False
995,82;21.63;pa016​;20250417_161114;1;Marche2;0,0658;1,5714;7,9903;-0,1057;0,0511;-0,0395;-0,9923;;False
995,84;21.64;pa016​;20250417_161114;1;Marche2;0,0641;1,5692;8,0046;-0,1065;0,0545;-0,0402;-0,9920;;False
995,85;21.65;pa016​;20250417_161114;1;Marche2;0,0622;1,5668;8,0191;-0,1071;0,0577;-0,0409;-0,9917;;False
995,87;21.67;pa016​;20250417_161114;1;Marche2;0,0600;1,5641;8,0339;-0,1070;0,0609;-0,0412;-0,9915;;False
995,88;21.68;pa016​;20250417_161114;1;Marche2;0,0577;1,5615;8,0486;-0,1069;0,0639;-0,0415;-0,9913;;False
995,89;21.7;pa016​;20250417_161114;1;Marche2;0,0556;1,5590;8,0635;-0,1066;0,0670;-0,0418;-0,9912;;False
995,91;21.71;pa016​;20250417_161114;1;Marche2;0,0533;1,5563;8,0784;-0,1051;0,0699;-0,0419;-0,9911;;False
995,92;21.72;pa016​;20250417_161114;1;Marche2;0,0507;1,5536;8,0937;-0,1041;0,0727;-0,0428;-0,9910;;False
995,94;21.74;pa016​;20250417_161114;1;Marche2;0,0478;1,5509;8,1093;-0,1023;0,0755;-0,0435;-0,9909;;False
995,95;21.75;pa016​;20250417_161114;1;Marche2;0,0449;1,5486;8,1251;-0,1008;0,0784;-0,0445;-0,9908;;False
995,96;21.76;pa016​;20250417_161114;1;Marche2;0,0417;1,5460;8,1409;-0,0982;0,0817;-0,0463;-0,9907;;False
995,98;21.78;pa016​;20250417_161114;1;Marche2;0,0382;1,5436;8,1570;-0,0965;0,0851;-0,0480;-0,9905;;False
995,99;21.79;pa016​;20250417_161114;1;Marche2;0,0343;1,5408;8,1733;-0,0939;0,0888;-0,0492;-0,9904;;False
996,00;21.81;pa016​;20250417_161114;1;Marche2;0,0300;1,5383;8,1896;-0,0921;0,0921;-0,0503;-0,9902;;False
996,02;21.82;pa016​;20250417_161114;1;Marche2;0,0254;1,5356;8,2058;-0,0904;0,0958;-0,0509;-0,9900;;False
996,03;21.83;pa016​;20250417_161114;1;Marche2;0,0205;1,5329;8,2217;-0,0896;0,0997;-0,0520;-0,9896;;False
996,05;21.85;pa016​;20250417_161114;1;Marche2;0,0154;1,5311;8,2379;-0,0903;0,1042;-0,0544;-0,9889;;False
996,06;21.86;pa016​;20250417_161114;1;Marche2;0,0099;1,5298;8,2543;-0,0879;0,1093;-0,0572;-0,9885;;False
996,07;21.88;pa016​;20250417_161114;1;Marche2;0,0040;1,5299;8,2705;-0,0911;0,1150;-0,0613;-0,9873;;False
996,09;21.89;pa016​;20250417_161114;1;Marche2;-0,0026;1,5318;8,2877;-0,0903;0,1211;-0,0658;-0,9863;;False
