Timestamp;ElapsedTime;ID_Subject;ID_Session;sessionNumber;ID_Test;HeadPosition_X;HeadPosition_Y;HeadPosition_Z;HeadRotation_X;HeadRotation_Y;HeadRotation_Z;HeadRotation_W;Events;FalseStart
1933,04;0.0;pa012​;20250414_140852;1;TUG1;0,0778;1,0860;0,1965;-0,2148;-0,0971;0,0246;-0,9715;;False
1933,05;0.01;pa012​;20250414_140852;1;TUG1;0,0798;1,0855;0,2020;-0,2150;-0,0981;0,0237;-0,9714;;False
1933,06;0.03;pa012​;20250414_140852;1;TUG1;0,0819;1,0849;0,2072;-0,2159;-0,0991;0,0235;-0,9711;;False
1933,08;0.04;pa012​;20250414_140852;1;TUG1;0,0838;1,0839;0,2123;-0,2172;-0,0999;0,0229;-0,9707;;False
1933,09;0.06;pa012​;20250414_140852;1;TUG1;0,0856;1,0828;0,2173;-0,2189;-0,1003;0,0226;-0,9703;;False
1933,10;0.07;pa012​;20250414_140852;1;TUG1;0,0875;1,0817;0,2222;-0,2214;-0,1006;0,0222;-0,9697;;False
1933,12;0.08;pa012​;20250414_140852;1;TUG1;0,0893;1,0803;0,2270;-0,2240;-0,1006;0,0221;-0,9691;;False
1933,13;0.1;pa012​;20250414_140852;1;TUG1;0,0910;1,0791;0,2319;-0,2266;-0,1007;0,0221;-0,9685;;False
1933,15;0.11;pa012​;20250414_140852;1;TUG1;0,0928;1,0782;0,2369;-0,2269;-0,1008;0,0228;-0,9684;;False
1933,16;0.12;pa012​;20250414_140852;1;TUG1;0,0946;1,0775;0,2419;-0,2265;-0,1008;0,0231;-0,9685;;False
1933,17;0.14;pa012​;20250414_140852;1;TUG1;0,0965;1,0768;0,2466;-0,2246;-0,1008;0,0231;-0,9689;;False
1933,19;0.15;pa012​;20250414_140852;1;TUG1;0,0982;1,0757;0,2512;-0,2246;-0,1010;0,0233;-0,9689;;False
1933,20;0.17;pa012​;20250414_140852;1;TUG1;0,1000;1,0744;0,2555;-0,2257;-0,1011;0,0235;-0,9686;;False
1933,22;0.18;pa012​;20250414_140852;1;TUG1;0,1018;1,0728;0,2599;-0,2279;-0,1013;0,0240;-0,9681;;False
1933,23;0.19;pa012​;20250414_140852;1;TUG1;0,1035;1,0713;0,2642;-0,2300;-0,1017;0,0248;-0,9676;;False
1933,24;0.21;pa012​;20250414_140852;1;TUG1;0,1052;1,0696;0,2686;-0,2318;-0,1022;0,0253;-0,9670;;False
1933,26;0.22;pa012​;20250414_140852;1;TUG1;0,1068;1,0677;0,2727;-0,2335;-0,1026;0,0257;-0,9666;;False
1933,27;0.24;pa012​;20250414_140852;1;TUG1;0,1084;1,0659;0,2767;-0,2358;-0,1032;0,0260;-0,9660;;False
1933,29;0.25;pa012​;20250414_140852;1;TUG1;0,1098;1,0641;0,2805;-0,2382;-0,1036;0,0263;-0,9653;;False
1933,30;0.26;pa012​;20250414_140852;1;TUG1;0,1112;1,0621;0,2842;-0,2407;-0,1036;0,0261;-0,9647;;False
1933,31;0.28;pa012​;20250414_140852;1;TUG1;0,1125;1,0601;0,2878;-0,2433;-0,1032;0,0258;-0,9641;;False
1933,33;0.29;pa012​;20250414_140852;1;TUG1;0,1137;1,0580;0,2910;-0,2462;-0,1031;0,0258;-0,9634;;False
1933,34;0.31;pa012​;20250414_140852;1;TUG1;0,1149;1,0558;0,2942;-0,2497;-0,1024;0,0263;-0,9625;;False
1933,35;0.32;pa012​;20250414_140852;1;TUG1;0,1159;1,0535;0,2971;-0,2532;-0,1020;0,0265;-0,9617;;False
1933,37;0.33;pa012​;20250414_140852;1;TUG1;0,1170;1,0512;0,3000;-0,2572;-0,1011;0,0268;-0,9607;;False
1933,38;0.35;pa012​;20250414_140852;1;TUG1;0,1181;1,0487;0,3028;-0,2614;-0,1003;0,0276;-0,9596;;False
1933,40;0.36;pa012​;20250414_140852;1;TUG1;0,1191;1,0461;0,3056;-0,2652;-0,0992;0,0283;-0,9586;;False
1933,41;0.38;pa012​;20250414_140852;1;TUG1;0,1200;1,0436;0,3084;-0,2696;-0,0980;0,0291;-0,9575;;False
1933,42;0.39;pa012​;20250414_140852;1;TUG1;0,1210;1,0409;0,3110;-0,2749;-0,0965;0,0305;-0,9561;;False
1933,44;0.4;pa012​;20250414_140852;1;TUG1;0,1218;1,0380;0,3134;-0,2811;-0,0949;0,0319;-0,9544;;False
1933,45;0.42;pa012​;20250414_140852;1;TUG1;0,1224;1,0348;0,3157;-0,2885;-0,0932;0,0332;-0,9524;;False
1933,47;0.43;pa012​;20250414_140852;1;TUG1;0,1230;1,0315;0,3178;-0,2974;-0,0914;0,0350;-0,9497;;False
1933,48;0.44;pa012​;20250414_140852;1;TUG1;0,1235;1,0277;0,3198;-0,3081;-0,0894;0,0372;-0,9464;;False
1933,49;0.46;pa012​;20250414_140852;1;TUG1;0,1238;1,0236;0,3217;-0,3203;-0,0869;0,0395;-0,9425;;False
1933,51;0.47;pa012​;20250414_140852;1;TUG1;0,1240;1,0195;0,3236;-0,3323;-0,0844;0,0419;-0,9385;;False
1933,52;0.49;pa012​;20250414_140852;1;TUG1;0,1244;1,0157;0,3257;-0,3434;-0,0814;0,0443;-0,9346;;False
1933,53;0.5;pa012​;20250414_140852;1;TUG1;0,1249;1,0122;0,3281;-0,3529;-0,0790;0,0470;-0,9311;;False
1933,55;0.51;pa012​;20250414_140852;1;TUG1;0,1252;1,0089;0,3304;-0,3603;-0,0768;0,0493;-0,9284;;False
1933,56;0.53;pa012​;20250414_140852;1;TUG1;0,1255;1,0056;0,3327;-0,3675;-0,0743;0,0512;-0,9256;;False
1933,58;0.54;pa012​;20250414_140852;1;TUG1;0,1257;1,0026;0,3348;-0,3741;-0,0719;0,0530;-0,9231;;False
1933,59;0.56;pa012​;20250414_140852;1;TUG1;0,1260;0,9998;0,3370;-0,3802;-0,0695;0,0546;-0,9207;;False
1933,60;0.57;pa012​;20250414_140852;1;TUG1;0,1263;0,9969;0,3391;-0,3853;-0,0667;0,0559;-0,9187;;False
1933,62;0.58;pa012​;20250414_140852;1;TUG1;0,1264;0,9943;0,3412;-0,3905;-0,0647;0,0570;-0,9166;;False
1933,63;0.6;pa012​;20250414_140852;1;TUG1;0,1267;0,9916;0,3433;-0,3957;-0,0630;0,0582;-0,9144;;False
1933,65;0.61;pa012​;20250414_140852;1;TUG1;0,1272;0,9889;0,3452;-0,4007;-0,0614;0,0597;-0,9122;;False
1933,66;0.62;pa012​;20250414_140852;1;TUG1;0,1275;0,9863;0,3472;-0,4056;-0,0606;0,0611;-0,9100;;False
1933,67;0.64;pa012​;20250414_140852;1;TUG1;0,1281;0,9840;0,3491;-0,4087;-0,0603;0,0628;-0,9085;;False
1933,69;0.65;pa012​;20250414_140852;1;TUG1;0,1288;0,9818;0,3513;-0,4119;-0,0599;0,0633;-0,9070;;False
1933,70;0.67;pa012​;20250414_140852;1;TUG1;0,1295;0,9794;0,3534;-0,4155;-0,0601;0,0640;-0,9053;;False
1933,72;0.68;pa012​;20250414_140852;1;TUG1;0,1303;0,9770;0,3555;-0,4195;-0,0598;0,0644;-0,9035;;False
1933,73;0.69;pa012​;20250414_140852;1;TUG1;0,1310;0,9744;0,3576;-0,4237;-0,0601;0,0654;-0,9015;;False
1933,74;0.71;pa012​;20250414_140852;1;TUG1;0,1319;0,9718;0,3597;-0,4283;-0,0604;0,0669;-0,8991;;False
1933,77;0.74;pa012​;20250414_140852;1;TUG1;0,1340;0,9668;0,3649;-0,4355;-0,0619;0,0691;-0,8954;;False
1933,78;0.75;pa012​;20250414_140852;1;TUG1;0,1352;0,9644;0,3679;-0,4382;-0,0631;0,0700;-0,8939;;False
1933,80;0.76;pa012​;20250414_140852;1;TUG1;0,1364;0,9618;0,3711;-0,4404;-0,0645;0,0705;-0,8927;;False
1933,81;0.78;pa012​;20250414_140852;1;TUG1;0,1375;0,9591;0,3745;-0,4431;-0,0660;0,0705;-0,8913;;False
1933,83;0.79;pa012​;20250414_140852;1;TUG1;0,1388;0,9564;0,3778;-0,4451;-0,0676;0,0707;-0,8901;;False
1933,84;0.8;pa012​;20250414_140852;1;TUG1;0,1400;0,9538;0,3816;-0,4477;-0,0694;0,0703;-0,8887;;False
1933,85;0.82;pa012​;20250414_140852;1;TUG1;0,1413;0,9510;0,3854;-0,4494;-0,0714;0,0695;-0,8878;;False
1933,87;0.83;pa012​;20250414_140852;1;TUG1;0,1427;0,9484;0,3894;-0,4511;-0,0734;0,0689;-0,8868;;False
1933,88;0.85;pa012​;20250414_140852;1;TUG1;0,1442;0,9460;0,3936;-0,4519;-0,0755;0,0675;-0,8863;;False
1933,90;0.86;pa012​;20250414_140852;1;TUG1;0,1457;0,9441;0,3983;-0,4511;-0,0775;0,0660;-0,8867;;False
1933,91;0.87;pa012​;20250414_140852;1;TUG1;0,1473;0,9424;0,4034;-0,4480;-0,0789;0,0644;-0,8882;;False
1933,92;0.89;pa012​;20250414_140852;1;TUG1;0,1490;0,9412;0,4087;-0,4425;-0,0803;0,0633;-0,8909;;False
1933,94;0.9;pa012​;20250414_140852;1;TUG1;0,1507;0,9404;0,4144;-0,4354;-0,0818;0,0623;-0,8944;;False
1933,95;0.92;pa012​;20250414_140852;1;TUG1;0,1525;0,9401;0,4204;-0,4266;-0,0834;0,0609;-0,8985;;False
1933,96;0.93;pa012​;20250414_140852;1;TUG1;0,1545;0,9401;0,4264;-0,4165;-0,0848;0,0594;-0,9032;;False
1933,98;0.95;pa012​;20250414_140852;1;TUG1;0,1564;0,9405;0,4327;-0,4060;-0,0857;0,0577;-0,9080;;False
1933,99;0.96;pa012​;20250414_140852;1;TUG1;0,1585;0,9410;0,4389;-0,3951;-0,0864;0,0566;-0,9128;;False
1934,01;0.97;pa012​;20250414_140852;1;TUG1;0,1603;0,9420;0,4450;-0,3843;-0,0877;0,0553;-0,9173;;False
1934,02;0.99;pa012​;20250414_140852;1;TUG1;0,1621;0,9434;0,4509;-0,3747;-0,0881;0,0537;-0,9214;;False
1934,03;1.0;pa012​;20250414_140852;1;TUG1;0,1635;0,9451;0,4567;-0,3681;-0,0884;0,0529;-0,9240;;False
1934,05;1.01;pa012​;20250414_140852;1;TUG1;0,1650;0,9468;0,4622;-0,3634;-0,0883;0,0527;-0,9260;;False
1934,06;1.03;pa012​;20250414_140852;1;TUG1;0,1664;0,9488;0,4675;-0,3616;-0,0881;0,0516;-0,9267;;False
1934,08;1.04;pa012​;20250414_140852;1;TUG1;0,1676;0,9510;0,4725;-0,3603;-0,0887;0,0498;-0,9273;;False
1934,09;1.06;pa012​;20250414_140852;1;TUG1;0,1690;0,9535;0,4775;-0,3593;-0,0897;0,0485;-0,9276;;False
1934,10;1.07;pa012​;20250414_140852;1;TUG1;0,1703;0,9562;0,4823;-0,3580;-0,0914;0,0466;-0,9281;;False
1934,12;1.08;pa012​;20250414_140852;1;TUG1;0,1713;0,9591;0,4869;-0,3573;-0,0938;0,0451;-0,9282;;False
1934,13;1.1;pa012​;20250414_140852;1;TUG1;0,1722;0,9621;0,4912;-0,3565;-0,0955;0,0441;-0,9284;;False
1934,15;1.11;pa012​;20250414_140852;1;TUG1;0,1730;0,9651;0,4953;-0,3564;-0,0970;0,0437;-0,9283;;False
1934,16;1.12;pa012​;20250414_140852;1;TUG1;0,1736;0,9683;0,4991;-0,3567;-0,0980;0,0433;-0,9280;;False
1934,17;1.14;pa012​;20250414_140852;1;TUG1;0,1740;0,9718;0,5028;-0,3571;-0,0980;0,0429;-0,9279;;False
1934,19;1.15;pa012​;20250414_140852;1;TUG1;0,1743;0,9755;0,5063;-0,3571;-0,0979;0,0424;-0,9279;;False
1934,20;1.17;pa012​;20250414_140852;1;TUG1;0,1746;0,9796;0,5096;-0,3567;-0,0980;0,0418;-0,9281;;False
1934,22;1.18;pa012​;20250414_140852;1;TUG1;0,1748;0,9840;0,5127;-0,3559;-0,0986;0,0403;-0,9284;;False
1934,23;1.19;pa012​;20250414_140852;1;TUG1;0,1749;0,9886;0,5156;-0,3549;-0,0990;0,0385;-0,9288;;False
1934,24;1.21;pa012​;20250414_140852;1;TUG1;0,1750;0,9934;0,5183;-0,3543;-0,0989;0,0372;-0,9291;;False
1934,26;1.22;pa012​;20250414_140852;1;TUG1;0,1750;0,9985;0,5208;-0,3540;-0,0989;0,0362;-0,9293;;False
1934,27;1.24;pa012​;20250414_140852;1;TUG1;0,1751;1,0040;0,5231;-0,3525;-0,0988;0,0355;-0,9299;;False
1934,29;1.25;pa012​;20250414_140852;1;TUG1;0,1752;1,0099;0,5255;-0,3506;-0,0984;0,0348;-0,9307;;False
1934,30;1.26;pa012​;20250414_140852;1;TUG1;0,1752;1,0164;0,5275;-0,3472;-0,0979;0,0342;-0,9320;;False
1934,31;1.28;pa012​;20250414_140852;1;TUG1;0,1752;1,0233;0,5295;-0,3434;-0,0973;0,0337;-0,9335;;False
1934,33;1.29;pa012​;20250414_140852;1;TUG1;0,1754;1,0308;0,5312;-0,3385;-0,0967;0,0334;-0,9354;;False
1934,34;1.31;pa012​;20250414_140852;1;TUG1;0,1755;1,0386;0,5327;-0,3339;-0,0964;0,0320;-0,9371;;False
1934,36;1.32;pa012​;20250414_140852;1;TUG1;0,1756;1,0469;0,5338;-0,3279;-0,0963;0,0313;-0,9393;;False
1934,37;1.33;pa012​;20250414_140852;1;TUG1;0,1758;1,0556;0,5351;-0,3216;-0,0965;0,0307;-0,9415;;False
1934,38;1.35;pa012​;20250414_140852;1;TUG1;0,1760;1,0648;0,5361;-0,3142;-0,0964;0,0297;-0,9440;;False
1934,40;1.36;pa012​;20250414_140852;1;TUG1;0,1761;1,0745;0,5371;-0,3061;-0,0961;0,0291;-0,9467;;False
1934,41;1.38;pa012​;20250414_140852;1;TUG1;0,1761;1,0847;0,5379;-0,2971;-0,0951;0,0290;-0,9496;;False
1934,42;1.39;pa012​;20250414_140852;1;TUG1;0,1761;1,0952;0,5387;-0,2872;-0,0935;0,0298;-0,9528;;False
1934,44;1.4;pa012​;20250414_140852;1;TUG1;0,1759;1,1058;0,5390;-0,2769;-0,0916;0,0294;-0,9561;;False
1934,45;1.42;pa012​;20250414_140852;1;TUG1;0,1757;1,1166;0,5389;-0,2670;-0,0895;0,0284;-0,9591;;False
1934,47;1.43;pa012​;20250414_140852;1;TUG1;0,1751;1,1276;0,5386;-0,2593;-0,0880;0,0280;-0,9614;;False
1934,48;1.44;pa012​;20250414_140852;1;TUG1;0,1746;1,1384;0,5380;-0,2518;-0,0862;0,0280;-0,9635;;False
1934,49;1.46;pa012​;20250414_140852;1;TUG1;0,1740;1,1493;0,5370;-0,2457;-0,0847;0,0286;-0,9652;;False
1934,51;1.47;pa012​;20250414_140852;1;TUG1;0,1735;1,1602;0,5358;-0,2398;-0,0832;0,0286;-0,9668;;False
1934,52;1.49;pa012​;20250414_140852;1;TUG1;0,1731;1,1712;0,5343;-0,2339;-0,0818;0,0285;-0,9684;;False
1934,54;1.5;pa012​;20250414_140852;1;TUG1;0,1726;1,1822;0,5325;-0,2272;-0,0813;0,0286;-0,9700;;False
1934,55;1.52;pa012​;20250414_140852;1;TUG1;0,1720;1,1932;0,5304;-0,2205;-0,0814;0,0287;-0,9715;;False
1934,56;1.53;pa012​;20250414_140852;1;TUG1;0,1714;1,2041;0,5281;-0,2142;-0,0810;0,0291;-0,9730;;False
1934,58;1.54;pa012​;20250414_140852;1;TUG1;0,1707;1,2148;0,5255;-0,2079;-0,0802;0,0290;-0,9744;;False
1934,59;1.56;pa012​;20250414_140852;1;TUG1;0,1699;1,2253;0,5227;-0,2019;-0,0796;0,0295;-0,9757;;False
1934,61;1.57;pa012​;20250414_140852;1;TUG1;0,1689;1,2357;0,5197;-0,1965;-0,0791;0,0299;-0,9768;;False
1934,62;1.58;pa012​;20250414_140852;1;TUG1;0,1679;1,2456;0,5165;-0,1910;-0,0783;0,0298;-0,9780;;False
1934,63;1.6;pa012​;20250414_140852;1;TUG1;0,1668;1,2555;0,5132;-0,1859;-0,0773;0,0301;-0,9791;;False
1934,65;1.61;pa012​;20250414_140852;1;TUG1;0,1657;1,2651;0,5099;-0,1815;-0,0754;0,0297;-0,9800;;False
1934,66;1.63;pa012​;20250414_140852;1;TUG1;0,1646;1,2743;0,5066;-0,1772;-0,0730;0,0290;-0,9810;;False
1934,67;1.64;pa012​;20250414_140852;1;TUG1;0,1636;1,2831;0,5032;-0,1718;-0,0713;0,0286;-0,9821;;False
1934,69;1.65;pa012​;20250414_140852;1;TUG1;0,1627;1,2918;0,5000;-0,1674;-0,0701;0,0274;-0,9830;;False
1934,70;1.67;pa012​;20250414_140852;1;TUG1;0,1618;1,3004;0,4965;-0,1630;-0,0693;0,0262;-0,9838;;False
1934,72;1.68;pa012​;20250414_140852;1;TUG1;0,1608;1,3086;0,4930;-0,1593;-0,0686;0,0251;-0,9845;;False
1934,73;1.69;pa012​;20250414_140852;1;TUG1;0,1600;1,3164;0,4893;-0,1565;-0,0675;0,0243;-0,9851;;False
1934,74;1.71;pa012​;20250414_140852;1;TUG1;0,1593;1,3238;0,4855;-0,1550;-0,0662;0,0235;-0,9854;;False
1934,76;1.72;pa012​;20250414_140852;1;TUG1;0,1587;1,3312;0,4818;-0,1535;-0,0654;0,0232;-0,9857;;False
1934,77;1.74;pa012​;20250414_140852;1;TUG1;0,1583;1,3384;0,4781;-0,1511;-0,0650;0,0228;-0,9861;;False
1934,79;1.75;pa012​;20250414_140852;1;TUG1;0,1581;1,3454;0,4744;-0,1487;-0,0648;0,0222;-0,9865;;False
1934,80;1.77;pa012​;20250414_140852;1;TUG1;0,1580;1,3518;0,4708;-0,1462;-0,0650;0,0217;-0,9869;;False
1934,81;1.78;pa012​;20250414_140852;1;TUG1;0,1579;1,3577;0,4670;-0,1446;-0,0654;0,0212;-0,9871;;False
1934,83;1.79;pa012​;20250414_140852;1;TUG1;0,1578;1,3631;0,4633;-0,1435;-0,0658;0,0214;-0,9872;;False
1934,84;1.81;pa012​;20250414_140852;1;TUG1;0,1577;1,3682;0,4597;-0,1421;-0,0661;0,0217;-0,9874;;False
1934,85;1.82;pa012​;20250414_140852;1;TUG1;0,1575;1,3733;0,4562;-0,1404;-0,0664;0,0211;-0,9876;;False
1934,87;1.83;pa012​;20250414_140852;1;TUG1;0,1574;1,3779;0,4528;-0,1387;-0,0664;0,0205;-0,9879;;False
1934,88;1.85;pa012​;20250414_140852;1;TUG1;0,1573;1,3820;0,4494;-0,1381;-0,0663;0,0196;-0,9880;;False
1934,90;1.86;pa012​;20250414_140852;1;TUG1;0,1571;1,3857;0,4460;-0,1382;-0,0661;0,0188;-0,9880;;False
1934,91;1.88;pa012​;20250414_140852;1;TUG1;0,1570;1,3892;0,4429;-0,1390;-0,0656;0,0179;-0,9879;;False
1934,92;1.89;pa012​;20250414_140852;1;TUG1;0,1570;1,3925;0,4401;-0,1390;-0,0649;0,0168;-0,9880;;False
1934,94;1.9;pa012​;20250414_140852;1;TUG1;0,1569;1,3960;0,4374;-0,1364;-0,0641;0,0163;-0,9885;;False
1934,95;1.92;pa012​;20250414_140852;1;TUG1;0,1569;1,3995;0,4349;-0,1326;-0,0632;0,0159;-0,9890;;False
1934,97;1.93;pa012​;20250414_140852;1;TUG1;0,1571;1,4027;0,4323;-0,1289;-0,0619;0,0152;-0,9896;;False
1934,98;1.94;pa012​;20250414_140852;1;TUG1;0,1575;1,4056;0,4297;-0,1267;-0,0610;0,0148;-0,9900;;False
1934,99;1.96;pa012​;20250414_140852;1;TUG1;0,1579;1,4085;0,4272;-0,1251;-0,0602;0,0153;-0,9902;;False
1935,01;1.97;pa012​;20250414_140852;1;TUG1;0,1584;1,4112;0,4249;-0,1239;-0,0593;0,0156;-0,9904;;False
1935,02;1.99;pa012​;20250414_140852;1;TUG1;0,1590;1,4137;0,4227;-0,1234;-0,0587;0,0160;-0,9905;;False
1935,03;2.0;pa012​;20250414_140852;1;TUG1;0,1596;1,4159;0,4206;-0,1234;-0,0580;0,0167;-0,9905;;False
1935,05;2.01;pa012​;20250414_140852;1;TUG1;0,1601;1,4181;0,4187;-0,1233;-0,0569;0,0165;-0,9906;;False
1935,06;2.03;pa012​;20250414_140852;1;TUG1;0,1606;1,4206;0,4171;-0,1213;-0,0555;0,0161;-0,9909;;False
1935,08;2.04;pa012​;20250414_140852;1;TUG1;0,1612;1,4230;0,4156;-0,1182;-0,0546;0,0155;-0,9914;;False
1935,09;2.06;pa012​;20250414_140852;1;TUG1;0,1618;1,4250;0,4141;-0,1149;-0,0540;0,0150;-0,9918;;False
1935,10;2.07;pa012​;20250414_140852;1;TUG1;0,1626;1,4270;0,4126;-0,1128;-0,0532;0,0144;-0,9921;;False
1935,12;2.08;pa012​;20250414_140852;1;TUG1;0,1636;1,4289;0,4112;-0,1112;-0,0525;0,0136;-0,9923;;False
1935,13;2.1;pa012​;20250414_140852;1;TUG1;0,1647;1,4307;0,4100;-0,1100;-0,0519;0,0131;-0,9925;;False
1935,15;2.11;pa012​;20250414_140852;1;TUG1;0,1659;1,4323;0,4091;-0,1093;-0,0514;0,0128;-0,9926;;False
1935,16;2.12;pa012​;20250414_140852;1;TUG1;0,1672;1,4336;0,4083;-0,1087;-0,0505;0,0125;-0,9927;;False
1935,17;2.14;pa012​;20250414_140852;1;TUG1;0,1687;1,4348;0,4076;-0,1086;-0,0495;0,0122;-0,9928;;False
1935,19;2.15;pa012​;20250414_140852;1;TUG1;0,1704;1,4362;0,4072;-0,1077;-0,0486;0,0121;-0,9929;;False
1935,20;2.17;pa012​;20250414_140852;1;TUG1;0,1722;1,4375;0,4071;-0,1060;-0,0478;0,0119;-0,9931;;False
1935,22;2.18;pa012​;20250414_140852;1;TUG1;0,1741;1,4386;0,4070;-0,1036;-0,0470;0,0116;-0,9934;;False
1935,23;2.19;pa012​;20250414_140852;1;TUG1;0,1761;1,4392;0,4069;-0,1020;-0,0462;0,0117;-0,9936;;False
1935,24;2.21;pa012​;20250414_140852;1;TUG1;0,1783;1,4396;0,4069;-0,1015;-0,0458;0,0122;-0,9937;;False
1935,26;2.22;pa012​;20250414_140852;1;TUG1;0,1807;1,4399;0,4072;-0,1015;-0,0457;0,0131;-0,9937;;False
1935,27;2.24;pa012​;20250414_140852;1;TUG1;0,1830;1,4400;0,4076;-0,1016;-0,0457;0,0144;-0,9937;;False
1935,29;2.25;pa012​;20250414_140852;1;TUG1;0,1854;1,4401;0,4083;-0,1022;-0,0457;0,0155;-0,9936;;False
1935,30;2.26;pa012​;20250414_140852;1;TUG1;0,1880;1,4402;0,4092;-0,1031;-0,0456;0,0161;-0,9935;;False
1935,31;2.28;pa012​;20250414_140852;1;TUG1;0,1906;1,4405;0,4105;-0,1042;-0,0457;0,0165;-0,9934;;False
1935,33;2.29;pa012​;20250414_140852;1;TUG1;0,1933;1,4407;0,4119;-0,1047;-0,0456;0,0168;-0,9933;;False
1935,34;2.31;pa012​;20250414_140852;1;TUG1;0,1960;1,4409;0,4136;-0,1051;-0,0455;0,0173;-0,9933;;False
1935,35;2.32;pa012​;20250414_140852;1;TUG1;0,1988;1,4411;0,4155;-0,1057;-0,0455;0,0183;-0,9932;;False
1935,37;2.33;pa012​;20250414_140852;1;TUG1;0,2015;1,4412;0,4176;-0,1061;-0,0460;0,0189;-0,9931;;False
1935,38;2.35;pa012​;20250414_140852;1;TUG1;0,2044;1,4409;0,4198;-0,1065;-0,0460;0,0194;-0,9931;;False
1935,40;2.36;pa012​;20250414_140852;1;TUG1;0,2071;1,4403;0,4221;-0,1072;-0,0462;0,0204;-0,9929;;False
1935,41;2.37;pa012​;20250414_140852;1;TUG1;0,2098;1,4394;0,4246;-0,1084;-0,0464;0,0215;-0,9928;;False
1935,42;2.39;pa012​;20250414_140852;1;TUG1;0,2124;1,4385;0,4274;-0,1105;-0,0465;0,0229;-0,9925;;False
1935,44;2.4;pa012​;20250414_140852;1;TUG1;0,2150;1,4376;0,4305;-0,1129;-0,0465;0,0243;-0,9922;;False
1935,45;2.42;pa012​;20250414_140852;1;TUG1;0,2177;1,4366;0,4339;-0,1150;-0,0468;0,0259;-0,9919;;False
1935,47;2.43;pa012​;20250414_140852;1;TUG1;0,2203;1,4356;0,4376;-0,1168;-0,0473;0,0272;-0,9917;;False
1935,48;2.45;pa012​;20250414_140852;1;TUG1;0,2229;1,4347;0,4418;-0,1183;-0,0487;0,0287;-0,9914;;False
1935,49;2.46;pa012​;20250414_140852;1;TUG1;0,2254;1,4339;0,4462;-0,1199;-0,0503;0,0303;-0,9910;;False
1935,51;2.47;pa012​;20250414_140852;1;TUG1;0,2279;1,4330;0,4510;-0,1214;-0,0524;0,0315;-0,9907;;False
1935,52;2.49;pa012​;20250414_140852;1;TUG1;0,2304;1,4319;0,4561;-0,1231;-0,0543;0,0320;-0,9904;;False
1935,53;2.5;pa012​;20250414_140852;1;TUG1;0,2326;1,4306;0,4617;-0,1256;-0,0564;0,0323;-0,9899;;False
1935,55;2.51;pa012​;20250414_140852;1;TUG1;0,2348;1,4292;0,4676;-0,1285;-0,0583;0,0328;-0,9895;;False
1935,56;2.53;pa012​;20250414_140852;1;TUG1;0,2369;1,4278;0,4739;-0,1312;-0,0605;0,0332;-0,9889;;False
1935,58;2.54;pa012​;20250414_140852;1;TUG1;0,2390;1,4266;0,4806;-0,1337;-0,0625;0,0335;-0,9885;;False
1935,59;2.56;pa012​;20250414_140852;1;TUG1;0,2411;1,4251;0,4873;-0,1353;-0,0649;0,0332;-0,9881;;False
1935,60;2.57;pa012​;20250414_140852;1;TUG1;0,2431;1,4235;0,4942;-0,1378;-0,0665;0,0320;-0,9877;;False
1935,62;2.58;pa012​;20250414_140852;1;TUG1;0,2451;1,4217;0,5012;-0,1409;-0,0680;0,0309;-0,9872;;False
1935,63;2.6;pa012​;20250414_140852;1;TUG1;0,2470;1,4197;0,5084;-0,1438;-0,0692;0,0302;-0,9867;;False
1935,65;2.61;pa012​;20250414_140852;1;TUG1;0,2490;1,4178;0,5158;-0,1463;-0,0700;0,0295;-0,9863;;False
1935,66;2.63;pa012​;20250414_140852;1;TUG1;0,2509;1,4157;0,5233;-0,1480;-0,0708;0,0293;-0,9860;;False
1935,67;2.64;pa012​;20250414_140852;1;TUG1;0,2526;1,4137;0,5310;-0,1496;-0,0715;0,0291;-0,9857;;False
1935,69;2.65;pa012​;20250414_140852;1;TUG1;0,2544;1,4117;0,5387;-0,1512;-0,0722;0,0294;-0,9854;;False
1935,70;2.67;pa012​;20250414_140852;1;TUG1;0,2559;1,4099;0,5465;-0,1532;-0,0726;0,0292;-0,9851;;False
1935,72;2.68;pa012​;20250414_140852;1;TUG1;0,2571;1,4083;0,5545;-0,1548;-0,0728;0,0283;-0,9849;;False
1935,73;2.69;pa012​;20250414_140852;1;TUG1;0,2581;1,4067;0,5627;-0,1560;-0,0731;0,0273;-0,9847;;False
1935,74;2.71;pa012​;20250414_140852;1;TUG1;0,2588;1,4053;0,5710;-0,1563;-0,0732;0,0260;-0,9847;;False
1935,76;2.72;pa012​;20250414_140852;1;TUG1;0,2594;1,4041;0,5796;-0,1573;-0,0732;0,0243;-0,9845;;False
1935,77;2.74;pa012​;20250414_140852;1;TUG1;0,2599;1,4034;0,5887;-0,1584;-0,0729;0,0218;-0,9844;;False
1935,79;2.75;pa012​;20250414_140852;1;TUG1;0,2603;1,4030;0,5982;-0,1589;-0,0724;0,0185;-0,9845;;False
1935,80;2.76;pa012​;20250414_140852;1;TUG1;0,2607;1,4021;0,6080;-0,1561;-0,0718;0,0149;-0,9850;;False
1935,81;2.78;pa012​;20250414_140852;1;TUG1;0,2608;1,4006;0,6172;-0,1544;-0,0712;0,0114;-0,9854;;False
1935,83;2.79;pa012​;20250414_140852;1;TUG1;0,2611;1,3996;0,6266;-0,1574;-0,0697;0,0091;-0,9850;;False
1935,84;2.8;pa012​;20250414_140852;1;TUG1;0,2614;1,3991;0,6364;-0,1613;-0,0682;0,0066;-0,9845;;False
1935,85;2.82;pa012​;20250414_140852;1;TUG1;0,2618;1,3994;0,6464;-0,1651;-0,0661;0,0034;-0,9841;;False
1935,87;2.83;pa012​;20250414_140852;1;TUG1;0,2624;1,4001;0,6567;-0,1675;-0,0640;0,0006;-0,9838;;False
1935,88;2.85;pa012​;20250414_140852;1;TUG1;0,2631;1,4017;0,6671;-0,1714;-0,0626;-0,0011;-0,9832;;False
1935,90;2.86;pa012​;20250414_140852;1;TUG1;0,2639;1,4031;0,6774;-0,1719;-0,0618;-0,0028;-0,9832;;False
1935,91;2.88;pa012​;20250414_140852;1;TUG1;0,2648;1,4055;0,6878;-0,1749;-0,0611;-0,0041;-0,9827;;False
1935,92;2.89;pa012​;20250414_140852;1;TUG1;0,2656;1,4079;0,6984;-0,1760;-0,0613;-0,0056;-0,9825;;False
1935,94;2.9;pa012​;20250414_140852;1;TUG1;0,2665;1,4101;0,7087;-0,1751;-0,0615;-0,0057;-0,9826;;False
1935,95;2.92;pa012​;20250414_140852;1;TUG1;0,2673;1,4119;0,7187;-0,1744;-0,0616;-0,0058;-0,9827;;False
1935,97;2.93;pa012​;20250414_140852;1;TUG1;0,2682;1,4131;0,7286;-0,1732;-0,0616;-0,0062;-0,9829;;False
1935,98;2.94;pa012​;20250414_140852;1;TUG1;0,2693;1,4136;0,7381;-0,1723;-0,0612;-0,0071;-0,9831;;False
1935,99;2.96;pa012​;20250414_140852;1;TUG1;0,2706;1,4137;0,7474;-0,1733;-0,0604;-0,0088;-0,9830;;False
1936,01;2.97;pa012​;20250414_140852;1;TUG1;0,2722;1,4135;0,7566;-0,1754;-0,0597;-0,0103;-0,9826;;False
1936,02;2.99;pa012​;20250414_140852;1;TUG1;0,2742;1,4132;0,7657;-0,1788;-0,0590;-0,0114;-0,9821;;False
1936,04;3.0;pa012​;20250414_140852;1;TUG1;0,2765;1,4130;0,7750;-0,1816;-0,0590;-0,0120;-0,9815;;False
1936,05;3.01;pa012​;20250414_140852;1;TUG1;0,2789;1,4129;0,7844;-0,1844;-0,0593;-0,0120;-0,9810;;False
1936,06;3.03;pa012​;20250414_140852;1;TUG1;0,2818;1,4132;0,7940;-0,1866;-0,0599;-0,0120;-0,9805;;False
1936,08;3.04;pa012​;20250414_140852;1;TUG1;0,2850;1,4134;0,8037;-0,1872;-0,0609;-0,0119;-0,9804;;False
1936,09;3.06;pa012​;20250414_140852;1;TUG1;0,2884;1,4133;0,8133;-0,1864;-0,0619;-0,0118;-0,9805;;False
1936,10;3.07;pa012​;20250414_140852;1;TUG1;0,2922;1,4129;0,8228;-0,1865;-0,0635;-0,0117;-0,9803;;False
1936,12;3.08;pa012​;20250414_140852;1;TUG1;0,2963;1,4124;0,8323;-0,1878;-0,0651;-0,0118;-0,9800;;False
1936,13;3.1;pa012​;20250414_140852;1;TUG1;0,3006;1,4119;0,8418;-0,1899;-0,0669;-0,0119;-0,9794;;False
1936,15;3.11;pa012​;20250414_140852;1;TUG1;0,3051;1,4113;0,8515;-0,1921;-0,0686;-0,0115;-0,9789;;False
1936,16;3.12;pa012​;20250414_140852;1;TUG1;0,3098;1,4105;0,8613;-0,1940;-0,0704;-0,0105;-0,9784;;False
1936,17;3.14;pa012​;20250414_140852;1;TUG1;0,3147;1,4093;0,8709;-0,1958;-0,0719;-0,0089;-0,9780;;False
1936,19;3.15;pa012​;20250414_140852;1;TUG1;0,3196;1,4080;0,8807;-0,1982;-0,0732;-0,0073;-0,9774;;False
1936,20;3.17;pa012​;20250414_140852;1;TUG1;0,3248;1,4069;0,8907;-0,2001;-0,0740;-0,0052;-0,9770;;False
1936,22;3.18;pa012​;20250414_140852;1;TUG1;0,3300;1,4058;0,9009;-0,2014;-0,0744;-0,0031;-0,9767;;False
1936,23;3.19;pa012​;20250414_140852;1;TUG1;0,3354;1,4045;0,9110;-0,2018;-0,0749;-0,0013;-0,9766;;False
1936,24;3.21;pa012​;20250414_140852;1;TUG1;0,3410;1,4031;0,9209;-0,2018;-0,0753;0,0002;-0,9765;;False
1936,26;3.22;pa012​;20250414_140852;1;TUG1;0,3467;1,4016;0,9309;-0,2024;-0,0753;0,0015;-0,9764;;False
1936,27;3.24;pa012​;20250414_140852;1;TUG1;0,3525;1,3999;0,9405;-0,2036;-0,0753;0,0032;-0,9761;;False
1936,28;3.25;pa012​;20250414_140852;1;TUG1;0,3584;1,3980;0,9500;-0,2055;-0,0750;0,0044;-0,9758;;False
1936,30;3.26;pa012​;20250414_140852;1;TUG1;0,3644;1,3963;0,9593;-0,2078;-0,0742;0,0050;-0,9753;;False
1936,31;3.28;pa012​;20250414_140852;1;TUG1;0,3706;1,3947;0,9687;-0,2096;-0,0728;0,0058;-0,9751;;False
1936,33;3.29;pa012​;20250414_140852;1;TUG1;0,3769;1,3932;0,9779;-0,2098;-0,0715;0,0070;-0,9751;;False
1936,34;3.31;pa012​;20250414_140852;1;TUG1;0,3834;1,3917;0,9871;-0,2085;-0,0702;0,0090;-0,9755;;False
1936,35;3.32;pa012​;20250414_140852;1;TUG1;0,3901;1,3904;0,9962;-0,2077;-0,0682;0,0114;-0,9757;;False
1936,37;3.33;pa012​;20250414_140852;1;TUG1;0,3972;1,3901;1,0061;-0,2091;-0,0651;0,0126;-0,9756;;False
1936,38;3.35;pa012​;20250414_140852;1;TUG1;0,4044;1,3904;1,0168;-0,2086;-0,0619;0,0133;-0,9759;;False
1936,40;3.36;pa012​;20250414_140852;1;TUG1;0,4112;1,3898;1,0273;-0,2018;-0,0591;0,0150;-0,9775;;False
1936,41;3.38;pa012​;20250414_140852;1;TUG1;0,4186;1,3898;1,0375;-0,2021;-0,0559;0,0191;-0,9776;;False
1936,42;3.39;pa012​;20250414_140852;1;TUG1;0,4257;1,3904;1,0481;-0,2044;-0,0533;0,0213;-0,9772;;False
1936,44;3.4;pa012​;20250414_140852;1;TUG1;0,4325;1,3911;1,0589;-0,2052;-0,0507;0,0242;-0,9771;;False
1936,45;3.42;pa012​;20250414_140852;1;TUG1;0,4393;1,3932;1,0699;-0,2097;-0,0485;0,0275;-0,9762;;False
1936,47;3.43;pa012​;20250414_140852;1;TUG1;0,4456;1,3945;1,0808;-0,2088;-0,0476;0,0300;-0,9763;;False
1936,48;3.45;pa012​;20250414_140852;1;TUG1;0,4517;1,3960;1,0916;-0,2091;-0,0473;0,0319;-0,9762;;False
1936,49;3.46;pa012​;20250414_140852;1;TUG1;0,4574;1,3969;1,1021;-0,2076;-0,0474;0,0326;-0,9765;;False
1936,51;3.47;pa012​;20250414_140852;1;TUG1;0,4628;1,3975;1,1123;-0,2067;-0,0471;0,0334;-0,9767;;False
1936,52;3.49;pa012​;20250414_140852;1;TUG1;0,4677;1,3981;1,1227;-0,2078;-0,0464;0,0347;-0,9765;;False
1936,54;3.5;pa012​;20250414_140852;1;TUG1;0,4724;1,3984;1,1331;-0,2096;-0,0453;0,0367;-0,9761;;False
1936,55;3.51;pa012​;20250414_140852;1;TUG1;0,4769;1,3986;1,1434;-0,2124;-0,0440;0,0382;-0,9754;;False
1936,56;3.53;pa012​;20250414_140852;1;TUG1;0,4814;1,3991;1,1539;-0,2151;-0,0425;0,0390;-0,9749;;False
1936,58;3.54;pa012​;20250414_140852;1;TUG1;0,4858;1,3999;1,1645;-0,2176;-0,0417;0,0397;-0,9743;;False
1936,59;3.56;pa012​;20250414_140852;1;TUG1;0,4901;1,4009;1,1753;-0,2191;-0,0412;0,0393;-0,9740;;False
1936,60;3.57;pa012​;20250414_140852;1;TUG1;0,4943;1,4014;1,1859;-0,2186;-0,0411;0,0385;-0,9742;;False
1936,62;3.58;pa012​;20250414_140852;1;TUG1;0,4982;1,4018;1,1962;-0,2187;-0,0413;0,0378;-0,9742;;False
1936,63;3.6;pa012​;20250414_140852;1;TUG1;0,5020;1,4022;1,2067;-0,2194;-0,0410;0,0365;-0,9741;;False
1936,65;3.61;pa012​;20250414_140852;1;TUG1;0,5055;1,4024;1,2171;-0,2204;-0,0406;0,0352;-0,9739;;False
1936,66;3.62;pa012​;20250414_140852;1;TUG1;0,5090;1,4025;1,2275;-0,2215;-0,0400;0,0342;-0,9737;;False
1936,67;3.64;pa012​;20250414_140852;1;TUG1;0,5124;1,4026;1,2379;-0,2229;-0,0390;0,0333;-0,9735;;False
1936,69;3.65;pa012​;20250414_140852;1;TUG1;0,5158;1,4027;1,2483;-0,2240;-0,0379;0,0326;-0,9733;;False
1936,70;3.67;pa012​;20250414_140852;1;TUG1;0,5193;1,4025;1,2586;-0,2247;-0,0367;0,0317;-0,9732;;False
1936,72;3.68;pa012​;20250414_140852;1;TUG1;0,5227;1,4023;1,2689;-0,2252;-0,0354;0,0308;-0,9732;;False
1936,73;3.69;pa012​;20250414_140852;1;TUG1;0,5262;1,4019;1,2793;-0,2249;-0,0346;0,0301;-0,9733;;False
1936,74;3.71;pa012​;20250414_140852;1;TUG1;0,5296;1,4015;1,2898;-0,2232;-0,0343;0,0296;-0,9737;;False
1936,76;3.72;pa012​;20250414_140852;1;TUG1;0,5330;1,4008;1,3001;-0,2212;-0,0345;0,0293;-0,9742;;False
1936,77;3.74;pa012​;20250414_140852;1;TUG1;0,5362;1,3996;1,3103;-0,2186;-0,0349;0,0289;-0,9748;;False
1936,78;3.75;pa012​;20250414_140852;1;TUG1;0,5391;1,3983;1,3202;-0,2180;-0,0357;0,0286;-0,9749;;False
1936,80;3.76;pa012​;20250414_140852;1;TUG1;0,5419;1,3969;1,3300;-0,2191;-0,0369;0,0287;-0,9746;;False
1936,81;3.78;pa012​;20250414_140852;1;TUG1;0,5445;1,3957;1,3402;-0,2209;-0,0379;0,0280;-0,9742;;False
1936,83;3.79;pa012​;20250414_140852;1;TUG1;0,5469;1,3947;1,3506;-0,2209;-0,0393;0,0269;-0,9741;;False
1936,84;3.81;pa012​;20250414_140852;1;TUG1;0,5490;1,3940;1,3613;-0,2191;-0,0409;0,0250;-0,9745;;False
1936,85;3.82;pa012​;20250414_140852;1;TUG1;0,5509;1,3936;1,3723;-0,2168;-0,0423;0,0227;-0,9750;;False
1936,87;3.83;pa012​;20250414_140852;1;TUG1;0,5526;1,3936;1,3840;-0,2149;-0,0434;0,0206;-0,9754;;False
1936,88;3.85;pa012​;20250414_140852;1;TUG1;0,5543;1,3939;1,3956;-0,2125;-0,0442;0,0185;-0,9760;;False
1936,90;3.86;pa012​;20250414_140852;1;TUG1;0,5561;1,3955;1,4083;-0,2133;-0,0446;0,0155;-0,9758;;False
1936,91;3.87;pa012​;20250414_140852;1;TUG1;0,5578;1,3968;1,4212;-0,2086;-0,0453;0,0119;-0,9769;;False
1936,92;3.89;pa012​;20250414_140852;1;TUG1;0,5594;1,3970;1,4335;-0,2019;-0,0446;0,0071;-0,9784;;False
1936,94;3.9;pa012​;20250414_140852;1;TUG1;0,5609;1,3985;1,4459;-0,2047;-0,0433;0,0024;-0,9779;;False
1936,95;3.92;pa012​;20250414_140852;1;TUG1;0,5627;1,4007;1,4590;-0,2065;-0,0425;-0,0005;-0,9775;;False
1936,97;3.93;pa012​;20250414_140852;1;TUG1;0,5646;1,4033;1,4723;-0,2052;-0,0419;-0,0029;-0,9778;;False
1936,98;3.95;pa012​;20250414_140852;1;TUG1;0,5666;1,4063;1,4855;-0,2064;-0,0406;-0,0071;-0,9776;;False
1936,99;3.96;pa012​;20250414_140852;1;TUG1;0,5688;1,4088;1,4989;-0,2041;-0,0393;-0,0112;-0,9781;;False
1937,01;3.97;pa012​;20250414_140852;1;TUG1;0,5712;1,4106;1,5114;-0,2009;-0,0371;-0,0156;-0,9788;;False
1937,02;3.99;pa012​;20250414_140852;1;TUG1;0,5739;1,4120;1,5237;-0,1990;-0,0351;-0,0200;-0,9792;;False
1937,04;4.0;pa012​;20250414_140852;1;TUG1;0,5770;1,4129;1,5360;-0,1979;-0,0338;-0,0215;-0,9794;;False
1937,05;4.01;pa012​;20250414_140852;1;TUG1;0,5803;1,4136;1,5481;-0,1987;-0,0331;-0,0225;-0,9792;;False
1937,06;4.03;pa012​;20250414_140852;1;TUG1;0,5839;1,4140;1,5601;-0,1994;-0,0321;-0,0233;-0,9791;;False
1937,08;4.04;pa012​;20250414_140852;1;TUG1;0,5877;1,4144;1,5719;-0,2008;-0,0310;-0,0238;-0,9789;;False
1937,09;4.06;pa012​;20250414_140852;1;TUG1;0,5918;1,4147;1,5839;-0,2034;-0,0297;-0,0241;-0,9784;;False
1937,10;4.07;pa012​;20250414_140852;1;TUG1;0,5960;1,4152;1,5957;-0,2064;-0,0285;-0,0237;-0,9778;;False
1937,12;4.08;pa012​;20250414_140852;1;TUG1;0,6003;1,4156;1,6076;-0,2090;-0,0274;-0,0237;-0,9772;;False
1937,13;4.1;pa012​;20250414_140852;1;TUG1;0,6048;1,4159;1,6196;-0,2096;-0,0263;-0,0238;-0,9771;;False
1937,15;4.11;pa012​;20250414_140852;1;TUG1;0,6095;1,4161;1,6317;-0,2083;-0,0247;-0,0243;-0,9774;;False
1937,16;4.13;pa012​;20250414_140852;1;TUG1;0,6144;1,4162;1,6438;-0,2069;-0,0232;-0,0250;-0,9778;;False
1937,17;4.14;pa012​;20250414_140852;1;TUG1;0,6194;1,4159;1,6556;-0,2065;-0,0217;-0,0250;-0,9779;;False
1937,19;4.15;pa012​;20250414_140852;1;TUG1;0,6246;1,4156;1,6672;-0,2079;-0,0197;-0,0245;-0,9776;;False
1937,20;4.17;pa012​;20250414_140852;1;TUG1;0,6298;1,4151;1,6789;-0,2098;-0,0173;-0,0235;-0,9773;;False
1937,22;4.18;pa012​;20250414_140852;1;TUG1;0,6350;1,4147;1,6906;-0,2114;-0,0142;-0,0221;-0,9771;;False
1937,23;4.19;pa012​;20250414_140852;1;TUG1;0,6401;1,4142;1,7023;-0,2120;-0,0108;-0,0207;-0,9770;;False
1937,24;4.21;pa012​;20250414_140852;1;TUG1;0,6453;1,4138;1,7141;-0,2119;-0,0068;-0,0188;-0,9771;;False
1937,26;4.22;pa012​;20250414_140852;1;TUG1;0,6505;1,4134;1,7258;-0,2113;-0,0030;-0,0171;-0,9773;;False
1937,27;4.24;pa012​;20250414_140852;1;TUG1;0,6558;1,4130;1,7376;-0,2097;0,0006;-0,0162;-0,9776;;False
1937,28;4.25;pa012​;20250414_140852;1;TUG1;0,6612;1,4123;1,7491;-0,2070;0,0040;-0,0155;-0,9782;;False
1937,30;4.26;pa012​;20250414_140852;1;TUG1;0,6664;1,4111;1,7603;-0,2042;0,0077;-0,0155;-0,9788;;False
1937,31;4.28;pa012​;20250414_140852;1;TUG1;0,6716;1,4098;1,7711;-0,2032;0,0118;-0,0159;-0,9789;;False
1937,33;4.29;pa012​;20250414_140852;1;TUG1;0,6767;1,4085;1,7818;-0,2034;0,0157;-0,0155;-0,9788;;False
1937,34;4.3;pa012​;20250414_140852;1;TUG1;0,6818;1,4072;1,7923;-0,2037;0,0201;-0,0155;-0,9787;;False
1937,35;4.32;pa012​;20250414_140852;1;TUG1;0,6870;1,4060;1,8027;-0,2034;0,0251;-0,0152;-0,9787;;False
1937,37;4.33;pa012​;20250414_140852;1;TUG1;0,6923;1,4050;1,8130;-0,2020;0,0297;-0,0148;-0,9788;;False
1937,38;4.35;pa012​;20250414_140852;1;TUG1;0,6977;1,4040;1,8233;-0,1991;0,0351;-0,0145;-0,9792;;False
1937,40;4.36;pa012​;20250414_140852;1;TUG1;0,7032;1,4039;1,8338;-0,1985;0,0408;-0,0155;-0,9791;;False
1937,41;4.38;pa012​;20250414_140852;1;TUG1;0,7091;1,4052;1,8453;-0,1997;0,0476;-0,0185;-0,9785;;False
1937,42;4.39;pa012​;20250414_140852;1;TUG1;0,7146;1,4063;1,8569;-0,1934;0,0530;-0,0205;-0,9795;;False
1937,44;4.4;pa012​;20250414_140852;1;TUG1;0,7204;1,4075;1,8685;-0,1907;0,0586;-0,0184;-0,9797;;False
1937,45;4.42;pa012​;20250414_140852;1;TUG1;0,7264;1,4104;1,8804;-0,1932;0,0631;-0,0180;-0,9790;;False
1937,46;4.43;pa012​;20250414_140852;1;TUG1;0,7317;1,4127;1,8926;-0,1894;0,0661;-0,0161;-0,9795;;False
1937,48;4.44;pa012​;20250414_140852;1;TUG1;0,7367;1,4144;1,9044;-0,1862;0,0683;-0,0104;-0,9801;;False
1937,49;4.46;pa012​;20250414_140852;1;TUG1;0,7416;1,4161;1,9158;-0,1866;0,0693;-0,0070;-0,9800;;False
1937,51;4.47;pa012​;20250414_140852;1;TUG1;0,7458;1,4168;1,9271;-0,1867;0,0702;-0,0051;-0,9799;;False
1937,52;4.49;pa012​;20250414_140852;1;TUG1;0,7495;1,4177;1,9383;-0,1896;0,0715;-0,0042;-0,9792;;False
1937,54;4.5;pa012​;20250414_140852;1;TUG1;0,7529;1,4186;1,9497;-0,1936;0,0741;-0,0052;-0,9783;;False
1937,55;4.51;pa012​;20250414_140852;1;TUG1;0,7561;1,4197;1,9614;-0,1963;0,0775;-0,0074;-0,9774;;False
1937,56;4.53;pa012​;20250414_140852;1;TUG1;0,7593;1,4209;1,9736;-0,1972;0,0808;-0,0093;-0,9770;;False
1937,58;4.54;pa012​;20250414_140852;1;TUG1;0,7621;1,4223;1,9860;-0,1972;0,0829;-0,0092;-0,9768;;False
1937,59;4.56;pa012​;20250414_140852;1;TUG1;0,7645;1,4233;1,9982;-0,1946;0,0850;-0,0082;-0,9772;;False
1937,60;4.57;pa012​;20250414_140852;1;TUG1;0,7667;1,4239;2,0100;-0,1925;0,0880;-0,0084;-0,9773;;False
1937,62;4.58;pa012​;20250414_140852;1;TUG1;0,7686;1,4240;2,0217;-0,1916;0,0924;-0,0098;-0,9771;;False
1937,63;4.6;pa012​;20250414_140852;1;TUG1;0,7701;1,4240;2,0335;-0,1918;0,0973;-0,0116;-0,9765;;False
1937,65;4.61;pa012​;20250414_140852;1;TUG1;0,7712;1,4235;2,0451;-0,1923;0,1021;-0,0131;-0,9759;;False
1937,66;4.62;pa012​;20250414_140852;1;TUG1;0,7726;1,4228;2,0569;-0,1925;0,1070;-0,0145;-0,9753;;False
1937,67;4.64;pa012​;20250414_140852;1;TUG1;0,7738;1,4218;2,0686;-0,1937;0,1118;-0,0167;-0,9745;;False
1937,69;4.65;pa012​;20250414_140852;1;TUG1;0,7748;1,4205;2,0802;-0,1948;0,1166;-0,0187;-0,9737;;False
1937,70;4.67;pa012​;20250414_140852;1;TUG1;0,7755;1,4192;2,0917;-0,1960;0,1214;-0,0205;-0,9729;;False
1937,72;4.68;pa012​;20250414_140852;1;TUG1;0,7758;1,4178;2,1031;-0,1968;0,1254;-0,0223;-0,9721;;False
1937,73;4.69;pa012​;20250414_140852;1;TUG1;0,7763;1,4164;2,1147;-0,1973;0,1297;-0,0236;-0,9714;;False
1937,74;4.71;pa012​;20250414_140852;1;TUG1;0,7765;1,4149;2,1262;-0,1959;0,1335;-0,0244;-0,9712;;False
1937,76;4.72;pa012​;20250414_140852;1;TUG1;0,7764;1,4133;2,1376;-0,1950;0,1363;-0,0249;-0,9710;;False
1937,77;4.74;pa012​;20250414_140852;1;TUG1;0,7760;1,4116;2,1489;-0,1936;0,1385;-0,0255;-0,9709;;False
1937,79;4.75;pa012​;20250414_140852;1;TUG1;0,7752;1,4099;2,1602;-0,1931;0,1404;-0,0260;-0,9707;;False
1937,80;4.76;pa012​;20250414_140852;1;TUG1;0,7741;1,4083;2,1713;-0,1922;0,1417;-0,0272;-0,9707;;False
1937,81;4.78;pa012​;20250414_140852;1;TUG1;0,7724;1,4067;2,1823;-0,1907;0,1432;-0,0293;-0,9707;;False
1937,83;4.79;pa012​;20250414_140852;1;TUG1;0,7700;1,4054;2,1931;-0,1893;0,1451;-0,0322;-0,9706;;False
1937,84;4.81;pa012​;20250414_140852;1;TUG1;0,7672;1,4046;2,2042;-0,1882;0,1476;-0,0353;-0,9703;;False
1937,85;4.82;pa012​;20250414_140852;1;TUG1;0,7640;1,4048;2,2154;-0,1872;0,1500;-0,0388;-0,9700;;False
1937,87;4.83;pa012​;20250414_140852;1;TUG1;0,7605;1,4068;2,2276;-0,1872;0,1531;-0,0440;-0,9693;;False
1937,88;4.85;pa012​;20250414_140852;1;TUG1;0,7564;1,4086;2,2401;-0,1792;0,1562;-0,0498;-0,9700;;False
1937,90;4.86;pa012​;20250414_140852;1;TUG1;0,7525;1,4095;2,2520;-0,1716;0,1611;-0,0543;-0,9704;;False
1937,91;4.88;pa012​;20250414_140852;1;TUG1;0,7488;1,4118;2,2642;-0,1724;0,1659;-0,0609;-0,9690;;False
1937,93;4.89;pa012​;20250414_140852;1;TUG1;0,7450;1,4136;2,2764;-0,1696;0,1690;-0,0660;-0,9687;;False
1937,94;4.9;pa012​;20250414_140852;1;TUG1;0,7415;1,4155;2,2886;-0,1692;0,1738;-0,0715;-0,9675;;False
1937,95;4.92;pa012​;20250414_140852;1;TUG1;0,7383;1,4165;2,3003;-0,1668;0,1795;-0,0780;-0,9664;;False
1937,97;4.93;pa012​;20250414_140852;1;TUG1;0,7352;1,4174;2,3119;-0,1665;0,1857;-0,0837;-0,9648;;False
1937,98;4.94;pa012​;20250414_140852;1;TUG1;0,7325;1,4179;2,3232;-0,1669;0,1919;-0,0881;-0,9631;;False
1937,99;4.96;pa012​;20250414_140852;1;TUG1;0,7300;1,4185;2,3348;-0,1683;0,1982;-0,0912;-0,9613;;False
1938,01;4.97;pa012​;20250414_140852;1;TUG1;0,7276;1,4193;2,3466;-0,1678;0,2050;-0,0938;-0,9597;;False
1938,02;4.99;pa012​;20250414_140852;1;TUG1;0,7251;1,4204;2,3584;-0,1682;0,2123;-0,0963;-0,9578;;False
1938,04;5.0;pa012​;20250414_140852;1;TUG1;0,7229;1,4215;2,3703;-0,1684;0,2196;-0,0982;-0,9559;;False
1938,05;5.01;pa012​;20250414_140852;1;TUG1;0,7209;1,4224;2,3821;-0,1688;0,2268;-0,0992;-0,9540;;False
1938,06;5.03;pa012​;20250414_140852;1;TUG1;0,7192;1,4230;2,3939;-0,1686;0,2338;-0,0998;-0,9523;;False
1938,08;5.04;pa012​;20250414_140852;1;TUG1;0,7177;1,4236;2,4058;-0,1685;0,2405;-0,1009;-0,9506;;False
1938,09;5.06;pa012​;20250414_140852;1;TUG1;0,7165;1,4238;2,4179;-0,1676;0,2469;-0,1007;-0,9491;;False
1938,10;5.07;pa012​;20250414_140852;1;TUG1;0,7149;1,4239;2,4296;-0,1670;0,2525;-0,1003;-0,9478;;False
1938,12;5.08;pa012​;20250414_140852;1;TUG1;0,7135;1,4238;2,4414;-0,1671;0,2580;-0,0994;-0,9464;;False
1938,13;5.1;pa012​;20250414_140852;1;TUG1;0,7123;1,4235;2,4530;-0,1679;0,2627;-0,0984;-0,9450;;False
1938,15;5.11;pa012​;20250414_140852;1;TUG1;0,7111;1,4230;2,4645;-0,1691;0,2676;-0,0979;-0,9435;;False
1938,16;5.12;pa012​;20250414_140852;1;TUG1;0,7096;1,4226;2,4761;-0,1701;0,2723;-0,0978;-0,9420;;False
1938,17;5.14;pa012​;20250414_140852;1;TUG1;0,7082;1,4221;2,4877;-0,1705;0,2773;-0,0982;-0,9404;;False
1938,19;5.15;pa012​;20250414_140852;1;TUG1;0,7067;1,4216;2,4994;-0,1702;0,2826;-0,0991;-0,9388;;False
1938,20;5.17;pa012​;20250414_140852;1;TUG1;0,7056;1,4211;2,5113;-0,1699;0,2881;-0,0997;-0,9371;;False
1938,22;5.18;pa012​;20250414_140852;1;TUG1;0,7044;1,4205;2,5232;-0,1689;0,2939;-0,1003;-0,9354;;False
1938,23;5.19;pa012​;20250414_140852;1;TUG1;0,7030;1,4196;2,5348;-0,1675;0,2996;-0,1002;-0,9339;;False
1938,24;5.21;pa012​;20250414_140852;1;TUG1;0,7017;1,4184;2,5460;-0,1661;0,3055;-0,0987;-0,9324;;False
1938,26;5.22;pa012​;20250414_140852;1;TUG1;0,7007;1,4170;2,5569;-0,1662;0,3114;-0,0984;-0,9304;;False
1938,27;5.24;pa012​;20250414_140852;1;TUG1;0,7001;1,4153;2,5676;-0,1672;0,3178;-0,0983;-0,9281;;False
1938,29;5.25;pa012​;20250414_140852;1;TUG1;0,6996;1,4136;2,5779;-0,1690;0,3238;-0,0982;-0,9257;;False
1938,30;5.26;pa012​;20250414_140852;1;TUG1;0,6991;1,4122;2,5881;-0,1699;0,3300;-0,0985;-0,9233;;False
1938,31;5.28;pa012​;20250414_140852;1;TUG1;0,6986;1,4109;2,5983;-0,1687;0,3362;-0,0984;-0,9213;;False
1938,33;5.29;pa012​;20250414_140852;1;TUG1;0,6981;1,4101;2,6085;-0,1653;0,3428;-0,0988;-0,9194;;False
1938,34;5.31;pa012​;20250414_140852;1;TUG1;0,6978;1,4093;2,6185;-0,1603;0,3502;-0,0996;-0,9175;;False
1938,35;5.32;pa012​;20250414_140852;1;TUG1;0,6973;1,4095;2,6291;-0,1592;0,3580;-0,1023;-0,9143;;False
1938,37;5.33;pa012​;20250414_140852;1;TUG1;0,6962;1,4102;2,6399;-0,1553;0,3653;-0,1046;-0,9118;;False
1938,38;5.35;pa012​;20250414_140852;1;TUG1;0,6953;1,4103;2,6505;-0,1501;0,3721;-0,1035;-0,9101;;False
1938,40;5.36;pa012​;20250414_140852;1;TUG1;0,6949;1,4112;2,6614;-0,1503;0,3786;-0,1050;-0,9072;;False
1938,41;5.38;pa012​;20250414_140852;1;TUG1;0,6940;1,4123;2,6722;-0,1496;0,3845;-0,1075;-0,9045;;False
1938,42;5.39;pa012​;20250414_140852;1;TUG1;0,6922;1,4153;2,6837;-0,1527;0,3907;-0,1102;-0,9011;;False
1938,44;5.4;pa012​;20250414_140852;1;TUG1;0,6900;1,4163;2,6945;-0,1473;0,3957;-0,1054;-0,9004;;False
1938,45;5.42;pa012​;20250414_140852;1;TUG1;0,6879;1,4175;2,7050;-0,1469;0,3998;-0,1004;-0,8992;;False
1938,47;5.43;pa012​;20250414_140852;1;TUG1;0,6860;1,4182;2,7152;-0,1493;0,4032;-0,0966;-0,8977;;False
1938,48;5.44;pa012​;20250414_140852;1;TUG1;0,6834;1,4190;2,7250;-0,1521;0,4064;-0,0951;-0,8959;;False
1938,49;5.46;pa012​;20250414_140852;1;TUG1;0,6805;1,4201;2,7345;-0,1555;0,4101;-0,0953;-0,8936;;False
1938,51;5.47;pa012​;20250414_140852;1;TUG1;0,6772;1,4211;2,7440;-0,1571;0,4136;-0,0966;-0,8916;;False
1938,52;5.49;pa012​;20250414_140852;1;TUG1;0,6735;1,4224;2,7533;-0,1583;0,4165;-0,0980;-0,8899;;False
1938,54;5.5;pa012​;20250414_140852;1;TUG1;0,6695;1,4237;2,7625;-0,1577;0,4198;-0,0994;-0,8883;;False
1938,55;5.52;pa012​;20250414_140852;1;TUG1;0,6651;1,4252;2,7714;-0,1566;0,4231;-0,1004;-0,8868;;False
1938,56;5.53;pa012​;20250414_140852;1;TUG1;0,6604;1,4262;2,7801;-0,1548;0,4266;-0,1012;-0,8853;;False
1938,58;5.54;pa012​;20250414_140852;1;TUG1;0,6557;1,4267;2,7884;-0,1522;0,4308;-0,1020;-0,8836;;False
1938,59;5.56;pa012​;20250414_140852;1;TUG1;0,6507;1,4268;2,7965;-0,1506;0,4351;-0,1036;-0,8816;Collision avec Droite1 - Objet Parent Plot1;False
1938,60;5.57;pa012​;20250414_140852;1;TUG1;0,6457;1,4265;2,8043;-0,1498;0,4399;-0,1057;-0,8791;Collision avec Droite1 - Objet Parent Plot1;False
1938,62;5.58;pa012​;20250414_140852;1;TUG1;0,6404;1,4260;2,8121;-0,1498;0,4453;-0,1087;-0,8760;Collision avec Droite1 - Objet Parent Plot1;False
1938,63;5.6;pa012​;20250414_140852;1;TUG1;0,6350;1,4254;2,8199;-0,1505;0,4511;-0,1119;-0,8725;Collision avec Droite1 - Objet Parent Plot1;False
1938,65;5.61;pa012​;20250414_140852;1;TUG1;0,6296;1,4245;2,8276;-0,1511;0,4569;-0,1145;-0,8691;Collision avec Droite1 - Objet Parent Plot1;False
1938,66;5.63;pa012​;20250414_140852;1;TUG1;0,6241;1,4235;2,8354;-0,1517;0,4628;-0,1174;-0,8654;Collision avec Droite1 - Objet Parent Plot1;False
1938,67;5.64;pa012​;20250414_140852;1;TUG1;0,6185;1,4223;2,8431;-0,1522;0,4688;-0,1201;-0,8617;Collision avec Droite1 - Objet Parent Plot1;False
1938,69;5.65;pa012​;20250414_140852;1;TUG1;0,6127;1,4211;2,8508;-0,1524;0,4745;-0,1223;-0,8583;Collision avec Droite1 - Objet Parent Plot1;False
1938,70;5.67;pa012​;20250414_140852;1;TUG1;0,6067;1,4199;2,8584;-0,1517;0,4798;-0,1237;-0,8553;Collision avec Droite1 - Objet Parent Plot1;False
1938,72;5.68;pa012​;20250414_140852;1;TUG1;0,6005;1,4185;2,8659;-0,1499;0,4851;-0,1246;-0,8525;Collision avec Droite1 - Objet Parent Plot1;False
1938,74;5.71;pa012​;20250414_140852;1;TUG1;0,5880;1,4155;2,8807;-0,1479;0,4951;-0,1266;-0,8468;Collision avec Droite1 - Objet Parent Plot1;False
1938,76;5.72;pa012​;20250414_140852;1;TUG1;0,5815;1,4135;2,8876;-0,1470;0,4996;-0,1276;-0,8441;Collision avec Droite1 - Objet Parent Plot1;False
1938,77;5.74;pa012​;20250414_140852;1;TUG1;0,5750;1,4114;2,8941;-0,1466;0,5036;-0,1287;-0,8416;Collision avec Droite1 - Objet Parent Plot1;False
1938,79;5.75;pa012​;20250414_140852;1;TUG1;0,5682;1,4094;2,9004;-0,1470;0,5074;-0,1306;-0,8390;Collision avec Droite1 - Objet Parent Plot1;False
1938,80;5.76;pa012​;20250414_140852;1;TUG1;0,5613;1,4071;2,9063;-0,1458;0,5115;-0,1323;-0,8365;Collision avec Droite1 - Objet Parent Plot1;False
1938,81;5.78;pa012​;20250414_140852;1;TUG1;0,5543;1,4051;2,9119;-0,1448;0,5158;-0,1354;-0,8335;Collision avec Droite1 - Objet Parent Plot1;False
1938,83;5.79;pa012​;20250414_140852;1;TUG1;0,5470;1,4034;2,9170;-0,1433;0,5200;-0,1387;-0,8305;Collision avec Droite1 - Objet Parent Plot1;False
1938,84;5.81;pa012​;20250414_140852;1;TUG1;0,5392;1,4028;2,9222;-0,1421;0,5248;-0,1429;-0,8271;Collision avec Droite1 - Objet Parent Plot1;False
1938,86;5.82;pa012​;20250414_140852;1;TUG1;0,5305;1,4040;2,9278;-0,1411;0,5299;-0,1484;-0,8230;Collision avec Droite1 - Objet Parent Plot1;False
1938,87;5.83;pa012​;20250414_140852;1;TUG1;0,5213;1,4049;2,9330;-0,1320;0,5357;-0,1517;-0,8201;Collision avec Droite1 - Objet Parent Plot1;False
1938,88;5.85;pa012​;20250414_140852;1;TUG1;0,5122;1,4061;2,9383;-0,1242;0,5438;-0,1564;-0,8151;Collision avec Droite1 - Objet Parent Plot1;False
1938,90;5.86;pa012​;20250414_140852;1;TUG1;0,5031;1,4077;2,9437;-0,1185;0,5507;-0,1618;-0,8103;Collision avec Droite1 - Objet Parent Plot1;False
1938,91;5.87;pa012​;20250414_140852;1;TUG1;0,4941;1,4081;2,9487;-0,1113;0,5575;-0,1634;-0,8063;Collision avec Droite1 - Objet Parent Plot1;False
1938,92;5.89;pa012​;20250414_140852;1;TUG1;0,4856;1,4092;2,9540;-0,1110;0,5647;-0,1693;-0,8001;Collision avec Droite1 - Objet Parent Plot1;False
1938,94;5.9;pa012​;20250414_140852;1;TUG1;0,4772;1,4098;2,9591;-0,1114;0,5707;-0,1740;-0,7947;Collision avec Droite1 - Objet Parent Plot1;False
1938,95;5.92;pa012​;20250414_140852;1;TUG1;0,4693;1,4098;2,9643;-0,1131;0,5771;-0,1767;-0,7893;Collision avec Droite1 - Objet Parent Plot1;False
1938,97;5.93;pa012​;20250414_140852;1;TUG1;0,4618;1,4096;2,9696;-0,1143;0,5841;-0,1804;-0,7831;Collision avec Droite1 - Objet Parent Plot1;False
1938,98;5.94;pa012​;20250414_140852;1;TUG1;0,4543;1,4093;2,9749;-0,1145;0,5909;-0,1839;-0,7771;Collision avec Droite1 - Objet Parent Plot1;False
1938,99;5.96;pa012​;20250414_140852;1;TUG1;0,4467;1,4094;2,9804;-0,1152;0,5975;-0,1861;-0,7714;Collision avec Droite1 - Objet Parent Plot1;False
1939,01;5.97;pa012​;20250414_140852;1;TUG1;0,4393;1,4094;2,9859;-0,1149;0,6041;-0,1871;-0,7661;Collision avec Droite1 - Objet Parent Plot1;False
1939,02;5.99;pa012​;20250414_140852;1;TUG1;0,4322;1,4091;2,9914;-0,1155;0,6105;-0,1878;-0,7607;Collision avec Droite1 - Objet Parent Plot1;False
1939,03;6.0;pa012​;20250414_140852;1;TUG1;0,4254;1,4086;2,9968;-0,1168;0,6169;-0,1893;-0,7549;Collision avec Droite1 - Objet Parent Plot1;False
1939,05;6.02;pa012​;20250414_140852;1;TUG1;0,4185;1,4084;3,0023;-0,1186;0,6232;-0,1915;-0,7489;Collision avec Droite1 - Objet Parent Plot1;False
1939,06;6.03;pa012​;20250414_140852;1;TUG1;0,4116;1,4084;3,0079;-0,1192;0,6294;-0,1934;-0,7431;Collision avec Droite1 - Objet Parent Plot1;False
1939,08;6.04;pa012​;20250414_140852;1;TUG1;0,4049;1,4084;3,0135;-0,1183;0,6357;-0,1940;-0,7378;Collision avec Droite1 - Objet Parent Plot1;False
1939,09;6.06;pa012​;20250414_140852;1;TUG1;0,3981;1,4083;3,0193;-0,1172;0,6422;-0,1945;-0,7322;Collision avec Droite1 - Objet Parent Plot1;False
1939,10;6.07;pa012​;20250414_140852;1;TUG1;0,3911;1,4082;3,0250;-0,1158;0,6486;-0,1939;-0,7269;Collision avec Droite1 - Objet Parent Plot1;False
1939,12;6.08;pa012​;20250414_140852;1;TUG1;0,3841;1,4081;3,0307;-0,1156;0,6546;-0,1936;-0,7216;Collision avec Droite1 - Objet Parent Plot1;False
1939,13;6.1;pa012​;20250414_140852;1;TUG1;0,3773;1,4079;3,0363;-0,1162;0,6604;-0,1931;-0,7163;Collision avec Droite1 - Objet Parent Plot1;False
1939,15;6.11;pa012​;20250414_140852;1;TUG1;0,3705;1,4075;3,0420;-0,1176;0,6662;-0,1935;-0,7106;Collision avec Droite1 - Objet Parent Plot1;False
1939,16;6.12;pa012​;20250414_140852;1;TUG1;0,3637;1,4071;3,0476;-0,1188;0,6718;-0,1944;-0,7048;Collision avec Droite1 - Objet Parent Plot1;False
1939,17;6.14;pa012​;20250414_140852;1;TUG1;0,3566;1,4070;3,0531;-0,1198;0,6773;-0,1957;-0,6990;Collision avec Droite1 - Objet Parent Plot1;False
1939,19;6.15;pa012​;20250414_140852;1;TUG1;0,3495;1,4070;3,0586;-0,1201;0,6828;-0,1965;-0,6934;Collision avec Droite1 - Objet Parent Plot1;False
1939,20;6.17;pa012​;20250414_140852;1;TUG1;0,3424;1,4071;3,0641;-0,1201;0,6881;-0,1968;-0,6880;Collision avec Droite1 - Objet Parent Plot1;False
1939,22;6.18;pa012​;20250414_140852;1;TUG1;0,3353;1,4072;3,0696;-0,1198;0,6935;-0,1968;-0,6826;Collision avec Droite1 - Objet Parent Plot1;False
1939,23;6.19;pa012​;20250414_140852;1;TUG1;0,3284;1,4071;3,0751;-0,1188;0,6988;-0,1963;-0,6775;Collision avec Droite1 - Objet Parent Plot1;False
1939,24;6.21;pa012​;20250414_140852;1;TUG1;0,3215;1,4069;3,0806;-0,1185;0,7042;-0,1956;-0,6722;Collision avec Droite1 - Objet Parent Plot1;False
1939,26;6.22;pa012​;20250414_140852;1;TUG1;0,3147;1,4065;3,0862;-0,1182;0,7095;-0,1947;-0,6669;Collision avec Droite1 - Objet Parent Plot1;False
1939,27;6.24;pa012​;20250414_140852;1;TUG1;0,3081;1,4060;3,0918;-0,1185;0,7147;-0,1934;-0,6616;Collision avec Droite1 - Objet Parent Plot1;False
1939,28;6.25;pa012​;20250414_140852;1;TUG1;0,3019;1,4055;3,0976;-0,1190;0,7199;-0,1934;-0,6559;Collision avec Droite1 - Objet Parent Plot1;False
1939,30;6.26;pa012​;20250414_140852;1;TUG1;0,2956;1,4050;3,1032;-0,1195;0,7247;-0,1928;-0,6507;Collision avec Droite1 - Objet Parent Plot1;False
1939,31;6.28;pa012​;20250414_140852;1;TUG1;0,2895;1,4046;3,1088;-0,1192;0,7295;-0,1916;-0,6457;Collision avec Droite1 - Objet Parent Plot1;False
1939,33;6.29;pa012​;20250414_140852;1;TUG1;0,2835;1,4043;3,1146;-0,1184;0,7343;-0,1915;-0,6404;Collision avec Droite1 - Objet Parent Plot1;False
1939,34;6.31;pa012​;20250414_140852;1;TUG1;0,2776;1,4041;3,1206;-0,1164;0,7391;-0,1905;-0,6355;Collision avec Droite1 - Objet Parent Plot1;False
1939,35;6.32;pa012​;20250414_140852;1;TUG1;0,2717;1,4041;3,1266;-0,1137;0,7441;-0,1907;-0,6301;Collision avec Droite1 - Objet Parent Plot1;False
1939,37;6.33;pa012​;20250414_140852;1;TUG1;0,2655;1,4045;3,1326;-0,1101;0,7492;-0,1918;-0,6244;Collision avec Droite1 - Objet Parent Plot1;False
1939,38;6.35;pa012​;20250414_140852;1;TUG1;0,2589;1,4053;3,1385;-0,1060;0,7546;-0,1921;-0,6184;Collision avec Droite1 - Objet Parent Plot1;False
1939,40;6.36;pa012​;20250414_140852;1;TUG1;0,2523;1,4057;3,1442;-0,1021;0,7598;-0,1876;-0,6141;Collision avec Droite1 - Objet Parent Plot1;False
1939,41;6.37;pa012​;20250414_140852;1;TUG1;0,2458;1,4064;3,1497;-0,1022;0,7643;-0,1839;-0,6096;Collision avec Droite1 - Objet Parent Plot1;False
1939,42;6.39;pa012​;20250414_140852;1;TUG1;0,2393;1,4077;3,1551;-0,1030;0,7684;-0,1830;-0,6045;Collision avec Droite1 - Objet Parent Plot1;False
1939,44;6.4;pa012​;20250414_140852;1;TUG1;0,2318;1,4104;3,1603;-0,1043;0,7727;-0,1848;-0,5982;Collision avec Droite1 - Objet Parent Plot1;False
1939,45;6.42;pa012​;20250414_140852;1;TUG1;0,2244;1,4119;3,1650;-0,1018;0,7780;-0,1790;-0,5935;Collision avec Chemin1 - Objet Parent Plot1;False
1939,47;6.43;pa012​;20250414_140852;1;TUG1;0,2169;1,4142;3,1697;-0,1001;0,7827;-0,1772;-0,5882;Collision avec Chemin1 - Objet Parent Plot1;False
1939,48;6.44;pa012​;20250414_140852;1;TUG1;0,2097;1,4157;3,1738;-0,0970;0,7865;-0,1748;-0,5843;Collision avec Chemin1 - Objet Parent Plot1;False
1939,49;6.46;pa012​;20250414_140852;1;TUG1;0,2020;1,4171;3,1777;-0,0952;0,7909;-0,1733;-0,5790;Collision avec Chemin1 - Objet Parent Plot1;False
1939,51;6.47;pa012​;20250414_140852;1;TUG1;0,1946;1,4181;3,1811;-0,0941;0,7948;-0,1723;-0,5743;Collision avec Chemin1 - Objet Parent Plot1;False
1939,52;6.49;pa012​;20250414_140852;1;TUG1;0,1872;1,4186;3,1844;-0,0942;0,7984;-0,1720;-0,5693;Collision avec Chemin1 - Objet Parent Plot1;False
1939,54;6.5;pa012​;20250414_140852;1;TUG1;0,1797;1,4190;3,1875;-0,0954;0,8020;-0,1727;-0,5638;Collision avec Chemin1 - Objet Parent Plot1;False
1939,55;6.51;pa012​;20250414_140852;1;TUG1;0,1721;1,4193;3,1902;-0,0959;0,8061;-0,1725;-0,5579;Collision avec Chemin1 - Objet Parent Plot1;False
1939,56;6.53;pa012​;20250414_140852;1;TUG1;0,1643;1,4198;3,1922;-0,0965;0,8099;-0,1724;-0,5523;Collision avec Chemin1 - Objet Parent Plot1;False
1939,58;6.54;pa012​;20250414_140852;1;TUG1;0,1564;1,4203;3,1938;-0,0966;0,8142;-0,1722;-0,5459;Collision avec Chemin1 - Objet Parent Plot1;False
1939,59;6.56;pa012​;20250414_140852;1;TUG1;0,1486;1,4207;3,1946;-0,0955;0,8186;-0,1719;-0,5396;Collision avec Chemin1 - Objet Parent Plot1;False
1939,60;6.57;pa012​;20250414_140852;1;TUG1;0,1405;1,4206;3,1952;-0,0939;0,8239;-0,1708;-0,5322;Collision avec Chemin1 - Objet Parent Plot1;False
1939,62;6.58;pa012​;20250414_140852;1;TUG1;0,1327;1,4204;3,1950;-0,0917;0,8289;-0,1703;-0,5249;Collision avec Chemin1 - Objet Parent Plot1;False
1939,63;6.6;pa012​;20250414_140852;1;TUG1;0,1248;1,4201;3,1945;-0,0900;0,8344;-0,1703;-0,5165;Collision avec Chemin1 - Objet Parent Plot1;False
1939,65;6.61;pa012​;20250414_140852;1;TUG1;0,1170;1,4198;3,1935;-0,0882;0,8401;-0,1704;-0,5073;Collision avec Chemin1 - Objet Parent Plot1;False
1939,66;6.62;pa012​;20250414_140852;1;TUG1;0,1093;1,4194;3,1921;-0,0855;0,8463;-0,1697;-0,4976;Collision avec Chemin1 - Objet Parent Plot1;False
1939,68;6.64;pa012​;20250414_140852;1;TUG1;0,1017;1,4191;3,1901;-0,0825;0,8533;-0,1687;-0,4864;Collision avec Chemin1 - Objet Parent Plot1;False
1939,69;6.65;pa012​;20250414_140852;1;TUG1;0,0942;1,4184;3,1878;-0,0795;0,8604;-0,1671;-0,4748;Collision avec Chemin1 - Objet Parent Plot1;False
1939,70;6.67;pa012​;20250414_140852;1;TUG1;0,0869;1,4176;3,1850;-0,0763;0,8676;-0,1661;-0,4625;Collision avec Chemin1 - Objet Parent Plot1;False
1939,72;6.68;pa012​;20250414_140852;1;TUG1;0,0796;1,4167;3,1818;-0,0734;0,8749;-0,1650;-0,4493;Collision avec Chemin1 - Objet Parent Plot1;False
1939,73;6.69;pa012​;20250414_140852;1;TUG1;0,0725;1,4155;3,1783;-0,0697;0,8823;-0,1637;-0,4357;Collision avec Gauche1 - Objet Parent Plot1;False
1939,74;6.71;pa012​;20250414_140852;1;TUG1;0,0656;1,4145;3,1740;-0,0652;0,8896;-0,1631;-0,4217;Collision avec Gauche1 - Objet Parent Plot1;False
1939,76;6.72;pa012​;20250414_140852;1;TUG1;0,0586;1,4130;3,1696;-0,0609;0,8971;-0,1607;-0,4069;Collision avec Gauche1 - Objet Parent Plot1;False
1939,77;6.74;pa012​;20250414_140852;1;TUG1;0,0519;1,4115;3,1646;-0,0569;0,9038;-0,1598;-0,3929;Collision avec Gauche1 - Objet Parent Plot1;False
1939,78;6.75;pa012​;20250414_140852;1;TUG1;0,0454;1,4096;3,1595;-0,0525;0,9102;-0,1582;-0,3791;Collision avec Gauche1 - Objet Parent Plot1;False
1939,80;6.76;pa012​;20250414_140852;1;TUG1;0,0394;1,4074;3,1538;-0,0480;0,9159;-0,1578;-0,3660;Collision avec Gauche1 - Objet Parent Plot1;False
1939,81;6.78;pa012​;20250414_140852;1;TUG1;0,0337;1,4050;3,1480;-0,0441;0,9212;-0,1580;-0,3528;Collision avec Gauche1 - Objet Parent Plot1;False
1939,83;6.79;pa012​;20250414_140852;1;TUG1;0,0281;1,4026;3,1419;-0,0402;0,9260;-0,1593;-0,3399;Collision avec Gauche1 - Objet Parent Plot1;False
1939,84;6.81;pa012​;20250414_140852;1;TUG1;0,0226;1,4006;3,1353;-0,0349;0,9304;-0,1619;-0,3271;Collision avec Gauche1 - Objet Parent Plot1;False
1939,86;6.82;pa012​;20250414_140852;1;TUG1;0,0172;1,3989;3,1283;-0,0290;0,9347;-0,1630;-0,3146;Collision avec Gauche1 - Objet Parent Plot1;False
1939,87;6.83;pa012​;20250414_140852;1;TUG1;0,0116;1,3982;3,1211;-0,0227;0,9387;-0,1655;-0,3015;Collision avec Gauche1 - Objet Parent Plot1;False
1939,88;6.85;pa012​;20250414_140852;1;TUG1;0,0047;1,3996;3,1128;-0,0143;0,9425;-0,1697;-0,2875;Collision avec Gauche1 - Objet Parent Plot1;False
1939,90;6.86;pa012​;20250414_140852;1;TUG1;-0,0008;1,3998;3,1048;-0,0030;0,9474;-0,1633;-0,2753;Collision avec Gauche1 - Objet Parent Plot1;False
1939,91;6.88;pa012​;20250414_140852;1;TUG1;-0,0068;1,4002;3,0974;0,0046;0,9515;-0,1652;-0,2594;Collision avec Gauche1 - Objet Parent Plot1;False
1939,92;6.89;pa012​;20250414_140852;1;TUG1;-0,0125;1,4005;3,0905;0,0109;0,9549;-0,1672;-0,2453;Collision avec Gauche1 - Objet Parent Plot1;False
1939,94;6.9;pa012​;20250414_140852;1;TUG1;-0,0182;1,4008;3,0843;0,0132;0,9575;-0,1706;-0,2321;Collision avec Gauche1 - Objet Parent Plot1;False
1939,95;6.92;pa012​;20250414_140852;1;TUG1;-0,0240;1,4018;3,0784;0,0139;0,9592;-0,1776;-0,2195;Collision avec Gauche1 - Objet Parent Plot1;False
1939,97;6.93;pa012​;20250414_140852;1;TUG1;-0,0297;1,4026;3,0733;0,0143;0,9610;-0,1806;-0,2088;Collision avec Gauche1 - Objet Parent Plot1;False
1939,98;6.95;pa012​;20250414_140852;1;TUG1;-0,0355;1,4035;3,0682;0,0157;0,9629;-0,1824;-0,1984;Collision avec Gauche1 - Objet Parent Plot1;False
1939,99;6.96;pa012​;20250414_140852;1;TUG1;-0,0412;1,4043;3,0635;0,0185;0,9649;-0,1822;-0,1880;Collision avec Gauche1 - Objet Parent Plot1;False
1940,01;6.97;pa012​;20250414_140852;1;TUG1;-0,0467;1,4055;3,0590;0,0228;0,9671;-0,1810;-0,1775;Collision avec Gauche1 - Objet Parent Plot1;False
1940,02;6.99;pa012​;20250414_140852;1;TUG1;-0,0524;1,4068;3,0545;0,0261;0,9691;-0,1801;-0,1663;Collision avec Gauche1 - Objet Parent Plot1;False
1940,04;7.0;pa012​;20250414_140852;1;TUG1;-0,0580;1,4077;3,0503;0,0276;0,9715;-0,1771;-0,1554;Collision avec Gauche1 - Objet Parent Plot1;False
1940,05;7.02;pa012​;20250414_140852;1;TUG1;-0,0637;1,4087;3,0466;0,0284;0,9733;-0,1760;-0,1443;Collision avec Gauche1 - Objet Parent Plot1;False
1940,06;7.03;pa012​;20250414_140852;1;TUG1;-0,0694;1,4098;3,0430;0,0288;0,9750;-0,1754;-0,1332;Collision avec Gauche1 - Objet Parent Plot1;False
1940,08;7.04;pa012​;20250414_140852;1;TUG1;-0,0752;1,4113;3,0395;0,0293;0,9765;-0,1748;-0,1226;Collision avec Gauche1 - Objet Parent Plot1;False
1940,09;7.06;pa012​;20250414_140852;1;TUG1;-0,0814;1,4127;3,0363;0,0300;0,9780;-0,1730;-0,1124;Collision avec Gauche1 - Objet Parent Plot1;False
1940,10;7.07;pa012​;20250414_140852;1;TUG1;-0,0878;1,4140;3,0331;0,0301;0,9793;-0,1714;-0,1034;Collision avec Gauche1 - Objet Parent Plot1;False
1940,12;7.08;pa012​;20250414_140852;1;TUG1;-0,0945;1,4153;3,0301;0,0301;0,9804;-0,1695;-0,0954;Collision avec Gauche1 - Objet Parent Plot1;False
1940,13;7.1;pa012​;20250414_140852;1;TUG1;-0,1013;1,4167;3,0272;0,0296;0,9814;-0,1679;-0,0880;Collision avec Gauche1 - Objet Parent Plot1;False
1940,15;7.11;pa012​;20250414_140852;1;TUG1;-0,1081;1,4179;3,0242;0,0285;0,9822;-0,1671;-0,0814;Collision avec Gauche1 - Objet Parent Plot1;False
1940,16;7.13;pa012​;20250414_140852;1;TUG1;-0,1151;1,4188;3,0212;0,0276;0,9827;-0,1670;-0,0751;Collision avec Gauche1 - Objet Parent Plot1;False
1940,17;7.14;pa012​;20250414_140852;1;TUG1;-0,1221;1,4196;3,0180;0,0274;0,9832;-0,1669;-0,0690;Collision avec Gauche1 - Objet Parent Plot1;False
1940,19;7.15;pa012​;20250414_140852;1;TUG1;-0,1291;1,4204;3,0144;0,0272;0,9836;-0,1671;-0,0628;;False
1940,20;7.17;pa012​;20250414_140852;1;TUG1;-0,1361;1,4211;3,0106;0,0267;0,9841;-0,1660;-0,0569;;False
1940,22;7.18;pa012​;20250414_140852;1;TUG1;-0,1430;1,4222;3,0063;0,0272;0,9848;-0,1636;-0,0518;;False
1940,23;7.19;pa012​;20250414_140852;1;TUG1;-0,1504;1,4234;3,0022;0,0280;0,9857;-0,1597;-0,0461;;False
1940,24;7.21;pa012​;20250414_140852;1;TUG1;-0,1578;1,4242;2,9983;0,0288;0,9865;-0,1558;-0,0406;;False
1940,26;7.22;pa012​;20250414_140852;1;TUG1;-0,1651;1,4250;2,9943;0,0295;0,9871;-0,1532;-0,0355;;False
1940,27;7.24;pa012​;20250414_140852;1;TUG1;-0,1725;1,4255;2,9901;0,0294;0,9878;-0,1499;-0,0300;;False
1940,29;7.25;pa012​;20250414_140852;1;TUG1;-0,1799;1,4257;2,9860;0,0286;0,9884;-0,1472;-0,0245;;False
1940,30;7.26;pa012​;20250414_140852;1;TUG1;-0,1875;1,4257;2,9823;0,0275;0,9890;-0,1443;-0,0193;;False
1940,31;7.28;pa012​;20250414_140852;1;TUG1;-0,1952;1,4254;2,9788;0,0260;0,9892;-0,1433;-0,0138;;False
1940,33;7.29;pa012​;20250414_140852;1;TUG1;-0,2029;1,4248;2,9753;0,0249;0,9894;-0,1430;-0,0087;;False
1940,34;7.31;pa012​;20250414_140852;1;TUG1;-0,2105;1,4242;2,9719;0,0232;0,9894;-0,1430;-0,0041;;False
1940,36;7.32;pa012​;20250414_140852;1;TUG1;-0,2182;1,4239;2,9683;0,0222;0,9895;-0,1425;-0,0001;;False
1940,37;7.33;pa012​;20250414_140852;1;TUG1;-0,2262;1,4236;2,9648;0,0215;0,9899;-0,1404;0,0038;;False
1940,38;7.35;pa012​;20250414_140852;1;TUG1;-0,2345;1,4233;2,9613;0,0217;0,9901;-0,1382;0,0075;;False
1940,40;7.36;pa012​;20250414_140852;1;TUG1;-0,2433;1,4243;2,9574;0,0238;0,9898;-0,1400;0,0116;;False
1940,41;7.38;pa012​;20250414_140852;1;TUG1;-0,2517;1,4258;2,9526;0,0261;0,9901;-0,1375;0,0146;;False
1940,43;7.39;pa012​;20250414_140852;1;TUG1;-0,2606;1,4278;2,9472;0,0224;0,9904;-0,1351;0,0175;;False
1940,44;7.4;pa012​;20250414_140852;1;TUG1;-0,2692;1,4294;2,9420;0,0185;0,9911;-0,1308;0,0189;;False
1940,45;7.42;pa012​;20250414_140852;1;TUG1;-0,2779;1,4311;2,9362;0,0127;0,9914;-0,1284;0,0197;;False
1940,47;7.43;pa012​;20250414_140852;1;TUG1;-0,2861;1,4331;2,9305;0,0092;0,9915;-0,1281;0,0213;;False
1940,48;7.44;pa012​;20250414_140852;1;TUG1;-0,2937;1,4353;2,9243;0,0070;0,9914;-0,1290;0,0230;;False
1940,49;7.46;pa012​;20250414_140852;1;TUG1;-0,3009;1,4371;2,9178;0,0059;0,9913;-0,1287;0,0254;;False
1940,51;7.47;pa012​;20250414_140852;1;TUG1;-0,3077;1,4385;2,9110;0,0059;0,9915;-0,1274;0,0275;;False
1940,52;7.49;pa012​;20250414_140852;1;TUG1;-0,3141;1,4394;2,9040;0,0059;0,9916;-0,1258;0,0294;;False
1940,54;7.5;pa012​;20250414_140852;1;TUG1;-0,3201;1,4402;2,8967;0,0057;0,9916;-0,1257;0,0313;;False
1940,55;7.51;pa012​;20250414_140852;1;TUG1;-0,3260;1,4407;2,8889;0,0060;0,9915;-0,1255;0,0337;;False
1940,56;7.53;pa012​;20250414_140852;1;TUG1;-0,3315;1,4407;2,8809;0,0055;0,9916;-0,1245;0,0356;;False
1940,58;7.54;pa012​;20250414_140852;1;TUG1;-0,3368;1,4404;2,8726;0,0053;0,9915;-0,1245;0,0377;;False
1940,59;7.56;pa012​;20250414_140852;1;TUG1;-0,3417;1,4401;2,8639;0,0054;0,9913;-0,1251;0,0406;;False
1940,61;7.57;pa012​;20250414_140852;1;TUG1;-0,3463;1,4397;2,8547;0,0052;0,9911;-0,1253;0,0438;;False
1940,62;7.58;pa012​;20250414_140852;1;TUG1;-0,3504;1,4391;2,8453;0,0053;0,9910;-0,1255;0,0473;;False
1940,63;7.6;pa012​;20250414_140852;1;TUG1;-0,3543;1,4377;2,8356;0,0053;0,9908;-0,1254;0,0508;;False
1940,65;7.61;pa012​;20250414_140852;1;TUG1;-0,3577;1,4361;2,8257;0,0050;0,9904;-0,1273;0,0542;;False
1940,66;7.62;pa012​;20250414_140852;1;TUG1;-0,3609;1,4346;2,8157;0,0046;0,9899;-0,1292;0,0572;;False
1940,67;7.64;pa012​;20250414_140852;1;TUG1;-0,3641;1,4330;2,8054;0,0045;0,9895;-0,1311;0,0603;;False
1940,69;7.65;pa012​;20250414_140852;1;TUG1;-0,3669;1,4313;2,7950;0,0045;0,9892;-0,1328;0,0624;;False
1940,70;7.67;pa012​;20250414_140852;1;TUG1;-0,3696;1,4292;2,7845;0,0046;0,9888;-0,1346;0,0639;;False
1940,72;7.68;pa012​;20250414_140852;1;TUG1;-0,3719;1,4271;2,7740;0,0058;0,9885;-0,1361;0,0651;;False
1940,73;7.69;pa012​;20250414_140852;1;TUG1;-0,3741;1,4251;2,7637;0,0077;0,9883;-0,1373;0,0664;;False
1940,74;7.71;pa012​;20250414_140852;1;TUG1;-0,3759;1,4230;2,7533;0,0106;0,9879;-0,1386;0,0684;;False
1940,76;7.72;pa012​;20250414_140852;1;TUG1;-0,3774;1,4209;2,7429;0,0131;0,9876;-0,1394;0,0704;;False
1940,77;7.74;pa012​;20250414_140852;1;TUG1;-0,3786;1,4184;2,7325;0,0148;0,9875;-0,1395;0,0725;;False
1940,79;7.75;pa012​;20250414_140852;1;TUG1;-0,3795;1,4160;2,7222;0,0159;0,9872;-0,1401;0,0744;;False
1940,80;7.76;pa012​;20250414_140852;1;TUG1;-0,3802;1,4138;2,7120;0,0167;0,9870;-0,1407;0,0758;;False
1940,81;7.78;pa012​;20250414_140852;1;TUG1;-0,3806;1,4118;2,7017;0,0168;0,9866;-0,1425;0,0772;;False
1940,83;7.79;pa012​;20250414_140852;1;TUG1;-0,3805;1,4097;2,6915;0,0174;0,9864;-0,1434;0,0781;;False
1940,84;7.81;pa012​;20250414_140852;1;TUG1;-0,3799;1,4077;2,6814;0,0190;0,9863;-0,1433;0,0789;;False
1940,85;7.82;pa012​;20250414_140852;1;TUG1;-0,3789;1,4063;2,6710;0,0216;0,9860;-0,1445;0,0799;;False
1940,87;7.83;pa012​;20250414_140852;1;TUG1;-0,3773;1,4060;2,6602;0,0253;0,9858;-0,1444;0,0815;;False
1940,88;7.85;pa012​;20250414_140852;1;TUG1;-0,3756;1,4077;2,6482;0,0304;0,9854;-0,1452;0,0841;;False
1940,90;7.86;pa012​;20250414_140852;1;TUG1;-0,3728;1,4087;2,6358;0,0376;0,9863;-0,1353;0,0863;;False
1940,91;7.88;pa012​;20250414_140852;1;TUG1;-0,3704;1,4095;2,6240;0,0441;0,9861;-0,1320;0,0906;;False
1940,92;7.89;pa012​;20250414_140852;1;TUG1;-0,3679;1,4106;2,6121;0,0504;0,9853;-0,1342;0,0935;;False
1940,94;7.9;pa012​;20250414_140852;1;TUG1;-0,3656;1,4114;2,6001;0,0556;0,9846;-0,1352;0,0964;;False
1940,95;7.92;pa012​;20250414_140852;1;TUG1;-0,3633;1,4128;2,5883;0,0619;0,9832;-0,1400;0,0995;;False
1940,97;7.93;pa012​;20250414_140852;1;TUG1;-0,3614;1,4135;2,5769;0,0681;0,9819;-0,1437;0,1032;;False
1940,98;7.95;pa012​;20250414_140852;1;TUG1;-0,3600;1,4140;2,5659;0,0735;0,9804;-0,1480;0,1072;;False
1940,99;7.96;pa012​;20250414_140852;1;TUG1;-0,3589;1,4147;2,5551;0,0786;0,9792;-0,1506;0,1111;;False
1941,01;7.97;pa012​;20250414_140852;1;TUG1;-0,3581;1,4157;2,5438;0,0824;0,9782;-0,1517;0,1152;;False
1941,02;7.99;pa012​;20250414_140852;1;TUG1;-0,3574;1,4169;2,5320;0,0849;0,9775;-0,1517;0,1198;;False
1941,04;8.0;pa012​;20250414_140852;1;TUG1;-0,3568;1,4176;2,5205;0,0857;0,9771;-0,1500;0,1245;;False
1941,05;8.02;pa012​;20250414_140852;1;TUG1;-0,3568;1,4181;2,5090;0,0860;0,9763;-0,1506;0,1292;;False
1941,06;8.03;pa012​;20250414_140852;1;TUG1;-0,3568;1,4184;2,4973;0,0868;0,9754;-0,1522;0,1334;;False
1941,08;8.04;pa012​;20250414_140852;1;TUG1;-0,3571;1,4190;2,4851;0,0869;0,9744;-0,1551;0,1376;;False
1941,09;8.06;pa012​;20250414_140852;1;TUG1;-0,3576;1,4196;2,4730;0,0859;0,9738;-0,1564;0,1409;;False
1941,10;8.07;pa012​;20250414_140852;1;TUG1;-0,3584;1,4202;2,4610;0,0842;0,9734;-0,1568;0,1440;;False
1941,12;8.08;pa012​;20250414_140852;1;TUG1;-0,3594;1,4206;2,4488;0,0813;0,9734;-0,1565;0,1463;;False
1941,13;8.1;pa012​;20250414_140852;1;TUG1;-0,3605;1,4207;2,4365;0,0784;0,9733;-0,1564;0,1489;;False
1941,15;8.11;pa012​;20250414_140852;1;TUG1;-0,3616;1,4208;2,4242;0,0757;0,9731;-0,1566;0,1508;;False
1941,16;8.13;pa012​;20250414_140852;1;TUG1;-0,3628;1,4206;2,4118;0,0723;0,9729;-0,1577;0,1526;;False
1941,18;8.14;pa012​;20250414_140852;1;TUG1;-0,3640;1,4203;2,3995;0,0689;0,9727;-0,1598;0,1538;;False
1941,19;8.15;pa012​;20250414_140852;1;TUG1;-0,3652;1,4200;2,3872;0,0664;0,9723;-0,1619;0,1551;;False
1941,20;8.17;pa012​;20250414_140852;1;TUG1;-0,3664;1,4196;2,3746;0,0646;0,9719;-0,1637;0,1563;;False
1941,22;8.18;pa012​;20250414_140852;1;TUG1;-0,3674;1,4193;2,3619;0,0639;0,9717;-0,1646;0,1571;;False
1941,23;8.2;pa012​;20250414_140852;1;TUG1;-0,3685;1,4190;2,3491;0,0636;0,9716;-0,1644;0,1579;;False
1941,24;8.21;pa012​;20250414_140852;1;TUG1;-0,3697;1,4187;2,3361;0,0632;0,9717;-0,1632;0,1587;;False
1941,26;8.22;pa012​;20250414_140852;1;TUG1;-0,3709;1,4182;2,3229;0,0622;0,9720;-0,1611;0,1595;;False
1941,27;8.24;pa012​;20250414_140852;1;TUG1;-0,3721;1,4175;2,3099;0,0606;0,9723;-0,1591;0,1604;;False
1941,29;8.25;pa012​;20250414_140852;1;TUG1;-0,3732;1,4166;2,2967;0,0584;0,9725;-0,1577;0,1612;;False
1941,30;8.26;pa012​;20250414_140852;1;TUG1;-0,3746;1,4150;2,2839;0,0547;0,9728;-0,1562;0,1619;;False
1941,31;8.28;pa012​;20250414_140852;1;TUG1;-0,3764;1,4131;2,2713;0,0515;0,9729;-0,1566;0,1623;;False
1941,33;8.29;pa012​;20250414_140852;1;TUG1;-0,3783;1,4112;2,2588;0,0491;0,9725;-0,1588;0,1630;;False
1941,34;8.31;pa012​;20250414_140852;1;TUG1;-0,3802;1,4094;2,2464;0,0471;0,9720;-0,1621;0,1635;;False
1941,36;8.32;pa012​;20250414_140852;1;TUG1;-0,3822;1,4078;2,2342;0,0453;0,9718;-0,1637;0,1637;;False
1941,37;8.33;pa012​;20250414_140852;1;TUG1;-0,3843;1,4064;2,2217;0,0437;0,9716;-0,1644;0,1644;;False
1941,38;8.35;pa012​;20250414_140852;1;TUG1;-0,3866;1,4059;2,2088;0,0423;0,9718;-0,1627;0,1652;;False
1941,40;8.36;pa012​;20250414_140852;1;TUG1;-0,3888;1,4066;2,1954;0,0414;0,9718;-0,1616;0,1664;;False
1941,41;8.38;pa012​;20250414_140852;1;TUG1;-0,3904;1,4088;2,1807;0,0409;0,9721;-0,1586;0,1680;;False
1941,42;8.39;pa012​;20250414_140852;1;TUG1;-0,3923;1,4088;2,1670;0,0352;0,9732;-0,1506;0,1702;;False
1941,44;8.4;pa012​;20250414_140852;1;TUG1;-0,3947;1,4097;2,1534;0,0310;0,9728;-0,1529;0,1710;;False
1941,45;8.42;pa012​;20250414_140852;1;TUG1;-0,3968;1,4121;2,1391;0,0291;0,9717;-0,1594;0,1718;;False
1941,47;8.43;pa012​;20250414_140852;1;TUG1;-0,3976;1,4148;2,1239;0,0244;0,9719;-0,1590;0,1720;;False
1941,48;8.45;pa012​;20250414_140852;1;TUG1;-0,3985;1,4159;2,1101;0,0141;0,9728;-0,1561;0,1707;;False
1941,49;8.46;pa012​;20250414_140852;1;TUG1;-0,3995;1,4171;2,0971;0,0084;0,9729;-0,1595;0,1671;;False
1941,51;8.47;pa012​;20250414_140852;1;TUG1;-0,4000;1,4174;2,0846;0,0044;0,9732;-0,1632;0,1621;;False
1941,52;8.49;pa012​;20250414_140852;1;TUG1;-0,3999;1,4181;2,0722;0,0025;0,9727;-0,1693;0,1586;;False
1941,54;8.5;pa012​;20250414_140852;1;TUG1;-0,3989;1,4196;2,0598;0,0035;0,9723;-0,1740;0,1560;;False
1941,55;8.51;pa012​;20250414_140852;1;TUG1;-0,3975;1,4211;2,0474;0,0049;0,9723;-0,1756;0,1542;;False
1941,56;8.53;pa012​;20250414_140852;1;TUG1;-0,3959;1,4223;2,0352;0,0062;0,9725;-0,1761;0,1522;;False
1941,58;8.54;pa012​;20250414_140852;1;TUG1;-0,3939;1,4236;2,0231;0,0075;0,9724;-0,1782;0,1504;;False
1941,59;8.56;pa012​;20250414_140852;1;TUG1;-0,3913;1,4249;2,0111;0,0087;0,9724;-0,1788;0,1494;;False
1941,60;8.57;pa012​;20250414_140852;1;TUG1;-0,3885;1,4262;1,9992;0,0098;0,9724;-0,1790;0,1490;;False
1941,62;8.58;pa012​;20250414_140852;1;TUG1;-0,3853;1,4271;1,9876;0,0118;0,9725;-0,1784;0,1490;;False
1941,63;8.6;pa012​;20250414_140852;1;TUG1;-0,3818;1,4277;1,9759;0,0141;0,9725;-0,1778;0,1496;;False
1941,65;8.61;pa012​;20250414_140852;1;TUG1;-0,3782;1,4282;1,9644;0,0168;0,9723;-0,1780;0,1508;;False
1941,66;8.63;pa012​;20250414_140852;1;TUG1;-0,3743;1,4283;1,9529;0,0198;0,9719;-0,1787;0,1522;;False
1941,67;8.64;pa012​;20250414_140852;1;TUG1;-0,3703;1,4281;1,9416;0,0232;0,9712;-0,1802;0,1539;;False
1941,69;8.65;pa012​;20250414_140852;1;TUG1;-0,3662;1,4276;1,9302;0,0265;0,9705;-0,1822;0,1556;;False
1941,70;8.67;pa012​;20250414_140852;1;TUG1;-0,3623;1,4268;1,9189;0,0296;0,9697;-0,1844;0,1575;;False
1941,72;8.68;pa012​;20250414_140852;1;TUG1;-0,3582;1,4258;1,9075;0,0328;0,9689;-0,1869;0,1587;;False
1941,73;8.7;pa012​;20250414_140852;1;TUG1;-0,3540;1,4248;1,8961;0,0356;0,9683;-0,1888;0,1599;;False
1941,74;8.71;pa012​;20250414_140852;1;TUG1;-0,3498;1,4237;1,8846;0,0380;0,9678;-0,1899;0,1606;;False
1941,76;8.72;pa012​;20250414_140852;1;TUG1;-0,3454;1,4223;1,8731;0,0405;0,9676;-0,1898;0,1614;;False
1941,77;8.74;pa012​;20250414_140852;1;TUG1;-0,3411;1,4205;1,8616;0,0426;0,9675;-0,1891;0,1621;;False
1941,79;8.75;pa012​;20250414_140852;1;TUG1;-0,3367;1,4183;1,8505;0,0450;0,9674;-0,1889;0,1625;;False
1941,80;8.76;pa012​;20250414_140852;1;TUG1;-0,3322;1,4160;1,8394;0,0472;0,9670;-0,1901;0,1628;;False
1941,81;8.78;pa012​;20250414_140852;1;TUG1;-0,3277;1,4136;1,8285;0,0494;0,9664;-0,1927;0,1628;;False
1941,83;8.79;pa012​;20250414_140852;1;TUG1;-0,3229;1,4112;1,8177;0,0519;0,9658;-0,1947;0,1629;;False
1941,84;8.81;pa012​;20250414_140852;1;TUG1;-0,3178;1,4091;1,8070;0,0543;0,9653;-0,1971;0,1625;;False
1941,85;8.82;pa012​;20250414_140852;1;TUG1;-0,3125;1,4069;1,7964;0,0562;0,9653;-0,1968;0,1621;;False
1941,87;8.83;pa012​;20250414_140852;1;TUG1;-0,3069;1,4052;1,7861;0,0586;0,9655;-0,1957;0,1615;;False
1941,88;8.85;pa012​;20250414_140852;1;TUG1;-0,3009;1,4038;1,7758;0,0609;0,9656;-0,1949;0,1610;;False
1941,90;8.86;pa012​;20250414_140852;1;TUG1;-0,2946;1,4029;1,7652;0,0633;0,9656;-0,1946;0,1605;;False
1941,91;8.88;pa012​;20250414_140852;1;TUG1;-0,2876;1,4038;1,7534;0,0666;0,9649;-0,1973;0,1598;;False
1941,92;8.89;pa012​;20250414_140852;1;TUG1;-0,2799;1,4046;1,7411;0,0695;0,9660;-0,1916;0,1591;;False
1941,94;8.9;pa012​;20250414_140852;1;TUG1;-0,2725;1,4039;1,7299;0,0732;0,9672;-0,1822;0,1609;;False
1941,95;8.92;pa012​;20250414_140852;1;TUG1;-0,2650;1,4046;1,7186;0,0786;0,9662;-0,1842;0,1623;;False
1941,96;8.93;pa012​;20250414_140852;1;TUG1;-0,2574;1,4053;1,7070;0,0825;0,9653;-0,1867;0,1630;;False
1941,98;8.95;pa012​;20250414_140852;1;TUG1;-0,2500;1,4060;1,6955;0,0859;0,9648;-0,1866;0,1644;;False
1941,99;8.96;pa012​;20250414_140852;1;TUG1;-0,2427;1,4077;1,6837;0,0912;0,9632;-0,1901;0,1666;;False
1942,01;8.97;pa012​;20250414_140852;1;TUG1;-0,2357;1,4086;1,6722;0,0964;0,9624;-0,1899;0,1688;;False
1942,02;8.99;pa012​;20250414_140852;1;TUG1;-0,2296;1,4089;1,6616;0,1019;0,9613;-0,1879;0,1736;;False
1942,04;9.0;pa012​;20250414_140852;1;TUG1;-0,2241;1,4092;1,6513;0,1082;0,9593;-0,1905;0,1783;;False
1942,05;9.02;pa012​;20250414_140852;1;TUG1;-0,2189;1,4097;1,6405;0,1109;0,9573;-0,1954;0,1820;;False
1942,06;9.03;pa012​;20250414_140852;1;TUG1;-0,2139;1,4107;1,6293;0,1121;0,9558;-0,1991;0,1851;;False
1942,08;9.04;pa012​;20250414_140852;1;TUG1;-0,2093;1,4116;1,6183;0,1117;0,9552;-0,1991;0,1884;;False
1942,09;9.06;pa012​;20250414_140852;1;TUG1;-0,2054;1,4125;1,6071;0,1124;0,9539;-0,2007;0,1928;;False
1942,10;9.07;pa012​;20250414_140852;1;TUG1;-0,2020;1,4133;1,5958;0,1130;0,9529;-0,2027;0,1953;;False
1942,12;9.08;pa012​;20250414_140852;1;TUG1;-0,1989;1,4144;1,5842;0,1127;0,9522;-0,2048;0,1967;;False
1942,13;9.1;pa012​;20250414_140852;1;TUG1;-0,1959;1,4155;1,5725;0,1125;0,9517;-0,2060;0,1978;;False
1942,15;9.11;pa012​;20250414_140852;1;TUG1;-0,1934;1,4165;1,5609;0,1120;0,9513;-0,2071;0,1989;;False
1942,16;9.13;pa012​;20250414_140852;1;TUG1;-0,1911;1,4171;1,5493;0,1114;0,9511;-0,2078;0,1995;;False
1942,17;9.14;pa012​;20250414_140852;1;TUG1;-0,1889;1,4175;1,5376;0,1103;0,9508;-0,2093;0,2000;;False
1942,19;9.15;pa012​;20250414_140852;1;TUG1;-0,1868;1,4177;1,5260;0,1085;0,9504;-0,2115;0,2005;;False
1942,20;9.17;pa012​;20250414_140852;1;TUG1;-0,1848;1,4178;1,5145;0,1066;0,9500;-0,2142;0,2008;;False
1942,22;9.18;pa012​;20250414_140852;1;TUG1;-0,1828;1,4178;1,5030;0,1039;0,9495;-0,2174;0,2008;;False
1942,23;9.19;pa012​;20250414_140852;1;TUG1;-0,1808;1,4176;1,4916;0,1013;0,9492;-0,2205;0,2004;;False
1942,24;9.21;pa012​;20250414_140852;1;TUG1;-0,1789;1,4172;1,4802;0,0989;0,9490;-0,2230;0,1999;;False
1942,26;9.22;pa012​;20250414_140852;1;TUG1;-0,1769;1,4167;1,4690;0,0971;0,9487;-0,2251;0,1995;;False
1942,27;9.24;pa012​;20250414_140852;1;TUG1;-0,1751;1,4161;1,4577;0,0958;0,9484;-0,2272;0,1991;;False
1942,29;9.25;pa012​;20250414_140852;1;TUG1;-0,1731;1,4154;1,4466;0,0952;0,9482;-0,2288;0,1988;;False
1942,30;9.26;pa012​;20250414_140852;1;TUG1;-0,1710;1,4145;1,4355;0,0945;0,9481;-0,2296;0,1986;;False
1942,31;9.28;pa012​;20250414_140852;1;TUG1;-0,1688;1,4136;1,4242;0,0942;0,9478;-0,2310;0,1988;;False
1942,33;9.29;pa012​;20250414_140852;1;TUG1;-0,1667;1,4124;1,4132;0,0935;0,9475;-0,2319;0,1993;;False
1942,34;9.31;pa012​;20250414_140852;1;TUG1;-0,1648;1,4111;1,4024;0,0928;0,9470;-0,2331;0,2005;;False
1942,35;9.32;pa012​;20250414_140852;1;TUG1;-0,1629;1,4097;1,3916;0,0920;0,9464;-0,2347;0,2021;;False
1942,37;9.33;pa012​;20250414_140852;1;TUG1;-0,1608;1,4082;1,3807;0,0915;0,9454;-0,2368;0,2042;;False
1942,38;9.35;pa012​;20250414_140852;1;TUG1;-0,1589;1,4068;1,3698;0,0908;0,9444;-0,2391;0,2067;;False
1942,40;9.36;pa012​;20250414_140852;1;TUG1;-0,1571;1,4052;1,3589;0,0895;0,9433;-0,2412;0,2098;;False
1942,41;9.38;pa012​;20250414_140852;1;TUG1;-0,1554;1,4037;1,3481;0,0883;0,9424;-0,2426;0,2127;;False
1942,42;9.39;pa012​;20250414_140852;1;TUG1;-0,1540;1,4020;1,3371;0,0870;0,9416;-0,2433;0,2160;;False
1942,44;9.4;pa012​;20250414_140852;1;TUG1;-0,1525;1,4004;1,3260;0,0865;0,9408;-0,2440;0,2190;;False
1942,45;9.42;pa012​;20250414_140852;1;TUG1;-0,1513;1,3986;1,3147;0,0854;0,9400;-0,2444;0,2222;;False
1942,47;9.43;pa012​;20250414_140852;1;TUG1;-0,1502;1,3969;1,3036;0,0854;0,9390;-0,2453;0,2255;;False
1942,48;9.44;pa012​;20250414_140852;1;TUG1;-0,1490;1,3968;1,2915;0,0872;0,9364;-0,2513;0,2291;;False
1942,49;9.46;pa012​;20250414_140852;1;TUG1;-0,1472;1,3968;1,2786;0,0898;0,9346;-0,2535;0,2329;;False
1942,51;9.47;pa012​;20250414_140852;1;TUG1;-0,1453;1,3955;1,2662;0,0882;0,9343;-0,2512;0,2372;;False
1942,52;9.49;pa012​;20250414_140852;1;TUG1;-0,1436;1,3961;1,2532;0,0864;0,9321;-0,2570;0,2401;;False
1942,54;9.5;pa012​;20250414_140852;1;TUG1;-0,1413;1,3976;1,2394;0,0862;0,9300;-0,2628;0,2421;;False
1942,55;9.52;pa012​;20250414_140852;1;TUG1;-0,1390;1,3970;1,2269;0,0800;0,9306;-0,2608;0,2443;;False
1942,56;9.53;pa012​;20250414_140852;1;TUG1;-0,1368;1,3975;1,2147;0,0746;0,9295;-0,2661;0,2444;;False
1942,58;9.54;pa012​;20250414_140852;1;TUG1;-0,1345;1,3974;1,2032;0,0706;0,9287;-0,2708;0,2432;;False
1942,59;9.56;pa012​;20250414_140852;1;TUG1;-0,1320;1,3969;1,1925;0,0680;0,9279;-0,2753;0,2421;;False
1942,60;9.57;pa012​;20250414_140852;1;TUG1;-0,1287;1,3969;1,1822;0,0692;0,9264;-0,2804;0,2415;;False
1942,62;9.58;pa012​;20250414_140852;1;TUG1;-0,1248;1,3973;1,1716;0,0714;0,9251;-0,2838;0,2420;;False
1942,63;9.6;pa012​;20250414_140852;1;TUG1;-0,1206;1,3979;1,1610;0,0730;0,9246;-0,2847;0,2423;;False
1942,65;9.61;pa012​;20250414_140852;1;TUG1;-0,1163;1,3985;1,1505;0,0752;0,9247;-0,2842;0,2419;;False
1942,66;9.63;pa012​;20250414_140852;1;TUG1;-0,1119;1,3989;1,1403;0,0768;0,9244;-0,2851;0,2415;;False
1942,67;9.64;pa012​;20250414_140852;1;TUG1;-0,1071;1,3992;1,1303;0,0782;0,9240;-0,2858;0,2418;;False
1942,69;9.65;pa012​;20250414_140852;1;TUG1;-0,1022;1,3994;1,1205;0,0793;0,9236;-0,2863;0,2425;;False
1942,70;9.67;pa012​;20250414_140852;1;TUG1;-0,0972;1,3995;1,1110;0,0806;0,9232;-0,2863;0,2434;;False
1942,72;9.68;pa012​;20250414_140852;1;TUG1;-0,0921;1,3993;1,1017;0,0816;0,9228;-0,2865;0,2443;;False
1942,73;9.69;pa012​;20250414_140852;1;TUG1;-0,0869;1,3989;1,0925;0,0830;0,9222;-0,2874;0,2451;;False
1942,74;9.71;pa012​;20250414_140852;1;TUG1;-0,0816;1,3983;1,0833;0,0850;0,9213;-0,2891;0,2457;;False
1942,76;9.72;pa012​;20250414_140852;1;TUG1;-0,0765;1,3976;1,0742;0,0874;0,9204;-0,2910;0,2460;;False
1942,77;9.74;pa012​;20250414_140852;1;TUG1;-0,0715;1,3968;1,0653;0,0903;0,9193;-0,2935;0,2461;;False
1942,79;9.75;pa012​;20250414_140852;1;TUG1;-0,0666;1,3959;1,0564;0,0934;0,9183;-0,2958;0,2459;;False
1942,80;9.76;pa012​;20250414_140852;1;TUG1;-0,0618;1,3950;1,0475;0,0962;0,9176;-0,2974;0,2455;;False
1942,81;9.78;pa012​;20250414_140852;1;TUG1;-0,0568;1,3943;1,0386;0,0986;0,9173;-0,2984;0,2447;;False
1942,83;9.79;pa012​;20250414_140852;1;TUG1;-0,0517;1,3936;1,0296;0,1002;0,9169;-0,2995;0,2440;;False
1942,84;9.81;pa012​;20250414_140852;1;TUG1;-0,0464;1,3929;1,0207;0,1012;0,9173;-0,2985;0,2431;;False
1942,85;9.82;pa012​;20250414_140852;1;TUG1;-0,0410;1,3920;1,0118;0,1022;0,9180;-0,2968;0,2424;;False
1942,87;9.83;pa012​;20250414_140852;1;TUG1;-0,0356;1,3908;1,0031;0,1033;0,9188;-0,2944;0,2416;;False
1942,88;9.85;pa012​;20250414_140852;1;TUG1;-0,0301;1,3895;0,9945;0,1049;0,9193;-0,2931;0,2406;;False
1942,90;9.86;pa012​;20250414_140852;1;TUG1;-0,0244;1,3881;0,9863;0,1072;0,9198;-0,2918;0,2394;;False
1942,91;9.88;pa012​;20250414_140852;1;TUG1;-0,0185;1,3865;0,9782;0,1096;0,9204;-0,2903;0,2377;;False
1942,93;9.89;pa012​;20250414_140852;1;TUG1;-0,0124;1,3851;0,9703;0,1129;0,9209;-0,2891;0,2357;;False
1942,94;9.9;pa012​;20250414_140852;1;TUG1;-0,0060;1,3836;0,9625;0,1165;0,9214;-0,2876;0,2339;;False
1942,95;9.92;pa012​;20250414_140852;1;TUG1;0,0007;1,3821;0,9550;0,1202;0,9221;-0,2852;0,2320;;False
1942,97;9.93;pa012​;20250414_140852;1;TUG1;0,0072;1,3808;0,9476;0,1240;0,9225;-0,2835;0,2307;;False
1942,98;9.94;pa012​;20250414_140852;1;TUG1;0,0140;1,3799;0,9403;0,1280;0,9228;-0,2818;0,2294;;False
1942,99;9.96;pa012​;20250414_140852;1;TUG1;0,0213;1,3796;0,9329;0,1325;0,9231;-0,2801;0,2279;;False
1943,01;9.97;pa012​;20250414_140852;1;TUG1;0,0291;1,3801;0,9248;0,1373;0,9230;-0,2784;0,2274;;False
1943,02;9.99;pa012​;20250414_140852;1;TUG1;0,0370;1,3801;0,9169;0,1414;0,9246;-0,2708;0,2277;;False
1943,04;10.0;pa012​;20250414_140852;1;TUG1;0,0449;1,3806;0,9091;0,1453;0,9250;-0,2659;0,2291;;False
1943,05;10.01;pa012​;20250414_140852;1;TUG1;0,0529;1,3816;0,9012;0,1499;0,9242;-0,2649;0,2306;;False
1943,06;10.03;pa012​;20250414_140852;1;TUG1;0,0609;1,3824;0,8932;0,1532;0,9240;-0,2624;0,2322;;False
1943,08;10.04;pa012​;20250414_140852;1;TUG1;0,0688;1,3837;0,8852;0,1568;0,9230;-0,2617;0,2343;;False
1943,09;10.06;pa012​;20250414_140852;1;TUG1;0,0765;1,3853;0,8769;0,1611;0,9210;-0,2629;0,2380;;False
1943,10;10.07;pa012​;20250414_140852;1;TUG1;0,0838;1,3862;0,8688;0,1643;0,9198;-0,2610;0,2425;;False
1943,12;10.08;pa012​;20250414_140852;1;TUG1;0,0909;1,3874;0,8608;0,1671;0,9180;-0,2615;0,2470;;False
1943,13;10.1;pa012​;20250414_140852;1;TUG1;0,0977;1,3879;0,8527;0,1683;0,9166;-0,2611;0,2519;;False
1943,15;10.11;pa012​;20250414_140852;1;TUG1;0,1041;1,3881;0,8445;0,1673;0,9153;-0,2620;0,2562;;False
1943,16;10.13;pa012​;20250414_140852;1;TUG1;0,1101;1,3880;0,8363;0,1668;0,9141;-0,2626;0,2600;;False
1943,17;10.14;pa012​;20250414_140852;1;TUG1;0,1158;1,3876;0,8280;0,1679;0,9123;-0,2649;0,2633;;False
1943,19;10.15;pa012​;20250414_140852;1;TUG1;0,1212;1,3869;0,8197;0,1705;0,9100;-0,2679;0,2665;;False
1943,20;10.17;pa012​;20250414_140852;1;TUG1;0,1260;1,3857;0,8113;0,1738;0,9073;-0,2720;0,2693;;False
1943,22;10.18;pa012​;20250414_140852;1;TUG1;0,1305;1,3844;0,8032;0,1779;0,9039;-0,2782;0,2717;;False
1943,23;10.19;pa012​;20250414_140852;1;TUG1;0,1346;1,3829;0,7950;0,1816;0,8999;-0,2863;0,2743;;False
1943,24;10.21;pa012​;20250414_140852;1;TUG1;0,1386;1,3814;0,7867;0,1840;0,8964;-0,2937;0,2764;;False
1943,26;10.22;pa012​;20250414_140852;1;TUG1;0,1424;1,3802;0,7782;0,1847;0,8933;-0,3000;0,2791;;False
1943,27;10.24;pa012​;20250414_140852;1;TUG1;0,1462;1,3790;0,7697;0,1849;0,8907;-0,3052;0,2815;;False
1943,29;10.25;pa012​;20250414_140852;1;TUG1;0,1498;1,3777;0,7612;0,1846;0,8884;-0,3098;0,2840;;False
1943,30;10.26;pa012​;20250414_140852;1;TUG1;0,1531;1,3765;0,7528;0,1853;0,8860;-0,3143;0,2862;;False
1943,31;10.28;pa012​;20250414_140852;1;TUG1;0,1565;1,3755;0,7444;0,1866;0,8836;-0,3184;0,2880;;False
1943,33;10.29;pa012​;20250414_140852;1;TUG1;0,1597;1,3744;0,7359;0,1875;0,8814;-0,3220;0,2902;;False
1943,34;10.31;pa012​;20250414_140852;1;TUG1;0,1630;1,3733;0,7274;0,1887;0,8796;-0,3243;0,2924;;False
1943,35;10.32;pa012​;20250414_140852;1;TUG1;0,1661;1,3721;0,7189;0,1898;0,8783;-0,3257;0,2941;;False
1943,37;10.33;pa012​;20250414_140852;1;TUG1;0,1692;1,3711;0,7105;0,1909;0,8770;-0,3274;0,2953;;False
1943,38;10.35;pa012​;20250414_140852;1;TUG1;0,1722;1,3698;0,7022;0,1920;0,8758;-0,3289;0,2965;;False
1943,40;10.36;pa012​;20250414_140852;1;TUG1;0,1751;1,3685;0,6940;0,1934;0,8741;-0,3308;0,2985;;False
1943,41;10.38;pa012​;20250414_140852;1;TUG1;0,1781;1,3671;0,6860;0,1947;0,8722;-0,3327;0,3012;;False
1943,42;10.39;pa012​;20250414_140852;1;TUG1;0,1812;1,3657;0,6780;0,1963;0,8698;-0,3345;0,3049;;False
1943,44;10.4;pa012​;20250414_140852;1;TUG1;0,1844;1,3645;0,6699;0,1972;0,8674;-0,3358;0,3097;;False
1943,45;10.42;pa012​;20250414_140852;1;TUG1;0,1876;1,3633;0,6619;0,1975;0,8652;-0,3364;0,3150;;False
1943,47;10.43;pa012​;20250414_140852;1;TUG1;0,1906;1,3620;0,6538;0,1976;0,8630;-0,3369;0,3204;;False
1943,48;10.45;pa012​;20250414_140852;1;TUG1;0,1935;1,3608;0,6457;0,1984;0,8605;-0,3373;0,3260;;False
1943,49;10.46;pa012​;20250414_140852;1;TUG1;0,1963;1,3595;0,6377;0,1995;0,8581;-0,3379;0,3313;;False
1943,51;10.47;pa012​;20250414_140852;1;TUG1;0,1989;1,3584;0,6296;0,2008;0,8555;-0,3386;0,3363;;False
1943,52;10.49;pa012​;20250414_140852;1;TUG1;0,2013;1,3572;0,6214;0,2022;0,8530;-0,3391;0,3415;;False
1943,54;10.5;pa012​;20250414_140852;1;TUG1;0,2037;1,3560;0,6132;0,2038;0,8507;-0,3388;0,3464;;False
1943,55;10.52;pa012​;20250414_140852;1;TUG1;0,2059;1,3550;0,6047;0,2061;0,8481;-0,3388;0,3514;;False
1943,56;10.53;pa012​;20250414_140852;1;TUG1;0,2081;1,3543;0,5960;0,2086;0,8455;-0,3389;0,3560;;False
1943,58;10.54;pa012​;20250414_140852;1;TUG1;0,2103;1,3540;0,5870;0,2116;0,8430;-0,3392;0,3598;;False
1943,59;10.56;pa012​;20250414_140852;1;TUG1;0,2125;1,3534;0,5780;0,2128;0,8422;-0,3372;0,3630;;False
1943,60;10.57;pa012​;20250414_140852;1;TUG1;0,2145;1,3528;0,5691;0,2129;0,8415;-0,3368;0,3649;;False
1943,62;10.58;pa012​;20250414_140852;1;TUG1;0,2168;1,3530;0,5598;0,2144;0,8396;-0,3389;0,3665;;False
1943,63;10.6;pa012​;20250414_140852;1;TUG1;0,2197;1,3539;0,5503;0,2179;0,8367;-0,3427;0,3675;;False
1943,65;10.61;pa012​;20250414_140852;1;TUG1;0,2226;1,3540;0,5412;0,2164;0,8368;-0,3421;0,3687;;False
1943,66;10.63;pa012​;20250414_140852;1;TUG1;0,2252;1,3540;0,5325;0,2129;0,8377;-0,3425;0,3684;;False
1943,67;10.64;pa012​;20250414_140852;1;TUG1;0,2278;1,3542;0,5242;0,2105;0,8381;-0,3447;0,3667;;False
1943,69;10.65;pa012​;20250414_140852;1;TUG1;0,2303;1,3543;0,5164;0,2114;0,8374;-0,3469;0,3657;;False
1943,70;10.67;pa012​;20250414_140852;1;TUG1;0,2331;1,3548;0,5092;0,2148;0,8356;-0,3496;0,3653;;False
1943,72;10.68;pa012​;20250414_140852;1;TUG1;0,2359;1,3554;0,5026;0,2185;0,8337;-0,3506;0,3664;;False
1943,73;10.69;pa012​;20250414_140852;1;TUG1;0,2390;1,3563;0,4963;0,2214;0,8324;-0,3505;0,3679;;False
1943,74;10.71;pa012​;20250414_140852;1;TUG1;0,2424;1,3573;0,4902;0,2233;0,8317;-0,3486;0,3700;;False
1943,76;10.72;pa012​;20250414_140852;1;TUG1;0,2459;1,3583;0,4845;0,2244;0,8315;-0,3452;0,3728;;False
1943,77;10.74;pa012​;20250414_140852;1;TUG1;0,2493;1,3592;0,4792;0,2258;0,8312;-0,3413;0,3763;;False
1943,79;10.75;pa012​;20250414_140852;1;TUG1;0,2524;1,3598;0,4743;0,2266;0,8304;-0,3373;0,3812;;False
1943,80;10.76;pa012​;20250414_140852;1;TUG1;0,2556;1,3602;0,4699;0,2276;0,8291;-0,3342;0,3862;;False
1943,81;10.78;pa012​;20250414_140852;1;TUG1;0,2586;1,3603;0,4660;0,2282;0,8276;-0,3314;0,3913;;False
1943,83;10.79;pa012​;20250414_140852;1;TUG1;0,2612;1,3601;0,4625;0,2283;0,8259;-0,3293;0,3967;;False
1943,84;10.81;pa012​;20250414_140852;1;TUG1;0,2637;1,3600;0,4592;0,2293;0,8239;-0,3275;0,4017;;False
1943,86;10.82;pa012​;20250414_140852;1;TUG1;0,2659;1,3599;0,4562;0,2309;0,8220;-0,3270;0,4050;;False
1943,87;10.83;pa012​;20250414_140852;1;TUG1;0,2678;1,3596;0,4536;0,2327;0,8209;-0,3256;0,4074;;False
1943,88;10.85;pa012​;20250414_140852;1;TUG1;0,2697;1,3595;0,4511;0,2349;0,8200;-0,3236;0,4095;;False
1943,90;10.86;pa012​;20250414_140852;1;TUG1;0,2717;1,3594;0,4492;0,2371;0,8193;-0,3212;0,4115;;False
1943,91;10.88;pa012​;20250414_140852;1;TUG1;0,2736;1,3594;0,4477;0,2379;0,8190;-0,3187;0,4137;;False
1943,92;10.89;pa012​;20250414_140852;1;TUG1;0,2756;1,3595;0,4467;0,2385;0,8188;-0,3153;0,4162;;False
1943,94;10.9;pa012​;20250414_140852;1;TUG1;0,2774;1,3594;0,4461;0,2389;0,8185;-0,3119;0,4192;;False
1943,95;10.92;pa012​;20250414_140852;1;TUG1;0,2790;1,3592;0,4462;0,2394;0,8181;-0,3086;0,4220;;False
1943,97;10.93;pa012​;20250414_140852;1;TUG1;0,2803;1,3590;0,4465;0,2395;0,8169;-0,3066;0,4258;;False
1943,98;10.95;pa012​;20250414_140852;1;TUG1;0,2813;1,3588;0,4476;0,2407;0,8152;-0,3048;0,4296;;False
1943,99;10.96;pa012​;20250414_140852;1;TUG1;0,2823;1,3587;0,4491;0,2419;0,8136;-0,3026;0,4335;;False
1944,01;10.97;pa012​;20250414_140852;1;TUG1;0,2828;1,3584;0,4510;0,2421;0,8120;-0,2998;0,4383;;False
1944,02;10.99;pa012​;20250414_140852;1;TUG1;0,2834;1,3583;0,4534;0,2427;0,8104;-0,2967;0,4431;;False
1944,04;11.0;pa012​;20250414_140852;1;TUG1;0,2838;1,3580;0,4561;0,2427;0,8087;-0,2931;0,4486;;False
1944,05;11.01;pa012​;20250414_140852;1;TUG1;0,2839;1,3579;0,4593;0,2427;0,8070;-0,2900;0,4537;;False
1944,06;11.03;pa012​;20250414_140852;1;TUG1;0,2838;1,3579;0,4628;0,2428;0,8053;-0,2867;0,4586;;False
1944,08;11.04;pa012​;20250414_140852;1;TUG1;0,2837;1,3580;0,4664;0,2444;0,8029;-0,2833;0,4640;;False
1944,09;11.06;pa012​;20250414_140852;1;TUG1;0,2838;1,3583;0,4702;0,2467;0,8000;-0,2798;0,4699;;False
1944,10;11.07;pa012​;20250414_140852;1;TUG1;0,2846;1,3593;0,4739;0,2511;0,7958;-0,2777;0,4760;;False
1944,12;11.08;pa012​;20250414_140852;1;TUG1;0,2855;1,3601;0,4774;0,2548;0,7919;-0,2714;0,4840;;False
1944,13;11.1;pa012​;20250414_140852;1;TUG1;0,2863;1,3608;0,4805;0,2587;0,7875;-0,2611;0,4948;;False
1944,15;11.11;pa012​;20250414_140852;1;TUG1;0,2868;1,3611;0,4837;0,2621;0,7820;-0,2538;0,5053;;False
1944,16;11.13;pa012​;20250414_140852;1;TUG1;0,2867;1,3613;0,4869;0,2638;0,7770;-0,2493;0,5144;;False
1944,18;11.14;pa012​;20250414_140852;1;TUG1;0,2861;1,3613;0,4897;0,2663;0,7713;-0,2477;0,5223;;False
1944,19;11.15;pa012​;20250414_140852;1;TUG1;0,2852;1,3611;0,4922;0,2685;0,7655;-0,2468;0,5300;;False
1944,20;11.17;pa012​;20250414_140852;1;TUG1;0,2843;1,3609;0,4944;0,2701;0,7600;-0,2469;0,5371;;False
1944,22;11.18;pa012​;20250414_140852;1;TUG1;0,2838;1,3608;0,4966;0,2701;0,7553;-0,2466;0,5439;;False
1944,23;11.19;pa012​;20250414_140852;1;TUG1;0,2833;1,3607;0,4986;0,2689;0,7505;-0,2448;0,5518;;False
1944,24;11.21;pa012​;20250414_140852;1;TUG1;0,2830;1,3607;0,5006;0,2676;0,7455;-0,2425;0,5601;;False
1944,26;11.22;pa012​;20250414_140852;1;TUG1;0,2827;1,3605;0,5025;0,2674;0,7399;-0,2396;0,5688;;False
1944,27;11.24;pa012​;20250414_140852;1;TUG1;0,2824;1,3600;0,5042;0,2676;0,7339;-0,2370;0,5776;;False
1944,29;11.25;pa012​;20250414_140852;1;TUG1;0,2821;1,3595;0,5058;0,2685;0,7277;-0,2345;0,5861;;False
1944,30;11.26;pa012​;20250414_140852;1;TUG1;0,2818;1,3591;0,5074;0,2696;0,7213;-0,2317;0,5944;;False
1944,31;11.28;pa012​;20250414_140852;1;TUG1;0,2815;1,3587;0,5087;0,2710;0,7143;-0,2286;0,6034;;False
1944,33;11.29;pa012​;20250414_140852;1;TUG1;0,2812;1,3582;0,5100;0,2725;0,7071;-0,2258;0,6122;;False
1944,34;11.31;pa012​;20250414_140852;1;TUG1;0,2808;1,3577;0,5109;0,2745;0,6993;-0,2230;0,6212;;False
1944,35;11.32;pa012​;20250414_140852;1;TUG1;0,2805;1,3572;0,5117;0,2767;0,6912;-0,2212;0,6299;;False
1944,37;11.33;pa012​;20250414_140852;1;TUG1;0,2801;1,3567;0,5123;0,2786;0,6829;-0,2194;0,6387;;False
1944,38;11.35;pa012​;20250414_140852;1;TUG1;0,2799;1,3564;0,5126;0,2802;0,6748;-0,2180;0,6470;;False
1944,40;11.36;pa012​;20250414_140852;1;TUG1;0,2797;1,3561;0,5127;0,2815;0,6667;-0,2160;0,6555;;False
1944,41;11.38;pa012​;20250414_140852;1;TUG1;0,2797;1,3559;0,5125;0,2819;0,6591;-0,2137;0,6637;;False
1944,42;11.39;pa012​;20250414_140852;1;TUG1;0,2797;1,3557;0,5121;0,2824;0,6513;-0,2109;0,6720;;False
1944,44;11.4;pa012​;20250414_140852;1;TUG1;0,2797;1,3554;0,5115;0,2828;0,6435;-0,2081;0,6802;;False
1944,45;11.42;pa012​;20250414_140852;1;TUG1;0,2800;1,3553;0,5105;0,2838;0,6350;-0,2062;0,6883;;False
1944,47;11.43;pa012​;20250414_140852;1;TUG1;0,2801;1,3550;0,5096;0,2836;0,6270;-0,2033;0,6965;;False
1944,48;11.45;pa012​;20250414_140852;1;TUG1;0,2806;1,3549;0,5085;0,2842;0,6181;-0,2018;0,7045;;False
1944,49;11.46;pa012​;20250414_140852;1;TUG1;0,2812;1,3548;0,5074;0,2845;0,6091;-0,2001;0,7127;;False
1944,51;11.47;pa012​;20250414_140852;1;TUG1;0,2823;1,3548;0,5060;0,2844;0,5994;-0,1985;0,7215;;False
1944,52;11.49;pa012​;20250414_140852;1;TUG1;0,2831;1,3543;0,5045;0,2823;0,5902;-0,1948;0,7308;;False
1944,54;11.5;pa012​;20250414_140852;1;TUG1;0,2838;1,3539;0,5030;0,2817;0,5810;-0,1932;0,7387;;False
1944,55;11.51;pa012​;20250414_140852;1;TUG1;0,2845;1,3535;0,5015;0,2826;0,5719;-0,1915;0,7459;;False
1944,56;11.53;pa012​;20250414_140852;1;TUG1;0,2853;1,3536;0,5000;0,2850;0,5628;-0,1898;0,7524;;False
1944,58;11.54;pa012​;20250414_140852;1;TUG1;0,2861;1,3537;0,4983;0,2866;0,5542;-0,1884;0,7585;;False
1944,59;11.56;pa012​;20250414_140852;1;TUG1;0,2871;1,3540;0,4967;0,2871;0,5462;-0,1870;0,7643;;False
1944,61;11.57;pa012​;20250414_140852;1;TUG1;0,2883;1,3544;0,4952;0,2855;0,5394;-0,1853;0,7702;;False
1944,62;11.58;pa012​;20250414_140852;1;TUG1;0,2895;1,3546;0,4939;0,2832;0,5333;-0,1830;0,7758;;False
1944,63;11.6;pa012​;20250414_140852;1;TUG1;0,2905;1,3547;0,4926;0,2815;0,5272;-0,1816;0,7809;;False
1944,65;11.61;pa012​;20250414_140852;1;TUG1;0,2913;1,3545;0,4914;0,2804;0,5219;-0,1804;0,7852;;False
1944,66;11.63;pa012​;20250414_140852;1;TUG1;0,2918;1,3541;0,4903;0,2796;0,5170;-0,1796;0,7888;;False
1944,67;11.64;pa012​;20250414_140852;1;TUG1;0,2922;1,3535;0,4894;0,2794;0,5128;-0,1793;0,7918;;False
1944,69;11.65;pa012​;20250414_140852;1;TUG1;0,2924;1,3529;0,4888;0,2794;0,5091;-0,1787;0,7942;;False
1944,70;11.67;pa012​;20250414_140852;1;TUG1;0,2924;1,3520;0,4883;0,2795;0,5054;-0,1771;0,7970;;False
1944,72;11.68;pa012​;20250414_140852;1;TUG1;0,2921;1,3511;0,4880;0,2807;0,5008;-0,1753;0,7998;;False
1944,73;11.7;pa012​;20250414_140852;1;TUG1;0,2916;1,3502;0,4879;0,2826;0,4956;-0,1744;0,8025;;False
1944,74;11.71;pa012​;20250414_140852;1;TUG1;0,2911;1,3492;0,4881;0,2834;0,4912;-0,1727;0,8054;;False
1944,76;11.72;pa012​;20250414_140852;1;TUG1;0,2903;1,3481;0,4884;0,2828;0,4873;-0,1701;0,8085;;False
1944,77;11.74;pa012​;20250414_140852;1;TUG1;0,2896;1,3470;0,4889;0,2824;0,4832;-0,1677;0,8116;;False
1944,79;11.75;pa012​;20250414_140852;1;TUG1;0,2888;1,3455;0,4896;0,2812;0,4794;-0,1646;0,8149;;False
1944,80;11.76;pa012​;20250414_140852;1;TUG1;0,2880;1,3439;0,4906;0,2801;0,4760;-0,1615;0,8179;;False
1944,81;11.78;pa012​;20250414_140852;1;TUG1;0,2872;1,3418;0,4918;0,2790;0,4725;-0,1585;0,8208;;False
1944,83;11.79;pa012​;20250414_140852;1;TUG1;0,2863;1,3393;0,4931;0,2786;0,4690;-0,1558;0,8235;;False
1944,84;11.81;pa012​;20250414_140852;1;TUG1;0,2851;1,3364;0,4946;0,2790;0,4658;-0,1539;0,8256;;False
1944,85;11.82;pa012​;20250414_140852;1;TUG1;0,2838;1,3332;0,4962;0,2797;0,4623;-0,1525;0,8275;;False
1944,87;11.83;pa012​;20250414_140852;1;TUG1;0,2820;1,3296;0,4979;0,2802;0,4595;-0,1506;0,8292;;False
1944,88;11.85;pa012​;20250414_140852;1;TUG1;0,2802;1,3260;0,4997;0,2819;0,4561;-0,1487;0,8309;;False
1944,90;11.86;pa012​;20250414_140852;1;TUG1;0,2785;1,3222;0,5018;0,2834;0,4528;-0,1469;0,8325;;False
1944,91;11.88;pa012​;20250414_140852;1;TUG1;0,2755;1,3173;0,5029;0,2803;0,4499;-0,1408;0,8362;;False
1944,92;11.89;pa012​;20250414_140852;1;TUG1;0,2729;1,3132;0,5045;0,2862;0,4449;-0,1400;0,8370;;False
1944,94;11.9;pa012​;20250414_140852;1;TUG1;0,2699;1,3078;0,5058;0,2861;0,4415;-0,1373;0,8392;;False
1944,95;11.92;pa012​;20250414_140852;1;TUG1;0,2674;1,3032;0,5070;0,2868;0,4374;-0,1348;0,8416;;False
1944,96;11.93;pa012​;20250414_140852;1;TUG1;0,2653;1,2986;0,5085;0,2884;0,4331;-0,1313;0,8438;;False
1944,98;11.95;pa012​;20250414_140852;1;TUG1;0,2633;1,2931;0,5101;0,2874;0,4280;-0,1265;0,8475;;False
1944,99;11.96;pa012​;20250414_140852;1;TUG1;0,2608;1,2867;0,5111;0,2854;0,4222;-0,1209;0,8519;;False
1945,01;11.97;pa012​;20250414_140852;1;TUG1;0,2581;1,2802;0,5119;0,2901;0,4143;-0,1199;0,8543;;False
1945,02;11.99;pa012​;20250414_140852;1;TUG1;0,2557;1,2732;0,5123;0,2954;0,4067;-0,1199;0,8561;;False
1945,03;12.0;pa012​;20250414_140852;1;TUG1;0,2534;1,2669;0,5124;0,2996;0,4005;-0,1200;0,8576;;False
1945,05;12.01;pa012​;20250414_140852;1;TUG1;0,2516;1,2607;0,5125;0,3024;0,3971;-0,1208;0,8581;;False
1945,06;12.03;pa012​;20250414_140852;1;TUG1;0,2498;1,2543;0,5127;0,3034;0,3939;-0,1207;0,8592;;False
1945,08;12.04;pa012​;20250414_140852;1;TUG1;0,2480;1,2477;0,5130;0,3030;0,3913;-0,1199;0,8606;;False
1945,09;12.06;pa012​;20250414_140852;1;TUG1;0,2460;1,2411;0,5134;0,3028;0,3887;-0,1185;0,8621;;False
1945,10;12.07;pa012​;20250414_140852;1;TUG1;0,2437;1,2346;0,5136;0,3038;0,3858;-0,1167;0,8633;;False
1945,12;12.08;pa012​;20250414_140852;1;TUG1;0,2413;1,2283;0,5137;0,3071;0,3828;-0,1153;0,8636;;False
1945,13;12.1;pa012​;20250414_140852;1;TUG1;0,2389;1,2224;0,5141;0,3100;0,3802;-0,1136;0,8640;;False
1945,15;12.11;pa012​;20250414_140852;1;TUG1;0,2370;1,2170;0,5147;0,3126;0,3780;-0,1134;0,8640;;False
1945,16;12.12;pa012​;20250414_140852;1;TUG1;0,2351;1,2122;0,5154;0,3150;0,3766;-0,1127;0,8639;;False
1945,17;12.14;pa012​;20250414_140852;1;TUG1;0,2334;1,2080;0,5164;0,3177;0,3751;-0,1112;0,8637;;False
1945,19;12.15;pa012​;20250414_140852;1;TUG1;0,2316;1,2041;0,5176;0,3206;0,3732;-0,1091;0,8637;;False
1945,20;12.17;pa012​;20250414_140852;1;TUG1;0,2295;1,2008;0,5189;0,3235;0,3711;-0,1074;0,8637;;False
1945,22;12.18;pa012​;20250414_140852;1;TUG1;0,2276;1,1978;0,5202;0,3258;0,3682;-0,1063;0,8643;;False
1945,23;12.19;pa012​;20250414_140852;1;TUG1;0,2259;1,1955;0,5213;0,3288;0,3655;-0,1054;0,8644;;False
1945,24;12.21;pa012​;20250414_140852;1;TUG1;0,2243;1,1937;0,5222;0,3326;0,3625;-0,1043;0,8643;;False
1945,26;12.22;pa012​;20250414_140852;1;TUG1;0,2230;1,1924;0,5229;0,3369;0,3587;-0,1037;0,8644;;False
1945,27;12.24;pa012​;20250414_140852;1;TUG1;0,2219;1,1915;0,5231;0,3411;0,3552;-0,1044;0,8641;;False
1945,29;12.25;pa012​;20250414_140852;1;TUG1;0,2215;1,1907;0,5233;0,3450;0,3519;-0,1056;0,8637;;False
1945,30;12.26;pa012​;20250414_140852;1;TUG1;0,2217;1,1901;0,5231;0,3479;0,3492;-0,1075;0,8634;;False
1945,31;12.28;pa012​;20250414_140852;1;TUG1;0,2224;1,1895;0,5227;0,3510;0,3477;-0,1111;0,8623;;False
1945,33;12.29;pa012​;20250414_140852;1;TUG1;0,2233;1,1889;0,5219;0,3543;0,3468;-0,1144;0,8609;;False
1945,34;12.3;pa012​;20250414_140852;1;TUG1;0,2245;1,1883;0,5207;0,3586;0,3477;-0,1190;0,8581;;False
1945,35;12.32;pa012​;20250414_140852;1;TUG1;0,2260;1,1876;0,5193;0,3639;0,3485;-0,1228;0,8550;;False
1945,37;12.33;pa012​;20250414_140852;1;TUG1;0,2277;1,1869;0,5180;0,3692;0,3503;-0,1262;0,8515;;False
1945,38;12.35;pa012​;20250414_140852;1;TUG1;0,2299;1,1861;0,5165;0,3748;0,3526;-0,1292;0,8476;;False
1945,40;12.36;pa012​;20250414_140852;1;TUG1;0,2323;1,1852;0,5146;0,3801;0,3553;-0,1323;0,8436;;False
1945,41;12.38;pa012​;20250414_140852;1;TUG1;0,2350;1,1839;0,5125;0,3872;0,3586;-0,1360;0,8385;;False
1945,42;12.39;pa012​;20250414_140852;1;TUG1;0,2378;1,1823;0,5099;0,3944;0,3622;-0,1404;0,8328;;False
1945,44;12.4;pa012​;20250414_140852;1;TUG1;0,2407;1,1803;0,5071;0,4031;0,3659;-0,1458;0,8261;;False
1945,45;12.42;pa012​;20250414_140852;1;TUG1;0,2438;1,1782;0,5042;0,4121;0,3696;-0,1512;0,8190;;False
1945,46;12.43;pa012​;20250414_140852;1;TUG1;0,2471;1,1765;0,5016;0,4199;0,3734;-0,1566;0,8122;;False
1945,48;12.45;pa012​;20250414_140852;1;TUG1;0,2508;1,1748;0,4995;0,4256;0,3774;-0,1612;0,8065;;False
1945,49;12.46;pa012​;20250414_140852;1;TUG1;0,2546;1,1730;0,4972;0,4309;0,3808;-0,1649;0,8013;;False
1945,51;12.47;pa012​;20250414_140852;1;TUG1;0,2582;1,1706;0,4944;0,4370;0,3848;-0,1692;0,7952;;False
1945,52;12.49;pa012​;20250414_140852;1;TUG1;0,2617;1,1681;0,4911;0,4443;0,3892;-0,1734;0,7881;;False
1945,53;12.5;pa012​;20250414_140852;1;TUG1;0,2651;1,1656;0,4877;0,4516;0,3933;-0,1780;0,7808;;False
1945,55;12.52;pa012​;20250414_140852;1;TUG1;0,2684;1,1639;0,4846;0,4591;0,3963;-0,1832;0,7737;;False
1945,56;12.53;pa012​;20250414_140852;1;TUG1;0,2722;1,1618;0,4819;0,4644;0,3994;-0,1877;0,7678;;False
1945,58;12.54;pa012​;20250414_140852;1;TUG1;0,2763;1,1598;0,4794;0,4680;0,4032;-0,1911;0,7628;;False
1945,59;12.55;pa012​;20250414_140852;1;TUG1;0,2803;1,1576;0,4766;0,4714;0,4074;-0,1942;0,7577;;False
1945,60;12.57;pa012​;20250414_140852;1;TUG1;0,2841;1,1551;0,4734;0,4758;0,4116;-0,1977;0,7518;;False
1945,62;12.58;pa012​;20250414_140852;1;TUG1;0,2876;1,1524;0,4700;0,4815;0,4157;-0,2009;0,7450;;False
1945,63;12.6;pa012​;20250414_140852;1;TUG1;0,2912;1,1494;0,4666;0,4875;0,4204;-0,2049;0,7373;;False
1945,65;12.61;pa012​;20250414_140852;1;TUG1;0,2944;1,1463;0,4629;0,4944;0,4245;-0,2085;0,7293;;False
1945,66;12.62;pa012​;20250414_140852;1;TUG1;0,2976;1,1432;0,4593;0,5014;0,4278;-0,2119;0,7215;;False
1945,67;12.64;pa012​;20250414_140852;1;TUG1;0,3007;1,1403;0,4561;0,5078;0,4312;-0,2154;0,7140;;False
1945,69;12.65;pa012​;20250414_140852;1;TUG1;0,3040;1,1374;0,4530;0,5127;0,4346;-0,2192;0,7072;;False
1945,70;12.67;pa012​;20250414_140852;1;TUG1;0,3073;1,1344;0,4501;0,5168;0,4387;-0,2224;0,7007;;False
1945,72;12.68;pa012​;20250414_140852;1;TUG1;0,3104;1,1315;0,4471;0,5210;0,4417;-0,2254;0,6947;;False
1945,73;12.69;pa012​;20250414_140852;1;TUG1;0,3132;1,1289;0,4443;0,5259;0,4438;-0,2279;0,6889;;False
1945,74;12.71;pa012​;20250414_140852;1;TUG1;0,3156;1,1271;0,4418;0,5290;0,4452;-0,2312;0,6844;;False
1945,76;12.72;pa012​;20250414_140852;1;TUG1;0,3184;1,1251;0,4395;0,5310;0,4467;-0,2348;0,6807;;False
1945,77;12.74;pa012​;20250414_140852;1;TUG1;0,3216;1,1230;0,4376;0,5325;0,4491;-0,2381;0,6768;;False
1945,79;12.75;pa012​;20250414_140852;1;TUG1;0,3242;1,1215;0,4351;0,5316;0,4524;-0,2399;0,6746;;False
1945,80;12.76;pa012​;20250414_140852;1;TUG1;0,3271;1,1198;0,4332;0,5329;0,4559;-0,2419;0,6706;;False
1945,81;12.78;pa012​;20250414_140852;1;TUG1;0,3294;1,1182;0,4313;0,5342;0,4592;-0,2436;0,6667;;False
1945,83;12.79;pa012​;20250414_140852;1;TUG1;0,3316;1,1164;0,4295;0,5360;0,4614;-0,2459;0,6628;;False
1945,84;12.81;pa012​;20250414_140852;1;TUG1;0,3335;1,1145;0,4281;0,5383;0,4630;-0,2483;0,6589;;False
1945,85;12.82;pa012​;20250414_140852;1;TUG1;0,3351;1,1127;0,4270;0,5403;0,4640;-0,2505;0,6558;;False
1945,87;12.83;pa012​;20250414_140852;1;TUG1;0,3365;1,1110;0,4262;0,5417;0,4644;-0,2535;0,6532;;False
1945,88;12.85;pa012​;20250414_140852;1;TUG1;0,3378;1,1095;0,4256;0,5430;0,4651;-0,2567;0,6504;;False
1945,90;12.86;pa012​;20250414_140852;1;TUG1;0,3392;1,1082;0,4251;0,5440;0,4660;-0,2594;0,6478;;False
1945,91;12.88;pa012​;20250414_140852;1;TUG1;0,3406;1,1069;0,4247;0,5443;0,4665;-0,2615;0,6463;;False
1945,92;12.89;pa012​;20250414_140852;1;TUG1;0,3419;1,1060;0,4248;0,5452;0,4674;-0,2620;0,6447;;False
1945,94;12.9;pa012​;20250414_140852;1;TUG1;0,3431;1,1048;0,4251;0,5456;0,4673;-0,2624;0,6443;;False
1945,95;12.92;pa012​;20250414_140852;1;TUG1;0,3443;1,1037;0,4256;0,5459;0,4673;-0,2633;0,6437;;False
1945,97;12.93;pa012​;20250414_140852;1;TUG1;0,3453;1,1028;0,4260;0,5461;0,4673;-0,2641;0,6431;;False
1945,98;12.94;pa012​;20250414_140852;1;TUG1;0,3463;1,1019;0,4264;0,5465;0,4674;-0,2646;0,6426;;False
1945,99;12.96;pa012​;20250414_140852;1;TUG1;0,3473;1,1011;0,4269;0,5468;0,4681;-0,2647;0,6418;;False
1946,01;12.97;pa012​;20250414_140852;1;TUG1;0,3482;1,1004;0,4275;0,5471;0,4687;-0,2651;0,6409;;False
1946,02;12.99;pa012​;20250414_140852;1;TUG1;0,3489;1,0996;0,4282;0,5466;0,4692;-0,2654;0,6408;;False
1946,04;13.0;pa012​;20250414_140852;1;TUG1;0,3498;1,0989;0,4293;0,5466;0,4693;-0,2666;0,6403;;False
1946,05;13.01;pa012​;20250414_140852;1;TUG1;0,3505;1,0980;0,4303;0,5448;0,4696;-0,2669;0,6414;;False
1946,06;13.03;pa012​;20250414_140852;1;TUG1;0,3514;1,0971;0,4314;0,5435;0,4694;-0,2674;0,6424;;False
1946,08;13.04;pa012​;20250414_140852;1;TUG1;0,3523;1,0961;0,4325;0,5421;0,4693;-0,2671;0,6439;;False
1946,09;13.06;pa012​;20250414_140852;1;TUG1;0,3531;1,0951;0,4338;0,5404;0,4693;-0,2664;0,6455;;False
1946,10;13.07;pa012​;20250414_140852;1;TUG1;0,3537;1,0943;0,4351;0,5389;0,4690;-0,2658;0,6473;;False
1946,12;13.08;pa012​;20250414_140852;1;TUG1;0,3545;1,0930;0,4366;0,5375;0,4685;-0,2655;0,6489;;False
1946,13;13.1;pa012​;20250414_140852;1;TUG1;0,3550;1,0918;0,4380;0,5339;0,4690;-0,2622;0,6529;;False
1946,15;13.11;pa012​;20250414_140852;1;TUG1;0,3562;1,0901;0,4397;0,5316;0,4687;-0,2613;0,6553;;False
1946,16;13.12;pa012​;20250414_140852;1;TUG1;0,3567;1,0886;0,4413;0,5274;0,4692;-0,2590;0,6592;;False
1946,17;13.14;pa012​;20250414_140852;1;TUG1;0,3575;1,0867;0,4432;0,5244;0,4689;-0,2574;0,6625;;False
