Timestamp;ElapsedTime;ID_Subject;ID_Session;sessionNumber;ID_Test;HeadPosition_X;HeadPosition_Y;HeadPosition_Z;HeadRotation_X;HeadRotation_Y;HeadRotation_Z;HeadRotation_W;Events;FalseStart
3452,97;0.0;pa034​;20250620_102900;1;FO1;-0,1582;1,5577;0,1959;0,2424;-0,1315;0,0644;0,9591;Collision avec Debut - Objet Parent SceneAnchor;False
3453,00;0.03;pa034​;20250620_102900;1;FO1;-0,1588;1,5571;0,1966;0,2444;-0,1289;0,0644;0,9589;Collision avec Debut - Objet Parent SceneAnchor;False
3453,02;0.05;pa034​;20250620_102900;1;FO1;-0,1592;1,5569;0,1974;0,2454;-0,1272;0,0647;0,9589;Collision avec Debut - Objet Parent SceneAnchor;False
3453,05;0.08;pa034​;20250620_102900;1;FO1;-0,1594;1,5567;0,1984;0,2458;-0,1258;0,0643;0,9590;Collision avec Debut - Objet Parent SceneAnchor;False
3453,08;0.11;pa034​;20250620_102900;1;FO1;-0,1595;1,5565;0,1998;0,2465;-0,1251;0,0636;0,9589;Collision avec Debut - Objet Parent SceneAnchor;False
3453,11;0.14;pa034​;20250620_102900;1;FO1;-0,1593;1,5564;0,2010;0,2469;-0,1250;0,0628;0,9589;Collision avec Debut - Objet Parent SceneAnchor;False
3453,14;0.17;pa034​;20250620_102900;1;FO1;-0,1588;1,5564;0,2021;0,2484;-0,1250;0,0613;0,9586;Collision avec Debut - Objet Parent SceneAnchor;False
3453,16;0.19;pa034​;20250620_102900;1;FO1;-0,1581;1,5564;0,2032;0,2488;-0,1242;0,0591;0,9587;Collision avec Debut - Objet Parent SceneAnchor;False
3453,19;0.22;pa034​;20250620_102900;1;FO1;-0,1574;1,5566;0,2042;0,2495;-0,1221;0,0569;0,9590;Collision avec Debut - Objet Parent SceneAnchor;False
3453,22;0.25;pa034​;20250620_102900;1;FO1;-0,1566;1,5569;0,2054;0,2493;-0,1196;0,0555;0,9594;Collision avec Debut - Objet Parent SceneAnchor;False
3453,25;0.28;pa034​;20250620_102900;1;FO1;-0,1555;1,5575;0,2061;0,2494;-0,1171;0,0551;0,9597;Collision avec Debut - Objet Parent SceneAnchor;False
3453,27;0.3;pa034​;20250620_102900;1;FO1;-0,1544;1,5582;0,2064;0,2495;-0,1147;0,0540;0,9601;Collision avec Debut - Objet Parent SceneAnchor;False
3453,30;0.33;pa034​;20250620_102900;1;FO1;-0,1529;1,5592;0,2065;0,2496;-0,1117;0,0518;0,9605;Collision avec Debut - Objet Parent SceneAnchor;False
3453,33;0.36;pa034​;20250620_102900;1;FO1;-0,1509;1,5604;0,2064;0,2477;-0,1073;0,0509;0,9615;Collision avec Debut - Objet Parent SceneAnchor;False
3453,36;0.39;pa034​;20250620_102900;1;FO1;-0,1479;1,5622;0,2060;0,2461;-0,0996;0,0523;0,9627;Collision avec Debut - Objet Parent SceneAnchor;False
3453,39;0.42;pa034​;20250620_102900;1;FO1;-0,1440;1,5645;0,2049;0,2431;-0,0905;0,0527;0,9643;Collision avec Debut - Objet Parent SceneAnchor;False
3453,41;0.44;pa034​;20250620_102900;1;FO1;-0,1392;1,5677;0,2033;0,2363;-0,0801;0,0507;0,9670;Collision avec Debut - Objet Parent SceneAnchor;False
3453,44;0.47;pa034​;20250620_102900;1;FO1;-0,1333;1,5716;0,2012;0,2267;-0,0647;0,0475;0,9707;Collision avec Debut - Objet Parent SceneAnchor;False
3453,47;0.5;pa034​;20250620_102900;1;FO1;-0,1262;1,5751;0,1977;0,2176;-0,0435;0,0461;0,9740;Collision avec Debut - Objet Parent SceneAnchor;False
3453,50;0.53;pa034​;20250620_102900;1;FO1;-0,1190;1,5786;0,1931;0,2092;-0,0246;0,0436;0,9766;Collision avec Debut - Objet Parent SceneAnchor;False
3453,52;0.55;pa034​;20250620_102900;1;FO1;-0,1121;1,5823;0,1883;0,1990;-0,0112;0,0393;0,9792;Collision avec Debut - Objet Parent SceneAnchor;False
3453,55;0.58;pa034​;20250620_102900;1;FO1;-0,1054;1,5860;0,1828;0,1872;0,0027;0,0357;0,9817;Collision avec Debut - Objet Parent SceneAnchor;False
3453,58;0.61;pa034​;20250620_102900;1;FO1;-0,0983;1,5894;0,1762;0,1776;0,0167;0,0339;0,9834;;False
3453,61;0.64;pa034​;20250620_102900;1;FO1;-0,0915;1,5931;0,1692;0,1656;0,0283;0,0299;0,9853;Collision avec Debut - Objet Parent SceneAnchor;False
3453,64;0.67;pa034​;20250620_102900;1;FO1;-0,0851;1,5963;0,1613;0,1543;0,0380;0,0250;0,9870;;False
3453,65;0.68;pa034​;20250620_102900;1;FO1;-0,0788;1,5995;0,1528;0,1447;0,0474;0,0198;0,9881;;False
3453,67;0.7;pa034​;20250620_102900;1;FO1;-0,0757;1,6014;0,1488;0,1387;0,0528;0,0168;0,9888;;False
3453,68;0.71;pa034​;20250620_102900;1;FO1;-0,0723;1,6032;0,1446;0,1317;0,0588;0,0138;0,9894;;False
3453,70;0.73;pa034​;20250620_102900;1;FO1;-0,0689;1,6050;0,1401;0,1242;0,0663;0,0116;0,9900;;False
3453,71;0.74;pa034​;20250620_102900;1;FO1;-0,0654;1,6067;0,1355;0,1162;0,0739;0,0098;0,9904;;False
3453,72;0.75;pa034​;20250620_102900;1;FO1;-0,0620;1,6085;0,1309;0,1079;0,0804;0,0095;0,9909;;False
3453,74;0.77;pa034​;20250620_102900;1;FO1;-0,0586;1,6102;0,1264;0,1006;0,0856;0,0089;0,9912;;False
3453,75;0.78;pa034​;20250620_102900;1;FO1;-0,0556;1,6117;0,1217;0,0929;0,0914;0,0083;0,9914;;False
3453,77;0.8;pa034​;20250620_102900;1;FO1;-0,0525;1,6134;0,1171;0,0866;0,0965;0,0069;0,9915;;False
3453,78;0.81;pa034​;20250620_102900;1;FO1;-0,0495;1,6149;0,1124;0,0799;0,1010;0,0052;0,9917;;False
3453,79;0.82;pa034​;20250620_102900;1;FO1;-0,0467;1,6166;0,1077;0,0729;0,1056;0,0032;0,9917;;False
3453,80;0.83;pa034​;20250620_102900;1;FO1;-0,0441;1,6183;0,1029;0,0662;0,1106;0,0013;0,9917;;False
3453,82;0.85;pa034​;20250620_102900;1;FO1;-0,0413;1,6198;0,0981;0,0601;0,1135;0,0010;0,9917;;False
3453,83;0.86;pa034​;20250620_102900;1;FO1;-0,0387;1,6212;0,0934;0,0550;0,1154;0,0006;0,9918;;False
3453,84;0.87;pa034​;20250620_102900;1;FO1;-0,0364;1,6226;0,0889;0,0501;0,1168;-0,0004;0,9919;;False
3453,85;0.89;pa034​;20250620_102900;1;FO1;-0,0342;1,6239;0,0846;0,0446;0,1166;-0,0008;0,9922;;False
3453,87;0.9;pa034​;20250620_102900;1;FO1;-0,0323;1,6253;0,0805;0,0395;0,1154;-0,0017;0,9925;;False
3453,88;0.91;pa034​;20250620_102900;1;FO1;-0,0304;1,6267;0,0766;0,0334;0,1127;-0,0031;0,9931;;False
3453,90;0.93;pa034​;20250620_102900;1;FO1;-0,0285;1,6284;0,0727;0,0272;0,1100;-0,0050;0,9935;;False
3453,91;0.94;pa034​;20250620_102900;1;FO1;-0,0268;1,6292;0,0689;0,0194;0,1091;-0,0073;0,9938;;False
3453,92;0.95;pa034​;20250620_102900;1;FO1;-0,0248;1,6301;0,0647;0,0165;0,1074;-0,0099;0,9940;;False
3453,94;0.97;pa034​;20250620_102900;1;FO1;-0,0229;1,6308;0,0608;0,0136;0,1059;-0,0100;0,9942;;False
3453,95;0.98;pa034​;20250620_102900;1;FO1;-0,0212;1,6310;0,0570;0,0115;0,1041;-0,0102;0,9944;;False
3453,96;0.99;pa034​;20250620_102900;1;FO1;-0,0194;1,6315;0,0535;0,0112;0,1012;-0,0107;0,9947;;False
3453,98;1.01;pa034​;20250620_102900;1;FO1;-0,0176;1,6318;0,0501;0,0107;0,0977;-0,0109;0,9951;;False
3453,99;1.02;pa034​;20250620_102900;1;FO1;-0,0162;1,6323;0,0468;0,0104;0,0944;-0,0112;0,9954;;False
3454,01;1.04;pa034​;20250620_102900;1;FO1;-0,0148;1,6326;0,0437;0,0096;0,0907;-0,0116;0,9958;;False
3454,02;1.05;pa034​;20250620_102900;1;FO1;-0,0133;1,6328;0,0405;0,0086;0,0868;-0,0121;0,9961;;False
3454,03;1.06;pa034​;20250620_102900;1;FO1;-0,0119;1,6328;0,0374;0,0077;0,0828;-0,0125;0,9965;;False
3454,05;1.08;pa034​;20250620_102900;1;FO1;-0,0104;1,6328;0,0343;0,0078;0,0794;-0,0131;0,9967;;False
3454,06;1.09;pa034​;20250620_102900;1;FO1;-0,0088;1,6327;0,0314;0,0083;0,0763;-0,0134;0,9970;;False
3454,08;1.11;pa034​;20250620_102900;1;FO1;-0,0071;1,6326;0,0286;0,0099;0,0734;-0,0137;0,9972;;False
3454,09;1.12;pa034​;20250620_102900;1;FO1;-0,0054;1,6324;0,0260;0,0123;0,0707;-0,0133;0,9973;;False
3454,10;1.13;pa034​;20250620_102900;1;FO1;-0,0038;1,6322;0,0237;0,0153;0,0680;-0,0131;0,9975;;False
3454,12;1.15;pa034​;20250620_102900;1;FO1;-0,0021;1,6319;0,0215;0,0175;0,0654;-0,0120;0,9976;;False
3454,13;1.16;pa034​;20250620_102900;1;FO1;-0,0005;1,6317;0,0196;0,0198;0,0629;-0,0108;0,9978;;False
3454,15;1.18;pa034​;20250620_102900;1;FO1;0,0011;1,6317;0,0182;0,0220;0,0601;-0,0111;0,9979;;False
3454,16;1.19;pa034​;20250620_102900;1;FO1;0,0026;1,6315;0,0169;0,0227;0,0583;-0,0119;0,9980;;False
3454,17;1.2;pa034​;20250620_102900;1;FO1;0,0045;1,6313;0,0157;0,0240;0,0567;-0,0129;0,9980;;False
3454,19;1.22;pa034​;20250620_102900;1;FO1;0,0062;1,6309;0,0145;0,0255;0,0565;-0,0134;0,9980;;False
3454,20;1.23;pa034​;20250620_102900;1;FO1;0,0080;1,6307;0,0136;0,0282;0,0561;-0,0136;0,9979;;False
3454,21;1.25;pa034​;20250620_102900;1;FO1;0,0097;1,6301;0,0128;0,0308;0,0564;-0,0143;0,9978;;False
3454,23;1.26;pa034​;20250620_102900;1;FO1;0,0114;1,6293;0,0122;0,0347;0,0571;-0,0144;0,9977;;False
3454,24;1.27;pa034​;20250620_102900;1;FO1;0,0127;1,6285;0,0117;0,0390;0,0580;-0,0144;0,9975;;False
3454,26;1.29;pa034​;20250620_102900;1;FO1;0,0138;1,6279;0,0117;0,0433;0,0590;-0,0142;0,9972;;False
3454,27;1.3;pa034​;20250620_102900;1;FO1;0,0150;1,6272;0,0121;0,0454;0,0584;-0,0140;0,9972;;False
3454,28;1.31;pa034​;20250620_102900;1;FO1;0,0153;1,6267;0,0124;0,0468;0,0600;-0,0144;0,9970;;False
3454,30;1.33;pa034​;20250620_102900;1;FO1;0,0159;1,6262;0,0126;0,0486;0,0603;-0,0148;0,9969;;False
3454,31;1.34;pa034​;20250620_102900;1;FO1;0,0165;1,6254;0,0126;0,0508;0,0612;-0,0148;0,9967;;False
3454,33;1.36;pa034​;20250620_102900;1;FO1;0,0168;1,6245;0,0125;0,0535;0,0625;-0,0146;0,9965;;False
3454,34;1.37;pa034​;20250620_102900;1;FO1;0,0171;1,6236;0,0125;0,0570;0,0641;-0,0146;0,9962;;False
3454,35;1.38;pa034​;20250620_102900;1;FO1;0,0173;1,6227;0,0124;0,0601;0,0655;-0,0144;0,9959;;False
3454,37;1.4;pa034​;20250620_102900;1;FO1;0,0172;1,6222;0,0125;0,0629;0,0670;-0,0134;0,9957;;False
3454,38;1.41;pa034​;20250620_102900;1;FO1;0,0172;1,6216;0,0127;0,0646;0,0678;-0,0122;0,9955;;False
3454,40;1.43;pa034​;20250620_102900;1;FO1;0,0171;1,6212;0,0128;0,0670;0,0694;-0,0116;0,9953;;False
3454,41;1.44;pa034​;20250620_102900;1;FO1;0,0171;1,6204;0,0130;0,0679;0,0721;-0,0120;0,9950;;False
3454,43;1.46;pa034​;20250620_102900;1;FO1;0,0174;1,6196;0,0131;0,0697;0,0751;-0,0125;0,9947;;False
3454,44;1.47;pa034​;20250620_102900;1;FO1;0,0177;1,6186;0,0129;0,0726;0,0787;-0,0132;0,9942;;False
3454,45;1.48;pa034​;20250620_102900;1;FO1;0,0177;1,6177;0,0127;0,0759;0,0829;-0,0134;0,9936;;False
3454,47;1.5;pa034​;20250620_102900;1;FO1;0,0178;1,6170;0,0126;0,0781;0,0868;-0,0140;0,9931;;False
3454,48;1.51;pa034​;20250620_102900;1;FO1;0,0181;1,6166;0,0129;0,0795;0,0902;-0,0141;0,9926;;False
3454,49;1.52;pa034​;20250620_102900;1;FO1;0,0180;1,6161;0,0133;0,0792;0,0941;-0,0144;0,9923;;False
3454,51;1.54;pa034​;20250620_102900;1;FO1;0,0179;1,6159;0,0139;0,0797;0,0976;-0,0152;0,9919;;False
3454,52;1.55;pa034​;20250620_102900;1;FO1;0,0179;1,6155;0,0146;0,0795;0,1010;-0,0161;0,9916;;False
3454,53;1.56;pa034​;20250620_102900;1;FO1;0,0175;1,6148;0,0154;0,0788;0,1048;-0,0166;0,9912;;False
3454,55;1.58;pa034​;20250620_102900;1;FO1;0,0172;1,6140;0,0164;0,0783;0,1082;-0,0170;0,9909;;False
3454,56;1.59;pa034​;20250620_102900;1;FO1;0,0169;1,6137;0,0176;0,0790;0,1122;-0,0183;0,9904;;False
3454,58;1.61;pa034​;20250620_102900;1;FO1;0,0166;1,6136;0,0192;0,0805;0,1163;-0,0200;0,9898;;False
3454,59;1.62;pa034​;20250620_102900;1;FO1;0,0161;1,6137;0,0209;0,0822;0,1200;-0,0201;0,9892;;False
3454,60;1.63;pa034​;20250620_102900;1;FO1;0,0156;1,6133;0,0226;0,0837;0,1225;-0,0196;0,9887;;False
3454,62;1.65;pa034​;20250620_102900;1;FO1;0,0151;1,6126;0,0241;0,0857;0,1240;-0,0198;0,9884;;False
3454,63;1.66;pa034​;20250620_102900;1;FO1;0,0144;1,6119;0,0256;0,0880;0,1250;-0,0194;0,9881;;False
3454,65;1.68;pa034​;20250620_102900;1;FO1;0,0135;1,6115;0,0271;0,0905;0,1262;-0,0193;0,9877;;False
3454,66;1.69;pa034​;20250620_102900;1;FO1;0,0129;1,6112;0,0286;0,0908;0,1264;-0,0193;0,9876;;False
3454,67;1.7;pa034​;20250620_102900;1;FO1;0,0122;1,6109;0,0300;0,0906;0,1272;-0,0190;0,9875;;False
3454,69;1.72;pa034​;20250620_102900;1;FO1;0,0116;1,6106;0,0315;0,0888;0,1279;-0,0181;0,9876;;False
3454,70;1.73;pa034​;20250620_102900;1;FO1;0,0110;1,6102;0,0328;0,0873;0,1289;-0,0177;0,9876;;False
3454,72;1.75;pa034​;20250620_102900;1;FO1;0,0104;1,6095;0,0341;0,0866;0,1293;-0,0170;0,9877;;False
3454,73;1.76;pa034​;20250620_102900;1;FO1;0,0097;1,6092;0,0355;0,0870;0,1298;-0,0167;0,9876;;False
3454,75;1.78;pa034​;20250620_102900;1;FO1;0,0092;1,6089;0,0370;0,0871;0,1293;-0,0171;0,9876;;False
3454,76;1.79;pa034​;20250620_102900;1;FO1;0,0087;1,6085;0,0381;0,0889;0,1289;-0,0175;0,9875;;False
3454,77;1.8;pa034​;20250620_102900;1;FO1;0,0083;1,6081;0,0393;0,0903;0,1284;-0,0184;0,9874;;False
3454,79;1.82;pa034​;20250620_102900;1;FO1;0,0079;1,6078;0,0404;0,0908;0,1289;-0,0196;0,9873;;False
3454,80;1.83;pa034​;20250620_102900;1;FO1;0,0078;1,6075;0,0414;0,0914;0,1301;-0,0208;0,9871;;False
3454,82;1.85;pa034​;20250620_102900;1;FO1;0,0077;1,6072;0,0421;0,0911;0,1316;-0,0216;0,9869;;False
3454,83;1.86;pa034​;20250620_102900;1;FO1;0,0075;1,6069;0,0426;0,0915;0,1332;-0,0218;0,9866;;False
3454,84;1.87;pa034​;20250620_102900;1;FO1;0,0075;1,6068;0,0433;0,0919;0,1348;-0,0217;0,9864;;False
3454,86;1.89;pa034​;20250620_102900;1;FO1;0,0075;1,6066;0,0437;0,0914;0,1361;-0,0215;0,9862;;False
3454,87;1.9;pa034​;20250620_102900;1;FO1;0,0074;1,6069;0,0444;0,0914;0,1373;-0,0214;0,9861;;False
3454,88;1.91;pa034​;20250620_102900;1;FO1;0,0074;1,6070;0,0449;0,0909;0,1382;-0,0215;0,9860;;False
3454,90;1.93;pa034​;20250620_102900;1;FO1;0,0074;1,6071;0,0454;0,0911;0,1391;-0,0226;0,9858;;False
3454,91;1.94;pa034​;20250620_102900;1;FO1;0,0074;1,6070;0,0459;0,0901;0,1401;-0,0237;0,9858;;False
3454,93;1.96;pa034​;20250620_102900;1;FO1;0,0074;1,6070;0,0464;0,0887;0,1407;-0,0240;0,9858;;False
3454,94;1.97;pa034​;20250620_102900;1;FO1;0,0075;1,6067;0,0468;0,0876;0,1413;-0,0240;0,9858;;False
3454,96;1.99;pa034​;20250620_102900;1;FO1;0,0077;1,6063;0,0473;0,0870;0,1419;-0,0234;0,9858;;False
3454,98;2.01;pa034​;20250620_102900;1;FO1;0,0080;1,6058;0,0475;0,0867;0,1425;-0,0223;0,9857;;False
3454,99;2.02;pa034​;20250620_102900;1;FO1;0,0084;1,6055;0,0479;0,0873;0,1432;-0,0205;0,9856;;False
3455,01;2.04;pa034​;20250620_102900;1;FO1;0,0095;1,6046;0,0486;0,0879;0,1441;-0,0177;0,9855;;False
3455,03;2.06;pa034​;20250620_102900;1;FO1;0,0101;1,6041;0,0488;0,0892;0,1441;-0,0158;0,9854;;False
3455,04;2.07;pa034​;20250620_102900;1;FO1;0,0108;1,6036;0,0486;0,0917;0,1438;-0,0148;0,9852;;False
3455,06;2.09;pa034​;20250620_102900;1;FO1;0,0115;1,6031;0,0482;0,0947;0,1432;-0,0145;0,9851;;False
3455,07;2.1;pa034​;20250620_102900;1;FO1;0,0122;1,6028;0,0477;0,0978;0,1427;-0,0145;0,9848;;False
3455,09;2.12;pa034​;20250620_102900;1;FO1;0,0139;1,6034;0,0471;0,1018;0,1416;-0,0148;0,9846;;False
3455,11;2.14;pa034​;20250620_102900;1;FO1;0,0150;1,6044;0,0466;0,1023;0,1407;-0,0152;0,9846;;False
3455,12;2.15;pa034​;20250620_102900;1;FO1;0,0159;1,6049;0,0458;0,1015;0,1400;-0,0154;0,9848;;False
3455,14;2.17;pa034​;20250620_102900;1;FO1;0,0168;1,6052;0,0449;0,1012;0,1401;-0,0163;0,9848;;False
3455,16;2.19;pa034​;20250620_102900;1;FO1;0,0179;1,6053;0,0440;0,1008;0,1396;-0,0174;0,9849;;False
3455,17;2.2;pa034​;20250620_102900;1;FO1;0,0189;1,6053;0,0430;0,1007;0,1397;-0,0185;0,9849;;False
3455,19;2.22;pa034​;20250620_102900;1;FO1;0,0209;1,6048;0,0412;0,1006;0,1399;-0,0203;0,9848;;False
3455,20;2.23;pa034​;20250620_102900;1;FO1;0,0219;1,6042;0,0405;0,1007;0,1405;-0,0205;0,9847;;False
3455,22;2.25;pa034​;20250620_102900;1;FO1;0,0228;1,6036;0,0398;0,1017;0,1410;-0,0198;0,9846;;False
3455,24;2.27;pa034​;20250620_102900;1;FO1;0,0236;1,6033;0,0392;0,1026;0,1419;-0,0197;0,9844;;False
3455,25;2.28;pa034​;20250620_102900;1;FO1;0,0244;1,6027;0,0385;0,1035;0,1421;-0,0199;0,9842;;False
3455,27;2.3;pa034​;20250620_102900;1;FO1;0,0251;1,6021;0,0379;0,1054;0,1420;-0,0201;0,9840;;False
3455,28;2.31;pa034​;20250620_102900;1;FO1;0,0258;1,6015;0,0373;0,1067;0,1420;-0,0204;0,9839;;False
3455,30;2.33;pa034​;20250620_102900;1;FO1;0,0271;1,6004;0,0360;0,1089;0,1421;-0,0205;0,9836;;False
3455,32;2.35;pa034​;20250620_102900;1;FO1;0,0276;1,6001;0,0353;0,1102;0,1423;-0,0209;0,9835;;False
3455,33;2.36;pa034​;20250620_102900;1;FO1;0,0282;1,5999;0,0347;0,1116;0,1425;-0,0208;0,9833;;False
3455,35;2.38;pa034​;20250620_102900;1;FO1;0,0285;1,5996;0,0341;0,1127;0,1425;-0,0203;0,9832;;False
3455,36;2.39;pa034​;20250620_102900;1;FO1;0,0289;1,5994;0,0336;0,1141;0,1420;-0,0195;0,9831;;False
3455,38;2.41;pa034​;20250620_102900;1;FO1;0,0292;1,5991;0,0333;0,1157;0,1410;-0,0182;0,9831;;False
3455,40;2.43;pa034​;20250620_102900;1;FO1;0,0298;1,5983;0,0329;0,1190;0,1392;-0,0152;0,9830;;False
3455,41;2.44;pa034​;20250620_102900;1;FO1;0,0299;1,5978;0,0328;0,1199;0,1384;-0,0134;0,9830;;False
3455,43;2.46;pa034​;20250620_102900;1;FO1;0,0302;1,5971;0,0326;0,1207;0,1378;-0,0128;0,9830;;False
3455,44;2.47;pa034​;20250620_102900;1;FO1;0,0303;1,5964;0,0323;0,1223;0,1369;-0,0115;0,9829;;False
3455,46;2.49;pa034​;20250620_102900;1;FO1;0,0303;1,5957;0,0322;0,1241;0,1353;-0,0099;0,9830;;False
3455,47;2.5;pa034​;20250620_102900;1;FO1;0,0301;1,5948;0,0322;0,1262;0,1332;-0,0081;0,9830;;False
3455,49;2.52;pa034​;20250620_102900;1;FO1;0,0299;1,5940;0,0323;0,1300;0,1304;-0,0065;0,9829;;False
3455,50;2.53;pa034​;20250620_102900;1;FO1;0,0295;1,5926;0,0322;0,1341;0,1268;-0,0054;0,9828;;False
3455,52;2.55;pa034​;20250620_102900;1;FO1;0,0291;1,5908;0,0322;0,1388;0,1221;-0,0036;0,9828;;False
3455,53;2.56;pa034​;20250620_102900;1;FO1;0,0285;1,5891;0,0323;0,1454;0,1171;-0,0019;0,9824;;False
3455,54;2.57;pa034​;20250620_102900;1;FO1;0,0279;1,5875;0,0325;0,1523;0,1110;-0,0005;0,9821;;False
3455,55;2.58;pa034​;20250620_102900;1;FO1;0,0271;1,5863;0,0329;0,1558;0,1046;0,0010;0,9822;;False
3455,57;2.6;pa034​;20250620_102900;1;FO1;0,0262;1,5855;0,0332;0,1592;0,0980;0,0012;0,9824;;False
3455,58;2.61;pa034​;20250620_102900;1;FO1;0,0253;1,5844;0,0331;0,1629;0,0904;0,0010;0,9825;;False
3455,59;2.62;pa034​;20250620_102900;1;FO1;0,0244;1,5833;0,0329;0,1650;0,0834;0,0018;0,9828;;False
3455,60;2.63;pa034​;20250620_102900;1;FO1;0,0235;1,5822;0,0328;0,1676;0,0757;0,0025;0,9829;;False
3455,62;2.65;pa034​;20250620_102900;1;FO1;0,0224;1,5810;0,0327;0,1719;0,0682;0,0036;0,9828;;False
3455,63;2.66;pa034​;20250620_102900;1;FO1;0,0212;1,5792;0,0324;0,1768;0,0598;0,0049;0,9824;;False
3455,64;2.68;pa034​;20250620_102900;1;FO1;0,0196;1,5764;0,0317;0,1859;0,0511;0,0058;0,9812;;False
3455,66;2.69;pa034​;20250620_102900;1;FO1;0,0178;1,5726;0,0311;0,1995;0,0416;0,0063;0,9790;;False
3455,67;2.7;pa034​;20250620_102900;1;FO1;0,0163;1,5680;0,0308;0,2177;0,0317;0,0057;0,9755;;False
3455,69;2.72;pa034​;20250620_102900;1;FO1;0,0150;1,5629;0,0309;0,2379;0,0227;0,0059;0,9710;;False
3455,70;2.73;pa034​;20250620_102900;1;FO1;0,0138;1,5577;0,0314;0,2576;0,0148;0,0071;0,9661;;False
3455,71;2.74;pa034​;20250620_102900;1;FO1;0,0129;1,5519;0,0321;0,2767;0,0070;0,0075;0,9609;;False
3455,73;2.76;pa034​;20250620_102900;1;FO1;0,0116;1,5458;0,0318;0,2974;-0,0001;0,0077;0,9547;;False
3455,74;2.77;pa034​;20250620_102900;1;FO1;0,0107;1,5412;0,0308;0,3221;-0,0074;0,0080;0,9466;;False
3455,76;2.79;pa034​;20250620_102900;1;FO1;0,0099;1,5374;0,0317;0,3363;-0,0130;0,0070;0,9416;;False
3455,77;2.8;pa034​;20250620_102900;1;FO1;0,0095;1,5357;0,0329;0,3444;-0,0167;0,0053;0,9386;;False
3455,78;2.81;pa034​;20250620_102900;1;FO1;0,0090;1,5334;0,0340;0,3490;-0,0186;0,0040;0,9369;;False
3455,80;2.83;pa034​;20250620_102900;1;FO1;0,0088;1,5314;0,0345;0,3548;-0,0200;0,0031;0,9347;;False
3455,81;2.84;pa034​;20250620_102900;1;FO1;0,0088;1,5303;0,0351;0,3574;-0,0193;0,0013;0,9338;;False
3455,83;2.86;pa034​;20250620_102900;1;FO1;0,0090;1,5297;0,0355;0,3603;-0,0180;0,0002;0,9326;;False
3455,84;2.87;pa034​;20250620_102900;1;FO1;0,0090;1,5296;0,0360;0,3604;-0,0160;0,0005;0,9327;;False
3455,85;2.88;pa034​;20250620_102900;1;FO1;0,0092;1,5299;0,0366;0,3593;-0,0141;0,0003;0,9331;;False
3455,87;2.9;pa034​;20250620_102900;1;FO1;0,0093;1,5303;0,0372;0,3570;-0,0119;-0,0001;0,9340;;False
3455,88;2.91;pa034​;20250620_102900;1;FO1;0,0092;1,5305;0,0373;0,3549;-0,0093;0,0005;0,9349;;False
3455,90;2.93;pa034​;20250620_102900;1;FO1;0,0090;1,5309;0,0373;0,3526;-0,0071;0,0011;0,9357;;False
3455,91;2.94;pa034​;20250620_102900;1;FO1;0,0089;1,5318;0,0373;0,3510;-0,0057;0,0021;0,9363;;False
3455,92;2.95;pa034​;20250620_102900;1;FO1;0,0086;1,5326;0,0375;0,3481;-0,0043;0,0026;0,9374;;False
3455,94;2.97;pa034​;20250620_102900;1;FO1;0,0084;1,5335;0,0378;0,3444;-0,0031;0,0033;0,9388;;False
3455,95;2.98;pa034​;20250620_102900;1;FO1;0,0081;1,5344;0,0376;0,3413;-0,0023;0,0040;0,9399;;False
3455,96;2.99;pa034​;20250620_102900;1;FO1;0,0077;1,5352;0,0372;0,3389;-0,0019;0,0053;0,9408;;False
3455,98;3.01;pa034​;20250620_102900;1;FO1;0,0074;1,5358;0,0369;0,3369;-0,0020;0,0058;0,9415;;False
3455,99;3.02;pa034​;20250620_102900;1;FO1;0,0070;1,5363;0,0368;0,3356;-0,0016;0,0060;0,9420;;False
3456,01;3.04;pa034​;20250620_102900;1;FO1;0,0067;1,5366;0,0367;0,3338;-0,0019;0,0055;0,9426;;False
3456,02;3.05;pa034​;20250620_102900;1;FO1;0,0063;1,5369;0,0365;0,3329;-0,0019;0,0049;0,9429;;False
3456,03;3.06;pa034​;20250620_102900;1;FO1;0,0061;1,5371;0,0363;0,3321;-0,0018;0,0041;0,9432;;False
3456,05;3.08;pa034​;20250620_102900;1;FO1;0,0057;1,5373;0,0358;0,3314;-0,0011;0,0031;0,9435;;False
3456,06;3.09;pa034​;20250620_102900;1;FO1;0,0055;1,5376;0,0353;0,3311;0,0004;0,0020;0,9436;;False
3456,08;3.11;pa034​;20250620_102900;1;FO1;0,0050;1,5379;0,0349;0,3297;0,0021;0,0023;0,9441;;False
3456,09;3.12;pa034​;20250620_102900;1;FO1;0,0047;1,5382;0,0342;0,3297;0,0026;0,0026;0,9441;;False
3456,10;3.13;pa034​;20250620_102900;1;FO1;0,0043;1,5386;0,0341;0,3292;0,0035;0,0033;0,9443;;False
3456,12;3.15;pa034​;20250620_102900;1;FO1;0,0037;1,5389;0,0339;0,3280;0,0041;0,0045;0,9446;;False
3456,13;3.16;pa034​;20250620_102900;1;FO1;0,0032;1,5393;0,0336;0,3273;0,0045;0,0057;0,9449;;False
3456,15;3.18;pa034​;20250620_102900;1;FO1;0,0027;1,5396;0,0334;0,3261;0,0048;0,0065;0,9453;;False
3456,16;3.19;pa034​;20250620_102900;1;FO1;0,0021;1,5400;0,0331;0,3247;0,0048;0,0071;0,9458;;False
3456,17;3.2;pa034​;20250620_102900;1;FO1;0,0015;1,5403;0,0328;0,3237;0,0050;0,0074;0,9461;;False
3456,19;3.22;pa034​;20250620_102900;1;FO1;0,0010;1,5410;0,0326;0,3229;0,0051;0,0079;0,9464;;False
3456,20;3.23;pa034​;20250620_102900;1;FO1;0,0004;1,5418;0,0325;0,3208;0,0050;0,0087;0,9471;;False
3456,22;3.25;pa034​;20250620_102900;1;FO1;-0,0003;1,5425;0,0323;0,3186;0,0043;0,0094;0,9478;;False
3456,23;3.26;pa034​;20250620_102900;1;FO1;-0,0011;1,5432;0,0321;0,3164;0,0041;0,0095;0,9486;;False
3456,24;3.27;pa034​;20250620_102900;1;FO1;-0,0019;1,5443;0,0320;0,3143;0,0041;0,0089;0,9493;;False
3456,26;3.29;pa034​;20250620_102900;1;FO1;-0,0027;1,5455;0,0320;0,3104;0,0037;0,0091;0,9506;;False
3456,27;3.3;pa034​;20250620_102900;1;FO1;-0,0035;1,5469;0,0320;0,3069;0,0030;0,0096;0,9517;;False
3456,28;3.31;pa034​;20250620_102900;1;FO1;-0,0043;1,5482;0,0321;0,3025;0,0023;0,0101;0,9531;;False
3456,30;3.33;pa034​;20250620_102900;1;FO1;-0,0053;1,5497;0,0322;0,2987;0,0021;0,0108;0,9543;;False
3456,31;3.34;pa034​;20250620_102900;1;FO1;-0,0060;1,5514;0,0326;0,2927;0,0006;0,0107;0,9561;;False
3456,33;3.36;pa034​;20250620_102900;1;FO1;-0,0071;1,5539;0,0334;0,2841;-0,0004;0,0113;0,9587;;False
3456,34;3.37;pa034​;20250620_102900;1;FO1;-0,0078;1,5569;0,0345;0,2717;-0,0013;0,0109;0,9623;;False
3456,35;3.38;pa034​;20250620_102900;1;FO1;-0,0087;1,5604;0,0353;0,2587;-0,0015;0,0120;0,9659;;False
3456,37;3.4;pa034​;20250620_102900;1;FO1;-0,0094;1,5641;0,0358;0,2439;-0,0024;0,0129;0,9697;;False
3456,38;3.41;pa034​;20250620_102900;1;FO1;-0,0101;1,5682;0,0365;0,2284;-0,0037;0,0134;0,9735;;False
3456,40;3.43;pa034​;20250620_102900;1;FO1;-0,0109;1,5727;0,0368;0,2110;-0,0058;0,0130;0,9774;;False
3456,41;3.44;pa034​;20250620_102900;1;FO1;-0,0119;1,5773;0,0371;0,1925;-0,0075;0,0120;0,9812;;False
3456,42;3.45;pa034​;20250620_102900;1;FO1;-0,0128;1,5822;0,0372;0,1732;-0,0099;0,0102;0,9848;;False
3456,44;3.47;pa034​;20250620_102900;1;FO1;-0,0137;1,5869;0,0368;0,1538;-0,0110;0,0084;0,9880;;False
3456,45;3.48;pa034​;20250620_102900;1;FO1;-0,0142;1,5915;0,0363;0,1339;-0,0121;0,0068;0,9909;;False
3456,46;3.5;pa034​;20250620_102900;1;FO1;-0,0148;1,5965;0,0358;0,1135;-0,0129;0,0052;0,9934;;False
3456,48;3.51;pa034​;20250620_102900;1;FO1;-0,0155;1,6020;0,0353;0,0921;-0,0153;0,0049;0,9956;;False
3456,49;3.52;pa034​;20250620_102900;1;FO1;-0,0164;1,6076;0,0345;0,0698;-0,0189;0,0050;0,9974;;False
3456,51;3.54;pa034​;20250620_102900;1;FO1;-0,0173;1,6135;0,0336;0,0453;-0,0221;0,0039;0,9987;;False
3456,52;3.55;pa034​;20250620_102900;1;FO1;-0,0180;1,6199;0,0322;0,0192;-0,0247;0,0020;0,9995;;False
3456,53;3.56;pa034​;20250620_102900;1;FO1;-0,0186;1,6255;0,0299;-0,0047;-0,0273;0,0015;0,9996;;False
3456,55;3.58;pa034​;20250620_102900;1;FO1;-0,0187;1,6303;0,0272;-0,0259;-0,0296;0,0017;0,9992;;False
3456,56;3.59;pa034​;20250620_102900;1;FO1;-0,0189;1,6339;0,0242;-0,0434;-0,0314;0,0017;0,9986;;False
3456,58;3.61;pa034​;20250620_102900;1;FO1;-0,0192;1,6369;0,0213;-0,0572;-0,0322;0,0012;0,9978;;False
3456,59;3.62;pa034​;20250620_102900;1;FO1;-0,0198;1,6402;0,0187;-0,0696;-0,0340;0,0014;0,9970;;False
3456,61;3.64;pa034​;20250620_102900;1;FO1;-0,0201;1,6433;0,0161;-0,0807;-0,0363;0,0003;0,9961;;False
3456,63;3.66;pa034​;20250620_102900;1;FO1;-0,0203;1,6458;0,0135;-0,0912;-0,0369;-0,0009;0,9951;;False
3456,64;3.67;pa034​;20250620_102900;1;FO1;-0,0203;1,6477;0,0111;-0,1000;-0,0381;-0,0015;0,9943;;False
3456,66;3.69;pa034​;20250620_102900;1;FO1;-0,0203;1,6499;0,0087;-0,1074;-0,0388;-0,0010;0,9935;;False
3456,67;3.7;pa034​;20250620_102900;1;FO1;-0,0209;1,6524;0,0062;-0,1166;-0,0373;-0,0015;0,9925;;False
3456,69;3.72;pa034​;20250620_102900;1;FO1;-0,0207;1,6545;0,0042;-0,1303;-0,0399;-0,0025;0,9907;;False
3456,70;3.73;pa034​;20250620_102900;1;FO1;-0,0210;1,6588;-0,0009;-0,1517;-0,0427;-0,0026;0,9875;;False
3456,72;3.75;pa034​;20250620_102900;1;FO1;-0,0208;1,6603;-0,0033;-0,1624;-0,0451;-0,0028;0,9857;;False
3456,73;3.76;pa034​;20250620_102900;1;FO1;-0,0207;1,6619;-0,0060;-0,1709;-0,0445;-0,0032;0,9843;;False
3456,75;3.78;pa034​;20250620_102900;1;FO1;-0,0200;1,6631;-0,0085;-0,1779;-0,0433;-0,0046;0,9831;;False
3456,76;3.79;pa034​;20250620_102900;1;FO1;-0,0194;1,6643;-0,0110;-0,1835;-0,0400;-0,0056;0,9822;;False
3456,78;3.81;pa034​;20250620_102900;1;FO1;-0,0187;1,6649;-0,0129;-0,1890;-0,0369;-0,0055;0,9813;;False
3456,79;3.82;pa034​;20250620_102900;1;FO1;-0,0183;1,6653;-0,0150;-0,1939;-0,0350;-0,0052;0,9804;;False
3456,81;3.84;pa034​;20250620_102900;1;FO1;-0,0180;1,6649;-0,0171;-0,1921;-0,0327;-0,0034;0,9808;;False
3456,82;3.85;pa034​;20250620_102900;1;FO1;-0,0179;1,6644;-0,0187;-0,1911;-0,0315;-0,0029;0,9811;;False
3456,84;3.87;pa034​;20250620_102900;1;FO1;-0,0177;1,6636;-0,0196;-0,1911;-0,0319;-0,0027;0,9810;;False
3456,85;3.88;pa034​;20250620_102900;1;FO1;-0,0177;1,6619;-0,0205;-0,1861;-0,0325;-0,0014;0,9820;;False
3456,87;3.9;pa034​;20250620_102900;1;FO1;-0,0176;1,6586;-0,0214;-0,1753;-0,0335;-0,0001;0,9839;;False
3456,88;3.91;pa034​;20250620_102900;1;FO1;-0,0178;1,6569;-0,0205;-0,1655;-0,0347;-0,0003;0,9856;;False
3456,90;3.93;pa034​;20250620_102900;1;FO1;-0,0180;1,6552;-0,0194;-0,1596;-0,0359;0,0002;0,9865;;False
3456,92;3.95;pa034​;20250620_102900;1;FO1;-0,0180;1,6534;-0,0182;-0,1482;-0,0374;0,0011;0,9882;;False
3456,93;3.96;pa034​;20250620_102900;1;FO1;-0,0181;1,6506;-0,0166;-0,1368;-0,0384;0,0019;0,9898;;False
3456,95;3.98;pa034​;20250620_102900;1;FO1;-0,0181;1,6475;-0,0152;-0,1231;-0,0393;0,0021;0,9916;;False
3456,96;3.99;pa034​;20250620_102900;1;FO1;-0,0182;1,6444;-0,0135;-0,1064;-0,0400;0,0023;0,9935;;False
3456,97;4.0;pa034​;20250620_102900;1;FO1;-0,0183;1,6418;-0,0116;-0,0908;-0,0403;0,0020;0,9950;;False
3456,99;4.02;pa034​;20250620_102900;1;FO1;-0,0181;1,6396;-0,0095;-0,0783;-0,0402;0,0017;0,9961;;False
3457,00;4.03;pa034​;20250620_102900;1;FO1;-0,0181;1,6373;-0,0075;-0,0676;-0,0388;0,0013;0,9970;;False
3457,02;4.05;pa034​;20250620_102900;1;FO1;-0,0180;1,6350;-0,0056;-0,0571;-0,0375;-0,0004;0,9977;;False
3457,03;4.07;pa034​;20250620_102900;1;FO1;-0,0178;1,6299;-0,0020;-0,0346;-0,0357;-0,0014;0,9988;;False
3457,05;4.08;pa034​;20250620_102900;1;FO1;-0,0179;1,6273;-0,0005;-0,0234;-0,0351;-0,0004;0,9991;;False
3457,07;4.1;pa034​;20250620_102900;1;FO1;-0,0181;1,6251;0,0010;-0,0119;-0,0357;0,0004;0,9993;;False
3457,08;4.11;pa034​;20250620_102900;1;FO1;-0,0183;1,6224;0,0026;-0,0001;-0,0365;0,0008;0,9993;;False
3457,10;4.13;pa034​;20250620_102900;1;FO1;-0,0186;1,6194;0,0044;0,0127;-0,0370;0,0013;0,9992;;False
3457,11;4.14;pa034​;20250620_102900;1;FO1;-0,0188;1,6161;0,0062;0,0270;-0,0362;-0,0001;0,9990;;False
3457,12;4.16;pa034​;20250620_102900;1;FO1;-0,0190;1,6127;0,0082;0,0422;-0,0350;-0,0009;0,9985;;False
3457,14;4.17;pa034​;20250620_102900;1;FO1;-0,0191;1,6089;0,0103;0,0580;-0,0342;0,0002;0,9977;;False
3457,15;4.18;pa034​;20250620_102900;1;FO1;-0,0193;1,6051;0,0118;0,0762;-0,0338;0,0020;0,9965;;False
3457,17;4.2;pa034​;20250620_102900;1;FO1;-0,0195;1,6023;0,0136;0,0938;-0,0333;0,0036;0,9950;;False
3457,18;4.22;pa034​;20250620_102900;1;FO1;-0,0196;1,5999;0,0157;0,1048;-0,0324;0,0043;0,9940;;False
3457,20;4.23;pa034​;20250620_102900;1;FO1;-0,0198;1,5973;0,0177;0,1142;-0,0303;0,0060;0,9930;;False
3457,21;4.24;pa034​;20250620_102900;1;FO1;-0,0197;1,5947;0,0196;0,1247;-0,0288;0,0073;0,9917;;False
3457,22;4.25;pa034​;20250620_102900;1;FO1;-0,0197;1,5917;0,0213;0,1355;-0,0266;0,0095;0,9904;;False
3457,23;4.26;pa034​;20250620_102900;1;FO1;-0,0195;1,5884;0,0230;0,1485;-0,0246;0,0108;0,9885;;False
3457,25;4.28;pa034​;20250620_102900;1;FO1;-0,0193;1,5848;0,0248;0,1632;-0,0222;0,0121;0,9863;;False
3457,26;4.29;pa034​;20250620_102900;1;FO1;-0,0194;1,5818;0,0271;0,1761;-0,0192;0,0129;0,9841;;False
3457,27;4.3;pa034​;20250620_102900;1;FO1;-0,0192;1,5792;0,0298;0,1875;-0,0173;0,0126;0,9820;;False
3457,28;4.31;pa034​;20250620_102900;1;FO1;-0,0191;1,5770;0,0320;0,1996;-0,0142;0,0119;0,9797;;False
3457,30;4.33;pa034​;20250620_102900;1;FO1;-0,0189;1,5749;0,0342;0,2082;-0,0123;0,0119;0,9779;;False
3457,31;4.34;pa034​;20250620_102900;1;FO1;-0,0188;1,5727;0,0360;0,2173;-0,0102;0,0118;0,9760;;False
3457,33;4.36;pa034​;20250620_102900;1;FO1;-0,0185;1,5704;0,0382;0,2250;-0,0092;0,0120;0,9743;;False
3457,34;4.37;pa034​;20250620_102900;1;FO1;-0,0185;1,5680;0,0401;0,2334;-0,0079;0,0120;0,9723;;False
3457,35;4.39;pa034​;20250620_102900;1;FO1;-0,0184;1,5655;0,0424;0,2420;-0,0070;0,0114;0,9702;;False
3457,37;4.4;pa034​;20250620_102900;1;FO1;-0,0184;1,5628;0,0447;0,2508;-0,0057;0,0112;0,9680;;False
3457,38;4.41;pa034​;20250620_102900;1;FO1;-0,0182;1,5600;0,0470;0,2607;-0,0043;0,0107;0,9654;;False
3457,40;4.43;pa034​;20250620_102900;1;FO1;-0,0179;1,5573;0,0492;0,2715;-0,0028;0,0097;0,9624;;False
3457,41;4.44;pa034​;20250620_102900;1;FO1;-0,0176;1,5543;0,0514;0,2823;-0,0002;0,0095;0,9593;;False
3457,42;4.45;pa034​;20250620_102900;1;FO1;-0,0171;1,5514;0,0537;0,2916;0,0030;0,0098;0,9565;;False
3457,44;4.47;pa034​;20250620_102900;1;FO1;-0,0164;1,5487;0,0562;0,3009;0,0056;0,0104;0,9536;;False
3457,45;4.48;pa034​;20250620_102900;1;FO1;-0,0159;1,5458;0,0584;0,3091;0,0088;0,0106;0,9509;;False
3457,47;4.5;pa034​;20250620_102900;1;FO1;-0,0154;1,5431;0,0604;0,3188;0,0118;0,0101;0,9477;;False
3457,48;4.51;pa034​;20250620_102900;1;FO1;-0,0148;1,5404;0,0627;0,3272;0,0148;0,0098;0,9448;;False
3457,50;4.53;pa034​;20250620_102900;1;FO1;-0,0142;1,5378;0,0651;0,3359;0,0176;0,0096;0,9417;;False
3457,51;4.54;pa034​;20250620_102900;1;FO1;-0,0136;1,5354;0,0680;0,3429;0,0204;0,0093;0,9391;;False
3457,52;4.55;pa034​;20250620_102900;1;FO1;-0,0130;1,5328;0,0706;0,3479;0,0228;0,0093;0,9372;;False
3457,54;4.57;pa034​;20250620_102900;1;FO1;-0,0123;1,5310;0,0724;0,3573;0,0247;0,0076;0,9336;;False
3457,55;4.58;pa034​;20250620_102900;1;FO1;-0,0116;1,5288;0,0745;0,3634;0,0267;0,0065;0,9312;;False
3457,57;4.6;pa034​;20250620_102900;1;FO1;-0,0110;1,5272;0,0771;0,3685;0,0285;0,0058;0,9292;;False
3457,58;4.61;pa034​;20250620_102900;1;FO1;-0,0104;1,5254;0,0798;0,3721;0,0307;0,0046;0,9277;;False
3457,59;4.62;pa034​;20250620_102900;1;FO1;-0,0097;1,5234;0,0822;0,3758;0,0319;0,0039;0,9261;;False
3457,61;4.64;pa034​;20250620_102900;1;FO1;-0,0092;1,5211;0,0846;0,3805;0,0341;0,0033;0,9242;;False
3457,62;4.65;pa034​;20250620_102900;1;FO1;-0,0085;1,5183;0,0870;0,3859;0,0355;0,0027;0,9218;;False
3457,64;4.67;pa034​;20250620_102900;1;FO1;-0,0077;1,5156;0,0890;0,3928;0,0368;0,0016;0,9189;;False
3457,65;4.68;pa034​;20250620_102900;1;FO1;-0,0070;1,5131;0,0905;0,4015;0,0377;0,0009;0,9151;;False
3457,67;4.7;pa034​;20250620_102900;1;FO1;-0,0065;1,5108;0,0920;0,4118;0,0388;0,0001;0,9104;;False
3457,68;4.71;pa034​;20250620_102900;1;FO1;-0,0058;1,5086;0,0944;0,4185;0,0396;-0,0009;0,9074;;False
3457,69;4.72;pa034​;20250620_102900;1;FO1;-0,0052;1,5064;0,0970;0,4238;0,0401;-0,0014;0,9049;;False
3457,71;4.74;pa034​;20250620_102900;1;FO1;-0,0046;1,5040;0,0994;0,4287;0,0404;-0,0024;0,9025;;False
3457,72;4.75;pa034​;20250620_102900;1;FO1;-0,0040;1,5016;0,1019;0,4337;0,0405;-0,0033;0,9001;;False
3457,74;4.77;pa034​;20250620_102900;1;FO1;-0,0034;1,4994;0,1038;0,4385;0,0403;-0,0039;0,8978;;False
3457,75;4.78;pa034​;20250620_102900;1;FO1;-0,0026;1,4975;0,1056;0,4455;0,0403;-0,0052;0,8944;;False
3457,76;4.79;pa034​;20250620_102900;1;FO1;-0,0018;1,4956;0,1075;0,4501;0,0402;-0,0064;0,8921;;False
3457,78;4.81;pa034​;20250620_102900;1;FO1;-0,0014;1,4940;0,1097;0,4542;0,0407;-0,0070;0,8899;;False
3457,79;4.82;pa034​;20250620_102900;1;FO1;-0,0005;1,4922;0,1119;0,4583;0,0404;-0,0082;0,8878;;False
3457,81;4.84;pa034​;20250620_102900;1;FO1;0,0001;1,4906;0,1140;0,4614;0,0405;-0,0090;0,8862;;False
3457,82;4.85;pa034​;20250620_102900;1;FO1;0,0008;1,4891;0,1163;0,4639;0,0404;-0,0098;0,8849;;False
3457,84;4.87;pa034​;20250620_102900;1;FO1;0,0016;1,4877;0,1182;0,4663;0,0408;-0,0112;0,8836;;False
3457,85;4.88;pa034​;20250620_102900;1;FO1;0,0024;1,4864;0,1201;0,4687;0,0412;-0,0123;0,8823;;False
3457,86;4.9;pa034​;20250620_102900;1;FO1;0,0032;1,4853;0,1218;0,4713;0,0415;-0,0130;0,8809;;False
3457,88;4.91;pa034​;20250620_102900;1;FO1;0,0041;1,4843;0,1234;0,4735;0,0421;-0,0140;0,8797;;False
3457,89;4.92;pa034​;20250620_102900;1;FO1;0,0049;1,4833;0,1251;0,4754;0,0424;-0,0144;0,8787;;False
3457,91;4.94;pa034​;20250620_102900;1;FO1;0,0057;1,4822;0,1267;0,4770;0,0429;-0,0150;0,8778;;False
3457,92;4.95;pa034​;20250620_102900;1;FO1;0,0065;1,4812;0,1282;0,4783;0,0433;-0,0155;0,8770;;False
3457,93;4.96;pa034​;20250620_102900;1;FO1;0,0073;1,4804;0,1295;0,4795;0,0438;-0,0159;0,8763;;False
3457,95;4.98;pa034​;20250620_102900;1;FO1;0,0081;1,4797;0,1308;0,4809;0,0441;-0,0165;0,8755;;False
3457,96;4.99;pa034​;20250620_102900;1;FO1;0,0089;1,4792;0,1320;0,4817;0,0445;-0,0169;0,8750;;False
3457,98;5.01;pa034​;20250620_102900;1;FO1;0,0104;1,4784;0,1341;0,4834;0,0454;-0,0177;0,8740;;False
3457,99;5.02;pa034​;20250620_102900;1;FO1;0,0112;1,4782;0,1347;0,4833;0,0457;-0,0182;0,8741;;False
3458,01;5.04;pa034​;20250620_102900;1;FO1;0,0120;1,4783;0,1354;0,4827;0,0460;-0,0184;0,8744;;False
3458,02;5.05;pa034​;20250620_102900;1;FO1;0,0127;1,4785;0,1364;0,4815;0,0461;-0,0182;0,8751;;False
3458,04;5.07;pa034​;20250620_102900;1;FO1;0,0133;1,4789;0,1373;0,4796;0,0466;-0,0184;0,8761;;False
3458,05;5.08;pa034​;20250620_102900;1;FO1;0,0139;1,4797;0,1381;0,4771;0,0471;-0,0187;0,8774;;False
3458,07;5.1;pa034​;20250620_102900;1;FO1;0,0143;1,4810;0,1386;0,4736;0,0476;-0,0185;0,8792;;False
3458,08;5.11;pa034​;20250620_102900;1;FO1;0,0148;1,4826;0,1393;0,4693;0,0475;-0,0180;0,8816;;False
3458,10;5.13;pa034​;20250620_102900;1;FO1;0,0152;1,4849;0,1401;0,4606;0,0472;-0,0173;0,8862;;False
3458,12;5.15;pa034​;20250620_102900;1;FO1;0,0156;1,4873;0,1404;0,4534;0,0474;-0,0171;0,8899;;False
3458,13;5.16;pa034​;20250620_102900;1;FO1;0,0159;1,4899;0,1403;0,4460;0,0476;-0,0170;0,8936;;False
3458,14;5.17;pa034​;20250620_102900;1;FO1;0,0161;1,4926;0,1402;0,4384;0,0474;-0,0165;0,8974;;False
3458,15;5.18;pa034​;20250620_102900;1;FO1;0,0162;1,4956;0,1400;0,4298;0,0472;-0,0163;0,9016;;False
3458,17;5.2;pa034​;20250620_102900;1;FO1;0,0165;1,4991;0,1401;0,4198;0,0467;-0,0162;0,9062;;False
3458,18;5.21;pa034​;20250620_102900;1;FO1;0,0163;1,5031;0,1400;0,4076;0,0463;-0,0152;0,9118;;False
3458,19;5.22;pa034​;20250620_102900;1;FO1;0,0163;1,5076;0,1399;0,3957;0,0444;-0,0147;0,9172;;False
3458,21;5.24;pa034​;20250620_102900;1;FO1;0,0160;1,5121;0,1394;0,3803;0,0421;-0,0141;0,9238;;False
3458,22;5.25;pa034​;20250620_102900;1;FO1;0,0159;1,5174;0,1388;0,3644;0,0396;-0,0143;0,9303;;False
3458,23;5.26;pa034​;20250620_102900;1;FO1;0,0157;1,5229;0,1383;0,3488;0,0369;-0,0142;0,9364;;False
3458,25;5.28;pa034​;20250620_102900;1;FO1;0,0156;1,5285;0,1374;0,3313;0,0347;-0,0143;0,9428;;False
3458,26;5.29;pa034​;20250620_102900;1;FO1;0,0152;1,5341;0,1357;0,3132;0,0340;-0,0143;0,9490;;False
3458,27;5.3;pa034​;20250620_102900;1;FO1;0,0151;1,5394;0,1339;0,2961;0,0322;-0,0143;0,9545;;False
3458,29;5.32;pa034​;20250620_102900;1;FO1;0,0148;1,5448;0,1319;0,2791;0,0312;-0,0137;0,9596;;False
3458,30;5.33;pa034​;20250620_102900;1;FO1;0,0145;1,5509;0,1297;0,2622;0,0301;-0,0120;0,9645;;False
3458,31;5.34;pa034​;20250620_102900;1;FO1;0,0142;1,5561;0,1274;0,2452;0,0285;-0,0107;0,9690;;False
3458,33;5.36;pa034​;20250620_102900;1;FO1;0,0138;1,5609;0,1243;0,2301;0,0280;-0,0103;0,9727;;False
3458,34;5.37;pa034​;20250620_102900;1;FO1;0,0137;1,5651;0,1210;0,2160;0,0260;-0,0100;0,9760;;False
3458,35;5.38;pa034​;20250620_102900;1;FO1;0,0132;1,5694;0,1178;0,2031;0,0251;-0,0088;0,9788;;False
3458,37;5.4;pa034​;20250620_102900;1;FO1;0,0131;1,5738;0,1149;0,1891;0,0232;-0,0086;0,9816;;False
3458,38;5.41;pa034​;20250620_102900;1;FO1;0,0126;1,5782;0,1117;0,1759;0,0219;-0,0092;0,9841;;False
3458,39;5.43;pa034​;20250620_102900;1;FO1;0,0122;1,5819;0,1082;0,1633;0,0197;-0,0089;0,9863;;False
3458,41;5.44;pa034​;20250620_102900;1;FO1;0,0121;1,5858;0,1051;0,1518;0,0164;-0,0078;0,9882;;False
3458,42;5.45;pa034​;20250620_102900;1;FO1;0,0116;1,5896;0,1020;0,1376;0,0138;-0,0077;0,9904;;False
3458,44;5.47;pa034​;20250620_102900;1;FO1;0,0108;1,5939;0,0990;0,1237;0,0114;-0,0092;0,9922;;False
3458,45;5.48;pa034​;20250620_102900;1;FO1;0,0105;1,5987;0,0964;0,1056;0,0083;-0,0103;0,9943;;False
3458,47;5.5;pa034​;20250620_102900;1;FO1;0,0103;1,6039;0,0934;0,0844;0,0052;-0,0093;0,9964;;False
3458,48;5.51;pa034​;20250620_102900;1;FO1;0,0100;1,6078;0,0896;0,0673;0,0020;-0,0085;0,9977;;False
3458,50;5.53;pa034​;20250620_102900;1;FO1;0,0092;1,6116;0,0856;0,0524;-0,0021;-0,0076;0,9986;;False
3458,51;5.54;pa034​;20250620_102900;1;FO1;0,0086;1,6158;0,0821;0,0378;-0,0063;-0,0084;0,9992;;False
3458,53;5.56;pa034​;20250620_102900;1;FO1;0,0080;1,6195;0,0783;0,0219;-0,0098;-0,0100;0,9997;;False
3458,54;5.57;pa034​;20250620_102900;1;FO1;0,0076;1,6229;0,0744;0,0086;-0,0133;-0,0100;0,9998;;False
3458,56;5.59;pa034​;20250620_102900;1;FO1;0,0072;1,6263;0,0705;-0,0054;-0,0159;-0,0103;0,9998;;False
3458,57;5.6;pa034​;20250620_102900;1;FO1;0,0068;1,6295;0,0666;-0,0191;-0,0181;-0,0112;0,9996;;False
3458,59;5.62;pa034​;20250620_102900;1;FO1;0,0066;1,6326;0,0627;-0,0327;-0,0207;-0,0118;0,9992;;False
3458,60;5.63;pa034​;20250620_102900;1;FO1;0,0059;1,6383;0,0549;-0,0595;-0,0253;-0,0121;0,9978;;False
3458,62;5.65;pa034​;20250620_102900;1;FO1;0,0056;1,6407;0,0512;-0,0703;-0,0266;-0,0110;0,9971;;False
3458,64;5.67;pa034​;20250620_102900;1;FO1;0,0055;1,6427;0,0476;-0,0805;-0,0276;-0,0107;0,9963;;False
3458,65;5.68;pa034​;20250620_102900;1;FO1;0,0055;1,6445;0,0443;-0,0902;-0,0288;-0,0105;0,9954;;False
3458,67;5.7;pa034​;20250620_102900;1;FO1;0,0051;1,6462;0,0411;-0,0988;-0,0299;-0,0103;0,9946;;False
3458,68;5.71;pa034​;20250620_102900;1;FO1;0,0049;1,6480;0,0380;-0,1084;-0,0319;-0,0108;0,9935;;False
3458,70;5.73;pa034​;20250620_102900;1;FO1;0,0045;1,6495;0,0351;-0,1177;-0,0339;-0,0109;0,9924;;False
3458,71;5.74;pa034​;20250620_102900;1;FO1;0,0041;1,6507;0,0324;-0,1267;-0,0365;-0,0105;0,9912;;False
3458,73;5.76;pa034​;20250620_102900;1;FO1;0,0037;1,6520;0,0297;-0,1355;-0,0389;-0,0098;0,9900;;False
3458,74;5.77;pa034​;20250620_102900;1;FO1;0,0033;1,6530;0,0271;-0,1435;-0,0403;-0,0091;0,9888;;False
3458,76;5.79;pa034​;20250620_102900;1;FO1;0,0031;1,6550;0,0222;-0,1596;-0,0445;-0,0073;0,9862;;False
3458,77;5.8;pa034​;20250620_102900;1;FO1;0,0030;1,6557;0,0201;-0,1664;-0,0452;-0,0061;0,9850;;False
3458,79;5.82;pa034​;20250620_102900;1;FO1;0,0031;1,6562;0,0181;-0,1715;-0,0456;-0,0056;0,9841;;False
3458,80;5.83;pa034​;20250620_102900;1;FO1;0,0032;1,6566;0,0164;-0,1752;-0,0457;-0,0061;0,9835;;False
3458,82;5.85;pa034​;20250620_102900;1;FO1;0,0034;1,6570;0,0150;-0,1789;-0,0470;-0,0067;0,9827;;False
3458,83;5.86;pa034​;20250620_102900;1;FO1;0,0034;1,6575;0,0139;-0,1818;-0,0491;-0,0064;0,9821;;False
3458,85;5.88;pa034​;20250620_102900;1;FO1;0,0035;1,6575;0,0130;-0,1844;-0,0522;-0,0070;0,9814;;False
3458,86;5.89;pa034​;20250620_102900;1;FO1;0,0034;1,6577;0,0121;-0,1853;-0,0547;-0,0086;0,9811;;False
3458,88;5.91;pa034​;20250620_102900;1;FO1;0,0035;1,6576;0,0114;-0,1856;-0,0574;-0,0102;0,9809;;False
3458,89;5.92;pa034​;20250620_102900;1;FO1;0,0036;1,6574;0,0109;-0,1855;-0,0594;-0,0107;0,9808;;False
3458,91;5.94;pa034​;20250620_102900;1;FO1;0,0038;1,6570;0,0105;-0,1847;-0,0606;-0,0111;0,9809;;False
3458,92;5.95;pa034​;20250620_102900;1;FO1;0,0042;1,6562;0,0104;-0,1833;-0,0626;-0,0115;0,9810;;False
3458,94;5.97;pa034​;20250620_102900;1;FO1;0,0048;1,6553;0,0110;-0,1802;-0,0618;-0,0108;0,9816;;False
3458,95;5.98;pa034​;20250620_102900;1;FO1;0,0055;1,6545;0,0121;-0,1756;-0,0599;-0,0107;0,9826;;False
3458,97;6.0;pa034​;20250620_102900;1;FO1;0,0063;1,6536;0,0133;-0,1709;-0,0573;-0,0111;0,9836;;False
3458,98;6.01;pa034​;20250620_102900;1;FO1;0,0071;1,6524;0,0145;-0,1656;-0,0546;-0,0113;0,9846;;False
3459,00;6.03;pa034​;20250620_102900;1;FO1;0,0079;1,6512;0,0158;-0,1588;-0,0512;-0,0111;0,9859;;False
3459,01;6.04;pa034​;20250620_102900;1;FO1;0,0087;1,6498;0,0174;-0,1522;-0,0474;-0,0112;0,9871;;False
3459,02;6.05;pa034​;20250620_102900;1;FO1;0,0096;1,6483;0,0192;-0,1445;-0,0432;-0,0118;0,9885;;False
3459,04;6.07;pa034​;20250620_102900;1;FO1;0,0108;1,6465;0,0213;-0,1351;-0,0391;-0,0121;0,9900;;False
3459,05;6.08;pa034​;20250620_102900;1;FO1;0,0116;1,6445;0,0233;-0,1247;-0,0333;-0,0122;0,9916;;False
3459,06;6.09;pa034​;20250620_102900;1;FO1;0,0129;1,6424;0,0261;-0,1125;-0,0281;-0,0126;0,9932;;False
3459,08;6.11;pa034​;20250620_102900;1;FO1;0,0140;1,6403;0,0289;-0,0986;-0,0220;-0,0124;0,9948;;False
3459,09;6.12;pa034​;20250620_102900;1;FO1;0,0153;1,6380;0,0317;-0,0848;-0,0149;-0,0131;0,9962;;False
3459,10;6.14;pa034​;20250620_102900;1;FO1;0,0167;1,6356;0,0342;-0,0712;-0,0077;-0,0129;0,9973;;False
3459,12;6.15;pa034​;20250620_102900;1;FO1;0,0180;1,6331;0,0368;-0,0570;-0,0004;-0,0110;0,9983;;False
3459,13;6.16;pa034​;20250620_102900;1;FO1;0,0192;1,6305;0,0393;-0,0427;0,0066;-0,0101;0,9990;;False
3459,15;6.18;pa034​;20250620_102900;1;FO1;0,0204;1,6280;0,0419;-0,0302;0,0127;-0,0096;0,9994;;False
3459,16;6.19;pa034​;20250620_102900;1;FO1;0,0216;1,6259;0,0444;-0,0196;0,0183;-0,0093;0,9996;;False
3459,17;6.2;pa034​;20250620_102900;1;FO1;0,0226;1,6243;0,0466;-0,0096;0,0240;-0,0094;0,9996;;False
3459,19;6.22;pa034​;20250620_102900;1;FO1;0,0237;1,6227;0,0486;-0,0021;0,0292;-0,0085;0,9995;;False
3459,20;6.23;pa034​;20250620_102900;1;FO1;0,0249;1,6212;0,0505;0,0048;0,0346;-0,0079;0,9994;;False
3459,22;6.25;pa034​;20250620_102900;1;FO1;0,0261;1,6199;0,0526;0,0107;0,0398;-0,0076;0,9991;;False
3459,23;6.26;pa034​;20250620_102900;1;FO1;0,0273;1,6188;0,0549;0,0158;0,0450;-0,0067;0,9988;;False
3459,25;6.28;pa034​;20250620_102900;1;FO1;0,0283;1,6177;0,0571;0,0217;0,0488;-0,0057;0,9986;;False
3459,26;6.29;pa034​;20250620_102900;1;FO1;0,0292;1,6163;0,0589;0,0269;0,0516;-0,0055;0,9983;;False
3459,28;6.31;pa034​;20250620_102900;1;FO1;0,0299;1,6152;0,0606;0,0324;0,0545;-0,0055;0,9980;;False
3459,29;6.32;pa034​;20250620_102900;1;FO1;0,0307;1,6142;0,0624;0,0365;0,0559;-0,0062;0,9978;;False
3459,30;6.33;pa034​;20250620_102900;1;FO1;0,0315;1,6136;0,0642;0,0408;0,0579;-0,0067;0,9975;;False
3459,32;6.35;pa034​;20250620_102900;1;FO1;0,0322;1,6129;0,0660;0,0444;0,0602;-0,0072;0,9972;;False
3459,33;6.36;pa034​;20250620_102900;1;FO1;0,0330;1,6121;0,0676;0,0477;0,0619;-0,0077;0,9969;;False
3459,34;6.38;pa034​;20250620_102900;1;FO1;0,0339;1,6111;0,0691;0,0514;0,0634;-0,0076;0,9966;;False
3459,36;6.39;pa034​;20250620_102900;1;FO1;0,0345;1,6104;0,0706;0,0547;0,0657;-0,0078;0,9963;;False
3459,37;6.4;pa034​;20250620_102900;1;FO1;0,0353;1,6097;0,0720;0,0572;0,0677;-0,0081;0,9960;;False
3459,39;6.42;pa034​;20250620_102900;1;FO1;0,0360;1,6094;0,0735;0,0600;0,0698;-0,0080;0,9957;;False
3459,40;6.43;pa034​;20250620_102900;1;FO1;0,0368;1,6091;0,0750;0,0618;0,0712;-0,0080;0,9955;;False
3459,42;6.45;pa034​;20250620_102900;1;FO1;0,0376;1,6086;0,0762;0,0636;0,0726;-0,0084;0,9953;;False
3459,43;6.46;pa034​;20250620_102900;1;FO1;0,0382;1,6081;0,0774;0,0657;0,0746;-0,0083;0,9950;;False
3459,44;6.47;pa034​;20250620_102900;1;FO1;0,0389;1,6074;0,0786;0,0675;0,0762;-0,0084;0,9948;;False
3459,46;6.49;pa034​;20250620_102900;1;FO1;0,0396;1,6067;0,0797;0,0703;0,0775;-0,0085;0,9945;;False
3459,47;6.5;pa034​;20250620_102900;1;FO1;0,0403;1,6061;0,0810;0,0723;0,0789;-0,0087;0,9942;;False
3459,48;6.51;pa034​;20250620_102900;1;FO1;0,0411;1,6059;0,0824;0,0749;0,0802;-0,0091;0,9939;;False
3459,50;6.53;pa034​;20250620_102900;1;FO1;0,0418;1,6051;0,0834;0,0767;0,0813;-0,0095;0,9937;;False
3459,51;6.54;pa034​;20250620_102900;1;FO1;0,0424;1,6045;0,0844;0,0787;0,0825;-0,0097;0,9934;;False
3459,52;6.55;pa034​;20250620_102900;1;FO1;0,0432;1,6040;0,0853;0,0809;0,0832;-0,0102;0,9932;;False
3459,54;6.57;pa034​;20250620_102900;1;FO1;0,0438;1,6036;0,0862;0,0827;0,0843;-0,0111;0,9929;;False
3459,55;6.58;pa034​;20250620_102900;1;FO1;0,0445;1,6033;0,0871;0,0845;0,0849;-0,0115;0,9927;;False
3459,56;6.59;pa034​;20250620_102900;1;FO1;0,0452;1,6030;0,0880;0,0860;0,0858;-0,0119;0,9925;;False
3459,58;6.61;pa034​;20250620_102900;1;FO1;0,0459;1,6026;0,0886;0,0877;0,0867;-0,0125;0,9923;;False
3459,59;6.62;pa034​;20250620_102900;1;FO1;0,0466;1,6022;0,0891;0,0895;0,0879;-0,0125;0,9920;;False
3459,60;6.63;pa034​;20250620_102900;1;FO1;0,0473;1,6018;0,0895;0,0912;0,0892;-0,0127;0,9917;;False
3459,62;6.65;pa034​;20250620_102900;1;FO1;0,0481;1,6015;0,0899;0,0927;0,0903;-0,0128;0,9915;;False
3459,63;6.66;pa034​;20250620_102900;1;FO1;0,0487;1,6015;0,0903;0,0940;0,0920;-0,0127;0,9912;;False
3459,65;6.68;pa034​;20250620_102900;1;FO1;0,0495;1,6013;0,0907;0,0944;0,0932;-0,0128;0,9911;;False
3459,66;6.69;pa034​;20250620_102900;1;FO1;0,0502;1,6009;0,0908;0,0957;0,0941;-0,0127;0,9909;;False
3459,67;6.7;pa034​;20250620_102900;1;FO1;0,0509;1,6006;0,0910;0,0968;0,0953;-0,0125;0,9907;;False
3459,69;6.72;pa034​;20250620_102900;1;FO1;0,0516;1,6003;0,0911;0,0977;0,0965;-0,0126;0,9904;;False
3459,70;6.73;pa034​;20250620_102900;1;FO1;0,0523;1,6001;0,0912;0,0985;0,0979;-0,0127;0,9902;;False
3459,71;6.74;pa034​;20250620_102900;1;FO1;0,0530;1,5999;0,0913;0,0991;0,0991;-0,0128;0,9900;;False
3459,73;6.76;pa034​;20250620_102900;1;FO1;0,0537;1,5999;0,0914;0,0997;0,1000;-0,0131;0,9899;;False
3459,74;6.77;pa034​;20250620_102900;1;FO1;0,0543;1,5997;0,0914;0,1002;0,1014;-0,0133;0,9897;;False
3459,76;6.79;pa034​;20250620_102900;1;FO1;0,0551;1,5996;0,0914;0,1007;0,1025;-0,0134;0,9895;;False
3459,77;6.8;pa034​;20250620_102900;1;FO1;0,0558;1,5995;0,0915;0,1006;0,1038;-0,0137;0,9894;;False
3459,78;6.81;pa034​;20250620_102900;1;FO1;0,0564;1,5995;0,0914;0,1012;0,1051;-0,0140;0,9892;;False
3459,80;6.83;pa034​;20250620_102900;1;FO1;0,0570;1,5995;0,0914;0,1017;0,1062;-0,0142;0,9890;;False
3459,81;6.84;pa034​;20250620_102900;1;FO1;0,0576;1,5995;0,0913;0,1018;0,1074;-0,0146;0,9889;;False
3459,83;6.86;pa034​;20250620_102900;1;FO1;0,0581;1,5995;0,0912;0,1020;0,1084;-0,0147;0,9887;;False
3459,84;6.87;pa034​;20250620_102900;1;FO1;0,0586;1,5995;0,0912;0,1020;0,1094;-0,0147;0,9886;;False
3459,85;6.88;pa034​;20250620_102900;1;FO1;0,0592;1,5995;0,0911;0,1020;0,1098;-0,0152;0,9886;;False
3459,87;6.9;pa034​;20250620_102900;1;FO1;0,0595;1,5996;0,0910;0,1018;0,1106;-0,0150;0,9885;;False
3459,88;6.91;pa034​;20250620_102900;1;FO1;0,0599;1,5996;0,0909;0,1017;0,1109;-0,0150;0,9885;;False
3459,90;6.93;pa034​;20250620_102900;1;FO1;0,0603;1,5996;0,0908;0,1021;0,1115;-0,0152;0,9884;;False
3459,91;6.94;pa034​;20250620_102900;1;FO1;0,0608;1,5996;0,0907;0,1024;0,1119;-0,0151;0,9883;;False
3459,92;6.95;pa034​;20250620_102900;1;FO1;0,0612;1,5995;0,0906;0,1023;0,1126;-0,0149;0,9882;;False
3459,94;6.97;pa034​;20250620_102900;1;FO1;0,0616;1,5995;0,0905;0,1023;0,1133;-0,0152;0,9882;;False
3459,95;6.98;pa034​;20250620_102900;1;FO1;0,0620;1,5995;0,0903;0,1023;0,1137;-0,0153;0,9881;;False
3459,96;6.99;pa034​;20250620_102900;1;FO1;0,0624;1,5995;0,0902;0,1024;0,1141;-0,0156;0,9881;;False
3459,98;7.01;pa034​;20250620_102900;1;FO1;0,0628;1,5994;0,0901;0,1026;0,1143;-0,0155;0,9880;;False
3459,99;7.02;pa034​;20250620_102900;1;FO1;0,0632;1,5993;0,0901;0,1028;0,1145;-0,0157;0,9880;;False
3460,01;7.04;pa034​;20250620_102900;1;FO1;0,0635;1,5992;0,0900;0,1025;0,1151;-0,0160;0,9879;;False
3460,02;7.06;pa034​;20250620_102900;1;FO1;0,0637;1,5992;0,0898;0,1029;0,1157;-0,0160;0,9878;;False
3460,04;7.07;pa034​;20250620_102900;1;FO1;0,0638;1,5993;0,0896;0,1031;0,1165;-0,0159;0,9877;;False
3460,06;7.09;pa034​;20250620_102900;1;FO1;0,0641;1,5992;0,0893;0,1037;0,1171;-0,0158;0,9876;;False
3460,07;7.1;pa034​;20250620_102900;1;FO1;0,0645;1,5992;0,0892;0,1040;0,1175;-0,0160;0,9875;;False
3460,08;7.11;pa034​;20250620_102900;1;FO1;0,0648;1,5992;0,0891;0,1039;0,1181;-0,0160;0,9874;;False
3460,10;7.13;pa034​;20250620_102900;1;FO1;0,0651;1,5992;0,0890;0,1038;0,1187;-0,0161;0,9874;;False
3460,12;7.15;pa034​;20250620_102900;1;FO1;0,0653;1,5992;0,0889;0,1035;0,1193;-0,0160;0,9873;;False
3460,13;7.16;pa034​;20250620_102900;1;FO1;0,0656;1,5993;0,0888;0,1033;0,1198;-0,0160;0,9873;;False
3460,15;7.18;pa034​;20250620_102900;1;FO1;0,0661;1,5994;0,0885;0,1031;0,1206;-0,0154;0,9872;;False
3460,16;7.19;pa034​;20250620_102900;1;FO1;0,0663;1,5993;0,0882;0,1031;0,1209;-0,0156;0,9872;;False
3460,18;7.21;pa034​;20250620_102900;1;FO1;0,0665;1,5994;0,0880;0,1032;0,1214;-0,0162;0,9871;;False
3460,19;7.22;pa034​;20250620_102900;1;FO1;0,0667;1,5996;0,0878;0,1029;0,1217;-0,0166;0,9871;;False
3460,20;7.24;pa034​;20250620_102900;1;FO1;0,0668;1,5999;0,0877;0,1021;0,1222;-0,0165;0,9871;;False
3460,22;7.25;pa034​;20250620_102900;1;FO1;0,0671;1,5999;0,0875;0,1014;0,1225;-0,0167;0,9871;;False
3460,23;7.26;pa034​;20250620_102900;1;FO1;0,0673;1,6000;0,0873;0,1008;0,1233;-0,0168;0,9871;;False
3460,25;7.28;pa034​;20250620_102900;1;FO1;0,0674;1,6001;0,0872;0,1005;0,1238;-0,0168;0,9871;;False
3460,27;7.3;pa034​;20250620_102900;1;FO1;0,0675;1,6002;0,0869;0,1004;0,1243;-0,0166;0,9870;;False
3460,28;7.31;pa034​;20250620_102900;1;FO1;0,0676;1,6003;0,0867;0,1001;0,1247;-0,0163;0,9870;;False
3460,30;7.33;pa034​;20250620_102900;1;FO1;0,0677;1,6004;0,0865;0,0999;0,1250;-0,0163;0,9870;;False
3460,31;7.34;pa034​;20250620_102900;1;FO1;0,0678;1,6005;0,0864;0,0999;0,1252;-0,0162;0,9870;;False
3460,33;7.36;pa034​;20250620_102900;1;FO1;0,0680;1,6007;0,0860;0,0996;0,1258;-0,0161;0,9869;;False
3460,34;7.37;pa034​;20250620_102900;1;FO1;0,0681;1,6007;0,0858;0,0992;0,1261;-0,0160;0,9869;;False
3460,36;7.39;pa034​;20250620_102900;1;FO1;0,0681;1,6008;0,0857;0,0989;0,1261;-0,0158;0,9869;;False
3460,37;7.4;pa034​;20250620_102900;1;FO1;0,0682;1,6009;0,0856;0,0985;0,1263;-0,0156;0,9870;;False
3460,39;7.42;pa034​;20250620_102900;1;FO1;0,0681;1,6011;0,0856;0,0982;0,1266;-0,0158;0,9870;;False
3460,40;7.43;pa034​;20250620_102900;1;FO1;0,0680;1,6012;0,0856;0,0983;0,1267;-0,0160;0,9869;;False
3460,42;7.45;pa034​;20250620_102900;1;FO1;0,0681;1,6012;0,0856;0,0984;0,1269;-0,0160;0,9869;;False
3460,43;7.46;pa034​;20250620_102900;1;FO1;0,0681;1,6011;0,0855;0,0988;0,1273;-0,0162;0,9868;;False
3460,45;7.48;pa034​;20250620_102900;1;FO1;0,0682;1,6010;0,0854;0,0989;0,1275;-0,0164;0,9868;;False
3460,46;7.49;pa034​;20250620_102900;1;FO1;0,0682;1,6010;0,0853;0,0994;0,1278;-0,0163;0,9867;;False
3460,48;7.51;pa034​;20250620_102900;1;FO1;0,0683;1,6009;0,0853;0,0993;0,1280;-0,0164;0,9866;;False
3460,49;7.52;pa034​;20250620_102900;1;FO1;0,0683;1,6009;0,0852;0,0996;0,1285;-0,0166;0,9866;;False
3460,51;7.54;pa034​;20250620_102900;1;FO1;0,0684;1,6009;0,0851;0,0996;0,1290;-0,0168;0,9865;;False
3460,52;7.55;pa034​;20250620_102900;1;FO1;0,0683;1,6011;0,0851;0,0998;0,1293;-0,0166;0,9864;;False
3460,54;7.57;pa034​;20250620_102900;1;FO1;0,0682;1,6012;0,0851;0,0996;0,1292;-0,0167;0,9865;;False
3460,55;7.58;pa034​;20250620_102900;1;FO1;0,0682;1,6012;0,0850;0,0995;0,1294;-0,0166;0,9865;;False
3460,56;7.59;pa034​;20250620_102900;1;FO1;0,0682;1,6013;0,0849;0,0993;0,1295;-0,0166;0,9864;;False
3460,58;7.61;pa034​;20250620_102900;1;FO1;0,0682;1,6014;0,0849;0,0989;0,1298;-0,0166;0,9865;;False
3460,59;7.62;pa034​;20250620_102900;1;FO1;0,0682;1,6015;0,0848;0,0986;0,1298;-0,0166;0,9865;;False
3460,60;7.63;pa034​;20250620_102900;1;FO1;0,0682;1,6017;0,0847;0,0981;0,1300;-0,0167;0,9865;;False
3460,62;7.65;pa034​;20250620_102900;1;FO1;0,0682;1,6018;0,0846;0,0977;0,1301;-0,0167;0,9865;;False
3460,63;7.66;pa034​;20250620_102900;1;FO1;0,0681;1,6020;0,0845;0,0975;0,1301;-0,0168;0,9866;;False
3460,65;7.68;pa034​;20250620_102900;1;FO1;0,0679;1,6022;0,0844;0,0972;0,1302;-0,0169;0,9866;;False
3460,66;7.69;pa034​;20250620_102900;1;FO1;0,0679;1,6023;0,0843;0,0968;0,1304;-0,0172;0,9866;;False
3460,67;7.7;pa034​;20250620_102900;1;FO1;0,0679;1,6024;0,0841;0,0967;0,1306;-0,0175;0,9865;;False
3460,69;7.72;pa034​;20250620_102900;1;FO1;0,0679;1,6025;0,0840;0,0965;0,1307;-0,0177;0,9866;;False
3460,70;7.73;pa034​;20250620_102900;1;FO1;0,0679;1,6026;0,0839;0,0963;0,1311;-0,0177;0,9865;;False
3460,71;7.74;pa034​;20250620_102900;1;FO1;0,0679;1,6027;0,0837;0,0960;0,1313;-0,0179;0,9865;;False
3460,73;7.76;pa034​;20250620_102900;1;FO1;0,0679;1,6027;0,0836;0,0957;0,1315;-0,0179;0,9865;;False
3460,74;7.77;pa034​;20250620_102900;1;FO1;0,0677;1,6028;0,0836;0,0953;0,1318;-0,0179;0,9865;;False
3460,76;7.79;pa034​;20250620_102900;1;FO1;0,0676;1,6029;0,0835;0,0952;0,1324;-0,0179;0,9864;;False
3460,77;7.8;pa034​;20250620_102900;1;FO1;0,0675;1,6030;0,0834;0,0948;0,1328;-0,0177;0,9864;;False
3460,78;7.81;pa034​;20250620_102900;1;FO1;0,0674;1,6030;0,0833;0,0945;0,1333;-0,0176;0,9864;;False
3460,80;7.83;pa034​;20250620_102900;1;FO1;0,0674;1,6031;0,0832;0,0949;0,1335;-0,0171;0,9863;;False
3460,82;7.85;pa034​;20250620_102900;1;FO1;0,0673;1,6031;0,0831;0,0953;0,1336;-0,0170;0,9863;;False
3460,83;7.86;pa034​;20250620_102900;1;FO1;0,0673;1,6031;0,0830;0,0955;0,1338;-0,0174;0,9862;;False
3460,84;7.87;pa034​;20250620_102900;1;FO1;0,0672;1,6032;0,0828;0,0956;0,1340;-0,0178;0,9862;;False
3460,85;7.88;pa034​;20250620_102900;1;FO1;0,0671;1,6032;0,0827;0,0957;0,1341;-0,0178;0,9862;;False
3460,87;7.9;pa034​;20250620_102900;1;FO1;0,0669;1,6033;0,0825;0,0953;0,1343;-0,0177;0,9862;;False
3460,88;7.91;pa034​;20250620_102900;1;FO1;0,0667;1,6034;0,0824;0,0953;0,1343;-0,0179;0,9862;;False
3460,90;7.93;pa034​;20250620_102900;1;FO1;0,0666;1,6034;0,0822;0,0949;0,1344;-0,0178;0,9862;;False
3460,91;7.94;pa034​;20250620_102900;1;FO1;0,0665;1,6035;0,0821;0,0948;0,1349;-0,0177;0,9862;;False
3460,92;7.95;pa034​;20250620_102900;1;FO1;0,0664;1,6035;0,0818;0,0945;0,1351;-0,0177;0,9862;;False
3460,94;7.97;pa034​;20250620_102900;1;FO1;0,0663;1,6036;0,0816;0,0944;0,1353;-0,0174;0,9861;;False
3460,95;7.98;pa034​;20250620_102900;1;FO1;0,0662;1,6036;0,0814;0,0943;0,1353;-0,0174;0,9861;;False
3460,96;7.99;pa034​;20250620_102900;1;FO1;0,0660;1,6037;0,0811;0,0944;0,1356;-0,0175;0,9861;;False
3460,98;8.01;pa034​;20250620_102900;1;FO1;0,0659;1,6038;0,0808;0,0943;0,1357;-0,0174;0,9861;;False
3460,99;8.02;pa034​;20250620_102900;1;FO1;0,0657;1,6040;0,0806;0,0942;0,1357;-0,0178;0,9861;;False
3461,01;8.04;pa034​;20250620_102900;1;FO1;0,0656;1,6041;0,0804;0,0939;0,1357;-0,0175;0,9861;;False
3461,02;8.05;pa034​;20250620_102900;1;FO1;0,0655;1,6042;0,0802;0,0936;0,1358;-0,0173;0,9861;;False
3461,03;8.06;pa034​;20250620_102900;1;FO1;0,0654;1,6043;0,0800;0,0935;0,1359;-0,0173;0,9861;;False
3461,05;8.08;pa034​;20250620_102900;1;FO1;0,0653;1,6043;0,0798;0,0930;0,1362;-0,0175;0,9861;;False
3461,06;8.09;pa034​;20250620_102900;1;FO1;0,0652;1,6044;0,0796;0,0930;0,1366;-0,0176;0,9861;;False
3461,08;8.11;pa034​;20250620_102900;1;FO1;0,0652;1,6044;0,0794;0,0929;0,1367;-0,0177;0,9861;;False
3461,09;8.12;pa034​;20250620_102900;1;FO1;0,0651;1,6044;0,0792;0,0931;0,1372;-0,0176;0,9860;;False
3461,10;8.13;pa034​;20250620_102900;1;FO1;0,0649;1,6045;0,0789;0,0933;0,1374;-0,0179;0,9859;;False
3461,12;8.15;pa034​;20250620_102900;1;FO1;0,0647;1,6045;0,0786;0,0930;0,1375;-0,0179;0,9860;;False
3461,13;8.16;pa034​;20250620_102900;1;FO1;0,0646;1,6046;0,0784;0,0929;0,1377;-0,0179;0,9859;;False
3461,15;8.18;pa034​;20250620_102900;1;FO1;0,0645;1,6046;0,0782;0,0930;0,1379;-0,0180;0,9859;;False
3461,16;8.19;pa034​;20250620_102900;1;FO1;0,0644;1,6047;0,0780;0,0923;0,1382;-0,0181;0,9859;;False
3461,17;8.2;pa034​;20250620_102900;1;FO1;0,0643;1,6048;0,0778;0,0921;0,1383;-0,0180;0,9859;;False
3461,19;8.22;pa034​;20250620_102900;1;FO1;0,0642;1,6049;0,0776;0,0920;0,1387;-0,0180;0,9859;;False
3461,20;8.23;pa034​;20250620_102900;1;FO1;0,0641;1,6050;0,0774;0,0917;0,1391;-0,0178;0,9859;;False
3461,21;8.25;pa034​;20250620_102900;1;FO1;0,0640;1,6051;0,0772;0,0915;0,1394;-0,0176;0,9858;;False
3461,23;8.26;pa034​;20250620_102900;1;FO1;0,0639;1,6051;0,0769;0,0917;0,1397;-0,0176;0,9858;;False
3461,24;8.27;pa034​;20250620_102900;1;FO1;0,0637;1,6052;0,0767;0,0918;0,1399;-0,0177;0,9857;;False
3461,26;8.29;pa034​;20250620_102900;1;FO1;0,0635;1,6051;0,0765;0,0918;0,1400;-0,0177;0,9857;;False
3461,27;8.3;pa034​;20250620_102900;1;FO1;0,0634;1,6051;0,0763;0,0919;0,1403;-0,0178;0,9857;;False
3461,28;8.31;pa034​;20250620_102900;1;FO1;0,0633;1,6051;0,0761;0,0920;0,1400;-0,0181;0,9857;;False
3461,30;8.33;pa034​;20250620_102900;1;FO1;0,0631;1,6051;0,0758;0,0920;0,1404;-0,0182;0,9857;;False
3461,31;8.34;pa034​;20250620_102900;1;FO1;0,0630;1,6050;0,0756;0,0920;0,1406;-0,0185;0,9856;;False
3461,33;8.36;pa034​;20250620_102900;1;FO1;0,0629;1,6050;0,0754;0,0920;0,1409;-0,0186;0,9856;;False
3461,34;8.37;pa034​;20250620_102900;1;FO1;0,0627;1,6050;0,0751;0,0920;0,1411;-0,0185;0,9855;;False
3461,35;8.38;pa034​;20250620_102900;1;FO1;0,0624;1,6050;0,0749;0,0922;0,1415;-0,0185;0,9855;;False
3461,37;8.4;pa034​;20250620_102900;1;FO1;0,0622;1,6050;0,0746;0,0922;0,1418;-0,0184;0,9854;;False
3461,38;8.41;pa034​;20250620_102900;1;FO1;0,0621;1,6050;0,0744;0,0922;0,1422;-0,0182;0,9854;;False
3461,40;8.43;pa034​;20250620_102900;1;FO1;0,0619;1,6050;0,0741;0,0923;0,1424;-0,0181;0,9853;;False
3461,41;8.44;pa034​;20250620_102900;1;FO1;0,0617;1,6050;0,0739;0,0923;0,1426;-0,0180;0,9853;;False
3461,42;8.45;pa034​;20250620_102900;1;FO1;0,0615;1,6050;0,0736;0,0923;0,1429;-0,0182;0,9853;;False
3461,44;8.47;pa034​;20250620_102900;1;FO1;0,0613;1,6051;0,0734;0,0921;0,1429;-0,0182;0,9853;;False
3461,45;8.48;pa034​;20250620_102900;1;FO1;0,0611;1,6051;0,0732;0,0916;0,1431;-0,0180;0,9853;;False
3461,46;8.5;pa034​;20250620_102900;1;FO1;0,0609;1,6052;0,0730;0,0918;0,1431;-0,0177;0,9853;;False
3461,48;8.51;pa034​;20250620_102900;1;FO1;0,0606;1,6052;0,0727;0,0917;0,1430;-0,0176;0,9853;;False
3461,49;8.52;pa034​;20250620_102900;1;FO1;0,0604;1,6051;0,0724;0,0919;0,1432;-0,0178;0,9853;;False
3461,51;8.54;pa034​;20250620_102900;1;FO1;0,0601;1,6052;0,0722;0,0920;0,1432;-0,0182;0,9852;;False
3461,52;8.55;pa034​;20250620_102900;1;FO1;0,0599;1,6053;0,0720;0,0918;0,1433;-0,0185;0,9852;;False
3461,53;8.56;pa034​;20250620_102900;1;FO1;0,0597;1,6053;0,0718;0,0916;0,1433;-0,0185;0,9853;;False
3461,55;8.58;pa034​;20250620_102900;1;FO1;0,0595;1,6053;0,0716;0,0914;0,1433;-0,0184;0,9853;;False
3461,56;8.59;pa034​;20250620_102900;1;FO1;0,0592;1,6053;0,0714;0,0915;0,1434;-0,0184;0,9853;;False
3461,58;8.61;pa034​;20250620_102900;1;FO1;0,0589;1,6052;0,0712;0,0915;0,1436;-0,0183;0,9852;;False
3461,59;8.62;pa034​;20250620_102900;1;FO1;0,0587;1,6052;0,0708;0,0916;0,1438;-0,0180;0,9852;;False
3461,61;8.64;pa034​;20250620_102900;1;FO1;0,0584;1,6051;0,0705;0,0920;0,1441;-0,0180;0,9851;;False
3461,62;8.65;pa034​;20250620_102900;1;FO1;0,0581;1,6051;0,0703;0,0919;0,1441;-0,0177;0,9851;;False
3461,64;8.67;pa034​;20250620_102900;1;FO1;0,0578;1,6051;0,0700;0,0923;0,1439;-0,0176;0,9851;;False
3461,65;8.68;pa034​;20250620_102900;1;FO1;0,0574;1,6050;0,0698;0,0924;0,1439;-0,0177;0,9851;;False
3461,67;8.7;pa034​;20250620_102900;1;FO1;0,0571;1,6051;0,0695;0,0926;0,1438;-0,0176;0,9851;;False
3461,68;8.71;pa034​;20250620_102900;1;FO1;0,0569;1,6051;0,0693;0,0928;0,1438;-0,0176;0,9851;;False
3461,70;8.73;pa034​;20250620_102900;1;FO1;0,0565;1,6049;0,0689;0,0929;0,1435;-0,0176;0,9851;;False
3461,72;8.75;pa034​;20250620_102900;1;FO1;0,0558;1,6048;0,0681;0,0933;0,1437;-0,0177;0,9851;;False
3461,73;8.76;pa034​;20250620_102900;1;FO1;0,0555;1,6048;0,0677;0,0933;0,1436;-0,0177;0,9851;;False
3461,75;8.78;pa034​;20250620_102900;1;FO1;0,0552;1,6048;0,0674;0,0933;0,1436;-0,0176;0,9851;;False
3461,76;8.79;pa034​;20250620_102900;1;FO1;0,0548;1,6048;0,0671;0,0932;0,1437;-0,0175;0,9851;;False
3461,78;8.81;pa034​;20250620_102900;1;FO1;0,0545;1,6048;0,0668;0,0932;0,1438;-0,0176;0,9851;;False
3461,79;8.82;pa034​;20250620_102900;1;FO1;0,0541;1,6048;0,0665;0,0931;0,1437;-0,0175;0,9851;;False
3461,81;8.84;pa034​;20250620_102900;1;FO1;0,0538;1,6049;0,0662;0,0931;0,1437;-0,0175;0,9851;;False
3461,82;8.85;pa034​;20250620_102900;1;FO1;0,0534;1,6048;0,0658;0,0930;0,1438;-0,0174;0,9851;;False
3461,84;8.87;pa034​;20250620_102900;1;FO1;0,0529;1,6047;0,0654;0,0929;0,1438;-0,0173;0,9851;;False
3461,85;8.88;pa034​;20250620_102900;1;FO1;0,0525;1,6047;0,0651;0,0928;0,1438;-0,0172;0,9851;;False
3461,87;8.9;pa034​;20250620_102900;1;FO1;0,0521;1,6048;0,0647;0,0926;0,1439;-0,0170;0,9851;;False
3461,88;8.91;pa034​;20250620_102900;1;FO1;0,0517;1,6048;0,0644;0,0925;0,1440;-0,0170;0,9851;;False
3461,90;8.93;pa034​;20250620_102900;1;FO1;0,0509;1,6049;0,0637;0,0921;0,1441;-0,0167;0,9851;;False
3461,91;8.94;pa034​;20250620_102900;1;FO1;0,0505;1,6050;0,0634;0,0921;0,1440;-0,0167;0,9851;;False
3461,93;8.96;pa034​;20250620_102900;1;FO1;0,0501;1,6050;0,0631;0,0916;0,1440;-0,0167;0,9852;;False
3461,94;8.97;pa034​;20250620_102900;1;FO1;0,0497;1,6051;0,0627;0,0916;0,1439;-0,0167;0,9852;;False
3461,96;8.99;pa034​;20250620_102900;1;FO1;0,0491;1,6051;0,0624;0,0914;0,1438;-0,0164;0,9852;;False
3461,97;9.0;pa034​;20250620_102900;1;FO1;0,0486;1,6051;0,0621;0,0916;0,1439;-0,0165;0,9852;;False
3461,99;9.02;pa034​;20250620_102900;1;FO1;0,0482;1,6051;0,0617;0,0917;0,1440;-0,0164;0,9852;;False
3462,00;9.03;pa034​;20250620_102900;1;FO1;0,0478;1,6052;0,0614;0,0919;0,1441;-0,0163;0,9852;;False
3462,02;9.05;pa034​;20250620_102900;1;FO1;0,0474;1,6051;0,0610;0,0919;0,1443;-0,0162;0,9851;;False
3462,03;9.06;pa034​;20250620_102900;1;FO1;0,0470;1,6051;0,0607;0,0920;0,1442;-0,0162;0,9851;;False
3462,05;9.08;pa034​;20250620_102900;1;FO1;0,0466;1,6052;0,0604;0,0920;0,1443;-0,0161;0,9851;;False
3462,06;9.09;pa034​;20250620_102900;1;FO1;0,0458;1,6052;0,0596;0,0919;0,1444;-0,0160;0,9851;;False
3462,08;9.11;pa034​;20250620_102900;1;FO1;0,0452;1,6053;0,0591;0,0918;0,1445;-0,0159;0,9851;;False
3462,09;9.12;pa034​;20250620_102900;1;FO1;0,0448;1,6053;0,0587;0,0916;0,1444;-0,0157;0,9851;;False
3462,11;9.14;pa034​;20250620_102900;1;FO1;0,0444;1,6053;0,0584;0,0915;0,1445;-0,0157;0,9851;;False
3462,13;9.16;pa034​;20250620_102900;1;FO1;0,0440;1,6054;0,0582;0,0912;0,1447;-0,0155;0,9851;;False
3462,15;9.18;pa034​;20250620_102900;1;FO1;0,0436;1,6054;0,0579;0,0914;0,1447;-0,0152;0,9851;;False
3462,16;9.19;pa034​;20250620_102900;1;FO1;0,0428;1,6054;0,0572;0,0915;0,1447;-0,0152;0,9851;;False
3462,18;9.21;pa034​;20250620_102900;1;FO1;0,0424;1,6055;0,0568;0,0915;0,1449;-0,0158;0,9851;;False
3462,20;9.23;pa034​;20250620_102900;1;FO1;0,0420;1,6056;0,0562;0,0910;0,1450;-0,0160;0,9851;;False
3462,22;9.25;pa034​;20250620_102900;1;FO1;0,0415;1,6057;0,0558;0,0909;0,1452;-0,0160;0,9851;;False
3462,23;9.26;pa034​;20250620_102900;1;FO1;0,0407;1,6057;0,0552;0,0905;0,1454;-0,0158;0,9851;;False
3462,25;9.28;pa034​;20250620_102900;1;FO1;0,0404;1,6057;0,0549;0,0905;0,1453;-0,0157;0,9851;;False
3462,26;9.29;pa034​;20250620_102900;1;FO1;0,0399;1,6057;0,0546;0,0905;0,1454;-0,0155;0,9851;;False
3462,28;9.31;pa034​;20250620_102900;1;FO1;0,0395;1,6057;0,0544;0,0906;0,1455;-0,0152;0,9851;;False
3462,29;9.32;pa034​;20250620_102900;1;FO1;0,0391;1,6058;0,0541;0,0910;0,1452;-0,0147;0,9851;;False
3462,31;9.34;pa034​;20250620_102900;1;FO1;0,0386;1,6058;0,0538;0,0911;0,1450;-0,0146;0,9851;;False
3462,32;9.35;pa034​;20250620_102900;1;FO1;0,0382;1,6058;0,0534;0,0911;0,1449;-0,0144;0,9851;;False
3462,33;9.36;pa034​;20250620_102900;1;FO1;0,0378;1,6058;0,0531;0,0910;0,1446;-0,0143;0,9852;;False
3462,35;9.38;pa034​;20250620_102900;1;FO1;0,0374;1,6059;0,0529;0,0911;0,1443;-0,0143;0,9852;;False
3462,36;9.39;pa034​;20250620_102900;1;FO1;0,0371;1,6059;0,0526;0,0908;0,1440;-0,0141;0,9853;;False
3462,37;9.4;pa034​;20250620_102900;1;FO1;0,0368;1,6059;0,0524;0,0908;0,1436;-0,0139;0,9854;;False
3462,38;9.41;pa034​;20250620_102900;1;FO1;0,0365;1,6059;0,0521;0,0908;0,1435;-0,0141;0,9854;;False
3462,40;9.43;pa034​;20250620_102900;1;FO1;0,0362;1,6060;0,0519;0,0909;0,1435;-0,0142;0,9854;;False
3462,41;9.44;pa034​;20250620_102900;1;FO1;0,0359;1,6060;0,0517;0,0909;0,1435;-0,0141;0,9854;;False
3462,42;9.46;pa034​;20250620_102900;1;FO1;0,0355;1,6059;0,0513;0,0910;0,1433;-0,0141;0,9854;;False
3462,44;9.47;pa034​;20250620_102900;1;FO1;0,0350;1,6059;0,0510;0,0912;0,1433;-0,0141;0,9854;;False
3462,45;9.48;pa034​;20250620_102900;1;FO1;0,0347;1,6059;0,0507;0,0913;0,1431;-0,0142;0,9854;;False
3462,46;9.49;pa034​;20250620_102900;1;FO1;0,0345;1,6060;0,0505;0,0914;0,1429;-0,0145;0,9854;;False
3462,48;9.51;pa034​;20250620_102900;1;FO1;0,0342;1,6059;0,0503;0,0911;0,1428;-0,0145;0,9854;;False
3462,49;9.52;pa034​;20250620_102900;1;FO1;0,0340;1,6060;0,0501;0,0914;0,1425;-0,0144;0,9855;;False
3462,51;9.54;pa034​;20250620_102900;1;FO1;0,0337;1,6060;0,0499;0,0913;0,1421;-0,0144;0,9855;;False
3462,52;9.55;pa034​;20250620_102900;1;FO1;0,0335;1,6060;0,0497;0,0913;0,1419;-0,0144;0,9856;;False
3462,53;9.56;pa034​;20250620_102900;1;FO1;0,0332;1,6060;0,0494;0,0915;0,1414;-0,0144;0,9856;;False
3462,55;9.58;pa034​;20250620_102900;1;FO1;0,0329;1,6060;0,0490;0,0916;0,1411;-0,0145;0,9856;;False
3462,56;9.59;pa034​;20250620_102900;1;FO1;0,0326;1,6060;0,0487;0,0918;0,1409;-0,0144;0,9857;;False
3462,58;9.61;pa034​;20250620_102900;1;FO1;0,0324;1,6059;0,0484;0,0918;0,1407;-0,0145;0,9857;;False
3462,59;9.62;pa034​;20250620_102900;1;FO1;0,0322;1,6060;0,0482;0,0919;0,1405;-0,0146;0,9857;;False
3462,60;9.63;pa034​;20250620_102900;1;FO1;0,0320;1,6060;0,0481;0,0920;0,1404;-0,0145;0,9857;;False
3462,62;9.65;pa034​;20250620_102900;1;FO1;0,0318;1,6060;0,0478;0,0919;0,1405;-0,0144;0,9857;;False
3462,63;9.66;pa034​;20250620_102900;1;FO1;0,0317;1,6060;0,0476;0,0920;0,1404;-0,0141;0,9857;;False
3462,65;9.68;pa034​;20250620_102900;1;FO1;0,0314;1,6060;0,0474;0,0919;0,1405;-0,0137;0,9857;;False
3462,66;9.69;pa034​;20250620_102900;1;FO1;0,0312;1,6060;0,0471;0,0920;0,1405;-0,0136;0,9857;;False
3462,67;9.7;pa034​;20250620_102900;1;FO1;0,0309;1,6060;0,0468;0,0920;0,1406;-0,0133;0,9857;;False
3462,69;9.72;pa034​;20250620_102900;1;FO1;0,0307;1,6059;0,0464;0,0922;0,1409;-0,0129;0,9856;;False
3462,70;9.73;pa034​;20250620_102900;1;FO1;0,0306;1,6060;0,0462;0,0923;0,1411;-0,0128;0,9856;;False
3462,71;9.74;pa034​;20250620_102900;1;FO1;0,0304;1,6061;0,0460;0,0924;0,1411;-0,0124;0,9856;;False
3462,73;9.76;pa034​;20250620_102900;1;FO1;0,0303;1,6061;0,0457;0,0924;0,1411;-0,0124;0,9856;;False
3462,74;9.77;pa034​;20250620_102900;1;FO1;0,0302;1,6060;0,0455;0,0922;0,1409;-0,0125;0,9856;;False
3462,76;9.79;pa034​;20250620_102900;1;FO1;0,0301;1,6061;0,0452;0,0921;0,1409;-0,0124;0,9856;;False
3462,77;9.8;pa034​;20250620_102900;1;FO1;0,0299;1,6062;0,0449;0,0920;0,1409;-0,0126;0,9857;;False
3462,78;9.81;pa034​;20250620_102900;1;FO1;0,0298;1,6061;0,0445;0,0918;0,1407;-0,0126;0,9857;;False
3462,80;9.83;pa034​;20250620_102900;1;FO1;0,0296;1,6060;0,0441;0,0911;0,1406;-0,0125;0,9858;;False
3462,81;9.84;pa034​;20250620_102900;1;FO1;0,0295;1,6061;0,0438;0,0912;0,1404;-0,0123;0,9858;;False
3462,83;9.86;pa034​;20250620_102900;1;FO1;0,0294;1,6061;0,0435;0,0911;0,1401;-0,0119;0,9859;;False
3462,84;9.87;pa034​;20250620_102900;1;FO1;0,0293;1,6060;0,0432;0,0915;0,1398;-0,0118;0,9859;;False
3462,85;9.88;pa034​;20250620_102900;1;FO1;0,0292;1,6059;0,0428;0,0919;0,1397;-0,0123;0,9858;;False
3462,87;9.9;pa034​;20250620_102900;1;FO1;0,0292;1,6061;0,0426;0,0923;0,1397;-0,0130;0,9858;;False
3462,88;9.91;pa034​;20250620_102900;1;FO1;0,0291;1,6061;0,0423;0,0924;0,1399;-0,0130;0,9858;;False
3462,90;9.93;pa034​;20250620_102900;1;FO1;0,0291;1,6060;0,0419;0,0922;0,1397;-0,0128;0,9858;;False
3462,91;9.94;pa034​;20250620_102900;1;FO1;0,0290;1,6061;0,0416;0,0924;0,1397;-0,0130;0,9858;;False
3462,92;9.95;pa034​;20250620_102900;1;FO1;0,0289;1,6060;0,0412;0,0923;0,1396;-0,0130;0,9858;;False
3462,94;9.97;pa034​;20250620_102900;1;FO1;0,0288;1,6060;0,0410;0,0924;0,1395;-0,0129;0,9858;;False
3462,95;9.98;pa034​;20250620_102900;1;FO1;0,0287;1,6060;0,0407;0,0923;0,1394;-0,0129;0,9858;;False
3462,96;9.99;pa034​;20250620_102900;1;FO1;0,0286;1,6062;0,0404;0,0923;0,1392;-0,0128;0,9859;;False
3462,98;10.01;pa034​;20250620_102900;1;FO1;0,0285;1,6063;0,0401;0,0920;0,1388;-0,0124;0,9860;;False
3462,99;10.02;pa034​;20250620_102900;1;FO1;0,0284;1,6064;0,0397;0,0920;0,1385;-0,0122;0,9860;;False
3463,01;10.04;pa034​;20250620_102900;1;FO1;0,0283;1,6065;0,0395;0,0917;0,1381;-0,0122;0,9861;;False
3463,02;10.05;pa034​;20250620_102900;1;FO1;0,0281;1,6066;0,0390;0,0913;0,1375;-0,0119;0,9862;;False
3463,03;10.06;pa034​;20250620_102900;1;FO1;0,0278;1,6067;0,0385;0,0911;0,1369;-0,0117;0,9863;;False
3463,05;10.08;pa034​;20250620_102900;1;FO1;0,0277;1,6067;0,0380;0,0911;0,1358;-0,0116;0,9865;;False
3463,06;10.09;pa034​;20250620_102900;1;FO1;0,0275;1,6068;0,0377;0,0913;0,1351;-0,0115;0,9865;;False
3463,08;10.11;pa034​;20250620_102900;1;FO1;0,0274;1,6068;0,0374;0,0911;0,1345;-0,0116;0,9866;;False
3463,09;10.12;pa034​;20250620_102900;1;FO1;0,0274;1,6069;0,0371;0,0910;0,1339;-0,0114;0,9867;;False
3463,10;10.13;pa034​;20250620_102900;1;FO1;0,0272;1,6069;0,0367;0,0906;0,1335;-0,0112;0,9868;;False
3463,12;10.15;pa034​;20250620_102900;1;FO1;0,0271;1,6069;0,0364;0,0902;0,1328;-0,0113;0,9870;;False
3463,13;10.16;pa034​;20250620_102900;1;FO1;0,0270;1,6069;0,0360;0,0902;0,1322;-0,0112;0,9870;;False
3463,15;10.18;pa034​;20250620_102900;1;FO1;0,0269;1,6069;0,0356;0,0900;0,1315;-0,0111;0,9872;;False
3463,16;10.19;pa034​;20250620_102900;1;FO1;0,0268;1,6069;0,0353;0,0898;0,1306;-0,0112;0,9873;;False
3463,17;10.2;pa034​;20250620_102900;1;FO1;0,0268;1,6068;0,0350;0,0898;0,1299;-0,0112;0,9874;;False
3463,19;10.22;pa034​;20250620_102900;1;FO1;0,0268;1,6067;0,0347;0,0901;0,1293;-0,0113;0,9874;;False
3463,20;10.23;pa034​;20250620_102900;1;FO1;0,0268;1,6066;0,0344;0,0905;0,1289;-0,0114;0,9875;;False
3463,21;10.25;pa034​;20250620_102900;1;FO1;0,0269;1,6065;0,0342;0,0908;0,1283;-0,0118;0,9875;;False
3463,23;10.26;pa034​;20250620_102900;1;FO1;0,0269;1,6063;0,0339;0,0915;0,1279;-0,0118;0,9875;;False
3463,24;10.27;pa034​;20250620_102900;1;FO1;0,0270;1,6063;0,0337;0,0919;0,1276;-0,0119;0,9875;;False
3463,26;10.29;pa034​;20250620_102900;1;FO1;0,0269;1,6062;0,0334;0,0921;0,1273;-0,0123;0,9875;;False
3463,27;10.3;pa034​;20250620_102900;1;FO1;0,0270;1,6061;0,0330;0,0925;0,1271;-0,0126;0,9875;;False
3463,28;10.31;pa034​;20250620_102900;1;FO1;0,0270;1,6060;0,0326;0,0926;0,1272;-0,0128;0,9875;;False
3463,30;10.33;pa034​;20250620_102900;1;FO1;0,0271;1,6060;0,0323;0,0927;0,1273;-0,0129;0,9874;;False
3463,32;10.35;pa034​;20250620_102900;1;FO1;0,0272;1,6059;0,0320;0,0928;0,1277;-0,0130;0,9874;;False
3463,33;10.36;pa034​;20250620_102900;1;FO1;0,0273;1,6059;0,0318;0,0931;0,1280;-0,0125;0,9873;;False
3463,35;10.38;pa034​;20250620_102900;1;FO1;0,0274;1,6059;0,0316;0,0932;0,1281;-0,0125;0,9873;;False
3463,36;10.39;pa034​;20250620_102900;1;FO1;0,0275;1,6058;0,0313;0,0932;0,1282;-0,0124;0,9873;;False
3463,38;10.41;pa034​;20250620_102900;1;FO1;0,0276;1,6058;0,0312;0,0930;0,1281;-0,0125;0,9873;;False
3463,39;10.42;pa034​;20250620_102900;1;FO1;0,0276;1,6058;0,0311;0,0929;0,1281;-0,0125;0,9873;;False
3463,41;10.44;pa034​;20250620_102900;1;FO1;0,0277;1,6058;0,0308;0,0928;0,1280;-0,0125;0,9873;;False
3463,43;10.46;pa034​;20250620_102900;1;FO1;0,0278;1,6058;0,0308;0,0930;0,1278;-0,0125;0,9873;;False
3463,44;10.47;pa034​;20250620_102900;1;FO1;0,0278;1,6056;0,0307;0,0938;0,1273;-0,0125;0,9873;;False
3463,46;10.49;pa034​;20250620_102900;1;FO1;0,0278;1,6054;0,0307;0,0951;0,1269;-0,0125;0,9873;;False
3463,47;10.5;pa034​;20250620_102900;1;FO1;0,0278;1,6050;0,0308;0,0964;0,1261;-0,0124;0,9872;;False
3463,49;10.52;pa034​;20250620_102900;1;FO1;0,0277;1,6047;0,0311;0,0969;0,1254;-0,0120;0,9873;;False
3463,50;10.53;pa034​;20250620_102900;1;FO1;0,0277;1,6043;0,0313;0,0978;0,1243;-0,0120;0,9873;;False
3463,52;10.55;pa034​;20250620_102900;1;FO1;0,0277;1,6037;0,0315;0,0993;0,1231;-0,0117;0,9873;;False
3463,53;10.57;pa034​;20250620_102900;1;FO1;0,0274;1,6026;0,0320;0,1024;0,1210;-0,0114;0,9873;;False
3463,55;10.58;pa034​;20250620_102900;1;FO1;0,0272;1,6014;0,0324;0,1059;0,1193;-0,0117;0,9871;;False
3463,56;10.59;pa034​;20250620_102900;1;FO1;0,0269;1,5999;0,0332;0,1107;0,1167;-0,0116;0,9869;;False
3463,58;10.61;pa034​;20250620_102900;1;FO1;0,0265;1,5981;0,0345;0,1169;0,1138;-0,0112;0,9865;;False
3463,59;10.62;pa034​;20250620_102900;1;FO1;0,0262;1,5956;0,0362;0,1249;0,1104;-0,0113;0,9859;;False
3463,61;10.64;pa034​;20250620_102900;1;FO1;0,0258;1,5924;0,0382;0,1359;0,1069;-0,0109;0,9849;;False
3463,63;10.66;pa034​;20250620_102900;1;FO1;0,0254;1,5881;0,0403;0,1502;0,1026;-0,0111;0,9833;;False
3463,64;10.67;pa034​;20250620_102900;1;FO1;0,0248;1,5830;0,0425;0,1683;0,0976;-0,0115;0,9808;;False
3463,66;10.69;pa034​;20250620_102900;1;FO1;0,0240;1,5769;0,0452;0,1909;0,0914;-0,0121;0,9773;;False
3463,67;10.7;pa034​;20250620_102900;1;FO1;0,0232;1,5707;0,0484;0,2144;0,0847;-0,0129;0,9730;;False
3463,69;10.72;pa034​;20250620_102900;1;FO1;0,0216;1,5574;0,0550;0,2576;0,0711;-0,0146;0,9635;;False
3463,71;10.74;pa034​;20250620_102900;1;FO1;0,0207;1,5501;0,0591;0,2806;0,0628;-0,0144;0,9576;;False
3463,72;10.75;pa034​;20250620_102900;1;FO1;0,0198;1,5428;0,0634;0,3012;0,0549;-0,0144;0,9519;;False
3463,74;10.77;pa034​;20250620_102900;1;FO1;0,0188;1,5347;0,0671;0,3217;0,0480;-0,0154;0,9455;;False
3463,76;10.79;pa034​;20250620_102900;1;FO1;0,0177;1,5267;0,0711;0,3419;0,0414;-0,0167;0,9387;;False
3463,77;10.8;pa034​;20250620_102900;1;FO1;0,0160;1,5114;0,0786;0,3827;0,0266;-0,0192;0,9233;;False
3463,79;10.82;pa034​;20250620_102900;1;FO1;0,0153;1,5038;0,0822;0,4006;0,0209;-0,0188;0,9158;;False
3463,81;10.84;pa034​;20250620_102900;1;FO1;0,0146;1,4968;0,0853;0,4168;0,0180;-0,0192;0,9086;;False
3463,82;10.85;pa034​;20250620_102900;1;FO1;0,0147;1,4907;0,0889;0,4335;0,0161;-0,0191;0,9008;;False
3463,84;10.87;pa034​;20250620_102900;1;FO1;0,0143;1,4794;0,0956;0,4630;0,0109;-0,0173;0,8861;;False
3463,86;10.89;pa034​;20250620_102900;1;FO1;0,0143;1,4758;0,0994;0,4715;0,0088;-0,0148;0,8817;;False
3463,87;10.9;pa034​;20250620_102900;1;FO1;0,0142;1,4720;0,1032;0,4789;0,0067;-0,0133;0,8777;;False
3463,89;10.92;pa034​;20250620_102900;1;FO1;0,0140;1,4686;0,1067;0,4849;0,0051;-0,0127;0,8744;;False
3463,90;10.93;pa034​;20250620_102900;1;FO1;0,0135;1,4655;0,1099;0,4913;0,0039;-0,0130;0,8709;;False
3463,91;10.94;pa034​;20250620_102900;1;FO1;0,0133;1,4628;0,1128;0,4970;0,0027;-0,0133;0,8677;;False
3463,93;10.96;pa034​;20250620_102900;1;FO1;0,0132;1,4606;0,1160;0,5017;0,0035;-0,0141;0,8649;;False
3463,94;10.97;pa034​;20250620_102900;1;FO1;0,0137;1,4592;0,1196;0,5037;0,0043;-0,0144;0,8637;;False
3463,96;10.99;pa034​;20250620_102900;1;FO1;0,0138;1,4576;0,1231;0,5041;0,0048;-0,0129;0,8636;;False
3463,97;11.0;pa034​;20250620_102900;1;FO1;0,0139;1,4562;0,1265;0,5042;0,0063;-0,0120;0,8635;;False
3463,99;11.02;pa034​;20250620_102900;1;FO1;0,0140;1,4548;0,1295;0,5036;0,0073;-0,0108;0,8639;;False
3464,00;11.03;pa034​;20250620_102900;1;FO1;0,0141;1,4533;0,1327;0,5038;0,0082;-0,0101;0,8637;;False
3464,01;11.04;pa034​;20250620_102900;1;FO1;0,0141;1,4519;0,1351;0,5042;0,0090;-0,0100;0,8635;;False
3464,02;11.05;pa034​;20250620_102900;1;FO1;0,0139;1,4504;0,1374;0,5056;0,0097;-0,0101;0,8627;;False
3464,04;11.07;pa034​;20250620_102900;1;FO1;0,0136;1,4493;0,1398;0,5069;0,0105;-0,0102;0,8619;;False
3464,05;11.08;pa034​;20250620_102900;1;FO1;0,0133;1,4484;0,1417;0,5078;0,0116;-0,0107;0,8613;;False
3464,06;11.09;pa034​;20250620_102900;1;FO1;0,0131;1,4478;0,1437;0,5091;0,0128;-0,0104;0,8606;;False
3464,08;11.11;pa034​;20250620_102900;1;FO1;0,0126;1,4475;0,1457;0,5089;0,0138;-0,0085;0,8607;;False
3464,09;11.12;pa034​;20250620_102900;1;FO1;0,0117;1,4472;0,1483;0,5075;0,0149;-0,0081;0,8615;;False
3464,10;11.13;pa034​;20250620_102900;1;FO1;0,0116;1,4470;0,1496;0,5047;0,0151;-0,0071;0,8632;;False
3464,12;11.15;pa034​;20250620_102900;1;FO1;0,0109;1,4473;0,1509;0,5035;0,0155;-0,0038;0,8638;;False
3464,13;11.16;pa034​;20250620_102900;1;FO1;0,0102;1,4476;0,1522;0,5008;0,0159;-0,0025;0,8654;;False
3464,15;11.18;pa034​;20250620_102900;1;FO1;0,0093;1,4482;0,1536;0,4983;0,0166;-0,0016;0,8669;;False
3464,16;11.19;pa034​;20250620_102900;1;FO1;0,0084;1,4490;0,1549;0,4952;0,0168;-0,0004;0,8686;;False
3464,17;11.2;pa034​;20250620_102900;1;FO1;0,0074;1,4500;0,1565;0,4918;0,0169;0,0007;0,8705;;False
3464,19;11.22;pa034​;20250620_102900;1;FO1;0,0063;1,4509;0,1582;0,4868;0,0169;0,0009;0,8733;;False
3464,20;11.23;pa034​;20250620_102900;1;FO1;0,0050;1,4520;0,1596;0,4838;0,0171;0,0009;0,8750;;False
3464,21;11.25;pa034​;20250620_102900;1;FO1;0,0040;1,4531;0,1606;0,4805;0,0166;0,0007;0,8768;;False
3464,23;11.26;pa034​;20250620_102900;1;FO1;0,0028;1,4543;0,1615;0,4773;0,0168;0,0003;0,8786;;False
3464,24;11.27;pa034​;20250620_102900;1;FO1;0,0019;1,4557;0,1625;0,4755;0,0168;-0,0001;0,8796;;False
3464,26;11.29;pa034​;20250620_102900;1;FO1;0,0005;1,4571;0,1637;0,4716;0,0174;0,0009;0,8817;;False
3464,27;11.3;pa034​;20250620_102900;1;FO1;-0,0007;1,4587;0,1653;0,4676;0,0185;0,0010;0,8837;;False
3464,28;11.31;pa034​;20250620_102900;1;FO1;-0,0016;1,4601;0,1664;0,4636;0,0197;0,0005;0,8858;;False
3464,30;11.33;pa034​;20250620_102900;1;FO1;-0,0030;1,4617;0,1671;0,4610;0,0206;0,0021;0,8871;;False
3464,31;11.34;pa034​;20250620_102900;1;FO1;-0,0042;1,4630;0,1677;0,4580;0,0212;0,0031;0,8887;;False
3464,33;11.36;pa034​;20250620_102900;1;FO1;-0,0057;1,4645;0,1684;0,4557;0,0225;0,0042;0,8899;;False
3464,34;11.37;pa034​;20250620_102900;1;FO1;-0,0071;1,4660;0,1688;0,4534;0,0235;0,0047;0,8910;;False
3464,35;11.38;pa034​;20250620_102900;1;FO1;-0,0085;1,4676;0,1697;0,4504;0,0232;0,0059;0,8925;;False
3464,37;11.4;pa034​;20250620_102900;1;FO1;-0,0099;1,4691;0,1709;0,4453;0,0229;0,0067;0,8951;;False
3464,38;11.41;pa034​;20250620_102900;1;FO1;-0,0115;1,4705;0,1714;0,4394;0,0226;0,0074;0,8980;;False
3464,40;11.43;pa034​;20250620_102900;1;FO1;-0,0130;1,4717;0,1717;0,4361;0,0230;0,0073;0,8996;;False
3464,41;11.44;pa034​;20250620_102900;1;FO1;-0,0145;1,4728;0,1724;0,4325;0,0231;0,0071;0,9013;;False
3464,42;11.45;pa034​;20250620_102900;1;FO1;-0,0160;1,4738;0,1728;0,4286;0,0234;0,0071;0,9032;;False
3464,44;11.47;pa034​;20250620_102900;1;FO1;-0,0170;1,4745;0,1730;0,4237;0,0225;0,0070;0,9055;;False
3464,45;11.48;pa034​;20250620_102900;1;FO1;-0,0185;1,4753;0,1741;0,4193;0,0230;0,0084;0,9075;;False
3464,47;11.5;pa034​;20250620_102900;1;FO1;-0,0197;1,4763;0,1745;0,4164;0,0227;0,0088;0,9089;;False
3464,48;11.51;pa034​;20250620_102900;1;FO1;-0,0208;1,4773;0,1747;0,4146;0,0218;0,0096;0,9097;;False
3464,49;11.52;pa034​;20250620_102900;1;FO1;-0,0220;1,4787;0,1752;0,4136;0,0208;0,0108;0,9101;;False
3464,51;11.54;pa034​;20250620_102900;1;FO1;-0,0227;1,4803;0,1763;0,4130;0,0191;0,0112;0,9105;;False
3464,52;11.55;pa034​;20250620_102900;1;FO1;-0,0235;1,4823;0,1771;0,4119;0,0179;0,0120;0,9110;;False
3464,53;11.56;pa034​;20250620_102900;1;FO1;-0,0242;1,4846;0,1779;0,4105;0,0167;0,0133;0,9116;;False
3464,55;11.58;pa034​;20250620_102900;1;FO1;-0,0248;1,4871;0,1788;0,4085;0,0153;0,0144;0,9125;;False
3464,56;11.59;pa034​;20250620_102900;1;FO1;-0,0254;1,4895;0,1798;0,4052;0,0143;0,0145;0,9140;;False
3464,58;11.61;pa034​;20250620_102900;1;FO1;-0,0257;1,4920;0,1810;0,4009;0,0135;0,0144;0,9159;;False
3464,59;11.62;pa034​;20250620_102900;1;FO1;-0,0262;1,4943;0,1825;0,3947;0,0139;0,0144;0,9186;;False
3464,60;11.63;pa034​;20250620_102900;1;FO1;-0,0265;1,4964;0,1842;0,3880;0,0146;0,0137;0,9214;Collision avec Debut - Objet Parent SceneAnchor;False
3464,62;11.65;pa034​;20250620_102900;1;FO1;-0,0267;1,4982;0,1864;0,3823;0,0149;0,0142;0,9238;Collision avec Debut - Objet Parent SceneAnchor;False
3464,63;11.66;pa034​;20250620_102900;1;FO1;-0,0268;1,4994;0,1880;0,3768;0,0155;0,0142;0,9260;Collision avec Debut - Objet Parent SceneAnchor;False
3464,65;11.68;pa034​;20250620_102900;1;FO1;-0,0269;1,5005;0,1896;0,3741;0,0165;0,0148;0,9271;Collision avec Debut - Objet Parent SceneAnchor;False
3464,66;11.69;pa034​;20250620_102900;1;FO1;-0,0268;1,5015;0,1914;0,3718;0,0173;0,0150;0,9280;Collision avec Debut - Objet Parent SceneAnchor;False
3464,67;11.7;pa034​;20250620_102900;1;FO1;-0,0267;1,5027;0,1938;0,3704;0,0185;0,0153;0,9286;Collision avec Debut - Objet Parent SceneAnchor;False
3464,69;11.72;pa034​;20250620_102900;1;FO1;-0,0264;1,5038;0,1964;0,3681;0,0191;0,0160;0,9294;Collision avec Debut - Objet Parent SceneAnchor;False
3464,70;11.73;pa034​;20250620_102900;1;FO1;-0,0259;1,5048;0,1992;0,3665;0,0185;0,0171;0,9301;Collision avec Debut - Objet Parent SceneAnchor;False
3464,71;11.75;pa034​;20250620_102900;1;FO1;-0,0256;1,5060;0,2021;0,3649;0,0184;0,0179;0,9307;Collision avec Debut - Objet Parent SceneAnchor;False
3464,73;11.76;pa034​;20250620_102900;1;FO1;-0,0250;1,5069;0,2052;0,3629;0,0176;0,0183;0,9315;Collision avec Debut - Objet Parent SceneAnchor;False
3464,74;11.77;pa034​;20250620_102900;1;FO1;-0,0243;1,5079;0,2085;0,3607;0,0166;0,0187;0,9323;Collision avec Debut - Objet Parent SceneAnchor;False
3464,76;11.79;pa034​;20250620_102900;1;FO1;-0,0234;1,5087;0,2119;0,3583;0,0159;0,0180;0,9333;Collision avec Debut - Objet Parent SceneAnchor;False
3464,77;11.8;pa034​;20250620_102900;1;FO1;-0,0221;1,5094;0,2152;0,3564;0,0149;0,0170;0,9340;Collision avec Debut - Objet Parent SceneAnchor;False
3464,78;11.81;pa034​;20250620_102900;1;FO1;-0,0209;1,5098;0,2186;0,3546;0,0141;0,0166;0,9348;Collision avec Debut - Objet Parent SceneAnchor;False
3464,80;11.83;pa034​;20250620_102900;1;FO1;-0,0195;1,5100;0,2221;0,3532;0,0129;0,0158;0,9353;Collision avec Debut - Objet Parent SceneAnchor;False
3464,81;11.84;pa034​;20250620_102900;1;FO1;-0,0179;1,5100;0,2255;0,3513;0,0114;0,0152;0,9361;Collision avec Debut - Objet Parent SceneAnchor;False
3464,83;11.86;pa034​;20250620_102900;1;FO1;-0,0161;1,5100;0,2290;0,3510;0,0100;0,0149;0,9362;Collision avec Debut - Objet Parent SceneAnchor;False
3464,84;11.87;pa034​;20250620_102900;1;FO1;-0,0142;1,5101;0,2327;0,3505;0,0087;0,0147;0,9364;Collision avec Debut - Objet Parent SceneAnchor;False
3464,86;11.89;pa034​;20250620_102900;1;FO1;-0,0123;1,5103;0,2360;0,3502;0,0076;0,0144;0,9365;Collision avec Debut - Objet Parent SceneAnchor;False
3464,87;11.9;pa034​;20250620_102900;1;FO1;-0,0102;1,5106;0,2394;0,3510;0,0066;0,0142;0,9362;Collision avec Debut - Objet Parent SceneAnchor;False
3464,88;11.91;pa034​;20250620_102900;1;FO1;-0,0080;1,5111;0,2427;0,3516;0,0059;0,0142;0,9360;Collision avec Debut - Objet Parent SceneAnchor;False
3464,90;11.93;pa034​;20250620_102900;1;FO1;-0,0057;1,5119;0,2461;0,3527;0,0055;0,0141;0,9356;Collision avec Debut - Objet Parent SceneAnchor;False
3464,91;11.94;pa034​;20250620_102900;1;FO1;-0,0032;1,5125;0,2493;0,3532;0,0052;0,0142;0,9354;Collision avec Debut - Objet Parent SceneAnchor;False
3464,93;11.96;pa034​;20250620_102900;1;FO1;-0,0007;1,5130;0,2521;0,3535;0,0051;0,0148;0,9353;Collision avec Debut - Objet Parent SceneAnchor;False
3464,94;11.97;pa034​;20250620_102900;1;FO1;0,0016;1,5133;0,2548;0,3545;0,0049;0,0155;0,9349;Collision avec Debut - Objet Parent SceneAnchor;False
3464,96;11.99;pa034​;20250620_102900;1;FO1;0,0039;1,5132;0,2575;0,3540;0,0048;0,0162;0,9351;Collision avec Debut - Objet Parent SceneAnchor;False
3464,97;12.0;pa034​;20250620_102900;1;FO1;0,0062;1,5127;0,2606;0,3518;0,0046;0,0170;0,9359;Collision avec Debut - Objet Parent SceneAnchor;False
3464,99;12.02;pa034​;20250620_102900;1;FO1;0,0083;1,5121;0,2644;0,3484;0,0047;0,0182;0,9372;Collision avec Debut - Objet Parent SceneAnchor;False
3465,00;12.03;pa034​;20250620_102900;1;FO1;0,0103;1,5118;0,2685;0,3454;0,0056;0,0176;0,9383;Collision avec Debut - Objet Parent SceneAnchor;False
3465,02;12.05;pa034​;20250620_102900;1;FO1;0,0121;1,5113;0,2726;0,3447;0,0072;0,0161;0,9386;Collision avec Debut - Objet Parent SceneAnchor;False
3465,03;12.06;pa034​;20250620_102900;1;FO1;0,0139;1,5111;0,2769;0,3470;0,0086;0,0151;0,9377;Collision avec Debut - Objet Parent SceneAnchor;False
3465,05;12.08;pa034​;20250620_102900;1;FO1;0,0156;1,5112;0,2819;0,3497;0,0102;0,0150;0,9367;Collision avec Debut - Objet Parent SceneAnchor;False
3465,06;12.09;pa034​;20250620_102900;1;FO1;0,0171;1,5114;0,2871;0,3516;0,0119;0,0145;0,9360;Collision avec Debut - Objet Parent SceneAnchor;False
3465,08;12.11;pa034​;20250620_102900;1;FO1;0,0184;1,5117;0,2930;0,3542;0,0135;0,0146;0,9350;Collision avec Debut - Objet Parent SceneAnchor;False
3465,09;12.12;pa034​;20250620_102900;1;FO1;0,0195;1,5120;0,2992;0,3558;0,0151;0,0148;0,9343;;False
3465,12;12.15;pa034​;20250620_102900;1;FO1;0,0212;1,5126;0,3122;0,3577;0,0176;0,0159;0,9335;;False
3465,14;12.17;pa034​;20250620_102900;1;FO1;0,0215;1,5126;0,3194;0,3574;0,0180;0,0173;0,9336;;False
3465,16;12.19;pa034​;20250620_102900;1;FO1;0,0219;1,5120;0,3346;0,3552;0,0180;0,0181;0,9345;;False
3465,18;12.21;pa034​;20250620_102900;1;FO1;0,0219;1,5110;0,3426;0,3550;0,0163;0,0185;0,9346;;False
3465,20;12.23;pa034​;20250620_102900;1;FO1;0,0217;1,5081;0,3595;0,3546;0,0140;0,0183;0,9347;;False
3465,22;12.25;pa034​;20250620_102900;1;FO1;0,0214;1,5061;0,3685;0,3552;0,0133;0,0169;0,9345;;False
3465,24;12.27;pa034​;20250620_102900;1;FO1;0,0206;1,5015;0,3869;0,3556;0,0120;0,0157;0,9344;;False
3465,27;12.3;pa034​;20250620_102900;1;FO1;0,0193;1,4960;0,4060;0,3571;0,0107;0,0153;0,9339;;False
3465,28;12.31;pa034​;20250620_102900;1;FO1;0,0184;1,4931;0,4161;0,3584;0,0103;0,0148;0,9334;;False
3465,30;12.33;pa034​;20250620_102900;1;FO1;0,0174;1,4901;0,4266;0,3597;0,0103;0,0144;0,9329;;False
3465,31;12.34;pa034​;20250620_102900;1;FO1;0,0161;1,4869;0,4375;0,3603;0,0101;0,0144;0,9327;;False
3465,32;12.35;pa034​;20250620_102900;1;FO1;0,0147;1,4837;0,4489;0,3600;0,0099;0,0148;0,9328;;False
3465,34;12.37;pa034​;20250620_102900;1;FO1;0,0133;1,4809;0,4605;0,3605;0,0098;0,0158;0,9326;;False
3465,35;12.38;pa034​;20250620_102900;1;FO1;0,0117;1,4780;0,4723;0,3606;0,0099;0,0169;0,9325;;False
3465,37;12.4;pa034​;20250620_102900;1;FO1;0,0099;1,4752;0,4842;0,3608;0,0101;0,0180;0,9324;;False
3465,38;12.41;pa034​;20250620_102900;1;FO1;0,0078;1,4725;0,4966;0,3612;0,0105;0,0184;0,9322;;False
3465,39;12.42;pa034​;20250620_102900;1;FO1;0,0055;1,4699;0,5096;0,3615;0,0109;0,0186;0,9321;;False
3465,41;12.44;pa034​;20250620_102900;1;FO1;0,0030;1,4674;0,5233;0,3606;0,0110;0,0184;0,9325;;False
3465,42;12.45;pa034​;20250620_102900;1;FO1;0,0004;1,4648;0,5375;0,3588;0,0112;0,0180;0,9332;;False
3465,43;12.46;pa034​;20250620_102900;1;FO1;-0,0024;1,4620;0,5521;0,3571;0,0114;0,0173;0,9338;;False
3465,45;12.48;pa034​;20250620_102900;1;FO1;-0,0053;1,4592;0,5671;0,3557;0,0122;0,0164;0,9344;;False
3465,46;12.49;pa034​;20250620_102900;1;FO1;-0,0084;1,4566;0,5824;0,3556;0,0129;0,0164;0,9344;;False
3465,48;12.51;pa034​;20250620_102900;1;FO1;-0,0114;1,4544;0,5982;0,3559;0,0132;0,0168;0,9343;;False
3465,49;12.52;pa034​;20250620_102900;1;FO1;-0,0147;1,4541;0,6149;0,3589;0,0144;0,0164;0,9331;;False
3465,50;12.53;pa034​;20250620_102900;1;FO1;-0,0181;1,4570;0,6355;0,3704;0,0184;0,0131;0,9286;;False
3465,52;12.55;pa034​;20250620_102900;1;FO1;-0,0212;1,4537;0,6514;0,3548;0,0185;0,0154;0,9346;;False
3465,53;12.56;pa034​;20250620_102900;1;FO1;-0,0245;1,4560;0,6690;0,3625;0,0171;0,0185;0,9317;;False
3465,55;12.58;pa034​;20250620_102900;1;FO1;-0,0278;1,4569;0,6865;0,3666;0,0177;0,0179;0,9300;;False
3465,56;12.59;pa034​;20250620_102900;1;FO1;-0,0307;1,4590;0,7037;0,3740;0,0181;0,0172;0,9271;;False
3465,57;12.6;pa034​;20250620_102900;1;FO1;-0,0331;1,4614;0,7202;0,3784;0,0173;0,0184;0,9253;;False
3465,59;12.62;pa034​;20250620_102900;1;FO1;-0,0353;1,4640;0,7363;0,3789;0,0166;0,0189;0,9251;;False
3465,60;12.63;pa034​;20250620_102900;1;FO1;-0,0375;1,4669;0,7520;0,3785;0,0154;0,0197;0,9252;;False
3465,62;12.65;pa034​;20250620_102900;1;FO1;-0,0394;1,4699;0,7672;0,3783;0,0137;0,0204;0,9253;;False
3465,63;12.66;pa034​;20250620_102900;1;FO1;-0,0409;1,4726;0,7811;0,3765;0,0113;0,0208;0,9261;;False
3465,64;12.67;pa034​;20250620_102900;1;FO1;-0,0421;1,4756;0,7949;0,3778;0,0097;0,0210;0,9256;;False
3465,66;12.69;pa034​;20250620_102900;1;FO1;-0,0431;1,4787;0,8085;0,3790;0,0086;0,0205;0,9251;;False
3465,67;12.7;pa034​;20250620_102900;1;FO1;-0,0440;1,4823;0,8226;0,3804;0,0081;0,0196;0,9246;;False
3465,68;12.72;pa034​;20250620_102900;1;FO1;-0,0446;1,4856;0,8369;0,3791;0,0074;0,0184;0,9251;;False
3465,70;12.73;pa034​;20250620_102900;1;FO1;-0,0450;1,4890;0,8508;0,3763;0,0068;0,0178;0,9263;;False
3465,71;12.74;pa034​;20250620_102900;1;FO1;-0,0452;1,4923;0,8647;0,3751;0,0067;0,0169;0,9268;;False
3465,73;12.76;pa034​;20250620_102900;1;FO1;-0,0454;1,4954;0,8784;0,3742;0,0069;0,0162;0,9272;;False
3465,74;12.77;pa034​;20250620_102900;1;FO1;-0,0455;1,4981;0,8917;0,3738;0,0079;0,0151;0,9274;;False
3465,75;12.78;pa034​;20250620_102900;1;FO1;-0,0457;1,5007;0,9053;0,3737;0,0097;0,0134;0,9274;;False
3465,77;12.8;pa034​;20250620_102900;1;FO1;-0,0457;1,5031;0,9187;0,3737;0,0113;0,0119;0,9274;;False
3465,78;12.81;pa034​;20250620_102900;1;FO1;-0,0456;1,5051;0,9325;0,3741;0,0125;0,0114;0,9272;;False
3465,80;12.83;pa034​;20250620_102900;1;FO1;-0,0456;1,5067;0,9462;0,3741;0,0140;0,0113;0,9272;;False
3465,81;12.84;pa034​;20250620_102900;1;FO1;-0,0456;1,5081;0,9600;0,3742;0,0157;0,0110;0,9272;;False
3465,82;12.85;pa034​;20250620_102900;1;FO1;-0,0455;1,5093;0,9738;0,3740;0,0172;0,0114;0,9272;;False
3465,84;12.87;pa034​;20250620_102900;1;FO1;-0,0454;1,5101;0,9876;0,3735;0,0188;0,0121;0,9274;;False
3465,85;12.88;pa034​;20250620_102900;1;FO1;-0,0453;1,5104;1,0014;0,3731;0,0200;0,0124;0,9275;;False
3465,87;12.9;pa034​;20250620_102900;1;FO1;-0,0453;1,5104;1,0154;0,3726;0,0207;0,0126;0,9277;;False
3465,88;12.91;pa034​;20250620_102900;1;FO1;-0,0454;1,5100;1,0294;0,3718;0,0207;0,0127;0,9280;;False
3465,89;12.92;pa034​;20250620_102900;1;FO1;-0,0453;1,5090;1,0435;0,3710;0,0200;0,0121;0,9283;;False
3465,91;12.94;pa034​;20250620_102900;1;FO1;-0,0452;1,5075;1,0576;0,3702;0,0193;0,0110;0,9287;;False
3465,92;12.95;pa034​;20250620_102900;1;FO1;-0,0448;1,5055;1,0718;0,3695;0,0185;0,0095;0,9290;;False
3465,94;12.97;pa034​;20250620_102900;1;FO1;-0,0442;1,5031;1,0860;0,3684;0,0179;0,0080;0,9295;;False
3465,95;12.98;pa034​;20250620_102900;1;FO1;-0,0435;1,5005;1,1002;0,3676;0,0172;0,0070;0,9298;;False
3465,96;12.99;pa034​;20250620_102900;1;FO1;-0,0426;1,4978;1,1145;0,3671;0,0166;0,0065;0,9300;;False
3465,98;13.01;pa034​;20250620_102900;1;FO1;-0,0416;1,4952;1,1288;0,3676;0,0162;0,0059;0,9298;;False
3465,99;13.02;pa034​;20250620_102900;1;FO1;-0,0405;1,4926;1,1433;0,3693;0,0162;0,0052;0,9292;;False
3466,00;13.03;pa034​;20250620_102900;1;FO1;-0,0392;1,4901;1,1580;0,3709;0,0157;0,0049;0,9285;;False
3466,02;13.05;pa034​;20250620_102900;1;FO1;-0,0379;1,4880;1,1731;0,3716;0,0144;0,0050;0,9283;;False
3466,03;13.06;pa034​;20250620_102900;1;FO1;-0,0365;1,4862;1,1885;0,3716;0,0136;0,0045;0,9283;;False
3466,05;13.08;pa034​;20250620_102900;1;FO1;-0,0351;1,4851;1,2044;0,3714;0,0126;0,0048;0,9284;;False
3466,06;13.09;pa034​;20250620_102900;1;FO1;-0,0339;1,4846;1,2203;0,3707;0,0110;0,0065;0,9286;;False
3466,07;13.1;pa034​;20250620_102900;1;FO1;-0,0328;1,4865;1,2374;0,3788;0,0101;0,0071;0,9254;;False
3466,09;13.12;pa034​;20250620_102900;1;FO1;-0,0317;1,4866;1,2540;0,3790;0,0098;0,0076;0,9253;;False
3466,10;13.13;pa034​;20250620_102900;1;FO1;-0,0306;1,4868;1,2690;0,3801;0,0104;0,0073;0,9249;;False
3466,12;13.15;pa034​;20250620_102900;1;FO1;-0,0302;1,4869;1,2831;0,3804;0,0156;0,0037;0,9247;;False
3466,13;13.16;pa034​;20250620_102900;1;FO1;-0,0297;1,4881;1,2964;0,3821;0,0194;0,0030;0,9239;;False
3466,14;13.17;pa034​;20250620_102900;1;FO1;-0,0297;1,4905;1,3109;0,3852;0,0204;0,0068;0,9226;;False
3466,16;13.19;pa034​;20250620_102900;1;FO1;-0,0299;1,4928;1,3267;0,3829;0,0213;0,0095;0,9235;;False
3466,17;13.2;pa034​;20250620_102900;1;FO1;-0,0307;1,4957;1,3425;0,3777;0,0223;0,0103;0,9256;;False
3466,18;13.21;pa034​;20250620_102900;1;FO1;-0,0314;1,4979;1,3570;0,3730;0,0214;0,0109;0,9275;;False
3466,20;13.23;pa034​;20250620_102900;1;FO1;-0,0323;1,5005;1,3714;0,3731;0,0210;0,0122;0,9275;;False
3466,21;13.24;pa034​;20250620_102900;1;FO1;-0,0331;1,5025;1,3858;0,3732;0,0200;0,0128;0,9274;;False
3466,22;13.25;pa034​;20250620_102900;1;FO1;-0,0340;1,5047;1,4001;0,3752;0,0192;0,0130;0,9267;;False
3466,24;13.27;pa034​;20250620_102900;1;FO1;-0,0349;1,5069;1,4144;0,3784;0,0182;0,0130;0,9254;;False
3466,25;13.28;pa034​;20250620_102900;1;FO1;-0,0356;1,5094;1,4291;0,3826;0,0178;0,0119;0,9237;;False
3466,27;13.3;pa034​;20250620_102900;1;FO1;-0,0362;1,5119;1,4440;0,3835;0,0168;0,0108;0,9233;;False
3466,28;13.31;pa034​;20250620_102900;1;FO1;-0,0368;1,5142;1,4585;0,3839;0,0155;0,0110;0,9232;;False
3466,29;13.32;pa034​;20250620_102900;1;FO1;-0,0373;1,5162;1,4728;0,3843;0,0142;0,0106;0,9231;Collision avec Chemin1 - Objet Parent Plot-Mousse1;False
3466,30;13.33;pa034​;20250620_102900;1;FO1;-0,0377;1,5181;1,4872;0,3847;0,0129;0,0102;0,9229;Collision avec Chemin1 - Objet Parent Plot-Mousse1;False
3466,32;13.35;pa034​;20250620_102900;1;FO1;-0,0379;1,5195;1,5020;0,3844;0,0110;0,0103;0,9230;Collision avec Chemin1 - Objet Parent Plot-Mousse1;False
3466,33;13.36;pa034​;20250620_102900;1;FO1;-0,0380;1,5204;1,5169;0,3832;0,0093;0,0104;0,9236;Collision avec Chemin1 - Objet Parent Plot-Mousse1;False
3466,34;13.37;pa034​;20250620_102900;1;FO1;-0,0380;1,5209;1,5321;0,3817;0,0075;0,0105;0,9242;Collision avec Chemin1 - Objet Parent Plot-Mousse1;False
3466,35;13.38;pa034​;20250620_102900;1;FO1;-0,0380;1,5208;1,5475;0,3804;0,0052;0,0105;0,9248;Collision avec Chemin1 - Objet Parent Plot-Mousse1;False
3466,37;13.4;pa034​;20250620_102900;1;FO1;-0,0379;1,5197;1,5633;0,3784;0,0033;0,0104;0,9256;Collision avec Chemin1 - Objet Parent Plot-Mousse1;False
3466,38;13.41;pa034​;20250620_102900;1;FO1;-0,0377;1,5175;1,5792;0,3751;0,0018;0,0099;0,9269;Collision avec Chemin1 - Objet Parent Plot-Mousse1;False
3466,40;13.43;pa034​;20250620_102900;1;FO1;-0,0375;1,5151;1,5955;0,3712;0,0002;0,0106;0,9285;Collision avec Chemin1 - Objet Parent Plot-Mousse1;False
3466,41;13.44;pa034​;20250620_102900;1;FO1;-0,0373;1,5120;1,6123;0,3667;-0,0010;0,0112;0,9303;Collision avec Chemin1 - Objet Parent Plot-Mousse1;False
3466,42;13.45;pa034​;20250620_102900;1;FO1;-0,0371;1,5085;1,6288;0,3624;-0,0010;0,0117;0,9320;Collision avec Chemin1 - Objet Parent Plot-Mousse1;False
3466,44;13.47;pa034​;20250620_102900;1;FO1;-0,0369;1,5039;1,6449;0,3583;-0,0009;0,0134;0,9335;Collision avec Chemin1 - Objet Parent Plot-Mousse1;False
3466,45;13.48;pa034​;20250620_102900;1;FO1;-0,0365;1,4990;1,6612;0,3558;-0,0013;0,0155;0,9344;Collision avec Chemin1 - Objet Parent Plot-Mousse1;False
3466,46;13.5;pa034​;20250620_102900;1;FO1;-0,0368;1,4936;1,6778;0,3529;0,0003;0,0178;0,9355;Collision avec Chemin1 - Objet Parent Plot-Mousse1;False
3466,48;13.51;pa034​;20250620_102900;1;FO1;-0,0368;1,4885;1,6956;0,3501;0,0007;0,0197;0,9365;Collision avec Chemin1 - Objet Parent Plot-Mousse1;False
3466,49;13.52;pa034​;20250620_102900;1;FO1;-0,0368;1,4835;1,7140;0,3487;0,0008;0,0206;0,9370;Collision avec Chemin1 - Objet Parent Plot-Mousse1;False
3466,51;13.54;pa034​;20250620_102900;1;FO1;-0,0374;1,4786;1,7327;0,3497;0,0018;0,0219;0,9366;Collision avec Chemin1 - Objet Parent Plot-Mousse1;False
3466,52;13.55;pa034​;20250620_102900;1;FO1;-0,0377;1,4740;1,7520;0,3510;0,0014;0,0231;0,9361;Collision avec Chemin1 - Objet Parent Plot-Mousse1;False
3466,53;13.56;pa034​;20250620_102900;1;FO1;-0,0384;1,4702;1,7724;0,3530;0,0017;0,0240;0,9353;Collision avec Chemin1 - Objet Parent Plot-Mousse1;False
3466,55;13.58;pa034​;20250620_102900;1;FO1;-0,0393;1,4670;1,7932;0,3547;0,0025;0,0240;0,9347;Collision avec Chemin1 - Objet Parent Plot-Mousse1;False
3466,56;13.59;pa034​;20250620_102900;1;FO1;-0,0403;1,4644;1,8151;0,3569;0,0034;0,0245;0,9338;Collision avec Chemin1 - Objet Parent Plot-Mousse1;False
3466,58;13.61;pa034​;20250620_102900;1;FO1;-0,0416;1,4623;1,8382;0,3572;0,0050;0,0241;0,9337;Collision avec Chemin1 - Objet Parent Plot-Mousse1;False
3466,59;13.62;pa034​;20250620_102900;1;FO1;-0,0431;1,4602;1,8618;0,3553;0,0064;0,0228;0,9344;Collision avec Chemin1 - Objet Parent Plot-Mousse1;False
3466,60;13.63;pa034​;20250620_102900;1;FO1;-0,0447;1,4583;1,8853;0,3527;0,0071;0,0220;0,9355;Collision avec Chemin1 - Objet Parent Plot-Mousse1;False
3466,62;13.65;pa034​;20250620_102900;1;FO1;-0,0465;1,4569;1,9100;0,3513;0,0077;0,0210;0,9360;Collision avec Chemin1 - Objet Parent Plot-Mousse1;False
3466,63;13.66;pa034​;20250620_102900;1;FO1;-0,0481;1,4553;1,9347;0,3455;0,0085;0,0193;0,9382;Collision avec Chemin1 - Objet Parent Plot-Mousse1;False
3466,65;13.68;pa034​;20250620_102900;1;FO1;-0,0497;1,4569;1,9595;0,3444;0,0107;0,0163;0,9386;;False
3466,66;13.69;pa034​;20250620_102900;1;FO1;-0,0513;1,4628;1,9908;0,3604;0,0158;0,0116;0,9326;;False
3466,67;13.7;pa034​;20250620_102900;1;FO1;-0,0518;1,4571;2,0102;0,3315;0,0134;0,0163;0,9432;;False
3466,69;13.72;pa034​;20250620_102900;1;FO1;-0,0532;1,4583;2,0314;0,3337;0,0098;0,0211;0,9424;;False
3466,70;13.73;pa034​;20250620_102900;1;FO1;-0,0542;1,4585;2,0518;0,3331;0,0041;0,0250;0,9425;;False
3466,71;13.74;pa034​;20250620_102900;1;FO1;-0,0544;1,4604;2,0701;0,3366;-0,0034;0,0278;0,9412;;False
3466,73;13.76;pa034​;20250620_102900;1;FO1;-0,0541;1,4649;2,0890;0,3447;-0,0090;0,0278;0,9382;;False
3466,74;13.77;pa034​;20250620_102900;1;FO1;-0,0533;1,4693;2,1087;0,3435;-0,0109;0,0220;0,9388;;False
3466,76;13.79;pa034​;20250620_102900;1;FO1;-0,0523;1,4748;2,1276;0,3388;-0,0097;0,0157;0,9407;;False
3466,77;13.8;pa034​;20250620_102900;1;FO1;-0,0509;1,4796;2,1448;0,3335;-0,0101;0,0130;0,9426;;False
3466,79;13.82;pa034​;20250620_102900;1;FO1;-0,0501;1,4853;2,1614;0,3318;-0,0089;0,0100;0,9433;;False
3466,80;13.83;pa034​;20250620_102900;1;FO1;-0,0494;1,4909;2,1780;0,3308;-0,0075;0,0089;0,9436;;False
3466,82;13.85;pa034​;20250620_102900;1;FO1;-0,0492;1,4971;2,1951;0,3311;-0,0059;0,0085;0,9435;;False
3466,83;13.86;pa034​;20250620_102900;1;FO1;-0,0488;1,5036;2,2124;0,3307;-0,0052;0,0099;0,9437;;False
3466,84;13.88;pa034​;20250620_102900;1;FO1;-0,0482;1,5100;2,2297;0,3278;-0,0051;0,0121;0,9446;;False
3466,86;13.89;pa034​;20250620_102900;1;FO1;-0,0473;1,5161;2,2469;0,3249;-0,0035;0,0123;0,9457;;False
3466,87;13.9;pa034​;20250620_102900;1;FO1;-0,0459;1,5213;2,2637;0,3212;-0,0006;0,0118;0,9469;;False
3466,89;13.92;pa034​;20250620_102900;1;FO1;-0,0445;1,5260;2,2805;0,3181;0,0018;0,0113;0,9480;;False
3466,90;13.93;pa034​;20250620_102900;1;FO1;-0,0431;1,5298;2,2973;0,3159;0,0037;0,0105;0,9487;;False
3466,92;13.95;pa034​;20250620_102900;1;FO1;-0,0418;1,5329;2,3142;0,3139;0,0044;0,0093;0,9494;;False
3466,93;13.97;pa034​;20250620_102900;1;FO1;-0,0407;1,5354;2,3310;0,3123;0,0045;0,0082;0,9499;;False
3466,95;13.98;pa034​;20250620_102900;1;FO1;-0,0395;1,5370;2,3478;0,3108;0,0041;0,0067;0,9504;;False
3466,97;14.0;pa034​;20250620_102900;1;FO1;-0,0371;1,5392;2,3812;0,3080;0,0043;0,0039;0,9514;Collision avec Chemin2 - Objet Parent Plot-Mousse2;False
3466,98;14.01;pa034​;20250620_102900;1;FO1;-0,0356;1,5383;2,3979;0,3080;0,0044;0,0026;0,9514;Collision avec Chemin2 - Objet Parent Plot-Mousse2;False
3467,00;14.03;pa034​;20250620_102900;1;FO1;-0,0342;1,5365;2,4143;0,3079;0,0045;0,0030;0,9514;Collision avec Chemin2 - Objet Parent Plot-Mousse2;False
3467,01;14.04;pa034​;20250620_102900;1;FO1;-0,0327;1,5340;2,4309;0,3082;0,0049;0,0029;0,9513;Collision avec Chemin2 - Objet Parent Plot-Mousse2;False
3467,02;14.05;pa034​;20250620_102900;1;FO1;-0,0311;1,5309;2,4478;0,3077;0,0054;0,0033;0,9515;Collision avec Chemin2 - Objet Parent Plot-Mousse2;False
3467,04;14.07;pa034​;20250620_102900;1;FO1;-0,0296;1,5275;2,4654;0,3058;0,0060;0,0028;0,9521;Collision avec Chemin2 - Objet Parent Plot-Mousse2;False
3467,05;14.08;pa034​;20250620_102900;1;FO1;-0,0280;1,5235;2,4831;0,3018;0,0066;0,0008;0,9534;Collision avec Chemin2 - Objet Parent Plot-Mousse2;False
3467,07;14.1;pa034​;20250620_102900;1;FO1;-0,0263;1,5191;2,5010;0,2987;0,0076;-0,0015;0,9543;Collision avec Chemin2 - Objet Parent Plot-Mousse2;False
3467,08;14.11;pa034​;20250620_102900;1;FO1;-0,0244;1,5139;2,5191;0,2960;0,0083;-0,0030;0,9552;Collision avec Chemin2 - Objet Parent Plot-Mousse2;False
3467,09;14.12;pa034​;20250620_102900;1;FO1;-0,0227;1,5087;2,5372;0,2956;0,0090;-0,0037;0,9553;Collision avec Chemin2 - Objet Parent Plot-Mousse2;False
3467,11;14.14;pa034​;20250620_102900;1;FO1;-0,0208;1,5032;2,5557;0,2966;0,0081;-0,0038;0,9550;Collision avec Chemin2 - Objet Parent Plot-Mousse2;False
3467,12;14.15;pa034​;20250620_102900;1;FO1;-0,0193;1,4972;2,5744;0,2972;0,0072;-0,0031;0,9548;Collision avec Chemin2 - Objet Parent Plot-Mousse2;False
3467,13;14.16;pa034​;20250620_102900;1;FO1;-0,0174;1,4913;2,5935;0,2991;0,0067;-0,0043;0,9542;Collision avec Chemin2 - Objet Parent Plot-Mousse2;False
3467,15;14.18;pa034​;20250620_102900;1;FO1;-0,0148;1,4859;2,6137;0,3016;0,0075;-0,0067;0,9534;Collision avec Chemin2 - Objet Parent Plot-Mousse2;False
3467,16;14.19;pa034​;20250620_102900;1;FO1;-0,0117;1,4815;2,6348;0,3035;0,0081;-0,0078;0,9528;Collision avec Chemin2 - Objet Parent Plot-Mousse2;False
3467,17;14.21;pa034​;20250620_102900;1;FO1;-0,0085;1,4786;2,6578;0,3050;0,0099;-0,0089;0,9523;Collision avec Chemin2 - Objet Parent Plot-Mousse2;False
3467,19;14.22;pa034​;20250620_102900;1;FO1;-0,0059;1,4764;2,6813;0,3043;0,0128;-0,0109;0,9524;Collision avec Chemin2 - Objet Parent Plot-Mousse2;False
3467,20;14.23;pa034​;20250620_102900;1;FO1;-0,0037;1,4744;2,7052;0,3026;0,0131;-0,0123;0,9529;Collision avec Chemin2 - Objet Parent Plot-Mousse2;False
3467,22;14.25;pa034​;20250620_102900;1;FO1;-0,0013;1,4727;2,7299;0,3030;0,0100;-0,0112;0,9529;Collision avec Chemin2 - Objet Parent Plot-Mousse2;False
3467,23;14.26;pa034​;20250620_102900;1;FO1;0,0014;1,4706;2,7553;0,3020;0,0052;-0,0092;0,9533;Collision avec Chemin2 - Objet Parent Plot-Mousse2;False
3467,24;14.27;pa034​;20250620_102900;1;FO1;0,0042;1,4684;2,7804;0,3026;0,0008;-0,0088;0,9531;Collision avec Chemin2 - Objet Parent Plot-Mousse2;False
3467,26;14.29;pa034​;20250620_102900;1;FO1;0,0068;1,4663;2,8057;0,3059;-0,0013;-0,0107;0,9520;Collision avec Chemin2 - Objet Parent Plot-Mousse2;False
3467,27;14.3;pa034​;20250620_102900;1;FO1;0,0092;1,4644;2,8312;0,3103;-0,0029;-0,0118;0,9505;Collision avec Chemin2 - Objet Parent Plot-Mousse2;False
3467,28;14.31;pa034​;20250620_102900;1;FO1;0,0113;1,4625;2,8571;0,3131;-0,0052;-0,0114;0,9496;;False
3467,30;14.33;pa034​;20250620_102900;1;FO1;0,0127;1,4609;2,8833;0,3114;-0,0086;-0,0085;0,9502;;False
3467,31;14.34;pa034​;20250620_102900;1;FO1;0,0139;1,4611;2,9096;0,3101;-0,0134;-0,0048;0,9506;;False
3467,33;14.36;pa034​;20250620_102900;1;FO1;0,0150;1,4668;2,9399;0,3239;-0,0173;-0,0047;0,9459;;False
3467,34;14.37;pa034​;20250620_102900;1;FO1;0,0160;1,4636;2,9647;0,3069;-0,0221;0,0011;0,9515;;False
3467,36;14.39;pa034​;20250620_102900;1;FO1;0,0171;1,4642;2,9898;0,3063;-0,0188;-0,0032;0,9518;;False
3467,37;14.4;pa034​;20250620_102900;1;FO1;0,0186;1,4634;3,0136;0,3024;-0,0119;-0,0114;0,9531;;False
3467,38;14.41;pa034​;20250620_102900;1;FO1;0,0192;1,4636;3,0350;0,3081;-0,0085;-0,0097;0,9513;;False
3467,40;14.43;pa034​;20250620_102900;1;FO1;0,0187;1,4649;3,0560;0,3164;-0,0089;-0,0050;0,9486;;False
3467,41;14.44;pa034​;20250620_102900;1;FO1;0,0173;1,4668;3,0759;0,3229;-0,0101;-0,0030;0,9464;;False
3467,43;14.46;pa034​;20250620_102900;1;FO1;0,0163;1,4694;3,0950;0,3298;-0,0103;-0,0041;0,9440;;False
3467,44;14.47;pa034​;20250620_102900;1;FO1;0,0152;1,4728;3,1140;0,3358;-0,0068;-0,0068;0,9419;;False
3467,45;14.48;pa034​;20250620_102900;1;FO1;0,0142;1,4775;3,1323;0,3406;-0,0038;-0,0086;0,9402;;False
3467,47;14.5;pa034​;20250620_102900;1;FO1;0,0132;1,4825;3,1497;0,3441;-0,0039;-0,0051;0,9389;;False
3467,48;14.51;pa034​;20250620_102900;1;FO1;0,0118;1,4884;3,1673;0,3485;-0,0057;-0,0012;0,9373;;False
3467,50;14.53;pa034​;20250620_102900;1;FO1;0,0100;1,4942;3,1853;0,3494;-0,0072;-0,0002;0,9369;;False
3467,51;14.54;pa034​;20250620_102900;1;FO1;0,0083;1,5001;3,2040;0,3506;-0,0085;-0,0008;0,9365;;False
3467,52;14.55;pa034​;20250620_102900;1;FO1;0,0065;1,5057;3,2228;0,3502;-0,0088;-0,0020;0,9366;;False
3467,54;14.57;pa034​;20250620_102900;1;FO1;0,0048;1,5108;3,2416;0,3492;-0,0093;-0,0025;0,9370;;False
3467,55;14.58;pa034​;20250620_102900;1;FO1;0,0030;1,5156;3,2601;0,3490;-0,0098;-0,0016;0,9371;;False
3467,57;14.6;pa034​;20250620_102900;1;FO1;0,0013;1,5195;3,2788;0,3486;-0,0110;0,0001;0,9372;;False
3467,58;14.61;pa034​;20250620_102900;1;FO1;-0,0001;1,5224;3,2974;0,3478;-0,0121;0,0028;0,9375;;False
3467,59;14.63;pa034​;20250620_102900;1;FO1;-0,0014;1,5247;3,3157;0,3475;-0,0128;0,0061;0,9376;;False
3467,61;14.64;pa034​;20250620_102900;1;FO1;-0,0027;1,5259;3,3345;0,3483;-0,0139;0,0083;0,9373;;False
3467,62;14.65;pa034​;20250620_102900;1;FO1;-0,0038;1,5265;3,3532;0,3485;-0,0141;0,0095;0,9372;;False
3467,64;14.67;pa034​;20250620_102900;1;FO1;-0,0049;1,5261;3,3721;0,3491;-0,0139;0,0093;0,9369;;False
3467,65;14.68;pa034​;20250620_102900;1;FO1;-0,0058;1,5248;3,3913;0,3496;-0,0141;0,0094;0,9368;;False
3467,67;14.7;pa034​;20250620_102900;1;FO1;-0,0068;1,5229;3,4109;0,3491;-0,0150;0,0104;0,9369;;False
3467,68;14.71;pa034​;20250620_102900;1;FO1;-0,0077;1,5201;3,4305;0,3476;-0,0162;0,0118;0,9374;;False
3467,69;14.72;pa034​;20250620_102900;1;FO1;-0,0087;1,5167;3,4500;0,3468;-0,0171;0,0132;0,9377;;False
3467,71;14.74;pa034​;20250620_102900;1;FO1;-0,0094;1,5126;3,4693;0,3474;-0,0172;0,0136;0,9375;;False
3467,72;14.75;pa034​;20250620_102900;1;FO1;-0,0102;1,5080;3,4887;0,3491;-0,0159;0,0130;0,9368;;False
3467,73;14.76;pa034​;20250620_102900;1;FO1;-0,0110;1,5033;3,5085;0,3514;-0,0138;0,0124;0,9360;;False
3467,75;14.78;pa034​;20250620_102900;1;FO1;-0,0122;1,4981;3,5287;0,3520;-0,0113;0,0120;0,9359;;False
3467,76;14.79;pa034​;20250620_102900;1;FO1;-0,0135;1,4927;3,5487;0,3518;-0,0086;0,0120;0,9360;;False
3467,78;14.81;pa034​;20250620_102900;1;FO1;-0,0152;1,4871;3,5692;0,3515;-0,0063;0,0135;0,9361;;False
3467,79;14.82;pa034​;20250620_102900;1;FO1;-0,0171;1,4818;3,5900;0,3519;-0,0042;0,0150;0,9359;;False
3467,81;14.84;pa034​;20250620_102900;1;FO1;-0,0192;1,4768;3,6113;0,3545;-0,0022;0,0162;0,9349;;False
3467,82;14.85;pa034​;20250620_102900;1;FO1;-0,0215;1,4718;3,6331;0,3573;-0,0004;0,0168;0,9338;;False
3467,83;14.86;pa034​;20250620_102900;1;FO1;-0,0237;1,4667;3,6549;0,3579;0,0020;0,0157;0,9336;;False
3467,85;14.88;pa034​;20250620_102900;1;FO1;-0,0263;1,4624;3,6769;0,3586;0,0056;0,0133;0,9334;;False
3467,86;14.89;pa034​;20250620_102900;1;FO1;-0,0289;1,4584;3,6986;0,3584;0,0076;0,0124;0,9335;;False
3467,88;14.91;pa034​;20250620_102900;1;FO1;-0,0320;1,4582;3,7214;0,3684;0,0113;0,0095;0,9296;;False
3467,89;14.92;pa034​;20250620_102900;1;FO1;-0,0358;1,4629;3,7483;0,3888;0,0197;0,0012;0,9211;;False
3467,90;14.93;pa034​;20250620_102900;1;FO1;-0,0386;1,4587;3,7701;0,3717;0,0203;0,0065;0,9281;;False
3467,92;14.95;pa034​;20250620_102900;1;FO1;-0,0415;1,4619;3,7931;0,3800;0,0155;0,0181;0,9247;;False
3467,93;14.96;pa034​;20250620_102900;1;FO1;-0,0440;1,4621;3,8138;0,3786;0,0104;0,0248;0,9252;;False
3467,95;14.98;pa034​;20250620_102900;1;FO1;-0,0460;1,4645;3,8333;0,3841;0,0068;0,0256;0,9229;;False
3467,96;14.99;pa034​;20250620_102900;1;FO1;-0,0475;1,4671;3,8529;0,3891;0,0061;0,0214;0,9209;;False
3467,98;15.01;pa034​;20250620_102900;1;FO1;-0,0504;1,4743;3,8913;0,3966;0,0090;0,0135;0,9179;;False
3467,99;15.02;pa034​;20250620_102900;1;FO1;-0,0516;1,4788;3,9098;0,3970;0,0098;0,0116;0,9177;;False
3468,01;15.04;pa034​;20250620_102900;1;FO1;-0,0529;1,4837;3,9285;0,3951;0,0087;0,0124;0,9185;;False
3468,02;15.05;pa034​;20250620_102900;1;FO1;-0,0542;1,4885;3,9469;0,3930;0,0072;0,0145;0,9194;;False
3468,04;15.07;pa034​;20250620_102900;1;FO1;-0,0554;1,4930;3,9639;0,3900;0,0061;0,0176;0,9206;;False
3468,05;15.08;pa034​;20250620_102900;1;FO1;-0,0566;1,4975;3,9807;0,3879;0,0053;0,0201;0,9215;;False
3468,07;15.1;pa034​;20250620_102900;1;FO1;-0,0577;1,5023;3,9976;0,3867;0,0057;0,0205;0,9220;;False
3468,08;15.11;pa034​;20250620_102900;1;FO1;-0,0587;1,5067;4,0145;0,3830;0,0069;0,0193;0,9235;;False
3468,09;15.12;pa034​;20250620_102900;1;FO1;-0,0595;1,5106;4,0312;0,3777;0,0075;0,0184;0,9257;;False
3468,11;15.14;pa034​;20250620_102900;1;FO1;-0,0603;1,5140;4,0476;0,3732;0,0075;0,0184;0,9275;;False
3468,12;15.15;pa034​;20250620_102900;1;FO1;-0,0610;1,5167;4,0638;0,3696;0,0073;0,0177;0,9290;;False
3468,14;15.17;pa034​;20250620_102900;1;FO1;-0,0616;1,5190;4,0803;0,3676;0,0067;0,0169;0,9298;;False
3468,15;15.18;pa034​;20250620_102900;1;FO1;-0,0620;1,5204;4,0970;0,3663;0,0063;0,0161;0,9303;;False
3468,16;15.19;pa034​;20250620_102900;1;FO1;-0,0624;1,5214;4,1137;0,3647;0,0063;0,0152;0,9310;;False
3468,18;15.21;pa034​;20250620_102900;1;FO1;-0,0624;1,5216;4,1305;0,3634;0,0065;0,0138;0,9315;;False
3468,19;15.22;pa034​;20250620_102900;1;FO1;-0,0624;1,5213;4,1475;0,3633;0,0074;0,0125;0,9316;;False
3468,21;15.24;pa034​;20250620_102900;1;FO1;-0,0621;1,5201;4,1643;0,3620;0,0080;0,0121;0,9321;;False
3468,22;15.25;pa034​;20250620_102900;1;FO1;-0,0619;1,5187;4,1817;0,3610;0,0091;0,0121;0,9325;;False
3468,23;15.26;pa034​;20250620_102900;1;FO1;-0,0615;1,5167;4,1992;0,3571;0,0103;0,0111;0,9339;;False
3468,25;15.28;pa034​;20250620_102900;1;FO1;-0,0609;1,5144;4,2168;0,3541;0,0110;0,0108;0,9351;;False
3468,26;15.29;pa034​;20250620_102900;1;FO1;-0,0601;1,5118;4,2345;0,3514;0,0110;0,0106;0,9361;;False
3468,28;15.31;pa034​;20250620_102900;1;FO1;-0,0592;1,5088;4,2522;0,3490;0,0108;0,0099;0,9370;;False
3468,29;15.32;pa034​;20250620_102900;1;FO1;-0,0580;1,5058;4,2700;0,3474;0,0100;0,0086;0,9376;;False
3468,31;15.34;pa034​;20250620_102900;1;FO1;-0,0565;1,5027;4,2880;0,3447;0,0089;0,0082;0,9386;;False
3468,32;15.35;pa034​;20250620_102900;1;FO1;-0,0548;1,4999;4,3062;0,3425;0,0073;0,0082;0,9394;;False
3468,33;15.36;pa034​;20250620_102900;1;FO1;-0,0528;1,4975;4,3244;0,3421;0,0057;0,0076;0,9396;;False
3468,35;15.38;pa034​;20250620_102900;1;FO1;-0,0508;1,4954;4,3428;0,3416;0,0047;0,0067;0,9398;;False
3468,36;15.39;pa034​;20250620_102900;1;FO1;-0,0486;1,4936;4,3614;0,3407;0,0033;0,0056;0,9401;;False
3468,38;15.41;pa034​;20250620_102900;1;FO1;-0,0462;1,4924;4,3803;0,3397;0,0016;0,0045;0,9405;;False
3468,39;15.42;pa034​;20250620_102900;1;FO1;-0,0438;1,4913;4,3994;0,3386;0,0001;0,0034;0,9409;;False
3468,40;15.43;pa034​;20250620_102900;1;FO1;-0,0412;1,4905;4,4185;0,3366;-0,0010;0,0027;0,9416;;False
3468,42;15.45;pa034​;20250620_102900;1;FO1;-0,0387;1,4902;4,4377;0,3355;-0,0026;0,0031;0,9420;;False
3468,43;15.46;pa034​;20250620_102900;1;FO1;-0,0365;1,4922;4,4577;0,3395;-0,0035;0,0030;0,9406;;False
3468,45;15.48;pa034​;20250620_102900;1;FO1;-0,0345;1,4969;4,4803;0,3509;-0,0027;0,0016;0,9364;;False
3468,46;15.49;pa034​;20250620_102900;1;FO1;-0,0325;1,4967;4,5002;0,3388;-0,0044;0,0053;0,9408;;False
3468,48;15.51;pa034​;20250620_102900;1;FO1;-0,0310;1,4983;4,5196;0,3356;-0,0042;0,0081;0,9420;;False
3468,49;15.52;pa034​;20250620_102900;1;FO1;-0,0298;1,4984;4,5383;0,3273;-0,0004;0,0054;0,9449;;False
3468,50;15.53;pa034​;20250620_102900;1;FO1;-0,0289;1,5000;4,5565;0,3270;0,0039;0,0025;0,9450;;False
3468,52;15.55;pa034​;20250620_102900;1;FO1;-0,0282;1,5016;4,5747;0,3309;0,0066;0,0020;0,9436;;False
3468,53;15.56;pa034​;20250620_102900;1;FO1;-0,0280;1,5039;4,5927;0,3351;0,0078;0,0033;0,9421;;False
3468,55;15.58;pa034​;20250620_102900;1;FO1;-0,0282;1,5070;4,6111;0,3397;0,0091;0,0039;0,9405;;False
3468,56;15.59;pa034​;20250620_102900;1;FO1;-0,0289;1,5104;4,6291;0,3435;0,0113;0,0036;0,9391;;False
3468,57;15.6;pa034​;20250620_102900;1;FO1;-0,0294;1,5139;4,6466;0,3457;0,0121;0,0037;0,9383;;False
3468,59;15.62;pa034​;20250620_102900;1;FO1;-0,0299;1,5181;4,6642;0,3478;0,0120;0,0053;0,9375;;False
3468,60;15.63;pa034​;20250620_102900;1;FO1;-0,0303;1,5225;4,6819;0,3484;0,0114;0,0063;0,9372;;False
3468,61;15.65;pa034​;20250620_102900;1;FO1;-0,0309;1,5267;4,6993;0,3473;0,0103;0,0065;0,9377;;False
3468,63;15.66;pa034​;20250620_102900;1;FO1;-0,0315;1,5307;4,7166;0,3458;0,0089;0,0057;0,9382;;False
3468,64;15.67;pa034​;20250620_102900;1;FO1;-0,0321;1,5344;4,7339;0,3441;0,0068;0,0051;0,9389;;False
3468,66;15.69;pa034​;20250620_102900;1;FO1;-0,0327;1,5375;4,7511;0,3420;0,0047;0,0037;0,9397;;False
3468,67;15.7;pa034​;20250620_102900;1;FO1;-0,0332;1,5398;4,7682;0,3397;0,0026;0,0021;0,9405;Collision avec Chemin3 - Objet Parent Plot-Mousse3;False
3468,68;15.71;pa034​;20250620_102900;1;FO1;-0,0337;1,5415;4,7853;0,3381;0,0007;0,0010;0,9411;Collision avec Chemin3 - Objet Parent Plot-Mousse3;False
3468,69;15.72;pa034​;20250620_102900;1;FO1;-0,0341;1,5422;4,8025;0,3366;-0,0013;0,0007;0,9417;Collision avec Chemin3 - Objet Parent Plot-Mousse3;False
3468,71;15.74;pa034​;20250620_102900;1;FO1;-0,0343;1,5426;4,8200;0,3349;-0,0033;0,0013;0,9423;Collision avec Chemin3 - Objet Parent Plot-Mousse3;False
3468,72;15.75;pa034​;20250620_102900;1;FO1;-0,0344;1,5424;4,8379;0,3329;-0,0052;0,0026;0,9429;Collision avec Chemin3 - Objet Parent Plot-Mousse3;False
3468,73;15.76;pa034​;20250620_102900;1;FO1;-0,0346;1,5415;4,8554;0,3313;-0,0060;0,0034;0,9435;Collision avec Chemin3 - Objet Parent Plot-Mousse3;False
3468,75;15.78;pa034​;20250620_102900;1;FO1;-0,0348;1,5393;4,8729;0,3302;-0,0059;0,0035;0,9439;Collision avec Chemin3 - Objet Parent Plot-Mousse3;False
3468,76;15.79;pa034​;20250620_102900;1;FO1;-0,0351;1,5365;4,8902;0,3292;-0,0051;0,0045;0,9442;Collision avec Chemin3 - Objet Parent Plot-Mousse3;False
3468,77;15.8;pa034​;20250620_102900;1;FO1;-0,0353;1,5330;4,9078;0,3279;-0,0043;0,0059;0,9447;Collision avec Chemin3 - Objet Parent Plot-Mousse3;False
3468,79;15.82;pa034​;20250620_102900;1;FO1;-0,0359;1,5289;4,9257;0,3254;-0,0035;0,0085;0,9455;Collision avec Chemin3 - Objet Parent Plot-Mousse3;False
3468,80;15.83;pa034​;20250620_102900;1;FO1;-0,0364;1,5243;4,9441;0,3224;-0,0035;0,0113;0,9465;Collision avec Chemin3 - Objet Parent Plot-Mousse3;False
3468,81;15.84;pa034​;20250620_102900;1;FO1;-0,0373;1,5193;4,9624;0,3206;-0,0035;0,0136;0,9471;Collision avec Chemin3 - Objet Parent Plot-Mousse3;False
3468,83;15.86;pa034​;20250620_102900;1;FO1;-0,0382;1,5139;4,9810;0,3212;-0,0036;0,0148;0,9469;Collision avec Chemin3 - Objet Parent Plot-Mousse3;False
3468,84;15.87;pa034​;20250620_102900;1;FO1;-0,0393;1,5082;4,9998;0,3216;-0,0033;0,0154;0,9468;Collision avec Chemin3 - Objet Parent Plot-Mousse3;False
3468,85;15.88;pa034​;20250620_102900;1;FO1;-0,0402;1,5024;5,0194;0,3212;-0,0032;0,0156;0,9469;Collision avec Chemin3 - Objet Parent Plot-Mousse3;False
3468,87;15.9;pa034​;20250620_102900;1;FO1;-0,0411;1,4970;5,0396;0,3224;-0,0037;0,0169;0,9464;Collision avec Chemin3 - Objet Parent Plot-Mousse3;False
3468,88;15.91;pa034​;20250620_102900;1;FO1;-0,0421;1,4916;5,0601;0,3238;-0,0040;0,0192;0,9459;Collision avec Chemin3 - Objet Parent Plot-Mousse3;False
3468,90;15.93;pa034​;20250620_102900;1;FO1;-0,0436;1,4871;5,0807;0,3270;-0,0034;0,0201;0,9448;Collision avec Chemin3 - Objet Parent Plot-Mousse3;False
3468,91;15.94;pa034​;20250620_102900;1;FO1;-0,0451;1,4830;5,1022;0,3310;-0,0024;0,0192;0,9434;Collision avec Chemin3 - Objet Parent Plot-Mousse3;False
3468,92;15.95;pa034​;20250620_102900;1;FO1;-0,0471;1,4795;5,1249;0,3337;-0,0009;0,0180;0,9425;Collision avec Chemin3 - Objet Parent Plot-Mousse3;False
3468,94;15.97;pa034​;20250620_102900;1;FO1;-0,0492;1,4763;5,1488;0,3335;0,0005;0,0170;0,9426;Collision avec Chemin3 - Objet Parent Plot-Mousse3;False
3468,95;15.98;pa034​;20250620_102900;1;FO1;-0,0513;1,4730;5,1733;0,3327;0,0011;0,0168;0,9429;Collision avec Chemin3 - Objet Parent Plot-Mousse3;False
3468,96;16.0;pa034​;20250620_102900;1;FO1;-0,0538;1,4695;5,1984;0,3317;0,0009;0,0171;0,9432;Collision avec Chemin3 - Objet Parent Plot-Mousse3;False
3468,98;16.01;pa034​;20250620_102900;1;FO1;-0,0565;1,4661;5,2234;0,3308;0,0015;0,0156;0,9436;Collision avec Chemin3 - Objet Parent Plot-Mousse3;False
3468,99;16.02;pa034​;20250620_102900;1;FO1;-0,0591;1,4631;5,2483;0,3302;0,0037;0,0124;0,9438;Collision avec Chemin3 - Objet Parent Plot-Mousse3;False
3469,01;16.04;pa034​;20250620_102900;1;FO1;-0,0615;1,4619;5,2734;0,3298;0,0063;0,0096;0,9440;;False
3469,02;16.05;pa034​;20250620_102900;1;FO1;-0,0644;1,4666;5,3040;0,3487;0,0101;0,0071;0,9372;;False
3469,03;16.07;pa034​;20250620_102900;1;FO1;-0,0668;1,4607;5,3264;0,3307;0,0097;0,0115;0,9436;;False
3469,05;16.08;pa034​;20250620_102900;1;FO1;-0,0689;1,4608;5,3472;0,3353;0,0072;0,0157;0,9419;;False
3469,06;16.09;pa034​;20250620_102900;1;FO1;-0,0709;1,4609;5,3686;0,3409;0,0074;0,0165;0,9399;;False
3469,08;16.11;pa034​;20250620_102900;1;FO1;-0,0723;1,4613;5,3873;0,3451;0,0083;0,0164;0,9384;;False
3469,09;16.12;pa034​;20250620_102900;1;FO1;-0,0733;1,4640;5,4056;0,3559;0,0059;0,0198;0,9343;;False
3469,10;16.14;pa034​;20250620_102900;1;FO1;-0,0742;1,4671;5,4230;0,3627;0,0042;0,0215;0,9317;;False
3469,12;16.15;pa034​;20250620_102900;1;FO1;-0,0754;1,4710;5,4402;0,3667;0,0026;0,0218;0,9301;;False
3469,13;16.16;pa034​;20250620_102900;1;FO1;-0,0763;1,4758;5,4564;0,3676;0,0012;0,0204;0,9298;;False
3469,15;16.18;pa034​;20250620_102900;1;FO1;-0,0770;1,4812;5,4726;0,3687;-0,0005;0,0201;0,9293;;False
3469,16;16.19;pa034​;20250620_102900;1;FO1;-0,0776;1,4870;5,4883;0,3688;-0,0020;0,0196;0,9293;;False
3469,19;16.22;pa034​;20250620_102900;1;FO1;-0,0783;1,4928;5,5032;0,3677;-0,0031;0,0192;0,9297;;False
3469,20;16.23;pa034​;20250620_102900;1;FO1;-0,0789;1,4986;5,5187;0,3686;-0,0029;0,0180;0,9294;;False
3469,22;16.25;pa034​;20250620_102900;1;FO1;-0,0793;1,5044;5,5341;0,3685;-0,0028;0,0176;0,9295;;False
3469,23;16.26;pa034​;20250620_102900;1;FO1;-0,0795;1,5101;5,5495;0,3676;-0,0025;0,0168;0,9298;;False
3469,25;16.28;pa034​;20250620_102900;1;FO1;-0,0795;1,5154;5,5650;0,3659;-0,0017;0,0155;0,9305;;False
3469,27;16.3;pa034​;20250620_102900;1;FO1;-0,0791;1,5246;5,5961;0,3613;-0,0002;0,0137;0,9324;;False
3469,29;16.32;pa034​;20250620_102900;1;FO1;-0,0786;1,5279;5,6119;0,3591;0,0004;0,0129;0,9332;;False
3469,30;16.33;pa034​;20250620_102900;1;FO1;-0,0782;1,5304;5,6275;0,3563;0,0014;0,0122;0,9343;;False
3469,31;16.34;pa034​;20250620_102900;1;FO1;-0,0778;1,5322;5,6431;0,3538;0,0022;0,0114;0,9352;;False
3469,34;16.37;pa034​;20250620_102900;1;FO1;-0,0768;1,5331;5,6749;0,3504;0,0031;0,0103;0,9365;;False
3469,35;16.38;pa034​;20250620_102900;1;FO1;-0,0760;1,5320;5,6912;0,3500;0,0034;0,0095;0,9367;;False
3469,37;16.4;pa034​;20250620_102900;1;FO1;-0,0753;1,5301;5,7076;0,3498;0,0043;0,0086;0,9368;;False
3469,38;16.41;pa034​;20250620_102900;1;FO1;-0,0744;1,5276;5,7241;0,3491;0,0053;0,0075;0,9370;;False
3469,40;16.43;pa034​;20250620_102900;1;FO1;-0,0734;1,5246;5,7407;0,3486;0,0066;0,0066;0,9372;;False
3469,41;16.44;pa034​;20250620_102900;1;FO1;-0,0724;1,5210;5,7575;0,3475;0,0081;0,0055;0,9376;;False
3469,42;16.45;pa034​;20250620_102900;1;FO1;-0,0714;1,5170;5,7746;0,3470;0,0098;0,0042;0,9378;;False
3469,44;16.47;pa034​;20250620_102900;1;FO1;-0,0703;1,5126;5,7921;0,3473;0,0111;0,0030;0,9377;;False
3469,45;16.48;pa034​;20250620_102900;1;FO1;-0,0690;1,5080;5,8101;0,3470;0,0122;0,0018;0,9378;;False
3469,46;16.49;pa034​;20250620_102900;1;FO1;-0,0675;1,5036;5,8284;0,3451;0,0132;0,0010;0,9385;;False
3469,48;16.51;pa034​;20250620_102900;1;FO1;-0,0660;1,4992;5,8469;0,3431;0,0139;-0,0001;0,9392;;False
3469,49;16.52;pa034​;20250620_102900;1;FO1;-0,0643;1,4948;5,8656;0,3419;0,0143;-0,0010;0,9396;;False
3469,51;16.54;pa034​;20250620_102900;1;FO1;-0,0625;1,4904;5,8847;0,3414;0,0145;-0,0023;0,9398;;False
3469,52;16.55;pa034​;20250620_102900;1;FO1;-0,0607;1,4863;5,9041;0,3409;0,0150;-0,0033;0,9400;;False
3469,54;16.57;pa034​;20250620_102900;1;FO1;-0,0587;1,4828;5,9241;0,3403;0,0151;-0,0040;0,9402;;False
3469,55;16.58;pa034​;20250620_102900;1;FO1;-0,0566;1,4801;5,9444;0,3391;0,0147;-0,0043;0,9406;;False
3469,56;16.59;pa034​;20250620_102900;1;FO1;-0,0545;1,4779;5,9650;0,3380;0,0138;-0,0039;0,9410;;False
3469,57;16.6;pa034​;20250620_102900;1;FO1;-0,0522;1,4760;5,9860;0,3363;0,0127;-0,0034;0,9417;;False
3469,59;16.62;pa034​;20250620_102900;1;FO1;-0,0499;1,4746;6,0075;0,3343;0,0116;-0,0030;0,9424;;False
3469,60;16.63;pa034​;20250620_102900;1;FO1;-0,0473;1,4736;6,0294;0,3317;0,0107;-0,0029;0,9433;;False
3469,62;16.65;pa034​;20250620_102900;1;FO1;-0,0446;1,4729;6,0514;0,3283;0,0088;-0,0016;0,9445;;False
3469,63;16.66;pa034​;20250620_102900;1;FO1;-0,0419;1,4725;6,0734;0,3245;0,0068;-0,0003;0,9459;;False
3469,64;16.67;pa034​;20250620_102900;1;FO1;-0,0395;1,4738;6,0960;0,3232;0,0053;0,0004;0,9463;;False
3469,66;16.69;pa034​;20250620_102900;1;FO1;-0,0371;1,4779;6,1211;0,3288;0,0047;-0,0009;0,9444;;False
3469,67;16.7;pa034​;20250620_102900;1;FO1;-0,0349;1,4789;6,1443;0,3200;0,0032;-0,0002;0,9474;;False
3469,69;16.72;pa034​;20250620_102900;1;FO1;-0,0327;1,4805;6,1656;0,3165;0,0009;0,0035;0,9486;;False
3469,70;16.73;pa034​;20250620_102900;1;FO1;-0,0312;1,4814;6,1868;0,3119;0,0010;0,0032;0,9501;;False
3469,72;16.75;pa034​;20250620_102900;1;FO1;-0,0301;1,4827;6,2066;0,3091;0,0019;0,0024;0,9510;;False
3469,73;16.76;pa034​;20250620_102900;1;FO1;-0,0297;1,4841;6,2256;0,3105;0,0036;0,0022;0,9506;;False
3469,74;16.77;pa034​;20250620_102900;1;FO1;-0,0297;1,4861;6,2444;0,3153;0,0055;0,0017;0,9490;;False
3469,76;16.79;pa034​;20250620_102900;1;FO1;-0,0299;1,4886;6,2634;0,3191;0,0060;0,0035;0,9477;;False
3469,77;16.8;pa034​;20250620_102900;1;FO1;-0,0306;1,4916;6,2815;0,3216;0,0064;0,0066;0,9468;;False
3469,78;16.81;pa034​;20250620_102900;1;FO1;-0,0316;1,4952;6,2992;0,3243;0,0068;0,0089;0,9459;;False
3469,80;16.83;pa034​;20250620_102900;1;FO1;-0,0328;1,4992;6,3165;0,3264;0,0075;0,0108;0,9451;;False
3469,81;16.84;pa034​;20250620_102900;1;FO1;-0,0339;1,5036;6,3333;0,3280;0,0071;0,0129;0,9446;;False
3469,83;16.86;pa034​;20250620_102900;1;FO1;-0,0351;1,5084;6,3502;0,3289;0,0059;0,0141;0,9442;;False
3469,84;16.87;pa034​;20250620_102900;1;FO1;-0,0363;1,5131;6,3669;0,3298;0,0047;0,0138;0,9440;;False
3469,85;16.88;pa034​;20250620_102900;1;FO1;-0,0376;1,5180;6,3831;0,3308;0,0032;0,0133;0,9436;;False
3469,87;16.9;pa034​;20250620_102900;1;FO1;-0,0388;1,5230;6,3994;0,3317;0,0008;0,0126;0,9433;;False
3469,88;16.91;pa034​;20250620_102900;1;FO1;-0,0400;1,5279;6,4155;0,3313;-0,0018;0,0126;0,9434;;False
3469,89;16.92;pa034​;20250620_102900;1;FO1;-0,0411;1,5325;6,4318;0,3306;-0,0047;0,0125;0,9437;;False
3469,91;16.94;pa034​;20250620_102900;1;FO1;-0,0420;1,5367;6,4480;0,3298;-0,0071;0,0125;0,9439;;False
3469,92;16.95;pa034​;20250620_102900;1;FO1;-0,0428;1,5404;6,4642;0,3294;-0,0093;0,0127;0,9440;;False
3469,94;16.97;pa034​;20250620_102900;1;FO1;-0,0434;1,5436;6,4802;0,3285;-0,0115;0,0135;0,9443;;False
3469,95;16.98;pa034​;20250620_102900;1;FO1;-0,0439;1,5461;6,4961;0,3273;-0,0133;0,0145;0,9447;;False
3469,96;16.99;pa034​;20250620_102900;1;FO1;-0,0443;1,5479;6,5120;0,3258;-0,0146;0,0153;0,9452;;False
3469,98;17.01;pa034​;20250620_102900;1;FO1;-0,0446;1,5489;6,5281;0,3242;-0,0154;0,0160;0,9457;;False
3469,99;17.02;pa034​;20250620_102900;1;FO1;-0,0448;1,5492;6,5445;0,3228;-0,0161;0,0169;0,9462;;False
3470,01;17.04;pa034​;20250620_102900;1;FO1;-0,0448;1,5485;6,5610;0,3208;-0,0169;0,0178;0,9468;;False
3470,02;17.05;pa034​;20250620_102900;1;FO1;-0,0447;1,5473;6,5775;0,3191;-0,0178;0,0190;0,9474;Collision avec Chemin4 - Objet Parent Plot-Mousse4;False
3470,04;17.07;pa034​;20250620_102900;1;FO1;-0,0446;1,5451;6,5940;0,3171;-0,0184;0,0199;0,9480;Collision avec Chemin4 - Objet Parent Plot-Mousse4;False
3470,05;17.08;pa034​;20250620_102900;1;FO1;-0,0445;1,5425;6,6107;0,3149;-0,0187;0,0200;0,9487;Collision avec Chemin4 - Objet Parent Plot-Mousse4;False
3470,06;17.09;pa034​;20250620_102900;1;FO1;-0,0444;1,5392;6,6279;0,3115;-0,0182;0,0194;0,9499;Collision avec Chemin4 - Objet Parent Plot-Mousse4;False
3470,08;17.11;pa034​;20250620_102900;1;FO1;-0,0442;1,5354;6,6449;0,3082;-0,0179;0,0189;0,9510;Collision avec Chemin4 - Objet Parent Plot-Mousse4;False
3470,09;17.12;pa034​;20250620_102900;1;FO1;-0,0440;1,5313;6,6620;0,3065;-0,0177;0,0199;0,9515;Collision avec Chemin4 - Objet Parent Plot-Mousse4;False
3470,10;17.13;pa034​;20250620_102900;1;FO1;-0,0440;1,5270;6,6791;0,3049;-0,0175;0,0212;0,9520;Collision avec Chemin4 - Objet Parent Plot-Mousse4;False
3470,12;17.15;pa034​;20250620_102900;1;FO1;-0,0440;1,5225;6,6964;0,3044;-0,0168;0,0221;0,9521;Collision avec Chemin4 - Objet Parent Plot-Mousse4;False
3470,13;17.16;pa034​;20250620_102900;1;FO1;-0,0441;1,5180;6,7139;0,3039;-0,0157;0,0235;0,9523;Collision avec Chemin4 - Objet Parent Plot-Mousse4;False
3470,14;17.18;pa034​;20250620_102900;1;FO1;-0,0445;1,5135;6,7317;0,3043;-0,0147;0,0250;0,9521;Collision avec Chemin4 - Objet Parent Plot-Mousse4;False
3470,16;17.19;pa034​;20250620_102900;1;FO1;-0,0450;1,5092;6,7499;0,3047;-0,0128;0,0252;0,9520;Collision avec Chemin4 - Objet Parent Plot-Mousse4;False
3470,17;17.2;pa034​;20250620_102900;1;FO1;-0,0457;1,5051;6,7688;0,3057;-0,0106;0,0250;0,9518;Collision avec Chemin4 - Objet Parent Plot-Mousse4;False
3470,19;17.22;pa034​;20250620_102900;1;FO1;-0,0466;1,5015;6,7883;0,3066;-0,0078;0,0247;0,9515;Collision avec Chemin4 - Objet Parent Plot-Mousse4;False
3470,20;17.23;pa034​;20250620_102900;1;FO1;-0,0477;1,4978;6,8083;0,3075;-0,0046;0,0247;0,9512;Collision avec Chemin4 - Objet Parent Plot-Mousse4;False
3470,22;17.25;pa034​;20250620_102900;1;FO1;-0,0492;1,4944;6,8288;0,3099;-0,0019;0,0258;0,9504;Collision avec Chemin4 - Objet Parent Plot-Mousse4;False
3470,23;17.26;pa034​;20250620_102900;1;FO1;-0,0510;1,4910;6,8501;0,3124;-0,0013;0,0261;0,9496;Collision avec Chemin4 - Objet Parent Plot-Mousse4;False
3470,26;17.29;pa034​;20250620_102900;1;FO1;-0,0556;1,4844;6,8945;0,3160;0,0001;0,0218;0,9485;Collision avec Chemin4 - Objet Parent Plot-Mousse4;False
3470,27;17.3;pa034​;20250620_102900;1;FO1;-0,0579;1,4812;6,9178;0,3151;0,0012;0,0185;0,9489;Collision avec Chemin4 - Objet Parent Plot-Mousse4;False
3470,29;17.32;pa034​;20250620_102900;1;FO1;-0,0603;1,4790;6,9411;0,3136;0,0028;0,0161;0,9494;Collision avec Chemin4 - Objet Parent Plot-Mousse4;False
3470,31;17.34;pa034​;20250620_102900;1;FO1;-0,0650;1,4807;6,9926;0,3205;0,0062;0,0153;0,9471;Collision avec Chemin4 - Objet Parent Plot-Mousse4;False
3470,33;17.36;pa034​;20250620_102900;1;FO1;-0,0675;1,4798;7,0138;0,3196;0,0023;0,0209;0,9473;Collision avec Chemin4 - Objet Parent Plot-Mousse4;False
3470,34;17.37;pa034​;20250620_102900;1;FO1;-0,0699;1,4801;7,0368;0,3260;-0,0013;0,0236;0,9451;Collision avec Chemin4 - Objet Parent Plot-Mousse4;False
3470,36;17.39;pa034​;20250620_102900;1;FO1;-0,0716;1,4800;7,0567;0,3240;-0,0041;0,0235;0,9457;Collision avec Chemin4 - Objet Parent Plot-Mousse4;False
3470,38;17.41;pa034​;20250620_102900;1;FO1;-0,0735;1,4841;7,0942;0,3437;-0,0082;0,0240;0,9387;;False
3470,40;17.43;pa034​;20250620_102900;1;FO1;-0,0740;1,4879;7,1117;0,3508;-0,0071;0,0218;0,9362;;False
3470,41;17.44;pa034​;20250620_102900;1;FO1;-0,0745;1,4925;7,1286;0,3546;-0,0074;0,0213;0,9347;;False
3470,44;17.47;pa034​;20250620_102900;1;FO1;-0,0757;1,5031;7,1611;0,3570;-0,0093;0,0231;0,9338;;False
3470,45;17.48;pa034​;20250620_102900;1;FO1;-0,0764;1,5081;7,1765;0,3555;-0,0107;0,0241;0,9343;;False
3470,48;17.51;pa034​;20250620_102900;1;FO1;-0,0779;1,5181;7,2069;0,3555;-0,0113;0,0242;0,9343;;False
3470,50;17.53;pa034​;20250620_102900;1;FO1;-0,0785;1,5225;7,2220;0,3550;-0,0108;0,0227;0,9345;;False
3470,51;17.54;pa034​;20250620_102900;1;FO1;-0,0790;1,5264;7,2371;0,3543;-0,0109;0,0221;0,9348;;False
3470,53;17.56;pa034​;20250620_102900;1;FO1;-0,0800;1,5327;7,2672;0,3525;-0,0102;0,0206;0,9355;;False
3470,56;17.59;pa034​;20250620_102900;1;FO1;-0,0814;1,5363;7,2971;0,3524;-0,0085;0,0191;0,9356;;False
3470,58;17.61;pa034​;20250620_102900;1;FO1;-0,0819;1,5369;7,3120;0,3532;-0,0082;0,0197;0,9353;;False
3470,59;17.62;pa034​;20250620_102900;1;FO1;-0,0823;1,5370;7,3271;0,3553;-0,0073;0,0201;0,9345;;False
3470,60;17.63;pa034​;20250620_102900;1;FO1;-0,0826;1,5366;7,3424;0,3573;-0,0061;0,0204;0,9338;;False
3470,62;17.65;pa034​;20250620_102900;1;FO1;-0,0828;1,5358;7,3581;0,3585;-0,0050;0,0215;0,9333;;False
3470,63;17.66;pa034​;20250620_102900;1;FO1;-0,0831;1,5347;7,3740;0,3583;-0,0038;0,0218;0,9333;;False
3470,64;17.67;pa034​;20250620_102900;1;FO1;-0,0833;1,5334;7,3901;0,3573;-0,0030;0,0221;0,9337;;False
3470,66;17.69;pa034​;20250620_102900;1;FO1;-0,0835;1,5318;7,4061;0,3568;-0,0031;0,0235;0,9339;;False
3470,67;17.7;pa034​;20250620_102900;1;FO1;-0,0836;1,5299;7,4223;0,3576;-0,0033;0,0239;0,9336;;False
3470,69;17.72;pa034​;20250620_102900;1;FO1;-0,0837;1,5278;7,4385;0,3582;-0,0032;0,0234;0,9333;;False
3470,70;17.73;pa034​;20250620_102900;1;FO1;-0,0834;1,5254;7,4549;0,3583;-0,0033;0,0226;0,9333;;False
3470,71;17.74;pa034​;20250620_102900;1;FO1;-0,0831;1,5229;7,4714;0,3577;-0,0033;0,0222;0,9336;;False
3470,73;17.76;pa034​;20250620_102900;1;FO1;-0,0826;1,5206;7,4882;0,3576;-0,0034;0,0215;0,9336;;False
3470,74;17.77;pa034​;20250620_102900;1;FO1;-0,0820;1,5180;7,5051;0,3563;-0,0037;0,0213;0,9341;;False
3470,75;17.79;pa034​;20250620_102900;1;FO1;-0,0814;1,5155;7,5221;0,3548;-0,0041;0,0214;0,9347;;False
3470,77;17.8;pa034​;20250620_102900;1;FO1;-0,0805;1,5127;7,5391;0,3532;-0,0046;0,0213;0,9353;;False
3470,78;17.81;pa034​;20250620_102900;1;FO1;-0,0799;1,5098;7,5562;0,3517;-0,0048;0,0203;0,9359;;False
3470,80;17.83;pa034​;20250620_102900;1;FO1;-0,0791;1,5069;7,5735;0,3506;-0,0047;0,0190;0,9363;;False
3470,81;17.84;pa034​;20250620_102900;1;FO1;-0,0780;1,5036;7,5910;0,3494;-0,0059;0,0187;0,9368;;False
3470,82;17.85;pa034​;20250620_102900;1;FO1;-0,0766;1,5004;7,6088;0,3487;-0,0066;0,0176;0,9370;;False
3470,84;17.87;pa034​;20250620_102900;1;FO1;-0,0751;1,4971;7,6268;0,3478;-0,0072;0,0166;0,9374;;False
3470,85;17.88;pa034​;20250620_102900;1;FO1;-0,0736;1,4940;7,6451;0,3468;-0,0080;0,0165;0,9377;;False
3470,87;17.9;pa034​;20250620_102900;1;FO1;-0,0719;1,4913;7,6638;0,3465;-0,0086;0,0159;0,9379;;False
3470,88;17.91;pa034​;20250620_102900;1;FO1;-0,0701;1,4887;7,6828;0,3460;-0,0090;0,0152;0,9381;;False
3470,90;17.93;pa034​;20250620_102900;1;FO1;-0,0683;1,4864;7,7023;0,3458;-0,0096;0,0157;0,9381;;False
3470,91;17.94;pa034​;20250620_102900;1;FO1;-0,0665;1,4839;7,7223;0,3452;-0,0106;0,0159;0,9383;;False
3470,92;17.95;pa034​;20250620_102900;1;FO1;-0,0647;1,4816;7,7423;0,3439;-0,0113;0,0157;0,9388;;False
3470,94;17.97;pa034​;20250620_102900;1;FO1;-0,0628;1,4798;7,7621;0,3434;-0,0123;0,0160;0,9390;;False
3470,95;17.98;pa034​;20250620_102900;1;FO1;-0,0612;1,4789;7,7816;0,3423;-0,0135;0,0174;0,9393;;False
3470,96;17.99;pa034​;20250620_102900;1;FO1;-0,0599;1,4812;7,8024;0,3484;-0,0138;0,0175;0,9371;;False
3470,98;18.01;pa034​;20250620_102900;1;FO1;-0,0590;1,4846;7,8247;0,3523;-0,0147;0,0189;0,9356;;False
3470,99;18.02;pa034​;20250620_102900;1;FO1;-0,0578;1,4847;7,8432;0,3424;-0,0202;0,0258;0,9390;;False
3471,01;18.04;pa034​;20250620_102900;1;FO1;-0,0573;1,4864;7,8619;0,3395;-0,0206;0,0270;0,9400;;False
3471,02;18.05;pa034​;20250620_102900;1;FO1;-0,0568;1,4872;7,8792;0,3351;-0,0203;0,0250;0,9416;;False
3471,03;18.06;pa034​;20250620_102900;1;FO1;-0,0567;1,4890;7,8956;0,3373;-0,0198;0,0241;0,9409;;False
3471,05;18.08;pa034​;20250620_102900;1;FO1;-0,0568;1,4913;7,9116;0,3419;-0,0189;0,0241;0,9392;;False
3471,06;18.09;pa034​;20250620_102900;1;FO1;-0,0570;1,4946;7,9275;0,3444;-0,0198;0,0255;0,9383;;False
3471,07;18.1;pa034​;20250620_102900;1;FO1;-0,0576;1,4984;7,9425;0,3438;-0,0212;0,0268;0,9384;;False
3471,09;18.12;pa034​;20250620_102900;1;FO1;-0,0585;1,5030;7,9573;0,3452;-0,0222;0,0278;0,9379;;False
3471,10;18.13;pa034​;20250620_102900;1;FO1;-0,0596;1,5079;7,9719;0,3445;-0,0243;0,0298;0,9380;;False
3471,12;18.15;pa034​;20250620_102900;1;FO1;-0,0608;1,5130;7,9862;0,3422;-0,0276;0,0324;0,9387;;False
3471,13;18.16;pa034​;20250620_102900;1;FO1;-0,0622;1,5184;8,0003;0,3392;-0,0309;0,0346;0,9396;;False
3471,15;18.18;pa034​;20250620_102900;1;FO1;-0,0634;1,5234;8,0144;0,3351;-0,0350;0,0364;0,9408;;False
3471,16;18.19;pa034​;20250620_102900;1;FO1;-0,0647;1,5282;8,0283;0,3310;-0,0394;0,0390;0,9420;;False
3471,17;18.2;pa034​;20250620_102900;1;FO1;-0,0661;1,5325;8,0420;0,3268;-0,0437;0,0413;0,9432;;False
3471,19;18.22;pa034​;20250620_102900;1;FO1;-0,0677;1,5369;8,0556;0,3228;-0,0482;0,0424;0,9443;;False
3471,20;18.23;pa034​;20250620_102900;1;FO1;-0,0694;1,5407;8,0694;0,3191;-0,0527;0,0438;0,9453;;False
3471,21;18.24;pa034​;20250620_102900;1;FO1;-0,0709;1,5440;8,0824;0,3166;-0,0579;0,0451;0,9457;;False
3471,23;18.26;pa034​;20250620_102900;1;FO1;-0,0727;1,5471;8,0945;0,3168;-0,0640;0,0470;0,9452;;False
3471,24;18.27;pa034​;20250620_102900;1;FO1;-0,0747;1,5498;8,1059;0,3171;-0,0706;0,0482;0,9445;;False
3471,26;18.29;pa034​;20250620_102900;1;FO1;-0,0765;1,5521;8,1178;0,3154;-0,0772;0,0496;0,9445;;False
3471,27;18.3;pa034​;20250620_102900;1;FO1;-0,0776;1,5539;8,1304;0,3085;-0,0803;0,0511;0,9465;;False
3471,28;18.31;pa034​;20250620_102900;1;FO1;-0,0779;1,5548;8,1424;0,3011;-0,0815;0,0562;0,9484;;False
3471,30;18.33;pa034​;20250620_102900;1;FO1;-0,0778;1,5542;8,1533;0,2928;-0,0821;0,0634;0,9505;;False
3471,31;18.34;pa034​;20250620_102900;1;FO1;-0,0778;1,5525;8,1629;0,2888;-0,0823;0,0679;0,9514;;False
3471,32;18.35;pa034​;20250620_102900;1;FO1;-0,0779;1,5499;8,1720;0,2878;-0,0828;0,0695;0,9516;;False
3471,33;18.36;pa034​;20250620_102900;1;FO1;-0,0777;1,5458;8,1801;0,2892;-0,0851;0,0694;0,9509;;False
3471,34;18.37;pa034​;20250620_102900;1;FO1;-0,0777;1,5406;8,1880;0,2913;-0,0883;0,0702;0,9500;;False
3471,35;18.39;pa034​;20250620_102900;1;FO1;-0,0774;1,5352;8,1958;0,2970;-0,0946;0,0708;0,9475;;False
