Timestamp;ElapsedTime;ID_Subject;ID_Session;sessionNumber;ID_Test;HeadPosition_X;HeadPosition_Y;HeadPosition_Z;HeadRotation_X;HeadRotation_Y;HeadRotation_Z;HeadRotation_W;Events;FalseStart
4858,15;0.0;pa011​;20250411_105335;1;TUG2;-0,0043;1,1798;-0,3099;0,1944;-0,0249;-0,0022;-0,9806;;False
4858,16;0.01;pa011​;20250411_105335;1;TUG2;-0,0045;1,1794;-0,3100;0,1937;-0,0255;-0,0029;-0,9807;;False
4858,20;0.06;pa011​;20250411_105335;1;TUG2;-0,0042;1,1788;-0,3097;0,1912;-0,0266;-0,0070;-0,9812;;False
4858,22;0.07;pa011​;20250411_105335;1;TUG2;-0,0042;1,1786;-0,3097;0,1913;-0,0265;-0,0082;-0,9811;;False
4858,23;0.08;pa011​;20250411_105335;1;TUG2;-0,0040;1,1784;-0,3095;0,1918;-0,0259;-0,0094;-0,9810;;False
4858,25;0.1;pa011​;20250411_105335;1;TUG2;-0,0036;1,1782;-0,3094;0,1917;-0,0254;-0,0098;-0,9811;;False
4858,26;0.11;pa011​;20250411_105335;1;TUG2;-0,0032;1,1778;-0,3093;0,1913;-0,0251;-0,0097;-0,9812;;False
4858,27;0.12;pa011​;20250411_105335;1;TUG2;-0,0028;1,1774;-0,3093;0,1908;-0,0249;-0,0095;-0,9813;;False
4858,29;0.14;pa011​;20250411_105335;1;TUG2;-0,0023;1,1769;-0,3092;0,1900;-0,0249;-0,0091;-0,9814;;False
4858,30;0.15;pa011​;20250411_105335;1;TUG2;-0,0017;1,1766;-0,3090;0,1889;-0,0248;-0,0090;-0,9816;;False
4858,32;0.17;pa011​;20250411_105335;1;TUG2;-0,0010;1,1763;-0,3088;0,1874;-0,0250;-0,0091;-0,9819;;False
4858,33;0.18;pa011​;20250411_105335;1;TUG2;-0,0002;1,1759;-0,3087;0,1863;-0,0253;-0,0089;-0,9821;;False
4858,34;0.19;pa011​;20250411_105335;1;TUG2;0,0005;1,1755;-0,3088;0,1850;-0,0257;-0,0084;-0,9824;;False
4858,36;0.21;pa011​;20250411_105335;1;TUG2;0,0013;1,1751;-0,3089;0,1842;-0,0258;-0,0081;-0,9825;;False
4858,37;0.22;pa011​;20250411_105335;1;TUG2;0,0022;1,1748;-0,3090;0,1833;-0,0260;-0,0074;-0,9827;;False
4858,38;0.24;pa011​;20250411_105335;1;TUG2;0,0029;1,1744;-0,3092;0,1827;-0,0259;-0,0068;-0,9828;;False
4858,40;0.25;pa011​;20250411_105335;1;TUG2;0,0036;1,1742;-0,3094;0,1823;-0,0256;-0,0060;-0,9829;;False
4858,41;0.26;pa011​;20250411_105335;1;TUG2;0,0042;1,1741;-0,3095;0,1824;-0,0250;-0,0054;-0,9829;;False
4858,43;0.28;pa011​;20250411_105335;1;TUG2;0,0048;1,1740;-0,3096;0,1826;-0,0244;-0,0049;-0,9829;;False
4858,44;0.29;pa011​;20250411_105335;1;TUG2;0,0054;1,1741;-0,3096;0,1830;-0,0240;-0,0046;-0,9828;;False
4858,46;0.31;pa011​;20250411_105335;1;TUG2;0,0061;1,1741;-0,3096;0,1832;-0,0234;-0,0050;-0,9828;;False
4858,47;0.32;pa011​;20250411_105335;1;TUG2;0,0068;1,1741;-0,3096;0,1836;-0,0227;-0,0053;-0,9827;;False
4858,48;0.33;pa011​;20250411_105335;1;TUG2;0,0075;1,1743;-0,3095;0,1840;-0,0223;-0,0054;-0,9827;;False
4858,50;0.35;pa011​;20250411_105335;1;TUG2;0,0082;1,1743;-0,3095;0,1842;-0,0217;-0,0056;-0,9826;;False
4858,51;0.36;pa011​;20250411_105335;1;TUG2;0,0090;1,1743;-0,3094;0,1840;-0,0210;-0,0057;-0,9827;;False
4858,52;0.38;pa011​;20250411_105335;1;TUG2;0,0096;1,1743;-0,3094;0,1835;-0,0208;-0,0046;-0,9828;;False
4858,54;0.39;pa011​;20250411_105335;1;TUG2;0,0102;1,1742;-0,3094;0,1832;-0,0205;-0,0033;-0,9829;;False
4858,55;0.4;pa011​;20250411_105335;1;TUG2;0,0108;1,1741;-0,3094;0,1825;-0,0204;-0,0022;-0,9830;;False
4858,57;0.42;pa011​;20250411_105335;1;TUG2;0,0113;1,1740;-0,3092;0,1818;-0,0205;-0,0011;-0,9831;;False
4858,58;0.43;pa011​;20250411_105335;1;TUG2;0,0118;1,1740;-0,3091;0,1814;-0,0205;-0,0006;-0,9832;;False
4858,59;0.44;pa011​;20250411_105335;1;TUG2;0,0123;1,1739;-0,3091;0,1808;-0,0203;-0,0001;-0,9833;;False
4858,61;0.46;pa011​;20250411_105335;1;TUG2;0,0129;1,1738;-0,3090;0,1802;-0,0201;0,0002;-0,9834;;False
4858,62;0.47;pa011​;20250411_105335;1;TUG2;0,0133;1,1738;-0,3090;0,1799;-0,0202;0,0005;-0,9835;;False
4858,63;0.49;pa011​;20250411_105335;1;TUG2;0,0137;1,1737;-0,3089;0,1796;-0,0201;0,0005;-0,9835;;False
4858,65;0.5;pa011​;20250411_105335;1;TUG2;0,0140;1,1738;-0,3088;0,1796;-0,0199;0,0005;-0,9835;;False
4858,66;0.51;pa011​;20250411_105335;1;TUG2;0,0143;1,1739;-0,3087;0,1800;-0,0197;0,0007;-0,9835;;False
4858,68;0.53;pa011​;20250411_105335;1;TUG2;0,0146;1,1740;-0,3087;0,1806;-0,0196;0,0009;-0,9834;;False
4858,69;0.54;pa011​;20250411_105335;1;TUG2;0,0149;1,1741;-0,3086;0,1811;-0,0194;0,0014;-0,9833;;False
4858,70;0.56;pa011​;20250411_105335;1;TUG2;0,0152;1,1742;-0,3084;0,1820;-0,0193;0,0016;-0,9831;;False
4858,72;0.57;pa011​;20250411_105335;1;TUG2;0,0154;1,1742;-0,3083;0,1824;-0,0192;0,0017;-0,9830;;False
4858,73;0.58;pa011​;20250411_105335;1;TUG2;0,0157;1,1743;-0,3083;0,1822;-0,0192;0,0019;-0,9831;;False
4858,75;0.6;pa011​;20250411_105335;1;TUG2;0,0158;1,1742;-0,3082;0,1823;-0,0193;0,0023;-0,9830;;False
4858,76;0.61;pa011​;20250411_105335;1;TUG2;0,0160;1,1742;-0,3082;0,1822;-0,0194;0,0024;-0,9831;;False
4858,77;0.62;pa011​;20250411_105335;1;TUG2;0,0161;1,1741;-0,3081;0,1819;-0,0195;0,0024;-0,9831;;False
4858,79;0.64;pa011​;20250411_105335;1;TUG2;0,0162;1,1740;-0,3081;0,1816;-0,0195;0,0026;-0,9832;;False
4858,80;0.65;pa011​;20250411_105335;1;TUG2;0,0162;1,1738;-0,3082;0,1814;-0,0194;0,0026;-0,9832;;False
4858,81;0.67;pa011​;20250411_105335;1;TUG2;0,0162;1,1737;-0,3083;0,1809;-0,0194;0,0029;-0,9833;;False
4858,83;0.68;pa011​;20250411_105335;1;TUG2;0,0162;1,1736;-0,3083;0,1809;-0,0195;0,0033;-0,9833;;False
4858,84;0.7;pa011​;20250411_105335;1;TUG2;0,0161;1,1737;-0,3082;0,1813;-0,0194;0,0034;-0,9832;;False
4858,86;0.71;pa011​;20250411_105335;1;TUG2;0,0160;1,1737;-0,3082;0,1813;-0,0192;0,0034;-0,9832;;False
4858,87;0.72;pa011​;20250411_105335;1;TUG2;0,0159;1,1737;-0,3082;0,1814;-0,0190;0,0033;-0,9832;;False
4858,89;0.74;pa011​;20250411_105335;1;TUG2;0,0158;1,1737;-0,3082;0,1813;-0,0181;0,0029;-0,9833;;False
4858,90;0.75;pa011​;20250411_105335;1;TUG2;0,0156;1,1736;-0,3082;0,1811;-0,0175;0,0028;-0,9833;;False
4858,91;0.76;pa011​;20250411_105335;1;TUG2;0,0154;1,1735;-0,3082;0,1808;-0,0167;0,0025;-0,9834;;False
4858,93;0.78;pa011​;20250411_105335;1;TUG2;0,0152;1,1734;-0,3083;0,1804;-0,0158;0,0023;-0,9835;;False
4858,94;0.79;pa011​;20250411_105335;1;TUG2;0,0150;1,1733;-0,3084;0,1803;-0,0151;0,0022;-0,9835;;False
4858,95;0.8;pa011​;20250411_105335;1;TUG2;0,0148;1,1732;-0,3084;0,1803;-0,0147;0,0021;-0,9835;;False
4858,97;0.82;pa011​;20250411_105335;1;TUG2;0,0147;1,1732;-0,3082;0,1806;-0,0142;0,0021;-0,9835;;False
4858,98;0.83;pa011​;20250411_105335;1;TUG2;0,0145;1,1732;-0,3081;0,1807;-0,0136;0,0022;-0,9834;;False
4859,00;0.85;pa011​;20250411_105335;1;TUG2;0,0144;1,1731;-0,3080;0,1809;-0,0132;0,0021;-0,9834;;False
4859,01;0.86;pa011​;20250411_105335;1;TUG2;0,0143;1,1730;-0,3079;0,1805;-0,0126;0,0019;-0,9835;;False
4859,02;0.87;pa011​;20250411_105335;1;TUG2;0,0142;1,1729;-0,3078;0,1805;-0,0120;0,0018;-0,9835;;False
4859,04;0.89;pa011​;20250411_105335;1;TUG2;0,0141;1,1728;-0,3076;0,1801;-0,0112;0,0013;-0,9836;;False
4859,05;0.9;pa011​;20250411_105335;1;TUG2;0,0141;1,1727;-0,3074;0,1797;-0,0104;0,0009;-0,9837;;False
4859,06;0.92;pa011​;20250411_105335;1;TUG2;0,0140;1,1725;-0,3072;0,1792;-0,0096;0,0003;-0,9838;;False
4859,08;0.93;pa011​;20250411_105335;1;TUG2;0,0139;1,1724;-0,3069;0,1794;-0,0089;0,0001;-0,9837;;False
4859,09;0.94;pa011​;20250411_105335;1;TUG2;0,0138;1,1725;-0,3065;0,1800;-0,0081;-0,0001;-0,9836;;False
4859,11;0.96;pa011​;20250411_105335;1;TUG2;0,0137;1,1726;-0,3059;0,1808;-0,0073;-0,0001;-0,9835;;False
4859,12;0.97;pa011​;20250411_105335;1;TUG2;0,0137;1,1726;-0,3055;0,1810;-0,0066;-0,0002;-0,9835;;False
4859,13;0.98;pa011​;20250411_105335;1;TUG2;0,0137;1,1726;-0,3052;0,1813;-0,0059;0,0000;-0,9834;;False
4859,15;1.0;pa011​;20250411_105335;1;TUG2;0,0138;1,1726;-0,3049;0,1813;-0,0054;0,0002;-0,9834;;False
4859,16;1.01;pa011​;20250411_105335;1;TUG2;0,0139;1,1726;-0,3046;0,1811;-0,0050;0,0004;-0,9834;;False
4859,18;1.03;pa011​;20250411_105335;1;TUG2;0,0140;1,1726;-0,3044;0,1809;-0,0053;0,0017;-0,9835;;False
4859,19;1.04;pa011​;20250411_105335;1;TUG2;0,0142;1,1727;-0,3041;0,1809;-0,0055;0,0025;-0,9835;;False
4859,20;1.06;pa011​;20250411_105335;1;TUG2;0,0143;1,1727;-0,3037;0,1811;-0,0059;0,0027;-0,9834;;False
4859,22;1.07;pa011​;20250411_105335;1;TUG2;0,0144;1,1727;-0,3034;0,1817;-0,0062;0,0025;-0,9833;;False
4859,23;1.08;pa011​;20250411_105335;1;TUG2;0,0144;1,1728;-0,3032;0,1819;-0,0065;0,0024;-0,9833;;False
4859,25;1.1;pa011​;20250411_105335;1;TUG2;0,0145;1,1728;-0,3029;0,1817;-0,0065;0,0023;-0,9833;;False
4859,26;1.11;pa011​;20250411_105335;1;TUG2;0,0146;1,1728;-0,3027;0,1816;-0,0068;0,0025;-0,9833;;False
4859,28;1.13;pa011​;20250411_105335;1;TUG2;0,0146;1,1727;-0,3025;0,1812;-0,0068;0,0026;-0,9834;;False
4859,29;1.14;pa011​;20250411_105335;1;TUG2;0,0146;1,1726;-0,3023;0,1810;-0,0069;0,0029;-0,9834;;False
4859,30;1.15;pa011​;20250411_105335;1;TUG2;0,0147;1,1726;-0,3020;0,1806;-0,0071;0,0029;-0,9835;;False
4859,31;1.17;pa011​;20250411_105335;1;TUG2;0,0148;1,1726;-0,3017;0,1807;-0,0072;0,0030;-0,9835;;False
4859,33;1.18;pa011​;20250411_105335;1;TUG2;0,0148;1,1727;-0,3014;0,1812;-0,0073;0,0031;-0,9834;;False
4859,34;1.19;pa011​;20250411_105335;1;TUG2;0,0148;1,1728;-0,3009;0,1818;-0,0074;0,0031;-0,9833;;False
4859,36;1.21;pa011​;20250411_105335;1;TUG2;0,0148;1,1728;-0,3005;0,1825;-0,0072;0,0031;-0,9832;;False
4859,37;1.22;pa011​;20250411_105335;1;TUG2;0,0148;1,1728;-0,3002;0,1829;-0,0071;0,0030;-0,9831;;False
4859,38;1.24;pa011​;20250411_105335;1;TUG2;0,0148;1,1729;-0,2997;0,1830;-0,0067;0,0026;-0,9831;;False
4859,40;1.25;pa011​;20250411_105335;1;TUG2;0,0149;1,1730;-0,2991;0,1834;-0,0064;0,0030;-0,9830;;False
4859,41;1.26;pa011​;20250411_105335;1;TUG2;0,0150;1,1732;-0,2984;0,1839;-0,0066;0,0038;-0,9829;;False
4859,43;1.28;pa011​;20250411_105335;1;TUG2;0,0151;1,1736;-0,2976;0,1855;-0,0068;0,0047;-0,9826;;False
4859,44;1.29;pa011​;20250411_105335;1;TUG2;0,0152;1,1740;-0,2967;0,1880;-0,0068;0,0050;-0,9821;;False
4859,45;1.3;pa011​;20250411_105335;1;TUG2;0,0153;1,1742;-0,2958;0,1908;-0,0066;0,0050;-0,9816;;False
4859,47;1.32;pa011​;20250411_105335;1;TUG2;0,0154;1,1743;-0,2951;0,1934;-0,0062;0,0045;-0,9811;;False
4859,48;1.33;pa011​;20250411_105335;1;TUG2;0,0154;1,1744;-0,2944;0,1945;-0,0057;0,0041;-0,9809;;False
4859,50;1.35;pa011​;20250411_105335;1;TUG2;0,0154;1,1744;-0,2936;0,1946;-0,0048;0,0041;-0,9809;;False
4859,51;1.36;pa011​;20250411_105335;1;TUG2;0,0155;1,1746;-0,2929;0,1948;-0,0039;0,0045;-0,9808;;False
4859,52;1.37;pa011​;20250411_105335;1;TUG2;0,0155;1,1750;-0,2921;0,1962;-0,0032;0,0050;-0,9805;;False
4859,54;1.39;pa011​;20250411_105335;1;TUG2;0,0156;1,1754;-0,2914;0,1996;-0,0023;0,0057;-0,9799;;False
4859,55;1.4;pa011​;20250411_105335;1;TUG2;0,0156;1,1760;-0,2907;0,2034;-0,0017;0,0063;-0,9791;;False
4859,56;1.42;pa011​;20250411_105335;1;TUG2;0,0156;1,1763;-0,2901;0,2081;-0,0006;0,0066;-0,9781;;False
4859,58;1.43;pa011​;20250411_105335;1;TUG2;0,0155;1,1766;-0,2899;0,2107;0,0011;0,0069;-0,9775;;False
4859,59;1.44;pa011​;20250411_105335;1;TUG2;0,0153;1,1773;-0,2895;0,2145;0,0034;0,0064;-0,9767;;False
4859,61;1.46;pa011​;20250411_105335;1;TUG2;0,0151;1,1783;-0,2891;0,2207;0,0068;0,0060;-0,9753;;False
4859,62;1.47;pa011​;20250411_105335;1;TUG2;0,0146;1,1791;-0,2889;0,2285;0,0111;0,0055;-0,9735;;False
4859,63;1.49;pa011​;20250411_105335;1;TUG2;0,0141;1,1800;-0,2890;0,2346;0,0161;0,0058;-0,9719;;False
4859,65;1.5;pa011​;20250411_105335;1;TUG2;0,0134;1,1809;-0,2890;0,2410;0,0210;0,0063;-0,9703;;False
4859,66;1.51;pa011​;20250411_105335;1;TUG2;0,0128;1,1818;-0,2889;0,2478;0,0262;0,0065;-0,9684;;False
4859,68;1.53;pa011​;20250411_105335;1;TUG2;0,0121;1,1829;-0,2889;0,2546;0,0313;0,0068;-0,9665;;False
4859,69;1.54;pa011​;20250411_105335;1;TUG2;0,0117;1,1837;-0,2886;0,2624;0,0364;0,0069;-0,9642;;False
4859,70;1.56;pa011​;20250411_105335;1;TUG2;0,0113;1,1841;-0,2883;0,2676;0,0410;0,0067;-0,9626;;False
4859,72;1.57;pa011​;20250411_105335;1;TUG2;0,0109;1,1845;-0,2880;0,2710;0,0445;0,0064;-0,9615;;False
4859,73;1.58;pa011​;20250411_105335;1;TUG2;0,0104;1,1846;-0,2872;0,2745;0,0473;0,0061;-0,9604;;False
4859,75;1.6;pa011​;20250411_105335;1;TUG2;0,0101;1,1849;-0,2864;0,2765;0,0497;0,0051;-0,9597;;False
4859,76;1.61;pa011​;20250411_105335;1;TUG2;0,0097;1,1856;-0,2854;0,2790;0,0517;0,0042;-0,9589;;False
4859,77;1.62;pa011​;20250411_105335;1;TUG2;0,0094;1,1862;-0,2841;0,2840;0,0538;0,0035;-0,9573;;False
4859,79;1.64;pa011​;20250411_105335;1;TUG2;0,0089;1,1872;-0,2829;0,2900;0,0557;0,0022;-0,9554;;False
4859,80;1.65;pa011​;20250411_105335;1;TUG2;0,0083;1,1878;-0,2816;0,2972;0,0582;0,0003;-0,9530;;False
4859,81;1.67;pa011​;20250411_105335;1;TUG2;0,0077;1,1881;-0,2804;0,3025;0,0607;-0,0019;-0,9512;;False
4859,83;1.68;pa011​;20250411_105335;1;TUG2;0,0071;1,1881;-0,2795;0,3052;0,0629;-0,0035;-0,9502;;False
4859,84;1.69;pa011​;20250411_105335;1;TUG2;0,0065;1,1879;-0,2784;0,3066;0,0645;-0,0048;-0,9496;;False
4859,86;1.71;pa011​;20250411_105335;1;TUG2;0,0059;1,1876;-0,2771;0,3073;0,0654;-0,0060;-0,9494;;False
4859,87;1.72;pa011​;20250411_105335;1;TUG2;0,0054;1,1872;-0,2758;0,3072;0,0665;-0,0075;-0,9493;;False
4859,89;1.74;pa011​;20250411_105335;1;TUG2;0,0049;1,1867;-0,2743;0,3063;0,0672;-0,0099;-0,9495;;False
4859,90;1.75;pa011​;20250411_105335;1;TUG2;0,0045;1,1863;-0,2726;0,3053;0,0682;-0,0125;-0,9497;;False
4859,91;1.76;pa011​;20250411_105335;1;TUG2;0,0039;1,1860;-0,2708;0,3046;0,0689;-0,0143;-0,9499;;False
4859,93;1.78;pa011​;20250411_105335;1;TUG2;0,0033;1,1856;-0,2690;0,3046;0,0699;-0,0158;-0,9498;;False
4859,94;1.79;pa011​;20250411_105335;1;TUG2;0,0026;1,1851;-0,2674;0,3035;0,0711;-0,0173;-0,9500;;False
4859,95;1.8;pa011​;20250411_105335;1;TUG2;0,0020;1,1845;-0,2657;0,3019;0,0719;-0,0183;-0,9505;;False
4859,97;1.82;pa011​;20250411_105335;1;TUG2;0,0013;1,1839;-0,2639;0,3004;0,0728;-0,0199;-0,9508;;False
4859,98;1.83;pa011​;20250411_105335;1;TUG2;0,0005;1,1834;-0,2622;0,2992;0,0740;-0,0214;-0,9511;;False
4860,00;1.85;pa011​;20250411_105335;1;TUG2;-0,0003;1,1831;-0,2605;0,2987;0,0756;-0,0230;-0,9511;;False
4860,01;1.86;pa011​;20250411_105335;1;TUG2;-0,0011;1,1828;-0,2589;0,2986;0,0774;-0,0246;-0,9509;;False
4860,02;1.88;pa011​;20250411_105335;1;TUG2;-0,0018;1,1824;-0,2572;0,2990;0,0793;-0,0260;-0,9506;;False
4860,04;1.89;pa011​;20250411_105335;1;TUG2;-0,0025;1,1820;-0,2556;0,2986;0,0812;-0,0273;-0,9505;;False
4860,05;1.9;pa011​;20250411_105335;1;TUG2;-0,0031;1,1815;-0,2539;0,2986;0,0833;-0,0294;-0,9503;;False
4860,07;1.92;pa011​;20250411_105335;1;TUG2;-0,0039;1,1809;-0,2523;0,2985;0,0856;-0,0315;-0,9500;;False
4860,08;1.93;pa011​;20250411_105335;1;TUG2;-0,0048;1,1803;-0,2506;0,2978;0,0885;-0,0333;-0,9499;;False
4860,09;1.94;pa011​;20250411_105335;1;TUG2;-0,0056;1,1796;-0,2487;0,2970;0,0916;-0,0347;-0,9498;;False
4860,11;1.96;pa011​;20250411_105335;1;TUG2;-0,0065;1,1788;-0,2467;0,2955;0,0946;-0,0353;-0,9500;;False
4860,12;1.97;pa011​;20250411_105335;1;TUG2;-0,0074;1,1780;-0,2446;0,2939;0,0974;-0,0353;-0,9502;;False
4860,14;1.99;pa011​;20250411_105335;1;TUG2;-0,0083;1,1773;-0,2424;0,2923;0,1002;-0,0353;-0,9504;;False
4860,15;2.0;pa011​;20250411_105335;1;TUG2;-0,0091;1,1763;-0,2401;0,2913;0,1031;-0,0353;-0,9504;;False
4860,16;2.01;pa011​;20250411_105335;1;TUG2;-0,0099;1,1753;-0,2377;0,2892;0,1060;-0,0361;-0,9507;;False
4860,18;2.03;pa011​;20250411_105335;1;TUG2;-0,0106;1,1741;-0,2350;0,2861;0,1089;-0,0364;-0,9513;;False
4860,19;2.04;pa011​;20250411_105335;1;TUG2;-0,0114;1,1728;-0,2321;0,2832;0,1118;-0,0368;-0,9518;;False
4860,21;2.06;pa011​;20250411_105335;1;TUG2;-0,0123;1,1713;-0,2292;0,2791;0,1146;-0,0379;-0,9527;;False
4860,22;2.07;pa011​;20250411_105335;1;TUG2;-0,0132;1,1698;-0,2261;0,2751;0,1175;-0,0384;-0,9534;;False
4860,23;2.08;pa011​;20250411_105335;1;TUG2;-0,0140;1,1686;-0,2228;0,2715;0,1206;-0,0386;-0,9541;;False
4860,25;2.1;pa011​;20250411_105335;1;TUG2;-0,0148;1,1672;-0,2193;0,2688;0,1236;-0,0383;-0,9545;;False
4860,26;2.11;pa011​;20250411_105335;1;TUG2;-0,0156;1,1657;-0,2157;0,2656;0,1263;-0,0381;-0,9550;;False
4860,27;2.12;pa011​;20250411_105335;1;TUG2;-0,0163;1,1642;-0,2120;0,2617;0,1288;-0,0374;-0,9558;;False
4860,29;2.14;pa011​;20250411_105335;1;TUG2;-0,0167;1,1627;-0,2080;0,2578;0,1310;-0,0366;-0,9566;;False
4860,30;2.15;pa011​;20250411_105335;1;TUG2;-0,0172;1,1612;-0,2039;0,2545;0,1309;-0,0348;-0,9575;;False
4860,31;2.17;pa011​;20250411_105335;1;TUG2;-0,0171;1,1596;-0,1994;0,2520;0,1303;-0,0352;-0,9583;;False
4860,33;2.18;pa011​;20250411_105335;1;TUG2;-0,0171;1,1578;-0,1949;0,2492;0,1292;-0,0364;-0,9591;;False
4860,34;2.19;pa011​;20250411_105335;1;TUG2;-0,0171;1,1562;-0,1902;0,2463;0,1286;-0,0376;-0,9599;;False
4860,36;2.21;pa011​;20250411_105335;1;TUG2;-0,0170;1,1544;-0,1856;0,2444;0,1279;-0,0375;-0,9605;;False
4860,37;2.22;pa011​;20250411_105335;1;TUG2;-0,0169;1,1528;-0,1808;0,2413;0,1266;-0,0368;-0,9615;;False
4860,39;2.24;pa011​;20250411_105335;1;TUG2;-0,0166;1,1511;-0,1759;0,2386;0,1253;-0,0361;-0,9623;;False
4860,40;2.25;pa011​;20250411_105335;1;TUG2;-0,0159;1,1494;-0,1708;0,2354;0,1234;-0,0355;-0,9634;;False
4860,41;2.26;pa011​;20250411_105335;1;TUG2;-0,0154;1,1478;-0,1658;0,2322;0,1208;-0,0363;-0,9645;;False
4860,43;2.28;pa011​;20250411_105335;1;TUG2;-0,0147;1,1462;-0,1607;0,2295;0,1183;-0,0376;-0,9654;;False
4860,44;2.29;pa011​;20250411_105335;1;TUG2;-0,0137;1,1448;-0,1556;0,2268;0,1152;-0,0385;-0,9663;;False
4860,45;2.31;pa011​;20250411_105335;1;TUG2;-0,0127;1,1433;-0,1505;0,2243;0,1117;-0,0390;-0,9673;;False
4860,47;2.32;pa011​;20250411_105335;1;TUG2;-0,0116;1,1421;-0,1453;0,2222;0,1086;-0,0398;-0,9681;;False
4860,48;2.33;pa011​;20250411_105335;1;TUG2;-0,0105;1,1409;-0,1403;0,2196;0,1049;-0,0397;-0,9691;;False
4860,50;2.35;pa011​;20250411_105335;1;TUG2;-0,0091;1,1397;-0,1354;0,2180;0,1010;-0,0401;-0,9699;;False
4860,51;2.36;pa011​;20250411_105335;1;TUG2;-0,0077;1,1387;-0,1307;0,2160;0,0969;-0,0409;-0,9707;;False
4860,52;2.38;pa011​;20250411_105335;1;TUG2;-0,0064;1,1378;-0,1259;0,2146;0,0928;-0,0410;-0,9714;;False
4860,54;2.39;pa011​;20250411_105335;1;TUG2;-0,0049;1,1370;-0,1210;0,2145;0,0887;-0,0418;-0,9718;;False
4860,55;2.4;pa011​;20250411_105335;1;TUG2;-0,0034;1,1363;-0,1161;0,2143;0,0843;-0,0430;-0,9722;;False
4860,56;2.42;pa011​;20250411_105335;1;TUG2;-0,0020;1,1356;-0,1113;0,2151;0,0796;-0,0431;-0,9724;;False
4860,58;2.43;pa011​;20250411_105335;1;TUG2;-0,0005;1,1354;-0,1065;0,2156;0,0751;-0,0434;-0,9726;;False
4860,59;2.44;pa011​;20250411_105335;1;TUG2;0,0009;1,1352;-0,1018;0,2170;0,0707;-0,0444;-0,9726;;False
4860,61;2.46;pa011​;20250411_105335;1;TUG2;0,0024;1,1341;-0,0975;0,2189;0,0664;-0,0447;-0,9725;;False
4860,62;2.47;pa011​;20250411_105335;1;TUG2;0,0041;1,1328;-0,0934;0,2170;0,0623;-0,0458;-0,9731;;False
4860,64;2.49;pa011​;20250411_105335;1;TUG2;0,0055;1,1322;-0,0895;0,2126;0,0574;-0,0468;-0,9743;;False
4860,65;2.5;pa011​;20250411_105335;1;TUG2;0,0070;1,1315;-0,0850;0,2134;0,0539;-0,0475;-0,9743;;False
4860,66;2.51;pa011​;20250411_105335;1;TUG2;0,0082;1,1311;-0,0808;0,2145;0,0502;-0,0474;-0,9743;;False
4860,68;2.53;pa011​;20250411_105335;1;TUG2;0,0094;1,1305;-0,0769;0,2144;0,0470;-0,0471;-0,9745;;False
4860,69;2.54;pa011​;20250411_105335;1;TUG2;0,0107;1,1299;-0,0730;0,2138;0,0446;-0,0472;-0,9747;;False
4860,70;2.55;pa011​;20250411_105335;1;TUG2;0,0118;1,1294;-0,0693;0,2130;0,0427;-0,0474;-0,9750;;False
4860,72;2.57;pa011​;20250411_105335;1;TUG2;0,0128;1,1290;-0,0657;0,2127;0,0407;-0,0476;-0,9751;;False
4860,73;2.58;pa011​;20250411_105335;1;TUG2;0,0139;1,1286;-0,0623;0,2128;0,0391;-0,0473;-0,9752;;False
4860,75;2.6;pa011​;20250411_105335;1;TUG2;0,0149;1,1282;-0,0591;0,2126;0,0374;-0,0468;-0,9753;;False
4860,76;2.61;pa011​;20250411_105335;1;TUG2;0,0161;1,1277;-0,0561;0,2123;0,0359;-0,0461;-0,9755;;False
4860,77;2.62;pa011​;20250411_105335;1;TUG2;0,0171;1,1273;-0,0534;0,2109;0,0334;-0,0454;-0,9759;;False
4860,79;2.64;pa011​;20250411_105335;1;TUG2;0,0182;1,1270;-0,0508;0,2099;0,0311;-0,0451;-0,9762;;False
4860,80;2.65;pa011​;20250411_105335;1;TUG2;0,0191;1,1265;-0,0483;0,2092;0,0289;-0,0449;-0,9764;;False
4860,81;2.67;pa011​;20250411_105335;1;TUG2;0,0200;1,1262;-0,0460;0,2089;0,0275;-0,0445;-0,9765;;False
4860,83;2.68;pa011​;20250411_105335;1;TUG2;0,0206;1,1258;-0,0439;0,2087;0,0262;-0,0439;-0,9766;;False
4860,84;2.69;pa011​;20250411_105335;1;TUG2;0,0213;1,1255;-0,0418;0,2092;0,0251;-0,0430;-0,9766;;False
4860,86;2.71;pa011​;20250411_105335;1;TUG2;0,0219;1,1252;-0,0399;0,2100;0,0244;-0,0420;-0,9765;;False
4860,87;2.72;pa011​;20250411_105335;1;TUG2;0,0225;1,1248;-0,0381;0,2107;0,0240;-0,0412;-0,9764;;False
4860,88;2.74;pa011​;20250411_105335;1;TUG2;0,0232;1,1243;-0,0365;0,2112;0,0233;-0,0410;-0,9763;;False
4860,90;2.75;pa011​;20250411_105335;1;TUG2;0,0239;1,1239;-0,0349;0,2120;0,0225;-0,0410;-0,9761;;False
4860,91;2.76;pa011​;20250411_105335;1;TUG2;0,0247;1,1234;-0,0335;0,2124;0,0219;-0,0407;-0,9761;;False
4860,93;2.78;pa011​;20250411_105335;1;TUG2;0,0254;1,1227;-0,0321;0,2125;0,0212;-0,0402;-0,9761;;False
4860,94;2.79;pa011​;20250411_105335;1;TUG2;0,0261;1,1220;-0,0308;0,2120;0,0207;-0,0396;-0,9762;;False
4860,95;2.81;pa011​;20250411_105335;1;TUG2;0,0268;1,1213;-0,0295;0,2114;0,0203;-0,0389;-0,9764;;False
4860,97;2.82;pa011​;20250411_105335;1;TUG2;0,0274;1,1205;-0,0283;0,2108;0,0200;-0,0378;-0,9766;;False
4860,98;2.83;pa011​;20250411_105335;1;TUG2;0,0281;1,1198;-0,0273;0,2090;0,0196;-0,0366;-0,9770;;False
4861,00;2.85;pa011​;20250411_105335;1;TUG2;0,0287;1,1191;-0,0262;0,2078;0,0194;-0,0353;-0,9774;;False
4861,01;2.86;pa011​;20250411_105335;1;TUG2;0,0293;1,1184;-0,0252;0,2070;0,0191;-0,0339;-0,9776;;False
4861,02;2.87;pa011​;20250411_105335;1;TUG2;0,0299;1,1178;-0,0244;0,2062;0,0189;-0,0329;-0,9778;;False
4861,04;2.89;pa011​;20250411_105335;1;TUG2;0,0305;1,1173;-0,0239;0,2054;0,0191;-0,0323;-0,9780;;False
4861,05;2.9;pa011​;20250411_105335;1;TUG2;0,0310;1,1169;-0,0234;0,2045;0,0192;-0,0314;-0,9782;;False
4861,06;2.92;pa011​;20250411_105335;1;TUG2;0,0316;1,1162;-0,0230;0,2039;0,0193;-0,0307;-0,9783;;False
4861,08;2.93;pa011​;20250411_105335;1;TUG2;0,0322;1,1156;-0,0228;0,2026;0,0190;-0,0301;-0,9786;;False
4861,09;2.94;pa011​;20250411_105335;1;TUG2;0,0328;1,1152;-0,0225;0,2011;0,0186;-0,0292;-0,9790;;False
4861,11;2.96;pa011​;20250411_105335;1;TUG2;0,0333;1,1148;-0,0223;0,2001;0,0182;-0,0284;-0,9792;;False
4861,12;2.97;pa011​;20250411_105335;1;TUG2;0,0339;1,1144;-0,0221;0,1998;0,0178;-0,0274;-0,9793;;False
4861,13;2.99;pa011​;20250411_105335;1;TUG2;0,0345;1,1141;-0,0221;0,1992;0,0173;-0,0264;-0,9794;;False
4861,15;3.0;pa011​;20250411_105335;1;TUG2;0,0352;1,1139;-0,0222;0,1984;0,0166;-0,0259;-0,9796;;False
4861,16;3.01;pa011​;20250411_105335;1;TUG2;0,0360;1,1137;-0,0223;0,1983;0,0164;-0,0256;-0,9797;;False
4861,18;3.03;pa011​;20250411_105335;1;TUG2;0,0367;1,1135;-0,0225;0,1983;0,0158;-0,0248;-0,9797;;False
4861,19;3.04;pa011​;20250411_105335;1;TUG2;0,0375;1,1133;-0,0226;0,1980;0,0147;-0,0233;-0,9798;;False
4861,20;3.06;pa011​;20250411_105335;1;TUG2;0,0383;1,1130;-0,0228;0,1976;0,0136;-0,0221;-0,9799;;False
4861,22;3.07;pa011​;20250411_105335;1;TUG2;0,0391;1,1127;-0,0229;0,1972;0,0126;-0,0211;-0,9801;;False
4861,23;3.08;pa011​;20250411_105335;1;TUG2;0,0400;1,1124;-0,0229;0,1962;0,0123;-0,0200;-0,9803;;False
4861,25;3.1;pa011​;20250411_105335;1;TUG2;0,0409;1,1122;-0,0229;0,1952;0,0116;-0,0185;-0,9805;;False
4861,26;3.11;pa011​;20250411_105335;1;TUG2;0,0418;1,1117;-0,0230;0,1943;0,0106;-0,0172;-0,9807;;False
4861,27;3.12;pa011​;20250411_105335;1;TUG2;0,0429;1,1114;-0,0232;0,1923;0,0096;-0,0159;-0,9812;;False
4861,29;3.14;pa011​;20250411_105335;1;TUG2;0,0440;1,1111;-0,0234;0,1903;0,0085;-0,0148;-0,9816;;False
4861,30;3.15;pa011​;20250411_105335;1;TUG2;0,0451;1,1110;-0,0237;0,1887;0,0074;-0,0135;-0,9819;;False
4861,31;3.17;pa011​;20250411_105335;1;TUG2;0,0463;1,1110;-0,0240;0,1873;0,0062;-0,0122;-0,9822;;False
4861,33;3.18;pa011​;20250411_105335;1;TUG2;0,0474;1,1111;-0,0244;0,1860;0,0050;-0,0112;-0,9825;;False
4861,34;3.2;pa011​;20250411_105335;1;TUG2;0,0485;1,1114;-0,0249;0,1854;0,0038;-0,0104;-0,9826;;False
4861,36;3.21;pa011​;20250411_105335;1;TUG2;0,0496;1,1117;-0,0255;0,1849;0,0027;-0,0095;-0,9827;;False
4861,37;3.22;pa011​;20250411_105335;1;TUG2;0,0506;1,1122;-0,0260;0,1845;0,0018;-0,0087;-0,9828;;False
4861,39;3.24;pa011​;20250411_105335;1;TUG2;0,0516;1,1128;-0,0267;0,1851;0,0015;-0,0084;-0,9827;;False
4861,40;3.25;pa011​;20250411_105335;1;TUG2;0,0527;1,1135;-0,0277;0,1861;0,0013;-0,0077;-0,9825;;False
4861,41;3.26;pa011​;20250411_105335;1;TUG2;0,0538;1,1142;-0,0289;0,1870;0,0007;-0,0063;-0,9823;;False
4861,43;3.28;pa011​;20250411_105335;1;TUG2;0,0549;1,1150;-0,0302;0,1879;0,0001;-0,0048;-0,9822;;False
4861,44;3.29;pa011​;20250411_105335;1;TUG2;0,0560;1,1157;-0,0315;0,1884;-0,0007;-0,0036;-0,9821;;False
4861,45;3.3;pa011​;20250411_105335;1;TUG2;0,0571;1,1164;-0,0329;0,1886;-0,0016;-0,0023;-0,9821;;False
4861,47;3.32;pa011​;20250411_105335;1;TUG2;0,0581;1,1172;-0,0344;0,1889;-0,0024;-0,0013;-0,9820;;False
4861,48;3.33;pa011​;20250411_105335;1;TUG2;0,0591;1,1180;-0,0360;0,1892;-0,0029;-0,0007;-0,9819;;False
4861,50;3.35;pa011​;20250411_105335;1;TUG2;0,0599;1,1189;-0,0374;0,1897;-0,0031;0,0003;-0,9818;;False
4861,51;3.36;pa011​;20250411_105335;1;TUG2;0,0606;1,1198;-0,0390;0,1902;-0,0031;0,0017;-0,9817;;False
4861,52;3.37;pa011​;20250411_105335;1;TUG2;0,0614;1,1207;-0,0409;0,1908;-0,0028;0,0025;-0,9816;;False
4861,54;3.39;pa011​;20250411_105335;1;TUG2;0,0621;1,1214;-0,0430;0,1912;-0,0029;0,0028;-0,9815;;False
4861,55;3.4;pa011​;20250411_105335;1;TUG2;0,0628;1,1221;-0,0453;0,1903;-0,0031;0,0033;-0,9817;;False
4861,56;3.42;pa011​;20250411_105335;1;TUG2;0,0635;1,1232;-0,0475;0,1894;-0,0034;0,0036;-0,9819;;False
4861,58;3.43;pa011​;20250411_105335;1;TUG2;0,0641;1,1243;-0,0496;0,1902;-0,0033;0,0039;-0,9817;;False
4861,59;3.44;pa011​;20250411_105335;1;TUG2;0,0646;1,1252;-0,0519;0,1917;-0,0031;0,0041;-0,9814;;False
4861,61;3.46;pa011​;20250411_105335;1;TUG2;0,0651;1,1264;-0,0546;0,1909;-0,0026;0,0042;-0,9816;;False
4861,62;3.47;pa011​;20250411_105335;1;TUG2;0,0656;1,1277;-0,0571;0,1913;-0,0018;0,0050;-0,9815;;False
4861,63;3.49;pa011​;20250411_105335;1;TUG2;0,0659;1,1290;-0,0597;0,1929;-0,0007;0,0054;-0,9812;;False
4861,65;3.5;pa011​;20250411_105335;1;TUG2;0,0662;1,1305;-0,0626;0,1942;0,0000;0,0060;-0,9810;;False
4861,66;3.51;pa011​;20250411_105335;1;TUG2;0,0665;1,1319;-0,0656;0,1962;0,0008;0,0070;-0,9805;;False
4861,68;3.53;pa011​;20250411_105335;1;TUG2;0,0669;1,1333;-0,0689;0,1976;0,0018;0,0074;-0,9803;;False
4861,69;3.54;pa011​;20250411_105335;1;TUG2;0,0672;1,1347;-0,0722;0,1989;0,0027;0,0072;-0,9800;;False
4861,70;3.56;pa011​;20250411_105335;1;TUG2;0,0675;1,1361;-0,0757;0,2001;0,0035;0,0069;-0,9797;;False
4861,72;3.57;pa011​;20250411_105335;1;TUG2;0,0678;1,1375;-0,0793;0,2012;0,0042;0,0067;-0,9795;;False
4861,73;3.58;pa011​;20250411_105335;1;TUG2;0,0680;1,1388;-0,0830;0,2020;0,0049;0,0067;-0,9793;;False
4861,75;3.6;pa011​;20250411_105335;1;TUG2;0,0682;1,1403;-0,0867;0,2030;0,0059;0,0073;-0,9791;;False
4861,76;3.61;pa011​;20250411_105335;1;TUG2;0,0683;1,1417;-0,0903;0,2049;0,0070;0,0078;-0,9787;;False
4861,77;3.62;pa011​;20250411_105335;1;TUG2;0,0684;1,1429;-0,0939;0,2063;0,0085;0,0085;-0,9784;;False
4861,79;3.64;pa011​;20250411_105335;1;TUG2;0,0684;1,1443;-0,0976;0,2074;0,0094;0,0091;-0,9782;;False
4861,80;3.65;pa011​;20250411_105335;1;TUG2;0,0685;1,1458;-0,1014;0,2086;0,0102;0,0095;-0,9779;;False
4861,82;3.67;pa011​;20250411_105335;1;TUG2;0,0686;1,1472;-0,1052;0,2109;0,0106;0,0098;-0,9774;;False
4861,83;3.68;pa011​;20250411_105335;1;TUG2;0,0685;1,1484;-0,1092;0,2129;0,0113;0,0095;-0,9770;;False
4861,84;3.7;pa011​;20250411_105335;1;TUG2;0,0684;1,1495;-0,1132;0,2136;0,0121;0,0093;-0,9768;;False
4861,86;3.71;pa011​;20250411_105335;1;TUG2;0,0683;1,1506;-0,1172;0,2132;0,0130;0,0091;-0,9769;;False
4861,87;3.72;pa011​;20250411_105335;1;TUG2;0,0682;1,1519;-0,1212;0,2121;0,0143;0,0090;-0,9771;;False
4861,88;3.74;pa011​;20250411_105335;1;TUG2;0,0679;1,1531;-0,1251;0,2113;0,0157;0,0091;-0,9773;;False
4861,90;3.75;pa011​;20250411_105335;1;TUG2;0,0676;1,1544;-0,1288;0,2110;0,0173;0,0098;-0,9773;;False
4861,91;3.76;pa011​;20250411_105335;1;TUG2;0,0672;1,1556;-0,1326;0,2112;0,0187;0,0105;-0,9772;;False
4861,93;3.78;pa011​;20250411_105335;1;TUG2;0,0669;1,1567;-0,1365;0,2115;0,0202;0,0109;-0,9771;;False
4861,94;3.79;pa011​;20250411_105335;1;TUG2;0,0665;1,1576;-0,1405;0,2111;0,0214;0,0111;-0,9772;;False
4861,95;3.81;pa011​;20250411_105335;1;TUG2;0,0663;1,1584;-0,1447;0,2091;0,0225;0,0110;-0,9776;;False
4861,97;3.82;pa011​;20250411_105335;1;TUG2;0,0660;1,1593;-0,1487;0,2076;0,0227;0,0104;-0,9779;;False
4861,98;3.83;pa011​;20250411_105335;1;TUG2;0,0657;1,1602;-0,1527;0,2071;0,0227;0,0096;-0,9780;;False
4862,00;3.85;pa011​;20250411_105335;1;TUG2;0,0654;1,1611;-0,1568;0,2074;0,0232;0,0086;-0,9779;;False
4862,01;3.86;pa011​;20250411_105335;1;TUG2;0,0650;1,1619;-0,1610;0,2076;0,0241;0,0078;-0,9779;;False
4862,02;3.88;pa011​;20250411_105335;1;TUG2;0,0645;1,1626;-0,1651;0,2074;0,0254;0,0071;-0,9779;;False
4862,04;3.89;pa011​;20250411_105335;1;TUG2;0,0639;1,1632;-0,1692;0,2065;0,0272;0,0067;-0,9780;;False
4862,05;3.9;pa011​;20250411_105335;1;TUG2;0,0633;1,1638;-0,1733;0,2050;0,0296;0,0067;-0,9783;;False
4862,07;3.92;pa011​;20250411_105335;1;TUG2;0,0626;1,1642;-0,1773;0,2037;0,0323;0,0074;-0,9785;;False
4862,08;3.93;pa011​;20250411_105335;1;TUG2;0,0620;1,1648;-0,1812;0,2030;0,0343;0,0080;-0,9786;;False
4862,09;3.94;pa011​;20250411_105335;1;TUG2;0,0614;1,1657;-0,1850;0,2036;0,0358;0,0080;-0,9784;;False
4862,11;3.96;pa011​;20250411_105335;1;TUG2;0,0607;1,1665;-0,1886;0,2059;0,0375;0,0071;-0,9778;;False
4862,12;3.97;pa011​;20250411_105335;1;TUG2;0,0601;1,1671;-0,1924;0,2075;0,0393;0,0067;-0,9774;;False
4862,14;3.99;pa011​;20250411_105335;1;TUG2;0,0593;1,1678;-0,1963;0,2076;0,0412;0,0063;-0,9773;;False
4862,15;4.0;pa011​;20250411_105335;1;TUG2;0,0586;1,1683;-0,2001;0,2075;0,0433;0,0060;-0,9773;;False
4862,16;4.01;pa011​;20250411_105335;1;TUG2;0,0578;1,1690;-0,2038;0,2073;0,0456;0,0058;-0,9772;;False
4862,18;4.03;pa011​;20250411_105335;1;TUG2;0,0570;1,1697;-0,2074;0,2081;0,0478;0,0053;-0,9769;;False
4862,19;4.04;pa011​;20250411_105335;1;TUG2;0,0562;1,1705;-0,2110;0,2093;0,0499;0,0043;-0,9766;;False
4862,21;4.06;pa011​;20250411_105335;1;TUG2;0,0554;1,1712;-0,2146;0,2105;0,0518;0,0032;-0,9762;;False
4862,22;4.07;pa011​;20250411_105335;1;TUG2;0,0545;1,1718;-0,2183;0,2116;0,0538;0,0018;-0,9759;;False
4862,23;4.08;pa011​;20250411_105335;1;TUG2;0,0536;1,1724;-0,2220;0,2122;0,0559;0,0003;-0,9756;;False
4862,25;4.1;pa011​;20250411_105335;1;TUG2;0,0529;1,1730;-0,2257;0,2123;0,0582;-0,0013;-0,9755;;False
4862,26;4.11;pa011​;20250411_105335;1;TUG2;0,0520;1,1737;-0,2293;0,2119;0,0603;-0,0020;-0,9754;;False
4862,27;4.12;pa011​;20250411_105335;1;TUG2;0,0512;1,1745;-0,2328;0,2131;0,0623;-0,0026;-0,9750;;False
4862,29;4.14;pa011​;20250411_105335;1;TUG2;0,0503;1,1753;-0,2363;0,2147;0,0644;-0,0038;-0,9745;;False
4862,30;4.15;pa011​;20250411_105335;1;TUG2;0,0495;1,1760;-0,2398;0,2165;0,0673;-0,0056;-0,9739;;False
4862,31;4.17;pa011​;20250411_105335;1;TUG2;0,0485;1,1765;-0,2434;0,2174;0,0699;-0,0067;-0,9736;;False
4862,33;4.18;pa011​;20250411_105335;1;TUG2;0,0476;1,1769;-0,2468;0,2178;0,0727;-0,0072;-0,9733;;False
4862,34;4.19;pa011​;20250411_105335;1;TUG2;0,0466;1,1774;-0,2501;0,2178;0,0754;-0,0083;-0,9731;;False
4862,36;4.21;pa011​;20250411_105335;1;TUG2;0,0457;1,1778;-0,2533;0,2177;0,0784;-0,0100;-0,9728;;False
4862,37;4.22;pa011​;20250411_105335;1;TUG2;0,0447;1,1783;-0,2563;0,2175;0,0818;-0,0121;-0,9726;;False
4862,39;4.24;pa011​;20250411_105335;1;TUG2;0,0436;1,1788;-0,2593;0,2172;0,0849;-0,0141;-0,9723;;False
4862,40;4.25;pa011​;20250411_105335;1;TUG2;0,0425;1,1793;-0,2622;0,2172;0,0883;-0,0158;-0,9720;;False
4862,41;4.26;pa011​;20250411_105335;1;TUG2;0,0414;1,1796;-0,2649;0,2167;0,0912;-0,0174;-0,9718;;False
4862,43;4.28;pa011​;20250411_105335;1;TUG2;0,0404;1,1799;-0,2676;0,2157;0,0942;-0,0201;-0,9717;;False
4862,44;4.29;pa011​;20250411_105335;1;TUG2;0,0395;1,1799;-0,2701;0,2135;0,0970;-0,0220;-0,9719;;False
4862,45;4.31;pa011​;20250411_105335;1;TUG2;0,0385;1,1798;-0,2725;0,2100;0,0994;-0,0241;-0,9723;;False
4862,47;4.32;pa011​;20250411_105335;1;TUG2;0,0376;1,1797;-0,2748;0,2057;0,1017;-0,0259;-0,9730;;False
4862,48;4.33;pa011​;20250411_105335;1;TUG2;0,0368;1,1791;-0,2770;0,2013;0,1046;-0,0275;-0,9735;;False
4862,50;4.35;pa011​;20250411_105335;1;TUG2;0,0358;1,1785;-0,2790;0,1956;0,1073;-0,0284;-0,9744;;False
4862,51;4.36;pa011​;20250411_105335;1;TUG2;0,0348;1,1781;-0,2809;0,1891;0,1100;-0,0276;-0,9754;;False
4862,52;4.37;pa011​;20250411_105335;1;TUG2;0,0340;1,1780;-0,2824;0,1848;0,1118;-0,0263;-0,9760;;False
4862,54;4.39;pa011​;20250411_105335;1;TUG2;0,0337;1,1787;-0,2836;0,1843;0,1123;-0,0245;-0,9761;;False
4862,55;4.4;pa011​;20250411_105335;1;TUG2;0,0336;1,1797;-0,2847;0,1908;0,1100;-0,0233;-0,9752;;False
4862,56;4.42;pa011​;20250411_105335;1;TUG2;0,0338;1,1801;-0,2860;0,1965;0,1080;-0,0241;-0,9742;;False
4862,58;4.43;pa011​;20250411_105335;1;TUG2;0,0341;1,1802;-0,2878;0,1992;0,1051;-0,0253;-0,9740;;False
4862,59;4.44;pa011​;20250411_105335;1;TUG2;0,0345;1,1802;-0,2892;0,1983;0,1024;-0,0246;-0,9745;;False
4862,61;4.46;pa011​;20250411_105335;1;TUG2;0,0349;1,1804;-0,2906;0,1972;0,0986;-0,0235;-0,9751;;False
4862,62;4.47;pa011​;20250411_105335;1;TUG2;0,0353;1,1807;-0,2916;0,1985;0,0953;-0,0232;-0,9752;;False
4862,63;4.49;pa011​;20250411_105335;1;TUG2;0,0356;1,1808;-0,2926;0,2001;0,0923;-0,0230;-0,9751;;False
4862,65;4.5;pa011​;20250411_105335;1;TUG2;0,0359;1,1808;-0,2936;0,2000;0,0902;-0,0221;-0,9754;;False
4862,66;4.51;pa011​;20250411_105335;1;TUG2;0,0363;1,1806;-0,2945;0,1998;0,0885;-0,0217;-0,9756;;False
4862,68;4.53;pa011​;20250411_105335;1;TUG2;0,0366;1,1801;-0,2956;0,1971;0,0865;-0,0215;-0,9763;;False
4862,69;4.54;pa011​;20250411_105335;1;TUG2;0,0370;1,1798;-0,2965;0,1935;0,0844;-0,0212;-0,9772;;False
4862,70;4.55;pa011​;20250411_105335;1;TUG2;0,0374;1,1796;-0,2972;0,1903;0,0822;-0,0206;-0,9781;;False
4862,72;4.57;pa011​;20250411_105335;1;TUG2;0,0378;1,1798;-0,2978;0,1888;0,0804;-0,0205;-0,9785;;False
4862,73;4.58;pa011​;20250411_105335;1;TUG2;0,0379;1,1799;-0,2980;0,1899;0,0791;-0,0203;-0,9784;;False
4862,75;4.6;pa011​;20250411_105335;1;TUG2;0,0380;1,1799;-0,2982;0,1917;0,0791;-0,0198;-0,9781;;False
4862,76;4.61;pa011​;20250411_105335;1;TUG2;0,0381;1,1796;-0,2985;0,1918;0,0791;-0,0192;-0,9781;;False
4862,77;4.63;pa011​;20250411_105335;1;TUG2;0,0381;1,1793;-0,2988;0,1898;0,0795;-0,0183;-0,9784;;False
4862,79;4.64;pa011​;20250411_105335;1;TUG2;0,0381;1,1789;-0,2989;0,1882;0,0796;-0,0171;-0,9788;;False
4862,80;4.65;pa011​;20250411_105335;1;TUG2;0,0381;1,1787;-0,2988;0,1867;0,0790;-0,0156;-0,9791;;False
4862,81;4.67;pa011​;20250411_105335;1;TUG2;0,0383;1,1786;-0,2990;0,1862;0,0780;-0,0150;-0,9793;;False
4862,83;4.68;pa011​;20250411_105335;1;TUG2;0,0384;1,1784;-0,2986;0,1870;0,0764;-0,0151;-0,9793;;False
4862,84;4.7;pa011​;20250411_105335;1;TUG2;0,0388;1,1782;-0,2977;0,1873;0,0741;-0,0151;-0,9794;;False
4862,86;4.71;pa011​;20250411_105335;1;TUG2;0,0391;1,1780;-0,2972;0,1872;0,0726;-0,0154;-0,9795;;False
4862,87;4.72;pa011​;20250411_105335;1;TUG2;0,0392;1,1777;-0,2965;0,1874;0,0713;-0,0154;-0,9796;;False
4862,88;4.74;pa011​;20250411_105335;1;TUG2;0,0394;1,1774;-0,2958;0,1877;0,0700;-0,0145;-0,9796;;False
4862,90;4.75;pa011​;20250411_105335;1;TUG2;0,0397;1,1771;-0,2950;0,1878;0,0690;-0,0134;-0,9797;;False
4862,91;4.76;pa011​;20250411_105335;1;TUG2;0,0400;1,1767;-0,2940;0,1884;0,0680;-0,0125;-0,9797;;False
4862,93;4.78;pa011​;20250411_105335;1;TUG2;0,0403;1,1763;-0,2929;0,1884;0,0668;-0,0113;-0,9798;;False
4862,94;4.79;pa011​;20250411_105335;1;TUG2;0,0407;1,1761;-0,2917;0,1884;0,0649;-0,0096;-0,9799;;False
4862,95;4.81;pa011​;20250411_105335;1;TUG2;0,0410;1,1763;-0,2902;0,1895;0,0621;-0,0074;-0,9799;;False
4862,97;4.82;pa011​;20250411_105335;1;TUG2;0,0413;1,1764;-0,2885;0,1923;0,0588;-0,0059;-0,9796;;False
4862,98;4.83;pa011​;20250411_105335;1;TUG2;0,0417;1,1763;-0,2868;0,1950;0,0560;-0,0047;-0,9792;;False
4863,00;4.85;pa011​;20250411_105335;1;TUG2;0,0419;1,1761;-0,2851;0,1970;0,0529;-0,0037;-0,9790;;False
4863,01;4.86;pa011​;20250411_105335;1;TUG2;0,0420;1,1758;-0,2834;0,1983;0,0499;-0,0031;-0,9789;;False
4863,02;4.87;pa011​;20250411_105335;1;TUG2;0,0422;1,1751;-0,2815;0,1993;0,0472;-0,0027;-0,9788;;False
4863,04;4.89;pa011​;20250411_105335;1;TUG2;0,0424;1,1747;-0,2796;0,1992;0,0441;-0,0020;-0,9790;;False
4863,05;4.9;pa011​;20250411_105335;1;TUG2;0,0425;1,1743;-0,2776;0,2000;0,0413;-0,0012;-0,9789;;False
4863,07;4.92;pa011​;20250411_105335;1;TUG2;0,0424;1,1743;-0,2754;0,2018;0,0385;-0,0009;-0,9787;;False
4863,08;4.93;pa011​;20250411_105335;1;TUG2;0,0423;1,1745;-0,2729;0,2061;0,0368;-0,0010;-0,9778;;False
4863,09;4.94;pa011​;20250411_105335;1;TUG2;0,0420;1,1746;-0,2705;0,2101;0,0352;-0,0008;-0,9770;;False
4863,11;4.96;pa011​;20250411_105335;1;TUG2;0,0415;1,1742;-0,2681;0,2135;0,0339;-0,0006;-0,9764;;False
4863,12;4.97;pa011​;20250411_105335;1;TUG2;0,0410;1,1739;-0,2657;0,2157;0,0329;-0,0005;-0,9759;;False
4863,13;4.99;pa011​;20250411_105335;1;TUG2;0,0402;1,1734;-0,2631;0,2169;0,0315;0,0000;-0,9757;;False
4863,15;5.0;pa011​;20250411_105335;1;TUG2;0,0395;1,1730;-0,2604;0,2169;0,0303;0,0000;-0,9757;;False
4863,16;5.01;pa011​;20250411_105335;1;TUG2;0,0389;1,1729;-0,2574;0,2169;0,0289;-0,0001;-0,9758;;False
4863,18;5.03;pa011​;20250411_105335;1;TUG2;0,0382;1,1727;-0,2542;0,2174;0,0275;-0,0016;-0,9757;;False
4863,19;5.04;pa011​;20250411_105335;1;TUG2;0,0373;1,1726;-0,2509;0,2187;0,0268;-0,0042;-0,9754;;False
4863,20;5.06;pa011​;20250411_105335;1;TUG2;0,0363;1,1722;-0,2475;0,2198;0,0268;-0,0063;-0,9752;;False
4863,22;5.07;pa011​;20250411_105335;1;TUG2;0,0351;1,1719;-0,2441;0,2200;0,0272;-0,0071;-0,9751;;False
4863,23;5.08;pa011​;20250411_105335;1;TUG2;0,0338;1,1715;-0,2406;0,2196;0,0279;-0,0071;-0,9752;;False
4863,25;5.1;pa011​;20250411_105335;1;TUG2;0,0325;1,1713;-0,2367;0,2198;0,0285;-0,0064;-0,9751;;False
4863,27;5.13;pa011​;20250411_105335;1;TUG2;0,0301;1,1711;-0,2285;0,2225;0,0286;-0,0049;-0,9745;;False
4863,29;5.14;pa011​;20250411_105335;1;TUG2;0,0290;1,1710;-0,2241;0,2245;0,0285;-0,0052;-0,9741;;False
4863,30;5.15;pa011​;20250411_105335;1;TUG2;0,0278;1,1707;-0,2196;0,2255;0,0286;-0,0062;-0,9738;;False
4863,32;5.17;pa011​;20250411_105335;1;TUG2;0,0264;1,1703;-0,2151;0,2255;0,0282;-0,0066;-0,9738;;False
4863,33;5.18;pa011​;20250411_105335;1;TUG2;0,0251;1,1698;-0,2104;0,2251;0,0282;-0,0068;-0,9739;;False
4863,34;5.19;pa011​;20250411_105335;1;TUG2;0,0238;1,1694;-0,2056;0,2247;0,0281;-0,0074;-0,9740;;False
4863,36;5.21;pa011​;20250411_105335;1;TUG2;0,0225;1,1690;-0,2006;0,2250;0,0282;-0,0078;-0,9739;;False
4863,37;5.22;pa011​;20250411_105335;1;TUG2;0,0213;1,1685;-0,1955;0,2256;0,0285;-0,0078;-0,9738;;False
4863,38;5.24;pa011​;20250411_105335;1;TUG2;0,0200;1,1678;-0,1903;0,2259;0,0287;-0,0071;-0,9737;;False
4863,40;5.25;pa011​;20250411_105335;1;TUG2;0,0187;1,1670;-0,1851;0,2249;0,0292;-0,0069;-0,9739;;False
4863,41;5.26;pa011​;20250411_105335;1;TUG2;0,0175;1,1662;-0,1798;0,2238;0,0292;-0,0066;-0,9742;;False
4863,43;5.28;pa011​;20250411_105335;1;TUG2;0,0162;1,1654;-0,1743;0,2235;0,0292;-0,0067;-0,9743;;False
4863,44;5.29;pa011​;20250411_105335;1;TUG2;0,0151;1,1644;-0,1689;0,2232;0,0293;-0,0071;-0,9743;;False
4863,45;5.31;pa011​;20250411_105335;1;TUG2;0,0140;1,1635;-0,1633;0,2227;0,0292;-0,0083;-0,9744;;False
4863,47;5.32;pa011​;20250411_105335;1;TUG2;0,0131;1,1625;-0,1580;0,2220;0,0294;-0,0095;-0,9746;;False
4863,48;5.33;pa011​;20250411_105335;1;TUG2;0,0121;1,1615;-0,1525;0,2209;0,0295;-0,0108;-0,9748;;False
4863,50;5.35;pa011​;20250411_105335;1;TUG2;0,0112;1,1605;-0,1469;0,2205;0,0299;-0,0115;-0,9749;;False
4863,51;5.36;pa011​;20250411_105335;1;TUG2;0,0103;1,1595;-0,1413;0,2209;0,0305;-0,0121;-0,9747;;False
4863,52;5.38;pa011​;20250411_105335;1;TUG2;0,0096;1,1587;-0,1355;0,2223;0,0310;-0,0122;-0,9744;;False
4863,54;5.39;pa011​;20250411_105335;1;TUG2;0,0088;1,1578;-0,1296;0,2245;0,0318;-0,0123;-0,9739;;False
4863,55;5.4;pa011​;20250411_105335;1;TUG2;0,0081;1,1568;-0,1238;0,2264;0,0321;-0,0117;-0,9734;;False
4863,57;5.42;pa011​;20250411_105335;1;TUG2;0,0074;1,1555;-0,1181;0,2263;0,0324;-0,0115;-0,9735;;False
4863,58;5.43;pa011​;20250411_105335;1;TUG2;0,0069;1,1543;-0,1123;0,2249;0,0325;-0,0115;-0,9738;;False
4863,59;5.44;pa011​;20250411_105335;1;TUG2;0,0064;1,1529;-0,1064;0,2241;0,0323;-0,0117;-0,9740;;False
4863,61;5.46;pa011​;20250411_105335;1;TUG2;0,0059;1,1515;-0,1005;0,2227;0,0319;-0,0123;-0,9743;;False
4863,62;5.47;pa011​;20250411_105335;1;TUG2;0,0056;1,1502;-0,0945;0,2220;0,0317;-0,0131;-0,9744;;False
4863,63;5.49;pa011​;20250411_105335;1;TUG2;0,0052;1,1487;-0,0885;0,2222;0,0316;-0,0139;-0,9744;;False
4863,65;5.5;pa011​;20250411_105335;1;TUG2;0,0049;1,1471;-0,0826;0,2222;0,0318;-0,0141;-0,9744;;False
4863,66;5.51;pa011​;20250411_105335;1;TUG2;0,0045;1,1457;-0,0768;0,2221;0,0320;-0,0134;-0,9744;;False
4863,68;5.53;pa011​;20250411_105335;1;TUG2;0,0042;1,1448;-0,0711;0,2228;0,0324;-0,0119;-0,9743;;False
4863,69;5.54;pa011​;20250411_105335;1;TUG2;0,0040;1,1443;-0,0655;0,2236;0,0331;-0,0108;-0,9741;;False
4863,71;5.56;pa011​;20250411_105335;1;TUG2;0,0039;1,1446;-0,0602;0,2247;0,0328;-0,0102;-0,9738;;False
4863,72;5.57;pa011​;20250411_105335;1;TUG2;0,0040;1,1459;-0,0550;0,2253;0,0320;-0,0111;-0,9737;;False
4863,73;5.58;pa011​;20250411_105335;1;TUG2;0,0041;1,1482;-0,0501;0,2270;0,0310;-0,0138;-0,9733;;False
4863,75;5.6;pa011​;20250411_105335;1;TUG2;0,0041;1,1509;-0,0454;0,2305;0,0299;-0,0172;-0,9725;;False
4863,76;5.61;pa011​;20250411_105335;1;TUG2;0,0041;1,1543;-0,0410;0,2321;0,0293;-0,0196;-0,9721;;False
4863,77;5.62;pa011​;20250411_105335;1;TUG2;0,0039;1,1586;-0,0374;0,2308;0,0278;-0,0207;-0,9724;;False
4863,79;5.64;pa011​;20250411_105335;1;TUG2;0,0038;1,1640;-0,0342;0,2279;0,0267;-0,0203;-0,9731;;False
4863,80;5.65;pa011​;20250411_105335;1;TUG2;0,0035;1,1703;-0,0314;0,2257;0,0261;-0,0195;-0,9736;;False
4863,82;5.67;pa011​;20250411_105335;1;TUG2;0,0033;1,1778;-0,0293;0,2230;0,0275;-0,0194;-0,9742;;False
4863,83;5.68;pa011​;20250411_105335;1;TUG2;0,0030;1,1859;-0,0276;0,2213;0,0296;-0,0193;-0,9746;;False
4863,84;5.69;pa011​;20250411_105335;1;TUG2;0,0028;1,1946;-0,0265;0,2205;0,0320;-0,0181;-0,9747;;False
4863,86;5.71;pa011​;20250411_105335;1;TUG2;0,0028;1,2040;-0,0262;0,2186;0,0332;-0,0169;-0,9751;;False
4863,87;5.72;pa011​;20250411_105335;1;TUG2;0,0028;1,2144;-0,0262;0,2163;0,0331;-0,0160;-0,9756;;False
4863,89;5.74;pa011​;20250411_105335;1;TUG2;0,0028;1,2253;-0,0265;0,2151;0,0323;-0,0155;-0,9759;;False
4863,90;5.75;pa011​;20250411_105335;1;TUG2;0,0029;1,2368;-0,0273;0,2140;0,0314;-0,0154;-0,9762;;False
4863,91;5.76;pa011​;20250411_105335;1;TUG2;0,0028;1,2488;-0,0284;0,2135;0,0302;-0,0152;-0,9763;;False
4863,93;5.78;pa011​;20250411_105335;1;TUG2;0,0028;1,2612;-0,0300;0,2148;0,0288;-0,0140;-0,9761;;False
4863,94;5.79;pa011​;20250411_105335;1;TUG2;0,0029;1,2738;-0,0320;0,2155;0,0276;-0,0133;-0,9760;;False
4863,95;5.81;pa011​;20250411_105335;1;TUG2;0,0030;1,2866;-0,0344;0,2153;0,0261;-0,0131;-0,9761;;False
4863,97;5.82;pa011​;20250411_105335;1;TUG2;0,0030;1,2992;-0,0370;0,2148;0,0249;-0,0125;-0,9763;;False
4863,98;5.83;pa011​;20250411_105335;1;TUG2;0,0031;1,3118;-0,0398;0,2120;0,0244;-0,0129;-0,9769;;False
4864,00;5.85;pa011​;20250411_105335;1;TUG2;0,0032;1,3252;-0,0426;0,2070;0,0246;-0,0149;-0,9779;;False
4864,01;5.86;pa011​;20250411_105335;1;TUG2;0,0033;1,3390;-0,0450;0,2063;0,0255;-0,0165;-0,9780;;False
4864,02;5.88;pa011​;20250411_105335;1;TUG2;0,0035;1,3527;-0,0474;0,2083;0,0269;-0,0157;-0,9776;;False
4864,04;5.89;pa011​;20250411_105335;1;TUG2;0,0037;1,3659;-0,0502;0,2081;0,0283;-0,0136;-0,9776;;False
4864,05;5.9;pa011​;20250411_105335;1;TUG2;0,0040;1,3788;-0,0528;0,2067;0,0286;-0,0104;-0,9779;;False
4864,07;5.92;pa011​;20250411_105335;1;TUG2;0,0041;1,3913;-0,0553;0,2050;0,0281;-0,0064;-0,9783;;False
4864,08;5.93;pa011​;20250411_105335;1;TUG2;0,0043;1,4036;-0,0578;0,2018;0,0272;-0,0033;-0,9790;;False
4864,09;5.94;pa011​;20250411_105335;1;TUG2;0,0046;1,4153;-0,0600;0,1999;0,0258;-0,0021;-0,9795;;False
4864,11;5.96;pa011​;20250411_105335;1;TUG2;0,0047;1,4265;-0,0622;0,1973;0,0245;-0,0025;-0,9800;;False
4864,12;5.97;pa011​;20250411_105335;1;TUG2;0,0050;1,4372;-0,0643;0,1925;0,0240;-0,0043;-0,9810;;False
4864,13;5.99;pa011​;20250411_105335;1;TUG2;0,0054;1,4474;-0,0664;0,1875;0,0241;-0,0069;-0,9820;;False
4864,15;6.0;pa011​;20250411_105335;1;TUG2;0,0059;1,4568;-0,0683;0,1822;0,0244;-0,0093;-0,9829;;False
4864,16;6.01;pa011​;20250411_105335;1;TUG2;0,0063;1,4656;-0,0701;0,1762;0,0242;-0,0098;-0,9840;;False
4864,18;6.03;pa011​;20250411_105335;1;TUG2;0,0066;1,4735;-0,0718;0,1699;0,0243;-0,0088;-0,9851;;False
4864,19;6.04;pa011​;20250411_105335;1;TUG2;0,0070;1,4804;-0,0733;0,1636;0,0249;-0,0072;-0,9862;;False
4864,21;6.06;pa011​;20250411_105335;1;TUG2;0,0071;1,4859;-0,0749;0,1554;0,0253;-0,0045;-0,9875;;False
4864,22;6.07;pa011​;20250411_105335;1;TUG2;0,0075;1,4904;-0,0765;0,1447;0,0266;-0,0020;-0,9891;;False
4864,23;6.08;pa011​;20250411_105335;1;TUG2;0,0078;1,4939;-0,0780;0,1305;0,0270;-0,0009;-0,9911;;False
4864,25;6.1;pa011​;20250411_105335;1;TUG2;0,0080;1,4969;-0,0794;0,1163;0,0268;-0,0018;-0,9929;;False
4864,26;6.11;pa011​;20250411_105335;1;TUG2;0,0082;1,4994;-0,0805;0,1030;0,0256;-0,0025;-0,9943;;False
4864,27;6.12;pa011​;20250411_105335;1;TUG2;0,0083;1,5015;-0,0813;0,0920;0,0244;-0,0037;-0,9954;;False
4864,29;6.14;pa011​;20250411_105335;1;TUG2;0,0084;1,5030;-0,0821;0,0829;0,0231;-0,0045;-0,9963;;False
4864,30;6.15;pa011​;20250411_105335;1;TUG2;0,0083;1,5034;-0,0833;0,0774;0,0221;-0,0048;-0,9967;;False
4864,31;6.17;pa011​;20250411_105335;1;TUG2;0,0083;1,5039;-0,0851;0,0714;0,0215;-0,0051;-0,9972;;False
4864,33;6.18;pa011​;20250411_105335;1;TUG2;0,0083;1,5048;-0,0865;0,0666;0,0216;-0,0058;-0,9975;;False
4864,34;6.19;pa011​;20250411_105335;1;TUG2;0,0082;1,5058;-0,0874;0,0642;0,0217;-0,0060;-0,9977;;False
4864,36;6.21;pa011​;20250411_105335;1;TUG2;0,0079;1,5063;-0,0881;0,0651;0,0213;-0,0055;-0,9976;;False
4864,37;6.22;pa011​;20250411_105335;1;TUG2;0,0077;1,5063;-0,0890;0,0643;0,0209;-0,0051;-0,9977;;False
4864,39;6.24;pa011​;20250411_105335;1;TUG2;0,0074;1,5066;-0,0897;0,0612;0,0208;-0,0052;-0,9979;;False
4864,40;6.25;pa011​;20250411_105335;1;TUG2;0,0070;1,5068;-0,0901;0,0595;0,0210;-0,0055;-0,9980;;False
4864,41;6.26;pa011​;20250411_105335;1;TUG2;0,0065;1,5071;-0,0903;0,0592;0,0214;-0,0056;-0,9980;;False
4864,43;6.28;pa011​;20250411_105335;1;TUG2;0,0060;1,5075;-0,0905;0,0582;0,0222;-0,0060;-0,9980;;False
4864,44;6.29;pa011​;20250411_105335;1;TUG2;0,0057;1,5079;-0,0907;0,0565;0,0234;-0,0069;-0,9981;;False
4864,45;6.31;pa011​;20250411_105335;1;TUG2;0,0052;1,5086;-0,0906;0,0556;0,0245;-0,0078;-0,9981;;False
4864,47;6.32;pa011​;20250411_105335;1;TUG2;0,0048;1,5096;-0,0904;0,0559;0,0256;-0,0083;-0,9981;;False
4864,48;6.33;pa011​;20250411_105335;1;TUG2;0,0043;1,5107;-0,0900;0,0574;0,0268;-0,0086;-0,9980;;False
4864,50;6.35;pa011​;20250411_105335;1;TUG2;0,0040;1,5116;-0,0896;0,0592;0,0280;-0,0085;-0,9978;;False
4864,51;6.36;pa011​;20250411_105335;1;TUG2;0,0035;1,5124;-0,0891;0,0608;0,0289;-0,0082;-0,9977;;False
4864,52;6.38;pa011​;20250411_105335;1;TUG2;0,0032;1,5133;-0,0885;0,0619;0,0298;-0,0079;-0,9976;;False
4864,54;6.39;pa011​;20250411_105335;1;TUG2;0,0028;1,5138;-0,0876;0,0635;0,0306;-0,0079;-0,9975;;False
4864,55;6.4;pa011​;20250411_105335;1;TUG2;0,0025;1,5145;-0,0868;0,0650;0,0312;-0,0074;-0,9974;;False
4864,57;6.42;pa011​;20250411_105335;1;TUG2;0,0021;1,5155;-0,0858;0,0674;0,0318;-0,0066;-0,9972;;False
4864,58;6.43;pa011​;20250411_105335;1;TUG2;0,0018;1,5167;-0,0845;0,0729;0,0321;-0,0053;-0,9968;;False
4864,59;6.45;pa011​;20250411_105335;1;TUG2;0,0015;1,5182;-0,0830;0,0800;0,0320;-0,0046;-0,9963;;False
4864,61;6.46;pa011​;20250411_105335;1;TUG2;0,0014;1,5197;-0,0814;0,0880;0,0314;-0,0040;-0,9956;;False
4864,62;6.47;pa011​;20250411_105335;1;TUG2;0,0013;1,5210;-0,0798;0,0956;0,0306;-0,0038;-0,9949;;False
4864,63;6.49;pa011​;20250411_105335;1;TUG2;0,0012;1,5222;-0,0782;0,1020;0,0296;-0,0041;-0,9943;;False
4864,65;6.5;pa011​;20250411_105335;1;TUG2;0,0010;1,5228;-0,0763;0,1084;0,0294;-0,0047;-0,9937;;False
4864,66;6.51;pa011​;20250411_105335;1;TUG2;0,0007;1,5235;-0,0743;0,1127;0,0292;-0,0047;-0,9932;;False
4864,68;6.53;pa011​;20250411_105335;1;TUG2;0,0005;1,5237;-0,0721;0,1147;0,0297;-0,0042;-0,9929;;False
4864,69;6.54;pa011​;20250411_105335;1;TUG2;0,0001;1,5238;-0,0696;0,1155;0,0300;-0,0044;-0,9928;;False
4864,71;6.56;pa011​;20250411_105335;1;TUG2;-0,0001;1,5237;-0,0666;0,1161;0,0309;-0,0048;-0,9927;;False
4864,72;6.57;pa011​;20250411_105335;1;TUG2;-0,0003;1,5235;-0,0635;0,1170;0,0315;-0,0051;-0,9926;;False
4864,73;6.58;pa011​;20250411_105335;1;TUG2;-0,0006;1,5232;-0,0601;0,1169;0,0321;-0,0058;-0,9926;;False
4864,75;6.6;pa011​;20250411_105335;1;TUG2;-0,0012;1,5231;-0,0565;0,1160;0,0325;-0,0057;-0,9927;;False
4864,76;6.61;pa011​;20250411_105335;1;TUG2;-0,0018;1,5229;-0,0528;0,1154;0,0332;-0,0048;-0,9928;;False
4864,77;6.63;pa011​;20250411_105335;1;TUG2;-0,0026;1,5229;-0,0490;0,1144;0,0341;-0,0036;-0,9928;;False
4864,79;6.64;pa011​;20250411_105335;1;TUG2;-0,0034;1,5228;-0,0450;0,1142;0,0355;-0,0026;-0,9928;;False
4864,80;6.65;pa011​;20250411_105335;1;TUG2;-0,0042;1,5226;-0,0408;0,1140;0,0369;-0,0017;-0,9928;;False
4864,82;6.67;pa011​;20250411_105335;1;TUG2;-0,0052;1,5223;-0,0367;0,1123;0,0380;-0,0009;-0,9929;;False
4864,83;6.68;pa011​;20250411_105335;1;TUG2;-0,0062;1,5219;-0,0325;0,1098;0,0390;0,0001;-0,9932;;False
4864,84;6.69;pa011​;20250411_105335;1;TUG2;-0,0073;1,5214;-0,0282;0,1070;0,0400;0,0004;-0,9935;;False
4864,86;6.71;pa011​;20250411_105335;1;TUG2;-0,0085;1,5208;-0,0239;0,1027;0,0407;0,0006;-0,9939;;False
4864,87;6.72;pa011​;20250411_105335;1;TUG2;-0,0098;1,5200;-0,0194;0,0976;0,0413;0,0013;-0,9944;;False
4864,89;6.74;pa011​;20250411_105335;1;TUG2;-0,0112;1,5191;-0,0148;0,0912;0,0418;0,0020;-0,9950;;False
4864,90;6.75;pa011​;20250411_105335;1;TUG2;-0,0126;1,5181;-0,0101;0,0849;0,0419;0,0030;-0,9955;;False
4864,91;6.76;pa011​;20250411_105335;1;TUG2;-0,0142;1,5170;-0,0053;0,0791;0,0419;0,0042;-0,9960;;False
4864,93;6.78;pa011​;20250411_105335;1;TUG2;-0,0159;1,5161;-0,0006;0,0733;0,0412;0,0056;-0,9964;;False
4864,94;6.79;pa011​;20250411_105335;1;TUG2;-0,0176;1,5163;0,0044;0,0685;0,0407;0,0082;-0,9968;;False
4864,96;6.81;pa011​;20250411_105335;1;TUG2;-0,0194;1,5164;0,0098;0,0670;0,0400;0,0103;-0,9969;;False
4864,97;6.82;pa011​;20250411_105335;1;TUG2;-0,0213;1,5166;0,0152;0,0675;0,0393;0,0115;-0,9969;;False
4864,98;6.83;pa011​;20250411_105335;1;TUG2;-0,0232;1,5165;0,0207;0,0686;0,0385;0,0117;-0,9968;;False
4865,00;6.85;pa011​;20250411_105335;1;TUG2;-0,0253;1,5161;0,0264;0,0699;0,0372;0,0124;-0,9968;;False
4865,01;6.86;pa011​;20250411_105335;1;TUG2;-0,0274;1,5152;0,0320;0,0707;0,0352;0,0128;-0,9968;;False
4865,02;6.88;pa011​;20250411_105335;1;TUG2;-0,0295;1,5141;0,0375;0,0699;0,0337;0,0121;-0,9969;;False
4865,04;6.89;pa011​;20250411_105335;1;TUG2;-0,0315;1,5129;0,0431;0,0670;0,0324;0,0105;-0,9972;;False
4865,05;6.9;pa011​;20250411_105335;1;TUG2;-0,0337;1,5115;0,0487;0,0638;0,0309;0,0096;-0,9974;;False
4865,06;6.92;pa011​;20250411_105335;1;TUG2;-0,0359;1,5100;0,0544;0,0610;0,0296;0,0093;-0,9977;;False
4865,08;6.93;pa011​;20250411_105335;1;TUG2;-0,0381;1,5086;0,0603;0,0584;0,0286;0,0089;-0,9978;;False
4865,09;6.94;pa011​;20250411_105335;1;TUG2;-0,0404;1,5073;0,0661;0,0556;0,0276;0,0088;-0,9980;;False
4865,11;6.96;pa011​;20250411_105335;1;TUG2;-0,0425;1,5061;0,0719;0,0524;0,0264;0,0093;-0,9982;;False
4865,12;6.97;pa011​;20250411_105335;1;TUG2;-0,0447;1,5049;0,0779;0,0497;0,0249;0,0099;-0,9984;;False
4865,13;6.99;pa011​;20250411_105335;1;TUG2;-0,0468;1,5035;0,0839;0,0476;0,0238;0,0102;-0,9985;;False
4865,15;7.0;pa011​;20250411_105335;1;TUG2;-0,0489;1,5021;0,0897;0,0452;0,0227;0,0104;-0,9987;;False
4865,16;7.01;pa011​;20250411_105335;1;TUG2;-0,0509;1,5005;0,0952;0,0424;0,0221;0,0104;-0,9988;;False
4865,18;7.03;pa011​;20250411_105335;1;TUG2;-0,0529;1,4991;0,1006;0,0387;0,0219;0,0101;-0,9990;;False
4865,19;7.04;pa011​;20250411_105335;1;TUG2;-0,0549;1,4979;0,1061;0,0352;0,0216;0,0098;-0,9991;;False
4865,20;7.06;pa011​;20250411_105335;1;TUG2;-0,0567;1,4968;0,1117;0,0321;0,0211;0,0095;-0,9992;;False
4865,22;7.07;pa011​;20250411_105335;1;TUG2;-0,0584;1,4961;0,1173;0,0294;0,0199;0,0089;-0,9993;;False
4865,23;7.08;pa011​;20250411_105335;1;TUG2;-0,0600;1,4953;0,1230;0,0276;0,0185;0,0078;-0,9994;;False
4865,25;7.1;pa011​;20250411_105335;1;TUG2;-0,0615;1,4948;0,1287;0,0257;0,0170;0,0063;-0,9995;;False
4865,26;7.11;pa011​;20250411_105335;1;TUG2;-0,0630;1,4943;0,1345;0,0244;0,0160;0,0055;-0,9996;;False
4865,27;7.12;pa011​;20250411_105335;1;TUG2;-0,0647;1,4937;0,1405;0,0247;0,0157;0,0056;-0,9996;;False
4865,29;7.14;pa011​;20250411_105335;1;TUG2;-0,0664;1,4935;0,1466;0,0254;0,0158;0,0061;-0,9995;;False
4865,30;7.15;pa011​;20250411_105335;1;TUG2;-0,0682;1,4937;0,1530;0,0257;0,0167;0,0066;-0,9995;;False
4865,32;7.17;pa011​;20250411_105335;1;TUG2;-0,0701;1,4936;0,1597;0,0272;0,0176;0,0083;-0,9994;;False
4865,33;7.18;pa011​;20250411_105335;1;TUG2;-0,0720;1,4935;0,1665;0,0297;0,0186;0,0097;-0,9993;;False
4865,34;7.19;pa011​;20250411_105335;1;TUG2;-0,0737;1,4936;0,1735;0,0327;0,0195;0,0101;-0,9992;;False
4865,36;7.21;pa011​;20250411_105335;1;TUG2;-0,0754;1,4935;0,1809;0,0376;0,0200;0,0098;-0,9990;;False
4865,37;7.22;pa011​;20250411_105335;1;TUG2;-0,0770;1,4932;0,1884;0,0419;0,0201;0,0095;-0,9989;;False
4865,38;7.24;pa011​;20250411_105335;1;TUG2;-0,0786;1,4925;0,1960;0,0455;0,0197;0,0089;-0,9987;;False
4865,40;7.25;pa011​;20250411_105335;1;TUG2;-0,0802;1,4914;0,2038;0,0490;0,0185;0,0083;-0,9986;;False
4865,41;7.26;pa011​;20250411_105335;1;TUG2;-0,0818;1,4903;0,2119;0,0520;0,0181;0,0080;-0,9984;;False
4865,43;7.28;pa011​;20250411_105335;1;TUG2;-0,0834;1,4891;0,2203;0,0551;0,0180;0,0076;-0,9983;;False
4865,44;7.29;pa011​;20250411_105335;1;TUG2;-0,0852;1,4876;0,2290;0,0579;0,0177;0,0081;-0,9981;;False
4865,45;7.31;pa011​;20250411_105335;1;TUG2;-0,0871;1,4859;0,2377;0,0597;0,0179;0,0082;-0,9980;;False
4865,47;7.32;pa011​;20250411_105335;1;TUG2;-0,0889;1,4838;0,2466;0,0602;0,0187;0,0084;-0,9980;;False
4865,48;7.33;pa011​;20250411_105335;1;TUG2;-0,0909;1,4818;0,2558;0,0602;0,0191;0,0088;-0,9980;;False
4865,50;7.35;pa011​;20250411_105335;1;TUG2;-0,0926;1,4799;0,2653;0,0601;0,0192;0,0097;-0,9980;;False
4865,51;7.36;pa011​;20250411_105335;1;TUG2;-0,0942;1,4779;0,2751;0,0607;0,0188;0,0092;-0,9979;;False
4865,52;7.37;pa011​;20250411_105335;1;TUG2;-0,0958;1,4760;0,2851;0,0614;0,0184;0,0085;-0,9979;;False
4865,54;7.39;pa011​;20250411_105335;1;TUG2;-0,0974;1,4744;0,2952;0,0620;0,0177;0,0077;-0,9979;;False
4865,55;7.4;pa011​;20250411_105335;1;TUG2;-0,0991;1,4730;0,3058;0,0631;0,0171;0,0071;-0,9978;;False
4865,56;7.42;pa011​;20250411_105335;1;TUG2;-0,1009;1,4718;0,3166;0,0641;0,0167;0,0070;-0,9978;;False
4865,58;7.43;pa011​;20250411_105335;1;TUG2;-0,1027;1,4711;0,3278;0,0641;0,0168;0,0069;-0,9978;;False
4865,59;7.44;pa011​;20250411_105335;1;TUG2;-0,1045;1,4704;0,3391;0,0651;0,0176;0,0059;-0,9977;;False
4865,61;7.46;pa011​;20250411_105335;1;TUG2;-0,1063;1,4702;0,3506;0,0655;0,0188;0,0048;-0,9977;;False
4865,62;7.47;pa011​;20250411_105335;1;TUG2;-0,1080;1,4705;0,3625;0,0655;0,0202;0,0050;-0,9976;;False
4865,63;7.49;pa011​;20250411_105335;1;TUG2;-0,1096;1,4709;0,3750;0,0666;0,0216;0,0051;-0,9975;;False
4865,65;7.5;pa011​;20250411_105335;1;TUG2;-0,1110;1,4717;0,3878;0,0683;0,0232;0,0051;-0,9974;;False
4865,66;7.51;pa011​;20250411_105335;1;TUG2;-0,1124;1,4730;0,4009;0,0695;0,0247;0,0053;-0,9973;;False
4865,68;7.53;pa011​;20250411_105335;1;TUG2;-0,1135;1,4748;0,4147;0,0711;0,0271;0,0050;-0,9971;;False
4865,69;7.54;pa011​;20250411_105335;1;TUG2;-0,1147;1,4766;0,4286;0,0732;0,0298;0,0043;-0,9969;;False
4865,70;7.56;pa011​;20250411_105335;1;TUG2;-0,1157;1,4788;0,4427;0,0725;0,0333;0,0031;-0,9968;;False
4865,72;7.57;pa011​;20250411_105335;1;TUG2;-0,1169;1,4841;0,4572;0,0651;0,0363;0,0033;-0,9972;;False
4865,73;7.58;pa011​;20250411_105335;1;TUG2;-0,1182;1,4865;0,4734;0,0724;0,0378;0,0061;-0,9966;;False
4865,75;7.6;pa011​;20250411_105335;1;TUG2;-0,1194;1,4889;0,4891;0,0819;0,0379;0,0065;-0,9959;;False
4865,76;7.61;pa011​;20250411_105335;1;TUG2;-0,1205;1,4913;0,5038;0,0833;0,0384;0,0063;-0,9958;;False
4865,77;7.62;pa011​;20250411_105335;1;TUG2;-0,1215;1,4918;0,5191;0,0860;0,0396;0,0048;-0,9955;;False
4865,79;7.64;pa011​;20250411_105335;1;TUG2;-0,1228;1,4913;0,5341;0,0863;0,0407;0,0030;-0,9954;;False
4865,80;7.65;pa011​;20250411_105335;1;TUG2;-0,1242;1,4909;0,5487;0,0819;0,0414;0,0033;-0,9958;;False
4865,81;7.67;pa011​;20250411_105335;1;TUG2;-0,1259;1,4904;0,5639;0,0767;0,0416;0,0069;-0,9962;;False
4865,83;7.68;pa011​;20250411_105335;1;TUG2;-0,1275;1,4903;0,5794;0,0733;0,0413;0,0100;-0,9964;;False
4865,84;7.69;pa011​;20250411_105335;1;TUG2;-0,1290;1,4907;0,5953;0,0717;0,0408;0,0117;-0,9965;;False
4865,86;7.71;pa011​;20250411_105335;1;TUG2;-0,1307;1,4909;0,6115;0,0723;0,0400;0,0117;-0,9965;;False
4865,87;7.72;pa011​;20250411_105335;1;TUG2;-0,1324;1,4906;0,6278;0,0751;0,0403;0,0102;-0,9963;;False
4865,88;7.74;pa011​;20250411_105335;1;TUG2;-0,1342;1,4897;0,6439;0,0771;0,0413;0,0081;-0,9961;;False
4865,90;7.75;pa011​;20250411_105335;1;TUG2;-0,1362;1,4884;0,6599;0,0776;0,0419;0,0060;-0,9961;;False
4865,91;7.76;pa011​;20250411_105335;1;TUG2;-0,1382;1,4871;0,6760;0,0756;0,0420;0,0052;-0,9962;;False
4865,93;7.78;pa011​;20250411_105335;1;TUG2;-0,1402;1,4858;0,6924;0,0734;0,0414;0,0057;-0,9964;;False
4865,94;7.79;pa011​;20250411_105335;1;TUG2;-0,1423;1,4845;0,7090;0,0720;0,0409;0,0065;-0,9965;;False
4865,96;7.81;pa011​;20250411_105335;1;TUG2;-0,1445;1,4832;0,7259;0,0713;0,0405;0,0073;-0,9966;;False
4865,97;7.82;pa011​;20250411_105335;1;TUG2;-0,1468;1,4817;0,7429;0,0706;0,0405;0,0077;-0,9967;;False
4865,98;7.83;pa011​;20250411_105335;1;TUG2;-0,1493;1,4804;0,7601;0,0696;0,0410;0,0071;-0,9967;;False
4866,00;7.85;pa011​;20250411_105335;1;TUG2;-0,1519;1,4792;0,7775;0,0693;0,0420;0,0059;-0,9967;;False
4866,01;7.86;pa011​;20250411_105335;1;TUG2;-0,1547;1,4781;0,7950;0,0690;0,0431;0,0056;-0,9967;;False
4866,02;7.87;pa011​;20250411_105335;1;TUG2;-0,1576;1,4770;0,8127;0,0691;0,0435;0,0065;-0,9966;;False
4866,04;7.89;pa011​;20250411_105335;1;TUG2;-0,1605;1,4761;0,8306;0,0694;0,0428;0,0086;-0,9966;;False
4866,05;7.9;pa011​;20250411_105335;1;TUG2;-0,1635;1,4752;0,8485;0,0696;0,0411;0,0108;-0,9967;;False
4866,07;7.92;pa011​;20250411_105335;1;TUG2;-0,1666;1,4740;0,8663;0,0700;0,0383;0,0126;-0,9967;;False
4866,08;7.93;pa011​;20250411_105335;1;TUG2;-0,1697;1,4729;0,8838;0,0685;0,0350;0,0134;-0,9970;;False
4866,09;7.94;pa011​;20250411_105335;1;TUG2;-0,1729;1,4718;0,9014;0,0651;0,0316;0,0130;-0,9973;;False
4866,11;7.96;pa011​;20250411_105335;1;TUG2;-0,1761;1,4711;0,9190;0,0608;0,0290;0,0114;-0,9977;;False
4866,12;7.97;pa011​;20250411_105335;1;TUG2;-0,1796;1,4704;0,9366;0,0579;0,0266;0,0096;-0,9979;;False
4866,13;7.99;pa011​;20250411_105335;1;TUG2;-0,1832;1,4720;0,9541;0,0503;0,0254;0,0084;-0,9984;;False
4866,15;8.0;pa011​;20250411_105335;1;TUG2;-0,1876;1,4762;0,9719;0,0435;0,0228;0,0111;-0,9987;;False
4866,16;8.01;pa011​;20250411_105335;1;TUG2;-0,1919;1,4777;0,9916;0,0495;0,0216;0,0153;-0,9984;;False
4866,18;8.03;pa011​;20250411_105335;1;TUG2;-0,1954;1,4798;1,0097;0,0553;0,0229;0,0143;-0,9981;;False
4866,19;8.04;pa011​;20250411_105335;1;TUG2;-0,1986;1,4821;1,0273;0,0522;0,0245;0,0114;-0,9983;;False
4866,20;8.06;pa011​;20250411_105335;1;TUG2;-0,2016;1,4843;1,0455;0,0480;0,0255;0,0070;-0,9985;;False
4866,22;8.07;pa011​;20250411_105335;1;TUG2;-0,2045;1,4867;1,0642;0,0468;0,0257;0,0048;-0,9986;;False
4866,23;8.08;pa011​;20250411_105335;1;TUG2;-0,2073;1,4898;1,0831;0,0453;0,0258;0,0033;-0,9986;;False
4866,25;8.1;pa011​;20250411_105335;1;TUG2;-0,2101;1,4932;1,1022;0,0429;0,0250;0,0032;-0,9988;;False
4866,26;8.11;pa011​;20250411_105335;1;TUG2;-0,2129;1,4965;1,1216;0,0411;0,0230;0,0055;-0,9989;;False
4866,27;8.13;pa011​;20250411_105335;1;TUG2;-0,2156;1,4987;1,1410;0,0405;0,0209;0,0086;-0,9989;;False
4866,29;8.14;pa011​;20250411_105335;1;TUG2;-0,2182;1,5002;1,1605;0,0413;0,0176;0,0113;-0,9989;;False
4866,30;8.15;pa011​;20250411_105335;1;TUG2;-0,2210;1,5014;1,1801;0,0428;0,0135;0,0144;-0,9989;;False
4866,31;8.17;pa011​;20250411_105335;1;TUG2;-0,2237;1,5020;1,1996;0,0445;0,0090;0,0170;-0,9988;;False
4866,33;8.18;pa011​;20250411_105335;1;TUG2;-0,2264;1,5016;1,2189;0,0459;0,0041;0,0195;-0,9987;;False
4866,34;8.19;pa011​;20250411_105335;1;TUG2;-0,2293;1,5004;1,2380;0,0456;-0,0015;0,0220;-0,9987;;False
4866,36;8.21;pa011​;20250411_105335;1;TUG2;-0,2321;1,4986;1,2571;0,0438;-0,0074;0,0250;-0,9987;;False
4866,37;8.22;pa011​;20250411_105335;1;TUG2;-0,2352;1,4965;1,2763;0,0422;-0,0143;0,0279;-0,9986;;False
4866,39;8.24;pa011​;20250411_105335;1;TUG2;-0,2382;1,4943;1,2959;0,0417;-0,0210;0,0302;-0,9985;;False
4866,40;8.25;pa011​;20250411_105335;1;TUG2;-0,2412;1,4920;1,3155;0,0422;-0,0285;0,0326;-0,9982;;False
4866,41;8.26;pa011​;20250411_105335;1;TUG2;-0,2445;1,4895;1,3350;0,0437;-0,0362;0,0343;-0,9978;;False
4866,43;8.28;pa011​;20250411_105335;1;TUG2;-0,2478;1,4869;1,3545;0,0440;-0,0434;0,0356;-0,9975;;False
4866,44;8.29;pa011​;20250411_105335;1;TUG2;-0,2509;1,4843;1,3741;0,0433;-0,0496;0,0362;-0,9972;;False
4866,45;8.31;pa011​;20250411_105335;1;TUG2;-0,2541;1,4822;1,3938;0,0419;-0,0553;0,0363;-0,9969;;False
4866,47;8.32;pa011​;20250411_105335;1;TUG2;-0,2572;1,4813;1,4136;0,0377;-0,0599;0,0362;-0,9968;;False
4866,48;8.33;pa011​;20250411_105335;1;TUG2;-0,2602;1,4803;1,4337;0,0361;-0,0627;0,0346;-0,9968;;False
4866,50;8.35;pa011​;20250411_105335;1;TUG2;-0,2631;1,4791;1,4538;0,0363;-0,0645;0,0326;-0,9967;;False
4866,51;8.36;pa011​;20250411_105335;1;TUG2;-0,2660;1,4781;1,4733;0,0335;-0,0656;0,0317;-0,9968;;False
4866,52;8.37;pa011​;20250411_105335;1;TUG2;-0,2689;1,4771;1,4926;0,0296;-0,0666;0,0320;-0,9968;;False
4866,54;8.39;pa011​;20250411_105335;1;TUG2;-0,2717;1,4754;1,5118;0,0278;-0,0680;0,0325;-0,9968;;False
4866,55;8.4;pa011​;20250411_105335;1;TUG2;-0,2740;1,4745;1,5308;0,0278;-0,0684;0,0324;-0,9967;;False
4866,56;8.42;pa011​;20250411_105335;1;TUG2;-0,2763;1,4797;1,5503;0,0165;-0,0690;0,0341;-0,9969;;False
4866,58;8.43;pa011​;20250411_105335;1;TUG2;-0,2786;1,4806;1,5715;0,0289;-0,0716;0,0411;-0,9962;;False
4866,59;8.44;pa011​;20250411_105335;1;TUG2;-0,2806;1,4803;1,5932;0,0514;-0,0753;0,0432;-0,9949;;False
4866,61;8.46;pa011​;20250411_105335;1;TUG2;-0,2826;1,4822;1,6114;0,0561;-0,0794;0,0465;-0,9942;;False
4866,62;8.47;pa011​;20250411_105335;1;TUG2;-0,2850;1,4824;1,6303;0,0552;-0,0866;0,0502;-0,9934;;False
4866,63;8.49;pa011​;20250411_105335;1;TUG2;-0,2871;1,4813;1,6498;0,0553;-0,0931;0,0516;-0,9928;;False
4866,65;8.5;pa011​;20250411_105335;1;TUG2;-0,2892;1,4818;1,6685;0,0471;-0,0984;0,0510;-0,9927;;False
4866,66;8.51;pa011​;20250411_105335;1;TUG2;-0,2914;1,4830;1,6875;0,0380;-0,1046;0,0530;-0,9924;;False
4866,68;8.53;pa011​;20250411_105335;1;TUG2;-0,2934;1,4838;1,7072;0,0342;-0,1113;0,0551;-0,9917;;False
4866,69;8.54;pa011​;20250411_105335;1;TUG2;-0,2950;1,4847;1,7268;0,0328;-0,1172;0,0547;-0,9911;;False
4866,70;8.56;pa011​;20250411_105335;1;TUG2;-0,2967;1,4856;1,7461;0,0305;-0,1226;0,0520;-0,9906;;False
4866,72;8.57;pa011​;20250411_105335;1;TUG2;-0,2984;1,4862;1,7653;0,0282;-0,1280;0,0508;-0,9901;;False
4866,73;8.58;pa011​;20250411_105335;1;TUG2;-0,3001;1,4868;1,7843;0,0258;-0,1333;0,0500;-0,9895;;False
4866,75;8.6;pa011​;20250411_105335;1;TUG2;-0,3017;1,4873;1,8035;0,0246;-0,1382;0,0482;-0,9889;;False
4866,76;8.61;pa011​;20250411_105335;1;TUG2;-0,3032;1,4878;1,8229;0,0247;-0,1425;0,0465;-0,9884;;False
4866,77;8.63;pa011​;20250411_105335;1;TUG2;-0,3047;1,4881;1,8424;0,0251;-0,1460;0,0455;-0,9879;;False
4866,79;8.64;pa011​;20250411_105335;1;TUG2;-0,3063;1,4882;1,8619;0,0259;-0,1495;0,0460;-0,9873;;False
4866,80;8.65;pa011​;20250411_105335;1;TUG2;-0,3076;1,4879;1,8814;0,0268;-0,1526;0,0470;-0,9868;;False
4866,82;8.67;pa011​;20250411_105335;1;TUG2;-0,3089;1,4872;1,9007;0,0290;-0,1562;0,0475;-0,9862;;False
4866,83;8.68;pa011​;20250411_105335;1;TUG2;-0,3099;1,4866;1,9201;0,0320;-0,1596;0,0474;-0,9855;;False
4866,84;8.69;pa011​;20250411_105335;1;TUG2;-0,3109;1,4855;1,9394;0,0363;-0,1634;0,0467;-0,9848;;False
4866,86;8.71;pa011​;20250411_105335;1;TUG2;-0,3117;1,4840;1,9584;0,0399;-0,1672;0,0453;-0,9841;;False
4866,87;8.72;pa011​;20250411_105335;1;TUG2;-0,3124;1,4823;1,9767;0,0407;-0,1708;0,0431;-0,9835;;False
4866,88;8.74;pa011​;20250411_105335;1;TUG2;-0,3132;1,4806;1,9947;0,0388;-0,1749;0,0425;-0,9829;;False
4866,90;8.75;pa011​;20250411_105335;1;TUG2;-0,3139;1,4791;2,0129;0,0346;-0,1790;0,0440;-0,9823;;False
4866,91;8.76;pa011​;20250411_105335;1;TUG2;-0,3144;1,4776;2,0313;0,0326;-0,1842;0,0465;-0,9813;;False
4866,93;8.78;pa011​;20250411_105335;1;TUG2;-0,3145;1,4759;2,0498;0,0343;-0,1886;0,0477;-0,9803;;False
4866,94;8.79;pa011​;20250411_105335;1;TUG2;-0,3146;1,4743;2,0680;0,0377;-0,1945;0,0481;-0,9790;;False
4866,95;8.81;pa011​;20250411_105335;1;TUG2;-0,3144;1,4724;2,0859;0,0406;-0,2011;0,0491;-0,9775;;False
4866,97;8.82;pa011​;20250411_105335;1;TUG2;-0,3142;1,4733;2,1037;0,0351;-0,2091;0,0523;-0,9759;;False
4866,98;8.83;pa011​;20250411_105335;1;TUG2;-0,3142;1,4761;2,1219;0,0295;-0,2201;0,0581;-0,9733;;False
4867,00;8.85;pa011​;20250411_105335;1;TUG2;-0,3133;1,4752;2,1415;0,0370;-0,2293;0,0572;-0,9710;;False
4867,01;8.86;pa011​;20250411_105335;1;TUG2;-0,3122;1,4759;2,1594;0,0424;-0,2345;0,0500;-0,9699;;False
4867,02;8.88;pa011​;20250411_105335;1;TUG2;-0,3115;1,4764;2,1775;0,0455;-0,2390;0,0465;-0,9688;;False
4867,04;8.89;pa011​;20250411_105335;1;TUG2;-0,3105;1,4768;2,1960;0,0497;-0,2449;0,0462;-0,9672;;False
4867,05;8.9;pa011​;20250411_105335;1;TUG2;-0,3090;1,4773;2,2140;0,0513;-0,2512;0,0465;-0,9654;;False
4867,07;8.92;pa011​;20250411_105335;1;TUG2;-0,3067;1,4778;2,2317;0,0509;-0,2584;0,0457;-0,9636;;False
4867,08;8.93;pa011​;20250411_105335;1;TUG2;-0,3041;1,4790;2,2496;0,0481;-0,2679;0,0467;-0,9611;;False
4867,09;8.95;pa011​;20250411_105335;1;TUG2;-0,3014;1,4802;2,2675;0,0472;-0,2782;0,0497;-0,9581;;False
4867,11;8.96;pa011​;20250411_105335;1;TUG2;-0,2987;1,4808;2,2853;0,0481;-0,2886;0,0513;-0,9549;;False
4867,12;8.97;pa011​;20250411_105335;1;TUG2;-0,2954;1,4813;2,3024;0,0475;-0,2985;0,0523;-0,9518;;False
4867,13;8.99;pa011​;20250411_105335;1;TUG2;-0,2921;1,4816;2,3193;0,0474;-0,3086;0,0524;-0,9486;;False
4867,15;9.0;pa011​;20250411_105335;1;TUG2;-0,2885;1,4814;2,3359;0,0469;-0,3185;0,0525;-0,9453;;False
4867,16;9.01;pa011​;20250411_105335;1;TUG2;-0,2848;1,4813;2,3522;0,0451;-0,3289;0,0529;-0,9418;;False
4867,18;9.03;pa011​;20250411_105335;1;TUG2;-0,2811;1,4808;2,3682;0,0434;-0,3393;0,0537;-0,9382;;False
4867,19;9.04;pa011​;20250411_105335;1;TUG2;-0,2771;1,4804;2,3841;0,0424;-0,3497;0,0550;-0,9343;;False
4867,21;9.06;pa011​;20250411_105335;1;TUG2;-0,2731;1,4797;2,3998;0,0431;-0,3605;0,0568;-0,9300;;False
4867,22;9.07;pa011​;20250411_105335;1;TUG2;-0,2687;1,4788;2,4153;0,0447;-0,3710;0,0585;-0,9257;;False
4867,23;9.08;pa011​;20250411_105335;1;TUG2;-0,2644;1,4777;2,4306;0,0464;-0,3828;0,0602;-0,9207;;False
4867,25;9.1;pa011​;20250411_105335;1;TUG2;-0,2597;1,4763;2,4455;0,0481;-0,3944;0,0610;-0,9157;;False
4867,26;9.11;pa011​;20250411_105335;1;TUG2;-0,2551;1,4743;2,4601;0,0507;-0,4065;0,0613;-0,9102;;False
4867,27;9.13;pa011​;20250411_105335;1;TUG2;-0,2504;1,4723;2,4743;0,0520;-0,4187;0,0619;-0,9045;;False
4867,29;9.14;pa011​;20250411_105335;1;TUG2;-0,2457;1,4702;2,4882;0,0529;-0,4316;0,0633;-0,8983;;False
4867,30;9.15;pa011​;20250411_105335;1;TUG2;-0,2408;1,4681;2,5020;0,0544;-0,4438;0,0656;-0,8921;;False
4867,32;9.17;pa011​;20250411_105335;1;TUG2;-0,2356;1,4656;2,5155;0,0563;-0,4555;0,0675;-0,8859;;False
4867,33;9.18;pa011​;20250411_105335;1;TUG2;-0,2308;1,4632;2,5287;0,0577;-0,4677;0,0699;-0,8792;;False
4867,34;9.19;pa011​;20250411_105335;1;TUG2;-0,2257;1,4605;2,5418;0,0592;-0,4787;0,0714;-0,8731;Collision avec Gauche1 - Objet Parent Plot1;False
4867,36;9.21;pa011​;20250411_105335;1;TUG2;-0,2205;1,4578;2,5546;0,0607;-0,4891;0,0721;-0,8671;Collision avec Gauche1 - Objet Parent Plot1;False
4867,37;9.22;pa011​;20250411_105335;1;TUG2;-0,2152;1,4561;2,5670;0,0603;-0,4995;0,0741;-0,8611;Collision avec Gauche1 - Objet Parent Plot1;False
4867,39;9.24;pa011​;20250411_105335;1;TUG2;-0,2096;1,4588;2,5795;0,0523;-0,5120;0,0829;-0,8534;Collision avec Gauche1 - Objet Parent Plot1;False
4867,40;9.25;pa011​;20250411_105335;1;TUG2;-0,2032;1,4600;2,5926;0,0554;-0,5259;0,0886;-0,8441;Collision avec Gauche1 - Objet Parent Plot1;False
4867,41;9.27;pa011​;20250411_105335;1;TUG2;-0,1956;1,4585;2,6057;0,0685;-0,5393;0,0811;-0,8354;Collision avec Gauche1 - Objet Parent Plot1;False
4867,43;9.28;pa011​;20250411_105335;1;TUG2;-0,1899;1,4580;2,6170;0,0731;-0,5519;0,0762;-0,8272;Collision avec Gauche1 - Objet Parent Plot1;False
4867,44;9.29;pa011​;20250411_105335;1;TUG2;-0,1851;1,4569;2,6281;0,0715;-0,5646;0,0759;-0,8188;Collision avec Gauche1 - Objet Parent Plot1;False
4867,46;9.31;pa011​;20250411_105335;1;TUG2;-0,1804;1,4565;2,6392;0,0655;-0,5765;0,0810;-0,8104;Collision avec Gauche1 - Objet Parent Plot1;False
4867,47;9.32;pa011​;20250411_105335;1;TUG2;-0,1757;1,4563;2,6505;0,0617;-0,5879;0,0873;-0,8019;Collision avec Gauche1 - Objet Parent Plot1;False
4867,48;9.33;pa011​;20250411_105335;1;TUG2;-0,1704;1,4574;2,6615;0,0591;-0,5996;0,0932;-0,7927;Collision avec Gauche1 - Objet Parent Plot1;False
4867,50;9.35;pa011​;20250411_105335;1;TUG2;-0,1645;1,4583;2,6720;0,0595;-0,6105;0,0955;-0,7840;Collision avec Gauche1 - Objet Parent Plot1;False
4867,51;9.36;pa011​;20250411_105335;1;TUG2;-0,1582;1,4596;2,6820;0,0608;-0,6211;0,0936;-0,7757;Collision avec Gauche1 - Objet Parent Plot1;False
4867,53;9.38;pa011​;20250411_105335;1;TUG2;-0,1520;1,4609;2,6916;0,0633;-0,6322;0,0922;-0,7667;Collision avec Gauche1 - Objet Parent Plot1;False
4867,54;9.39;pa011​;20250411_105335;1;TUG2;-0,1458;1,4625;2,7011;0,0659;-0,6442;0,0918;-0,7564;Collision avec Gauche1 - Objet Parent Plot1;False
4867,55;9.4;pa011​;20250411_105335;1;TUG2;-0,1391;1,4642;2,7102;0,0694;-0,6565;0,0910;-0,7456;Collision avec Chemin1 - Objet Parent Plot1;False
4867,57;9.42;pa011​;20250411_105335;1;TUG2;-0,1320;1,4657;2,7189;0,0736;-0,6687;0,0898;-0,7345;Collision avec Chemin1 - Objet Parent Plot1;False
4867,58;9.43;pa011​;20250411_105335;1;TUG2;-0,1249;1,4671;2,7271;0,0777;-0,6804;0,0886;-0,7233;Collision avec Chemin1 - Objet Parent Plot1;False
4867,59;9.44;pa011​;20250411_105335;1;TUG2;-0,1178;1,4685;2,7352;0,0811;-0,6928;0,0876;-0,7111;Collision avec Chemin1 - Objet Parent Plot1;False
4867,61;9.46;pa011​;20250411_105335;1;TUG2;-0,1107;1,4697;2,7430;0,0837;-0,7056;0,0874;-0,6983;Collision avec Chemin1 - Objet Parent Plot1;False
4867,62;9.47;pa011​;20250411_105335;1;TUG2;-0,1034;1,4708;2,7505;0,0858;-0,7183;0,0868;-0,6850;Collision avec Droite1 - Objet Parent Plot1;False
4867,64;9.49;pa011​;20250411_105335;1;TUG2;-0,0958;1,4717;2,7579;0,0881;-0,7308;0,0844;-0,6716;Collision avec Droite1 - Objet Parent Plot1;False
4867,65;9.5;pa011​;20250411_105335;1;TUG2;-0,0881;1,4723;2,7651;0,0894;-0,7428;0,0818;-0,6585;Collision avec Droite1 - Objet Parent Plot1;False
4867,66;9.51;pa011​;20250411_105335;1;TUG2;-0,0805;1,4725;2,7721;0,0897;-0,7539;0,0784;-0,6461;Collision avec Droite1 - Objet Parent Plot1;False
4867,68;9.53;pa011​;20250411_105335;1;TUG2;-0,0729;1,4719;2,7788;0,0907;-0,7644;0,0748;-0,6339;Collision avec Droite1 - Objet Parent Plot1;False
4867,69;9.54;pa011​;20250411_105335;1;TUG2;-0,0655;1,4712;2,7854;0,0925;-0,7752;0,0736;-0,6205;Collision avec Droite1 - Objet Parent Plot1;False
4867,71;9.56;pa011​;20250411_105335;1;TUG2;-0,0580;1,4709;2,7917;0,0947;-0,7859;0,0747;-0,6065;Collision avec Droite1 - Objet Parent Plot1;False
4867,72;9.57;pa011​;20250411_105335;1;TUG2;-0,0504;1,4705;2,7976;0,0955;-0,7964;0,0749;-0,5925;Collision avec Droite1 - Objet Parent Plot1;False
4867,73;9.58;pa011​;20250411_105335;1;TUG2;-0,0432;1,4698;2,8031;0,0955;-0,8071;0,0748;-0,5778;Collision avec Droite1 - Objet Parent Plot1;False
4867,75;9.6;pa011​;20250411_105335;1;TUG2;-0,0367;1,4688;2,8083;0,0925;-0,8181;0,0758;-0,5626;Collision avec Droite1 - Objet Parent Plot1;False
4867,76;9.61;pa011​;20250411_105335;1;TUG2;-0,0306;1,4679;2,8132;0,0881;-0,8297;0,0790;-0,5456;Collision avec Droite1 - Objet Parent Plot1;False
4867,77;9.63;pa011​;20250411_105335;1;TUG2;-0,0245;1,4663;2,8181;0,0867;-0,8411;0,0816;-0,5276;Collision avec Droite1 - Objet Parent Plot1;False
4867,79;9.64;pa011​;20250411_105335;1;TUG2;-0,0185;1,4653;2,8231;0,0858;-0,8523;0,0852;-0,5088;Collision avec Droite1 - Objet Parent Plot1;False
4867,80;9.65;pa011​;20250411_105335;1;TUG2;-0,0125;1,4670;2,8283;0,0839;-0,8631;0,0952;-0,4888;Collision avec Droite1 - Objet Parent Plot1;False
4867,82;9.67;pa011​;20250411_105335;1;TUG2;-0,0055;1,4675;2,8338;0,0886;-0,8736;0,0999;-0,4680;Collision avec Droite1 - Objet Parent Plot1;False
4867,83;9.68;pa011​;20250411_105335;1;TUG2;0,0018;1,4665;2,8384;0,0912;-0,8825;0,0923;-0,4521;Collision avec Droite1 - Objet Parent Plot1;False
4867,84;9.69;pa011​;20250411_105335;1;TUG2;0,0080;1,4668;2,8428;0,0862;-0,8897;0,0835;-0,4404;Collision avec Droite1 - Objet Parent Plot1;False
4867,86;9.71;pa011​;20250411_105335;1;TUG2;0,0143;1,4665;2,8472;0,0812;-0,8964;0,0792;-0,4285;Collision avec Droite1 - Objet Parent Plot1;False
4867,87;9.72;pa011​;20250411_105335;1;TUG2;0,0207;1,4663;2,8517;0,0781;-0,9027;0,0775;-0,4161;Collision avec Droite1 - Objet Parent Plot1;False
4867,89;9.74;pa011​;20250411_105335;1;TUG2;0,0272;1,4668;2,8559;0,0768;-0,9087;0,0803;-0,4025;Collision avec Droite1 - Objet Parent Plot1;False
4867,90;9.75;pa011​;20250411_105335;1;TUG2;0,0341;1,4674;2,8595;0,0766;-0,9144;0,0825;-0,3888;Collision avec Droite1 - Objet Parent Plot1;False
4867,91;9.76;pa011​;20250411_105335;1;TUG2;0,0409;1,4680;2,8624;0,0770;-0,9199;0,0824;-0,3755;Collision avec Droite1 - Objet Parent Plot1;False
4867,93;9.78;pa011​;20250411_105335;1;TUG2;0,0477;1,4693;2,8649;0,0772;-0,9257;0,0812;-0,3612;Collision avec Droite1 - Objet Parent Plot1;False
4867,94;9.79;pa011​;20250411_105335;1;TUG2;0,0546;1,4707;2,8670;0,0781;-0,9315;0,0781;-0,3466;Collision avec Droite1 - Objet Parent Plot1;False
4867,95;9.81;pa011​;20250411_105335;1;TUG2;0,0617;1,4722;2,8686;0,0787;-0,9372;0,0742;-0,3317;Collision avec Droite1 - Objet Parent Plot1;False
4867,97;9.82;pa011​;20250411_105335;1;TUG2;0,0687;1,4734;2,8701;0,0784;-0,9429;0,0691;-0,3164;Collision avec Droite1 - Objet Parent Plot1;False
4867,98;9.83;pa011​;20250411_105335;1;TUG2;0,0754;1,4742;2,8711;0,0772;-0,9480;0,0647;-0,3019;Collision avec Droite1 - Objet Parent Plot1;False
4868,00;9.85;pa011​;20250411_105335;1;TUG2;0,0819;1,4747;2,8720;0,0757;-0,9531;0,0621;-0,2865;Collision avec Droite1 - Objet Parent Plot1;False
4868,01;9.86;pa011​;20250411_105335;1;TUG2;0,0884;1,4750;2,8725;0,0747;-0,9577;0,0604;-0,2711;Collision avec Droite1 - Objet Parent Plot1;False
4868,02;9.88;pa011​;20250411_105335;1;TUG2;0,0950;1,4750;2,8729;0,0747;-0,9620;0,0585;-0,2562;Collision avec Droite1 - Objet Parent Plot1;False
4868,04;9.89;pa011​;20250411_105335;1;TUG2;0,1017;1,4748;2,8732;0,0745;-0,9659;0,0569;-0,2414;Collision avec Droite1 - Objet Parent Plot1;False
4868,05;9.9;pa011​;20250411_105335;1;TUG2;0,1083;1,4742;2,8731;0,0740;-0,9694;0,0551;-0,2275;Collision avec Droite1 - Objet Parent Plot1;False
4868,07;9.92;pa011​;20250411_105335;1;TUG2;0,1147;1,4736;2,8726;0,0739;-0,9726;0,0539;-0,2136;;False
4868,08;9.93;pa011​;20250411_105335;1;TUG2;0,1209;1,4725;2,8719;0,0734;-0,9756;0,0531;-0,2002;;False
4868,09;9.94;pa011​;20250411_105335;1;TUG2;0,1270;1,4711;2,8709;0,0724;-0,9783;0,0517;-0,1873;;False
4868,11;9.96;pa011​;20250411_105335;1;TUG2;0,1329;1,4698;2,8697;0,0718;-0,9807;0,0507;-0,1745;;False
4868,12;9.97;pa011​;20250411_105335;1;TUG2;0,1388;1,4684;2,8682;0,0721;-0,9830;0,0495;-0,1615;;False
4868,14;9.99;pa011​;20250411_105335;1;TUG2;0,1441;1,4665;2,8664;0,0722;-0,9850;0,0479;-0,1492;;False
4868,15;10.0;pa011​;20250411_105335;1;TUG2;0,1492;1,4647;2,8644;0,0717;-0,9869;0,0474;-0,1366;;False
4868,16;10.01;pa011​;20250411_105335;1;TUG2;0,1542;1,4630;2,8623;0,0713;-0,9886;0,0475;-0,1240;;False
4868,18;10.03;pa011​;20250411_105335;1;TUG2;0,1590;1,4617;2,8599;0,0700;-0,9901;0,0480;-0,1121;;False
4868,19;10.04;pa011​;20250411_105335;1;TUG2;0,1636;1,4604;2,8573;0,0681;-0,9914;0,0479;-0,1011;;False
4868,21;10.06;pa011​;20250411_105335;1;TUG2;0,1682;1,4592;2,8542;0,0658;-0,9926;0,0462;-0,0914;;False
4868,22;10.07;pa011​;20250411_105335;1;TUG2;0,1729;1,4585;2,8507;0,0656;-0,9935;0,0433;-0,0828;;False
4868,23;10.08;pa011​;20250411_105335;1;TUG2;0,1778;1,4585;2,8469;0,0666;-0,9942;0,0393;-0,0752;;False
4868,25;10.1;pa011​;20250411_105335;1;TUG2;0,1825;1,4593;2,8426;0,0684;-0,9946;0,0361;-0,0697;;False
4868,26;10.11;pa011​;20250411_105335;1;TUG2;0,1872;1,4622;2,8380;0,0747;-0,9945;0,0380;-0,0623;;False
4868,27;10.13;pa011​;20250411_105335;1;TUG2;0,1917;1,4632;2,8318;0,0843;-0,9945;0,0309;-0,0548;;False
4868,29;10.14;pa011​;20250411_105335;1;TUG2;0,1957;1,4636;2,8256;0,0918;-0,9945;0,0180;-0,0467;;False
4868,30;10.15;pa011​;20250411_105335;1;TUG2;0,1992;1,4637;2,8205;0,0968;-0,9945;0,0084;-0,0379;;False
4868,32;10.17;pa011​;20250411_105335;1;TUG2;0,2026;1,4630;2,8155;0,1010;-0,9945;0,0032;-0,0285;;False
4868,33;10.18;pa011​;20250411_105335;1;TUG2;0,2065;1,4624;2,8107;0,1056;-0,9942;0,0039;-0,0181;;False
4868,34;10.19;pa011​;20250411_105335;1;TUG2;0,2103;1,4619;2,8058;0,1118;-0,9937;0,0080;-0,0094;;False
4868,36;10.21;pa011​;20250411_105335;1;TUG2;0,2145;1,4616;2,8003;0,1176;-0,9930;0,0120;-0,0009;;False
4868,37;10.22;pa011​;20250411_105335;1;TUG2;0,2184;1,4622;2,7943;0,1227;-0,9923;0,0156;0,0074;;False
4868,39;10.24;pa011​;20250411_105335;1;TUG2;0,2222;1,4629;2,7878;0,1266;-0,9917;0,0161;0,0171;;False
4868,40;10.25;pa011​;20250411_105335;1;TUG2;0,2257;1,4641;2,7806;0,1256;-0,9916;0,0134;0,0268;;False
4868,41;10.26;pa011​;20250411_105335;1;TUG2;0,2289;1,4659;2,7730;0,1204;-0,9920;0,0090;0,0363;;False
4868,43;10.28;pa011​;20250411_105335;1;TUG2;0,2322;1,4681;2,7647;0,1148;-0,9923;0,0037;0,0467;;False
4868,44;10.29;pa011​;20250411_105335;1;TUG2;0,2354;1,4705;2,7558;0,1108;-0,9922;-0,0024;0,0565;;False
4868,45;10.31;pa011​;20250411_105335;1;TUG2;0,2388;1,4721;2,7464;0,1077;-0,9919;-0,0108;0,0664;;False
4868,47;10.32;pa011​;20250411_105335;1;TUG2;0,2419;1,4739;2,7371;0,1026;-0,9918;-0,0159;0,0739;;False
4868,48;10.33;pa011​;20250411_105335;1;TUG2;0,2451;1,4754;2,7273;0,0974;-0,9919;-0,0187;0,0799;;False
4868,50;10.35;pa011​;20250411_105335;1;TUG2;0,2482;1,4768;2,7168;0,0920;-0,9919;-0,0226;0,0845;;False
4868,51;10.36;pa011​;20250411_105335;1;TUG2;0,2511;1,4785;2,7058;0,0859;-0,9920;-0,0274;0,0879;;False
4868,52;10.38;pa011​;20250411_105335;1;TUG2;0,2540;1,4797;2,6944;0,0802;-0,9921;-0,0335;0,0904;;False
4868,54;10.39;pa011​;20250411_105335;1;TUG2;0,2568;1,4808;2,6828;0,0756;-0,9921;-0,0383;0,0922;;False
4868,55;10.4;pa011​;20250411_105335;1;TUG2;0,2596;1,4815;2,6710;0,0723;-0,9920;-0,0442;0,0939;;False
4868,57;10.42;pa011​;20250411_105335;1;TUG2;0,2622;1,4819;2,6589;0,0702;-0,9917;-0,0488;0,0959;;False
4868,58;10.43;pa011​;20250411_105335;1;TUG2;0,2646;1,4816;2,6467;0,0694;-0,9913;-0,0531;0,0987;;False
4868,59;10.44;pa011​;20250411_105335;1;TUG2;0,2666;1,4807;2,6344;0,0680;-0,9909;-0,0570;0,1014;;False
4868,61;10.46;pa011​;20250411_105335;1;TUG2;0,2687;1,4799;2,6220;0,0669;-0,9906;-0,0579;0,1044;;False
4868,62;10.47;pa011​;20250411_105335;1;TUG2;0,2707;1,4793;2,6095;0,0664;-0,9904;-0,0563;0,1076;;False
4868,63;10.49;pa011​;20250411_105335;1;TUG2;0,2727;1,4788;2,5970;0,0653;-0,9903;-0,0537;0,1101;;False
4868,65;10.5;pa011​;20250411_105335;1;TUG2;0,2748;1,4782;2,5845;0,0626;-0,9904;-0,0511;0,1119;;False
4868,66;10.51;pa011​;20250411_105335;1;TUG2;0,2768;1,4777;2,5718;0,0603;-0,9905;-0,0476;0,1141;;False
4868,68;10.53;pa011​;20250411_105335;1;TUG2;0,2786;1,4774;2,5592;0,0585;-0,9905;-0,0440;0,1162;;False
4868,69;10.54;pa011​;20250411_105335;1;TUG2;0,2804;1,4771;2,5465;0,0562;-0,9906;-0,0404;0,1183;;False
4868,70;10.56;pa011​;20250411_105335;1;TUG2;0,2821;1,4781;2,5340;0,0558;-0,9904;-0,0335;0,1221;;False
4868,72;10.57;pa011​;20250411_105335;1;TUG2;0,2837;1,4791;2,5210;0,0580;-0,9896;-0,0308;0,1282;;False
4868,73;10.58;pa011​;20250411_105335;1;TUG2;0,2843;1,4795;2,5078;0,0563;-0,9890;-0,0323;0,1327;;False
4868,75;10.6;pa011​;20250411_105335;1;TUG2;0,2846;1,4790;2,4949;0,0501;-0,9889;-0,0370;0,1347;;False
4868,76;10.61;pa011​;20250411_105335;1;TUG2;0,2855;1,4790;2,4824;0,0444;-0,9890;-0,0380;0,1362;;False
4868,77;10.63;pa011​;20250411_105335;1;TUG2;0,2864;1,4795;2,4698;0,0411;-0,9891;-0,0352;0,1368;;False
4868,79;10.64;pa011​;20250411_105335;1;TUG2;0,2868;1,4802;2,4566;0,0394;-0,9892;-0,0332;0,1369;;False
4868,80;10.65;pa011​;20250411_105335;1;TUG2;0,2865;1,4810;2,4429;0,0382;-0,9893;-0,0337;0,1367;;False
4868,82;10.67;pa011​;20250411_105335;1;TUG2;0,2857;1,4820;2,4289;0,0384;-0,9893;-0,0349;0,1363;;False
4868,83;10.68;pa011​;20250411_105335;1;TUG2;0,2849;1,4833;2,4148;0,0395;-0,9892;-0,0365;0,1364;;False
4868,84;10.69;pa011​;20250411_105335;1;TUG2;0,2835;1,4843;2,4003;0,0389;-0,9892;-0,0393;0,1359;;False
4868,86;10.71;pa011​;20250411_105335;1;TUG2;0,2819;1,4846;2,3858;0,0362;-0,9892;-0,0435;0,1353;;False
4868,87;10.72;pa011​;20250411_105335;1;TUG2;0,2802;1,4845;2,3714;0,0335;-0,9892;-0,0465;0,1347;;False
4868,89;10.74;pa011​;20250411_105335;1;TUG2;0,2782;1,4840;2,3574;0,0318;-0,9894;-0,0469;0,1338;;False
4868,90;10.75;pa011​;20250411_105335;1;TUG2;0,2760;1,4827;2,3435;0,0310;-0,9896;-0,0460;0,1330;;False
4868,91;10.76;pa011​;20250411_105335;1;TUG2;0,2740;1,4812;2,3293;0,0300;-0,9898;-0,0440;0,1324;;False
4868,93;10.78;pa011​;20250411_105335;1;TUG2;0,2719;1,4799;2,3149;0,0297;-0,9899;-0,0411;0,1323;;False
4868,94;10.79;pa011​;20250411_105335;1;TUG2;0,2694;1,4785;2,3004;0,0300;-0,9899;-0,0408;0,1327;;False
4868,95;10.81;pa011​;20250411_105335;1;TUG2;0,2666;1,4769;2,2858;0,0294;-0,9897;-0,0432;0,1335;;False
4868,97;10.82;pa011​;20250411_105335;1;TUG2;0,2635;1,4751;2,2711;0,0269;-0,9895;-0,0465;0,1344;;False
4868,98;10.83;pa011​;20250411_105335;1;TUG2;0,2605;1,4733;2,2563;0,0242;-0,9894;-0,0497;0,1345;;False
4869,00;10.85;pa011​;20250411_105335;1;TUG2;0,2575;1,4715;2,2416;0,0225;-0,9893;-0,0523;0,1344;;False
4869,01;10.86;pa011​;20250411_105335;1;TUG2;0,2541;1,4702;2,2272;0,0217;-0,9893;-0,0532;0,1338;;False
4869,02;10.88;pa011​;20250411_105335;1;TUG2;0,2506;1,4688;2,2127;0,0217;-0,9894;-0,0544;0,1332;;False
4869,04;10.89;pa011​;20250411_105335;1;TUG2;0,2471;1,4679;2,1981;0,0216;-0,9895;-0,0536;0,1325;;False
4869,05;10.9;pa011​;20250411_105335;1;TUG2;0,2431;1,4675;2,1834;0,0201;-0,9898;-0,0516;0,1313;;False
4869,07;10.92;pa011​;20250411_105335;1;TUG2;0,2388;1,4678;2,1687;0,0162;-0,9901;-0,0508;0,1295;;False
4869,08;10.93;pa011​;20250411_105335;1;TUG2;0,2342;1,4684;2,1542;0,0109;-0,9905;-0,0512;0,1273;;False
4869,09;10.94;pa011​;20250411_105335;1;TUG2;0,2299;1,4691;2,1400;0,0078;-0,9908;-0,0508;0,1252;;False
4869,11;10.96;pa011​;20250411_105335;1;TUG2;0,2257;1,4699;2,1260;0,0056;-0,9913;-0,0493;0,1221;;False
4869,12;10.97;pa011​;20250411_105335;1;TUG2;0,2213;1,4714;2,1121;0,0050;-0,9920;-0,0453;0,1175;;False
4869,14;10.99;pa011​;20250411_105335;1;TUG2;0,2161;1,4759;2,0979;0,0041;-0,9931;-0,0367;0,1109;;False
4869,15;11.0;pa011​;20250411_105335;1;TUG2;0,2106;1,4787;2,0824;0,0024;-0,9935;-0,0414;0,1063;;False
4869,16;11.01;pa011​;20250411_105335;1;TUG2;0,2048;1,4801;2,0669;0,0022;-0,9931;-0,0544;0,1039;;False
4869,18;11.03;pa011​;20250411_105335;1;TUG2;0,1996;1,4813;2,0529;0,0045;-0,9928;-0,0602;0,1038;;False
4869,19;11.04;pa011​;20250411_105335;1;TUG2;0,1944;1,4823;2,0393;0,0078;-0,9927;-0,0579;0,1054;;False
4869,21;11.06;pa011​;20250411_105335;1;TUG2;0,1890;1,4835;2,0260;0,0087;-0,9930;-0,0512;0,1062;;False
4869,22;11.07;pa011​;20250411_105335;1;TUG2;0,1833;1,4849;2,0118;0,0057;-0,9933;-0,0468;0,1051;;False
4869,23;11.08;pa011​;20250411_105335;1;TUG2;0,1777;1,4864;1,9972;0,0030;-0,9936;-0,0465;0,1033;;False
4869,25;11.1;pa011​;20250411_105335;1;TUG2;0,1721;1,4886;1,9827;0,0019;-0,9939;-0,0451;0,1009;;False
4869,26;11.11;pa011​;20250411_105335;1;TUG2;0,1662;1,4906;1,9678;0,0019;-0,9942;-0,0453;0,0977;;False
4869,27;11.13;pa011​;20250411_105335;1;TUG2;0,1603;1,4922;1,9529;0,0024;-0,9944;-0,0475;0,0946;;False
4869,29;11.14;pa011​;20250411_105335;1;TUG2;0,1542;1,4934;1,9384;0,0021;-0,9946;-0,0496;0,0911;;False
4869,30;11.15;pa011​;20250411_105335;1;TUG2;0,1479;1,4941;1,9236;0,0017;-0,9949;-0,0499;0,0878;;False
4869,32;11.17;pa011​;20250411_105335;1;TUG2;0,1415;1,4946;1,9088;0,0014;-0,9952;-0,0490;0,0843;;False
4869,33;11.18;pa011​;20250411_105335;1;TUG2;0,1350;1,4951;1,8940;0,0009;-0,9956;-0,0481;0,0809;;False
4869,34;11.19;pa011​;20250411_105335;1;TUG2;0,1284;1,4956;1,8791;0,0005;-0,9959;-0,0480;0,0773;;False
4869,36;11.21;pa011​;20250411_105335;1;TUG2;0,1218;1,4959;1,8643;0,0003;-0,9961;-0,0477;0,0736;;False
4869,37;11.22;pa011​;20250411_105335;1;TUG2;0,1149;1,4958;1,8495;0,0006;-0,9964;-0,0476;0,0702;;False
4869,39;11.24;pa011​;20250411_105335;1;TUG2;0,1078;1,4956;1,8346;0,0014;-0,9966;-0,0473;0,0674;;False
4869,40;11.25;pa011​;20250411_105335;1;TUG2;0,1006;1,4954;1,8194;0,0017;-0,9967;-0,0486;0,0643;;False
4869,41;11.26;pa011​;20250411_105335;1;TUG2;0,0934;1,4950;1,8041;0,0017;-0,9968;-0,0516;0,0612;;False
4869,43;11.28;pa011​;20250411_105335;1;TUG2;0,0862;1,4944;1,7887;0,0012;-0,9969;-0,0547;0,0574;;False
4869,44;11.29;pa011​;20250411_105335;1;TUG2;0,0790;1,4934;1,7731;0,0002;-0,9970;-0,0574;0,0528;;False
4869,45;11.31;pa011​;20250411_105335;1;TUG2;0,0719;1,4918;1,7578;0,0005;-0,9971;-0,0594;0,0484;;False
4869,47;11.32;pa011​;20250411_105335;1;TUG2;0,0651;1,4900;1,7426;0,0020;-0,9973;-0,0586;0,0449;;False
4869,48;11.33;pa011​;20250411_105335;1;TUG2;0,0584;1,4886;1,7276;0,0031;-0,9976;-0,0558;0,0419;;False
4869,50;11.35;pa011​;20250411_105335;1;TUG2;0,0516;1,4872;1,7124;0,0045;-0,9979;-0,0517;0,0397;;False
4869,53;11.38;pa011​;20250411_105335;1;TUG2;0,0380;1,4849;1,6813;0,0051;-0,9982;-0,0468;0,0382;;False
4869,54;11.39;pa011​;20250411_105335;1;TUG2;0,0313;1,4839;1,6656;0,0028;-0,9981;-0,0479;0,0382;;False
4869,55;11.4;pa011​;20250411_105335;1;TUG2;0,0248;1,4829;1,6503;0,0001;-0,9981;-0,0487;0,0380;;False
4869,57;11.42;pa011​;20250411_105335;1;TUG2;0,0185;1,4832;1,6352;-0,0023;-0,9983;-0,0444;0,0375;;False
4869,58;11.43;pa011​;20250411_105335;1;TUG2;0,0119;1,4879;1,6193;-0,0066;-0,9989;-0,0325;0,0330;;False
4869,59;11.44;pa011​;20250411_105335;1;TUG2;0,0061;1,4884;1,6013;-0,0078;-0,9988;-0,0387;0,0303;;False
4869,61;11.46;pa011​;20250411_105335;1;TUG2;0,0007;1,4897;1,5850;-0,0067;-0,9986;-0,0457;0,0262;;False
4869,62;11.47;pa011​;20250411_105335;1;TUG2;-0,0048;1,4906;1,5699;-0,0068;-0,9987;-0,0458;0,0201;;False
4869,63;11.49;pa011​;20250411_105335;1;TUG2;-0,0105;1,4907;1,5547;-0,0085;-0,9989;-0,0438;0,0133;;False
4869,65;11.5;pa011​;20250411_105335;1;TUG2;-0,0164;1,4911;1,5396;-0,0104;-0,9991;-0,0402;0,0069;;False
4869,66;11.51;pa011​;20250411_105335;1;TUG2;-0,0228;1,4922;1,5243;-0,0128;-0,9992;-0,0368;0,0001;;False
4869,68;11.53;pa011​;20250411_105335;1;TUG2;-0,0290;1,4933;1,5086;-0,0149;-0,9992;-0,0359;-0,0055;;False
4869,69;11.54;pa011​;20250411_105335;1;TUG2;-0,0354;1,4947;1,4928;-0,0156;-0,9992;-0,0360;-0,0106;;False
4869,71;11.56;pa011​;20250411_105335;1;TUG2;-0,0418;1,4963;1,4769;-0,0149;-0,9991;-0,0356;-0,0146;;False
4869,72;11.57;pa011​;20250411_105335;1;TUG2;-0,0482;1,4974;1,4609;-0,0142;-0,9991;-0,0362;-0,0181;;False
4869,73;11.58;pa011​;20250411_105335;1;TUG2;-0,0546;1,4984;1,4448;-0,0137;-0,9990;-0,0370;-0,0216;;False
4869,75;11.6;pa011​;20250411_105335;1;TUG2;-0,0611;1,4991;1,4287;-0,0123;-0,9989;-0,0380;-0,0251;;False
4869,76;11.61;pa011​;20250411_105335;1;TUG2;-0,0675;1,4994;1,4128;-0,0110;-0,9988;-0,0392;-0,0286;;False
4869,77;11.63;pa011​;20250411_105335;1;TUG2;-0,0737;1,4998;1,3968;-0,0100;-0,9987;-0,0388;-0,0319;;False
4869,79;11.64;pa011​;20250411_105335;1;TUG2;-0,0799;1,4998;1,3808;-0,0092;-0,9986;-0,0384;-0,0347;;False
4869,80;11.65;pa011​;20250411_105335;1;TUG2;-0,0862;1,4998;1,3646;-0,0084;-0,9985;-0,0385;-0,0378;;False
4869,82;11.67;pa011​;20250411_105335;1;TUG2;-0,0919;1,4998;1,3483;-0,0085;-0,9984;-0,0388;-0,0407;;False
4869,83;11.68;pa011​;20250411_105335;1;TUG2;-0,0977;1,4995;1,3318;-0,0089;-0,9982;-0,0405;-0,0434;;False
4869,84;11.7;pa011​;20250411_105335;1;TUG2;-0,1036;1,4988;1,3151;-0,0103;-0,9980;-0,0422;-0,0467;;False
4869,86;11.71;pa011​;20250411_105335;1;TUG2;-0,1095;1,4976;1,2983;-0,0114;-0,9977;-0,0437;-0,0505;;False
4869,87;11.72;pa011​;20250411_105335;1;TUG2;-0,1153;1,4962;1,2816;-0,0123;-0,9974;-0,0447;-0,0549;;False
4869,89;11.74;pa011​;20250411_105335;1;TUG2;-0,1208;1,4942;1,2647;-0,0120;-0,9971;-0,0457;-0,0591;;False
4869,90;11.75;pa011​;20250411_105335;1;TUG2;-0,1264;1,4920;1,2482;-0,0107;-0,9969;-0,0452;-0,0637;;False
4869,91;11.76;pa011​;20250411_105335;1;TUG2;-0,1319;1,4903;1,2316;-0,0091;-0,9968;-0,0424;-0,0676;;False
4869,93;11.78;pa011​;20250411_105335;1;TUG2;-0,1374;1,4886;1,2149;-0,0075;-0,9966;-0,0409;-0,0712;;False
4869,94;11.79;pa011​;20250411_105335;1;TUG2;-0,1427;1,4872;1,1985;-0,0069;-0,9965;-0,0388;-0,0740;;False
4869,96;11.81;pa011​;20250411_105335;1;TUG2;-0,1480;1,4860;1,1823;-0,0066;-0,9963;-0,0364;-0,0770;;False
4869,97;11.82;pa011​;20250411_105335;1;TUG2;-0,1532;1,4851;1,1658;-0,0071;-0,9962;-0,0348;-0,0799;;False
4869,98;11.83;pa011​;20250411_105335;1;TUG2;-0,1581;1,4845;1,1493;-0,0083;-0,9959;-0,0349;-0,0828;;False
4870,00;11.85;pa011​;20250411_105335;1;TUG2;-0,1631;1,4840;1,1329;-0,0091;-0,9956;-0,0355;-0,0864;;False
4870,01;11.86;pa011​;20250411_105335;1;TUG2;-0,1679;1,4835;1,1169;-0,0106;-0,9953;-0,0348;-0,0895;;False
4870,02;11.88;pa011​;20250411_105335;1;TUG2;-0,1727;1,4858;1,1010;-0,0151;-0,9951;-0,0251;-0,0944;;False
4870,04;11.89;pa011​;20250411_105335;1;TUG2;-0,1779;1,4865;1,0844;-0,0215;-0,9942;-0,0244;-0,1029;;False
4870,05;11.9;pa011​;20250411_105335;1;TUG2;-0,1818;1,4867;1,0673;-0,0205;-0,9936;-0,0282;-0,1073;;False
4870,07;11.92;pa011​;20250411_105335;1;TUG2;-0,1855;1,4882;1,0517;-0,0168;-0,9933;-0,0276;-0,1111;;False
4870,08;11.93;pa011​;20250411_105335;1;TUG2;-0,1888;1,4884;1,0355;-0,0124;-0,9929;-0,0290;-0,1143;;False
4870,10;11.95;pa011​;20250411_105335;1;TUG2;-0,1921;1,4897;1,0197;-0,0102;-0,9926;-0,0282;-0,1181;;False
4870,11;11.96;pa011​;20250411_105335;1;TUG2;-0,1949;1,4909;1,0038;-0,0096;-0,9921;-0,0278;-0,1221;;False
4870,12;11.97;pa011​;20250411_105335;1;TUG2;-0,1974;1,4921;0,9876;-0,0101;-0,9915;-0,0283;-0,1268;;False
4870,14;11.99;pa011​;20250411_105335;1;TUG2;-0,1995;1,4938;0,9718;-0,0122;-0,9908;-0,0261;-0,1320;;False
4870,15;12.0;pa011​;20250411_105335;1;TUG2;-0,2015;1,4950;0,9559;-0,0144;-0,9901;-0,0244;-0,1372;;False
4870,16;12.01;pa011​;20250411_105335;1;TUG2;-0,2029;1,4959;0,9402;-0,0161;-0,9895;-0,0225;-0,1416;;False
4870,18;12.03;pa011​;20250411_105335;1;TUG2;-0,2040;1,4964;0,9248;-0,0158;-0,9889;-0,0206;-0,1462;;False
4870,19;12.04;pa011​;20250411_105335;1;TUG2;-0,2049;1,4970;0,9099;-0,0146;-0,9883;-0,0176;-0,1510;;False
4870,21;12.06;pa011​;20250411_105335;1;TUG2;-0,2056;1,4975;0,8952;-0,0147;-0,9875;-0,0148;-0,1561;;False
4870,22;12.07;pa011​;20250411_105335;1;TUG2;-0,2061;1,4979;0,8805;-0,0158;-0,9866;-0,0135;-0,1617;;False
4870,23;12.08;pa011​;20250411_105335;1;TUG2;-0,2060;1,4984;0,8659;-0,0171;-0,9857;-0,0132;-0,1669;;False
4870,25;12.1;pa011​;20250411_105335;1;TUG2;-0,2058;1,4986;0,8513;-0,0178;-0,9847;-0,0132;-0,1727;;False
4870,26;12.11;pa011​;20250411_105335;1;TUG2;-0,2055;1,4984;0,8367;-0,0192;-0,9835;-0,0141;-0,1791;;False
4870,27;12.13;pa011​;20250411_105335;1;TUG2;-0,2051;1,4978;0,8224;-0,0212;-0,9824;-0,0146;-0,1849;;False
4870,29;12.14;pa011​;20250411_105335;1;TUG2;-0,2044;1,4970;0,8082;-0,0217;-0,9813;-0,0140;-0,1906;;False
4870,30;12.15;pa011​;20250411_105335;1;TUG2;-0,2033;1,4960;0,7943;-0,0209;-0,9803;-0,0131;-0,1960;;False
4870,32;12.17;pa011​;20250411_105335;1;TUG2;-0,2022;1,4946;0,7806;-0,0202;-0,9792;-0,0124;-0,2013;;False
4870,33;12.18;pa011​;20250411_105335;1;TUG2;-0,2011;1,4927;0,7668;-0,0200;-0,9781;-0,0128;-0,2067;;False
4870,34;12.2;pa011​;20250411_105335;1;TUG2;-0,1997;1,4905;0,7533;-0,0210;-0,9771;-0,0143;-0,2111;;False
4870,36;12.21;pa011​;20250411_105335;1;TUG2;-0,1982;1,4881;0,7401;-0,0218;-0,9762;-0,0150;-0,2151;;False
4870,37;12.22;pa011​;20250411_105335;1;TUG2;-0,1966;1,4855;0,7272;-0,0229;-0,9755;-0,0143;-0,2185;;False
4870,39;12.24;pa011​;20250411_105335;1;TUG2;-0,1947;1,4830;0,7146;-0,0236;-0,9750;-0,0118;-0,2207;;False
4870,40;12.25;pa011​;20250411_105335;1;TUG2;-0,1927;1,4807;0,7020;-0,0241;-0,9744;-0,0097;-0,2232;;False
4870,41;12.27;pa011​;20250411_105335;1;TUG2;-0,1902;1,4788;0,6893;-0,0256;-0,9738;-0,0098;-0,2255;;False
4870,43;12.28;pa011​;20250411_105335;1;TUG2;-0,1871;1,4776;0,6763;-0,0266;-0,9730;-0,0117;-0,2291;;False
4870,44;12.29;pa011​;20250411_105335;1;TUG2;-0,1834;1,4767;0,6632;-0,0265;-0,9719;-0,0179;-0,2330;;False
4870,46;12.31;pa011​;20250411_105335;1;TUG2;-0,1792;1,4759;0,6497;-0,0259;-0,9704;-0,0269;-0,2384;;False
4870,47;12.32;pa011​;20250411_105335;1;TUG2;-0,1750;1,4750;0,6369;-0,0248;-0,9687;-0,0346;-0,2447;;False
4870,48;12.33;pa011​;20250411_105335;1;TUG2;-0,1703;1,4757;0,6245;-0,0262;-0,9668;-0,0352;-0,2518;;False
4870,50;12.35;pa011​;20250411_105335;1;TUG2;-0,1651;1,4784;0,6118;-0,0278;-0,9645;-0,0319;-0,2607;;False
4870,51;12.36;pa011​;20250411_105335;1;TUG2;-0,1588;1,4799;0,5982;-0,0276;-0,9615;-0,0383;-0,2708;;False
4870,52;12.38;pa011​;20250411_105335;1;TUG2;-0,1530;1,4817;0,5854;-0,0285;-0,9578;-0,0447;-0,2825;;False
4870,54;12.39;pa011​;20250411_105335;1;TUG2;-0,1474;1,4822;0,5734;-0,0295;-0,9534;-0,0515;-0,2957;;False
4870,55;12.4;pa011​;20250411_105335;1;TUG2;-0,1421;1,4820;0,5620;-0,0310;-0,9484;-0,0561;-0,3104;;False
4870,57;12.42;pa011​;20250411_105335;1;TUG2;-0,1370;1,4824;0,5515;-0,0334;-0,9435;-0,0552;-0,3251;;False
4870,58;12.43;pa011​;20250411_105335;1;TUG2;-0,1316;1,4834;0,5413;-0,0362;-0,9384;-0,0489;-0,3401;;False
4870,59;12.44;pa011​;20250411_105335;1;TUG2;-0,1261;1,4841;0,5307;-0,0367;-0,9327;-0,0453;-0,3558;;False
4870,61;12.46;pa011​;20250411_105335;1;TUG2;-0,1206;1,4844;0,5203;-0,0358;-0,9265;-0,0455;-0,3718;;False
4870,62;12.47;pa011​;20250411_105335;1;TUG2;-0,1152;1,4853;0,5104;-0,0360;-0,9199;-0,0449;-0,3879;;False
4870,64;12.49;pa011​;20250411_105335;1;TUG2;-0,1098;1,4863;0,5011;-0,0377;-0,9129;-0,0431;-0,4042;;False
4870,65;12.5;pa011​;20250411_105335;1;TUG2;-0,1041;1,4874;0,4919;-0,0379;-0,9056;-0,0410;-0,4205;;False
4870,66;12.51;pa011​;20250411_105335;1;TUG2;-0,0983;1,4883;0,4829;-0,0362;-0,8981;-0,0404;-0,4364;;False
4870,68;12.53;pa011​;20250411_105335;1;TUG2;-0,0926;1,4894;0,4742;-0,0342;-0,8903;-0,0400;-0,4522;;False
4870,69;12.54;pa011​;20250411_105335;1;TUG2;-0,0869;1,4904;0,4658;-0,0325;-0,8823;-0,0394;-0,4680;;False
4870,71;12.56;pa011​;20250411_105335;1;TUG2;-0,0812;1,4913;0,4579;-0,0322;-0,8739;-0,0390;-0,4835;;False
4870,72;12.57;pa011​;20250411_105335;1;TUG2;-0,0755;1,4922;0,4503;-0,0324;-0,8646;-0,0385;-0,4999;;False
4870,73;12.58;pa011​;20250411_105335;1;TUG2;-0,0698;1,4930;0,4426;-0,0327;-0,8544;-0,0390;-0,5172;;False
4870,75;12.6;pa011​;20250411_105335;1;TUG2;-0,0640;1,4935;0,4352;-0,0321;-0,8433;-0,0408;-0,5349;;False
4870,76;12.61;pa011​;20250411_105335;1;TUG2;-0,0578;1,4940;0,4284;-0,0311;-0,8312;-0,0430;-0,5534;;False
4870,77;12.63;pa011​;20250411_105335;1;TUG2;-0,0515;1,4943;0,4221;-0,0296;-0,8183;-0,0457;-0,5722;;False
4870,79;12.64;pa011​;20250411_105335;1;TUG2;-0,0451;1,4942;0,4160;-0,0275;-0,8043;-0,0485;-0,5915;;False
4870,80;12.65;pa011​;20250411_105335;1;TUG2;-0,0389;1,4939;0,4100;-0,0260;-0,7896;-0,0510;-0,6110;;False
4870,82;12.67;pa011​;20250411_105335;1;TUG2;-0,0325;1,4931;0,4044;-0,0240;-0,7740;-0,0538;-0,6304;;False
4870,83;12.68;pa011​;20250411_105335;1;TUG2;-0,0261;1,4920;0,3993;-0,0228;-0,7571;-0,0567;-0,6504;;False
4870,84;12.69;pa011​;20250411_105335;1;TUG2;-0,0196;1,4905;0,3946;-0,0224;-0,7386;-0,0597;-0,6711;;False
4870,86;12.71;pa011​;20250411_105335;1;TUG2;-0,0133;1,4887;0,3905;-0,0215;-0,7195;-0,0618;-0,6914;;False
4870,87;12.72;pa011​;20250411_105335;1;TUG2;-0,0077;1,4867;0,3866;-0,0209;-0,6998;-0,0610;-0,7115;;False
4870,89;12.74;pa011​;20250411_105335;1;TUG2;-0,0022;1,4848;0,3830;-0,0209;-0,6792;-0,0585;-0,7314;;False
4870,90;12.75;pa011​;20250411_105335;1;TUG2;0,0033;1,4831;0,3795;-0,0208;-0,6577;-0,0564;-0,7509;;False
4870,91;12.76;pa011​;20250411_105335;1;TUG2;0,0086;1,4818;0,3764;-0,0208;-0,6364;-0,0527;-0,7693;;False
4870,93;12.78;pa011​;20250411_105335;1;TUG2;0,0136;1,4806;0,3731;-0,0207;-0,6145;-0,0498;-0,7871;;False
4870,94;12.79;pa011​;20250411_105335;1;TUG2;0,0185;1,4796;0,3701;-0,0201;-0,5928;-0,0498;-0,8035;;False
4870,95;12.81;pa011​;20250411_105335;1;TUG2;0,0236;1,4789;0,3670;-0,0190;-0,5697;-0,0522;-0,8200;;False
4870,97;12.82;pa011​;20250411_105335;1;TUG2;0,0282;1,4784;0,3647;-0,0185;-0,5471;-0,0544;-0,8351;;False
4870,98;12.83;pa011​;20250411_105335;1;TUG2;0,0323;1,4777;0,3624;-0,0185;-0,5243;-0,0537;-0,8496;;False
4871,00;12.85;pa011​;20250411_105335;1;TUG2;0,0358;1,4778;0,3597;-0,0212;-0,5017;-0,0514;-0,8632;;False
4871,01;12.86;pa011​;20250411_105335;1;TUG2;0,0396;1,4774;0,3570;-0,0213;-0,4794;-0,0498;-0,8759;;False
4871,02;12.88;pa011​;20250411_105335;1;TUG2;0,0432;1,4780;0,3546;-0,0221;-0,4573;-0,0466;-0,8878;;False
4871,04;12.89;pa011​;20250411_105335;1;TUG2;0,0464;1,4783;0,3523;-0,0228;-0,4354;-0,0434;-0,8989;;False
4871,05;12.9;pa011​;20250411_105335;1;TUG2;0,0492;1,4783;0,3506;-0,0226;-0,4145;-0,0392;-0,9089;;False
4871,07;12.92;pa011​;20250411_105335;1;TUG2;0,0514;1,4785;0,3488;-0,0243;-0,3937;-0,0347;-0,9183;;False
4871,08;12.93;pa011​;20250411_105335;1;TUG2;0,0536;1,4785;0,3470;-0,0281;-0,3715;-0,0331;-0,9274;;False
4871,09;12.94;pa011​;20250411_105335;1;TUG2;0,0556;1,4783;0,3456;-0,0314;-0,3490;-0,0334;-0,9360;;False
4871,11;12.96;pa011​;20250411_105335;1;TUG2;0,0575;1,4782;0,3444;-0,0355;-0,3258;-0,0330;-0,9442;;False
4871,12;12.97;pa011​;20250411_105335;1;TUG2;0,0592;1,4778;0,3434;-0,0394;-0,3031;-0,0326;-0,9516;;False
4871,13;12.99;pa011​;20250411_105335;1;TUG2;0,0609;1,4772;0,3425;-0,0423;-0,2802;-0,0318;-0,9585;;False
4871,15;13.0;pa011​;20250411_105335;1;TUG2;0,0625;1,4768;0,3419;-0,0437;-0,2593;-0,0286;-0,9644;;False
4871,16;13.01;pa011​;20250411_105335;1;TUG2;0,0638;1,4767;0,3412;-0,0447;-0,2391;-0,0248;-0,9696;;False
4871,18;13.03;pa011​;20250411_105335;1;TUG2;0,0651;1,4763;0,3404;-0,0456;-0,2207;-0,0208;-0,9741;;False
4871,19;13.04;pa011​;20250411_105335;1;TUG2;0,0663;1,4758;0,3393;-0,0475;-0,2025;-0,0183;-0,9780;;False
4871,20;13.06;pa011​;20250411_105335;1;TUG2;0,0671;1,4752;0,3382;-0,0508;-0,1856;-0,0162;-0,9812;;False
4871,22;13.07;pa011​;20250411_105335;1;TUG2;0,0679;1,4745;0,3373;-0,0538;-0,1695;-0,0145;-0,9840;;False
4871,23;13.08;pa011​;20250411_105335;1;TUG2;0,0686;1,4736;0,3367;-0,0561;-0,1544;-0,0122;-0,9863;;False
4871,25;13.1;pa011​;20250411_105335;1;TUG2;0,0691;1,4724;0,3359;-0,0597;-0,1405;-0,0091;-0,9882;;False
4871,26;13.11;pa011​;20250411_105335;1;TUG2;0,0696;1,4709;0,3353;-0,0650;-0,1277;-0,0066;-0,9897;;False
4871,27;13.12;pa011​;20250411_105335;1;TUG2;0,0697;1,4686;0,3347;-0,0697;-0,1166;-0,0048;-0,9907;;False
4871,29;13.14;pa011​;20250411_105335;1;TUG2;0,0694;1,4666;0,3340;-0,0771;-0,1073;-0,0013;-0,9912;;False
4871,30;13.15;pa011​;20250411_105335;1;TUG2;0,0688;1,4652;0,3333;-0,0868;-0,0986;0,0023;-0,9913;;False
4871,32;13.17;pa011​;20250411_105335;1;TUG2;0,0681;1,4637;0,3331;-0,0949;-0,0900;0,0042;-0,9914;;False
4871,33;13.18;pa011​;20250411_105335;1;TUG2;0,0669;1,4619;0,3333;-0,1017;-0,0818;0,0052;-0,9914;;False
4871,34;13.19;pa011​;20250411_105335;1;TUG2;0,0654;1,4604;0,3337;-0,1048;-0,0754;0,0062;-0,9916;;False
4871,36;13.21;pa011​;20250411_105335;1;TUG2;0,0641;1,4603;0,3345;-0,1024;-0,0703;0,0085;-0,9922;;False
4871,37;13.22;pa011​;20250411_105335;1;TUG2;0,0630;1,4612;0,3358;-0,0980;-0,0655;0,0091;-0,9930;;False
4871,38;13.24;pa011​;20250411_105335;1;TUG2;0,0621;1,4617;0,3371;-0,0925;-0,0593;0,0064;-0,9939;;False
4871,40;13.25;pa011​;20250411_105335;1;TUG2;0,0606;1,4604;0,3376;-0,0840;-0,0539;0,0029;-0,9950;;False
4871,41;13.26;pa011​;20250411_105335;1;TUG2;0,0587;1,4589;0,3373;-0,0795;-0,0478;0,0003;-0,9957;;False
4871,43;13.28;pa011​;20250411_105335;1;TUG2;0,0566;1,4574;0,3363;-0,0828;-0,0402;-0,0010;-0,9958;;False
4871,44;13.29;pa011​;20250411_105335;1;TUG2;0,0544;1,4560;0,3352;-0,0923;-0,0321;-0,0014;-0,9952;;False
4871,45;13.31;pa011​;20250411_105335;1;TUG2;0,0524;1,4538;0,3341;-0,1012;-0,0242;0,0006;-0,9946;;False
4871,47;13.32;pa011​;20250411_105335;1;TUG2;0,0505;1,4515;0,3332;-0,1088;-0,0173;0,0019;-0,9939;;False
4871,48;13.33;pa011​;20250411_105335;1;TUG2;0,0488;1,4492;0,3318;-0,1175;-0,0108;0,0021;-0,9930;;False
4871,50;13.35;pa011​;20250411_105335;1;TUG2;0,0472;1,4478;0,3307;-0,1257;-0,0064;0,0014;-0,9920;;False
4871,51;13.36;pa011​;20250411_105335;1;TUG2;0,0457;1,4465;0,3295;-0,1302;-0,0016;0,0000;-0,9915;;False
4871,52;13.38;pa011​;20250411_105335;1;TUG2;0,0441;1,4447;0,3280;-0,1308;0,0032;-0,0015;-0,9914;;False
4871,54;13.39;pa011​;20250411_105335;1;TUG2;0,0426;1,4432;0,3257;-0,1339;0,0081;-0,0016;-0,9910;;False
4871,55;13.4;pa011​;20250411_105335;1;TUG2;0,0410;1,4417;0,3229;-0,1384;0,0127;-0,0014;-0,9903;;False
4871,56;13.42;pa011​;20250411_105335;1;TUG2;0,0397;1,4403;0,3198;-0,1410;0,0165;-0,0006;-0,9899;;False
4871,58;13.43;pa011​;20250411_105335;1;TUG2;0,0385;1,4401;0,3165;-0,1426;0,0196;-0,0008;-0,9896;;False
4871,59;13.44;pa011​;20250411_105335;1;TUG2;0,0374;1,4401;0,3132;-0,1438;0,0226;-0,0017;-0,9894;;False
4871,61;13.46;pa011​;20250411_105335;1;TUG2;0,0363;1,4401;0,3098;-0,1425;0,0260;-0,0023;-0,9894;;False
4871,62;13.47;pa011​;20250411_105335;1;TUG2;0,0351;1,4402;0,3062;-0,1401;0,0287;-0,0027;-0,9897;;False
4871,63;13.49;pa011​;20250411_105335;1;TUG2;0,0340;1,4405;0,3023;-0,1386;0,0312;-0,0033;-0,9899;;False
4871,65;13.5;pa011​;20250411_105335;1;TUG2;0,0330;1,4407;0,2984;-0,1385;0,0339;-0,0036;-0,9898;;False
4871,66;13.51;pa011​;20250411_105335;1;TUG2;0,0321;1,4411;0,2944;-0,1401;0,0362;-0,0038;-0,9895;;False
4871,68;13.53;pa011​;20250411_105335;1;TUG2;0,0311;1,4419;0,2905;-0,1453;0,0386;-0,0041;-0,9886;;False
4871,69;13.54;pa011​;20250411_105335;1;TUG2;0,0302;1,4426;0,2868;-0,1497;0,0407;-0,0040;-0,9879;;False
4871,70;13.56;pa011​;20250411_105335;1;TUG2;0,0291;1,4435;0,2835;-0,1506;0,0416;-0,0024;-0,9877;;False
4871,72;13.57;pa011​;20250411_105335;1;TUG2;0,0282;1,4443;0,2803;-0,1496;0,0428;-0,0010;-0,9878;;False
4871,73;13.58;pa011​;20250411_105335;1;TUG2;0,0273;1,4449;0,2771;-0,1473;0,0440;-0,0012;-0,9881;;False
4871,75;13.6;pa011​;20250411_105335;1;TUG2;0,0264;1,4451;0,2741;-0,1446;0,0452;-0,0023;-0,9885;;False
4871,76;13.61;pa011​;20250411_105335;1;TUG2;0,0253;1,4451;0,2710;-0,1431;0,0461;-0,0030;-0,9886;;False
4871,77;13.63;pa011​;20250411_105335;1;TUG2;0,0243;1,4443;0,2681;-0,1413;0,0472;-0,0037;-0,9888;;False
4871,79;13.64;pa011​;20250411_105335;1;TUG2;0,0233;1,4430;0,2655;-0,1393;0,0483;-0,0046;-0,9891;;False
4871,80;13.65;pa011​;20250411_105335;1;TUG2;0,0223;1,4410;0,2633;-0,1373;0,0486;-0,0045;-0,9893;;False
4871,81;13.67;pa011​;20250411_105335;1;TUG2;0,0211;1,4383;0,2616;-0,1354;0,0481;-0,0030;-0,9896;;False
4871,83;13.68;pa011​;20250411_105335;1;TUG2;0,0199;1,4350;0,2604;-0,1332;0,0476;-0,0009;-0,9899;;False
4871,84;13.69;pa011​;20250411_105335;1;TUG2;0,0187;1,4308;0,2596;-0,1305;0,0478;-0,0006;-0,9903;;False
4871,86;13.71;pa011​;20250411_105335;1;TUG2;0,0175;1,4255;0,2588;-0,1260;0,0484;-0,0013;-0,9908;;False
4871,87;13.72;pa011​;20250411_105335;1;TUG2;0,0163;1,4198;0,2586;-0,1203;0,0492;-0,0030;-0,9915;;False
4871,89;13.74;pa011​;20250411_105335;1;TUG2;0,0150;1,4135;0,2592;-0,1123;0,0501;-0,0032;-0,9924;;False
4871,90;13.75;pa011​;20250411_105335;1;TUG2;0,0135;1,4068;0,2603;-0,1032;0,0512;-0,0030;-0,9933;;False
4871,91;13.76;pa011​;20250411_105335;1;TUG2;0,0119;1,3989;0,2615;-0,0940;0,0514;-0,0010;-0,9942;;False
4871,93;13.78;pa011​;20250411_105335;1;TUG2;0,0101;1,3905;0,2627;-0,0880;0,0508;0,0013;-0,9948;;False
4871,94;13.79;pa011​;20250411_105335;1;TUG2;0,0084;1,3812;0,2639;-0,0861;0,0503;0,0035;-0,9950;;False
4871,95;13.81;pa011​;20250411_105335;1;TUG2;0,0067;1,3716;0,2651;-0,0854;0,0513;0,0027;-0,9950;;False
4871,97;13.82;pa011​;20250411_105335;1;TUG2;0,0052;1,3625;0,2663;-0,0835;0,0541;-0,0011;-0,9950;;False
4871,98;13.83;pa011​;20250411_105335;1;TUG2;0,0036;1,3532;0,2680;-0,0793;0,0581;-0,0051;-0,9951;;False
4872,00;13.85;pa011​;20250411_105335;1;TUG2;0,0016;1,3438;0,2698;-0,0757;0,0607;-0,0057;-0,9953;;False
4872,01;13.86;pa011​;20250411_105335;1;TUG2;-0,0003;1,3346;0,2711;-0,0754;0,0615;-0,0040;-0,9952;;False
4872,02;13.88;pa011​;20250411_105335;1;TUG2;-0,0021;1,3257;0,2725;-0,0753;0,0606;-0,0016;-0,9953;;False
4872,04;13.89;pa011​;20250411_105335;1;TUG2;-0,0038;1,3181;0,2738;-0,0756;0,0600;-0,0003;-0,9953;;False
4872,05;13.9;pa011​;20250411_105335;1;TUG2;-0,0055;1,3108;0,2754;-0,0733;0,0600;-0,0006;-0,9955;;False
4872,07;13.92;pa011​;20250411_105335;1;TUG2;-0,0073;1,3035;0,2766;-0,0693;0,0600;-0,0006;-0,9958;;False
4872,08;13.93;pa011​;20250411_105335;1;TUG2;-0,0091;1,2963;0,2773;-0,0665;0,0591;0,0002;-0,9960;;False
4872,09;13.94;pa011​;20250411_105335;1;TUG2;-0,0109;1,2890;0,2778;-0,0635;0,0579;0,0002;-0,9963;;False
4872,11;13.96;pa011​;20250411_105335;1;TUG2;-0,0127;1,2814;0,2787;-0,0577;0,0576;-0,0011;-0,9967;;False
4872,12;13.97;pa011​;20250411_105335;1;TUG2;-0,0144;1,2730;0,2796;-0,0498;0,0587;-0,0022;-0,9970;;False
4872,13;13.99;pa011​;20250411_105335;1;TUG2;-0,0160;1,2641;0,2801;-0,0444;0,0597;-0,0020;-0,9972;;False
4872,15;14.0;pa011​;20250411_105335;1;TUG2;-0,0178;1,2547;0,2807;-0,0415;0,0601;-0,0009;-0,9973;;False
4872,16;14.01;pa011​;20250411_105335;1;TUG2;-0,0192;1,2456;0,2819;-0,0383;0,0610;-0,0004;-0,9974;;False
4872,18;14.03;pa011​;20250411_105335;1;TUG2;-0,0204;1,2362;0,2833;-0,0347;0,0623;-0,0011;-0,9975;;False
4872,19;14.04;pa011​;20250411_105335;1;TUG2;-0,0215;1,2268;0,2840;-0,0342;0,0637;-0,0020;-0,9974;;False
4872,20;14.06;pa011​;20250411_105335;1;TUG2;-0,0222;1,2169;0,2839;-0,0366;0,0655;-0,0032;-0,9972;;False
4872,22;14.07;pa011​;20250411_105335;1;TUG2;-0,0225;1,2068;0,2833;-0,0415;0,0669;-0,0040;-0,9969;;False
4872,23;14.08;pa011​;20250411_105335;1;TUG2;-0,0226;1,1974;0,2826;-0,0476;0,0677;-0,0048;-0,9966;;False
4872,25;14.1;pa011​;20250411_105335;1;TUG2;-0,0225;1,1882;0,2821;-0,0489;0,0686;-0,0049;-0,9964;;False
4872,26;14.11;pa011​;20250411_105335;1;TUG2;-0,0224;1,1794;0,2818;-0,0465;0,0687;-0,0039;-0,9965;;False
4872,27;14.13;pa011​;20250411_105335;1;TUG2;-0,0223;1,1706;0,2814;-0,0427;0,0673;-0,0018;-0,9968;;False
4872,29;14.14;pa011​;20250411_105335;1;TUG2;-0,0219;1,1615;0,2806;-0,0409;0,0648;0,0007;-0,9971;;False
4872,30;14.15;pa011​;20250411_105335;1;TUG2;-0,0213;1,1526;0,2791;-0,0438;0,0620;0,0014;-0,9971;;False
4872,32;14.17;pa011​;20250411_105335;1;TUG2;-0,0205;1,1439;0,2777;-0,0485;0,0594;-0,0001;-0,9971;;False
