Timestamp;ElapsedTime;ID_Subject;ID_Session;sessionNumber;ID_Test;HeadPosition_X;HeadPosition_Y;HeadPosition_Z;HeadRotation_X;HeadRotation_Y;HeadRotation_Z;HeadRotation_W;Events;FalseStart
488,25;0.0;pa027​;20250611_110022;1;Marche;-0,0377;1,3192;0,3586;0,2614;-0,0233;-0,0604;0,9631;;False
488,26;0.01;pa027​;20250611_110022;1;Marche;-0,0376;1,3175;0,3593;0,2695;-0,0167;-0,0580;0,9611;;False
488,27;0.03;pa027​;20250611_110022;1;Marche;-0,0375;1,3158;0,3603;0,2757;-0,0111;-0,0569;0,9595;;False
488,29;0.04;pa027​;20250611_110022;1;Marche;-0,0377;1,3147;0,3616;0,2782;-0,0060;-0,0560;0,9589;;False
488,30;0.05;pa027​;20250611_110022;1;Marche;-0,0380;1,3141;0,3628;0,2801;-0,0009;-0,0549;0,9584;;False
488,32;0.07;pa027​;20250611_110022;1;Marche;-0,0382;1,3132;0,3638;0,2818;0,0026;-0,0541;0,9579;;False
488,33;0.08;pa027​;20250611_110022;1;Marche;-0,0387;1,3123;0,3648;0,2843;0,0062;-0,0529;0,9573;;False
488,34;0.1;pa027​;20250611_110022;1;Marche;-0,0393;1,3115;0,3660;0,2866;0,0090;-0,0518;0,9566;;False
488,36;0.11;pa027​;20250611_110022;1;Marche;-0,0402;1,3108;0,3674;0,2878;0,0115;-0,0507;0,9563;;False
488,37;0.12;pa027​;20250611_110022;1;Marche;-0,0410;1,3101;0,3688;0,2879;0,0130;-0,0504;0,9562;;False
488,39;0.14;pa027​;20250611_110022;1;Marche;-0,0418;1,3096;0,3699;0,2884;0,0138;-0,0509;0,9561;;False
488,40;0.15;pa027​;20250611_110022;1;Marche;-0,0428;1,3092;0,3708;0,2896;0,0145;-0,0510;0,9557;;False
488,41;0.17;pa027​;20250611_110022;1;Marche;-0,0440;1,3089;0,3721;0,2898;0,0145;-0,0508;0,9556;;False
488,43;0.18;pa027​;20250611_110022;1;Marche;-0,0451;1,3087;0,3732;0,2892;0,0141;-0,0502;0,9559;;False
488,44;0.19;pa027​;20250611_110022;1;Marche;-0,0462;1,3085;0,3742;0,2883;0,0142;-0,0500;0,9561;;False
488,46;0.21;pa027​;20250611_110022;1;Marche;-0,0472;1,3082;0,3751;0,2885;0,0146;-0,0499;0,9561;;False
488,47;0.22;pa027​;20250611_110022;1;Marche;-0,0481;1,3077;0,3761;0,2890;0,0146;-0,0491;0,9560;;False
488,48;0.24;pa027​;20250611_110022;1;Marche;-0,0490;1,3074;0,3773;0,2899;0,0146;-0,0476;0,9558;;False
488,50;0.25;pa027​;20250611_110022;1;Marche;-0,0498;1,3070;0,3783;0,2903;0,0148;-0,0468;0,9557;;False
488,51;0.26;pa027​;20250611_110022;1;Marche;-0,0506;1,3064;0,3795;0,2914;0,0153;-0,0465;0,9553;;False
488,53;0.28;pa027​;20250611_110022;1;Marche;-0,0513;1,3057;0,3805;0,2919;0,0163;-0,0470;0,9552;;False
488,54;0.29;pa027​;20250611_110022;1;Marche;-0,0521;1,3048;0,3815;0,2936;0,0181;-0,0477;0,9546;;False
488,55;0.3;pa027​;20250611_110022;1;Marche;-0,0528;1,3040;0,3823;0,2962;0,0201;-0,0488;0,9537;;False
488,57;0.32;pa027​;20250611_110022;1;Marche;-0,0534;1,3031;0,3833;0,3000;0,0220;-0,0494;0,9524;;False
488,58;0.33;pa027​;20250611_110022;1;Marche;-0,0538;1,3022;0,3845;0,3025;0,0236;-0,0494;0,9516;;False
488,59;0.35;pa027​;20250611_110022;1;Marche;-0,0541;1,3014;0,3858;0,3037;0,0247;-0,0492;0,9512;;False
488,61;0.36;pa027​;20250611_110022;1;Marche;-0,0545;1,3008;0,3871;0,3044;0,0252;-0,0485;0,9510;;False
488,62;0.37;pa027​;20250611_110022;1;Marche;-0,0546;1,3003;0,3883;0,3049;0,0257;-0,0488;0,9508;;False
488,64;0.39;pa027​;20250611_110022;1;Marche;-0,0547;1,2995;0,3896;0,3051;0,0263;-0,0499;0,9506;;False
488,65;0.4;pa027​;20250611_110022;1;Marche;-0,0548;1,2988;0,3908;0,3054;0,0272;-0,0517;0,9504;;False
488,66;0.42;pa027​;20250611_110022;1;Marche;-0,0547;1,2979;0,3920;0,3052;0,0282;-0,0538;0,9504;;False
488,68;0.43;pa027​;20250611_110022;1;Marche;-0,0544;1,2970;0,3932;0,3066;0,0293;-0,0557;0,9498;;False
488,69;0.44;pa027​;20250611_110022;1;Marche;-0,0541;1,2963;0,3946;0,3086;0,0298;-0,0565;0,9490;;False
488,71;0.46;pa027​;20250611_110022;1;Marche;-0,0535;1,2956;0,3962;0,3105;0,0298;-0,0567;0,9484;;False
488,72;0.47;pa027​;20250611_110022;1;Marche;-0,0528;1,2950;0,3981;0,3123;0,0297;-0,0569;0,9478;;False
488,73;0.49;pa027​;20250611_110022;1;Marche;-0,0519;1,2946;0,4002;0,3136;0,0295;-0,0569;0,9474;;False
488,75;0.5;pa027​;20250611_110022;1;Marche;-0,0509;1,2941;0,4025;0,3145;0,0295;-0,0570;0,9471;;False
488,76;0.51;pa027​;20250611_110022;1;Marche;-0,0496;1,2937;0,4047;0,3147;0,0294;-0,0577;0,9470;;False
488,78;0.53;pa027​;20250611_110022;1;Marche;-0,0480;1,2934;0,4072;0,3154;0,0295;-0,0586;0,9467;;False
488,79;0.54;pa027​;20250611_110022;1;Marche;-0,0464;1,2930;0,4098;0,3155;0,0297;-0,0601;0,9465;;False
488,80;0.55;pa027​;20250611_110022;1;Marche;-0,0446;1,2928;0,4124;0,3152;0,0294;-0,0613;0,9466;;False
488,82;0.57;pa027​;20250611_110022;1;Marche;-0,0427;1,2927;0,4152;0,3145;0,0291;-0,0621;0,9468;;False
488,83;0.58;pa027​;20250611_110022;1;Marche;-0,0407;1,2922;0,4180;0,3134;0,0287;-0,0634;0,9471;;False
488,85;0.6;pa027​;20250611_110022;1;Marche;-0,0386;1,2917;0,4209;0,3122;0,0282;-0,0650;0,9474;;False
488,86;0.61;pa027​;20250611_110022;1;Marche;-0,0364;1,2913;0,4237;0,3114;0,0280;-0,0662;0,9476;;False
488,87;0.62;pa027​;20250611_110022;1;Marche;-0,0340;1,2908;0,4266;0,3103;0,0279;-0,0676;0,9478;;False
488,89;0.64;pa027​;20250611_110022;1;Marche;-0,0316;1,2904;0,4295;0,3093;0,0282;-0,0693;0,9480;;False
488,90;0.65;pa027​;20250611_110022;1;Marche;-0,0289;1,2900;0,4324;0,3084;0,0281;-0,0703;0,9483;;False
488,91;0.67;pa027​;20250611_110022;1;Marche;-0,0262;1,2897;0,4354;0,3072;0,0274;-0,0707;0,9486;;False
488,93;0.68;pa027​;20250611_110022;1;Marche;-0,0234;1,2895;0,4383;0,3060;0,0263;-0,0716;0,9490;;False
488,94;0.69;pa027​;20250611_110022;1;Marche;-0,0204;1,2893;0,4412;0,3053;0,0252;-0,0724;0,9492;;False
488,96;0.71;pa027​;20250611_110022;1;Marche;-0,0173;1,2891;0,4441;0,3047;0,0237;-0,0738;0,9493;;False
488,97;0.72;pa027​;20250611_110022;1;Marche;-0,0141;1,2892;0,4472;0,3050;0,0220;-0,0756;0,9491;;False
488,98;0.73;pa027​;20250611_110022;1;Marche;-0,0108;1,2892;0,4503;0,3048;0,0200;-0,0775;0,9491;;False
489,00;0.75;pa027​;20250611_110022;1;Marche;-0,0072;1,2896;0,4540;0,3060;0,0176;-0,0788;0,9486;;False
489,01;0.76;pa027​;20250611_110022;1;Marche;-0,0034;1,2903;0,4580;0,3067;0,0158;-0,0803;0,9483;;False
489,02;0.78;pa027​;20250611_110022;1;Marche;0,0006;1,2906;0,4615;0,3056;0,0148;-0,0825;0,9484;;False
489,04;0.79;pa027​;20250611_110022;1;Marche;0,0046;1,2908;0,4652;0,3047;0,0142;-0,0852;0,9485;;False
489,05;0.8;pa027​;20250611_110022;1;Marche;0,0087;1,2910;0,4687;0,3027;0,0145;-0,0887;0,9488;;False
489,07;0.82;pa027​;20250611_110022;1;Marche;0,0126;1,2912;0,4724;0,3008;0,0147;-0,0923;0,9491;;False
489,08;0.83;pa027​;20250611_110022;1;Marche;0,0164;1,2915;0,4762;0,2993;0,0149;-0,0957;0,9492;;False
489,09;0.85;pa027​;20250611_110022;1;Marche;0,0199;1,2916;0,4799;0,2977;0,0147;-0,0985;0,9495;;False
489,11;0.86;pa027​;20250611_110022;1;Marche;0,0234;1,2915;0,4835;0,2967;0,0135;-0,1003;0,9496;;False
489,12;0.87;pa027​;20250611_110022;1;Marche;0,0267;1,2912;0,4870;0,2964;0,0121;-0,1013;0,9496;;False
489,14;0.89;pa027​;20250611_110022;1;Marche;0,0298;1,2909;0,4905;0,2973;0,0111;-0,1020;0,9493;;False
489,15;0.9;pa027​;20250611_110022;1;Marche;0,0327;1,2904;0,4940;0,2987;0,0115;-0,1035;0,9487;;False
489,16;0.92;pa027​;20250611_110022;1;Marche;0,0357;1,2901;0,4977;0,3018;0,0118;-0,1049;0,9475;;False
489,18;0.93;pa027​;20250611_110022;1;Marche;0,0386;1,2901;0,5014;0,3042;0,0126;-0,1055;0,9467;;False
489,19;0.94;pa027​;20250611_110022;1;Marche;0,0413;1,2904;0,5052;0,3066;0,0135;-0,1055;0,9459;;False
489,21;0.96;pa027​;20250611_110022;1;Marche;0,0438;1,2907;0,5093;0,3078;0,0141;-0,1053;0,9455;;False
489,22;0.97;pa027​;20250611_110022;1;Marche;0,0461;1,2911;0,5136;0,3071;0,0143;-0,1043;0,9458;;False
489,23;0.99;pa027​;20250611_110022;1;Marche;0,0480;1,2912;0,5177;0,3043;0,0140;-0,1027;0,9469;;False
489,25;1.0;pa027​;20250611_110022;1;Marche;0,0499;1,2910;0,5217;0,3026;0,0128;-0,1018;0,9476;;False
489,26;1.01;pa027​;20250611_110022;1;Marche;0,0515;1,2906;0,5257;0,3021;0,0116;-0,1016;0,9478;;False
489,28;1.03;pa027​;20250611_110022;1;Marche;0,0529;1,2899;0,5297;0,3035;0,0104;-0,1024;0,9472;;False
489,29;1.04;pa027​;20250611_110022;1;Marche;0,0543;1,2890;0,5341;0,3060;0,0093;-0,1034;0,9464;;False
489,30;1.05;pa027​;20250611_110022;1;Marche;0,0555;1,2882;0,5387;0,3087;0,0086;-0,1045;0,9454;;False
489,32;1.07;pa027​;20250611_110022;1;Marche;0,0564;1,2873;0,5437;0,3102;0,0088;-0,1051;0,9448;;False
489,33;1.08;pa027​;20250611_110022;1;Marche;0,0572;1,2866;0,5488;0,3094;0,0095;-0,1051;0,9450;;False
489,34;1.1;pa027​;20250611_110022;1;Marche;0,0577;1,2862;0,5538;0,3081;0,0101;-0,1047;0,9455;;False
489,36;1.11;pa027​;20250611_110022;1;Marche;0,0579;1,2856;0,5586;0,3077;0,0109;-0,1043;0,9457;;False
489,37;1.12;pa027​;20250611_110022;1;Marche;0,0578;1,2848;0,5632;0,3081;0,0112;-0,1033;0,9457;;False
489,39;1.14;pa027​;20250611_110022;1;Marche;0,0575;1,2840;0,5677;0,3088;0,0116;-0,1022;0,9456;;False
489,40;1.15;pa027​;20250611_110022;1;Marche;0,0569;1,2833;0,5722;0,3099;0,0119;-0,1009;0,9453;;False
489,41;1.17;pa027​;20250611_110022;1;Marche;0,0562;1,2827;0,5767;0,3101;0,0122;-0,0998;0,9454;;False
489,43;1.18;pa027​;20250611_110022;1;Marche;0,0552;1,2822;0,5812;0,3086;0,0126;-0,0989;0,9459;;False
489,44;1.19;pa027​;20250611_110022;1;Marche;0,0541;1,2817;0,5855;0,3077;0,0125;-0,0974;0,9464;;False
489,46;1.21;pa027​;20250611_110022;1;Marche;0,0527;1,2811;0,5897;0,3077;0,0123;-0,0962;0,9465;;False
489,47;1.22;pa027​;20250611_110022;1;Marche;0,0510;1,2806;0,5941;0,3081;0,0124;-0,0954;0,9465;;False
489,49;1.24;pa027​;20250611_110022;1;Marche;0,0493;1,2801;0,5986;0,3073;0,0124;-0,0950;0,9468;;False
489,50;1.25;pa027​;20250611_110022;1;Marche;0,0473;1,2794;0,6029;0,3066;0,0124;-0,0937;0,9471;;False
489,51;1.26;pa027​;20250611_110022;1;Marche;0,0452;1,2786;0,6070;0,3062;0,0119;-0,0925;0,9474;;False
489,53;1.28;pa027​;20250611_110022;1;Marche;0,0428;1,2780;0,6109;0,3075;0,0123;-0,0921;0,9470;;False
489,54;1.29;pa027​;20250611_110022;1;Marche;0,0404;1,2777;0,6150;0,3086;0,0133;-0,0927;0,9466;;False
489,55;1.31;pa027​;20250611_110022;1;Marche;0,0380;1,2781;0,6197;0,3101;0,0146;-0,0933;0,9460;;False
489,57;1.32;pa027​;20250611_110022;1;Marche;0,0355;1,2789;0,6244;0,3107;0,0164;-0,0936;0,9457;;False
489,58;1.33;pa027​;20250611_110022;1;Marche;0,0328;1,2792;0,6288;0,3095;0,0182;-0,0928;0,9462;;False
489,60;1.35;pa027​;20250611_110022;1;Marche;0,0300;1,2799;0,6332;0,3099;0,0191;-0,0903;0,9463;;False
489,61;1.36;pa027​;20250611_110022;1;Marche;0,0272;1,2807;0,6372;0,3092;0,0200;-0,0870;0,9468;;False
489,62;1.37;pa027​;20250611_110022;1;Marche;0,0246;1,2816;0,6412;0,3091;0,0201;-0,0829;0,9472;;False
489,64;1.39;pa027​;20250611_110022;1;Marche;0,0219;1,2827;0,6450;0,3092;0,0198;-0,0787;0,9475;;False
489,65;1.4;pa027​;20250611_110022;1;Marche;0,0193;1,2840;0,6488;0,3090;0,0199;-0,0755;0,9479;;False
489,66;1.42;pa027​;20250611_110022;1;Marche;0,0168;1,2851;0,6526;0,3080;0,0202;-0,0742;0,9483;;False
489,68;1.43;pa027​;20250611_110022;1;Marche;0,0144;1,2863;0,6565;0,3061;0,0205;-0,0730;0,9490;;False
489,69;1.44;pa027​;20250611_110022;1;Marche;0,0121;1,2876;0,6602;0,3040;0,0202;-0,0718;0,9498;;False
489,71;1.46;pa027​;20250611_110022;1;Marche;0,0099;1,2886;0,6639;0,3015;0,0193;-0,0708;0,9506;;False
489,72;1.47;pa027​;20250611_110022;1;Marche;0,0076;1,2896;0,6674;0,2999;0,0188;-0,0696;0,9513;;False
489,73;1.49;pa027​;20250611_110022;1;Marche;0,0055;1,2903;0,6711;0,2986;0,0180;-0,0690;0,9517;;False
489,75;1.5;pa027​;20250611_110022;1;Marche;0,0033;1,2910;0,6748;0,2975;0,0173;-0,0684;0,9521;;False
489,76;1.51;pa027​;20250611_110022;1;Marche;0,0013;1,2916;0,6786;0,2965;0,0170;-0,0685;0,9524;;False
489,78;1.53;pa027​;20250611_110022;1;Marche;-0,0005;1,2922;0,6822;0,2962;0,0171;-0,0685;0,9525;;False
489,79;1.54;pa027​;20250611_110022;1;Marche;-0,0022;1,2928;0,6861;0,2958;0,0174;-0,0683;0,9526;;False
489,80;1.55;pa027​;20250611_110022;1;Marche;-0,0037;1,2934;0,6898;0,2956;0,0185;-0,0686;0,9527;;False
489,82;1.57;pa027​;20250611_110022;1;Marche;-0,0053;1,2938;0,6935;0,2954;0,0198;-0,0691;0,9527;;False
489,83;1.58;pa027​;20250611_110022;1;Marche;-0,0068;1,2940;0,6971;0,2945;0,0205;-0,0689;0,9529;;False
489,84;1.6;pa027​;20250611_110022;1;Marche;-0,0083;1,2943;0,7008;0,2944;0,0211;-0,0689;0,9530;;False
489,86;1.61;pa027​;20250611_110022;1;Marche;-0,0095;1,2947;0,7046;0,2936;0,0219;-0,0698;0,9531;;False
489,87;1.62;pa027​;20250611_110022;1;Marche;-0,0107;1,2947;0,7085;0,2925;0,0232;-0,0710;0,9533;;False
489,89;1.64;pa027​;20250611_110022;1;Marche;-0,0117;1,2945;0,7124;0,2908;0,0244;-0,0722;0,9537;;False
489,90;1.65;pa027​;20250611_110022;1;Marche;-0,0126;1,2942;0,7165;0,2897;0,0254;-0,0728;0,9540;;False
489,91;1.67;pa027​;20250611_110022;1;Marche;-0,0134;1,2938;0,7208;0,2894;0,0260;-0,0724;0,9541;;False
489,93;1.68;pa027​;20250611_110022;1;Marche;-0,0140;1,2934;0,7253;0,2897;0,0260;-0,0711;0,9541;;False
489,94;1.69;pa027​;20250611_110022;1;Marche;-0,0142;1,2932;0,7301;0,2903;0,0260;-0,0701;0,9540;;False
489,96;1.71;pa027​;20250611_110022;1;Marche;-0,0143;1,2928;0,7352;0,2902;0,0264;-0,0698;0,9541;;False
489,97;1.72;pa027​;20250611_110022;1;Marche;-0,0140;1,2923;0,7404;0,2899;0,0265;-0,0702;0,9541;;False
489,98;1.74;pa027​;20250611_110022;1;Marche;-0,0135;1,2917;0,7456;0,2899;0,0263;-0,0707;0,9541;;False
490,00;1.75;pa027​;20250611_110022;1;Marche;-0,0129;1,2912;0,7508;0,2904;0,0259;-0,0713;0,9539;;False
490,01;1.76;pa027​;20250611_110022;1;Marche;-0,0120;1,2908;0,7563;0,2918;0,0253;-0,0732;0,9533;;False
490,03;1.78;pa027​;20250611_110022;1;Marche;-0,0110;1,2905;0,7620;0,2921;0,0252;-0,0754;0,9531;;False
490,04;1.79;pa027​;20250611_110022;1;Marche;-0,0098;1,2904;0,7678;0,2913;0,0254;-0,0775;0,9532;;False
490,05;1.8;pa027​;20250611_110022;1;Marche;-0,0086;1,2903;0,7737;0,2897;0,0259;-0,0793;0,9535;;False
490,07;1.82;pa027​;20250611_110022;1;Marche;-0,0073;1,2901;0,7798;0,2883;0,0264;-0,0805;0,9538;;False
490,08;1.83;pa027​;20250611_110022;1;Marche;-0,0059;1,2897;0,7858;0,2865;0,0265;-0,0811;0,9543;;False
490,09;1.85;pa027​;20250611_110022;1;Marche;-0,0045;1,2893;0,7917;0,2849;0,0265;-0,0813;0,9548;;False
490,11;1.86;pa027​;20250611_110022;1;Marche;-0,0031;1,2887;0,7975;0,2833;0,0263;-0,0813;0,9552;;False
490,12;1.87;pa027​;20250611_110022;1;Marche;-0,0015;1,2879;0,8030;0,2823;0,0259;-0,0814;0,9555;;False
490,14;1.89;pa027​;20250611_110022;1;Marche;0,0002;1,2873;0,8084;0,2831;0,0248;-0,0817;0,9553;;False
490,15;1.9;pa027​;20250611_110022;1;Marche;0,0020;1,2869;0,8138;0,2841;0,0237;-0,0823;0,9550;;False
490,16;1.92;pa027​;20250611_110022;1;Marche;0,0040;1,2868;0,8194;0,2839;0,0227;-0,0834;0,9550;;False
490,18;1.93;pa027​;20250611_110022;1;Marche;0,0065;1,2872;0,8253;0,2827;0,0215;-0,0846;0,9552;;False
490,19;1.94;pa027​;20250611_110022;1;Marche;0,0091;1,2877;0,8309;0,2783;0,0200;-0,0853;0,9565;;False
490,21;1.96;pa027​;20250611_110022;1;Marche;0,0118;1,2888;0,8370;0,2754;0,0172;-0,0857;0,9574;;False
490,22;1.97;pa027​;20250611_110022;1;Marche;0,0145;1,2900;0,8434;0,2719;0,0149;-0,0871;0,9583;;False
490,23;1.99;pa027​;20250611_110022;1;Marche;0,0173;1,2913;0,8502;0,2681;0,0119;-0,0891;0,9592;;False
490,25;2.0;pa027​;20250611_110022;1;Marche;0,0201;1,2922;0,8562;0,2623;0,0099;-0,0916;0,9606;;False
490,26;2.01;pa027​;20250611_110022;1;Marche;0,0230;1,2934;0,8623;0,2591;0,0081;-0,0942;0,9612;;False
490,27;2.03;pa027​;20250611_110022;1;Marche;0,0258;1,2948;0,8685;0,2576;0,0072;-0,0967;0,9614;;False
490,29;2.04;pa027​;20250611_110022;1;Marche;0,0285;1,2966;0,8746;0,2568;0,0065;-0,0980;0,9615;;False
490,30;2.05;pa027​;20250611_110022;1;Marche;0,0310;1,2984;0,8809;0,2548;0,0053;-0,0977;0,9620;;False
490,32;2.07;pa027​;20250611_110022;1;Marche;0,0332;1,3004;0,8872;0,2519;0,0039;-0,0956;0,9630;;False
490,33;2.08;pa027​;20250611_110022;1;Marche;0,0352;1,3023;0,8935;0,2479;0,0023;-0,0931;0,9643;;False
490,35;2.1;pa027​;20250611_110022;1;Marche;0,0370;1,3039;0,8998;0,2424;-0,0001;-0,0904;0,9660;;False
490,36;2.11;pa027​;20250611_110022;1;Marche;0,0386;1,3053;0,9063;0,2366;-0,0026;-0,0881;0,9676;;False
490,37;2.12;pa027​;20250611_110022;1;Marche;0,0400;1,3063;0,9128;0,2317;-0,0051;-0,0871;0,9689;;False
490,39;2.14;pa027​;20250611_110022;1;Marche;0,0412;1,3068;0,9196;0,2272;-0,0074;-0,0875;0,9699;;False
490,40;2.15;pa027​;20250611_110022;1;Marche;0,0422;1,3073;0,9265;0,2238;-0,0095;-0,0887;0,9705;;False
490,42;2.17;pa027​;20250611_110022;1;Marche;0,0431;1,3080;0,9339;0,2205;-0,0109;-0,0899;0,9712;;False
490,43;2.18;pa027​;20250611_110022;1;Marche;0,0438;1,3088;0,9415;0,2175;-0,0117;-0,0906;0,9718;;False
490,44;2.19;pa027​;20250611_110022;1;Marche;0,0443;1,3092;0,9491;0,2146;-0,0114;-0,0909;0,9724;;False
490,46;2.21;pa027​;20250611_110022;1;Marche;0,0445;1,3091;0,9566;0,2122;-0,0107;-0,0893;0,9731;;False
490,47;2.22;pa027​;20250611_110022;1;Marche;0,0445;1,3088;0,9643;0,2107;-0,0108;-0,0868;0,9736;;False
490,48;2.24;pa027​;20250611_110022;1;Marche;0,0441;1,3084;0,9719;0,2102;-0,0102;-0,0841;0,9740;;False
490,50;2.25;pa027​;20250611_110022;1;Marche;0,0435;1,3080;0,9794;0,2093;-0,0090;-0,0821;0,9744;;False
490,51;2.26;pa027​;20250611_110022;1;Marche;0,0428;1,3076;0,9870;0,2086;-0,0081;-0,0800;0,9747;;False
490,53;2.28;pa027​;20250611_110022;1;Marche;0,0419;1,3072;0,9945;0,2079;-0,0074;-0,0785;0,9750;;False
490,54;2.29;pa027​;20250611_110022;1;Marche;0,0407;1,3068;1,0022;0,2070;-0,0071;-0,0770;0,9753;;False
490,56;2.31;pa027​;20250611_110022;1;Marche;0,0392;1,3062;1,0098;0,2049;-0,0073;-0,0756;0,9758;;False
490,57;2.32;pa027​;20250611_110022;1;Marche;0,0375;1,3055;1,0171;0,2035;-0,0075;-0,0746;0,9762;;False
490,58;2.33;pa027​;20250611_110022;1;Marche;0,0356;1,3048;1,0242;0,2029;-0,0080;-0,0739;0,9764;;False
490,60;2.35;pa027​;20250611_110022;1;Marche;0,0335;1,3040;1,0311;0,2036;-0,0088;-0,0726;0,9763;;False
490,61;2.36;pa027​;20250611_110022;1;Marche;0,0312;1,3034;1,0380;0,2050;-0,0094;-0,0712;0,9761;;False
490,62;2.37;pa027​;20250611_110022;1;Marche;0,0287;1,3034;1,0450;0,2063;-0,0092;-0,0703;0,9759;;False
490,64;2.39;pa027​;20250611_110022;1;Marche;0,0261;1,3033;1,0519;0,2052;-0,0086;-0,0689;0,9763;;False
490,65;2.4;pa027​;20250611_110022;1;Marche;0,0235;1,3037;1,0589;0,2018;-0,0076;-0,0668;0,9771;;False
490,66;2.42;pa027​;20250611_110022;1;Marche;0,0208;1,3053;1,0666;0,1979;-0,0065;-0,0648;0,9780;;False
490,68;2.43;pa027​;20250611_110022;1;Marche;0,0181;1,3068;1,0739;0,1925;-0,0048;-0,0631;0,9793;;False
490,69;2.44;pa027​;20250611_110022;1;Marche;0,0152;1,3075;1,0805;0,1869;-0,0052;-0,0590;0,9806;;False
490,71;2.46;pa027​;20250611_110022;1;Marche;0,0124;1,3083;1,0869;0,1842;-0,0067;-0,0547;0,9814;;False
490,72;2.47;pa027​;20250611_110022;1;Marche;0,0099;1,3093;1,0932;0,1825;-0,0086;-0,0518;0,9818;;False
490,73;2.49;pa027​;20250611_110022;1;Marche;0,0076;1,3106;1,0994;0,1800;-0,0095;-0,0512;0,9823;;False
490,75;2.5;pa027​;20250611_110022;1;Marche;0,0057;1,3121;1,1059;0,1780;-0,0105;-0,0520;0,9826;;False
490,76;2.51;pa027​;20250611_110022;1;Marche;0,0043;1,3140;1,1124;0,1763;-0,0108;-0,0534;0,9828;;False
490,78;2.53;pa027​;20250611_110022;1;Marche;0,0032;1,3159;1,1186;0,1743;-0,0104;-0,0549;0,9831;;False
490,79;2.54;pa027​;20250611_110022;1;Marche;0,0024;1,3175;1,1246;0,1730;-0,0095;-0,0560;0,9833;;False
490,80;2.55;pa027​;20250611_110022;1;Marche;0,0019;1,3189;1,1305;0,1719;-0,0082;-0,0567;0,9834;;False
490,82;2.57;pa027​;20250611_110022;1;Marche;0,0016;1,3204;1,1365;0,1706;-0,0054;-0,0580;0,9836;;False
490,83;2.58;pa027​;20250611_110022;1;Marche;0,0015;1,3218;1,1425;0,1687;-0,0018;-0,0598;0,9838;;False
490,85;2.6;pa027​;20250611_110022;1;Marche;0,0013;1,3228;1,1483;0,1665;0,0026;-0,0607;0,9842;;False
490,86;2.61;pa027​;20250611_110022;1;Marche;0,0013;1,3235;1,1543;0,1653;0,0065;-0,0615;0,9843;;False
490,87;2.62;pa027​;20250611_110022;1;Marche;0,0012;1,3240;1,1604;0,1649;0,0099;-0,0614;0,9843;;False
490,89;2.64;pa027​;20250611_110022;1;Marche;0,0011;1,3239;1,1667;0,1654;0,0120;-0,0605;0,9843;;False
490,90;2.65;pa027​;20250611_110022;1;Marche;0,0010;1,3236;1,1731;0,1672;0,0131;-0,0597;0,9840;;False
490,91;2.67;pa027​;20250611_110022;1;Marche;0,0011;1,3232;1,1800;0,1704;0,0134;-0,0602;0,9834;;False
490,93;2.68;pa027​;20250611_110022;1;Marche;0,0014;1,3229;1,1875;0,1723;0,0133;-0,0620;0,9830;;False
490,94;2.69;pa027​;20250611_110022;1;Marche;0,0019;1,3225;1,1948;0,1724;0,0131;-0,0645;0,9828;;False
490,96;2.71;pa027​;20250611_110022;1;Marche;0,0025;1,3218;1,2022;0,1728;0,0126;-0,0677;0,9826;;False
490,97;2.72;pa027​;20250611_110022;1;Marche;0,0034;1,3213;1,2095;0,1743;0,0122;-0,0706;0,9821;;False
490,98;2.74;pa027​;20250611_110022;1;Marche;0,0045;1,3209;1,2170;0,1762;0,0120;-0,0729;0,9816;;False
491,00;2.75;pa027​;20250611_110022;1;Marche;0,0058;1,3205;1,2246;0,1781;0,0115;-0,0740;0,9812;;False
491,01;2.76;pa027​;20250611_110022;1;Marche;0,0072;1,3200;1,2323;0,1795;0,0118;-0,0749;0,9808;;False
491,03;2.78;pa027​;20250611_110022;1;Marche;0,0088;1,3195;1,2402;0,1806;0,0121;-0,0756;0,9806;;False
491,04;2.79;pa027​;20250611_110022;1;Marche;0,0104;1,3188;1,2480;0,1821;0,0126;-0,0760;0,9803;;False
491,05;2.81;pa027​;20250611_110022;1;Marche;0,0122;1,3180;1,2557;0,1844;0,0123;-0,0761;0,9798;;False
491,07;2.82;pa027​;20250611_110022;1;Marche;0,0141;1,3171;1,2635;0,1869;0,0119;-0,0766;0,9793;;False
491,08;2.83;pa027​;20250611_110022;1;Marche;0,0162;1,3160;1,2714;0,1877;0,0116;-0,0779;0,9791;;False
491,09;2.85;pa027​;20250611_110022;1;Marche;0,0186;1,3152;1,2792;0,1869;0,0122;-0,0798;0,9790;;False
491,11;2.86;pa027​;20250611_110022;1;Marche;0,0211;1,3142;1,2868;0,1873;0,0132;-0,0818;0,9788;;False
491,12;2.87;pa027​;20250611_110022;1;Marche;0,0239;1,3133;1,2942;0,1886;0,0136;-0,0825;0,9785;;False
491,14;2.89;pa027​;20250611_110022;1;Marche;0,0268;1,3126;1,3016;0,1898;0,0133;-0,0829;0,9782;;False
491,15;2.9;pa027​;20250611_110022;1;Marche;0,0299;1,3121;1,3091;0,1914;0,0126;-0,0838;0,9779;;False
491,17;2.92;pa027​;20250611_110022;1;Marche;0,0331;1,3118;1,3164;0,1909;0,0120;-0,0850;0,9778;;False
491,18;2.93;pa027​;20250611_110022;1;Marche;0,0364;1,3117;1,3239;0,1902;0,0109;-0,0862;0,9779;;False
491,19;2.94;pa027​;20250611_110022;1;Marche;0,0398;1,3128;1,3318;0,1886;0,0093;-0,0875;0,9781;;False
491,21;2.96;pa027​;20250611_110022;1;Marche;0,0435;1,3144;1,3403;0,1875;0,0077;-0,0890;0,9782;;False
491,22;2.97;pa027​;20250611_110022;1;Marche;0,0470;1,3151;1,3479;0,1846;0,0063;-0,0904;0,9786;;False
491,24;2.99;pa027​;20250611_110022;1;Marche;0,0507;1,3170;1,3563;0,1866;0,0046;-0,0920;0,9781;;False
491,25;3.0;pa027​;20250611_110022;1;Marche;0,0543;1,3184;1,3642;0,1846;0,0036;-0,0932;0,9784;;False
491,26;3.01;pa027​;20250611_110022;1;Marche;0,0577;1,3200;1,3720;0,1841;0,0031;-0,0938;0,9784;;False
491,28;3.03;pa027​;20250611_110022;1;Marche;0,0606;1,3214;1,3796;0,1825;0,0026;-0,0942;0,9787;;False
491,29;3.04;pa027​;20250611_110022;1;Marche;0,0632;1,3226;1,3871;0,1799;0,0011;-0,0927;0,9793;;False
491,30;3.05;pa027​;20250611_110022;1;Marche;0,0657;1,3236;1,3948;0,1765;-0,0023;-0,0899;0,9802;;False
491,32;3.07;pa027​;20250611_110022;1;Marche;0,0680;1,3242;1,4027;0,1730;-0,0059;-0,0881;0,9810;;False
491,33;3.08;pa027​;20250611_110022;1;Marche;0,0700;1,3242;1,4106;0,1710;-0,0088;-0,0882;0,9813;;False
491,34;3.1;pa027​;20250611_110022;1;Marche;0,0722;1,3236;1,4184;0,1705;-0,0116;-0,0891;0,9812;;False
491,36;3.11;pa027​;20250611_110022;1;Marche;0,0744;1,3226;1,4264;0,1726;-0,0142;-0,0901;0,9808;;False
491,37;3.12;pa027​;20250611_110022;1;Marche;0,0765;1,3216;1,4346;0,1759;-0,0157;-0,0912;0,9800;;False
491,39;3.14;pa027​;20250611_110022;1;Marche;0,0786;1,3208;1,4434;0,1782;-0,0167;-0,0929;0,9795;;False
491,40;3.15;pa027​;20250611_110022;1;Marche;0,0806;1,3203;1,4523;0,1788;-0,0162;-0,0943;0,9792;;False
491,41;3.17;pa027​;20250611_110022;1;Marche;0,0825;1,3199;1,4612;0,1788;-0,0155;-0,0953;0,9791;;False
491,43;3.18;pa027​;20250611_110022;1;Marche;0,0842;1,3194;1,4698;0,1798;-0,0148;-0,0954;0,9790;;False
491,44;3.19;pa027​;20250611_110022;1;Marche;0,0858;1,3191;1,4784;0,1823;-0,0141;-0,0945;0,9786;;False
491,46;3.21;pa027​;20250611_110022;1;Marche;0,0872;1,3191;1,4870;0,1845;-0,0132;-0,0927;0,9784;;False
491,47;3.22;pa027​;20250611_110022;1;Marche;0,0885;1,3193;1,4956;0,1864;-0,0125;-0,0913;0,9781;;False
491,49;3.24;pa027​;20250611_110022;1;Marche;0,0896;1,3195;1,5040;0,1874;-0,0118;-0,0895;0,9781;;False
491,50;3.25;pa027​;20250611_110022;1;Marche;0,0907;1,3198;1,5126;0,1878;-0,0114;-0,0884;0,9782;;False
491,51;3.26;pa027​;20250611_110022;1;Marche;0,0917;1,3201;1,5213;0,1868;-0,0106;-0,0885;0,9783;;False
491,53;3.28;pa027​;20250611_110022;1;Marche;0,0924;1,3202;1,5301;0,1847;-0,0093;-0,0896;0,9787;;False
491,54;3.29;pa027​;20250611_110022;1;Marche;0,0930;1,3202;1,5387;0,1823;-0,0076;-0,0910;0,9790;;False
491,55;3.3;pa027​;20250611_110022;1;Marche;0,0934;1,3199;1,5474;0,1797;-0,0073;-0,0910;0,9795;;False
491,57;3.32;pa027​;20250611_110022;1;Marche;0,0935;1,3195;1,5563;0,1790;-0,0078;-0,0904;0,9797;;False
491,58;3.33;pa027​;20250611_110022;1;Marche;0,0934;1,3191;1,5653;0,1785;-0,0084;-0,0900;0,9798;;False
491,59;3.35;pa027​;20250611_110022;1;Marche;0,0931;1,3183;1,5744;0,1773;-0,0085;-0,0900;0,9800;;False
491,61;3.36;pa027​;20250611_110022;1;Marche;0,0927;1,3175;1,5836;0,1756;-0,0086;-0,0895;0,9803;;False
491,62;3.37;pa027​;20250611_110022;1;Marche;0,0921;1,3168;1,5929;0,1746;-0,0087;-0,0887;0,9806;;False
491,64;3.39;pa027​;20250611_110022;1;Marche;0,0913;1,3159;1,6021;0,1740;-0,0090;-0,0869;0,9809;;False
491,65;3.4;pa027​;20250611_110022;1;Marche;0,0904;1,3151;1,6114;0,1739;-0,0094;-0,0850;0,9810;;False
491,66;3.42;pa027​;20250611_110022;1;Marche;0,0895;1,3141;1,6206;0,1735;-0,0093;-0,0846;0,9811;;False
491,68;3.43;pa027​;20250611_110022;1;Marche;0,0884;1,3138;1,6298;0,1740;-0,0089;-0,0850;0,9810;;False
491,69;3.44;pa027​;20250611_110022;1;Marche;0,0873;1,3136;1,6390;0,1735;-0,0078;-0,0859;0,9811;;False
491,71;3.46;pa027​;20250611_110022;1;Marche;0,0862;1,3138;1,6482;0,1720;-0,0068;-0,0863;0,9813;;False
491,72;3.47;pa027​;20250611_110022;1;Marche;0,0851;1,3144;1,6573;0,1718;-0,0055;-0,0862;0,9813;;False
491,74;3.49;pa027​;20250611_110022;1;Marche;0,0840;1,3154;1,6662;0,1720;-0,0034;-0,0861;0,9813;;False
491,75;3.5;pa027​;20250611_110022;1;Marche;0,0827;1,3164;1,6750;0,1718;-0,0015;-0,0853;0,9814;;False
491,76;3.51;pa027​;20250611_110022;1;Marche;0,0814;1,3174;1,6834;0,1714;-0,0001;-0,0834;0,9817;;False
491,78;3.53;pa027​;20250611_110022;1;Marche;0,0800;1,3187;1,6918;0,1713;0,0008;-0,0818;0,9818;;False
491,79;3.54;pa027​;20250611_110022;1;Marche;0,0788;1,3196;1,6999;0,1703;0,0012;-0,0805;0,9821;;False
491,80;3.55;pa027​;20250611_110022;1;Marche;0,0777;1,3205;1,7074;0,1693;0,0011;-0,0798;0,9823;;False
491,82;3.57;pa027​;20250611_110022;1;Marche;0,0769;1,3214;1,7148;0,1690;0,0011;-0,0810;0,9823;;False
491,83;3.58;pa027​;20250611_110022;1;Marche;0,0761;1,3223;1,7222;0,1677;0,0017;-0,0831;0,9823;;False
491,85;3.6;pa027​;20250611_110022;1;Marche;0,0755;1,3233;1,7296;0,1654;0,0024;-0,0847;0,9826;;False
491,86;3.61;pa027​;20250611_110022;1;Marche;0,0750;1,3239;1,7370;0,1628;0,0025;-0,0850;0,9830;;False
491,87;3.62;pa027​;20250611_110022;1;Marche;0,0746;1,3243;1,7445;0,1607;0,0025;-0,0847;0,9834;;False
491,89;3.64;pa027​;20250611_110022;1;Marche;0,0744;1,3244;1,7521;0,1597;0,0021;-0,0842;0,9836;;False
491,90;3.65;pa027​;20250611_110022;1;Marche;0,0742;1,3243;1,7598;0,1600;0,0020;-0,0840;0,9835;;False
491,92;3.67;pa027​;20250611_110022;1;Marche;0,0743;1,3241;1,7680;0,1625;0,0021;-0,0842;0,9831;;False
491,93;3.68;pa027​;20250611_110022;1;Marche;0,0747;1,3238;1,7763;0,1641;0,0029;-0,0846;0,9828;;False
491,94;3.69;pa027​;20250611_110022;1;Marche;0,0753;1,3235;1,7847;0,1651;0,0036;-0,0852;0,9826;;False
491,96;3.71;pa027​;20250611_110022;1;Marche;0,0762;1,3234;1,7933;0,1669;0,0042;-0,0857;0,9822;;False
491,97;3.72;pa027​;20250611_110022;1;Marche;0,0772;1,3233;1,8021;0,1687;0,0051;-0,0871;0,9818;;False
491,98;3.74;pa027​;20250611_110022;1;Marche;0,0783;1,3232;1,8109;0,1697;0,0062;-0,0895;0,9814;;False
492,00;3.75;pa027​;20250611_110022;1;Marche;0,0794;1,3231;1,8197;0,1705;0,0078;-0,0919;0,9810;;False
492,01;3.76;pa027​;20250611_110022;1;Marche;0,0806;1,3229;1,8286;0,1707;0,0091;-0,0937;0,9808;;False
492,03;3.78;pa027​;20250611_110022;1;Marche;0,0818;1,3226;1,8378;0,1703;0,0098;-0,0942;0,9808;;False
492,04;3.79;pa027​;20250611_110022;1;Marche;0,0829;1,3220;1,8469;0,1702;0,0099;-0,0939;0,9809;;False
492,05;3.81;pa027​;20250611_110022;1;Marche;0,0840;1,3212;1,8561;0,1706;0,0097;-0,0932;0,9809;;False
492,07;3.82;pa027​;20250611_110022;1;Marche;0,0851;1,3201;1,8653;0,1713;0,0089;-0,0926;0,9808;;False
492,08;3.83;pa027​;20250611_110022;1;Marche;0,0862;1,3188;1,8744;0,1715;0,0078;-0,0922;0,9808;;False
492,09;3.85;pa027​;20250611_110022;1;Marche;0,0874;1,3177;1,8836;0,1714;0,0065;-0,0925;0,9808;;False
492,11;3.86;pa027​;20250611_110022;1;Marche;0,0889;1,3168;1,8928;0,1710;0,0049;-0,0931;0,9809;;False
492,12;3.87;pa027​;20250611_110022;1;Marche;0,0905;1,3159;1,9020;0,1707;0,0031;-0,0935;0,9809;;False
492,14;3.89;pa027​;20250611_110022;1;Marche;0,0924;1,3151;1,9109;0,1703;0,0011;-0,0940;0,9809;;False
492,15;3.9;pa027​;20250611_110022;1;Marche;0,0943;1,3145;1,9199;0,1700;-0,0010;-0,0942;0,9809;;False
492,16;3.92;pa027​;20250611_110022;1;Marche;0,0965;1,3140;1,9288;0,1686;-0,0032;-0,0943;0,9811;;False
492,18;3.93;pa027​;20250611_110022;1;Marche;0,0988;1,3136;1,9379;0,1679;-0,0051;-0,0951;0,9812;;False
492,19;3.94;pa027​;20250611_110022;1;Marche;0,1015;1,3146;1,9482;0,1700;-0,0071;-0,0960;0,9807;;False
492,21;3.96;pa027​;20250611_110022;1;Marche;0,1046;1,3154;1,9582;0,1682;-0,0084;-0,0970;0,9809;;False
492,22;3.97;pa027​;20250611_110022;1;Marche;0,1075;1,3157;1,9680;0,1691;-0,0088;-0,0985;0,9806;;False
492,23;3.99;pa027​;20250611_110022;1;Marche;0,1105;1,3166;1,9775;0,1728;-0,0076;-0,1018;0,9797;;False
492,25;4.0;pa027​;20250611_110022;1;Marche;0,1130;1,3178;1,9868;0,1747;-0,0053;-0,1039;0,9791;;False
492,26;4.01;pa027​;20250611_110022;1;Marche;0,1154;1,3194;1,9962;0,1757;-0,0040;-0,1040;0,9789;;False
492,28;4.03;pa027​;20250611_110022;1;Marche;0,1173;1,3210;2,0054;0,1749;-0,0035;-0,1018;0,9793;;False
492,29;4.04;pa027​;20250611_110022;1;Marche;0,1189;1,3224;2,0146;0,1724;-0,0049;-0,0975;0,9802;;False
492,30;4.06;pa027​;20250611_110022;1;Marche;0,1201;1,3234;2,0238;0,1687;-0,0081;-0,0928;0,9813;;False
492,32;4.07;pa027​;20250611_110022;1;Marche;0,1210;1,3239;2,0330;0,1657;-0,0117;-0,0900;0,9820;;False
492,33;4.08;pa027​;20250611_110022;1;Marche;0,1218;1,3237;2,0420;0,1645;-0,0159;-0,0890;0,9822;;False
492,34;4.1;pa027​;20250611_110022;1;Marche;0,1228;1,3230;2,0510;0,1651;-0,0202;-0,0889;0,9821;;False
492,36;4.11;pa027​;20250611_110022;1;Marche;0,1237;1,3221;2,0602;0,1689;-0,0234;-0,0904;0,9812;;False
492,37;4.13;pa027​;20250611_110022;1;Marche;0,1250;1,3215;2,0697;0,1731;-0,0252;-0,0939;0,9801;;False
492,39;4.14;pa027​;20250611_110022;1;Marche;0,1262;1,3207;2,0794;0,1750;-0,0263;-0,0964;0,9795;;False
492,40;4.15;pa027​;20250611_110022;1;Marche;0,1274;1,3200;2,0892;0,1761;-0,0263;-0,0974;0,9792;;False
492,41;4.17;pa027​;20250611_110022;1;Marche;0,1285;1,3192;2,0987;0,1775;-0,0258;-0,0967;0,9790;;False
492,43;4.18;pa027​;20250611_110022;1;Marche;0,1294;1,3183;2,1080;0,1794;-0,0247;-0,0945;0,9789;;False
492,44;4.19;pa027​;20250611_110022;1;Marche;0,1302;1,3176;2,1174;0,1815;-0,0232;-0,0917;0,9788;;False
492,46;4.21;pa027​;20250611_110022;1;Marche;0,1308;1,3170;2,1267;0,1832;-0,0219;-0,0891;0,9788;;False
492,47;4.22;pa027​;20250611_110022;1;Marche;0,1314;1,3164;2,1358;0,1844;-0,0213;-0,0871;0,9788;;False
492,48;4.24;pa027​;20250611_110022;1;Marche;0,1319;1,3160;2,1450;0,1855;-0,0211;-0,0864;0,9786;;False
492,50;4.25;pa027​;20250611_110022;1;Marche;0,1322;1,3157;2,1544;0,1856;-0,0205;-0,0877;0,9785;;False
492,51;4.26;pa027​;20250611_110022;1;Marche;0,1324;1,3155;2,1640;0,1843;-0,0201;-0,0901;0,9785;;False
492,53;4.28;pa027​;20250611_110022;1;Marche;0,1324;1,3150;2,1735;0,1818;-0,0204;-0,0912;0,9789;;False
492,54;4.29;pa027​;20250611_110022;1;Marche;0,1322;1,3144;2,1828;0,1798;-0,0215;-0,0916;0,9792;;False
492,55;4.31;pa027​;20250611_110022;1;Marche;0,1316;1,3138;2,1921;0,1792;-0,0215;-0,0926;0,9792;;False
492,57;4.32;pa027​;20250611_110022;1;Marche;0,1308;1,3133;2,2014;0,1790;-0,0214;-0,0936;0,9792;;False
492,58;4.33;pa027​;20250611_110022;1;Marche;0,1297;1,3128;2,2107;0,1779;-0,0215;-0,0928;0,9794;;False
492,59;4.35;pa027​;20250611_110022;1;Marche;0,1285;1,3123;2,2197;0,1769;-0,0221;-0,0913;0,9797;;False
492,61;4.36;pa027​;20250611_110022;1;Marche;0,1270;1,3120;2,2287;0,1764;-0,0229;-0,0890;0,9800;;False
492,62;4.38;pa027​;20250611_110022;1;Marche;0,1255;1,3118;2,2375;0,1751;-0,0236;-0,0876;0,9804;;False
492,64;4.39;pa027​;20250611_110022;1;Marche;0,1238;1,3114;2,2461;0,1730;-0,0239;-0,0869;0,9808;;False
492,65;4.4;pa027​;20250611_110022;1;Marche;0,1221;1,3115;2,2547;0,1714;-0,0239;-0,0865;0,9811;;False
492,66;4.42;pa027​;20250611_110022;1;Marche;0,1205;1,3119;2,2638;0,1701;-0,0233;-0,0868;0,9813;;False
492,68;4.43;pa027​;20250611_110022;1;Marche;0,1187;1,3125;2,2730;0,1674;-0,0222;-0,0874;0,9817;;False
492,69;4.44;pa027​;20250611_110022;1;Marche;0,1169;1,3129;2,2819;0,1654;-0,0212;-0,0876;0,9821;;False
492,71;4.46;pa027​;20250611_110022;1;Marche;0,1150;1,3142;2,2913;0,1665;-0,0200;-0,0875;0,9820;;False
492,72;4.47;pa027​;20250611_110022;1;Marche;0,1129;1,3153;2,3001;0,1658;-0,0183;-0,0873;0,9821;;False
492,73;4.49;pa027​;20250611_110022;1;Marche;0,1110;1,3158;2,3086;0,1660;-0,0191;-0,0840;0,9824;;False
492,75;4.5;pa027​;20250611_110022;1;Marche;0,1095;1,3167;2,3166;0,1670;-0,0214;-0,0789;0,9826;;False
492,76;4.51;pa027​;20250611_110022;1;Marche;0,1084;1,3179;2,3247;0,1682;-0,0230;-0,0766;0,9825;;False
492,78;4.53;pa027​;20250611_110022;1;Marche;0,1075;1,3191;2,3326;0,1674;-0,0229;-0,0769;0,9826;;False
492,79;4.54;pa027​;20250611_110022;1;Marche;0,1070;1,3203;2,3405;0,1644;-0,0217;-0,0801;0,9829;;False
492,80;4.55;pa027​;20250611_110022;1;Marche;0,1067;1,3213;2,3486;0,1604;-0,0192;-0,0846;0,9832;;False
492,82;4.57;pa027​;20250611_110022;1;Marche;0,1068;1,3219;2,3567;0,1566;-0,0169;-0,0873;0,9836;;False
492,83;4.58;pa027​;20250611_110022;1;Marche;0,1072;1,3220;2,3648;0,1547;-0,0156;-0,0882;0,9839;;False
492,85;4.6;pa027​;20250611_110022;1;Marche;0,1076;1,3218;2,3732;0,1554;-0,0144;-0,0881;0,9838;;False
492,86;4.61;pa027​;20250611_110022;1;Marche;0,1080;1,3219;2,3819;0,1576;-0,0127;-0,0886;0,9834;;False
492,87;4.62;pa027​;20250611_110022;1;Marche;0,1086;1,3217;2,3906;0,1590;-0,0114;-0,0888;0,9832;;False
492,89;4.64;pa027​;20250611_110022;1;Marche;0,1094;1,3212;2,3996;0,1607;-0,0108;-0,0882;0,9830;;False
492,90;4.65;pa027​;20250611_110022;1;Marche;0,1103;1,3212;2,4085;0,1629;-0,0107;-0,0879;0,9827;;False
492,92;4.67;pa027​;20250611_110022;1;Marche;0,1114;1,3214;2,4176;0,1647;-0,0107;-0,0886;0,9823;;False
492,93;4.68;pa027​;20250611_110022;1;Marche;0,1126;1,3215;2,4264;0,1661;-0,0109;-0,0900;0,9819;;False
492,94;4.69;pa027​;20250611_110022;1;Marche;0,1139;1,3218;2,4351;0,1670;-0,0111;-0,0919;0,9816;;False
492,96;4.71;pa027​;20250611_110022;1;Marche;0,1152;1,3223;2,4440;0,1664;-0,0115;-0,0944;0,9815;;False
492,97;4.72;pa027​;20250611_110022;1;Marche;0,1166;1,3227;2,4528;0,1639;-0,0119;-0,0966;0,9817;;False
492,98;4.74;pa027​;20250611_110022;1;Marche;0,1180;1,3228;2,4616;0,1608;-0,0125;-0,0973;0,9821;;False
493,00;4.75;pa027​;20250611_110022;1;Marche;0,1195;1,3228;2,4704;0,1586;-0,0136;-0,0972;0,9824;;False
493,01;4.76;pa027​;20250611_110022;1;Marche;0,1210;1,3224;2,4790;0,1563;-0,0153;-0,0963;0,9829;;False
493,03;4.78;pa027​;20250611_110022;1;Marche;0,1225;1,3216;2,4876;0,1549;-0,0172;-0,0951;0,9832;;False
493,04;4.79;pa027​;20250611_110022;1;Marche;0,1241;1,3206;2,4961;0,1542;-0,0187;-0,0948;0,9833;;False
493,05;4.81;pa027​;20250611_110022;1;Marche;0,1260;1,3194;2,5045;0,1544;-0,0205;-0,0948;0,9832;;False
493,07;4.82;pa027​;20250611_110022;1;Marche;0,1281;1,3182;2,5130;0,1548;-0,0227;-0,0946;0,9831;;False
493,08;4.83;pa027​;20250611_110022;1;Marche;0,1306;1,3174;2,5218;0,1553;-0,0249;-0,0945;0,9830;;False
493,10;4.85;pa027​;20250611_110022;1;Marche;0,1333;1,3162;2,5307;0,1544;-0,0270;-0,0950;0,9831;;False
493,11;4.86;pa027​;20250611_110022;1;Marche;0,1361;1,3157;2,5399;0,1539;-0,0285;-0,0961;0,9830;;False
493,12;4.88;pa027​;20250611_110022;1;Marche;0,1394;1,3163;2,5500;0,1540;-0,0300;-0,0972;0,9828;;False
493,14;4.89;pa027​;20250611_110022;1;Marche;0,1426;1,3154;2,5593;0,1510;-0,0312;-0,0982;0,9831;;False
493,15;4.9;pa027​;20250611_110022;1;Marche;0,1459;1,3148;2,5686;0,1519;-0,0321;-0,1002;0,9828;;False
493,17;4.92;pa027​;20250611_110022;1;Marche;0,1487;1,3148;2,5773;0,1557;-0,0313;-0,1046;0,9818;;False
493,18;4.93;pa027​;20250611_110022;1;Marche;0,1516;1,3150;2,5861;0,1580;-0,0311;-0,1068;0,9811;;False
493,19;4.94;pa027​;20250611_110022;1;Marche;0,1544;1,3161;2,5945;0,1593;-0,0318;-0,1061;0,9810;;False
493,21;4.96;pa027​;20250611_110022;1;Marche;0,1568;1,3171;2,6030;0,1583;-0,0329;-0,1034;0,9814;;False
493,22;4.97;pa027​;20250611_110022;1;Marche;0,1588;1,3181;2,6114;0,1559;-0,0343;-0,1003;0,9821;;False
493,23;4.99;pa027​;20250611_110022;1;Marche;0,1607;1,3190;2,6199;0,1532;-0,0361;-0,0981;0,9827;;False
493,25;5.0;pa027​;20250611_110022;1;Marche;0,1625;1,3198;2,6284;0,1508;-0,0371;-0,0978;0,9830;;False
493,26;5.01;pa027​;20250611_110022;1;Marche;0,1642;1,3202;2,6368;0,1492;-0,0375;-0,0986;0,9832;;False
493,27;5.03;pa027​;20250611_110022;1;Marche;0,1657;1,3203;2,6453;0,1491;-0,0372;-0,0998;0,9831;;False
493,29;5.04;pa027​;20250611_110022;1;Marche;0,1671;1,3204;2,6539;0,1504;-0,0362;-0,1010;0,9828;;False
493,30;5.06;pa027​;20250611_110022;1;Marche;0,1684;1,3202;2,6625;0,1519;-0,0347;-0,1016;0,9825;;False
493,32;5.07;pa027​;20250611_110022;1;Marche;0,1695;1,3200;2,6712;0,1542;-0,0337;-0,1004;0,9823;;False
493,33;5.08;pa027​;20250611_110022;1;Marche;0,1705;1,3199;2,6799;0,1566;-0,0327;-0,0981;0,9822;;False
493,34;5.1;pa027​;20250611_110022;1;Marche;0,1715;1,3199;2,6884;0,1589;-0,0323;-0,0953;0,9822;;False
493,36;5.11;pa027​;20250611_110022;1;Marche;0,1723;1,3200;2,6969;0,1612;-0,0318;-0,0934;0,9820;;False
493,37;5.12;pa027​;20250611_110022;1;Marche;0,1731;1,3200;2,7054;0,1631;-0,0314;-0,0923;0,9818;;False
493,39;5.14;pa027​;20250611_110022;1;Marche;0,1739;1,3202;2,7140;0,1644;-0,0318;-0,0916;0,9816;;False
493,40;5.15;pa027​;20250611_110022;1;Marche;0,1747;1,3204;2,7227;0,1647;-0,0320;-0,0917;0,9816;;False
493,41;5.17;pa027​;20250611_110022;1;Marche;0,1754;1,3207;2,7315;0,1634;-0,0312;-0,0936;0,9816;;False
493,43;5.18;pa027​;20250611_110022;1;Marche;0,1758;1,3209;2,7404;0,1609;-0,0297;-0,0961;0,9818;;False
493,44;5.19;pa027​;20250611_110022;1;Marche;0,1761;1,3207;2,7493;0,1579;-0,0287;-0,0969;0,9823;;False
493,46;5.21;pa027​;20250611_110022;1;Marche;0,1761;1,3200;2,7581;0,1548;-0,0278;-0,0965;0,9828;;False
493,47;5.22;pa027​;20250611_110022;1;Marche;0,1759;1,3191;2,7668;0,1533;-0,0266;-0,0957;0,9832;;False
493,48;5.24;pa027​;20250611_110022;1;Marche;0,1754;1,3180;2,7756;0,1536;-0,0252;-0,0949;0,9832;;False
493,50;5.25;pa027​;20250611_110022;1;Marche;0,1746;1,3168;2,7845;0,1546;-0,0234;-0,0943;0,9832;;False
493,51;5.26;pa027​;20250611_110022;1;Marche;0,1735;1,3156;2,7935;0,1561;-0,0216;-0,0936;0,9831;;False
493,53;5.28;pa027​;20250611_110022;1;Marche;0,1721;1,3147;2,8027;0,1573;-0,0197;-0,0931;0,9830;;False
493,54;5.29;pa027​;20250611_110022;1;Marche;0,1705;1,3140;2,8120;0,1566;-0,0178;-0,0924;0,9832;;False
493,55;5.3;pa027​;20250611_110022;1;Marche;0,1686;1,3137;2,8215;0,1545;-0,0162;-0,0914;0,9836;;False
493,57;5.32;pa027​;20250611_110022;1;Marche;0,1664;1,3134;2,8308;0,1515;-0,0152;-0,0904;0,9842;;False
493,58;5.33;pa027​;20250611_110022;1;Marche;0,1640;1,3139;2,8406;0,1515;-0,0140;-0,0893;0,9843;;False
493,60;5.35;pa027​;20250611_110022;1;Marche;0,1614;1,3149;2,8504;0,1510;-0,0123;-0,0890;0,9844;;False
493,61;5.36;pa027​;20250611_110022;1;Marche;0,1586;1,3152;2,8596;0,1487;-0,0116;-0,0865;0,9850;;False
493,62;5.37;pa027​;20250611_110022;1;Marche;0,1559;1,3167;2,8694;0,1505;-0,0123;-0,0821;0,9851;;False
493,64;5.39;pa027​;20250611_110022;1;Marche;0,1531;1,3176;2,8781;0,1493;-0,0132;-0,0789;0,9856;;False
493,65;5.4;pa027​;20250611_110022;1;Marche;0,1507;1,3187;2,8866;0,1502;-0,0157;-0,0759;0,9856;;False
493,66;5.42;pa027​;20250611_110022;1;Marche;0,1486;1,3201;2,8949;0,1517;-0,0185;-0,0742;0,9855;;False
493,68;5.43;pa027​;20250611_110022;1;Marche;0,1469;1,3218;2,9030;0,1524;-0,0205;-0,0749;0,9853;;False
493,69;5.44;pa027​;20250611_110022;1;Marche;0,1456;1,3232;2,9111;0,1516;-0,0216;-0,0781;0,9851;;False
493,71;5.46;pa027​;20250611_110022;1;Marche;0,1447;1,3247;2,9193;0,1485;-0,0218;-0,0817;0,9853;;False
493,72;5.47;pa027​;20250611_110022;1;Marche;0,1441;1,3259;2,9274;0,1453;-0,0211;-0,0844;0,9856;;False
493,74;5.49;pa027​;20250611_110022;1;Marche;0,1434;1,3267;2,9355;0,1425;-0,0199;-0,0857;0,9859;;False
493,75;5.5;pa027​;20250611_110022;1;Marche;0,1429;1,3270;2,9437;0,1409;-0,0188;-0,0865;0,9861;;False
493,76;5.51;pa027​;20250611_110022;1;Marche;0,1426;1,3269;2,9520;0,1408;-0,0174;-0,0866;0,9861;;False
493,78;5.53;pa027​;20250611_110022;1;Marche;0,1424;1,3264;2,9606;0,1419;-0,0157;-0,0864;0,9860;;False
493,79;5.54;pa027​;20250611_110022;1;Marche;0,1424;1,3260;2,9697;0,1444;-0,0142;-0,0862;0,9856;;False
493,80;5.55;pa027​;20250611_110022;1;Marche;0,1426;1,3255;2,9790;0,1463;-0,0129;-0,0862;0,9854;;False
493,82;5.57;pa027​;20250611_110022;1;Marche;0,1429;1,3246;2,9881;0,1472;-0,0113;-0,0870;0,9852;;False
493,83;5.58;pa027​;20250611_110022;1;Marche;0,1433;1,3239;2,9971;0,1496;-0,0100;-0,0881;0,9848;;False
493,85;5.6;pa027​;20250611_110022;1;Marche;0,1438;1,3231;3,0060;0,1523;-0,0091;-0,0894;0,9842;;False
493,86;5.61;pa027​;20250611_110022;1;Marche;0,1444;1,3226;3,0148;0,1552;-0,0087;-0,0912;0,9836;;False
493,87;5.63;pa027​;20250611_110022;1;Marche;0,1450;1,3223;3,0234;0,1578;-0,0080;-0,0934;0,9830;;False
493,89;5.64;pa027​;20250611_110022;1;Marche;0,1457;1,3220;3,0321;0,1592;-0,0076;-0,0951;0,9826;;False
493,90;5.65;pa027​;20250611_110022;1;Marche;0,1464;1,3221;3,0409;0,1590;-0,0076;-0,0953;0,9826;;False
493,91;5.67;pa027​;20250611_110022;1;Marche;0,1471;1,3221;3,0495;0,1564;-0,0078;-0,0944;0,9831;;False
493,93;5.68;pa027​;20250611_110022;1;Marche;0,1478;1,3219;3,0580;0,1546;-0,0084;-0,0933;0,9835;;False
493,94;5.69;pa027​;20250611_110022;1;Marche;0,1487;1,3217;3,0663;0,1532;-0,0095;-0,0921;0,9839;;False
493,96;5.71;pa027​;20250611_110022;1;Marche;0,1495;1,3209;3,0743;0,1519;-0,0112;-0,0913;0,9841;;False
493,97;5.72;pa027​;20250611_110022;1;Marche;0,1504;1,3200;3,0821;0,1520;-0,0131;-0,0910;0,9841;;False
493,98;5.74;pa027​;20250611_110022;1;Marche;0,1514;1,3189;3,0897;0,1531;-0,0158;-0,0911;0,9839;;False
494,00;5.75;pa027​;20250611_110022;1;Marche;0,1525;1,3180;3,0974;0,1553;-0,0185;-0,0910;0,9835;;False
494,01;5.76;pa027​;20250611_110022;1;Marche;0,1540;1,3174;3,1053;0,1573;-0,0214;-0,0910;0,9831;;False
494,03;5.78;pa027​;20250611_110022;1;Marche;0,1556;1,3165;3,1129;0,1567;-0,0239;-0,0910;0,9831;;False
494,04;5.79;pa027​;20250611_110022;1;Marche;0,1573;1,3158;3,1212;0,1580;-0,0268;-0,0905;0,9829;;False
494,05;5.8;pa027​;20250611_110022;1;Marche;0,1594;1,3168;3,1311;0,1624;-0,0298;-0,0901;0,9822;;False
494,07;5.82;pa027​;20250611_110022;1;Marche;0,1615;1,3167;3,1398;0,1582;-0,0318;-0,0902;0,9828;;False
494,08;5.83;pa027​;20250611_110022;1;Marche;0,1635;1,3162;3,1489;0,1627;-0,0336;-0,0915;0,9818;;False
494,09;5.85;pa027​;20250611_110022;1;Marche;0,1654;1,3168;3,1577;0,1684;-0,0333;-0,0952;0,9805;;False
494,11;5.86;pa027​;20250611_110022;1;Marche;0,1668;1,3177;3,1665;0,1737;-0,0314;-0,0996;0,9792;;False
494,12;5.87;pa027​;20250611_110022;1;Marche;0,1684;1,3192;3,1755;0,1774;-0,0317;-0,1002;0,9785;;False
494,14;5.89;pa027​;20250611_110022;1;Marche;0,1692;1,3208;3,1842;0,1771;-0,0332;-0,0961;0,9789;;False
494,15;5.9;pa027​;20250611_110022;1;Marche;0,1698;1,3224;3,1931;0,1757;-0,0360;-0,0900;0,9797;;False
494,16;5.92;pa027​;20250611_110022;1;Marche;0,1702;1,3237;3,2022;0,1718;-0,0388;-0,0853;0,9807;;False
494,18;5.93;pa027​;20250611_110022;1;Marche;0,1705;1,3246;3,2114;0,1672;-0,0410;-0,0836;0,9815;;False
494,19;5.94;pa027​;20250611_110022;1;Marche;0,1708;1,3251;3,2208;0,1644;-0,0434;-0,0830;0,9819;;False
494,21;5.96;pa027​;20250611_110022;1;Marche;0,1710;1,3247;3,2302;0,1634;-0,0457;-0,0839;0,9819;;False
494,22;5.97;pa027​;20250611_110022;1;Marche;0,1711;1,3241;3,2398;0,1642;-0,0477;-0,0852;0,9816;;False
494,23;5.99;pa027​;20250611_110022;1;Marche;0,1710;1,3230;3,2496;0,1660;-0,0485;-0,0877;0,9810;;False
494,25;6.0;pa027​;20250611_110022;1;Marche;0,1709;1,3219;3,2595;0,1673;-0,0489;-0,0890;0,9807;;False
494,26;6.01;pa027​;20250611_110022;1;Marche;0,1708;1,3208;3,2696;0,1682;-0,0491;-0,0891;0,9805;;False
494,28;6.03;pa027​;20250611_110022;1;Marche;0,1706;1,3200;3,2796;0,1686;-0,0487;-0,0882;0,9805;;False
494,29;6.04;pa027​;20250611_110022;1;Marche;0,1702;1,3193;3,2896;0,1698;-0,0473;-0,0869;0,9805;;False
494,30;6.06;pa027​;20250611_110022;1;Marche;0,1696;1,3187;3,2994;0,1712;-0,0454;-0,0847;0,9805;;False
494,32;6.07;pa027​;20250611_110022;1;Marche;0,1689;1,3182;3,3092;0,1719;-0,0436;-0,0819;0,9807;;False
494,33;6.08;pa027​;20250611_110022;1;Marche;0,1680;1,3178;3,3191;0,1720;-0,0420;-0,0799;0,9810;;False
494,35;6.1;pa027​;20250611_110022;1;Marche;0,1669;1,3177;3,3290;0,1715;-0,0404;-0,0792;0,9812;;False
494,36;6.11;pa027​;20250611_110022;1;Marche;0,1654;1,3177;3,3389;0,1701;-0,0388;-0,0796;0,9814;;False
494,37;6.13;pa027​;20250611_110022;1;Marche;0,1635;1,3173;3,3486;0,1672;-0,0377;-0,0801;0,9819;;False
494,39;6.14;pa027​;20250611_110022;1;Marche;0,1613;1,3168;3,3579;0,1653;-0,0373;-0,0797;0,9823;;False
494,40;6.15;pa027​;20250611_110022;1;Marche;0,1587;1,3159;3,3668;0,1639;-0,0377;-0,0783;0,9826;;False
494,42;6.17;pa027​;20250611_110022;1;Marche;0,1563;1,3151;3,3756;0,1649;-0,0384;-0,0764;0,9826;;False
494,43;6.18;pa027​;20250611_110022;1;Marche;0,1538;1,3147;3,3843;0,1674;-0,0385;-0,0749;0,9823;;False
494,44;6.19;pa027​;20250611_110022;1;Marche;0,1513;1,3142;3,3926;0,1681;-0,0380;-0,0738;0,9823;;False
494,46;6.21;pa027​;20250611_110022;1;Marche;0,1486;1,3142;3,4009;0,1689;-0,0373;-0,0721;0,9823;;False
494,47;6.22;pa027​;20250611_110022;1;Marche;0,1458;1,3147;3,4097;0,1677;-0,0366;-0,0707;0,9826;;False
494,48;6.24;pa027​;20250611_110022;1;Marche;0,1429;1,3162;3,4194;0,1656;-0,0346;-0,0706;0,9831;;False
494,50;6.25;pa027​;20250611_110022;1;Marche;0,1401;1,3170;3,4283;0,1594;-0,0314;-0,0717;0,9841;;False
494,51;6.26;pa027​;20250611_110022;1;Marche;0,1375;1,3169;3,4367;0,1570;-0,0312;-0,0697;0,9846;;False
494,53;6.28;pa027​;20250611_110022;1;Marche;0,1350;1,3179;3,4454;0,1606;-0,0320;-0,0657;0,9843;;False
494,54;6.29;pa027​;20250611_110022;1;Marche;0,1323;1,3187;3,4537;0,1605;-0,0320;-0,0640;0,9844;;False
494,55;6.3;pa027​;20250611_110022;1;Marche;0,1300;1,3198;3,4619;0,1612;-0,0320;-0,0632;0,9844;;False
494,57;6.32;pa027​;20250611_110022;1;Marche;0,1282;1,3212;3,4701;0,1626;-0,0313;-0,0634;0,9842;;False
494,58;6.33;pa027​;20250611_110022;1;Marche;0,1270;1,3226;3,4782;0,1620;-0,0293;-0,0652;0,9842;;False
494,59;6.35;pa027​;20250611_110022;1;Marche;0,1260;1,3238;3,4862;0,1592;-0,0269;-0,0680;0,9845;;False
494,61;6.36;pa027​;20250611_110022;1;Marche;0,1253;1,3250;3,4941;0,1558;-0,0241;-0,0694;0,9851;;False
494,62;6.37;pa027​;20250611_110022;1;Marche;0,1244;1,3260;3,5019;0,1530;-0,0218;-0,0702;0,9855;;False
494,64;6.39;pa027​;20250611_110022;1;Marche;0,1235;1,3267;3,5099;0,1507;-0,0197;-0,0705;0,9859;;False
494,65;6.4;pa027​;20250611_110022;1;Marche;0,1230;1,3270;3,5182;0,1492;-0,0182;-0,0705;0,9861;;False
494,66;6.42;pa027​;20250611_110022;1;Marche;0,1225;1,3271;3,5267;0,1489;-0,0168;-0,0706;0,9862;;False
494,68;6.43;pa027​;20250611_110022;1;Marche;0,1224;1,3270;3,5356;0,1509;-0,0168;-0,0715;0,9858;;False
494,69;6.44;pa027​;20250611_110022;1;Marche;0,1222;1,3265;3,5446;0,1529;-0,0171;-0,0727;0,9854;;False
494,71;6.46;pa027​;20250611_110022;1;Marche;0,1219;1,3255;3,5538;0,1556;-0,0177;-0,0742;0,9849;;False
494,72;6.47;pa027​;20250611_110022;1;Marche;0,1219;1,3246;3,5630;0,1596;-0,0186;-0,0765;0,9840;;False
494,74;6.49;pa027​;20250611_110022;1;Marche;0,1223;1,3239;3,5723;0,1637;-0,0189;-0,0794;0,9831;;False
494,75;6.5;pa027​;20250611_110022;1;Marche;0,1227;1,3233;3,5817;0,1670;-0,0195;-0,0815;0,9824;;False
494,76;6.51;pa027​;20250611_110022;1;Marche;0,1232;1,3229;3,5910;0,1699;-0,0197;-0,0834;0,9817;;False
494,78;6.53;pa027​;20250611_110022;1;Marche;0,1236;1,3226;3,6004;0,1711;-0,0194;-0,0853;0,9814;;False
494,79;6.54;pa027​;20250611_110022;1;Marche;0,1239;1,3225;3,6097;0,1704;-0,0191;-0,0859;0,9814;;False
494,80;6.56;pa027​;20250611_110022;1;Marche;0,1243;1,3222;3,6190;0,1690;-0,0196;-0,0853;0,9817;;False
494,82;6.57;pa027​;20250611_110022;1;Marche;0,1249;1,3217;3,6283;0,1681;-0,0207;-0,0846;0,9819;;False
494,83;6.58;pa027​;20250611_110022;1;Marche;0,1255;1,3209;3,6375;0,1673;-0,0219;-0,0841;0,9821;;False
494,85;6.6;pa027​;20250611_110022;1;Marche;0,1261;1,3196;3,6463;0,1671;-0,0236;-0,0844;0,9820;;False
494,86;6.61;pa027​;20250611_110022;1;Marche;0,1267;1,3182;3,6549;0,1679;-0,0252;-0,0851;0,9818;;False
494,87;6.62;pa027​;20250611_110022;1;Marche;0,1274;1,3170;3,6634;0,1696;-0,0266;-0,0859;0,9814;;False
494,89;6.64;pa027​;20250611_110022;1;Marche;0,1284;1,3159;3,6719;0,1705;-0,0282;-0,0858;0,9812;;False
494,90;6.65;pa027​;20250611_110022;1;Marche;0,1297;1,3153;3,6805;0,1711;-0,0300;-0,0857;0,9811;;False
494,91;6.67;pa027​;20250611_110022;1;Marche;0,1310;1,3146;3,6889;0,1700;-0,0319;-0,0857;0,9812;;False
494,93;6.68;pa027​;20250611_110022;1;Marche;0,1323;1,3142;3,6975;0,1680;-0,0339;-0,0859;0,9815;;False
494,94;6.69;pa027​;20250611_110022;1;Marche;0,1338;1,3150;3,7071;0,1694;-0,0363;-0,0863;0,9811;;False
494,96;6.71;pa027​;20250611_110022;1;Marche;0,1355;1,3157;3,7162;0,1655;-0,0386;-0,0870;0,9816;;False
494,97;6.72;pa027​;20250611_110022;1;Marche;0,1371;1,3157;3,7255;0,1674;-0,0419;-0,0869;0,9812;;False
494,98;6.73;pa027​;20250611_110022;1;Marche;0,1386;1,3169;3,7343;0,1694;-0,0430;-0,0890;0,9806;;False
495,00;6.75;pa027​;20250611_110022;1;Marche;0,1398;1,3172;3,7434;0,1709;-0,0433;-0,0916;0,9801;;False
495,01;6.76;pa027​;20250611_110022;1;Marche;0,1409;1,3182;3,7520;0,1723;-0,0434;-0,0926;0,9797;;False
495,03;6.78;pa027​;20250611_110022;1;Marche;0,1416;1,3191;3,7607;0,1717;-0,0438;-0,0915;0,9799;;False
495,04;6.79;pa027​;20250611_110022;1;Marche;0,1422;1,3202;3,7693;0,1698;-0,0445;-0,0886;0,9805;;False
495,05;6.8;pa027​;20250611_110022;1;Marche;0,1425;1,3214;3,7781;0,1675;-0,0453;-0,0847;0,9812;;False
495,07;6.82;pa027​;20250611_110022;1;Marche;0,1427;1,3224;3,7868;0,1653;-0,0455;-0,0821;0,9818;;False
495,08;6.83;pa027​;20250611_110022;1;Marche;0,1429;1,3230;3,7957;0,1634;-0,0452;-0,0807;0,9822;;False
495,09;6.85;pa027​;20250611_110022;1;Marche;0,1430;1,3231;3,8044;0,1614;-0,0452;-0,0795;0,9826;;False
495,11;6.86;pa027​;20250611_110022;1;Marche;0,1430;1,3232;3,8133;0,1611;-0,0451;-0,0789;0,9828;;False
495,12;6.87;pa027​;20250611_110022;1;Marche;0,1428;1,3234;3,8225;0,1609;-0,0444;-0,0796;0,9828;;False
495,14;6.89;pa027​;20250611_110022;1;Marche;0,1425;1,3235;3,8315;0,1596;-0,0435;-0,0805;0,9829;;False
495,15;6.9;pa027​;20250611_110022;1;Marche;0,1422;1,3236;3,8405;0,1592;-0,0432;-0,0799;0,9831;;False
495,17;6.92;pa027​;20250611_110022;1;Marche;0,1417;1,3238;3,8495;0,1598;-0,0434;-0,0776;0,9831;;False
495,18;6.93;pa027​;20250611_110022;1;Marche;0,1411;1,3238;3,8584;0,1603;-0,0435;-0,0756;0,9832;;False
495,19;6.94;pa027​;20250611_110022;1;Marche;0,1405;1,3237;3,8671;0,1612;-0,0431;-0,0744;0,9832;;False
495,21;6.96;pa027​;20250611_110022;1;Marche;0,1397;1,3237;3,8758;0,1623;-0,0426;-0,0737;0,9831;;False
495,22;6.97;pa027​;20250611_110022;1;Marche;0,1389;1,3237;3,8846;0,1631;-0,0422;-0,0732;0,9830;;False
495,23;6.99;pa027​;20250611_110022;1;Marche;0,1379;1,3237;3,8935;0,1632;-0,0417;-0,0731;0,9830;;False
495,25;7.0;pa027​;20250611_110022;1;Marche;0,1368;1,3237;3,9026;0,1617;-0,0413;-0,0734;0,9832;;False
495,26;7.01;pa027​;20250611_110022;1;Marche;0,1354;1,3232;3,9114;0,1583;-0,0406;-0,0737;0,9838;;False
495,27;7.03;pa027​;20250611_110022;1;Marche;0,1339;1,3224;3,9199;0,1558;-0,0404;-0,0735;0,9842;;False
495,29;7.04;pa027​;20250611_110022;1;Marche;0,1322;1,3213;3,9281;0,1553;-0,0406;-0,0732;0,9843;;False
495,30;7.06;pa027​;20250611_110022;1;Marche;0,1301;1,3204;3,9362;0,1563;-0,0404;-0,0735;0,9841;;False
495,32;7.07;pa027​;20250611_110022;1;Marche;0,1278;1,3198;3,9443;0,1588;-0,0396;-0,0740;0,9837;;False
495,33;7.08;pa027​;20250611_110022;1;Marche;0,1253;1,3197;3,9525;0,1605;-0,0381;-0,0744;0,9835;;False
495,34;7.1;pa027​;20250611_110022;1;Marche;0,1226;1,3190;3,9605;0,1595;-0,0365;-0,0735;0,9838;;False
495,36;7.11;pa027​;20250611_110022;1;Marche;0,1199;1,3192;3,9687;0,1583;-0,0352;-0,0714;0,9842;;False
495,37;7.12;pa027​;20250611_110022;1;Marche;0,1170;1,3203;3,9777;0,1579;-0,0328;-0,0710;0,9844;;False
495,39;7.14;pa027​;20250611_110022;1;Marche;0,1139;1,3206;3,9858;0,1536;-0,0288;-0,0718;0,9851;;False
495,40;7.15;pa027​;20250611_110022;1;Marche;0,1108;1,3200;3,9934;0,1518;-0,0281;-0,0681;0,9857;;False
495,41;7.17;pa027​;20250611_110022;1;Marche;0,1080;1,3208;4,0013;0,1569;-0,0292;-0,0625;0,9852;;False
495,43;7.18;pa027​;20250611_110022;1;Marche;0,1053;1,3215;4,0087;0,1587;-0,0303;-0,0598;0,9850;;False
495,44;7.19;pa027​;20250611_110022;1;Marche;0,1029;1,3223;4,0160;0,1613;-0,0317;-0,0592;0,9846;;False
495,46;7.21;pa027​;20250611_110022;1;Marche;0,1010;1,3234;4,0231;0,1639;-0,0333;-0,0612;0,9840;;False
495,47;7.22;pa027​;20250611_110022;1;Marche;0,0995;1,3246;4,0302;0,1647;-0,0337;-0,0657;0,9836;;False
495,48;7.24;pa027​;20250611_110022;1;Marche;0,0983;1,3259;4,0373;0,1635;-0,0337;-0,0705;0,9834;;False
495,50;7.25;pa027​;20250611_110022;1;Marche;0,0974;1,3272;4,0446;0,1606;-0,0333;-0,0733;0,9837;;False
495,51;7.26;pa027​;20250611_110022;1;Marche;0,0966;1,3283;4,0518;0,1577;-0,0324;-0,0742;0,9842;;False
495,53;7.28;pa027​;20250611_110022;1;Marche;0,0958;1,3290;4,0590;0,1555;-0,0315;-0,0745;0,9845;;False
495,54;7.29;pa027​;20250611_110022;1;Marche;0,0951;1,3294;4,0663;0,1547;-0,0302;-0,0743;0,9847;;False
495,55;7.31;pa027​;20250611_110022;1;Marche;0,0945;1,3296;4,0739;0,1557;-0,0293;-0,0739;0,9846;;False
495,57;7.32;pa027​;20250611_110022;1;Marche;0,0939;1,3296;4,0818;0,1574;-0,0286;-0,0743;0,9843;;False
495,58;7.33;pa027​;20250611_110022;1;Marche;0,0934;1,3291;4,0897;0,1591;-0,0284;-0,0751;0,9840;;False
495,59;7.35;pa027​;20250611_110022;1;Marche;0,0931;1,3285;4,0977;0,1613;-0,0287;-0,0759;0,9836;;False
495,61;7.36;pa027​;20250611_110022;1;Marche;0,0930;1,3278;4,1056;0,1645;-0,0284;-0,0780;0,9829;;False
495,62;7.37;pa027​;20250611_110022;1;Marche;0,0931;1,3271;4,1135;0,1682;-0,0273;-0,0810;0,9820;;False
495,64;7.39;pa027​;20250611_110022;1;Marche;0,0931;1,3267;4,1216;0,1714;-0,0258;-0,0833;0,9813;;False
495,65;7.4;pa027​;20250611_110022;1;Marche;0,0933;1,3266;4,1297;0,1721;-0,0248;-0,0843;0,9812;;False
495,66;7.42;pa027​;20250611_110022;1;Marche;0,0935;1,3267;4,1378;0,1718;-0,0234;-0,0846;0,9812;;False
495,68;7.43;pa027​;20250611_110022;1;Marche;0,0937;1,3268;4,1457;0,1705;-0,0220;-0,0840;0,9815;;False
495,69;7.44;pa027​;20250611_110022;1;Marche;0,0938;1,3267;4,1536;0,1689;-0,0215;-0,0824;0,9819;;False
495,71;7.46;pa027​;20250611_110022;1;Marche;0,0940;1,3266;4,1615;0,1665;-0,0220;-0,0803;0,9825;;False
495,72;7.47;pa027​;20250611_110022;1;Marche;0,0943;1,3262;4,1694;0,1645;-0,0234;-0,0788;0,9830;;False
495,73;7.49;pa027​;20250611_110022;1;Marche;0,0946;1,3256;4,1772;0,1632;-0,0249;-0,0787;0,9831;;False
495,75;7.5;pa027​;20250611_110022;1;Marche;0,0952;1,3247;4,1851;0,1628;-0,0270;-0,0795;0,9831;;False
495,76;7.51;pa027​;20250611_110022;1;Marche;0,0960;1,3237;4,1930;0,1636;-0,0294;-0,0807;0,9828;;False
495,78;7.53;pa027​;20250611_110022;1;Marche;0,0970;1,3228;4,2008;0,1654;-0,0313;-0,0822;0,9823;;False
495,79;7.54;pa027​;20250611_110022;1;Marche;0,0983;1,3218;4,2086;0,1674;-0,0333;-0,0837;0,9818;;False
495,81;7.56;pa027​;20250611_110022;1;Marche;0,1000;1,3212;4,2167;0,1675;-0,0348;-0,0842;0,9816;;False
495,82;7.57;pa027​;20250611_110022;1;Marche;0,1018;1,3209;4,2248;0,1667;-0,0357;-0,0849;0,9817;;False
495,83;7.58;pa027​;20250611_110022;1;Marche;0,1039;1,3207;4,2329;0,1645;-0,0360;-0,0859;0,9820;;False
495,85;7.6;pa027​;20250611_110022;1;Marche;0,1061;1,3207;4,2412;0,1615;-0,0359;-0,0864;0,9824;;False
495,86;7.61;pa027​;20250611_110022;1;Marche;0,1084;1,3210;4,2498;0,1590;-0,0365;-0,0865;0,9828;;False
495,87;7.62;pa027​;20250611_110022;1;Marche;0,1108;1,3211;4,2584;0,1560;-0,0375;-0,0870;0,9832;;False
495,89;7.64;pa027​;20250611_110022;1;Marche;0,1130;1,3207;4,2667;0,1557;-0,0386;-0,0887;0,9831;;False
495,90;7.65;pa027​;20250611_110022;1;Marche;0,1153;1,3212;4,2755;0,1589;-0,0394;-0,0915;0,9823;;False
495,91;7.67;pa027​;20250611_110022;1;Marche;0,1176;1,3214;4,2839;0,1611;-0,0397;-0,0943;0,9816;;False
495,93;7.68;pa027​;20250611_110022;1;Marche;0,1197;1,3218;4,2920;0,1648;-0,0401;-0,0951;0,9809;;False
495,94;7.69;pa027​;20250611_110022;1;Marche;0,1217;1,3226;4,2999;0,1674;-0,0401;-0,0958;0,9804;;False
495,96;7.71;pa027​;20250611_110022;1;Marche;0,1235;1,3239;4,3076;0,1684;-0,0398;-0,0952;0,9803;;False
495,97;7.72;pa027​;20250611_110022;1;Marche;0,1252;1,3257;4,3152;0,1674;-0,0402;-0,0929;0,9807;;False
495,98;7.73;pa027​;20250611_110022;1;Marche;0,1269;1,3276;4,3227;0,1647;-0,0411;-0,0907;0,9813;;False
496,00;7.75;pa027​;20250611_110022;1;Marche;0,1284;1,3294;4,3303;0,1611;-0,0420;-0,0891;0,9820;;False
496,01;7.76;pa027​;20250611_110022;1;Marche;0,1298;1,3308;4,3379;0,1566;-0,0426;-0,0895;0,9827;;False
496,03;7.78;pa027​;20250611_110022;1;Marche;0,1310;1,3318;4,3456;0,1529;-0,0433;-0,0902;0,9832;;False
496,04;7.79;pa027​;20250611_110022;1;Marche;0,1323;1,3325;4,3533;0,1510;-0,0444;-0,0911;0,9833;;False
496,05;7.8;pa027​;20250611_110022;1;Marche;0,1333;1,3329;4,3613;0,1507;-0,0451;-0,0918;0,9833;;False
496,07;7.82;pa027​;20250611_110022;1;Marche;0,1340;1,3334;4,3697;0,1518;-0,0461;-0,0925;0,9830;;False
496,08;7.83;pa027​;20250611_110022;1;Marche;0,1346;1,3335;4,3782;0,1522;-0,0474;-0,0932;0,9828;;False
496,10;7.85;pa027​;20250611_110022;1;Marche;0,1349;1,3333;4,3868;0,1531;-0,0490;-0,0928;0,9826;;False
496,11;7.86;pa027​;20250611_110022;1;Marche;0,1353;1,3332;4,3954;0,1539;-0,0506;-0,0914;0,9826;;False
496,12;7.88;pa027​;20250611_110022;1;Marche;0,1355;1,3331;4,4038;0,1543;-0,0511;-0,0902;0,9826;;False
496,14;7.89;pa027​;20250611_110022;1;Marche;0,1358;1,3331;4,4122;0,1555;-0,0508;-0,0891;0,9825;;False
496,15;7.9;pa027​;20250611_110022;1;Marche;0,1362;1,3329;4,4204;0,1565;-0,0500;-0,0874;0,9825;;False
496,16;7.92;pa027​;20250611_110022;1;Marche;0,1365;1,3329;4,4287;0,1574;-0,0487;-0,0862;0,9825;;False
496,18;7.93;pa027​;20250611_110022;1;Marche;0,1369;1,3329;4,4370;0,1576;-0,0471;-0,0860;0,9826;;False
496,19;7.95;pa027​;20250611_110022;1;Marche;0,1370;1,3329;4,4455;0,1568;-0,0455;-0,0864;0,9828;;False
496,21;7.96;pa027​;20250611_110022;1;Marche;0,1371;1,3328;4,4539;0,1557;-0,0444;-0,0866;0,9830;;False
496,22;7.97;pa027​;20250611_110022;1;Marche;0,1368;1,3326;4,4625;0,1538;-0,0436;-0,0874;0,9833;;False
496,23;7.98;pa027​;20250611_110022;1;Marche;0,1363;1,3320;4,4709;0,1515;-0,0426;-0,0883;0,9836;;False
496,25;8.0;pa027​;20250611_110022;1;Marche;0,1356;1,3311;4,4791;0,1499;-0,0420;-0,0888;0,9838;;False
496,26;8.01;pa027​;20250611_110022;1;Marche;0,1346;1,3300;4,4870;0,1499;-0,0414;-0,0887;0,9838;;False
496,28;8.03;pa027​;20250611_110022;1;Marche;0,1333;1,3292;4,4950;0,1519;-0,0407;-0,0886;0,9836;;False
496,29;8.04;pa027​;20250611_110022;1;Marche;0,1318;1,3287;4,5030;0,1533;-0,0393;-0,0884;0,9834;;False
496,30;8.05;pa027​;20250611_110022;1;Marche;0,1301;1,3283;4,5110;0,1535;-0,0378;-0,0879;0,9835;;False
496,32;8.07;pa027​;20250611_110022;1;Marche;0,1280;1,3281;4,5191;0,1531;-0,0362;-0,0865;0,9837;;False
496,33;8.08;pa027​;20250611_110022;1;Marche;0,1257;1,3280;4,5270;0,1513;-0,0346;-0,0854;0,9842;;False
496,35;8.1;pa027​;20250611_110022;1;Marche;0,1233;1,3283;4,5350;0,1497;-0,0332;-0,0838;0,9846;;False
496,36;8.11;pa027​;20250611_110022;1;Marche;0,1208;1,3287;4,5431;0,1476;-0,0322;-0,0822;0,9851;;False
496,37;8.13;pa027​;20250611_110022;1;Marche;0,1181;1,3296;4,5516;0,1461;-0,0308;-0,0812;0,9855;;False
496,39;8.14;pa027​;20250611_110022;1;Marche;0,1151;1,3297;4,5594;0,1428;-0,0291;-0,0804;0,9860;;False
496,40;8.15;pa027​;20250611_110022;1;Marche;0,1123;1,3298;4,5672;0,1440;-0,0291;-0,0781;0,9861;;False
496,41;8.17;pa027​;20250611_110022;1;Marche;0,1094;1,3305;4,5750;0,1469;-0,0292;-0,0757;0,9858;;False
496,43;8.18;pa027​;20250611_110022;1;Marche;0,1064;1,3312;4,5830;0,1508;-0,0291;-0,0742;0,9853;;False
496,44;8.19;pa027​;20250611_110022;1;Marche;0,1037;1,3314;4,5903;0,1543;-0,0296;-0,0727;0,9849;;False
496,46;8.21;pa027​;20250611_110022;1;Marche;0,1015;1,3320;4,5974;0,1576;-0,0309;-0,0705;0,9845;;False
496,47;8.22;pa027​;20250611_110022;1;Marche;0,0995;1,3329;4,6044;0,1591;-0,0311;-0,0700;0,9843;;False
496,48;8.24;pa027​;20250611_110022;1;Marche;0,0979;1,3339;4,6112;0,1585;-0,0303;-0,0714;0,9843;;False
496,50;8.25;pa027​;20250611_110022;1;Marche;0,0966;1,3347;4,6180;0,1566;-0,0277;-0,0748;0,9844;;False
496,52;8.28;pa027​;20250611_110022;1;Marche;0,0942;1,3362;4,6317;0,1553;-0,0237;-0,0777;0,9845;;False
496,54;8.29;pa027​;20250611_110022;1;Marche;0,0932;1,3365;4,6387;0,1547;-0,0217;-0,0784;0,9846;;False
496,55;8.3;pa027​;20250611_110022;1;Marche;0,0921;1,3366;4,6460;0,1549;-0,0200;-0,0783;0,9846;;False
496,57;8.32;pa027​;20250611_110022;1;Marche;0,0911;1,3364;4,6535;0,1558;-0,0195;-0,0777;0,9845;;False
496,58;8.33;pa027​;20250611_110022;1;Marche;0,0902;1,3363;4,6615;0,1570;-0,0200;-0,0767;0,9844;;False
496,59;8.35;pa027​;20250611_110022;1;Marche;0,0896;1,3364;4,6699;0,1573;-0,0210;-0,0764;0,9844;;False
496,61;8.36;pa027​;20250611_110022;1;Marche;0,0891;1,3362;4,6783;0,1574;-0,0217;-0,0773;0,9843;;False
496,62;8.37;pa027​;20250611_110022;1;Marche;0,0887;1,3358;4,6866;0,1587;-0,0227;-0,0783;0,9840;;False
496,64;8.39;pa027​;20250611_110022;1;Marche;0,0886;1,3353;4,6949;0,1602;-0,0238;-0,0796;0,9836;;False
496,65;8.4;pa027​;20250611_110022;1;Marche;0,0885;1,3348;4,7032;0,1615;-0,0245;-0,0815;0,9832;;False
496,66;8.41;pa027​;20250611_110022;1;Marche;0,0885;1,3342;4,7116;0,1625;-0,0247;-0,0839;0,9828;;False
496,68;8.43;pa027​;20250611_110022;1;Marche;0,0885;1,3337;4,7202;0,1630;-0,0247;-0,0858;0,9826;;False
496,69;8.44;pa027​;20250611_110022;1;Marche;0,0886;1,3331;4,7288;0,1633;-0,0244;-0,0866;0,9825;;False
496,71;8.46;pa027​;20250611_110022;1;Marche;0,0887;1,3326;4,7375;0,1631;-0,0243;-0,0866;0,9825;;False
496,72;8.47;pa027​;20250611_110022;1;Marche;0,0889;1,3318;4,7463;0,1627;-0,0244;-0,0856;0,9826;;False
496,73;8.48;pa027​;20250611_110022;1;Marche;0,0891;1,3310;4,7553;0,1626;-0,0245;-0,0853;0,9827;;False
496,75;8.5;pa027​;20250611_110022;1;Marche;0,0893;1,3301;4,7645;0,1616;-0,0245;-0,0845;0,9829;;False
496,76;8.51;pa027​;20250611_110022;1;Marche;0,0896;1,3289;4,7736;0,1612;-0,0253;-0,0840;0,9830;;False
496,78;8.53;pa027​;20250611_110022;1;Marche;0,0900;1,3275;4,7825;0,1617;-0,0267;-0,0831;0,9830;;False
496,79;8.54;pa027​;20250611_110022;1;Marche;0,0904;1,3261;4,7913;0,1637;-0,0284;-0,0828;0,9826;;False
496,80;8.56;pa027​;20250611_110022;1;Marche;0,0910;1,3251;4,8001;0,1659;-0,0303;-0,0835;0,9821;;False
496,82;8.57;pa027​;20250611_110022;1;Marche;0,0918;1,3241;4,8089;0,1668;-0,0324;-0,0843;0,9819;;False
496,83;8.58;pa027​;20250611_110022;1;Marche;0,0928;1,3231;4,8176;0,1659;-0,0346;-0,0848;0,9819;;False
496,85;8.6;pa027​;20250611_110022;1;Marche;0,0940;1,3223;4,8262;0,1648;-0,0366;-0,0853;0,9819;;False
496,86;8.61;pa027​;20250611_110022;1;Marche;0,0953;1,3214;4,8347;0,1625;-0,0385;-0,0860;0,9822;;False
496,87;8.62;pa027​;20250611_110022;1;Marche;0,0968;1,3208;4,8433;0,1609;-0,0405;-0,0864;0,9823;;False
496,89;8.64;pa027​;20250611_110022;1;Marche;0,0984;1,3209;4,8525;0,1599;-0,0427;-0,0870;0,9824;;False
496,90;8.65;pa027​;20250611_110022;1;Marche;0,1003;1,3214;4,8621;0,1588;-0,0449;-0,0873;0,9824;;False
496,91;8.67;pa027​;20250611_110022;1;Marche;0,1023;1,3214;4,8713;0,1572;-0,0468;-0,0878;0,9825;;False
496,93;8.68;pa027​;20250611_110022;1;Marche;0,1044;1,3225;4,8808;0,1592;-0,0472;-0,0897;0,9820;;False
496,94;8.69;pa027​;20250611_110022;1;Marche;0,1062;1,3228;4,8898;0,1590;-0,0464;-0,0919;0,9819;;False
496,96;8.71;pa027​;20250611_110022;1;Marche;0,1078;1,3239;4,8988;0,1618;-0,0454;-0,0934;0,9813;;False
496,97;8.72;pa027​;20250611_110022;1;Marche;0,1090;1,3252;4,9076;0,1633;-0,0445;-0,0940;0,9811;;False
496,98;8.73;pa027​;20250611_110022;1;Marche;0,1098;1,3264;4,9162;0,1627;-0,0448;-0,0922;0,9813;;False
497,00;8.75;pa027​;20250611_110022;1;Marche;0,1102;1,3277;4,9248;0,1608;-0,0475;-0,0878;0,9819;;False
497,01;8.76;pa027​;20250611_110022;1;Marche;0,1105;1,3287;4,9335;0,1580;-0,0521;-0,0830;0,9826;;False
497,02;8.78;pa027​;20250611_110022;1;Marche;0,1107;1,3296;4,9421;0,1565;-0,0562;-0,0812;0,9827;;False
497,04;8.79;pa027​;20250611_110022;1;Marche;0,1107;1,3302;4,9509;0,1553;-0,0599;-0,0809;0,9827;;False
497,05;8.8;pa027​;20250611_110022;1;Marche;0,1108;1,3304;4,9598;0,1550;-0,0633;-0,0819;0,9825;;False
497,07;8.82;pa027​;20250611_110022;1;Marche;0,1111;1,3303;4,9688;0,1555;-0,0664;-0,0834;0,9821;;False
497,08;8.83;pa027​;20250611_110022;1;Marche;0,1111;1,3302;4,9782;0,1569;-0,0684;-0,0851;0,9815;;False
497,09;8.85;pa027​;20250611_110022;1;Marche;0,1111;1,3304;4,9881;0,1578;-0,0689;-0,0874;0,9812;;False
497,11;8.86;pa027​;20250611_110022;1;Marche;0,1109;1,3304;4,9979;0,1570;-0,0677;-0,0893;0,9812;;False
497,12;8.87;pa027​;20250611_110022;1;Marche;0,1107;1,3301;5,0076;0,1575;-0,0670;-0,0884;0,9813;;False
497,14;8.89;pa027​;20250611_110022;1;Marche;0,1102;1,3297;5,0172;0,1593;-0,0664;-0,0851;0,9813;;False
497,15;8.9;pa027​;20250611_110022;1;Marche;0,1095;1,3293;5,0266;0,1619;-0,0658;-0,0810;0,9813;;False
497,16;8.91;pa027​;20250611_110022;1;Marche;0,1088;1,3288;5,0361;0,1644;-0,0648;-0,0784;0,9811;;False
497,18;8.93;pa027​;20250611_110022;1;Marche;0,1082;1,3285;5,0455;0,1667;-0,0637;-0,0765;0,9810;;False
497,19;8.94;pa027​;20250611_110022;1;Marche;0,1076;1,3282;5,0548;0,1683;-0,0630;-0,0755;0,9808;;False
497,21;8.96;pa027​;20250611_110022;1;Marche;0,1070;1,3281;5,0642;0,1689;-0,0629;-0,0756;0,9807;;False
497,22;8.97;pa027​;20250611_110022;1;Marche;0,1062;1,3280;5,0738;0,1689;-0,0626;-0,0759;0,9807;;False
497,23;8.98;pa027​;20250611_110022;1;Marche;0,1053;1,3275;5,0831;0,1673;-0,0624;-0,0770;0,9809;;False
497,25;9.0;pa027​;20250611_110022;1;Marche;0,1044;1,3268;5,0924;0,1659;-0,0621;-0,0778;0,9811;;False
497,26;9.01;pa027​;20250611_110022;1;Marche;0,1035;1,3260;5,1013;0,1651;-0,0609;-0,0781;0,9813;;False
497,28;9.03;pa027​;20250611_110022;1;Marche;0,1026;1,3249;5,1101;0,1656;-0,0591;-0,0784;0,9813;;False
497,29;9.04;pa027​;20250611_110022;1;Marche;0,1015;1,3242;5,1190;0,1673;-0,0563;-0,0787;0,9811;;False
497,30;9.05;pa027​;20250611_110022;1;Marche;0,1000;1,3233;5,1278;0,1678;-0,0529;-0,0787;0,9813;;False
497,32;9.07;pa027​;20250611_110022;1;Marche;0,0984;1,3227;5,1368;0,1680;-0,0493;-0,0783;0,9814;;False
497,33;9.08;pa027​;20250611_110022;1;Marche;0,0966;1,3222;5,1458;0,1667;-0,0459;-0,0773;0,9819;;False
497,34;9.1;pa027​;20250611_110022;1;Marche;0,0947;1,3221;5,1551;0,1649;-0,0427;-0,0761;0,9824;;False
497,36;9.11;pa027​;20250611_110022;1;Marche;0,0926;1,3224;5,1649;0,1633;-0,0397;-0,0757;0,9829;;False
497,37;9.12;pa027​;20250611_110022;1;Marche;0,0902;1,3220;5,1739;0,1598;-0,0367;-0,0764;0,9835;;False
497,39;9.14;pa027​;20250611_110022;1;Marche;0,0874;1,3217;5,1828;0,1608;-0,0353;-0,0746;0,9835;;False
497,40;9.15;pa027​;20250611_110022;1;Marche;0,0848;1,3221;5,1917;0,1636;-0,0350;-0,0725;0,9832;;False
497,41;9.17;pa027​;20250611_110022;1;Marche;0,0822;1,3228;5,2007;0,1659;-0,0349;-0,0709;0,9830;;False
497,43;9.18;pa027​;20250611_110022;1;Marche;0,0798;1,3231;5,2090;0,1673;-0,0353;-0,0702;0,9828;;False
497,44;9.19;pa027​;20250611_110022;1;Marche;0,0778;1,3243;5,2174;0,1707;-0,0364;-0,0697;0,9822;;False
497,46;9.21;pa027​;20250611_110022;1;Marche;0,0761;1,3258;5,2259;0,1726;-0,0367;-0,0708;0,9818;;False
497,47;9.22;pa027​;20250611_110022;1;Marche;0,0745;1,3273;5,2342;0,1706;-0,0358;-0,0725;0,9820;;False
497,48;9.23;pa027​;20250611_110022;1;Marche;0,0733;1,3289;5,2424;0,1673;-0,0341;-0,0746;0,9825;;False
497,50;9.25;pa027​;20250611_110022;1;Marche;0,0723;1,3301;5,2504;0,1641;-0,0315;-0,0762;0,9830;;False
497,51;9.26;pa027​;20250611_110022;1;Marche;0,0716;1,3310;5,2585;0,1612;-0,0285;-0,0771;0,9835;;False
497,53;9.28;pa027​;20250611_110022;1;Marche;0,0710;1,3315;5,2667;0,1588;-0,0250;-0,0773;0,9840;;False
497,54;9.29;pa027​;20250611_110022;1;Marche;0,0704;1,3318;5,2751;0,1578;-0,0219;-0,0774;0,9842;;False
497,55;9.31;pa027​;20250611_110022;1;Marche;0,0697;1,3314;5,2837;0,1585;-0,0193;-0,0779;0,9841;;False
497,57;9.32;pa027​;20250611_110022;1;Marche;0,0692;1,3309;5,2925;0,1609;-0,0171;-0,0784;0,9837;;False
497,58;9.33;pa027​;20250611_110022;1;Marche;0,0690;1,3301;5,3016;0,1642;-0,0159;-0,0794;0,9831;;False
497,59;9.35;pa027​;20250611_110022;1;Marche;0,0688;1,3292;5,3107;0,1676;-0,0144;-0,0806;0,9825;;False
497,61;9.36;pa027​;20250611_110022;1;Marche;0,0687;1,3282;5,3198;0,1709;-0,0136;-0,0820;0,9818;;False
497,62;9.37;pa027​;20250611_110022;1;Marche;0,0686;1,3273;5,3288;0,1743;-0,0124;-0,0836;0,9811;;False
497,64;9.39;pa027​;20250611_110022;1;Marche;0,0685;1,3266;5,3377;0,1772;-0,0117;-0,0852;0,9804;;False
497,65;9.4;pa027​;20250611_110022;1;Marche;0,0687;1,3261;5,3466;0,1795;-0,0106;-0,0868;0,9799;;False
497,66;9.41;pa027​;20250611_110022;1;Marche;0,0688;1,3259;5,3557;0,1801;-0,0094;-0,0876;0,9797;;False
497,68;9.43;pa027​;20250611_110022;1;Marche;0,0689;1,3258;5,3647;0,1790;-0,0082;-0,0876;0,9799;;False
497,69;9.44;pa027​;20250611_110022;1;Marche;0,0691;1,3256;5,3738;0,1777;-0,0077;-0,0867;0,9802;;False
497,71;9.46;pa027​;20250611_110022;1;Marche;0,0690;1,3253;5,3829;0,1761;-0,0077;-0,0850;0,9807;;False
497,72;9.47;pa027​;20250611_110022;1;Marche;0,0690;1,3248;5,3921;0,1749;-0,0078;-0,0841;0,9810;;False
497,73;9.49;pa027​;20250611_110022;1;Marche;0,0692;1,3242;5,4014;0,1739;-0,0081;-0,0835;0,9812;;False
497,75;9.5;pa027​;20250611_110022;1;Marche;0,0695;1,3232;5,4108;0,1729;-0,0089;-0,0830;0,9814;;False
497,76;9.51;pa027​;20250611_110022;1;Marche;0,0700;1,3218;5,4199;0,1731;-0,0105;-0,0822;0,9814;;False
497,77;9.53;pa027​;20250611_110022;1;Marche;0,0705;1,3204;5,4293;0,1750;-0,0121;-0,0818;0,9811;;False
497,79;9.54;pa027​;20250611_110022;1;Marche;0,0711;1,3191;5,4387;0,1768;-0,0133;-0,0824;0,9807;;False
497,80;9.55;pa027​;20250611_110022;1;Marche;0,0720;1,3178;5,4480;0,1777;-0,0147;-0,0826;0,9805;;False
497,82;9.57;pa027​;20250611_110022;1;Marche;0,0732;1,3164;5,4570;0,1781;-0,0166;-0,0822;0,9804;;False
497,83;9.58;pa027​;20250611_110022;1;Marche;0,0745;1,3152;5,4662;0,1792;-0,0185;-0,0817;0,9802;;False
497,85;9.6;pa027​;20250611_110022;1;Marche;0,0762;1,3141;5,4751;0,1785;-0,0203;-0,0823;0,9803;;False
497,86;9.61;pa027​;20250611_110022;1;Marche;0,0779;1,3133;5,4844;0,1780;-0,0222;-0,0831;0,9803;;False
497,87;9.62;pa027​;20250611_110022;1;Marche;0,0799;1,3133;5,4942;0,1783;-0,0240;-0,0841;0,9801;;False
497,89;9.64;pa027​;20250611_110022;1;Marche;0,0822;1,3136;5,5043;0,1770;-0,0265;-0,0839;0,9803;;False
497,90;9.65;pa027​;20250611_110022;1;Marche;0,0846;1,3132;5,5136;0,1761;-0,0290;-0,0833;0,9804;;False
497,92;9.67;pa027​;20250611_110022;1;Marche;0,0872;1,3139;5,5234;0,1797;-0,0310;-0,0844;0,9796;;False
497,93;9.68;pa027​;20250611_110022;1;Marche;0,0898;1,3145;5,5328;0,1810;-0,0319;-0,0867;0,9791;;False
497,94;9.69;pa027​;20250611_110022;1;Marche;0,0922;1,3153;5,5420;0,1826;-0,0311;-0,0894;0,9786;;False
497,96;9.71;pa027​;20250611_110022;1;Marche;0,0942;1,3166;5,5508;0,1830;-0,0303;-0,0909;0,9784;;False
497,97;9.72;pa027​;20250611_110022;1;Marche;0,0960;1,3181;5,5597;0,1820;-0,0306;-0,0896;0,9787;;False
497,98;9.73;pa027​;20250611_110022;1;Marche;0,0976;1,3195;5,5685;0,1801;-0,0319;-0,0869;0,9793;;False
498,00;9.75;pa027​;20250611_110022;1;Marche;0,0991;1,3207;5,5774;0,1775;-0,0342;-0,0840;0,9799;;False
498,01;9.76;pa027​;20250611_110022;1;Marche;0,1003;1,3218;5,5864;0,1755;-0,0359;-0,0831;0,9803;;False
498,03;9.78;pa027​;20250611_110022;1;Marche;0,1014;1,3227;5,5955;0,1739;-0,0372;-0,0834;0,9805;;False
498,04;9.79;pa027​;20250611_110022;1;Marche;0,1024;1,3230;5,6045;0,1728;-0,0386;-0,0840;0,9806;;False
498,05;9.8;pa027​;20250611_110022;1;Marche;0,1034;1,3232;5,6137;0,1731;-0,0399;-0,0847;0,9805;;False
498,07;9.82;pa027​;20250611_110022;1;Marche;0,1044;1,3235;5,6234;0,1750;-0,0403;-0,0860;0,9800;;False
498,08;9.83;pa027​;20250611_110022;1;Marche;0,1051;1,3235;5,6330;0,1756;-0,0399;-0,0873;0,9798;;False
498,10;9.85;pa027​;20250611_110022;1;Marche;0,1058;1,3231;5,6425;0,1765;-0,0400;-0,0867;0,9797;;False
498,11;9.86;pa027​;20250611_110022;1;Marche;0,1063;1,3229;5,6520;0,1781;-0,0404;-0,0847;0,9795;;False
498,12;9.87;pa027​;20250611_110022;1;Marche;0,1068;1,3225;5,6613;0,1795;-0,0410;-0,0829;0,9794;;False
498,14;9.89;pa027​;20250611_110022;1;Marche;0,1073;1,3217;5,6705;0,1813;-0,0412;-0,0814;0,9792;;False
498,15;9.9;pa027​;20250611_110022;1;Marche;0,1079;1,3210;5,6797;0,1831;-0,0416;-0,0800;0,9789;;False
498,16;9.92;pa027​;20250611_110022;1;Marche;0,1085;1,3202;5,6889;0,1848;-0,0421;-0,0797;0,9786;;False
498,18;9.93;pa027​;20250611_110022;1;Marche;0,1092;1,3194;5,6981;0,1864;-0,0426;-0,0802;0,9783;;False
498,19;9.94;pa027​;20250611_110022;1;Marche;0,1097;1,3188;5,7075;0,1880;-0,0429;-0,0820;0,9778;;False
498,21;9.96;pa027​;20250611_110022;1;Marche;0,1102;1,3185;5,7171;0,1883;-0,0428;-0,0852;0,9775;;False
498,22;9.97;pa027​;20250611_110022;1;Marche;0,1105;1,3179;5,7267;0,1868;-0,0427;-0,0881;0,9775;;False
498,23;9.99;pa027​;20250611_110022;1;Marche;0,1106;1,3171;5,7363;0,1849;-0,0431;-0,0897;0,9777;;False
498,25;10.0;pa027​;20250611_110022;1;Marche;0,1104;1,3162;5,7456;0,1834;-0,0434;-0,0907;0,9779;;False
498,26;10.01;pa027​;20250611_110022;1;Marche;0,1099;1,3151;5,7548;0,1830;-0,0425;-0,0922;0,9779;;False
498,28;10.03;pa027​;20250611_110022;1;Marche;0,1092;1,3141;5,7638;0,1842;-0,0402;-0,0939;0,9776;;False
498,29;10.04;pa027​;20250611_110022;1;Marche;0,1083;1,3131;5,7726;0,1849;-0,0374;-0,0944;0,9775;;False
498,30;10.05;pa027​;20250611_110022;1;Marche;0,1071;1,3121;5,7811;0,1853;-0,0346;-0,0928;0,9777;;False
498,32;10.07;pa027​;20250611_110022;1;Marche;0,1056;1,3114;5,7894;0,1860;-0,0319;-0,0903;0,9779;;False
498,33;10.08;pa027​;20250611_110022;1;Marche;0,1040;1,3109;5,7976;0,1859;-0,0292;-0,0885;0,9781;;False
498,34;10.1;pa027​;20250611_110022;1;Marche;0,1021;1,3109;5,8057;0,1848;-0,0265;-0,0869;0,9786;;False
498,36;10.11;pa027​;20250611_110022;1;Marche;0,1003;1,3120;5,8147;0,1830;-0,0241;-0,0861;0,9790;;False
498,37;10.12;pa027​;20250611_110022;1;Marche;0,0982;1,3128;5,8230;0,1783;-0,0211;-0,0862;0,9800;;False
498,39;10.14;pa027​;20250611_110022;1;Marche;0,0959;1,3133;5,8311;0,1771;-0,0197;-0,0845;0,9804;;False
498,40;10.15;pa027​;20250611_110022;1;Marche;0,0939;1,3143;5,8394;0,1772;-0,0193;-0,0829;0,9805;;False
498,41;10.16;pa027​;20250611_110022;1;Marche;0,0918;1,3153;5,8477;0,1764;-0,0182;-0,0817;0,9808;;False
498,43;10.18;pa027​;20250611_110022;1;Marche;0,0901;1,3156;5,8551;0,1752;-0,0189;-0,0797;0,9811;;False
498,44;10.19;pa027​;20250611_110022;1;Marche;0,0886;1,3162;5,8623;0,1765;-0,0199;-0,0778;0,9810;;False
498,46;10.21;pa027​;20250611_110022;1;Marche;0,0876;1,3173;5,8694;0,1782;-0,0200;-0,0775;0,9807;;False
498,47;10.22;pa027​;20250611_110022;1;Marche;0,0868;1,3186;5,8767;0,1781;-0,0194;-0,0787;0,9807;;False
498,48;10.24;pa027​;20250611_110022;1;Marche;0,0863;1,3202;5,8843;0,1761;-0,0184;-0,0808;0,9809;;False
498,50;10.25;pa027​;20250611_110022;1;Marche;0,0859;1,3217;5,8918;0,1724;-0,0175;-0,0825;0,9814;;False
498,51;10.26;pa027​;20250611_110022;1;Marche;0,0856;1,3229;5,8991;0,1683;-0,0174;-0,0828;0,9821;;False
498,52;10.28;pa027​;20250611_110022;1;Marche;0,0854;1,3238;5,9066;0,1658;-0,0175;-0,0831;0,9825;;False
498,54;10.29;pa027​;20250611_110022;1;Marche;0,0852;1,3248;5,9145;0,1641;-0,0176;-0,0840;0,9827;;False
498,55;10.3;pa027​;20250611_110022;1;Marche;0,0853;1,3258;5,9227;0,1629;-0,0183;-0,0850;0,9828;;False
498,57;10.32;pa027​;20250611_110022;1;Marche;0,0853;1,3261;5,9308;0,1613;-0,0192;-0,0859;0,9830;;False
498,58;10.33;pa027​;20250611_110022;1;Marche;0,0854;1,3262;5,9390;0,1614;-0,0202;-0,0869;0,9829;;False
498,60;10.35;pa027​;20250611_110022;1;Marche;0,0856;1,3261;5,9473;0,1631;-0,0212;-0,0886;0,9824;;False
498,61;10.36;pa027​;20250611_110022;1;Marche;0,0859;1,3260;5,9556;0,1648;-0,0218;-0,0906;0,9819;;False
498,62;10.37;pa027​;20250611_110022;1;Marche;0,0862;1,3260;5,9640;0,1658;-0,0224;-0,0923;0,9816;;False
498,64;10.39;pa027​;20250611_110022;1;Marche;0,0865;1,3261;5,9727;0,1663;-0,0225;-0,0935;0,9814;;False
498,65;10.4;pa027​;20250611_110022;1;Marche;0,0868;1,3261;5,9813;0,1660;-0,0227;-0,0939;0,9814;;False
498,66;10.42;pa027​;20250611_110022;1;Marche;0,0871;1,3258;5,9899;0,1646;-0,0228;-0,0935;0,9817;;False
498,68;10.43;pa027​;20250611_110022;1;Marche;0,0874;1,3256;5,9987;0,1643;-0,0226;-0,0929;0,9818;;False
498,69;10.44;pa027​;20250611_110022;1;Marche;0,0878;1,3252;6,0075;0,1630;-0,0230;-0,0919;0,9821;;False
498,71;10.46;pa027​;20250611_110022;1;Marche;0,0882;1,3245;6,0162;0,1621;-0,0238;-0,0905;0,9823;;False
498,72;10.47;pa027​;20250611_110022;1;Marche;0,0888;1,3236;6,0248;0,1615;-0,0251;-0,0900;0,9824;;False
498,73;10.48;pa027​;20250611_110022;1;Marche;0,0895;1,3227;6,0333;0,1621;-0,0268;-0,0897;0,9823;;False
498,75;10.5;pa027​;20250611_110022;1;Marche;0,0903;1,3215;6,0415;0,1629;-0,0289;-0,0894;0,9822;;False
498,76;10.51;pa027​;20250611_110022;1;Marche;0,0913;1,3205;6,0497;0,1652;-0,0315;-0,0888;0,9818;;False
498,78;10.53;pa027​;20250611_110022;1;Marche;0,0926;1,3196;6,0577;0,1674;-0,0342;-0,0882;0,9813;;False
498,79;10.54;pa027​;20250611_110022;1;Marche;0,0941;1,3190;6,0659;0,1688;-0,0366;-0,0886;0,9810;;False
498,80;10.55;pa027​;20250611_110022;1;Marche;0,0958;1,3187;6,0740;0,1671;-0,0389;-0,0899;0,9811;;False
498,82;10.57;pa027​;20250611_110022;1;Marche;0,0975;1,3186;6,0822;0,1640;-0,0409;-0,0908;0,9814;;False
498,83;10.58;pa027​;20250611_110022;1;Marche;0,0995;1,3191;6,0908;0,1626;-0,0435;-0,0918;0,9815;;False
498,84;10.6;pa027​;20250611_110022;1;Marche;0,1016;1,3195;6,0993;0,1598;-0,0462;-0,0922;0,9817;;False
498,86;10.61;pa027​;20250611_110022;1;Marche;0,1036;1,3196;6,1078;0,1602;-0,0487;-0,0924;0,9815;;False
498,87;10.62;pa027​;20250611_110022;1;Marche;0,1058;1,3207;6,1166;0,1643;-0,0503;-0,0942;0,9806;;False
498,89;10.64;pa027​;20250611_110022;1;Marche;0,1080;1,3210;6,1253;0,1656;-0,0512;-0,0955;0,9802;;False
498,90;10.65;pa027​;20250611_110022;1;Marche;0,1100;1,3217;6,1335;0,1676;-0,0516;-0,0967;0,9797;;False
498,91;10.67;pa027​;20250611_110022;1;Marche;0,1116;1,3224;6,1420;0,1698;-0,0514;-0,0972;0,9793;;False
498,93;10.68;pa027​;20250611_110022;1;Marche;0,1132;1,3229;6,1503;0,1695;-0,0512;-0,0967;0,9794;;False
498,94;10.69;pa027​;20250611_110022;1;Marche;0,1146;1,3236;6,1584;0,1686;-0,0513;-0,0951;0,9798;;False
498,96;10.71;pa027​;20250611_110022;1;Marche;0,1158;1,3242;6,1664;0,1671;-0,0516;-0,0930;0,9802;;False
498,97;10.72;pa027​;20250611_110022;1;Marche;0,1168;1,3246;6,1745;0,1660;-0,0520;-0,0918;0,9805;;False
498,98;10.74;pa027​;20250611_110022;1;Marche;0,1178;1,3245;6,1825;0,1664;-0,0526;-0,0909;0,9804;;False
499,00;10.75;pa027​;20250611_110022;1;Marche;0,1186;1,3242;6,1907;0,1678;-0,0530;-0,0907;0,9802;;False
499,01;10.76;pa027​;20250611_110022;1;Marche;0,1193;1,3242;6,1992;0,1703;-0,0527;-0,0915;0,9797;;False
499,03;10.78;pa027​;20250611_110022;1;Marche;0,1200;1,3241;6,2079;0,1720;-0,0522;-0,0920;0,9794;;False
499,04;10.79;pa027​;20250611_110022;1;Marche;0,1204;1,3239;6,2167;0,1732;-0,0517;-0,0918;0,9792;;False
499,05;10.8;pa027​;20250611_110022;1;Marche;0,1207;1,3238;6,2255;0,1744;-0,0511;-0,0916;0,9791;;False
499,07;10.82;pa027​;20250611_110022;1;Marche;0,1208;1,3236;6,2344;0,1754;-0,0500;-0,0912;0,9790;;False
499,08;10.83;pa027​;20250611_110022;1;Marche;0,1208;1,3235;6,2433;0,1765;-0,0494;-0,0897;0,9790;;False
499,09;10.85;pa027​;20250611_110022;1;Marche;0,1207;1,3233;6,2518;0,1773;-0,0493;-0,0878;0,9790;;False
499,11;10.86;pa027​;20250611_110022;1;Marche;0,1207;1,3230;6,2601;0,1786;-0,0494;-0,0861;0,9789;;False
499,12;10.87;pa027​;20250611_110022;1;Marche;0,1205;1,3226;6,2686;0,1797;-0,0496;-0,0854;0,9787;;False
499,14;10.89;pa027​;20250611_110022;1;Marche;0,1203;1,3223;6,2771;0,1804;-0,0493;-0,0859;0,9786;;False
499,15;10.9;pa027​;20250611_110022;1;Marche;0,1200;1,3219;6,2858;0,1805;-0,0488;-0,0868;0,9785;;False
499,16;10.92;pa027​;20250611_110022;1;Marche;0,1196;1,3212;6,2945;0,1796;-0,0487;-0,0874;0,9786;;False
499,18;10.93;pa027​;20250611_110022;1;Marche;0,1189;1,3205;6,3032;0,1791;-0,0486;-0,0877;0,9787;;False
499,19;10.94;pa027​;20250611_110022;1;Marche;0,1179;1,3197;6,3119;0,1791;-0,0481;-0,0877;0,9787;;False
499,21;10.96;pa027​;20250611_110022;1;Marche;0,1168;1,3188;6,3207;0,1796;-0,0473;-0,0871;0,9787;;False
499,22;10.97;pa027​;20250611_110022;1;Marche;0,1154;1,3179;6,3295;0,1802;-0,0462;-0,0863;0,9787;;False
499,23;10.99;pa027​;20250611_110022;1;Marche;0,1137;1,3168;6,3384;0,1810;-0,0444;-0,0851;0,9788;;False
499,25;11.0;pa027​;20250611_110022;1;Marche;0,1118;1,3159;6,3473;0,1826;-0,0422;-0,0840;0,9787;;False
499,26;11.01;pa027​;20250611_110022;1;Marche;0,1100;1,3148;6,3559;0,1834;-0,0401;-0,0827;0,9787;;False
499,28;11.03;pa027​;20250611_110022;1;Marche;0,1078;1,3140;6,3647;0,1847;-0,0382;-0,0807;0,9787;;False
499,29;11.04;pa027​;20250611_110022;1;Marche;0,1056;1,3132;6,3735;0,1842;-0,0371;-0,0789;0,9790;;False
499,30;11.05;pa027​;20250611_110022;1;Marche;0,1031;1,3130;6,3826;0,1851;-0,0363;-0,0774;0,9790;;False
499,32;11.07;pa027​;20250611_110022;1;Marche;0,1006;1,3132;6,3921;0,1848;-0,0354;-0,0771;0,9791;;False
499,33;11.08;pa027​;20250611_110022;1;Marche;0,0980;1,3124;6,4008;0,1827;-0,0342;-0,0773;0,9795;;False
499,34;11.1;pa027​;20250611_110022;1;Marche;0,0954;1,3118;6,4094;0,1835;-0,0344;-0,0757;0,9795;;False
499,36;11.11;pa027​;20250611_110022;1;Marche;0,0930;1,3116;6,4179;0,1858;-0,0347;-0,0742;0,9792;;False
499,37;11.13;pa027​;20250611_110022;1;Marche;0,0907;1,3116;6,4264;0,1897;-0,0351;-0,0728;0,9785;;False
499,39;11.14;pa027​;20250611_110022;1;Marche;0,0886;1,3119;6,4348;0,1933;-0,0353;-0,0722;0,9778;;False
499,40;11.15;pa027​;20250611_110022;1;Marche;0,0868;1,3123;6,4428;0,1976;-0,0359;-0,0716;0,9770;;False
499,41;11.17;pa027​;20250611_110022;1;Marche;0,0850;1,3129;6,4506;0,1996;-0,0362;-0,0711;0,9766;;False
499,43;11.18;pa027​;20250611_110022;1;Marche;0,0837;1,3142;6,4584;0,2010;-0,0358;-0,0723;0,9763;;False
499,44;11.19;pa027​;20250611_110022;1;Marche;0,0822;1,3156;6,4662;0,2009;-0,0333;-0,0750;0,9762;;False
499,46;11.21;pa027​;20250611_110022;1;Marche;0,0809;1,3170;6,4739;0,1995;-0,0309;-0,0771;0,9764;;False
499,47;11.22;pa027​;20250611_110022;1;Marche;0,0795;1,3182;6,4818;0,1970;-0,0290;-0,0770;0,9769;;False
499,48;11.24;pa027​;20250611_110022;1;Marche;0,0782;1,3189;6,4895;0,1940;-0,0275;-0,0762;0,9777;;False
499,50;11.25;pa027​;20250611_110022;1;Marche;0,0772;1,3192;6,4972;0,1920;-0,0262;-0,0756;0,9781;;False
499,51;11.26;pa027​;20250611_110022;1;Marche;0,0762;1,3191;6,5050;0,1924;-0,0257;-0,0752;0,9781;;False
499,53;11.28;pa027​;20250611_110022;1;Marche;0,0754;1,3189;6,5129;0,1937;-0,0248;-0,0756;0,9778;;False
499,54;11.29;pa027​;20250611_110022;1;Marche;0,0748;1,3185;6,5212;0,1960;-0,0244;-0,0765;0,9773;;False
499,55;11.3;pa027​;20250611_110022;1;Marche;0,0746;1,3183;6,5300;0,1984;-0,0243;-0,0772;0,9768;;False
499,57;11.32;pa027​;20250611_110022;1;Marche;0,0745;1,3178;6,5388;0,1990;-0,0249;-0,0777;0,9766;;False
499,58;11.33;pa027​;20250611_110022;1;Marche;0,0744;1,3173;6,5474;0,2002;-0,0253;-0,0791;0,9762;;False
499,59;11.35;pa027​;20250611_110022;1;Marche;0,0746;1,3170;6,5560;0,2017;-0,0252;-0,0815;0,9757;;False
499,61;11.36;pa027​;20250611_110022;1;Marche;0,0748;1,3166;6,5645;0,2035;-0,0251;-0,0834;0,9752;;False
499,62;11.37;pa027​;20250611_110022;1;Marche;0,0751;1,3162;6,5730;0,2054;-0,0251;-0,0848;0,9747;;False
499,64;11.39;pa027​;20250611_110022;1;Marche;0,0755;1,3160;6,5817;0,2068;-0,0249;-0,0857;0,9743;;False
499,65;11.4;pa027​;20250611_110022;1;Marche;0,0758;1,3159;6,5903;0,2070;-0,0246;-0,0858;0,9743;;False
499,66;11.41;pa027​;20250611_110022;1;Marche;0,0760;1,3158;6,5989;0,2062;-0,0248;-0,0849;0,9745;;False
499,68;11.43;pa027​;20250611_110022;1;Marche;0,0763;1,3155;6,6074;0,2049;-0,0257;-0,0836;0,9749;;False
499,69;11.44;pa027​;20250611_110022;1;Marche;0,0764;1,3150;6,6158;0,2040;-0,0273;-0,0821;0,9751;;False
499,71;11.46;pa027​;20250611_110022;1;Marche;0,0766;1,3143;6,6241;0,2032;-0,0295;-0,0810;0,9753;;False
499,72;11.47;pa027​;20250611_110022;1;Marche;0,0768;1,3133;6,6322;0,2037;-0,0325;-0,0800;0,9752;;False
499,73;11.49;pa027​;20250611_110022;1;Marche;0,0774;1,3123;6,6403;0,2051;-0,0362;-0,0796;0,9748;;False
499,75;11.5;pa027​;20250611_110022;1;Marche;0,0782;1,3114;6,6485;0,2063;-0,0396;-0,0797;0,9744;;False
499,76;11.51;pa027​;20250611_110022;1;Marche;0,0793;1,3107;6,6566;0,2067;-0,0432;-0,0804;0,9741;;False
499,78;11.53;pa027​;20250611_110022;1;Marche;0,0805;1,3102;6,6649;0,2069;-0,0471;-0,0806;0,9739;;False
499,79;11.54;pa027​;20250611_110022;1;Marche;0,0820;1,3097;6,6731;0,2044;-0,0512;-0,0807;0,9742;;False
499,80;11.56;pa027​;20250611_110022;1;Marche;0,0835;1,3092;6,6816;0,2016;-0,0545;-0,0816;0,9745;;False
499,82;11.57;pa027​;20250611_110022;1;Marche;0,0855;1,3097;6,6911;0,2021;-0,0585;-0,0821;0,9742;;False
499,83;11.58;pa027​;20250611_110022;1;Marche;0,0878;1,3096;6,6999;0,1980;-0,0618;-0,0834;0,9747;;False
499,84;11.6;pa027​;20250611_110022;1;Marche;0,0899;1,3094;6,7092;0,2011;-0,0649;-0,0849;0,9737;;False
499,86;11.61;pa027​;20250611_110022;1;Marche;0,0923;1,3099;6,7180;0,2040;-0,0671;-0,0879;0,9727;;False
499,87;11.62;pa027​;20250611_110022;1;Marche;0,0941;1,3097;6,7267;0,2063;-0,0683;-0,0908;0,9719;;False
499,89;11.64;pa027​;20250611_110022;1;Marche;0,0957;1,3102;6,7349;0,2089;-0,0688;-0,0929;0,9711;;False
499,90;11.65;pa027​;20250611_110022;1;Marche;0,0974;1,3108;6,7433;0,2104;-0,0700;-0,0931;0,9707;;False
499,91;11.67;pa027​;20250611_110022;1;Marche;0,0989;1,3116;6,7516;0,2102;-0,0712;-0,0915;0,9708;;False
499,93;11.68;pa027​;20250611_110022;1;Marche;0,1002;1,3127;6,7600;0,2086;-0,0724;-0,0893;0,9712;;False
499,94;11.69;pa027​;20250611_110022;1;Marche;0,1010;1,3137;6,7686;0,2067;-0,0729;-0,0888;0,9716;;False
499,96;11.71;pa027​;20250611_110022;1;Marche;0,1015;1,3144;6,7770;0,2038;-0,0730;-0,0891;0,9722;;False
499,97;11.72;pa027​;20250611_110022;1;Marche;0,1020;1,3145;6,7855;0,2021;-0,0730;-0,0894;0,9725;;False
499,98;11.73;pa027​;20250611_110022;1;Marche;0,1025;1,3144;6,7939;0,2022;-0,0733;-0,0899;0,9724;;False
500,00;11.75;pa027​;20250611_110022;1;Marche;0,1026;1,3140;6,8026;0,2049;-0,0732;-0,0905;0,9718;;False
500,01;11.76;pa027​;20250611_110022;1;Marche;0,1024;1,3138;6,8114;0,2087;-0,0730;-0,0912;0,9710;;False
500,02;11.78;pa027​;20250611_110022;1;Marche;0,1018;1,3132;6,8201;0,2111;-0,0731;-0,0907;0,9705;;False
500,04;11.79;pa027​;20250611_110022;1;Marche;0,1009;1,3127;6,8287;0,2132;-0,0736;-0,0889;0,9702;;False
500,05;11.8;pa027​;20250611_110022;1;Marche;0,1000;1,3125;6,8374;0,2153;-0,0739;-0,0865;0,9699;;False
500,07;11.82;pa027​;20250611_110022;1;Marche;0,0990;1,3122;6,8461;0,2174;-0,0740;-0,0847;0,9696;;False
500,08;11.83;pa027​;20250611_110022;1;Marche;0,0977;1,3119;6,8545;0,2189;-0,0745;-0,0823;0,9694;;False
500,09;11.85;pa027​;20250611_110022;1;Marche;0,0964;1,3114;6,8629;0,2200;-0,0758;-0,0801;0,9692;;False
500,11;11.86;pa027​;20250611_110022;1;Marche;0,0949;1,3109;6,8712;0,2208;-0,0769;-0,0788;0,9691;;False
500,12;11.87;pa027​;20250611_110022;1;Marche;0,0933;1,3105;6,8797;0,2214;-0,0775;-0,0788;0,9689;;False
500,14;11.89;pa027​;20250611_110022;1;Marche;0,0919;1,3100;6,8885;0,2211;-0,0777;-0,0793;0,9689;;False
500,15;11.9;pa027​;20250611_110022;1;Marche;0,0903;1,3092;6,8972;0,2195;-0,0775;-0,0799;0,9692;;False
500,17;11.92;pa027​;20250611_110022;1;Marche;0,0887;1,3080;6,9057;0,2186;-0,0771;-0,0800;0,9695;;False
500,18;11.93;pa027​;20250611_110022;1;Marche;0,0870;1,3067;6,9139;0,2190;-0,0761;-0,0798;0,9695;;False
500,19;11.94;pa027​;20250611_110022;1;Marche;0,0851;1,3052;6,9218;0,2210;-0,0739;-0,0798;0,9692;;False
500,21;11.96;pa027​;20250611_110022;1;Marche;0,0831;1,3042;6,9297;0,2241;-0,0708;-0,0794;0,9687;;False
500,22;11.97;pa027​;20250611_110022;1;Marche;0,0810;1,3032;6,9375;0,2259;-0,0676;-0,0783;0,9686;;False
500,23;11.98;pa027​;20250611_110022;1;Marche;0,0788;1,3026;6,9451;0,2266;-0,0647;-0,0766;0,9688;;False
500,25;12.0;pa027​;20250611_110022;1;Marche;0,0763;1,3021;6,9523;0,2257;-0,0618;-0,0750;0,9693;;False
500,27;12.03;pa027​;20250611_110022;1;Marche;0,0704;1,3026;6,9665;0,2240;-0,0578;-0,0719;0,9702;;False
500,29;12.04;pa027​;20250611_110022;1;Marche;0,0673;1,3039;6,9742;0,2224;-0,0560;-0,0713;0,9707;;False
500,30;12.05;pa027​;20250611_110022;1;Marche;0,0643;1,3044;6,9809;0,2167;-0,0542;-0,0714;0,9721;;False
500,32;12.07;pa027​;20250611_110022;1;Marche;0,0615;1,3054;6,9878;0,2163;-0,0541;-0,0697;0,9723;;False
500,33;12.08;pa027​;20250611_110022;1;Marche;0,0586;1,3070;6,9952;0,2173;-0,0538;-0,0681;0,9722;;False
500,34;12.1;pa027​;20250611_110022;1;Marche;0,0557;1,3080;7,0016;0,2157;-0,0530;-0,0674;0,9727;;False
500,36;12.11;pa027​;20250611_110022;1;Marche;0,0532;1,3092;7,0083;0,2176;-0,0533;-0,0656;0,9724;;False
500,37;12.12;pa027​;20250611_110022;1;Marche;0,0509;1,3107;7,0149;0,2202;-0,0528;-0,0651;0,9718;;False
500,39;12.14;pa027​;20250611_110022;1;Marche;0,0490;1,3122;7,0214;0,2216;-0,0509;-0,0662;0,9716;;False
500,40;12.15;pa027​;20250611_110022;1;Marche;0,0473;1,3135;7,0275;0,2217;-0,0479;-0,0681;0,9716;;False
500,41;12.17;pa027​;20250611_110022;1;Marche;0,0457;1,3149;7,0336;0,2206;-0,0452;-0,0690;0,9719;;False
500,43;12.18;pa027​;20250611_110022;1;Marche;0,0441;1,3163;7,0398;0,2191;-0,0422;-0,0698;0,9723;;False
500,44;12.19;pa027​;20250611_110022;1;Marche;0,0427;1,3175;7,0462;0,2168;-0,0393;-0,0707;0,9728;;False
500,46;12.21;pa027​;20250611_110022;1;Marche;0,0414;1,3182;7,0526;0,2143;-0,0369;-0,0713;0,9735;;False
500,47;12.22;pa027​;20250611_110022;1;Marche;0,0400;1,3186;7,0591;0,2126;-0,0351;-0,0712;0,9739;;False
500,49;12.24;pa027​;20250611_110022;1;Marche;0,0388;1,3186;7,0659;0,2131;-0,0350;-0,0709;0,9738;;False
500,50;12.25;pa027​;20250611_110022;1;Marche;0,0374;1,3186;7,0729;0,2141;-0,0345;-0,0711;0,9736;;False
500,51;12.26;pa027​;20250611_110022;1;Marche;0,0361;1,3185;7,0804;0,2155;-0,0346;-0,0719;0,9732;;False
500,53;12.28;pa027​;20250611_110022;1;Marche;0,0350;1,3180;7,0877;0,2156;-0,0353;-0,0722;0,9732;;False
500,54;12.29;pa027​;20250611_110022;1;Marche;0,0341;1,3175;7,0951;0,2168;-0,0361;-0,0727;0,9728;;False
500,55;12.3;pa027​;20250611_110022;1;Marche;0,0335;1,3171;7,1024;0,2189;-0,0368;-0,0739;0,9722;;False
500,57;12.32;pa027​;20250611_110022;1;Marche;0,0330;1,3167;7,1098;0,2213;-0,0372;-0,0753;0,9716;;False
500,58;12.33;pa027​;20250611_110022;1;Marche;0,0325;1,3164;7,1172;0,2231;-0,0371;-0,0765;0,9711;;False
500,60;12.35;pa027​;20250611_110022;1;Marche;0,0319;1,3163;7,1248;0,2241;-0,0365;-0,0775;0,9708;;False
500,61;12.36;pa027​;20250611_110022;1;Marche;0,0315;1,3162;7,1325;0,2244;-0,0358;-0,0777;0,9707;;False
500,62;12.37;pa027​;20250611_110022;1;Marche;0,0313;1,3160;7,1401;0,2241;-0,0353;-0,0770;0,9709;;False
500,64;12.39;pa027​;20250611_110022;1;Marche;0,0312;1,3157;7,1478;0,2233;-0,0355;-0,0754;0,9712;;False
500,65;12.4;pa027​;20250611_110022;1;Marche;0,0310;1,3154;7,1556;0,2227;-0,0358;-0,0739;0,9714;;False
500,66;12.42;pa027​;20250611_110022;1;Marche;0,0310;1,3149;7,1634;0,2217;-0,0364;-0,0732;0,9717;;False
500,68;12.43;pa027​;20250611_110022;1;Marche;0,0311;1,3141;7,1712;0,2206;-0,0373;-0,0730;0,9719;;False
500,69;12.44;pa027​;20250611_110022;1;Marche;0,0313;1,3131;7,1790;0,2205;-0,0388;-0,0726;0,9719;;False
500,71;12.46;pa027​;20250611_110022;1;Marche;0,0318;1,3120;7,1868;0,2217;-0,0404;-0,0729;0,9716;;False
500,72;12.47;pa027​;20250611_110022;1;Marche;0,0326;1,3110;7,1948;0,2235;-0,0416;-0,0744;0,9710;;False
500,73;12.48;pa027​;20250611_110022;1;Marche;0,0335;1,3101;7,2027;0,2242;-0,0429;-0,0753;0,9707;;False
500,75;12.5;pa027​;20250611_110022;1;Marche;0,0348;1,3092;7,2106;0,2246;-0,0446;-0,0754;0,9705;;False
500,76;12.51;pa027​;20250611_110022;1;Marche;0,0362;1,3083;7,2184;0,2250;-0,0460;-0,0756;0,9703;;False
500,78;12.53;pa027​;20250611_110022;1;Marche;0,0379;1,3077;7,2264;0,2243;-0,0470;-0,0767;0,9704;;False
500,79;12.54;pa027​;20250611_110022;1;Marche;0,0396;1,3070;7,2345;0,2235;-0,0483;-0,0775;0,9704;;False
500,80;12.56;pa027​;20250611_110022;1;Marche;0,0416;1,3069;7,2430;0,2220;-0,0503;-0,0776;0,9706;;False
500,82;12.57;pa027​;20250611_110022;1;Marche;0,0437;1,3069;7,2518;0,2208;-0,0526;-0,0781;0,9708;;False
500,83;12.58;pa027​;20250611_110022;1;Marche;0,0458;1,3062;7,2600;0,2188;-0,0549;-0,0791;0,9710;;False
500,85;12.6;pa027​;20250611_110022;1;Marche;0,0482;1,3064;7,2688;0,2213;-0,0564;-0,0811;0,9702;;False
500,86;12.61;pa027​;20250611_110022;1;Marche;0,0507;1,3067;7,2774;0,2222;-0,0569;-0,0840;0,9697;;False
500,87;12.62;pa027​;20250611_110022;1;Marche;0,0531;1,3066;7,2859;0,2245;-0,0562;-0,0871;0,9689;;False
500,89;12.64;pa027​;20250611_110022;1;Marche;0,0553;1,3072;7,2939;0,2279;-0,0547;-0,0889;0,9681;;False
500,90;12.65;pa027​;20250611_110022;1;Marche;0,0571;1,3082;7,3019;0,2302;-0,0537;-0,0891;0,9676;;False
500,91;12.67;pa027​;20250611_110022;1;Marche;0,0585;1,3095;7,3098;0,2312;-0,0542;-0,0868;0,9675;;False
500,93;12.68;pa027​;20250611_110022;1;Marche;0,0598;1,3107;7,3175;0,2295;-0,0566;-0,0829;0,9681;;False
500,94;12.69;pa027​;20250611_110022;1;Marche;0,0611;1,3119;7,3253;0,2267;-0,0598;-0,0789;0,9689;;False
500,96;12.71;pa027​;20250611_110022;1;Marche;0,0622;1,3127;7,3331;0,2235;-0,0626;-0,0778;0,9696;;False
500,97;12.72;pa027​;20250611_110022;1;Marche;0,0632;1,3133;7,3408;0,2210;-0,0653;-0,0779;0,9700;;False
500,98;12.73;pa027​;20250611_110022;1;Marche;0,0643;1,3133;7,3486;0,2202;-0,0681;-0,0789;0,9699;;False
501,00;12.75;pa027​;20250611_110022;1;Marche;0,0654;1,3130;7,3563;0,2212;-0,0699;-0,0808;0,9694;;False
501,01;12.76;pa027​;20250611_110022;1;Marche;0,0665;1,3126;7,3642;0,2234;-0,0711;-0,0826;0,9686;;False
501,02;12.78;pa027​;20250611_110022;1;Marche;0,0674;1,3125;7,3724;0,2262;-0,0716;-0,0836;0,9678;;False
501,04;12.79;pa027​;20250611_110022;1;Marche;0,0683;1,3124;7,3809;0,2285;-0,0716;-0,0844;0,9672;;False
501,05;12.8;pa027​;20250611_110022;1;Marche;0,0690;1,3122;7,3893;0,2296;-0,0705;-0,0845;0,9670;;False
501,07;12.82;pa027​;20250611_110022;1;Marche;0,0697;1,3121;7,3976;0,2304;-0,0694;-0,0835;0,9670;;False
501,08;12.83;pa027​;20250611_110022;1;Marche;0,0702;1,3120;7,4058;0,2315;-0,0677;-0,0814;0,9671;;False
501,09;12.85;pa027​;20250611_110022;1;Marche;0,0707;1,3118;7,4138;0,2327;-0,0665;-0,0792;0,9670;;False
501,11;12.86;pa027​;20250611_110022;1;Marche;0,0711;1,3116;7,4218;0,2339;-0,0658;-0,0771;0,9670;;False
501,12;12.88;pa027​;20250611_110022;1;Marche;0,0714;1,3114;7,4298;0,2347;-0,0655;-0,0761;0,9669;;False
501,14;12.89;pa027​;20250611_110022;1;Marche;0,0716;1,3111;7,4379;0,2354;-0,0653;-0,0760;0,9667;;False
501,15;12.9;pa027​;20250611_110022;1;Marche;0,0716;1,3109;7,4463;0,2360;-0,0656;-0,0770;0,9665;;False
501,16;12.92;pa027​;20250611_110022;1;Marche;0,0716;1,3106;7,4547;0,2364;-0,0660;-0,0785;0,9662;;False
501,18;12.93;pa027​;20250611_110022;1;Marche;0,0716;1,3100;7,4630;0,2359;-0,0664;-0,0798;0,9662;;False
501,19;12.95;pa027​;20250611_110022;1;Marche;0,0716;1,3091;7,4712;0,2352;-0,0668;-0,0804;0,9663;;False
501,21;12.96;pa027​;20250611_110022;1;Marche;0,0714;1,3080;7,4792;0,2357;-0,0665;-0,0805;0,9662;;False
501,22;12.97;pa027​;20250611_110022;1;Marche;0,0713;1,3068;7,4871;0,2369;-0,0656;-0,0805;0,9660;;False
501,23;12.99;pa027​;20250611_110022;1;Marche;0,0712;1,3059;7,4950;0,2387;-0,0641;-0,0801;0,9657;;False
501,25;13.0;pa027​;20250611_110022;1;Marche;0,0707;1,3050;7,5028;0,2401;-0,0618;-0,0800;0,9655;;False
501,26;13.01;pa027​;20250611_110022;1;Marche;0,0700;1,3044;7,5104;0,2409;-0,0589;-0,0802;0,9654;;False
501,28;13.03;pa027​;20250611_110022;1;Marche;0,0691;1,3038;7,5179;0,2409;-0,0562;-0,0798;0,9656;;False
501,29;13.04;pa027​;20250611_110022;1;Marche;0,0680;1,3034;7,5253;0,2403;-0,0540;-0,0791;0,9660;;False
501,30;13.05;pa027​;20250611_110022;1;Marche;0,0666;1,3032;7,5327;0,2393;-0,0522;-0,0781;0,9664;;False
501,32;13.07;pa027​;20250611_110022;1;Marche;0,0650;1,3032;7,5403;0,2386;-0,0509;-0,0770;0,9667;;False
501,33;13.08;pa027​;20250611_110022;1;Marche;0,0634;1,3034;7,5479;0,2376;-0,0498;-0,0765;0,9671;;False
501,34;13.1;pa027​;20250611_110022;1;Marche;0,0618;1,3037;7,5554;0,2366;-0,0487;-0,0765;0,9674;;False
501,36;13.11;pa027​;20250611_110022;1;Marche;0,0601;1,3034;7,5622;0,2348;-0,0474;-0,0762;0,9679;;False
501,37;13.12;pa027​;20250611_110022;1;Marche;0,0583;1,3037;7,5693;0,2363;-0,0469;-0,0754;0,9676;;False
501,39;13.14;pa027​;20250611_110022;1;Marche;0,0564;1,3044;7,5764;0,2372;-0,0457;-0,0750;0,9675;;False
501,40;13.15;pa027​;20250611_110022;1;Marche;0,0546;1,3048;7,5833;0,2379;-0,0452;-0,0745;0,9674;;False
501,41;13.17;pa027​;20250611_110022;1;Marche;0,0530;1,3060;7,5903;0,2407;-0,0449;-0,0736;0,9668;;False
501,43;13.18;pa027​;20250611_110022;1;Marche;0,0516;1,3069;7,5967;0,2417;-0,0444;-0,0734;0,9666;;False
501,44;13.19;pa027​;20250611_110022;1;Marche;0,0504;1,3080;7,6030;0,2425;-0,0442;-0,0731;0,9664;;False
501,46;13.21;pa027​;20250611_110022;1;Marche;0,0493;1,3094;7,6094;0,2431;-0,0436;-0,0732;0,9662;;False
501,47;13.22;pa027​;20250611_110022;1;Marche;0,0484;1,3108;7,6158;0,2427;-0,0423;-0,0746;0,9663;;False
501,48;13.24;pa027​;20250611_110022;1;Marche;0,0477;1,3120;7,6224;0,2408;-0,0401;-0,0775;0,9666;;False
501,50;13.25;pa027​;20250611_110022;1;Marche;0,0471;1,3132;7,6288;0,2387;-0,0382;-0,0799;0,9671;;False
501,51;13.26;pa027​;20250611_110022;1;Marche;0,0467;1,3140;7,6353;0,2352;-0,0365;-0,0817;0,9678;;False
501,53;13.28;pa027​;20250611_110022;1;Marche;0,0463;1,3143;7,6419;0,2326;-0,0347;-0,0829;0,9684;;False
501,54;13.29;pa027​;20250611_110022;1;Marche;0,0458;1,3143;7,6490;0,2312;-0,0328;-0,0836;0,9688;;False
501,55;13.3;pa027​;20250611_110022;1;Marche;0,0454;1,3141;7,6564;0,2309;-0,0316;-0,0841;0,9688;;False
501,57;13.32;pa027​;20250611_110022;1;Marche;0,0451;1,3139;7,6639;0,2314;-0,0303;-0,0847;0,9687;;False
501,58;13.33;pa027​;20250611_110022;1;Marche;0,0452;1,3137;7,6716;0,2325;-0,0295;-0,0851;0,9684;;False
501,60;13.35;pa027​;20250611_110022;1;Marche;0,0455;1,3138;7,6795;0,2329;-0,0292;-0,0851;0,9683;;False
501,61;13.36;pa027​;20250611_110022;1;Marche;0,0460;1,3136;7,6874;0,2320;-0,0292;-0,0853;0,9685;;False
501,62;13.37;pa027​;20250611_110022;1;Marche;0,0466;1,3135;7,6956;0,2317;-0,0296;-0,0857;0,9686;;False
501,64;13.39;pa027​;20250611_110022;1;Marche;0,0474;1,3135;7,7038;0,2316;-0,0301;-0,0869;0,9684;;False
501,65;13.4;pa027​;20250611_110022;1;Marche;0,0484;1,3135;7,7116;0,2324;-0,0295;-0,0891;0,9681;;False
501,66;13.42;pa027​;20250611_110022;1;Marche;0,0497;1,3134;7,7193;0,2328;-0,0286;-0,0914;0,9678;;False
501,68;13.43;pa027​;20250611_110022;1;Marche;0,0510;1,3134;7,7271;0,2328;-0,0270;-0,0934;0,9676;;False
501,69;13.44;pa027​;20250611_110022;1;Marche;0,0525;1,3133;7,7350;0,2315;-0,0254;-0,0940;0,9679;;False
501,71;13.46;pa027​;20250611_110022;1;Marche;0,0540;1,3131;7,7430;0,2306;-0,0241;-0,0937;0,9682;;False
501,72;13.47;pa027​;20250611_110022;1;Marche;0,0555;1,3128;7,7509;0,2305;-0,0229;-0,0931;0,9683;;False
501,73;13.49;pa027​;20250611_110022;1;Marche;0,0572;1,3121;7,7583;0,2301;-0,0221;-0,0926;0,9685;;False
501,75;13.5;pa027​;20250611_110022;1;Marche;0,0589;1,3112;7,7655;0,2297;-0,0213;-0,0926;0,9686;;False
501,76;13.51;pa027​;20250611_110022;1;Marche;0,0609;1,3102;7,7723;0,2306;-0,0211;-0,0928;0,9684;;False
501,78;13.53;pa027​;20250611_110022;1;Marche;0,0630;1,3093;7,7788;0,2311;-0,0211;-0,0931;0,9682;;False
501,79;13.54;pa027​;20250611_110022;1;Marche;0,0653;1,3086;7,7855;0,2337;-0,0222;-0,0933;0,9676;;False
501,80;13.55;pa027​;20250611_110022;1;Marche;0,0678;1,3082;7,7922;0,2347;-0,0239;-0,0938;0,9672;;False
501,82;13.57;pa027​;20250611_110022;1;Marche;0,0703;1,3079;7,7987;0,2320;-0,0257;-0,0950;0,9677;;False
501,83;13.58;pa027​;20250611_110022;1;Marche;0,0729;1,3081;7,8057;0,2295;-0,0283;-0,0962;0,9681;;False
501,85;13.6;pa027​;20250611_110022;1;Marche;0,0758;1,3098;7,8143;0,2300;-0,0322;-0,0971;0,9678;;False
501,86;13.61;pa027​;20250611_110022;1;Marche;0,0787;1,3094;7,8209;0,2208;-0,0356;-0,0979;0,9697;;False
501,87;13.62;pa027​;20250611_110022;1;Marche;0,0818;1,3091;7,8283;0,2211;-0,0389;-0,1001;0,9693;;False
501,89;13.64;pa027​;20250611_110022;1;Marche;0,0845;1,3092;7,8354;0,2230;-0,0390;-0,1059;0,9683;;False
501,90;13.65;pa027​;20250611_110022;1;Marche;0,0870;1,3092;7,8424;0,2232;-0,0386;-0,1111;0,9676;;False
501,91;13.67;pa027​;20250611_110022;1;Marche;0,0893;1,3097;7,8498;0,2240;-0,0384;-0,1132;0,9672;;False
501,93;13.68;pa027​;20250611_110022;1;Marche;0,0913;1,3099;7,8569;0,2229;-0,0391;-0,1122;0,9676;;False
501,94;13.69;pa027​;20250611_110022;1;Marche;0,0930;1,3101;7,8640;0,2216;-0,0395;-0,1094;0,9682;;False
501,96;13.71;pa027​;20250611_110022;1;Marche;0,0946;1,3103;7,8709;0,2206;-0,0398;-0,1064;0,9687;;False
501,97;13.72;pa027​;20250611_110022;1;Marche;0,0960;1,3104;7,8778;0,2203;-0,0402;-0,1045;0,9690;;False
501,98;13.73;pa027​;20250611_110022;1;Marche;0,0971;1,3105;7,8845;0,2209;-0,0408;-0,1033;0,9690;;False
502,00;13.75;pa027​;20250611_110022;1;Marche;0,0981;1,3106;7,8914;0,2222;-0,0407;-0,1034;0,9687;;False
502,01;13.76;pa027​;20250611_110022;1;Marche;0,0989;1,3108;7,8982;0,2227;-0,0403;-0,1043;0,9684;;False
502,03;13.78;pa027​;20250611_110022;1;Marche;0,0998;1,3111;7,9051;0,2236;-0,0398;-0,1053;0,9682;;False
502,04;13.79;pa027​;20250611_110022;1;Marche;0,1006;1,3113;7,9119;0,2248;-0,0397;-0,1053;0,9679;;False
502,05;13.8;pa027​;20250611_110022;1;Marche;0,1011;1,3115;7,9184;0,2265;-0,0396;-0,1045;0,9676;;False
502,07;13.82;pa027​;20250611_110022;1;Marche;0,1014;1,3117;7,9246;0,2286;-0,0397;-0,1034;0,9672;;False
502,08;13.83;pa027​;20250611_110022;1;Marche;0,1017;1,3117;7,9307;0,2304;-0,0404;-0,1015;0,9669;;False
502,09;13.85;pa027​;20250611_110022;1;Marche;0,1018;1,3117;7,9368;0,2313;-0,0410;-0,1000;0,9669;;False
502,11;13.86;pa027​;20250611_110022;1;Marche;0,1020;1,3117;7,9430;0,2320;-0,0414;-0,0992;0,9668;;False
502,12;13.87;pa027​;20250611_110022;1;Marche;0,1022;1,3118;7,9491;0,2324;-0,0416;-0,0988;0,9667;;False
502,14;13.89;pa027​;20250611_110022;1;Marche;0,1025;1,3118;7,9550;0,2324;-0,0419;-0,0987;0,9667;;False
502,15;13.9;pa027​;20250611_110022;1;Marche;0,1026;1,3117;7,9609;0,2320;-0,0423;-0,0989;0,9668;;False
502,17;13.92;pa027​;20250611_110022;1;Marche;0,1026;1,3114;7,9668;0,2313;-0,0424;-0,1001;0,9668;;False
502,18;13.93;pa027​;20250611_110022;1;Marche;0,1026;1,3112;7,9730;0,2304;-0,0424;-0,1012;0,9669;;False
502,19;13.94;pa027​;20250611_110022;1;Marche;0,1025;1,3109;7,9792;0,2294;-0,0424;-0,1024;0,9670;;False
502,21;13.96;pa027​;20250611_110022;1;Marche;0,1021;1,3105;7,9855;0,2286;-0,0415;-0,1039;0,9671;;False
502,22;13.97;pa027​;20250611_110022;1;Marche;0,1015;1,3100;7,9916;0,2282;-0,0401;-0,1052;0,9671;;False
502,23;13.98;pa027​;20250611_110022;1;Marche;0,1006;1,3094;7,9978;0,2288;-0,0384;-0,1059;0,9669;;False
502,25;14.0;pa027​;20250611_110022;1;Marche;0,0993;1,3088;8,0039;0,2300;-0,0366;-0,1054;0,9668;;False
502,26;14.01;pa027​;20250611_110022;1;Marche;0,0980;1,3082;8,0103;0,2310;-0,0350;-0,1049;0,9666;;False
502,28;14.03;pa027​;20250611_110022;1;Marche;0,0964;1,3077;8,0167;0,2325;-0,0329;-0,1046;0,9664;;False
502,29;14.04;pa027​;20250611_110022;1;Marche;0,0945;1,3074;8,0230;0,2337;-0,0306;-0,1045;0,9662;;False
502,30;14.06;pa027​;20250611_110022;1;Marche;0,0923;1,3072;8,0291;0,2344;-0,0284;-0,1040;0,9661;;False
502,32;14.07;pa027​;20250611_110022;1;Marche;0,0898;1,3073;8,0351;0,2341;-0,0264;-0,1028;0,9664;;False
502,33;14.08;pa027​;20250611_110022;1;Marche;0,0871;1,3077;8,0411;0,2334;-0,0246;-0,1012;0,9668;;False
502,35;14.1;pa027​;20250611_110022;1;Marche;0,0846;1,3082;8,0472;0,2306;-0,0229;-0,1000;0,9676;;False
502,36;14.11;pa027​;20250611_110022;1;Marche;0,0818;1,3089;8,0531;0,2282;-0,0209;-0,0985;0,9684;;False
502,37;14.12;pa027​;20250611_110022;1;Marche;0,0789;1,3098;8,0591;0,2264;-0,0192;-0,0973;0,9690;;False
502,39;14.14;pa027​;20250611_110022;1;Marche;0,0758;1,3106;8,0649;0,2240;-0,0165;-0,0964;0,9697;;False
502,40;14.15;pa027​;20250611_110022;1;Marche;0,0727;1,3112;8,0706;0,2215;-0,0139;-0,0948;0,9704;;False
502,41;14.17;pa027​;20250611_110022;1;Marche;0,0700;1,3121;8,0765;0,2203;-0,0123;-0,0929;0,9709;;False
502,43;14.18;pa027​;20250611_110022;1;Marche;0,0671;1,3128;8,0822;0,2182;-0,0096;-0,0915;0,9716;;False
502,44;14.19;pa027​;20250611_110022;1;Marche;0,0646;1,3138;8,0880;0,2188;-0,0072;-0,0897;0,9716;;False
502,46;14.21;pa027​;20250611_110022;1;Marche;0,0621;1,3145;8,0933;0,2179;-0,0046;-0,0885;0,9719;;False
502,47;14.22;pa027​;20250611_110022;1;Marche;0,0597;1,3154;8,0984;0,2184;-0,0017;-0,0876;0,9719;;False
502,48;14.23;pa027​;20250611_110022;1;Marche;0,0575;1,3167;8,1034;0,2190;0,0009;-0,0869;0,9718;;False
502,50;14.25;pa027​;20250611_110022;1;Marche;0,0558;1,3179;8,1082;0,2186;0,0037;-0,0871;0,9719;;False
502,51;14.26;pa027​;20250611_110022;1;Marche;0,0544;1,3192;8,1130;0,2171;0,0070;-0,0877;0,9722;;False
502,53;14.28;pa027​;20250611_110022;1;Marche;0,0531;1,3206;8,1177;0,2147;0,0108;-0,0892;0,9725;;False
502,54;14.29;pa027​;20250611_110022;1;Marche;0,0516;1,3219;8,1222;0,2116;0,0148;-0,0909;0,9730;;False
502,55;14.3;pa027​;20250611_110022;1;Marche;0,0502;1,3231;8,1267;0,2079;0,0189;-0,0917;0,9736;;False
502,57;14.32;pa027​;20250611_110022;1;Marche;0,0490;1,3238;8,1312;0,2036;0,0227;-0,0918;0,9745;;False
502,58;14.33;pa027​;20250611_110022;1;Marche;0,0484;1,3244;8,1359;0,2008;0,0268;-0,0914;0,9750;;False
502,60;14.35;pa027​;20250611_110022;1;Marche;0,0486;1,3242;8,1404;0,1984;0,0294;-0,0907;0,9755;;False
502,61;14.36;pa027​;20250611_110022;1;Marche;0,0481;1,3240;8,1452;0,1988;0,0334;-0,0897;0,9754;;False
502,62;14.37;pa027​;20250611_110022;1;Marche;0,0474;1,3235;8,1503;0,2002;0,0367;-0,0894;0,9750;;False
502,64;14.39;pa027​;20250611_110022;1;Marche;0,0471;1,3232;8,1559;0,2019;0,0397;-0,0897;0,9745;;False
502,65;14.4;pa027​;20250611_110022;1;Marche;0,0472;1,3230;8,1616;0,2028;0,0427;-0,0902;0,9741;;False
502,66;14.42;pa027​;20250611_110022;1;Marche;0,0480;1,3225;8,1670;0,2036;0,0460;-0,0914;0,9737;;False
502,68;14.43;pa027​;20250611_110022;1;Marche;0,0489;1,3222;8,1722;0,2056;0,0493;-0,0933;0,9729;;False
502,69;14.44;pa027​;20250611_110022;1;Marche;0,0496;1,3221;8,1775;0,2082;0,0518;-0,0951;0,9721;;False
502,71;14.46;pa027​;20250611_110022;1;Marche;0,0502;1,3221;8,1826;0,2098;0,0545;-0,0969;0,9714;;False
502,72;14.47;pa027​;20250611_110022;1;Marche;0,0509;1,3224;8,1878;0,2103;0,0575;-0,0986;0,9710;;False
502,73;14.49;pa027​;20250611_110022;1;Marche;0,0518;1,3228;8,1929;0,2088;0,0604;-0,0996;0,9710;;False
502,75;14.5;pa027​;20250611_110022;1;Marche;0,0530;1,3231;8,1978;0,2065;0,0637;-0,1002;0,9712;;False
502,76;14.51;pa027​;20250611_110022;1;Marche;0,0543;1,3233;8,2025;0,2037;0,0667;-0,0999;0,9716;;False
502,78;14.53;pa027​;20250611_110022;1;Marche;0,0555;1,3232;8,2068;0,2013;0,0697;-0,0989;0,9720;;False
502,79;14.54;pa027​;20250611_110022;1;Marche;0,0568;1,3231;8,2111;0,2004;0,0720;-0,0981;0,9721;;False
502,80;14.56;pa027​;20250611_110022;1;Marche;0,0581;1,3229;8,2153;0,1998;0,0745;-0,0978;0,9721;;False
502,82;14.57;pa027​;20250611_110022;1;Marche;0,0599;1,3227;8,2193;0,1991;0,0769;-0,0979;0,9720;;False
502,83;14.58;pa027​;20250611_110022;1;Marche;0,0621;1,3223;8,2233;0,1982;0,0786;-0,0983;0,9721;;False
502,85;14.6;pa027​;20250611_110022;1;Marche;0,0647;1,3221;8,2273;0,1974;0,0802;-0,0988;0,9720;;False
502,86;14.61;pa027​;20250611_110022;1;Marche;0,0673;1,3219;8,2316;0,1965;0,0818;-0,1000;0,9720;;False
502,87;14.62;pa027​;20250611_110022;1;Marche;0,0704;1,3223;8,2362;0,1960;0,0841;-0,1022;0,9716;;False
502,89;14.64;pa027​;20250611_110022;1;Marche;0,0738;1,3223;8,2409;0,1948;0,0868;-0,1053;0,9713;;False
502,90;14.65;pa027​;20250611_110022;1;Marche;0,0776;1,3218;8,2450;0,1928;0,0906;-0,1098;0,9709;;False
502,92;14.67;pa027​;20250611_110022;1;Marche;0,0814;1,3214;8,2487;0,1928;0,0958;-0,1154;0,9697;;False
502,93;14.68;pa027​;20250611_110022;1;Marche;0,0849;1,3213;8,2524;0,1934;0,1023;-0,1210;0,9682;;False
502,94;14.69;pa027​;20250611_110022;1;Marche;0,0884;1,3217;8,2561;0,1942;0,1089;-0,1258;0,9668;;False
502,96;14.71;pa027​;20250611_110022;1;Marche;0,0916;1,3226;8,2599;0,1942;0,1163;-0,1280;0,9656;;False
502,97;14.72;pa027​;20250611_110022;1;Marche;0,0946;1,3234;8,2636;0,1929;0,1222;-0,1271;0,9652;;False
502,98;14.73;pa027​;20250611_110022;1;Marche;0,0973;1,3241;8,2670;0,1910;0,1270;-0,1240;0,9654;;False
503,00;14.75;pa027​;20250611_110022;1;Marche;0,0999;1,3249;8,2707;0,1887;0,1309;-0,1214;0,9657;;False
503,01;14.76;pa027​;20250611_110022;1;Marche;0,1022;1,3253;8,2746;0,1846;0,1343;-0,1202;0,9662;;False
503,03;14.78;pa027​;20250611_110022;1;Marche;0,1044;1,3252;8,2787;0,1805;0,1365;-0,1197;0,9667;;False
503,04;14.79;pa027​;20250611_110022;1;Marche;0,1063;1,3246;8,2828;0,1788;0,1386;-0,1204;0,9666;;False
