Timestamp;ElapsedTime;ID_Subject;ID_Session;sessionNumber;ID_Test;HeadPosition_X;HeadPosition_Y;HeadPosition_Z;HeadRotation_X;HeadRotation_Y;HeadRotation_Z;HeadRotation_W;Events;FalseStart
646,66;0.0;pa028​;20250612_105113;1;FO2;0,0322;1,4387;0,0231;0,0877;0,0413;0,0372;-0,9946;;False
646,69;0.03;pa028​;20250612_105113;1;FO2;0,0324;1,4387;0,0234;0,0876;0,0415;0,0374;-0,9946;;False
646,75;0.08;pa028​;20250612_105113;1;FO2;0,0326;1,4388;0,0239;0,0882;0,0419;0,0374;-0,9945;;False
646,77;0.11;pa028​;20250612_105113;1;FO2;0,0326;1,4388;0,0241;0,0883;0,0422;0,0375;-0,9945;;False
646,80;0.14;pa028​;20250612_105113;1;FO2;0,0326;1,4389;0,0241;0,0885;0,0424;0,0375;-0,9945;;False
646,83;0.17;pa028​;20250612_105113;1;FO2;0,0327;1,4389;0,0243;0,0887;0,0429;0,0375;-0,9944;;False
646,86;0.19;pa028​;20250612_105113;1;FO2;0,0327;1,4390;0,0244;0,0890;0,0430;0,0374;-0,9944;;False
646,88;0.22;pa028​;20250612_105113;1;FO2;0,0328;1,4391;0,0244;0,0890;0,0431;0,0374;-0,9944;;False
646,91;0.25;pa028​;20250612_105113;1;FO2;0,0329;1,4393;0,0246;0,0892;0,0432;0,0375;-0,9944;;False
646,94;0.28;pa028​;20250612_105113;1;FO2;0,0330;1,4394;0,0246;0,0894;0,0432;0,0376;-0,9944;;False
646,97;0.31;pa028​;20250612_105113;1;FO2;0,0331;1,4395;0,0245;0,0897;0,0431;0,0378;-0,9943;;False
646,99;0.33;pa028​;20250612_105113;1;FO2;0,0333;1,4395;0,0243;0,0901;0,0430;0,0377;-0,9943;;False
647,02;0.36;pa028​;20250612_105113;1;FO2;0,0333;1,4396;0,0240;0,0906;0,0429;0,0378;-0,9942;;False
647,05;0.39;pa028​;20250612_105113;1;FO2;0,0333;1,4396;0,0237;0,0909;0,0431;0,0379;-0,9942;;False
647,08;0.42;pa028​;20250612_105113;1;FO2;0,0333;1,4396;0,0235;0,0911;0,0431;0,0379;-0,9942;;False
647,11;0.44;pa028​;20250612_105113;1;FO2;0,0333;1,4395;0,0233;0,0912;0,0432;0,0378;-0,9942;;False
647,13;0.47;pa028​;20250612_105113;1;FO2;0,0333;1,4396;0,0231;0,0909;0,0433;0,0378;-0,9942;;False
647,16;0.5;pa028​;20250612_105113;1;FO2;0,0333;1,4397;0,0230;0,0906;0,0432;0,0380;-0,9942;;False
647,19;0.53;pa028​;20250612_105113;1;FO2;0,0334;1,4395;0,0229;0,0899;0,0432;0,0379;-0,9943;;False
647,22;0.56;pa028​;20250612_105113;1;FO2;0,0336;1,4393;0,0228;0,0892;0,0429;0,0389;-0,9943;;False
647,25;0.58;pa028​;20250612_105113;1;FO2;0,0339;1,4391;0,0228;0,0887;0,0424;0,0398;-0,9944;;False
647,27;0.61;pa028​;20250612_105113;1;FO2;0,0342;1,4387;0,0228;0,0880;0,0417;0,0404;-0,9944;;False
647,30;0.64;pa028​;20250612_105113;1;FO2;0,0346;1,4383;0,0231;0,0866;0,0407;0,0409;-0,9946;;False
647,33;0.67;pa028​;20250612_105113;1;FO2;0,0351;1,4380;0,0238;0,0853;0,0395;0,0412;-0,9947;;False
647,36;0.7;pa028​;20250612_105113;1;FO2;0,0355;1,4375;0,0245;0,0835;0,0389;0,0415;-0,9949;;False
647,38;0.72;pa028​;20250612_105113;1;FO2;0,0363;1,4366;0,0257;0,0799;0,0377;0,0419;-0,9952;;False
647,41;0.75;pa028​;20250612_105113;1;FO2;0,0371;1,4354;0,0272;0,0737;0,0362;0,0424;-0,9957;;False
647,44;0.78;pa028​;20250612_105113;1;FO2;0,0379;1,4339;0,0293;0,0646;0,0343;0,0426;-0,9964;;False
647,47;0.8;pa028​;20250612_105113;1;FO2;0,0386;1,4320;0,0318;0,0543;0,0321;0,0437;-0,9971;;False
647,49;0.83;pa028​;20250612_105113;1;FO2;0,0396;1,4298;0,0346;0,0432;0,0301;0,0440;-0,9976;;False
647,52;0.86;pa028​;20250612_105113;1;FO2;0,0407;1,4278;0,0374;0,0330;0,0279;0,0432;-0,9981;;False
647,55;0.89;pa028​;20250612_105113;1;FO2;0,0417;1,4261;0,0405;0,0242;0,0262;0,0419;-0,9985;;False
647,58;0.92;pa028​;20250612_105113;1;FO2;0,0428;1,4242;0,0435;0,0154;0,0252;0,0410;-0,9987;;False
647,61;0.94;pa028​;20250612_105113;1;FO2;0,0438;1,4223;0,0463;0,0057;0,0244;0,0413;-0,9988;;False
647,63;0.97;pa028​;20250612_105113;1;FO2;0,0451;1,4202;0,0489;-0,0063;0,0248;0,0418;-0,9988;;False
647,66;1.0;pa028​;20250612_105113;1;FO2;0,0465;1,4182;0,0520;-0,0179;0,0252;0,0421;-0,9986;;False
647,69;1.03;pa028​;20250612_105113;1;FO2;0,0481;1,4165;0,0548;-0,0279;0,0251;0,0415;-0,9984;;False
647,72;1.06;pa028​;20250612_105113;1;FO2;0,0498;1,4157;0,0577;-0,0319;0,0254;0,0407;-0,9983;;False
647,74;1.08;pa028​;20250612_105113;1;FO2;0,0517;1,4153;0,0600;-0,0334;0,0255;0,0404;-0,9983;;False
647,76;1.1;pa028​;20250612_105113;1;FO2;0,0527;1,4153;0,0611;-0,0336;0,0260;0,0402;-0,9983;;False
647,77;1.11;pa028​;20250612_105113;1;FO2;0,0537;1,4151;0,0620;-0,0336;0,0266;0,0401;-0,9983;;False
647,80;1.14;pa028​;20250612_105113;1;FO2;0,0558;1,4146;0,0635;-0,0344;0,0279;0,0407;-0,9982;;False
647,83;1.17;pa028​;20250612_105113;1;FO2;0,0581;1,4143;0,0648;-0,0359;0,0293;0,0411;-0,9981;;False
647,86;1.19;pa028​;20250612_105113;1;FO2;0,0607;1,4139;0,0655;-0,0372;0,0304;0,0411;-0,9980;;False
647,88;1.22;pa028​;20250612_105113;1;FO2;0,0634;1,4137;0,0661;-0,0382;0,0319;0,0411;-0,9979;;False
647,91;1.25;pa028​;20250612_105113;1;FO2;0,0660;1,4136;0,0667;-0,0384;0,0334;0,0409;-0,9979;;False
647,94;1.28;pa028​;20250612_105113;1;FO2;0,0688;1,4136;0,0673;-0,0390;0,0354;0,0402;-0,9978;;False
647,95;1.29;pa028​;20250612_105113;1;FO2;0,0702;1,4136;0,0676;-0,0389;0,0361;0,0399;-0,9978;;False
647,97;1.3;pa028​;20250612_105113;1;FO2;0,0716;1,4136;0,0679;-0,0389;0,0367;0,0401;-0,9978;;False
647,98;1.32;pa028​;20250612_105113;1;FO2;0,0731;1,4135;0,0680;-0,0388;0,0373;0,0402;-0,9977;;False
647,99;1.33;pa028​;20250612_105113;1;FO2;0,0747;1,4135;0,0682;-0,0387;0,0381;0,0398;-0,9977;;False
648,01;1.35;pa028​;20250612_105113;1;FO2;0,0762;1,4138;0,0686;-0,0374;0,0388;0,0388;-0,9978;;False
648,02;1.36;pa028​;20250612_105113;1;FO2;0,0776;1,4142;0,0689;-0,0351;0,0392;0,0382;-0,9979;;False
648,04;1.37;pa028​;20250612_105113;1;FO2;0,0792;1,4149;0,0692;-0,0322;0,0397;0,0373;-0,9980;;False
648,07;1.4;pa028​;20250612_105113;1;FO2;0,0824;1,4167;0,0696;-0,0213;0,0411;0,0347;-0,9983;;False
648,09;1.43;pa028​;20250612_105113;1;FO2;0,0855;1,4190;0,0698;-0,0089;0,0419;0,0323;-0,9986;;False
648,12;1.46;pa028​;20250612_105113;1;FO2;0,0887;1,4209;0,0697;0,0038;0,0429;0,0308;-0,9986;;False
648,15;1.49;pa028​;20250612_105113;1;FO2;0,0921;1,4225;0,0697;0,0147;0,0447;0,0286;-0,9985;;False
648,17;1.51;pa028​;20250612_105113;1;FO2;0,0956;1,4237;0,0697;0,0235;0,0460;0,0268;-0,9983;;False
648,19;1.53;pa028​;20250612_105113;1;FO2;0,0974;1,4242;0,0698;0,0275;0,0470;0,0256;-0,9982;;False
648,20;1.54;pa028​;20250612_105113;1;FO2;0,1008;1,4252;0,0700;0,0359;0,0483;0,0243;-0,9979;;False
648,22;1.56;pa028​;20250612_105113;1;FO2;0,1026;1,4257;0,0702;0,0401;0,0491;0,0242;-0,9977;;False
648,23;1.57;pa028​;20250612_105113;1;FO2;0,1045;1,4261;0,0703;0,0439;0,0500;0,0247;-0,9975;;False
648,25;1.58;pa028​;20250612_105113;1;FO2;0,1063;1,4266;0,0705;0,0474;0,0510;0,0245;-0,9973;;False
648,26;1.6;pa028​;20250612_105113;1;FO2;0,1081;1,4269;0,0707;0,0511;0,0518;0,0246;-0,9971;;False
648,27;1.61;pa028​;20250612_105113;1;FO2;0,1098;1,4273;0,0710;0,0546;0,0523;0,0245;-0,9968;;False
648,29;1.63;pa028​;20250612_105113;1;FO2;0,1115;1,4277;0,0714;0,0583;0,0527;0,0247;-0,9966;;False
648,30;1.64;pa028​;20250612_105113;1;FO2;0,1132;1,4278;0,0717;0,0613;0,0534;0,0247;-0,9964;;False
648,32;1.65;pa028​;20250612_105113;1;FO2;0,1149;1,4279;0,0721;0,0634;0,0538;0,0245;-0,9962;;False
648,33;1.67;pa028​;20250612_105113;1;FO2;0,1164;1,4278;0,0725;0,0645;0,0541;0,0241;-0,9962;;False
648,34;1.68;pa028​;20250612_105113;1;FO2;0,1179;1,4277;0,0731;0,0659;0,0545;0,0244;-0,9960;;False
648,35;1.69;pa028​;20250612_105113;1;FO2;0,1193;1,4277;0,0739;0,0670;0,0548;0,0256;-0,9959;;False
648,37;1.7;pa028​;20250612_105113;1;FO2;0,1208;1,4278;0,0746;0,0678;0,0549;0,0268;-0,9958;;False
648,38;1.72;pa028​;20250612_105113;1;FO2;0,1222;1,4280;0,0753;0,0685;0,0549;0,0281;-0,9957;;False
648,39;1.73;pa028​;20250612_105113;1;FO2;0,1236;1,4282;0,0761;0,0695;0,0547;0,0292;-0,9957;;False
648,41;1.75;pa028​;20250612_105113;1;FO2;0,1249;1,4285;0,0769;0,0712;0,0540;0,0304;-0,9955;;False
648,42;1.76;pa028​;20250612_105113;1;FO2;0,1262;1,4291;0,0778;0,0729;0,0533;0,0317;-0,9954;;False
648,44;1.77;pa028​;20250612_105113;1;FO2;0,1272;1,4295;0,0788;0,0747;0,0523;0,0329;-0,9953;;False
648,45;1.79;pa028​;20250612_105113;1;FO2;0,1282;1,4298;0,0797;0,0757;0,0513;0,0340;-0,9952;;False
648,46;1.8;pa028​;20250612_105113;1;FO2;0,1291;1,4300;0,0807;0,0766;0,0506;0,0351;-0,9952;;False
648,48;1.81;pa028​;20250612_105113;1;FO2;0,1299;1,4303;0,0819;0,0772;0,0502;0,0358;-0,9951;;False
648,49;1.83;pa028​;20250612_105113;1;FO2;0,1306;1,4307;0,0830;0,0788;0,0503;0,0362;-0,9950;;False
648,50;1.84;pa028​;20250612_105113;1;FO2;0,1311;1,4311;0,0842;0,0804;0,0508;0,0365;-0,9948;;False
648,52;1.86;pa028​;20250612_105113;1;FO2;0,1315;1,4315;0,0853;0,0815;0,0518;0,0370;-0,9946;;False
648,53;1.87;pa028​;20250612_105113;1;FO2;0,1317;1,4317;0,0866;0,0824;0,0525;0,0374;-0,9945;;False
648,55;1.88;pa028​;20250612_105113;1;FO2;0,1321;1,4321;0,0879;0,0834;0,0538;0,0373;-0,9944;;False
648,56;1.9;pa028​;20250612_105113;1;FO2;0,1322;1,4323;0,0894;0,0848;0,0545;0,0370;-0,9942;;False
648,57;1.91;pa028​;20250612_105113;1;FO2;0,1323;1,4325;0,0910;0,0858;0,0552;0,0374;-0,9941;;False
648,59;1.93;pa028​;20250612_105113;1;FO2;0,1322;1,4325;0,0927;0,0864;0,0558;0,0377;-0,9940;;False
648,60;1.94;pa028​;20250612_105113;1;FO2;0,1320;1,4326;0,0944;0,0866;0,0561;0,0375;-0,9940;;False
648,62;1.95;pa028​;20250612_105113;1;FO2;0,1320;1,4326;0,0962;0,0876;0,0568;0,0367;-0,9939;;False
648,63;1.97;pa028​;20250612_105113;1;FO2;0,1317;1,4326;0,0980;0,0879;0,0574;0,0362;-0,9938;;False
648,64;1.98;pa028​;20250612_105113;1;FO2;0,1314;1,4327;0,0999;0,0875;0,0579;0,0363;-0,9938;;False
648,66;1.99;pa028​;20250612_105113;1;FO2;0,1310;1,4326;0,1019;0,0873;0,0581;0,0368;-0,9938;;False
648,67;2.01;pa028​;20250612_105113;1;FO2;0,1305;1,4323;0,1040;0,0872;0,0580;0,0376;-0,9938;;False
648,69;2.02;pa028​;20250612_105113;1;FO2;0,1299;1,4321;0,1063;0,0874;0,0579;0,0381;-0,9938;;False
648,70;2.04;pa028​;20250612_105113;1;FO2;0,1293;1,4318;0,1087;0,0876;0,0574;0,0381;-0,9938;;False
648,71;2.05;pa028​;20250612_105113;1;FO2;0,1285;1,4316;0,1113;0,0881;0,0567;0,0376;-0,9938;;False
648,73;2.06;pa028​;20250612_105113;1;FO2;0,1276;1,4316;0,1136;0,0883;0,0560;0,0367;-0,9938;;False
648,74;2.08;pa028​;20250612_105113;1;FO2;0,1266;1,4315;0,1161;0,0886;0,0556;0,0356;-0,9939;;False
648,75;2.09;pa028​;20250612_105113;1;FO2;0,1255;1,4315;0,1187;0,0888;0,0551;0,0349;-0,9939;;False
648,77;2.11;pa028​;20250612_105113;1;FO2;0,1243;1,4319;0,1214;0,0895;0,0551;0,0343;-0,9939;;False
648,79;2.12;pa028​;20250612_105113;1;FO2;0,1230;1,4332;0,1243;0,0903;0,0556;0,0340;-0,9938;;False
648,80;2.14;pa028​;20250612_105113;1;FO2;0,1217;1,4343;0,1273;0,0920;0,0558;0,0342;-0,9936;;False
648,81;2.15;pa028​;20250612_105113;1;FO2;0,1205;1,4353;0,1303;0,0926;0,0561;0,0347;-0,9935;;False
648,83;2.16;pa028​;20250612_105113;1;FO2;0,1192;1,4363;0,1332;0,0926;0,0564;0,0351;-0,9935;;False
648,84;2.18;pa028​;20250612_105113;1;FO2;0,1178;1,4373;0,1358;0,0920;0,0566;0,0353;-0,9935;;False
648,85;2.19;pa028​;20250612_105113;1;FO2;0,1163;1,4382;0,1383;0,0919;0,0566;0,0356;-0,9935;;False
648,87;2.21;pa028​;20250612_105113;1;FO2;0,1147;1,4382;0,1405;0,0941;0,0566;0,0362;-0,9933;;False
648,88;2.22;pa028​;20250612_105113;1;FO2;0,1131;1,4375;0,1420;0,0939;0,0566;0,0371;-0,9933;;False
648,90;2.23;pa028​;20250612_105113;1;FO2;0,1116;1,4370;0,1430;0,0910;0,0566;0,0378;-0,9935;;False
648,91;2.25;pa028​;20250612_105113;1;FO2;0,1101;1,4366;0,1438;0,0874;0,0560;0,0391;-0,9938;;False
648,92;2.26;pa028​;20250612_105113;1;FO2;0,1087;1,4371;0,1446;0,0837;0,0551;0,0407;-0,9941;;False
648,94;2.28;pa028​;20250612_105113;1;FO2;0,1070;1,4388;0,1455;0,0817;0,0536;0,0422;-0,9943;;False
648,95;2.29;pa028​;20250612_105113;1;FO2;0,1053;1,4409;0,1468;0,0845;0,0518;0,0434;-0,9941;;False
648,96;2.3;pa028​;20250612_105113;1;FO2;0,1032;1,4418;0,1477;0,0907;0,0501;0,0442;-0,9936;;False
648,98;2.32;pa028​;20250612_105113;1;FO2;0,1010;1,4418;0,1478;0,0928;0,0494;0,0443;-0,9935;;False
648,99;2.33;pa028​;20250612_105113;1;FO2;0,0988;1,4416;0,1481;0,0915;0,0495;0,0436;-0,9936;;False
649,00;2.34;pa028​;20250612_105113;1;FO2;0,0966;1,4414;0,1487;0,0898;0,0499;0,0426;-0,9938;;False
649,02;2.36;pa028​;20250612_105113;1;FO2;0,0944;1,4417;0,1493;0,0877;0,0499;0,0431;-0,9940;;False
649,03;2.37;pa028​;20250612_105113;1;FO2;0,0921;1,4418;0,1499;0,0867;0,0500;0,0441;-0,9940;;False
649,05;2.38;pa028​;20250612_105113;1;FO2;0,0898;1,4406;0,1503;0,0852;0,0502;0,0448;-0,9941;;False
649,06;2.4;pa028​;20250612_105113;1;FO2;0,0879;1,4394;0,1507;0,0827;0,0507;0,0445;-0,9943;;False
649,07;2.41;pa028​;20250612_105113;1;FO2;0,0860;1,4385;0,1513;0,0816;0,0505;0,0433;-0,9944;;False
649,09;2.43;pa028​;20250612_105113;1;FO2;0,0841;1,4384;0,1524;0,0818;0,0499;0,0417;-0,9945;;False
649,10;2.44;pa028​;20250612_105113;1;FO2;0,0823;1,4383;0,1535;0,0824;0,0491;0,0409;-0,9945;;False
649,12;2.45;pa028​;20250612_105113;1;FO2;0,0804;1,4383;0,1547;0,0818;0,0486;0,0399;-0,9947;;False
649,13;2.47;pa028​;20250612_105113;1;FO2;0,0789;1,4387;0,1561;0,0809;0,0490;0,0381;-0,9948;;False
649,14;2.48;pa028​;20250612_105113;1;FO2;0,0772;1,4388;0,1576;0,0805;0,0491;0,0374;-0,9948;;False
649,16;2.5;pa028​;20250612_105113;1;FO2;0,0756;1,4385;0,1591;0,0788;0,0497;0,0373;-0,9950;;False
649,17;2.51;pa028​;20250612_105113;1;FO2;0,0742;1,4383;0,1605;0,0768;0,0505;0,0361;-0,9951;;False
649,19;2.52;pa028​;20250612_105113;1;FO2;0,0729;1,4386;0,1620;0,0756;0,0511;0,0344;-0,9952;;False
649,20;2.54;pa028​;20250612_105113;1;FO2;0,0718;1,4390;0,1637;0,0753;0,0522;0,0334;-0,9952;;False
649,21;2.55;pa028​;20250612_105113;1;FO2;0,0707;1,4391;0,1652;0,0756;0,0528;0,0334;-0,9952;;False
649,23;2.56;pa028​;20250612_105113;1;FO2;0,0697;1,4389;0,1666;0,0745;0,0534;0,0344;-0,9952;;False
649,24;2.58;pa028​;20250612_105113;1;FO2;0,0688;1,4385;0,1681;0,0748;0,0536;0,0352;-0,9951;;False
649,25;2.59;pa028​;20250612_105113;1;FO2;0,0680;1,4379;0,1693;0,0743;0,0531;0,0363;-0,9952;;False
649,27;2.61;pa028​;20250612_105113;1;FO2;0,0672;1,4371;0,1706;0,0726;0,0522;0,0375;-0,9953;;False
649,29;2.62;pa028​;20250612_105113;1;FO2;0,0667;1,4361;0,1721;0,0685;0,0508;0,0376;-0,9956;;False
649,30;2.64;pa028​;20250612_105113;1;FO2;0,0663;1,4353;0,1734;0,0639;0,0494;0,0379;-0,9960;;False
649,31;2.65;pa028​;20250612_105113;1;FO2;0,0657;1,4343;0,1749;0,0590;0,0475;0,0385;-0,9964;;False
649,33;2.66;pa028​;20250612_105113;1;FO2;0,0651;1,4333;0,1767;0,0544;0,0461;0,0389;-0,9967;;False
649,34;2.68;pa028​;20250612_105113;1;FO2;0,0645;1,4322;0,1786;0,0518;0,0452;0,0380;-0,9969;;False
649,35;2.69;pa028​;20250612_105113;1;FO2;0,0636;1,4316;0,1803;0,0489;0,0447;0,0367;-0,9971;;False
649,37;2.7;pa028​;20250612_105113;1;FO2;0,0629;1,4309;0,1819;0,0453;0,0445;0,0366;-0,9973;;False
649,38;2.72;pa028​;20250612_105113;1;FO2;0,0622;1,4299;0,1836;0,0416;0,0447;0,0360;-0,9975;;False
649,39;2.73;pa028​;20250612_105113;1;FO2;0,0618;1,4289;0,1852;0,0362;0,0450;0,0360;-0,9977;Collision avec Debut - Objet Parent SceneAnchor;False
649,41;2.74;pa028​;20250612_105113;1;FO2;0,0613;1,4283;0,1871;0,0300;0,0452;0,0360;-0,9979;Collision avec Debut - Objet Parent SceneAnchor;False
649,42;2.76;pa028​;20250612_105113;1;FO2;0,0608;1,4275;0,1893;0,0269;0,0453;0,0356;-0,9980;Collision avec Debut - Objet Parent SceneAnchor;False
649,44;2.77;pa028​;20250612_105113;1;FO2;0,0602;1,4268;0,1914;0,0249;0,0454;0,0357;-0,9980;Collision avec Debut - Objet Parent SceneAnchor;False
649,45;2.79;pa028​;20250612_105113;1;FO2;0,0597;1,4260;0,1932;0,0230;0,0458;0,0357;-0,9980;Collision avec Debut - Objet Parent SceneAnchor;False
649,47;2.8;pa028​;20250612_105113;1;FO2;0,0594;1,4250;0,1952;0,0200;0,0462;0,0357;-0,9981;Collision avec Debut - Objet Parent SceneAnchor;False
649,48;2.82;pa028​;20250612_105113;1;FO2;0,0592;1,4243;0,1974;0,0156;0,0463;0,0355;-0,9982;Collision avec Debut - Objet Parent SceneAnchor;False
649,50;2.83;pa028​;20250612_105113;1;FO2;0,0589;1,4239;0,1992;0,0117;0,0461;0,0353;-0,9982;Collision avec Debut - Objet Parent SceneAnchor;False
649,51;2.85;pa028​;20250612_105113;1;FO2;0,0586;1,4239;0,2011;0,0107;0,0458;0,0348;-0,9983;Collision avec Debut - Objet Parent SceneAnchor;False
649,53;2.86;pa028​;20250612_105113;1;FO2;0,0585;1,4247;0,2028;0,0147;0,0460;0,0337;-0,9983;Collision avec Debut - Objet Parent SceneAnchor;False
649,54;2.88;pa028​;20250612_105113;1;FO2;0,0583;1,4259;0,2041;0,0216;0,0463;0,0331;-0,9981;Collision avec Debut - Objet Parent SceneAnchor;False
649,56;2.89;pa028​;20250612_105113;1;FO2;0,0580;1,4267;0,2050;0,0296;0,0468;0,0338;-0,9979;Collision avec Debut - Objet Parent SceneAnchor;False
649,57;2.91;pa028​;20250612_105113;1;FO2;0,0577;1,4275;0,2057;0,0353;0,0475;0,0342;-0,9977;Collision avec Debut - Objet Parent SceneAnchor;False
649,58;2.92;pa028​;20250612_105113;1;FO2;0,0576;1,4282;0,2064;0,0404;0,0487;0,0346;-0,9974;Collision avec Debut - Objet Parent SceneAnchor;False
649,60;2.94;pa028​;20250612_105113;1;FO2;0,0573;1,4288;0,2069;0,0454;0,0493;0,0347;-0,9971;Collision avec Debut - Objet Parent SceneAnchor;False
649,61;2.95;pa028​;20250612_105113;1;FO2;0,0571;1,4294;0,2075;0,0498;0,0506;0,0350;-0,9969;Collision avec Debut - Objet Parent SceneAnchor;False
649,63;2.97;pa028​;20250612_105113;1;FO2;0,0567;1,4296;0,2078;0,0538;0,0513;0,0355;-0,9966;Collision avec Debut - Objet Parent SceneAnchor;False
649,64;2.98;pa028​;20250612_105113;1;FO2;0,0565;1,4298;0,2080;0,0570;0,0521;0,0359;-0,9964;Collision avec Debut - Objet Parent SceneAnchor;False
649,66;2.99;pa028​;20250612_105113;1;FO2;0,0560;1,4301;0,2084;0,0596;0,0524;0,0358;-0,9962;Collision avec Debut - Objet Parent SceneAnchor;False
649,67;3.01;pa028​;20250612_105113;1;FO2;0,0554;1,4303;0,2086;0,0616;0,0529;0,0363;-0,9960;Collision avec Debut - Objet Parent SceneAnchor;False
649,69;3.02;pa028​;20250612_105113;1;FO2;0,0543;1,4302;0,2089;0,0644;0,0542;0,0373;-0,9958;Collision avec Debut - Objet Parent SceneAnchor;False
649,70;3.04;pa028​;20250612_105113;1;FO2;0,0537;1,4300;0,2091;0,0632;0,0553;0,0372;-0,9958;Collision avec Debut - Objet Parent SceneAnchor;False
649,71;3.05;pa028​;20250612_105113;1;FO2;0,0530;1,4297;0,2091;0,0611;0,0561;0,0371;-0,9959;Collision avec Debut - Objet Parent SceneAnchor;False
649,73;3.07;pa028​;20250612_105113;1;FO2;0,0522;1,4297;0,2092;0,0598;0,0568;0,0371;-0,9959;Collision avec Debut - Objet Parent SceneAnchor;False
649,74;3.08;pa028​;20250612_105113;1;FO2;0,0514;1,4297;0,2094;0,0592;0,0575;0,0370;-0,9959;Collision avec Debut - Objet Parent SceneAnchor;False
649,76;3.1;pa028​;20250612_105113;1;FO2;0,0506;1,4295;0,2096;0,0593;0,0578;0,0373;-0,9959;Collision avec Debut - Objet Parent SceneAnchor;False
649,77;3.11;pa028​;20250612_105113;1;FO2;0,0497;1,4289;0,2096;0,0579;0,0579;0,0374;-0,9959;Collision avec Debut - Objet Parent SceneAnchor;False
649,79;3.13;pa028​;20250612_105113;1;FO2;0,0491;1,4285;0,2097;0,0549;0,0579;0,0369;-0,9961;Collision avec Debut - Objet Parent SceneAnchor;False
649,81;3.14;pa028​;20250612_105113;1;FO2;0,0484;1,4283;0,2101;0,0520;0,0572;0,0363;-0,9964;Collision avec Debut - Objet Parent SceneAnchor;False
649,82;3.16;pa028​;20250612_105113;1;FO2;0,0475;1,4280;0,2104;0,0504;0,0565;0,0366;-0,9965;Collision avec Debut - Objet Parent SceneAnchor;False
649,84;3.17;pa028​;20250612_105113;1;FO2;0,0466;1,4276;0,2105;0,0487;0,0557;0,0377;-0,9966;Collision avec Debut - Objet Parent SceneAnchor;False
649,85;3.19;pa028​;20250612_105113;1;FO2;0,0448;1,4267;0,2107;0,0449;0,0544;0,0391;-0,9967;Collision avec Debut - Objet Parent SceneAnchor;False
649,87;3.21;pa028​;20250612_105113;1;FO2;0,0440;1,4258;0,2107;0,0415;0,0533;0,0402;-0,9969;Collision avec Debut - Objet Parent SceneAnchor;False
649,88;3.22;pa028​;20250612_105113;1;FO2;0,0431;1,4250;0,2111;0,0363;0,0515;0,0400;-0,9972;Collision avec Debut - Objet Parent SceneAnchor;False
649,90;3.24;pa028​;20250612_105113;1;FO2;0,0421;1,4242;0,2117;0,0313;0,0497;0,0401;-0,9975;Collision avec Debut - Objet Parent SceneAnchor;False
649,91;3.25;pa028​;20250612_105113;1;FO2;0,0409;1,4233;0,2124;0,0263;0,0481;0,0409;-0,9977;Collision avec Debut - Objet Parent SceneAnchor;False
649,93;3.27;pa028​;20250612_105113;1;FO2;0,0398;1,4222;0,2129;0,0230;0,0471;0,0415;-0,9978;Collision avec Debut - Objet Parent SceneAnchor;False
649,94;3.28;pa028​;20250612_105113;1;FO2;0,0385;1,4218;0,2128;0,0203;0,0462;0,0415;-0,9979;Collision avec Debut - Objet Parent SceneAnchor;False
649,96;3.3;pa028​;20250612_105113;1;FO2;0,0371;1,4219;0,2129;0,0194;0,0456;0,0421;-0,9979;Collision avec Debut - Objet Parent SceneAnchor;False
649,98;3.32;pa028​;20250612_105113;1;FO2;0,0345;1,4212;0,2132;0,0184;0,0443;0,0440;-0,9979;Collision avec Debut - Objet Parent SceneAnchor;False
649,99;3.33;pa028​;20250612_105113;1;FO2;0,0333;1,4210;0,2129;0,0192;0,0438;0,0440;-0,9979;Collision avec Debut - Objet Parent SceneAnchor;False
650,01;3.35;pa028​;20250612_105113;1;FO2;0,0320;1,4214;0,2125;0,0221;0,0434;0,0437;-0,9979;Collision avec Debut - Objet Parent SceneAnchor;False
650,03;3.37;pa028​;20250612_105113;1;FO2;0,0307;1,4213;0,2122;0,0241;0,0427;0,0446;-0,9978;Collision avec Debut - Objet Parent SceneAnchor;False
650,05;3.38;pa028​;20250612_105113;1;FO2;0,0294;1,4210;0,2118;0,0236;0,0420;0,0447;-0,9978;Collision avec Debut - Objet Parent SceneAnchor;False
650,06;3.4;pa028​;20250612_105113;1;FO2;0,0268;1,4200;0,2112;0,0207;0,0405;0,0435;-0,9980;Collision avec Debut - Objet Parent SceneAnchor;False
650,08;3.42;pa028​;20250612_105113;1;FO2;0,0256;1,4194;0,2109;0,0144;0,0397;0,0416;-0,9982;Collision avec Debut - Objet Parent SceneAnchor;False
650,09;3.43;pa028​;20250612_105113;1;FO2;0,0242;1,4188;0,2106;0,0073;0,0393;0,0414;-0,9983;Collision avec Debut - Objet Parent SceneAnchor;False
650,11;3.45;pa028​;20250612_105113;1;FO2;0,0225;1,4178;0,2103;-0,0007;0,0393;0,0422;-0,9983;Collision avec Debut - Objet Parent SceneAnchor;False
650,12;3.46;pa028​;20250612_105113;1;FO2;0,0211;1,4167;0,2102;-0,0097;0,0404;0,0427;-0,9982;Collision avec Debut - Objet Parent SceneAnchor;False
650,14;3.48;pa028​;20250612_105113;1;FO2;0,0196;1,4155;0,2101;-0,0180;0,0409;0,0431;-0,9981;Collision avec Debut - Objet Parent SceneAnchor;False
650,15;3.49;pa028​;20250612_105113;1;FO2;0,0182;1,4145;0,2101;-0,0267;0,0408;0,0429;-0,9979;Collision avec Debut - Objet Parent SceneAnchor;False
650,17;3.51;pa028​;20250612_105113;1;FO2;0,0169;1,4131;0,2101;-0,0353;0,0406;0,0432;-0,9976;Collision avec Debut - Objet Parent SceneAnchor;False
650,19;3.52;pa028​;20250612_105113;1;FO2;0,0141;1,4100;0,2101;-0,0538;0,0397;0,0433;-0,9968;Collision avec Debut - Objet Parent SceneAnchor;False
650,20;3.54;pa028​;20250612_105113;1;FO2;0,0128;1,4077;0,2101;-0,0660;0,0387;0,0428;-0,9961;Collision avec Debut - Objet Parent SceneAnchor;False
650,22;3.55;pa028​;20250612_105113;1;FO2;0,0113;1,4054;0,2101;-0,0802;0,0376;0,0419;-0,9952;Collision avec Debut - Objet Parent SceneAnchor;False
650,23;3.57;pa028​;20250612_105113;1;FO2;0,0098;1,4028;0,2101;-0,0959;0,0364;0,0414;-0,9939;Collision avec Debut - Objet Parent SceneAnchor;False
650,25;3.59;pa028​;20250612_105113;1;FO2;0,0084;1,3997;0,2099;-0,1108;0,0360;0,0404;-0,9924;Collision avec Debut - Objet Parent SceneAnchor;False
650,26;3.6;pa028​;20250612_105113;1;FO2;0,0068;1,3970;0,2095;-0,1270;0,0361;0,0383;-0,9905;Collision avec Debut - Objet Parent SceneAnchor;False
650,28;3.62;pa028​;20250612_105113;1;FO2;0,0053;1,3954;0,2093;-0,1413;0,0361;0,0364;-0,9886;Collision avec Debut - Objet Parent SceneAnchor;False
650,29;3.63;pa028​;20250612_105113;1;FO2;0,0039;1,3936;0,2099;-0,1506;0,0368;0,0353;-0,9873;Collision avec Debut - Objet Parent SceneAnchor;False
650,31;3.65;pa028​;20250612_105113;1;FO2;0,0020;1,3908;0,2101;-0,1551;0,0361;0,0353;-0,9866;Collision avec Debut - Objet Parent SceneAnchor;False
650,32;3.66;pa028​;20250612_105113;1;FO2;0,0005;1,3888;0,2099;-0,1638;0,0360;0,0344;-0,9852;Collision avec Debut - Objet Parent SceneAnchor;False
650,34;3.67;pa028​;20250612_105113;1;FO2;-0,0005;1,3876;0,2100;-0,1698;0,0359;0,0307;-0,9843;Collision avec Debut - Objet Parent SceneAnchor;False
650,35;3.69;pa028​;20250612_105113;1;FO2;-0,0030;1,3850;0,2105;-0,1783;0,0346;0,0241;-0,9831;Collision avec Debut - Objet Parent SceneAnchor;False
650,37;3.71;pa028​;20250612_105113;1;FO2;-0,0044;1,3851;0,2103;-0,1765;0,0346;0,0221;-0,9834;Collision avec Debut - Objet Parent SceneAnchor;False
650,38;3.72;pa028​;20250612_105113;1;FO2;-0,0057;1,3846;0,2103;-0,1755;0,0361;0,0214;-0,9836;Collision avec Debut - Objet Parent SceneAnchor;False
650,40;3.74;pa028​;20250612_105113;1;FO2;-0,0071;1,3846;0,2102;-0,1733;0,0375;0,0204;-0,9839;Collision avec Debut - Objet Parent SceneAnchor;False
650,41;3.75;pa028​;20250612_105113;1;FO2;-0,0083;1,3851;0,2102;-0,1698;0,0395;0,0201;-0,9845;Collision avec Debut - Objet Parent SceneAnchor;False
650,43;3.77;pa028​;20250612_105113;1;FO2;-0,0093;1,3857;0,2100;-0,1663;0,0418;0,0206;-0,9850;Collision avec Debut - Objet Parent SceneAnchor;False
650,44;3.78;pa028​;20250612_105113;1;FO2;-0,0102;1,3865;0,2098;-0,1622;0,0439;0,0214;-0,9855;Collision avec Debut - Objet Parent SceneAnchor;False
650,46;3.8;pa028​;20250612_105113;1;FO2;-0,0110;1,3877;0,2098;-0,1568;0,0458;0,0219;-0,9863;Collision avec Debut - Objet Parent SceneAnchor;False
650,47;3.81;pa028​;20250612_105113;1;FO2;-0,0117;1,3892;0,2097;-0,1490;0,0475;0,0223;-0,9874;Collision avec Debut - Objet Parent SceneAnchor;False
650,49;3.83;pa028​;20250612_105113;1;FO2;-0,0122;1,3912;0,2097;-0,1389;0,0493;0,0229;-0,9888;Collision avec Debut - Objet Parent SceneAnchor;False
650,50;3.84;pa028​;20250612_105113;1;FO2;-0,0131;1,3956;0,2093;-0,1181;0,0522;0,0242;-0,9913;Collision avec Debut - Objet Parent SceneAnchor;False
650,52;3.86;pa028​;20250612_105113;1;FO2;-0,0135;1,3989;0,2091;-0,1018;0,0523;0,0253;-0,9931;Collision avec Debut - Objet Parent SceneAnchor;False
650,54;3.87;pa028​;20250612_105113;1;FO2;-0,0135;1,4021;0,2087;-0,0816;0,0527;0,0283;-0,9949;Collision avec Debut - Objet Parent SceneAnchor;False
650,55;3.89;pa028​;20250612_105113;1;FO2;-0,0137;1,4057;0,2081;-0,0623;0,0528;0,0306;-0,9962;Collision avec Debut - Objet Parent SceneAnchor;False
650,57;3.9;pa028​;20250612_105113;1;FO2;-0,0135;1,4091;0,2071;-0,0422;0,0527;0,0329;-0,9972;Collision avec Debut - Objet Parent SceneAnchor;False
650,58;3.92;pa028​;20250612_105113;1;FO2;-0,0134;1,4121;0,2061;-0,0247;0,0521;0,0343;-0,9977;Collision avec Debut - Objet Parent SceneAnchor;False
650,60;3.93;pa028​;20250612_105113;1;FO2;-0,0131;1,4144;0,2048;-0,0090;0,0511;0,0360;-0,9980;Collision avec Debut - Objet Parent SceneAnchor;False
650,61;3.95;pa028​;20250612_105113;1;FO2;-0,0127;1,4163;0,2034;0,0037;0,0499;0,0366;-0,9981;Collision avec Debut - Objet Parent SceneAnchor;False
650,63;3.96;pa028​;20250612_105113;1;FO2;-0,0123;1,4178;0,2014;0,0143;0,0482;0,0368;-0,9981;Collision avec Debut - Objet Parent SceneAnchor;False
650,64;3.98;pa028​;20250612_105113;1;FO2;-0,0115;1,4191;0,1995;0,0228;0,0471;0,0377;-0,9979;Collision avec Debut - Objet Parent SceneAnchor;False
650,66;3.99;pa028​;20250612_105113;1;FO2;-0,0110;1,4210;0,1985;0,0294;0,0449;0,0381;-0,9978;Collision avec Debut - Objet Parent SceneAnchor;False
650,67;4.01;pa028​;20250612_105113;1;FO2;-0,0106;1,4227;0,1979;0,0385;0,0428;0,0388;-0,9976;Collision avec Debut - Objet Parent SceneAnchor;False
650,69;4.02;pa028​;20250612_105113;1;FO2;-0,0096;1,4254;0,1963;0,0588;0,0403;0,0405;-0,9966;Collision avec Debut - Objet Parent SceneAnchor;False
650,70;4.04;pa028​;20250612_105113;1;FO2;-0,0093;1,4265;0,1955;0,0660;0,0392;0,0414;-0,9962;Collision avec Debut - Objet Parent SceneAnchor;False
650,72;4.05;pa028​;20250612_105113;1;FO2;-0,0088;1,4277;0,1946;0,0717;0,0387;0,0416;-0,9958;Collision avec Debut - Objet Parent SceneAnchor;False
650,73;4.07;pa028​;20250612_105113;1;FO2;-0,0082;1,4288;0,1940;0,0782;0,0384;0,0417;-0,9953;Collision avec Debut - Objet Parent SceneAnchor;False
650,75;4.08;pa028​;20250612_105113;1;FO2;-0,0076;1,4299;0,1935;0,0848;0,0383;0,0426;-0,9947;Collision avec Debut - Objet Parent SceneAnchor;False
650,76;4.1;pa028​;20250612_105113;1;FO2;-0,0070;1,4312;0,1931;0,0921;0,0377;0,0432;-0,9941;Collision avec Debut - Objet Parent SceneAnchor;False
650,78;4.11;pa028​;20250612_105113;1;FO2;-0,0063;1,4325;0,1926;0,0990;0,0372;0,0445;-0,9934;Collision avec Debut - Objet Parent SceneAnchor;False
650,79;4.13;pa028​;20250612_105113;1;FO2;-0,0058;1,4336;0,1919;0,1049;0,0359;0,0450;-0,9928;Collision avec Debut - Objet Parent SceneAnchor;False
650,80;4.14;pa028​;20250612_105113;1;FO2;-0,0053;1,4343;0,1913;0,1089;0,0348;0,0456;-0,9924;Collision avec Debut - Objet Parent SceneAnchor;False
650,82;4.16;pa028​;20250612_105113;1;FO2;-0,0046;1,4352;0,1909;0,1128;0,0341;0,0461;-0,9920;Collision avec Debut - Objet Parent SceneAnchor;False
650,83;4.17;pa028​;20250612_105113;1;FO2;-0,0041;1,4363;0,1905;0,1188;0,0333;0,0469;-0,9912;Collision avec Debut - Objet Parent SceneAnchor;False
650,85;4.18;pa028​;20250612_105113;1;FO2;-0,0038;1,4374;0,1900;0,1242;0,0325;0,0485;-0,9905;Collision avec Debut - Objet Parent SceneAnchor;False
650,86;4.2;pa028​;20250612_105113;1;FO2;-0,0033;1,4380;0,1897;0,1283;0,0318;0,0500;-0,9900;Collision avec Debut - Objet Parent SceneAnchor;False
650,87;4.21;pa028​;20250612_105113;1;FO2;-0,0028;1,4384;0,1892;0,1308;0,0310;0,0503;-0,9897;Collision avec Debut - Objet Parent SceneAnchor;False
650,89;4.23;pa028​;20250612_105113;1;FO2;-0,0025;1,4389;0,1890;0,1326;0,0303;0,0503;-0,9894;Collision avec Debut - Objet Parent SceneAnchor;False
650,91;4.24;pa028​;20250612_105113;1;FO2;-0,0022;1,4395;0,1890;0,1344;0,0297;0,0509;-0,9892;Collision avec Debut - Objet Parent SceneAnchor;False
650,92;4.26;pa028​;20250612_105113;1;FO2;-0,0016;1,4401;0,1888;0,1404;0,0284;0,0531;-0,9883;Collision avec Debut - Objet Parent SceneAnchor;False
650,94;4.27;pa028​;20250612_105113;1;FO2;-0,0016;1,4402;0,1888;0,1420;0,0275;0,0544;-0,9880;Collision avec Debut - Objet Parent SceneAnchor;False
650,95;4.29;pa028​;20250612_105113;1;FO2;-0,0016;1,4402;0,1888;0,1423;0,0269;0,0550;-0,9879;Collision avec Debut - Objet Parent SceneAnchor;False
650,96;4.3;pa028​;20250612_105113;1;FO2;-0,0016;1,4402;0,1891;0,1430;0,0267;0,0552;-0,9878;Collision avec Debut - Objet Parent SceneAnchor;False
650,98;4.32;pa028​;20250612_105113;1;FO2;-0,0014;1,4405;0,1890;0,1437;0,0259;0,0556;-0,9877;Collision avec Debut - Objet Parent SceneAnchor;False
650,99;4.33;pa028​;20250612_105113;1;FO2;-0,0016;1,4404;0,1895;0,1445;0,0253;0,0558;-0,9876;Collision avec Debut - Objet Parent SceneAnchor;False
651,01;4.35;pa028​;20250612_105113;1;FO2;-0,0020;1,4407;0,1905;0,1454;0,0245;0,0555;-0,9875;Collision avec Debut - Objet Parent SceneAnchor;False
651,02;4.36;pa028​;20250612_105113;1;FO2;-0,0021;1,4409;0,1911;0,1459;0,0238;0,0551;-0,9875;Collision avec Debut - Objet Parent SceneAnchor;False
651,04;4.38;pa028​;20250612_105113;1;FO2;-0,0022;1,4408;0,1918;0,1447;0,0235;0,0552;-0,9877;Collision avec Debut - Objet Parent SceneAnchor;False
651,05;4.39;pa028​;20250612_105113;1;FO2;-0,0024;1,4407;0,1926;0,1431;0,0232;0,0553;-0,9879;Collision avec Debut - Objet Parent SceneAnchor;False
651,07;4.41;pa028​;20250612_105113;1;FO2;-0,0025;1,4406;0,1937;0,1409;0,0232;0,0554;-0,9882;Collision avec Debut - Objet Parent SceneAnchor;False
651,08;4.42;pa028​;20250612_105113;1;FO2;-0,0026;1,4406;0,1949;0,1393;0,0230;0,0556;-0,9884;Collision avec Debut - Objet Parent SceneAnchor;False
651,10;4.44;pa028​;20250612_105113;1;FO2;-0,0028;1,4403;0,1964;0,1384;0,0227;0,0564;-0,9885;Collision avec Debut - Objet Parent SceneAnchor;False
651,11;4.45;pa028​;20250612_105113;1;FO2;-0,0030;1,4397;0,1981;0,1368;0,0226;0,0578;-0,9887;Collision avec Debut - Objet Parent SceneAnchor;False
651,13;4.46;pa028​;20250612_105113;1;FO2;-0,0032;1,4388;0,1998;0,1349;0,0225;0,0591;-0,9888;Collision avec Debut - Objet Parent SceneAnchor;False
651,14;4.48;pa028​;20250612_105113;1;FO2;-0,0033;1,4377;0,2015;0,1333;0,0221;0,0602;-0,9890;Collision avec Debut - Objet Parent SceneAnchor;False
651,16;4.5;pa028​;20250612_105113;1;FO2;-0,0035;1,4349;0,2052;0,1292;0,0215;0,0627;-0,9894;Collision avec Debut - Objet Parent SceneAnchor;False
651,17;4.51;pa028​;20250612_105113;1;FO2;-0,0035;1,4334;0,2074;0,1275;0,0206;0,0626;-0,9896;Collision avec Debut - Objet Parent SceneAnchor;False
651,19;4.53;pa028​;20250612_105113;1;FO2;-0,0035;1,4319;0,2095;0,1256;0,0196;0,0620;-0,9900;Collision avec Debut - Objet Parent SceneAnchor;False
651,21;4.54;pa028​;20250612_105113;1;FO2;-0,0034;1,4304;0,2118;0,1211;0,0189;0,0613;-0,9906;Collision avec Debut - Objet Parent SceneAnchor;False
651,22;4.56;pa028​;20250612_105113;1;FO2;-0,0034;1,4289;0,2144;0,1167;0,0175;0,0609;-0,9911;Collision avec Debut - Objet Parent SceneAnchor;False
651,24;4.57;pa028​;20250612_105113;1;FO2;-0,0034;1,4280;0,2171;0,1111;0,0159;0,0612;-0,9918;Collision avec Debut - Objet Parent SceneAnchor;False
651,25;4.59;pa028​;20250612_105113;1;FO2;-0,0034;1,4273;0,2200;0,1057;0,0148;0,0622;-0,9923;Collision avec Debut - Objet Parent SceneAnchor;False
651,27;4.6;pa028​;20250612_105113;1;FO2;-0,0036;1,4268;0,2229;0,0999;0,0142;0,0622;-0,9930;Collision avec Debut - Objet Parent SceneAnchor;False
651,28;4.62;pa028​;20250612_105113;1;FO2;-0,0037;1,4262;0,2261;0,0939;0,0140;0,0611;-0,9936;Collision avec Debut - Objet Parent SceneAnchor;False
651,30;4.64;pa028​;20250612_105113;1;FO2;-0,0039;1,4252;0,2327;0,0820;0,0137;0,0593;-0,9948;Collision avec Debut - Objet Parent SceneAnchor;False
651,31;4.65;pa028​;20250612_105113;1;FO2;-0,0043;1,4249;0,2363;0,0782;0,0130;0,0584;-0,9951;Collision avec Debut - Objet Parent SceneAnchor;False
651,33;4.67;pa028​;20250612_105113;1;FO2;-0,0046;1,4250;0,2400;0,0767;0,0128;0,0575;-0,9953;Collision avec Debut - Objet Parent SceneAnchor;False
651,34;4.68;pa028​;20250612_105113;1;FO2;-0,0049;1,4250;0,2436;0,0756;0,0124;0,0566;-0,9955;Collision avec Debut - Objet Parent SceneAnchor;False
651,36;4.7;pa028​;20250612_105113;1;FO2;-0,0050;1,4248;0,2472;0,0756;0,0122;0,0556;-0,9955;Collision avec Debut - Objet Parent SceneAnchor;False
651,38;4.71;pa028​;20250612_105113;1;FO2;-0,0052;1,4244;0,2508;0,0765;0,0124;0,0542;-0,9955;Collision avec Debut - Objet Parent SceneAnchor;False
651,39;4.73;pa028​;20250612_105113;1;FO2;-0,0054;1,4240;0,2545;0,0776;0,0126;0,0540;-0,9954;Collision avec Debut - Objet Parent SceneAnchor;False
651,41;4.74;pa028​;20250612_105113;1;FO2;-0,0054;1,4236;0,2582;0,0788;0,0130;0,0538;-0,9953;Collision avec Debut - Objet Parent SceneAnchor;False
651,42;4.76;pa028​;20250612_105113;1;FO2;-0,0053;1,4229;0,2655;0,0790;0,0138;0,0528;-0,9954;Collision avec Debut - Objet Parent SceneAnchor;False
651,44;4.78;pa028​;20250612_105113;1;FO2;-0,0049;1,4223;0,2694;0,0783;0,0146;0,0527;-0,9954;Collision avec Debut - Objet Parent SceneAnchor;False
651,46;4.8;pa028​;20250612_105113;1;FO2;-0,0043;1,4209;0,2738;0,0776;0,0154;0,0530;-0,9955;Collision avec Debut - Objet Parent SceneAnchor;False
651,47;4.81;pa028​;20250612_105113;1;FO2;-0,0036;1,4197;0,2783;0,0763;0,0162;0,0532;-0,9955;Collision avec Debut - Objet Parent SceneAnchor;False
651,49;4.83;pa028​;20250612_105113;1;FO2;-0,0028;1,4187;0,2827;0,0757;0,0167;0,0534;-0,9956;Collision avec Debut - Objet Parent SceneAnchor;False
651,50;4.84;pa028​;20250612_105113;1;FO2;-0,0018;1,4178;0,2872;0,0750;0,0174;0,0532;-0,9956;Collision avec Debut - Objet Parent SceneAnchor;False
651,52;4.85;pa028​;20250612_105113;1;FO2;-0,0006;1,4169;0,2918;0,0736;0,0181;0,0527;-0,9957;Collision avec Debut - Objet Parent SceneAnchor;False
651,53;4.87;pa028​;20250612_105113;1;FO2;0,0006;1,4162;0,2966;0,0729;0,0186;0,0526;-0,9958;Collision avec Debut - Objet Parent SceneAnchor;False
651,55;4.88;pa028​;20250612_105113;1;FO2;0,0029;1,4148;0,3066;0,0714;0,0201;0,0540;-0,9958;;False
651,56;4.9;pa028​;20250612_105113;1;FO2;0,0043;1,4140;0,3120;0,0718;0,0213;0,0544;-0,9957;;False
651,58;4.91;pa028​;20250612_105113;1;FO2;0,0059;1,4134;0,3176;0,0717;0,0228;0,0532;-0,9957;;False
651,59;4.93;pa028​;20250612_105113;1;FO2;0,0075;1,4128;0,3234;0,0719;0,0240;0,0518;-0,9958;;False
651,61;4.94;pa028​;20250612_105113;1;FO2;0,0092;1,4121;0,3291;0,0717;0,0247;0,0505;-0,9958;;False
651,62;4.96;pa028​;20250612_105113;1;FO2;0,0111;1,4115;0,3350;0,0711;0,0254;0,0487;-0,9960;;False
651,64;4.97;pa028​;20250612_105113;1;FO2;0,0131;1,4111;0,3412;0,0706;0,0256;0,0474;-0,9960;;False
651,65;4.99;pa028​;20250612_105113;1;FO2;0,0152;1,4109;0,3477;0,0715;0,0255;0,0469;-0,9960;;False
651,67;5.0;pa028​;20250612_105113;1;FO2;0,0174;1,4106;0,3542;0,0723;0,0254;0,0469;-0,9960;;False
651,68;5.02;pa028​;20250612_105113;1;FO2;0,0196;1,4102;0,3609;0,0723;0,0252;0,0473;-0,9959;;False
651,70;5.03;pa028​;20250612_105113;1;FO2;0,0218;1,4097;0,3676;0,0714;0,0251;0,0476;-0,9960;;False
651,71;5.05;pa028​;20250612_105113;1;FO2;0,0242;1,4100;0,3746;0,0694;0,0246;0,0477;-0,9961;;False
651,72;5.06;pa028​;20250612_105113;1;FO2;0,0267;1,4118;0,3823;0,0682;0,0234;0,0473;-0,9963;;False
651,74;5.08;pa028​;20250612_105113;1;FO2;0,0292;1,4134;0,3904;0,0703;0,0218;0,0474;-0,9962;;False
651,75;5.09;pa028​;20250612_105113;1;FO2;0,0317;1,4155;0,3987;0,0714;0,0197;0,0477;-0,9961;;False
651,77;5.1;pa028​;20250612_105113;1;FO2;0,0341;1,4184;0,4072;0,0725;0,0174;0,0479;-0,9961;;False
651,78;5.12;pa028​;20250612_105113;1;FO2;0,0365;1,4209;0,4161;0,0759;0,0150;0,0486;-0,9958;;False
651,80;5.14;pa028​;20250612_105113;1;FO2;0,0411;1,4256;0,4335;0,0811;0,0111;0,0484;-0,9955;;False
651,81;5.15;pa028​;20250612_105113;1;FO2;0,0434;1,4276;0,4418;0,0828;0,0095;0,0469;-0,9954;;False
651,83;5.17;pa028​;20250612_105113;1;FO2;0,0455;1,4297;0,4498;0,0823;0,0082;0,0447;-0,9956;;False
651,84;5.18;pa028​;20250612_105113;1;FO2;0,0477;1,4315;0,4577;0,0818;0,0080;0,0430;-0,9957;;False
651,86;5.2;pa028​;20250612_105113;1;FO2;0,0497;1,4329;0,4656;0,0825;0,0082;0,0414;-0,9957;;False
651,87;5.21;pa028​;20250612_105113;1;FO2;0,0516;1,4340;0,4732;0,0837;0,0088;0,0409;-0,9956;;False
651,89;5.22;pa028​;20250612_105113;1;FO2;0,0535;1,4349;0,4809;0,0852;0,0101;0,0404;-0,9955;;False
651,90;5.24;pa028​;20250612_105113;1;FO2;0,0553;1,4357;0,4885;0,0883;0,0116;0,0395;-0,9952;;False
651,92;5.26;pa028​;20250612_105113;1;FO2;0,0573;1,4360;0,4961;0,0910;0,0135;0,0388;-0,9950;;False
651,93;5.27;pa028​;20250612_105113;1;FO2;0,0592;1,4363;0,5041;0,0917;0,0151;0,0377;-0,9950;;False
651,95;5.29;pa028​;20250612_105113;1;FO2;0,0632;1,4366;0,5198;0,0931;0,0175;0,0356;-0,9949;;False
651,96;5.3;pa028​;20250612_105113;1;FO2;0,0651;1,4368;0,5277;0,0922;0,0182;0,0351;-0,9950;;False
651,98;5.32;pa028​;20250612_105113;1;FO2;0,0671;1,4363;0,5354;0,0910;0,0188;0,0352;-0,9951;;False
652,00;5.34;pa028​;20250612_105113;1;FO2;0,0689;1,4355;0,5430;0,0865;0,0197;0,0360;-0,9954;;False
652,02;5.35;pa028​;20250612_105113;1;FO2;0,0707;1,4356;0,5508;0,0829;0,0206;0,0369;-0,9957;;False
652,03;5.37;pa028​;20250612_105113;1;FO2;0,0723;1,4358;0,5586;0,0815;0,0211;0,0392;-0,9957;;False
652,04;5.38;pa028​;20250612_105113;1;FO2;0,0738;1,4361;0,5662;0,0789;0,0216;0,0428;-0,9957;;False
652,06;5.4;pa028​;20250612_105113;1;FO2;0,0751;1,4364;0,5730;0,0745;0,0219;0,0452;-0,9960;;False
652,08;5.41;pa028​;20250612_105113;1;FO2;0,0778;1,4365;0,5872;0,0664;0,0223;0,0489;-0,9963;;False
652,09;5.43;pa028​;20250612_105113;1;FO2;0,0788;1,4363;0,5943;0,0596;0,0219;0,0495;-0,9968;;False
652,10;5.44;pa028​;20250612_105113;1;FO2;0,0795;1,4362;0,6014;0,0527;0,0212;0,0484;-0,9972;;False
652,12;5.46;pa028​;20250612_105113;1;FO2;0,0801;1,4357;0,6087;0,0484;0,0210;0,0474;-0,9975;;False
652,13;5.47;pa028​;20250612_105113;1;FO2;0,0807;1,4353;0,6160;0,0453;0,0214;0,0471;-0,9976;;False
652,15;5.49;pa028​;20250612_105113;1;FO2;0,0811;1,4348;0,6232;0,0438;0,0219;0,0462;-0,9977;;False
652,17;5.5;pa028​;20250612_105113;1;FO2;0,0813;1,4344;0,6305;0,0427;0,0220;0,0458;-0,9978;;False
652,18;5.52;pa028​;20250612_105113;1;FO2;0,0812;1,4338;0,6380;0,0422;0,0216;0,0454;-0,9978;;False
652,20;5.53;pa028​;20250612_105113;1;FO2;0,0810;1,4331;0,6455;0,0412;0,0217;0,0443;-0,9979;;False
652,21;5.55;pa028​;20250612_105113;1;FO2;0,0808;1,4324;0,6527;0,0409;0,0220;0,0434;-0,9980;;False
652,23;5.57;pa028​;20250612_105113;1;FO2;0,0801;1,4309;0,6672;0,0401;0,0225;0,0416;-0,9981;;False
652,25;5.58;pa028​;20250612_105113;1;FO2;0,0795;1,4303;0,6748;0,0403;0,0233;0,0404;-0,9981;;False
652,26;5.6;pa028​;20250612_105113;1;FO2;0,0787;1,4296;0,6824;0,0418;0,0236;0,0395;-0,9981;;False
652,28;5.61;pa028​;20250612_105113;1;FO2;0,0777;1,4288;0,6900;0,0426;0,0236;0,0395;-0,9980;;False
652,29;5.63;pa028​;20250612_105113;1;FO2;0,0767;1,4280;0,6973;0,0431;0,0233;0,0395;-0,9980;;False
652,31;5.65;pa028​;20250612_105113;1;FO2;0,0756;1,4271;0,7046;0,0439;0,0225;0,0384;-0,9980;;False
652,33;5.66;pa028​;20250612_105113;1;FO2;0,0732;1,4249;0,7197;0,0455;0,0210;0,0367;-0,9981;;False
652,34;5.68;pa028​;20250612_105113;1;FO2;0,0718;1,4237;0,7274;0,0455;0,0197;0,0363;-0,9981;;False
652,36;5.69;pa028​;20250612_105113;1;FO2;0,0701;1,4229;0,7352;0,0457;0,0180;0,0362;-0,9981;;False
652,37;5.71;pa028​;20250612_105113;1;FO2;0,0685;1,4221;0,7430;0,0459;0,0168;0,0359;-0,9982;;False
652,39;5.73;pa028​;20250612_105113;1;FO2;0,0667;1,4215;0,7509;0,0460;0,0151;0,0352;-0,9982;;False
652,40;5.74;pa028​;20250612_105113;1;FO2;0,0648;1,4209;0,7589;0,0472;0,0141;0,0344;-0,9982;;False
652,42;5.76;pa028​;20250612_105113;1;FO2;0,0629;1,4203;0,7666;0,0483;0,0136;0,0335;-0,9982;;False
652,43;5.77;pa028​;20250612_105113;1;FO2;0,0610;1,4197;0,7745;0,0497;0,0134;0,0328;-0,9981;;False
652,45;5.79;pa028​;20250612_105113;1;FO2;0,0568;1,4188;0,7909;0,0527;0,0130;0,0315;-0,9980;;False
652,46;5.8;pa028​;20250612_105113;1;FO2;0,0545;1,4183;0,7994;0,0556;0,0138;0,0322;-0,9978;;False
652,48;5.82;pa028​;20250612_105113;1;FO2;0,0521;1,4176;0,8077;0,0571;0,0148;0,0327;-0,9977;;False
652,50;5.83;pa028​;20250612_105113;1;FO2;0,0499;1,4182;0,8162;0,0563;0,0162;0,0330;-0,9977;;False
652,51;5.85;pa028​;20250612_105113;1;FO2;0,0476;1,4183;0,8248;0,0572;0,0175;0,0334;-0,9977;;False
652,52;5.86;pa028​;20250612_105113;1;FO2;0,0455;1,4193;0,8337;0,0565;0,0193;0,0337;-0,9976;;False
652,53;5.87;pa028​;20250612_105113;1;FO2;0,0433;1,4215;0,8427;0,0576;0,0209;0,0332;-0,9976;;False
652,55;5.89;pa028​;20250612_105113;1;FO2;0,0413;1,4244;0,8522;0,0637;0,0224;0,0329;-0,9972;;False
652,56;5.9;pa028​;20250612_105113;1;FO2;0,0394;1,4266;0,8615;0,0698;0,0240;0,0335;-0,9967;;False
652,57;5.91;pa028​;20250612_105113;1;FO2;0,0376;1,4290;0,8704;0,0729;0,0258;0,0336;-0,9964;;False
652,59;5.93;pa028​;20250612_105113;1;FO2;0,0358;1,4310;0,8790;0,0741;0,0276;0,0325;-0,9963;;False
652,60;5.94;pa028​;20250612_105113;1;FO2;0,0343;1,4325;0,8877;0,0746;0,0294;0,0337;-0,9962;;False
652,62;5.95;pa028​;20250612_105113;1;FO2;0,0327;1,4337;0,8963;0,0746;0,0305;0,0351;-0,9961;;False
652,63;5.97;pa028​;20250612_105113;1;FO2;0,0313;1,4344;0,9047;0,0754;0,0310;0,0373;-0,9960;;False
652,64;5.98;pa028​;20250612_105113;1;FO2;0,0299;1,4346;0,9129;0,0760;0,0311;0,0403;-0,9958;;False
652,66;5.99;pa028​;20250612_105113;1;FO2;0,0284;1,4344;0,9209;0,0766;0,0302;0,0432;-0,9957;;False
652,67;6.01;pa028​;20250612_105113;1;FO2;0,0270;1,4339;0,9290;0,0773;0,0294;0,0460;-0,9955;;False
652,69;6.02;pa028​;20250612_105113;1;FO2;0,0255;1,4335;0,9371;0,0780;0,0281;0,0486;-0,9954;;False
652,70;6.04;pa028​;20250612_105113;1;FO2;0,0242;1,4331;0,9453;0,0800;0,0270;0,0505;-0,9951;;False
652,71;6.05;pa028​;20250612_105113;1;FO2;0,0229;1,4330;0,9538;0,0823;0,0259;0,0517;-0,9949;;False
652,73;6.06;pa028​;20250612_105113;1;FO2;0,0215;1,4332;0,9624;0,0854;0,0246;0,0526;-0,9947;;False
652,74;6.08;pa028​;20250612_105113;1;FO2;0,0203;1,4329;0,9709;0,0883;0,0238;0,0538;-0,9944;;False
652,75;6.09;pa028​;20250612_105113;1;FO2;0,0190;1,4324;0,9792;0,0884;0,0229;0,0540;-0,9944;;False
652,77;6.11;pa028​;20250612_105113;1;FO2;0,0179;1,4322;0,9874;0,0861;0,0226;0,0535;-0,9946;;False
652,78;6.12;pa028​;20250612_105113;1;FO2;0,0168;1,4327;0,9959;0,0832;0,0223;0,0521;-0,9949;;False
652,80;6.13;pa028​;20250612_105113;1;FO2;0,0159;1,4345;1,0045;0,0807;0,0226;0,0499;-0,9952;;False
652,81;6.15;pa028​;20250612_105113;1;FO2;0,0153;1,4363;1,0134;0,0821;0,0236;0,0481;-0,9952;;False
652,82;6.16;pa028​;20250612_105113;1;FO2;0,0145;1,4374;1,0220;0,0842;0,0250;0,0465;-0,9950;;False
652,84;6.18;pa028​;20250612_105113;1;FO2;0,0139;1,4380;1,0301;0,0840;0,0265;0,0453;-0,9951;;False
652,85;6.19;pa028​;20250612_105113;1;FO2;0,0134;1,4384;1,0382;0,0830;0,0276;0,0440;-0,9952;;False
652,87;6.2;pa028​;20250612_105113;1;FO2;0,0131;1,4387;1,0464;0,0836;0,0277;0,0435;-0,9952;;False
652,88;6.22;pa028​;20250612_105113;1;FO2;0,0129;1,4388;1,0545;0,0851;0,0272;0,0437;-0,9950;;False
652,89;6.23;pa028​;20250612_105113;1;FO2;0,0125;1,4385;1,0627;0,0870;0,0268;0,0433;-0,9949;;False
652,91;6.24;pa028​;20250612_105113;1;FO2;0,0124;1,4380;1,0710;0,0888;0,0266;0,0429;-0,9948;;False
652,92;6.26;pa028​;20250612_105113;1;FO2;0,0125;1,4374;1,0794;0,0908;0,0266;0,0426;-0,9946;;False
652,94;6.27;pa028​;20250612_105113;1;FO2;0,0126;1,4368;1,0879;0,0926;0,0263;0,0427;-0,9944;;False
652,95;6.29;pa028​;20250612_105113;1;FO2;0,0129;1,4362;1,0964;0,0943;0,0258;0,0432;-0,9943;;False
652,96;6.3;pa028​;20250612_105113;1;FO2;0,0134;1,4353;1,1051;0,0958;0,0257;0,0429;-0,9941;;False
652,98;6.31;pa028​;20250612_105113;1;FO2;0,0141;1,4343;1,1139;0,0969;0,0258;0,0421;-0,9941;;False
652,99;6.33;pa028​;20250612_105113;1;FO2;0,0150;1,4331;1,1229;0,0976;0,0261;0,0414;-0,9940;;False
653,01;6.34;pa028​;20250612_105113;1;FO2;0,0158;1,4315;1,1319;0,0987;0,0263;0,0415;-0,9939;;False
653,02;6.36;pa028​;20250612_105113;1;FO2;0,0167;1,4297;1,1410;0,0983;0,0262;0,0422;-0,9939;;False
653,03;6.37;pa028​;20250612_105113;1;FO2;0,0179;1,4280;1,1502;0,0969;0,0265;0,0431;-0,9940;;False
653,05;6.39;pa028​;20250612_105113;1;FO2;0,0190;1,4265;1,1597;0,0958;0,0267;0,0439;-0,9941;;False
653,06;6.4;pa028​;20250612_105113;1;FO2;0,0204;1,4252;1,1692;0,0946;0,0274;0,0446;-0,9941;;False
653,07;6.41;pa028​;20250612_105113;1;FO2;0,0217;1,4241;1,1787;0,0931;0,0281;0,0448;-0,9942;;False
653,09;6.43;pa028​;20250612_105113;1;FO2;0,0234;1,4234;1,1883;0,0928;0,0289;0,0449;-0,9942;;False
653,10;6.44;pa028​;20250612_105113;1;FO2;0,0251;1,4228;1,1979;0,0932;0,0295;0,0450;-0,9942;;False
653,12;6.45;pa028​;20250612_105113;1;FO2;0,0269;1,4220;1,2075;0,0933;0,0302;0,0450;-0,9942;;False
653,13;6.47;pa028​;20250612_105113;1;FO2;0,0289;1,4209;1,2170;0,0932;0,0309;0,0447;-0,9942;;False
653,14;6.48;pa028​;20250612_105113;1;FO2;0,0311;1,4200;1,2263;0,0923;0,0317;0,0439;-0,9943;;False
653,16;6.5;pa028​;20250612_105113;1;FO2;0,0334;1,4198;1,2359;0,0910;0,0321;0,0434;-0,9944;;False
653,17;6.51;pa028​;20250612_105113;1;FO2;0,0358;1,4206;1,2458;0,0902;0,0326;0,0421;-0,9945;;False
653,19;6.52;pa028​;20250612_105113;1;FO2;0,0381;1,4217;1,2558;0,0908;0,0331;0,0411;-0,9945;;False
653,20;6.54;pa028​;20250612_105113;1;FO2;0,0405;1,4234;1,2660;0,0917;0,0336;0,0404;-0,9944;;False
653,21;6.55;pa028​;20250612_105113;1;FO2;0,0429;1,4259;1,2761;0,0923;0,0342;0,0403;-0,9943;;False
653,23;6.56;pa028​;20250612_105113;1;FO2;0,0454;1,4287;1,2865;0,0930;0,0348;0,0403;-0,9942;;False
653,24;6.58;pa028​;20250612_105113;1;FO2;0,0477;1,4316;1,2969;0,0944;0,0352;0,0399;-0,9941;;False
653,25;6.59;pa028​;20250612_105113;1;FO2;0,0498;1,4339;1,3072;0,0968;0,0353;0,0400;-0,9939;;False
653,27;6.61;pa028​;20250612_105113;1;FO2;0,0517;1,4360;1,3170;0,0981;0,0346;0,0416;-0,9937;;False
653,28;6.62;pa028​;20250612_105113;1;FO2;0,0537;1,4378;1,3267;0,0979;0,0335;0,0426;-0,9937;;False
653,30;6.63;pa028​;20250612_105113;1;FO2;0,0557;1,4389;1,3361;0,0972;0,0326;0,0429;-0,9938;;False
653,31;6.65;pa028​;20250612_105113;1;FO2;0,0576;1,4392;1,3453;0,0961;0,0316;0,0423;-0,9940;;False
653,32;6.66;pa028​;20250612_105113;1;FO2;0,0594;1,4386;1,3542;0,0948;0,0310;0,0408;-0,9942;;False
653,34;6.68;pa028​;20250612_105113;1;FO2;0,0610;1,4377;1,3630;0,0923;0,0306;0,0384;-0,9945;;False
653,35;6.69;pa028​;20250612_105113;1;FO2;0,0627;1,4369;1,3720;0,0910;0,0313;0,0346;-0,9948;;False
653,37;6.7;pa028​;20250612_105113;1;FO2;0,0645;1,4367;1,3812;0,0911;0,0322;0,0306;-0,9949;;False
653,38;6.72;pa028​;20250612_105113;1;FO2;0,0665;1,4366;1,3906;0,0916;0,0332;0,0277;-0,9949;;False
653,39;6.73;pa028​;20250612_105113;1;FO2;0,0683;1,4364;1,3999;0,0924;0,0340;0,0259;-0,9948;;False
653,41;6.75;pa028​;20250612_105113;1;FO2;0,0699;1,4357;1,4090;0,0930;0,0355;0,0252;-0,9947;;False
653,42;6.76;pa028​;20250612_105113;1;FO2;0,0715;1,4347;1,4178;0,0904;0,0373;0,0257;-0,9949;;False
653,44;6.77;pa028​;20250612_105113;1;FO2;0,0731;1,4344;1,4263;0,0856;0,0386;0,0273;-0,9952;;False
653,45;6.79;pa028​;20250612_105113;1;FO2;0,0746;1,4351;1,4349;0,0802;0,0390;0,0295;-0,9956;;False
653,46;6.8;pa028​;20250612_105113;1;FO2;0,0760;1,4361;1,4436;0,0770;0,0394;0,0316;-0,9958;;False
653,48;6.82;pa028​;20250612_105113;1;FO2;0,0771;1,4372;1,4523;0,0754;0,0392;0,0333;-0,9958;;False
653,50;6.84;pa028​;20250612_105113;1;FO2;0,0779;1,4372;1,4600;0,0740;0,0386;0,0329;-0,9960;Collision avec Chemin1 - Objet Parent Plot-Mousse1;False
653,52;6.86;pa028​;20250612_105113;1;FO2;0,0786;1,4374;1,4675;0,0705;0,0384;0,0332;-0,9962;Collision avec Chemin1 - Objet Parent Plot-Mousse1;False
653,53;6.87;pa028​;20250612_105113;1;FO2;0,0795;1,4377;1,4752;0,0677;0,0382;0,0332;-0,9964;Collision avec Chemin1 - Objet Parent Plot-Mousse1;False
653,56;6.9;pa028​;20250612_105113;1;FO2;0,0810;1,4378;1,4904;0,0645;0,0379;0,0333;-0,9966;Collision avec Chemin1 - Objet Parent Plot-Mousse1;False
653,58;6.91;pa028​;20250612_105113;1;FO2;0,0817;1,4376;1,4978;0,0634;0,0374;0,0332;-0,9967;Collision avec Chemin1 - Objet Parent Plot-Mousse1;False
653,60;6.94;pa028​;20250612_105113;1;FO2;0,0827;1,4367;1,5126;0,0608;0,0364;0,0328;-0,9969;Collision avec Chemin1 - Objet Parent Plot-Mousse1;False
653,63;6.97;pa028​;20250612_105113;1;FO2;0,0829;1,4349;1,5272;0,0582;0,0352;0,0323;-0,9972;Collision avec Chemin1 - Objet Parent Plot-Mousse1;False
653,65;6.99;pa028​;20250612_105113;1;FO2;0,0828;1,4340;1,5346;0,0578;0,0346;0,0318;-0,9972;Collision avec Chemin1 - Objet Parent Plot-Mousse1;False
653,67;7.01;pa028​;20250612_105113;1;FO2;0,0825;1,4318;1,5494;0,0566;0,0332;0,0312;-0,9974;Collision avec Chemin1 - Objet Parent Plot-Mousse1;False
653,69;7.03;pa028​;20250612_105113;1;FO2;0,0820;1,4305;1,5568;0,0560;0,0322;0,0313;-0,9974;Collision avec Chemin1 - Objet Parent Plot-Mousse1;False
653,70;7.04;pa028​;20250612_105113;1;FO2;0,0814;1,4291;1,5641;0,0550;0,0308;0,0316;-0,9975;Collision avec Chemin1 - Objet Parent Plot-Mousse1;False
653,71;7.05;pa028​;20250612_105113;1;FO2;0,0806;1,4277;1,5715;0,0537;0,0292;0,0319;-0,9976;Collision avec Chemin1 - Objet Parent Plot-Mousse1;False
653,73;7.07;pa028​;20250612_105113;1;FO2;0,0795;1,4263;1,5788;0,0527;0,0273;0,0317;-0,9977;Collision avec Chemin1 - Objet Parent Plot-Mousse1;False
653,74;7.08;pa028​;20250612_105113;1;FO2;0,0781;1,4249;1,5861;0,0522;0,0253;0,0311;-0,9978;Collision avec Chemin1 - Objet Parent Plot-Mousse1;False
653,76;7.09;pa028​;20250612_105113;1;FO2;0,0767;1,4235;1,5935;0,0514;0,0233;0,0302;-0,9980;Collision avec Chemin1 - Objet Parent Plot-Mousse1;False
653,77;7.11;pa028​;20250612_105113;1;FO2;0,0752;1,4222;1,6011;0,0504;0,0211;0,0293;-0,9981;Collision avec Chemin1 - Objet Parent Plot-Mousse1;False
653,78;7.12;pa028​;20250612_105113;1;FO2;0,0736;1,4208;1,6088;0,0494;0,0191;0,0286;-0,9982;Collision avec Chemin1 - Objet Parent Plot-Mousse1;False
653,80;7.13;pa028​;20250612_105113;1;FO2;0,0719;1,4194;1,6166;0,0482;0,0173;0,0277;-0,9983;Collision avec Chemin1 - Objet Parent Plot-Mousse1;False
653,81;7.15;pa028​;20250612_105113;1;FO2;0,0700;1,4182;1,6245;0,0472;0,0155;0,0268;-0,9984;Collision avec Chemin1 - Objet Parent Plot-Mousse1;False
653,82;7.16;pa028​;20250612_105113;1;FO2;0,0680;1,4170;1,6326;0,0459;0,0140;0,0265;-0,9985;Collision avec Chemin1 - Objet Parent Plot-Mousse1;False
653,84;7.18;pa028​;20250612_105113;1;FO2;0,0659;1,4160;1,6409;0,0451;0,0125;0,0258;-0,9986;Collision avec Chemin1 - Objet Parent Plot-Mousse1;False
653,85;7.19;pa028​;20250612_105113;1;FO2;0,0639;1,4149;1,6493;0,0451;0,0109;0,0249;-0,9986;Collision avec Chemin1 - Objet Parent Plot-Mousse1;False
653,86;7.2;pa028​;20250612_105113;1;FO2;0,0619;1,4140;1,6577;0,0462;0,0093;0,0236;-0,9986;Collision avec Chemin1 - Objet Parent Plot-Mousse1;False
653,88;7.22;pa028​;20250612_105113;1;FO2;0,0597;1,4133;1,6663;0,0480;0,0075;0,0229;-0,9986;Collision avec Chemin1 - Objet Parent Plot-Mousse1;False
653,89;7.23;pa028​;20250612_105113;1;FO2;0,0574;1,4126;1,6750;0,0498;0,0059;0,0224;-0,9985;Collision avec Chemin1 - Objet Parent Plot-Mousse1;False
653,91;7.24;pa028​;20250612_105113;1;FO2;0,0551;1,4119;1,6838;0,0513;0,0050;0,0221;-0,9984;Collision avec Chemin1 - Objet Parent Plot-Mousse1;False
653,92;7.26;pa028​;20250612_105113;1;FO2;0,0528;1,4119;1,6929;0,0517;0,0041;0,0220;-0,9984;Collision avec Chemin1 - Objet Parent Plot-Mousse1;False
653,94;7.27;pa028​;20250612_105113;1;FO2;0,0505;1,4124;1,7021;0,0529;0,0038;0,0218;-0,9984;Collision avec Chemin1 - Objet Parent Plot-Mousse1;False
653,95;7.29;pa028​;20250612_105113;1;FO2;0,0482;1,4134;1,7115;0,0535;0,0037;0,0219;-0,9983;Collision avec Chemin1 - Objet Parent Plot-Mousse1;False
653,96;7.3;pa028​;20250612_105113;1;FO2;0,0460;1,4156;1,7211;0,0533;0,0042;0,0220;-0,9983;Collision avec Chemin1 - Objet Parent Plot-Mousse1;False
653,98;7.31;pa028​;20250612_105113;1;FO2;0,0439;1,4179;1,7307;0,0557;0,0050;0,0226;-0,9982;Collision avec Chemin1 - Objet Parent Plot-Mousse1;False
653,99;7.33;pa028​;20250612_105113;1;FO2;0,0418;1,4202;1,7403;0,0585;0,0055;0,0239;-0,9980;Collision avec Chemin1 - Objet Parent Plot-Mousse1;False
654,00;7.34;pa028​;20250612_105113;1;FO2;0,0398;1,4228;1,7499;0,0600;0,0063;0,0252;-0,9979;Collision avec Chemin1 - Objet Parent Plot-Mousse1;False
654,02;7.36;pa028​;20250612_105113;1;FO2;0,0378;1,4249;1,7595;0,0618;0,0069;0,0261;-0,9977;Collision avec Chemin1 - Objet Parent Plot-Mousse1;False
654,03;7.37;pa028​;20250612_105113;1;FO2;0,0358;1,4268;1,7687;0,0621;0,0075;0,0267;-0,9977;Collision avec Chemin1 - Objet Parent Plot-Mousse1;False
654,05;7.38;pa028​;20250612_105113;1;FO2;0,0339;1,4285;1,7778;0,0620;0,0076;0,0274;-0,9977;Collision avec Chemin1 - Objet Parent Plot-Mousse1;False
654,06;7.4;pa028​;20250612_105113;1;FO2;0,0321;1,4298;1,7867;0,0622;0,0075;0,0282;-0,9976;Collision avec Chemin1 - Objet Parent Plot-Mousse1;False
654,07;7.41;pa028​;20250612_105113;1;FO2;0,0303;1,4309;1,7955;0,0623;0,0071;0,0288;-0,9976;Collision avec Chemin1 - Objet Parent Plot-Mousse1;False
654,09;7.43;pa028​;20250612_105113;1;FO2;0,0287;1,4314;1,8039;0,0635;0,0069;0,0299;-0,9975;Collision avec Chemin1 - Objet Parent Plot-Mousse1;False
654,12;7.45;pa028​;20250612_105113;1;FO2;0,0255;1,4313;1,8203;0,0650;0,0056;0,0340;-0,9973;Collision avec Chemin1 - Objet Parent Plot-Mousse1;False
654,13;7.47;pa028​;20250612_105113;1;FO2;0,0241;1,4313;1,8287;0,0652;0,0048;0,0361;-0,9972;Collision avec Chemin1 - Objet Parent Plot-Mousse1;False
654,14;7.48;pa028​;20250612_105113;1;FO2;0,0226;1,4317;1,8374;0,0664;0,0040;0,0379;-0,9971;Collision avec Chemin1 - Objet Parent Plot-Mousse1;False
654,16;7.5;pa028​;20250612_105113;1;FO2;0,0212;1,4318;1,8462;0,0698;0,0033;0,0397;-0,9968;Collision avec Chemin1 - Objet Parent Plot-Mousse1;False
654,17;7.51;pa028​;20250612_105113;1;FO2;0,0198;1,4316;1,8549;0,0719;0,0030;0,0412;-0,9966;Collision avec Chemin1 - Objet Parent Plot-Mousse1;False
654,18;7.52;pa028​;20250612_105113;1;FO2;0,0186;1,4312;1,8633;0,0716;0,0026;0,0419;-0,9965;Collision avec Chemin1 - Objet Parent Plot-Mousse1;False
654,20;7.54;pa028​;20250612_105113;1;FO2;0,0175;1,4309;1,8717;0,0689;0,0022;0,0411;-0,9968;Collision avec Chemin1 - Objet Parent Plot-Mousse1;False
654,21;7.55;pa028​;20250612_105113;1;FO2;0,0165;1,4310;1,8801;0,0669;0,0020;0,0396;-0,9970;Collision avec Chemin1 - Objet Parent Plot-Mousse1;False
654,23;7.56;pa028​;20250612_105113;1;FO2;0,0156;1,4318;1,8885;0,0647;0,0020;0,0383;-0,9972;Collision avec Chemin1 - Objet Parent Plot-Mousse1;False
654,24;7.58;pa028​;20250612_105113;1;FO2;0,0147;1,4331;1,8970;0,0638;0,0022;0,0374;-0,9973;Collision avec Chemin1 - Objet Parent Plot-Mousse1;False
654,25;7.59;pa028​;20250612_105113;1;FO2;0,0139;1,4340;1,9054;0,0641;0,0022;0,0372;-0,9972;Collision avec Chemin1 - Objet Parent Plot-Mousse1;False
654,27;7.6;pa028​;20250612_105113;1;FO2;0,0133;1,4347;1,9132;0,0632;0,0019;0,0365;-0,9973;Collision avec Chemin1 - Objet Parent Plot-Mousse1;False
654,28;7.62;pa028​;20250612_105113;1;FO2;0,0128;1,4354;1,9208;0,0616;0,0016;0,0358;-0,9975;Collision avec Chemin1 - Objet Parent Plot-Mousse1;False
654,29;7.63;pa028​;20250612_105113;1;FO2;0,0123;1,4362;1,9283;0,0613;0,0013;0,0352;-0,9975;Collision avec Chemin1 - Objet Parent Plot-Mousse1;False
654,31;7.65;pa028​;20250612_105113;1;FO2;0,0118;1,4372;1,9357;0,0629;0,0010;0,0349;-0,9974;;False
654,32;7.66;pa028​;20250612_105113;1;FO2;0,0114;1,4383;1,9430;0,0664;0,0007;0,0354;-0,9972;;False
654,34;7.68;pa028​;20250612_105113;1;FO2;0,0112;1,4390;1,9501;0,0712;0,0005;0,0361;-0,9968;;False
654,35;7.69;pa028​;20250612_105113;1;FO2;0,0110;1,4395;1,9571;0,0751;0,0002;0,0369;-0,9965;;False
654,36;7.7;pa028​;20250612_105113;1;FO2;0,0109;1,4399;1,9642;0,0780;0,0002;0,0374;-0,9963;;False
654,38;7.72;pa028​;20250612_105113;1;FO2;0,0108;1,4400;1,9714;0,0806;-0,0001;0,0381;-0,9960;;False
654,39;7.73;pa028​;20250612_105113;1;FO2;0,0109;1,4401;1,9786;0,0826;-0,0004;0,0389;-0,9958;;False
654,41;7.74;pa028​;20250612_105113;1;FO2;0,0110;1,4401;1,9860;0,0848;-0,0005;0,0395;-0,9956;;False
654,42;7.76;pa028​;20250612_105113;1;FO2;0,0111;1,4401;1,9934;0,0869;-0,0007;0,0401;-0,9954;;False
654,43;7.77;pa028​;20250612_105113;1;FO2;0,0113;1,4397;2,0009;0,0895;-0,0005;0,0412;-0,9951;;False
654,45;7.79;pa028​;20250612_105113;1;FO2;0,0116;1,4391;2,0084;0,0911;0,0003;0,0429;-0,9949;;False
654,46;7.8;pa028​;20250612_105113;1;FO2;0,0120;1,4384;2,0159;0,0922;0,0012;0,0440;-0,9948;;False
654,48;7.81;pa028​;20250612_105113;1;FO2;0,0124;1,4376;2,0233;0,0931;0,0023;0,0451;-0,9946;;False
654,49;7.83;pa028​;20250612_105113;1;FO2;0,0129;1,4370;2,0307;0,0936;0,0035;0,0464;-0,9945;;False
654,50;7.84;pa028​;20250612_105113;1;FO2;0,0135;1,4365;2,0382;0,0944;0,0049;0,0470;-0,9944;;False
654,52;7.86;pa028​;20250612_105113;1;FO2;0,0142;1,4359;2,0458;0,0951;0,0065;0,0475;-0,9943;;False
654,53;7.87;pa028​;20250612_105113;1;FO2;0,0150;1,4352;2,0533;0,0958;0,0084;0,0481;-0,9942;;False
654,55;7.88;pa028​;20250612_105113;1;FO2;0,0160;1,4344;2,0608;0,0959;0,0101;0,0483;-0,9942;;False
654,56;7.9;pa028​;20250612_105113;1;FO2;0,0170;1,4337;2,0683;0,0954;0,0116;0,0482;-0,9942;;False
654,57;7.91;pa028​;20250612_105113;1;FO2;0,0182;1,4329;2,0760;0,0951;0,0131;0,0480;-0,9942;;False
654,58;7.92;pa028​;20250612_105113;1;FO2;0,0194;1,4320;2,0835;0,0946;0,0144;0,0476;-0,9943;;False
654,60;7.93;pa028​;20250612_105113;1;FO2;0,0207;1,4308;2,0909;0,0935;0,0158;0,0471;-0,9944;;False
654,61;7.95;pa028​;20250612_105113;1;FO2;0,0223;1,4300;2,0984;0,0911;0,0177;0,0464;-0,9946;;False
654,62;7.96;pa028​;20250612_105113;1;FO2;0,0240;1,4301;2,1062;0,0892;0,0192;0,0456;-0,9948;;False
654,64;7.97;pa028​;20250612_105113;1;FO2;0,0259;1,4306;2,1141;0,0890;0,0208;0,0450;-0,9948;;False
654,65;7.99;pa028​;20250612_105113;1;FO2;0,0279;1,4315;2,1224;0,0905;0,0224;0,0445;-0,9947;;False
654,66;8.0;pa028​;20250612_105113;1;FO2;0,0301;1,4328;2,1305;0,0929;0,0240;0,0442;-0,9944;;False
654,67;8.01;pa028​;20250612_105113;1;FO2;0,0324;1,4341;2,1386;0,0956;0,0250;0,0444;-0,9941;;False
654,69;8.02;pa028​;20250612_105113;1;FO2;0,0345;1,4353;2,1466;0,0977;0,0254;0,0448;-0,9939;;False
654,70;8.04;pa028​;20250612_105113;1;FO2;0,0365;1,4361;2,1546;0,0988;0,0257;0,0453;-0,9937;;False
654,71;8.05;pa028​;20250612_105113;1;FO2;0,0387;1,4367;2,1624;0,0973;0,0260;0,0451;-0,9939;;False
654,73;8.06;pa028​;20250612_105113;1;FO2;0,0406;1,4375;2,1701;0,0947;0,0259;0,0452;-0,9941;;False
654,74;8.08;pa028​;20250612_105113;1;FO2;0,0424;1,4381;2,1776;0,0926;0,0259;0,0458;-0,9943;;False
654,75;8.09;pa028​;20250612_105113;1;FO2;0,0440;1,4386;2,1851;0,0906;0,0263;0,0464;-0,9945;;False
654,77;8.11;pa028​;20250612_105113;1;FO2;0,0457;1,4385;2,1925;0,0888;0,0273;0,0461;-0,9946;;False
654,78;8.12;pa028​;20250612_105113;1;FO2;0,0474;1,4378;2,1998;0,0879;0,0284;0,0443;-0,9947;;False
654,80;8.13;pa028​;20250612_105113;1;FO2;0,0490;1,4365;2,2071;0,0868;0,0298;0,0416;-0,9949;;False
654,81;8.15;pa028​;20250612_105113;1;FO2;0,0506;1,4352;2,2144;0,0857;0,0312;0,0389;-0,9951;;False
654,82;8.16;pa028​;20250612_105113;1;FO2;0,0522;1,4347;2,2216;0,0851;0,0324;0,0369;-0,9952;;False
654,84;8.18;pa028​;20250612_105113;1;FO2;0,0539;1,4352;2,2289;0,0856;0,0333;0,0366;-0,9951;;False
654,86;8.19;pa028​;20250612_105113;1;FO2;0,0554;1,4349;2,2360;0,0862;0,0345;0,0368;-0,9950;;False
654,87;8.21;pa028​;20250612_105113;1;FO2;0,0567;1,4344;2,2429;0,0838;0,0362;0,0374;-0,9951;;False
654,89;8.23;pa028​;20250612_105113;1;FO2;0,0579;1,4348;2,2499;0,0808;0,0378;0,0382;-0,9953;;False
654,90;8.24;pa028​;20250612_105113;1;FO2;0,0590;1,4355;2,2570;0,0812;0,0395;0,0397;-0,9951;;False
654,92;8.26;pa028​;20250612_105113;1;FO2;0,0599;1,4363;2,2640;0,0830;0,0411;0,0417;-0,9948;;False
654,93;8.27;pa028​;20250612_105113;1;FO2;0,0608;1,4367;2,2708;0,0843;0,0424;0,0428;-0,9946;;False
654,95;8.29;pa028​;20250612_105113;1;FO2;0,0617;1,4370;2,2774;0,0842;0,0437;0,0429;-0,9946;;False
654,96;8.3;pa028​;20250612_105113;1;FO2;0,0633;1,4375;2,2907;0,0833;0,0456;0,0427;-0,9946;;False
654,98;8.32;pa028​;20250612_105113;1;FO2;0,0639;1,4373;2,2971;0,0828;0,0460;0,0416;-0,9946;;False
654,99;8.33;pa028​;20250612_105113;1;FO2;0,0643;1,4368;2,3035;0,0808;0,0461;0,0413;-0,9948;;False
655,01;8.35;pa028​;20250612_105113;1;FO2;0,0648;1,4362;2,3101;0,0774;0,0461;0,0413;-0,9951;;False
655,02;8.36;pa028​;20250612_105113;1;FO2;0,0653;1,4355;2,3169;0,0748;0,0463;0,0411;-0,9953;;False
655,04;8.38;pa028​;20250612_105113;1;FO2;0,0655;1,4348;2,3238;0,0732;0,0464;0,0411;-0,9954;;False
655,06;8.39;pa028​;20250612_105113;1;FO2;0,0656;1,4340;2,3310;0,0722;0,0469;0,0415;-0,9954;;False
655,08;8.41;pa028​;20250612_105113;1;FO2;0,0658;1,4324;2,3455;0,0719;0,0475;0,0412;-0,9954;;False
655,09;8.43;pa028​;20250612_105113;1;FO2;0,0656;1,4314;2,3530;0,0743;0,0474;0,0416;-0,9952;Collision avec Chemin2 - Objet Parent Plot-Mousse2;False
655,11;8.45;pa028​;20250612_105113;1;FO2;0,0651;1,4303;2,3603;0,0762;0,0471;0,0425;-0,9951;Collision avec Chemin2 - Objet Parent Plot-Mousse2;False
655,12;8.46;pa028​;20250612_105113;1;FO2;0,0648;1,4290;2,3678;0,0764;0,0467;0,0420;-0,9951;Collision avec Chemin2 - Objet Parent Plot-Mousse2;False
655,15;8.48;pa028​;20250612_105113;1;FO2;0,0638;1,4266;2,3829;0,0762;0,0456;0,0400;-0,9952;Collision avec Chemin2 - Objet Parent Plot-Mousse2;False
655,16;8.5;pa028​;20250612_105113;1;FO2;0,0629;1,4253;2,3910;0,0763;0,0442;0,0396;-0,9953;Collision avec Chemin2 - Objet Parent Plot-Mousse2;False
655,18;8.51;pa028​;20250612_105113;1;FO2;0,0620;1,4239;2,3992;0,0763;0,0427;0,0400;-0,9954;Collision avec Chemin2 - Objet Parent Plot-Mousse2;False
655,19;8.53;pa028​;20250612_105113;1;FO2;0,0609;1,4227;2,4076;0,0760;0,0409;0,0402;-0,9955;Collision avec Chemin2 - Objet Parent Plot-Mousse2;False
655,21;8.54;pa028​;20250612_105113;1;FO2;0,0597;1,4215;2,4163;0,0764;0,0393;0,0402;-0,9955;Collision avec Chemin2 - Objet Parent Plot-Mousse2;False
655,22;8.56;pa028​;20250612_105113;1;FO2;0,0583;1,4202;2,4251;0,0772;0,0379;0,0402;-0,9955;Collision avec Chemin2 - Objet Parent Plot-Mousse2;False
655,23;8.57;pa028​;20250612_105113;1;FO2;0,0567;1,4187;2,4342;0,0778;0,0365;0,0402;-0,9955;Collision avec Chemin2 - Objet Parent Plot-Mousse2;False
655,25;8.59;pa028​;20250612_105113;1;FO2;0,0552;1,4175;2,4435;0,0779;0,0354;0,0399;-0,9955;Collision avec Chemin2 - Objet Parent Plot-Mousse2;False
655,26;8.6;pa028​;20250612_105113;1;FO2;0,0535;1,4163;2,4531;0,0783;0,0342;0,0396;-0,9956;Collision avec Chemin2 - Objet Parent Plot-Mousse2;False
655,27;8.61;pa028​;20250612_105113;1;FO2;0,0517;1,4151;2,4630;0,0794;0,0332;0,0390;-0,9955;Collision avec Chemin2 - Objet Parent Plot-Mousse2;False
655,29;8.62;pa028​;20250612_105113;1;FO2;0,0498;1,4140;2,4731;0,0808;0,0325;0,0383;-0,9955;Collision avec Chemin2 - Objet Parent Plot-Mousse2;False
655,30;8.64;pa028​;20250612_105113;1;FO2;0,0478;1,4129;2,4834;0,0824;0,0319;0,0373;-0,9954;Collision avec Chemin2 - Objet Parent Plot-Mousse2;False
655,31;8.65;pa028​;20250612_105113;1;FO2;0,0458;1,4118;2,4939;0,0841;0,0316;0,0364;-0,9953;Collision avec Chemin2 - Objet Parent Plot-Mousse2;False
655,32;8.66;pa028​;20250612_105113;1;FO2;0,0436;1,4107;2,5047;0,0855;0,0312;0,0355;-0,9952;Collision avec Chemin2 - Objet Parent Plot-Mousse2;False
655,34;8.68;pa028​;20250612_105113;1;FO2;0,0414;1,4097;2,5157;0,0872;0,0312;0,0344;-0,9951;Collision avec Chemin2 - Objet Parent Plot-Mousse2;False
655,35;8.69;pa028​;20250612_105113;1;FO2;0,0391;1,4089;2,5269;0,0883;0,0314;0,0338;-0,9950;Collision avec Chemin2 - Objet Parent Plot-Mousse2;False
655,37;8.7;pa028​;20250612_105113;1;FO2;0,0368;1,4087;2,5384;0,0891;0,0316;0,0333;-0,9950;Collision avec Chemin2 - Objet Parent Plot-Mousse2;False
655,38;8.72;pa028​;20250612_105113;1;FO2;0,0344;1,4100;2,5499;0,0895;0,0322;0,0328;-0,9949;Collision avec Chemin2 - Objet Parent Plot-Mousse2;False
655,39;8.73;pa028​;20250612_105113;1;FO2;0,0319;1,4116;2,5617;0,0916;0,0326;0,0334;-0,9947;Collision avec Chemin2 - Objet Parent Plot-Mousse2;False
655,41;8.74;pa028​;20250612_105113;1;FO2;0,0293;1,4140;2,5736;0,0920;0,0329;0,0350;-0,9946;Collision avec Chemin2 - Objet Parent Plot-Mousse2;False
655,42;8.76;pa028​;20250612_105113;1;FO2;0,0269;1,4180;2,5855;0,0925;0,0335;0,0359;-0,9945;Collision avec Chemin2 - Objet Parent Plot-Mousse2;False
655,44;8.77;pa028​;20250612_105113;1;FO2;0,0245;1,4219;2,5979;0,0958;0,0342;0,0369;-0,9941;Collision avec Chemin2 - Objet Parent Plot-Mousse2;False
655,45;8.79;pa028​;20250612_105113;1;FO2;0,0222;1,4266;2,6098;0,0992;0,0347;0,0371;-0,9938;Collision avec Chemin2 - Objet Parent Plot-Mousse2;False
655,46;8.8;pa028​;20250612_105113;1;FO2;0,0197;1,4298;2,6214;0,1040;0,0354;0,0379;-0,9932;Collision avec Chemin2 - Objet Parent Plot-Mousse2;False
655,48;8.82;pa028​;20250612_105113;1;FO2;0,0172;1,4319;2,6323;0,1069;0,0359;0,0393;-0,9928;Collision avec Chemin2 - Objet Parent Plot-Mousse2;False
655,49;8.83;pa028​;20250612_105113;1;FO2;0,0146;1,4331;2,6427;0,1069;0,0363;0,0406;-0,9928;Collision avec Chemin2 - Objet Parent Plot-Mousse2;False
655,51;8.84;pa028​;20250612_105113;1;FO2;0,0123;1,4333;2,6530;0,1064;0,0364;0,0421;-0,9928;Collision avec Chemin2 - Objet Parent Plot-Mousse2;False
655,52;8.86;pa028​;20250612_105113;1;FO2;0,0100;1,4329;2,6632;0,1059;0,0355;0,0429;-0,9928;Collision avec Chemin2 - Objet Parent Plot-Mousse2;False
655,54;8.87;pa028​;20250612_105113;1;FO2;0,0078;1,4331;2,6734;0,1061;0,0344;0,0425;-0,9928;Collision avec Chemin2 - Objet Parent Plot-Mousse2;False
655,55;8.89;pa028​;20250612_105113;1;FO2;0,0058;1,4343;2,6839;0,1078;0,0333;0,0410;-0,9928;Collision avec Chemin2 - Objet Parent Plot-Mousse2;False
655,56;8.9;pa028​;20250612_105113;1;FO2;0,0038;1,4356;2,6944;0,1127;0,0320;0,0400;-0,9923;Collision avec Chemin2 - Objet Parent Plot-Mousse2;False
655,58;8.92;pa028​;20250612_105113;1;FO2;0,0017;1,4356;2,7050;0,1176;0,0310;0,0409;-0,9917;Collision avec Chemin2 - Objet Parent Plot-Mousse2;False
655,59;8.93;pa028​;20250612_105113;1;FO2;-0,0001;1,4355;2,7151;0,1188;0,0305;0,0413;-0,9916;Collision avec Chemin2 - Objet Parent Plot-Mousse2;False
655,60;8.94;pa028​;20250612_105113;1;FO2;-0,0016;1,4359;2,7253;0,1183;0,0299;0,0410;-0,9917;Collision avec Chemin2 - Objet Parent Plot-Mousse2;False
655,62;8.95;pa028​;20250612_105113;1;FO2;-0,0031;1,4366;2,7358;0,1186;0,0288;0,0405;-0,9917;Collision avec Chemin2 - Objet Parent Plot-Mousse2;False
655,63;8.97;pa028​;20250612_105113;1;FO2;-0,0046;1,4374;2,7463;0,1191;0,0280;0,0402;-0,9917;Collision avec Chemin2 - Objet Parent Plot-Mousse2;False
655,65;8.98;pa028​;20250612_105113;1;FO2;-0,0059;1,4382;2,7566;0,1190;0,0277;0,0401;-0,9917;Collision avec Chemin2 - Objet Parent Plot-Mousse2;False
655,66;9.0;pa028​;20250612_105113;1;FO2;-0,0071;1,4387;2,7670;0,1185;0,0279;0,0393;-0,9918;Collision avec Chemin2 - Objet Parent Plot-Mousse2;False
655,67;9.01;pa028​;20250612_105113;1;FO2;-0,0080;1,4390;2,7772;0,1170;0,0284;0,0383;-0,9920;Collision avec Chemin2 - Objet Parent Plot-Mousse2;False
655,69;9.02;pa028​;20250612_105113;1;FO2;-0,0090;1,4394;2,7875;0,1144;0,0289;0,0375;-0,9923;Collision avec Chemin2 - Objet Parent Plot-Mousse2;False
655,70;9.04;pa028​;20250612_105113;1;FO2;-0,0099;1,4397;2,7979;0,1125;0,0293;0,0376;-0,9925;Collision avec Chemin2 - Objet Parent Plot-Mousse2;False
655,71;9.05;pa028​;20250612_105113;1;FO2;-0,0109;1,4396;2,8084;0,1115;0,0292;0,0384;-0,9926;Collision avec Chemin2 - Objet Parent Plot-Mousse2;False
655,73;9.06;pa028​;20250612_105113;1;FO2;-0,0115;1,4393;2,8189;0,1108;0,0291;0,0393;-0,9926;Collision avec Chemin2 - Objet Parent Plot-Mousse2;False
655,74;9.08;pa028​;20250612_105113;1;FO2;-0,0119;1,4391;2,8295;0,1106;0,0288;0,0395;-0,9927;Collision avec Chemin2 - Objet Parent Plot-Mousse2;False
655,75;9.09;pa028​;20250612_105113;1;FO2;-0,0122;1,4389;2,8400;0,1111;0,0285;0,0393;-0,9926;Collision avec Chemin2 - Objet Parent Plot-Mousse2;False
655,77;9.11;pa028​;20250612_105113;1;FO2;-0,0125;1,4384;2,8507;0,1124;0,0284;0,0395;-0,9925;;False
655,78;9.12;pa028​;20250612_105113;1;FO2;-0,0128;1,4375;2,8614;0,1134;0,0285;0,0404;-0,9923;;False
655,80;9.13;pa028​;20250612_105113;1;FO2;-0,0129;1,4365;2,8721;0,1138;0,0289;0,0411;-0,9922;;False
655,81;9.15;pa028​;20250612_105113;1;FO2;-0,0127;1,4355;2,8828;0,1133;0,0293;0,0413;-0,9923;;False
655,82;9.16;pa028​;20250612_105113;1;FO2;-0,0125;1,4344;2,8936;0,1130;0,0294;0,0418;-0,9923;;False
655,84;9.18;pa028​;20250612_105113;1;FO2;-0,0122;1,4329;2,9044;0,1127;0,0294;0,0427;-0,9923;;False
655,85;9.19;pa028​;20250612_105113;1;FO2;-0,0119;1,4311;2,9152;0,1124;0,0294;0,0438;-0,9923;;False
655,87;9.2;pa028​;20250612_105113;1;FO2;-0,0116;1,4288;2,9259;0,1120;0,0296;0,0448;-0,9923;;False
655,88;9.22;pa028​;20250612_105113;1;FO2;-0,0112;1,4267;2,9366;0,1110;0,0296;0,0453;-0,9923;;False
655,89;9.23;pa028​;20250612_105113;1;FO2;-0,0104;1,4246;2,9475;0,1097;0,0300;0,0452;-0,9925;;False
655,91;9.25;pa028​;20250612_105113;1;FO2;-0,0095;1,4232;2,9582;0,1080;0,0306;0,0444;-0,9927;;False
655,92;9.26;pa028​;20250612_105113;1;FO2;-0,0085;1,4220;2,9692;0,1072;0,0312;0,0440;-0,9928;;False
655,94;9.27;pa028​;20250612_105113;1;FO2;-0,0075;1,4209;2,9804;0,1069;0,0322;0,0444;-0,9928;;False
655,95;9.29;pa028​;20250612_105113;1;FO2;-0,0065;1,4199;2,9915;0,1066;0,0332;0,0452;-0,9927;;False
655,96;9.3;pa028​;20250612_105113;1;FO2;-0,0051;1,4189;3,0029;0,1064;0,0339;0,0453;-0,9927;;False
655,98;9.31;pa028​;20250612_105113;1;FO2;-0,0036;1,4181;3,0143;0,1058;0,0342;0,0448;-0,9928;;False
655,99;9.33;pa028​;20250612_105113;1;FO2;-0,0020;1,4177;3,0259;0,1051;0,0346;0,0438;-0,9929;;False
656,01;9.34;pa028​;20250612_105113;1;FO2;-0,0003;1,4178;3,0375;0,1037;0,0346;0,0425;-0,9931;;False
656,02;9.36;pa028​;20250612_105113;1;FO2;0,0014;1,4185;3,0492;0,1022;0,0345;0,0414;-0,9933;;False
656,04;9.37;pa028​;20250612_105113;1;FO2;0,0033;1,4197;3,0611;0,1014;0,0347;0,0406;-0,9934;;False
656,05;9.39;pa028​;20250612_105113;1;FO2;0,0052;1,4209;3,0734;0,1021;0,0351;0,0401;-0,9933;;False
656,06;9.4;pa028​;20250612_105113;1;FO2;0,0072;1,4225;3,0857;0,1026;0,0355;0,0401;-0,9933;;False
656,08;9.41;pa028​;20250612_105113;1;FO2;0,0092;1,4250;3,0982;0,1031;0,0355;0,0401;-0,9932;;False
656,09;9.43;pa028​;20250612_105113;1;FO2;0,0113;1,4282;3,1108;0,1051;0,0354;0,0394;-0,9931;;False
656,10;9.44;pa028​;20250612_105113;1;FO2;0,0131;1,4320;3,1232;0,1082;0,0349;0,0389;-0,9928;;False
656,12;9.45;pa028​;20250612_105113;1;FO2;0,0145;1,4347;3,1354;0,1116;0,0341;0,0389;-0,9924;;False
656,13;9.47;pa028​;20250612_105113;1;FO2;0,0158;1,4359;3,1473;0,1139;0,0329;0,0397;-0,9922;;False
656,14;9.48;pa028​;20250612_105113;1;FO2;0,0170;1,4360;3,1588;0,1138;0,0307;0,0408;-0,9922;;False
656,16;9.5;pa028​;20250612_105113;1;FO2;0,0181;1,4356;3,1702;0,1132;0,0287;0,0411;-0,9923;;False
656,17;9.51;pa028​;20250612_105113;1;FO2;0,0190;1,4352;3,1815;0,1118;0,0270;0,0405;-0,9925;;False
656,19;9.52;pa028​;20250612_105113;1;FO2;0,0199;1,4357;3,1926;0,1089;0,0263;0,0378;-0,9930;;False
656,20;9.54;pa028​;20250612_105113;1;FO2;0,0208;1,4371;3,2040;0,1087;0,0263;0,0338;-0,9932;;False
656,21;9.55;pa028​;20250612_105113;1;FO2;0,0218;1,4383;3,2157;0,1121;0,0266;0,0306;-0,9929;;False
656,23;9.56;pa028​;20250612_105113;1;FO2;0,0225;1,4385;3,2272;0,1163;0,0271;0,0297;-0,9924;;False
656,24;9.58;pa028​;20250612_105113;1;FO2;0,0233;1,4381;3,2383;0,1177;0,0287;0,0301;-0,9922;;False
656,25;9.59;pa028​;20250612_105113;1;FO2;0,0240;1,4381;3,2492;0,1164;0,0302;0,0312;-0,9923;;False
656,27;9.61;pa028​;20250612_105113;1;FO2;0,0248;1,4391;3,2602;0,1145;0,0313;0,0332;-0,9924;;False
656,29;9.62;pa028​;20250612_105113;1;FO2;0,0253;1,4405;3,2713;0,1141;0,0320;0,0361;-0,9923;;False
656,30;9.64;pa028​;20250612_105113;1;FO2;0,0256;1,4418;3,2824;0,1145;0,0322;0,0391;-0,9921;;False
656,32;9.65;pa028​;20250612_105113;1;FO2;0,0257;1,4426;3,2930;0,1136;0,0328;0,0412;-0,9921;;False
656,33;9.67;pa028​;20250612_105113;1;FO2;0,0260;1,4430;3,3034;0,1124;0,0335;0,0420;-0,9922;;False
656,35;9.69;pa028​;20250612_105113;1;FO2;0,0261;1,4431;3,3137;0,1113;0,0344;0,0412;-0,9923;;False
656,36;9.7;pa028​;20250612_105113;1;FO2;0,0262;1,4432;3,3239;0,1104;0,0354;0,0398;-0,9925;;False
656,38;9.72;pa028​;20250612_105113;1;FO2;0,0262;1,4431;3,3340;0,1102;0,0364;0,0394;-0,9925;;False
656,39;9.73;pa028​;20250612_105113;1;FO2;0,0262;1,4428;3,3442;0,1109;0,0375;0,0394;-0,9923;;False
656,41;9.75;pa028​;20250612_105113;1;FO2;0,0259;1,4417;3,3641;0,1113;0,0391;0,0396;-0,9922;;False
656,42;9.76;pa028​;20250612_105113;1;FO2;0,0257;1,4407;3,3741;0,1110;0,0397;0,0395;-0,9922;;False
656,44;9.78;pa028​;20250612_105113;1;FO2;0,0253;1,4398;3,3841;0,1112;0,0401;0,0393;-0,9922;;False
656,45;9.79;pa028​;20250612_105113;1;FO2;0,0248;1,4385;3,3943;0,1116;0,0407;0,0387;-0,9922;;False
656,47;9.81;pa028​;20250612_105113;1;FO2;0,0243;1,4369;3,4045;0,1119;0,0414;0,0383;-0,9921;;False
656,48;9.82;pa028​;20250612_105113;1;FO2;0,0236;1,4351;3,4146;0,1110;0,0418;0,0385;-0,9922;;False
656,50;9.84;pa028​;20250612_105113;1;FO2;0,0229;1,4329;3,4247;0,1097;0,0420;0,0380;-0,9924;;False
656,51;9.85;pa028​;20250612_105113;1;FO2;0,0221;1,4304;3,4348;0,1077;0,0421;0,0374;-0,9926;;False
656,53;9.87;pa028​;20250612_105113;1;FO2;0,0212;1,4281;3,4450;0,1043;0,0421;0,0363;-0,9930;;False
656,54;9.88;pa028​;20250612_105113;1;FO2;0,0202;1,4263;3,4554;0,1011;0,0419;0,0355;-0,9934;;False
656,56;9.9;pa028​;20250612_105113;1;FO2;0,0180;1,4232;3,4765;0,0980;0,0410;0,0343;-0,9937;;False
656,58;9.92;pa028​;20250612_105113;1;FO2;0,0166;1,4220;3,4874;0,0991;0,0396;0,0349;-0,9937;;False
656,59;9.93;pa028​;20250612_105113;1;FO2;0,0153;1,4207;3,4984;0,1002;0,0381;0,0355;-0,9936;;False
656,61;9.95;pa028​;20250612_105113;1;FO2;0,0137;1,4193;3,5094;0,1011;0,0362;0,0357;-0,9936;;False
656,62;9.96;pa028​;20250612_105113;1;FO2;0,0121;1,4181;3,5205;0,1015;0,0343;0,0360;-0,9936;;False
656,64;9.98;pa028​;20250612_105113;1;FO2;0,0103;1,4170;3,5317;0,1021;0,0325;0,0369;-0,9936;;False
656,66;9.99;pa028​;20250612_105113;1;FO2;0,0083;1,4160;3,5430;0,1017;0,0305;0,0381;-0,9936;;False
656,67;10.01;pa028​;20250612_105113;1;FO2;0,0045;1,4151;3,5656;0,0998;0,0273;0,0391;-0,9939;;False
656,69;10.03;pa028​;20250612_105113;1;FO2;0,0024;1,4170;3,5774;0,0983;0,0257;0,0383;-0,9941;;False
656,71;10.05;pa028​;20250612_105113;1;FO2;0,0004;1,4194;3,5893;0,0978;0,0247;0,0388;-0,9941;;False
656,72;10.06;pa028​;20250612_105113;1;FO2;-0,0017;1,4223;3,6014;0,0990;0,0236;0,0402;-0,9940;;False
656,74;10.08;pa028​;20250612_105113;1;FO2;-0,0037;1,4256;3,6133;0,0993;0,0233;0,0414;-0,9939;;False
656,75;10.09;pa028​;20250612_105113;1;FO2;-0,0057;1,4280;3,6249;0,1014;0,0232;0,0427;-0,9937;;False
656,77;10.11;pa028​;20250612_105113;1;FO2;-0,0096;1,4317;3,6475;0,1005;0,0234;0,0448;-0,9936;;False
656,79;10.13;pa028​;20250612_105113;1;FO2;-0,0114;1,4319;3,6577;0,0963;0,0239;0,0447;-0,9941;;False
656,80;10.14;pa028​;20250612_105113;1;FO2;-0,0129;1,4312;3,6677;0,0927;0,0246;0,0445;-0,9944;;False
656,82;10.16;pa028​;20250612_105113;1;FO2;-0,0141;1,4310;3,6778;0,0905;0,0244;0,0443;-0,9946;;False
656,84;10.17;pa028​;20250612_105113;1;FO2;-0,0152;1,4314;3,6881;0,0937;0,0237;0,0435;-0,9944;;False
656,85;10.19;pa028​;20250612_105113;1;FO2;-0,0165;1,4320;3,6985;0,0995;0,0224;0,0435;-0,9938;;False
656,87;10.2;pa028​;20250612_105113;1;FO2;-0,0192;1,4321;3,7192;0,1086;0,0197;0,0450;-0,9929;;False
656,88;10.22;pa028​;20250612_105113;1;FO2;-0,0204;1,4318;3,7293;0,1110;0,0176;0,0446;-0,9927;;False
656,90;10.24;pa028​;20250612_105113;1;FO2;-0,0214;1,4319;3,7396;0,1113;0,0157;0,0434;-0,9927;;False
656,91;10.25;pa028​;20250612_105113;1;FO2;-0,0227;1,4323;3,7500;0,1120;0,0137;0,0426;-0,9927;;False
656,93;10.26;pa028​;20250612_105113;1;FO2;-0,0237;1,4328;3,7605;0,1127;0,0125;0,0414;-0,9927;;False
656,94;10.28;pa028​;20250612_105113;1;FO2;-0,0246;1,4331;3,7710;0,1137;0,0117;0,0397;-0,9927;;False
656,95;10.29;pa028​;20250612_105113;1;FO2;-0,0255;1,4336;3,7814;0,1127;0,0113;0,0379;-0,9928;;False
656,96;10.3;pa028​;20250612_105113;1;FO2;-0,0261;1,4345;3,7916;0,1101;0,0115;0,0367;-0,9932;;False
656,98;10.32;pa028​;20250612_105113;1;FO2;-0,0266;1,4354;3,8017;0,1068;0,0119;0,0360;-0,9936;;False
656,99;10.33;pa028​;20250612_105113;1;FO2;-0,0270;1,4361;3,8119;0,1032;0,0125;0,0368;-0,9939;;False
657,00;10.34;pa028​;20250612_105113;1;FO2;-0,0273;1,4363;3,8220;0,0997;0,0126;0,0392;-0,9942;;False
657,02;10.36;pa028​;20250612_105113;1;FO2;-0,0276;1,4365;3,8319;0,0970;0,0123;0,0407;-0,9944;;False
657,03;10.37;pa028​;20250612_105113;1;FO2;-0,0276;1,4366;3,8417;0,0948;0,0117;0,0420;-0,9945;;False
657,05;10.38;pa028​;20250612_105113;1;FO2;-0,0276;1,4366;3,8515;0,0936;0,0107;0,0422;-0,9947;;False
657,06;10.4;pa028​;20250612_105113;1;FO2;-0,0274;1,4362;3,8613;0,0934;0,0102;0,0423;-0,9947;;False
657,07;10.41;pa028​;20250612_105113;1;FO2;-0,0274;1,4357;3,8709;0,0934;0,0094;0,0428;-0,9947;;False
657,09;10.43;pa028​;20250612_105113;1;FO2;-0,0271;1,4350;3,8806;0,0934;0,0090;0,0437;-0,9946;;False
657,10;10.44;pa028​;20250612_105113;1;FO2;-0,0269;1,4341;3,8902;0,0937;0,0086;0,0449;-0,9946;;False
657,12;10.45;pa028​;20250612_105113;1;FO2;-0,0266;1,4329;3,8998;0,0942;0,0080;0,0460;-0,9945;;False
657,13;10.47;pa028​;20250612_105113;1;FO2;-0,0262;1,4314;3,9095;0,0944;0,0076;0,0471;-0,9944;;False
657,14;10.48;pa028​;20250612_105113;1;FO2;-0,0257;1,4297;3,9192;0,0942;0,0073;0,0479;-0,9944;;False
657,16;10.49;pa028​;20250612_105113;1;FO2;-0,0252;1,4277;3,9290;0,0946;0,0067;0,0489;-0,9943;;False
657,17;10.51;pa028​;20250612_105113;1;FO2;-0,0246;1,4257;3,9389;0,0940;0,0064;0,0499;-0,9943;;False
657,19;10.52;pa028​;20250612_105113;1;FO2;-0,0237;1,4238;3,9487;0,0937;0,0059;0,0511;-0,9943;;False
657,20;10.54;pa028​;20250612_105113;1;FO2;-0,0227;1,4223;3,9587;0,0933;0,0060;0,0523;-0,9942;;False
657,21;10.55;pa028​;20250612_105113;1;FO2;-0,0217;1,4205;3,9690;0,0934;0,0067;0,0535;-0,9942;;False
657,23;10.56;pa028​;20250612_105113;1;FO2;-0,0207;1,4190;3,9794;0,0929;0,0074;0,0543;-0,9942;;False
657,24;10.58;pa028​;20250612_105113;1;FO2;-0,0195;1,4179;3,9900;0,0922;0,0084;0,0541;-0,9942;;False
657,25;10.59;pa028​;20250612_105113;1;FO2;-0,0182;1,4168;4,0008;0,0921;0,0093;0,0538;-0,9942;;False
657,27;10.61;pa028​;20250612_105113;1;FO2;-0,0168;1,4157;4,0118;0,0918;0,0100;0,0529;-0,9943;;False
657,28;10.62;pa028​;20250612_105113;1;FO2;-0,0153;1,4148;4,0230;0,0913;0,0108;0,0513;-0,9944;;False
657,30;10.63;pa028​;20250612_105113;1;FO2;-0,0137;1,4142;4,0344;0,0906;0,0108;0,0500;-0,9946;;False
657,31;10.65;pa028​;20250612_105113;1;FO2;-0,0121;1,4138;4,0461;0,0901;0,0103;0,0494;-0,9947;;False
657,32;10.66;pa028​;20250612_105113;1;FO2;-0,0103;1,4143;4,0580;0,0888;0,0096;0,0493;-0,9948;;False
657,34;10.68;pa028​;20250612_105113;1;FO2;-0,0085;1,4150;4,0699;0,0881;0,0089;0,0492;-0,9949;;False
657,35;10.69;pa028​;20250612_105113;1;FO2;-0,0065;1,4160;4,0821;0,0878;0,0082;0,0490;-0,9949;;False
657,37;10.7;pa028​;20250612_105113;1;FO2;-0,0045;1,4176;4,0943;0,0867;0,0077;0,0483;-0,9950;;False
657,38;10.72;pa028​;20250612_105113;1;FO2;-0,0024;1,4200;4,1067;0,0857;0,0076;0,0474;-0,9952;;False
657,39;10.73;pa028​;20250612_105113;1;FO2;-0,0003;1,4232;4,1191;0,0851;0,0074;0,0466;-0,9953;;False
657,41;10.75;pa028​;20250612_105113;1;FO2;0,0018;1,4270;4,1315;0,0853;0,0072;0,0460;-0,9953;;False
657,42;10.76;pa028​;20250612_105113;1;FO2;0,0040;1,4302;4,1436;0,0879;0,0068;0,0443;-0,9951;;False
657,44;10.77;pa028​;20250612_105113;1;FO2;0,0058;1,4323;4,1551;0,0900;0,0056;0,0442;-0,9949;;False
657,45;10.79;pa028​;20250612_105113;1;FO2;0,0075;1,4341;4,1663;0,0901;0,0042;0,0447;-0,9949;;False
657,46;10.8;pa028​;20250612_105113;1;FO2;0,0091;1,4353;4,1776;0,0910;0,0033;0,0445;-0,9948;;False
657,48;10.81;pa028​;20250612_105113;1;FO2;0,0106;1,4349;4,1883;0,0924;0,0030;0,0436;-0,9948;;False
657,49;10.83;pa028​;20250612_105113;1;FO2;0,0120;1,4348;4,1988;0,0902;0,0038;0,0424;-0,9950;;False
657,50;10.84;pa028​;20250612_105113;1;FO2;0,0135;1,4356;4,2095;0,0877;0,0051;0,0404;-0,9953;;False
657,52;10.86;pa028​;20250612_105113;1;FO2;0,0151;1,4369;4,2205;0,0889;0,0062;0,0393;-0,9952;;False
657,53;10.87;pa028​;20250612_105113;1;FO2;0,0166;1,4375;4,2315;0,0933;0,0074;0,0394;-0,9948;;False
657,55;10.88;pa028​;20250612_105113;1;FO2;0,0180;1,4371;4,2421;0,0957;0,0086;0,0399;-0,9946;;False
657,56;10.9;pa028​;20250612_105113;1;FO2;0,0195;1,4371;4,2524;0,0943;0,0106;0,0391;-0,9947;;False
657,57;10.91;pa028​;20250612_105113;1;FO2;0,0208;1,4382;4,2629;0,0926;0,0120;0,0379;-0,9949;;False
657,59;10.93;pa028​;20250612_105113;1;FO2;0,0220;1,4398;4,2737;0,0930;0,0134;0,0382;-0,9948;;False
657,60;10.94;pa028​;20250612_105113;1;FO2;0,0229;1,4414;4,2843;0,0952;0,0143;0,0399;-0,9946;;False
657,62;10.95;pa028​;20250612_105113;1;FO2;0,0236;1,4421;4,2948;0,0974;0,0153;0,0425;-0,9942;;False
657,63;10.97;pa028​;20250612_105113;1;FO2;0,0242;1,4426;4,3049;0,0967;0,0159;0,0445;-0,9942;;False
657,64;10.98;pa028​;20250612_105113;1;FO2;0,0247;1,4430;4,3149;0,0957;0,0165;0,0456;-0,9942;;False
657,66;11.0;pa028​;20250612_105113;1;FO2;0,0253;1,4432;4,3250;0,0952;0,0174;0,0455;-0,9943;;False
657,67;11.01;pa028​;20250612_105113;1;FO2;0,0257;1,4433;4,3350;0,0950;0,0180;0,0448;-0,9943;;False
657,69;11.02;pa028​;20250612_105113;1;FO2;0,0262;1,4431;4,3449;0,0954;0,0189;0,0442;-0,9943;;False
657,70;11.04;pa028​;20250612_105113;1;FO2;0,0264;1,4425;4,3548;0,0956;0,0194;0,0444;-0,9942;;False
657,71;11.05;pa028​;20250612_105113;1;FO2;0,0266;1,4421;4,3646;0,0947;0,0199;0,0437;-0,9944;;False
657,73;11.07;pa028​;20250612_105113;1;FO2;0,0268;1,4416;4,3745;0,0940;0,0203;0,0428;-0,9944;;False
657,74;11.08;pa028​;20250612_105113;1;FO2;0,0269;1,4410;4,3844;0,0932;0,0209;0,0418;-0,9945;;False
657,75;11.09;pa028​;20250612_105113;1;FO2;0,0268;1,4401;4,3943;0,0926;0,0213;0,0413;-0,9946;;False
657,77;11.11;pa028​;20250612_105113;1;FO2;0,0266;1,4390;4,4042;0,0918;0,0221;0,0408;-0,9947;;False
657,78;11.12;pa028​;20250612_105113;1;FO2;0,0265;1,4382;4,4140;0,0916;0,0228;0,0402;-0,9947;;False
657,80;11.13;pa028​;20250612_105113;1;FO2;0,0261;1,4371;4,4237;0,0927;0,0233;0,0397;-0,9946;;False
657,81;11.15;pa028​;20250612_105113;1;FO2;0,0258;1,4355;4,4333;0,0927;0,0238;0,0389;-0,9946;;False
657,82;11.16;pa028​;20250612_105113;1;FO2;0,0254;1,4338;4,4429;0,0903;0,0245;0,0380;-0,9949;;False
657,84;11.18;pa028​;20250612_105113;1;FO2;0,0249;1,4323;4,4526;0,0876;0,0246;0,0366;-0,9952;;False
657,85;11.19;pa028​;20250612_105113;1;FO2;0,0244;1,4310;4,4623;0,0856;0,0243;0,0353;-0,9954;;False
657,87;11.2;pa028​;20250612_105113;1;FO2;0,0239;1,4296;4,4723;0,0838;0,0241;0,0343;-0,9956;;False
657,88;11.22;pa028​;20250612_105113;1;FO2;0,0232;1,4283;4,4822;0,0825;0,0232;0,0330;-0,9958;;False
657,89;11.23;pa028​;20250612_105113;1;FO2;0,0224;1,4273;4,4924;0,0826;0,0223;0,0312;-0,9958;;False
657,91;11.25;pa028​;20250612_105113;1;FO2;0,0214;1,4263;4,5027;0,0839;0,0213;0,0303;-0,9958;;False
657,92;11.26;pa028​;20250612_105113;1;FO2;0,0202;1,4253;4,5133;0,0856;0,0202;0,0299;-0,9957;;False
657,94;11.27;pa028​;20250612_105113;1;FO2;0,0192;1,4243;4,5239;0,0875;0,0195;0,0291;-0,9955;;False
657,95;11.29;pa028​;20250612_105113;1;FO2;0,0181;1,4233;4,5347;0,0890;0,0186;0,0286;-0,9954;;False
657,97;11.3;pa028​;20250612_105113;1;FO2;0,0169;1,4223;4,5456;0,0904;0,0175;0,0289;-0,9953;;False
657,98;11.32;pa028​;20250612_105113;1;FO2;0,0156;1,4215;4,5567;0,0917;0,0163;0,0294;-0,9952;;False
658,00;11.33;pa028​;20250612_105113;1;FO2;0,0142;1,4207;4,5680;0,0934;0,0153;0,0295;-0,9951;;False
658,01;11.35;pa028​;20250612_105113;1;FO2;0,0126;1,4196;4,5790;0,0941;0,0144;0,0296;-0,9950;;False
658,03;11.37;pa028​;20250612_105113;1;FO2;0,0110;1,4192;4,5900;0,0922;0,0133;0,0290;-0,9952;;False
658,04;11.38;pa028​;20250612_105113;1;FO2;0,0093;1,4193;4,6013;0,0922;0,0120;0,0285;-0,9953;;False
658,06;11.4;pa028​;20250612_105113;1;FO2;0,0075;1,4193;4,6128;0,0914;0,0107;0,0286;-0,9953;;False
658,07;11.41;pa028​;20250612_105113;1;FO2;0,0057;1,4207;4,6243;0,0888;0,0097;0,0290;-0,9956;;False
658,09;11.43;pa028​;20250612_105113;1;FO2;0,0021;1,4256;4,6479;0,0882;0,0075;0,0297;-0,9956;;False
658,11;11.44;pa028​;20250612_105113;1;FO2;0,0002;1,4293;4,6603;0,0937;0,0066;0,0315;-0,9951;;False
658,12;11.46;pa028​;20250612_105113;1;FO2;-0,0016;1,4322;4,6720;0,0983;0,0060;0,0323;-0,9946;;False
658,14;11.47;pa028​;20250612_105113;1;FO2;-0,0032;1,4339;4,6834;0,1012;0,0056;0,0324;-0,9943;;False
658,15;11.49;pa028​;20250612_105113;1;FO2;-0,0048;1,4339;4,6943;0,1018;0,0049;0,0322;-0,9943;;False
658,17;11.5;pa028​;20250612_105113;1;FO2;-0,0062;1,4336;4,7049;0,0978;0,0045;0,0312;-0,9947;;False
658,18;11.52;pa028​;20250612_105113;1;FO2;-0,0075;1,4334;4,7156;0,0943;0,0043;0,0293;-0,9951;;False
658,20;11.54;pa028​;20250612_105113;1;FO2;-0,0098;1,4339;4,7374;0,0933;0,0031;0,0257;-0,9953;;False
658,22;11.55;pa028​;20250612_105113;1;FO2;-0,0110;1,4344;4,7485;0,0973;0,0018;0,0260;-0,9949;;False
658,23;11.57;pa028​;20250612_105113;1;FO2;-0,0122;1,4343;4,7595;0,1000;0,0005;0,0283;-0,9946;Collision avec Chemin3 - Objet Parent Plot-Mousse3;False
658,25;11.59;pa028​;20250612_105113;1;FO2;-0,0129;1,4346;4,7701;0,0989;-0,0003;0,0284;-0,9947;Collision avec Chemin3 - Objet Parent Plot-Mousse3;False
658,26;11.6;pa028​;20250612_105113;1;FO2;-0,0137;1,4351;4,7810;0,0979;-0,0014;0,0274;-0,9948;Collision avec Chemin3 - Objet Parent Plot-Mousse3;False
658,28;11.62;pa028​;20250612_105113;1;FO2;-0,0143;1,4356;4,7919;0,0973;-0,0019;0,0260;-0,9949;Collision avec Chemin3 - Objet Parent Plot-Mousse3;False
658,29;11.63;pa028​;20250612_105113;1;FO2;-0,0150;1,4360;4,8026;0,0961;-0,0021;0,0242;-0,9951;Collision avec Chemin3 - Objet Parent Plot-Mousse3;False
658,31;11.65;pa028​;20250612_105113;1;FO2;-0,0161;1,4369;4,8241;0,0944;-0,0024;0,0228;-0,9953;Collision avec Chemin3 - Objet Parent Plot-Mousse3;False
658,33;11.66;pa028​;20250612_105113;1;FO2;-0,0163;1,4376;4,8345;0,0934;-0,0023;0,0224;-0,9954;Collision avec Chemin3 - Objet Parent Plot-Mousse3;False
658,34;11.68;pa028​;20250612_105113;1;FO2;-0,0165;1,4383;4,8448;0,0927;-0,0023;0,0224;-0,9954;Collision avec Chemin3 - Objet Parent Plot-Mousse3;False
658,36;11.69;pa028​;20250612_105113;1;FO2;-0,0166;1,4386;4,8550;0,0927;-0,0027;0,0234;-0,9954;Collision avec Chemin3 - Objet Parent Plot-Mousse3;False
658,37;11.71;pa028​;20250612_105113;1;FO2;-0,0167;1,4388;4,8652;0,0922;-0,0031;0,0245;-0,9954;Collision avec Chemin3 - Objet Parent Plot-Mousse3;False
658,38;11.72;pa028​;20250612_105113;1;FO2;-0,0168;1,4389;4,8752;0,0915;-0,0034;0,0256;-0,9955;Collision avec Chemin3 - Objet Parent Plot-Mousse3;False
658,40;11.73;pa028​;20250612_105113;1;FO2;-0,0168;1,4387;4,8852;0,0905;-0,0036;0,0270;-0,9955;Collision avec Chemin3 - Objet Parent Plot-Mousse3;False
658,41;11.75;pa028​;20250612_105113;1;FO2;-0,0167;1,4382;4,8951;0,0896;-0,0039;0,0282;-0,9956;Collision avec Chemin3 - Objet Parent Plot-Mousse3;False
658,42;11.76;pa028​;20250612_105113;1;FO2;-0,0165;1,4375;4,9051;0,0884;-0,0038;0,0291;-0,9957;Collision avec Chemin3 - Objet Parent Plot-Mousse3;False
658,44;11.77;pa028​;20250612_105113;1;FO2;-0,0162;1,4368;4,9149;0,0877;-0,0035;0,0298;-0,9957;Collision avec Chemin3 - Objet Parent Plot-Mousse3;False
658,45;11.79;pa028​;20250612_105113;1;FO2;-0,0157;1,4359;4,9250;0,0875;-0,0033;0,0305;-0,9957;Collision avec Chemin3 - Objet Parent Plot-Mousse3;False
658,46;11.8;pa028​;20250612_105113;1;FO2;-0,0152;1,4348;4,9351;0,0875;-0,0030;0,0312;-0,9957;Collision avec Chemin3 - Objet Parent Plot-Mousse3;False
658,48;11.81;pa028​;20250612_105113;1;FO2;-0,0147;1,4334;4,9451;0,0875;-0,0031;0,0321;-0,9956;Collision avec Chemin3 - Objet Parent Plot-Mousse3;False
658,49;11.83;pa028​;20250612_105113;1;FO2;-0,0138;1,4318;4,9550;0,0874;-0,0028;0,0331;-0,9956;Collision avec Chemin3 - Objet Parent Plot-Mousse3;False
658,51;11.84;pa028​;20250612_105113;1;FO2;-0,0128;1,4300;4,9650;0,0873;-0,0029;0,0337;-0,9956;Collision avec Chemin3 - Objet Parent Plot-Mousse3;False
658,52;11.86;pa028​;20250612_105113;1;FO2;-0,0118;1,4282;4,9750;0,0858;-0,0030;0,0344;-0,9957;Collision avec Chemin3 - Objet Parent Plot-Mousse3;False
658,53;11.87;pa028​;20250612_105113;1;FO2;-0,0108;1,4263;4,9853;0,0846;-0,0032;0,0353;-0,9958;Collision avec Chemin3 - Objet Parent Plot-Mousse3;False
658,55;11.88;pa028​;20250612_105113;1;FO2;-0,0099;1,4245;4,9956;0,0831;-0,0030;0,0369;-0,9959;Collision avec Chemin3 - Objet Parent Plot-Mousse3;False
658,56;11.9;pa028​;20250612_105113;1;FO2;-0,0088;1,4227;5,0061;0,0826;-0,0024;0,0388;-0,9958;Collision avec Chemin3 - Objet Parent Plot-Mousse3;False
658,57;11.91;pa028​;20250612_105113;1;FO2;-0,0076;1,4209;5,0168;0,0822;-0,0013;0,0406;-0,9958;Collision avec Chemin3 - Objet Parent Plot-Mousse3;False
658,59;11.93;pa028​;20250612_105113;1;FO2;-0,0063;1,4194;5,0276;0,0821;0,0004;0,0413;-0,9958;Collision avec Chemin3 - Objet Parent Plot-Mousse3;False
658,60;11.94;pa028​;20250612_105113;1;FO2;-0,0047;1,4181;5,0386;0,0823;0,0021;0,0417;-0,9957;Collision avec Chemin3 - Objet Parent Plot-Mousse3;False
658,62;11.95;pa028​;20250612_105113;1;FO2;-0,0029;1,4166;5,0496;0,0831;0,0034;0,0419;-0,9957;Collision avec Chemin3 - Objet Parent Plot-Mousse3;False
658,63;11.97;pa028​;20250612_105113;1;FO2;-0,0008;1,4153;5,0608;0,0835;0,0049;0,0413;-0,9956;Collision avec Chemin3 - Objet Parent Plot-Mousse3;False
658,64;11.98;pa028​;20250612_105113;1;FO2;0,0010;1,4146;5,0721;0,0834;0,0057;0,0401;-0,9957;Collision avec Chemin3 - Objet Parent Plot-Mousse3;False
658,66;11.99;pa028​;20250612_105113;1;FO2;0,0028;1,4141;5,0837;0,0838;0,0063;0,0390;-0,9957;Collision avec Chemin3 - Objet Parent Plot-Mousse3;False
658,67;12.01;pa028​;20250612_105113;1;FO2;0,0049;1,4144;5,0954;0,0828;0,0067;0,0379;-0,9958;Collision avec Chemin3 - Objet Parent Plot-Mousse3;False
658,69;12.02;pa028​;20250612_105113;1;FO2;0,0070;1,4154;5,1071;0,0812;0,0065;0,0379;-0,9960;Collision avec Chemin3 - Objet Parent Plot-Mousse3;False
658,70;12.04;pa028​;20250612_105113;1;FO2;0,0096;1,4166;5,1191;0,0801;0,0064;0,0387;-0,9960;Collision avec Chemin3 - Objet Parent Plot-Mousse3;False
658,71;12.05;pa028​;20250612_105113;1;FO2;0,0122;1,4183;5,1312;0,0797;0,0066;0,0387;-0,9961;Collision avec Chemin3 - Objet Parent Plot-Mousse3;False
658,73;12.06;pa028​;20250612_105113;1;FO2;0,0143;1,4212;5,1435;0,0788;0,0069;0,0377;-0,9962;Collision avec Chemin3 - Objet Parent Plot-Mousse3;False
658,74;12.08;pa028​;20250612_105113;1;FO2;0,0165;1,4252;5,1559;0,0813;0,0073;0,0363;-0,9960;Collision avec Chemin3 - Objet Parent Plot-Mousse3;False
658,75;12.09;pa028​;20250612_105113;1;FO2;0,0184;1,4296;5,1684;0,0846;0,0072;0,0356;-0,9958;Collision avec Chemin3 - Objet Parent Plot-Mousse3;False
658,77;12.11;pa028​;20250612_105113;1;FO2;0,0202;1,4326;5,1807;0,0905;0,0069;0,0362;-0,9952;Collision avec Chemin3 - Objet Parent Plot-Mousse3;False
658,78;12.12;pa028​;20250612_105113;1;FO2;0,0218;1,4339;5,1924;0,0946;0,0060;0,0376;-0,9948;Collision avec Chemin3 - Objet Parent Plot-Mousse3;False
658,80;12.13;pa028​;20250612_105113;1;FO2;0,0232;1,4344;5,2038;0,0954;0,0055;0,0392;-0,9947;Collision avec Chemin3 - Objet Parent Plot-Mousse3;False
658,81;12.15;pa028​;20250612_105113;1;FO2;0,0242;1,4343;5,2150;0,0950;0,0048;0,0401;-0,9947;Collision avec Chemin3 - Objet Parent Plot-Mousse3;False
658,82;12.16;pa028​;20250612_105113;1;FO2;0,0250;1,4342;5,2260;0,0937;0,0047;0,0401;-0,9948;Collision avec Chemin3 - Objet Parent Plot-Mousse3;False
658,84;12.18;pa028​;20250612_105113;1;FO2;0,0257;1,4350;5,2372;0,0926;0,0055;0,0392;-0,9949;Collision avec Chemin3 - Objet Parent Plot-Mousse3;False
658,85;12.19;pa028​;20250612_105113;1;FO2;0,0266;1,4361;5,2487;0,0951;0,0066;0,0384;-0,9947;;False
658,87;12.2;pa028​;20250612_105113;1;FO2;0,0276;1,4362;5,2602;0,1000;0,0079;0,0374;-0,9943;;False
658,88;12.22;pa028​;20250612_105113;1;FO2;0,0285;1,4359;5,2713;0,1021;0,0099;0,0368;-0,9940;;False
658,90;12.23;pa028​;20250612_105113;1;FO2;0,0291;1,4365;5,2820;0,1009;0,0124;0,0366;-0,9941;;False
658,91;12.25;pa028​;20250612_105113;1;FO2;0,0296;1,4375;5,2930;0,1010;0,0144;0,0374;-0,9941;;False
658,92;12.26;pa028​;20250612_105113;1;FO2;0,0299;1,4387;5,3039;0,1017;0,0156;0,0396;-0,9939;;False
658,94;12.28;pa028​;20250612_105113;1;FO2;0,0301;1,4394;5,3147;0,1036;0,0167;0,0421;-0,9936;;False
658,95;12.29;pa028​;20250612_105113;1;FO2;0,0301;1,4399;5,3254;0,1039;0,0176;0,0441;-0,9935;;False
658,97;12.3;pa028​;20250612_105113;1;FO2;0,0299;1,4403;5,3358;0,1031;0,0182;0,0454;-0,9935;;False
658,98;12.32;pa028​;20250612_105113;1;FO2;0,0298;1,4405;5,3464;0,1025;0,0189;0,0458;-0,9935;;False
658,99;12.33;pa028​;20250612_105113;1;FO2;0,0293;1,4404;5,3569;0,1015;0,0192;0,0455;-0,9936;;False
659,01;12.34;pa028​;20250612_105113;1;FO2;0,0288;1,4402;5,3673;0,1006;0,0199;0,0446;-0,9937;;False
659,02;12.36;pa028​;20250612_105113;1;FO2;0,0282;1,4399;5,3777;0,0994;0,0206;0,0438;-0,9939;;False
659,03;12.37;pa028​;20250612_105113;1;FO2;0,0276;1,4394;5,3881;0,0987;0,0212;0,0435;-0,9939;;False
659,05;12.38;pa028​;20250612_105113;1;FO2;0,0267;1,4388;5,3985;0,0977;0,0215;0,0433;-0,9940;;False
659,06;12.4;pa028​;20250612_105113;1;FO2;0,0259;1,4380;5,4090;0,0966;0,0223;0,0433;-0,9941;;False
659,07;12.41;pa028​;20250612_105113;1;FO2;0,0248;1,4371;5,4195;0,0956;0,0225;0,0428;-0,9942;;False
659,09;12.43;pa028​;20250612_105113;1;FO2;0,0237;1,4360;5,4300;0,0950;0,0229;0,0430;-0,9943;;False
659,10;12.44;pa028​;20250612_105113;1;FO2;0,0228;1,4348;5,4406;0,0940;0,0233;0,0428;-0,9944;;False
659,12;12.45;pa028​;20250612_105113;1;FO2;0,0219;1,4333;5,4513;0,0942;0,0237;0,0422;-0,9944;;False
659,13;12.47;pa028​;20250612_105113;1;FO2;0,0206;1,4316;5,4620;0,0940;0,0242;0,0404;-0,9945;;False
659,14;12.48;pa028​;20250612_105113;1;FO2;0,0191;1,4299;5,4725;0,0926;0,0248;0,0390;-0,9946;;False
659,16;12.5;pa028​;20250612_105113;1;FO2;0,0175;1,4282;5,4831;0,0903;0,0253;0,0376;-0,9949;;False
659,17;12.51;pa028​;20250612_105113;1;FO2;0,0160;1,4267;5,4939;0,0883;0,0256;0,0360;-0,9951;;False
659,19;12.53;pa028​;20250612_105113;1;FO2;0,0144;1,4254;5,5049;0,0870;0,0256;0,0346;-0,9953;;False
659,20;12.54;pa028​;20250612_105113;1;FO2;0,0126;1,4239;5,5159;0,0865;0,0253;0,0335;-0,9954;;False
659,22;12.55;pa028​;20250612_105113;1;FO2;0,0107;1,4226;5,5269;0,0859;0,0248;0,0323;-0,9955;;False
659,23;12.57;pa028​;20250612_105113;1;FO2;0,0087;1,4214;5,5381;0,0859;0,0242;0,0308;-0,9955;;False
659,25;12.59;pa028​;20250612_105113;1;FO2;0,0066;1,4202;5,5495;0,0878;0,0234;0,0295;-0,9954;;False
659,26;12.6;pa028​;20250612_105113;1;FO2;0,0044;1,4190;5,5610;0,0892;0,0227;0,0291;-0,9953;;False
659,28;12.61;pa028​;20250612_105113;1;FO2;0,0021;1,4176;5,5725;0,0909;0,0220;0,0291;-0,9952;;False
659,29;12.63;pa028​;20250612_105113;1;FO2;-0,0003;1,4162;5,5841;0,0921;0,0215;0,0292;-0,9951;;False
659,30;12.64;pa028​;20250612_105113;1;FO2;-0,0027;1,4149;5,5957;0,0930;0,0208;0,0294;-0,9950;;False
659,31;12.65;pa028​;20250612_105113;1;FO2;-0,0052;1,4142;5,6075;0,0930;0,0198;0,0294;-0,9950;;False
659,32;12.66;pa028​;20250612_105113;1;FO2;-0,0077;1,4141;5,6195;0,0936;0,0188;0,0296;-0,9950;;False
659,34;12.68;pa028​;20250612_105113;1;FO2;-0,0103;1,4145;5,6316;0,0941;0,0171;0,0298;-0,9950;;False
659,35;12.69;pa028​;20250612_105113;1;FO2;-0,0128;1,4157;5,6438;0,0935;0,0155;0,0298;-0,9951;;False
659,37;12.7;pa028​;20250612_105113;1;FO2;-0,0153;1,4189;5,6562;0,0929;0,0142;0,0293;-0,9951;;False
659,38;12.72;pa028​;20250612_105113;1;FO2;-0,0179;1,4229;5,6691;0,0955;0,0126;0,0304;-0,9949;;False
659,39;12.73;pa028​;20250612_105113;1;FO2;-0,0206;1,4268;5,6818;0,0979;0,0115;0,0332;-0,9946;;False
659,41;12.75;pa028​;20250612_105113;1;FO2;-0,0232;1,4296;5,6939;0,0990;0,0110;0,0349;-0,9944;;False
659,43;12.76;pa028​;20250612_105113;1;FO2;-0,0255;1,4313;5,7056;0,0971;0,0110;0,0354;-0,9946;;False
659,44;12.78;pa028​;20250612_105113;1;FO2;-0,0279;1,4320;5,7168;0,0934;0,0107;0,0346;-0,9950;;False
659,46;12.79;pa028​;20250612_105113;1;FO2;-0,0301;1,4314;5,7279;0,0899;0,0109;0,0333;-0,9953;;False
659,47;12.81;pa028​;20250612_105113;1;FO2;-0,0322;1,4303;5,7389;0,0865;0,0111;0,0323;-0,9957;;False
659,49;12.82;pa028​;20250612_105113;1;FO2;-0,0341;1,4298;5,7500;0,0848;0,0110;0,0314;-0,9958;;False
659,50;12.84;pa028​;20250612_105113;1;FO2;-0,0361;1,4307;5,7614;0,0870;0,0097;0,0311;-0,9957;;False
659,52;12.85;pa028​;20250612_105113;1;FO2;-0,0382;1,4314;5,7729;0,0926;0,0079;0,0329;-0,9951;;False
659,53;12.87;pa028​;20250612_105113;1;FO2;-0,0402;1,4312;5,7844;0,0973;0,0058;0,0360;-0,9946;;False
659,55;12.88;pa028​;20250612_105113;1;FO2;-0,0439;1,4309;5,8065;0,0981;0,0026;0,0378;-0,9945;;False
659,56;12.9;pa028​;20250612_105113;1;FO2;-0,0455;1,4311;5,8177;0,0955;0,0005;0,0366;-0,9948;;False
659,58;12.91;pa028​;20250612_105113;1;FO2;-0,0471;1,4311;5,8293;0,0947;-0,0015;0,0356;-0,9949;;False
659,59;12.93;pa028​;20250612_105113;1;FO2;-0,0486;1,4311;5,8408;0,0937;-0,0024;0,0345;-0,9950;;False
659,60;12.94;pa028​;20250612_105113;1;FO2;-0,0500;1,4314;5,8520;0,0911;-0,0023;0,0326;-0,9953;;False
659,62;12.96;pa028​;20250612_105113;1;FO2;-0,0512;1,4325;5,8631;0,0872;-0,0019;0,0305;-0,9957;;False
659,63;12.97;pa028​;20250612_105113;1;FO2;-0,0524;1,4336;5,8741;0,0849;-0,0016;0,0301;-0,9959;;False
659,65;12.99;pa028​;20250612_105113;1;FO2;-0,0536;1,4345;5,8850;0,0826;-0,0013;0,0318;-0,9961;;False
659,66;13.0;pa028​;20250612_105113;1;FO2;-0,0548;1,4348;5,8958;0,0802;-0,0012;0,0343;-0,9962;;False
659,67;13.01;pa028​;20250612_105113;1;FO2;-0,0558;1,4351;5,9066;0,0787;-0,0012;0,0360;-0,9962;;False
659,69;13.03;pa028​;20250612_105113;1;FO2;-0,0565;1,4354;5,9174;0,0780;-0,0012;0,0369;-0,9963;;False
659,70;13.04;pa028​;20250612_105113;1;FO2;-0,0571;1,4353;5,9282;0,0783;-0,0011;0,0377;-0,9962;;False
659,72;13.06;pa028​;20250612_105113;1;FO2;-0,0578;1,4349;5,9389;0,0789;-0,0012;0,0390;-0,9961;;False
659,73;13.07;pa028​;20250612_105113;1;FO2;-0,0585;1,4345;5,9497;0,0795;-0,0014;0,0401;-0,9960;;False
659,75;13.08;pa028​;20250612_105113;1;FO2;-0,0590;1,4340;5,9606;0,0809;-0,0014;0,0411;-0,9959;;False
659,77;13.1;pa028​;20250612_105113;1;FO2;-0,0594;1,4330;5,9716;0,0829;-0,0017;0,0424;-0,9957;;False
659,78;13.12;pa028​;20250612_105113;1;FO2;-0,0599;1,4306;5,9936;0,0854;-0,0018;0,0453;-0,9953;;False
659,80;13.14;pa028​;20250612_105113;1;FO2;-0,0600;1,4288;6,0046;0,0868;-0,0020;0,0469;-0,9951;;False
659,81;13.15;pa028​;20250612_105113;1;FO2;-0,0599;1,4268;6,0159;0,0882;-0,0020;0,0483;-0,9949;;False
659,83;13.17;pa028​;20250612_105113;1;FO2;-0,0597;1,4248;6,0272;0,0894;-0,0019;0,0498;-0,9948;;False
659,84;13.18;pa028​;20250612_105113;1;FO2;-0,0593;1,4229;6,0385;0,0903;-0,0017;0,0507;-0,9946;;False
659,86;13.2;pa028​;20250612_105113;1;FO2;-0,0588;1,4213;6,0498;0,0909;-0,0012;0,0515;-0,9945;;False
659,87;13.21;pa028​;20250612_105113;1;FO2;-0,0583;1,4199;6,0613;0,0924;-0,0008;0,0522;-0,9944;;False
659,89;13.22;pa028​;20250612_105113;1;FO2;-0,0576;1,4185;6,0729;0,0939;-0,0002;0,0530;-0,9942;;False
659,90;13.24;pa028​;20250612_105113;1;FO2;-0,0568;1,4170;6,0845;0,0955;0,0000;0,0538;-0,9940;;False
659,92;13.25;pa028​;20250612_105113;1;FO2;-0,0558;1,4158;6,0963;0,0967;0,0005;0,0542;-0,9938;;False
659,93;13.27;pa028​;20250612_105113;1;FO2;-0,0547;1,4149;6,1083;0,0976;0,0008;0,0541;-0,9938;;False
659,95;13.28;pa028​;20250612_105113;1;FO2;-0,0535;1,4141;6,1202;0,0983;0,0011;0,0534;-0,9937;;False
659,96;13.3;pa028​;20250612_105113;1;FO2;-0,0521;1,4140;6,1322;0,0972;0,0015;0,0531;-0,9938;;False
659,98;13.31;pa028​;20250612_105113;1;FO2;-0,0507;1,4146;6,1445;0,0964;0,0020;0,0528;-0,9939;;False
659,99;13.33;pa028​;20250612_105113;1;FO2;-0,0493;1,4154;6,1568;0,0967;0,0025;0,0529;-0,9939;;False
660,01;13.34;pa028​;20250612_105113;1;FO2;-0,0462;1,4180;6,1818;0,0962;0,0037;0,0530;-0,9939;;False
660,02;13.36;pa028​;20250612_105113;1;FO2;-0,0442;1,4216;6,1948;0,0955;0,0042;0,0524;-0,9940;;False
660,04;13.37;pa028​;20250612_105113;1;FO2;-0,0423;1,4256;6,2080;0,0981;0,0046;0,0518;-0,9938;;False
660,05;13.39;pa028​;20250612_105113;1;FO2;-0,0411;1,4274;6,2206;0,1029;0,0045;0,0521;-0,9933;;False
660,07;13.4;pa028​;20250612_105113;1;FO2;-0,0402;1,4280;6,2324;0,1026;0,0038;0,0535;-0,9933;;False
660,08;13.42;pa028​;20250612_105113;1;FO2;-0,0394;1,4283;6,2438;0,0980;0,0031;0,0554;-0,9936;;False
660,09;13.43;pa028​;20250612_105113;1;FO2;-0,0388;1,4284;6,2551;0,0934;0,0021;0,0570;-0,9940;;False
660,11;13.44;pa028​;20250612_105113;1;FO2;-0,0384;1,4288;6,2665;0,0896;0,0009;0,0567;-0,9944;;False
660,12;13.46;pa028​;20250612_105113;1;FO2;-0,0381;1,4299;6,2781;0,0906;-0,0002;0,0562;-0,9943;;False
660,14;13.47;pa028​;20250612_105113;1;FO2;-0,0378;1,4301;6,2899;0,0952;-0,0007;0,0560;-0,9939;;False
660,15;13.49;pa028​;20250612_105113;1;FO2;-0,0377;1,4296;6,3012;0,0974;-0,0003;0,0550;-0,9937;;False
660,16;13.5;pa028​;20250612_105113;1;FO2;-0,0376;1,4300;6,3123;0,0955;0,0009;0,0533;-0,9940;;False
660,18;13.52;pa028​;20250612_105113;1;FO2;-0,0375;1,4309;6,3237;0,0945;0,0027;0,0527;-0,9941;;False
660,19;13.53;pa028​;20250612_105113;1;FO2;-0,0375;1,4322;6,3351;0,0945;0,0044;0,0535;-0,9941;;False
660,21;13.54;pa028​;20250612_105113;1;FO2;-0,0377;1,4327;6,3464;0,0957;0,0063;0,0549;-0,9939;;False
660,22;13.56;pa028​;20250612_105113;1;FO2;-0,0380;1,4326;6,3576;0,0948;0,0081;0,0554;-0,9939;;False
660,24;13.57;pa028​;20250612_105113;1;FO2;-0,0385;1,4326;6,3686;0,0927;0,0092;0,0557;-0,9941;;False
660,25;13.59;pa028​;20250612_105113;1;FO2;-0,0388;1,4329;6,3797;0,0904;0,0097;0,0563;-0,9943;;False
660,27;13.6;pa028​;20250612_105113;1;FO2;-0,0393;1,4332;6,3909;0,0896;0,0096;0,0568;-0,9943;;False
660,28;13.62;pa028​;20250612_105113;1;FO2;-0,0400;1,4332;6,4019;0,0891;0,0095;0,0567;-0,9944;;False
660,30;13.64;pa028​;20250612_105113;1;FO2;-0,0417;1,4329;6,4235;0,0866;0,0096;0,0555;-0,9946;;False
660,32;13.65;pa028​;20250612_105113;1;FO2;-0,0428;1,4324;6,4343;0,0853;0,0093;0,0534;-0,9949;;False
660,33;13.67;pa028​;20250612_105113;1;FO2;-0,0440;1,4319;6,4450;0,0843;0,0092;0,0521;-0,9950;;False
660,35;13.68;pa028​;20250612_105113;1;FO2;-0,0453;1,4313;6,4557;0,0842;0,0095;0,0515;-0,9951;;False
660,36;13.7;pa028​;20250612_105113;1;FO2;-0,0467;1,4305;6,4663;0,0840;0,0098;0,0506;-0,9951;;False
660,38;13.72;pa028​;20250612_105113;1;FO2;-0,0497;1,4286;6,4876;0,0830;0,0106;0,0488;-0,9953;;False
660,40;13.73;pa028​;20250612_105113;1;FO2;-0,0515;1,4273;6,4983;0,0841;0,0111;0,0471;-0,9953;;False
660,41;13.75;pa028​;20250612_105113;1;FO2;-0,0533;1,4260;6,5089;0,0852;0,0115;0,0452;-0,9953;;False
660,43;13.77;pa028​;20250612_105113;1;FO2;-0,0553;1,4244;6,5192;0,0854;0,0119;0,0437;-0,9953;;False
660,45;13.78;pa028​;20250612_105113;1;FO2;-0,0572;1,4229;6,5297;0,0851;0,0126;0,0417;-0,9954;;False
660,46;13.8;pa028​;20250612_105113;1;FO2;-0,0593;1,4214;6,5401;0,0848;0,0128;0,0392;-0,9955;;False
660,48;13.82;pa028​;20250612_105113;1;FO2;-0,0636;1,4189;6,5613;0,0840;0,0130;0,0357;-0,9957;Collision avec Chemin4 - Objet Parent Plot-Mousse4;False
660,50;13.84;pa028​;20250612_105113;1;FO2;-0,0662;1,4179;6,5723;0,0848;0,0131;0,0341;-0,9957;Collision avec Chemin4 - Objet Parent Plot-Mousse4;False
660,52;13.85;pa028​;20250612_105113;1;FO2;-0,0688;1,4167;6,5832;0,0858;0,0128;0,0326;-0,9957;Collision avec Chemin4 - Objet Parent Plot-Mousse4;False
660,53;13.87;pa028​;20250612_105113;1;FO2;-0,0737;1,4145;6,6052;0,0871;0,0123;0,0304;-0,9957;Collision avec Chemin4 - Objet Parent Plot-Mousse4;False
660,55;13.89;pa028​;20250612_105113;1;FO2;-0,0764;1,4134;6,6164;0,0881;0,0114;0,0312;-0,9956;Collision avec Chemin4 - Objet Parent Plot-Mousse4;False
660,57;13.9;pa028​;20250612_105113;1;FO2;-0,0791;1,4125;6,6276;0,0885;0,0106;0,0321;-0,9955;Collision avec Chemin4 - Objet Parent Plot-Mousse4;False
660,58;13.92;pa028​;20250612_105113;1;FO2;-0,0818;1,4117;6,6387;0,0879;0,0096;0,0328;-0,9955;Collision avec Chemin4 - Objet Parent Plot-Mousse4;False
660,60;13.93;pa028​;20250612_105113;1;FO2;-0,0846;1,4123;6,6500;0,0842;0,0081;0,0336;-0,9959;Collision avec Chemin4 - Objet Parent Plot-Mousse4;False
660,61;13.95;pa028​;20250612_105113;1;FO2;-0,0875;1,4125;6,6616;0,0857;0,0059;0,0344;-0,9957;Collision avec Chemin4 - Objet Parent Plot-Mousse4;False
660,63;13.97;pa028​;20250612_105113;1;FO2;-0,0906;1,4139;6,6735;0,0845;0,0034;0,0347;-0,9958;Collision avec Chemin4 - Objet Parent Plot-Mousse4;False
660,65;13.98;pa028​;20250612_105113;1;FO2;-0,0966;1,4189;6,6973;0,0858;-0,0005;0,0344;-0,9957;Collision avec Chemin4 - Objet Parent Plot-Mousse4;False
660,66;14.0;pa028​;20250612_105113;1;FO2;-0,0995;1,4222;6,7097;0,0922;-0,0028;0,0346;-0,9951;Collision avec Chemin4 - Objet Parent Plot-Mousse4;False
660,68;14.01;pa028​;20250612_105113;1;FO2;-0,1023;1,4246;6,7213;0,0966;-0,0044;0,0349;-0,9947;Collision avec Chemin4 - Objet Parent Plot-Mousse4;False
660,69;14.03;pa028​;20250612_105113;1;FO2;-0,1050;1,4260;6,7326;0,0985;-0,0056;0,0343;-0,9945;Collision avec Chemin4 - Objet Parent Plot-Mousse4;False
660,70;14.04;pa028​;20250612_105113;1;FO2;-0,1073;1,4272;6,7437;0,0987;-0,0062;0,0331;-0,9946;Collision avec Chemin4 - Objet Parent Plot-Mousse4;False
660,71;14.05;pa028​;20250612_105113;1;FO2;-0,1097;1,4276;6,7544;0,0974;-0,0067;0,0314;-0,9947;Collision avec Chemin4 - Objet Parent Plot-Mousse4;False
660,73;14.07;pa028​;20250612_105113;1;FO2;-0,1118;1,4271;6,7650;0,0944;-0,0065;0,0298;-0,9951;Collision avec Chemin4 - Objet Parent Plot-Mousse4;False
660,74;14.08;pa028​;20250612_105113;1;FO2;-0,1139;1,4266;6,7758;0,0920;-0,0067;0,0287;-0,9953;Collision avec Chemin4 - Objet Parent Plot-Mousse4;False
660,75;14.09;pa028​;20250612_105113;1;FO2;-0,1159;1,4267;6,7867;0,0916;-0,0075;0,0290;-0,9953;Collision avec Chemin4 - Objet Parent Plot-Mousse4;False
660,77;14.11;pa028​;20250612_105113;1;FO2;-0,1177;1,4272;6,7978;0,0946;-0,0088;0,0300;-0,9950;Collision avec Chemin4 - Objet Parent Plot-Mousse4;False
660,78;14.12;pa028​;20250612_105113;1;FO2;-0,1194;1,4274;6,8089;0,0988;-0,0102;0,0317;-0,9946;Collision avec Chemin4 - Objet Parent Plot-Mousse4;False
660,80;14.13;pa028​;20250612_105113;1;FO2;-0,1209;1,4273;6,8197;0,1008;-0,0118;0,0324;-0,9943;Collision avec Chemin4 - Objet Parent Plot-Mousse4;False
660,81;14.15;pa028​;20250612_105113;1;FO2;-0,1222;1,4276;6,8304;0,1002;-0,0136;0,0318;-0,9944;Collision avec Chemin4 - Objet Parent Plot-Mousse4;False
660,82;14.16;pa028​;20250612_105113;1;FO2;-0,1235;1,4281;6,8413;0,0997;-0,0159;0,0311;-0,9944;Collision avec Chemin4 - Objet Parent Plot-Mousse4;False
660,84;14.18;pa028​;20250612_105113;1;FO2;-0,1247;1,4289;6,8523;0,0995;-0,0175;0,0301;-0,9944;Collision avec Chemin4 - Objet Parent Plot-Mousse4;False
660,85;14.19;pa028​;20250612_105113;1;FO2;-0,1259;1,4299;6,8633;0,1004;-0,0186;0,0291;-0,9944;Collision avec Chemin4 - Objet Parent Plot-Mousse4;False
660,87;14.2;pa028​;20250612_105113;1;FO2;-0,1269;1,4305;6,8741;0,1006;-0,0191;0,0285;-0,9943;Collision avec Chemin4 - Objet Parent Plot-Mousse4;False
660,88;14.22;pa028​;20250612_105113;1;FO2;-0,1278;1,4309;6,8847;0,0995;-0,0193;0,0285;-0,9944;Collision avec Chemin4 - Objet Parent Plot-Mousse4;False
660,89;14.23;pa028​;20250612_105113;1;FO2;-0,1286;1,4314;6,8948;0,0972;-0,0196;0,0286;-0,9947;Collision avec Chemin4 - Objet Parent Plot-Mousse4;False
660,91;14.24;pa028​;20250612_105113;1;FO2;-0,1294;1,4319;6,9050;0,0952;-0,0199;0,0291;-0,9948;Collision avec Chemin4 - Objet Parent Plot-Mousse4;False
660,92;14.26;pa028​;20250612_105113;1;FO2;-0,1301;1,4324;6,9150;0,0942;-0,0206;0,0302;-0,9949;Collision avec Chemin4 - Objet Parent Plot-Mousse4;False
660,94;14.27;pa028​;20250612_105113;1;FO2;-0,1307;1,4329;6,9250;0,0940;-0,0213;0,0309;-0,9949;Collision avec Chemin4 - Objet Parent Plot-Mousse4;False
660,95;14.29;pa028​;20250612_105113;1;FO2;-0,1312;1,4329;6,9349;0,0945;-0,0224;0,0314;-0,9948;Collision avec Chemin4 - Objet Parent Plot-Mousse4;False
660,96;14.3;pa028​;20250612_105113;1;FO2;-0,1316;1,4326;6,9446;0,0941;-0,0231;0,0312;-0,9948;Collision avec Chemin4 - Objet Parent Plot-Mousse4;False
660,98;14.32;pa028​;20250612_105113;1;FO2;-0,1320;1,4321;6,9543;0,0934;-0,0238;0,0309;-0,9949;Collision avec Chemin4 - Objet Parent Plot-Mousse4;False
660,99;14.33;pa028​;20250612_105113;1;FO2;-0,1324;1,4315;6,9641;0,0928;-0,0243;0,0310;-0,9949;Collision avec Chemin4 - Objet Parent Plot-Mousse4;False
661,00;14.34;pa028​;20250612_105113;1;FO2;-0,1325;1,4308;6,9739;0,0929;-0,0247;0,0316;-0,9949;Collision avec Chemin4 - Objet Parent Plot-Mousse4;False
661,02;14.36;pa028​;20250612_105113;1;FO2;-0,1325;1,4299;6,9838;0,0928;-0,0249;0,0323;-0,9949;Collision avec Chemin4 - Objet Parent Plot-Mousse4;False
661,03;14.37;pa028​;20250612_105113;1;FO2;-0,1324;1,4288;6,9937;0,0926;-0,0251;0,0332;-0,9948;Collision avec Chemin4 - Objet Parent Plot-Mousse4;False
661,05;14.38;pa028​;20250612_105113;1;FO2;-0,1321;1,4275;7,0037;0,0922;-0,0252;0,0343;-0,9948;Collision avec Chemin4 - Objet Parent Plot-Mousse4;False
661,06;14.4;pa028​;20250612_105113;1;FO2;-0,1319;1,4261;7,0137;0,0922;-0,0254;0,0358;-0,9948;Collision avec Chemin4 - Objet Parent Plot-Mousse4;False
661,07;14.41;pa028​;20250612_105113;1;FO2;-0,1316;1,4242;7,0238;0,0922;-0,0258;0,0375;-0,9947;Collision avec Chemin4 - Objet Parent Plot-Mousse4;False
661,09;14.43;pa028​;20250612_105113;1;FO2;-0,1311;1,4221;7,0339;0,0913;-0,0259;0,0387;-0,9947;Collision avec Chemin4 - Objet Parent Plot-Mousse4;False
661,10;14.44;pa028​;20250612_105113;1;FO2;-0,1305;1,4201;7,0441;0,0897;-0,0260;0,0394;-0,9949;;False
661,12;14.45;pa028​;20250612_105113;1;FO2;-0,1298;1,4184;7,0545;0,0875;-0,0259;0,0397;-0,9950;;False
661,13;14.47;pa028​;20250612_105113;1;FO2;-0,1289;1,4168;7,0649;0,0865;-0,0252;0,0399;-0,9951;;False
661,14;14.48;pa028​;20250612_105113;1;FO2;-0,1281;1,4152;7,0754;0,0853;-0,0246;0,0403;-0,9952;;False
661,16;14.5;pa028​;20250612_105113;1;FO2;-0,1271;1,4137;7,0862;0,0841;-0,0237;0,0405;-0,9954;;False
661,17;14.51;pa028​;20250612_105113;1;FO2;-0,1258;1,4123;7,0972;0,0839;-0,0226;0,0398;-0,9954;;False
661,19;14.52;pa028​;20250612_105113;1;FO2;-0,1245;1,4110;7,1083;0,0843;-0,0214;0,0385;-0,9955;;False
661,20;14.54;pa028​;20250612_105113;1;FO2;-0,1230;1,4097;7,1195;0,0849;-0,0202;0,0377;-0,9955;;False
661,21;14.55;pa028​;20250612_105113;1;FO2;-0,1216;1,4084;7,1307;0,0852;-0,0189;0,0376;-0,9955;;False
661,23;14.56;pa028​;20250612_105113;1;FO2;-0,1199;1,4075;7,1417;0,0847;-0,0175;0,0378;-0,9955;;False
661,24;14.58;pa028​;20250612_105113;1;FO2;-0,1181;1,4074;7,1530;0,0826;-0,0159;0,0376;-0,9958;;False
661,25;14.59;pa028​;20250612_105113;1;FO2;-0,1162;1,4077;7,1643;0,0816;-0,0143;0,0375;-0,9959;;False
661,27;14.61;pa028​;20250612_105113;1;FO2;-0,1143;1,4081;7,1758;0,0805;-0,0128;0,0379;-0,9959;;False
661,28;14.62;pa028​;20250612_105113;1;FO2;-0,1124;1,4095;7,1872;0,0781;-0,0112;0,0374;-0,9962;;False
661,30;14.63;pa028​;20250612_105113;1;FO2;-0,1103;1,4125;7,1988;0,0768;-0,0100;0,0360;-0,9963;;False
661,31;14.65;pa028​;20250612_105113;1;FO2;-0,1082;1,4160;7,2107;0,0786;-0,0093;0,0347;-0,9963;;False
661,32;14.66;pa028​;20250612_105113;1;FO2;-0,1064;1,4198;7,2225;0,0822;-0,0093;0,0344;-0,9960;;False
661,34;14.68;pa028​;20250612_105113;1;FO2;-0,1047;1,4222;7,2337;0,0868;-0,0099;0,0353;-0,9956;;False
661,35;14.69;pa028​;20250612_105113;1;FO2;-0,1033;1,4232;7,2441;0,0884;-0,0113;0,0369;-0,9953;;False
661,37;14.7;pa028​;20250612_105113;1;FO2;-0,1020;1,4237;7,2543;0,0878;-0,0128;0,0378;-0,9953;;False
661,38;14.72;pa028​;20250612_105113;1;FO2;-0,1010;1,4233;7,2642;0,0864;-0,0140;0,0379;-0,9954;;False
661,39;14.73;pa028​;20250612_105113;1;FO2;-0,1003;1,4230;7,2741;0,0843;-0,0147;0,0366;-0,9957;;False
661,41;14.74;pa028​;20250612_105113;1;FO2;-0,0998;1,4234;7,2843;0,0843;-0,0150;0,0346;-0,9957;;False
661,42;14.76;pa028​;20250612_105113;1;FO2;-0,0992;1,4242;7,2945;0,0871;-0,0149;0,0335;-0,9955;;False
661,43;14.77;pa028​;20250612_105113;1;FO2;-0,0987;1,4241;7,3046;0,0920;-0,0142;0,0328;-0,9951;;False
661,45;14.79;pa028​;20250612_105113;1;FO2;-0,0982;1,4233;7,3144;0,0938;-0,0126;0,0315;-0,9950;;False
661,46;14.8;pa028​;20250612_105113;1;FO2;-0,0976;1,4232;7,3239;0,0923;-0,0108;0,0305;-0,9952;;False
661,48;14.81;pa028​;20250612_105113;1;FO2;-0,0971;1,4240;7,3336;0,0911;-0,0090;0,0305;-0,9953;;False
661,49;14.83;pa028​;20250612_105113;1;FO2;-0,0967;1,4250;7,3434;0,0916;-0,0073;0,0322;-0,9952;;False
661,50;14.84;pa028​;20250612_105113;1;FO2;-0,0965;1,4258;7,3530;0,0932;-0,0061;0,0350;-0,9950;;False
661,52;14.86;pa028​;20250612_105113;1;FO2;-0,0963;1,4263;7,3623;0,0942;-0,0049;0,0366;-0,9949;;False
661,53;14.87;pa028​;20250612_105113;1;FO2;-0,0962;1,4269;7,3713;0,0933;-0,0039;0,0379;-0,9949;;False
661,55;14.88;pa028​;20250612_105113;1;FO2;-0,0963;1,4275;7,3802;0,0921;-0,0037;0,0382;-0,9950;;False
661,56;14.9;pa028​;20250612_105113;1;FO2;-0,0965;1,4281;7,3889;0,0907;-0,0035;0,0375;-0,9952;;False
661,58;14.91;pa028​;20250612_105113;1;FO2;-0,0966;1,4285;7,3975;0,0894;-0,0025;0,0361;-0,9953;;False
661,59;14.93;pa028​;20250612_105113;1;FO2;-0,0970;1,4288;7,4060;0,0882;-0,0014;0,0346;-0,9955;;False
661,61;14.94;pa028​;20250612_105113;1;FO2;-0,0972;1,4293;7,4146;0,0872;0,0000;0,0337;-0,9956;;False
661,62;14.96;pa028​;20250612_105113;1;FO2;-0,0976;1,4296;7,4232;0,0868;0,0013;0,0334;-0,9957;;False
661,63;14.97;pa028​;20250612_105113;1;FO2;-0,0980;1,4296;7,4318;0,0869;0,0026;0,0331;-0,9957;;False
661,65;14.98;pa028​;20250612_105113;1;FO2;-0,0984;1,4295;7,4402;0,0861;0,0043;0,0327;-0,9957;;False
661,66;15.0;pa028​;20250612_105113;1;FO2;-0,0990;1,4293;7,4486;0,0853;0,0059;0,0326;-0,9958;;False
661,67;15.01;pa028​;20250612_105113;1;FO2;-0,0996;1,4289;7,4571;0,0844;0,0073;0,0330;-0,9959;;False
661,69;15.02;pa028​;20250612_105113;1;FO2;-0,1005;1,4283;7,4655;0,0838;0,0090;0,0327;-0,9959;;False
661,70;15.04;pa028​;20250612_105113;1;FO2;-0,1014;1,4275;7,4738;0,0830;0,0107;0,0321;-0,9960;;False
661,72;15.05;pa028​;20250612_105113;1;FO2;-0,1025;1,4266;7,4822;0,0815;0,0121;0,0306;-0,9961;;False
661,73;15.07;pa028​;20250612_105113;1;FO2;-0,1033;1,4256;7,4907;0,0799;0,0133;0,0292;-0,9963;;False
661,75;15.08;pa028​;20250612_105113;1;FO2;-0,1041;1,4246;7,4993;0,0786;0,0145;0,0273;-0,9964;;False
661,76;15.1;pa028​;20250612_105113;1;FO2;-0,1051;1,4237;7,5080;0,0775;0,0151;0,0258;-0,9965;;False
661,78;15.12;pa028​;20250612_105113;1;FO2;-0,1061;1,4226;7,5168;0,0769;0,0154;0,0249;-0,9966;;False
661,79;15.13;pa028​;20250612_105113;1;FO2;-0,1072;1,4217;7,5257;0,0759;0,0155;0,0242;-0,9967;;False
661,81;15.15;pa028​;20250612_105113;1;FO2;-0,1082;1,4209;7,5348;0,0754;0,0154;0,0240;-0,9967;;False
661,83;15.16;pa028​;20250612_105113;1;FO2;-0,1106;1,4192;7,5531;0,0749;0,0150;0,0234;-0,9968;;False
661,84;15.18;pa028​;20250612_105113;1;FO2;-0,1118;1,4182;7,5626;0,0758;0,0150;0,0234;-0,9967;;False
661,86;15.2;pa028​;20250612_105113;1;FO2;-0,1132;1,4170;7,5721;0,0766;0,0148;0,0237;-0,9967;;False
661,88;15.22;pa028​;20250612_105113;1;FO2;-0,1147;1,4157;7,5816;0,0770;0,0148;0,0239;-0,9966;;False
661,90;15.23;pa028​;20250612_105113;1;FO2;-0,1178;1,4132;7,6009;0,0773;0,0149;0,0245;-0,9966;;False
661,91;15.25;pa028​;20250612_105113;1;FO2;-0,1195;1,4117;7,6106;0,0779;0,0146;0,0253;-0,9965;;False
661,93;15.26;pa028​;20250612_105113;1;FO2;-0,1213;1,4113;7,6203;0,0763;0,0136;0,0259;-0,9967;;False
661,94;15.28;pa028​;20250612_105113;1;FO2;-0,1231;1,4103;7,6302;0,0771;0,0125;0,0257;-0,9966;;False
661,96;15.3;pa028​;20250612_105113;1;FO2;-0,1250;1,4101;7,6400;0,0759;0,0114;0,0254;-0,9967;;False
661,97;15.31;pa028​;20250612_105113;1;FO2;-0,1268;1,4118;7,6500;0,0739;0,0105;0,0245;-0,9969;;False
661,99;15.33;pa028​;20250612_105113;1;FO2;-0,1286;1,4140;7,6603;0,0755;0,0099;0,0244;-0,9968;;False
662,00;15.34;pa028​;20250612_105113;1;FO2;-0,1304;1,4163;7,6706;0,0774;0,0096;0,0253;-0,9966;;False
662,02;15.36;pa028​;20250612_105113;1;FO2;-0,1338;1,4218;7,6909;0,0820;0,0098;0,0253;-0,9963;;False
662,03;15.37;pa028​;20250612_105113;1;FO2;-0,1352;1,4241;7,7006;0,0862;0,0102;0,0242;-0,9959;;False
662,05;15.39;pa028​;20250612_105113;1;FO2;-0,1364;1,4259;7,7094;0,0869;0,0108;0,0222;-0,9959;;False
662,06;15.4;pa028​;20250612_105113;1;FO2;-0,1374;1,4273;7,7181;0,0860;0,0111;0,0205;-0,9960;;False
662,08;15.42;pa028​;20250612_105113;1;FO2;-0,1384;1,4279;7,7267;0,0851;0,0116;0,0195;-0,9961;;False
662,09;15.43;pa028​;20250612_105113;1;FO2;-0,1392;1,4283;7,7353;0,0869;0,0117;0,0204;-0,9959;;False
662,11;15.45;pa028​;20250612_105113;1;FO2;-0,1399;1,4285;7,7440;0,0904;0,0117;0,0224;-0,9956;;False
662,13;15.46;pa028​;20250612_105113;1;FO2;-0,1405;1,4285;7,7527;0,0953;0,0106;0,0255;-0,9951;;False
662,14;15.48;pa028​;20250612_105113;1;FO2;-0,1409;1,4288;7,7615;0,0991;0,0091;0,0278;-0,9946;;False
662,15;15.49;pa028​;20250612_105113;1;FO2;-0,1410;1,4291;7,7704;0,1034;0,0070;0,0296;-0,9942;;False
662,17;15.51;pa028​;20250612_105113;1;FO2;-0,1412;1,4289;7,7791;0,1077;0,0039;0,0306;-0,9937;;False
662,19;15.52;pa028​;20250612_105113;1;FO2;-0,1414;1,4282;7,7961;0,1122;-0,0021;0,0324;-0,9932;;False
662,20;15.54;pa028​;20250612_105113;1;FO2;-0,1411;1,4276;7,8045;0,1116;-0,0052;0,0323;-0,9932;;False
662,22;15.55;pa028​;20250612_105113;1;FO2;-0,1409;1,4278;7,8128;0,1099;-0,0082;0,0319;-0,9934;;False
662,23;15.57;pa028​;20250612_105113;1;FO2;-0,1406;1,4285;7,8212;0,1094;-0,0107;0,0306;-0,9935;;False
662,25;15.58;pa028​;20250612_105113;1;FO2;-0,1401;1,4297;7,8295;0,1098;-0,0124;0,0295;-0,9934;;False
662,26;15.6;pa028​;20250612_105113;1;FO2;-0,1397;1,4309;7,8375;0,1102;-0,0137;0,0289;-0,9934;;False
662,27;15.61;pa028​;20250612_105113;1;FO2;-0,1391;1,4318;7,8454;0,1102;-0,0151;0,0294;-0,9934;;False
662,29;15.63;pa028​;20250612_105113;1;FO2;-0,1385;1,4322;7,8530;0,1099;-0,0166;0,0303;-0,9933;;False
662,30;15.64;pa028​;20250612_105113;1;FO2;-0,1378;1,4327;7,8605;0,1093;-0,0179;0,0309;-0,9934;;False
662,32;15.65;pa028​;20250612_105113;1;FO2;-0,1370;1,4331;7,8680;0,1090;-0,0191;0,0311;-0,9934;;False
662,33;15.67;pa028​;20250612_105113;1;FO2;-0,1360;1,4335;7,8755;0,1087;-0,0203;0,0309;-0,9934;;False
662,34;15.68;pa028​;20250612_105113;1;FO2;-0,1349;1,4336;7,8828;0,1082;-0,0211;0,0308;-0,9934;;False
662,35;15.69;pa028​;20250612_105113;1;FO2;-0,1338;1,4333;7,8900;0,1077;-0,0219;0,0310;-0,9935;;False
662,36;15.7;pa028​;20250612_105113;1;FO2;-0,1325;1,4329;7,8972;0,1066;-0,0222;0,0313;-0,9936;;False
662,38;15.72;pa028​;20250612_105113;1;FO2;-0,1310;1,4325;7,9043;0,1053;-0,0223;0,0314;-0,9937;;False
662,39;15.73;pa028​;20250612_105113;1;FO2;-0,1294;1,4319;7,9114;0,1045;-0,0224;0,0317;-0,9938;;False
662,41;15.75;pa028​;20250612_105113;1;FO2;-0,1278;1,4313;7,9185;0,1038;-0,0223;0,0327;-0,9938;;False
662,42;15.76;pa028​;20250612_105113;1;FO2;-0,1262;1,4305;7,9255;0,1028;-0,0225;0,0339;-0,9939;;False
662,43;15.77;pa028​;20250612_105113;1;FO2;-0,1245;1,4299;7,9325;0,1014;-0,0224;0,0343;-0,9940;;False
662,45;15.79;pa028​;20250612_105113;1;FO2;-0,1224;1,4291;7,9393;0,1008;-0,0226;0,0349;-0,9940;;False
662,46;15.8;pa028​;20250612_105113;1;FO2;-0,1202;1,4283;7,9460;0,1001;-0,0225;0,0355;-0,9941;;False
662,48;15.81;pa028​;20250612_105113;1;FO2;-0,1180;1,4276;7,9527;0,0991;-0,0225;0,0364;-0,9942;;False
662,49;15.83;pa028​;20250612_105113;1;FO2;-0,1156;1,4269;7,9593;0,0980;-0,0225;0,0374;-0,9942;;False
662,50;15.84;pa028​;20250612_105113;1;FO2;-0,1130;1,4264;7,9658;0,0970;-0,0225;0,0380;-0,9943;;False
662,52;15.86;pa028​;20250612_105113;1;FO2;-0,1101;1,4260;7,9722;0,0956;-0,0219;0,0384;-0,9944;;False
662,53;15.87;pa028​;20250612_105113;1;FO2;-0,1071;1,4258;7,9787;0,0938;-0,0215;0,0385;-0,9946;;False
662,54;15.88;pa028​;20250612_105113;1;FO2;-0,1042;1,4256;7,9853;0,0928;-0,0210;0,0384;-0,9947;;False
662,56;15.9;pa028​;20250612_105113;1;FO2;-0,1011;1,4257;7,9919;0,0918;-0,0202;0,0388;-0,9948;;False
662,57;15.91;pa028​;20250612_105113;1;FO2;-0,0977;1,4255;7,9984;0,0920;-0,0194;0,0394;-0,9948;;False
662,59;15.92;pa028​;20250612_105113;1;FO2;-0,0942;1,4252;8,0049;0,0915;-0,0186;0,0404;-0,9948;;False
662,60;15.94;pa028​;20250612_105113;1;FO2;-0,0904;1,4259;8,0114;0,0897;-0,0179;0,0410;-0,9950;;False
662,61;15.95;pa028​;20250612_105113;1;FO2;-0,0864;1,4273;8,0182;0,0902;-0,0175;0,0409;-0,9949;;False
662,63;15.97;pa028​;20250612_105113;1;FO2;-0,0827;1,4279;8,0251;0,0925;-0,0178;0,0416;-0,9947;;False
662,64;15.98;pa028​;20250612_105113;1;FO2;-0,0790;1,4284;8,0316;0,0925;-0,0179;0,0431;-0,9946;;False
662,66;15.99;pa028​;20250612_105113;1;FO2;-0,0755;1,4288;8,0380;0,0912;-0,0186;0,0440;-0,9947;;False
662,67;16.01;pa028​;20250612_105113;1;FO2;-0,0721;1,4292;8,0442;0,0904;-0,0197;0,0443;-0,9947;;False
662,68;16.02;pa028​;20250612_105113;1;FO2;-0,0686;1,4295;8,0502;0,0900;-0,0209;0,0441;-0,9947;;False
662,70;16.04;pa028​;20250612_105113;1;FO2;-0,0653;1,4297;8,0560;0,0891;-0,0217;0,0432;-0,9948;;False
662,71;16.05;pa028​;20250612_105113;1;FO2;-0,0622;1,4301;8,0618;0,0885;-0,0219;0,0416;-0,9950;;False
662,73;16.06;pa028​;20250612_105113;1;FO2;-0,0591;1,4304;8,0675;0,0881;-0,0213;0,0401;-0,9951;;False
662,74;16.08;pa028​;20250612_105113;1;FO2;-0,0562;1,4307;8,0730;0,0874;-0,0202;0,0396;-0,9952;;False
662,75;16.09;pa028​;20250612_105113;1;FO2;-0,0536;1,4312;8,0784;0,0854;-0,0188;0,0400;-0,9954;;False
662,77;16.1;pa028​;20250612_105113;1;FO2;-0,0510;1,4315;8,0838;0,0833;-0,0170;0,0412;-0,9955;;False
662,78;16.12;pa028​;20250612_105113;1;FO2;-0,0488;1,4318;8,0891;0,0814;-0,0151;0,0416;-0,9957;;False
662,79;16.13;pa028​;20250612_105113;1;FO2;-0,0467;1,4320;8,0943;0,0793;-0,0131;0,0414;-0,9959;;False
662,81;16.15;pa028​;20250612_105113;1;FO2;-0,0444;1,4321;8,0996;0,0767;-0,0109;0,0410;-0,9962;;False
662,82;16.16;pa028​;20250612_105113;1;FO2;-0,0424;1,4318;8,1046;0,0748;-0,0091;0,0400;-0,9964;;False
662,84;16.17;pa028​;20250612_105113;1;FO2;-0,0406;1,4313;8,1096;0,0725;-0,0071;0,0389;-0,9966;;False
662,85;16.19;pa028​;20250612_105113;1;FO2;-0,0389;1,4308;8,1143;0,0705;-0,0055;0,0381;-0,9968;;False
662,86;16.2;pa028​;20250612_105113;1;FO2;-0,0372;1,4304;8,1190;0,0685;-0,0032;0,0384;-0,9969;;False
662,88;16.22;pa028​;20250612_105113;1;FO2;-0,0359;1,4302;8,1235;0,0665;-0,0015;0,0384;-0,9970;;False
662,89;16.23;pa028​;20250612_105113;1;FO2;-0,0342;1,4298;8,1280;0,0648;0,0009;0,0387;-0,9972;;False
662,91;16.25;pa028​;20250612_105113;1;FO2;-0,0331;1,4300;8,1325;0,0625;0,0026;0,0386;-0,9973;;False
662,92;16.26;pa028​;20250612_105113;1;FO2;-0,0318;1,4304;8,1369;0,0610;0,0051;0,0388;-0,9974;;False
662,94;16.28;pa028​;20250612_105113;1;FO2;-0,0310;1,4308;8,1413;0,0604;0,0070;0,0399;-0,9974;;False
662,95;16.29;pa028​;20250612_105113;1;FO2;-0,0303;1,4310;8,1456;0,0598;0,0089;0,0406;-0,9973;;False
662,96;16.3;pa028​;20250612_105113;1;FO2;-0,0297;1,4310;8,1494;0,0584;0,0111;0,0407;-0,9974;;False
662,98;16.31;pa028​;20250612_105113;1;FO2;-0,0293;1,4310;8,1530;0,0563;0,0127;0,0409;-0,9975;;False
662,99;16.33;pa028​;20250612_105113;1;FO2;-0,0288;1,4314;8,1562;0,0538;0,0150;0,0403;-0,9976;;False
663,00;16.34;pa028​;20250612_105113;1;FO2;-0,0283;1,4318;8,1593;0,0516;0,0174;0,0399;-0,9977;;False
663,02;16.36;pa028​;20250612_105113;1;FO2;-0,0283;1,4320;8,1625;0,0508;0,0192;0,0396;-0,9977;;False
663,03;16.37;pa028​;20250612_105113;1;FO2;-0,0284;1,4323;8,1655;0,0506;0,0212;0,0396;-0,9977;;False
663,05;16.38;pa028​;20250612_105113;1;FO2;-0,0286;1,4324;8,1682;0,0508;0,0226;0,0401;-0,9976;;False
663,06;16.4;pa028​;20250612_105113;1;FO2;-0,0284;1,4325;8,1707;0,0506;0,0240;0,0412;-0,9976;;False
663,07;16.41;pa028​;20250612_105113;1;FO2;-0,0285;1,4323;8,1729;0,0505;0,0251;0,0422;-0,9975;;False
663,09;16.42;pa028​;20250612_105113;1;FO2;-0,0287;1,4320;8,1750;0,0497;0,0262;0,0434;-0,9975;;False
663,10;16.44;pa028​;20250612_105113;1;FO2;-0,0295;1,4314;8,1770;0,0483;0,0263;0,0447;-0,9975;;False
663,11;16.45;pa028​;20250612_105113;1;FO2;-0,0302;1,4310;8,1788;0,0456;0,0261;0,0459;-0,9976;;False
663,13;16.47;pa028​;20250612_105113;1;FO2;-0,0307;1,4307;8,1801;0,0430;0,0255;0,0465;-0,9977;;False
663,14;16.48;pa028​;20250612_105113;1;FO2;-0,0313;1,4303;8,1814;0,0403;0,0243;0,0468;-0,9978;;False
663,16;16.49;pa028​;20250612_105113;1;FO2;-0,0320;1,4305;8,1825;0,0384;0,0228;0,0465;-0,9979;;False
