Timestamp;ElapsedTime;ID_Subject;ID_Session;sessionNumber;ID_Test;HeadPosition_X;HeadPosition_Y;HeadPosition_Z;HeadRotation_X;HeadRotation_Y;HeadRotation_Z;HeadRotation_W;Events;FalseStart
2588,02;0.0;pa012​;20250414_140852;1;Marche;0,0567;1,4628;0,4613;0,0320;0,1717;-0,0328;0,9841;;True
2588,04;0.0;pa012​;20250414_140852;1;Marche;0,0567;1,4649;0,4574;0,0251;0,1744;-0,0340;0,9838;;True
2588,05;0.0;pa012​;20250414_140852;1;Marche;0,0566;1,4668;0,4536;0,0183;0,1774;-0,0347;0,9834;;True
2588,07;0.0;pa012​;20250414_140852;1;Marche;0,0565;1,4686;0,4500;0,0123;0,1802;-0,0350;0,9829;;True
2588,08;0.0;pa012​;20250414_140852;1;Marche;0,0564;1,4702;0,4464;0,0060;0,1833;-0,0354;0,9824;;True
2588,09;0.0;pa012​;20250414_140852;1;Marche;0,0563;1,4720;0,4429;0,0008;0,1861;-0,0357;0,9819;;True
2588,11;0.0;pa012​;20250414_140852;1;Marche;0,0561;1,4734;0,4396;-0,0048;0,1887;-0,0355;0,9814;;True
2588,12;0.0;pa012​;20250414_140852;1;Marche;0,0559;1,4747;0,4363;-0,0098;0,1913;-0,0355;0,9808;;True
2588,14;0.0;pa012​;20250414_140852;1;Marche;0,0557;1,4761;0,4331;-0,0136;0,1937;-0,0354;0,9803;;True
2588,15;0.0;pa012​;20250414_140852;1;Marche;0,0555;1,4771;0,4300;-0,0178;0,1953;-0,0355;0,9799;;True
2588,16;0.0;pa012​;20250414_140852;1;Marche;0,0551;1,4781;0,4271;-0,0211;0,1967;-0,0357;0,9796;;True
2588,18;0.0;pa012​;20250414_140852;1;Marche;0,0547;1,4789;0,4245;-0,0241;0,1973;-0,0363;0,9794;;True
2588,19;0.0;pa012​;20250414_140852;1;Marche;0,0542;1,4798;0,4219;-0,0270;0,1972;-0,0368;0,9793;;True
2588,21;0.0;pa012​;20250414_140852;1;Marche;0,0537;1,4807;0,4194;-0,0298;0,1968;-0,0378;0,9793;;True
2588,22;0.0;pa012​;20250414_140852;1;Marche;0,0531;1,4815;0,4171;-0,0326;0,1960;-0,0384;0,9793;;True
2588,23;0.0;pa012​;20250414_140852;1;Marche;0,0526;1,4822;0,4149;-0,0359;0,1947;-0,0390;0,9794;;True
2588,25;0.0;pa012​;20250414_140852;1;Marche;0,0521;1,4828;0,4128;-0,0390;0,1932;-0,0394;0,9796;;True
2588,26;0.0;pa012​;20250414_140852;1;Marche;0,0515;1,4835;0,4109;-0,0418;0,1924;-0,0398;0,9796;;True
2588,28;0.0;pa012​;20250414_140852;1;Marche;0,0512;1,4841;0,4090;-0,0444;0,1914;-0,0401;0,9797;;True
2588,29;0.0;pa012​;20250414_140852;1;Marche;0,0508;1,4846;0,4073;-0,0472;0,1907;-0,0402;0,9797;;True
2588,30;0.0;pa012​;20250414_140852;1;Marche;0,0504;1,4850;0,4057;-0,0496;0,1905;-0,0406;0,9796;;True
2588,32;0.0;pa012​;20250414_140852;1;Marche;0,0503;1,4854;0,4043;-0,0516;0,1904;-0,0410;0,9795;;True
2588,33;0.0;pa012​;20250414_140852;1;Marche;0,0501;1,4858;0,4029;-0,0535;0,1905;-0,0414;0,9794;;True
2588,34;0.0;pa012​;20250414_140852;1;Marche;0,0499;1,4861;0,4017;-0,0552;0,1907;-0,0418;0,9792;;True
2588,36;0.0;pa012​;20250414_140852;1;Marche;0,0498;1,4863;0,4007;-0,0566;0,1910;-0,0422;0,9790;;True
2588,37;0.0;pa012​;20250414_140852;1;Marche;0,0498;1,4865;0,4000;-0,0579;0,1913;-0,0423;0,9789;;True
2588,39;0.0;pa012​;20250414_140852;1;Marche;0,0498;1,4867;0,3993;-0,0591;0,1916;-0,0425;0,9788;;True
2588,40;0.0;pa012​;20250414_140852;1;Marche;0,0497;1,4869;0,3987;-0,0600;0,1919;-0,0427;0,9786;;True
2588,41;0.0;pa012​;20250414_140852;1;Marche;0,0497;1,4870;0,3983;-0,0604;0,1920;-0,0430;0,9786;;True
2588,43;0.0;pa012​;20250414_140852;1;Marche;0,0498;1,4870;0,3981;-0,0602;0,1922;-0,0431;0,9786;;True
2588,44;0.0;pa012​;20250414_140852;1;Marche;0,0498;1,4869;0,3981;-0,0595;0,1924;-0,0433;0,9786;;True
2588,46;0.0;pa012​;20250414_140852;1;Marche;0,0498;1,4869;0,3977;-0,0583;0,1923;-0,0433;0,9786;;True
2588,47;0.0;pa012​;20250414_140852;1;Marche;0,0498;1,4866;0,3982;-0,0564;0,1922;-0,0431;0,9788;;True
2588,48;0.0;pa012​;20250414_140852;1;Marche;0,0499;1,4863;0,3987;-0,0546;0,1921;-0,0426;0,9789;;True
2588,50;0.0;pa012​;20250414_140852;1;Marche;0,0501;1,4858;0,4003;-0,0522;0,1918;-0,0421;0,9791;;True
2588,51;0.0;pa012​;20250414_140852;1;Marche;0,0503;1,4853;0,4014;-0,0495;0,1912;-0,0416;0,9794;;True
2588,52;0.0;pa012​;20250414_140852;1;Marche;0,0505;1,4846;0,4027;-0,0456;0,1905;-0,0410;0,9798;;True
2588,54;0.0;pa012​;20250414_140852;1;Marche;0,0506;1,4836;0,4042;-0,0408;0,1895;-0,0407;0,9802;;True
2588,55;0.0;pa012​;20250414_140852;1;Marche;0,0508;1,4825;0,4060;-0,0347;0,1881;-0,0403;0,9807;;True
2588,57;0.0;pa012​;20250414_140852;1;Marche;0,0507;1,4811;0,4081;-0,0278;0,1869;-0,0394;0,9812;;True
2588,58;0.0;pa012​;20250414_140852;1;Marche;0,0508;1,4795;0,4104;-0,0199;0,1849;-0,0390;0,9818;;True
2588,60;0.0;pa012​;20250414_140852;1;Marche;0,0509;1,4777;0,4131;-0,0103;0,1830;-0,0383;0,9823;;True
2588,61;0.0;pa012​;20250414_140852;1;Marche;0,0510;1,4756;0,4160;0,0005;0,1807;-0,0377;0,9828;;True
2588,62;0.0;pa012​;20250414_140852;1;Marche;0,0509;1,4729;0,4191;0,0135;0,1776;-0,0379;0,9833;;True
2588,64;0.0;pa012​;20250414_140852;1;Marche;0,0509;1,4700;0,4224;0,0276;0,1740;-0,0384;0,9836;;True
2588,65;0.0;pa012​;20250414_140852;1;Marche;0,0505;1,4666;0,4258;0,0433;0,1703;-0,0384;0,9837;;True
2588,66;0.0;pa012​;20250414_140852;1;Marche;0,0503;1,4630;0,4292;0,0601;0,1653;-0,0384;0,9837;;True
2588,68;0.0;pa012​;20250414_140852;1;Marche;0,0498;1,4593;0,4325;0,0776;0,1600;-0,0381;0,9833;;True
2588,69;0.0;pa012​;20250414_140852;1;Marche;0,0494;1,4559;0,4359;0,0937;0,1546;-0,0381;0,9828;;True
2588,71;0.0;pa012​;20250414_140852;1;Marche;0,0491;1,4529;0,4393;0,1080;0,1489;-0,0382;0,9822;;True
2588,72;0.0;pa012​;20250414_140852;1;Marche;0,0489;1,4497;0,4428;0,1218;0,1436;-0,0388;0,9813;;True
2588,73;0.0;pa012​;20250414_140852;1;Marche;0,0488;1,4467;0,4462;0,1325;0,1383;-0,0392;0,9807;;True
2588,75;0.0;pa012​;20250414_140852;1;Marche;0,0485;1,4448;0,4492;0,1394;0,1335;-0,0391;0,9804;;True
2588,76;0.0;pa012​;20250414_140852;1;Marche;0,0483;1,4439;0,4523;0,1430;0,1296;-0,0388;0,9804;;True
2588,78;0.0;pa012​;20250414_140852;1;Marche;0,0482;1,4432;0,4552;0,1442;0,1262;-0,0385;0,9807;;True
2588,79;0.0;pa012​;20250414_140852;1;Marche;0,0481;1,4426;0,4577;0,1451;0,1232;-0,0379;0,9810;;True
2588,80;0.0;pa012​;20250414_140852;1;Marche;0,0482;1,4423;0,4600;0,1440;0,1209;-0,0374;0,9814;;True
2588,82;0.0;pa012​;20250414_140852;1;Marche;0,0483;1,4419;0,4623;0,1419;0,1191;-0,0366;0,9820;;True
2588,83;0.0;pa012​;20250414_140852;1;Marche;0,0485;1,4418;0,4645;0,1401;0,1171;-0,0349;0,9826;;True
2588,85;0.0;pa012​;20250414_140852;1;Marche;0,0488;1,4419;0,4665;0,1358;0,1153;-0,0330;0,9834;;True
2588,86;0.0;pa012​;20250414_140852;1;Marche;0,0491;1,4426;0,4684;0,1311;0,1136;-0,0308;0,9844;;True
2588,87;0.0;pa012​;20250414_140852;1;Marche;0,0493;1,4439;0,4698;0,1229;0,1122;-0,0288;0,9856;;True
2588,89;0.0;pa012​;20250414_140852;1;Marche;0,0496;1,4455;0,4711;0,1148;0,1109;-0,0268;0,9868;;True
2588,90;0.0;pa012​;20250414_140852;1;Marche;0,0501;1,4471;0,4720;0,1067;0,1090;-0,0248;0,9880;;True
2588,91;0.0;pa012​;20250414_140852;1;Marche;0,0505;1,4487;0,4726;0,0982;0,1076;-0,0230;0,9891;;True
2588,93;0.0;pa012​;20250414_140852;1;Marche;0,0509;1,4504;0,4730;0,0903;0,1064;-0,0214;0,9900;;True
2588,94;0.0;pa012​;20250414_140852;1;Marche;0,0515;1,4519;0,4732;0,0827;0,1046;-0,0201;0,9909;;True
2588,96;0.0;pa012​;20250414_140852;1;Marche;0,0520;1,4534;0,4733;0,0759;0,1031;-0,0191;0,9916;;True
2588,97;0.0;pa012​;20250414_140852;1;Marche;0,0525;1,4548;0,4733;0,0699;0,1017;-0,0186;0,9922;;True
2588,98;0.0;pa012​;20250414_140852;1;Marche;0,0533;1,4560;0,4733;0,0646;0,1000;-0,0185;0,9927;;True
2589,00;0.0;pa012​;20250414_140852;1;Marche;0,0540;1,4573;0,4731;0,0595;0,0990;-0,0182;0,9931;;True
2589,01;0.0;pa012​;20250414_140852;1;Marche;0,0549;1,4584;0,4730;0,0545;0,0980;-0,0183;0,9935;;True
2589,02;0.0;pa012​;20250414_140852;1;Marche;0,0558;1,4594;0,4728;0,0502;0,0972;-0,0181;0,9938;;True
2589,04;0.0;pa012​;20250414_140852;1;Marche;0,0566;1,4600;0,4725;0,0470;0,0968;-0,0183;0,9940;;True
2589,05;0.0;pa012​;20250414_140852;1;Marche;0,0576;1,4604;0,4722;0,0452;0,0962;-0,0188;0,9942;;True
2589,07;0.0;pa012​;20250414_140852;1;Marche;0,0584;1,4607;0,4720;0,0445;0,0961;-0,0189;0,9942;;True
2589,08;0.0;pa012​;20250414_140852;1;Marche;0,0592;1,4608;0,4719;0,0448;0,0957;-0,0189;0,9942;;True
2589,09;0.0;pa012​;20250414_140852;1;Marche;0,0601;1,4607;0,4717;0,0465;0,0957;-0,0189;0,9941;;True
2589,11;0.0;pa012​;20250414_140852;1;Marche;0,0609;1,4604;0,4717;0,0491;0,0955;-0,0186;0,9940;;True
2589,12;0.0;pa012​;20250414_140852;1;Marche;0,0618;1,4599;0,4718;0,0524;0,0952;-0,0184;0,9939;;True
2589,14;0.0;pa012​;20250414_140852;1;Marche;0,0626;1,4597;0,4720;0,0547;0,0948;-0,0180;0,9938;;True
2589,15;0.0;pa012​;20250414_140852;1;Marche;0,0633;1,4597;0,4721;0,0554;0,0942;-0,0175;0,9939;;True
2589,16;0.0;pa012​;20250414_140852;1;Marche;0,0639;1,4596;0,4724;0,0555;0,0929;-0,0170;0,9940;;True
2589,18;0.0;pa012​;20250414_140852;1;Marche;0,0643;1,4594;0,4724;0,0559;0,0909;-0,0166;0,9942;;True
2589,19;0.0;pa012​;20250414_140852;1;Marche;0,0648;1,4592;0,4723;0,0570;0,0888;-0,0166;0,9943;;True
2589,21;0.0;pa012​;20250414_140852;1;Marche;0,0652;1,4589;0,4722;0,0582;0,0865;-0,0168;0,9944;;True
2589,22;0.0;pa012​;20250414_140852;1;Marche;0,0656;1,4588;0,4722;0,0593;0,0840;-0,0168;0,9946;;True
2589,23;0.0;pa012​;20250414_140852;1;Marche;0,0659;1,4586;0,4722;0,0602;0,0815;-0,0164;0,9947;;True
2589,25;0.0;pa012​;20250414_140852;1;Marche;0,0662;1,4587;0,4722;0,0603;0,0789;-0,0158;0,9949;;True
2589,26;0.0;pa012​;20250414_140852;1;Marche;0,0663;1,4590;0,4721;0,0594;0,0761;-0,0149;0,9952;;True
2589,28;0.0;pa012​;20250414_140852;1;Marche;0,0665;1,4590;0,4720;0,0586;0,0734;-0,0142;0,9955;;True
2589,29;0.0;pa012​;20250414_140852;1;Marche;0,0668;1,4590;0,4719;0,0587;0,0715;-0,0138;0,9956;;True
2589,30;0.0;pa012​;20250414_140852;1;Marche;0,0670;1,4589;0,4719;0,0590;0,0697;-0,0136;0,9957;;True
2589,32;0.0;pa012​;20250414_140852;1;Marche;0,0672;1,4587;0,4719;0,0604;0,0681;-0,0135;0,9958;;True
2589,33;0.0;pa012​;20250414_140852;1;Marche;0,0674;1,4579;0,4724;0,0625;0,0664;-0,0133;0,9957;;True
2589,35;0.0;pa012​;20250414_140852;1;Marche;0,0675;1,4571;0,4730;0,0665;0,0647;-0,0126;0,9956;;True
2589,36;0.0;pa012​;20250414_140852;1;Marche;0,0676;1,4561;0,4736;0,0710;0,0629;-0,0120;0,9954;;True
2589,37;0.0;pa012​;20250414_140852;1;Marche;0,0676;1,4548;0,4745;0,0771;0,0607;-0,0114;0,9951;;True
2589,39;0.0;pa012​;20250414_140852;1;Marche;0,0675;1,4531;0,4755;0,0831;0,0587;-0,0111;0,9948;;True
2589,40;0.0;pa012​;20250414_140852;1;Marche;0,0675;1,4511;0,4768;0,0919;0,0560;-0,0103;0,9941;;True
2589,41;0.0;pa012​;20250414_140852;1;Marche;0,0674;1,4485;0,4783;0,1036;0,0532;-0,0102;0,9931;;True
2589,43;0.0;pa012​;20250414_140852;1;Marche;0,0673;1,4453;0,4799;0,1169;0,0501;-0,0102;0,9918;;True
2589,44;0.0;pa012​;20250414_140852;1;Marche;0,0672;1,4416;0,4819;0,1343;0,0466;-0,0105;0,9898;;True
2589,46;0.0;pa012​;20250414_140852;1;Marche;0,0671;1,4374;0,4839;0,1524;0,0428;-0,0110;0,9873;;True
2589,47;0.0;pa012​;20250414_140852;1;Marche;0,0669;1,4327;0,4861;0,1725;0,0394;-0,0114;0,9842;;True
2589,48;0.0;pa012​;20250414_140852;1;Marche;0,0667;1,4275;0,4885;0,1929;0,0359;-0,0116;0,9805;;True
2589,50;0.0;pa012​;20250414_140852;1;Marche;0,0667;1,4218;0,4910;0,2148;0,0322;-0,0122;0,9760;;True
2589,51;0.0;pa012​;20250414_140852;1;Marche;0,0664;1,4155;0,4933;0,2381;0,0283;-0,0123;0,9707;;True
2589,52;0.0;pa012​;20250414_140852;1;Marche;0,0663;1,4089;0,4953;0,2620;0,0237;-0,0128;0,9647;;True
2589,54;0.0;pa012​;20250414_140852;1;Marche;0,0661;1,4025;0,4971;0,2866;0,0193;-0,0138;0,9577;;True
2589,55;0.0;pa012​;20250414_140852;1;Marche;0,0660;1,3966;0,4993;0,3086;0,0158;-0,0153;0,9509;;True
2589,57;0.0;pa012​;20250414_140852;1;Marche;0,0661;1,3917;0,5020;0,3249;0,0126;-0,0165;0,9455;;True
2589,58;0.0;pa012​;20250414_140852;1;Marche;0,0663;1,3877;0,5052;0,3366;0,0108;-0,0175;0,9414;;True
2589,60;0.0;pa012​;20250414_140852;1;Marche;0,0663;1,3833;0,5083;0,3461;0,0082;-0,0177;0,9380;;True
2589,61;0.0;pa012​;20250414_140852;1;Marche;0,0663;1,3790;0,5108;0,3568;0,0060;-0,0181;0,9340;;True
2589,62;0.0;pa012​;20250414_140852;1;Marche;0,0666;1,3754;0,5132;0,3658;0,0049;-0,0185;0,9305;;True
2589,64;0.0;pa012​;20250414_140852;1;Marche;0,0670;1,3726;0,5162;0,3721;0,0036;-0,0185;0,9280;;True
2589,65;0.0;pa012​;20250414_140852;1;Marche;0,0672;1,3703;0,5193;0,3755;0,0028;-0,0176;0,9267;;True
2589,66;0.0;pa012​;20250414_140852;1;Marche;0,0675;1,3681;0,5222;0,3785;0,0019;-0,0170;0,9254;;True
2589,68;0.0;pa012​;20250414_140852;1;Marche;0,0678;1,3661;0,5248;0,3809;0,0013;-0,0161;0,9245;;True
2589,69;0.0;pa012​;20250414_140852;1;Marche;0,0681;1,3641;0,5273;0,3833;0,0006;-0,0152;0,9235;;True
2589,71;0.0;pa012​;20250414_140852;1;Marche;0,0682;1,3622;0,5297;0,3857;0,0002;-0,0145;0,9225;;True
2589,72;0.0;pa012​;20250414_140852;1;Marche;0,0684;1,3604;0,5319;0,3884;-0,0006;-0,0137;0,9214;;True
2589,73;0.0;pa012​;20250414_140852;1;Marche;0,0687;1,3588;0,5340;0,3906;-0,0020;-0,0127;0,9205;;True
2589,75;0.0;pa012​;20250414_140852;1;Marche;0,0688;1,3574;0,5361;0,3923;-0,0027;-0,0117;0,9198;;True
2589,76;0.0;pa012​;20250414_140852;1;Marche;0,0690;1,3561;0,5382;0,3938;-0,0040;-0,0108;0,9191;;True
2589,78;0.0;pa012​;20250414_140852;1;Marche;0,0691;1,3549;0,5401;0,3951;-0,0051;-0,0102;0,9186;;True
2589,79;0.0;pa012​;20250414_140852;1;Marche;0,0692;1,3538;0,5417;0,3971;-0,0061;-0,0097;0,9177;;True
2589,80;0.0;pa012​;20250414_140852;1;Marche;0,0696;1,3525;0,5432;0,3991;-0,0072;-0,0095;0,9168;;True
2589,82;0.0;pa012​;20250414_140852;1;Marche;0,0699;1,3517;0,5445;0,4004;-0,0081;-0,0090;0,9163;;True
2589,83;0.0;pa012​;20250414_140852;1;Marche;0,0703;1,3509;0,5460;0,4011;-0,0088;-0,0087;0,9159;;True
2589,85;0.0;pa012​;20250414_140852;1;Marche;0,0708;1,3503;0,5472;0,4014;-0,0094;-0,0086;0,9158;;True
2589,86;0.0;pa012​;20250414_140852;1;Marche;0,0715;1,3497;0,5484;0,4018;-0,0096;-0,0085;0,9156;;True
2589,87;0.0;pa012​;20250414_140852;1;Marche;0,0723;1,3492;0,5494;0,4019;-0,0099;-0,0082;0,9156;;True
2589,89;0.0;pa012​;20250414_140852;1;Marche;0,0731;1,3489;0,5503;0,4018;-0,0102;-0,0078;0,9156;;True
2589,90;0.0;pa012​;20250414_140852;1;Marche;0,0740;1,3487;0,5511;0,4018;-0,0106;-0,0074;0,9156;;True
2589,91;0.0;pa012​;20250414_140852;1;Marche;0,0749;1,3487;0,5518;0,4013;-0,0106;-0,0075;0,9158;;True
2589,93;0.0;pa012​;20250414_140852;1;Marche;0,0760;1,3488;0,5524;0,4006;-0,0107;-0,0075;0,9162;;True
2589,94;0.0;pa012​;20250414_140852;1;Marche;0,0771;1,3490;0,5529;0,3997;-0,0110;-0,0076;0,9166;;True
2589,95;0.0;pa012​;20250414_140852;1;Marche;0,0783;1,3493;0,5532;0,3987;-0,0114;-0,0072;0,9170;;True
2589,97;0.0;pa012​;20250414_140852;1;Marche;0,0797;1,3498;0,5534;0,3976;-0,0117;-0,0072;0,9174;;True
2589,98;0.0;pa012​;20250414_140852;1;Marche;0,0810;1,3503;0,5536;0,3962;-0,0119;-0,0071;0,9180;;True
2590,00;0.0;pa012​;20250414_140852;1;Marche;0,0825;1,3510;0,5539;0,3946;-0,0119;-0,0071;0,9188;;True
2590,01;0.0;pa012​;20250414_140852;1;Marche;0,0841;1,3516;0,5541;0,3925;-0,0117;-0,0071;0,9197;;True
2590,03;0.0;pa012​;20250414_140852;1;Marche;0,0858;1,3524;0,5544;0,3904;-0,0117;-0,0071;0,9205;;True
2590,04;0.0;pa012​;20250414_140852;1;Marche;0,0875;1,3532;0,5546;0,3882;-0,0113;-0,0069;0,9215;;True
2590,05;0.0;pa012​;20250414_140852;1;Marche;0,0893;1,3539;0,5548;0,3863;-0,0112;-0,0067;0,9223;;True
2590,07;0.0;pa012​;20250414_140852;1;Marche;0,0912;1,3546;0,5549;0,3845;-0,0110;-0,0066;0,9230;;True
2590,08;0.0;pa012​;20250414_140852;1;Marche;0,0932;1,3553;0,5551;0,3829;-0,0110;-0,0066;0,9237;;True
2590,09;0.0;pa012​;20250414_140852;1;Marche;0,0953;1,3559;0,5554;0,3812;-0,0108;-0,0066;0,9244;;True
2590,11;0.0;pa012​;20250414_140852;1;Marche;0,0975;1,3564;0,5557;0,3796;-0,0111;-0,0068;0,9251;;True
2590,12;0.0;pa012​;20250414_140852;1;Marche;0,0996;1,3569;0,5560;0,3778;-0,0114;-0,0068;0,9258;;True
2590,14;0.0;pa012​;20250414_140852;1;Marche;0,1019;1,3575;0,5563;0,3761;-0,0117;-0,0072;0,9265;;True
2590,15;0.0;pa012​;20250414_140852;1;Marche;0,1042;1,3580;0,5566;0,3743;-0,0120;-0,0080;0,9272;;True
2590,16;0.0;pa012​;20250414_140852;1;Marche;0,1066;1,3584;0,5569;0,3723;-0,0122;-0,0089;0,9280;;True
2590,18;0.0;pa012​;20250414_140852;1;Marche;0,1090;1,3588;0,5572;0,3703;-0,0121;-0,0101;0,9288;;True
2590,19;0.0;pa012​;20250414_140852;1;Marche;0,1115;1,3592;0,5577;0,3683;-0,0122;-0,0113;0,9296;;True
2590,21;0.0;pa012​;20250414_140852;1;Marche;0,1139;1,3596;0,5582;0,3663;-0,0122;-0,0124;0,9303;;True
2590,22;0.0;pa012​;20250414_140852;1;Marche;0,1163;1,3600;0,5588;0,3644;-0,0122;-0,0136;0,9311;;True
2590,23;0.0;pa012​;20250414_140852;1;Marche;0,1187;1,3604;0,5594;0,3623;-0,0119;-0,0150;0,9319;;True
2590,25;0.0;pa012​;20250414_140852;1;Marche;0,1211;1,3609;0,5602;0,3600;-0,0117;-0,0166;0,9327;;True
2590,26;0.0;pa012​;20250414_140852;1;Marche;0,1235;1,3615;0,5611;0,3576;-0,0113;-0,0179;0,9337;;True
2590,27;0.0;pa012​;20250414_140852;1;Marche;0,1258;1,3622;0,5621;0,3552;-0,0109;-0,0191;0,9345;;True
2590,29;0.0;pa012​;20250414_140852;1;Marche;0,1280;1,3628;0,5632;0,3526;-0,0108;-0,0199;0,9355;;True
2590,30;0.0;pa012​;20250414_140852;1;Marche;0,1302;1,3634;0,5642;0,3493;-0,0106;-0,0208;0,9367;;True
2590,32;0.0;pa012​;20250414_140852;1;Marche;0,1322;1,3641;0,5654;0,3460;-0,0106;-0,0213;0,9379;;True
2590,33;0.0;pa012​;20250414_140852;1;Marche;0,1342;1,3647;0,5668;0,3422;-0,0105;-0,0220;0,9393;;True
2590,34;0.0;pa012​;20250414_140852;1;Marche;0,1361;1,3654;0,5682;0,3383;-0,0107;-0,0228;0,9407;;True
2590,36;0.0;pa012​;20250414_140852;1;Marche;0,1380;1,3659;0,5698;0,3342;-0,0105;-0,0241;0,9421;;True
2590,37;0.0;pa012​;20250414_140852;1;Marche;0,1397;1,3666;0,5718;0,3300;-0,0100;-0,0252;0,9436;;True
2590,39;0.0;pa012​;20250414_140852;1;Marche;0,1414;1,3670;0,5737;0,3257;-0,0090;-0,0270;0,9450;;True
2590,40;0.0;pa012​;20250414_140852;1;Marche;0,1431;1,3675;0,5760;0,3223;-0,0076;-0,0290;0,9462;;True
2590,41;0.0;pa012​;20250414_140852;1;Marche;0,1445;1,3680;0,5784;0,3195;-0,0061;-0,0307;0,9471;;True
2590,43;0.0;pa012​;20250414_140852;1;Marche;0,1459;1,3684;0,5809;0,3165;-0,0043;-0,0320;0,9481;;True
2590,44;0.0;pa012​;20250414_140852;1;Marche;0,1472;1,3688;0,5838;0,3135;-0,0028;-0,0330;0,9490;;True
2590,46;0.0;pa012​;20250414_140852;1;Marche;0,1481;1,3692;0,5870;0,3104;-0,0013;-0,0340;0,9500;;True
2590,47;0.0;pa012​;20250414_140852;1;Marche;0,1487;1,3696;0,5904;0,3071;0,0000;-0,0348;0,9510;;True
2590,48;0.0;pa012​;20250414_140852;1;Marche;0,1490;1,3699;0,5942;0,3040;0,0016;-0,0353;0,9520;;True
2590,50;0.0;pa012​;20250414_140852;1;Marche;0,1493;1,3702;0,5981;0,3009;0,0029;-0,0358;0,9530;;True
2590,51;0.0;pa012​;20250414_140852;1;Marche;0,1494;1,3704;0,6024;0,2979;0,0043;-0,0365;0,9539;;True
2590,53;0.0;pa012​;20250414_140852;1;Marche;0,1492;1,3704;0,6068;0,2950;0,0056;-0,0372;0,9548;;True
2590,54;0.0;pa012​;20250414_140852;1;Marche;0,1488;1,3701;0,6113;0,2924;0,0070;-0,0380;0,9555;;True
2590,55;0.0;pa012​;20250414_140852;1;Marche;0,1481;1,3698;0,6161;0,2908;0,0085;-0,0380;0,9560;;True
2590,57;0.0;pa012​;20250414_140852;1;Marche;0,1473;1,3690;0,6211;0,2894;0,0096;-0,0378;0,9564;;True
2590,58;0.0;pa012​;20250414_140852;1;Marche;0,1463;1,3682;0,6262;0,2882;0,0106;-0,0377;0,9568;;True
2590,59;0.0;pa012​;20250414_140852;1;Marche;0,1450;1,3675;0,6316;0,2870;0,0118;-0,0374;0,9571;;True
2590,61;0.0;pa012​;20250414_140852;1;Marche;0,1436;1,3668;0,6372;0,2854;0,0128;-0,0368;0,9576;;True
2590,62;0.0;pa012​;20250414_140852;1;Marche;0,1422;1,3661;0,6432;0,2839;0,0138;-0,0362;0,9581;;True
2590,64;0.0;pa012​;20250414_140852;1;Marche;0,1407;1,3654;0,6495;0,2819;0,0150;-0,0351;0,9587;;True
2590,65;0.0;pa012​;20250414_140852;1;Marche;0,1390;1,3648;0,6559;0,2796;0,0162;-0,0340;0,9594;;True
2590,66;0.0;pa012​;20250414_140852;1;Marche;0,1372;1,3641;0,6625;0,2770;0,0175;-0,0327;0,9602;;True
2590,68;0.0;pa012​;20250414_140852;1;Marche;0,1351;1,3635;0,6692;0,2743;0,0185;-0,0312;0,9609;;True
2590,69;0.0;pa012​;20250414_140852;1;Marche;0,1331;1,3630;0,6762;0,2719;0,0194;-0,0302;0,9616;;True
2590,71;0.0;pa012​;20250414_140852;1;Marche;0,1309;1,3625;0,6835;0,2689;0,0199;-0,0292;0,9625;;True
2590,72;0.0;pa012​;20250414_140852;1;Marche;0,1284;1,3620;0,6909;0,2658;0,0205;-0,0279;0,9634;;True
2590,73;0.0;pa012​;20250414_140852;1;Marche;0,1259;1,3617;0,6986;0,2627;0,0203;-0,0272;0,9643;;True
2590,75;0.0;pa012​;20250414_140852;1;Marche;0,1231;1,3614;0,7064;0,2591;0,0205;-0,0260;0,9653;;True
2590,76;0.0;pa012​;20250414_140852;1;Marche;0,1202;1,3611;0,7145;0,2556;0,0208;-0,0243;0,9663;;True
2590,78;0.0;pa012​;20250414_140852;1;Marche;0,1172;1,3607;0,7227;0,2522;0,0208;-0,0224;0,9672;;True
2590,79;0.0;pa012​;20250414_140852;1;Marche;0,1140;1,3605;0,7312;0,2489;0,0209;-0,0198;0,9681;;True
2590,80;0.0;pa012​;20250414_140852;1;Marche;0,1107;1,3607;0,7401;0,2466;0,0213;-0,0178;0,9687;;True
2590,82;0.0;pa012​;20250414_140852;1;Marche;0,1073;1,3611;0,7498;0,2442;0,0217;-0,0152;0,9694;;True
2590,83;0.0;pa012​;20250414_140852;1;Marche;0,1039;1,3607;0,7593;0,2374;0,0216;-0,0111;0,9711;;True
2590,85;0.0;pa012​;20250414_140852;1;Marche;0,1003;1,3604;0,7682;0,2322;0,0209;-0,0063;0,9724;;True
2590,86;0.0;pa012​;20250414_140852;1;Marche;0,0965;1,3603;0,7775;0,2313;0,0206;-0,0027;0,9727;;True
2590,87;0.0;pa012​;20250414_140852;1;Marche;0,0929;1,3605;0,7872;0,2306;0,0204;-0,0005;0,9728;;True
2590,89;0.0;pa012​;20250414_140852;1;Marche;0,0894;1,3613;0,7974;0,2286;0,0201;0,0024;0,9733;;True
2590,90;0.0;pa012​;20250414_140852;1;Marche;0,0860;1,3630;0,8081;0,2272;0,0199;0,0055;0,9736;;True
2590,91;0.0;pa012​;20250414_140852;1;Marche;0,0825;1,3649;0,8192;0,2257;0,0187;0,0086;0,9740;;True
2590,93;0.0;pa012​;20250414_140852;1;Marche;0,0790;1,3663;0,8296;0,2209;0,0164;0,0128;0,9751;;True
2590,94;0.0;pa012​;20250414_140852;1;Marche;0,0756;1,3685;0,8401;0,2231;0,0140;0,0158;0,9746;;True
2590,95;0.0;pa012​;20250414_140852;1;Marche;0,0724;1,3708;0,8506;0,2242;0,0115;0,0175;0,9743;;True
2590,97;0.0;pa012​;20250414_140852;1;Marche;0,0695;1,3735;0,8610;0,2245;0,0086;0,0192;0,9743;;True
2590,98;0.0;pa012​;20250414_140852;1;Marche;0,0666;1,3765;0,8715;0,2244;0,0054;0,0202;0,9743;;True
2591,00;0.0;pa012​;20250414_140852;1;Marche;0,0638;1,3794;0,8816;0,2233;0,0028;0,0205;0,9745;;True
2591,01;0.0;pa012​;20250414_140852;1;Marche;0,0613;1,3819;0,8910;0,2205;0,0002;0,0198;0,9752;;True
2591,02;0.0;pa012​;20250414_140852;1;Marche;0,0592;1,3841;0,9002;0,2178;-0,0021;0,0188;0,9758;;True
2591,04;0.0;pa012​;20250414_140852;1;Marche;0,0572;1,3862;0,9091;0,2152;-0,0039;0,0189;0,9764;;True
2591,05;0.0;pa012​;20250414_140852;1;Marche;0,0554;1,3880;0,9179;0,2124;-0,0058;0,0196;0,9770;;True
2591,07;0.0;pa012​;20250414_140852;1;Marche;0,0540;1,3897;0,9266;0,2094;-0,0075;0,0198;0,9776;;True
2591,08;0.0;pa012​;20250414_140852;1;Marche;0,0530;1,3911;0,9351;0,2063;-0,0090;0,0201;0,9782;;True
2591,09;0.0;pa012​;20250414_140852;1;Marche;0,0523;1,3925;0,9436;0,2035;-0,0096;0,0203;0,9788;;True
2591,11;0.0;pa012​;20250414_140852;1;Marche;0,0517;1,3941;0,9521;0,2003;-0,0101;0,0208;0,9795;;True
2591,12;0.0;pa012​;20250414_140852;1;Marche;0,0515;1,3960;0,9607;0,1970;-0,0108;0,0208;0,9801;;True
2591,14;0.0;pa012​;20250414_140852;1;Marche;0,0513;1,3978;0,9695;0,1921;-0,0113;0,0209;0,9811;;True
2591,15;0.0;pa012​;20250414_140852;1;Marche;0,0514;1,3997;0,9783;0,1866;-0,0114;0,0201;0,9822;;True
2591,16;0.0;pa012​;20250414_140852;1;Marche;0,0517;1,4013;0,9869;0,1799;-0,0118;0,0197;0,9834;;True
2591,18;0.0;pa012​;20250414_140852;1;Marche;0,0523;1,4028;0,9955;0,1747;-0,0121;0,0194;0,9844;;True
2591,19;0.0;pa012​;20250414_140852;1;Marche;0,0530;1,4042;1,0039;0,1703;-0,0120;0,0189;0,9851;;True
2591,21;0.0;pa012​;20250414_140852;1;Marche;0,0540;1,4056;1,0123;0,1664;-0,0118;0,0182;0,9858;;True
2591,22;0.0;pa012​;20250414_140852;1;Marche;0,0550;1,4069;1,0208;0,1632;-0,0113;0,0173;0,9864;;True
2591,23;0.0;pa012​;20250414_140852;1;Marche;0,0561;1,4082;1,0293;0,1595;-0,0108;0,0165;0,9870;;True
2591,25;0.0;pa012​;20250414_140852;1;Marche;0,0575;1,4094;1,0379;0,1557;-0,0107;0,0153;0,9876;;True
2591,26;0.0;pa012​;20250414_140852;1;Marche;0,0589;1,4104;1,0464;0,1527;-0,0105;0,0139;0,9881;;True
2591,28;0.0;pa012​;20250414_140852;1;Marche;0,0603;1,4112;1,0547;0,1491;-0,0106;0,0128;0,9887;;True
2591,29;0.0;pa012​;20250414_140852;1;Marche;0,0619;1,4119;1,0631;0,1456;-0,0115;0,0112;0,9892;;True
2591,30;0.0;pa012​;20250414_140852;1;Marche;0,0637;1,4125;1,0719;0,1423;-0,0120;0,0094;0,9897;;True
2591,32;0.0;pa012​;20250414_140852;1;Marche;0,0655;1,4129;1,0807;0,1390;-0,0123;0,0081;0,9902;;True
2591,33;0.0;pa012​;20250414_140852;1;Marche;0,0678;1,4131;1,0894;0,1369;-0,0130;0,0064;0,9905;;True
2591,34;0.0;pa012​;20250414_140852;1;Marche;0,0700;1,4130;1,0981;0,1351;-0,0128;0,0053;0,9907;;True
2591,36;0.0;pa012​;20250414_140852;1;Marche;0,0725;1,4129;1,1068;0,1340;-0,0130;0,0044;0,9909;;True
2591,37;0.0;pa012​;20250414_140852;1;Marche;0,0752;1,4130;1,1155;0,1327;-0,0128;0,0031;0,9911;;True
2591,39;0.0;pa012​;20250414_140852;1;Marche;0,0781;1,4135;1,1239;0,1304;-0,0121;0,0014;0,9914;;True
2591,40;0.0;pa012​;20250414_140852;1;Marche;0,0810;1,4140;1,1322;0,1276;-0,0117;0,0003;0,9918;;True
2591,41;0.0;pa012​;20250414_140852;1;Marche;0,0840;1,4146;1,1402;0,1240;-0,0114;-0,0005;0,9922;;True
2591,43;0.0;pa012​;20250414_140852;1;Marche;0,0872;1,4153;1,1481;0,1190;-0,0112;-0,0013;0,9928;;True
2591,44;0.0;pa012​;20250414_140852;1;Marche;0,0904;1,4163;1,1562;0,1131;-0,0114;-0,0018;0,9935;;True
2591,46;0.0;pa012​;20250414_140852;1;Marche;0,0938;1,4174;1,1643;0,1061;-0,0130;-0,0017;0,9943;;True
2591,47;0.0;pa012​;20250414_140852;1;Marche;0,0973;1,4192;1,1728;0,1014;-0,0147;-0,0018;0,9947;;True
2591,48;0.0;pa012​;20250414_140852;1;Marche;0,1013;1,4220;1,1825;0,0958;-0,0174;-0,0023;0,9953;;True
2591,50;0.0;pa012​;20250414_140852;1;Marche;0,1049;1,4243;1,1925;0,0817;-0,0187;-0,0047;0,9965;;True
2591,51;0.0;pa012​;20250414_140852;1;Marche;0,1088;1,4260;1,2018;0,0727;-0,0209;-0,0104;0,9971;;True
2591,53;0.0;pa012​;20250414_140852;1;Marche;0,1128;1,4289;1,2118;0,0733;-0,0218;-0,0144;0,9970;;True
2591,54;0.0;pa012​;20250414_140852;1;Marche;0,1160;1,4308;1,2214;0,0669;-0,0226;-0,0179;0,9973;;True
2591,55;0.0;pa012​;20250414_140852;1;Marche;0,1194;1,4346;1,2318;0,0690;-0,0232;-0,0221;0,9971;;True
2591,57;0.0;pa012​;20250414_140852;1;Marche;0,1225;1,4382;1,2425;0,0669;-0,0225;-0,0243;0,9972;;True
2591,58;0.0;pa012​;20250414_140852;1;Marche;0,1255;1,4412;1,2531;0,0638;-0,0222;-0,0252;0,9974;;True
2591,59;0.0;pa012​;20250414_140852;1;Marche;0,1281;1,4434;1,2636;0,0601;-0,0203;-0,0264;0,9976;;True
2591,61;0.0;pa012​;20250414_140852;1;Marche;0,1306;1,4447;1,2740;0,0561;-0,0185;-0,0282;0,9979;;True
2591,62;0.0;pa012​;20250414_140852;1;Marche;0,1325;1,4458;1,2844;0,0559;-0,0170;-0,0305;0,9978;;True
2591,64;0.0;pa012​;20250414_140852;1;Marche;0,1341;1,4471;1,2950;0,0575;-0,0161;-0,0320;0,9977;;True
2591,65;0.0;pa012​;20250414_140852;1;Marche;0,1354;1,4484;1,3059;0,0582;-0,0153;-0,0311;0,9977;;True
2591,66;0.0;pa012​;20250414_140852;1;Marche;0,1365;1,4496;1,3168;0,0586;-0,0144;-0,0297;0,9977;;True
2591,68;0.0;pa012​;20250414_140852;1;Marche;0,1375;1,4505;1,3278;0,0584;-0,0130;-0,0280;0,9978;;True
2591,69;0.0;pa012​;20250414_140852;1;Marche;0,1382;1,4514;1,3391;0,0584;-0,0116;-0,0265;0,9979;;True
2591,71;0.0;pa012​;20250414_140852;1;Marche;0,1387;1,4525;1,3507;0,0562;-0,0101;-0,0250;0,9981;;True
2591,72;0.0;pa012​;20250414_140852;1;Marche;0,1390;1,4533;1,3627;0,0529;-0,0089;-0,0239;0,9983;;True
2591,73;0.0;pa012​;20250414_140852;1;Marche;0,1391;1,4536;1,3750;0,0489;-0,0080;-0,0228;0,9985;;True
2591,75;0.0;pa012​;20250414_140852;1;Marche;0,1391;1,4536;1,3874;0,0461;-0,0075;-0,0218;0,9987;;True
2591,76;0.0;pa012​;20250414_140852;1;Marche;0,1389;1,4532;1,4001;0,0447;-0,0079;-0,0204;0,9988;;True
2591,77;0.0;pa012​;20250414_140852;1;Marche;0,1384;1,4522;1,4129;0,0447;-0,0087;-0,0188;0,9988;;True
2591,79;0.0;pa012​;20250414_140852;1;Marche;0,1377;1,4508;1,4257;0,0460;-0,0104;-0,0169;0,9987;;True
2591,80;0.0;pa012​;20250414_140852;1;Marche;0,1366;1,4491;1,4386;0,0488;-0,0132;-0,0150;0,9986;;True
2591,82;0.0;pa012​;20250414_140852;1;Marche;0,1354;1,4473;1,4516;0,0508;-0,0168;-0,0136;0,9985;;True
2591,83;0.0;pa012​;20250414_140852;1;Marche;0,1340;1,4455;1,4646;0,0524;-0,0205;-0,0125;0,9983;;True
2591,84;0.0;pa012​;20250414_140852;1;Marche;0,1327;1,4435;1,4779;0,0533;-0,0239;-0,0120;0,9982;;True
2591,86;0.0;pa012​;20250414_140852;1;Marche;0,1312;1,4414;1,4912;0,0535;-0,0267;-0,0114;0,9981;;True
2591,87;0.0;pa012​;20250414_140852;1;Marche;0,1295;1,4391;1,5045;0,0541;-0,0283;-0,0108;0,9981;;True
2591,89;0.0;pa012​;20250414_140852;1;Marche;0,1277;1,4369;1,5178;0,0556;-0,0294;-0,0101;0,9980;;True
2591,90;0.0;pa012​;20250414_140852;1;Marche;0,1256;1,4354;1,5313;0,0583;-0,0295;-0,0087;0,9978;;True
2591,91;0.0;pa012​;20250414_140852;1;Marche;0,1232;1,4339;1,5448;0,0575;-0,0284;-0,0058;0,9979;;True
2591,93;0.0;pa012​;20250414_140852;1;Marche;0,1204;1,4323;1,5584;0,0562;-0,0277;-0,0006;0,9980;;True
2591,94;0.0;pa012​;20250414_140852;1;Marche;0,1174;1,4310;1,5720;0,0561;-0,0279;0,0050;0,9980;;True
2591,96;0.0;pa012​;20250414_140852;1;Marche;0,1139;1,4308;1,5863;0,0556;-0,0278;0,0108;0,9980;;True
2591,97;0.0;pa012​;20250414_140852;1;Marche;0,1103;1,4325;1,6016;0,0552;-0,0276;0,0165;0,9980;;True
2591,98;0.0;pa012​;20250414_140852;1;Marche;0,1063;1,4343;1,6173;0,0495;-0,0271;0,0219;0,9982;;True
2592,00;0.0;pa012​;20250414_140852;1;Marche;0,1023;1,4355;1,6330;0,0449;-0,0286;0,0274;0,9982;;True
2592,01;0.0;pa012​;20250414_140852;1;Marche;0,0985;1,4380;1,6490;0,0479;-0,0299;0,0318;0,9979;;True
2592,03;0.0;pa012​;20250414_140852;1;Marche;0,0945;1,4413;1,6654;0,0478;-0,0310;0,0370;0,9977;;True
2592,04;0.0;pa012​;20250414_140852;1;Marche;0,0907;1,4425;1,6811;0,0434;-0,0342;0,0435;0,9975;;True
2592,05;0.0;pa012​;20250414_140852;1;Marche;0,0875;1,4442;1,6967;0,0472;-0,0385;0,0497;0,9969;;True
2592,07;0.0;pa012​;20250414_140852;1;Marche;0,0848;1,4447;1,7120;0,0495;-0,0421;0,0548;0,9964;;True
2592,08;0.0;pa012​;20250414_140852;1;Marche;0,0828;1,4451;1,7272;0,0527;-0,0454;0,0595;0,9958;;True
2592,09;0.0;pa012​;20250414_140852;1;Marche;0,0814;1,4458;1,7424;0,0574;-0,0475;0,0626;0,9953;;True
2592,11;0.0;pa012​;20250414_140852;1;Marche;0,0804;1,4466;1,7575;0,0601;-0,0486;0,0645;0,9949;;True
2592,12;0.0;pa012​;20250414_140852;1;Marche;0,0799;1,4479;1,7729;0,0637;-0,0495;0,0659;0,9946;;True
2592,14;0.0;pa012​;20250414_140852;1;Marche;0,0798;1,4492;1,7884;0,0668;-0,0503;0,0664;0,9943;;True
2592,15;0.0;pa012​;20250414_140852;1;Marche;0,0797;1,4503;1,8038;0,0687;-0,0500;0,0653;0,9942;;True
2592,16;0.0;pa012​;20250414_140852;1;Marche;0,0799;1,4509;1,8190;0,0704;-0,0501;0,0631;0,9943;;True
2592,18;0.0;pa012​;20250414_140852;1;Marche;0,0802;1,4509;1,8341;0,0708;-0,0499;0,0608;0,9944;;True
2592,19;0.0;pa012​;20250414_140852;1;Marche;0,0806;1,4511;1,8492;0,0717;-0,0499;0,0586;0,9945;;True
2592,21;0.0;pa012​;20250414_140852;1;Marche;0,0812;1,4512;1,8643;0,0724;-0,0498;0,0564;0,9945;;True
2592,22;0.0;pa012​;20250414_140852;1;Marche;0,0818;1,4512;1,8795;0,0736;-0,0497;0,0541;0,9946;;True
2592,23;0.0;pa012​;20250414_140852;1;Marche;0,0825;1,4508;1,8948;0,0748;-0,0490;0,0518;0,9946;;True
2592,25;0.0;pa012​;20250414_140852;1;Marche;0,0834;1,4502;1,9100;0,0764;-0,0478;0,0495;0,9947;;True
2592,26;0.0;pa012​;20250414_140852;1;Marche;0,0845;1,4496;1,9252;0,0778;-0,0463;0,0474;0,9948;;True
2592,28;0.0;pa012​;20250414_140852;1;Marche;0,0857;1,4491;1,9403;0,0786;-0,0443;0,0450;0,9949;;True
2592,29;0.0;pa012​;20250414_140852;1;Marche;0,0870;1,4484;1,9555;0,0777;-0,0420;0,0427;0,9952;;True
2592,30;0.0;pa012​;20250414_140852;1;Marche;0,0884;1,4476;1,9706;0,0748;-0,0404;0,0409;0,9955;;True
2592,32;0.0;pa012​;20250414_140852;1;Marche;0,0898;1,4467;1,9856;0,0719;-0,0387;0,0385;0,9959;;True
2592,33;0.0;pa012​;20250414_140852;1;Marche;0,0914;1,4452;2,0001;0,0688;-0,0367;0,0349;0,9963;;True
2592,34;0.0;pa012​;20250414_140852;1;Marche;0,0931;1,4435;2,0144;0,0684;-0,0344;0,0317;0,9966;;True
2592,36;0.0;pa012​;20250414_140852;1;Marche;0,0950;1,4416;2,0285;0,0685;-0,0323;0,0289;0,9967;;True
2592,37;0.0;pa012​;20250414_140852;1;Marche;0,0969;1,4404;2,0427;0,0690;-0,0299;0,0269;0,9968;;True
2592,39;0.0;pa012​;20250414_140852;1;Marche;0,0989;1,4394;2,0570;0,0678;-0,0276;0,0249;0,9970;;True
2592,40;0.0;pa012​;20250414_140852;1;Marche;0,1010;1,4390;2,0715;0,0652;-0,0252;0,0236;0,9973;;True
2592,41;0.0;pa012​;20250414_140852;1;Marche;0,1033;1,4387;2,0861;0,0611;-0,0230;0,0231;0,9976;;True
2592,43;0.0;pa012​;20250414_140852;1;Marche;0,1061;1,4396;2,1012;0,0586;-0,0219;0,0237;0,9978;;True
2592,44;0.0;pa012​;20250414_140852;1;Marche;0,1089;1,4422;2,1174;0,0546;-0,0207;0,0252;0,9980;;True
2592,46;0.0;pa012​;20250414_140852;1;Marche;0,1112;1,4437;2,1335;0,0434;-0,0210;0,0225;0,9986;;True
2592,47;0.0;pa012​;20250414_140852;1;Marche;0,1140;1,4450;2,1495;0,0398;-0,0219;0,0157;0,9988;;True
2592,48;0.0;pa012​;20250414_140852;1;Marche;0,1169;1,4469;2,1656;0,0386;-0,0213;0,0094;0,9990;;True
2592,50;0.0;pa012​;20250414_140852;1;Marche;0,1196;1,4491;2,1825;0,0381;-0,0213;0,0020;0,9990;;True
2592,51;0.0;pa012​;20250414_140852;1;Marche;0,1215;1,4493;2,1987;0,0333;-0,0197;-0,0097;0,9992;;True
2592,52;0.0;pa012​;20250414_140852;1;Marche;0,1232;1,4497;2,2146;0,0357;-0,0162;-0,0214;0,9990;;True
2592,54;0.0;pa012​;20250414_140852;1;Marche;0,1245;1,4498;2,2302;0,0433;-0,0111;-0,0297;0,9986;;True
2592,55;0.0;pa012​;20250414_140852;1;Marche;0,1252;1,4499;2,2462;0,0510;-0,0067;-0,0322;0,9982;;True
2592,57;0.0;pa012​;20250414_140852;1;Marche;0,1252;1,4508;2,2624;0,0568;-0,0026;-0,0323;0,9979;;True
2592,58;0.0;pa012​;20250414_140852;1;Marche;0,1250;1,4528;2,2791;0,0591;0,0016;-0,0320;0,9977;;True
2592,59;0.0;pa012​;20250414_140852;1;Marche;0,1244;1,4548;2,2957;0,0595;0,0052;-0,0316;0,9977;;True
2592,61;0.0;pa012​;20250414_140852;1;Marche;0,1233;1,4561;2,3123;0,0603;0,0073;-0,0320;0,9976;;True
2592,62;0.0;pa012​;20250414_140852;1;Marche;0,1218;1,4569;2,3287;0,0624;0,0093;-0,0331;0,9975;;True
2592,64;0.0;pa012​;20250414_140852;1;Marche;0,1200;1,4574;2,3453;0,0644;0,0112;-0,0346;0,9973;;True
2592,65;0.0;pa012​;20250414_140852;1;Marche;0,1180;1,4572;2,3620;0,0661;0,0120;-0,0351;0,9971;;True
2592,66;0.0;pa012​;20250414_140852;1;Marche;0,1158;1,4567;2,3786;0,0684;0,0129;-0,0347;0,9970;;True
2592,68;0.0;pa012​;20250414_140852;1;Marche;0,1134;1,4559;2,3953;0,0714;0,0137;-0,0322;0,9968;;True
2592,69;0.0;pa012​;20250414_140852;1;Marche;0,1110;1,4548;2,4122;0,0749;0,0134;-0,0289;0,9967;;True
2592,71;0.0;pa012​;20250414_140852;1;Marche;0,1083;1,4530;2,4292;0,0786;0,0121;-0,0243;0,9965;;True
2592,72;0.0;pa012​;20250414_140852;1;Marche;0,1056;1,4509;2,4462;0,0834;0,0099;-0,0198;0,9963;;True
2592,73;0.0;pa012​;20250414_140852;1;Marche;0,1026;1,4486;2,4632;0,0874;0,0078;-0,0161;0,9960;;True
2592,75;0.0;pa012​;20250414_140852;1;Marche;0,0994;1,4460;2,4803;0,0912;0,0055;-0,0136;0,9957;;True
2592,76;0.0;pa012​;20250414_140852;1;Marche;0,0962;1,4432;2,4976;0,0939;0,0036;-0,0117;0,9955;;True
2592,77;0.0;pa012​;20250414_140852;1;Marche;0,0929;1,4402;2,5150;0,0948;0,0021;-0,0099;0,9954;;True
2592,79;0.0;pa012​;20250414_140852;1;Marche;0,0893;1,4369;2,5322;0,0945;0,0013;-0,0079;0,9955;;True
2592,80;0.0;pa012​;20250414_140852;1;Marche;0,0855;1,4333;2,5494;0,0959;0,0001;-0,0054;0,9954;;True
2592,82;0.0;pa012​;20250414_140852;1;Marche;0,0814;1,4296;2,5663;0,0989;-0,0002;-0,0030;0,9951;;True
2592,83;0.0;pa012​;20250414_140852;1;Marche;0,0772;1,4265;2,5835;0,1044;-0,0002;0,0000;0,9945;;True
2592,85;0.0;pa012​;20250414_140852;1;Marche;0,0726;1,4232;2,6006;0,1072;0,0002;0,0033;0,9942;;True
2592,86;0.0;pa012​;20250414_140852;1;Marche;0,0679;1,4201;2,6176;0,1098;-0,0001;0,0076;0,9939;;True
2592,87;0.0;pa012​;20250414_140852;1;Marche;0,0627;1,4181;2,6347;0,1126;-0,0006;0,0127;0,9936;;True
2592,89;0.0;pa012​;20250414_140852;1;Marche;0,0573;1,4166;2,6521;0,1115;-0,0013;0,0160;0,9936;;True
2592,90;0.0;pa012​;20250414_140852;1;Marche;0,0520;1,4169;2,6696;0,1138;-0,0018;0,0185;0,9933;;True
2592,91;0.0;pa012​;20250414_140852;1;Marche;0,0465;1,4192;2,6885;0,1151;-0,0015;0,0208;0,9931;;True
2592,93;0.0;pa012​;20250414_140852;1;Marche;0,0406;1,4186;2,7057;0,1033;-0,0023;0,0233;0,9944;;True
2592,94;0.0;pa012​;20250414_140852;1;Marche;0,0358;1,4199;2,7231;0,1082;-0,0055;0,0293;0,9937;;True
2592,96;0.0;pa012​;20250414_140852;1;Marche;0,0305;1,4231;2,7414;0,1137;-0,0050;0,0329;0,9930;;True
2592,97;0.0;pa012​;20250414_140852;1;Marche;0,0257;1,4252;2,7596;0,1101;-0,0066;0,0328;0,9934;;True
2592,98;0.0;pa012​;20250414_140852;1;Marche;0,0210;1,4280;2,7780;0,1108;-0,0085;0,0375;0,9931;;True
2593,00;0.0;pa012​;20250414_140852;1;Marche;0,0174;1,4288;2,7957;0,1085;-0,0128;0,0426;0,9931;;True
2593,01;0.0;pa012​;20250414_140852;1;Marche;0,0142;1,4299;2,8130;0,1119;-0,0164;0,0485;0,9924;;True
2593,02;0.0;pa012​;20250414_140852;1;Marche;0,0115;1,4306;2,8304;0,1160;-0,0189;0,0522;0,9917;;True
2593,04;0.0;pa012​;20250414_140852;1;Marche;0,0095;1,4312;2,8476;0,1211;-0,0203;0,0533;0,9910;;True
2593,05;0.0;pa012​;20250414_140852;1;Marche;0,0079;1,4324;2,8650;0,1259;-0,0207;0,0536;0,9904;;True
2593,07;0.0;pa012​;20250414_140852;1;Marche;0,0068;1,4335;2,8824;0,1287;-0,0207;0,0529;0,9901;;True
2593,08;0.0;pa012​;20250414_140852;1;Marche;0,0061;1,4350;2,9000;0,1321;-0,0211;0,0517;0,9897;;True
2593,09;0.0;pa012​;20250414_140852;1;Marche;0,0058;1,4361;2,9175;0,1335;-0,0206;0,0490;0,9896;;True
2593,11;0.0;pa012​;20250414_140852;1;Marche;0,0056;1,4368;2,9348;0,1343;-0,0188;0,0453;0,9897;;True
2593,12;0.0;pa012​;20250414_140852;1;Marche;0,0059;1,4372;2,9519;0,1349;-0,0172;0,0422;0,9898;;True
2593,14;0.0;pa012​;20250414_140852;1;Marche;0,0060;1,4374;2,9689;0,1354;-0,0152;0,0402;0,9899;;True
2593,15;0.0;pa012​;20250414_140852;1;Marche;0,0063;1,4374;2,9860;0,1358;-0,0133;0,0382;0,9899;;True
2593,16;0.0;pa012​;20250414_140852;1;Marche;0,0067;1,4373;3,0031;0,1360;-0,0109;0,0362;0,9900;;True
2593,18;0.0;pa012​;20250414_140852;1;Marche;0,0072;1,4367;3,0203;0,1359;-0,0083;0,0334;0,9901;;True
2593,19;0.0;pa012​;20250414_140852;1;Marche;0,0076;1,4358;3,0373;0,1363;-0,0058;0,0302;0,9902;;True
2593,21;0.0;pa012​;20250414_140852;1;Marche;0,0080;1,4346;3,0542;0,1369;-0,0033;0,0275;0,9902;;True
2593,22;0.0;pa012​;20250414_140852;1;Marche;0,0086;1,4333;3,0709;0,1366;-0,0011;0,0252;0,9903;;True
2593,23;0.0;pa012​;20250414_140852;1;Marche;0,0093;1,4322;3,0878;0,1349;0,0010;0,0236;0,9906;;True
2593,25;0.0;pa012​;20250414_140852;1;Marche;0,0101;1,4312;3,1046;0,1309;0,0023;0,0218;0,9911;;True
2593,26;0.0;pa012​;20250414_140852;1;Marche;0,0110;1,4300;3,1211;0,1264;0,0034;0,0203;0,9918;;True
2593,27;0.0;pa012​;20250414_140852;1;Marche;0,0120;1,4284;3,1371;0,1218;0,0041;0,0181;0,9924;;True
2593,29;0.0;pa012​;20250414_140852;1;Marche;0,0131;1,4265;3,1528;0,1182;0,0050;0,0154;0,9929;;True
2593,30;0.0;pa012​;20250414_140852;1;Marche;0,0146;1,4246;3,1682;0,1162;0,0053;0,0130;0,9931;;True
2593,32;0.0;pa012​;20250414_140852;1;Marche;0,0163;1,4232;3,1835;0,1151;0,0056;0,0109;0,9933;;True
2593,33;0.0;pa012​;20250414_140852;1;Marche;0,0181;1,4221;3,1989;0,1119;0,0058;0,0094;0,9937;;True
2593,35;0.0;pa012​;20250414_140852;1;Marche;0,0202;1,4212;3,2141;0,1078;0,0057;0,0080;0,9941;;True
2593,36;0.0;pa012​;20250414_140852;1;Marche;0,0224;1,4205;3,2295;0,1035;0,0055;0,0071;0,9946;;True
2593,37;0.0;pa012​;20250414_140852;1;Marche;0,0250;1,4205;3,2449;0,0972;0,0046;0,0060;0,9952;;True
2593,39;0.0;pa012​;20250414_140852;1;Marche;0,0282;1,4230;3,2614;0,0961;0,0037;0,0048;0,9954;;True
2593,40;0.0;pa012​;20250414_140852;1;Marche;0,0309;1,4263;3,2786;0,0879;0,0031;0,0029;0,9961;;True
2593,41;0.0;pa012​;20250414_140852;1;Marche;0,0337;1,4271;3,2950;0,0716;0,0010;-0,0041;0,9974;;True
2593,43;0.0;pa012​;20250414_140852;1;Marche;0,0374;1,4299;3,3112;0,0719;0,0006;-0,0107;0,9974;;True
2593,44;0.0;pa012​;20250414_140852;1;Marche;0,0404;1,4319;3,3273;0,0670;0,0019;-0,0163;0,9976;;True
2593,46;0.0;pa012​;20250414_140852;1;Marche;0,0431;1,4343;3,3440;0,0639;0,0029;-0,0260;0,9976;;True
2593,47;0.0;pa012​;20250414_140852;1;Marche;0,0453;1,4361;3,3597;0,0622;0,0070;-0,0390;0,9973;;True
2593,48;0.0;pa012​;20250414_140852;1;Marche;0,0475;1,4380;3,3755;0,0644;0,0116;-0,0498;0,9966;;True
2593,50;0.0;pa012​;20250414_140852;1;Marche;0,0488;1,4392;3,3908;0,0668;0,0176;-0,0577;0,9959;;True
2593,51;0.0;pa012​;20250414_140852;1;Marche;0,0495;1,4408;3,4062;0,0730;0,0229;-0,0615;0,9952;;True
2593,52;0.0;pa012​;20250414_140852;1;Marche;0,0498;1,4433;3,4217;0,0768;0,0277;-0,0632;0,9947;;True
2593,54;0.0;pa012​;20250414_140852;1;Marche;0,0498;1,4467;3,4375;0,0758;0,0317;-0,0634;0,9946;;True
2593,55;0.0;pa012​;20250414_140852;1;Marche;0,0497;1,4495;3,4533;0,0733;0,0362;-0,0640;0,9946;;True
2593,57;0.0;pa012​;20250414_140852;1;Marche;0,0491;1,4518;3,4687;0,0709;0,0402;-0,0638;0,9946;;True
2593,58;0.0;pa012​;20250414_140852;1;Marche;0,0483;1,4535;3,4840;0,0694;0,0435;-0,0633;0,9946;;True
2593,59;0.0;pa012​;20250414_140852;1;Marche;0,0472;1,4549;3,4991;0,0691;0,0462;-0,0621;0,9946;;True
2593,61;0.0;pa012​;20250414_140852;1;Marche;0,0460;1,4557;3,5141;0,0697;0,0477;-0,0600;0,9946;;True
2593,62;0.0;pa012​;20250414_140852;1;Marche;0,0448;1,4562;3,5293;0,0709;0,0492;-0,0573;0,9946;;True
2593,64;0.0;pa012​;20250414_140852;1;Marche;0,0436;1,4564;3,5445;0,0721;0,0494;-0,0537;0,9947;;True
2593,65;0.0;pa012​;20250414_140852;1;Marche;0,0423;1,4562;3,5597;0,0731;0,0488;-0,0494;0,9949;;True
2593,66;0.0;pa012​;20250414_140852;1;Marche;0,0409;1,4556;3,5751;0,0735;0,0476;-0,0459;0,9951;;True
2593,68;0.0;pa012​;20250414_140852;1;Marche;0,0394;1,4545;3,5906;0,0732;0,0459;-0,0437;0,9953;;True
2593,69;0.0;pa012​;20250414_140852;1;Marche;0,0380;1,4534;3,6062;0,0726;0,0445;-0,0422;0,9955;;True
2593,71;0.0;pa012​;20250414_140852;1;Marche;0,0365;1,4520;3,6220;0,0708;0,0431;-0,0419;0,9957;;True
2593,72;0.0;pa012​;20250414_140852;1;Marche;0,0349;1,4499;3,6377;0,0677;0,0420;-0,0414;0,9960;;True
2593,73;0.0;pa012​;20250414_140852;1;Marche;0,0331;1,4477;3,6533;0,0675;0,0408;-0,0408;0,9960;;True
2593,75;0.0;pa012​;20250414_140852;1;Marche;0,0311;1,4449;3,6692;0,0659;0,0403;-0,0403;0,9962;;True
2593,76;0.0;pa012​;20250414_140852;1;Marche;0,0289;1,4419;3,6847;0,0653;0,0400;-0,0397;0,9963;;True
2593,78;0.0;pa012​;20250414_140852;1;Marche;0,0265;1,4391;3,7005;0,0674;0,0404;-0,0393;0,9961;;True
2593,79;0.0;pa012​;20250414_140852;1;Marche;0,0238;1,4366;3,7163;0,0691;0,0408;-0,0382;0,9960;;True
2593,80;0.0;pa012​;20250414_140852;1;Marche;0,0208;1,4339;3,7320;0,0686;0,0415;-0,0350;0,9962;;True
2593,82;0.0;pa012​;20250414_140852;1;Marche;0,0175;1,4319;3,7480;0,0693;0,0418;-0,0313;0,9962;;True
2593,83;0.0;pa012​;20250414_140852;1;Marche;0,0140;1,4308;3,7645;0,0691;0,0423;-0,0278;0,9963;;True
2593,84;0.0;pa012​;20250414_140852;1;Marche;0,0102;1,4301;3,7811;0,0660;0,0429;-0,0245;0,9966;;True
2593,86;0.0;pa012​;20250414_140852;1;Marche;0,0065;1,4322;3,7987;0,0689;0,0431;-0,0216;0,9965;;True
2593,87;0.0;pa012​;20250414_140852;1;Marche;0,0021;1,4333;3,8166;0,0583;0,0443;-0,0179;0,9971;;True
2593,89;0.0;pa012​;20250414_140852;1;Marche;-0,0019;1,4334;3,8336;0,0522;0,0419;-0,0121;0,9977;;True
2593,90;0.0;pa012​;20250414_140852;1;Marche;-0,0057;1,4360;3,8508;0,0590;0,0409;-0,0084;0,9974;;True
2593,92;0.0;pa012​;20250414_140852;1;Marche;-0,0094;1,4381;3,8688;0,0558;0,0412;-0,0055;0,9976;;True
2593,93;0.0;pa012​;20250414_140852;1;Marche;-0,0126;1,4425;3,8868;0,0601;0,0387;-0,0007;0,9974;;True
2593,94;0.0;pa012​;20250414_140852;1;Marche;-0,0159;1,4433;3,9043;0,0528;0,0364;0,0072;0,9979;;True
2593,96;0.0;pa012​;20250414_140852;1;Marche;-0,0182;1,4452;3,9213;0,0571;0,0320;0,0152;0,9977;;True
2593,97;0.0;pa012​;20250414_140852;1;Marche;-0,0202;1,4463;3,9383;0,0609;0,0286;0,0211;0,9975;;True
2593,98;0.0;pa012​;20250414_140852;1;Marche;-0,0216;1,4476;3,9552;0,0651;0,0251;0,0238;0,9973;;True
2594,00;0.0;pa012​;20250414_140852;1;Marche;-0,0224;1,4493;3,9722;0,0689;0,0227;0,0239;0,9971;;True
2594,01;0.0;pa012​;20250414_140852;1;Marche;-0,0229;1,4513;3,9894;0,0709;0,0197;0,0242;0,9970;;True
2594,02;0.0;pa012​;20250414_140852;1;Marche;-0,0229;1,4533;4,0065;0,0732;0,0167;0,0243;0,9969;;True
2594,04;0.0;pa012​;20250414_140852;1;Marche;-0,0225;1,4547;4,0236;0,0738;0,0152;0,0226;0,9969;;True
2594,05;0.0;pa012​;20250414_140852;1;Marche;-0,0217;1,4556;4,0406;0,0755;0,0141;0,0202;0,9968;;True
2594,07;0.0;pa012​;20250414_140852;1;Marche;-0,0208;1,4559;4,0575;0,0773;0,0144;0,0179;0,9967;;True
2594,08;0.0;pa012​;20250414_140852;1;Marche;-0,0196;1,4555;4,0744;0,0791;0,0152;0,0147;0,9966;;True
2594,09;0.0;pa012​;20250414_140852;1;Marche;-0,0182;1,4549;4,0913;0,0821;0,0169;0,0121;0,9964;;True
2594,11;0.0;pa012​;20250414_140852;1;Marche;-0,0167;1,4541;4,1081;0,0852;0,0190;0,0097;0,9961;;True
2594,12;0.0;pa012​;20250414_140852;1;Marche;-0,0154;1,4533;4,1250;0,0873;0,0211;0,0069;0,9959;;True
2594,14;0.0;pa012​;20250414_140852;1;Marche;-0,0142;1,4522;4,1419;0,0888;0,0235;0,0042;0,9958;;True
2594,15;0.0;pa012​;20250414_140852;1;Marche;-0,0129;1,4507;4,1587;0,0902;0,0250;0,0019;0,9956;;True
2594,16;0.0;pa012​;20250414_140852;1;Marche;-0,0116;1,4490;4,1752;0,0922;0,0264;0,0002;0,9954;;True
2594,18;0.0;pa012​;20250414_140852;1;Marche;-0,0103;1,4474;4,1921;0,0944;0,0274;-0,0011;0,9952;;True
2594,19;0.0;pa012​;20250414_140852;1;Marche;-0,0090;1,4457;4,2090;0,0951;0,0283;-0,0022;0,9951;;True
2594,21;0.0;pa012​;20250414_140852;1;Marche;-0,0076;1,4438;4,2261;0,0940;0,0288;-0,0023;0,9952;;True
2594,22;0.0;pa012​;20250414_140852;1;Marche;-0,0061;1,4416;4,2429;0,0929;0,0293;-0,0028;0,9952;;True
2594,23;0.0;pa012​;20250414_140852;1;Marche;-0,0045;1,4388;4,2593;0,0917;0,0297;-0,0035;0,9953;;True
2594,25;0.0;pa012​;20250414_140852;1;Marche;-0,0029;1,4359;4,2753;0,0936;0,0302;-0,0046;0,9951;;True
2594,26;0.0;pa012​;20250414_140852;1;Marche;-0,0012;1,4329;4,2913;0,0970;0,0304;-0,0054;0,9948;;True
2594,28;0.0;pa012​;20250414_140852;1;Marche;0,0007;1,4304;4,3074;0,1008;0,0302;-0,0062;0,9944;;True
2594,29;0.0;pa012​;20250414_140852;1;Marche;0,0026;1,4278;4,3234;0,1025;0,0302;-0,0072;0,9943;;True
2594,30;0.0;pa012​;20250414_140852;1;Marche;0,0048;1,4258;4,3395;0,1041;0,0298;-0,0087;0,9941;;True
2594,32;0.0;pa012​;20250414_140852;1;Marche;0,0070;1,4243;4,3557;0,1030;0,0294;-0,0098;0,9942;;True
2594,33;0.0;pa012​;20250414_140852;1;Marche;0,0094;1,4234;4,3720;0,1002;0,0283;-0,0098;0,9945;;True
2594,34;0.0;pa012​;20250414_140852;1;Marche;0,0125;1,4252;4,3894;0,1026;0,0261;-0,0087;0,9943;;True
2594,36;0.0;pa012​;20250414_140852;1;Marche;0,0149;1,4273;4,4073;0,0975;0,0246;-0,0062;0,9949;;True
2594,37;0.0;pa012​;20250414_140852;1;Marche;0,0174;1,4264;4,4241;0,0870;0,0216;-0,0075;0,9959;;True
2594,39;0.0;pa012​;20250414_140852;1;Marche;0,0204;1,4287;4,4410;0,0933;0,0208;-0,0104;0,9954;;True
2594,40;0.0;pa012​;20250414_140852;1;Marche;0,0230;1,4310;4,4588;0,0934;0,0207;-0,0126;0,9953;;True
2594,41;0.0;pa012​;20250414_140852;1;Marche;0,0253;1,4336;4,4771;0,0909;0,0205;-0,0175;0,9955;;True
2594,43;0.0;pa012​;20250414_140852;1;Marche;0,0271;1,4345;4,4941;0,0876;0,0223;-0,0259;0,9956;;True
2594,44;0.0;pa012​;20250414_140852;1;Marche;0,0287;1,4353;4,5106;0,0896;0,0252;-0,0342;0,9951;;True
2594,46;0.0;pa012​;20250414_140852;1;Marche;0,0299;1,4361;4,5269;0,0968;0,0283;-0,0412;0,9940;;True
2594,47;0.0;pa012​;20250414_140852;1;Marche;0,0303;1,4369;4,5430;0,1035;0,0302;-0,0436;0,9932;;True
2594,48;0.0;pa012​;20250414_140852;1;Marche;0,0303;1,4391;4,5595;0,1088;0,0314;-0,0443;0,9926;;True
2594,50;0.0;pa012​;20250414_140852;1;Marche;0,0302;1,4419;4,5765;0,1073;0,0326;-0,0442;0,9927;;True
2594,51;0.0;pa012​;20250414_140852;1;Marche;0,0301;1,4450;4,5932;0,1016;0,0349;-0,0442;0,9932;;True
2594,52;0.0;pa012​;20250414_140852;1;Marche;0,0296;1,4474;4,6098;0,0979;0,0370;-0,0454;0,9935;;True
2594,54;0.0;pa012​;20250414_140852;1;Marche;0,0291;1,4496;4,6261;0,0942;0,0387;-0,0471;0,9937;;True
2594,55;0.0;pa012​;20250414_140852;1;Marche;0,0283;1,4515;4,6423;0,0898;0,0409;-0,0489;0,9939;;True
2594,57;0.0;pa012​;20250414_140852;1;Marche;0,0274;1,4531;4,6583;0,0849;0,0428;-0,0505;0,9942;;True
2594,58;0.0;pa012​;20250414_140852;1;Marche;0,0264;1,4545;4,6741;0,0811;0,0438;-0,0508;0,9944;;True
2594,59;0.0;pa012​;20250414_140852;1;Marche;0,0254;1,4556;4,6899;0,0773;0,0443;-0,0499;0,9948;;True
2594,61;0.0;pa012​;20250414_140852;1;Marche;0,0242;1,4565;4,7054;0,0732;0,0442;-0,0482;0,9952;;True
2594,62;0.0;pa012​;20250414_140852;1;Marche;0,0230;1,4572;4,7209;0,0692;0,0435;-0,0457;0,9956;;True
2594,64;0.0;pa012​;20250414_140852;1;Marche;0,0217;1,4574;4,7363;0,0650;0,0422;-0,0435;0,9960;;True
2594,65;0.0;pa012​;20250414_140852;1;Marche;0,0205;1,4573;4,7515;0,0600;0,0412;-0,0417;0,9965;;True
2594,66;0.0;pa012​;20250414_140852;1;Marche;0,0193;1,4569;4,7669;0,0550;0,0404;-0,0410;0,9968;;True
2594,68;0.0;pa012​;20250414_140852;1;Marche;0,0181;1,4563;4,7822;0,0486;0,0401;-0,0403;0,9972;;True
2594,69;0.0;pa012​;20250414_140852;1;Marche;0,0169;1,4553;4,7973;0,0410;0,0400;-0,0394;0,9976;;True
2594,71;0.0;pa012​;20250414_140852;1;Marche;0,0155;1,4544;4,8123;0,0359;0,0401;-0,0386;0,9978;;True
2594,72;0.0;pa012​;20250414_140852;1;Marche;0,0140;1,4527;4,8272;0,0295;0,0406;-0,0379;0,9980;;True
2594,73;0.0;pa012​;20250414_140852;1;Marche;0,0123;1,4509;4,8419;0,0254;0,0412;-0,0363;0,9982;;True
2594,75;0.0;pa012​;20250414_140852;1;Marche;0,0103;1,4491;4,8568;0,0228;0,0420;-0,0352;0,9982;;True
2594,76;0.0;pa012​;20250414_140852;1;Marche;0,0080;1,4479;4,8718;0,0200;0,0425;-0,0348;0,9983;;True
2594,78;0.0;pa012​;20250414_140852;1;Marche;0,0052;1,4469;4,8868;0,0124;0,0432;-0,0339;0,9984;;True
2594,79;0.0;pa012​;20250414_140852;1;Marche;0,0024;1,4463;4,9020;0,0054;0,0430;-0,0312;0,9986;;True
2594,80;0.0;pa012​;20250414_140852;1;Marche;-0,0008;1,4463;4,9176;-0,0010;0,0431;-0,0291;0,9986;;True
2594,82;0.0;pa012​;20250414_140852;1;Marche;-0,0041;1,4465;4,9330;-0,0094;0,0433;-0,0276;0,9986;;True
2594,83;0.0;pa012​;20250414_140852;1;Marche;-0,0074;1,4489;4,9491;-0,0114;0,0436;-0,0265;0,9986;;True
2594,84;0.0;pa012​;20250414_140852;1;Marche;-0,0109;1,4515;4,9658;-0,0242;0,0459;-0,0241;0,9984;;True
2594,86;0.0;pa012​;20250414_140852;1;Marche;-0,0143;1,4525;4,9816;-0,0359;0,0459;-0,0190;0,9981;;True
2594,87;0.0;pa012​;20250414_140852;1;Marche;-0,0175;1,4554;4,9977;-0,0335;0,0461;-0,0152;0,9983;;True
2594,89;0.0;pa012​;20250414_140852;1;Marche;-0,0205;1,4582;5,0144;-0,0392;0,0481;-0,0149;0,9980;;True
2594,90;0.0;pa012​;20250414_140852;1;Marche;-0,0230;1,4621;5,0304;-0,0414;0,0477;-0,0106;0,9979;;True
2594,91;0.0;pa012​;20250414_140852;1;Marche;-0,0255;1,4636;5,0468;-0,0501;0,0474;-0,0038;0,9976;;True
2594,93;0.0;pa012​;20250414_140852;1;Marche;-0,0270;1,4657;5,0628;-0,0475;0,0443;0,0026;0,9979;;True
2594,94;0.0;pa012​;20250414_140852;1;Marche;-0,0282;1,4672;5,0791;-0,0456;0,0419;0,0065;0,9981;;True
2594,96;0.0;pa012​;20250414_140852;1;Marche;-0,0290;1,4690;5,0948;-0,0435;0,0384;0,0078;0,9983;;True
2594,97;0.0;pa012​;20250414_140852;1;Marche;-0,0294;1,4713;5,1103;-0,0415;0,0358;0,0082;0,9985;;True
2594,98;0.0;pa012​;20250414_140852;1;Marche;-0,0293;1,4740;5,1261;-0,0419;0,0329;0,0077;0,9985;;True
2595,00;0.0;pa012​;20250414_140852;1;Marche;-0,0288;1,4766;5,1418;-0,0430;0,0307;0,0067;0,9986;;True
2595,01;0.0;pa012​;20250414_140852;1;Marche;-0,0281;1,4787;5,1576;-0,0453;0,0294;0,0048;0,9985;;True
2595,03;0.0;pa012​;20250414_140852;1;Marche;-0,0271;1,4802;5,1731;-0,0469;0,0281;0,0029;0,9985;;True
2595,04;0.0;pa012​;20250414_140852;1;Marche;-0,0260;1,4812;5,1885;-0,0479;0,0276;0,0012;0,9985;;True
2595,05;0.0;pa012​;20250414_140852;1;Marche;-0,0248;1,4820;5,2040;-0,0485;0,0269;-0,0008;0,9985;;True
2595,07;0.0;pa012​;20250414_140852;1;Marche;-0,0236;1,4824;5,2196;-0,0488;0,0265;-0,0030;0,9985;;True
2595,08;0.0;pa012​;20250414_140852;1;Marche;-0,0223;1,4827;5,2351;-0,0494;0,0262;-0,0061;0,9984;;True
2595,09;0.0;pa012​;20250414_140852;1;Marche;-0,0209;1,4825;5,2506;-0,0507;0,0260;-0,0093;0,9983;;True
2595,11;0.0;pa012​;20250414_140852;1;Marche;-0,0196;1,4822;5,2660;-0,0521;0,0261;-0,0124;0,9982;;True
2595,12;0.0;pa012​;20250414_140852;1;Marche;-0,0182;1,4816;5,2816;-0,0541;0,0262;-0,0154;0,9981;;True
2595,14;0.0;pa012​;20250414_140852;1;Marche;-0,0167;1,4806;5,2976;-0,0556;0,0259;-0,0180;0,9980;;True
2595,15;0.0;pa012​;20250414_140852;1;Marche;-0,0153;1,4795;5,3134;-0,0570;0,0255;-0,0198;0,9979;;True
2595,16;0.0;pa012​;20250414_140852;1;Marche;-0,0139;1,4782;5,3291;-0,0594;0,0248;-0,0211;0,9977;;True
2595,18;0.0;pa012​;20250414_140852;1;Marche;-0,0125;1,4768;5,3448;-0,0626;0,0239;-0,0223;0,9975;;True
2595,19;0.0;pa012​;20250414_140852;1;Marche;-0,0109;1,4755;5,3608;-0,0660;0,0228;-0,0232;0,9973;;True
2595,21;0.0;pa012​;20250414_140852;1;Marche;-0,0091;1,4736;5,3767;-0,0711;0,0214;-0,0254;0,9969;;True
2595,22;0.0;pa012​;20250414_140852;1;Marche;-0,0074;1,4717;5,3923;-0,0731;0,0197;-0,0272;0,9968;;True
2595,23;0.0;pa012​;20250414_140852;1;Marche;-0,0056;1,4696;5,4077;-0,0730;0,0178;-0,0290;0,9967;;True
2595,25;0.0;pa012​;20250414_140852;1;Marche;-0,0037;1,4676;5,4229;-0,0720;0,0159;-0,0302;0,9968;;True
2595,26;0.0;pa012​;20250414_140852;1;Marche;-0,0014;1,4660;5,4381;-0,0710;0,0139;-0,0317;0,9969;;True
2595,27;0.0;pa012​;20250414_140852;1;Marche;0,0010;1,4645;5,4531;-0,0715;0,0121;-0,0331;0,9968;;True
2595,29;0.0;pa012​;20250414_140852;1;Marche;0,0038;1,4636;5,4684;-0,0714;0,0101;-0,0331;0,9968;;True
2595,30;0.0;pa012​;20250414_140852;1;Marche;0,0069;1,4640;5,4839;-0,0718;0,0083;-0,0323;0,9969;;True
2595,32;0.0;pa012​;20250414_140852;1;Marche;0,0105;1,4667;5,5001;-0,0742;0,0071;-0,0315;0,9967;;True
2595,33;0.0;pa012​;20250414_140852;1;Marche;0,0135;1,4682;5,5161;-0,0872;0,0062;-0,0336;0,9956;;True
2595,34;0.0;pa012​;20250414_140852;1;Marche;0,0173;1,4693;5,5320;-0,0908;0,0053;-0,0372;0,9952;;True
2595,36;0.0;pa012​;20250414_140852;1;Marche;0,0207;1,4703;5,5475;-0,0916;0,0054;-0,0398;0,9950;;True
2595,37;0.0;pa012​;20250414_140852;1;Marche;0,0239;1,4740;5,5640;-0,0893;0,0063;-0,0442;0,9950;;True
2595,39;0.0;pa012​;20250414_140852;1;Marche;0,0261;1,4746;5,5796;-0,0996;0,0085;-0,0529;0,9936;;True
2595,40;0.0;pa012​;20250414_140852;1;Marche;0,0286;1,4759;5,5950;-0,0972;0,0114;-0,0602;0,9934;;True
2595,41;0.0;pa012​;20250414_140852;1;Marche;0,0303;1,4766;5,6101;-0,0937;0,0161;-0,0654;0,9933;;True
2595,43;0.0;pa012​;20250414_140852;1;Marche;0,0313;1,4773;5,6250;-0,0868;0,0198;-0,0686;0,9937;;True
2595,44;0.0;pa012​;20250414_140852;1;Marche;0,0316;1,4791;5,6398;-0,0786;0,0226;-0,0682;0,9943;;True
2595,46;0.0;pa012​;20250414_140852;1;Marche;0,0317;1,4814;5,6546;-0,0752;0,0249;-0,0678;0,9945;;True
2595,47;0.0;pa012​;20250414_140852;1;Marche;0,0318;1,4847;5,6690;-0,0760;0,0276;-0,0673;0,9944;;True
2595,48;0.0;pa012​;20250414_140852;1;Marche;0,0317;1,4879;5,6835;-0,0790;0,0307;-0,0669;0,9942;;True
2595,50;0.0;pa012​;20250414_140852;1;Marche;0,0308;1,4905;5,6976;-0,0822;0,0333;-0,0662;0,9939;;True
2595,51;0.0;pa012​;20250414_140852;1;Marche;0,0296;1,4926;5,7117;-0,0858;0,0348;-0,0646;0,9936;;True
2595,53;0.0;pa012​;20250414_140852;1;Marche;0,0282;1,4945;5,7256;-0,0882;0,0357;-0,0625;0,9935;;True
2595,54;0.0;pa012​;20250414_140852;1;Marche;0,0264;1,4961;5,7396;-0,0898;0,0363;-0,0598;0,9935;;True
2595,55;0.0;pa012​;20250414_140852;1;Marche;0,0246;1,4973;5,7537;-0,0912;0,0359;-0,0567;0,9936;;True
2595,57;0.0;pa012​;20250414_140852;1;Marche;0,0228;1,4979;5,7679;-0,0918;0,0343;-0,0525;0,9938;;True
2595,58;0.0;pa012​;20250414_140852;1;Marche;0,0208;1,4981;5,7821;-0,0919;0,0329;-0,0478;0,9941;;True
2595,59;0.0;pa012​;20250414_140852;1;Marche;0,0191;1,4979;5,7961;-0,0920;0,0306;-0,0431;0,9944;;True
2595,61;0.0;pa012​;20250414_140852;1;Marche;0,0174;1,4974;5,8103;-0,0924;0,0286;-0,0387;0,9946;;True
2595,62;0.0;pa012​;20250414_140852;1;Marche;0,0158;1,4965;5,8247;-0,0932;0,0263;-0,0358;0,9947;;True
2595,64;0.0;pa012​;20250414_140852;1;Marche;0,0142;1,4954;5,8392;-0,0951;0,0243;-0,0333;0,9946;;True
2595,65;0.0;pa012​;20250414_140852;1;Marche;0,0125;1,4936;5,8538;-0,0982;0,0230;-0,0316;0,9944;;True
2595,66;0.0;pa012​;20250414_140852;1;Marche;0,0108;1,4916;5,8681;-0,1002;0,0219;-0,0304;0,9943;;True
2595,68;0.0;pa012​;20250414_140852;1;Marche;0,0091;1,4895;5,8827;-0,1014;0,0214;-0,0300;0,9942;;True
2595,69;0.0;pa012​;20250414_140852;1;Marche;0,0073;1,4868;5,8971;-0,1037;0,0209;-0,0290;0,9940;;True
2595,71;0.0;pa012​;20250414_140852;1;Marche;0,0053;1,4844;5,9114;-0,1033;0,0208;-0,0271;0,9941;;True
2595,72;0.0;pa012​;20250414_140852;1;Marche;0,0032;1,4822;5,9257;-0,1027;0,0209;-0,0255;0,9942;;True
2595,73;0.0;pa012​;20250414_140852;1;Marche;0,0010;1,4794;5,9398;-0,1039;0,0209;-0,0235;0,9941;;True
2595,75;0.0;pa012​;20250414_140852;1;Marche;-0,0013;1,4769;5,9538;-0,1039;0,0208;-0,0211;0,9941;;True
2595,76;0.0;pa012​;20250414_140852;1;Marche;-0,0040;1,4754;5,9679;-0,1026;0,0209;-0,0202;0,9943;;True
2595,77;0.0;pa012​;20250414_140852;1;Marche;-0,0068;1,4739;5,9819;-0,1045;0,0214;-0,0203;0,9941;;True
2595,79;0.0;pa012​;20250414_140852;1;Marche;-0,0098;1,4732;5,9957;-0,1047;0,0220;-0,0197;0,9941;;True
2595,80;0.0;pa012​;20250414_140852;1;Marche;-0,0129;1,4754;6,0102;-0,1043;0,0236;-0,0188;0,9941;;True
2595,82;0.0;pa012​;20250414_140852;1;Marche;-0,0167;1,4763;6,0245;-0,1179;0,0250;-0,0165;0,9926;;True
2595,83;0.0;pa012​;20250414_140852;1;Marche;-0,0201;1,4766;6,0385;-0,1253;0,0243;-0,0111;0,9918;;True
2595,85;0.0;pa012​;20250414_140852;1;Marche;-0,0235;1,4788;6,0526;-0,1248;0,0248;-0,0085;0,9918;;True
2595,86;0.0;pa012​;20250414_140852;1;Marche;-0,0263;1,4823;6,0669;-0,1284;0,0251;-0,0066;0,9914;;True
2595,87;0.0;pa012​;20250414_140852;1;Marche;-0,0283;1,4842;6,0811;-0,1411;0,0238;0,0010;0,9897;;True
2595,89;0.0;pa012​;20250414_140852;1;Marche;-0,0296;1,4861;6,0950;-0,1450;0,0205;0,0103;0,9892;;True
2595,90;0.0;pa012​;20250414_140852;1;Marche;-0,0316;1,4875;6,1089;-0,1473;0,0168;0,0171;0,9888;;True
2595,91;0.0;pa012​;20250414_140852;1;Marche;-0,0331;1,4888;6,1226;-0,1458;0,0130;0,0224;0,9890;;True
2595,93;0.0;pa012​;20250414_140852;1;Marche;-0,0335;1,4905;6,1363;-0,1425;0,0090;0,0251;0,9894;;True
2595,94;0.0;pa012​;20250414_140852;1;Marche;-0,0333;1,4925;6,1499;-0,1411;0,0057;0,0249;0,9897;;True
2595,96;0.0;pa012​;20250414_140852;1;Marche;-0,0328;1,4948;6,1634;-0,1415;0,0024;0,0241;0,9896;;True
2595,97;0.0;pa012​;20250414_140852;1;Marche;-0,0319;1,4972;6,1770;-0,1431;-0,0001;0,0227;0,9894;;True
2595,98;0.0;pa012​;20250414_140852;1;Marche;-0,0305;1,4990;6,1904;-0,1465;-0,0023;0,0202;0,9890;;True
2596,00;0.0;pa012​;20250414_140852;1;Marche;-0,0288;1,5007;6,2039;-0,1489;-0,0034;0,0175;0,9887;;True
2596,01;0.0;pa012​;20250414_140852;1;Marche;-0,0269;1,5019;6,2174;-0,1522;-0,0040;0,0147;0,9882;;True
2596,02;0.0;pa012​;20250414_140852;1;Marche;-0,0251;1,5028;6,2306;-0,1551;-0,0046;0,0121;0,9878;;True
2596,04;0.0;pa012​;20250414_140852;1;Marche;-0,0233;1,5033;6,2438;-0,1564;-0,0048;0,0090;0,9876;;True
2596,05;0.0;pa012​;20250414_140852;1;Marche;-0,0217;1,5035;6,2571;-0,1567;-0,0048;0,0055;0,9876;;True
2596,07;0.0;pa012​;20250414_140852;1;Marche;-0,0201;1,5038;6,2703;-0,1567;-0,0044;0,0015;0,9876;;True
2596,08;0.0;pa012​;20250414_140852;1;Marche;-0,0186;1,5039;6,2834;-0,1561;-0,0041;-0,0019;0,9877;;True
2596,10;0.0;pa012​;20250414_140852;1;Marche;-0,0173;1,5034;6,2966;-0,1554;-0,0029;-0,0039;0,9878;;True
2596,11;0.0;pa012​;20250414_140852;1;Marche;-0,0160;1,5026;6,3098;-0,1544;-0,0019;-0,0049;0,9880;;True
2596,12;0.0;pa012​;20250414_140852;1;Marche;-0,0148;1,5021;6,3228;-0,1530;-0,0008;-0,0047;0,9882;;True
2596,14;0.0;pa012​;20250414_140852;1;Marche;-0,0135;1,5014;6,3358;-0,1527;0,0002;-0,0042;0,9883;;True
2596,15;0.0;pa012​;20250414_140852;1;Marche;-0,0122;1,5005;6,3489;-0,1529;0,0010;-0,0036;0,9882;;True
2596,16;0.0;pa012​;20250414_140852;1;Marche;-0,0109;1,4992;6,3621;-0,1531;0,0018;-0,0036;0,9882;;True
2596,18;0.0;pa012​;20250414_140852;1;Marche;-0,0096;1,4976;6,3753;-0,1531;0,0024;-0,0044;0,9882;;True
2596,19;0.0;pa012​;20250414_140852;1;Marche;-0,0083;1,4958;6,3883;-0,1520;0,0029;-0,0059;0,9884;;True
2596,21;0.0;pa012​;20250414_140852;1;Marche;-0,0068;1,4941;6,4010;-0,1486;0,0031;-0,0074;0,9889;;True
2596,22;0.0;pa012​;20250414_140852;1;Marche;-0,0052;1,4923;6,4137;-0,1445;0,0034;-0,0080;0,9895;;True
2596,23;0.0;pa012​;20250414_140852;1;Marche;-0,0035;1,4904;6,4263;-0,1405;0,0032;-0,0080;0,9900;;True
2596,25;0.0;pa012​;20250414_140852;1;Marche;-0,0016;1,4885;6,4386;-0,1374;0,0031;-0,0084;0,9905;;True
2596,26;0.0;pa012​;20250414_140852;1;Marche;0,0006;1,4870;6,4509;-0,1359;0,0031;-0,0090;0,9907;;True
2596,28;0.0;pa012​;20250414_140852;1;Marche;0,0031;1,4861;6,4630;-0,1368;0,0029;-0,0092;0,9905;;True
2596,29;0.0;pa012​;20250414_140852;1;Marche;0,0057;1,4856;6,4751;-0,1390;0,0027;-0,0093;0,9903;;True
2596,30;0.0;pa012​;20250414_140852;1;Marche;0,0087;1,4863;6,4874;-0,1409;0,0023;-0,0089;0,9900;;True
2596,32;0.0;pa012​;20250414_140852;1;Marche;0,0116;1,4873;6,4999;-0,1479;0,0027;-0,0096;0,9889;;True
2596,33;0.0;pa012​;20250414_140852;1;Marche;0,0147;1,4869;6,5126;-0,1556;0,0026;-0,0140;0,9877;;True
2596,34;0.0;pa012​;20250414_140852;1;Marche;0,0182;1,4875;6,5252;-0,1548;0,0036;-0,0184;0,9878;;True
2596,36;0.0;pa012​;20250414_140852;1;Marche;0,0212;1,4886;6,5381;-0,1547;0,0051;-0,0215;0,9877;;True
2596,37;0.0;pa012​;20250414_140852;1;Marche;0,0245;1,4911;6,5511;-0,1536;0,0053;-0,0257;0,9878;;True
2596,39;0.0;pa012​;20250414_140852;1;Marche;0,0267;1,4921;6,5644;-0,1607;0,0076;-0,0322;0,9865;;True
2596,40;0.0;pa012​;20250414_140852;1;Marche;0,0290;1,4921;6,5775;-0,1619;0,0099;-0,0400;0,9859;;True
2596,41;0.0;pa012​;20250414_140852;1;Marche;0,0307;1,4921;6,5904;-0,1572;0,0139;-0,0459;0,9864;;True
2596,43;0.0;pa012​;20250414_140852;1;Marche;0,0317;1,4921;6,6033;-0,1500;0,0170;-0,0491;0,9873;;True
2596,44;0.0;pa012​;20250414_140852;1;Marche;0,0321;1,4925;6,6160;-0,1438;0,0201;-0,0496;0,9882;;True
2596,46;0.0;pa012​;20250414_140852;1;Marche;0,0322;1,4937;6,6290;-0,1402;0,0228;-0,0495;0,9886;;True
2596,47;0.0;pa012​;20250414_140852;1;Marche;0,0322;1,4954;6,6419;-0,1403;0,0258;-0,0490;0,9886;;True
2596,48;0.0;pa012​;20250414_140852;1;Marche;0,0316;1,4971;6,6547;-0,1405;0,0296;-0,0489;0,9884;;True
2596,50;0.0;pa012​;20250414_140852;1;Marche;0,0306;1,4984;6,6675;-0,1393;0,0323;-0,0492;0,9885;;True
2596,51;0.0;pa012​;20250414_140852;1;Marche;0,0291;1,4994;6,6801;-0,1378;0,0349;-0,0492;0,9886;;True
2596,52;0.0;pa012​;20250414_140852;1;Marche;0,0272;1,5005;6,6929;-0,1361;0,0369;-0,0488;0,9888;;True
2596,54;0.0;pa012​;20250414_140852;1;Marche;0,0250;1,5016;6,7056;-0,1343;0,0384;-0,0483;0,9890;;True
2596,55;0.0;pa012​;20250414_140852;1;Marche;0,0226;1,5025;6,7184;-0,1319;0,0389;-0,0469;0,9894;;True
2596,57;0.0;pa012​;20250414_140852;1;Marche;0,0200;1,5032;6,7311;-0,1294;0,0389;-0,0440;0,9899;;True
2596,58;0.0;pa012​;20250414_140852;1;Marche;0,0172;1,5037;6,7438;-0,1275;0,0383;-0,0397;0,9903;;True
2596,59;0.0;pa012​;20250414_140852;1;Marche;0,0143;1,5044;6,7564;-0,1260;0,0369;-0,0349;0,9907;;True
2596,61;0.0;pa012​;20250414_140852;1;Marche;0,0112;1,5048;6,7688;-0,1253;0,0357;-0,0306;0,9910;;True
2596,62;0.0;pa012​;20250414_140852;1;Marche;0,0083;1,5049;6,7812;-0,1245;0,0333;-0,0266;0,9913;;True
2596,64;0.0;pa012​;20250414_140852;1;Marche;0,0053;1,5041;6,7938;-0,1232;0,0314;-0,0237;0,9916;;True
2596,66;0.0;pa012​;20250414_140852;1;Marche;-0,0006;1,5021;6,8189;-0,1205;0,0288;-0,0198;0,9921;;True
2596,68;0.0;pa012​;20250414_140852;1;Marche;-0,0034;1,5007;6,8314;-0,1195;0,0272;-0,0168;0,9923;;True
2596,69;0.0;pa012​;20250414_140852;1;Marche;-0,0062;1,4990;6,8442;-0,1169;0,0259;-0,0143;0,9927;;True
2596,71;0.0;pa012​;20250414_140852;1;Marche;-0,0090;1,4967;6,8568;-0,1144;0,0246;-0,0119;0,9931;;True
2596,72;0.0;pa012​;20250414_140852;1;Marche;-0,0120;1,4943;6,8694;-0,1098;0,0237;-0,0095;0,9936;;True
2596,73;0.0;pa012​;20250414_140852;1;Marche;-0,0149;1,4919;6,8818;-0,1030;0,0228;-0,0080;0,9944;;True
2596,75;0.0;pa012​;20250414_140852;1;Marche;-0,0181;1,4891;6,8943;-0,0952;0,0225;-0,0070;0,9952;;True
2596,76;0.0;pa012​;20250414_140852;1;Marche;-0,0212;1,4859;6,9068;-0,0875;0,0223;-0,0059;0,9959;;True
2596,78;0.0;pa012​;20250414_140852;1;Marche;-0,0246;1,4825;6,9193;-0,0776;0,0222;-0,0035;0,9967;;True
2596,79;0.0;pa012​;20250414_140852;1;Marche;-0,0281;1,4791;6,9319;-0,0682;0,0218;-0,0013;0,9974;;True
2596,80;0.0;pa012​;20250414_140852;1;Marche;-0,0322;1,4761;6,9445;-0,0574;0,0217;0,0004;0,9981;;True
2596,82;0.0;pa012​;20250414_140852;1;Marche;-0,0363;1,4741;6,9575;-0,0441;0,0215;0,0020;0,9988;;True
2596,83;0.0;pa012​;20250414_140852;1;Marche;-0,0405;1,4722;6,9711;-0,0359;0,0218;0,0033;0,9991;;True
2596,84;0.0;pa012​;20250414_140852;1;Marche;-0,0447;1,4697;6,9847;-0,0280;0,0202;0,0063;0,9994;;True
2596,86;0.0;pa012​;20250414_140852;1;Marche;-0,0490;1,4676;6,9984;-0,0135;0,0185;0,0088;0,9997;;True
2596,87;0.0;pa012​;20250414_140852;1;Marche;-0,0533;1,4669;7,0125;0,0035;0,0173;0,0099;0,9998;;True
2596,89;0.0;pa012​;20250414_140852;1;Marche;-0,0576;1,4660;7,0267;0,0158;0,0157;0,0129;0,9997;;True
2596,90;0.0;pa012​;20250414_140852;1;Marche;-0,0617;1,4666;7,0413;0,0351;0,0138;0,0151;0,9992;;True
2596,91;0.0;pa012​;20250414_140852;1;Marche;-0,0656;1,4651;7,0561;0,0434;0,0124;0,0181;0,9988;;True
2596,93;0.0;pa012​;20250414_140852;1;Marche;-0,0694;1,4645;7,0703;0,0600;0,0104;0,0215;0,9979;;True
2596,94;0.0;pa012​;20250414_140852;1;Marche;-0,0726;1,4627;7,0843;0,0759;0,0089;0,0239;0,9968;;True
2596,96;0.0;pa012​;20250414_140852;1;Marche;-0,0754;1,4602;7,0981;0,0925;0,0075;0,0262;0,9953;;True
2596,97;0.0;pa012​;20250414_140852;1;Marche;-0,0778;1,4573;7,1118;0,1101;0,0061;0,0287;0,9935;;True
2596,98;0.0;pa012​;20250414_140852;1;Marche;-0,0800;1,4549;7,1254;0,1264;0,0036;0,0307;0,9915;;True
2597,00;0.0;pa012​;20250414_140852;1;Marche;-0,0822;1,4534;7,1389;0,1397;0,0004;0,0330;0,9896;;True
2597,01;0.0;pa012​;20250414_140852;1;Marche;-0,0838;1,4520;7,1525;0,1517;-0,0042;0,0343;0,9878;;True
2597,02;0.0;pa012​;20250414_140852;1;Marche;-0,0850;1,4497;7,1658;0,1627;-0,0074;0,0346;0,9860;;True
2597,04;0.0;pa012​;20250414_140852;1;Marche;-0,0854;1,4473;7,1787;0,1751;-0,0098;0,0342;0,9839;;True
2597,05;0.0;pa012​;20250414_140852;1;Marche;-0,0854;1,4454;7,1915;0,1877;-0,0107;0,0335;0,9816;;True
2597,07;0.0;pa012​;20250414_140852;1;Marche;-0,0851;1,4436;7,2045;0,1975;-0,0114;0,0334;0,9797;;True
2597,08;0.0;pa012​;20250414_140852;1;Marche;-0,0846;1,4425;7,2177;0,2048;-0,0123;0,0335;0,9781;;True
2597,09;0.0;pa012​;20250414_140852;1;Marche;-0,0838;1,4413;7,2308;0,2094;-0,0131;0,0335;0,9772;;True
2597,11;0.0;pa012​;20250414_140852;1;Marche;-0,0829;1,4401;7,2438;0,2124;-0,0135;0,0331;0,9765;;True
2597,12;0.0;pa012​;20250414_140852;1;Marche;-0,0819;1,4390;7,2564;0,2169;-0,0136;0,0320;0,9756;;True
2597,13;0.0;pa012​;20250414_140852;1;Marche;-0,0805;1,4379;7,2689;0,2223;-0,0140;0,0314;0,9744;;True
2597,15;0.0;pa012​;20250414_140852;1;Marche;-0,0791;1,4366;7,2813;0,2276;-0,0149;0,0313;0,9731;;True
2597,16;0.0;pa012​;20250414_140852;1;Marche;-0,0775;1,4350;7,2938;0,2325;-0,0159;0,0310;0,9720;;True
2597,18;0.0;pa012​;20250414_140852;1;Marche;-0,0756;1,4336;7,3063;0,2366;-0,0172;0,0304;0,9710;;True
2597,19;0.0;pa012​;20250414_140852;1;Marche;-0,0737;1,4322;7,3187;0,2395;-0,0180;0,0295;0,9703;;True
2597,21;0.0;pa012​;20250414_140852;1;Marche;-0,0715;1,4309;7,3311;0,2407;-0,0191;0,0284;0,9700;;True
2597,22;0.0;pa012​;20250414_140852;1;Marche;-0,0690;1,4295;7,3434;0,2416;-0,0199;0,0266;0,9698;;True
2597,23;0.0;pa012​;20250414_140852;1;Marche;-0,0666;1,4277;7,3557;0,2427;-0,0206;0,0253;0,9696;;True
2597,25;0.0;pa012​;20250414_140852;1;Marche;-0,0641;1,4256;7,3678;0,2434;-0,0210;0,0237;0,9694;;True
2597,26;0.0;pa012​;20250414_140852;1;Marche;-0,0615;1,4235;7,3796;0,2447;-0,0215;0,0219;0,9691;;True
2597,28;0.0;pa012​;20250414_140852;1;Marche;-0,0589;1,4214;7,3911;0,2462;-0,0221;0,0206;0,9687;;True
2597,29;0.0;pa012​;20250414_140852;1;Marche;-0,0560;1,4192;7,4026;0,2483;-0,0230;0,0197;0,9682;;True
2597,30;0.0;pa012​;20250414_140852;1;Marche;-0,0529;1,4169;7,4141;0,2504;-0,0237;0,0190;0,9677;;True
2597,32;0.0;pa012​;20250414_140852;1;Marche;-0,0496;1,4147;7,4253;0,2518;-0,0245;0,0181;0,9673;;True
2597,33;0.0;pa012​;20250414_140852;1;Marche;-0,0461;1,4127;7,4363;0,2526;-0,0251;0,0172;0,9671;;True
2597,34;0.0;pa012​;20250414_140852;1;Marche;-0,0426;1,4109;7,4469;0,2525;-0,0259;0,0170;0,9671;;True
2597,36;0.0;pa012​;20250414_140852;1;Marche;-0,0387;1,4094;7,4576;0,2533;-0,0267;0,0169;0,9669;;True
2597,37;0.0;pa012​;20250414_140852;1;Marche;-0,0343;1,4094;7,4692;0,2572;-0,0280;0,0169;0,9658;;True
2597,39;0.0;pa012​;20250414_140852;1;Marche;-0,0304;1,4096;7,4815;0,2547;-0,0287;0,0157;0,9665;;True
2597,40;0.0;pa012​;20250414_140852;1;Marche;-0,0264;1,4094;7,4924;0,2492;-0,0297;0,0106;0,9679;;True
2597,41;0.0;pa012​;20250414_140852;1;Marche;-0,0220;1,4125;7,5054;0,2584;-0,0298;0,0075;0,9655;;True
2597,43;0.0;pa012​;20250414_140852;1;Marche;-0,0184;1,4118;7,5170;0,2493;-0,0287;0,0024;0,9680;;True
2597,44;0.0;pa012​;20250414_140852;1;Marche;-0,0144;1,4131;7,5286;0,2531;-0,0278;-0,0039;0,9670;;True
2597,45;0.0;pa012​;20250414_140852;1;Marche;-0,0108;1,4139;7,5398;0,2548;-0,0264;-0,0072;0,9666;;True
2597,47;0.0;pa012​;20250414_140852;1;Marche;-0,0077;1,4144;7,5507;0,2592;-0,0246;-0,0097;0,9655;;True
2597,48;0.0;pa012​;20250414_140852;1;Marche;-0,0050;1,4149;7,5615;0,2624;-0,0227;-0,0111;0,9646;;True
2597,50;0.0;pa012​;20250414_140852;1;Marche;-0,0024;1,4151;7,5725;0,2631;-0,0209;-0,0112;0,9645;;True
2597,51;0.0;pa012​;20250414_140852;1;Marche;-0,0004;1,4156;7,5834;0,2637;-0,0185;-0,0113;0,9644;;True
2597,52;0.0;pa012​;20250414_140852;1;Marche;0,0012;1,4159;7,5941;0,2652;-0,0161;-0,0116;0,9640;;True
2597,54;0.0;pa012​;20250414_140852;1;Marche;0,0023;1,4161;7,6045;0,2677;-0,0145;-0,0107;0,9633;;True
2597,55;0.0;pa012​;20250414_140852;1;Marche;0,0032;1,4160;7,6148;0,2698;-0,0133;-0,0098;0,9628;;True
2597,57;0.0;pa012​;20250414_140852;1;Marche;0,0039;1,4161;7,6251;0,2736;-0,0121;-0,0096;0,9617;;True
2597,58;0.0;pa012​;20250414_140852;1;Marche;0,0042;1,4161;7,6355;0,2765;-0,0118;-0,0083;0,9609;;True
2597,59;0.0;pa012​;20250414_140852;1;Marche;0,0041;1,4161;7,6457;0,2780;-0,0120;-0,0064;0,9605;;True
2597,61;0.0;pa012​;20250414_140852;1;Marche;0,0037;1,4160;7,6556;0,2793;-0,0124;-0,0044;0,9601;;True
2597,62;0.0;pa012​;20250414_140852;1;Marche;0,0034;1,4156;7,6654;0,2809;-0,0128;-0,0031;0,9596;;True
2597,64;0.0;pa012​;20250414_140852;1;Marche;0,0031;1,4150;7,6750;0,2832;-0,0134;-0,0015;0,9590;;True
2597,65;0.0;pa012​;20250414_140852;1;Marche;0,0027;1,4142;7,6844;0,2857;-0,0140;0,0004;0,9582;;True
2597,66;0.0;pa012​;20250414_140852;1;Marche;0,0021;1,4133;7,6937;0,2881;-0,0145;0,0018;0,9575;;True
2597,68;0.0;pa012​;20250414_140852;1;Marche;0,0015;1,4125;7,7029;0,2903;-0,0153;0,0028;0,9568;;True
2597,69;0.0;pa012​;20250414_140852;1;Marche;0,0011;1,4116;7,7122;0,2921;-0,0162;0,0041;0,9562;;True
2597,71;0.0;pa012​;20250414_140852;1;Marche;0,0005;1,4109;7,7215;0,2937;-0,0172;0,0045;0,9557;;True
2597,72;0.0;pa012​;20250414_140852;1;Marche;-0,0003;1,4101;7,7306;0,2947;-0,0178;0,0049;0,9554;;True
2597,73;0.0;pa012​;20250414_140852;1;Marche;-0,0013;1,4095;7,7398;0,2957;-0,0185;0,0052;0,9551;;True
2597,75;0.0;pa012​;20250414_140852;1;Marche;-0,0024;1,4087;7,7491;0,2963;-0,0194;0,0058;0,9549;;True
2597,76;0.0;pa012​;20250414_140852;1;Marche;-0,0035;1,4077;7,7584;0,2957;-0,0202;0,0069;0,9550;;True
2597,78;0.0;pa012​;20250414_140852;1;Marche;-0,0048;1,4066;7,7675;0,2950;-0,0210;0,0082;0,9552;;True
2597,79;0.0;pa012​;20250414_140852;1;Marche;-0,0063;1,4055;7,7768;0,2945;-0,0216;0,0096;0,9554;;True
2597,80;0.0;pa012​;20250414_140852;1;Marche;-0,0081;1,4042;7,7859;0,2944;-0,0218;0,0110;0,9554;;True
2597,82;0.0;pa012​;20250414_140852;1;Marche;-0,0100;1,4028;7,7949;0,2950;-0,0219;0,0124;0,9552;;True
2597,83;0.0;pa012​;20250414_140852;1;Marche;-0,0120;1,4010;7,8037;0,2962;-0,0216;0,0138;0,9548;;True
2597,84;0.0;pa012​;20250414_140852;1;Marche;-0,0144;1,3994;7,8124;0,2985;-0,0212;0,0159;0,9540;;True
2597,86;0.0;pa012​;20250414_140852;1;Marche;-0,0171;1,3979;7,8212;0,2998;-0,0208;0,0185;0,9536;;True
2597,87;0.0;pa012​;20250414_140852;1;Marche;-0,0202;1,3967;7,8300;0,3014;-0,0208;0,0213;0,9530;;True
2597,89;0.0;pa012​;20250414_140852;1;Marche;-0,0235;1,3958;7,8391;0,3028;-0,0212;0,0247;0,9525;;True
2597,90;0.0;pa012​;20250414_140852;1;Marche;-0,0269;1,3952;7,8484;0,3053;-0,0216;0,0282;0,9516;;True
2597,91;0.0;pa012​;20250414_140852;1;Marche;-0,0305;1,3948;7,8582;0,3059;-0,0222;0,0326;0,9512;;True
2597,93;0.0;pa012​;20250414_140852;1;Marche;-0,0345;1,3937;7,8675;0,3013;-0,0235;0,0375;0,9525;;True
2597,94;0.0;pa012​;20250414_140852;1;Marche;-0,0387;1,3940;7,8769;0,3052;-0,0259;0,0433;0,9509;;True
2597,95;0.0;pa012​;20250414_140852;1;Marche;-0,0425;1,3948;7,8869;0,3109;-0,0281;0,0481;0,9488;;True
2597,97;0.0;pa012​;20250414_140852;1;Marche;-0,0461;1,3953;7,8974;0,3120;-0,0297;0,0520;0,9482;;True
2597,98;0.0;pa012​;20250414_140852;1;Marche;-0,0496;1,3959;7,9077;0,3120;-0,0327;0,0571;0,9478;;True
2598,00;0.0;pa012​;20250414_140852;1;Marche;-0,0531;1,3966;7,9178;0,3147;-0,0370;0,0626;0,9464;;True
2598,01;0.0;pa012​;20250414_140852;1;Marche;-0,0564;1,3967;7,9274;0,3158;-0,0407;0,0660;0,9457;;True
2598,02;0.0;pa012​;20250414_140852;1;Marche;-0,0593;1,3966;7,9368;0,3197;-0,0443;0,0689;0,9440;;True
2598,04;0.0;pa012​;20250414_140852;1;Marche;-0,0620;1,3959;7,9456;0,3243;-0,0471;0,0709;0,9421;;True
2598,05;0.0;pa012​;20250414_140852;1;Marche;-0,0644;1,3952;7,9545;0,3286;-0,0502;0,0733;0,9403;;True
2598,07;0.0;pa012​;20250414_140852;1;Marche;-0,0667;1,3947;7,9634;0,3322;-0,0541;0,0765;0,9385;;True
2598,08;0.0;pa012​;20250414_140852;1;Marche;-0,0691;1,3943;7,9723;0,3347;-0,0584;0,0808;0,9370;;True
2598,09;0.0;pa012​;20250414_140852;1;Marche;-0,0712;1,3936;7,9809;0,3367;-0,0629;0,0840;0,9357;;True
2598,11;0.0;pa012​;20250414_140852;1;Marche;-0,0728;1,3929;7,9893;0,3395;-0,0671;0,0861;0,9342;;True
2598,12;0.0;pa012​;20250414_140852;1;Marche;-0,0742;1,3922;7,9975;0,3422;-0,0710;0,0884;0,9328;;True
2598,14;0.0;pa012​;20250414_140852;1;Marche;-0,0766;1,3915;8,0057;0,3444;-0,0753;0,0914;0,9313;;True
2598,15;0.0;pa012​;20250414_140852;1;Marche;-0,0787;1,3910;8,0141;0,3468;-0,0803;0,0944;0,9297;;True
2598,16;0.0;pa012​;20250414_140852;1;Marche;-0,0796;1,3906;8,0224;0,3480;-0,0854;0,0962;0,9286;;True
2598,18;0.0;pa012​;20250414_140852;1;Marche;-0,0799;1,3902;8,0306;0,3489;-0,0902;0,0975;0,9277;;True
2598,19;0.0;pa012​;20250414_140852;1;Marche;-0,0812;1,3896;8,0386;0,3498;-0,0950;0,0982;0,9268;;True
2598,21;0.0;pa012​;20250414_140852;1;Marche;-0,0824;1,3888;8,0464;0,3509;-0,0999;0,0985;0,9259;;True
2598,22;0.0;pa012​;20250414_140852;1;Marche;-0,0827;1,3881;8,0543;0,3530;-0,1044;0,0984;0,9246;;True
2598,23;0.0;pa012​;20250414_140852;1;Marche;-0,0822;1,3873;8,0621;0,3554;-0,1086;0,0985;0,9232;;True
2598,25;0.0;pa012​;20250414_140852;1;Marche;-0,0818;1,3865;8,0699;0,3579;-0,1129;0,0990;0,9216;;True
2598,26;0.0;pa012​;20250414_140852;1;Marche;-0,0823;1,3856;8,0778;0,3603;-0,1165;0,0991;0,9202;;True
2598,28;0.0;pa012​;20250414_140852;1;Marche;-0,0829;1,3846;8,0859;0,3625;-0,1202;0,0993;0,9188;;True
2598,29;0.0;pa012​;20250414_140852;1;Marche;-0,0825;1,3837;8,0937;0,3644;-0,1240;0,0994;0,9176;;True
2598,30;0.0;pa012​;20250414_140852;1;Marche;-0,0818;1,3827;8,1015;0,3658;-0,1277;0,0996;0,9165;;True
2598,32;0.0;pa012​;20250414_140852;1;Marche;-0,0813;1,3817;8,1093;0,3669;-0,1312;0,1004;0,9155;;True
2598,33;0.0;pa012​;20250414_140852;1;Marche;-0,0807;1,3804;8,1170;0,3676;-0,1352;0,1011;0,9145;;True
2598,34;0.0;pa012​;20250414_140852;1;Marche;-0,0800;1,3791;8,1247;0,3684;-0,1392;0,1016;0,9136;;True
2598,36;0.0;pa012​;20250414_140852;1;Marche;-0,0791;1,3778;8,1323;0,3694;-0,1432;0,1022;0,9125;;True
2598,37;0.0;pa012​;20250414_140852;1;Marche;-0,0781;1,3765;8,1398;0,3701;-0,1473;0,1033;0,9114;;True
2598,39;0.0;pa012​;20250414_140852;1;Marche;-0,0770;1,3751;8,1473;0,3710;-0,1515;0,1045;0,9102;;True
2598,40;0.0;pa012​;20250414_140852;1;Marche;-0,0756;1,3737;8,1546;0,3719;-0,1559;0,1061;0,9089;;True
2598,41;0.0;pa012​;20250414_140852;1;Marche;-0,0739;1,3724;8,1618;0,3732;-0,1606;0,1078;0,9074;;True
2598,43;0.0;pa012​;20250414_140852;1;Marche;-0,0724;1,3711;8,1690;0,3744;-0,1654;0,1093;0,9058;;True
2598,44;0.0;pa012​;20250414_140852;1;Marche;-0,0709;1,3701;8,1762;0,3754;-0,1700;0,1104;0,9044;;True
2598,46;0.0;pa012​;20250414_140852;1;Marche;-0,0691;1,3690;8,1833;0,3755;-0,1750;0,1117;0,9033;;True
2598,47;0.0;pa012​;20250414_140852;1;Marche;-0,0674;1,3683;8,1906;0,3753;-0,1803;0,1131;0,9022;;True
2598,48;0.0;pa012​;20250414_140852;1;Marche;-0,0654;1,3677;8,1979;0,3744;-0,1865;0,1146;0,9011;;True
2598,50;0.0;pa012​;20250414_140852;1;Marche;-0,0635;1,3677;8,2055;0,3744;-0,1927;0,1165;0,8995;;True
2598,51;0.0;pa012​;20250414_140852;1;Marche;-0,0616;1,3679;8,2136;0,3740;-0,1992;0,1185;0,8980;;True
2598,52;0.0;pa012​;20250414_140852;1;Marche;-0,0595;1,3678;8,2218;0,3703;-0,2057;0,1183;0,8981;;True
2598,54;0.0;pa012​;20250414_140852;1;Marche;-0,0572;1,3685;8,2303;0,3702;-0,2116;0,1166;0,8970;;True
2598,55;0.0;pa012​;20250414_140852;1;Marche;-0,0550;1,3687;8,2385;0,3690;-0,2170;0,1148;0,8964;;True
2598,57;0.0;pa012​;20250414_140852;1;Marche;-0,0531;1,3689;8,2468;0,3682;-0,2212;0,1114;0,8962;;True
2598,58;0.0;pa012​;20250414_140852;1;Marche;-0,0510;1,3688;8,2547;0,3677;-0,2245;0,1071;0,8961;;True
2598,59;0.0;pa012​;20250414_140852;1;Marche;-0,0489;1,3689;8,2628;0,3707;-0,2276;0,1049;0,8943;;True
2598,61;0.0;pa012​;20250414_140852;1;Marche;-0,0472;1,3689;8,2703;0,3748;-0,2304;0,1050;0,8919;;True
2598,62;0.0;pa012​;20250414_140852;1;Marche;-0,0459;1,3692;8,2778;0,3788;-0,2336;0,1059;0,8893;;True
2598,64;0.0;pa012​;20250414_140852;1;Marche;-0,0450;1,3698;8,2852;0,3821;-0,2366;0,1082;0,8867;;True
2653,36;0.0;pa012​;20250414_140852;1;Marche;-0,0795;1,4675;0,3853;-0,0138;0,1955;-0,0087;-0,9806;;False
2653,37;0.02;pa012​;20250414_140852;1;Marche;-0,0774;1,4696;0,3844;-0,0038;0,1867;-0,0086;-0,9824;;False
2653,39;0.03;pa012​;20250414_140852;1;Marche;-0,0753;1,4719;0,3834;0,0070;0,1762;-0,0080;-0,9843;;False
2653,40;0.04;pa012​;20250414_140852;1;Marche;-0,0729;1,4745;0,3820;0,0205;0,1635;-0,0072;-0,9863;;False
2653,42;0.06;pa012​;20250414_140852;1;Marche;-0,0704;1,4773;0,3803;0,0351;0,1505;-0,0068;-0,9880;;False
2653,43;0.07;pa012​;20250414_140852;1;Marche;-0,0677;1,4801;0,3784;0,0499;0,1370;-0,0066;-0,9893;;False
2653,44;0.08;pa012​;20250414_140852;1;Marche;-0,0650;1,4828;0,3761;0,0650;0,1233;-0,0059;-0,9902;;False
2653,46;0.1;pa012​;20250414_140852;1;Marche;-0,0622;1,4853;0,3737;0,0797;0,1092;-0,0044;-0,9908;;False
2653,47;0.11;pa012​;20250414_140852;1;Marche;-0,0594;1,4876;0,3710;0,0937;0,0954;-0,0033;-0,9910;;False
2653,49;0.13;pa012​;20250414_140852;1;Marche;-0,0565;1,4898;0,3682;0,1067;0,0815;-0,0025;-0,9909;;False
2653,50;0.14;pa012​;20250414_140852;1;Marche;-0,0536;1,4919;0,3655;0,1183;0,0684;-0,0022;-0,9906;;False
2653,51;0.15;pa012​;20250414_140852;1;Marche;-0,0507;1,4937;0,3626;0,1293;0,0560;-0,0019;-0,9900;;False
2653,53;0.17;pa012​;20250414_140852;1;Marche;-0,0480;1,4952;0,3597;0,1397;0,0439;-0,0012;-0,9892;;False
2653,54;0.18;pa012​;20250414_140852;1;Marche;-0,0454;1,4969;0,3570;0,1493;0,0325;-0,0002;-0,9883;;False
2653,55;0.2;pa012​;20250414_140852;1;Marche;-0,0429;1,4985;0,3542;0,1584;0,0217;0,0010;-0,9871;;False
2653,57;0.21;pa012​;20250414_140852;1;Marche;-0,0405;1,4997;0,3516;0,1664;0,0119;0,0025;-0,9860;;False
2653,58;0.22;pa012​;20250414_140852;1;Marche;-0,0381;1,5007;0,3492;0,1732;0,0032;0,0043;-0,9849;;False
2653,60;0.24;pa012​;20250414_140852;1;Marche;-0,0359;1,5015;0,3469;0,1787;-0,0054;0,0060;-0,9839;;False
2653,61;0.25;pa012​;20250414_140852;1;Marche;-0,0337;1,5021;0,3449;0,1832;-0,0126;0,0077;-0,9830;;False
2653,63;0.27;pa012​;20250414_140852;1;Marche;-0,0317;1,5025;0,3430;0,1870;-0,0189;0,0100;-0,9821;;False
2653,64;0.28;pa012​;20250414_140852;1;Marche;-0,0299;1,5030;0,3415;0,1895;-0,0245;0,0123;-0,9815;;False
2653,65;0.29;pa012​;20250414_140852;1;Marche;-0,0283;1,5034;0,3399;0,1919;-0,0296;0,0146;-0,9809;;False
2653,67;0.31;pa012​;20250414_140852;1;Marche;-0,0268;1,5036;0,3386;0,1942;-0,0345;0,0171;-0,9802;;False
2653,68;0.32;pa012​;20250414_140852;1;Marche;-0,0254;1,5041;0,3374;0,1963;-0,0397;0,0187;-0,9796;;False
2653,69;0.34;pa012​;20250414_140852;1;Marche;-0,0240;1,5047;0,3364;0,1991;-0,0449;0,0183;-0,9788;;False
2653,71;0.35;pa012​;20250414_140852;1;Marche;-0,0225;1,5053;0,3356;0,2022;-0,0499;0,0167;-0,9779;;False
2653,72;0.36;pa012​;20250414_140852;1;Marche;-0,0212;1,5059;0,3348;0,2050;-0,0543;0,0141;-0,9772;;False
2653,74;0.38;pa012​;20250414_140852;1;Marche;-0,0199;1,5064;0,3341;0,2069;-0,0577;0,0119;-0,9766;;False
2653,75;0.39;pa012​;20250414_140852;1;Marche;-0,0186;1,5066;0,3336;0,2075;-0,0601;0,0113;-0,9763;;False
2653,76;0.4;pa012​;20250414_140852;1;Marche;-0,0174;1,5066;0,3331;0,2071;-0,0619;0,0111;-0,9763;;False
2653,78;0.42;pa012​;20250414_140852;1;Marche;-0,0163;1,5064;0,3328;0,2044;-0,0625;0,0115;-0,9768;;False
2653,79;0.43;pa012​;20250414_140852;1;Marche;-0,0151;1,5061;0,3326;0,2006;-0,0619;0,0128;-0,9776;;False
2653,81;0.45;pa012​;20250414_140852;1;Marche;-0,0139;1,5057;0,3325;0,1965;-0,0611;0,0143;-0,9785;;False
2653,82;0.46;pa012​;20250414_140852;1;Marche;-0,0127;1,5053;0,3325;0,1924;-0,0601;0,0156;-0,9793;;False
2653,83;0.48;pa012​;20250414_140852;1;Marche;-0,0115;1,5051;0,3326;0,1883;-0,0595;0,0166;-0,9802;;False
2653,85;0.49;pa012​;20250414_140852;1;Marche;-0,0103;1,5047;0,3328;0,1849;-0,0591;0,0176;-0,9808;;False
2653,86;0.5;pa012​;20250414_140852;1;Marche;-0,0092;1,5045;0,3329;0,1813;-0,0592;0,0183;-0,9815;;False
2653,87;0.52;pa012​;20250414_140852;1;Marche;-0,0081;1,5042;0,3331;0,1780;-0,0597;0,0184;-0,9821;;False
2653,89;0.53;pa012​;20250414_140852;1;Marche;-0,0069;1,5037;0,3333;0,1746;-0,0599;0,0182;-0,9826;;False
2653,90;0.54;pa012​;20250414_140852;1;Marche;-0,0056;1,5033;0,3336;0,1710;-0,0603;0,0180;-0,9833;;False
2653,92;0.56;pa012​;20250414_140852;1;Marche;-0,0046;1,5028;0,3339;0,1676;-0,0611;0,0179;-0,9838;;False
2653,93;0.57;pa012​;20250414_140852;1;Marche;-0,0035;1,5024;0,3342;0,1643;-0,0616;0,0175;-0,9843;;False
2653,94;0.59;pa012​;20250414_140852;1;Marche;-0,0025;1,5021;0,3345;0,1610;-0,0625;0,0171;-0,9848;;False
2653,96;0.6;pa012​;20250414_140852;1;Marche;-0,0014;1,5019;0,3349;0,1580;-0,0627;0,0167;-0,9853;;False
2653,97;0.61;pa012​;20250414_140852;1;Marche;-0,0006;1,5017;0,3353;0,1553;-0,0635;0,0162;-0,9857;;False
2653,99;0.63;pa012​;20250414_140852;1;Marche;0,0004;1,5015;0,3356;0,1526;-0,0637;0,0158;-0,9861;;False
2654,00;0.64;pa012​;20250414_140852;1;Marche;0,0015;1,5012;0,3360;0,1503;-0,0637;0,0155;-0,9865;;False
2654,01;0.65;pa012​;20250414_140852;1;Marche;0,0024;1,5010;0,3363;0,1481;-0,0641;0,0153;-0,9868;;False
2654,03;0.67;pa012​;20250414_140852;1;Marche;0,0034;1,5007;0,3366;0,1459;-0,0642;0,0152;-0,9871;;False
2654,04;0.68;pa012​;20250414_140852;1;Marche;0,0045;1,5005;0,3369;0,1439;-0,0643;0,0156;-0,9874;;False
2654,06;0.7;pa012​;20250414_140852;1;Marche;0,0056;1,5004;0,3373;0,1425;-0,0646;0,0158;-0,9876;;False
2654,07;0.71;pa012​;20250414_140852;1;Marche;0,0067;1,5004;0,3377;0,1418;-0,0648;0,0161;-0,9876;;False
2654,08;0.72;pa012​;20250414_140852;1;Marche;0,0078;1,5004;0,3381;0,1413;-0,0648;0,0164;-0,9877;;False
2654,10;0.74;pa012​;20250414_140852;1;Marche;0,0088;1,5003;0,3384;0,1406;-0,0648;0,0167;-0,9878;;False
2654,11;0.75;pa012​;20250414_140852;1;Marche;0,0097;1,5001;0,3389;0,1395;-0,0647;0,0169;-0,9880;;False
2654,12;0.77;pa012​;20250414_140852;1;Marche;0,0107;1,4999;0,3393;0,1380;-0,0645;0,0174;-0,9882;;False
2654,14;0.78;pa012​;20250414_140852;1;Marche;0,0116;1,4997;0,3396;0,1360;-0,0645;0,0180;-0,9884;;False
2654,15;0.79;pa012​;20250414_140852;1;Marche;0,0125;1,4994;0,3400;0,1339;-0,0645;0,0183;-0,9887;;False
2654,17;0.81;pa012​;20250414_140852;1;Marche;0,0133;1,4992;0,3405;0,1312;-0,0645;0,0181;-0,9891;;False
2654,18;0.82;pa012​;20250414_140852;1;Marche;0,0140;1,4988;0,3411;0,1285;-0,0646;0,0177;-0,9895;;False
2654,19;0.84;pa012​;20250414_140852;1;Marche;0,0147;1,4985;0,3418;0,1252;-0,0648;0,0169;-0,9899;;False
2654,21;0.85;pa012​;20250414_140852;1;Marche;0,0154;1,4981;0,3425;0,1215;-0,0650;0,0160;-0,9903;;False
2654,22;0.86;pa012​;20250414_140852;1;Marche;0,0160;1,4976;0,3433;0,1179;-0,0646;0,0152;-0,9908;;False
2654,24;0.88;pa012​;20250414_140852;1;Marche;0,0166;1,4973;0,3441;0,1144;-0,0641;0,0139;-0,9913;;False
2654,25;0.89;pa012​;20250414_140852;1;Marche;0,0171;1,4969;0,3449;0,1118;-0,0637;0,0132;-0,9916;;False
2654,26;0.91;pa012​;20250414_140852;1;Marche;0,0175;1,4966;0,3457;0,1092;-0,0628;0,0126;-0,9920;;False
2654,28;0.92;pa012​;20250414_140852;1;Marche;0,0180;1,4961;0,3465;0,1060;-0,0616;0,0122;-0,9924;;False
2654,29;0.93;pa012​;20250414_140852;1;Marche;0,0185;1,4956;0,3473;0,1027;-0,0604;0,0117;-0,9928;;False
2654,31;0.95;pa012​;20250414_140852;1;Marche;0,0190;1,4952;0,3479;0,0997;-0,0588;0,0112;-0,9932;;False
2654,32;0.96;pa012​;20250414_140852;1;Marche;0,0195;1,4948;0,3486;0,0968;-0,0575;0,0112;-0,9936;;False
2654,33;0.97;pa012​;20250414_140852;1;Marche;0,0200;1,4945;0,3492;0,0948;-0,0563;0,0108;-0,9938;;False
2654,35;0.99;pa012​;20250414_140852;1;Marche;0,0205;1,4943;0,3497;0,0937;-0,0555;0,0111;-0,9940;;False
2654,36;1.0;pa012​;20250414_140852;1;Marche;0,0209;1,4940;0,3501;0,0927;-0,0547;0,0111;-0,9941;;False
2654,37;1.02;pa012​;20250414_140852;1;Marche;0,0213;1,4937;0,3503;0,0917;-0,0542;0,0115;-0,9942;;False
2654,39;1.03;pa012​;20250414_140852;1;Marche;0,0216;1,4934;0,3505;0,0906;-0,0540;0,0120;-0,9944;;False
2654,40;1.04;pa012​;20250414_140852;1;Marche;0,0222;1,4932;0,3507;0,0894;-0,0539;0,0122;-0,9945;;False
2654,42;1.06;pa012​;20250414_140852;1;Marche;0,0227;1,4929;0,3510;0,0879;-0,0539;0,0121;-0,9946;;False
2654,43;1.07;pa012​;20250414_140852;1;Marche;0,0231;1,4926;0,3513;0,0865;-0,0539;0,0121;-0,9947;;False
2654,44;1.08;pa012​;20250414_140852;1;Marche;0,0234;1,4924;0,3515;0,0851;-0,0538;0,0120;-0,9948;;False
2654,46;1.1;pa012​;20250414_140852;1;Marche;0,0237;1,4922;0,3518;0,0841;-0,0534;0,0121;-0,9950;;False
2654,47;1.11;pa012​;20250414_140852;1;Marche;0,0240;1,4920;0,3520;0,0829;-0,0529;0,0123;-0,9951;;False
2654,49;1.13;pa012​;20250414_140852;1;Marche;0,0243;1,4917;0,3523;0,0816;-0,0524;0,0122;-0,9952;;False
2654,50;1.14;pa012​;20250414_140852;1;Marche;0,0245;1,4915;0,3526;0,0802;-0,0520;0,0119;-0,9954;;False
2654,51;1.15;pa012​;20250414_140852;1;Marche;0,0246;1,4913;0,3529;0,0789;-0,0517;0,0117;-0,9955;;False
2654,53;1.17;pa012​;20250414_140852;1;Marche;0,0247;1,4912;0,3532;0,0779;-0,0516;0,0114;-0,9956;;False
2654,54;1.18;pa012​;20250414_140852;1;Marche;0,0250;1,4910;0,3534;0,0772;-0,0517;0,0112;-0,9956;;False
2654,56;1.2;pa012​;20250414_140852;1;Marche;0,0252;1,4908;0,3537;0,0764;-0,0518;0,0109;-0,9957;;False
2654,57;1.21;pa012​;20250414_140852;1;Marche;0,0253;1,4907;0,3538;0,0754;-0,0517;0,0108;-0,9958;;False
2654,58;1.22;pa012​;20250414_140852;1;Marche;0,0254;1,4905;0,3539;0,0745;-0,0516;0,0106;-0,9958;;False
2654,60;1.24;pa012​;20250414_140852;1;Marche;0,0255;1,4904;0,3540;0,0738;-0,0513;0,0105;-0,9959;;False
2654,61;1.25;pa012​;20250414_140852;1;Marche;0,0257;1,4902;0,3542;0,0735;-0,0510;0,0105;-0,9959;;False
2654,62;1.27;pa012​;20250414_140852;1;Marche;0,0258;1,4901;0,3541;0,0731;-0,0509;0,0108;-0,9960;;False
2654,64;1.28;pa012​;20250414_140852;1;Marche;0,0257;1,4900;0,3539;0,0727;-0,0508;0,0111;-0,9960;;False
2654,65;1.29;pa012​;20250414_140852;1;Marche;0,0256;1,4899;0,3537;0,0721;-0,0509;0,0110;-0,9960;;False
2654,67;1.31;pa012​;20250414_140852;1;Marche;0,0256;1,4898;0,3535;0,0722;-0,0511;0,0112;-0,9960;;False
2654,68;1.32;pa012​;20250414_140852;1;Marche;0,0257;1,4897;0,3533;0,0723;-0,0513;0,0115;-0,9960;;False
2654,69;1.33;pa012​;20250414_140852;1;Marche;0,0258;1,4897;0,3531;0,0723;-0,0518;0,0118;-0,9960;;False
2654,71;1.35;pa012​;20250414_140852;1;Marche;0,0258;1,4897;0,3529;0,0723;-0,0524;0,0120;-0,9959;;False
2654,72;1.36;pa012​;20250414_140852;1;Marche;0,0259;1,4897;0,3527;0,0721;-0,0529;0,0124;-0,9959;;False
2654,74;1.38;pa012​;20250414_140852;1;Marche;0,0261;1,4895;0,3525;0,0716;-0,0537;0,0126;-0,9959;;False
2654,75;1.39;pa012​;20250414_140852;1;Marche;0,0262;1,4894;0,3524;0,0711;-0,0544;0,0130;-0,9959;;False
2654,76;1.4;pa012​;20250414_140852;1;Marche;0,0262;1,4893;0,3523;0,0704;-0,0548;0,0129;-0,9959;;False
2654,78;1.42;pa012​;20250414_140852;1;Marche;0,0261;1,4891;0,3523;0,0693;-0,0550;0,0129;-0,9960;;False
2654,79;1.43;pa012​;20250414_140852;1;Marche;0,0260;1,4890;0,3523;0,0685;-0,0546;0,0131;-0,9961;;False
2654,80;1.45;pa012​;20250414_140852;1;Marche;0,0258;1,4888;0,3524;0,0677;-0,0540;0,0129;-0,9962;;False
2654,82;1.46;pa012​;20250414_140852;1;Marche;0,0256;1,4887;0,3526;0,0669;-0,0532;0,0131;-0,9963;;False
2654,83;1.47;pa012​;20250414_140852;1;Marche;0,0254;1,4885;0,3528;0,0659;-0,0525;0,0132;-0,9964;;False
2654,85;1.49;pa012​;20250414_140852;1;Marche;0,0252;1,4883;0,3530;0,0649;-0,0518;0,0133;-0,9965;;False
2654,86;1.5;pa012​;20250414_140852;1;Marche;0,0250;1,4881;0,3533;0,0636;-0,0511;0,0135;-0,9966;;False
2654,88;1.52;pa012​;20250414_140852;1;Marche;0,0248;1,4879;0,3535;0,0626;-0,0506;0,0137;-0,9967;;False
2654,89;1.53;pa012​;20250414_140852;1;Marche;0,0247;1,4877;0,3538;0,0617;-0,0500;0,0138;-0,9967;;False
2654,90;1.54;pa012​;20250414_140852;1;Marche;0,0244;1,4875;0,3540;0,0608;-0,0497;0,0138;-0,9968;;False
2654,92;1.56;pa012​;20250414_140852;1;Marche;0,0242;1,4872;0,3543;0,0600;-0,0493;0,0136;-0,9969;;False
2654,93;1.57;pa012​;20250414_140852;1;Marche;0,0241;1,4868;0,3547;0,0585;-0,0493;0,0134;-0,9970;;False
2654,94;1.58;pa012​;20250414_140852;1;Marche;0,0241;1,4863;0,3553;0,0562;-0,0494;0,0133;-0,9971;;False
2654,96;1.6;pa012​;20250414_140852;1;Marche;0,0241;1,4854;0,3560;0,0527;-0,0502;0,0129;-0,9973;;False
2654,97;1.61;pa012​;20250414_140852;1;Marche;0,0243;1,4842;0,3571;0,0466;-0,0506;0,0125;-0,9976;;False
2654,99;1.63;pa012​;20250414_140852;1;Marche;0,0242;1,4824;0,3584;0,0371;-0,0517;0,0123;-0,9979;;False
2655,00;1.64;pa012​;20250414_140852;1;Marche;0,0244;1,4802;0,3600;0,0259;-0,0522;0,0128;-0,9982;;False
2655,01;1.65;pa012​;20250414_140852;1;Marche;0,0245;1,4776;0,3621;0,0119;-0,0524;0,0136;-0,9985;;False
2655,03;1.67;pa012​;20250414_140852;1;Marche;0,0246;1,4747;0,3644;-0,0037;-0,0528;0,0140;-0,9985;;False
2655,04;1.68;pa012​;20250414_140852;1;Marche;0,0247;1,4716;0,3670;-0,0216;-0,0527;0,0147;-0,9983;;False
2655,05;1.7;pa012​;20250414_140852;1;Marche;0,0248;1,4678;0,3697;-0,0398;-0,0527;0,0161;-0,9977;;False
2655,07;1.71;pa012​;20250414_140852;1;Marche;0,0251;1,4634;0,3728;-0,0623;-0,0519;0,0176;-0,9966;;False
2655,08;1.72;pa012​;20250414_140852;1;Marche;0,0253;1,4587;0,3760;-0,0853;-0,0508;0,0186;-0,9949;;False
2655,10;1.74;pa012​;20250414_140852;1;Marche;0,0254;1,4540;0,3794;-0,1089;-0,0494;0,0202;-0,9926;;False
2655,11;1.75;pa012​;20250414_140852;1;Marche;0,0255;1,4490;0,3831;-0,1324;-0,0475;0,0216;-0,9898;;False
2655,12;1.77;pa012​;20250414_140852;1;Marche;0,0257;1,4438;0,3869;-0,1558;-0,0455;0,0231;-0,9865;;False
2655,14;1.78;pa012​;20250414_140852;1;Marche;0,0260;1,4383;0,3909;-0,1789;-0,0432;0,0245;-0,9826;;False
2655,15;1.79;pa012​;20250414_140852;1;Marche;0,0263;1,4327;0,3951;-0,2001;-0,0408;0,0259;-0,9786;;False
2655,17;1.81;pa012​;20250414_140852;1;Marche;0,0266;1,4272;0,3994;-0,2198;-0,0381;0,0279;-0,9744;;False
2655,18;1.82;pa012​;20250414_140852;1;Marche;0,0270;1,4218;0,4036;-0,2370;-0,0355;0,0295;-0,9704;;False
2655,19;1.84;pa012​;20250414_140852;1;Marche;0,0276;1,4170;0,4081;-0,2526;-0,0331;0,0302;-0,9665;;False
2655,21;1.85;pa012​;20250414_140852;1;Marche;0,0282;1,4126;0,4127;-0,2654;-0,0311;0,0306;-0,9632;;False
2655,22;1.86;pa012​;20250414_140852;1;Marche;0,0289;1,4083;0,4172;-0,2776;-0,0293;0,0312;-0,9597;;False
2655,24;1.88;pa012​;20250414_140852;1;Marche;0,0298;1,4039;0,4216;-0,2896;-0,0275;0,0321;-0,9562;;False
2655,25;1.89;pa012​;20250414_140852;1;Marche;0,0306;1,3995;0,4259;-0,3016;-0,0263;0,0331;-0,9525;;False
2655,26;1.9;pa012​;20250414_140852;1;Marche;0,0316;1,3952;0,4302;-0,3137;-0,0249;0,0339;-0,9486;;False
2655,28;1.92;pa012​;20250414_140852;1;Marche;0,0328;1,3913;0,4344;-0,3240;-0,0237;0,0338;-0,9452;;False
2655,29;1.93;pa012​;20250414_140852;1;Marche;0,0341;1,3880;0,4388;-0,3332;-0,0230;0,0337;-0,9420;;False
2655,31;1.95;pa012​;20250414_140852;1;Marche;0,0355;1,3851;0,4435;-0,3401;-0,0230;0,0333;-0,9395;;False
2655,32;1.96;pa012​;20250414_140852;1;Marche;0,0369;1,3820;0,4479;-0,3466;-0,0231;0,0331;-0,9372;;False
2655,33;1.97;pa012​;20250414_140852;1;Marche;0,0384;1,3789;0,4523;-0,3527;-0,0226;0,0326;-0,9349;;False
2655,35;1.99;pa012​;20250414_140852;1;Marche;0,0399;1,3758;0,4564;-0,3581;-0,0220;0,0321;-0,9329;;False
2655,36;2.0;pa012​;20250414_140852;1;Marche;0,0415;1,3728;0,4604;-0,3636;-0,0209;0,0320;-0,9308;;False
2655,38;2.02;pa012​;20250414_140852;1;Marche;0,0432;1,3700;0,4643;-0,3694;-0,0200;0,0325;-0,9285;;False
2655,39;2.03;pa012​;20250414_140852;1;Marche;0,0449;1,3673;0,4680;-0,3751;-0,0190;0,0328;-0,9262;;False
2655,40;2.05;pa012​;20250414_140852;1;Marche;0,0470;1,3649;0,4715;-0,3801;-0,0178;0,0335;-0,9242;;False
2655,42;2.06;pa012​;20250414_140852;1;Marche;0,0490;1,3626;0,4751;-0,3840;-0,0172;0,0340;-0,9226;;False
2655,43;2.07;pa012​;20250414_140852;1;Marche;0,0513;1,3607;0,4786;-0,3874;-0,0161;0,0348;-0,9211;;False
2655,44;2.08;pa012​;20250414_140852;1;Marche;0,0535;1,3590;0,4819;-0,3903;-0,0155;0,0350;-0,9199;;False
2655,46;2.1;pa012​;20250414_140852;1;Marche;0,0560;1,3570;0,4851;-0,3926;-0,0147;0,0356;-0,9189;;False
2655,47;2.11;pa012​;20250414_140852;1;Marche;0,0586;1,3552;0,4880;-0,3948;-0,0136;0,0359;-0,9180;;False
2655,49;2.13;pa012​;20250414_140852;1;Marche;0,0613;1,3535;0,4908;-0,3974;-0,0127;0,0365;-0,9168;;False
2655,50;2.14;pa012​;20250414_140852;1;Marche;0,0641;1,3521;0,4933;-0,4000;-0,0120;0,0370;-0,9157;;False
2655,52;2.16;pa012​;20250414_140852;1;Marche;0,0669;1,3507;0,4957;-0,4027;-0,0115;0,0377;-0,9145;;False
2655,53;2.17;pa012​;20250414_140852;1;Marche;0,0700;1,3494;0,4978;-0,4050;-0,0107;0,0384;-0,9134;;False
2655,54;2.18;pa012​;20250414_140852;1;Marche;0,0732;1,3484;0,4998;-0,4065;-0,0103;0,0391;-0,9127;;False
2655,55;2.2;pa012​;20250414_140852;1;Marche;0,0765;1,3475;0,5016;-0,4078;-0,0098;0,0397;-0,9122;;False
2655,57;2.21;pa012​;20250414_140852;1;Marche;0,0799;1,3468;0,5033;-0,4083;-0,0096;0,0404;-0,9119;;False
2655,58;2.22;pa012​;20250414_140852;1;Marche;0,0833;1,3461;0,5047;-0,4084;-0,0094;0,0415;-0,9118;;False
2655,60;2.24;pa012​;20250414_140852;1;Marche;0,0867;1,3455;0,5059;-0,4083;-0,0094;0,0428;-0,9118;;False
2655,61;2.25;pa012​;20250414_140852;1;Marche;0,0900;1,3450;0,5069;-0,4081;-0,0098;0,0446;-0,9118;;False
2655,62;2.26;pa012​;20250414_140852;1;Marche;0,0933;1,3447;0,5077;-0,4082;-0,0098;0,0462;-0,9117;;False
2655,64;2.28;pa012​;20250414_140852;1;Marche;0,0966;1,3446;0,5084;-0,4087;-0,0097;0,0479;-0,9114;;False
2655,65;2.29;pa012​;20250414_140852;1;Marche;0,0999;1,3446;0,5092;-0,4090;-0,0097;0,0494;-0,9111;;False
2655,67;2.31;pa012​;20250414_140852;1;Marche;0,1031;1,3448;0,5102;-0,4088;-0,0100;0,0507;-0,9111;;False
2655,68;2.32;pa012​;20250414_140852;1;Marche;0,1063;1,3451;0,5111;-0,4082;-0,0102;0,0518;-0,9114;;False
2655,69;2.33;pa012​;20250414_140852;1;Marche;0,1093;1,3455;0,5121;-0,4075;-0,0105;0,0524;-0,9116;;False
2655,71;2.35;pa012​;20250414_140852;1;Marche;0,1120;1,3459;0,5131;-0,4061;-0,0109;0,0529;-0,9122;;False
2655,72;2.36;pa012​;20250414_140852;1;Marche;0,1147;1,3462;0,5141;-0,4052;-0,0110;0,0535;-0,9126;;False
2655,74;2.38;pa012​;20250414_140852;1;Marche;0,1171;1,3463;0,5151;-0,4043;-0,0114;0,0539;-0,9129;;False
2655,75;2.39;pa012​;20250414_140852;1;Marche;0,1194;1,3464;0,5161;-0,4036;-0,0113;0,0542;-0,9133;;False
2655,76;2.4;pa012​;20250414_140852;1;Marche;0,1215;1,3464;0,5173;-0,4033;-0,0111;0,0544;-0,9134;;False
2655,78;2.42;pa012​;20250414_140852;1;Marche;0,1234;1,3466;0,5188;-0,4027;-0,0113;0,0550;-0,9136;;False
2655,79;2.43;pa012​;20250414_140852;1;Marche;0,1252;1,3468;0,5206;-0,4016;-0,0119;0,0557;-0,9140;;False
2655,81;2.45;pa012​;20250414_140852;1;Marche;0,1269;1,3472;0,5227;-0,4000;-0,0129;0,0565;-0,9147;;False
2655,82;2.46;pa012​;20250414_140852;1;Marche;0,1283;1,3477;0,5249;-0,3978;-0,0138;0,0568;-0,9156;;False
2655,83;2.47;pa012​;20250414_140852;1;Marche;0,1295;1,3483;0,5275;-0,3956;-0,0145;0,0569;-0,9165;;False
2655,85;2.49;pa012​;20250414_140852;1;Marche;0,1304;1,3490;0,5304;-0,3926;-0,0156;0,0571;-0,9178;;False
2655,86;2.5;pa012​;20250414_140852;1;Marche;0,1312;1,3497;0,5336;-0,3895;-0,0162;0,0572;-0,9191;;False
2655,87;2.52;pa012​;20250414_140852;1;Marche;0,1316;1,3503;0,5369;-0,3865;-0,0169;0,0569;-0,9204;;False
2655,89;2.53;pa012​;20250414_140852;1;Marche;0,1318;1,3507;0,5403;-0,3840;-0,0170;0,0565;-0,9214;;False
2655,90;2.54;pa012​;20250414_140852;1;Marche;0,1317;1,3510;0,5440;-0,3820;-0,0165;0,0560;-0,9223;;False
2655,92;2.56;pa012​;20250414_140852;1;Marche;0,1313;1,3511;0,5479;-0,3808;-0,0161;0,0553;-0,9229;;False
2655,93;2.57;pa012​;20250414_140852;1;Marche;0,1309;1,3509;0,5522;-0,3800;-0,0160;0,0552;-0,9232;;False
2655,94;2.59;pa012​;20250414_140852;1;Marche;0,1302;1,3504;0,5568;-0,3793;-0,0164;0,0552;-0,9235;;False
2655,96;2.6;pa012​;20250414_140852;1;Marche;0,1295;1,3498;0,5617;-0,3788;-0,0168;0,0551;-0,9237;;False
2655,97;2.61;pa012​;20250414_140852;1;Marche;0,1286;1,3488;0,5669;-0,3789;-0,0173;0,0546;-0,9237;;False
2655,99;2.63;pa012​;20250414_140852;1;Marche;0,1275;1,3476;0,5723;-0,3795;-0,0178;0,0540;-0,9234;;False
2656,00;2.64;pa012​;20250414_140852;1;Marche;0,1261;1,3463;0,5781;-0,3801;-0,0181;0,0527;-0,9233;;False
2656,01;2.66;pa012​;20250414_140852;1;Marche;0,1244;1,3453;0,5844;-0,3800;-0,0186;0,0514;-0,9234;;False
2656,03;2.67;pa012​;20250414_140852;1;Marche;0,1226;1,3447;0,5910;-0,3781;-0,0197;0,0506;-0,9242;;False
2656,04;2.68;pa012​;20250414_140852;1;Marche;0,1207;1,3442;0,5983;-0,3745;-0,0209;0,0495;-0,9257;;False
2656,05;2.7;pa012​;20250414_140852;1;Marche;0,1186;1,3439;0,6059;-0,3691;-0,0224;0,0480;-0,9279;;False
2656,07;2.71;pa012​;20250414_140852;1;Marche;0,1163;1,3437;0,6139;-0,3628;-0,0238;0,0457;-0,9304;;False
2656,08;2.72;pa012​;20250414_140852;1;Marche;0,1138;1,3434;0,6218;-0,3567;-0,0246;0,0432;-0,9329;;False
2656,10;2.74;pa012​;20250414_140852;1;Marche;0,1111;1,3429;0,6299;-0,3508;-0,0253;0,0410;-0,9352;;False
2656,11;2.75;pa012​;20250414_140852;1;Marche;0,1082;1,3425;0,6383;-0,3446;-0,0254;0,0382;-0,9376;;False
2656,12;2.77;pa012​;20250414_140852;1;Marche;0,1052;1,3422;0,6473;-0,3389;-0,0254;0,0356;-0,9398;;False
2656,14;2.78;pa012​;20250414_140852;1;Marche;0,1020;1,3417;0,6564;-0,3336;-0,0253;0,0335;-0,9418;;False
2656,15;2.79;pa012​;20250414_140852;1;Marche;0,0988;1,3410;0,6657;-0,3282;-0,0251;0,0319;-0,9437;;False
2656,17;2.81;pa012​;20250414_140852;1;Marche;0,0953;1,3404;0,6753;-0,3244;-0,0253;0,0292;-0,9451;;False
2656,18;2.82;pa012​;20250414_140852;1;Marche;0,0920;1,3395;0,6853;-0,3210;-0,0250;0,0268;-0,9464;;False
2656,20;2.84;pa012​;20250414_140852;1;Marche;0,0884;1,3388;0,6957;-0,3177;-0,0255;0,0239;-0,9476;;False
2656,21;2.85;pa012​;20250414_140852;1;Marche;0,0848;1,3380;0,7065;-0,3139;-0,0258;0,0206;-0,9489;;False
2656,22;2.86;pa012​;20250414_140852;1;Marche;0,0810;1,3372;0,7174;-0,3102;-0,0269;0,0177;-0,9501;;False
2656,24;2.88;pa012​;20250414_140852;1;Marche;0,0771;1,3363;0,7286;-0,3063;-0,0279;0,0149;-0,9514;;False
2656,25;2.89;pa012​;20250414_140852;1;Marche;0,0730;1,3359;0,7402;-0,3044;-0,0292;0,0125;-0,9520;;False
2656,26;2.9;pa012​;20250414_140852;1;Marche;0,0689;1,3363;0,7526;-0,3047;-0,0307;0,0107;-0,9519;;False
2656,28;2.92;pa012​;20250414_140852;1;Marche;0,0647;1,3359;0,7653;-0,2979;-0,0327;0,0081;-0,9540;;False
2656,29;2.93;pa012​;20250414_140852;1;Marche;0,0605;1,3352;0,7774;-0,2895;-0,0338;0,0040;-0,9566;;False
2656,31;2.95;pa012​;20250414_140852;1;Marche;0,0565;1,3357;0,7897;-0,2916;-0,0340;0,0011;-0,9559;;False
2656,32;2.96;pa012​;20250414_140852;1;Marche;0,0523;1,3364;0,8026;-0,2931;-0,0349;-0,0015;-0,9554;;False
2656,33;2.97;pa012​;20250414_140852;1;Marche;0,0484;1,3377;0,8157;-0,2930;-0,0359;-0,0033;-0,9554;;False
2656,35;2.99;pa012​;20250414_140852;1;Marche;0,0447;1,3397;0,8294;-0,2947;-0,0364;-0,0049;-0,9549;;False
2656,36;3.0;pa012​;20250414_140852;1;Marche;0,0409;1,3411;0,8425;-0,2925;-0,0365;-0,0070;-0,9556;;False
2656,38;3.02;pa012​;20250414_140852;1;Marche;0,0373;1,3431;0,8552;-0,2949;-0,0356;-0,0091;-0,9548;;False
2656,39;3.03;pa012​;20250414_140852;1;Marche;0,0338;1,3453;0,8680;-0,2988;-0,0354;-0,0099;-0,9536;;False
2656,40;3.04;pa012​;20250414_140852;1;Marche;0,0308;1,3476;0,8805;-0,3014;-0,0351;-0,0104;-0,9528;;False
2656,42;3.06;pa012​;20250414_140852;1;Marche;0,0279;1,3498;0,8926;-0,3026;-0,0345;-0,0117;-0,9524;;False
2656,43;3.07;pa012​;20250414_140852;1;Marche;0,0255;1,3517;0,9043;-0,3020;-0,0335;-0,0128;-0,9526;;False
2656,44;3.09;pa012​;20250414_140852;1;Marche;0,0233;1,3537;0,9156;-0,3022;-0,0324;-0,0136;-0,9526;;False
2656,46;3.1;pa012​;20250414_140852;1;Marche;0,0215;1,3555;0,9268;-0,3032;-0,0316;-0,0137;-0,9523;;False
2656,47;3.11;pa012​;20250414_140852;1;Marche;0,0199;1,3570;0,9375;-0,3041;-0,0308;-0,0132;-0,9521;;False
2656,49;3.13;pa012​;20250414_140852;1;Marche;0,0186;1,3585;0,9480;-0,3061;-0,0300;-0,0124;-0,9515;;False
2656,50;3.14;pa012​;20250414_140852;1;Marche;0,0175;1,3600;0,9583;-0,3076;-0,0295;-0,0108;-0,9510;;False
2656,51;3.15;pa012​;20250414_140852;1;Marche;0,0167;1,3615;0,9686;-0,3092;-0,0293;-0,0086;-0,9505;;False
2656,53;3.17;pa012​;20250414_140852;1;Marche;0,0159;1,3630;0,9789;-0,3090;-0,0294;-0,0066;-0,9506;;False
2656,54;3.18;pa012​;20250414_140852;1;Marche;0,0153;1,3644;0,9890;-0,3086;-0,0294;-0,0043;-0,9507;;False
2656,55;3.2;pa012​;20250414_140852;1;Marche;0,0149;1,3656;0,9990;-0,3078;-0,0296;-0,0024;-0,9510;;False
2656,57;3.21;pa012​;20250414_140852;1;Marche;0,0148;1,3665;1,0086;-0,3075;-0,0301;-0,0008;-0,9511;;False
2656,58;3.22;pa012​;20250414_140852;1;Marche;0,0146;1,3673;1,0182;-0,3079;-0,0310;0,0004;-0,9509;;False
2656,60;3.24;pa012​;20250414_140852;1;Marche;0,0146;1,3681;1,0277;-0,3090;-0,0316;0,0008;-0,9505;;False
2656,61;3.25;pa012​;20250414_140852;1;Marche;0,0146;1,3688;1,0371;-0,3099;-0,0323;0,0011;-0,9502;;False
2656,62;3.27;pa012​;20250414_140852;1;Marche;0,0146;1,3696;1,0466;-0,3103;-0,0329;0,0017;-0,9501;;False
2656,64;3.28;pa012​;20250414_140852;1;Marche;0,0147;1,3704;1,0561;-0,3096;-0,0335;0,0024;-0,9503;;False
2656,65;3.29;pa012​;20250414_140852;1;Marche;0,0149;1,3712;1,0656;-0,3084;-0,0338;0,0032;-0,9507;;False
2656,67;3.31;pa012​;20250414_140852;1;Marche;0,0150;1,3717;1,0751;-0,3069;-0,0334;0,0037;-0,9511;;False
2656,68;3.32;pa012​;20250414_140852;1;Marche;0,0153;1,3721;1,0847;-0,3053;-0,0325;0,0046;-0,9517;;False
2656,69;3.34;pa012​;20250414_140852;1;Marche;0,0156;1,3722;1,0944;-0,3036;-0,0316;0,0060;-0,9523;;False
2656,71;3.35;pa012​;20250414_140852;1;Marche;0,0161;1,3722;1,1043;-0,3018;-0,0303;0,0074;-0,9529;;False
2656,72;3.36;pa012​;20250414_140852;1;Marche;0,0167;1,3719;1,1143;-0,3005;-0,0288;0,0086;-0,9533;;False
2656,74;3.38;pa012​;20250414_140852;1;Marche;0,0174;1,3714;1,1244;-0,2992;-0,0278;0,0098;-0,9537;;False
2656,75;3.39;pa012​;20250414_140852;1;Marche;0,0183;1,3708;1,1348;-0,2981;-0,0268;0,0108;-0,9541;;False
2656,76;3.4;pa012​;20250414_140852;1;Marche;0,0195;1,3700;1,1454;-0,2965;-0,0257;0,0116;-0,9546;;False
2656,78;3.42;pa012​;20250414_140852;1;Marche;0,0209;1,3692;1,1563;-0,2947;-0,0250;0,0124;-0,9552;;False
2656,79;3.43;pa012​;20250414_140852;1;Marche;0,0225;1,3682;1,1673;-0,2927;-0,0249;0,0135;-0,9558;;False
2656,80;3.45;pa012​;20250414_140852;1;Marche;0,0244;1,3670;1,1785;-0,2910;-0,0249;0,0153;-0,9563;;False
2656,82;3.46;pa012​;20250414_140852;1;Marche;0,0263;1,3656;1,1898;-0,2893;-0,0248;0,0170;-0,9568;;False
2656,83;3.47;pa012​;20250414_140852;1;Marche;0,0286;1,3643;1,2014;-0,2872;-0,0251;0,0192;-0,9573;;False
2656,85;3.49;pa012​;20250414_140852;1;Marche;0,0310;1,3630;1,2133;-0,2848;-0,0250;0,0210;-0,9580;;False
2656,86;3.5;pa012​;20250414_140852;1;Marche;0,0338;1,3619;1,2255;-0,2822;-0,0246;0,0228;-0,9588;;False
2656,87;3.52;pa012​;20250414_140852;1;Marche;0,0366;1,3610;1,2379;-0,2797;-0,0241;0,0245;-0,9595;;False
2656,89;3.53;pa012​;20250414_140852;1;Marche;0,0397;1,3601;1,2505;-0,2767;-0,0234;0,0271;-0,9603;;False
2656,90;3.54;pa012​;20250414_140852;1;Marche;0,0428;1,3592;1,2633;-0,2727;-0,0227;0,0297;-0,9614;;False
2656,92;3.56;pa012​;20250414_140852;1;Marche;0,0460;1,3585;1,2764;-0,2681;-0,0225;0,0320;-0,9626;;False
2656,93;3.57;pa012​;20250414_140852;1;Marche;0,0495;1,3587;1,2899;-0,2650;-0,0227;0,0356;-0,9633;;False
2656,94;3.58;pa012​;20250414_140852;1;Marche;0,0532;1,3604;1,3051;-0,2650;-0,0232;0,0390;-0,9632;;False
2656,96;3.6;pa012​;20250414_140852;1;Marche;0,0566;1,3609;1,3201;-0,2520;-0,0249;0,0415;-0,9665;;False
2656,97;3.61;pa012​;20250414_140852;1;Marche;0,0602;1,3622;1,3350;-0,2467;-0,0252;0,0453;-0,9677;;False
2656,99;3.63;pa012​;20250414_140852;1;Marche;0,0637;1,3640;1,3501;-0,2450;-0,0262;0,0485;-0,9680;;False
2657,00;3.64;pa012​;20250414_140852;1;Marche;0,0669;1,3661;1,3657;-0,2400;-0,0269;0,0525;-0,9690;;False
2657,01;3.66;pa012​;20250414_140852;1;Marche;0,0699;1,3702;1,3820;-0,2402;-0,0275;0,0592;-0,9685;;False
2657,03;3.67;pa012​;20250414_140852;1;Marche;0,0724;1,3723;1,3975;-0,2314;-0,0299;0,0641;-0,9703;;False
2657,04;3.68;pa012​;20250414_140852;1;Marche;0,0746;1,3752;1,4123;-0,2303;-0,0332;0,0696;-0,9701;;False
2657,05;3.7;pa012​;20250414_140852;1;Marche;0,0763;1,3775;1,4266;-0,2298;-0,0367;0,0732;-0,9698;;False
2657,07;3.71;pa012​;20250414_140852;1;Marche;0,0772;1,3795;1,4404;-0,2311;-0,0401;0,0742;-0,9693;;False
2657,08;3.72;pa012​;20250414_140852;1;Marche;0,0779;1,3817;1,4541;-0,2340;-0,0426;0,0744;-0,9684;;False
2657,10;3.74;pa012​;20250414_140852;1;Marche;0,0781;1,3838;1,4676;-0,2348;-0,0453;0,0740;-0,9682;;False
2657,11;3.75;pa012​;20250414_140852;1;Marche;0,0783;1,3862;1,4810;-0,2357;-0,0482;0,0735;-0,9678;;False
2657,12;3.77;pa012​;20250414_140852;1;Marche;0,0780;1,3884;1,4943;-0,2356;-0,0516;0,0722;-0,9678;;False
2657,14;3.78;pa012​;20250414_140852;1;Marche;0,0774;1,3905;1,5074;-0,2354;-0,0544;0,0701;-0,9678;;False
2657,15;3.79;pa012​;20250414_140852;1;Marche;0,0765;1,3928;1,5204;-0,2361;-0,0570;0,0678;-0,9677;;False
2657,17;3.81;pa012​;20250414_140852;1;Marche;0,0756;1,3945;1,5333;-0,2355;-0,0582;0,0650;-0,9680;;False
2657,18;3.82;pa012​;20250414_140852;1;Marche;0,0744;1,3962;1,5461;-0,2351;-0,0590;0,0613;-0,9682;;False
2657,19;3.83;pa012​;20250414_140852;1;Marche;0,0731;1,3975;1,5588;-0,2342;-0,0594;0,0578;-0,9686;;False
2657,21;3.85;pa012​;20250414_140852;1;Marche;0,0716;1,3984;1,5714;-0,2342;-0,0587;0,0549;-0,9689;;False
2657,22;3.86;pa012​;20250414_140852;1;Marche;0,0701;1,3990;1,5839;-0,2353;-0,0579;0,0528;-0,9688;;False
2657,24;3.88;pa012​;20250414_140852;1;Marche;0,0686;1,3993;1,5965;-0,2368;-0,0565;0,0511;-0,9686;;False
2657,25;3.89;pa012​;20250414_140852;1;Marche;0,0671;1,3993;1,6089;-0,2383;-0,0551;0,0499;-0,9683;;False
2657,26;3.9;pa012​;20250414_140852;1;Marche;0,0657;1,3992;1,6215;-0,2399;-0,0535;0,0485;-0,9681;;False
2657,28;3.92;pa012​;20250414_140852;1;Marche;0,0644;1,3990;1,6341;-0,2405;-0,0521;0,0471;-0,9681;;False
2657,29;3.93;pa012​;20250414_140852;1;Marche;0,0630;1,3985;1,6466;-0,2408;-0,0509;0,0458;-0,9682;;False
2657,31;3.95;pa012​;20250414_140852;1;Marche;0,0617;1,3977;1,6592;-0,2405;-0,0498;0,0445;-0,9683;;False
2657,32;3.96;pa012​;20250414_140852;1;Marche;0,0604;1,3967;1,6720;-0,2402;-0,0487;0,0431;-0,9685;;False
2657,33;3.97;pa012​;20250414_140852;1;Marche;0,0592;1,3956;1,6848;-0,2399;-0,0476;0,0416;-0,9687;;False
2657,35;3.99;pa012​;20250414_140852;1;Marche;0,0579;1,3940;1,6978;-0,2386;-0,0467;0,0399;-0,9692;;False
2657,36;4.0;pa012​;20250414_140852;1;Marche;0,0565;1,3922;1,7107;-0,2370;-0,0462;0,0385;-0,9696;;False
2657,38;4.02;pa012​;20250414_140852;1;Marche;0,0549;1,3902;1,7238;-0,2354;-0,0459;0,0372;-0,9701;;False
2657,39;4.03;pa012​;20250414_140852;1;Marche;0,0533;1,3880;1,7366;-0,2339;-0,0456;0,0363;-0,9705;;False
2657,40;4.04;pa012​;20250414_140852;1;Marche;0,0514;1,3860;1,7495;-0,2345;-0,0456;0,0355;-0,9704;;False
2657,42;4.06;pa012​;20250414_140852;1;Marche;0,0493;1,3841;1,7627;-0,2357;-0,0458;0,0346;-0,9701;;False
2657,43;4.07;pa012​;20250414_140852;1;Marche;0,0470;1,3824;1,7761;-0,2360;-0,0461;0,0329;-0,9701;;False
2657,44;4.09;pa012​;20250414_140852;1;Marche;0,0444;1,3811;1,7899;-0,2345;-0,0464;0,0304;-0,9705;;False
2657,46;4.1;pa012​;20250414_140852;1;Marche;0,0416;1,3801;1,8040;-0,2312;-0,0467;0,0273;-0,9714;;False
2657,47;4.11;pa012​;20250414_140852;1;Marche;0,0386;1,3800;1,8188;-0,2275;-0,0469;0,0240;-0,9723;;False
2657,49;4.13;pa012​;20250414_140852;1;Marche;0,0353;1,3798;1,8338;-0,2212;-0,0475;0,0205;-0,9739;;False
2657,50;4.14;pa012​;20250414_140852;1;Marche;0,0318;1,3800;1,8489;-0,2151;-0,0479;0,0167;-0,9753;;False
2657,51;4.15;pa012​;20250414_140852;1;Marche;0,0280;1,3819;1,8647;-0,2145;-0,0485;0,0138;-0,9754;;False
2657,53;4.17;pa012​;20250414_140852;1;Marche;0,0243;1,3844;1,8819;-0,2096;-0,0508;0,0113;-0,9764;;False
2657,54;4.18;pa012​;20250414_140852;1;Marche;0,0202;1,3852;1,8980;-0,1938;-0,0513;0,0044;-0,9797;;False
2657,56;4.2;pa012​;20250414_140852;1;Marche;0,0164;1,3878;1,9141;-0,1943;-0,0500;-0,0028;-0,9797;;False
2657,57;4.21;pa012​;20250414_140852;1;Marche;0,0128;1,3909;1,9311;-0,1964;-0,0500;-0,0073;-0,9792;;False
2657,58;4.22;pa012​;20250414_140852;1;Marche;0,0094;1,3937;1,9480;-0,1898;-0,0500;-0,0118;-0,9805;;False
2657,60;4.24;pa012​;20250414_140852;1;Marche;0,0064;1,3978;1,9652;-0,1880;-0,0483;-0,0176;-0,9808;;False
2657,61;4.25;pa012​;20250414_140852;1;Marche;0,0035;1,4008;1,9821;-0,1830;-0,0466;-0,0228;-0,9817;;False
2657,63;4.27;pa012​;20250414_140852;1;Marche;0,0015;1,4032;1,9980;-0,1790;-0,0425;-0,0288;-0,9825;;False
2657,64;4.28;pa012​;20250414_140852;1;Marche;0,0001;1,4057;2,0139;-0,1815;-0,0390;-0,0337;-0,9820;;False
2657,65;4.29;pa012​;20250414_140852;1;Marche;-0,0008;1,4077;2,0294;-0,1829;-0,0363;-0,0369;-0,9818;;False
2657,67;4.31;pa012​;20250414_140852;1;Marche;-0,0010;1,4102;2,0449;-0,1858;-0,0347;-0,0365;-0,9813;;False
2657,68;4.32;pa012​;20250414_140852;1;Marche;-0,0007;1,4123;2,0604;-0,1860;-0,0333;-0,0360;-0,9813;;False
2657,69;4.33;pa012​;20250414_140852;1;Marche;0,0000;1,4145;2,0759;-0,1867;-0,0315;-0,0362;-0,9812;;False
2657,71;4.35;pa012​;20250414_140852;1;Marche;0,0013;1,4166;2,0914;-0,1876;-0,0300;-0,0354;-0,9811;;False
2657,72;4.36;pa012​;20250414_140852;1;Marche;0,0030;1,4185;2,1068;-0,1876;-0,0297;-0,0333;-0,9812;;False
2657,74;4.38;pa012​;20250414_140852;1;Marche;0,0051;1,4199;2,1219;-0,1874;-0,0300;-0,0306;-0,9813;;False
2657,75;4.39;pa012​;20250414_140852;1;Marche;0,0074;1,4210;2,1370;-0,1872;-0,0308;-0,0275;-0,9814;;False
2657,76;4.4;pa012​;20250414_140852;1;Marche;0,0099;1,4218;2,1520;-0,1867;-0,0320;-0,0244;-0,9816;;False
2657,78;4.42;pa012​;20250414_140852;1;Marche;0,0126;1,4223;2,1671;-0,1868;-0,0332;-0,0212;-0,9816;;False
2657,79;4.43;pa012​;20250414_140852;1;Marche;0,0154;1,4226;2,1823;-0,1866;-0,0345;-0,0178;-0,9817;;False
2657,81;4.45;pa012​;20250414_140852;1;Marche;0,0182;1,4225;2,1974;-0,1864;-0,0357;-0,0142;-0,9817;;False
2657,82;4.46;pa012​;20250414_140852;1;Marche;0,0211;1,4222;2,2126;-0,1867;-0,0368;-0,0106;-0,9817;;False
2657,83;4.47;pa012​;20250414_140852;1;Marche;0,0241;1,4214;2,2277;-0,1876;-0,0375;-0,0073;-0,9815;;False
2657,85;4.49;pa012​;20250414_140852;1;Marche;0,0271;1,4203;2,2427;-0,1893;-0,0380;-0,0042;-0,9812;;False
2657,86;4.5;pa012​;20250414_140852;1;Marche;0,0301;1,4189;2,2579;-0,1910;-0,0382;-0,0021;-0,9808;;False
2657,88;4.52;pa012​;20250414_140852;1;Marche;0,0333;1,4175;2,2733;-0,1923;-0,0386;-0,0002;-0,9806;;False
2657,89;4.53;pa012​;20250414_140852;1;Marche;0,0366;1,4161;2,2889;-0,1922;-0,0390;0,0019;-0,9806;;False
2657,90;4.54;pa012​;20250414_140852;1;Marche;0,0400;1,4146;2,3048;-0,1900;-0,0391;0,0040;-0,9810;;False
2657,92;4.56;pa012​;20250414_140852;1;Marche;0,0435;1,4127;2,3206;-0,1870;-0,0393;0,0061;-0,9816;;False
2657,93;4.57;pa012​;20250414_140852;1;Marche;0,0471;1,4101;2,3362;-0,1841;-0,0394;0,0087;-0,9821;;False
2657,94;4.59;pa012​;20250414_140852;1;Marche;0,0509;1,4075;2,3517;-0,1842;-0,0392;0,0114;-0,9821;;False
2657,96;4.6;pa012​;20250414_140852;1;Marche;0,0547;1,4048;2,3673;-0,1850;-0,0390;0,0144;-0,9819;;False
2657,97;4.61;pa012​;20250414_140852;1;Marche;0,0587;1,4024;2,3831;-0,1861;-0,0381;0,0170;-0,9816;;False
2657,99;4.63;pa012​;20250414_140852;1;Marche;0,0630;1,4004;2,3991;-0,1863;-0,0368;0,0190;-0,9816;;False
2658,00;4.64;pa012​;20250414_140852;1;Marche;0,0674;1,3987;2,4152;-0,1838;-0,0355;0,0207;-0,9821;;False
2658,01;4.66;pa012​;20250414_140852;1;Marche;0,0720;1,3973;2,4314;-0,1796;-0,0339;0,0225;-0,9829;;False
2658,03;4.67;pa012​;20250414_140852;1;Marche;0,0769;1,3966;2,4478;-0,1753;-0,0321;0,0246;-0,9837;;False
2658,04;4.68;pa012​;20250414_140852;1;Marche;0,0822;1,3974;2,4648;-0,1731;-0,0303;0,0262;-0,9841;;False
2658,06;4.7;pa012​;20250414_140852;1;Marche;0,0878;1,3996;2,4829;-0,1689;-0,0292;0,0284;-0,9848;;False
2658,07;4.71;pa012​;20250414_140852;1;Marche;0,0929;1,4006;2,5008;-0,1562;-0,0278;0,0326;-0,9868;;False
2658,08;4.73;pa012​;20250414_140852;1;Marche;0,0985;1,4024;2,5182;-0,1526;-0,0270;0,0395;-0,9871;;False
2658,10;4.74;pa012​;20250414_140852;1;Marche;0,1038;1,4042;2,5355;-0,1502;-0,0273;0,0448;-0,9873;;False
2658,11;4.75;pa012​;20250414_140852;1;Marche;0,1083;1,4061;2,5532;-0,1471;-0,0282;0,0513;-0,9874;;False
2658,12;4.77;pa012​;20250414_140852;1;Marche;0,1122;1,4076;2,5700;-0,1434;-0,0307;0,0600;-0,9874;;False
2658,14;4.78;pa012​;20250414_140852;1;Marche;0,1157;1,4092;2,5862;-0,1456;-0,0342;0,0680;-0,9864;;False
2658,15;4.79;pa012​;20250414_140852;1;Marche;0,1186;1,4107;2,6025;-0,1483;-0,0377;0,0743;-0,9854;;False
2658,17;4.81;pa012​;20250414_140852;1;Marche;0,1207;1,4127;2,6188;-0,1496;-0,0412;0,0769;-0,9849;;False
2658,18;4.82;pa012​;20250414_140852;1;Marche;0,1223;1,4153;2,6357;-0,1492;-0,0442;0,0773;-0,9848;;False
2658,19;4.84;pa012​;20250414_140852;1;Marche;0,1238;1,4183;2,6530;-0,1462;-0,0470;0,0777;-0,9851;;False
2658,21;4.85;pa012​;20250414_140852;1;Marche;0,1249;1,4214;2,6704;-0,1431;-0,0504;0,0776;-0,9854;;False
2658,22;4.86;pa012​;20250414_140852;1;Marche;0,1254;1,4239;2,6876;-0,1402;-0,0540;0,0781;-0,9856;;False
2658,24;4.88;pa012​;20250414_140852;1;Marche;0,1256;1,4263;2,7048;-0,1395;-0,0566;0,0780;-0,9855;;False
2658,25;4.89;pa012​;20250414_140852;1;Marche;0,1254;1,4281;2,7219;-0,1383;-0,0587;0,0769;-0,9857;;False
2658,26;4.91;pa012​;20250414_140852;1;Marche;0,1251;1,4296;2,7389;-0,1379;-0,0603;0,0756;-0,9857;;False
2658,28;4.92;pa012​;20250414_140852;1;Marche;0,1246;1,4307;2,7559;-0,1378;-0,0618;0,0740;-0,9858;;False
2658,29;4.93;pa012​;20250414_140852;1;Marche;0,1240;1,4314;2,7727;-0,1376;-0,0634;0,0721;-0,9858;;False
2658,30;4.95;pa012​;20250414_140852;1;Marche;0,1234;1,4316;2,7893;-0,1382;-0,0641;0,0691;-0,9859;;False
2658,32;4.96;pa012​;20250414_140852;1;Marche;0,1227;1,4311;2,8058;-0,1384;-0,0642;0,0657;-0,9861;;False
2658,33;4.97;pa012​;20250414_140852;1;Marche;0,1223;1,4304;2,8223;-0,1392;-0,0638;0,0629;-0,9862;;False
2658,35;4.99;pa012​;20250414_140852;1;Marche;0,1219;1,4292;2,8387;-0,1386;-0,0636;0,0609;-0,9864;;False
2658,36;5.0;pa012​;20250414_140852;1;Marche;0,1215;1,4280;2,8553;-0,1374;-0,0637;0,0589;-0,9867;;False
2658,38;5.02;pa012​;20250414_140852;1;Marche;0,1213;1,4264;2,8717;-0,1344;-0,0635;0,0572;-0,9872;;False
2658,39;5.03;pa012​;20250414_140852;1;Marche;0,1209;1,4245;2,8881;-0,1314;-0,0637;0,0555;-0,9877;;False
2658,40;5.04;pa012​;20250414_140852;1;Marche;0,1203;1,4225;2,9040;-0,1284;-0,0638;0,0544;-0,9882;;False
2658,42;5.06;pa012​;20250414_140852;1;Marche;0,1196;1,4201;2,9198;-0,1249;-0,0644;0,0529;-0,9887;;False
2658,43;5.07;pa012​;20250414_140852;1;Marche;0,1189;1,4181;2,9352;-0,1227;-0,0652;0,0517;-0,9889;;False
2658,44;5.09;pa012​;20250414_140852;1;Marche;0,1177;1,4159;2,9504;-0,1184;-0,0668;0,0499;-0,9895;;False
2658,46;5.1;pa012​;20250414_140852;1;Marche;0,1165;1,4146;2,9656;-0,1167;-0,0683;0,0490;-0,9896;;False
2658,47;5.11;pa012​;20250414_140852;1;Marche;0,1150;1,4137;2,9812;-0,1107;-0,0706;0,0466;-0,9903;;False
2658,49;5.13;pa012​;20250414_140852;1;Marche;0,1132;1,4133;2,9968;-0,1038;-0,0727;0,0435;-0,9910;;False
2658,50;5.14;pa012​;20250414_140852;1;Marche;0,1113;1,4138;3,0127;-0,0974;-0,0751;0,0407;-0,9916;;False
2658,51;5.15;pa012​;20250414_140852;1;Marche;0,1091;1,4153;3,0290;-0,0903;-0,0781;0,0383;-0,9921;;False
2658,53;5.17;pa012​;20250414_140852;1;Marche;0,1069;1,4189;3,0462;-0,0854;-0,0808;0,0357;-0,9924;;False
2658,54;5.18;pa012​;20250414_140852;1;Marche;0,1045;1,4218;3,0639;-0,0711;-0,0835;0,0309;-0,9935;;False
2658,56;5.2;pa012​;20250414_140852;1;Marche;0,1021;1,4257;3,0810;-0,0664;-0,0840;0,0249;-0,9939;;False
2658,57;5.21;pa012​;20250414_140852;1;Marche;0,0999;1,4294;3,0984;-0,0622;-0,0852;0,0196;-0,9942;;False
2658,58;5.22;pa012​;20250414_140852;1;Marche;0,0980;1,4334;3,1160;-0,0571;-0,0854;0,0127;-0,9946;;False
2658,60;5.24;pa012​;20250414_140852;1;Marche;0,0965;1,4361;3,1327;-0,0522;-0,0829;0,0028;-0,9952;;False
2658,61;5.25;pa012​;20250414_140852;1;Marche;0,0957;1,4390;3,1491;-0,0549;-0,0795;-0,0066;-0,9953;;False
2658,62;5.27;pa012​;20250414_140852;1;Marche;0,0953;1,4414;3,1657;-0,0559;-0,0756;-0,0130;-0,9955;;False
2658,64;5.28;pa012​;20250414_140852;1;Marche;0,0956;1,4441;3,1823;-0,0568;-0,0718;-0,0155;-0,9957;;False
2658,65;5.29;pa012​;20250414_140852;1;Marche;0,0964;1,4468;3,1990;-0,0558;-0,0684;-0,0172;-0,9960;;False
2658,67;5.31;pa012​;20250414_140852;1;Marche;0,0976;1,4498;3,2158;-0,0541;-0,0650;-0,0180;-0,9963;;False
2658,68;5.32;pa012​;20250414_140852;1;Marche;0,0992;1,4530;3,2327;-0,0523;-0,0613;-0,0189;-0,9966;;False
2658,69;5.34;pa012​;20250414_140852;1;Marche;0,1011;1,4557;3,2496;-0,0484;-0,0580;-0,0195;-0,9970;;False
2658,71;5.35;pa012​;20250414_140852;1;Marche;0,1033;1,4579;3,2665;-0,0458;-0,0544;-0,0193;-0,9973;;False
2658,72;5.36;pa012​;20250414_140852;1;Marche;0,1056;1,4595;3,2833;-0,0429;-0,0517;-0,0199;-0,9975;;False
2658,74;5.38;pa012​;20250414_140852;1;Marche;0,1081;1,4603;3,3001;-0,0402;-0,0495;-0,0208;-0,9977;;False
2658,75;5.39;pa012​;20250414_140852;1;Marche;0,1108;1,4607;3,3170;-0,0384;-0,0476;-0,0215;-0,9979;;False
2658,76;5.41;pa012​;20250414_140852;1;Marche;0,1136;1,4608;3,3341;-0,0369;-0,0465;-0,0218;-0,9980;;False
2658,78;5.42;pa012​;20250414_140852;1;Marche;0,1163;1,4604;3,3511;-0,0350;-0,0462;-0,0213;-0,9981;;False
2658,79;5.43;pa012​;20250414_140852;1;Marche;0,1190;1,4594;3,3682;-0,0331;-0,0460;-0,0203;-0,9982;;False
2658,81;5.45;pa012​;20250414_140852;1;Marche;0,1216;1,4579;3,3852;-0,0328;-0,0460;-0,0190;-0,9982;;False
2658,82;5.46;pa012​;20250414_140852;1;Marche;0,1244;1,4558;3,4022;-0,0336;-0,0458;-0,0173;-0,9982;;False
2658,83;5.47;pa012​;20250414_140852;1;Marche;0,1273;1,4534;3,4193;-0,0350;-0,0452;-0,0165;-0,9982;;False
2658,85;5.49;pa012​;20250414_140852;1;Marche;0,1304;1,4510;3,4364;-0,0360;-0,0445;-0,0162;-0,9982;;False
2658,86;5.5;pa012​;20250414_140852;1;Marche;0,1335;1,4485;3,4536;-0,0362;-0,0433;-0,0165;-0,9983;;False
2658,88;5.52;pa012​;20250414_140852;1;Marche;0,1367;1,4456;3,4707;-0,0346;-0,0417;-0,0167;-0,9984;;False
2658,89;5.53;pa012​;20250414_140852;1;Marche;0,1401;1,4423;3,4875;-0,0348;-0,0399;-0,0159;-0,9985;;False
2658,91;5.55;pa012​;20250414_140852;1;Marche;0,1438;1,4393;3,5041;-0,0388;-0,0376;-0,0146;-0,9984;;False
2658,92;5.56;pa012​;20250414_140852;1;Marche;0,1476;1,4364;3,5208;-0,0421;-0,0351;-0,0139;-0,9984;;False
2658,93;5.57;pa012​;20250414_140852;1;Marche;0,1517;1,4338;3,5374;-0,0461;-0,0318;-0,0139;-0,9983;;False
2658,95;5.59;pa012​;20250414_140852;1;Marche;0,1561;1,4315;3,5543;-0,0468;-0,0295;-0,0141;-0,9984;;False
2658,96;5.6;pa012​;20250414_140852;1;Marche;0,1608;1,4298;3,5713;-0,0462;-0,0272;-0,0134;-0,9985;;False
2658,97;5.61;pa012​;20250414_140852;1;Marche;0,1661;1,4296;3,5889;-0,0456;-0,0243;-0,0131;-0,9986;;False
2658,99;5.63;pa012​;20250414_140852;1;Marche;0,1719;1,4318;3,6075;-0,0483;-0,0213;-0,0134;-0,9985;;False
2659,00;5.64;pa012​;20250414_140852;1;Marche;0,1771;1,4335;3,6266;-0,0405;-0,0190;-0,0114;-0,9989;;False
2659,01;5.66;pa012​;20250414_140852;1;Marche;0,1828;1,4340;3,6453;-0,0364;-0,0154;-0,0057;-0,9992;;False
2659,03;5.67;pa012​;20250414_140852;1;Marche;0,1884;1,4351;3,6636;-0,0404;-0,0137;0,0010;-0,9991;;False
2659,04;5.68;pa012​;20250414_140852;1;Marche;0,1933;1,4364;3,6823;-0,0447;-0,0138;0,0081;-0,9989;;False
2659,06;5.7;pa012​;20250414_140852;1;Marche;0,1978;1,4363;3,7002;-0,0442;-0,0141;0,0170;-0,9988;;False
2659,07;5.71;pa012​;20250414_140852;1;Marche;0,2018;1,4368;3,7172;-0,0546;-0,0170;0,0270;-0,9980;;False
2659,08;5.73;pa012​;20250414_140852;1;Marche;0,2051;1,4373;3,7341;-0,0655;-0,0205;0,0312;-0,9972;;False
2659,10;5.74;pa012​;20250414_140852;1;Marche;0,2077;1,4387;3,7510;-0,0733;-0,0224;0,0300;-0,9966;;False
2659,11;5.75;pa012​;20250414_140852;1;Marche;0,2095;1,4414;3,7683;-0,0779;-0,0240;0,0267;-0,9963;;False
2659,12;5.77;pa012​;20250414_140852;1;Marche;0,2115;1,4438;3,7855;-0,0793;-0,0254;0,0246;-0,9962;;False
2659,14;5.78;pa012​;20250414_140852;1;Marche;0,2132;1,4461;3,8023;-0,0829;-0,0262;0,0224;-0,9960;;False
2659,15;5.79;pa012​;20250414_140852;1;Marche;0,2143;1,4484;3,8193;-0,0859;-0,0266;0,0212;-0,9957;;False
2659,17;5.81;pa012​;20250414_140852;1;Marche;0,2151;1,4506;3,8364;-0,0883;-0,0261;0,0201;-0,9956;;False
2659,18;5.82;pa012​;20250414_140852;1;Marche;0,2157;1,4522;3,8536;-0,0891;-0,0249;0,0191;-0,9955;;False
2659,19;5.83;pa012​;20250414_140852;1;Marche;0,2161;1,4532;3,8706;-0,0909;-0,0234;0,0174;-0,9954;;False
2659,21;5.85;pa012​;20250414_140852;1;Marche;0,2163;1,4535;3,8875;-0,0934;-0,0207;0,0153;-0,9953;;False
2659,22;5.86;pa012​;20250414_140852;1;Marche;0,2163;1,4535;3,9044;-0,0966;-0,0173;0,0128;-0,9951;;False
2659,24;5.88;pa012​;20250414_140852;1;Marche;0,2162;1,4530;3,9212;-0,1005;-0,0133;0,0105;-0,9948;;False
2659,25;5.89;pa012​;20250414_140852;1;Marche;0,2164;1,4519;3,9378;-0,1045;-0,0087;0,0083;-0,9945;;False
2659,26;5.91;pa012​;20250414_140852;1;Marche;0,2165;1,4502;3,9541;-0,1081;-0,0048;0,0063;-0,9941;;False
2659,28;5.92;pa012​;20250414_140852;1;Marche;0,2167;1,4480;3,9703;-0,1113;-0,0014;0,0056;-0,9938;;False
2659,29;5.93;pa012​;20250414_140852;1;Marche;0,2169;1,4455;3,9866;-0,1142;0,0016;0,0054;-0,9934;;False
2659,31;5.95;pa012​;20250414_140852;1;Marche;0,2170;1,4425;4,0028;-0,1155;0,0025;0,0064;-0,9933;;False
2659,32;5.96;pa012​;20250414_140852;1;Marche;0,2171;1,4395;4,0191;-0,1167;0,0032;0,0064;-0,9931;;False
2659,33;5.98;pa012​;20250414_140852;1;Marche;0,2169;1,4359;4,0353;-0,1159;0,0029;0,0063;-0,9932;;False
2659,35;5.99;pa012​;20250414_140852;1;Marche;0,2165;1,4325;4,0516;-0,1174;0,0027;0,0068;-0,9931;;False
2659,36;6.0;pa012​;20250414_140852;1;Marche;0,2157;1,4287;4,0676;-0,1174;0,0017;0,0073;-0,9931;;False
2659,38;6.02;pa012​;20250414_140852;1;Marche;0,2146;1,4249;4,0835;-0,1192;0,0007;0,0072;-0,9928;;False
2659,39;6.03;pa012​;20250414_140852;1;Marche;0,2129;1,4214;4,0993;-0,1213;-0,0009;0,0074;-0,9926;;False
2659,40;6.04;pa012​;20250414_140852;1;Marche;0,2107;1,4184;4,1153;-0,1227;-0,0028;0,0073;-0,9924;;False
2659,42;6.06;pa012​;20250414_140852;1;Marche;0,2081;1,4157;4,1315;-0,1221;-0,0046;0,0061;-0,9925;;False
2659,43;6.07;pa012​;20250414_140852;1;Marche;0,2051;1,4137;4,1477;-0,1219;-0,0062;0,0043;-0,9925;;False
2659,44;6.09;pa012​;20250414_140852;1;Marche;0,2016;1,4127;4,1642;-0,1230;-0,0077;0,0021;-0,9924;;False
2659,46;6.1;pa012​;20250414_140852;1;Marche;0,1980;1,4132;4,1811;-0,1251;-0,0090;-0,0005;-0,9921;;False
2659,47;6.11;pa012​;20250414_140852;1;Marche;0,1939;1,4153;4,1990;-0,1246;-0,0104;-0,0033;-0,9922;;False
2659,49;6.13;pa012​;20250414_140852;1;Marche;0,1894;1,4163;4,2164;-0,1176;-0,0105;-0,0057;-0,9930;;False
2659,50;6.14;pa012​;20250414_140852;1;Marche;0,1854;1,4185;4,2336;-0,1184;-0,0089;-0,0083;-0,9929;;False
2659,51;6.15;pa012​;20250414_140852;1;Marche;0,1815;1,4212;4,2510;-0,1182;-0,0084;-0,0120;-0,9929;;False
2659,53;6.17;pa012​;20250414_140852;1;Marche;0,1782;1,4233;4,2677;-0,1159;-0,0064;-0,0168;-0,9931;;False
2659,54;6.18;pa012​;20250414_140852;1;Marche;0,1753;1,4257;4,2845;-0,1164;-0,0048;-0,0240;-0,9929;;False
2659,55;6.2;pa012​;20250414_140852;1;Marche;0,1735;1,4271;4,3007;-0,1146;-0,0013;-0,0309;-0,9929;;False
2659,57;6.21;pa012​;20250414_140852;1;Marche;0,1722;1,4294;4,3169;-0,1191;0,0013;-0,0360;-0,9922;;False
2659,58;6.22;pa012​;20250414_140852;1;Marche;0,1716;1,4312;4,3333;-0,1183;0,0035;-0,0367;-0,9923;;False
2659,60;6.24;pa012​;20250414_140852;1;Marche;0,1715;1,4338;4,3498;-0,1176;0,0050;-0,0362;-0,9924;;False
2659,61;6.25;pa012​;20250414_140852;1;Marche;0,1718;1,4360;4,3664;-0,1160;0,0068;-0,0370;-0,9925;;False
2659,62;6.27;pa012​;20250414_140852;1;Marche;0,1727;1,4381;4,3829;-0,1156;0,0088;-0,0370;-0,9926;;False
2659,64;6.28;pa012​;20250414_140852;1;Marche;0,1736;1,4398;4,3996;-0,1148;0,0092;-0,0353;-0,9927;;False
2659,65;6.29;pa012​;20250414_140852;1;Marche;0,1750;1,4412;4,4161;-0,1143;0,0099;-0,0329;-0,9928;;False
2659,67;6.31;pa012​;20250414_140852;1;Marche;0,1766;1,4419;4,4325;-0,1137;0,0105;-0,0310;-0,9930;;False
2659,68;6.32;pa012​;20250414_140852;1;Marche;0,1784;1,4421;4,4488;-0,1134;0,0116;-0,0291;-0,9931;;False
2659,69;6.34;pa012​;20250414_140852;1;Marche;0,1801;1,4422;4,4652;-0,1138;0,0123;-0,0259;-0,9931;;False
2659,71;6.35;pa012​;20250414_140852;1;Marche;0,1820;1,4420;4,4816;-0,1135;0,0128;-0,0219;-0,9932;;False
2659,72;6.36;pa012​;20250414_140852;1;Marche;0,1837;1,4417;4,4980;-0,1131;0,0130;-0,0177;-0,9933;;False
2659,74;6.38;pa012​;20250414_140852;1;Marche;0,1854;1,4410;4,5142;-0,1129;0,0127;-0,0135;-0,9934;;False
2659,75;6.39;pa012​;20250414_140852;1;Marche;0,1872;1,4400;4,5305;-0,1138;0,0120;-0,0102;-0,9934;;False
2659,76;6.4;pa012​;20250414_140852;1;Marche;0,1891;1,4388;4,5468;-0,1149;0,0118;-0,0085;-0,9933;;False
2659,78;6.42;pa012​;20250414_140852;1;Marche;0,1910;1,4375;4,5632;-0,1159;0,0120;-0,0086;-0,9932;;False
2659,79;6.43;pa012​;20250414_140852;1;Marche;0,1928;1,4362;4,5795;-0,1162;0,0128;-0,0091;-0,9931;;False
2659,80;6.45;pa012​;20250414_140852;1;Marche;0,1947;1,4348;4,5958;-0,1155;0,0140;-0,0092;-0,9932;;False
2659,82;6.46;pa012​;20250414_140852;1;Marche;0,1967;1,4333;4,6121;-0,1145;0,0154;-0,0083;-0,9933;;False
2659,83;6.47;pa012​;20250414_140852;1;Marche;0,1989;1,4313;4,6284;-0,1122;0,0171;-0,0068;-0,9935;;False
2659,85;6.49;pa012​;20250414_140852;1;Marche;0,2012;1,4292;4,6443;-0,1113;0,0190;-0,0050;-0,9936;;False
2659,86;6.5;pa012​;20250414_140852;1;Marche;0,2039;1,4272;4,6601;-0,1119;0,0208;-0,0035;-0,9935;;False
2659,87;6.52;pa012​;20250414_140852;1;Marche;0,2067;1,4255;4,6760;-0,1124;0,0225;-0,0020;-0,9934;;False
2659,89;6.53;pa012​;20250414_140852;1;Marche;0,2098;1,4240;4,6917;-0,1117;0,0238;-0,0002;-0,9935;;False
2659,90;6.54;pa012​;20250414_140852;1;Marche;0,2130;1,4228;4,7075;-0,1103;0,0243;0,0020;-0,9936;;False
2659,92;6.56;pa012​;20250414_140852;1;Marche;0,2164;1,4216;4,7231;-0,1077;0,0246;0,0037;-0,9939;;False
2659,93;6.57;pa012​;20250414_140852;1;Marche;0,2201;1,4210;4,7389;-0,1061;0,0250;0,0039;-0,9940;;False
2659,94;6.59;pa012​;20250414_140852;1;Marche;0,2242;1,4216;4,7551;-0,1053;0,0261;0,0040;-0,9941;;False
2659,96;6.6;pa012​;20250414_140852;1;Marche;0,2285;1,4243;4,7727;-0,1043;0,0272;0,0042;-0,9942;;False
2659,97;6.61;pa012​;20250414_140852;1;Marche;0,2321;1,4251;4,7895;-0,0929;0,0271;0,0091;-0,9953;;False
2659,99;6.63;pa012​;20250414_140852;1;Marche;0,2368;1,4271;4,8066;-0,0933;0,0271;0,0159;-0,9951;;False
2660,00;6.64;pa012​;20250414_140852;1;Marche;0,2413;1,4297;4,8238;-0,0954;0,0256;0,0201;-0,9949;;False
2660,01;6.65;pa012​;20250414_140852;1;Marche;0,2447;1,4317;4,8416;-0,0920;0,0226;0,0262;-0,9952;;False
2660,03;6.67;pa012​;20250414_140852;1;Marche;0,2479;1,4325;4,8585;-0,0890;0,0200;0,0358;-0,9952;;False
2660,04;6.68;pa012​;20250414_140852;1;Marche;0,2507;1,4332;4,8742;-0,0968;0,0157;0,0435;-0,9942;;False
2660,05;6.7;pa012​;20250414_140852;1;Marche;0,2530;1,4334;4,8900;-0,1051;0,0128;0,0481;-0,9932;;False
2660,07;6.71;pa012​;20250414_140852;1;Marche;0,2544;1,4336;4,9057;-0,1151;0,0120;0,0490;-0,9921;;False
2660,08;6.72;pa012​;20250414_140852;1;Marche;0,2552;1,4353;4,9218;-0,1242;0,0122;0,0494;-0,9910;;False
2660,10;6.74;pa012​;20250414_140852;1;Marche;0,2560;1,4372;4,9383;-0,1273;0,0121;0,0502;-0,9905;;False
2660,11;6.75;pa012​;20250414_140852;1;Marche;0,2568;1,4395;4,9548;-0,1301;0,0105;0,0509;-0,9901;;False
2660,12;6.77;pa012​;20250414_140852;1;Marche;0,2569;1,4411;4,9712;-0,1321;0,0083;0,0506;-0,9899;;False
2660,14;6.78;pa012​;20250414_140852;1;Marche;0,2566;1,4425;4,9875;-0,1338;0,0071;0,0498;-0,9897;;False
2660,15;6.79;pa012​;20250414_140852;1;Marche;0,2559;1,4437;5,0036;-0,1354;0,0064;0,0478;-0,9896;;False
2660,17;6.81;pa012​;20250414_140852;1;Marche;0,2552;1,4445;5,0197;-0,1374;0,0066;0,0457;-0,9894;;False
2660,18;6.82;pa012​;20250414_140852;1;Marche;0,2542;1,4451;5,0358;-0,1395;0,0074;0,0439;-0,9892;;False
2660,20;6.84;pa012​;20250414_140852;1;Marche;0,2530;1,4452;5,0520;-0,1416;0,0090;0,0413;-0,9890;;False
2660,21;6.85;pa012​;20250414_140852;1;Marche;0,2518;1,4450;5,0681;-0,1431;0,0107;0,0376;-0,9889;;False
2660,22;6.86;pa012​;20250414_140852;1;Marche;0,2507;1,4444;5,0842;-0,1443;0,0131;0,0339;-0,9889;;False
2660,24;6.88;pa012​;20250414_140852;1;Marche;0,2497;1,4434;5,1004;-0,1455;0,0159;0,0308;-0,9887;;False
2660,25;6.89;pa012​;20250414_140852;1;Marche;0,2487;1,4419;5,1166;-0,1464;0,0188;0,0289;-0,9886;;False
2660,26;6.91;pa012​;20250414_140852;1;Marche;0,2478;1,4399;5,1328;-0,1470;0,0211;0,0285;-0,9885;;False
2660,28;6.92;pa012​;20250414_140852;1;Marche;0,2469;1,4377;5,1489;-0,1475;0,0230;0,0284;-0,9884;;False
2660,29;6.93;pa012​;20250414_140852;1;Marche;0,2460;1,4351;5,1651;-0,1477;0,0245;0,0283;-0,9883;;False
2660,31;6.95;pa012​;20250414_140852;1;Marche;0,2449;1,4320;5,1811;-0,1472;0,0253;0,0286;-0,9884;;False
2660,32;6.96;pa012​;20250414_140852;1;Marche;0,2437;1,4291;5,1973;-0,1490;0,0256;0,0288;-0,9881;;False
2660,33;6.97;pa012​;20250414_140852;1;Marche;0,2423;1,4255;5,2130;-0,1485;0,0254;0,0276;-0,9882;;False
2660,35;6.99;pa012​;20250414_140852;1;Marche;0,2408;1,4221;5,2290;-0,1504;0,0251;0,0256;-0,9880;;False
2660,36;7.0;pa012​;20250414_140852;1;Marche;0,2390;1,4187;5,2450;-0,1519;0,0246;0,0240;-0,9878;;False
2660,38;7.02;pa012​;20250414_140852;1;Marche;0,2369;1,4155;5,2612;-0,1528;0,0232;0,0227;-0,9877;;False
2660,39;7.03;pa012​;20250414_140852;1;Marche;0,2344;1,4126;5,2774;-0,1528;0,0214;0,0217;-0,9878;;False
2660,41;7.05;pa012​;20250414_140852;1;Marche;0,2314;1,4110;5,2938;-0,1543;0,0197;0,0207;-0,9876;;False
2660,42;7.06;pa012​;20250414_140852;1;Marche;0,2283;1,4091;5,3104;-0,1529;0,0180;0,0191;-0,9879;;False
2660,43;7.07;pa012​;20250414_140852;1;Marche;0,2247;1,4082;5,3266;-0,1524;0,0167;0,0169;-0,9880;;False
2660,44;7.09;pa012​;20250414_140852;1;Marche;0,2211;1,4097;5,3442;-0,1568;0,0154;0,0152;-0,9874;;False
2660,46;7.1;pa012​;20250414_140852;1;Marche;0,2171;1,4109;5,3622;-0,1490;0,0128;0,0114;-0,9887;;False
2660,47;7.11;pa012​;20250414_140852;1;Marche;0,2127;1,4111;5,3784;-0,1401;0,0120;0,0071;-0,9900;;False
2660,49;7.13;pa012​;20250414_140852;1;Marche;0,2088;1,4129;5,3951;-0,1428;0,0103;0,0062;-0,9897;;False
2660,50;7.14;pa012​;20250414_140852;1;Marche;0,2052;1,4138;5,4119;-0,1374;0,0082;0,0030;-0,9905;;False
2660,51;7.16;pa012​;20250414_140852;1;Marche;0,2021;1,4160;5,4288;-0,1372;0,0084;-0,0037;-0,9905;;False
2660,53;7.17;pa012​;20250414_140852;1;Marche;0,1993;1,4175;5,4454;-0,1353;0,0099;-0,0102;-0,9907;;False
2660,54;7.18;pa012​;20250414_140852;1;Marche;0,1970;1,4190;5,4617;-0,1355;0,0118;-0,0163;-0,9906;;False
2660,56;7.2;pa012​;20250414_140852;1;Marche;0,1953;1,4202;5,4780;-0,1360;0,0148;-0,0207;-0,9904;;False
2660,57;7.21;pa012​;20250414_140852;1;Marche;0,1943;1,4214;5,4941;-0,1391;0,0182;-0,0230;-0,9898;;False
2660,58;7.22;pa012​;20250414_140852;1;Marche;0,1935;1,4232;5,5104;-0,1430;0,0204;-0,0240;-0,9892;;False
2660,60;7.24;pa012​;20250414_140852;1;Marche;0,1934;1,4253;5,5266;-0,1459;0,0231;-0,0238;-0,9887;;False
2660,61;7.25;pa012​;20250414_140852;1;Marche;0,1937;1,4274;5,5430;-0,1478;0,0253;-0,0235;-0,9884;;False
2660,63;7.27;pa012​;20250414_140852;1;Marche;0,1944;1,4291;5,5594;-0,1484;0,0271;-0,0217;-0,9883;;False
2660,64;7.28;pa012​;20250414_140852;1;Marche;0,1952;1,4305;5,5758;-0,1485;0,0281;-0,0194;-0,9883;;False
2660,65;7.29;pa012​;20250414_140852;1;Marche;0,1961;1,4314;5,5920;-0,1482;0,0287;-0,0158;-0,9884;;False
2660,67;7.31;pa012​;20250414_140852;1;Marche;0,1970;1,4319;5,6082;-0,1484;0,0294;-0,0119;-0,9884;;False
2660,68;7.32;pa012​;20250414_140852;1;Marche;0,1977;1,4319;5,6244;-0,1496;0,0298;-0,0075;-0,9883;;False
2660,70;7.34;pa012​;20250414_140852;1;Marche;0,1984;1,4313;5,6405;-0,1515;0,0296;-0,0026;-0,9880;;False
2660,71;7.35;pa012​;20250414_140852;1;Marche;0,1988;1,4303;5,6566;-0,1538;0,0290;0,0016;-0,9877;;False
2660,72;7.36;pa012​;20250414_140852;1;Marche;0,1989;1,4290;5,6724;-0,1567;0,0282;0,0050;-0,9872;;False
2660,74;7.38;pa012​;20250414_140852;1;Marche;0,1989;1,4274;5,6882;-0,1594;0,0279;0,0074;-0,9868;;False
2660,75;7.39;pa012​;20250414_140852;1;Marche;0,1989;1,4259;5,7041;-0,1616;0,0275;0,0086;-0,9864;;False
2660,76;7.41;pa012​;20250414_140852;1;Marche;0,1988;1,4242;5,7201;-0,1627;0,0275;0,0094;-0,9863;;False
2660,78;7.42;pa012​;20250414_140852;1;Marche;0,1986;1,4224;5,7362;-0,1624;0,0282;0,0098;-0,9863;;False
2660,79;7.43;pa012​;20250414_140852;1;Marche;0,1982;1,4202;5,7522;-0,1613;0,0296;0,0110;-0,9864;;False
2660,81;7.45;pa012​;20250414_140852;1;Marche;0,1978;1,4179;5,7681;-0,1608;0,0320;0,0130;-0,9864;;False
2660,82;7.46;pa012​;20250414_140852;1;Marche;0,1975;1,4153;5,7837;-0,1608;0,0349;0,0153;-0,9862;;False
2660,83;7.48;pa012​;20250414_140852;1;Marche;0,1975;1,4128;5,7994;-0,1618;0,0383;0,0168;-0,9859;;False
2660,85;7.49;pa012​;20250414_140852;1;Marche;0,1976;1,4107;5,8152;-0,1636;0,0418;0,0181;-0,9855;;False
2660,86;7.5;pa012​;20250414_140852;1;Marche;0,1979;1,4089;5,8309;-0,1642;0,0449;0,0197;-0,9852;;False
2660,87;7.52;pa012​;20250414_140852;1;Marche;0,1984;1,4071;5,8465;-0,1639;0,0477;0,0216;-0,9851;;False
2660,89;7.53;pa012​;20250414_140852;1;Marche;0,1993;1,4058;5,8623;-0,1645;0,0502;0,0233;-0,9848;;False
2660,90;7.54;pa012​;20250414_140852;1;Marche;0,2003;1,4049;5,8782;-0,1638;0,0521;0,0245;-0,9848;;False
2660,92;7.56;pa012​;20250414_140852;1;Marche;0,2017;1,4055;5,8946;-0,1642;0,0543;0,0259;-0,9846;;False
2660,93;7.57;pa012​;20250414_140852;1;Marche;0,2030;1,4077;5,9123;-0,1628;0,0561;0,0273;-0,9847;;False
2660,94;7.59;pa012​;20250414_140852;1;Marche;0,2040;1,4081;5,9291;-0,1522;0,0576;0,0321;-0,9862;;False
2660,96;7.6;pa012​;20250414_140852;1;Marche;0,2055;1,4094;5,9456;-0,1517;0,0586;0,0380;-0,9860;;False
2660,97;7.61;pa012​;20250414_140852;1;Marche;0,2067;1,4104;5,9619;-0,1500;0,0588;0,0428;-0,9860;;False
2660,99;7.63;pa012​;20250414_140852;1;Marche;0,2078;1,4134;5,9791;-0,1539;0,0591;0,0485;-0,9851;;False
2661,00;7.64;pa012​;20250414_140852;1;Marche;0,2078;1,4135;5,9954;-0,1440;0,0562;0,0565;-0,9864;;False
2661,01;7.66;pa012​;20250414_140852;1;Marche;0,2078;1,4153;6,0115;-0,1464;0,0522;0,0651;-0,9857;;False
2661,03;7.67;pa012​;20250414_140852;1;Marche;0,2072;1,4163;6,0271;-0,1481;0,0468;0,0699;-0,9854;;False
2661,04;7.68;pa012​;20250414_140852;1;Marche;0,2060;1,4174;6,0422;-0,1531;0,0422;0,0699;-0,9848;;False
2661,06;7.7;pa012​;20250414_140852;1;Marche;0,2039;1,4191;6,0575;-0,1603;0,0393;0,0675;-0,9840;;False
2661,07;7.71;pa012​;20250414_140852;1;Marche;0,2013;1,4209;6,0728;-0,1646;0,0374;0,0654;-0,9835;;False
2661,08;7.72;pa012​;20250414_140852;1;Marche;0,1984;1,4234;6,0882;-0,1684;0,0354;0,0646;-0,9830;;False
2661,10;7.74;pa012​;20250414_140852;1;Marche;0,1953;1,4258;6,1036;-0,1687;0,0333;0,0637;-0,9830;;False
2661,11;7.75;pa012​;20250414_140852;1;Marche;0,1920;1,4281;6,1189;-0,1683;0,0316;0,0620;-0,9833;;False
2661,12;7.77;pa012​;20250414_140852;1;Marche;0,1884;1,4299;6,1339;-0,1663;0,0304;0,0600;-0,9838;;False
2661,14;7.78;pa012​;20250414_140852;1;Marche;0,1848;1,4314;6,1486;-0,1661;0,0299;0,0578;-0,9840;;False
2661,15;7.79;pa012​;20250414_140852;1;Marche;0,1812;1,4324;6,1633;-0,1665;0,0296;0,0557;-0,9840;;False
2661,17;7.81;pa012​;20250414_140852;1;Marche;0,1777;1,4330;6,1779;-0,1672;0,0292;0,0533;-0,9840;;False
2661,18;7.82;pa012​;20250414_140852;1;Marche;0,1742;1,4331;6,1924;-0,1685;0,0292;0,0510;-0,9839;;False
2661,20;7.84;pa012​;20250414_140852;1;Marche;0,1708;1,4328;6,2069;-0,1698;0,0292;0,0491;-0,9838;;False
2661,21;7.85;pa012​;20250414_140852;1;Marche;0,1674;1,4322;6,2213;-0,1714;0,0290;0,0480;-0,9836;;False
2661,22;7.86;pa012​;20250414_140852;1;Marche;0,1641;1,4312;6,2358;-0,1719;0,0289;0,0471;-0,9836;;False
2661,24;7.88;pa012​;20250414_140852;1;Marche;0,1608;1,4300;6,2503;-0,1722;0,0287;0,0467;-0,9835;;False
2661,25;7.89;pa012​;20250414_140852;1;Marche;0,1574;1,4286;6,2648;-0,1722;0,0284;0,0465;-0,9835;;False
2661,26;7.91;pa012​;20250414_140852;1;Marche;0,1539;1,4270;6,2793;-0,1715;0,0277;0,0465;-0,9837;;False
2661,28;7.92;pa012​;20250414_140852;1;Marche;0,1502;1,4248;6,2937;-0,1690;0,0266;0,0462;-0,9842;;False
2661,29;7.93;pa012​;20250414_140852;1;Marche;0,1464;1,4224;6,3078;-0,1674;0,0256;0,0459;-0,9845;;False
2661,31;7.95;pa012​;20250414_140852;1;Marche;0,1424;1,4202;6,3221;-0,1684;0,0242;0,0454;-0,9844;;False
2661,32;7.96;pa012​;20250414_140852;1;Marche;0,1382;1,4177;6,3363;-0,1678;0,0225;0,0450;-0,9845;;False
2661,33;7.97;pa012​;20250414_140852;1;Marche;0,1337;1,4149;6,3502;-0,1668;0,0205;0,0434;-0,9848;;False
2661,35;7.99;pa012​;20250414_140852;1;Marche;0,1290;1,4127;6,3644;-0,1693;0,0185;0,0415;-0,9845;;False
2661,36;8.0;pa012​;20250414_140852;1;Marche;0,1239;1,4101;6,3783;-0,1674;0,0161;0,0392;-0,9850;;False
2661,38;8.02;pa012​;20250414_140852;1;Marche;0,1187;1,4083;6,3922;-0,1682;0,0144;0,0366;-0,9850;;False
2661,39;8.03;pa012​;20250414_140852;1;Marche;0,1131;1,4068;6,4064;-0,1686;0,0127;0,0337;-0,9850;;False
2661,40;8.04;pa012​;20250414_140852;1;Marche;0,1074;1,4058;6,4204;-0,1668;0,0112;0,0307;-0,9855;;False
2661,42;8.06;pa012​;20250414_140852;1;Marche;0,1016;1,4071;6,4356;-0,1711;0,0100;0,0283;-0,9848;;False
2661,43;8.07;pa012​;20250414_140852;1;Marche;0,0955;1,4075;6,4512;-0,1609;0,0069;0,0273;-0,9866;;False
2661,44;8.09;pa012​;20250414_140852;1;Marche;0,0894;1,4074;6,4654;-0,1517;0,0060;0,0238;-0,9881;;False
2661,46;8.1;pa012​;20250414_140852;1;Marche;0,0834;1,4088;6,4798;-0,1567;0,0060;0,0203;-0,9874;;False
2661,47;8.11;pa012​;20250414_140852;1;Marche;0,0774;1,4108;6,4948;-0,1609;0,0045;0,0184;-0,9868;;False
2661,49;8.13;pa012​;20250414_140852;1;Marche;0,0718;1,4134;6,5095;-0,1595;0,0032;0,0154;-0,9871;;False
2661,50;8.14;pa012​;20250414_140852;1;Marche;0,0664;1,4173;6,5256;-0,1591;0,0018;0,0114;-0,9872;;False
2661,51;8.16;pa012​;20250414_140852;1;Marche;0,0613;1,4185;6,5400;-0,1503;0,0027;0,0058;-0,9886;;False
2661,53;8.17;pa012​;20250414_140852;1;Marche;0,0567;1,4202;6,5542;-0,1501;0,0035;0,0000;-0,9887;;False
2661,54;8.19;pa012​;20250414_140852;1;Marche;0,0528;1,4213;6,5685;-0,1512;0,0038;-0,0041;-0,9885;;False
2661,56;8.2;pa012​;20250414_140852;1;Marche;0,0490;1,4231;6,5828;-0,1542;0,0036;-0,0074;-0,9880;;False
2661,57;8.21;pa012​;20250414_140852;1;Marche;0,0455;1,4248;6,5975;-0,1544;0,0034;-0,0110;-0,9879;;False
2661,58;8.22;pa012​;20250414_140852;1;Marche;0,0427;1,4265;6,6122;-0,1544;0,0047;-0,0140;-0,9879;;False
2661,60;8.24;pa012​;20250414_140852;1;Marche;0,0403;1,4281;6,6267;-0,1552;0,0061;-0,0164;-0,9877;;False
2661,61;8.25;pa012​;20250414_140852;1;Marche;0,0383;1,4297;6,6412;-0,1570;0,0069;-0,0174;-0,9874;;False
2661,63;8.27;pa012​;20250414_140852;1;Marche;0,0369;1,4310;6,6559;-0,1579;0,0081;-0,0178;-0,9873;;False
2661,64;8.28;pa012​;20250414_140852;1;Marche;0,0359;1,4320;6,6705;-0,1599;0,0093;-0,0172;-0,9869;;False
2661,65;8.29;pa012​;20250414_140852;1;Marche;0,0353;1,4327;6,6851;-0,1605;0,0104;-0,0168;-0,9868;;False
2661,67;8.31;pa012​;20250414_140852;1;Marche;0,0349;1,4330;6,6996;-0,1607;0,0117;-0,0160;-0,9868;;False
2661,68;8.32;pa012​;20250414_140852;1;Marche;0,0347;1,4331;6,7141;-0,1622;0,0125;-0,0144;-0,9866;;False
2661,69;8.34;pa012​;20250414_140852;1;Marche;0,0347;1,4329;6,7286;-0,1642;0,0123;-0,0115;-0,9863;;False
2661,71;8.35;pa012​;20250414_140852;1;Marche;0,0349;1,4324;6,7430;-0,1659;0,0113;-0,0085;-0,9860;;False
2661,72;8.36;pa012​;20250414_140852;1;Marche;0,0352;1,4316;6,7572;-0,1676;0,0100;-0,0061;-0,9858;;False
2661,74;8.38;pa012​;20250414_140852;1;Marche;0,0355;1,4306;6,7713;-0,1696;0,0081;-0,0044;-0,9855;;False
2661,75;8.39;pa012​;20250414_140852;1;Marche;0,0360;1,4293;6,7853;-0,1713;0,0064;-0,0031;-0,9852;;False
2661,76;8.41;pa012​;20250414_140852;1;Marche;0,0364;1,4279;6,7993;-0,1723;0,0046;-0,0019;-0,9850;;False
2661,78;8.42;pa012​;20250414_140852;1;Marche;0,0367;1,4264;6,8133;-0,1723;0,0029;-0,0011;-0,9850;;False
2661,79;8.43;pa012​;20250414_140852;1;Marche;0,0371;1,4246;6,8274;-0,1717;0,0017;0,0001;-0,9851;;False
2661,81;8.45;pa012​;20250414_140852;1;Marche;0,0376;1,4228;6,8412;-0,1714;0,0008;0,0017;-0,9852;;False
2661,82;8.46;pa012​;20250414_140852;1;Marche;0,0379;1,4204;6,8546;-0,1702;0,0003;0,0031;-0,9854;;False
2661,83;8.48;pa012​;20250414_140852;1;Marche;0,0383;1,4180;6,8678;-0,1710;0,0005;0,0045;-0,9853;;False
2661,85;8.49;pa012​;20250414_140852;1;Marche;0,0389;1,4156;6,8807;-0,1733;0,0016;0,0049;-0,9849;;False
2661,86;8.5;pa012​;20250414_140852;1;Marche;0,0397;1,4136;6,8938;-0,1758;0,0031;0,0049;-0,9844;;False
2661,87;8.52;pa012​;20250414_140852;1;Marche;0,0407;1,4118;6,9070;-0,1768;0,0044;0,0058;-0,9842;;False
2661,89;8.53;pa012​;20250414_140852;1;Marche;0,0420;1,4104;6,9203;-0,1763;0,0057;0,0074;-0,9843;;False
2661,90;8.54;pa012​;20250414_140852;1;Marche;0,0436;1,4098;6,9340;-0,1744;0,0067;0,0089;-0,9846;;False
2661,92;8.56;pa012​;20250414_140852;1;Marche;0,0454;1,4095;6,9478;-0,1712;0,0076;0,0102;-0,9851;;False
2661,93;8.57;pa012​;20250414_140852;1;Marche;0,0479;1,4107;6,9624;-0,1713;0,0091;0,0115;-0,9851;;False
2661,94;8.58;pa012​;20250414_140852;1;Marche;0,0504;1,4123;6,9781;-0,1688;0,0097;0,0127;-0,9855;;False
2661,96;8.6;pa012​;20250414_140852;1;Marche;0,0525;1,4115;6,9924;-0,1594;0,0107;0,0165;-0,9870;;False
2661,97;8.61;pa012​;20250414_140852;1;Marche;0,0553;1,4124;7,0067;-0,1646;0,0121;0,0204;-0,9861;;False
2661,99;8.63;pa012​;20250414_140852;1;Marche;0,0577;1,4131;7,0214;-0,1679;0,0133;0,0235;-0,9854;;False
2662,00;8.64;pa012​;20250414_140852;1;Marche;0,0599;1,4155;7,0370;-0,1725;0,0144;0,0296;-0,9845;;False
2662,01;8.65;pa012​;20250414_140852;1;Marche;0,0615;1,4153;7,0514;-0,1661;0,0133;0,0370;-0,9853;;False
2662,03;8.67;pa012​;20250414_140852;1;Marche;0,0630;1,4157;7,0652;-0,1680;0,0115;0,0435;-0,9848;;False
2662,04;8.68;pa012​;20250414_140852;1;Marche;0,0638;1,4160;7,0784;-0,1740;0,0080;0,0475;-0,9836;;False
2662,06;8.7;pa012​;20250414_140852;1;Marche;0,0644;1,4165;7,0920;-0,1787;0,0058;0,0496;-0,9826;;False
2662,07;8.71;pa012​;20250414_140852;1;Marche;0,0645;1,4183;7,1059;-0,1853;0,0041;0,0494;-0,9814;;False
2662,08;8.72;pa012​;20250414_140852;1;Marche;0,0641;1,4198;7,1198;-0,1864;0,0020;0,0498;-0,9812;;False
2662,10;8.74;pa012​;20250414_140852;1;Marche;0,0634;1,4214;7,1332;-0,1882;0,0001;0,0505;-0,9808;;False
2662,11;8.75;pa012​;20250414_140852;1;Marche;0,0621;1,4230;7,1464;-0,1918;-0,0017;0,0509;-0,9801;;False
2662,12;8.77;pa012​;20250414_140852;1;Marche;0,0607;1,4244;7,1597;-0,1936;-0,0026;0,0508;-0,9798;;False
2662,14;8.78;pa012​;20250414_140852;1;Marche;0,0589;1,4258;7,1730;-0,1959;-0,0033;0,0500;-0,9793;;False
2662,15;8.79;pa012​;20250414_140852;1;Marche;0,0569;1,4268;7,1863;-0,1972;-0,0038;0,0483;-0,9792;;False
2662,17;8.81;pa012​;20250414_140852;1;Marche;0,0548;1,4274;7,1994;-0,1988;-0,0036;0,0457;-0,9790;;False
2662,18;8.82;pa012​;20250414_140852;1;Marche;0,0526;1,4276;7,2123;-0,2010;-0,0027;0,0426;-0,9787;;False
2662,19;8.83;pa012​;20250414_140852;1;Marche;0,0503;1,4274;7,2252;-0,2034;-0,0014;0,0397;-0,9783;;False
2662,21;8.85;pa012​;20250414_140852;1;Marche;0,0482;1,4269;7,2381;-0,2062;0,0004;0,0362;-0,9778;;False
2662,22;8.86;pa012​;20250414_140852;1;Marche;0,0461;1,4261;7,2509;-0,2089;0,0029;0,0328;-0,9774;;False
2662,24;8.88;pa012​;20250414_140852;1;Marche;0,0440;1,4250;7,2635;-0,2110;0,0050;0,0308;-0,9770;;False
2662,25;8.89;pa012​;20250414_140852;1;Marche;0,0420;1,4239;7,2764;-0,2132;0,0069;0,0291;-0,9766;;False
2662,26;8.91;pa012​;20250414_140852;1;Marche;0,0404;1,4225;7,2894;-0,2146;0,0084;0,0286;-0,9762;;False
2662,28;8.92;pa012​;20250414_140852;1;Marche;0,0386;1,4212;7,3024;-0,2152;0,0091;0,0276;-0,9761;;False
2662,29;8.93;pa012​;20250414_140852;1;Marche;0,0370;1,4196;7,3154;-0,2151;0,0095;0,0269;-0,9762;;False
2662,31;8.95;pa012​;20250414_140852;1;Marche;0,0352;1,4175;7,3281;-0,2143;0,0096;0,0255;-0,9764;;False
2662,32;8.96;pa012​;20250414_140852;1;Marche;0,0335;1,4154;7,3411;-0,2153;0,0097;0,0241;-0,9762;;False
2662,33;8.97;pa012​;20250414_140852;1;Marche;0,0318;1,4130;7,3537;-0,2155;0,0095;0,0221;-0,9762;;False
2662,35;8.99;pa012​;20250414_140852;1;Marche;0,0300;1,4104;7,3662;-0,2171;0,0094;0,0202;-0,9759;;False
2662,36;9.0;pa012​;20250414_140852;1;Marche;0,0279;1,4081;7,3788;-0,2194;0,0088;0,0187;-0,9754;;False
2662,38;9.02;pa012​;20250414_140852;1;Marche;0,0257;1,4059;7,3914;-0,2203;0,0082;0,0172;-0,9752;;False
2662,39;9.03;pa012​;20250414_140852;1;Marche;0,0233;1,4037;7,4039;-0,2198;0,0076;0,0150;-0,9754;;False
2662,40;9.04;pa012​;20250414_140852;1;Marche;0,0205;1,4020;7,4165;-0,2200;0,0073;0,0120;-0,9754;;False
2662,42;9.06;pa012​;20250414_140852;1;Marche;0,0174;1,4007;7,4293;-0,2197;0,0068;0,0098;-0,9755;;False
2662,43;9.07;pa012​;20250414_140852;1;Marche;0,0142;1,3995;7,4418;-0,2173;0,0066;0,0070;-0,9761;;False
2662,44;9.09;pa012​;20250414_140852;1;Marche;0,0107;1,3999;7,4547;-0,2187;0,0066;0,0042;-0,9758;;False
2662,46;9.1;pa012​;20250414_140852;1;Marche;0,0071;1,4018;7,4691;-0,2185;0,0060;0,0024;-0,9758;;False
2662,47;9.11;pa012​;20250414_140852;1;Marche;0,0031;1,4020;7,4829;-0,2065;0,0059;-0,0019;-0,9784;;False
2662,49;9.13;pa012​;20250414_140852;1;Marche;-0,0004;1,4024;7,4958;-0,2012;0,0086;-0,0075;-0,9795;;False
2662,50;9.14;pa012​;20250414_140852;1;Marche;-0,0039;1,4046;7,5093;-0,2067;0,0095;-0,0105;-0,9783;;False
2662,51;9.16;pa012​;20250414_140852;1;Marche;-0,0072;1,4068;7,5234;-0,2067;0,0094;-0,0118;-0,9783;;False
2662,53;9.17;pa012​;20250414_140852;1;Marche;-0,0105;1,4088;7,5374;-0,2026;0,0108;-0,0160;-0,9791;;False
2662,54;9.18;pa012​;20250414_140852;1;Marche;-0,0135;1,4107;7,5510;-0,2014;0,0140;-0,0211;-0,9792;;False
2662,56;9.2;pa012​;20250414_140852;1;Marche;-0,0158;1,4116;7,5641;-0,2007;0,0161;-0,0251;-0,9792;;False
2662,57;9.21;pa012​;20250414_140852;1;Marche;-0,0174;1,4119;7,5768;-0,1995;0,0189;-0,0280;-0,9793;;False
2662,58;9.22;pa012​;20250414_140852;1;Marche;-0,0187;1,4127;7,5897;-0,2033;0,0210;-0,0313;-0,9784;;False
2662,60;9.24;pa012​;20250414_140852;1;Marche;-0,0195;1,4134;7,6028;-0,2068;0,0226;-0,0328;-0,9776;;False
2662,61;9.25;pa012​;20250414_140852;1;Marche;-0,0199;1,4142;7,6159;-0,2086;0,0242;-0,0341;-0,9771;;False
2662,63;9.27;pa012​;20250414_140852;1;Marche;-0,0199;1,4149;7,6289;-0,2110;0,0263;-0,0354;-0,9765;;False
2662,64;9.28;pa012​;20250414_140852;1;Marche;-0,0193;1,4155;7,6416;-0,2146;0,0280;-0,0355;-0,9757;;False
2662,65;9.29;pa012​;20250414_140852;1;Marche;-0,0183;1,4161;7,6543;-0,2182;0,0297;-0,0356;-0,9748;;False
2662,67;9.31;pa012​;20250414_140852;1;Marche;-0,0170;1,4168;7,6671;-0,2209;0,0315;-0,0353;-0,9741;;False
2662,68;9.32;pa012​;20250414_140852;1;Marche;-0,0154;1,4176;7,6800;-0,2231;0,0335;-0,0344;-0,9736;;False
2662,69;9.33;pa012​;20250414_140852;1;Marche;-0,0136;1,4178;7,6928;-0,2237;0,0353;-0,0327;-0,9735;;False
2662,71;9.35;pa012​;20250414_140852;1;Marche;-0,0117;1,4176;7,7055;-0,2242;0,0367;-0,0295;-0,9734;;False
2662,72;9.36;pa012​;20250414_140852;1;Marche;-0,0095;1,4174;7,7181;-0,2257;0,0376;-0,0258;-0,9731;;False
2662,74;9.38;pa012​;20250414_140852;1;Marche;-0,0073;1,4170;7,7306;-0,2280;0,0379;-0,0216;-0,9727;;False
2662,75;9.39;pa012​;20250414_140852;1;Marche;-0,0052;1,4162;7,7431;-0,2307;0,0381;-0,0185;-0,9721;;False
2662,76;9.4;pa012​;20250414_140852;1;Marche;-0,0029;1,4149;7,7555;-0,2336;0,0382;-0,0157;-0,9715;;False
2662,78;9.42;pa012​;20250414_140852;1;Marche;-0,0008;1,4137;7,7678;-0,2370;0,0376;-0,0144;-0,9707;;False
2662,79;9.43;pa012​;20250414_140852;1;Marche;0,0014;1,4124;7,7802;-0,2396;0,0374;-0,0138;-0,9701;;False
2662,81;9.45;pa012​;20250414_140852;1;Marche;0,0036;1,4111;7,7928;-0,2424;0,0374;-0,0142;-0,9693;;False
2662,82;9.46;pa012​;20250414_140852;1;Marche;0,0058;1,4095;7,8051;-0,2447;0,0377;-0,0151;-0,9687;;False
2662,83;9.47;pa012​;20250414_140852;1;Marche;0,0079;1,4076;7,8173;-0,2461;0,0384;-0,0162;-0,9683;;False
2662,85;9.49;pa012​;20250414_140852;1;Marche;0,0100;1,4056;7,8297;-0,2476;0,0397;-0,0172;-0,9679;;False
2662,86;9.5;pa012​;20250414_140852;1;Marche;0,0122;1,4031;7,8421;-0,2479;0,0413;-0,0178;-0,9678;;False
2662,88;9.52;pa012​;20250414_140852;1;Marche;0,0145;1,4006;7,8541;-0,2492;0,0439;-0,0182;-0,9673;;False
2662,89;9.53;pa012​;20250414_140852;1;Marche;0,0167;1,3981;7,8658;-0,2527;0,0472;-0,0190;-0,9662;;False
2662,90;9.54;pa012​;20250414_140852;1;Marche;0,0190;1,3954;7,8774;-0,2566;0,0513;-0,0197;-0,9650;;False
2662,92;9.56;pa012​;20250414_140852;1;Marche;0,0215;1,3932;7,8889;-0,2608;0,0554;-0,0197;-0,9636;;False
2662,93;9.57;pa012​;20250414_140852;1;Marche;0,0244;1,3912;7,9006;-0,2642;0,0595;-0,0191;-0,9624;;False
2662,94;9.59;pa012​;20250414_140852;1;Marche;0,0273;1,3895;7,9122;-0,2662;0,0639;-0,0186;-0,9616;;False
2662,96;9.6;pa012​;20250414_140852;1;Marche;0,0303;1,3885;7,9242;-0,2705;0,0690;-0,0191;-0,9600;;False
2662,97;9.61;pa012​;20250414_140852;1;Marche;0,0333;1,3888;7,9368;-0,2759;0,0743;-0,0207;-0,9581;;False
2662,99;9.63;pa012​;20250414_140852;1;Marche;0,0362;1,3885;7,9492;-0,2741;0,0792;-0,0199;-0,9582;;False
2663,00;9.64;pa012​;20250414_140852;1;Marche;0,0395;1,3917;7,9629;-0,2866;0,0837;-0,0188;-0,9542;;False
2663,01;9.66;pa012​;20250414_140852;1;Marche;0,0420;1,3920;7,9753;-0,2822;0,0857;-0,0160;-0,9554;;False
2663,03;9.67;pa012​;20250414_140852;1;Marche;0,0443;1,3930;7,9882;-0,2848;0,0874;-0,0089;-0,9546;;False
2663,04;9.68;pa012​;20250414_140852;1;Marche;0,0465;1,3945;8,0000;-0,2904;0,0886;-0,0047;-0,9528;;False
2663,05;9.7;pa012​;20250414_140852;1;Marche;0,0483;1,3958;8,0118;-0,2956;0,0909;-0,0045;-0,9510;;False
2663,07;9.71;pa012​;20250414_140852;1;Marche;0,0492;1,3973;8,0231;-0,3004;0,0946;-0,0081;-0,9491;;False
2663,08;9.73;pa012​;20250414_140852;1;Marche;0,0499;1,3984;8,0345;-0,3021;0,0988;-0,0097;-0,9481;;False
2663,10;9.74;pa012​;20250414_140852;1;Marche;0,0501;1,3998;8,0459;-0,3024;0,1027;-0,0103;-0,9476;;False
2663,11;9.75;pa012​;20250414_140852;1;Marche;0,0502;1,4009;8,0571;-0,3019;0,1064;-0,0106;-0,9473;;False
2663,12;9.77;pa012​;20250414_140852;1;Marche;0,0500;1,4019;8,0677;-0,3019;0,1100;-0,0113;-0,9469;;False
2663,14;9.78;pa012​;20250414_140852;1;Marche;0,0495;1,4028;8,0783;-0,3025;0,1137;-0,0116;-0,9463;;False
2663,15;9.79;pa012​;20250414_140852;1;Marche;0,0489;1,4036;8,0886;-0,3037;0,1176;-0,0116;-0,9454;;False
2663,17;9.81;pa012​;20250414_140852;1;Marche;0,0477;1,4042;8,0988;-0,3056;0,1213;-0,0125;-0,9443;;False
2663,18;9.82;pa012​;20250414_140852;1;Marche;0,0463;1,4046;8,1089;-0,3056;0,1255;-0,0136;-0,9438;;False
2663,19;9.84;pa012​;20250414_140852;1;Marche;0,0446;1,4051;8,1190;-0,3056;0,1299;-0,0155;-0,9431;;False
2663,21;9.85;pa012​;20250414_140852;1;Marche;0,0426;1,4052;8,1289;-0,3047;0,1346;-0,0178;-0,9427;;False
2663,22;9.86;pa012​;20250414_140852;1;Marche;0,0403;1,4051;8,1381;-0,3049;0,1386;-0,0197;-0,9420;;False
2663,24;9.88;pa012​;20250414_140852;1;Marche;0,0379;1,4046;8,1471;-0,3061;0,1429;-0,0214;-0,9410;;False
2663,25;9.89;pa012​;20250414_140852;1;Marche;0,0353;1,4042;8,1557;-0,3077;0,1470;-0,0228;-0,9398;;False
2663,27;9.91;pa012​;20250414_140852;1;Marche;0,0326;1,4039;8,1641;-0,3092;0,1509;-0,0244;-0,9386;;False
2663,28;9.92;pa012​;20250414_140852;1;Marche;0,0297;1,4036;8,1724;-0,3101;0,1548;-0,0264;-0,9376;;False
2663,29;9.93;pa012​;20250414_140852;1;Marche;0,0267;1,4032;8,1803;-0,3101;0,1591;-0,0286;-0,9369;;False
2663,31;9.95;pa012​;20250414_140852;1;Marche;0,0235;1,4029;8,1879;-0,3095;0,1635;-0,0307;-0,9362;;False
2663,32;9.96;pa012​;20250414_140852;1;Marche;0,0202;1,4028;8,1954;-0,3083;0,1678;-0,0327;-0,9358;;False
2663,33;9.97;pa012​;20250414_140852;1;Marche;0,0166;1,4029;8,2028;-0,3060;0,1724;-0,0348;-0,9356;;False
2663,35;9.99;pa012​;20250414_140852;1;Marche;0,0128;1,4029;8,2101;-0,3029;0,1776;-0,0366;-0,9356;;False
2663,36;10.0;pa012​;20250414_140852;1;Marche;0,0088;1,4028;8,2170;-0,2983;0,1827;-0,0380;-0,9361;;False
2663,38;10.02;pa012​;20250414_140852;1;Marche;0,0045;1,4026;8,2235;-0,2930;0,1875;-0,0393;-0,9367;;False
2663,39;10.03;pa012​;20250414_140852;1;Marche;0,0001;1,4026;8,2299;-0,2877;0,1921;-0,0408;-0,9374;;False
2663,40;10.04;pa012​;20250414_140852;1;Marche;-0,0046;1,4025;8,2362;-0,2819;0,1965;-0,0422;-0,9381;;False
2663,42;10.06;pa012​;20250414_140852;1;Marche;-0,0094;1,4023;8,2420;-0,2752;0,2010;-0,0438;-0,9391;;False
2663,43;10.07;pa012​;20250414_140852;1;Marche;-0,0147;1,4020;8,2472;-0,2690;0,2045;-0,0455;-0,9401;;False
2663,44;10.09;pa012​;20250414_140852;1;Marche;-0,0202;1,4018;8,2520;-0,2631;0,2086;-0,0478;-0,9407;;False
2663,46;10.1;pa012​;20250414_140852;1;Marche;-0,0262;1,4017;8,2564;-0,2570;0,2125;-0,0514;-0,9414;;False
2663,47;10.11;pa012​;20250414_140852;1;Marche;-0,0324;1,4019;8,2605;-0,2509;0,2170;-0,0554;-0,9417;;False
2663,49;10.13;pa012​;20250414_140852;1;Marche;-0,0391;1,4020;8,2640;-0,2435;0,2214;-0,0604;-0,9424;;False
2663,50;10.14;pa012​;20250414_140852;1;Marche;-0,0463;1,4023;8,2673;-0,2336;0,2267;-0,0664;-0,9432;;False
2663,51;10.15;pa012​;20250414_140852;1;Marche;-0,0537;1,4031;8,2703;-0,2233;0,2329;-0,0729;-0,9437;;False
2663,53;10.17;pa012​;20250414_140852;1;Marche;-0,0619;1,4050;8,2734;-0,2146;0,2394;-0,0798;-0,9435;;False
2663,54;10.18;pa012​;20250414_140852;1;Marche;-0,0706;1,4077;8,2767;-0,2041;0,2475;-0,0863;-0,9432;;False
2663,56;10.2;pa012​;20250414_140852;1;Marche;-0,0796;1,4106;8,2803;-0,1920;0,2563;-0,0935;-0,9427;;False
2663,57;10.21;pa012​;20250414_140852;1;Marche;-0,0891;1,4141;8,2837;-0,1787;0,2666;-0,1013;-0,9417;;False
