Timestamp;ElapsedTime;ID_Subject;ID_Session;sessionNumber;ID_Test;HeadPosition_X;HeadPosition_Y;HeadPosition_Z;HeadRotation_X;HeadRotation_Y;HeadRotation_Z;HeadRotation_W;Events;FalseStart
1224,49;0.0;pa016​;20250417_161114;1;FO2;-0,0116;1,6545;0,0508;-0,1310;-0,0266;0,0104;0,9910;;False
1224,52;0.03;pa016​;20250417_161114;1;FO2;-0,0118;1,6546;0,0513;-0,1306;-0,0260;0,0106;0,9910;;False
1224,56;0.07;pa016​;20250417_161114;1;FO2;-0,0117;1,6542;0,0519;-0,1298;-0,0258;0,0111;0,9911;;False
1224,59;0.1;pa016​;20250417_161114;1;FO2;-0,0119;1,6542;0,0524;-0,1292;-0,0258;0,0113;0,9912;;False
1224,62;0.12;pa016​;20250417_161114;1;FO2;-0,0120;1,6540;0,0527;-0,1284;-0,0261;0,0116;0,9913;;False
1224,65;0.15;pa016​;20250417_161114;1;FO2;-0,0121;1,6539;0,0530;-0,1280;-0,0264;0,0116;0,9914;;False
1224,67;0.18;pa016​;20250417_161114;1;FO2;-0,0122;1,6538;0,0532;-0,1275;-0,0267;0,0117;0,9914;;False
1224,70;0.21;pa016​;20250417_161114;1;FO2;-0,0122;1,6537;0,0532;-0,1274;-0,0269;0,0118;0,9914;;False
1224,73;0.24;pa016​;20250417_161114;1;FO2;-0,0121;1,6537;0,0531;-0,1275;-0,0267;0,0119;0,9914;;False
1224,76;0.26;pa016​;20250417_161114;1;FO2;-0,0120;1,6536;0,0529;-0,1277;-0,0265;0,0118;0,9914;;False
1224,77;0.28;pa016​;20250417_161114;1;FO2;-0,0120;1,6537;0,0528;-0,1280;-0,0263;0,0117;0,9914;;False
1224,78;0.29;pa016​;20250417_161114;1;FO2;-0,0120;1,6538;0,0527;-0,1283;-0,0264;0,0118;0,9913;;False
1224,80;0.31;pa016​;20250417_161114;1;FO2;-0,0120;1,6538;0,0525;-0,1284;-0,0262;0,0117;0,9913;;False
1224,81;0.32;pa016​;20250417_161114;1;FO2;-0,0118;1,6538;0,0524;-0,1286;-0,0262;0,0115;0,9913;;False
1224,83;0.33;pa016​;20250417_161114;1;FO2;-0,0117;1,6538;0,0522;-0,1287;-0,0262;0,0114;0,9913;;False
1224,84;0.35;pa016​;20250417_161114;1;FO2;-0,0116;1,6538;0,0521;-0,1288;-0,0262;0,0112;0,9913;;False
1224,85;0.36;pa016​;20250417_161114;1;FO2;-0,0115;1,6539;0,0519;-0,1290;-0,0262;0,0111;0,9912;;False
1224,87;0.37;pa016​;20250417_161114;1;FO2;-0,0114;1,6539;0,0518;-0,1291;-0,0262;0,0111;0,9912;;False
1224,88;0.39;pa016​;20250417_161114;1;FO2;-0,0113;1,6538;0,0517;-0,1291;-0,0262;0,0110;0,9912;;False
1224,90;0.4;pa016​;20250417_161114;1;FO2;-0,0112;1,6538;0,0516;-0,1291;-0,0262;0,0110;0,9912;;False
1224,91;0.42;pa016​;20250417_161114;1;FO2;-0,0112;1,6539;0,0514;-0,1290;-0,0262;0,0110;0,9912;;False
1224,92;0.43;pa016​;20250417_161114;1;FO2;-0,0111;1,6541;0,0512;-0,1291;-0,0261;0,0110;0,9912;;False
1224,94;0.44;pa016​;20250417_161114;1;FO2;-0,0109;1,6541;0,0510;-0,1294;-0,0261;0,0111;0,9912;;False
1224,95;0.46;pa016​;20250417_161114;1;FO2;-0,0107;1,6540;0,0510;-0,1295;-0,0260;0,0105;0,9912;;False
1224,96;0.47;pa016​;20250417_161114;1;FO2;-0,0106;1,6540;0,0509;-0,1294;-0,0258;0,0099;0,9912;;False
1224,97;0.48;pa016​;20250417_161114;1;FO2;-0,0105;1,6541;0,0508;-0,1292;-0,0257;0,0095;0,9912;;False
1224,99;0.5;pa016​;20250417_161114;1;FO2;-0,0104;1,6541;0,0507;-0,1292;-0,0256;0,0094;0,9912;;False
1225,00;0.51;pa016​;20250417_161114;1;FO2;-0,0103;1,6542;0,0506;-0,1291;-0,0257;0,0096;0,9912;;False
1225,02;0.52;pa016​;20250417_161114;1;FO2;-0,0102;1,6540;0,0506;-0,1289;-0,0256;0,0095;0,9913;;False
1225,03;0.54;pa016​;20250417_161114;1;FO2;-0,0101;1,6540;0,0505;-0,1282;-0,0255;0,0094;0,9914;;False
1225,04;0.55;pa016​;20250417_161114;1;FO2;-0,0101;1,6541;0,0505;-0,1279;-0,0253;0,0094;0,9914;;False
1225,06;0.57;pa016​;20250417_161114;1;FO2;-0,0101;1,6541;0,0504;-0,1274;-0,0251;0,0094;0,9915;;False
1225,07;0.58;pa016​;20250417_161114;1;FO2;-0,0100;1,6541;0,0504;-0,1274;-0,0250;0,0095;0,9915;;False
1225,09;0.59;pa016​;20250417_161114;1;FO2;-0,0099;1,6540;0,0504;-0,1272;-0,0250;0,0098;0,9915;;False
1225,10;0.61;pa016​;20250417_161114;1;FO2;-0,0099;1,6541;0,0504;-0,1272;-0,0249;0,0099;0,9915;;False
1225,11;0.62;pa016​;20250417_161114;1;FO2;-0,0099;1,6542;0,0504;-0,1271;-0,0250;0,0101;0,9915;;False
1225,13;0.64;pa016​;20250417_161114;1;FO2;-0,0099;1,6542;0,0505;-0,1270;-0,0252;0,0101;0,9915;;False
1225,14;0.65;pa016​;20250417_161114;1;FO2;-0,0099;1,6542;0,0505;-0,1270;-0,0253;0,0100;0,9915;;False
1225,16;0.66;pa016​;20250417_161114;1;FO2;-0,0098;1,6542;0,0505;-0,1272;-0,0254;0,0099;0,9915;;False
1225,17;0.68;pa016​;20250417_161114;1;FO2;-0,0098;1,6542;0,0506;-0,1272;-0,0255;0,0098;0,9915;;False
1225,18;0.69;pa016​;20250417_161114;1;FO2;-0,0098;1,6542;0,0508;-0,1269;-0,0256;0,0096;0,9915;;False
1225,20;0.7;pa016​;20250417_161114;1;FO2;-0,0097;1,6542;0,0509;-0,1263;-0,0257;0,0092;0,9916;;False
1225,21;0.72;pa016​;20250417_161114;1;FO2;-0,0096;1,6541;0,0510;-0,1259;-0,0256;0,0090;0,9917;;False
1225,23;0.73;pa016​;20250417_161114;1;FO2;-0,0095;1,6540;0,0511;-0,1257;-0,0256;0,0092;0,9917;;False
1225,24;0.75;pa016​;20250417_161114;1;FO2;-0,0095;1,6541;0,0512;-0,1260;-0,0256;0,0091;0,9917;;False
1225,25;0.76;pa016​;20250417_161114;1;FO2;-0,0094;1,6540;0,0512;-0,1254;-0,0254;0,0091;0,9917;;False
1225,27;0.77;pa016​;20250417_161114;1;FO2;-0,0093;1,6539;0,0512;-0,1246;-0,0253;0,0093;0,9918;;False
1225,28;0.79;pa016​;20250417_161114;1;FO2;-0,0093;1,6538;0,0513;-0,1242;-0,0254;0,0093;0,9919;;False
1225,29;0.8;pa016​;20250417_161114;1;FO2;-0,0092;1,6537;0,0513;-0,1240;-0,0253;0,0095;0,9919;;False
1225,31;0.82;pa016​;20250417_161114;1;FO2;-0,0092;1,6537;0,0513;-0,1235;-0,0253;0,0096;0,9920;;False
1225,32;0.83;pa016​;20250417_161114;1;FO2;-0,0092;1,6537;0,0513;-0,1232;-0,0254;0,0097;0,9920;;False
1225,34;0.84;pa016​;20250417_161114;1;FO2;-0,0091;1,6536;0,0513;-0,1231;-0,0255;0,0095;0,9920;;False
1225,35;0.86;pa016​;20250417_161114;1;FO2;-0,0090;1,6536;0,0512;-0,1229;-0,0255;0,0094;0,9921;;False
1225,37;0.87;pa016​;20250417_161114;1;FO2;-0,0090;1,6535;0,0512;-0,1224;-0,0257;0,0094;0,9921;;False
1225,38;0.88;pa016​;20250417_161114;1;FO2;-0,0089;1,6536;0,0511;-0,1223;-0,0256;0,0091;0,9921;;False
1225,39;0.9;pa016​;20250417_161114;1;FO2;-0,0089;1,6537;0,0510;-0,1221;-0,0258;0,0092;0,9921;;False
1225,41;0.91;pa016​;20250417_161114;1;FO2;-0,0088;1,6537;0,0509;-0,1220;-0,0259;0,0089;0,9921;;False
1225,42;0.93;pa016​;20250417_161114;1;FO2;-0,0087;1,6536;0,0508;-0,1220;-0,0259;0,0087;0,9922;;False
1225,43;0.94;pa016​;20250417_161114;1;FO2;-0,0086;1,6537;0,0507;-0,1220;-0,0262;0,0086;0,9922;;False
1225,45;0.95;pa016​;20250417_161114;1;FO2;-0,0086;1,6537;0,0505;-0,1220;-0,0260;0,0084;0,9922;;False
1225,46;0.97;pa016​;20250417_161114;1;FO2;-0,0086;1,6537;0,0504;-0,1218;-0,0260;0,0082;0,9922;;False
1225,47;0.98;pa016​;20250417_161114;1;FO2;-0,0085;1,6537;0,0503;-0,1218;-0,0260;0,0082;0,9922;;False
1225,49;1.0;pa016​;20250417_161114;1;FO2;-0,0084;1,6537;0,0503;-0,1219;-0,0260;0,0082;0,9922;;False
1225,50;1.01;pa016​;20250417_161114;1;FO2;-0,0084;1,6538;0,0501;-0,1219;-0,0260;0,0082;0,9922;;False
1225,52;1.02;pa016​;20250417_161114;1;FO2;-0,0084;1,6538;0,0500;-0,1219;-0,0263;0,0078;0,9922;;False
1225,53;1.04;pa016​;20250417_161114;1;FO2;-0,0084;1,6538;0,0499;-0,1217;-0,0263;0,0078;0,9922;;False
1225,54;1.05;pa016​;20250417_161114;1;FO2;-0,0084;1,6538;0,0499;-0,1215;-0,0264;0,0078;0,9922;;False
1225,56;1.07;pa016​;20250417_161114;1;FO2;-0,0083;1,6537;0,0499;-0,1214;-0,0264;0,0076;0,9922;;False
1225,57;1.08;pa016​;20250417_161114;1;FO2;-0,0083;1,6537;0,0499;-0,1212;-0,0266;0,0076;0,9922;;False
1225,59;1.09;pa016​;20250417_161114;1;FO2;-0,0083;1,6537;0,0498;-0,1213;-0,0265;0,0076;0,9922;;False
1225,60;1.11;pa016​;20250417_161114;1;FO2;-0,0083;1,6537;0,0499;-0,1209;-0,0263;0,0079;0,9923;;False
1225,61;1.12;pa016​;20250417_161114;1;FO2;-0,0083;1,6537;0,0499;-0,1206;-0,0264;0,0079;0,9923;;False
1225,63;1.13;pa016​;20250417_161114;1;FO2;-0,0082;1,6536;0,0499;-0,1201;-0,0264;0,0080;0,9924;;False
1225,64;1.15;pa016​;20250417_161114;1;FO2;-0,0083;1,6536;0,0499;-0,1201;-0,0265;0,0079;0,9924;;False
1225,66;1.16;pa016​;20250417_161114;1;FO2;-0,0083;1,6536;0,0499;-0,1204;-0,0265;0,0084;0,9923;;False
1225,67;1.18;pa016​;20250417_161114;1;FO2;-0,0082;1,6536;0,0500;-0,1202;-0,0265;0,0083;0,9924;;False
1225,68;1.19;pa016​;20250417_161114;1;FO2;-0,0082;1,6536;0,0502;-0,1202;-0,0264;0,0081;0,9924;;False
1225,70;1.2;pa016​;20250417_161114;1;FO2;-0,0082;1,6535;0,0503;-0,1201;-0,0264;0,0079;0,9924;;False
1225,71;1.22;pa016​;20250417_161114;1;FO2;-0,0082;1,6535;0,0504;-0,1197;-0,0263;0,0075;0,9924;;False
1225,73;1.23;pa016​;20250417_161114;1;FO2;-0,0082;1,6535;0,0505;-0,1193;-0,0262;0,0076;0,9925;;False
1225,74;1.25;pa016​;20250417_161114;1;FO2;-0,0081;1,6534;0,0506;-0,1189;-0,0262;0,0073;0,9925;;False
1225,75;1.26;pa016​;20250417_161114;1;FO2;-0,0081;1,6532;0,0507;-0,1182;-0,0259;0,0075;0,9926;;False
1225,77;1.27;pa016​;20250417_161114;1;FO2;-0,0081;1,6531;0,0508;-0,1178;-0,0257;0,0073;0,9927;;False
1225,78;1.29;pa016​;20250417_161114;1;FO2;-0,0082;1,6531;0,0509;-0,1177;-0,0256;0,0075;0,9927;;False
1225,79;1.3;pa016​;20250417_161114;1;FO2;-0,0083;1,6531;0,0509;-0,1173;-0,0254;0,0077;0,9927;;False
1225,81;1.32;pa016​;20250417_161114;1;FO2;-0,0084;1,6531;0,0510;-0,1171;-0,0254;0,0082;0,9928;;False
1225,82;1.33;pa016​;20250417_161114;1;FO2;-0,0084;1,6530;0,0511;-0,1168;-0,0253;0,0085;0,9928;;False
1225,84;1.34;pa016​;20250417_161114;1;FO2;-0,0085;1,6530;0,0513;-0,1167;-0,0253;0,0085;0,9928;;False
1225,85;1.36;pa016​;20250417_161114;1;FO2;-0,0085;1,6530;0,0514;-0,1168;-0,0253;0,0089;0,9928;;False
1225,86;1.37;pa016​;20250417_161114;1;FO2;-0,0086;1,6529;0,0515;-0,1164;-0,0257;0,0091;0,9928;;False
1225,88;1.38;pa016​;20250417_161114;1;FO2;-0,0086;1,6529;0,0516;-0,1164;-0,0258;0,0093;0,9928;;False
1225,89;1.4;pa016​;20250417_161114;1;FO2;-0,0087;1,6528;0,0518;-0,1161;-0,0258;0,0091;0,9929;;False
1225,91;1.41;pa016​;20250417_161114;1;FO2;-0,0087;1,6528;0,0519;-0,1157;-0,0259;0,0091;0,9929;;False
1225,92;1.43;pa016​;20250417_161114;1;FO2;-0,0086;1,6527;0,0521;-0,1157;-0,0259;0,0089;0,9929;;False
1225,93;1.44;pa016​;20250417_161114;1;FO2;-0,0086;1,6527;0,0523;-0,1156;-0,0256;0,0089;0,9929;;False
1225,95;1.45;pa016​;20250417_161114;1;FO2;-0,0086;1,6526;0,0524;-0,1154;-0,0256;0,0087;0,9930;;False
1225,96;1.47;pa016​;20250417_161114;1;FO2;-0,0086;1,6526;0,0526;-0,1152;-0,0256;0,0086;0,9930;;False
1225,98;1.48;pa016​;20250417_161114;1;FO2;-0,0086;1,6526;0,0528;-0,1151;-0,0257;0,0089;0,9930;;False
1225,99;1.5;pa016​;20250417_161114;1;FO2;-0,0086;1,6526;0,0530;-0,1150;-0,0255;0,0088;0,9930;;False
1226,00;1.51;pa016​;20250417_161114;1;FO2;-0,0086;1,6526;0,0532;-0,1149;-0,0254;0,0088;0,9930;;False
1226,02;1.52;pa016​;20250417_161114;1;FO2;-0,0086;1,6526;0,0535;-0,1147;-0,0253;0,0088;0,9930;;False
1226,03;1.54;pa016​;20250417_161114;1;FO2;-0,0085;1,6526;0,0537;-0,1147;-0,0252;0,0089;0,9930;;False
1226,04;1.55;pa016​;20250417_161114;1;FO2;-0,0084;1,6525;0,0539;-0,1146;-0,0252;0,0089;0,9930;;False
1226,06;1.57;pa016​;20250417_161114;1;FO2;-0,0082;1,6524;0,0541;-0,1145;-0,0252;0,0089;0,9931;;False
1226,07;1.58;pa016​;20250417_161114;1;FO2;-0,0082;1,6524;0,0544;-0,1145;-0,0252;0,0088;0,9931;;False
1226,09;1.59;pa016​;20250417_161114;1;FO2;-0,0082;1,6525;0,0547;-0,1145;-0,0252;0,0087;0,9931;;False
1226,10;1.61;pa016​;20250417_161114;1;FO2;-0,0082;1,6525;0,0550;-0,1146;-0,0251;0,0085;0,9931;;False
1226,12;1.62;pa016​;20250417_161114;1;FO2;-0,0082;1,6526;0,0554;-0,1146;-0,0253;0,0084;0,9931;;False
1226,13;1.64;pa016​;20250417_161114;1;FO2;-0,0081;1,6526;0,0557;-0,1146;-0,0254;0,0082;0,9931;;False
1226,14;1.65;pa016​;20250417_161114;1;FO2;-0,0081;1,6526;0,0559;-0,1145;-0,0255;0,0078;0,9931;;False
1226,16;1.66;pa016​;20250417_161114;1;FO2;-0,0081;1,6526;0,0562;-0,1143;-0,0256;0,0077;0,9931;;False
1226,17;1.68;pa016​;20250417_161114;1;FO2;-0,0081;1,6526;0,0564;-0,1145;-0,0256;0,0076;0,9931;;False
1226,18;1.69;pa016​;20250417_161114;1;FO2;-0,0080;1,6527;0,0567;-0,1149;-0,0257;0,0074;0,9930;;False
1226,20;1.7;pa016​;20250417_161114;1;FO2;-0,0080;1,6528;0,0569;-0,1150;-0,0258;0,0073;0,9930;;False
1226,21;1.72;pa016​;20250417_161114;1;FO2;-0,0080;1,6528;0,0571;-0,1153;-0,0257;0,0074;0,9930;;False
1226,23;1.73;pa016​;20250417_161114;1;FO2;-0,0080;1,6529;0,0573;-0,1155;-0,0261;0,0073;0,9929;;False
1226,24;1.75;pa016​;20250417_161114;1;FO2;-0,0080;1,6529;0,0574;-0,1155;-0,0262;0,0074;0,9929;;False
1226,25;1.76;pa016​;20250417_161114;1;FO2;-0,0080;1,6530;0,0576;-0,1157;-0,0263;0,0072;0,9929;;False
1226,27;1.77;pa016​;20250417_161114;1;FO2;-0,0080;1,6531;0,0577;-0,1155;-0,0264;0,0073;0,9929;;False
1226,28;1.79;pa016​;20250417_161114;1;FO2;-0,0080;1,6530;0,0579;-0,1155;-0,0268;0,0073;0,9929;;False
1226,29;1.8;pa016​;20250417_161114;1;FO2;-0,0081;1,6530;0,0580;-0,1153;-0,0271;0,0071;0,9929;;False
1226,31;1.82;pa016​;20250417_161114;1;FO2;-0,0080;1,6530;0,0582;-0,1147;-0,0273;0,0070;0,9930;;False
1226,32;1.83;pa016​;20250417_161114;1;FO2;-0,0080;1,6530;0,0584;-0,1150;-0,0276;0,0070;0,9930;;False
1226,34;1.84;pa016​;20250417_161114;1;FO2;-0,0080;1,6530;0,0585;-0,1144;-0,0278;0,0072;0,9930;;False
1226,35;1.86;pa016​;20250417_161114;1;FO2;-0,0080;1,6529;0,0585;-0,1148;-0,0282;0,0071;0,9930;;False
1226,36;1.87;pa016​;20250417_161114;1;FO2;-0,0079;1,6528;0,0586;-0,1144;-0,0284;0,0073;0,9930;;False
1226,38;1.88;pa016​;20250417_161114;1;FO2;-0,0079;1,6529;0,0586;-0,1148;-0,0286;0,0073;0,9929;;False
1226,39;1.9;pa016​;20250417_161114;1;FO2;-0,0079;1,6529;0,0586;-0,1148;-0,0288;0,0068;0,9930;;False
1226,41;1.91;pa016​;20250417_161114;1;FO2;-0,0078;1,6530;0,0587;-0,1151;-0,0289;0,0063;0,9929;;False
1226,42;1.93;pa016​;20250417_161114;1;FO2;-0,0078;1,6530;0,0587;-0,1151;-0,0288;0,0060;0,9929;;False
1226,43;1.94;pa016​;20250417_161114;1;FO2;-0,0078;1,6531;0,0587;-0,1155;-0,0289;0,0058;0,9929;;False
1226,45;1.95;pa016​;20250417_161114;1;FO2;-0,0077;1,6533;0,0588;-0,1159;-0,0291;0,0057;0,9928;;False
1226,46;1.97;pa016​;20250417_161114;1;FO2;-0,0077;1,6534;0,0588;-0,1162;-0,0293;0,0058;0,9928;;False
1226,48;1.98;pa016​;20250417_161114;1;FO2;-0,0077;1,6534;0,0587;-0,1160;-0,0295;0,0058;0,9928;;False
1226,49;2.0;pa016​;20250417_161114;1;FO2;-0,0077;1,6533;0,0586;-0,1162;-0,0294;0,0058;0,9928;;False
1226,50;2.01;pa016​;20250417_161114;1;FO2;-0,0077;1,6534;0,0585;-0,1159;-0,0295;0,0059;0,9928;;False
1226,52;2.02;pa016​;20250417_161114;1;FO2;-0,0077;1,6535;0,0583;-0,1161;-0,0297;0,0059;0,9928;;False
1226,53;2.04;pa016​;20250417_161114;1;FO2;-0,0077;1,6536;0,0582;-0,1165;-0,0297;0,0060;0,9927;;False
1226,54;2.05;pa016​;20250417_161114;1;FO2;-0,0077;1,6536;0,0581;-0,1165;-0,0299;0,0062;0,9927;;False
1226,56;2.07;pa016​;20250417_161114;1;FO2;-0,0078;1,6536;0,0579;-0,1169;-0,0301;0,0061;0,9927;;False
1226,57;2.08;pa016​;20250417_161114;1;FO2;-0,0078;1,6537;0,0578;-0,1169;-0,0304;0,0061;0,9927;;False
1226,59;2.09;pa016​;20250417_161114;1;FO2;-0,0078;1,6537;0,0576;-0,1172;-0,0306;0,0062;0,9926;;False
1226,60;2.11;pa016​;20250417_161114;1;FO2;-0,0078;1,6537;0,0575;-0,1175;-0,0308;0,0061;0,9926;;False
1226,61;2.12;pa016​;20250417_161114;1;FO2;-0,0078;1,6537;0,0574;-0,1178;-0,0310;0,0060;0,9925;;False
1226,63;2.13;pa016​;20250417_161114;1;FO2;-0,0078;1,6538;0,0574;-0,1174;-0,0310;0,0057;0,9926;;False
1226,64;2.15;pa016​;20250417_161114;1;FO2;-0,0079;1,6538;0,0573;-0,1177;-0,0310;0,0057;0,9926;;False
1226,66;2.16;pa016​;20250417_161114;1;FO2;-0,0079;1,6539;0,0572;-0,1177;-0,0310;0,0055;0,9926;;False
1226,67;2.18;pa016​;20250417_161114;1;FO2;-0,0079;1,6539;0,0571;-0,1177;-0,0310;0,0055;0,9926;;False
1226,68;2.19;pa016​;20250417_161114;1;FO2;-0,0079;1,6539;0,0571;-0,1177;-0,0308;0,0054;0,9926;;False
1226,70;2.2;pa016​;20250417_161114;1;FO2;-0,0079;1,6540;0,0571;-0,1176;-0,0306;0,0055;0,9926;;False
1226,71;2.22;pa016​;20250417_161114;1;FO2;-0,0079;1,6540;0,0571;-0,1174;-0,0303;0,0055;0,9926;;False
1226,73;2.23;pa016​;20250417_161114;1;FO2;-0,0078;1,6540;0,0572;-0,1173;-0,0301;0,0057;0,9926;;False
1226,74;2.25;pa016​;20250417_161114;1;FO2;-0,0079;1,6540;0,0572;-0,1169;-0,0297;0,0059;0,9927;;False
1226,75;2.26;pa016​;20250417_161114;1;FO2;-0,0079;1,6539;0,0572;-0,1168;-0,0296;0,0060;0,9927;;False
1226,77;2.27;pa016​;20250417_161114;1;FO2;-0,0079;1,6539;0,0571;-0,1164;-0,0297;0,0062;0,9927;;False
1226,78;2.29;pa016​;20250417_161114;1;FO2;-0,0080;1,6538;0,0571;-0,1162;-0,0297;0,0062;0,9928;;False
1226,79;2.3;pa016​;20250417_161114;1;FO2;-0,0081;1,6539;0,0570;-0,1160;-0,0298;0,0064;0,9928;;False
1226,81;2.32;pa016​;20250417_161114;1;FO2;-0,0082;1,6538;0,0570;-0,1158;-0,0299;0,0064;0,9928;;False
1226,82;2.33;pa016​;20250417_161114;1;FO2;-0,0082;1,6538;0,0570;-0,1157;-0,0300;0,0065;0,9928;;False
1226,84;2.34;pa016​;20250417_161114;1;FO2;-0,0082;1,6538;0,0570;-0,1155;-0,0302;0,0065;0,9928;;False
1226,85;2.36;pa016​;20250417_161114;1;FO2;-0,0081;1,6537;0,0569;-0,1154;-0,0302;0,0064;0,9928;;False
1226,86;2.37;pa016​;20250417_161114;1;FO2;-0,0081;1,6537;0,0569;-0,1152;-0,0303;0,0066;0,9929;;False
1226,88;2.38;pa016​;20250417_161114;1;FO2;-0,0081;1,6537;0,0568;-0,1151;-0,0302;0,0064;0,9929;;False
1226,89;2.4;pa016​;20250417_161114;1;FO2;-0,0082;1,6537;0,0568;-0,1151;-0,0300;0,0065;0,9929;;False
1226,91;2.41;pa016​;20250417_161114;1;FO2;-0,0082;1,6537;0,0567;-0,1151;-0,0298;0,0065;0,9929;;False
1226,92;2.43;pa016​;20250417_161114;1;FO2;-0,0082;1,6537;0,0566;-0,1151;-0,0296;0,0066;0,9929;;False
1226,95;2.45;pa016​;20250417_161114;1;FO2;-0,0081;1,6537;0,0565;-0,1153;-0,0291;0,0065;0,9929;;False
1226,96;2.47;pa016​;20250417_161114;1;FO2;-0,0081;1,6538;0,0565;-0,1154;-0,0289;0,0066;0,9929;;False
1226,98;2.48;pa016​;20250417_161114;1;FO2;-0,0079;1,6537;0,0564;-0,1153;-0,0287;0,0066;0,9929;;False
1226,99;2.5;pa016​;20250417_161114;1;FO2;-0,0078;1,6537;0,0564;-0,1153;-0,0285;0,0065;0,9929;;False
1227,00;2.51;pa016​;20250417_161114;1;FO2;-0,0078;1,6537;0,0563;-0,1155;-0,0283;0,0065;0,9929;;False
1227,02;2.52;pa016​;20250417_161114;1;FO2;-0,0078;1,6537;0,0563;-0,1156;-0,0280;0,0066;0,9929;;False
1227,03;2.54;pa016​;20250417_161114;1;FO2;-0,0078;1,6537;0,0563;-0,1156;-0,0278;0,0066;0,9929;;False
1227,04;2.55;pa016​;20250417_161114;1;FO2;-0,0078;1,6538;0,0563;-0,1157;-0,0276;0,0068;0,9929;;False
1227,06;2.56;pa016​;20250417_161114;1;FO2;-0,0078;1,6538;0,0563;-0,1159;-0,0274;0,0069;0,9929;;False
1227,07;2.58;pa016​;20250417_161114;1;FO2;-0,0078;1,6539;0,0564;-0,1162;-0,0274;0,0070;0,9928;;False
1227,09;2.59;pa016​;20250417_161114;1;FO2;-0,0078;1,6539;0,0564;-0,1162;-0,0273;0,0070;0,9928;;False
1227,10;2.61;pa016​;20250417_161114;1;FO2;-0,0078;1,6539;0,0565;-0,1163;-0,0272;0,0068;0,9928;;False
1227,11;2.62;pa016​;20250417_161114;1;FO2;-0,0077;1,6540;0,0566;-0,1166;-0,0269;0,0065;0,9928;;False
1227,13;2.63;pa016​;20250417_161114;1;FO2;-0,0076;1,6540;0,0567;-0,1168;-0,0269;0,0065;0,9928;;False
1227,14;2.65;pa016​;20250417_161114;1;FO2;-0,0076;1,6541;0,0568;-0,1171;-0,0270;0,0066;0,9927;;False
1227,15;2.66;pa016​;20250417_161114;1;FO2;-0,0077;1,6541;0,0569;-0,1169;-0,0269;0,0068;0,9928;;False
1227,17;2.67;pa016​;20250417_161114;1;FO2;-0,0077;1,6541;0,0570;-0,1170;-0,0268;0,0068;0,9927;;False
1227,18;2.69;pa016​;20250417_161114;1;FO2;-0,0077;1,6541;0,0571;-0,1169;-0,0266;0,0069;0,9928;;False
1227,20;2.7;pa016​;20250417_161114;1;FO2;-0,0078;1,6540;0,0572;-0,1166;-0,0266;0,0071;0,9928;;False
1227,21;2.72;pa016​;20250417_161114;1;FO2;-0,0079;1,6539;0,0573;-0,1162;-0,0264;0,0074;0,9928;;False
1227,23;2.73;pa016​;20250417_161114;1;FO2;-0,0079;1,6539;0,0574;-0,1157;-0,0264;0,0076;0,9929;;False
1227,24;2.75;pa016​;20250417_161114;1;FO2;-0,0079;1,6539;0,0575;-0,1155;-0,0264;0,0079;0,9929;;False
1227,26;2.76;pa016​;20250417_161114;1;FO2;-0,0078;1,6539;0,0576;-0,1151;-0,0263;0,0080;0,9930;;False
1227,28;2.79;pa016​;20250417_161114;1;FO2;-0,0080;1,6538;0,0578;-0,1149;-0,0263;0,0083;0,9930;;False
1227,30;2.8;pa016​;20250417_161114;1;FO2;-0,0080;1,6537;0,0578;-0,1146;-0,0263;0,0084;0,9930;;False
1227,31;2.82;pa016​;20250417_161114;1;FO2;-0,0080;1,6537;0,0579;-0,1149;-0,0263;0,0084;0,9930;;False
1227,33;2.84;pa016​;20250417_161114;1;FO2;-0,0081;1,6536;0,0581;-0,1148;-0,0263;0,0083;0,9930;;False
1227,35;2.86;pa016​;20250417_161114;1;FO2;-0,0081;1,6537;0,0581;-0,1149;-0,0264;0,0082;0,9930;;False
1227,37;2.87;pa016​;20250417_161114;1;FO2;-0,0082;1,6537;0,0581;-0,1150;-0,0263;0,0082;0,9930;;False
1227,38;2.89;pa016​;20250417_161114;1;FO2;-0,0082;1,6539;0,0582;-0,1151;-0,0264;0,0082;0,9930;;False
1227,40;2.91;pa016​;20250417_161114;1;FO2;-0,0082;1,6539;0,0582;-0,1153;-0,0264;0,0082;0,9929;;False
1227,42;2.93;pa016​;20250417_161114;1;FO2;-0,0083;1,6539;0,0582;-0,1152;-0,0264;0,0082;0,9930;;False
1227,44;2.94;pa016​;20250417_161114;1;FO2;-0,0083;1,6538;0,0582;-0,1151;-0,0264;0,0082;0,9930;;False
1227,45;2.96;pa016​;20250417_161114;1;FO2;-0,0084;1,6538;0,0581;-0,1150;-0,0264;0,0082;0,9930;;False
1227,47;2.98;pa016​;20250417_161114;1;FO2;-0,0084;1,6538;0,0581;-0,1146;-0,0265;0,0081;0,9930;;False
1227,50;3.01;pa016​;20250417_161114;1;FO2;-0,0085;1,6538;0,0579;-0,1145;-0,0267;0,0084;0,9930;;False
1227,52;3.03;pa016​;20250417_161114;1;FO2;-0,0084;1,6538;0,0577;-0,1147;-0,0270;0,0085;0,9930;;False
1227,54;3.05;pa016​;20250417_161114;1;FO2;-0,0086;1,6539;0,0576;-0,1150;-0,0275;0,0086;0,9930;;False
1227,57;3.08;pa016​;20250417_161114;1;FO2;-0,0087;1,6539;0,0574;-0,1156;-0,0280;0,0084;0,9929;;False
1227,59;3.1;pa016​;20250417_161114;1;FO2;-0,0087;1,6540;0,0572;-0,1159;-0,0283;0,0083;0,9928;;False
1227,61;3.12;pa016​;20250417_161114;1;FO2;-0,0089;1,6541;0,0571;-0,1172;-0,0287;0,0083;0,9927;;False
1227,64;3.15;pa016​;20250417_161114;1;FO2;-0,0089;1,6543;0,0568;-0,1187;-0,0292;0,0083;0,9925;;False
1227,66;3.17;pa016​;20250417_161114;1;FO2;-0,0090;1,6544;0,0566;-0,1203;-0,0293;0,0084;0,9923;;False
1227,68;3.19;pa016​;20250417_161114;1;FO2;-0,0090;1,6550;0,0563;-0,1239;-0,0295;0,0082;0,9918;;False
1227,70;3.21;pa016​;20250417_161114;1;FO2;-0,0090;1,6556;0,0560;-0,1262;-0,0296;0,0082;0,9915;;False
1227,71;3.22;pa016​;20250417_161114;1;FO2;-0,0091;1,6559;0,0556;-0,1286;-0,0297;0,0082;0,9912;;False
1227,73;3.23;pa016​;20250417_161114;1;FO2;-0,0090;1,6563;0,0552;-0,1306;-0,0298;0,0080;0,9909;;False
1227,75;3.26;pa016​;20250417_161114;1;FO2;-0,0090;1,6571;0,0545;-0,1355;-0,0300;0,0078;0,9903;;False
1227,78;3.29;pa016​;20250417_161114;1;FO2;-0,0089;1,6580;0,0538;-0,1398;-0,0302;0,0078;0,9897;;False
1227,81;3.31;pa016​;20250417_161114;1;FO2;-0,0087;1,6586;0,0530;-0,1446;-0,0305;0,0073;0,9890;;False
1227,82;3.33;pa016​;20250417_161114;1;FO2;-0,0086;1,6588;0,0527;-0,1464;-0,0306;0,0065;0,9887;;False
1227,84;3.34;pa016​;20250417_161114;1;FO2;-0,0085;1,6590;0,0523;-0,1478;-0,0307;0,0062;0,9885;;False
1227,85;3.36;pa016​;20250417_161114;1;FO2;-0,0085;1,6593;0,0519;-0,1494;-0,0308;0,0061;0,9883;;False
1227,86;3.37;pa016​;20250417_161114;1;FO2;-0,0084;1,6594;0,0516;-0,1507;-0,0308;0,0059;0,9881;;False
1227,88;3.38;pa016​;20250417_161114;1;FO2;-0,0084;1,6596;0,0513;-0,1519;-0,0307;0,0057;0,9879;;False
1227,89;3.4;pa016​;20250417_161114;1;FO2;-0,0083;1,6598;0,0510;-0,1530;-0,0308;0,0056;0,9877;;False
1227,91;3.41;pa016​;20250417_161114;1;FO2;-0,0082;1,6598;0,0506;-0,1536;-0,0309;0,0058;0,9876;;False
1227,92;3.43;pa016​;20250417_161114;1;FO2;-0,0082;1,6599;0,0503;-0,1539;-0,0308;0,0059;0,9876;;False
1227,93;3.44;pa016​;20250417_161114;1;FO2;-0,0080;1,6600;0,0500;-0,1547;-0,0311;0,0059;0,9875;;False
1227,95;3.45;pa016​;20250417_161114;1;FO2;-0,0080;1,6600;0,0497;-0,1550;-0,0310;0,0058;0,9874;;False
1227,96;3.47;pa016​;20250417_161114;1;FO2;-0,0079;1,6602;0,0494;-0,1552;-0,0312;0,0059;0,9874;;False
1227,97;3.48;pa016​;20250417_161114;1;FO2;-0,0078;1,6603;0,0491;-0,1555;-0,0311;0,0059;0,9873;;False
1227,99;3.49;pa016​;20250417_161114;1;FO2;-0,0076;1,6605;0,0488;-0,1561;-0,0311;0,0060;0,9872;;False
1228,00;3.51;pa016​;20250417_161114;1;FO2;-0,0076;1,6607;0,0485;-0,1568;-0,0311;0,0061;0,9871;;False
1228,01;3.52;pa016​;20250417_161114;1;FO2;-0,0075;1,6607;0,0482;-0,1573;-0,0312;0,0058;0,9870;;False
1228,03;3.54;pa016​;20250417_161114;1;FO2;-0,0074;1,6607;0,0479;-0,1577;-0,0311;0,0056;0,9870;;False
1228,04;3.55;pa016​;20250417_161114;1;FO2;-0,0073;1,6607;0,0476;-0,1577;-0,0313;0,0052;0,9870;;False
1228,06;3.56;pa016​;20250417_161114;1;FO2;-0,0073;1,6607;0,0472;-0,1575;-0,0314;0,0054;0,9870;;False
1228,07;3.58;pa016​;20250417_161114;1;FO2;-0,0072;1,6606;0,0470;-0,1575;-0,0314;0,0052;0,9870;;False
1228,08;3.59;pa016​;20250417_161114;1;FO2;-0,0071;1,6608;0,0468;-0,1574;-0,0313;0,0051;0,9870;;False
1228,10;3.61;pa016​;20250417_161114;1;FO2;-0,0071;1,6608;0,0465;-0,1582;-0,0313;0,0051;0,9869;;False
1228,11;3.62;pa016​;20250417_161114;1;FO2;-0,0070;1,6609;0,0463;-0,1584;-0,0309;0,0052;0,9869;;False
1228,13;3.63;pa016​;20250417_161114;1;FO2;-0,0069;1,6609;0,0462;-0,1582;-0,0309;0,0047;0,9869;;False
1228,14;3.64;pa016​;20250417_161114;1;FO2;-0,0069;1,6608;0,0460;-0,1571;-0,0310;0,0049;0,9871;;False
1228,15;3.66;pa016​;20250417_161114;1;FO2;-0,0068;1,6607;0,0459;-0,1561;-0,0310;0,0047;0,9872;;False
1228,16;3.67;pa016​;20250417_161114;1;FO2;-0,0067;1,6605;0,0458;-0,1555;-0,0310;0,0049;0,9873;;False
1228,18;3.68;pa016​;20250417_161114;1;FO2;-0,0066;1,6604;0,0457;-0,1547;-0,0310;0,0051;0,9875;;False
1228,19;3.69;pa016​;20250417_161114;1;FO2;-0,0065;1,6602;0,0456;-0,1541;-0,0309;0,0050;0,9876;;False
1228,20;3.71;pa016​;20250417_161114;1;FO2;-0,0064;1,6601;0,0455;-0,1534;-0,0306;0,0050;0,9877;;False
1228,21;3.72;pa016​;20250417_161114;1;FO2;-0,0064;1,6600;0,0455;-0,1528;-0,0307;0,0047;0,9878;;False
1228,22;3.73;pa016​;20250417_161114;1;FO2;-0,0063;1,6598;0,0454;-0,1519;-0,0308;0,0051;0,9879;;False
1228,24;3.74;pa016​;20250417_161114;1;FO2;-0,0063;1,6597;0,0452;-0,1506;-0,0306;0,0055;0,9881;;False
1228,25;3.76;pa016​;20250417_161114;1;FO2;-0,0062;1,6595;0,0451;-0,1490;-0,0306;0,0055;0,9884;;False
1228,27;3.77;pa016​;20250417_161114;1;FO2;-0,0061;1,6595;0,0449;-0,1484;-0,0306;0,0056;0,9884;;False
1228,28;3.79;pa016​;20250417_161114;1;FO2;-0,0061;1,6595;0,0448;-0,1489;-0,0304;0,0057;0,9884;;False
1228,29;3.8;pa016​;20250417_161114;1;FO2;-0,0062;1,6594;0,0446;-0,1480;-0,0307;0,0057;0,9885;;False
1228,31;3.81;pa016​;20250417_161114;1;FO2;-0,0062;1,6593;0,0444;-0,1478;-0,0310;0,0059;0,9885;;False
1228,32;3.83;pa016​;20250417_161114;1;FO2;-0,0063;1,6593;0,0442;-0,1478;-0,0315;0,0058;0,9885;;False
1228,34;3.84;pa016​;20250417_161114;1;FO2;-0,0064;1,6592;0,0441;-0,1477;-0,0317;0,0059;0,9885;;False
1228,35;3.86;pa016​;20250417_161114;1;FO2;-0,0065;1,6591;0,0440;-0,1463;-0,0321;0,0060;0,9887;;False
1228,36;3.87;pa016​;20250417_161114;1;FO2;-0,0065;1,6591;0,0440;-0,1468;-0,0324;0,0062;0,9886;;False
1228,38;3.88;pa016​;20250417_161114;1;FO2;-0,0064;1,6591;0,0440;-0,1468;-0,0323;0,0060;0,9886;;False
1228,39;3.9;pa016​;20250417_161114;1;FO2;-0,0064;1,6591;0,0440;-0,1465;-0,0322;0,0061;0,9887;;False
1228,40;3.91;pa016​;20250417_161114;1;FO2;-0,0064;1,6590;0,0440;-0,1461;-0,0320;0,0063;0,9887;;False
1228,42;3.93;pa016​;20250417_161114;1;FO2;-0,0065;1,6589;0,0441;-0,1454;-0,0319;0,0062;0,9888;;False
1228,43;3.94;pa016​;20250417_161114;1;FO2;-0,0065;1,6587;0,0441;-0,1447;-0,0319;0,0063;0,9889;;False
1228,45;3.95;pa016​;20250417_161114;1;FO2;-0,0065;1,6585;0,0442;-0,1436;-0,0318;0,0064;0,9891;;False
1228,46;3.97;pa016​;20250417_161114;1;FO2;-0,0065;1,6583;0,0443;-0,1428;-0,0318;0,0063;0,9892;;False
1228,47;3.98;pa016​;20250417_161114;1;FO2;-0,0065;1,6582;0,0445;-0,1428;-0,0319;0,0066;0,9892;;False
1228,49;3.99;pa016​;20250417_161114;1;FO2;-0,0065;1,6582;0,0447;-0,1420;-0,0319;0,0063;0,9893;;False
1228,50;4.01;pa016​;20250417_161114;1;FO2;-0,0064;1,6580;0,0448;-0,1415;-0,0316;0,0058;0,9894;;False
1228,52;4.02;pa016​;20250417_161114;1;FO2;-0,0063;1,6577;0,0448;-0,1406;-0,0319;0,0057;0,9895;;False
1228,53;4.04;pa016​;20250417_161114;1;FO2;-0,0062;1,6575;0,0450;-0,1399;-0,0317;0,0056;0,9896;;False
1228,54;4.05;pa016​;20250417_161114;1;FO2;-0,0063;1,6573;0,0451;-0,1392;-0,0316;0,0057;0,9897;;False
1228,56;4.06;pa016​;20250417_161114;1;FO2;-0,0063;1,6571;0,0452;-0,1384;-0,0315;0,0060;0,9899;;False
1228,57;4.08;pa016​;20250417_161114;1;FO2;-0,0064;1,6569;0,0452;-0,1377;-0,0315;0,0061;0,9899;;False
1228,59;4.09;pa016​;20250417_161114;1;FO2;-0,0064;1,6568;0,0452;-0,1370;-0,0313;0,0066;0,9901;;False
1228,60;4.11;pa016​;20250417_161114;1;FO2;-0,0065;1,6566;0,0453;-0,1364;-0,0311;0,0067;0,9901;;False
1228,61;4.12;pa016​;20250417_161114;1;FO2;-0,0065;1,6565;0,0453;-0,1359;-0,0311;0,0069;0,9902;;False
1228,63;4.13;pa016​;20250417_161114;1;FO2;-0,0066;1,6564;0,0454;-0,1356;-0,0315;0,0072;0,9902;;False
1228,64;4.15;pa016​;20250417_161114;1;FO2;-0,0066;1,6563;0,0454;-0,1350;-0,0314;0,0073;0,9903;;False
1228,65;4.16;pa016​;20250417_161114;1;FO2;-0,0066;1,6561;0,0455;-0,1339;-0,0316;0,0075;0,9905;;False
1228,67;4.18;pa016​;20250417_161114;1;FO2;-0,0066;1,6560;0,0455;-0,1335;-0,0317;0,0079;0,9905;;False
1228,68;4.19;pa016​;20250417_161114;1;FO2;-0,0067;1,6559;0,0455;-0,1327;-0,0319;0,0079;0,9906;;False
1228,70;4.2;pa016​;20250417_161114;1;FO2;-0,0067;1,6557;0,0455;-0,1316;-0,0322;0,0085;0,9907;;False
1228,71;4.22;pa016​;20250417_161114;1;FO2;-0,0067;1,6556;0,0455;-0,1309;-0,0322;0,0084;0,9908;;False
1228,72;4.23;pa016​;20250417_161114;1;FO2;-0,0067;1,6554;0,0455;-0,1305;-0,0321;0,0083;0,9909;;False
1228,74;4.24;pa016​;20250417_161114;1;FO2;-0,0067;1,6552;0,0455;-0,1294;-0,0318;0,0084;0,9911;;False
1228,75;4.26;pa016​;20250417_161114;1;FO2;-0,0066;1,6550;0,0456;-0,1284;-0,0319;0,0086;0,9912;;False
1228,77;4.27;pa016​;20250417_161114;1;FO2;-0,0065;1,6548;0,0456;-0,1280;-0,0315;0,0088;0,9912;;False
1228,78;4.29;pa016​;20250417_161114;1;FO2;-0,0064;1,6544;0,0457;-0,1269;-0,0313;0,0088;0,9914;;False
1228,79;4.3;pa016​;20250417_161114;1;FO2;-0,0062;1,6542;0,0457;-0,1261;-0,0310;0,0091;0,9915;;False
1228,81;4.31;pa016​;20250417_161114;1;FO2;-0,0062;1,6540;0,0458;-0,1256;-0,0309;0,0093;0,9916;;False
1228,82;4.33;pa016​;20250417_161114;1;FO2;-0,0061;1,6539;0,0459;-0,1250;-0,0307;0,0093;0,9916;;False
1228,84;4.34;pa016​;20250417_161114;1;FO2;-0,0061;1,6537;0,0460;-0,1243;-0,0307;0,0096;0,9917;;False
1228,85;4.36;pa016​;20250417_161114;1;FO2;-0,0060;1,6536;0,0461;-0,1235;-0,0306;0,0095;0,9918;;False
1228,86;4.37;pa016​;20250417_161114;1;FO2;-0,0059;1,6535;0,0462;-0,1233;-0,0306;0,0098;0,9919;;False
1228,88;4.38;pa016​;20250417_161114;1;FO2;-0,0059;1,6534;0,0463;-0,1230;-0,0307;0,0095;0,9919;;False
1228,89;4.4;pa016​;20250417_161114;1;FO2;-0,0058;1,6534;0,0464;-0,1230;-0,0307;0,0095;0,9919;;False
1228,91;4.41;pa016​;20250417_161114;1;FO2;-0,0057;1,6534;0,0465;-0,1228;-0,0305;0,0095;0,9919;;False
1228,92;4.43;pa016​;20250417_161114;1;FO2;-0,0055;1,6534;0,0466;-0,1232;-0,0305;0,0094;0,9919;;False
1228,94;4.44;pa016​;20250417_161114;1;FO2;-0,0054;1,6534;0,0466;-0,1231;-0,0303;0,0094;0,9919;;False
1228,95;4.45;pa016​;20250417_161114;1;FO2;-0,0053;1,6533;0,0466;-0,1230;-0,0304;0,0094;0,9919;;False
1228,96;4.47;pa016​;20250417_161114;1;FO2;-0,0052;1,6533;0,0467;-0,1228;-0,0304;0,0094;0,9919;;False
1228,97;4.48;pa016​;20250417_161114;1;FO2;-0,0051;1,6532;0,0467;-0,1227;-0,0304;0,0093;0,9919;;False
1228,99;4.5;pa016​;20250417_161114;1;FO2;-0,0049;1,6532;0,0468;-0,1226;-0,0304;0,0093;0,9919;;False
1229,00;4.51;pa016​;20250417_161114;1;FO2;-0,0049;1,6531;0,0467;-0,1224;-0,0306;0,0090;0,9920;;False
1229,02;4.52;pa016​;20250417_161114;1;FO2;-0,0048;1,6531;0,0467;-0,1220;-0,0307;0,0090;0,9920;;False
1229,03;4.54;pa016​;20250417_161114;1;FO2;-0,0047;1,6531;0,0467;-0,1221;-0,0308;0,0085;0,9920;;False
1229,04;4.55;pa016​;20250417_161114;1;FO2;-0,0045;1,6532;0,0465;-0,1219;-0,0304;0,0087;0,9920;;False
1229,06;4.56;pa016​;20250417_161114;1;FO2;-0,0043;1,6532;0,0464;-0,1218;-0,0305;0,0083;0,9920;;False
1229,07;4.58;pa016​;20250417_161114;1;FO2;-0,0043;1,6532;0,0462;-0,1218;-0,0303;0,0084;0,9921;;False
1229,09;4.59;pa016​;20250417_161114;1;FO2;-0,0043;1,6533;0,0460;-0,1223;-0,0300;0,0083;0,9920;;False
1229,10;4.61;pa016​;20250417_161114;1;FO2;-0,0043;1,6535;0,0458;-0,1230;-0,0301;0,0086;0,9919;;False
1229,13;4.63;pa016​;20250417_161114;1;FO2;-0,0044;1,6538;0,0454;-0,1236;-0,0299;0,0091;0,9918;;False
1229,14;4.65;pa016​;20250417_161114;1;FO2;-0,0045;1,6540;0,0451;-0,1243;-0,0297;0,0094;0,9918;;False
1229,15;4.66;pa016​;20250417_161114;1;FO2;-0,0046;1,6542;0,0449;-0,1254;-0,0298;0,0099;0,9916;;False
1229,17;4.67;pa016​;20250417_161114;1;FO2;-0,0048;1,6544;0,0446;-0,1262;-0,0300;0,0101;0,9915;;False
1229,18;4.69;pa016​;20250417_161114;1;FO2;-0,0049;1,6544;0,0444;-0,1265;-0,0301;0,0101;0,9915;;False
1229,19;4.7;pa016​;20250417_161114;1;FO2;-0,0050;1,6546;0,0442;-0,1275;-0,0304;0,0101;0,9913;;False
1229,21;4.72;pa016​;20250417_161114;1;FO2;-0,0051;1,6546;0,0440;-0,1269;-0,0302;0,0099;0,9914;;False
1229,22;4.73;pa016​;20250417_161114;1;FO2;-0,0053;1,6541;0,0435;-0,1265;-0,0303;0,0102;0,9915;;False
1229,24;4.74;pa016​;20250417_161114;1;FO2;-0,0055;1,6542;0,0433;-0,1245;-0,0303;0,0105;0,9917;;False
1229,25;4.76;pa016​;20250417_161114;1;FO2;-0,0056;1,6543;0,0431;-0,1253;-0,0302;0,0108;0,9916;;False
1229,26;4.77;pa016​;20250417_161114;1;FO2;-0,0059;1,6542;0,0427;-0,1253;-0,0302;0,0111;0,9916;;False
1229,28;4.79;pa016​;20250417_161114;1;FO2;-0,0061;1,6538;0,0422;-0,1244;-0,0304;0,0115;0,9917;;False
1229,29;4.8;pa016​;20250417_161114;1;FO2;-0,0063;1,6540;0,0419;-0,1235;-0,0306;0,0124;0,9918;;False
1229,31;4.81;pa016​;20250417_161114;1;FO2;-0,0063;1,6540;0,0415;-0,1238;-0,0307;0,0127;0,9918;;False
1229,32;4.83;pa016​;20250417_161114;1;FO2;-0,0064;1,6540;0,0411;-0,1239;-0,0306;0,0131;0,9917;;False
1229,33;4.84;pa016​;20250417_161114;1;FO2;-0,0066;1,6540;0,0407;-0,1245;-0,0307;0,0135;0,9917;;False
1229,35;4.85;pa016​;20250417_161114;1;FO2;-0,0069;1,6542;0,0403;-0,1249;-0,0307;0,0132;0,9916;;False
1229,36;4.87;pa016​;20250417_161114;1;FO2;-0,0071;1,6541;0,0398;-0,1261;-0,0312;0,0132;0,9914;;False
1229,38;4.88;pa016​;20250417_161114;1;FO2;-0,0072;1,6547;0,0396;-0,1279;-0,0318;0,0138;0,9912;;False
1229,39;4.9;pa016​;20250417_161114;1;FO2;-0,0076;1,6545;0,0389;-0,1283;-0,0321;0,0138;0,9911;;False
1229,40;4.91;pa016​;20250417_161114;1;FO2;-0,0077;1,6546;0,0385;-0,1284;-0,0329;0,0137;0,9911;;False
1229,42;4.92;pa016​;20250417_161114;1;FO2;-0,0079;1,6548;0,0381;-0,1295;-0,0330;0,0140;0,9909;;False
1229,43;4.94;pa016​;20250417_161114;1;FO2;-0,0080;1,6548;0,0377;-0,1303;-0,0332;0,0139;0,9908;;False
1229,45;4.95;pa016​;20250417_161114;1;FO2;-0,0083;1,6549;0,0373;-0,1307;-0,0333;0,0140;0,9908;;False
1229,46;4.97;pa016​;20250417_161114;1;FO2;-0,0084;1,6548;0,0369;-0,1313;-0,0333;0,0143;0,9907;;False
1229,47;4.98;pa016​;20250417_161114;1;FO2;-0,0086;1,6549;0,0366;-0,1313;-0,0333;0,0146;0,9907;;False
1229,49;4.99;pa016​;20250417_161114;1;FO2;-0,0087;1,6549;0,0363;-0,1319;-0,0331;0,0148;0,9906;;False
1229,50;5.01;pa016​;20250417_161114;1;FO2;-0,0088;1,6549;0,0359;-0,1320;-0,0331;0,0151;0,9906;;False
1229,51;5.02;pa016​;20250417_161114;1;FO2;-0,0089;1,6549;0,0356;-0,1322;-0,0331;0,0153;0,9906;;False
1229,53;5.04;pa016​;20250417_161114;1;FO2;-0,0090;1,6549;0,0353;-0,1321;-0,0332;0,0155;0,9906;;False
1229,54;5.05;pa016​;20250417_161114;1;FO2;-0,0091;1,6548;0,0351;-0,1323;-0,0331;0,0158;0,9905;;False
1229,56;5.06;pa016​;20250417_161114;1;FO2;-0,0092;1,6548;0,0348;-0,1318;-0,0332;0,0159;0,9906;;False
1229,57;5.08;pa016​;20250417_161114;1;FO2;-0,0093;1,6546;0,0346;-0,1314;-0,0333;0,0161;0,9906;;False
1229,58;5.09;pa016​;20250417_161114;1;FO2;-0,0093;1,6546;0,0343;-0,1306;-0,0333;0,0164;0,9907;;False
1229,60;5.1;pa016​;20250417_161114;1;FO2;-0,0094;1,6545;0,0340;-0,1302;-0,0334;0,0165;0,9908;;False
1229,61;5.12;pa016​;20250417_161114;1;FO2;-0,0094;1,6543;0,0338;-0,1292;-0,0334;0,0166;0,9909;;False
1229,63;5.13;pa016​;20250417_161114;1;FO2;-0,0094;1,6542;0,0336;-0,1288;-0,0335;0,0165;0,9910;;False
1229,64;5.15;pa016​;20250417_161114;1;FO2;-0,0095;1,6541;0,0333;-0,1278;-0,0335;0,0167;0,9911;;False
1229,65;5.16;pa016​;20250417_161114;1;FO2;-0,0095;1,6539;0,0331;-0,1271;-0,0335;0,0167;0,9912;;False
1229,67;5.17;pa016​;20250417_161114;1;FO2;-0,0095;1,6538;0,0328;-0,1268;-0,0336;0,0167;0,9912;;False
1229,68;5.19;pa016​;20250417_161114;1;FO2;-0,0096;1,6537;0,0326;-0,1266;-0,0335;0,0169;0,9912;;False
1229,70;5.2;pa016​;20250417_161114;1;FO2;-0,0096;1,6537;0,0323;-0,1260;-0,0335;0,0169;0,9913;;False
1229,71;5.22;pa016​;20250417_161114;1;FO2;-0,0097;1,6537;0,0321;-0,1255;-0,0335;0,0170;0,9914;;False
1229,72;5.23;pa016​;20250417_161114;1;FO2;-0,0098;1,6537;0,0320;-0,1255;-0,0337;0,0170;0,9914;;False
1229,74;5.24;pa016​;20250417_161114;1;FO2;-0,0098;1,6536;0,0317;-0,1250;-0,0338;0,0173;0,9914;;False
1229,75;5.26;pa016​;20250417_161114;1;FO2;-0,0098;1,6535;0,0315;-0,1249;-0,0340;0,0174;0,9914;;False
1229,76;5.27;pa016​;20250417_161114;1;FO2;-0,0098;1,6534;0,0312;-0,1246;-0,0341;0,0175;0,9915;;False
1229,78;5.29;pa016​;20250417_161114;1;FO2;-0,0099;1,6533;0,0310;-0,1242;-0,0341;0,0172;0,9915;;False
1229,79;5.3;pa016​;20250417_161114;1;FO2;-0,0099;1,6532;0,0308;-0,1239;-0,0343;0,0174;0,9916;;False
1229,81;5.31;pa016​;20250417_161114;1;FO2;-0,0099;1,6531;0,0305;-0,1238;-0,0343;0,0176;0,9916;;False
1229,82;5.33;pa016​;20250417_161114;1;FO2;-0,0099;1,6530;0,0303;-0,1232;-0,0343;0,0176;0,9916;;False
1229,83;5.34;pa016​;20250417_161114;1;FO2;-0,0098;1,6527;0,0300;-0,1226;-0,0344;0,0178;0,9917;;False
1229,85;5.36;pa016​;20250417_161114;1;FO2;-0,0098;1,6525;0,0298;-0,1221;-0,0344;0,0179;0,9918;;False
1229,86;5.37;pa016​;20250417_161114;1;FO2;-0,0098;1,6523;0,0296;-0,1211;-0,0343;0,0179;0,9919;;False
1229,88;5.38;pa016​;20250417_161114;1;FO2;-0,0097;1,6521;0,0296;-0,1201;-0,0343;0,0177;0,9920;;False
1229,89;5.4;pa016​;20250417_161114;1;FO2;-0,0097;1,6519;0,0295;-0,1189;-0,0343;0,0171;0,9922;;False
1229,90;5.41;pa016​;20250417_161114;1;FO2;-0,0098;1,6517;0,0295;-0,1174;-0,0343;0,0173;0,9923;;False
1229,92;5.42;pa016​;20250417_161114;1;FO2;-0,0099;1,6515;0,0296;-0,1160;-0,0344;0,0173;0,9925;;False
1229,93;5.44;pa016​;20250417_161114;1;FO2;-0,0099;1,6512;0,0296;-0,1143;-0,0347;0,0176;0,9927;;False
1229,95;5.45;pa016​;20250417_161114;1;FO2;-0,0099;1,6508;0,0297;-0,1130;-0,0349;0,0179;0,9928;;False
1229,96;5.47;pa016​;20250417_161114;1;FO2;-0,0100;1,6506;0,0299;-0,1116;-0,0351;0,0176;0,9930;;False
1229,97;5.48;pa016​;20250417_161114;1;FO2;-0,0101;1,6503;0,0298;-0,1105;-0,0352;0,0176;0,9931;;False
1229,99;5.49;pa016​;20250417_161114;1;FO2;-0,0101;1,6501;0,0298;-0,1094;-0,0355;0,0176;0,9932;;False
1230,00;5.51;pa016​;20250417_161114;1;FO2;-0,0102;1,6498;0,0299;-0,1086;-0,0358;0,0175;0,9933;;False
1230,02;5.52;pa016​;20250417_161114;1;FO2;-0,0103;1,6496;0,0300;-0,1076;-0,0359;0,0177;0,9934;;False
1230,03;5.54;pa016​;20250417_161114;1;FO2;-0,0104;1,6494;0,0301;-0,1067;-0,0361;0,0177;0,9935;;False
1230,04;5.55;pa016​;20250417_161114;1;FO2;-0,0104;1,6493;0,0303;-0,1057;-0,0364;0,0178;0,9936;;False
1230,06;5.56;pa016​;20250417_161114;1;FO2;-0,0105;1,6491;0,0304;-0,1047;-0,0366;0,0179;0,9937;;False
1230,07;5.58;pa016​;20250417_161114;1;FO2;-0,0106;1,6489;0,0306;-0,1036;-0,0368;0,0182;0,9938;;False
1230,09;5.59;pa016​;20250417_161114;1;FO2;-0,0106;1,6488;0,0307;-0,1025;-0,0369;0,0182;0,9939;;False
1230,10;5.61;pa016​;20250417_161114;1;FO2;-0,0107;1,6486;0,0309;-0,1015;-0,0369;0,0181;0,9940;;False
1230,11;5.62;pa016​;20250417_161114;1;FO2;-0,0109;1,6484;0,0310;-0,1004;-0,0369;0,0180;0,9941;;False
1230,13;5.63;pa016​;20250417_161114;1;FO2;-0,0110;1,6483;0,0311;-0,0994;-0,0370;0,0181;0,9942;;False
1230,14;5.65;pa016​;20250417_161114;1;FO2;-0,0111;1,6481;0,0313;-0,0987;-0,0368;0,0181;0,9943;;False
1230,16;5.66;pa016​;20250417_161114;1;FO2;-0,0111;1,6479;0,0314;-0,0981;-0,0366;0,0181;0,9943;;False
1230,17;5.68;pa016​;20250417_161114;1;FO2;-0,0111;1,6478;0,0316;-0,0976;-0,0366;0,0182;0,9944;;False
1230,18;5.69;pa016​;20250417_161114;1;FO2;-0,0112;1,6477;0,0317;-0,0971;-0,0365;0,0182;0,9944;;False
1230,20;5.7;pa016​;20250417_161114;1;FO2;-0,0113;1,6477;0,0318;-0,0968;-0,0363;0,0182;0,9945;;False
1230,21;5.72;pa016​;20250417_161114;1;FO2;-0,0113;1,6476;0,0318;-0,0967;-0,0363;0,0183;0,9945;;False
1230,22;5.73;pa016​;20250417_161114;1;FO2;-0,0114;1,6476;0,0318;-0,0966;-0,0363;0,0184;0,9945;;False
1230,24;5.74;pa016​;20250417_161114;1;FO2;-0,0114;1,6477;0,0318;-0,0967;-0,0362;0,0183;0,9945;;False
1230,25;5.76;pa016​;20250417_161114;1;FO2;-0,0116;1,6479;0,0318;-0,0968;-0,0362;0,0184;0,9945;;False
1230,27;5.77;pa016​;20250417_161114;1;FO2;-0,0117;1,6480;0,0318;-0,0969;-0,0363;0,0185;0,9945;;False
1230,28;5.79;pa016​;20250417_161114;1;FO2;-0,0117;1,6481;0,0317;-0,0972;-0,0363;0,0184;0,9944;;False
1230,29;5.8;pa016​;20250417_161114;1;FO2;-0,0118;1,6482;0,0316;-0,0974;-0,0363;0,0184;0,9944;;False
1230,31;5.81;pa016​;20250417_161114;1;FO2;-0,0119;1,6483;0,0315;-0,0981;-0,0363;0,0183;0,9943;;False
1230,32;5.83;pa016​;20250417_161114;1;FO2;-0,0121;1,6484;0,0314;-0,0985;-0,0364;0,0184;0,9943;;False
1230,34;5.84;pa016​;20250417_161114;1;FO2;-0,0121;1,6485;0,0312;-0,0988;-0,0363;0,0184;0,9943;;False
1230,35;5.86;pa016​;20250417_161114;1;FO2;-0,0122;1,6485;0,0311;-0,0989;-0,0364;0,0185;0,9943;;False
1230,36;5.87;pa016​;20250417_161114;1;FO2;-0,0122;1,6485;0,0310;-0,0991;-0,0364;0,0184;0,9942;;False
1230,38;5.88;pa016​;20250417_161114;1;FO2;-0,0123;1,6487;0,0309;-0,0994;-0,0364;0,0183;0,9942;;False
1230,39;5.9;pa016​;20250417_161114;1;FO2;-0,0124;1,6488;0,0308;-0,0996;-0,0363;0,0184;0,9942;;False
1230,40;5.91;pa016​;20250417_161114;1;FO2;-0,0124;1,6489;0,0307;-0,0996;-0,0364;0,0184;0,9942;;False
1230,42;5.93;pa016​;20250417_161114;1;FO2;-0,0124;1,6489;0,0306;-0,0996;-0,0364;0,0183;0,9942;;False
1230,43;5.94;pa016​;20250417_161114;1;FO2;-0,0125;1,6489;0,0304;-0,0995;-0,0363;0,0184;0,9942;;False
1230,45;5.95;pa016​;20250417_161114;1;FO2;-0,0125;1,6490;0,0303;-0,0994;-0,0363;0,0183;0,9942;;False
1230,46;5.97;pa016​;20250417_161114;1;FO2;-0,0125;1,6490;0,0301;-0,0992;-0,0360;0,0183;0,9942;;False
1230,47;5.98;pa016​;20250417_161114;1;FO2;-0,0125;1,6489;0,0299;-0,0993;-0,0358;0,0181;0,9943;;False
1230,49;6.0;pa016​;20250417_161114;1;FO2;-0,0125;1,6490;0,0298;-0,0992;-0,0357;0,0181;0,9943;;False
1230,50;6.01;pa016​;20250417_161114;1;FO2;-0,0126;1,6491;0,0297;-0,0994;-0,0356;0,0181;0,9942;;False
1230,52;6.02;pa016​;20250417_161114;1;FO2;-0,0126;1,6492;0,0296;-0,0995;-0,0356;0,0181;0,9942;;False
1230,53;6.04;pa016​;20250417_161114;1;FO2;-0,0127;1,6493;0,0295;-0,0996;-0,0356;0,0181;0,9942;;False
1230,54;6.05;pa016​;20250417_161114;1;FO2;-0,0128;1,6494;0,0294;-0,1000;-0,0357;0,0181;0,9942;;False
1230,56;6.06;pa016​;20250417_161114;1;FO2;-0,0128;1,6494;0,0293;-0,1005;-0,0358;0,0185;0,9941;;False
1230,57;6.08;pa016​;20250417_161114;1;FO2;-0,0129;1,6495;0,0291;-0,1003;-0,0358;0,0186;0,9941;;False
1230,59;6.09;pa016​;20250417_161114;1;FO2;-0,0129;1,6496;0,0290;-0,1003;-0,0358;0,0184;0,9941;;False
1230,60;6.11;pa016​;20250417_161114;1;FO2;-0,0130;1,6497;0,0289;-0,1006;-0,0356;0,0179;0,9941;;False
1230,61;6.12;pa016​;20250417_161114;1;FO2;-0,0130;1,6497;0,0289;-0,1010;-0,0354;0,0179;0,9941;;False
1230,63;6.13;pa016​;20250417_161114;1;FO2;-0,0131;1,6498;0,0288;-0,1014;-0,0353;0,0181;0,9941;;False
1230,64;6.15;pa016​;20250417_161114;1;FO2;-0,0131;1,6501;0,0288;-0,1017;-0,0353;0,0181;0,9940;;False
1230,66;6.16;pa016​;20250417_161114;1;FO2;-0,0132;1,6502;0,0288;-0,1018;-0,0354;0,0182;0,9940;;False
1230,67;6.18;pa016​;20250417_161114;1;FO2;-0,0132;1,6503;0,0288;-0,1018;-0,0354;0,0183;0,9940;;False
1230,68;6.19;pa016​;20250417_161114;1;FO2;-0,0133;1,6503;0,0287;-0,1019;-0,0354;0,0185;0,9940;;False
1230,70;6.2;pa016​;20250417_161114;1;FO2;-0,0134;1,6504;0,0286;-0,1021;-0,0353;0,0185;0,9940;;False
1230,71;6.22;pa016​;20250417_161114;1;FO2;-0,0134;1,6504;0,0285;-0,1020;-0,0352;0,0186;0,9940;;False
1230,72;6.23;pa016​;20250417_161114;1;FO2;-0,0135;1,6504;0,0283;-0,1019;-0,0352;0,0188;0,9940;;False
1230,74;6.25;pa016​;20250417_161114;1;FO2;-0,0136;1,6505;0,0282;-0,1021;-0,0351;0,0188;0,9940;;False
1230,75;6.26;pa016​;20250417_161114;1;FO2;-0,0136;1,6505;0,0282;-0,1025;-0,0350;0,0187;0,9939;;False
1230,77;6.27;pa016​;20250417_161114;1;FO2;-0,0137;1,6506;0,0281;-0,1029;-0,0351;0,0190;0,9939;;False
1230,78;6.29;pa016​;20250417_161114;1;FO2;-0,0137;1,6507;0,0280;-0,1035;-0,0353;0,0190;0,9938;;False
1230,79;6.3;pa016​;20250417_161114;1;FO2;-0,0137;1,6508;0,0279;-0,1036;-0,0352;0,0189;0,9938;;False
1230,81;6.32;pa016​;20250417_161114;1;FO2;-0,0137;1,6508;0,0278;-0,1038;-0,0352;0,0188;0,9938;;False
1230,82;6.33;pa016​;20250417_161114;1;FO2;-0,0138;1,6509;0,0278;-0,1043;-0,0353;0,0188;0,9937;;False
1230,84;6.34;pa016​;20250417_161114;1;FO2;-0,0138;1,6510;0,0277;-0,1049;-0,0352;0,0188;0,9937;;False
1230,85;6.36;pa016​;20250417_161114;1;FO2;-0,0138;1,6511;0,0276;-0,1052;-0,0352;0,0189;0,9936;;False
1230,86;6.37;pa016​;20250417_161114;1;FO2;-0,0137;1,6511;0,0276;-0,1054;-0,0353;0,0189;0,9936;;False
1230,88;6.38;pa016​;20250417_161114;1;FO2;-0,0138;1,6512;0,0275;-0,1057;-0,0351;0,0191;0,9936;;False
1230,89;6.4;pa016​;20250417_161114;1;FO2;-0,0138;1,6513;0,0274;-0,1063;-0,0352;0,0193;0,9935;;False
1230,91;6.41;pa016​;20250417_161114;1;FO2;-0,0138;1,6515;0,0273;-0,1065;-0,0352;0,0194;0,9935;;False
1230,92;6.43;pa016​;20250417_161114;1;FO2;-0,0139;1,6516;0,0272;-0,1065;-0,0351;0,0196;0,9935;;False
1230,93;6.44;pa016​;20250417_161114;1;FO2;-0,0139;1,6517;0,0272;-0,1065;-0,0351;0,0194;0,9935;;False
1230,95;6.45;pa016​;20250417_161114;1;FO2;-0,0139;1,6517;0,0271;-0,1071;-0,0352;0,0193;0,9934;;False
1230,96;6.47;pa016​;20250417_161114;1;FO2;-0,0139;1,6518;0,0270;-0,1073;-0,0352;0,0194;0,9934;;False
1230,97;6.48;pa016​;20250417_161114;1;FO2;-0,0139;1,6519;0,0268;-0,1079;-0,0353;0,0193;0,9933;;False
1230,99;6.5;pa016​;20250417_161114;1;FO2;-0,0139;1,6520;0,0266;-0,1082;-0,0355;0,0192;0,9933;;False
1231,00;6.51;pa016​;20250417_161114;1;FO2;-0,0139;1,6521;0,0265;-0,1085;-0,0355;0,0192;0,9933;;False
1231,02;6.52;pa016​;20250417_161114;1;FO2;-0,0139;1,6521;0,0264;-0,1085;-0,0355;0,0189;0,9933;;False
1231,03;6.54;pa016​;20250417_161114;1;FO2;-0,0138;1,6522;0,0263;-0,1088;-0,0357;0,0187;0,9932;;False
1231,04;6.55;pa016​;20250417_161114;1;FO2;-0,0137;1,6524;0,0261;-0,1090;-0,0354;0,0187;0,9932;;False
1231,06;6.57;pa016​;20250417_161114;1;FO2;-0,0136;1,6525;0,0259;-0,1094;-0,0355;0,0186;0,9932;;False
1231,07;6.58;pa016​;20250417_161114;1;FO2;-0,0136;1,6526;0,0258;-0,1100;-0,0354;0,0184;0,9931;;False
1231,09;6.59;pa016​;20250417_161114;1;FO2;-0,0135;1,6528;0,0257;-0,1107;-0,0355;0,0183;0,9931;;False
1231,10;6.61;pa016​;20250417_161114;1;FO2;-0,0134;1,6529;0,0255;-0,1115;-0,0357;0,0183;0,9929;;False
1231,11;6.62;pa016​;20250417_161114;1;FO2;-0,0133;1,6530;0,0254;-0,1122;-0,0357;0,0184;0,9929;;False
1231,13;6.64;pa016​;20250417_161114;1;FO2;-0,0132;1,6530;0,0252;-0,1121;-0,0356;0,0184;0,9929;;False
1231,14;6.65;pa016​;20250417_161114;1;FO2;-0,0131;1,6530;0,0250;-0,1116;-0,0353;0,0183;0,9930;;False
1231,16;6.66;pa016​;20250417_161114;1;FO2;-0,0129;1,6530;0,0250;-0,1121;-0,0349;0,0184;0,9929;;False
1231,17;6.68;pa016​;20250417_161114;1;FO2;-0,0127;1,6530;0,0248;-0,1119;-0,0346;0,0183;0,9929;;False
1231,18;6.69;pa016​;20250417_161114;1;FO2;-0,0124;1,6530;0,0245;-0,1127;-0,0342;0,0182;0,9929;;False
1231,20;6.71;pa016​;20250417_161114;1;FO2;-0,0123;1,6530;0,0244;-0,1128;-0,0340;0,0181;0,9929;;False
1231,21;6.72;pa016​;20250417_161114;1;FO2;-0,0121;1,6530;0,0243;-0,1131;-0,0339;0,0181;0,9928;;False
1231,24;6.75;pa016​;20250417_161114;1;FO2;-0,0120;1,6531;0,0240;-0,1139;-0,0340;0,0181;0,9927;;False
1231,27;6.78;pa016​;20250417_161114;1;FO2;-0,0120;1,6532;0,0235;-0,1153;-0,0343;0,0181;0,9926;;False
1231,28;6.79;pa016​;20250417_161114;1;FO2;-0,0120;1,6533;0,0234;-0,1154;-0,0345;0,0181;0,9926;;False
1231,31;6.82;pa016​;20250417_161114;1;FO2;-0,0119;1,6535;0,0230;-0,1165;-0,0348;0,0173;0,9924;;False
1231,34;6.84;pa016​;20250417_161114;1;FO2;-0,0117;1,6538;0,0226;-0,1181;-0,0350;0,0177;0,9922;;False
1231,37;6.87;pa016​;20250417_161114;1;FO2;-0,0118;1,6540;0,0223;-0,1194;-0,0351;0,0184;0,9921;;False
1231,38;6.89;pa016​;20250417_161114;1;FO2;-0,0119;1,6541;0,0219;-0,1201;-0,0352;0,0187;0,9920;;False
1231,41;6.91;pa016​;20250417_161114;1;FO2;-0,0120;1,6543;0,0215;-0,1210;-0,0355;0,0192;0,9918;;False
1231,43;6.94;pa016​;20250417_161114;1;FO2;-0,0122;1,6545;0,0212;-0,1221;-0,0360;0,0194;0,9917;;False
1231,45;6.96;pa016​;20250417_161114;1;FO2;-0,0122;1,6546;0,0210;-0,1227;-0,0362;0,0196;0,9916;;False
1231,48;6.98;pa016​;20250417_161114;1;FO2;-0,0123;1,6548;0,0208;-0,1238;-0,0363;0,0195;0,9914;;False
1231,50;7.01;pa016​;20250417_161114;1;FO2;-0,0123;1,6550;0,0207;-0,1245;-0,0364;0,0192;0,9914;;False
1231,53;7.04;pa016​;20250417_161114;1;FO2;-0,0123;1,6552;0,0204;-0,1247;-0,0362;0,0187;0,9914;;False
1231,55;7.05;pa016​;20250417_161114;1;FO2;-0,0122;1,6553;0,0204;-0,1248;-0,0361;0,0186;0,9914;;False
1231,56;7.07;pa016​;20250417_161114;1;FO2;-0,0122;1,6554;0,0203;-0,1249;-0,0356;0,0190;0,9914;;False
1231,58;7.08;pa016​;20250417_161114;1;FO2;-0,0121;1,6553;0,0202;-0,1244;-0,0350;0,0195;0,9914;;False
1231,59;7.09;pa016​;20250417_161114;1;FO2;-0,0121;1,6553;0,0200;-0,1245;-0,0345;0,0198;0,9914;;False
1231,60;7.11;pa016​;20250417_161114;1;FO2;-0,0121;1,6552;0,0198;-0,1238;-0,0343;0,0199;0,9915;;False
1231,62;7.12;pa016​;20250417_161114;1;FO2;-0,0122;1,6551;0,0198;-0,1232;-0,0338;0,0205;0,9916;;False
1231,63;7.14;pa016​;20250417_161114;1;FO2;-0,0122;1,6551;0,0197;-0,1230;-0,0337;0,0208;0,9916;;False
1231,64;7.15;pa016​;20250417_161114;1;FO2;-0,0123;1,6550;0,0196;-0,1227;-0,0335;0,0212;0,9916;;False
1231,66;7.16;pa016​;20250417_161114;1;FO2;-0,0123;1,6550;0,0196;-0,1234;-0,0333;0,0213;0,9916;;False
1231,67;7.18;pa016​;20250417_161114;1;FO2;-0,0124;1,6550;0,0196;-0,1232;-0,0337;0,0211;0,9916;;False
1231,68;7.19;pa016​;20250417_161114;1;FO2;-0,0126;1,6550;0,0195;-0,1228;-0,0338;0,0213;0,9916;;False
1231,70;7.21;pa016​;20250417_161114;1;FO2;-0,0127;1,6550;0,0195;-0,1227;-0,0344;0,0211;0,9916;;False
1231,73;7.23;pa016​;20250417_161114;1;FO2;-0,0128;1,6550;0,0195;-0,1231;-0,0353;0,0211;0,9915;;False
1231,74;7.25;pa016​;20250417_161114;1;FO2;-0,0130;1,6551;0,0195;-0,1232;-0,0358;0,0206;0,9915;;False
1231,75;7.26;pa016​;20250417_161114;1;FO2;-0,0132;1,6551;0,0196;-0,1237;-0,0365;0,0205;0,9914;;False
1231,77;7.28;pa016​;20250417_161114;1;FO2;-0,0133;1,6551;0,0197;-0,1240;-0,0367;0,0205;0,9914;;False
1231,78;7.29;pa016​;20250417_161114;1;FO2;-0,0135;1,6550;0,0198;-0,1237;-0,0370;0,0204;0,9914;;False
1231,80;7.3;pa016​;20250417_161114;1;FO2;-0,0137;1,6549;0,0200;-0,1234;-0,0372;0,0205;0,9914;;False
1231,81;7.32;pa016​;20250417_161114;1;FO2;-0,0139;1,6549;0,0203;-0,1233;-0,0374;0,0206;0,9915;;False
1231,83;7.33;pa016​;20250417_161114;1;FO2;-0,0141;1,6548;0,0208;-0,1229;-0,0379;0,0204;0,9915;;False
1231,84;7.34;pa016​;20250417_161114;1;FO2;-0,0143;1,6545;0,0209;-0,1221;-0,0381;0,0205;0,9916;;False
1231,85;7.36;pa016​;20250417_161114;1;FO2;-0,0144;1,6544;0,0214;-0,1218;-0,0385;0,0207;0,9916;;False
1231,87;7.37;pa016​;20250417_161114;1;FO2;-0,0146;1,6544;0,0218;-0,1210;-0,0388;0,0209;0,9917;;False
1231,88;7.39;pa016​;20250417_161114;1;FO2;-0,0149;1,6540;0,0223;-0,1211;-0,0390;0,0208;0,9917;;False
1231,89;7.4;pa016​;20250417_161114;1;FO2;-0,0151;1,6539;0,0227;-0,1197;-0,0393;0,0211;0,9918;;False
1231,91;7.41;pa016​;20250417_161114;1;FO2;-0,0153;1,6538;0,0231;-0,1188;-0,0396;0,0213;0,9919;;False
1231,92;7.43;pa016​;20250417_161114;1;FO2;-0,0156;1,6535;0,0234;-0,1177;-0,0399;0,0216;0,9920;;False
1231,93;7.44;pa016​;20250417_161114;1;FO2;-0,0158;1,6534;0,0238;-0,1165;-0,0400;0,0218;0,9921;;False
1231,95;7.46;pa016​;20250417_161114;1;FO2;-0,0160;1,6533;0,0242;-0,1158;-0,0403;0,0220;0,9922;;False
1231,96;7.47;pa016​;20250417_161114;1;FO2;-0,0162;1,6532;0,0246;-0,1155;-0,0405;0,0223;0,9922;;False
1231,98;7.48;pa016​;20250417_161114;1;FO2;-0,0164;1,6530;0,0249;-0,1152;-0,0407;0,0224;0,9923;;False
1231,99;7.5;pa016​;20250417_161114;1;FO2;-0,0166;1,6530;0,0252;-0,1150;-0,0408;0,0228;0,9923;;False
1232,00;7.51;pa016​;20250417_161114;1;FO2;-0,0167;1,6530;0,0255;-0,1148;-0,0411;0,0228;0,9923;;False
1232,02;7.52;pa016​;20250417_161114;1;FO2;-0,0168;1,6530;0,0259;-0,1146;-0,0413;0,0226;0,9923;;False
1232,03;7.54;pa016​;20250417_161114;1;FO2;-0,0170;1,6530;0,0261;-0,1149;-0,0412;0,0222;0,9923;;False
1232,05;7.55;pa016​;20250417_161114;1;FO2;-0,0172;1,6531;0,0263;-0,1150;-0,0412;0,0222;0,9923;;False
1232,06;7.57;pa016​;20250417_161114;1;FO2;-0,0174;1,6530;0,0265;-0,1151;-0,0413;0,0222;0,9922;;False
1232,07;7.58;pa016​;20250417_161114;1;FO2;-0,0175;1,6530;0,0268;-0,1156;-0,0413;0,0223;0,9922;;False
1232,09;7.59;pa016​;20250417_161114;1;FO2;-0,0176;1,6528;0,0272;-0,1155;-0,0416;0,0227;0,9922;;False
1232,10;7.61;pa016​;20250417_161114;1;FO2;-0,0176;1,6527;0,0274;-0,1150;-0,0418;0,0229;0,9922;;False
1232,12;7.62;pa016​;20250417_161114;1;FO2;-0,0177;1,6524;0,0276;-0,1145;-0,0419;0,0230;0,9923;;False
1232,13;7.64;pa016​;20250417_161114;1;FO2;-0,0177;1,6524;0,0278;-0,1137;-0,0422;0,0231;0,9924;;False
1232,14;7.65;pa016​;20250417_161114;1;FO2;-0,0177;1,6522;0,0281;-0,1136;-0,0422;0,0229;0,9924;;False
1232,16;7.67;pa016​;20250417_161114;1;FO2;-0,0177;1,6522;0,0284;-0,1133;-0,0423;0,0228;0,9924;;False
1232,17;7.68;pa016​;20250417_161114;1;FO2;-0,0178;1,6520;0,0286;-0,1134;-0,0425;0,0226;0,9924;;False
1232,19;7.69;pa016​;20250417_161114;1;FO2;-0,0178;1,6519;0,0287;-0,1130;-0,0425;0,0225;0,9924;;False
1232,20;7.71;pa016​;20250417_161114;1;FO2;-0,0178;1,6520;0,0289;-0,1128;-0,0427;0,0225;0,9924;;False
1232,21;7.72;pa016​;20250417_161114;1;FO2;-0,0178;1,6519;0,0292;-0,1130;-0,0425;0,0225;0,9924;;False
1232,23;7.73;pa016​;20250417_161114;1;FO2;-0,0177;1,6518;0,0293;-0,1130;-0,0425;0,0224;0,9924;;False
1232,24;7.75;pa016​;20250417_161114;1;FO2;-0,0176;1,6517;0,0293;-0,1131;-0,0423;0,0220;0,9924;;False
1232,26;7.76;pa016​;20250417_161114;1;FO2;-0,0175;1,6517;0,0293;-0,1136;-0,0419;0,0218;0,9924;;False
1232,27;7.78;pa016​;20250417_161114;1;FO2;-0,0174;1,6517;0,0293;-0,1140;-0,0417;0,0218;0,9924;;False
1232,28;7.79;pa016​;20250417_161114;1;FO2;-0,0173;1,6518;0,0293;-0,1145;-0,0415;0,0218;0,9923;;False
1232,30;7.8;pa016​;20250417_161114;1;FO2;-0,0173;1,6519;0,0292;-0,1151;-0,0413;0,0219;0,9923;;False
1232,31;7.82;pa016​;20250417_161114;1;FO2;-0,0171;1,6521;0,0290;-0,1166;-0,0409;0,0217;0,9921;;False
1232,32;7.83;pa016​;20250417_161114;1;FO2;-0,0171;1,6522;0,0288;-0,1172;-0,0407;0,0218;0,9920;;False
1232,34;7.84;pa016​;20250417_161114;1;FO2;-0,0171;1,6524;0,0287;-0,1178;-0,0405;0,0217;0,9920;;False
1232,35;7.86;pa016​;20250417_161114;1;FO2;-0,0171;1,6525;0,0286;-0,1184;-0,0402;0,0217;0,9919;;False
1232,36;7.87;pa016​;20250417_161114;1;FO2;-0,0171;1,6526;0,0285;-0,1188;-0,0403;0,0216;0,9919;;False
1232,38;7.88;pa016​;20250417_161114;1;FO2;-0,0171;1,6527;0,0284;-0,1191;-0,0402;0,0216;0,9918;;False
1232,39;7.9;pa016​;20250417_161114;1;FO2;-0,0172;1,6528;0,0284;-0,1193;-0,0401;0,0215;0,9918;;False
1232,41;7.91;pa016​;20250417_161114;1;FO2;-0,0172;1,6527;0,0285;-0,1189;-0,0401;0,0215;0,9919;;False
1232,42;7.93;pa016​;20250417_161114;1;FO2;-0,0173;1,6526;0,0286;-0,1186;-0,0401;0,0214;0,9919;;False
1232,43;7.94;pa016​;20250417_161114;1;FO2;-0,0173;1,6525;0,0287;-0,1178;-0,0401;0,0213;0,9920;;False
1232,45;7.95;pa016​;20250417_161114;1;FO2;-0,0174;1,6522;0,0288;-0,1160;-0,0402;0,0213;0,9922;;False
1232,46;7.97;pa016​;20250417_161114;1;FO2;-0,0175;1,6520;0,0291;-0,1145;-0,0401;0,0214;0,9924;;False
1232,47;7.98;pa016​;20250417_161114;1;FO2;-0,0176;1,6517;0,0294;-0,1127;-0,0402;0,0215;0,9926;;False
1232,49;8.0;pa016​;20250417_161114;1;FO2;-0,0177;1,6509;0,0302;-0,1100;-0,0406;0,0216;0,9929;;False
1232,50;8.01;pa016​;20250417_161114;1;FO2;-0,0179;1,6504;0,0307;-0,1072;-0,0406;0,0218;0,9932;;False
1232,52;8.02;pa016​;20250417_161114;1;FO2;-0,0181;1,6499;0,0313;-0,1040;-0,0407;0,0219;0,9935;;False
1232,53;8.04;pa016​;20250417_161114;1;FO2;-0,0183;1,6494;0,0320;-0,1004;-0,0410;0,0221;0,9939;;False
1232,54;8.05;pa016​;20250417_161114;1;FO2;-0,0184;1,6488;0,0328;-0,0966;-0,0414;0,0223;0,9942;;False
1232,56;8.07;pa016​;20250417_161114;1;FO2;-0,0186;1,6482;0,0336;-0,0928;-0,0415;0,0229;0,9946;;False
1232,57;8.08;pa016​;20250417_161114;1;FO2;-0,0188;1,6473;0,0344;-0,0887;-0,0420;0,0228;0,9949;;False
1232,59;8.09;pa016​;20250417_161114;1;FO2;-0,0191;1,6464;0,0354;-0,0840;-0,0421;0,0229;0,9953;;False
1232,60;8.11;pa016​;20250417_161114;1;FO2;-0,0192;1,6457;0,0365;-0,0788;-0,0429;0,0232;0,9957;;False
1232,61;8.12;pa016​;20250417_161114;1;FO2;-0,0195;1,6445;0,0376;-0,0730;-0,0438;0,0236;0,9961;;False
1232,63;8.13;pa016​;20250417_161114;1;FO2;-0,0200;1,6434;0,0389;-0,0666;-0,0443;0,0240;0,9965;;False
1232,64;8.15;pa016​;20250417_161114;1;FO2;-0,0203;1,6421;0,0403;-0,0597;-0,0452;0,0242;0,9969;;False
1232,66;8.16;pa016​;20250417_161114;1;FO2;-0,0207;1,6405;0,0417;-0,0521;-0,0459;0,0247;0,9973;;False
1232,67;8.18;pa016​;20250417_161114;1;FO2;-0,0210;1,6388;0,0434;-0,0436;-0,0474;0,0247;0,9976;;False
1232,68;8.19;pa016​;20250417_161114;1;FO2;-0,0216;1,6373;0,0454;-0,0337;-0,0484;0,0252;0,9979;;False
1232,70;8.2;pa016​;20250417_161114;1;FO2;-0,0219;1,6350;0,0477;-0,0242;-0,0500;0,0250;0,9981;;False
1232,71;8.22;pa016​;20250417_161114;1;FO2;-0,0225;1,6328;0,0499;-0,0142;-0,0509;0,0254;0,9983;;False
1232,72;8.23;pa016​;20250417_161114;1;FO2;-0,0230;1,6299;0,0524;-0,0030;-0,0522;0,0248;0,9983;;False
1232,74;8.25;pa016​;20250417_161114;1;FO2;-0,0235;1,6272;0,0550;0,0091;-0,0534;0,0241;0,9982;;False
1232,75;8.26;pa016​;20250417_161114;1;FO2;-0,0240;1,6242;0,0580;0,0230;-0,0547;0,0228;0,9980;;False
1232,77;8.27;pa016​;20250417_161114;1;FO2;-0,0246;1,6207;0,0610;0,0376;-0,0557;0,0222;0,9975;;False
1232,78;8.29;pa016​;20250417_161114;1;FO2;-0,0252;1,6168;0,0640;0,0521;-0,0567;0,0209;0,9968;;False
1232,79;8.3;pa016​;20250417_161114;1;FO2;-0,0256;1,6126;0,0672;0,0696;-0,0583;0,0193;0,9957;;False
1232,81;8.32;pa016​;20250417_161114;1;FO2;-0,0261;1,6078;0,0696;0,0878;-0,0594;0,0181;0,9942;;False
1232,82;8.33;pa016​;20250417_161114;1;FO2;-0,0268;1,6035;0,0723;0,1067;-0,0600;0,0174;0,9923;;False
1232,84;8.34;pa016​;20250417_161114;1;FO2;-0,0274;1,6000;0,0756;0,1226;-0,0608;0,0160;0,9905;;False
1232,85;8.36;pa016​;20250417_161114;1;FO2;-0,0279;1,5961;0,0790;0,1353;-0,0616;0,0144;0,9888;;False
1232,86;8.37;pa016​;20250417_161114;1;FO2;-0,0283;1,5923;0,0824;0,1477;-0,0624;0,0132;0,9870;;False
1232,88;8.38;pa016​;20250417_161114;1;FO2;-0,0289;1,5881;0,0856;0,1575;-0,0620;0,0119;0,9855;;False
1232,89;8.4;pa016​;20250417_161114;1;FO2;-0,0291;1,5840;0,0889;0,1688;-0,0622;0,0108;0,9836;;False
1232,91;8.41;pa016​;20250417_161114;1;FO2;-0,0297;1,5797;0,0921;0,1794;-0,0617;0,0105;0,9818;;False
1232,92;8.43;pa016​;20250417_161114;1;FO2;-0,0300;1,5755;0,0953;0,1923;-0,0619;0,0098;0,9793;;False
1232,93;8.44;pa016​;20250417_161114;1;FO2;-0,0303;1,5716;0,0985;0,2040;-0,0615;0,0088;0,9770;;False
1232,95;8.45;pa016​;20250417_161114;1;FO2;-0,0307;1,5683;0,1018;0,2156;-0,0600;0,0080;0,9746;;False
1232,96;8.47;pa016​;20250417_161114;1;FO2;-0,0310;1,5650;0,1051;0,2247;-0,0584;0,0067;0,9726;;False
1232,98;8.48;pa016​;20250417_161114;1;FO2;-0,0313;1,5623;0,1086;0,2339;-0,0565;0,0058;0,9706;;False
1232,99;8.5;pa016​;20250417_161114;1;FO2;-0,0316;1,5593;0,1120;0,2413;-0,0544;0,0048;0,9689;;False
1233,00;8.51;pa016​;20250417_161114;1;FO2;-0,0318;1,5566;0,1155;0,2487;-0,0526;0,0047;0,9671;;False
1233,02;8.52;pa016​;20250417_161114;1;FO2;-0,0320;1,5540;0,1190;0,2553;-0,0510;0,0052;0,9655;;False
1233,03;8.54;pa016​;20250417_161114;1;FO2;-0,0324;1,5516;0,1226;0,2620;-0,0493;0,0058;0,9638;;False
1233,04;8.55;pa016​;20250417_161114;1;FO2;-0,0328;1,5492;0,1266;0,2678;-0,0482;0,0069;0,9623;;False
1233,06;8.57;pa016​;20250417_161114;1;FO2;-0,0332;1,5469;0,1306;0,2734;-0,0472;0,0070;0,9607;;False
1233,07;8.58;pa016​;20250417_161114;1;FO2;-0,0334;1,5444;0,1347;0,2783;-0,0465;0,0072;0,9593;;False
1233,09;8.59;pa016​;20250417_161114;1;FO2;-0,0338;1,5418;0,1387;0,2838;-0,0458;0,0078;0,9577;;False
1233,10;8.61;pa016​;20250417_161114;1;FO2;-0,0342;1,5391;0,1426;0,2890;-0,0456;0,0086;0,9562;;False
1233,11;8.62;pa016​;20250417_161114;1;FO2;-0,0348;1,5365;0,1468;0,2948;-0,0456;0,0094;0,9544;;False
1233,13;8.63;pa016​;20250417_161114;1;FO2;-0,0351;1,5336;0,1512;0,3002;-0,0467;0,0094;0,9527;;False
1233,14;8.65;pa016​;20250417_161114;1;FO2;-0,0357;1,5307;0,1556;0,3059;-0,0470;0,0096;0,9508;;False
1233,16;8.66;pa016​;20250417_161114;1;FO2;-0,0361;1,5276;0,1601;0,3118;-0,0482;0,0101;0,9489;;False
1233,17;8.68;pa016​;20250417_161114;1;FO2;-0,0363;1,5242;0,1648;0,3168;-0,0495;0,0097;0,9471;;False
1233,18;8.69;pa016​;20250417_161114;1;FO2;-0,0364;1,5205;0,1698;0,3227;-0,0513;0,0090;0,9451;;False
1233,20;8.7;pa016​;20250417_161114;1;FO2;-0,0369;1,5164;0,1747;0,3284;-0,0521;0,0088;0,9431;;False
1233,21;8.72;pa016​;20250417_161114;1;FO2;-0,0369;1,5121;0,1797;0,3341;-0,0535;0,0077;0,9410;;False
1233,23;8.73;pa016​;20250417_161114;1;FO2;-0,0370;1,5074;0,1848;0,3405;-0,0545;0,0069;0,9386;;False
1233,24;8.75;pa016​;20250417_161114;1;FO2;-0,0370;1,5023;0,1899;0,3469;-0,0551;0,0058;0,9363;;False
1233,25;8.76;pa016​;20250417_161114;1;FO2;-0,0368;1,4967;0,1953;0,3544;-0,0565;0,0052;0,9334;Collision avec Debut - Objet Parent SceneAnchor;False
1233,27;8.77;pa016​;20250417_161114;1;FO2;-0,0365;1,4907;0,2006;0,3613;-0,0573;0,0037;0,9307;Collision avec Debut - Objet Parent SceneAnchor;False
1233,28;8.79;pa016​;20250417_161114;1;FO2;-0,0365;1,4848;0,2058;0,3680;-0,0573;0,0026;0,9280;Collision avec Debut - Objet Parent SceneAnchor;False
1233,29;8.8;pa016​;20250417_161114;1;FO2;-0,0363;1,4785;0,2112;0,3749;-0,0578;0,0017;0,9253;Collision avec Debut - Objet Parent SceneAnchor;False
1233,31;8.82;pa016​;20250417_161114;1;FO2;-0,0359;1,4715;0,2163;0,3823;-0,0579;0,0007;0,9222;Collision avec Debut - Objet Parent SceneAnchor;False
1233,32;8.83;pa016​;20250417_161114;1;FO2;-0,0354;1,4646;0,2210;0,3887;-0,0576;0,0002;0,9196;Collision avec Debut - Objet Parent SceneAnchor;False
1233,34;8.84;pa016​;20250417_161114;1;FO2;-0,0346;1,4572;0,2262;0,3962;-0,0574;-0,0004;0,9164;Collision avec Debut - Objet Parent SceneAnchor;False
1233,35;8.86;pa016​;20250417_161114;1;FO2;-0,0342;1,4502;0,2314;0,4007;-0,0567;-0,0003;0,9144;Collision avec Debut - Objet Parent SceneAnchor;False
1233,36;8.87;pa016​;20250417_161114;1;FO2;-0,0338;1,4435;0,2369;0,4056;-0,0559;-0,0005;0,9123;Collision avec Debut - Objet Parent SceneAnchor;False
1233,38;8.88;pa016​;20250417_161114;1;FO2;-0,0334;1,4360;0,2412;0,4100;-0,0546;-0,0014;0,9104;Collision avec Debut - Objet Parent SceneAnchor;False
1233,39;8.9;pa016​;20250417_161114;1;FO2;-0,0329;1,4285;0,2453;0,4155;-0,0546;-0,0015;0,9080;Collision avec Debut - Objet Parent SceneAnchor;False
1233,41;8.91;pa016​;20250417_161114;1;FO2;-0,0325;1,4211;0,2490;0,4214;-0,0536;-0,0023;0,9053;Collision avec Debut - Objet Parent SceneAnchor;False
1233,42;8.93;pa016​;20250417_161114;1;FO2;-0,0317;1,4137;0,2527;0,4266;-0,0533;-0,0035;0,9028;Collision avec Debut - Objet Parent SceneAnchor;False
1233,43;8.94;pa016​;20250417_161114;1;FO2;-0,0314;1,4072;0,2568;0,4325;-0,0523;-0,0044;0,9001;Collision avec Debut - Objet Parent SceneAnchor;False
1233,45;8.95;pa016​;20250417_161114;1;FO2;-0,0311;1,4005;0,2605;0,4369;-0,0504;-0,0061;0,8981;Collision avec Debut - Objet Parent SceneAnchor;False
1233,46;8.97;pa016​;20250417_161114;1;FO2;-0,0306;1,3939;0,2639;0,4402;-0,0488;-0,0082;0,8965;Collision avec Debut - Objet Parent SceneAnchor;False
1233,47;8.98;pa016​;20250417_161114;1;FO2;-0,0304;1,3881;0,2674;0,4447;-0,0471;-0,0093;0,8944;Collision avec Debut - Objet Parent SceneAnchor;False
1233,49;9.0;pa016​;20250417_161114;1;FO2;-0,0302;1,3824;0,2703;0,4469;-0,0462;-0,0103;0,8933;Collision avec Debut - Objet Parent SceneAnchor;False
1233,50;9.01;pa016​;20250417_161114;1;FO2;-0,0299;1,3766;0,2733;0,4476;-0,0453;-0,0113;0,8930;Collision avec Debut - Objet Parent SceneAnchor;False
1233,52;9.02;pa016​;20250417_161114;1;FO2;-0,0298;1,3715;0,2764;0,4504;-0,0445;-0,0117;0,8916;Collision avec Debut - Objet Parent SceneAnchor;False
1233,53;9.04;pa016​;20250417_161114;1;FO2;-0,0297;1,3665;0,2786;0,4510;-0,0439;-0,0127;0,8913;Collision avec Debut - Objet Parent SceneAnchor;False
1233,54;9.05;pa016​;20250417_161114;1;FO2;-0,0297;1,3623;0,2810;0,4529;-0,0429;-0,0133;0,8904;Collision avec Debut - Objet Parent SceneAnchor;False
1233,56;9.07;pa016​;20250417_161114;1;FO2;-0,0298;1,3587;0,2831;0,4541;-0,0425;-0,0132;0,8899;Collision avec Debut - Objet Parent SceneAnchor;False
1233,57;9.08;pa016​;20250417_161114;1;FO2;-0,0300;1,3557;0,2851;0,4551;-0,0423;-0,0131;0,8894;Collision avec Debut - Objet Parent SceneAnchor;False
1233,59;9.09;pa016​;20250417_161114;1;FO2;-0,0302;1,3531;0,2866;0,4540;-0,0421;-0,0128;0,8899;Collision avec Debut - Objet Parent SceneAnchor;False
1233,60;9.11;pa016​;20250417_161114;1;FO2;-0,0302;1,3512;0,2880;0,4540;-0,0417;-0,0126;0,8899;Collision avec Debut - Objet Parent SceneAnchor;False
1233,61;9.12;pa016​;20250417_161114;1;FO2;-0,0303;1,3497;0,2891;0,4534;-0,0411;-0,0123;0,8903;Collision avec Debut - Objet Parent SceneAnchor;False
1233,63;9.13;pa016​;20250417_161114;1;FO2;-0,0305;1,3491;0,2900;0,4532;-0,0407;-0,0121;0,8904;Collision avec Debut - Objet Parent SceneAnchor;False
1233,64;9.15;pa016​;20250417_161114;1;FO2;-0,0306;1,3492;0,2907;0,4520;-0,0402;-0,0117;0,8910;Collision avec Debut - Objet Parent SceneAnchor;False
1233,66;9.16;pa016​;20250417_161114;1;FO2;-0,0307;1,3498;0,2913;0,4504;-0,0396;-0,0120;0,8919;Collision avec Debut - Objet Parent SceneAnchor;False
1233,67;9.18;pa016​;20250417_161114;1;FO2;-0,0309;1,3514;0,2917;0,4479;-0,0389;-0,0119;0,8931;Collision avec Debut - Objet Parent SceneAnchor;False
1233,68;9.19;pa016​;20250417_161114;1;FO2;-0,0311;1,3536;0,2918;0,4445;-0,0386;-0,0117;0,8949;Collision avec Debut - Objet Parent SceneAnchor;False
1233,70;9.2;pa016​;20250417_161114;1;FO2;-0,0313;1,3567;0,2917;0,4409;-0,0387;-0,0110;0,8966;Collision avec Debut - Objet Parent SceneAnchor;False
1233,71;9.22;pa016​;20250417_161114;1;FO2;-0,0316;1,3604;0,2913;0,4369;-0,0385;-0,0108;0,8986;Collision avec Debut - Objet Parent SceneAnchor;False
1233,73;9.23;pa016​;20250417_161114;1;FO2;-0,0319;1,3647;0,2908;0,4323;-0,0387;-0,0103;0,9008;Collision avec Debut - Objet Parent SceneAnchor;False
1233,74;9.25;pa016​;20250417_161114;1;FO2;-0,0323;1,3696;0,2902;0,4270;-0,0390;-0,0097;0,9034;Collision avec Debut - Objet Parent SceneAnchor;False
1233,75;9.26;pa016​;20250417_161114;1;FO2;-0,0326;1,3753;0,2895;0,4206;-0,0394;-0,0090;0,9064;Collision avec Debut - Objet Parent SceneAnchor;False
1233,77;9.27;pa016​;20250417_161114;1;FO2;-0,0330;1,3813;0,2884;0,4136;-0,0394;-0,0079;0,9096;Collision avec Debut - Objet Parent SceneAnchor;False
1233,78;9.29;pa016​;20250417_161114;1;FO2;-0,0330;1,3877;0,2869;0,4061;-0,0401;-0,0075;0,9129;Collision avec Debut - Objet Parent SceneAnchor;False
1233,79;9.3;pa016​;20250417_161114;1;FO2;-0,0333;1,3946;0,2852;0,3977;-0,0401;-0,0069;0,9166;Collision avec Debut - Objet Parent SceneAnchor;False
1233,81;9.32;pa016​;20250417_161114;1;FO2;-0,0334;1,4021;0,2835;0,3887;-0,0401;-0,0062;0,9205;Collision avec Debut - Objet Parent SceneAnchor;False
1233,82;9.33;pa016​;20250417_161114;1;FO2;-0,0334;1,4098;0,2815;0,3790;-0,0395;-0,0060;0,9245;Collision avec Debut - Objet Parent SceneAnchor;False
1233,84;9.34;pa016​;20250417_161114;1;FO2;-0,0334;1,4179;0,2789;0,3691;-0,0390;-0,0056;0,9285;Collision avec Debut - Objet Parent SceneAnchor;False
1233,85;9.36;pa016​;20250417_161114;1;FO2;-0,0334;1,4261;0,2761;0,3590;-0,0388;-0,0048;0,9325;Collision avec Debut - Objet Parent SceneAnchor;False
1233,86;9.37;pa016​;20250417_161114;1;FO2;-0,0335;1,4349;0,2730;0,3491;-0,0380;-0,0039;0,9363;Collision avec Debut - Objet Parent SceneAnchor;False
1233,88;9.38;pa016​;20250417_161114;1;FO2;-0,0333;1,4440;0,2697;0,3376;-0,0378;-0,0031;0,9405;Collision avec Debut - Objet Parent SceneAnchor;False
1233,89;9.4;pa016​;20250417_161114;1;FO2;-0,0334;1,4533;0,2661;0,3254;-0,0370;-0,0023;0,9448;Collision avec Debut - Objet Parent SceneAnchor;False
1233,91;9.41;pa016​;20250417_161114;1;FO2;-0,0332;1,4626;0,2621;0,3132;-0,0367;-0,0013;0,9490;Collision avec Debut - Objet Parent SceneAnchor;False
1233,92;9.43;pa016​;20250417_161114;1;FO2;-0,0329;1,4717;0,2578;0,3014;-0,0363;-0,0005;0,9528;Collision avec Debut - Objet Parent SceneAnchor;False
1233,93;9.44;pa016​;20250417_161114;1;FO2;-0,0325;1,4808;0,2530;0,2889;-0,0356;0,0001;0,9567;Collision avec Debut - Objet Parent SceneAnchor;False
1233,95;9.45;pa016​;20250417_161114;1;FO2;-0,0326;1,4902;0,2481;0,2768;-0,0350;0,0009;0,9603;Collision avec Debut - Objet Parent SceneAnchor;False
1233,96;9.47;pa016​;20250417_161114;1;FO2;-0,0324;1,4993;0,2426;0,2644;-0,0346;0,0014;0,9638;Collision avec Debut - Objet Parent SceneAnchor;False
1233,97;9.48;pa016​;20250417_161114;1;FO2;-0,0322;1,5080;0,2370;0,2528;-0,0339;0,0019;0,9669;Collision avec Debut - Objet Parent SceneAnchor;False
1233,99;9.5;pa016​;20250417_161114;1;FO2;-0,0319;1,5164;0,2310;0,2420;-0,0330;0,0016;0,9697;Collision avec Debut - Objet Parent SceneAnchor;False
1234,00;9.51;pa016​;20250417_161114;1;FO2;-0,0317;1,5243;0,2246;0,2309;-0,0328;0,0022;0,9724;Collision avec Debut - Objet Parent SceneAnchor;False
1234,02;9.52;pa016​;20250417_161114;1;FO2;-0,0317;1,5321;0,2181;0,2202;-0,0325;0,0030;0,9749;Collision avec Debut - Objet Parent SceneAnchor;False
1234,03;9.54;pa016​;20250417_161114;1;FO2;-0,0317;1,5396;0,2119;0,2103;-0,0329;0,0040;0,9771;Collision avec Debut - Objet Parent SceneAnchor;False
1234,04;9.55;pa016​;20250417_161114;1;FO2;-0,0314;1,5464;0,2055;0,1997;-0,0335;0,0052;0,9793;Collision avec Debut - Objet Parent SceneAnchor;False
1234,06;9.57;pa016​;20250417_161114;1;FO2;-0,0311;1,5529;0,1993;0,1885;-0,0338;0,0061;0,9815;Collision avec Debut - Objet Parent SceneAnchor;False
1234,07;9.58;pa016​;20250417_161114;1;FO2;-0,0310;1,5594;0,1933;0,1762;-0,0347;0,0067;0,9837;Collision avec Debut - Objet Parent SceneAnchor;False
1234,09;9.59;pa016​;20250417_161114;1;FO2;-0,0310;1,5658;0,1870;0,1630;-0,0359;0,0076;0,9859;Collision avec Debut - Objet Parent SceneAnchor;False
1234,10;9.61;pa016​;20250417_161114;1;FO2;-0,0307;1,5718;0,1807;0,1485;-0,0374;0,0080;0,9882;Collision avec Debut - Objet Parent SceneAnchor;False
1234,11;9.62;pa016​;20250417_161114;1;FO2;-0,0301;1,5777;0,1748;0,1313;-0,0391;0,0081;0,9905;;False
1234,13;9.63;pa016​;20250417_161114;1;FO2;-0,0295;1,5839;0,1691;0,1127;-0,0407;0,0084;0,9928;;False
1234,14;9.65;pa016​;20250417_161114;1;FO2;-0,0293;1,5904;0,1632;0,0922;-0,0418;0,0078;0,9948;;False
1234,16;9.66;pa016​;20250417_161114;1;FO2;-0,0289;1,5964;0,1571;0,0718;-0,0423;0,0066;0,9965;;False
1234,17;9.68;pa016​;20250417_161114;1;FO2;-0,0284;1,6019;0,1508;0,0534;-0,0425;0,0060;0,9976;;False
1234,18;9.69;pa016​;20250417_161114;1;FO2;-0,0272;1,6064;0,1449;0,0348;-0,0437;0,0054;0,9984;;False
1234,20;9.7;pa016​;20250417_161114;1;FO2;-0,0264;1,6108;0,1391;0,0176;-0,0440;0,0049;0,9989;;False
1234,21;9.72;pa016​;20250417_161114;1;FO2;-0,0257;1,6152;0,1333;0,0001;-0,0445;0,0040;0,9990;;False
1234,23;9.73;pa016​;20250417_161114;1;FO2;-0,0252;1,6190;0,1275;-0,0135;-0,0442;0,0033;0,9989;;False
1234,24;9.75;pa016​;20250417_161114;1;FO2;-0,0243;1,6218;0,1218;-0,0256;-0,0446;0,0022;0,9987;;False
1234,25;9.76;pa016​;20250417_161114;1;FO2;-0,0234;1,6237;0,1162;-0,0355;-0,0445;0,0021;0,9984;;False
1234,27;9.77;pa016​;20250417_161114;1;FO2;-0,0224;1,6258;0,1113;-0,0435;-0,0446;0,0012;0,9981;;False
1234,28;9.79;pa016​;20250417_161114;1;FO2;-0,0217;1,6277;0,1068;-0,0510;-0,0444;0,0010;0,9977;;False
1234,29;9.8;pa016​;20250417_161114;1;FO2;-0,0209;1,6293;0,1027;-0,0581;-0,0441;0,0007;0,9973;;False
1234,31;9.82;pa016​;20250417_161114;1;FO2;-0,0202;1,6307;0,0987;-0,0650;-0,0434;0,0009;0,9969;;False
1234,33;9.84;pa016​;20250417_161114;1;FO2;-0,0195;1,6316;0,0954;-0,0683;-0,0425;0,0015;0,9968;;False
1234,35;9.85;pa016​;20250417_161114;1;FO2;-0,0188;1,6327;0,0921;-0,0739;-0,0419;0,0014;0,9964;;False
1234,38;9.88;pa016​;20250417_161114;1;FO2;-0,0174;1,6346;0,0862;-0,0842;-0,0404;0,0014;0,9956;;False
1234,39;9.9;pa016​;20250417_161114;1;FO2;-0,0165;1,6355;0,0835;-0,0887;-0,0400;0,0012;0,9953;;False
1234,41;9.91;pa016​;20250417_161114;1;FO2;-0,0160;1,6366;0,0809;-0,0955;-0,0390;0,0016;0,9947;;False
1234,42;9.93;pa016​;20250417_161114;1;FO2;-0,0155;1,6379;0,0784;-0,1013;-0,0381;0,0016;0,9941;;False
1234,43;9.94;pa016​;20250417_161114;1;FO2;-0,0149;1,6387;0,0760;-0,1065;-0,0376;0,0013;0,9936;;False
1234,45;9.95;pa016​;20250417_161114;1;FO2;-0,0144;1,6396;0,0736;-0,1110;-0,0370;0,0012;0,9931;;False
1234,46;9.97;pa016​;20250417_161114;1;FO2;-0,0139;1,6403;0,0714;-0,1157;-0,0369;0,0011;0,9926;;False
1234,47;9.98;pa016​;20250417_161114;1;FO2;-0,0136;1,6413;0,0694;-0,1198;-0,0362;0,0012;0,9921;;False
1234,49;9.99;pa016​;20250417_161114;1;FO2;-0,0133;1,6422;0,0676;-0,1235;-0,0362;0,0010;0,9917;;False
1234,50;10.01;pa016​;20250417_161114;1;FO2;-0,0131;1,6430;0,0659;-0,1285;-0,0358;0,0011;0,9911;;False
1234,51;10.02;pa016​;20250417_161114;1;FO2;-0,0127;1,6438;0,0644;-0,1328;-0,0353;0,0010;0,9905;;False
1234,53;10.04;pa016​;20250417_161114;1;FO2;-0,0123;1,6445;0,0630;-0,1364;-0,0353;0,0012;0,9900;;False
1234,54;10.05;pa016​;20250417_161114;1;FO2;-0,0122;1,6452;0,0618;-0,1402;-0,0351;0,0017;0,9895;;False
1234,56;10.06;pa016​;20250417_161114;1;FO2;-0,0121;1,6456;0,0608;-0,1432;-0,0352;0,0020;0,9891;;False
1234,57;10.08;pa016​;20250417_161114;1;FO2;-0,0120;1,6455;0,0597;-0,1453;-0,0350;0,0025;0,9888;;False
1234,58;10.09;pa016​;20250417_161114;1;FO2;-0,0119;1,6452;0,0588;-0,1447;-0,0353;0,0034;0,9888;;False
1234,60;10.1;pa016​;20250417_161114;1;FO2;-0,0120;1,6451;0,0585;-0,1435;-0,0358;0,0045;0,9890;;False
1234,61;10.12;pa016​;20250417_161114;1;FO2;-0,0123;1,6447;0,0586;-0,1415;-0,0359;0,0055;0,9893;;False
1234,63;10.13;pa016​;20250417_161114;1;FO2;-0,0125;1,6438;0,0590;-0,1376;-0,0359;0,0065;0,9898;;False
1234,64;10.15;pa016​;20250417_161114;1;FO2;-0,0127;1,6430;0,0596;-0,1320;-0,0362;0,0075;0,9906;;False
1234,65;10.16;pa016​;20250417_161114;1;FO2;-0,0128;1,6419;0,0606;-0,1249;-0,0365;0,0085;0,9915;;False
1234,67;10.17;pa016​;20250417_161114;1;FO2;-0,0131;1,6404;0,0618;-0,1161;-0,0366;0,0089;0,9925;;False
1234,68;10.19;pa016​;20250417_161114;1;FO2;-0,0133;1,6389;0,0635;-0,1053;-0,0374;0,0094;0,9937;;False
1234,69;10.2;pa016​;20250417_161114;1;FO2;-0,0138;1,6371;0,0653;-0,0949;-0,0377;0,0100;0,9947;;False
1234,71;10.22;pa016​;20250417_161114;1;FO2;-0,0144;1,6356;0,0675;-0,0834;-0,0377;0,0104;0,9957;;False
1234,72;10.23;pa016​;20250417_161114;1;FO2;-0,0147;1,6340;0,0701;-0,0736;-0,0383;0,0108;0,9965;;False
1234,74;10.24;pa016​;20250417_161114;1;FO2;-0,0153;1,6319;0,0726;-0,0623;-0,0386;0,0113;0,9972;;False
1234,75;10.26;pa016​;20250417_161114;1;FO2;-0,0158;1,6298;0,0752;-0,0507;-0,0389;0,0118;0,9979;;False
1234,76;10.27;pa016​;20250417_161114;1;FO2;-0,0162;1,6274;0,0778;-0,0390;-0,0393;0,0121;0,9984;;False
1234,78;10.29;pa016​;20250417_161114;1;FO2;-0,0165;1,6255;0,0805;-0,0276;-0,0397;0,0130;0,9987;;False
1234,79;10.3;pa016​;20250417_161114;1;FO2;-0,0169;1,6239;0,0832;-0,0178;-0,0399;0,0137;0,9990;;False
1234,81;10.31;pa016​;20250417_161114;1;FO2;-0,0173;1,6221;0,0859;-0,0082;-0,0405;0,0138;0,9991;;False
1234,82;10.33;pa016​;20250417_161114;1;FO2;-0,0179;1,6202;0,0884;0,0008;-0,0406;0,0141;0,9991;;False
1234,83;10.34;pa016​;20250417_161114;1;FO2;-0,0183;1,6185;0,0911;0,0101;-0,0413;0,0147;0,9990;;False
1234,85;10.35;pa016​;20250417_161114;1;FO2;-0,0188;1,6167;0,0937;0,0186;-0,0415;0,0152;0,9988;;False
1234,86;10.37;pa016​;20250417_161114;1;FO2;-0,0192;1,6148;0,0964;0,0275;-0,0419;0,0151;0,9986;;False
1234,88;10.38;pa016​;20250417_161114;1;FO2;-0,0197;1,6127;0,0989;0,0366;-0,0422;0,0153;0,9983;;False
1234,89;10.4;pa016​;20250417_161114;1;FO2;-0,0201;1,6106;0,1014;0,0464;-0,0427;0,0157;0,9979;;False
1234,90;10.41;pa016​;20250417_161114;1;FO2;-0,0206;1,6085;0,1039;0,0562;-0,0429;0,0162;0,9974;;False
1234,92;10.42;pa016​;20250417_161114;1;FO2;-0,0209;1,6062;0,1067;0,0658;-0,0438;0,0168;0,9967;;False
1234,93;10.44;pa016​;20250417_161114;1;FO2;-0,0213;1,6037;0,1093;0,0753;-0,0445;0,0172;0,9960;;False
1234,95;10.45;pa016​;20250417_161114;1;FO2;-0,0217;1,6011;0,1120;0,0858;-0,0453;0,0177;0,9951;;False
1234,96;10.47;pa016​;20250417_161114;1;FO2;-0,0221;1,5985;0,1145;0,0967;-0,0460;0,0179;0,9941;;False
1234,97;10.48;pa016​;20250417_161114;1;FO2;-0,0229;1,5959;0,1171;0,1076;-0,0459;0,0180;0,9930;;False
1234,99;10.49;pa016​;20250417_161114;1;FO2;-0,0233;1,5935;0,1199;0,1162;-0,0466;0,0171;0,9920;;False
1235,00;10.51;pa016​;20250417_161114;1;FO2;-0,0237;1,5912;0,1227;0,1246;-0,0471;0,0166;0,9909;;False
1235,01;10.52;pa016​;20250417_161114;1;FO2;-0,0242;1,5890;0,1254;0,1325;-0,0473;0,0156;0,9899;;False
1235,03;10.54;pa016​;20250417_161114;1;FO2;-0,0245;1,5866;0,1282;0,1402;-0,0476;0,0142;0,9889;;False
1235,04;10.55;pa016​;20250417_161114;1;FO2;-0,0251;1,5844;0,1311;0,1488;-0,0477;0,0141;0,9876;;False
1235,06;10.56;pa016​;20250417_161114;1;FO2;-0,0256;1,5822;0,1342;0,1560;-0,0478;0,0133;0,9865;;False
1235,07;10.58;pa016​;20250417_161114;1;FO2;-0,0261;1,5800;0,1373;0,1632;-0,0477;0,0122;0,9854;;False
1235,08;10.59;pa016​;20250417_161114;1;FO2;-0,0266;1,5775;0,1404;0,1709;-0,0475;0,0115;0,9841;;False
1235,10;10.61;pa016​;20250417_161114;1;FO2;-0,0272;1,5752;0,1437;0,1792;-0,0472;0,0115;0,9826;;False
1235,11;10.62;pa016​;20250417_161114;1;FO2;-0,0281;1,5725;0,1470;0,1872;-0,0464;0,0117;0,9812;;False
1235,13;10.63;pa016​;20250417_161114;1;FO2;-0,0288;1,5699;0,1505;0,1954;-0,0460;0,0114;0,9796;;False
1235,14;10.65;pa016​;20250417_161114;1;FO2;-0,0297;1,5672;0,1541;0,2034;-0,0457;0,0121;0,9780;;False
1235,15;10.66;pa016​;20250417_161114;1;FO2;-0,0305;1,5645;0,1579;0,2111;-0,0460;0,0130;0,9763;;False
1235,17;10.67;pa016​;20250417_161114;1;FO2;-0,0314;1,5618;0,1619;0,2184;-0,0467;0,0143;0,9746;;False
1235,18;10.69;pa016​;20250417_161114;1;FO2;-0,0324;1,5588;0,1661;0,2254;-0,0472;0,0146;0,9730;;False
1235,20;10.7;pa016​;20250417_161114;1;FO2;-0,0334;1,5557;0,1705;0,2326;-0,0475;0,0151;0,9713;;False
1235,21;10.72;pa016​;20250417_161114;1;FO2;-0,0341;1,5524;0,1751;0,2402;-0,0484;0,0149;0,9694;;False
1235,22;10.73;pa016​;20250417_161114;1;FO2;-0,0351;1,5487;0,1801;0,2473;-0,0490;0,0151;0,9676;;False
1235,24;10.75;pa016​;20250417_161114;1;FO2;-0,0360;1,5448;0,1853;0,2549;-0,0493;0,0146;0,9656;;False
1235,25;10.76;pa016​;20250417_161114;1;FO2;-0,0369;1,5406;0,1909;0,2628;-0,0494;0,0139;0,9635;Collision avec Debut - Objet Parent SceneAnchor;False
1235,26;10.77;pa016​;20250417_161114;1;FO2;-0,0377;1,5358;0,1968;0,2705;-0,0498;0,0132;0,9613;Collision avec Debut - Objet Parent SceneAnchor;False
1235,28;10.79;pa016​;20250417_161114;1;FO2;-0,0387;1,5305;0,2028;0,2782;-0,0496;0,0124;0,9591;Collision avec Debut - Objet Parent SceneAnchor;False
1235,29;10.8;pa016​;20250417_161114;1;FO2;-0,0396;1,5248;0,2093;0,2860;-0,0497;0,0120;0,9569;Collision avec Debut - Objet Parent SceneAnchor;False
1235,31;10.81;pa016​;20250417_161114;1;FO2;-0,0406;1,5186;0,2163;0,2933;-0,0498;0,0115;0,9546;Collision avec Debut - Objet Parent SceneAnchor;False
1235,32;10.83;pa016​;20250417_161114;1;FO2;-0,0417;1,5116;0,2234;0,3001;-0,0494;0,0106;0,9526;Collision avec Debut - Objet Parent SceneAnchor;False
1235,33;10.84;pa016​;20250417_161114;1;FO2;-0,0428;1,5043;0,2308;0,3071;-0,0491;0,0104;0,9503;Collision avec Debut - Objet Parent SceneAnchor;False
1235,35;10.85;pa016​;20250417_161114;1;FO2;-0,0440;1,4962;0,2381;0,3135;-0,0486;0,0103;0,9483;Collision avec Debut - Objet Parent SceneAnchor;False
1235,36;10.87;pa016​;20250417_161114;1;FO2;-0,0450;1,4872;0,2453;0,3199;-0,0482;0,0101;0,9462;Collision avec Debut - Objet Parent SceneAnchor;False
1235,38;10.88;pa016​;20250417_161114;1;FO2;-0,0462;1,4778;0,2528;0,3261;-0,0479;0,0104;0,9440;Collision avec Debut - Objet Parent SceneAnchor;False
1235,39;10.9;pa016​;20250417_161114;1;FO2;-0,0472;1,4675;0,2602;0,3311;-0,0482;0,0105;0,9423;Collision avec Debut - Objet Parent SceneAnchor;False
1235,40;10.91;pa016​;20250417_161114;1;FO2;-0,0485;1,4566;0,2672;0,3366;-0,0475;0,0106;0,9404;Collision avec Debut - Objet Parent SceneAnchor;False
1235,42;10.92;pa016​;20250417_161114;1;FO2;-0,0495;1,4455;0,2741;0,3438;-0,0475;0,0107;0,9378;Collision avec Debut - Objet Parent SceneAnchor;False
1235,43;10.94;pa016​;20250417_161114;1;FO2;-0,0505;1,4341;0,2805;0,3505;-0,0477;0,0115;0,9353;Collision avec Debut - Objet Parent SceneAnchor;False
1235,45;10.95;pa016​;20250417_161114;1;FO2;-0,0513;1,4224;0,2866;0,3579;-0,0481;0,0121;0,9324;Collision avec Debut - Objet Parent SceneAnchor;False
1235,46;10.97;pa016​;20250417_161114;1;FO2;-0,0522;1,4107;0,2923;0,3663;-0,0479;0,0120;0,9292;Collision avec Debut - Objet Parent SceneAnchor;False
1235,47;10.98;pa016​;20250417_161114;1;FO2;-0,0532;1,3990;0,2974;0,3729;-0,0473;0,0121;0,9266;Collision avec Debut - Objet Parent SceneAnchor;False
1235,49;11.0;pa016​;20250417_161114;1;FO2;-0,0539;1,3879;0,3025;0,3797;-0,0476;0,0122;0,9238;;False
1235,50;11.01;pa016​;20250417_161114;1;FO2;-0,0546;1,3771;0,3070;0,3859;-0,0473;0,0122;0,9213;;False
1235,52;11.03;pa016​;20250417_161114;1;FO2;-0,0553;1,3667;0,3115;0,3923;-0,0476;0,0126;0,9185;;False
1235,53;11.04;pa016​;20250417_161114;1;FO2;-0,0558;1,3566;0,3153;0,3978;-0,0469;0,0120;0,9162;;False
1235,55;11.05;pa016​;20250417_161114;1;FO2;-0,0565;1,3474;0,3192;0,4048;-0,0470;0,0126;0,9131;;False
1235,56;11.07;pa016​;20250417_161114;1;FO2;-0,0571;1,3386;0,3223;0,4091;-0,0467;0,0125;0,9112;;False
1235,59;11.09;pa016​;20250417_161114;1;FO2;-0,0585;1,3224;0,3288;0,4164;-0,0458;0,0124;0,9079;;False
1235,60;11.11;pa016​;20250417_161114;1;FO2;-0,0593;1,3151;0,3315;0,4184;-0,0453;0,0130;0,9070;;False
1235,62;11.12;pa016​;20250417_161114;1;FO2;-0,0600;1,3085;0,3339;0,4207;-0,0450;0,0127;0,9060;;False
1235,64;11.15;pa016​;20250417_161114;1;FO2;-0,0617;1,2972;0,3375;0,4259;-0,0451;0,0141;0,9035;;False
1235,66;11.17;pa016​;20250417_161114;1;FO2;-0,0625;1,2927;0,3391;0,4273;-0,0449;0,0142;0,9029;;False
1235,68;11.19;pa016​;20250417_161114;1;FO2;-0,0645;1,2859;0,3415;0,4292;-0,0453;0,0152;0,9019;;False
1235,71;11.22;pa016​;20250417_161114;1;FO2;-0,0668;1,2830;0,3428;0,4290;-0,0467;0,0166;0,9019;;False
1235,73;11.23;pa016​;20250417_161114;1;FO2;-0,0679;1,2828;0,3431;0,4270;-0,0474;0,0169;0,9029;;False
1235,74;11.25;pa016​;20250417_161114;1;FO2;-0,0692;1,2836;0,3433;0,4252;-0,0477;0,0175;0,9037;;False
1235,75;11.26;pa016​;20250417_161114;1;FO2;-0,0704;1,2851;0,3433;0,4228;-0,0482;0,0180;0,9048;;False
1235,77;11.27;pa016​;20250417_161114;1;FO2;-0,0716;1,2877;0,3429;0,4193;-0,0486;0,0189;0,9064;;False
1235,78;11.29;pa016​;20250417_161114;1;FO2;-0,0729;1,2910;0,3423;0,4158;-0,0484;0,0200;0,9079;;False
1235,79;11.3;pa016​;20250417_161114;1;FO2;-0,0742;1,2952;0,3414;0,4116;-0,0484;0,0210;0,9098;;False
1235,81;11.31;pa016​;20250417_161114;1;FO2;-0,0754;1,3002;0,3407;0,4073;-0,0485;0,0222;0,9117;;False
1235,82;11.33;pa016​;20250417_161114;1;FO2;-0,0766;1,3058;0,3396;0,4018;-0,0477;0,0237;0,9142;;False
1235,84;11.34;pa016​;20250417_161114;1;FO2;-0,0778;1,3120;0,3383;0,3962;-0,0471;0,0254;0,9166;;False
1235,85;11.36;pa016​;20250417_161114;1;FO2;-0,0791;1,3188;0,3370;0,3906;-0,0462;0,0269;0,9190;;False
1235,86;11.37;pa016​;20250417_161114;1;FO2;-0,0805;1,3259;0,3355;0,3835;-0,0451;0,0290;0,9220;;False
1235,88;11.38;pa016​;20250417_161114;1;FO2;-0,0818;1,3335;0,3339;0,3766;-0,0443;0,0308;0,9248;;False
1235,89;11.4;pa016​;20250417_161114;1;FO2;-0,0829;1,3414;0,3321;0,3691;-0,0436;0,0324;0,9278;;False
1235,90;11.41;pa016​;20250417_161114;1;FO2;-0,0842;1,3498;0,3299;0,3615;-0,0422;0,0345;0,9308;;False
1235,92;11.43;pa016​;20250417_161114;1;FO2;-0,0854;1,3581;0,3275;0,3528;-0,0408;0,0361;0,9341;;False
1235,93;11.44;pa016​;20250417_161114;1;FO2;-0,0867;1,3670;0,3247;0,3450;-0,0396;0,0383;0,9370;;False
1235,95;11.45;pa016​;20250417_161114;1;FO2;-0,0877;1,3760;0,3214;0,3361;-0,0380;0,0401;0,9402;;False
1235,96;11.47;pa016​;20250417_161114;1;FO2;-0,0887;1,3855;0,3180;0,3278;-0,0363;0,0418;0,9431;;False
1235,97;11.48;pa016​;20250417_161114;1;FO2;-0,0896;1,3950;0,3140;0,3183;-0,0347;0,0431;0,9464;;False
1235,99;11.5;pa016​;20250417_161114;1;FO2;-0,0906;1,4049;0,3098;0,3101;-0,0328;0,0447;0,9491;;False
1236,00;11.51;pa016​;20250417_161114;1;FO2;-0,0915;1,4147;0,3054;0,3016;-0,0313;0,0454;0,9518;;False
1236,02;11.52;pa016​;20250417_161114;1;FO2;-0,0923;1,4249;0,3011;0,2931;-0,0302;0,0462;0,9545;;False
1236,03;11.54;pa016​;20250417_161114;1;FO2;-0,0933;1,4352;0,2963;0,2843;-0,0285;0,0468;0,9572;;False
1236,04;11.55;pa016​;20250417_161114;1;FO2;-0,0943;1,4456;0,2916;0,2768;-0,0271;0,0470;0,9594;;False
1236,06;11.56;pa016​;20250417_161114;1;FO2;-0,0954;1,4557;0,2868;0,2687;-0,0258;0,0468;0,9617;;False
1236,07;11.58;pa016​;20250417_161114;1;FO2;-0,0964;1,4658;0,2817;0,2617;-0,0249;0,0471;0,9637;;False
1236,09;11.59;pa016​;20250417_161114;1;FO2;-0,0974;1,4756;0,2765;0,2549;-0,0245;0,0478;0,9655;;False
1236,10;11.61;pa016​;20250417_161114;1;FO2;-0,0983;1,4847;0,2711;0,2478;-0,0245;0,0481;0,9673;;False
1236,11;11.62;pa016​;20250417_161114;1;FO2;-0,0993;1,4937;0,2658;0,2420;-0,0243;0,0487;0,9687;;False
1236,13;11.63;pa016​;20250417_161114;1;FO2;-0,1003;1,5017;0,2604;0,2352;-0,0243;0,0499;0,9704;;False
1236,14;11.65;pa016​;20250417_161114;1;FO2;-0,1011;1,5093;0,2549;0,2290;-0,0243;0,0505;0,9718;;False
1236,16;11.66;pa016​;20250417_161114;1;FO2;-0,1018;1,5164;0,2495;0,2237;-0,0240;0,0509;0,9730;;False
1236,17;11.68;pa016​;20250417_161114;1;FO2;-0,1025;1,5230;0,2443;0,2174;-0,0235;0,0511;0,9745;;False
1236,18;11.69;pa016​;20250417_161114;1;FO2;-0,1030;1,5290;0,2393;0,2104;-0,0233;0,0508;0,9760;;False
1236,20;11.7;pa016​;20250417_161114;1;FO2;-0,1032;1,5345;0,2345;0,2016;-0,0235;0,0501;0,9779;;False
1236,21;11.72;pa016​;20250417_161114;1;FO2;-0,1037;1,5399;0,2300;0,1934;-0,0239;0,0495;0,9796;;False
1236,22;11.73;pa016​;20250417_161114;1;FO2;-0,1042;1,5447;0,2251;0,1857;-0,0237;0,0481;0,9811;;False
1236,24;11.75;pa016​;20250417_161114;1;FO2;-0,1046;1,5492;0,2204;0,1795;-0,0242;0,0468;0,9823;;False
1236,25;11.76;pa016​;20250417_161114;1;FO2;-0,1053;1,5530;0,2160;0,1735;-0,0242;0,0460;0,9835;;False
1236,27;11.77;pa016​;20250417_161114;1;FO2;-0,1057;1,5564;0,2116;0,1683;-0,0249;0,0447;0,9844;;False
1236,28;11.79;pa016​;20250417_161114;1;FO2;-0,1062;1,5595;0,2077;0,1643;-0,0254;0,0445;0,9851;;False
1236,29;11.8;pa016​;20250417_161114;1;FO2;-0,1065;1,5621;0,2042;0,1599;-0,0260;0,0440;0,9858;;False
1236,31;11.82;pa016​;20250417_161114;1;FO2;-0,1068;1,5644;0,2010;0,1565;-0,0265;0,0434;0,9864;;False
1236,32;11.83;pa016​;20250417_161114;1;FO2;-0,1071;1,5659;0,1981;0,1541;-0,0265;0,0422;0,9868;;False
1236,34;11.84;pa016​;20250417_161114;1;FO2;-0,1073;1,5672;0,1956;0,1534;-0,0268;0,0419;0,9869;;False
1236,35;11.86;pa016​;20250417_161114;1;FO2;-0,1076;1,5681;0,1935;0,1529;-0,0266;0,0413;0,9870;;False
1236,36;11.87;pa016​;20250417_161114;1;FO2;-0,1079;1,5685;0,1918;0,1532;-0,0260;0,0399;0,9870;;False
1236,38;11.88;pa016​;20250417_161114;1;FO2;-0,1083;1,5685;0,1903;0,1546;-0,0252;0,0382;0,9869;;False
1236,39;11.9;pa016​;20250417_161114;1;FO2;-0,1087;1,5687;0,1898;0,1573;-0,0241;0,0367;0,9866;;False
1236,41;11.91;pa016​;20250417_161114;1;FO2;-0,1093;1,5684;0,1901;0,1579;-0,0228;0,0351;0,9866;;False
1236,42;11.93;pa016​;20250417_161114;1;FO2;-0,1099;1,5680;0,1906;0,1584;-0,0214;0,0336;0,9866;;False
1236,43;11.94;pa016​;20250417_161114;1;FO2;-0,1106;1,5673;0,1917;0,1580;-0,0197;0,0327;0,9867;;False
1236,45;11.95;pa016​;20250417_161114;1;FO2;-0,1112;1,5664;0,1934;0,1570;-0,0182;0,0320;0,9869;;False
1236,46;11.97;pa016​;20250417_161114;1;FO2;-0,1118;1,5652;0,1954;0,1568;-0,0161;0,0321;0,9870;;False
1236,48;11.98;pa016​;20250417_161114;1;FO2;-0,1125;1,5638;0,1978;0,1574;-0,0138;0,0320;0,9869;;False
1236,49;12.0;pa016​;20250417_161114;1;FO2;-0,1131;1,5623;0,2005;0,1585;-0,0116;0,0323;0,9868;;False
1236,50;12.01;pa016​;20250417_161114;1;FO2;-0,1138;1,5607;0,2037;0,1609;-0,0092;0,0327;0,9864;;False
1236,52;12.02;pa016​;20250417_161114;1;FO2;-0,1145;1,5591;0,2073;0,1639;-0,0068;0,0336;0,9859;;False
1236,53;12.04;pa016​;20250417_161114;1;FO2;-0,1153;1,5576;0,2112;0,1677;-0,0044;0,0343;0,9852;;False
1236,54;12.05;pa016​;20250417_161114;1;FO2;-0,1162;1,5564;0,2157;0,1707;-0,0025;0,0350;0,9847;;False
1236,56;12.07;pa016​;20250417_161114;1;FO2;-0,1171;1,5551;0,2203;0,1745;-0,0009;0,0363;0,9840;;False
1236,57;12.08;pa016​;20250417_161114;1;FO2;-0,1180;1,5539;0,2255;0,1774;-0,0002;0,0380;0,9834;;False
1236,59;12.09;pa016​;20250417_161114;1;FO2;-0,1191;1,5528;0,2313;0,1787;-0,0004;0,0398;0,9831;;False
1236,60;12.11;pa016​;20250417_161114;1;FO2;-0,1201;1,5518;0,2375;0,1782;-0,0011;0,0404;0,9832;;False
1236,61;12.12;pa016​;20250417_161114;1;FO2;-0,1212;1,5506;0,2440;0,1764;-0,0021;0,0411;0,9835;;False
1236,63;12.14;pa016​;20250417_161114;1;FO2;-0,1219;1,5489;0,2507;0,1737;-0,0033;0,0412;0,9839;;False
1236,64;12.15;pa016​;20250417_161114;1;FO2;-0,1224;1,5467;0,2573;0,1731;-0,0039;0,0421;0,9840;;False
1236,66;12.16;pa016​;20250417_161114;1;FO2;-0,1227;1,5442;0,2640;0,1750;-0,0045;0,0434;0,9836;;False
1236,67;12.18;pa016​;20250417_161114;1;FO2;-0,1230;1,5419;0,2715;0,1773;-0,0047;0,0432;0,9832;;False
1236,68;12.19;pa016​;20250417_161114;1;FO2;-0,1230;1,5399;0,2801;0,1774;-0,0047;0,0434;0,9832;;False
1236,70;12.21;pa016​;20250417_161114;1;FO2;-0,1227;1,5371;0,2884;0,1752;-0,0040;0,0429;0,9836;;False
1236,71;12.22;pa016​;20250417_161114;1;FO2;-0,1225;1,5342;0,2973;0,1757;-0,0032;0,0422;0,9835;;False
1236,73;12.23;pa016​;20250417_161114;1;FO2;-0,1221;1,5306;0,3063;0,1760;-0,0026;0,0421;0,9835;;False
1236,74;12.25;pa016​;20250417_161114;1;FO2;-0,1215;1,5274;0,3159;0,1777;-0,0031;0,0428;0,9831;;False
1236,75;12.26;pa016​;20250417_161114;1;FO2;-0,1208;1,5241;0,3256;0,1791;-0,0036;0,0437;0,9829;;False
1236,77;12.27;pa016​;20250417_161114;1;FO2;-0,1199;1,5206;0,3355;0,1804;-0,0041;0,0445;0,9826;;False
1236,78;12.29;pa016​;20250417_161114;1;FO2;-0,1187;1,5169;0,3458;0,1828;-0,0043;0,0447;0,9821;;False
1236,80;12.3;pa016​;20250417_161114;1;FO2;-0,1173;1,5135;0,3566;0,1846;-0,0046;0,0450;0,9818;;False
1236,81;12.32;pa016​;20250417_161114;1;FO2;-0,1160;1,5102;0,3673;0,1862;-0,0045;0,0448;0,9815;;False
1236,82;12.33;pa016​;20250417_161114;1;FO2;-0,1144;1,5071;0,3783;0,1882;-0,0047;0,0442;0,9811;;False
1236,84;12.34;pa016​;20250417_161114;1;FO2;-0,1126;1,5042;0,3897;0,1895;-0,0055;0,0441;0,9809;;False
1236,85;12.36;pa016​;20250417_161114;1;FO2;-0,1107;1,5017;0,4019;0,1899;-0,0068;0,0437;0,9808;;False
1236,87;12.37;pa016​;20250417_161114;1;FO2;-0,1086;1,4997;0,4145;0,1887;-0,0084;0,0428;0,9811;;False
1236,88;12.39;pa016​;20250417_161114;1;FO2;-0,1063;1,4982;0,4273;0,1873;-0,0105;0,0420;0,9813;;False
1236,89;12.4;pa016​;20250417_161114;1;FO2;-0,1038;1,4969;0,4408;0,1855;-0,0129;0,0410;0,9817;;False
1236,91;12.41;pa016​;20250417_161114;1;FO2;-0,1009;1,4956;0,4549;0,1836;-0,0153;0,0397;0,9821;;False
1236,92;12.43;pa016​;20250417_161114;1;FO2;-0,0978;1,4947;0,4695;0,1814;-0,0179;0,0385;0,9825;;False
1236,93;12.44;pa016​;20250417_161114;1;FO2;-0,0945;1,4943;0,4845;0,1793;-0,0208;0,0371;0,9829;;False
1236,95;12.46;pa016​;20250417_161114;1;FO2;-0,0908;1,4940;0,5000;0,1767;-0,0235;0,0358;0,9833;;False
1236,96;12.47;pa016​;20250417_161114;1;FO2;-0,0870;1,4957;0,5163;0,1789;-0,0261;0,0350;0,9829;;False
1236,98;12.48;pa016​;20250417_161114;1;FO2;-0,0831;1,4987;0,5350;0,1812;-0,0290;0,0340;0,9824;;False
1236,99;12.5;pa016​;20250417_161114;1;FO2;-0,0783;1,4974;0,5517;0,1701;-0,0295;0,0298;0,9845;;False
1237,00;12.51;pa016​;20250417_161114;1;FO2;-0,0736;1,5014;0,5693;0,1773;-0,0306;0,0277;0,9833;;False
1237,02;12.52;pa016​;20250417_161114;1;FO2;-0,0688;1,5050;0,5889;0,1746;-0,0326;0,0263;0,9837;;False
1237,03;12.54;pa016​;20250417_161114;1;FO2;-0,0635;1,5072;0,6065;0,1717;-0,0318;0,0215;0,9844;;False
1237,05;12.55;pa016​;20250417_161114;1;FO2;-0,0583;1,5089;0,6237;0,1714;-0,0299;0,0175;0,9846;;False
1237,06;12.57;pa016​;20250417_161114;1;FO2;-0,0531;1,5108;0,6405;0,1741;-0,0269;0,0134;0,9843;;False
1237,09;12.6;pa016​;20250417_161114;1;FO2;-0,0440;1,5163;0,6726;0,1842;-0,0199;0,0058;0,9827;;False
1237,12;12.62;pa016​;20250417_161114;1;FO2;-0,0364;1,5224;0,7045;0,1866;-0,0135;-0,0007;0,9823;;False
1237,13;12.64;pa016​;20250417_161114;1;FO2;-0,0332;1,5255;0,7195;0,1877;-0,0118;0,0001;0,9822;;False
1237,14;12.65;pa016​;20250417_161114;1;FO2;-0,0303;1,5288;0,7343;0,1882;-0,0109;-0,0006;0,9821;;False
1237,16;12.67;pa016​;20250417_161114;1;FO2;-0,0284;1,5325;0,7492;0,1884;-0,0088;-0,0015;0,9821;;False
1237,17;12.68;pa016​;20250417_161114;1;FO2;-0,0268;1,5359;0,7637;0,1887;-0,0070;-0,0027;0,9820;;False
1237,18;12.69;pa016​;20250417_161114;1;FO2;-0,0257;1,5391;0,7782;0,1894;-0,0065;-0,0030;0,9819;;False
1237,20;12.71;pa016​;20250417_161114;1;FO2;-0,0249;1,5417;0,7924;0,1896;-0,0067;-0,0024;0,9818;;False
1237,21;12.72;pa016​;20250417_161114;1;FO2;-0,0244;1,5441;0,8064;0,1906;-0,0076;-0,0005;0,9816;;False
1237,23;12.73;pa016​;20250417_161114;1;FO2;-0,0241;1,5461;0,8201;0,1917;-0,0095;0,0025;0,9814;;False
1237,24;12.75;pa016​;20250417_161114;1;FO2;-0,0239;1,5477;0,8337;0,1928;-0,0114;0,0056;0,9811;;False
1237,25;12.76;pa016​;20250417_161114;1;FO2;-0,0239;1,5488;0,8473;0,1937;-0,0131;0,0083;0,9809;;False
1237,27;12.77;pa016​;20250417_161114;1;FO2;-0,0240;1,5497;0,8610;0,1946;-0,0150;0,0108;0,9807;;False
1237,28;12.79;pa016​;20250417_161114;1;FO2;-0,0241;1,5501;0,8748;0,1949;-0,0170;0,0132;0,9806;;False
1237,30;12.8;pa016​;20250417_161114;1;FO2;-0,0244;1,5503;0,8889;0,1955;-0,0187;0,0154;0,9804;;False
1237,31;12.82;pa016​;20250417_161114;1;FO2;-0,0245;1,5503;0,9031;0,1967;-0,0206;0,0172;0,9801;;False
1237,32;12.83;pa016​;20250417_161114;1;FO2;-0,0245;1,5494;0,9173;0,1953;-0,0224;0,0190;0,9803;;False
1237,34;12.84;pa016​;20250417_161114;1;FO2;-0,0247;1,5487;0,9317;0,1953;-0,0239;0,0199;0,9802;;False
1237,35;12.86;pa016​;20250417_161114;1;FO2;-0,0248;1,5476;0,9463;0,1956;-0,0253;0,0207;0,9801;;False
1237,37;12.87;pa016​;20250417_161114;1;FO2;-0,0251;1,5460;0,9608;0,1970;-0,0262;0,0209;0,9798;;False
1237,38;12.89;pa016​;20250417_161114;1;FO2;-0,0253;1,5440;0,9751;0,1990;-0,0263;0,0206;0,9794;;False
1237,39;12.9;pa016​;20250417_161114;1;FO2;-0,0257;1,5422;0,9895;0,2011;-0,0264;0,0208;0,9790;;False
1237,41;12.91;pa016​;20250417_161114;1;FO2;-0,0262;1,5404;1,0045;0,2018;-0,0261;0,0209;0,9788;;False
1237,42;12.93;pa016​;20250417_161114;1;FO2;-0,0268;1,5385;1,0192;0,2012;-0,0254;0,0205;0,9790;;False
1237,44;12.94;pa016​;20250417_161114;1;FO2;-0,0276;1,5366;1,0338;0,2015;-0,0249;0,0207;0,9790;;False
1237,45;12.96;pa016​;20250417_161114;1;FO2;-0,0287;1,5345;1,0479;0,2010;-0,0246;0,0211;0,9791;;False
1237,46;12.97;pa016​;20250417_161114;1;FO2;-0,0302;1,5324;1,0628;0,2017;-0,0235;0,0219;0,9789;;False
1237,48;12.98;pa016​;20250417_161114;1;FO2;-0,0315;1,5303;1,0773;0,2021;-0,0229;0,0226;0,9788;;False
1237,49;13.0;pa016​;20250417_161114;1;FO2;-0,0332;1,5286;1,0918;0,2006;-0,0224;0,0246;0,9791;;False
1237,50;13.01;pa016​;20250417_161114;1;FO2;-0,0353;1,5266;1,1068;0,1979;-0,0217;0,0261;0,9796;;False
1237,52;13.03;pa016​;20250417_161114;1;FO2;-0,0375;1,5248;1,1219;0,1966;-0,0211;0,0275;0,9799;;False
1237,53;13.04;pa016​;20250417_161114;1;FO2;-0,0400;1,5226;1,1366;0,1943;-0,0209;0,0292;0,9803;;False
1237,55;13.05;pa016​;20250417_161114;1;FO2;-0,0427;1,5209;1,1517;0,1939;-0,0207;0,0317;0,9803;;False
1237,56;13.07;pa016​;20250417_161114;1;FO2;-0,0456;1,5186;1,1665;0,1929;-0,0207;0,0334;0,9804;;False
1237,57;13.08;pa016​;20250417_161114;1;FO2;-0,0488;1,5165;1,1814;0,1922;-0,0207;0,0354;0,9805;;False
1237,59;13.09;pa016​;20250417_161114;1;FO2;-0,0520;1,5144;1,1963;0,1908;-0,0209;0,0373;0,9807;;False
1237,60;13.11;pa016​;20250417_161114;1;FO2;-0,0553;1,5139;1,2116;0,1917;-0,0211;0,0391;0,9804;;False
1237,62;13.12;pa016​;20250417_161114;1;FO2;-0,0588;1,5148;1,2284;0,1914;-0,0204;0,0409;0,9804;;False
1237,63;13.14;pa016​;20250417_161114;1;FO2;-0,0623;1,5151;1,2437;0,1901;-0,0184;0,0409;0,9807;;False
1237,64;13.15;pa016​;20250417_161114;1;FO2;-0,0661;1,5180;1,2612;0,1924;-0,0173;0,0431;0,9802;;False
1237,66;13.16;pa016​;20250417_161114;1;FO2;-0,0699;1,5212;1,2793;0,1895;-0,0157;0,0447;0,9807;;False
1237,67;13.18;pa016​;20250417_161114;1;FO2;-0,0734;1,5222;1,2949;0,1861;-0,0128;0,0458;0,9814;;False
1237,69;13.19;pa016​;20250417_161114;1;FO2;-0,0767;1,5234;1,3100;0,1882;-0,0123;0,0498;0,9808;;False
1237,70;13.21;pa016​;20250417_161114;1;FO2;-0,0798;1,5243;1,3244;0,1909;-0,0135;0,0566;0,9799;;False
1237,71;13.22;pa016​;20250417_161114;1;FO2;-0,0829;1,5259;1,3378;0,1983;-0,0151;0,0626;0,9780;;False
1237,73;13.23;pa016​;20250417_161114;1;FO2;-0,0857;1,5280;1,3510;0,2053;-0,0162;0,0656;0,9764;;False
1237,74;13.25;pa016​;20250417_161114;1;FO2;-0,0881;1,5305;1,3647;0,2086;-0,0166;0,0671;0,9756;;False
1237,75;13.26;pa016​;20250417_161114;1;FO2;-0,0903;1,5334;1,3781;0,2094;-0,0163;0,0668;0,9754;;False
1237,77;13.28;pa016​;20250417_161114;1;FO2;-0,0921;1,5361;1,3913;0,2102;-0,0168;0,0663;0,9753;;False
1237,78;13.29;pa016​;20250417_161114;1;FO2;-0,0936;1,5387;1,4044;0,2111;-0,0179;0,0667;0,9750;;False
1237,80;13.3;pa016​;20250417_161114;1;FO2;-0,0947;1,5413;1,4176;0,2118;-0,0195;0,0671;0,9748;;False
1237,81;13.32;pa016​;20250417_161114;1;FO2;-0,0956;1,5438;1,4309;0,2119;-0,0208;0,0670;0,9748;;False
1237,82;13.33;pa016​;20250417_161114;1;FO2;-0,0962;1,5458;1,4442;0,2117;-0,0216;0,0658;0,9749;;False
1237,84;13.35;pa016​;20250417_161114;1;FO2;-0,0965;1,5474;1,4573;0,2112;-0,0216;0,0642;0,9751;;False
1237,85;13.36;pa016​;20250417_161114;1;FO2;-0,0967;1,5483;1,4704;0,2107;-0,0214;0,0623;0,9753;Collision avec Chemin1 - Objet Parent Plot-Mousse1;False
1237,87;13.37;pa016​;20250417_161114;1;FO2;-0,0966;1,5490;1,4836;0,2109;-0,0211;0,0608;0,9754;Collision avec Chemin1 - Objet Parent Plot-Mousse1;False
1237,88;13.39;pa016​;20250417_161114;1;FO2;-0,0963;1,5493;1,4969;0,2112;-0,0211;0,0593;0,9754;Collision avec Chemin1 - Objet Parent Plot-Mousse1;False
1237,89;13.4;pa016​;20250417_161114;1;FO2;-0,0960;1,5491;1,5103;0,2112;-0,0208;0,0578;0,9755;Collision avec Chemin1 - Objet Parent Plot-Mousse1;False
1237,91;13.41;pa016​;20250417_161114;1;FO2;-0,0954;1,5485;1,5238;0,2115;-0,0205;0,0562;0,9755;Collision avec Chemin1 - Objet Parent Plot-Mousse1;False
1237,92;13.43;pa016​;20250417_161114;1;FO2;-0,0947;1,5476;1,5373;0,2123;-0,0202;0,0549;0,9755;Collision avec Chemin1 - Objet Parent Plot-Mousse1;False
1237,94;13.44;pa016​;20250417_161114;1;FO2;-0,0940;1,5465;1,5511;0,2126;-0,0205;0,0540;0,9754;Collision avec Chemin1 - Objet Parent Plot-Mousse1;False
1237,95;13.46;pa016​;20250417_161114;1;FO2;-0,0931;1,5452;1,5650;0,2121;-0,0210;0,0533;0,9756;Collision avec Chemin1 - Objet Parent Plot-Mousse1;False
1237,96;13.47;pa016​;20250417_161114;1;FO2;-0,0921;1,5436;1,5791;0,2120;-0,0219;0,0527;0,9756;Collision avec Chemin1 - Objet Parent Plot-Mousse1;False
1237,98;13.48;pa016​;20250417_161114;1;FO2;-0,0909;1,5417;1,5933;0,2119;-0,0228;0,0519;0,9756;Collision avec Chemin1 - Objet Parent Plot-Mousse1;False
1237,99;13.5;pa016​;20250417_161114;1;FO2;-0,0895;1,5396;1,6076;0,2121;-0,0237;0,0511;0,9756;Collision avec Chemin1 - Objet Parent Plot-Mousse1;False
1238,01;13.51;pa016​;20250417_161114;1;FO2;-0,0880;1,5371;1,6219;0,2125;-0,0246;0,0499;0,9756;Collision avec Chemin1 - Objet Parent Plot-Mousse1;False
1238,02;13.53;pa016​;20250417_161114;1;FO2;-0,0863;1,5346;1,6365;0,2135;-0,0254;0,0487;0,9754;Collision avec Chemin1 - Objet Parent Plot-Mousse1;False
1238,03;13.54;pa016​;20250417_161114;1;FO2;-0,0845;1,5319;1,6514;0,2137;-0,0264;0,0476;0,9754;Collision avec Chemin1 - Objet Parent Plot-Mousse1;False
1238,05;13.55;pa016​;20250417_161114;1;FO2;-0,0826;1,5289;1,6663;0,2132;-0,0271;0,0459;0,9756;Collision avec Chemin1 - Objet Parent Plot-Mousse1;False
1238,06;13.57;pa016​;20250417_161114;1;FO2;-0,0804;1,5258;1,6813;0,2121;-0,0276;0,0442;0,9758;Collision avec Chemin1 - Objet Parent Plot-Mousse1;False
1238,08;13.58;pa016​;20250417_161114;1;FO2;-0,0782;1,5228;1,6968;0,2114;-0,0281;0,0425;0,9761;Collision avec Chemin1 - Objet Parent Plot-Mousse1;False
1238,09;13.6;pa016​;20250417_161114;1;FO2;-0,0757;1,5197;1,7125;0,2103;-0,0286;0,0410;0,9764;Collision avec Chemin1 - Objet Parent Plot-Mousse1;False
1238,10;13.61;pa016​;20250417_161114;1;FO2;-0,0731;1,5165;1,7285;0,2087;-0,0291;0,0394;0,9767;Collision avec Chemin1 - Objet Parent Plot-Mousse1;False
1238,12;13.62;pa016​;20250417_161114;1;FO2;-0,0703;1,5132;1,7446;0,2070;-0,0296;0,0371;0,9772;Collision avec Chemin1 - Objet Parent Plot-Mousse1;False
1238,13;13.64;pa016​;20250417_161114;1;FO2;-0,0672;1,5101;1,7611;0,2054;-0,0300;0,0353;0,9776;Collision avec Chemin1 - Objet Parent Plot-Mousse1;False
1238,14;13.65;pa016​;20250417_161114;1;FO2;-0,0640;1,5072;1,7781;0,2041;-0,0307;0,0336;0,9779;Collision avec Chemin1 - Objet Parent Plot-Mousse1;False
1238,16;13.67;pa016​;20250417_161114;1;FO2;-0,0607;1,5045;1,7955;0,2025;-0,0318;0,0320;0,9783;Collision avec Chemin1 - Objet Parent Plot-Mousse1;False
1238,17;13.68;pa016​;20250417_161114;1;FO2;-0,0571;1,5022;1,8135;0,2006;-0,0332;0,0307;0,9786;Collision avec Chemin1 - Objet Parent Plot-Mousse1;False
1238,19;13.69;pa016​;20250417_161114;1;FO2;-0,0533;1,5001;1,8318;0,1982;-0,0346;0,0293;0,9791;Collision avec Chemin1 - Objet Parent Plot-Mousse1;False
1238,20;13.71;pa016​;20250417_161114;1;FO2;-0,0492;1,4984;1,8505;0,1952;-0,0367;0,0284;0,9797;Collision avec Chemin1 - Objet Parent Plot-Mousse1;False
1238,21;13.72;pa016​;20250417_161114;1;FO2;-0,0448;1,4967;1,8694;0,1923;-0,0388;0,0271;0,9802;Collision avec Chemin1 - Objet Parent Plot-Mousse1;False
1238,23;13.73;pa016​;20250417_161114;1;FO2;-0,0402;1,4952;1,8885;0,1884;-0,0409;0,0257;0,9809;Collision avec Chemin1 - Objet Parent Plot-Mousse1;False
1238,24;13.75;pa016​;20250417_161114;1;FO2;-0,0354;1,4940;1,9075;0,1845;-0,0428;0,0243;0,9816;Collision avec Chemin1 - Objet Parent Plot-Mousse1;False
1238,26;13.76;pa016​;20250417_161114;1;FO2;-0,0308;1,4973;1,9294;0,1896;-0,0448;0,0229;0,9806;Collision avec Chemin1 - Objet Parent Plot-Mousse1;False
1238,27;13.78;pa016​;20250417_161114;1;FO2;-0,0258;1,4971;1,9509;0,1788;-0,0457;0,0175;0,9827;;False
1238,28;13.79;pa016​;20250417_161114;1;FO2;-0,0204;1,5009;1,9721;0,1825;-0,0468;0,0146;0,9820;;False
1238,30;13.8;pa016​;20250417_161114;1;FO2;-0,0150;1,5046;1,9955;0,1802;-0,0487;0,0132;0,9823;;False
1238,31;13.82;pa016​;20250417_161114;1;FO2;-0,0094;1,5057;2,0157;0,1748;-0,0470;0,0076;0,9834;;False
1238,33;13.83;pa016​;20250417_161114;1;FO2;-0,0036;1,5068;2,0346;0,1762;-0,0435;0,0001;0,9834;;False
1238,34;13.85;pa016​;20250417_161114;1;FO2;0,0014;1,5091;2,0531;0,1831;-0,0368;-0,0078;0,9824;;False
1238,35;13.86;pa016​;20250417_161114;1;FO2;0,0055;1,5120;2,0717;0,1900;-0,0289;-0,0151;0,9812;;False
1238,37;13.87;pa016​;20250417_161114;1;FO2;0,0092;1,5152;2,0903;0,1935;-0,0229;-0,0194;0,9807;;False
1238,38;13.89;pa016​;20250417_161114;1;FO2;0,0124;1,5187;2,1083;0,1941;-0,0190;-0,0183;0,9806;;False
1238,39;13.9;pa016​;20250417_161114;1;FO2;0,0148;1,5222;2,1253;0,1944;-0,0168;-0,0153;0,9807;;False
1238,41;13.92;pa016​;20250417_161114;1;FO2;0,0164;1,5263;2,1421;0,1966;-0,0168;-0,0110;0,9803;;False
1238,42;13.93;pa016​;20250417_161114;1;FO2;0,0176;1,5303;2,1589;0,1975;-0,0172;-0,0070;0,9801;;False
1238,45;13.96;pa016​;20250417_161114;1;FO2;0,0192;1,5385;2,1912;0,1974;-0,0195;0,0001;0,9801;;False
1238,46;13.97;pa016​;20250417_161114;1;FO2;0,0195;1,5422;2,2068;0,1970;-0,0214;0,0030;0,9802;;False
1238,48;13.99;pa016​;20250417_161114;1;FO2;0,0195;1,5457;2,2224;0,1969;-0,0234;0,0058;0,9801;;False
1238,49;14.0;pa016​;20250417_161114;1;FO2;0,0195;1,5489;2,2379;0,1966;-0,0263;0,0078;0,9801;;False
1238,51;14.01;pa016​;20250417_161114;1;FO2;0,0193;1,5516;2,2532;0,1963;-0,0287;0,0096;0,9801;;False
1238,52;14.03;pa016​;20250417_161114;1;FO2;0,0190;1,5539;2,2684;0,1964;-0,0313;0,0111;0,9800;;False
1238,53;14.04;pa016​;20250417_161114;1;FO2;0,0187;1,5557;2,2835;0,1963;-0,0334;0,0122;0,9799;;False
1238,55;14.05;pa016​;20250417_161114;1;FO2;0,0185;1,5570;2,2989;0,1959;-0,0355;0,0136;0,9799;;False
1238,56;14.07;pa016​;20250417_161114;1;FO2;0,0181;1,5579;2,3144;0,1953;-0,0369;0,0149;0,9799;;False
1238,58;14.08;pa016​;20250417_161114;1;FO2;0,0179;1,5581;2,3298;0,1949;-0,0376;0,0157;0,9800;;False
1238,59;14.1;pa016​;20250417_161114;1;FO2;0,0176;1,5580;2,3454;0,1946;-0,0379;0,0168;0,9800;;False
1238,60;14.11;pa016​;20250417_161114;1;FO2;0,0174;1,5574;2,3612;0,1941;-0,0381;0,0176;0,9801;Collision avec Chemin2 - Objet Parent Plot-Mousse2;False
1238,62;14.12;pa016​;20250417_161114;1;FO2;0,0172;1,5564;2,3773;0,1936;-0,0381;0,0186;0,9802;Collision avec Chemin2 - Objet Parent Plot-Mousse2;False
1238,63;14.14;pa016​;20250417_161114;1;FO2;0,0169;1,5550;2,3935;0,1931;-0,0376;0,0193;0,9803;Collision avec Chemin2 - Objet Parent Plot-Mousse2;False
1238,64;14.15;pa016​;20250417_161114;1;FO2;0,0168;1,5529;2,4094;0,1935;-0,0367;0,0193;0,9802;Collision avec Chemin2 - Objet Parent Plot-Mousse2;False
1238,66;14.17;pa016​;20250417_161114;1;FO2;0,0167;1,5505;2,4255;0,1948;-0,0359;0,0195;0,9800;Collision avec Chemin2 - Objet Parent Plot-Mousse2;False
1238,67;14.18;pa016​;20250417_161114;1;FO2;0,0164;1,5479;2,4418;0,1962;-0,0352;0,0194;0,9797;Collision avec Chemin2 - Objet Parent Plot-Mousse2;False
1238,69;14.19;pa016​;20250417_161114;1;FO2;0,0161;1,5450;2,4583;0,1973;-0,0343;0,0190;0,9796;Collision avec Chemin2 - Objet Parent Plot-Mousse2;False
1238,70;14.21;pa016​;20250417_161114;1;FO2;0,0156;1,5419;2,4749;0,1983;-0,0333;0,0186;0,9794;Collision avec Chemin2 - Objet Parent Plot-Mousse2;False
1238,71;14.22;pa016​;20250417_161114;1;FO2;0,0150;1,5385;2,4915;0,1995;-0,0323;0,0183;0,9792;Collision avec Chemin2 - Objet Parent Plot-Mousse2;False
1238,73;14.24;pa016​;20250417_161114;1;FO2;0,0143;1,5352;2,5083;0,2008;-0,0317;0,0185;0,9789;Collision avec Chemin2 - Objet Parent Plot-Mousse2;False
1238,74;14.25;pa016​;20250417_161114;1;FO2;0,0136;1,5318;2,5255;0,2009;-0,0309;0,0186;0,9789;Collision avec Chemin2 - Objet Parent Plot-Mousse2;False
1238,76;14.26;pa016​;20250417_161114;1;FO2;0,0125;1,5285;2,5429;0,2008;-0,0297;0,0189;0,9790;Collision avec Chemin2 - Objet Parent Plot-Mousse2;False
1238,77;14.28;pa016​;20250417_161114;1;FO2;0,0114;1,5251;2,5605;0,2003;-0,0285;0,0187;0,9791;Collision avec Chemin2 - Objet Parent Plot-Mousse2;False
1238,78;14.29;pa016​;20250417_161114;1;FO2;0,0102;1,5216;2,5783;0,1996;-0,0276;0,0194;0,9793;Collision avec Chemin2 - Objet Parent Plot-Mousse2;False
1238,80;14.3;pa016​;20250417_161114;1;FO2;0,0088;1,5180;2,5963;0,1988;-0,0265;0,0200;0,9795;Collision avec Chemin2 - Objet Parent Plot-Mousse2;False
1238,81;14.32;pa016​;20250417_161114;1;FO2;0,0069;1,5147;2,6149;0,1972;-0,0256;0,0206;0,9798;Collision avec Chemin2 - Objet Parent Plot-Mousse2;False
1238,83;14.33;pa016​;20250417_161114;1;FO2;0,0049;1,5116;2,6339;0,1957;-0,0248;0,0213;0,9801;Collision avec Chemin2 - Objet Parent Plot-Mousse2;False
1238,85;14.36;pa016​;20250417_161114;1;FO2;0,0000;1,5051;2,6730;0,1924;-0,0240;0,0235;0,9807;Collision avec Chemin2 - Objet Parent Plot-Mousse2;False
1238,87;14.37;pa016​;20250417_161114;1;FO2;-0,0029;1,5019;2,6931;0,1907;-0,0239;0,0252;0,9810;Collision avec Chemin2 - Objet Parent Plot-Mousse2;False
1238,88;14.39;pa016​;20250417_161114;1;FO2;-0,0061;1,4984;2,7135;0,1885;-0,0241;0,0264;0,9814;Collision avec Chemin2 - Objet Parent Plot-Mousse2;False
1238,90;14.4;pa016​;20250417_161114;1;FO2;-0,0095;1,4949;2,7338;0,1871;-0,0244;0,0274;0,9816;Collision avec Chemin2 - Objet Parent Plot-Mousse2;False
1238,91;14.42;pa016​;20250417_161114;1;FO2;-0,0130;1,4911;2,7540;0,1864;-0,0240;0,0280;0,9818;Collision avec Chemin2 - Objet Parent Plot-Mousse2;False
1238,92;14.43;pa016​;20250417_161114;1;FO2;-0,0164;1,4901;2,7754;0,1912;-0,0243;0,0295;0,9808;Collision avec Chemin2 - Objet Parent Plot-Mousse2;False
1238,94;14.44;pa016​;20250417_161114;1;FO2;-0,0204;1,4904;2,7992;0,1915;-0,0241;0,0317;0,9807;Collision avec Chemin2 - Objet Parent Plot-Mousse2;False
1238,95;14.46;pa016​;20250417_161114;1;FO2;-0,0241;1,4870;2,8189;0,1844;-0,0213;0,0297;0,9822;Collision avec Chemin2 - Objet Parent Plot-Mousse2;False
1238,96;14.47;pa016​;20250417_161114;1;FO2;-0,0282;1,4912;2,8428;0,1936;-0,0217;0,0338;0,9803;Collision avec Chemin2 - Objet Parent Plot-Mousse2;False
1238,98;14.49;pa016​;20250417_161114;1;FO2;-0,0323;1,4923;2,8658;0,1841;-0,0207;0,0362;0,9820;Collision avec Chemin2 - Objet Parent Plot-Mousse2;False
1238,99;14.5;pa016​;20250417_161114;1;FO2;-0,0363;1,4925;2,8852;0,1841;-0,0198;0,0375;0,9820;;False
1239,01;14.51;pa016​;20250417_161114;1;FO2;-0,0400;1,4936;2,9047;0,1883;-0,0238;0,0456;0,9808;;False
1239,02;14.53;pa016​;20250417_161114;1;FO2;-0,0433;1,4951;2,9231;0,1935;-0,0292;0,0533;0,9792;;False
1239,03;14.54;pa016​;20250417_161114;1;FO2;-0,0463;1,4970;2,9402;0,2002;-0,0322;0,0568;0,9776;;False
1239,05;14.56;pa016​;20250417_161114;1;FO2;-0,0488;1,4999;2,9571;0,2060;-0,0342;0,0575;0,9763;;False
1239,06;14.57;pa016​;20250417_161114;1;FO2;-0,0508;1,5032;2,9735;0,2085;-0,0357;0,0566;0,9757;;False
1239,08;14.58;pa016​;20250417_161114;1;FO2;-0,0526;1,5073;2,9891;0,2107;-0,0373;0,0563;0,9752;;False
1239,09;14.6;pa016​;20250417_161114;1;FO2;-0,0540;1,5115;3,0038;0,2125;-0,0386;0,0543;0,9749;;False
1239,10;14.61;pa016​;20250417_161114;1;FO2;-0,0552;1,5164;3,0182;0,2147;-0,0388;0,0516;0,9745;;False
1239,12;14.62;pa016​;20250417_161114;1;FO2;-0,0559;1,5211;3,0321;0,2143;-0,0382;0,0486;0,9748;;False
1239,13;14.64;pa016​;20250417_161114;1;FO2;-0,0567;1,5260;3,0453;0,2138;-0,0370;0,0459;0,9751;;False
1239,15;14.65;pa016​;20250417_161114;1;FO2;-0,0574;1,5307;3,0581;0,2125;-0,0356;0,0441;0,9755;;False
1239,16;14.67;pa016​;20250417_161114;1;FO2;-0,0581;1,5352;3,0706;0,2113;-0,0339;0,0423;0,9759;;False
1239,17;14.68;pa016​;20250417_161114;1;FO2;-0,0586;1,5393;3,0827;0,2100;-0,0327;0,0418;0,9763;;False
1239,19;14.69;pa016​;20250417_161114;1;FO2;-0,0591;1,5431;3,0946;0,2085;-0,0317;0,0425;0,9766;;False
1239,20;14.71;pa016​;20250417_161114;1;FO2;-0,0595;1,5464;3,1062;0,2073;-0,0308;0,0430;0,9769;;False
1239,21;14.72;pa016​;20250417_161114;1;FO2;-0,0598;1,5492;3,1177;0,2062;-0,0302;0,0432;0,9771;;False
1239,23;14.74;pa016​;20250417_161114;1;FO2;-0,0600;1,5517;3,1289;0,2057;-0,0297;0,0435;0,9772;;False
1239,24;14.75;pa016​;20250417_161114;1;FO2;-0,0602;1,5537;3,1401;0,2052;-0,0292;0,0435;0,9773;;False
1239,26;14.76;pa016​;20250417_161114;1;FO2;-0,0603;1,5553;3,1513;0,2041;-0,0286;0,0429;0,9776;;False
1239,27;14.78;pa016​;20250417_161114;1;FO2;-0,0604;1,5567;3,1623;0,2033;-0,0279;0,0419;0,9778;;False
1239,28;14.79;pa016​;20250417_161114;1;FO2;-0,0604;1,5576;3,1733;0,2024;-0,0272;0,0415;0,9781;;False
1239,30;14.81;pa016​;20250417_161114;1;FO2;-0,0603;1,5582;3,1843;0,2017;-0,0268;0,0413;0,9782;;False
1239,31;14.82;pa016​;20250417_161114;1;FO2;-0,0602;1,5585;3,1952;0,2011;-0,0261;0,0408;0,9784;;False
1239,33;14.83;pa016​;20250417_161114;1;FO2;-0,0601;1,5586;3,2061;0,2010;-0,0251;0,0404;0,9784;;False
1239,34;14.85;pa016​;20250417_161114;1;FO2;-0,0599;1,5584;3,2169;0,2007;-0,0244;0,0401;0,9785;;False
1239,35;14.86;pa016​;20250417_161114;1;FO2;-0,0597;1,5581;3,2277;0,2008;-0,0239;0,0403;0,9785;;False
1239,37;14.87;pa016​;20250417_161114;1;FO2;-0,0595;1,5577;3,2386;0,2004;-0,0239;0,0406;0,9786;;False
1239,38;14.89;pa016​;20250417_161114;1;FO2;-0,0592;1,5571;3,2493;0,2002;-0,0243;0,0414;0,9786;;False
1239,40;14.9;pa016​;20250417_161114;1;FO2;-0,0587;1,5563;3,2600;0,2002;-0,0253;0,0422;0,9785;;False
1239,41;14.92;pa016​;20250417_161114;1;FO2;-0,0583;1,5554;3,2708;0,2000;-0,0263;0,0427;0,9785;;False
1239,42;14.93;pa016​;20250417_161114;1;FO2;-0,0578;1,5545;3,2817;0,1997;-0,0274;0,0429;0,9785;;False
1239,44;14.94;pa016​;20250417_161114;1;FO2;-0,0571;1,5535;3,2927;0,1993;-0,0287;0,0428;0,9786;;False
1239,45;14.96;pa016​;20250417_161114;1;FO2;-0,0563;1,5522;3,3037;0,1985;-0,0298;0,0426;0,9787;;False
1239,46;14.97;pa016​;20250417_161114;1;FO2;-0,0553;1,5507;3,3149;0,1979;-0,0309;0,0419;0,9788;;False
1239,48;14.99;pa016​;20250417_161114;1;FO2;-0,0544;1,5493;3,3263;0,1974;-0,0318;0,0413;0,9789;;False
1239,49;15.0;pa016​;20250417_161114;1;FO2;-0,0533;1,5476;3,3380;0,1962;-0,0327;0,0403;0,9792;;False
1239,51;15.01;pa016​;20250417_161114;1;FO2;-0,0522;1,5456;3,3498;0,1945;-0,0333;0,0394;0,9795;;False
1239,52;15.03;pa016​;20250417_161114;1;FO2;-0,0510;1,5433;3,3617;0,1928;-0,0340;0,0387;0,9799;;False
1239,53;15.04;pa016​;20250417_161114;1;FO2;-0,0498;1,5408;3,3738;0,1912;-0,0345;0,0380;0,9802;;False
1239,55;15.05;pa016​;20250417_161114;1;FO2;-0,0485;1,5381;3,3864;0,1897;-0,0351;0,0375;0,9805;;False
1239,56;15.07;pa016​;20250417_161114;1;FO2;-0,0473;1,5353;3,3992;0,1873;-0,0355;0,0371;0,9810;;False
1239,58;15.08;pa016​;20250417_161114;1;FO2;-0,0458;1,5323;3,4123;0,1843;-0,0360;0,0374;0,9815;;False
1239,59;15.1;pa016​;20250417_161114;1;FO2;-0,0443;1,5292;3,4256;0,1816;-0,0367;0,0378;0,9820;;False
1239,60;15.11;pa016​;20250417_161114;1;FO2;-0,0429;1,5257;3,4394;0,1785;-0,0374;0,0383;0,9825;;False
1239,62;15.12;pa016​;20250417_161114;1;FO2;-0,0413;1,5219;3,4534;0,1749;-0,0386;0,0391;0,9830;;False
1239,63;15.14;pa016​;20250417_161114;1;FO2;-0,0397;1,5180;3,4679;0,1713;-0,0401;0,0397;0,9836;;False
1239,65;15.15;pa016​;20250417_161114;1;FO2;-0,0379;1,5137;3,4824;0,1672;-0,0408;0,0397;0,9843;;False
1239,66;15.17;pa016​;20250417_161114;1;FO2;-0,0359;1,5091;3,4972;0,1617;-0,0418;0,0393;0,9852;;False
1239,67;15.18;pa016​;20250417_161114;1;FO2;-0,0339;1,5046;3,5122;0,1575;-0,0422;0,0390;0,9858;;False
1239,69;15.19;pa016​;20250417_161114;1;FO2;-0,0317;1,4998;3,5269;0,1532;-0,0428;0,0388;0,9865;;False
1239,70;15.21;pa016​;20250417_161114;1;FO2;-0,0295;1,4968;3,5424;0,1541;-0,0437;0,0388;0,9863;;False
1239,71;15.22;pa016​;20250417_161114;1;FO2;-0,0277;1,4959;3,5596;0,1544;-0,0450;0,0384;0,9862;;False
1239,73;15.24;pa016​;20250417_161114;1;FO2;-0,0255;1,4942;3,5767;0,1490;-0,0465;0,0369;0,9871;;False
1239,74;15.25;pa016​;20250417_161114;1;FO2;-0,0236;1,4962;3,5953;0,1507;-0,0478;0,0353;0,9868;;False
1239,77;15.28;pa016​;20250417_161114;1;FO2;-0,0181;1,4920;3,6280;0,1371;-0,0488;0,0267;0,9890;;False
1239,78;15.29;pa016​;20250417_161114;1;FO2;-0,0152;1,4897;3,6417;0,1407;-0,0469;0,0207;0,9887;;False
1239,80;15.31;pa016​;20250417_161114;1;FO2;-0,0124;1,4898;3,6550;0,1520;-0,0447;0,0159;0,9872;;False
1239,81;15.32;pa016​;20250417_161114;1;FO2;-0,0106;1,4922;3,6695;0,1640;-0,0424;0,0123;0,9855;;False
1239,83;15.33;pa016​;20250417_161114;1;FO2;-0,0087;1,4953;3,6832;0,1644;-0,0418;0,0079;0,9855;;False
1239,84;15.35;pa016​;20250417_161114;1;FO2;-0,0066;1,4979;3,6960;0,1610;-0,0416;0,0054;0,9861;;False
1239,85;15.36;pa016​;20250417_161114;1;FO2;-0,0050;1,5019;3,7082;0,1578;-0,0427;0,0057;0,9865;;False
1239,87;15.37;pa016​;20250417_161114;1;FO2;-0,0035;1,5063;3,7207;0,1518;-0,0456;0,0080;0,9873;;False
1239,88;15.39;pa016​;20250417_161114;1;FO2;-0,0020;1,5104;3,7324;0,1443;-0,0488;0,0086;0,9883;;False
1239,90;15.4;pa016​;20250417_161114;1;FO2;-0,0003;1,5143;3,7437;0,1395;-0,0522;0,0082;0,9888;;False
1239,91;15.42;pa016​;20250417_161114;1;FO2;0,0015;1,5179;3,7542;0,1344;-0,0560;0,0065;0,9893;;False
1239,92;15.43;pa016​;20250417_161114;1;FO2;0,0034;1,5216;3,7643;0,1308;-0,0596;0,0042;0,9896;;False
1239,94;15.44;pa016​;20250417_161114;1;FO2;0,0053;1,5253;3,7742;0,1273;-0,0631;0,0014;0,9899;;False
1239,95;15.46;pa016​;20250417_161114;1;FO2;0,0075;1,5291;3,7839;0,1259;-0,0672;-0,0025;0,9898;;False
1239,97;15.47;pa016​;20250417_161114;1;FO2;0,0096;1,5324;3,7927;0,1233;-0,0701;-0,0069;0,9899;;False
1239,98;15.49;pa016​;20250417_161114;1;FO2;0,0121;1,5358;3,8009;0,1230;-0,0732;-0,0116;0,9896;;False
1239,99;15.5;pa016​;20250417_161114;1;FO2;0,0147;1,5389;3,8088;0,1216;-0,0757;-0,0161;0,9896;;False
1240,01;15.51;pa016​;20250417_161114;1;FO2;0,0173;1,5419;3,8166;0,1195;-0,0778;-0,0209;0,9896;;False
1240,02;15.53;pa016​;20250417_161114;1;FO2;0,0201;1,5450;3,8239;0,1173;-0,0790;-0,0260;0,9896;;False
1240,03;15.54;pa016​;20250417_161114;1;FO2;0,0230;1,5480;3,8308;0,1152;-0,0795;-0,0313;0,9897;;False
1240,05;15.56;pa016​;20250417_161114;1;FO2;0,0259;1,5508;3,8373;0,1120;-0,0790;-0,0367;0,9899;;False
1240,06;15.57;pa016​;20250417_161114;1;FO2;0,0288;1,5535;3,8433;0,1100;-0,0777;-0,0424;0,9900;;False
1240,08;15.58;pa016​;20250417_161114;1;FO2;0,0314;1,5561;3,8491;0,1071;-0,0753;-0,0474;0,9903;;False
1240,09;15.6;pa016​;20250417_161114;1;FO2;0,0342;1,5584;3,8547;0,1042;-0,0732;-0,0521;0,9905;;False
1240,10;15.61;pa016​;20250417_161114;1;FO2;0,0368;1,5603;3,8596;0,1006;-0,0705;-0,0555;0,9909;;False
1240,12;15.62;pa016​;20250417_161114;1;FO2;0,0394;1,5618;3,8642;0,0971;-0,0681;-0,0580;0,9913;;False
1240,13;15.64;pa016​;20250417_161114;1;FO2;0,0418;1,5634;3,8687;0,0952;-0,0657;-0,0598;0,9915;;False
1240,15;15.65;pa016​;20250417_161114;1;FO2;0,0439;1,5650;3,8732;0,0938;-0,0628;-0,0620;0,9917;;False
1240,16;15.67;pa016​;20250417_161114;1;FO2;0,0458;1,5662;3,8774;0,0918;-0,0595;-0,0638;0,9919;;False
1240,17;15.68;pa016​;20250417_161114;1;FO2;0,0474;1,5674;3,8812;0,0904;-0,0561;-0,0659;0,9921;;False
1240,19;15.69;pa016​;20250417_161114;1;FO2;0,0489;1,5685;3,8849;0,0887;-0,0528;-0,0674;0,9924;;False
1240,20;15.71;pa016​;20250417_161114;1;FO2;0,0502;1,5694;3,8885;0,0864;-0,0495;-0,0686;0,9927;;False
1240,21;15.72;pa016​;20250417_161114;1;FO2;0,0513;1,5702;3,8921;0,0857;-0,0460;-0,0700;0,9928;;False
1240,23;15.74;pa016​;20250417_161114;1;FO2;0,0522;1,5710;3,8954;0,0860;-0,0431;-0,0709;0,9928;;False
1240,24;15.75;pa016​;20250417_161114;1;FO2;0,0530;1,5715;3,8981;0,0870;-0,0407;-0,0717;0,9928;;False
1240,27;15.78;pa016​;20250417_161114;1;FO2;0,0540;1,5726;3,9032;0,0902;-0,0369;-0,0713;0,9927;;False
1240,28;15.79;pa016​;20250417_161114;1;FO2;0,0544;1,5735;3,9058;0,0911;-0,0352;-0,0710;0,9927;;False
1240,30;15.81;pa016​;20250417_161114;1;FO2;0,0547;1,5745;3,9084;0,0907;-0,0336;-0,0705;0,9928;;False
1240,31;15.82;pa016​;20250417_161114;1;FO2;0,0550;1,5755;3,9106;0,0900;-0,0320;-0,0699;0,9930;;False
1240,33;15.83;pa016​;20250417_161114;1;FO2;0,0551;1,5764;3,9128;0,0891;-0,0303;-0,0694;0,9931;;False
1240,34;15.85;pa016​;20250417_161114;1;FO2;0,0551;1,5772;3,9151;0,0882;-0,0286;-0,0693;0,9933;;False
1240,35;15.86;pa016​;20250417_161114;1;FO2;0,0552;1,5780;3,9176;0,0865;-0,0264;-0,0690;0,9935;;False
1240,37;15.87;pa016​;20250417_161114;1;FO2;0,0551;1,5788;3,9199;0,0870;-0,0244;-0,0685;0,9936;;False
1240,38;15.89;pa016​;20250417_161114;1;FO2;0,0551;1,5794;3,9224;0,0876;-0,0226;-0,0680;0,9936;;False
1240,40;15.9;pa016​;20250417_161114;1;FO2;0,0549;1,5797;3,9249;0,0880;-0,0206;-0,0673;0,9936;;False
1240,41;15.92;pa016​;20250417_161114;1;FO2;0,0546;1,5798;3,9276;0,0892;-0,0185;-0,0668;0,9936;;False
1240,42;15.93;pa016​;20250417_161114;1;FO2;0,0542;1,5799;3,9307;0,0911;-0,0169;-0,0658;0,9935;;False
1240,44;15.94;pa016​;20250417_161114;1;FO2;0,0536;1,5798;3,9339;0,0918;-0,0150;-0,0647;0,9936;;False
1240,45;15.96;pa016​;20250417_161114;1;FO2;0,0531;1,5799;3,9374;0,0925;-0,0134;-0,0634;0,9936;;False
1240,47;15.97;pa016​;20250417_161114;1;FO2;0,0524;1,5798;3,9412;0,0928;-0,0118;-0,0616;0,9937;;False
1240,48;15.99;pa016​;20250417_161114;1;FO2;0,0517;1,5796;3,9450;0,0935;-0,0106;-0,0598;0,9938;;False
1240,49;16.0;pa016​;20250417_161114;1;FO2;0,0508;1,5793;3,9490;0,0948;-0,0095;-0,0579;0,9938;;False
1240,51;16.01;pa016​;20250417_161114;1;FO2;0,0498;1,5788;3,9534;0,0959;-0,0084;-0,0561;0,9938;;False
1240,52;16.03;pa016​;20250417_161114;1;FO2;0,0488;1,5784;3,9580;0,0970;-0,0077;-0,0541;0,9938;;False
1240,53;16.04;pa016​;20250417_161114;1;FO2;0,0476;1,5777;3,9629;0,0976;-0,0071;-0,0518;0,9939;;False
1240,55;16.06;pa016​;20250417_161114;1;FO2;0,0464;1,5771;3,9679;0,0984;-0,0069;-0,0495;0,9939;;False
1240,56;16.07;pa016​;20250417_161114;1;FO2;0,0449;1,5762;3,9731;0,0996;-0,0066;-0,0469;0,9939;;False
1240,58;16.08;pa016​;20250417_161114;1;FO2;0,0433;1,5753;3,9788;0,1014;-0,0068;-0,0441;0,9938;;False
1240,59;16.1;pa016​;20250417_161114;1;FO2;0,0416;1,5744;3,9847;0,1036;-0,0072;-0,0413;0,9937;;False
1240,60;16.11;pa016​;20250417_161114;1;FO2;0,0397;1,5735;3,9908;0,1055;-0,0076;-0,0384;0,9937;;False
1240,62;16.12;pa016​;20250417_161114;1;FO2;0,0377;1,5725;3,9971;0,1078;-0,0077;-0,0353;0,9935;;False
1240,63;16.14;pa016​;20250417_161114;1;FO2;0,0357;1,5714;4,0036;0,1098;-0,0084;-0,0323;0,9934;;False
1240,65;16.15;pa016​;20250417_161114;1;FO2;0,0335;1,5702;4,0105;0,1116;-0,0088;-0,0294;0,9933;;False
1240,66;16.17;pa016​;20250417_161114;1;FO2;0,0311;1,5690;4,0176;0,1136;-0,0093;-0,0266;0,9931;;False
1240,67;16.18;pa016​;20250417_161114;1;FO2;0,0286;1,5678;4,0250;0,1155;-0,0096;-0,0234;0,9930;;False
1240,69;16.19;pa016​;20250417_161114;1;FO2;0,0259;1,5667;4,0327;0,1169;-0,0100;-0,0202;0,9929;;False
1240,70;16.21;pa016​;20250417_161114;1;FO2;0,0233;1,5655;4,0410;0,1180;-0,0108;-0,0172;0,9928;;False
1240,71;16.22;pa016​;20250417_161114;1;FO2;0,0202;1,5641;4,0496;0,1184;-0,0109;-0,0137;0,9928;;False
1240,73;16.24;pa016​;20250417_161114;1;FO2;0,0172;1,5628;4,0586;0,1188;-0,0116;-0,0103;0,9928;;False
1240,74;16.25;pa016​;20250417_161114;1;FO2;0,0141;1,5613;4,0679;0,1188;-0,0125;-0,0065;0,9928;;False
1240,76;16.26;pa016​;20250417_161114;1;FO2;0,0107;1,5598;4,0775;0,1186;-0,0135;-0,0027;0,9928;;False
1240,77;16.28;pa016​;20250417_161114;1;FO2;0,0072;1,5580;4,0873;0,1183;-0,0143;0,0010;0,9929;;False
1240,78;16.29;pa016​;20250417_161114;1;FO2;0,0037;1,5561;4,0976;0,1189;-0,0159;0,0047;0,9928;;False
1240,80;16.31;pa016​;20250417_161114;1;FO2;-0,0001;1,5539;4,1079;0,1192;-0,0172;0,0086;0,9927;;False
1240,81;16.32;pa016​;20250417_161114;1;FO2;-0,0042;1,5518;4,1187;0,1199;-0,0188;0,0129;0,9925;;False
1240,83;16.33;pa016​;20250417_161114;1;FO2;-0,0084;1,5495;4,1296;0,1206;-0,0204;0,0174;0,9923;;False
1240,84;16.35;pa016​;20250417_161114;1;FO2;-0,0126;1,5473;4,1409;0,1212;-0,0227;0,0218;0,9921;;False
1240,85;16.36;pa016​;20250417_161114;1;FO2;-0,0170;1,5450;4,1525;0,1216;-0,0240;0,0266;0,9919;;False
1240,87;16.38;pa016​;20250417_161114;1;FO2;-0,0217;1,5428;4,1642;0,1219;-0,0251;0,0316;0,9917;;False
1240,88;16.39;pa016​;20250417_161114;1;FO2;-0,0265;1,5407;4,1765;0,1219;-0,0263;0,0364;0,9915;;False
1240,90;16.4;pa016​;20250417_161114;1;FO2;-0,0314;1,5387;4,1891;0,1204;-0,0273;0,0415;0,9915;;False
1240,91;16.42;pa016​;20250417_161114;1;FO2;-0,0363;1,5365;4,2022;0,1189;-0,0280;0,0466;0,9914;;False
1240,92;16.43;pa016​;20250417_161114;1;FO2;-0,0415;1,5343;4,2156;0,1174;-0,0283;0,0514;0,9913;;False
1240,94;16.44;pa016​;20250417_161114;1;FO2;-0,0470;1,5323;4,2292;0,1149;-0,0284;0,0563;0,9914;;False
1240,95;16.46;pa016​;20250417_161114;1;FO2;-0,0527;1,5301;4,2430;0,1121;-0,0286;0,0614;0,9914;;False
1240,97;16.47;pa016​;20250417_161114;1;FO2;-0,0588;1,5279;4,2569;0,1095;-0,0287;0,0662;0,9914;;False
1240,98;16.49;pa016​;20250417_161114;1;FO2;-0,0651;1,5260;4,2709;0,1075;-0,0281;0,0707;0,9913;;False
1240,99;16.5;pa016​;20250417_161114;1;FO2;-0,0715;1,5261;4,2862;0,1079;-0,0286;0,0761;0,9908;;False
1241,01;16.51;pa016​;20250417_161114;1;FO2;-0,0785;1,5263;4,3019;0,1037;-0,0290;0,0818;0,9908;;False
1241,02;16.53;pa016​;20250417_161114;1;FO2;-0,0856;1,5256;4,3166;0,1022;-0,0297;0,0871;0,9905;;False
1241,03;16.54;pa016​;20250417_161114;1;FO2;-0,0933;1,5264;4,3320;0,1037;-0,0310;0,0938;0,9897;;False
1241,05;16.56;pa016​;20250417_161114;1;FO2;-0,1012;1,5266;4,3469;0,1034;-0,0333;0,1014;0,9889;;False
1241,06;16.57;pa016​;20250417_161114;1;FO2;-0,1092;1,5262;4,3605;0,1088;-0,0366;0,1102;0,9873;;False
1241,08;16.58;pa016​;20250417_161114;1;FO2;-0,1170;1,5263;4,3732;0,1177;-0,0414;0,1201;0,9849;;False
1241,09;16.6;pa016​;20250417_161114;1;FO2;-0,1246;1,5274;4,3854;0,1285;-0,0470;0,1303;0,9820;;False
1241,10;16.61;pa016​;20250417_161114;1;FO2;-0,1322;1,5292;4,3971;0,1396;-0,0511;0,1381;0,9792;;False
1241,12;16.62;pa016​;20250417_161114;1;FO2;-0,1396;1,5325;4,4090;0,1424;-0,0542;0,1433;0,9779;;False
1241,13;16.64;pa016​;20250417_161114;1;FO2;-0,1465;1,5359;4,4208;0,1400;-0,0570;0,1473;0,9775;;False
1241,15;16.65;pa016​;20250417_161114;1;FO2;-0,1531;1,5389;4,4315;0,1381;-0,0592;0,1513;0,9770;;False
1241,16;16.67;pa016​;20250417_161114;1;FO2;-0,1592;1,5418;4,4419;0,1368;-0,0615;0,1547;0,9765;;False
1241,17;16.68;pa016​;20250417_161114;1;FO2;-0,1649;1,5444;4,4525;0,1345;-0,0631;0,1576;0,9763;;False
1241,19;16.69;pa016​;20250417_161114;1;FO2;-0,1701;1,5467;4,4628;0,1322;-0,0650;0,1609;0,9759;;False
1241,20;16.71;pa016​;20250417_161114;1;FO2;-0,1747;1,5487;4,4729;0,1316;-0,0671;0,1651;0,9751;;False
1241,22;16.72;pa016​;20250417_161114;1;FO2;-0,1788;1,5506;4,4828;0,1320;-0,0690;0,1689;0,9743;;False
1241,23;16.74;pa016​;20250417_161114;1;FO2;-0,1823;1,5522;4,4926;0,1331;-0,0706;0,1728;0,9734;;False
1241,24;16.75;pa016​;20250417_161114;1;FO2;-0,1853;1,5538;4,5025;0,1354;-0,0716;0,1758;0,9724;;False
1241,26;16.76;pa016​;20250417_161114;1;FO2;-0,1880;1,5552;4,5123;0,1382;-0,0717;0,1781;0,9716;;False
1241,27;16.78;pa016​;20250417_161114;1;FO2;-0,1901;1,5564;4,5220;0,1418;-0,0719;0,1781;0,9711;;False
1241,28;16.79;pa016​;20250417_161114;1;FO2;-0,1919;1,5572;4,5315;0,1450;-0,0715;0,1765;0,9709;;False
1241,31;16.82;pa016​;20250417_161114;1;FO2;-0,1943;1,5583;4,5511;0,1511;-0,0702;0,1699;0,9713;;False
1241,34;16.85;pa016​;20250417_161114;1;FO2;-0,1960;1,5583;4,5711;0,1547;-0,0695;0,1624;0,9720;;False
1241,37;16.88;pa016​;20250417_161114;1;FO2;-0,1970;1,5570;4,5913;0,1596;-0,0677;0,1536;0,9728;;False
1241,40;16.9;pa016​;20250417_161114;1;FO2;-0,1981;1,5555;4,6121;0,1655;-0,0638;0,1466;0,9732;;False
1241,42;16.93;pa016​;20250417_161114;1;FO2;-0,1988;1,5528;4,6336;0,1696;-0,0607;0,1408;0,9735;;False
1241,45;16.96;pa016​;20250417_161114;1;FO2;-0,1993;1,5497;4,6559;0,1736;-0,0588;0,1385;0,9733;;False
1241,48;16.99;pa016​;20250417_161114;1;FO2;-0,1998;1,5460;4,6790;0,1774;-0,0582;0,1372;0,9728;;False
1241,51;17.01;pa016​;20250417_161114;1;FO2;-0,2005;1,5418;4,7025;0,1821;-0,0590;0,1370;0,9719;;False
1241,53;17.04;pa016​;20250417_161114;1;FO2;-0,2008;1,5372;4,7266;0,1868;-0,0622;0,1378;0,9707;;False
1241,56;17.07;pa016​;20250417_161114;1;FO2;-0,2006;1,5322;4,7514;0,1907;-0,0672;0,1368;0,9697;;False
1241,59;17.1;pa016​;20250417_161114;1;FO2;-0,1994;1,5269;4,7770;0,1921;-0,0729;0,1343;0,9694;Collision avec Chemin3 - Objet Parent Plot-Mousse3;False
1241,62;17.13;pa016​;20250417_161114;1;FO2;-0,1971;1,5212;4,8034;0,1932;-0,0777;0,1292;0,9695;Collision avec Chemin3 - Objet Parent Plot-Mousse3;False
1241,65;17.15;pa016​;20250417_161114;1;FO2;-0,1937;1,5155;4,8316;0,1915;-0,0831;0,1233;0,9702;Collision avec Chemin3 - Objet Parent Plot-Mousse3;False
1241,67;17.18;pa016​;20250417_161114;1;FO2;-0,1894;1,5097;4,8610;0,1893;-0,0886;0,1176;0,9708;Collision avec Chemin3 - Objet Parent Plot-Mousse3;False
1241,69;17.19;pa016​;20250417_161114;1;FO2;-0,1868;1,5067;4,8762;0,1882;-0,0915;0,1146;0,9711;Collision avec Chemin3 - Objet Parent Plot-Mousse3;False
1241,72;17.22;pa016​;20250417_161114;1;FO2;-0,1809;1,5013;4,9083;0,1863;-0,0981;0,1086;0,9715;Collision avec Chemin3 - Objet Parent Plot-Mousse3;False
1241,74;17.25;pa016​;20250417_161114;1;FO2;-0,1736;1,4968;4,9420;0,1836;-0,1047;0,1017;0,9721;Collision avec Chemin3 - Objet Parent Plot-Mousse3;False
1241,76;17.26;pa016​;20250417_161114;1;FO2;-0,1693;1,4948;4,9596;0,1818;-0,1070;0,0969;0,9727;Collision avec Chemin3 - Objet Parent Plot-Mousse3;False
1241,77;17.28;pa016​;20250417_161114;1;FO2;-0,1602;1,4913;4,9951;0,1788;-0,1107;0,0867;0,9738;Collision avec Chemin3 - Objet Parent Plot-Mousse3;False
1241,78;17.29;pa016​;20250417_161114;1;FO2;-0,1548;1,4901;5,0134;0,1770;-0,1111;0,0792;0,9747;Collision avec Chemin3 - Objet Parent Plot-Mousse3;False
1241,80;17.3;pa016​;20250417_161114;1;FO2;-0,1493;1,4893;5,0318;0,1755;-0,1090;0,0712;0,9758;Collision avec Chemin3 - Objet Parent Plot-Mousse3;False
1241,81;17.32;pa016​;20250417_161114;1;FO2;-0,1437;1,4913;5,0518;0,1788;-0,1073;0,0648;0,9759;Collision avec Chemin3 - Objet Parent Plot-Mousse3;False
1241,82;17.33;pa016​;20250417_161114;1;FO2;-0,1394;1,4973;5,0748;0,1814;-0,1053;0,0610;0,9758;Collision avec Chemin3 - Objet Parent Plot-Mousse3;False
1241,84;17.34;pa016​;20250417_161114;1;FO2;-0,1328;1,4962;5,0941;0,1719;-0,1029;0,0520;0,9784;Collision avec Chemin3 - Objet Parent Plot-Mousse3;False
1241,85;17.36;pa016​;20250417_161114;1;FO2;-0,1274;1,5031;5,1154;0,1801;-0,0975;0,0465;0,9777;Collision avec Chemin3 - Objet Parent Plot-Mousse3;False
1241,86;17.37;pa016​;20250417_161114;1;FO2;-0,1220;1,5080;5,1395;0,1718;-0,0933;0,0432;0,9798;Collision avec Chemin3 - Objet Parent Plot-Mousse3;False
1241,88;17.38;pa016​;20250417_161114;1;FO2;-0,1146;1,5079;5,1581;0,1624;-0,0879;0,0374;0,9821;Collision avec Chemin3 - Objet Parent Plot-Mousse3;False
1241,89;17.4;pa016​;20250417_161114;1;FO2;-0,1074;1,5066;5,1747;0,1580;-0,0791;0,0297;0,9838;Collision avec Chemin3 - Objet Parent Plot-Mousse3;False
1241,91;17.41;pa016​;20250417_161114;1;FO2;-0,1009;1,5094;5,1914;0,1677;-0,0676;0,0226;0,9833;Collision avec Chemin3 - Objet Parent Plot-Mousse3;False
1241,92;17.43;pa016​;20250417_161114;1;FO2;-0,0955;1,5123;5,2074;0,1790;-0,0552;0,0164;0,9822;Collision avec Chemin3 - Objet Parent Plot-Mousse3;False
1241,93;17.44;pa016​;20250417_161114;1;FO2;-0,0909;1,5166;5,2235;0,1884;-0,0443;0,0108;0,9810;Collision avec Chemin3 - Objet Parent Plot-Mousse3;False
1241,95;17.45;pa016​;20250417_161114;1;FO2;-0,0871;1,5207;5,2404;0,1881;-0,0357;0,0057;0,9815;Collision avec Chemin3 - Objet Parent Plot-Mousse3;False
1241,96;17.47;pa016​;20250417_161114;1;FO2;-0,0836;1,5247;5,2566;0,1815;-0,0296;0,0033;0,9829;;False
1241,97;17.48;pa016​;20250417_161114;1;FO2;-0,0807;1,5288;5,2717;0,1765;-0,0240;0,0016;0,9840;;False
1241,99;17.5;pa016​;20250417_161114;1;FO2;-0,0784;1,5329;5,2865;0,1737;-0,0206;0,0015;0,9846;;False
1242,00;17.51;pa016​;20250417_161114;1;FO2;-0,0765;1,5364;5,3010;0,1707;-0,0188;0,0026;0,9851;;False
1242,02;17.52;pa016​;20250417_161114;1;FO2;-0,0750;1,5397;5,3150;0,1694;-0,0173;0,0025;0,9854;;False
1242,03;17.54;pa016​;20250417_161114;1;FO2;-0,0739;1,5431;5,3292;0,1695;-0,0162;0,0021;0,9854;;False
1242,04;17.55;pa016​;20250417_161114;1;FO2;-0,0734;1,5463;5,3430;0,1686;-0,0150;0,0030;0,9856;;False
1242,06;17.56;pa016​;20250417_161114;1;FO2;-0,0731;1,5491;5,3562;0,1686;-0,0144;0,0047;0,9856;;False
1242,07;17.58;pa016​;20250417_161114;1;FO2;-0,0728;1,5516;5,3692;0,1690;-0,0153;0,0079;0,9855;;False
1242,09;17.59;pa016​;20250417_161114;1;FO2;-0,0726;1,5541;5,3821;0,1695;-0,0161;0,0118;0,9853;;False
1242,10;17.61;pa016​;20250417_161114;1;FO2;-0,0726;1,5564;5,3950;0,1697;-0,0169;0,0160;0,9852;;False
1242,11;17.62;pa016​;20250417_161114;1;FO2;-0,0727;1,5583;5,4077;0,1694;-0,0173;0,0200;0,9852;;False
1242,13;17.63;pa016​;20250417_161114;1;FO2;-0,0727;1,5597;5,4204;0,1678;-0,0178;0,0241;0,9854;;False
1242,14;17.65;pa016​;20250417_161114;1;FO2;-0,0725;1,5610;5,4334;0,1655;-0,0181;0,0274;0,9857;;False
1242,16;17.66;pa016​;20250417_161114;1;FO2;-0,0724;1,5618;5,4463;0,1624;-0,0181;0,0299;0,9861;;False
1242,17;17.68;pa016​;20250417_161114;1;FO2;-0,0722;1,5623;5,4595;0,1604;-0,0182;0,0315;0,9864;;False
1242,18;17.69;pa016​;20250417_161114;1;FO2;-0,0722;1,5621;5,4728;0,1579;-0,0179;0,0334;0,9867;;False
1242,20;17.7;pa016​;20250417_161114;1;FO2;-0,0722;1,5612;5,4861;0,1564;-0,0175;0,0348;0,9869;;False
1242,21;17.72;pa016​;20250417_161114;1;FO2;-0,0721;1,5602;5,4996;0,1559;-0,0171;0,0358;0,9870;;False
1242,22;17.73;pa016​;20250417_161114;1;FO2;-0,0721;1,5587;5,5132;0,1563;-0,0171;0,0362;0,9869;;False
1242,24;17.75;pa016​;20250417_161114;1;FO2;-0,0721;1,5570;5,5269;0,1571;-0,0168;0,0369;0,9868;;False
1242,25;17.76;pa016​;20250417_161114;1;FO2;-0,0723;1,5550;5,5412;0,1581;-0,0168;0,0379;0,9866;;False
1242,27;17.77;pa016​;20250417_161114;1;FO2;-0,0726;1,5528;5,5554;0,1591;-0,0167;0,0383;0,9864;;False
1242,28;17.79;pa016​;20250417_161114;1;FO2;-0,0727;1,5503;5,5698;0,1605;-0,0165;0,0383;0,9862;;False
1242,29;17.8;pa016​;20250417_161114;1;FO2;-0,0731;1,5477;5,5845;0,1621;-0,0166;0,0391;0,9859;;False
1242,31;17.81;pa016​;20250417_161114;1;FO2;-0,0736;1,5450;5,5996;0,1637;-0,0165;0,0395;0,9856;;False
1242,32;17.83;pa016​;20250417_161114;1;FO2;-0,0742;1,5420;5,6148;0,1644;-0,0163;0,0400;0,9854;;False
1242,34;17.84;pa016​;20250417_161114;1;FO2;-0,0746;1,5388;5,6305;0,1645;-0,0165;0,0408;0,9854;;False
1242,35;17.86;pa016​;20250417_161114;1;FO2;-0,0753;1,5357;5,6467;0,1643;-0,0162;0,0413;0,9854;;False
1242,36;17.87;pa016​;20250417_161114;1;FO2;-0,0759;1,5324;5,6633;0,1634;-0,0157;0,0416;0,9856;;False
1242,38;17.88;pa016​;20250417_161114;1;FO2;-0,0769;1,5285;5,6801;0,1621;-0,0152;0,0421;0,9858;;False
1242,39;17.9;pa016​;20250417_161114;1;FO2;-0,0781;1,5246;5,6972;0,1614;-0,0143;0,0420;0,9859;;False
1242,41;17.91;pa016​;20250417_161114;1;FO2;-0,0791;1,5206;5,7148;0,1599;-0,0133;0,0419;0,9861;;False
1242,42;17.93;pa016​;20250417_161114;1;FO2;-0,0803;1,5169;5,7329;0,1583;-0,0125;0,0425;0,9864;;False
1242,43;17.94;pa016​;20250417_161114;1;FO2;-0,0818;1,5130;5,7515;0,1561;-0,0106;0,0419;0,9868;;False
1242,45;17.95;pa016​;20250417_161114;1;FO2;-0,0835;1,5093;5,7705;0,1542;-0,0088;0,0415;0,9871;;False
1242,46;17.97;pa016​;20250417_161114;1;FO2;-0,0853;1,5054;5,7901;0,1520;-0,0067;0,0411;0,9875;;False
1242,47;17.98;pa016​;20250417_161114;1;FO2;-0,0874;1,5015;5,8099;0,1500;-0,0041;0,0414;0,9878;;False
1242,49;18.0;pa016​;20250417_161114;1;FO2;-0,0897;1,4978;5,8304;0,1486;-0,0013;0,0417;0,9880;;False
1242,50;18.01;pa016​;20250417_161114;1;FO2;-0,0924;1,4941;5,8514;0,1466;0,0016;0,0418;0,9883;;False
1242,52;18.02;pa016​;20250417_161114;1;FO2;-0,0955;1,4905;5,8727;0,1435;0,0051;0,0421;0,9887;;False
1242,53;18.04;pa016​;20250417_161114;1;FO2;-0,0989;1,4868;5,8938;0,1420;0,0089;0,0420;0,9889;;False
1242,54;18.05;pa016​;20250417_161114;1;FO2;-0,1024;1,4842;5,9155;0,1432;0,0118;0,0435;0,9887;;False
1242,56;18.06;pa016​;20250417_161114;1;FO2;-0,1065;1,4860;5,9404;0,1464;0,0146;0,0464;0,9880;;False
1242,57;18.08;pa016​;20250417_161114;1;FO2;-0,1107;1,4845;5,9639;0,1407;0,0179;0,0481;0,9887;;False
1242,59;18.09;pa016​;20250417_161114;1;FO2;-0,1159;1,4852;5,9864;0,1461;0,0212;0,0495;0,9878;;False
1242,60;18.11;pa016​;20250417_161114;1;FO2;-0,1211;1,4878;6,0104;0,1499;0,0227;0,0524;0,9871;;False
1242,61;18.12;pa016​;20250417_161114;1;FO2;-0,1260;1,4865;6,0313;0,1513;0,0217;0,0587;0,9865;;False
1242,63;18.13;pa016​;20250417_161114;1;FO2;-0,1312;1,4863;6,0500;0,1613;0,0138;0,0722;0,9842;;False
1242,65;18.15;pa016​;20250417_161114;1;FO2;-0,1356;1,4879;6,0680;0,1736;0,0006;0,0874;0,9809;;False
1242,66;18.17;pa016​;20250417_161114;1;FO2;-0,1399;1,4899;6,0849;0,1851;-0,0076;0,0961;0,9780;;False
1242,67;18.18;pa016​;20250417_161114;1;FO2;-0,1435;1,4926;6,1019;0,1936;-0,0146;0,0991;0,9759;;False
1242,68;18.19;pa016​;20250417_161114;1;FO2;-0,1463;1,4968;6,1197;0,1933;-0,0199;0,0980;0,9760;;False
1242,70;18.2;pa016​;20250417_161114;1;FO2;-0,1478;1,5014;6,1360;0,1873;-0,0232;0,0936;0,9776;;False
1242,71;18.22;pa016​;20250417_161114;1;FO2;-0,1493;1,5054;6,1502;0,1875;-0,0261;0,0901;0,9778;;False
1242,72;18.23;pa016​;20250417_161114;1;FO2;-0,1502;1,5095;6,1643;0,1897;-0,0271;0,0848;0,9778;;False
1242,74;18.25;pa016​;20250417_161114;1;FO2;-0,1506;1,5138;6,1780;0,1901;-0,0263;0,0795;0,9782;;False
1242,75;18.26;pa016​;20250417_161114;1;FO2;-0,1509;1,5186;6,1917;0,1909;-0,0257;0,0758;0,9783;;False
1242,77;18.27;pa016​;20250417_161114;1;FO2;-0,1512;1,5234;6,2052;0,1907;-0,0248;0,0724;0,9787;;False
1242,78;18.29;pa016​;20250417_161114;1;FO2;-0,1513;1,5280;6,2179;0,1908;-0,0231;0,0687;0,9789;;False
1242,79;18.3;pa016​;20250417_161114;1;FO2;-0,1515;1,5324;6,2300;0,1913;-0,0209;0,0664;0,9791;;False
1242,81;18.31;pa016​;20250417_161114;1;FO2;-0,1516;1,5368;6,2423;0,1918;-0,0198;0,0649;0,9791;;False
1242,82;18.33;pa016​;20250417_161114;1;FO2;-0,1519;1,5410;6,2545;0,1915;-0,0192;0,0644;0,9792;;False
1242,84;18.34;pa016​;20250417_161114;1;FO2;-0,1521;1,5449;6,2665;0,1901;-0,0194;0,0647;0,9794;;False
1242,85;18.36;pa016​;20250417_161114;1;FO2;-0,1524;1,5484;6,2783;0,1888;-0,0199;0,0650;0,9797;;False
1242,86;18.37;pa016​;20250417_161114;1;FO2;-0,1525;1,5514;6,2900;0,1877;-0,0208;0,0652;0,9798;;False
1242,88;18.38;pa016​;20250417_161114;1;FO2;-0,1525;1,5538;6,3018;0,1867;-0,0219;0,0652;0,9800;;False
1242,89;18.4;pa016​;20250417_161114;1;FO2;-0,1524;1,5556;6,3136;0,1852;-0,0232;0,0650;0,9803;;False
1242,91;18.41;pa016​;20250417_161114;1;FO2;-0,1523;1,5570;6,3254;0,1838;-0,0243;0,0643;0,9806;;False
1242,92;18.43;pa016​;20250417_161114;1;FO2;-0,1522;1,5578;6,3373;0,1829;-0,0255;0,0638;0,9807;;False
1242,93;18.44;pa016​;20250417_161114;1;FO2;-0,1519;1,5581;6,3493;0,1823;-0,0270;0,0637;0,9808;;False
1242,95;18.45;pa016​;20250417_161114;1;FO2;-0,1516;1,5579;6,3614;0,1814;-0,0282;0,0634;0,9809;;False
1242,96;18.47;pa016​;20250417_161114;1;FO2;-0,1512;1,5573;6,3737;0,1805;-0,0294;0,0632;0,9811;;False
1242,97;18.48;pa016​;20250417_161114;1;FO2;-0,1507;1,5565;6,3862;0,1791;-0,0311;0,0626;0,9813;;False
1242,99;18.5;pa016​;20250417_161114;1;FO2;-0,1502;1,5554;6,3989;0,1778;-0,0329;0,0622;0,9815;;False
1243,00;18.51;pa016​;20250417_161114;1;FO2;-0,1494;1,5536;6,4118;0,1766;-0,0350;0,0619;0,9817;;False
1243,02;18.52;pa016​;20250417_161114;1;FO2;-0,1486;1,5515;6,4247;0,1765;-0,0373;0,0620;0,9816;;False
1243,03;18.54;pa016​;20250417_161114;1;FO2;-0,1476;1,5493;6,4378;0,1770;-0,0397;0,0617;0,9815;;False
1243,04;18.55;pa016​;20250417_161114;1;FO2;-0,1464;1,5470;6,4514;0,1775;-0,0424;0,0613;0,9813;;False
1243,06;18.57;pa016​;20250417_161114;1;FO2;-0,1452;1,5447;6,4652;0,1782;-0,0449;0,0607;0,9811;;False
1243,07;18.58;pa016​;20250417_161114;1;FO2;-0,1438;1,5419;6,4791;0,1780;-0,0476;0,0594;0,9811;;False
1243,09;18.59;pa016​;20250417_161114;1;FO2;-0,1421;1,5390;6,4933;0,1785;-0,0502;0,0575;0,9810;;False
1243,10;18.61;pa016​;20250417_161114;1;FO2;-0,1402;1,5360;6,5075;0,1787;-0,0525;0,0550;0,9810;;False
1243,11;18.62;pa016​;20250417_161114;1;FO2;-0,1381;1,5329;6,5221;0,1793;-0,0546;0,0526;0,9809;;False
1243,13;18.63;pa016​;20250417_161114;1;FO2;-0,1358;1,5298;6,5370;0,1796;-0,0567;0,0501;0,9808;;False
1243,14;18.65;pa016​;20250417_161114;1;FO2;-0,1335;1,5266;6,5525;0,1798;-0,0584;0,0475;0,9808;;False
1243,16;18.66;pa016​;20250417_161114;1;FO2;-0,1310;1,5235;6,5683;0,1797;-0,0601;0,0460;0,9808;;False
1243,17;18.68;pa016​;20250417_161114;1;FO2;-0,1281;1,5202;6,5843;0,1794;-0,0617;0,0447;0,9808;Collision avec Chemin4 - Objet Parent Plot-Mousse4;False
1243,18;18.69;pa016​;20250417_161114;1;FO2;-0,1249;1,5167;6,6004;0,1793;-0,0633;0,0436;0,9808;Collision avec Chemin4 - Objet Parent Plot-Mousse4;False
1243,20;18.7;pa016​;20250417_161114;1;FO2;-0,1216;1,5134;6,6170;0,1795;-0,0646;0,0430;0,9807;Collision avec Chemin4 - Objet Parent Plot-Mousse4;False
1243,21;18.72;pa016​;20250417_161114;1;FO2;-0,1179;1,5100;6,6341;0,1791;-0,0665;0,0426;0,9807;Collision avec Chemin4 - Objet Parent Plot-Mousse4;False
1243,23;18.73;pa016​;20250417_161114;1;FO2;-0,1141;1,5070;6,6516;0,1792;-0,0681;0,0427;0,9805;Collision avec Chemin4 - Objet Parent Plot-Mousse4;False
1243,24;18.75;pa016​;20250417_161114;1;FO2;-0,1100;1,5044;6,6695;0,1789;-0,0702;0,0427;0,9804;Collision avec Chemin4 - Objet Parent Plot-Mousse4;False
1243,25;18.76;pa016​;20250417_161114;1;FO2;-0,1057;1,5018;6,6877;0,1781;-0,0725;0,0424;0,9804;Collision avec Chemin4 - Objet Parent Plot-Mousse4;False
1243,27;18.77;pa016​;20250417_161114;1;FO2;-0,1010;1,4995;6,7066;0,1761;-0,0751;0,0419;0,9806;Collision avec Chemin4 - Objet Parent Plot-Mousse4;False
1243,28;18.79;pa016​;20250417_161114;1;FO2;-0,0960;1,4973;6,7261;0,1721;-0,0777;0,0403;0,9812;Collision avec Chemin4 - Objet Parent Plot-Mousse4;False
1243,29;18.8;pa016​;20250417_161114;1;FO2;-0,0906;1,4950;6,7459;0,1669;-0,0810;0,0383;0,9819;Collision avec Chemin4 - Objet Parent Plot-Mousse4;False
1243,31;18.82;pa016​;20250417_161114;1;FO2;-0,0849;1,4928;6,7662;0,1622;-0,0837;0,0353;0,9826;Collision avec Chemin4 - Objet Parent Plot-Mousse4;False
1243,32;18.83;pa016​;20250417_161114;1;FO2;-0,0788;1,4900;6,7864;0,1564;-0,0861;0,0308;0,9834;Collision avec Chemin4 - Objet Parent Plot-Mousse4;False
1243,34;18.84;pa016​;20250417_161114;1;FO2;-0,0729;1,4916;6,8086;0,1621;-0,0879;0,0261;0,9825;Collision avec Chemin4 - Objet Parent Plot-Mousse4;False
1243,35;18.86;pa016​;20250417_161114;1;FO2;-0,0678;1,4963;6,8347;0,1622;-0,0890;0,0209;0,9825;Collision avec Chemin4 - Objet Parent Plot-Mousse4;False
1243,36;18.87;pa016​;20250417_161114;1;FO2;-0,0607;1,4928;6,8566;0,1565;-0,0880;0,0113;0,9837;Collision avec Chemin4 - Objet Parent Plot-Mousse4;False
1243,38;18.88;pa016​;20250417_161114;1;FO2;-0,0547;1,4999;6,8816;0,1701;-0,0858;0,0027;0,9817;Collision avec Chemin4 - Objet Parent Plot-Mousse4;False
1243,39;18.9;pa016​;20250417_161114;1;FO2;-0,0475;1,4991;6,9068;0,1567;-0,0835;-0,0053;0,9841;Collision avec Chemin4 - Objet Parent Plot-Mousse4;False
1243,41;18.91;pa016​;20250417_161114;1;FO2;-0,0402;1,4948;6,9255;0,1557;-0,0752;-0,0169;0,9848;Collision avec Chemin4 - Objet Parent Plot-Mousse4;False
1243,42;18.93;pa016​;20250417_161114;1;FO2;-0,0334;1,4917;6,9440;0,1615;-0,0642;-0,0323;0,9843;Collision avec Chemin4 - Objet Parent Plot-Mousse4;False
1243,43;18.94;pa016​;20250417_161114;1;FO2;-0,0277;1,4940;6,9616;0,1805;-0,0510;-0,0435;0,9813;Collision avec Chemin4 - Objet Parent Plot-Mousse4;False
1243,45;18.95;pa016​;20250417_161114;1;FO2;-0,0239;1,4979;6,9800;0,2034;-0,0380;-0,0517;0,9770;Collision avec Chemin4 - Objet Parent Plot-Mousse4;False
1243,46;18.97;pa016​;20250417_161114;1;FO2;-0,0205;1,5011;6,9978;0,2086;-0,0291;-0,0544;0,9760;Collision avec Chemin4 - Objet Parent Plot-Mousse4;False
1243,47;18.98;pa016​;20250417_161114;1;FO2;-0,0177;1,5043;7,0144;0,2078;-0,0228;-0,0525;0,9765;Collision avec Chemin4 - Objet Parent Plot-Mousse4;False
1243,49;19.0;pa016​;20250417_161114;1;FO2;-0,0155;1,5089;7,0308;0,2050;-0,0186;-0,0451;0,9775;Collision avec Chemin4 - Objet Parent Plot-Mousse4;False
1243,51;19.01;pa016​;20250417_161114;1;FO2;-0,0141;1,5137;7,0465;0,2022;-0,0156;-0,0381;0,9785;;False
1243,52;19.03;pa016​;20250417_161114;1;FO2;-0,0129;1,5179;7,0607;0,2035;-0,0130;-0,0329;0,9784;;False
1243,53;19.04;pa016​;20250417_161114;1;FO2;-0,0120;1,5221;7,0743;0,2063;-0,0126;-0,0270;0,9780;;False
1243,54;19.05;pa016​;20250417_161114;1;FO2;-0,0116;1,5266;7,0878;0,2077;-0,0133;-0,0220;0,9779;;False
1243,56;19.07;pa016​;20250417_161114;1;FO2;-0,0114;1,5312;7,1009;0,2081;-0,0146;-0,0176;0,9778;;False
1243,57;19.08;pa016​;20250417_161114;1;FO2;-0,0113;1,5362;7,1138;0,2075;-0,0169;-0,0123;0,9780;;False
1243,59;19.09;pa016​;20250417_161114;1;FO2;-0,0112;1,5408;7,1263;0,2053;-0,0199;-0,0080;0,9785;;False
1243,60;19.11;pa016​;20250417_161114;1;FO2;-0,0111;1,5453;7,1386;0,2030;-0,0231;-0,0034;0,9789;;False
1243,61;19.12;pa016​;20250417_161114;1;FO2;-0,0110;1,5492;7,1508;0,2001;-0,0266;0,0002;0,9794;;False
1243,63;19.13;pa016​;20250417_161114;1;FO2;-0,0113;1,5527;7,1626;0,1973;-0,0287;0,0027;0,9799;;False
1243,64;19.15;pa016​;20250417_161114;1;FO2;-0,0112;1,5554;7,1744;0,1944;-0,0319;0,0047;0,9804;;False
1243,66;19.16;pa016​;20250417_161114;1;FO2;-0,0114;1,5580;7,1864;0,1925;-0,0345;0,0072;0,9807;;False
1243,67;19.18;pa016​;20250417_161114;1;FO2;-0,0115;1,5598;7,1981;0,1897;-0,0368;0,0091;0,9811;;False
1243,68;19.19;pa016​;20250417_161114;1;FO2;-0,0117;1,5610;7,2099;0,1874;-0,0395;0,0115;0,9814;;False
1243,70;19.2;pa016​;20250417_161114;1;FO2;-0,0120;1,5615;7,2214;0,1857;-0,0419;0,0141;0,9816;;False
1243,71;19.22;pa016​;20250417_161114;1;FO2;-0,0121;1,5618;7,2332;0,1853;-0,0441;0,0167;0,9816;;False
1243,73;19.23;pa016​;20250417_161114;1;FO2;-0,0123;1,5615;7,2450;0,1842;-0,0461;0,0195;0,9816;;False
1243,74;19.25;pa016​;20250417_161114;1;FO2;-0,0124;1,5608;7,2570;0,1833;-0,0479;0,0228;0,9816;;False
1243,75;19.26;pa016​;20250417_161114;1;FO2;-0,0125;1,5595;7,2691;0,1826;-0,0492;0,0255;0,9816;;False
1243,77;19.27;pa016​;20250417_161114;1;FO2;-0,0125;1,5576;7,2813;0,1822;-0,0505;0,0277;0,9816;;False
1243,79;19.3;pa016​;20250417_161114;1;FO2;-0,0126;1,5551;7,2941;0,1843;-0,0501;0,0296;0,9811;;False
1243,81;19.31;pa016​;20250417_161114;1;FO2;-0,0126;1,5528;7,3068;0,1856;-0,0505;0,0314;0,9808;;False
1243,82;19.33;pa016​;20250417_161114;1;FO2;-0,0128;1,5503;7,3196;0,1871;-0,0502;0,0331;0,9805;;False
1243,83;19.34;pa016​;20250417_161114;1;FO2;-0,0128;1,5475;7,3325;0,1885;-0,0501;0,0340;0,9802;;False
1243,85;19.35;pa016​;20250417_161114;1;FO2;-0,0130;1,5447;7,3460;0,1895;-0,0491;0,0346;0,9801;;False
1243,86;19.37;pa016​;20250417_161114;1;FO2;-0,0132;1,5420;7,3595;0,1898;-0,0479;0,0349;0,9800;;False
1243,88;19.38;pa016​;20250417_161114;1;FO2;-0,0136;1,5393;7,3733;0,1901;-0,0461;0,0352;0,9801;;False
1243,89;19.4;pa016​;20250417_161114;1;FO2;-0,0141;1,5366;7,3874;0,1900;-0,0442;0,0355;0,9801;;False
1243,90;19.41;pa016​;20250417_161114;1;FO2;-0,0148;1,5335;7,4013;0,1886;-0,0421;0,0356;0,9805;;False
1243,92;19.42;pa016​;20250417_161114;1;FO2;-0,0159;1,5310;7,4160;0,1889;-0,0398;0,0360;0,9805;;False
1243,93;19.44;pa016​;20250417_161114;1;FO2;-0,0170;1,5279;7,4306;0,1873;-0,0374;0,0364;0,9809;;False
1243,94;19.45;pa016​;20250417_161114;1;FO2;-0,0181;1,5252;7,4458;0,1861;-0,0350;0,0373;0,9812;;False
1243,96;19.47;pa016​;20250417_161114;1;FO2;-0,0195;1,5223;7,4611;0,1837;-0,0326;0,0384;0,9817;;False
1243,97;19.48;pa016​;20250417_161114;1;FO2;-0,0212;1,5195;7,4768;0,1825;-0,0302;0,0397;0,9819;;False
1243,99;19.49;pa016​;20250417_161114;1;FO2;-0,0230;1,5163;7,4927;0,1807;-0,0279;0,0415;0,9823;;False
1244,00;19.51;pa016​;20250417_161114;1;FO2;-0,0249;1,5130;7,5087;0,1796;-0,0259;0,0436;0,9824;;False
1244,01;19.52;pa016​;20250417_161114;1;FO2;-0,0271;1,5112;7,5254;0,1821;-0,0244;0,0460;0,9819;;False
1244,03;19.54;pa016​;20250417_161114;1;FO2;-0,0294;1,5099;7,5428;0,1833;-0,0226;0,0479;0,9816;;False
1244,04;19.55;pa016​;20250417_161114;1;FO2;-0,0319;1,5092;7,5603;0,1862;-0,0210;0,0496;0,9810;;False
1244,06;19.56;pa016​;20250417_161114;1;FO2;-0,0348;1,5099;7,5785;0,1909;-0,0193;0,0519;0,9800;;False
1244,07;19.58;pa016​;20250417_161114;1;FO2;-0,0378;1,5117;7,5971;0,1951;-0,0176;0,0540;0,9791;;False
1244,08;19.59;pa016​;20250417_161114;1;FO2;-0,0406;1,5126;7,6148;0,1989;-0,0166;0,0570;0,9782;;False
1244,10;19.6;pa016​;20250417_161114;1;FO2;-0,0434;1,5141;7,6315;0,2054;-0,0174;0,0626;0,9765;;False
1244,11;19.62;pa016​;20250417_161114;1;FO2;-0,0459;1,5163;7,6482;0,2125;-0,0207;0,0700;0,9744;;False
1244,13;19.63;pa016​;20250417_161114;1;FO2;-0,0481;1,5190;7,6642;0,2196;-0,0249;0,0762;0,9723;;False
1244,14;19.65;pa016​;20250417_161114;1;FO2;-0,0503;1,5222;7,6799;0,2246;-0,0277;0,0793;0,9708;;False
1244,15;19.66;pa016​;20250417_161114;1;FO2;-0,0520;1,5258;7,6961;0,2259;-0,0297;0,0791;0,9705;;False
1244,17;19.67;pa016​;20250417_161114;1;FO2;-0,0532;1,5291;7,7118;0,2235;-0,0307;0,0768;0,9712;;False
1244,18;19.69;pa016​;20250417_161114;1;FO2;-0,0542;1,5325;7,7274;0,2218;-0,0316;0,0747;0,9717;;False
1244,20;19.7;pa016​;20250417_161114;1;FO2;-0,0549;1,5356;7,7429;0,2192;-0,0328;0,0728;0,9724;;False
1244,21;19.72;pa016​;20250417_161114;1;FO2;-0,0551;1,5381;7,7578;0,2173;-0,0337;0,0708;0,9729;;False
1244,22;19.73;pa016​;20250417_161114;1;FO2;-0,0550;1,5405;7,7727;0,2168;-0,0343;0,0693;0,9731;;False
1244,24;19.74;pa016​;20250417_161114;1;FO2;-0,0548;1,5427;7,7876;0,2165;-0,0351;0,0680;0,9733;;False
1244,25;19.76;pa016​;20250417_161114;1;FO2;-0,0543;1,5446;7,8022;0,2170;-0,0352;0,0665;0,9733;;False
1244,26;19.77;pa016​;20250417_161114;1;FO2;-0,0534;1,5459;7,8162;0,2187;-0,0348;0,0641;0,9731;;False
1244,28;19.79;pa016​;20250417_161114;1;FO2;-0,0523;1,5469;7,8299;0,2211;-0,0337;0,0615;0,9727;;False
1244,29;19.8;pa016​;20250417_161114;1;FO2;-0,0510;1,5480;7,8433;0,2230;-0,0324;0,0587;0,9725;;False
1244,31;19.81;pa016​;20250417_161114;1;FO2;-0,0496;1,5488;7,8566;0,2242;-0,0313;0,0559;0,9724;;False
1244,32;19.83;pa016​;20250417_161114;1;FO2;-0,0483;1,5496;7,8697;0,2251;-0,0296;0,0533;0,9724;;False
1244,33;19.84;pa016​;20250417_161114;1;FO2;-0,0468;1,5501;7,8828;0,2250;-0,0283;0,0511;0,9726;;False
1244,35;19.85;pa016​;20250417_161114;1;FO2;-0,0451;1,5506;7,8957;0,2240;-0,0274;0,0496;0,9729;;False
1244,36;19.87;pa016​;20250417_161114;1;FO2;-0,0434;1,5508;7,9086;0,2221;-0,0266;0,0487;0,9734;;False
1244,38;19.88;pa016​;20250417_161114;1;FO2;-0,0419;1,5510;7,9215;0,2199;-0,0258;0,0482;0,9740;;False
1244,39;19.9;pa016​;20250417_161114;1;FO2;-0,0401;1,5509;7,9344;0,2173;-0,0250;0,0472;0,9746;;False
1244,40;19.91;pa016​;20250417_161114;1;FO2;-0,0381;1,5503;7,9470;0,2158;-0,0242;0,0466;0,9750;;False
1244,42;19.92;pa016​;20250417_161114;1;FO2;-0,0360;1,5496;7,9595;0,2150;-0,0239;0,0463;0,9752;;False
1244,43;19.94;pa016​;20250417_161114;1;FO2;-0,0339;1,5488;7,9719;0,2144;-0,0236;0,0461;0,9754;;False
1244,45;19.95;pa016​;20250417_161114;1;FO2;-0,0316;1,5478;7,9841;0,2134;-0,0235;0,0458;0,9756;;False
1244,46;19.97;pa016​;20250417_161114;1;FO2;-0,0290;1,5466;7,9960;0,2115;-0,0235;0,0451;0,9761;;False
1244,47;19.98;pa016​;20250417_161114;1;FO2;-0,0262;1,5454;8,0074;0,2097;-0,0235;0,0447;0,9765;;False
1244,49;20.0;pa016​;20250417_161114;1;FO2;-0,0230;1,5440;8,0181;0,2079;-0,0239;0,0444;0,9769;;False
1244,50;20.01;pa016​;20250417_161114;1;FO2;-0,0196;1,5424;8,0284;0,2062;-0,0246;0,0441;0,9772;;False
1244,52;20.02;pa016​;20250417_161114;1;FO2;-0,0158;1,5411;8,0382;0,2047;-0,0256;0,0437;0,9775;;False
1244,53;20.04;pa016​;20250417_161114;1;FO2;-0,0119;1,5402;8,0480;0,2028;-0,0263;0,0427;0,9779;;False
1244,54;20.05;pa016​;20250417_161114;1;FO2;-0,0076;1,5392;8,0575;0,1987;-0,0271;0,0412;0,9788;;False
1244,56;20.06;pa016​;20250417_161114;1;FO2;-0,0032;1,5382;8,0665;0,1935;-0,0274;0,0395;0,9799;;False
1244,57;20.08;pa016​;20250417_161114;1;FO2;0,0018;1,5380;8,0757;0,1891;-0,0285;0,0376;0,9808;;False
1244,58;20.09;pa016​;20250417_161114;1;FO2;0,0070;1,5376;8,0846;0,1816;-0,0295;0,0355;0,9823;;False
1244,60;20.11;pa016​;20250417_161114;1;FO2;0,0122;1,5377;8,0933;0,1764;-0,0299;0,0337;0,9833;;False
1244,61;20.12;pa016​;20250417_161114;1;FO2;0,0172;1,5428;8,1055;0,1835;-0,0314;0,0335;0,9820;;False
1244,63;20.13;pa016​;20250417_161114;1;FO2;0,0224;1,5466;8,1193;0,1755;-0,0321;0,0324;0,9834;;False
1244,64;20.15;pa016​;20250417_161114;1;FO2;0,0282;1,5454;8,1271;0,1670;-0,0296;0,0264;0,9852;;False
1244,65;20.16;pa016​;20250417_161114;1;FO2;0,0337;1,5471;8,1354;0,1728;-0,0276;0,0215;0,9843;;False
1244,67;20.18;pa016​;20250417_161114;1;FO2;0,0388;1,5494;8,1455;0,1732;-0,0256;0,0174;0,9844;;False
1244,68;20.19;pa016​;20250417_161114;1;FO2;0,0431;1,5515;8,1549;0,1712;-0,0224;0,0114;0,9849;;False
1244,70;20.2;pa016​;20250417_161114;1;FO2;0,0468;1,5548;8,1650;0,1705;-0,0217;0,0077;0,9851;;False
1244,71;20.22;pa016​;20250417_161114;1;FO2;0,0504;1,5575;8,1755;0,1634;-0,0217;0,0057;0,9863;;False
1244,72;20.23;pa016​;20250417_161114;1;FO2;0,0537;1,5601;8,1859;0,1571;-0,0227;0,0046;0,9873;;False
1244,74;20.25;pa016​;20250417_161114;1;FO2;0,0562;1,5626;8,1966;0,1512;-0,0249;0,0049;0,9882;;False
