Timestamp;ElapsedTime;ID_Subject;ID_Session;sessionNumber;ID_Test;HeadPosition_X;HeadPosition_Y;HeadPosition_Z;HeadRotation_X;HeadRotation_Y;HeadRotation_Z;HeadRotation_W;Events;FalseStart
2494,98;0.0;PA004​;20250404_101506;1;Marche2;-0,0087;1,4859;0,0195;0,0672;-0,0042;0,0607;-0,9959;;False
2495,02;0.04;PA004​;20250404_101506;1;Marche2;-0,0075;1,4862;0,0185;0,0715;-0,0080;0,0609;-0,9955;;False
2495,03;0.06;PA004​;20250404_101506;1;Marche2;-0,0072;1,4860;0,0181;0,0713;-0,0091;0,0612;-0,9955;;False
2495,05;0.07;PA004​;20250404_101506;1;Marche2;-0,0068;1,4857;0,0179;0,0704;-0,0101;0,0617;-0,9956;;False
2495,06;0.08;PA004​;20250404_101506;1;Marche2;-0,0064;1,4854;0,0177;0,0693;-0,0112;0,0623;-0,9956;;False
2495,07;0.1;PA004​;20250404_101506;1;Marche2;-0,0061;1,4850;0,0175;0,0681;-0,0119;0,0628;-0,9956;;False
2495,09;0.11;PA004​;20250404_101506;1;Marche2;-0,0058;1,4847;0,0175;0,0669;-0,0126;0,0633;-0,9957;;False
2495,10;0.13;PA004​;20250404_101506;1;Marche2;-0,0054;1,4845;0,0174;0,0661;-0,0129;0,0639;-0,9957;;False
2495,12;0.14;PA004​;20250404_101506;1;Marche2;-0,0052;1,4844;0,0174;0,0658;-0,0131;0,0640;-0,9957;;False
2495,13;0.16;PA004​;20250404_101506;1;Marche2;-0,0049;1,4844;0,0173;0,0657;-0,0127;0,0642;-0,9957;;False
2495,14;0.17;PA004​;20250404_101506;1;Marche2;-0,0047;1,4844;0,0173;0,0657;-0,0125;0,0644;-0,9957;;False
2495,16;0.18;PA004​;20250404_101506;1;Marche2;-0,0045;1,4842;0,0172;0,0661;-0,0119;0,0644;-0,9957;;False
2495,17;0.19;PA004​;20250404_101506;1;Marche2;-0,0044;1,4843;0,0173;0,0668;-0,0108;0,0649;-0,9956;;False
2495,19;0.21;PA004​;20250404_101506;1;Marche2;-0,0043;1,4844;0,0173;0,0674;-0,0096;0,0653;-0,9955;;False
2495,20;0.22;PA004​;20250404_101506;1;Marche2;-0,0042;1,4846;0,0174;0,0678;-0,0085;0,0654;-0,9955;;False
2495,21;0.24;PA004​;20250404_101506;1;Marche2;-0,0042;1,4847;0,0174;0,0680;-0,0074;0,0656;-0,9955;;False
2495,23;0.25;PA004​;20250404_101506;1;Marche2;-0,0041;1,4848;0,0174;0,0682;-0,0062;0,0658;-0,9955;;False
2495,24;0.26;PA004​;20250404_101506;1;Marche2;-0,0040;1,4849;0,0174;0,0685;-0,0051;0,0657;-0,9955;;False
2495,25;0.28;PA004​;20250404_101506;1;Marche2;-0,0039;1,4851;0,0175;0,0689;-0,0041;0,0658;-0,9954;;False
2495,27;0.29;PA004​;20250404_101506;1;Marche2;-0,0037;1,4853;0,0176;0,0693;-0,0034;0,0659;-0,9954;;False
2495,28;0.31;PA004​;20250404_101506;1;Marche2;-0,0035;1,4854;0,0176;0,0694;-0,0027;0,0659;-0,9954;;False
2495,30;0.32;PA004​;20250404_101506;1;Marche2;-0,0033;1,4854;0,0177;0,0696;-0,0023;0,0660;-0,9954;;False
2495,31;0.33;PA004​;20250404_101506;1;Marche2;-0,0031;1,4855;0,0179;0,0695;-0,0019;0,0660;-0,9954;;False
2495,32;0.35;PA004​;20250404_101506;1;Marche2;-0,0029;1,4855;0,0180;0,0694;-0,0015;0,0660;-0,9954;;False
2495,34;0.36;PA004​;20250404_101506;1;Marche2;-0,0026;1,4855;0,0182;0,0690;-0,0013;0,0660;-0,9954;;False
2495,35;0.38;PA004​;20250404_101506;1;Marche2;-0,0024;1,4855;0,0184;0,0684;-0,0012;0,0659;-0,9955;;False
2495,37;0.39;PA004​;20250404_101506;1;Marche2;-0,0023;1,4855;0,0186;0,0680;-0,0007;0,0657;-0,9955;;False
2495,38;0.4;PA004​;20250404_101506;1;Marche2;-0,0022;1,4856;0,0189;0,0672;-0,0004;0,0653;-0,9956;;False
2495,40;0.42;PA004​;20250404_101506;1;Marche2;-0,0021;1,4855;0,0192;0,0665;-0,0001;0,0648;-0,9957;;False
2495,41;0.43;PA004​;20250404_101506;1;Marche2;-0,0019;1,4854;0,0195;0,0657;0,0003;0,0645;-0,9958;;False
2495,42;0.45;PA004​;20250404_101506;1;Marche2;-0,0018;1,4854;0,0199;0,0651;0,0004;0,0639;-0,9958;;False
2495,43;0.46;PA004​;20250404_101506;1;Marche2;-0,0017;1,4854;0,0202;0,0649;0,0006;0,0630;-0,9959;;False
2495,45;0.47;PA004​;20250404_101506;1;Marche2;-0,0016;1,4854;0,0206;0,0647;0,0006;0,0623;-0,9960;;False
2495,46;0.49;PA004​;20250404_101506;1;Marche2;-0,0015;1,4854;0,0210;0,0644;0,0008;0,0617;-0,9960;;False
2495,48;0.5;PA004​;20250404_101506;1;Marche2;-0,0015;1,4854;0,0214;0,0643;0,0011;0,0610;-0,9961;;False
2495,49;0.51;PA004​;20250404_101506;1;Marche2;-0,0015;1,4855;0,0217;0,0644;0,0016;0,0604;-0,9961;;False
2495,50;0.53;PA004​;20250404_101506;1;Marche2;-0,0017;1,4857;0,0222;0,0646;0,0025;0,0596;-0,9961;;False
2495,52;0.54;PA004​;20250404_101506;1;Marche2;-0,0019;1,4860;0,0226;0,0650;0,0036;0,0587;-0,9962;;False
2495,53;0.56;PA004​;20250404_101506;1;Marche2;-0,0021;1,4863;0,0230;0,0659;0,0052;0,0579;-0,9961;;False
2495,55;0.57;PA004​;20250404_101506;1;Marche2;-0,0024;1,4866;0,0235;0,0667;0,0069;0,0571;-0,9961;;False
2495,56;0.58;PA004​;20250404_101506;1;Marche2;-0,0027;1,4870;0,0240;0,0677;0,0090;0,0564;-0,9961;;False
2495,57;0.6;PA004​;20250404_101506;1;Marche2;-0,0031;1,4873;0,0244;0,0694;0,0112;0,0559;-0,9960;;False
2495,59;0.61;PA004​;20250404_101506;1;Marche2;-0,0035;1,4876;0,0249;0,0706;0,0136;0,0555;-0,9959;;False
2495,60;0.62;PA004​;20250404_101506;1;Marche2;-0,0040;1,4880;0,0254;0,0714;0,0158;0,0550;-0,9958;;False
2495,62;0.64;PA004​;20250404_101506;1;Marche2;-0,0045;1,4884;0,0259;0,0723;0,0178;0,0542;-0,9958;;False
2495,63;0.65;PA004​;20250404_101506;1;Marche2;-0,0050;1,4888;0,0264;0,0735;0,0198;0,0534;-0,9957;;False
2495,64;0.67;PA004​;20250404_101506;1;Marche2;-0,0055;1,4893;0,0269;0,0752;0,0217;0,0525;-0,9956;;False
2495,66;0.68;PA004​;20250404_101506;1;Marche2;-0,0061;1,4897;0,0273;0,0772;0,0231;0,0511;-0,9954;;False
2495,67;0.7;PA004​;20250404_101506;1;Marche2;-0,0067;1,4900;0,0277;0,0784;0,0247;0,0497;-0,9954;;False
2495,69;0.71;PA004​;20250404_101506;1;Marche2;-0,0073;1,4904;0,0281;0,0793;0,0258;0,0481;-0,9954;;False
2495,70;0.72;PA004​;20250404_101506;1;Marche2;-0,0079;1,4909;0,0285;0,0812;0,0265;0,0469;-0,9952;;False
2495,71;0.74;PA004​;20250404_101506;1;Marche2;-0,0084;1,4916;0,0289;0,0831;0,0269;0,0456;-0,9951;;False
2495,73;0.75;PA004​;20250404_101506;1;Marche2;-0,0091;1,4922;0,0292;0,0872;0,0269;0,0440;-0,9949;;False
2495,74;0.77;PA004​;20250404_101506;1;Marche2;-0,0099;1,4931;0,0295;0,0917;0,0270;0,0428;-0,9945;;False
2495,76;0.78;PA004​;20250404_101506;1;Marche2;-0,0107;1,4938;0,0296;0,0961;0,0271;0,0415;-0,9941;;False
2495,77;0.79;PA004​;20250404_101506;1;Marche2;-0,0115;1,4945;0,0298;0,0999;0,0273;0,0400;-0,9938;;False
2495,78;0.81;PA004​;20250404_101506;1;Marche2;-0,0125;1,4953;0,0300;0,1040;0,0275;0,0383;-0,9935;;False
2495,80;0.82;PA004​;20250404_101506;1;Marche2;-0,0134;1,4961;0,0301;0,1082;0,0280;0,0369;-0,9931;;False
2495,81;0.83;PA004​;20250404_101506;1;Marche2;-0,0145;1,4967;0,0302;0,1109;0,0283;0,0356;-0,9928;;False
2495,82;0.85;PA004​;20250404_101506;1;Marche2;-0,0155;1,4968;0,0304;0,1128;0,0295;0,0343;-0,9926;;False
2495,84;0.86;PA004​;20250404_101506;1;Marche2;-0,0167;1,4970;0,0305;0,1133;0,0302;0,0328;-0,9926;;False
2495,85;0.87;PA004​;20250404_101506;1;Marche2;-0,0178;1,4973;0,0309;0,1131;0,0310;0,0312;-0,9926;;False
2495,87;0.89;PA004​;20250404_101506;1;Marche2;-0,0190;1,4976;0,0314;0,1128;0,0320;0,0295;-0,9927;;False
2495,88;0.9;PA004​;20250404_101506;1;Marche2;-0,0201;1,4977;0,0319;0,1128;0,0330;0,0278;-0,9927;;False
2495,89;0.92;PA004​;20250404_101506;1;Marche2;-0,0215;1,4977;0,0325;0,1128;0,0337;0,0264;-0,9927;;False
2495,91;0.93;PA004​;20250404_101506;1;Marche2;-0,0229;1,4978;0,0331;0,1126;0,0343;0,0254;-0,9927;;False
2495,92;0.94;PA004​;20250404_101506;1;Marche2;-0,0242;1,4980;0,0338;0,1130;0,0347;0,0241;-0,9927;;False
2495,94;0.96;PA004​;20250404_101506;1;Marche2;-0,0257;1,4982;0,0346;0,1140;0,0348;0,0226;-0,9926;;False
2495,95;0.97;PA004​;20250404_101506;1;Marche2;-0,0273;1,4986;0,0354;0,1160;0,0352;0,0207;-0,9924;;False
2495,96;0.99;PA004​;20250404_101506;1;Marche2;-0,0291;1,4990;0,0362;0,1188;0,0361;0,0189;-0,9921;;False
2495,98;1.0;PA004​;20250404_101506;1;Marche2;-0,0309;1,4992;0,0370;0,1216;0,0369;0,0174;-0,9917;;False
2495,99;1.01;PA004​;20250404_101506;1;Marche2;-0,0328;1,4995;0,0378;0,1236;0,0379;0,0156;-0,9915;;False
2496,01;1.03;PA004​;20250404_101506;1;Marche2;-0,0348;1,4999;0,0388;0,1262;0,0385;0,0140;-0,9912;;False
2496,02;1.04;PA004​;20250404_101506;1;Marche2;-0,0368;1,5000;0,0397;0,1289;0,0395;0,0125;-0,9908;;False
2496,03;1.06;PA004​;20250404_101506;1;Marche2;-0,0389;1,5002;0,0408;0,1306;0,0407;0,0107;-0,9905;;False
2496,05;1.07;PA004​;20250404_101506;1;Marche2;-0,0411;1,5002;0,0420;0,1323;0,0420;0,0092;-0,9903;;False
2496,06;1.08;PA004​;20250404_101506;1;Marche2;-0,0434;1,5000;0,0431;0,1326;0,0432;0,0073;-0,9902;;False
2496,08;1.1;PA004​;20250404_101506;1;Marche2;-0,0456;1,4996;0,0444;0,1314;0,0443;0,0052;-0,9903;;False
2496,09;1.11;PA004​;20250404_101506;1;Marche2;-0,0477;1,4992;0,0456;0,1297;0,0453;0,0033;-0,9905;;False
2496,10;1.12;PA004​;20250404_101506;1;Marche2;-0,0497;1,4991;0,0471;0,1273;0,0459;0,0013;-0,9908;;False
2496,11;1.14;PA004​;20250404_101506;1;Marche2;-0,0518;1,4981;0,0481;0,1270;0,0460;-0,0004;-0,9908;;False
2496,13;1.15;PA004​;20250404_101506;1;Marche2;-0,0537;1,4974;0,0497;0,1217;0,0462;-0,0021;-0,9915;;False
2496,14;1.17;PA004​;20250404_101506;1;Marche2;-0,0554;1,4970;0,0510;0,1179;0,0458;-0,0041;-0,9920;;False
2496,16;1.18;PA004​;20250404_101506;1;Marche2;-0,0572;1,4968;0,0525;0,1172;0,0452;-0,0053;-0,9921;;False
2496,17;1.19;PA004​;20250404_101506;1;Marche2;-0,0588;1,4966;0,0538;0,1163;0,0453;-0,0058;-0,9922;;False
2496,18;1.21;PA004​;20250404_101506;1;Marche2;-0,0602;1,4963;0,0551;0,1152;0,0452;-0,0067;-0,9923;;False
2496,20;1.22;PA004​;20250404_101506;1;Marche2;-0,0616;1,4963;0,0563;0,1143;0,0451;-0,0070;-0,9924;;False
2496,21;1.24;PA004​;20250404_101506;1;Marche2;-0,0630;1,4966;0,0576;0,1148;0,0447;-0,0074;-0,9924;;False
2496,23;1.25;PA004​;20250404_101506;1;Marche2;-0,0643;1,4967;0,0587;0,1159;0,0444;-0,0079;-0,9922;;False
2496,24;1.26;PA004​;20250404_101506;1;Marche2;-0,0654;1,4969;0,0598;0,1165;0,0443;-0,0085;-0,9922;;False
2496,25;1.28;PA004​;20250404_101506;1;Marche2;-0,0664;1,4971;0,0609;0,1166;0,0439;-0,0089;-0,9922;;False
2496,27;1.29;PA004​;20250404_101506;1;Marche2;-0,0674;1,4973;0,0619;0,1169;0,0437;-0,0090;-0,9921;;False
2496,28;1.31;PA004​;20250404_101506;1;Marche2;-0,0682;1,4975;0,0629;0,1178;0,0436;-0,0092;-0,9920;;False
2496,30;1.32;PA004​;20250404_101506;1;Marche2;-0,0689;1,4977;0,0638;0,1188;0,0436;-0,0089;-0,9919;;False
2496,31;1.33;PA004​;20250404_101506;1;Marche2;-0,0696;1,4978;0,0647;0,1194;0,0437;-0,0087;-0,9918;;False
2496,32;1.35;PA004​;20250404_101506;1;Marche2;-0,0701;1,4979;0,0656;0,1198;0,0436;-0,0084;-0,9918;;False
2496,34;1.36;PA004​;20250404_101506;1;Marche2;-0,0705;1,4981;0,0667;0,1202;0,0434;-0,0078;-0,9918;;False
2496,35;1.38;PA004​;20250404_101506;1;Marche2;-0,0708;1,4982;0,0677;0,1205;0,0432;-0,0074;-0,9917;;False
2496,37;1.39;PA004​;20250404_101506;1;Marche2;-0,0710;1,4983;0,0685;0,1208;0,0430;-0,0069;-0,9917;;False
2496,38;1.4;PA004​;20250404_101506;1;Marche2;-0,0711;1,4983;0,0693;0,1213;0,0426;-0,0061;-0,9917;;False
2496,39;1.42;PA004​;20250404_101506;1;Marche2;-0,0712;1,4982;0,0700;0,1213;0,0423;-0,0056;-0,9917;;False
2496,41;1.43;PA004​;20250404_101506;1;Marche2;-0,0713;1,4982;0,0707;0,1211;0,0418;-0,0048;-0,9917;;False
2496,42;1.44;PA004​;20250404_101506;1;Marche2;-0,0713;1,4980;0,0714;0,1209;0,0414;-0,0038;-0,9918;;False
2496,44;1.46;PA004​;20250404_101506;1;Marche2;-0,0712;1,4979;0,0720;0,1205;0,0412;-0,0031;-0,9919;;False
2496,45;1.47;PA004​;20250404_101506;1;Marche2;-0,0712;1,4979;0,0726;0,1198;0,0411;-0,0023;-0,9919;;False
2496,46;1.49;PA004​;20250404_101506;1;Marche2;-0,0711;1,4977;0,0731;0,1200;0,0408;-0,0013;-0,9919;;False
2496,48;1.5;PA004​;20250404_101506;1;Marche2;-0,0710;1,4976;0,0736;0,1198;0,0406;-0,0008;-0,9920;;False
2496,49;1.51;PA004​;20250404_101506;1;Marche2;-0,0708;1,4975;0,0740;0,1189;0,0405;-0,0001;-0,9921;;False
2496,50;1.53;PA004​;20250404_101506;1;Marche2;-0,0708;1,4975;0,0744;0,1173;0,0400;0,0007;-0,9923;;False
2496,52;1.54;PA004​;20250404_101506;1;Marche2;-0,0707;1,4975;0,0747;0,1166;0,0397;0,0014;-0,9924;;False
2496,53;1.55;PA004​;20250404_101506;1;Marche2;-0,0705;1,4976;0,0749;0,1163;0,0397;0,0022;-0,9924;;False
2496,55;1.57;PA004​;20250404_101506;1;Marche2;-0,0704;1,4978;0,0751;0,1163;0,0396;0,0030;-0,9924;;False
2496,56;1.58;PA004​;20250404_101506;1;Marche2;-0,0703;1,4977;0,0754;0,1169;0,0397;0,0039;-0,9923;;False
2496,57;1.6;PA004​;20250404_101506;1;Marche2;-0,0701;1,4980;0,0754;0,1173;0,0398;0,0046;-0,9923;;False
2496,59;1.61;PA004​;20250404_101506;1;Marche2;-0,0701;1,4982;0,0754;0,1177;0,0398;0,0054;-0,9922;;False
2496,60;1.63;PA004​;20250404_101506;1;Marche2;-0,0700;1,4985;0,0754;0,1186;0,0396;0,0057;-0,9921;;False
2496,62;1.64;PA004​;20250404_101506;1;Marche2;-0,0699;1,4988;0,0753;0,1195;0,0396;0,0063;-0,9920;;False
2496,63;1.65;PA004​;20250404_101506;1;Marche2;-0,0698;1,4990;0,0753;0,1201;0,0391;0,0071;-0,9920;;False
2496,64;1.67;PA004​;20250404_101506;1;Marche2;-0,0698;1,4991;0,0754;0,1201;0,0388;0,0077;-0,9920;;False
2496,66;1.68;PA004​;20250404_101506;1;Marche2;-0,0698;1,4990;0,0756;0,1191;0,0381;0,0081;-0,9921;;False
2496,67;1.69;PA004​;20250404_101506;1;Marche2;-0,0697;1,4989;0,0759;0,1179;0,0372;0,0082;-0,9923;;False
2496,69;1.71;PA004​;20250404_101506;1;Marche2;-0,0696;1,4986;0,0763;0,1165;0,0361;0,0083;-0,9925;;False
2496,70;1.72;PA004​;20250404_101506;1;Marche2;-0,0694;1,4978;0,0773;0,1141;0,0348;0,0083;-0,9928;;False
2496,71;1.74;PA004​;20250404_101506;1;Marche2;-0,0693;1,4972;0,0780;0,1113;0,0334;0,0082;-0,9932;;False
2496,73;1.75;PA004​;20250404_101506;1;Marche2;-0,0692;1,4966;0,0790;0,1078;0,0320;0,0081;-0,9936;;False
2496,74;1.76;PA004​;20250404_101506;1;Marche2;-0,0691;1,4959;0,0801;0,1041;0,0306;0,0079;-0,9941;;False
2496,75;1.78;PA004​;20250404_101506;1;Marche2;-0,0691;1,4948;0,0814;0,0991;0,0288;0,0082;-0,9946;;False
2496,77;1.79;PA004​;20250404_101506;1;Marche2;-0,0689;1,4934;0,0831;0,0933;0,0277;0,0085;-0,9952;;False
2496,78;1.81;PA004​;20250404_101506;1;Marche2;-0,0690;1,4915;0,0851;0,0847;0,0265;0,0086;-0,9960;;False
2496,80;1.82;PA004​;20250404_101506;1;Marche2;-0,0689;1,4891;0,0875;0,0730;0,0263;0,0086;-0,9969;;False
2496,81;1.83;PA004​;20250404_101506;1;Marche2;-0,0690;1,4861;0,0901;0,0591;0,0261;0,0087;-0,9979;;False
2496,82;1.85;PA004​;20250404_101506;1;Marche2;-0,0692;1,4825;0,0930;0,0417;0,0258;0,0089;-0,9988;;False
2496,84;1.86;PA004​;20250404_101506;1;Marche2;-0,0694;1,4783;0,0962;0,0221;0,0264;0,0089;-0,9994;;False
2496,85;1.87;PA004​;20250404_101506;1;Marche2;-0,0696;1,4737;0,0990;0,0020;0,0270;0,0083;-0,9996;;False
2496,87;1.89;PA004​;20250404_101506;1;Marche2;-0,0698;1,4690;0,1017;-0,0213;0,0280;0,0074;-0,9994;;False
2496,88;1.9;PA004​;20250404_101506;1;Marche2;-0,0701;1,4649;0,1044;-0,0426;0,0290;0,0069;-0,9986;;False
2496,89;1.92;PA004​;20250404_101506;1;Marche2;-0,0703;1,4615;0,1071;-0,0590;0,0302;0,0073;-0,9978;;False
2496,91;1.93;PA004​;20250404_101506;1;Marche2;-0,0703;1,4591;0,1099;-0,0703;0,0328;0,0071;-0,9970;;False
2496,92;1.94;PA004​;20250404_101506;1;Marche2;-0,0707;1,4567;0,1122;-0,0767;0,0304;0,0060;-0,9966;;False
2496,94;1.96;PA004​;20250404_101506;1;Marche2;-0,0709;1,4540;0,1146;-0,0872;0,0300;0,0050;-0,9957;;False
2496,95;1.97;PA004​;20250404_101506;1;Marche2;-0,0710;1,4511;0,1168;-0,0990;0,0293;0,0043;-0,9946;;False
2496,96;1.99;PA004​;20250404_101506;1;Marche2;-0,0713;1,4488;0,1190;-0,1101;0,0278;0,0031;-0,9935;;False
2496,98;2.0;PA004​;20250404_101506;1;Marche2;-0,0718;1,4470;0,1216;-0,1170;0,0265;0,0026;-0,9928;;False
2496,99;2.01;PA004​;20250404_101506;1;Marche2;-0,0724;1,4459;0,1242;-0,1202;0,0250;0,0019;-0,9924;;False
2497,01;2.03;PA004​;20250404_101506;1;Marche2;-0,0727;1,4448;0,1266;-0,1218;0,0243;0,0014;-0,9923;;False
2497,02;2.04;PA004​;20250404_101506;1;Marche2;-0,0730;1,4435;0,1289;-0,1250;0,0236;0,0011;-0,9919;;False
2497,03;2.06;PA004​;20250404_101506;1;Marche2;-0,0735;1,4420;0,1311;-0,1282;0,0228;0,0008;-0,9915;;False
2497,05;2.07;PA004​;20250404_101506;1;Marche2;-0,0740;1,4406;0,1332;-0,1318;0,0219;0,0008;-0,9910;;False
2497,06;2.08;PA004​;20250404_101506;1;Marche2;-0,0745;1,4390;0,1353;-0,1357;0,0204;0,0010;-0,9905;;False
2497,07;2.1;PA004​;20250404_101506;1;Marche2;-0,0750;1,4374;0,1375;-0,1397;0,0184;0,0013;-0,9900;;False
2497,09;2.11;PA004​;20250404_101506;1;Marche2;-0,0755;1,4359;0,1396;-0,1434;0,0161;0,0011;-0,9895;;False
2497,10;2.13;PA004​;20250404_101506;1;Marche2;-0,0760;1,4344;0,1417;-0,1466;0,0140;0,0008;-0,9891;;False
2497,12;2.14;PA004​;20250404_101506;1;Marche2;-0,0766;1,4329;0,1437;-0,1496;0,0116;0,0005;-0,9887;;False
2497,13;2.15;PA004​;20250404_101506;1;Marche2;-0,0774;1,4315;0,1456;-0,1529;0,0093;-0,0002;-0,9882;;False
2497,14;2.17;PA004​;20250404_101506;1;Marche2;-0,0784;1,4301;0,1475;-0,1560;0,0068;-0,0009;-0,9877;;False
2497,16;2.18;PA004​;20250404_101506;1;Marche2;-0,0793;1,4288;0,1492;-0,1592;0,0049;-0,0013;-0,9872;;False
2497,17;2.19;PA004​;20250404_101506;1;Marche2;-0,0803;1,4274;0,1509;-0,1622;0,0031;-0,0019;-0,9868;;False
2497,19;2.21;PA004​;20250404_101506;1;Marche2;-0,0814;1,4263;0,1523;-0,1643;0,0014;-0,0022;-0,9864;;False
2497,20;2.22;PA004​;20250404_101506;1;Marche2;-0,0825;1,4252;0,1536;-0,1666;0,0001;-0,0026;-0,9860;;False
2497,21;2.24;PA004​;20250404_101506;1;Marche2;-0,0838;1,4243;0,1549;-0,1688;-0,0010;-0,0031;-0,9856;;False
2497,23;2.25;PA004​;20250404_101506;1;Marche2;-0,0851;1,4235;0,1559;-0,1704;-0,0018;-0,0035;-0,9854;;False
2497,24;2.26;PA004​;20250404_101506;1;Marche2;-0,0865;1,4229;0,1569;-0,1716;-0,0023;-0,0041;-0,9852;;False
2497,25;2.28;PA004​;20250404_101506;1;Marche2;-0,0880;1,4223;0,1578;-0,1722;-0,0023;-0,0044;-0,9850;;False
2497,27;2.29;PA004​;20250404_101506;1;Marche2;-0,0896;1,4219;0,1586;-0,1728;-0,0020;-0,0047;-0,9849;;False
2497,28;2.31;PA004​;20250404_101506;1;Marche2;-0,0913;1,4216;0,1593;-0,1733;-0,0014;-0,0049;-0,9849;;False
2497,30;2.32;PA004​;20250404_101506;1;Marche2;-0,0931;1,4214;0,1598;-0,1735;-0,0009;-0,0049;-0,9848;;False
2497,31;2.33;PA004​;20250404_101506;1;Marche2;-0,0948;1,4213;0,1603;-0,1736;-0,0002;-0,0050;-0,9848;;False
2497,32;2.35;PA004​;20250404_101506;1;Marche2;-0,0966;1,4214;0,1608;-0,1735;0,0005;-0,0054;-0,9848;;False
2497,34;2.36;PA004​;20250404_101506;1;Marche2;-0,0984;1,4215;0,1612;-0,1728;0,0012;-0,0056;-0,9849;;False
2497,35;2.38;PA004​;20250404_101506;1;Marche2;-0,1003;1,4218;0,1616;-0,1717;0,0019;-0,0060;-0,9851;;False
2497,37;2.39;PA004​;20250404_101506;1;Marche2;-0,1022;1,4220;0,1621;-0,1704;0,0027;-0,0064;-0,9853;;False
2497,38;2.4;PA004​;20250404_101506;1;Marche2;-0,1042;1,4221;0,1624;-0,1684;0,0035;-0,0063;-0,9857;;False
2497,39;2.42;PA004​;20250404_101506;1;Marche2;-0,1061;1,4223;0,1626;-0,1669;0,0043;-0,0065;-0,9859;;False
2497,41;2.43;PA004​;20250404_101506;1;Marche2;-0,1080;1,4224;0,1630;-0,1664;0,0053;-0,0068;-0,9860;;False
2497,42;2.44;PA004​;20250404_101506;1;Marche2;-0,1100;1,4226;0,1634;-0,1656;0,0063;-0,0073;-0,9862;;False
2497,44;2.46;PA004​;20250404_101506;1;Marche2;-0,1119;1,4227;0,1637;-0,1641;0,0076;-0,0074;-0,9864;;False
2497,45;2.47;PA004​;20250404_101506;1;Marche2;-0,1138;1,4228;0,1640;-0,1632;0,0089;-0,0078;-0,9865;;False
2497,46;2.49;PA004​;20250404_101506;1;Marche2;-0,1157;1,4229;0,1643;-0,1625;0,0101;-0,0084;-0,9866;;False
2497,48;2.5;PA004​;20250404_101506;1;Marche2;-0,1176;1,4230;0,1648;-0,1617;0,0113;-0,0092;-0,9867;;False
2497,49;2.51;PA004​;20250404_101506;1;Marche2;-0,1195;1,4232;0,1653;-0,1609;0,0125;-0,0102;-0,9868;;False
2497,51;2.53;PA004​;20250404_101506;1;Marche2;-0,1214;1,4234;0,1659;-0,1595;0,0135;-0,0112;-0,9870;;False
2497,52;2.54;PA004​;20250404_101506;1;Marche2;-0,1233;1,4236;0,1665;-0,1584;0,0145;-0,0119;-0,9872;;False
2497,53;2.56;PA004​;20250404_101506;1;Marche2;-0,1252;1,4237;0,1671;-0,1576;0,0155;-0,0127;-0,9873;;False
2497,55;2.57;PA004​;20250404_101506;1;Marche2;-0,1272;1,4239;0,1678;-0,1565;0,0164;-0,0133;-0,9875;;False
2497,56;2.58;PA004​;20250404_101506;1;Marche2;-0,1291;1,4241;0,1686;-0,1555;0,0175;-0,0138;-0,9876;;False
2497,57;2.6;PA004​;20250404_101506;1;Marche2;-0,1311;1,4243;0,1696;-0,1546;0,0188;-0,0141;-0,9877;;False
2497,59;2.61;PA004​;20250404_101506;1;Marche2;-0,1331;1,4246;0,1705;-0,1534;0,0203;-0,0146;-0,9878;;False
2497,60;2.63;PA004​;20250404_101506;1;Marche2;-0,1350;1,4248;0,1715;-0,1527;0,0220;-0,0144;-0,9879;;False
2497,62;2.64;PA004​;20250404_101506;1;Marche2;-0,1369;1,4249;0,1725;-0,1513;0,0235;-0,0142;-0,9881;;False
2497,63;2.65;PA004​;20250404_101506;1;Marche2;-0,1388;1,4251;0,1737;-0,1511;0,0249;-0,0137;-0,9881;;False
2497,64;2.67;PA004​;20250404_101506;1;Marche2;-0,1406;1,4254;0,1750;-0,1496;0,0264;-0,0132;-0,9883;;False
2497,66;2.68;PA004​;20250404_101506;1;Marche2;-0,1423;1,4257;0,1764;-0,1471;0,0277;-0,0129;-0,9887;;False
2497,67;2.69;PA004​;20250404_101506;1;Marche2;-0,1441;1,4262;0,1779;-0,1446;0,0289;-0,0130;-0,9890;;False
2497,69;2.71;PA004​;20250404_101506;1;Marche2;-0,1457;1,4265;0,1794;-0,1410;0,0300;-0,0129;-0,9895;;False
2497,70;2.72;PA004​;20250404_101506;1;Marche2;-0,1473;1,4267;0,1809;-0,1379;0,0312;-0,0129;-0,9899;;False
2497,71;2.74;PA004​;20250404_101506;1;Marche2;-0,1489;1,4269;0,1823;-0,1359;0,0319;-0,0130;-0,9901;;False
2497,73;2.75;PA004​;20250404_101506;1;Marche2;-0,1504;1,4268;0,1836;-0,1341;0,0331;-0,0132;-0,9903;;False
2497,74;2.76;PA004​;20250404_101506;1;Marche2;-0,1519;1,4266;0,1848;-0,1339;0,0342;-0,0133;-0,9903;;False
2497,75;2.78;PA004​;20250404_101506;1;Marche2;-0,1533;1,4264;0,1861;-0,1341;0,0355;-0,0131;-0,9902;;False
2497,77;2.79;PA004​;20250404_101506;1;Marche2;-0,1547;1,4263;0,1873;-0,1344;0,0369;-0,0131;-0,9901;;False
2497,78;2.8;PA004​;20250404_101506;1;Marche2;-0,1561;1,4262;0,1887;-0,1343;0,0383;-0,0133;-0,9901;;False
2497,80;2.82;PA004​;20250404_101506;1;Marche2;-0,1575;1,4262;0,1901;-0,1340;0,0399;-0,0132;-0,9901;;False
2497,81;2.83;PA004​;20250404_101506;1;Marche2;-0,1587;1,4263;0,1914;-0,1337;0,0413;-0,0130;-0,9901;;False
2497,83;2.85;PA004​;20250404_101506;1;Marche2;-0,1600;1,4264;0,1927;-0,1338;0,0422;-0,0126;-0,9900;;False
2497,84;2.86;PA004​;20250404_101506;1;Marche2;-0,1611;1,4266;0,1942;-0,1338;0,0428;-0,0121;-0,9900;;False
2497,85;2.88;PA004​;20250404_101506;1;Marche2;-0,1623;1,4269;0,1959;-0,1325;0,0432;-0,0119;-0,9902;;False
2497,87;2.89;PA004​;20250404_101506;1;Marche2;-0,1634;1,4274;0,1976;-0,1291;0,0427;-0,0118;-0,9906;;False
2497,88;2.9;PA004​;20250404_101506;1;Marche2;-0,1644;1,4278;0,1995;-0,1254;0,0419;-0,0120;-0,9911;;False
2497,89;2.92;PA004​;20250404_101506;1;Marche2;-0,1652;1,4281;0,2013;-0,1223;0,0412;-0,0130;-0,9916;;False
2497,91;2.93;PA004​;20250404_101506;1;Marche2;-0,1660;1,4283;0,2034;-0,1201;0,0397;-0,0143;-0,9919;;False
2497,92;2.94;PA004​;20250404_101506;1;Marche2;-0,1666;1,4284;0,2055;-0,1175;0,0383;-0,0150;-0,9922;;False
2497,94;2.96;PA004​;20250404_101506;1;Marche2;-0,1672;1,4283;0,2076;-0,1153;0,0367;-0,0159;-0,9925;;False
2497,95;2.97;PA004​;20250404_101506;1;Marche2;-0,1675;1,4280;0,2100;-0,1140;0,0350;-0,0163;-0,9927;;False
2497,96;2.99;PA004​;20250404_101506;1;Marche2;-0,1678;1,4277;0,2126;-0,1132;0,0332;-0,0164;-0,9929;;False
2497,98;3.0;PA004​;20250404_101506;1;Marche2;-0,1680;1,4273;0,2154;-0,1128;0,0317;-0,0166;-0,9930;;False
2497,99;3.01;PA004​;20250404_101506;1;Marche2;-0,1680;1,4269;0,2185;-0,1130;0,0302;-0,0170;-0,9930;;False
2498,00;3.03;PA004​;20250404_101506;1;Marche2;-0,1680;1,4265;0,2221;-0,1136;0,0288;-0,0174;-0,9930;;False
2498,02;3.04;PA004​;20250404_101506;1;Marche2;-0,1678;1,4260;0,2258;-0,1139;0,0275;-0,0175;-0,9930;;False
2498,03;3.06;PA004​;20250404_101506;1;Marche2;-0,1676;1,4255;0,2300;-0,1148;0,0263;-0,0174;-0,9929;;False
2498,05;3.07;PA004​;20250404_101506;1;Marche2;-0,1673;1,4250;0,2343;-0,1151;0,0253;-0,0169;-0,9929;;False
2498,06;3.08;PA004​;20250404_101506;1;Marche2;-0,1669;1,4245;0,2389;-0,1155;0,0244;-0,0164;-0,9929;;False
2498,08;3.1;PA004​;20250404_101506;1;Marche2;-0,1663;1,4238;0,2438;-0,1165;0,0230;-0,0153;-0,9928;;False
2498,09;3.11;PA004​;20250404_101506;1;Marche2;-0,1656;1,4231;0,2489;-0,1181;0,0215;-0,0141;-0,9927;;False
2498,10;3.13;PA004​;20250404_101506;1;Marche2;-0,1648;1,4223;0,2542;-0,1192;0,0198;-0,0131;-0,9926;;False
2498,12;3.14;PA004​;20250404_101506;1;Marche2;-0,1638;1,4214;0,2597;-0,1210;0,0175;-0,0120;-0,9924;;False
2498,13;3.15;PA004​;20250404_101506;1;Marche2;-0,1626;1,4204;0,2655;-0,1229;0,0146;-0,0105;-0,9923;;False
2498,14;3.17;PA004​;20250404_101506;1;Marche2;-0,1613;1,4192;0,2715;-0,1252;0,0115;-0,0096;-0,9920;;False
2498,16;3.18;PA004​;20250404_101506;1;Marche2;-0,1599;1,4178;0,2776;-0,1281;0,0084;-0,0092;-0,9917;;False
2498,17;3.19;PA004​;20250404_101506;1;Marche2;-0,1583;1,4160;0,2838;-0,1315;0,0052;-0,0086;-0,9913;;False
2498,19;3.21;PA004​;20250404_101506;1;Marche2;-0,1568;1,4139;0,2901;-0,1351;0,0015;-0,0080;-0,9908;Collision avec Debut - Objet Parent SceneAnchor;False
2498,20;3.22;PA004​;20250404_101506;1;Marche2;-0,1552;1,4118;0,2967;-0,1396;-0,0022;-0,0078;-0,9902;Collision avec Debut - Objet Parent SceneAnchor;False
2498,21;3.24;PA004​;20250404_101506;1;Marche2;-0,1535;1,4097;0,3036;-0,1439;-0,0050;-0,0077;-0,9895;Collision avec Debut - Objet Parent SceneAnchor;False
2498,23;3.25;PA004​;20250404_101506;1;Marche2;-0,1518;1,4076;0,3107;-0,1484;-0,0080;-0,0070;-0,9889;Collision avec Debut - Objet Parent SceneAnchor;False
2498,24;3.26;PA004​;20250404_101506;1;Marche2;-0,1499;1,4054;0,3180;-0,1525;-0,0099;-0,0066;-0,9882;Collision avec Debut - Objet Parent SceneAnchor;False
2498,26;3.28;PA004​;20250404_101506;1;Marche2;-0,1479;1,4031;0,3255;-0,1563;-0,0120;-0,0058;-0,9876;Collision avec Debut - Objet Parent SceneAnchor;False
2498,27;3.29;PA004​;20250404_101506;1;Marche2;-0,1459;1,4010;0,3333;-0,1599;-0,0143;-0,0045;-0,9870;Collision avec Debut - Objet Parent SceneAnchor;False
2498,28;3.31;PA004​;20250404_101506;1;Marche2;-0,1435;1,3988;0,3412;-0,1641;-0,0164;-0,0029;-0,9863;Collision avec Debut - Objet Parent SceneAnchor;False
2498,30;3.32;PA004​;20250404_101506;1;Marche2;-0,1409;1,3966;0,3494;-0,1692;-0,0190;-0,0001;-0,9854;Collision avec Debut - Objet Parent SceneAnchor;False
2498,31;3.33;PA004​;20250404_101506;1;Marche2;-0,1381;1,3946;0,3579;-0,1738;-0,0224;0,0030;-0,9845;Collision avec Debut - Objet Parent SceneAnchor;False
2498,32;3.35;PA004​;20250404_101506;1;Marche2;-0,1352;1,3927;0,3669;-0,1767;-0,0255;0,0069;-0,9839;Collision avec Debut - Objet Parent SceneAnchor;False
2498,34;3.36;PA004​;20250404_101506;1;Marche2;-0,1322;1,3907;0,3761;-0,1796;-0,0286;0,0105;-0,9833;Collision avec Debut - Objet Parent SceneAnchor;False
2498,35;3.38;PA004​;20250404_101506;1;Marche2;-0,1289;1,3886;0,3858;-0,1826;-0,0311;0,0135;-0,9826;Collision avec Debut - Objet Parent SceneAnchor;False
2498,37;3.39;PA004​;20250404_101506;1;Marche2;-0,1252;1,3867;0,3957;-0,1849;-0,0334;0,0167;-0,9820;Collision avec Debut - Objet Parent SceneAnchor;False
2498,38;3.4;PA004​;20250404_101506;1;Marche2;-0,1213;1,3849;0,4061;-0,1866;-0,0350;0,0195;-0,9816;Collision avec Debut - Objet Parent SceneAnchor;False
2498,39;3.42;PA004​;20250404_101506;1;Marche2;-0,1172;1,3833;0,4166;-0,1880;-0,0365;0,0223;-0,9812;;False
2498,41;3.43;PA004​;20250404_101506;1;Marche2;-0,1129;1,3819;0,4275;-0,1891;-0,0374;0,0248;-0,9809;;False
2498,42;3.45;PA004​;20250404_101506;1;Marche2;-0,1084;1,3806;0,4385;-0,1891;-0,0380;0,0276;-0,9808;;False
2498,44;3.46;PA004​;20250404_101506;1;Marche2;-0,1036;1,3795;0,4496;-0,1886;-0,0386;0,0306;-0,9808;;False
2498,45;3.47;PA004​;20250404_101506;1;Marche2;-0,0986;1,3792;0,4615;-0,1908;-0,0392;0,0337;-0,9803;;False
2498,46;3.49;PA004​;20250404_101506;1;Marche2;-0,0935;1,3793;0,4739;-0,1901;-0,0403;0,0365;-0,9802;;False
2498,48;3.5;PA004​;20250404_101506;1;Marche2;-0,0881;1,3802;0,4869;-0,1904;-0,0419;0,0396;-0,9800;;False
2498,49;3.51;PA004​;20250404_101506;1;Marche2;-0,0828;1,3807;0,4997;-0,1871;-0,0430;0,0418;-0,9805;;False
2498,51;3.53;PA004​;20250404_101506;1;Marche2;-0,0774;1,3814;0,5124;-0,1875;-0,0444;0,0436;-0,9803;;False
2498,52;3.54;PA004​;20250404_101506;1;Marche2;-0,0719;1,3828;0,5249;-0,1896;-0,0453;0,0446;-0,9798;;False
2498,53;3.56;PA004​;20250404_101506;1;Marche2;-0,0664;1,3854;0,5383;-0,1932;-0,0449;0,0457;-0,9791;;False
2498,55;3.57;PA004​;20250404_101506;1;Marche2;-0,0611;1,3884;0,5518;-0,1928;-0,0442;0,0473;-0,9791;;False
2498,56;3.58;PA004​;20250404_101506;1;Marche2;-0,0561;1,3912;0,5649;-0,1909;-0,0437;0,0502;-0,9794;;False
2498,57;3.6;PA004​;20250404_101506;1;Marche2;-0,0515;1,3942;0,5778;-0,1897;-0,0435;0,0535;-0,9794;;False
2498,59;3.61;PA004​;20250404_101506;1;Marche2;-0,0471;1,3971;0,5905;-0,1880;-0,0430;0,0574;-0,9795;;False
2498,60;3.63;PA004​;20250404_101506;1;Marche2;-0,0427;1,3997;0,6028;-0,1852;-0,0426;0,0616;-0,9798;;False
2498,62;3.64;PA004​;20250404_101506;1;Marche2;-0,0387;1,4018;0,6147;-0,1830;-0,0421;0,0658;-0,9800;;False
2498,63;3.65;PA004​;20250404_101506;1;Marche2;-0,0350;1,4033;0,6265;-0,1828;-0,0414;0,0700;-0,9798;;False
2498,64;3.67;PA004​;20250404_101506;1;Marche2;-0,0316;1,4046;0,6379;-0,1831;-0,0404;0,0738;-0,9795;;False
2498,66;3.68;PA004​;20250404_101506;1;Marche2;-0,0286;1,4056;0,6491;-0,1852;-0,0397;0,0774;-0,9788;;False
2498,67;3.69;PA004​;20250404_101506;1;Marche2;-0,0259;1,4060;0,6600;-0,1878;-0,0393;0,0806;-0,9781;;False
2498,69;3.71;PA004​;20250404_101506;1;Marche2;-0,0230;1,4064;0,6708;-0,1917;-0,0391;0,0830;-0,9772;;False
2498,70;3.72;PA004​;20250404_101506;1;Marche2;-0,0204;1,4066;0,6813;-0,1954;-0,0392;0,0848;-0,9763;;False
2498,72;3.74;PA004​;20250404_101506;1;Marche2;-0,0180;1,4069;0,6920;-0,1991;-0,0392;0,0862;-0,9754;;False
2498,73;3.75;PA004​;20250404_101506;1;Marche2;-0,0157;1,4072;0,7024;-0,2017;-0,0393;0,0872;-0,9748;;False
2498,74;3.76;PA004​;20250404_101506;1;Marche2;-0,0138;1,4075;0,7127;-0,2033;-0,0393;0,0877;-0,9744;;False
2498,76;3.78;PA004​;20250404_101506;1;Marche2;-0,0121;1,4076;0,7229;-0,2037;-0,0391;0,0877;-0,9743;;False
2498,77;3.79;PA004​;20250404_101506;1;Marche2;-0,0103;1,4076;0,7329;-0,2043;-0,0391;0,0879;-0,9742;;False
2498,78;3.81;PA004​;20250404_101506;1;Marche2;-0,0084;1,4074;0,7430;-0,2054;-0,0391;0,0882;-0,9739;;False
2498,80;3.82;PA004​;20250404_101506;1;Marche2;-0,0067;1,4070;0,7530;-0,2071;-0,0392;0,0887;-0,9735;;False
2498,81;3.83;PA004​;20250404_101506;1;Marche2;-0,0052;1,4066;0,7628;-0,2089;-0,0393;0,0892;-0,9731;;False
2498,82;3.85;PA004​;20250404_101506;1;Marche2;-0,0038;1,4060;0,7728;-0,2110;-0,0394;0,0898;-0,9725;;False
2498,84;3.86;PA004​;20250404_101506;1;Marche2;-0,0024;1,4055;0,7830;-0,2127;-0,0397;0,0903;-0,9721;;False
2498,85;3.88;PA004​;20250404_101506;1;Marche2;-0,0010;1,4049;0,7933;-0,2140;-0,0403;0,0908;-0,9718;;False
2498,87;3.89;PA004​;20250404_101506;1;Marche2;0,0003;1,4041;0,8036;-0,2157;-0,0408;0,0913;-0,9713;;False
2498,88;3.9;PA004​;20250404_101506;1;Marche2;0,0015;1,4032;0,8142;-0,2181;-0,0413;0,0912;-0,9708;;False
2498,89;3.92;PA004​;20250404_101506;1;Marche2;0,0025;1,4021;0,8250;-0,2202;-0,0416;0,0907;-0,9703;;False
2498,91;3.93;PA004​;20250404_101506;1;Marche2;0,0032;1,4009;0,8359;-0,2223;-0,0418;0,0897;-0,9699;;False
2498,92;3.94;PA004​;20250404_101506;1;Marche2;0,0041;1,3996;0,8470;-0,2247;-0,0418;0,0880;-0,9695;;False
2498,94;3.96;PA004​;20250404_101506;1;Marche2;0,0049;1,3981;0,8586;-0,2274;-0,0416;0,0861;-0,9691;;False
2498,95;3.97;PA004​;20250404_101506;1;Marche2;0,0054;1,3966;0,8703;-0,2296;-0,0412;0,0844;-0,9687;;False
2498,96;3.99;PA004​;20250404_101506;1;Marche2;0,0057;1,3949;0,8821;-0,2311;-0,0406;0,0828;-0,9686;;False
2498,98;4.0;PA004​;20250404_101506;1;Marche2;0,0056;1,3932;0,8941;-0,2326;-0,0402;0,0813;-0,9683;;False
2498,99;4.01;PA004​;20250404_101506;1;Marche2;0,0052;1,3915;0,9061;-0,2332;-0,0397;0,0800;-0,9683;;False
2499,00;4.03;PA004​;20250404_101506;1;Marche2;0,0048;1,3896;0,9182;-0,2336;-0,0397;0,0789;-0,9683;;False
2499,02;4.04;PA004​;20250404_101506;1;Marche2;0,0039;1,3877;0,9300;-0,2338;-0,0402;0,0780;-0,9683;;False
2499,03;4.06;PA004​;20250404_101506;1;Marche2;0,0028;1,3860;0,9420;-0,2353;-0,0405;0,0764;-0,9681;;False
2499,05;4.07;PA004​;20250404_101506;1;Marche2;0,0011;1,3846;0,9540;-0,2359;-0,0413;0,0746;-0,9680;;False
2499,06;4.08;PA004​;20250404_101506;1;Marche2;-0,0011;1,3834;0,9661;-0,2360;-0,0424;0,0729;-0,9681;;False
2499,07;4.1;PA004​;20250404_101506;1;Marche2;-0,0036;1,3824;0,9781;-0,2352;-0,0434;0,0699;-0,9684;;False
2499,09;4.11;PA004​;20250404_101506;1;Marche2;-0,0061;1,3819;0,9902;-0,2339;-0,0447;0,0673;-0,9689;;False
2499,10;4.13;PA004​;20250404_101506;1;Marche2;-0,0089;1,3817;1,0026;-0,2315;-0,0465;0,0651;-0,9695;;False
2499,12;4.14;PA004​;20250404_101506;1;Marche2;-0,0120;1,3817;1,0147;-0,2282;-0,0485;0,0629;-0,9704;;False
2499,13;4.15;PA004​;20250404_101506;1;Marche2;-0,0153;1,3826;1,0276;-0,2274;-0,0508;0,0619;-0,9705;;False
2499,14;4.17;PA004​;20250404_101506;1;Marche2;-0,0188;1,3845;1,0411;-0,2263;-0,0535;0,0605;-0,9707;;False
2499,16;4.18;PA004​;20250404_101506;1;Marche2;-0,0220;1,3869;1,0557;-0,2242;-0,0560;0,0589;-0,9711;;False
2499,17;4.19;PA004​;20250404_101506;1;Marche2;-0,0255;1,3885;1,0691;-0,2184;-0,0568;0,0533;-0,9727;;False
2499,19;4.21;PA004​;20250404_101506;1;Marche2;-0,0290;1,3901;1,0827;-0,2202;-0,0559;0,0476;-0,9727;;False
2499,20;4.22;PA004​;20250404_101506;1;Marche2;-0,0324;1,3918;1,0958;-0,2220;-0,0552;0,0420;-0,9726;;False
2499,21;4.24;PA004​;20250404_101506;1;Marche2;-0,0358;1,3936;1,1088;-0,2251;-0,0536;0,0353;-0,9722;;False
2499,23;4.25;PA004​;20250404_101506;1;Marche2;-0,0388;1,3955;1,1216;-0,2293;-0,0520;0,0284;-0,9716;;False
2499,24;4.26;PA004​;20250404_101506;1;Marche2;-0,0411;1,3977;1,1341;-0,2312;-0,0506;0,0217;-0,9714;;False
2499,26;4.28;PA004​;20250404_101506;1;Marche2;-0,0429;1,4003;1,1466;-0,2308;-0,0489;0,0154;-0,9717;;False
2499,27;4.29;PA004​;20250404_101506;1;Marche2;-0,0444;1,4029;1,1588;-0,2278;-0,0480;0,0094;-0,9725;;False
2499,28;4.31;PA004​;20250404_101506;1;Marche2;-0,0455;1,4055;1,1707;-0,2253;-0,0465;0,0036;-0,9732;;False
2499,30;4.32;PA004​;20250404_101506;1;Marche2;-0,0468;1,4080;1,1826;-0,2231;-0,0451;-0,0031;-0,9737;;False
2499,31;4.33;PA004​;20250404_101506;1;Marche2;-0,0478;1,4103;1,1944;-0,2206;-0,0431;-0,0084;-0,9744;;False
2499,32;4.35;PA004​;20250404_101506;1;Marche2;-0,0485;1,4126;1,2063;-0,2183;-0,0410;-0,0129;-0,9749;;False
2499,34;4.36;PA004​;20250404_101506;1;Marche2;-0,0492;1,4146;1,2181;-0,2162;-0,0391;-0,0163;-0,9754;;False
2499,35;4.38;PA004​;20250404_101506;1;Marche2;-0,0499;1,4163;1,2299;-0,2141;-0,0369;-0,0185;-0,9759;;False
2499,37;4.39;PA004​;20250404_101506;1;Marche2;-0,0506;1,4175;1,2417;-0,2119;-0,0345;-0,0202;-0,9765;;False
2499,38;4.4;PA004​;20250404_101506;1;Marche2;-0,0513;1,4182;1,2535;-0,2098;-0,0322;-0,0210;-0,9770;;False
2499,40;4.42;PA004​;20250404_101506;1;Marche2;-0,0517;1,4187;1,2653;-0,2081;-0,0299;-0,0212;-0,9774;;False
2499,41;4.43;PA004​;20250404_101506;1;Marche2;-0,0519;1,4189;1,2771;-0,2064;-0,0277;-0,0217;-0,9778;;False
2499,42;4.45;PA004​;20250404_101506;1;Marche2;-0,0518;1,4185;1,2890;-0,2059;-0,0262;-0,0216;-0,9780;;False
2499,44;4.46;PA004​;20250404_101506;1;Marche2;-0,0514;1,4178;1,3010;-0,2060;-0,0247;-0,0214;-0,9780;;False
2499,45;4.47;PA004​;20250404_101506;1;Marche2;-0,0509;1,4168;1,3132;-0,2062;-0,0239;-0,0215;-0,9780;;False
2499,46;4.49;PA004​;20250404_101506;1;Marche2;-0,0503;1,4156;1,3255;-0,2066;-0,0234;-0,0224;-0,9779;;False
2499,48;4.5;PA004​;20250404_101506;1;Marche2;-0,0495;1,4142;1,3382;-0,2063;-0,0231;-0,0239;-0,9779;;False
2499,49;4.51;PA004​;20250404_101506;1;Marche2;-0,0486;1,4125;1,3510;-0,2056;-0,0229;-0,0256;-0,9780;;False
2499,51;4.53;PA004​;20250404_101506;1;Marche2;-0,0477;1,4104;1,3640;-0,2055;-0,0227;-0,0279;-0,9780;;False
2499,52;4.54;PA004​;20250404_101506;1;Marche2;-0,0466;1,4082;1,3772;-0,2057;-0,0223;-0,0306;-0,9779;;False
2499,53;4.56;PA004​;20250404_101506;1;Marche2;-0,0450;1,4060;1,3906;-0,2054;-0,0216;-0,0333;-0,9779;;False
2499,55;4.57;PA004​;20250404_101506;1;Marche2;-0,0432;1,4036;1,4041;-0,2054;-0,0203;-0,0357;-0,9778;;False
2499,56;4.58;PA004​;20250404_101506;1;Marche2;-0,0411;1,4008;1,4177;-0,2054;-0,0189;-0,0375;-0,9778;;False
2499,57;4.6;PA004​;20250404_101506;1;Marche2;-0,0387;1,3978;1,4312;-0,2060;-0,0169;-0,0389;-0,9776;;False
2499,59;4.61;PA004​;20250404_101506;1;Marche2;-0,0358;1,3949;1,4448;-0,2077;-0,0152;-0,0391;-0,9773;;False
2499,60;4.63;PA004​;20250404_101506;1;Marche2;-0,0326;1,3921;1,4585;-0,2105;-0,0138;-0,0379;-0,9768;;False
2499,62;4.64;PA004​;20250404_101506;1;Marche2;-0,0292;1,3896;1,4727;-0,2130;-0,0125;-0,0362;-0,9763;;False
2499,63;4.65;PA004​;20250404_101506;1;Marche2;-0,0254;1,3873;1,4870;-0,2132;-0,0113;-0,0344;-0,9763;;False
2499,64;4.67;PA004​;20250404_101506;1;Marche2;-0,0208;1,3858;1,5016;-0,2137;-0,0106;-0,0312;-0,9763;;False
2499,66;4.68;PA004​;20250404_101506;1;Marche2;-0,0157;1,3847;1,5164;-0,2119;-0,0098;-0,0281;-0,9768;;False
2499,67;4.7;PA004​;20250404_101506;1;Marche2;-0,0103;1,3840;1,5313;-0,2089;-0,0088;-0,0249;-0,9776;;False
2499,69;4.71;PA004​;20250404_101506;1;Marche2;-0,0047;1,3843;1,5470;-0,2065;-0,0074;-0,0205;-0,9782;;False
2499,70;4.72;PA004​;20250404_101506;1;Marche2;0,0011;1,3853;1,5632;-0,2034;-0,0051;-0,0158;-0,9790;;False
2499,71;4.74;PA004​;20250404_101506;1;Marche2;0,0072;1,3880;1,5811;-0,2025;-0,0030;-0,0100;-0,9792;;False
2499,73;4.75;PA004​;20250404_101506;1;Marche2;0,0136;1,3893;1,5976;-0,1922;-0,0009;-0,0046;-0,9814;;False
2499,74;4.76;PA004​;20250404_101506;1;Marche2;0,0204;1,3913;1,6141;-0,1949;-0,0008;0,0048;-0,9808;;False
2499,76;4.78;PA004​;20250404_101506;1;Marche2;0,0269;1,3935;1,6301;-0,1984;-0,0020;0,0124;-0,9800;;False
2499,77;4.79;PA004​;20250404_101506;1;Marche2;0,0329;1,3959;1,6458;-0,2051;-0,0033;0,0192;-0,9785;;False
2499,78;4.81;PA004​;20250404_101506;1;Marche2;0,0384;1,3987;1,6614;-0,2107;-0,0060;0,0260;-0,9772;;False
2499,80;4.82;PA004​;20250404_101506;1;Marche2;0,0434;1,4020;1,6776;-0,2121;-0,0099;0,0313;-0,9767;;False
2499,81;4.83;PA004​;20250404_101506;1;Marche2;0,0480;1,4055;1,6937;-0,2100;-0,0132;0,0351;-0,9770;;False
2499,82;4.85;PA004​;20250404_101506;1;Marche2;0,0517;1,4088;1,7096;-0,2062;-0,0149;0,0367;-0,9777;;False
2499,84;4.86;PA004​;20250404_101506;1;Marche2;0,0550;1,4118;1,7252;-0,2038;-0,0156;0,0386;-0,9781;;False
2499,85;4.88;PA004​;20250404_101506;1;Marche2;0,0573;1,4144;1,7407;-0,2024;-0,0156;0,0406;-0,9783;;False
2499,87;4.89;PA004​;20250404_101506;1;Marche2;0,0593;1,4165;1,7560;-0,2007;-0,0147;0,0426;-0,9786;;False
2499,88;4.9;PA004​;20250404_101506;1;Marche2;0,0612;1,4186;1,7717;-0,2016;-0,0136;0,0454;-0,9783;;False
2499,89;4.92;PA004​;20250404_101506;1;Marche2;0,0630;1,4203;1,7871;-0,2032;-0,0123;0,0475;-0,9779;;False
2499,91;4.93;PA004​;20250404_101506;1;Marche2;0,0648;1,4216;1,8026;-0,2053;-0,0104;0,0491;-0,9774;;False
2499,92;4.94;PA004​;20250404_101506;1;Marche2;0,0661;1,4225;1,8179;-0,2074;-0,0088;0,0500;-0,9769;;False
2499,94;4.96;PA004​;20250404_101506;1;Marche2;0,0671;1,4229;1,8329;-0,2094;-0,0072;0,0511;-0,9765;;False
2499,95;4.97;PA004​;20250404_101506;1;Marche2;0,0679;1,4231;1,8483;-0,2109;-0,0059;0,0513;-0,9761;;False
2499,96;4.99;PA004​;20250404_101506;1;Marche2;0,0689;1,4230;1,8637;-0,2111;-0,0051;0,0517;-0,9761;;False
2499,98;5.0;PA004​;20250404_101506;1;Marche2;0,0697;1,4225;1,8792;-0,2111;-0,0047;0,0517;-0,9761;;False
2499,99;5.02;PA004​;20250404_101506;1;Marche2;0,0704;1,4217;1,8948;-0,2117;-0,0045;0,0515;-0,9760;;False
2500,01;5.03;PA004​;20250404_101506;1;Marche2;0,0707;1,4204;1,9103;-0,2122;-0,0044;0,0513;-0,9759;;False
2500,02;5.04;PA004​;20250404_101506;1;Marche2;0,0708;1,4187;1,9257;-0,2137;-0,0043;0,0512;-0,9755;;False
2500,03;5.06;PA004​;20250404_101506;1;Marche2;0,0707;1,4166;1,9413;-0,2159;-0,0040;0,0508;-0,9751;;False
2500,05;5.07;PA004​;20250404_101506;1;Marche2;0,0705;1,4143;1,9572;-0,2181;-0,0035;0,0507;-0,9746;;False
2500,06;5.08;PA004​;20250404_101506;1;Marche2;0,0700;1,4119;1,9733;-0,2197;-0,0030;0,0503;-0,9743;;False
2500,07;5.1;PA004​;20250404_101506;1;Marche2;0,0692;1,4091;1,9893;-0,2211;-0,0022;0,0500;-0,9740;;False
2500,09;5.11;PA004​;20250404_101506;1;Marche2;0,0682;1,4062;2,0055;-0,2228;-0,0011;0,0499;-0,9736;;False
2500,10;5.13;PA004​;20250404_101506;1;Marche2;0,0669;1,4031;2,0217;-0,2236;0,0009;0,0494;-0,9734;;False
2500,12;5.14;PA004​;20250404_101506;1;Marche2;0,0651;1,3995;2,0377;-0,2231;0,0032;0,0487;-0,9736;;False
2500,13;5.15;PA004​;20250404_101506;1;Marche2;0,0630;1,3956;2,0534;-0,2226;0,0053;0,0489;-0,9737;;False
2500,14;5.17;PA004​;20250404_101506;1;Marche2;0,0606;1,3917;2,0689;-0,2226;0,0069;0,0493;-0,9736;;False
2500,16;5.18;PA004​;20250404_101506;1;Marche2;0,0576;1,3882;2,0841;-0,2240;0,0082;0,0504;-0,9732;;False
2500,17;5.19;PA004​;20250404_101506;1;Marche2;0,0543;1,3850;2,0994;-0,2254;0,0093;0,0510;-0,9729;;False
2500,19;5.21;PA004​;20250404_101506;1;Marche2;0,0505;1,3823;2,1146;-0,2251;0,0103;0,0509;-0,9730;;False
2500,20;5.22;PA004​;20250404_101506;1;Marche2;0,0463;1,3799;2,1301;-0,2226;0,0114;0,0488;-0,9736;;False
2500,21;5.24;PA004​;20250404_101506;1;Marche2;0,0418;1,3781;2,1458;-0,2192;0,0125;0,0464;-0,9745;;False
2500,23;5.25;PA004​;20250404_101506;1;Marche2;0,0369;1,3769;2,1615;-0,2138;0,0133;0,0434;-0,9758;;False
2500,24;5.26;PA004​;20250404_101506;1;Marche2;0,0318;1,3763;2,1774;-0,2076;0,0143;0,0405;-0,9773;;False
2500,26;5.28;PA004​;20250404_101506;1;Marche2;0,0265;1,3771;2,1944;-0,2038;0,0139;0,0382;-0,9782;;False
2500,27;5.29;PA004​;20250404_101506;1;Marche2;0,0211;1,3788;2,2118;-0,1973;0,0137;0,0349;-0,9796;;False
2500,28;5.31;PA004​;20250404_101506;1;Marche2;0,0155;1,3806;2,2292;-0,1912;0,0129;0,0304;-0,9810;;False
2500,30;5.32;PA004​;20250404_101506;1;Marche2;0,0100;1,3825;2,2459;-0,1884;0,0134;0,0255;-0,9817;;False
2500,31;5.33;PA004​;20250404_101506;1;Marche2;0,0047;1,3847;2,2625;-0,1902;0,0140;0,0184;-0,9815;;False
2500,32;5.35;PA004​;20250404_101506;1;Marche2;-0,0003;1,3869;2,2788;-0,1924;0,0147;0,0111;-0,9811;;False
2500,34;5.36;PA004​;20250404_101506;1;Marche2;-0,0047;1,3893;2,2944;-0,1965;0,0157;0,0040;-0,9804;;False
2500,35;5.38;PA004​;20250404_101506;1;Marche2;-0,0087;1,3922;2,3099;-0,2013;0,0165;-0,0026;-0,9794;;False
2500,37;5.39;PA004​;20250404_101506;1;Marche2;-0,0119;1,3953;2,3252;-0,2027;0,0171;-0,0071;-0,9791;;False
2500,38;5.4;PA004​;20250404_101506;1;Marche2;-0,0147;1,3989;2,3409;-0,1999;0,0170;-0,0096;-0,9796;;False
2500,39;5.42;PA004​;20250404_101506;1;Marche2;-0,0172;1,4026;2,3563;-0,1960;0,0169;-0,0117;-0,9804;;False
2500,41;5.43;PA004​;20250404_101506;1;Marche2;-0,0193;1,4057;2,3714;-0,1914;0,0172;-0,0141;-0,9813;;False
2500,42;5.45;PA004​;20250404_101506;1;Marche2;-0,0210;1,4084;2,3863;-0,1881;0,0182;-0,0158;-0,9819;;False
2500,44;5.46;PA004​;20250404_101506;1;Marche2;-0,0224;1,4109;2,4014;-0,1862;0,0188;-0,0164;-0,9822;;False
2500,45;5.47;PA004​;20250404_101506;1;Marche2;-0,0235;1,4133;2,4163;-0,1855;0,0189;-0,0169;-0,9823;;False
2500,46;5.49;PA004​;20250404_101506;1;Marche2;-0,0243;1,4153;2,4310;-0,1859;0,0187;-0,0167;-0,9823;;False
2500,48;5.5;PA004​;20250404_101506;1;Marche2;-0,0248;1,4170;2,4455;-0,1875;0,0178;-0,0161;-0,9820;;False
2500,49;5.51;PA004​;20250404_101506;1;Marche2;-0,0253;1,4183;2,4598;-0,1891;0,0158;-0,0150;-0,9817;;False
2500,51;5.53;PA004​;20250404_101506;1;Marche2;-0,0255;1,4195;2,4741;-0,1902;0,0131;-0,0136;-0,9816;;False
2500,52;5.54;PA004​;20250404_101506;1;Marche2;-0,0255;1,4204;2,4884;-0,1895;0,0097;-0,0127;-0,9818;;False
2500,53;5.56;PA004​;20250404_101506;1;Marche2;-0,0255;1,4210;2,5027;-0,1878;0,0059;-0,0123;-0,9821;;False
2500,55;5.57;PA004​;20250404_101506;1;Marche2;-0,0253;1,4212;2,5171;-0,1855;0,0024;-0,0119;-0,9826;;False
2500,56;5.58;PA004​;20250404_101506;1;Marche2;-0,0251;1,4210;2,5317;-0,1836;-0,0016;-0,0120;-0,9829;;False
2500,58;5.6;PA004​;20250404_101506;1;Marche2;-0,0249;1,4202;2,5464;-0,1810;-0,0052;-0,0123;-0,9834;;False
2500,59;5.61;PA004​;20250404_101506;1;Marche2;-0,0244;1,4192;2,5615;-0,1792;-0,0077;-0,0124;-0,9837;;False
2500,60;5.63;PA004​;20250404_101506;1;Marche2;-0,0238;1,4175;2,5762;-0,1772;-0,0102;-0,0130;-0,9840;;False
2500,62;5.64;PA004​;20250404_101506;1;Marche2;-0,0228;1,4156;2,5914;-0,1769;-0,0123;-0,0126;-0,9841;;False
2500,63;5.65;PA004​;20250404_101506;1;Marche2;-0,0215;1,4132;2,6068;-0,1759;-0,0140;-0,0116;-0,9842;;False
2500,64;5.67;PA004​;20250404_101506;1;Marche2;-0,0198;1,4107;2,6225;-0,1752;-0,0156;-0,0104;-0,9844;;False
2500,66;5.68;PA004​;20250404_101506;1;Marche2;-0,0179;1,4077;2,6386;-0,1728;-0,0168;-0,0089;-0,9848;;False
2500,67;5.7;PA004​;20250404_101506;1;Marche2;-0,0154;1,4044;2,6546;-0,1697;-0,0175;-0,0072;-0,9853;;False
2500,69;5.71;PA004​;20250404_101506;1;Marche2;-0,0125;1,4008;2,6703;-0,1685;-0,0183;-0,0058;-0,9855;;False
2500,70;5.72;PA004​;20250404_101506;1;Marche2;-0,0090;1,3972;2,6858;-0,1695;-0,0190;-0,0041;-0,9853;;False
2500,71;5.74;PA004​;20250404_101506;1;Marche2;-0,0054;1,3941;2,7013;-0,1716;-0,0198;-0,0021;-0,9850;;False
2500,73;5.75;PA004​;20250404_101506;1;Marche2;-0,0014;1,3914;2,7173;-0,1738;-0,0206;0,0006;-0,9846;;False
2500,74;5.77;PA004​;20250404_101506;1;Marche2;0,0028;1,3889;2,7336;-0,1743;-0,0214;0,0044;-0,9845;;False
2500,75;5.78;PA004​;20250404_101506;1;Marche2;0,0071;1,3867;2,7501;-0,1724;-0,0221;0,0080;-0,9847;;False
2500,77;5.79;PA004​;20250404_101506;1;Marche2;0,0117;1,3852;2,7669;-0,1691;-0,0221;0,0106;-0,9853;;False
2500,78;5.81;PA004​;20250404_101506;1;Marche2;0,0165;1,3841;2,7838;-0,1653;-0,0208;0,0123;-0,9860;;False
2500,80;5.82;PA004​;20250404_101506;1;Marche2;0,0212;1,3847;2,8018;-0,1662;-0,0189;0,0145;-0,9858;;False
2500,81;5.83;PA004​;20250404_101506;1;Marche2;0,0260;1,3867;2,8216;-0,1663;-0,0161;0,0178;-0,9858;;False
2500,82;5.85;PA004​;20250404_101506;1;Marche2;0,0308;1,3878;2,8410;-0,1554;-0,0134;0,0219;-0,9875;;False
2500,84;5.86;PA004​;20250404_101506;1;Marche2;0,0360;1,3892;2,8603;-0,1552;-0,0112;0,0261;-0,9875;;False
2500,85;5.88;PA004​;20250404_101506;1;Marche2;0,0410;1,3901;2,8784;-0,1593;-0,0105;0,0300;-0,9867;;False
2500,87;5.89;PA004​;20250404_101506;1;Marche2;0,0458;1,3923;2,8968;-0,1722;-0,0098;0,0358;-0,9844;;False
2500,88;5.9;PA004​;20250404_101506;1;Marche2;0,0499;1,3946;2,9150;-0,1811;-0,0100;0,0406;-0,9826;;False
2500,89;5.92;PA004​;20250404_101506;1;Marche2;0,0538;1,3975;2,9334;-0,1876;-0,0106;0,0454;-0,9811;;False
2500,91;5.93;PA004​;20250404_101506;1;Marche2;0,0571;1,4009;2,9519;-0,1898;-0,0115;0,0477;-0,9806;;False
2500,92;5.95;PA004​;20250404_101506;1;Marche2;0,0600;1,4041;2,9701;-0,1901;-0,0119;0,0485;-0,9805;;False
2500,94;5.96;PA004​;20250404_101506;1;Marche2;0,0625;1,4071;2,9881;-0,1915;-0,0122;0,0500;-0,9802;;False
2500,95;5.97;PA004​;20250404_101506;1;Marche2;0,0646;1,4099;3,0057;-0,1909;-0,0130;0,0521;-0,9801;;False
2500,96;5.99;PA004​;20250404_101506;1;Marche2;0,0663;1,4125;3,0234;-0,1913;-0,0135;0,0546;-0,9799;;False
2500,98;6.0;PA004​;20250404_101506;1;Marche2;0,0679;1,4152;3,0410;-0,1910;-0,0138;0,0574;-0,9798;;False
2500,99;6.02;PA004​;20250404_101506;1;Marche2;0,0692;1,4177;3,0584;-0,1900;-0,0134;0,0596;-0,9799;;False
2501,01;6.03;PA004​;20250404_101506;1;Marche2;0,0702;1,4198;3,0758;-0,1892;-0,0124;0,0603;-0,9800;;False
2501,02;6.04;PA004​;20250404_101506;1;Marche2;0,0711;1,4215;3,0929;-0,1888;-0,0105;0,0604;-0,9801;;False
2501,03;6.06;PA004​;20250404_101506;1;Marche2;0,0719;1,4227;3,1099;-0,1884;-0,0087;0,0611;-0,9801;;False
2501,05;6.07;PA004​;20250404_101506;1;Marche2;0,0725;1,4235;3,1266;-0,1884;-0,0075;0,0623;-0,9801;;False
2501,06;6.08;PA004​;20250404_101506;1;Marche2;0,0730;1,4240;3,1433;-0,1876;-0,0065;0,0634;-0,9802;;False
2501,08;6.1;PA004​;20250404_101506;1;Marche2;0,0734;1,4241;3,1598;-0,1862;-0,0057;0,0636;-0,9804;;False
2501,09;6.11;PA004​;20250404_101506;1;Marche2;0,0736;1,4240;3,1765;-0,1845;-0,0052;0,0640;-0,9807;;False
2501,10;6.13;PA004​;20250404_101506;1;Marche2;0,0738;1,4234;3,1930;-0,1827;-0,0050;0,0643;-0,9810;;False
2501,12;6.14;PA004​;20250404_101506;1;Marche2;0,0738;1,4226;3,2097;-0,1809;-0,0050;0,0643;-0,9814;;False
2501,13;6.15;PA004​;20250404_101506;1;Marche2;0,0736;1,4214;3,2266;-0,1789;-0,0054;0,0644;-0,9817;;False
2501,14;6.17;PA004​;20250404_101506;1;Marche2;0,0733;1,4200;3,2435;-0,1763;-0,0056;0,0646;-0,9822;;False
2501,16;6.18;PA004​;20250404_101506;1;Marche2;0,0728;1,4183;3,2605;-0,1741;-0,0059;0,0652;-0,9826;;False
2501,17;6.19;PA004​;20250404_101506;1;Marche2;0,0719;1,4165;3,2777;-0,1720;-0,0065;0,0661;-0,9829;;False
2501,19;6.21;PA004​;20250404_101506;1;Marche2;0,0708;1,4142;3,2947;-0,1688;-0,0071;0,0671;-0,9833;;False
2501,20;6.22;PA004​;20250404_101506;1;Marche2;0,0692;1,4116;3,3114;-0,1656;-0,0082;0,0680;-0,9838;;False
2501,21;6.24;PA004​;20250404_101506;1;Marche2;0,0675;1,4086;3,3278;-0,1634;-0,0090;0,0690;-0,9841;;False
2501,23;6.25;PA004​;20250404_101506;1;Marche2;0,0651;1,4055;3,3438;-0,1625;-0,0107;0,0702;-0,9841;;False
2501,24;6.26;PA004​;20250404_101506;1;Marche2;0,0622;1,4027;3,3595;-0,1642;-0,0125;0,0715;-0,9838;;False
2501,26;6.28;PA004​;20250404_101506;1;Marche2;0,0589;1,4006;3,3755;-0,1659;-0,0137;0,0710;-0,9835;;False
2501,27;6.29;PA004​;20250404_101506;1;Marche2;0,0550;1,3986;3,3912;-0,1647;-0,0143;0,0675;-0,9839;;False
2501,28;6.31;PA004​;20250404_101506;1;Marche2;0,0506;1,3966;3,4069;-0,1626;-0,0143;0,0638;-0,9845;;False
2501,30;6.32;PA004​;20250404_101506;1;Marche2;0,0460;1,3950;3,4226;-0,1612;-0,0135;0,0604;-0,9850;;False
2501,31;6.33;PA004​;20250404_101506;1;Marche2;0,0411;1,3941;3,4382;-0,1602;-0,0129;0,0572;-0,9853;;False
2501,32;6.35;PA004​;20250404_101506;1;Marche2;0,0362;1,3947;3,4546;-0,1599;-0,0137;0,0559;-0,9855;;False
2501,34;6.36;PA004​;20250404_101506;1;Marche2;0,0313;1,3964;3,4716;-0,1594;-0,0159;0,0556;-0,9855;;False
2501,35;6.38;PA004​;20250404_101506;1;Marche2;0,0265;1,3985;3,4890;-0,1554;-0,0180;0,0538;-0,9862;;False
2501,37;6.39;PA004​;20250404_101506;1;Marche2;0,0217;1,4007;3,5061;-0,1538;-0,0191;0,0490;-0,9867;;False
2501,38;6.4;PA004​;20250404_101506;1;Marche2;0,0171;1,4032;3,5235;-0,1559;-0,0183;0,0431;-0,9867;;False
2501,40;6.42;PA004​;20250404_101506;1;Marche2;0,0129;1,4059;3,5404;-0,1572;-0,0171;0,0360;-0,9868;;False
2501,41;6.43;PA004​;20250404_101506;1;Marche2;0,0090;1,4090;3,5570;-0,1586;-0,0158;0,0296;-0,9868;;False
2501,42;6.45;PA004​;20250404_101506;1;Marche2;0,0056;1,4127;3,5730;-0,1598;-0,0152;0,0242;-0,9867;;False
2501,44;6.46;PA004​;20250404_101506;1;Marche2;0,0031;1,4165;3,5892;-0,1558;-0,0153;0,0213;-0,9874;;False
2501,45;6.47;PA004​;20250404_101506;1;Marche2;0,0007;1,4205;3,6056;-0,1503;-0,0166;0,0182;-0,9883;;False
2501,46;6.49;PA004​;20250404_101506;1;Marche2;-0,0011;1,4248;3,6219;-0,1437;-0,0182;0,0159;-0,9893;;False
2501,48;6.5;PA004​;20250404_101506;1;Marche2;-0,0028;1,4284;3,6380;-0,1366;-0,0198;0,0129;-0,9903;;False
2501,49;6.51;PA004​;20250404_101506;1;Marche2;-0,0042;1,4318;3,6542;-0,1314;-0,0208;0,0100;-0,9911;;False
2501,51;6.53;PA004​;20250404_101506;1;Marche2;-0,0052;1,4350;3,6704;-0,1285;-0,0217;0,0081;-0,9914;;False
2501,52;6.54;PA004​;20250404_101506;1;Marche2;-0,0061;1,4376;3,6865;-0,1256;-0,0227;0,0069;-0,9918;;False
2501,53;6.56;PA004​;20250404_101506;1;Marche2;-0,0069;1,4396;3,7025;-0,1250;-0,0243;0,0073;-0,9918;;False
2501,55;6.57;PA004​;20250404_101506;1;Marche2;-0,0078;1,4407;3,7184;-0,1245;-0,0266;0,0092;-0,9918;;False
2501,56;6.58;PA004​;20250404_101506;1;Marche2;-0,0087;1,4413;3,7343;-0,1252;-0,0290;0,0119;-0,9916;;False
2501,57;6.6;PA004​;20250404_101506;1;Marche2;-0,0095;1,4415;3,7500;-0,1256;-0,0306;0,0129;-0,9915;;False
2501,59;6.61;PA004​;20250404_101506;1;Marche2;-0,0103;1,4412;3,7656;-0,1272;-0,0318;0,0132;-0,9913;;False
2501,60;6.63;PA004​;20250404_101506;1;Marche2;-0,0111;1,4403;3,7812;-0,1289;-0,0328;0,0132;-0,9910;;False
2501,62;6.64;PA004​;20250404_101506;1;Marche2;-0,0118;1,4391;3,7970;-0,1311;-0,0333;0,0124;-0,9907;;False
2501,63;6.65;PA004​;20250404_101506;1;Marche2;-0,0124;1,4377;3,8129;-0,1324;-0,0333;0,0114;-0,9906;;False
2501,65;6.67;PA004​;20250404_101506;1;Marche2;-0,0128;1,4362;3,8289;-0,1322;-0,0331;0,0109;-0,9906;;False
2501,66;6.68;PA004​;20250404_101506;1;Marche2;-0,0131;1,4346;3,8452;-0,1308;-0,0326;0,0106;-0,9908;;False
2501,67;6.7;PA004​;20250404_101506;1;Marche2;-0,0130;1,4327;3,8617;-0,1275;-0,0314;0,0104;-0,9913;;False
2501,69;6.71;PA004​;20250404_101506;1;Marche2;-0,0125;1,4304;3,8782;-0,1237;-0,0302;0,0108;-0,9918;;False
2501,70;6.72;PA004​;20250404_101506;1;Marche2;-0,0116;1,4278;3,8950;-0,1192;-0,0289;0,0117;-0,9924;;False
2501,71;6.74;PA004​;20250404_101506;1;Marche2;-0,0102;1,4247;3,9114;-0,1142;-0,0275;0,0126;-0,9930;;False
2501,73;6.75;PA004​;20250404_101506;1;Marche2;-0,0083;1,4216;3,9277;-0,1116;-0,0259;0,0145;-0,9933;;False
2501,74;6.77;PA004​;20250404_101506;1;Marche2;-0,0056;1,4185;3,9436;-0,1102;-0,0238;0,0170;-0,9935;;False
2501,76;6.78;PA004​;20250404_101506;1;Marche2;-0,0025;1,4161;3,9596;-0,1109;-0,0228;0,0203;-0,9934;;False
2501,77;6.79;PA004​;20250404_101506;1;Marche2;0,0011;1,4140;3,9758;-0,1108;-0,0218;0,0245;-0,9933;;False
2501,78;6.81;PA004​;20250404_101506;1;Marche2;0,0053;1,4124;3,9921;-0,1084;-0,0207;0,0298;-0,9935;;False
2501,80;6.82;PA004​;20250404_101506;1;Marche2;0,0097;1,4112;4,0085;-0,1043;-0,0205;0,0352;-0,9937;;False
2501,81;6.83;PA004​;20250404_101506;1;Marche2;0,0146;1,4105;4,0250;-0,0988;-0,0196;0,0394;-0,9941;;False
2501,83;6.85;PA004​;20250404_101506;1;Marche2;0,0199;1,4100;4,0415;-0,0935;-0,0180;0,0423;-0,9946;;False
2501,84;6.86;PA004​;20250404_101506;1;Marche2;0,0254;1,4114;4,0591;-0,0924;-0,0157;0,0447;-0,9946;;False
2501,85;6.88;PA004​;20250404_101506;1;Marche2;0,0309;1,4141;4,0777;-0,0873;-0,0132;0,0478;-0,9949;;False
2501,87;6.89;PA004​;20250404_101506;1;Marche2;0,0368;1,4168;4,0967;-0,0760;-0,0105;0,0515;-0,9957;;False
2501,88;6.9;PA004​;20250404_101506;1;Marche2;0,0429;1,4192;4,1153;-0,0712;-0,0096;0,0564;-0,9958;;False
2501,89;6.92;PA004​;20250404_101506;1;Marche2;0,0491;1,4209;4,1332;-0,0704;-0,0103;0,0620;-0,9955;;False
2501,91;6.93;PA004​;20250404_101506;1;Marche2;0,0549;1,4235;4,1512;-0,0764;-0,0120;0,0687;-0,9946;;False
2501,92;6.94;PA004​;20250404_101506;1;Marche2;0,0603;1,4265;4,1691;-0,0804;-0,0138;0,0755;-0,9938;;False
2501,94;6.96;PA004​;20250404_101506;1;Marche2;0,0653;1,4297;4,1869;-0,0825;-0,0156;0,0825;-0,9930;;False
2501,95;6.97;PA004​;20250404_101506;1;Marche2;0,0694;1,4329;4,2040;-0,0830;-0,0184;0,0877;-0,9925;;False
2501,96;6.99;PA004​;20250404_101506;1;Marche2;0,0732;1,4365;4,2211;-0,0826;-0,0197;0,0922;-0,9921;;False
2501,98;7.0;PA004​;20250404_101506;1;Marche2;0,0766;1,4407;4,2380;-0,0798;-0,0203;0,0961;-0,9920;;False
2501,99;7.01;PA004​;20250404_101506;1;Marche2;0,0795;1,4447;4,2546;-0,0724;-0,0209;0,0999;-0,9921;;False
2502,00;7.03;PA004​;20250404_101506;1;Marche2;0,0822;1,4486;4,2713;-0,0673;-0,0217;0,1040;-0,9921;;False
2502,02;7.04;PA004​;20250404_101506;1;Marche2;0,0849;1,4522;4,2875;-0,0627;-0,0222;0,1080;-0,9919;;False
2502,03;7.06;PA004​;20250404_101506;1;Marche2;0,0875;1,4555;4,3037;-0,0588;-0,0223;0,1102;-0,9919;;False
2502,05;7.07;PA004​;20250404_101506;1;Marche2;0,0900;1,4583;4,3199;-0,0560;-0,0224;0,1122;-0,9919;;False
2502,06;7.08;PA004​;20250404_101506;1;Marche2;0,0926;1,4603;4,3358;-0,0536;-0,0227;0,1140;-0,9918;;False
2502,08;7.1;PA004​;20250404_101506;1;Marche2;0,0951;1,4615;4,3517;-0,0538;-0,0241;0,1155;-0,9916;;False
2502,09;7.11;PA004​;20250404_101506;1;Marche2;0,0975;1,4622;4,3677;-0,0534;-0,0249;0,1169;-0,9914;;False
2502,10;7.13;PA004​;20250404_101506;1;Marche2;0,0997;1,4624;4,3836;-0,0550;-0,0261;0,1176;-0,9912;;False
2502,12;7.14;PA004​;20250404_101506;1;Marche2;0,1017;1,4622;4,3996;-0,0568;-0,0267;0,1173;-0,9911;;False
2502,13;7.15;PA004​;20250404_101506;1;Marche2;0,1035;1,4616;4,4156;-0,0581;-0,0275;0,1159;-0,9912;;False
2502,14;7.17;PA004​;20250404_101506;1;Marche2;0,1053;1,4607;4,4319;-0,0593;-0,0291;0,1137;-0,9913;;False
2502,16;7.18;PA004​;20250404_101506;1;Marche2;0,1069;1,4596;4,4483;-0,0599;-0,0309;0,1117;-0,9915;;False
2502,17;7.19;PA004​;20250404_101506;1;Marche2;0,1083;1,4579;4,4647;-0,0603;-0,0330;0,1093;-0,9916;;False
2502,19;7.21;PA004​;20250404_101506;1;Marche2;0,1095;1,4559;4,4812;-0,0614;-0,0348;0,1064;-0,9918;;False
2502,20;7.22;PA004​;20250404_101506;1;Marche2;0,1104;1,4535;4,4980;-0,0628;-0,0366;0,1035;-0,9920;;False
2502,21;7.24;PA004​;20250404_101506;1;Marche2;0,1112;1,4512;4,5149;-0,0642;-0,0390;0,1019;-0,9920;;False
2502,23;7.25;PA004​;20250404_101506;1;Marche2;0,1116;1,4484;4,5318;-0,0646;-0,0411;0,1001;-0,9920;;False
2502,24;7.26;PA004​;20250404_101506;1;Marche2;0,1116;1,4447;4,5483;-0,0661;-0,0430;0,0974;-0,9921;;False
2502,26;7.28;PA004​;20250404_101506;1;Marche2;0,1111;1,4408;4,5647;-0,0695;-0,0452;0,0954;-0,9920;;False
2502,27;7.29;PA004​;20250404_101506;1;Marche2;0,1100;1,4368;4,5807;-0,0758;-0,0469;0,0930;-0,9917;;False
2502,28;7.31;PA004​;20250404_101506;1;Marche2;0,1086;1,4333;4,5969;-0,0836;-0,0475;0,0894;-0,9913;;False
2502,30;7.32;PA004​;20250404_101506;1;Marche2;0,1066;1,4305;4,6130;-0,0888;-0,0482;0,0834;-0,9914;;False
2502,31;7.33;PA004​;20250404_101506;1;Marche2;0,1040;1,4284;4,6294;-0,0928;-0,0482;0,0772;-0,9915;;False
2502,32;7.35;PA004​;20250404_101506;1;Marche2;0,1011;1,4260;4,6460;-0,0938;-0,0470;0,0702;-0,9920;;False
2502,34;7.36;PA004​;20250404_101506;1;Marche2;0,0979;1,4240;4,6626;-0,0952;-0,0468;0,0645;-0,9923;;False
2502,35;7.38;PA004​;20250404_101506;1;Marche2;0,0947;1,4222;4,6791;-0,0957;-0,0470;0,0598;-0,9925;;False
2502,37;7.39;PA004​;20250404_101506;1;Marche2;0,0915;1,4203;4,6956;-0,0963;-0,0470;0,0542;-0,9928;;False
2502,38;7.4;PA004​;20250404_101506;1;Marche2;0,0885;1,4202;4,7130;-0,1017;-0,0486;0,0520;-0,9923;;False
2502,40;7.42;PA004​;20250404_101506;1;Marche2;0,0858;1,4223;4,7315;-0,1044;-0,0529;0,0512;-0,9918;;False
2502,41;7.43;PA004​;20250404_101506;1;Marche2;0,0833;1,4251;4,7500;-0,0986;-0,0570;0,0471;-0,9924;;False
2502,42;7.44;PA004​;20250404_101506;1;Marche2;0,0807;1,4277;4,7685;-0,0955;-0,0594;0,0408;-0,9928;;False
2502,44;7.46;PA004​;20250404_101506;1;Marche2;0,0780;1,4290;4,7863;-0,0962;-0,0599;0,0342;-0,9930;;False
2502,45;7.47;PA004​;20250404_101506;1;Marche2;0,0755;1,4307;4,8036;-0,0988;-0,0599;0,0271;-0,9929;;False
2502,46;7.49;PA004​;20250404_101506;1;Marche2;0,0735;1,4322;4,8209;-0,1030;-0,0583;0,0206;-0,9928;;False
2502,48;7.5;PA004​;20250404_101506;1;Marche2;0,0720;1,4340;4,8382;-0,1079;-0,0564;0,0152;-0,9924;;False
2502,49;7.51;PA004​;20250404_101506;1;Marche2;0,0707;1,4360;4,8556;-0,1099;-0,0548;0,0107;-0,9924;;False
2502,51;7.53;PA004​;20250404_101506;1;Marche2;0,0699;1,4379;4,8729;-0,1110;-0,0535;0,0082;-0,9923;;False
2502,52;7.54;PA004​;20250404_101506;1;Marche2;0,0697;1,4397;4,8900;-0,1118;-0,0519;0,0064;-0,9924;;False
2502,53;7.56;PA004​;20250404_101506;1;Marche2;0,0698;1,4412;4,9073;-0,1142;-0,0503;0,0053;-0,9922;;False
2502,55;7.57;PA004​;20250404_101506;1;Marche2;0,0701;1,4427;4,9246;-0,1167;-0,0496;0,0048;-0,9919;;False
2502,56;7.58;PA004​;20250404_101506;1;Marche2;0,0706;1,4442;4,9421;-0,1189;-0,0484;0,0038;-0,9917;;False
2502,57;7.6;PA004​;20250404_101506;1;Marche2;0,0713;1,4452;4,9597;-0,1209;-0,0473;0,0034;-0,9915;;False
2502,59;7.61;PA004​;20250404_101506;1;Marche2;0,0721;1,4457;4,9772;-0,1231;-0,0470;0,0038;-0,9913;;False
2502,60;7.63;PA004​;20250404_101506;1;Marche2;0,0732;1,4456;4,9944;-0,1250;-0,0476;0,0044;-0,9910;;False
2502,62;7.64;PA004​;20250404_101506;1;Marche2;0,0746;1,4450;5,0114;-0,1274;-0,0490;0,0054;-0,9906;;False
2502,63;7.65;PA004​;20250404_101506;1;Marche2;0,0761;1,4441;5,0284;-0,1301;-0,0510;0,0060;-0,9902;;False
2502,64;7.67;PA004​;20250404_101506;1;Marche2;0,0779;1,4429;5,0454;-0,1329;-0,0538;0,0068;-0,9896;;False
2502,66;7.68;PA004​;20250404_101506;1;Marche2;0,0799;1,4413;5,0625;-0,1352;-0,0569;0,0076;-0,9892;;False
2502,67;7.7;PA004​;20250404_101506;1;Marche2;0,0821;1,4394;5,0796;-0,1366;-0,0603;0,0079;-0,9888;;False
2502,69;7.71;PA004​;20250404_101506;1;Marche2;0,0847;1,4373;5,0967;-0,1380;-0,0630;0,0087;-0,9884;;False
2502,70;7.72;PA004​;20250404_101506;1;Marche2;0,0875;1,4350;5,1138;-0,1391;-0,0658;0,0096;-0,9880;;False
2502,71;7.74;PA004​;20250404_101506;1;Marche2;0,0905;1,4324;5,1309;-0,1397;-0,0686;0,0105;-0,9878;;False
2502,73;7.75;PA004​;20250404_101506;1;Marche2;0,0938;1,4295;5,1480;-0,1397;-0,0706;0,0116;-0,9876;;False
2502,74;7.77;PA004​;20250404_101506;1;Marche2;0,0973;1,4263;5,1651;-0,1395;-0,0724;0,0132;-0,9875;;False
2502,76;7.78;PA004​;20250404_101506;1;Marche2;0,1011;1,4227;5,1820;-0,1394;-0,0736;0,0144;-0,9874;;False
2502,77;7.79;PA004​;20250404_101506;1;Marche2;0,1052;1,4188;5,1987;-0,1395;-0,0745;0,0151;-0,9873;;False
2502,78;7.81;PA004​;20250404_101506;1;Marche2;0,1095;1,4147;5,2150;-0,1413;-0,0751;0,0162;-0,9870;;False
2502,80;7.82;PA004​;20250404_101506;1;Marche2;0,1141;1,4110;5,2313;-0,1458;-0,0755;0,0175;-0,9863;;False
2502,81;7.83;PA004​;20250404_101506;1;Marche2;0,1189;1,4076;5,2477;-0,1504;-0,0758;0,0192;-0,9855;;False
2502,82;7.85;PA004​;20250404_101506;1;Marche2;0,1238;1,4046;5,2644;-0,1541;-0,0763;0,0210;-0,9849;;False
2502,84;7.86;PA004​;20250404_101506;1;Marche2;0,1289;1,4022;5,2814;-0,1561;-0,0773;0,0232;-0,9844;;False
2502,85;7.88;PA004​;20250404_101506;1;Marche2;0,1344;1,4003;5,2985;-0,1554;-0,0774;0,0242;-0,9845;;False
2502,87;7.89;PA004​;20250404_101506;1;Marche2;0,1401;1,3985;5,3157;-0,1538;-0,0767;0,0244;-0,9848;;False
2502,88;7.9;PA004​;20250404_101506;1;Marche2;0,1459;1,3971;5,3332;-0,1535;-0,0745;0,0239;-0,9850;;False
2502,89;7.92;PA004​;20250404_101506;1;Marche2;0,1518;1,3976;5,3519;-0,1577;-0,0722;0,0248;-0,9845;;False
2502,91;7.93;PA004​;20250404_101506;1;Marche2;0,1578;1,3989;5,3715;-0,1581;-0,0683;0,0261;-0,9847;;False
2502,92;7.94;PA004​;20250404_101506;1;Marche2;0,1640;1,4005;5,3915;-0,1542;-0,0643;0,0282;-0,9855;;False
2502,94;7.96;PA004​;20250404_101506;1;Marche2;0,1703;1,4021;5,4111;-0,1529;-0,0607;0,0325;-0,9858;;False
2502,95;7.97;PA004​;20250404_101506;1;Marche2;0,1766;1,4035;5,4300;-0,1544;-0,0572;0,0375;-0,9856;;False
2502,96;7.99;PA004​;20250404_101506;1;Marche2;0,1829;1,4060;5,4492;-0,1609;-0,0545;0,0442;-0,9845;;False
2502,98;8.0;PA004​;20250404_101506;1;Marche2;0,1887;1,4090;5,4681;-0,1638;-0,0516;0,0506;-0,9838;;False
2502,99;8.01;PA004​;20250404_101506;1;Marche2;0,1941;1,4122;5,4871;-0,1641;-0,0503;0,0590;-0,9834;;False
2503,01;8.03;PA004​;20250404_101506;1;Marche2;0,1995;1,4155;5,5058;-0,1623;-0,0499;0,0668;-0,9832;;False
2503,02;8.04;PA004​;20250404_101506;1;Marche2;0,2045;1,4190;5,5243;-0,1600;-0,0500;0,0719;-0,9832;;False
2503,03;8.06;PA004​;20250404_101506;1;Marche2;0,2092;1,4221;5,5425;-0,1563;-0,0492;0,0752;-0,9836;;False
2503,05;8.07;PA004​;20250404_101506;1;Marche2;0,2133;1,4251;5,5607;-0,1543;-0,0484;0,0779;-0,9838;;False
2503,06;8.08;PA004​;20250404_101506;1;Marche2;0,2170;1,4272;5,5785;-0,1522;-0,0473;0,0805;-0,9839;;False
2503,07;8.1;PA004​;20250404_101506;1;Marche2;0,2205;1,4295;5,5966;-0,1530;-0,0460;0,0829;-0,9837;;False
2503,09;8.11;PA004​;20250404_101506;1;Marche2;0,2238;1,4315;5,6149;-0,1559;-0,0448;0,0844;-0,9831;;False
2503,10;8.13;PA004​;20250404_101506;1;Marche2;0,2269;1,4328;5,6327;-0,1582;-0,0432;0,0840;-0,9829;;False
2503,12;8.14;PA004​;20250404_101506;1;Marche2;0,2299;1,4339;5,6507;-0,1612;-0,0420;0,0829;-0,9825;;False
2503,13;8.15;PA004​;20250404_101506;1;Marche2;0,2326;1,4344;5,6685;-0,1645;-0,0412;0,0814;-0,9822;;False
2503,14;8.17;PA004​;20250404_101506;1;Marche2;0,2352;1,4348;5,6865;-0,1682;-0,0405;0,0795;-0,9817;;False
2503,16;8.18;PA004​;20250404_101506;1;Marche2;0,2376;1,4345;5,7046;-0,1704;-0,0404;0,0771;-0,9815;;False
2503,17;8.19;PA004​;20250404_101506;1;Marche2;0,2397;1,4339;5,7228;-0,1725;-0,0404;0,0745;-0,9813;;False
2503,19;8.21;PA004​;20250404_101506;1;Marche2;0,2415;1,4326;5,7411;-0,1742;-0,0401;0,0724;-0,9812;;False
2503,20;8.22;PA004​;20250404_101506;1;Marche2;0,2431;1,4310;5,7597;-0,1774;-0,0395;0,0704;-0,9808;;False
2503,21;8.24;PA004​;20250404_101506;1;Marche2;0,2444;1,4288;5,7779;-0,1807;-0,0388;0,0689;-0,9804;;False
2503,23;8.25;PA004​;20250404_101506;1;Marche2;0,2453;1,4260;5,7963;-0,1836;-0,0379;0,0680;-0,9799;;False
2503,24;8.26;PA004​;20250404_101506;1;Marche2;0,2459;1,4228;5,8149;-0,1871;-0,0369;0,0681;-0,9793;;False
2503,26;8.28;PA004​;20250404_101506;1;Marche2;0,2463;1,4193;5,8336;-0,1898;-0,0357;0,0675;-0,9788;;False
2503,27;8.29;PA004​;20250404_101506;1;Marche2;0,2463;1,4156;5,8524;-0,1925;-0,0345;0,0666;-0,9784;;False
2503,28;8.31;PA004​;20250404_101506;1;Marche2;0,2460;1,4116;5,8710;-0,1943;-0,0336;0,0651;-0,9782;;False
2503,30;8.32;PA004​;20250404_101506;1;Marche2;0,2454;1,4070;5,8891;-0,1957;-0,0324;0,0634;-0,9781;;False
2503,31;8.33;PA004​;20250404_101506;1;Marche2;0,2443;1,4022;5,9067;-0,1978;-0,0312;0,0617;-0,9778;;False
2503,32;8.35;PA004​;20250404_101506;1;Marche2;0,2429;1,3975;5,9239;-0,2014;-0,0305;0,0604;-0,9772;;False
2503,34;8.36;PA004​;20250404_101506;1;Marche2;0,2410;1,3936;5,9411;-0,2074;-0,0293;0,0589;-0,9760;;False
2503,35;8.38;PA004​;20250404_101506;1;Marche2;0,2385;1,3905;5,9583;-0,2124;-0,0282;0,0558;-0,9752;;False
2503,37;8.39;PA004​;20250404_101506;1;Marche2;0,2359;1,3881;5,9758;-0,2136;-0,0259;0,0512;-0,9752;;False
2503,38;8.4;PA004​;20250404_101506;1;Marche2;0,2326;1,3860;5,9937;-0,2096;-0,0231;0,0457;-0,9765;;False
2503,39;8.42;PA004​;20250404_101506;1;Marche2;0,2287;1,3846;6,0116;-0,2038;-0,0196;0,0407;-0,9780;;False
2503,41;8.43;PA004​;20250404_101506;1;Marche2;0,2245;1,3833;6,0292;-0,1972;-0,0161;0,0368;-0,9795;;False
2503,42;8.45;PA004​;20250404_101506;1;Marche2;0,2201;1,3831;6,0475;-0,1957;-0,0125;0,0320;-0,9801;;False
2503,44;8.46;PA004​;20250404_101506;1;Marche2;0,2158;1,3838;6,0665;-0,1946;-0,0098;0,0279;-0,9804;;False
2503,45;8.47;PA004​;20250404_101506;1;Marche2;0,2114;1,3853;6,0864;-0,1939;-0,0070;0,0234;-0,9807;;False
2503,46;8.49;PA004​;20250404_101506;1;Marche2;0,2068;1,3857;6,1058;-0,1901;-0,0043;0,0164;-0,9816;;False
2503,48;8.5;PA004​;20250404_101506;1;Marche2;0,2025;1,3869;6,1255;-0,1942;-0,0004;0,0085;-0,9809;;False
2503,49;8.51;PA004​;20250404_101506;1;Marche2;0,1989;1,3885;6,1445;-0,1969;0,0040;-0,0007;-0,9804;;False
2503,51;8.53;PA004​;20250404_101506;1;Marche2;0,1960;1,3898;6,1630;-0,2004;0,0094;-0,0093;-0,9796;;False
2503,52;8.54;PA004​;20250404_101506;1;Marche2;0,1938;1,3921;6,1812;-0,2063;0,0136;-0,0163;-0,9783;;False
2503,53;8.56;PA004​;20250404_101506;1;Marche2;0,1925;1,3947;6,1993;-0,2080;0,0161;-0,0193;-0,9778;;False
2503,55;8.57;PA004​;20250404_101506;1;Marche2;0,1918;1,3977;6,2177;-0,2064;0,0164;-0,0215;-0,9781;;False
2503,56;8.58;PA004​;20250404_101506;1;Marche2;0,1916;1,4010;6,2359;-0,2035;0,0162;-0,0234;-0,9787;;False
2503,57;8.6;PA004​;20250404_101506;1;Marche2;0,1915;1,4040;6,2536;-0,2015;0,0165;-0,0257;-0,9790;;False
2503,59;8.61;PA004​;20250404_101506;1;Marche2;0,1918;1,4067;6,2711;-0,2007;0,0166;-0,0274;-0,9791;;False
2503,60;8.63;PA004​;20250404_101506;1;Marche2;0,1923;1,4093;6,2885;-0,2019;0,0167;-0,0276;-0,9789;;False
2503,62;8.64;PA004​;20250404_101506;1;Marche2;0,1927;1,4117;6,3056;-0,2026;0,0164;-0,0275;-0,9787;;False
2503,63;8.65;PA004​;20250404_101506;1;Marche2;0,1932;1,4138;6,3225;-0,2038;0,0159;-0,0255;-0,9786;;False
2503,64;8.67;PA004​;20250404_101506;1;Marche2;0,1939;1,4156;6,3391;-0,2042;0,0148;-0,0233;-0,9785;;False
2503,66;8.68;PA004​;20250404_101506;1;Marche2;0,1946;1,4169;6,3557;-0,2048;0,0137;-0,0205;-0,9785;;False
2503,67;8.7;PA004​;20250404_101506;1;Marche2;0,1953;1,4178;6,3721;-0,2043;0,0128;-0,0181;-0,9787;;False
2503,69;8.71;PA004​;20250404_101506;1;Marche2;0,1959;1,4182;6,3883;-0,2040;0,0121;-0,0166;-0,9788;;False
2503,70;8.72;PA004​;20250404_101506;1;Marche2;0,1964;1,4180;6,4044;-0,2042;0,0117;-0,0155;-0,9787;;False
2503,71;8.74;PA004​;20250404_101506;1;Marche2;0,1967;1,4172;6,4205;-0,2054;0,0116;-0,0145;-0,9785;;False
2503,73;8.75;PA004​;20250404_101506;1;Marche2;0,1972;1,4163;6,4368;-0,2067;0,0118;-0,0143;-0,9782;;False
2503,74;8.76;PA004​;20250404_101506;1;Marche2;0,1978;1,4151;6,4533;-0,2062;0,0119;-0,0146;-0,9783;;False
2503,76;8.78;PA004​;20250404_101506;1;Marche2;0,1986;1,4135;6,4698;-0,2052;0,0118;-0,0145;-0,9785;;False
2503,77;8.79;PA004​;20250404_101506;1;Marche2;0,1996;1,4114;6,4865;-0,2044;0,0114;-0,0147;-0,9787;;False
2503,78;8.81;PA004​;20250404_101506;1;Marche2;0,2010;1,4086;6,5033;-0,2032;0,0105;-0,0144;-0,9790;;False
2503,80;8.82;PA004​;20250404_101506;1;Marche2;0,2028;1,4055;6,5200;-0,2015;0,0097;-0,0140;-0,9793;;False
2503,81;8.83;PA004​;20250404_101506;1;Marche2;0,2048;1,4021;6,5367;-0,1996;0,0091;-0,0137;-0,9797;;False
2503,82;8.85;PA004​;20250404_101506;1;Marche2;0,2070;1,3987;6,5533;-0,1987;0,0083;-0,0128;-0,9799;;False
2503,84;8.86;PA004​;20250404_101506;1;Marche2;0,2097;1,3953;6,5700;-0,1982;0,0073;-0,0115;-0,9801;;False
2503,85;8.88;PA004​;20250404_101506;1;Marche2;0,2128;1,3920;6,5867;-0,1998;0,0061;-0,0094;-0,9798;;False
2503,87;8.89;PA004​;20250404_101506;1;Marche2;0,2163;1,3891;6,6037;-0,2021;0,0042;-0,0070;-0,9793;;False
2503,88;8.9;PA004​;20250404_101506;1;Marche2;0,2201;1,3865;6,6208;-0,2038;0,0020;-0,0050;-0,9790;;False
2503,89;8.92;PA004​;20250404_101506;1;Marche2;0,2243;1,3843;6,6381;-0,2049;-0,0006;-0,0031;-0,9788;;False
2503,91;8.93;PA004​;20250404_101506;1;Marche2;0,2289;1,3823;6,6552;-0,2045;-0,0029;-0,0022;-0,9788;;False
2503,92;8.95;PA004​;20250404_101506;1;Marche2;0,2336;1,3809;6,6725;-0,2048;-0,0043;-0,0022;-0,9788;;False
2503,94;8.96;PA004​;20250404_101506;1;Marche2;0,2384;1,3806;6,6906;-0,2074;-0,0047;-0,0033;-0,9782;;False
2503,95;8.97;PA004​;20250404_101506;1;Marche2;0,2431;1,3816;6,7096;-0,2083;-0,0040;-0,0036;-0,9781;;False
2503,96;8.99;PA004​;20250404_101506;1;Marche2;0,2479;1,3847;6,7310;-0,2104;-0,0035;-0,0013;-0,9776;;False
2503,98;9.0;PA004​;20250404_101506;1;Marche2;0,2531;1,3852;6,7498;-0,2004;-0,0024;0,0059;-0,9797;;False
2503,99;9.02;PA004​;20250404_101506;1;Marche2;0,2581;1,3864;6,7681;-0,2030;-0,0041;0,0136;-0,9791;;False
2504,01;9.03;PA004​;20250404_101506;1;Marche2;0,2629;1,3878;6,7858;-0,2087;-0,0063;0,0209;-0,9777;;False
2504,02;9.04;PA004​;20250404_101506;1;Marche2;0,2671;1,3897;6,8030;-0,2188;-0,0087;0,0252;-0,9754;;False
2504,03;9.06;PA004​;20250404_101506;1;Marche2;0,2706;1,3924;6,8207;-0,2260;-0,0108;0,0270;-0,9737;;False
2504,05;9.07;PA004​;20250404_101506;1;Marche2;0,2735;1,3958;6,8387;-0,2260;-0,0140;0,0279;-0,9736;;False
2504,06;9.08;PA004​;20250404_101506;1;Marche2;0,2757;1,3995;6,8568;-0,2244;-0,0158;0,0262;-0,9740;;False
2504,08;9.1;PA004​;20250404_101506;1;Marche2;0,2775;1,4028;6,8745;-0,2218;-0,0168;0,0241;-0,9747;;False
2504,09;9.11;PA004​;20250404_101506;1;Marche2;0,2791;1,4060;6,8922;-0,2205;-0,0182;0,0236;-0,9749;;False
2504,10;9.13;PA004​;20250404_101506;1;Marche2;0,2804;1,4090;6,9097;-0,2200;-0,0189;0,0235;-0,9750;;False
2504,12;9.14;PA004​;20250404_101506;1;Marche2;0,2818;1,4118;6,9271;-0,2206;-0,0183;0,0228;-0,9749;;False
2504,13;9.15;PA004​;20250404_101506;1;Marche2;0,2829;1,4140;6,9446;-0,2222;-0,0174;0,0221;-0,9746;;False
2504,14;9.17;PA004​;20250404_101506;1;Marche2;0,2840;1,4157;6,9619;-0,2242;-0,0160;0,0217;-0,9742;;False
2504,16;9.18;PA004​;20250404_101506;1;Marche2;0,2851;1,4169;6,9791;-0,2265;-0,0151;0,0219;-0,9737;;False
2504,17;9.19;PA004​;20250404_101506;1;Marche2;0,2864;1,4173;6,9962;-0,2287;-0,0151;0,0225;-0,9731;;False
2504,19;9.21;PA004​;20250404_101506;1;Marche2;0,2878;1,4176;7,0129;-0,2331;-0,0156;0,0226;-0,9721;;False
2504,20;9.22;PA004​;20250404_101506;1;Marche2;0,2891;1,4175;7,0295;-0,2379;-0,0152;0,0217;-0,9709;;False
2504,21;9.24;PA004​;20250404_101506;1;Marche2;0,2899;1,4172;7,0464;-0,2417;-0,0148;0,0202;-0,9700;;False
2504,23;9.25;PA004​;20250404_101506;1;Marche2;0,2905;1,4166;7,0634;-0,2437;-0,0147;0,0192;-0,9695;;False
2504,24;9.26;PA004​;20250404_101506;1;Marche2;0,2910;1,4158;7,0805;-0,2430;-0,0142;0,0185;-0,9697;;False
2504,26;9.28;PA004​;20250404_101506;1;Marche2;0,2913;1,4144;7,0972;-0,2417;-0,0134;0,0184;-0,9701;;False
2504,27;9.29;PA004​;20250404_101506;1;Marche2;0,2916;1,4131;7,1142;-0,2410;-0,0119;0,0183;-0,9703;;False
2504,28;9.31;PA004​;20250404_101506;1;Marche2;0,2916;1,4114;7,1308;-0,2401;-0,0096;0,0182;-0,9705;;False
2504,30;9.32;PA004​;20250404_101506;1;Marche2;0,2912;1,4092;7,1473;-0,2398;-0,0069;0,0185;-0,9706;;False
2504,31;9.33;PA004​;20250404_101506;1;Marche2;0,2906;1,4065;7,1633;-0,2388;-0,0045;0,0192;-0,9709;;False
2504,32;9.35;PA004​;20250404_101506;1;Marche2;0,2897;1,4035;7,1791;-0,2375;-0,0023;0,0204;-0,9712;;False
2504,34;9.36;PA004​;20250404_101506;1;Marche2;0,2885;1,4003;7,1945;-0,2370;-0,0008;0,0220;-0,9713;;False
2504,35;9.38;PA004​;20250404_101506;1;Marche2;0,2870;1,3969;7,2096;-0,2373;0,0003;0,0229;-0,9712;;False
2504,37;9.39;PA004​;20250404_101506;1;Marche2;0,2850;1,3941;7,2247;-0,2396;0,0011;0,0225;-0,9706;;False
2504,38;9.4;PA004​;20250404_101506;1;Marche2;0,2824;1,3915;7,2397;-0,2406;0,0020;0,0211;-0,9704;;False
2504,39;9.42;PA004​;20250404_101506;1;Marche2;0,2793;1,3889;7,2546;-0,2391;0,0031;0,0184;-0,9708;;False
2504,41;9.43;PA004​;20250404_101506;1;Marche2;0,2758;1,3868;7,2698;-0,2385;0,0043;0,0159;-0,9710;;False
2504,42;9.45;PA004​;20250404_101506;1;Marche2;0,2722;1,3847;7,2847;-0,2348;0,0050;0,0137;-0,9719;;False
2504,44;9.46;PA004​;20250404_101506;1;Marche2;0,2685;1,3832;7,3003;-0,2335;0,0050;0,0124;-0,9723;;False
2504,45;9.47;PA004​;20250404_101506;1;Marche2;0,2645;1,3830;7,3166;-0,2321;0,0042;0,0113;-0,9726;;False
2504,46;9.49;PA004​;20250404_101506;1;Marche2;0,2605;1,3847;7,3345;-0,2325;0,0036;0,0099;-0,9725;;False
2504,48;9.5;PA004​;20250404_101506;1;Marche2;0,2562;1,3851;7,3509;-0,2225;0,0040;0,0053;-0,9749;;False
2504,49;9.51;PA004​;20250404_101506;1;Marche2;0,2521;1,3857;7,3674;-0,2248;0,0062;-0,0015;-0,9744;;False
2504,51;9.53;PA004​;20250404_101506;1;Marche2;0,2484;1,3867;7,3836;-0,2287;0,0090;-0,0085;-0,9734;;False
2504,52;9.54;PA004​;20250404_101506;1;Marche2;0,2450;1,3873;7,3989;-0,2308;0,0139;-0,0172;-0,9727;;False
2504,53;9.56;PA004​;20250404_101506;1;Marche2;0,2417;1,3880;7,4140;-0,2367;0,0195;-0,0262;-0,9710;;False
2504,55;9.57;PA004​;20250404_101506;1;Marche2;0,2389;1,3892;7,4286;-0,2416;0,0242;-0,0305;-0,9696;;False
2504,56;9.58;PA004​;20250404_101506;1;Marche2;0,2365;1,3911;7,4436;-0,2441;0,0283;-0,0319;-0,9688;;False
2504,57;9.6;PA004​;20250404_101506;1;Marche2;0,2346;1,3932;7,4588;-0,2441;0,0329;-0,0327;-0,9686;;False
2504,59;9.61;PA004​;20250404_101506;1;Marche2;0,2337;1,3956;7,4737;-0,2438;0,0380;-0,0331;-0,9685;;False
2504,60;9.63;PA004​;20250404_101506;1;Marche2;0,2326;1,3981;7,4886;-0,2426;0,0437;-0,0346;-0,9685;;False
2504,62;9.64;PA004​;20250404_101506;1;Marche2;0,2313;1,4007;7,5037;-0,2409;0,0501;-0,0357;-0,9686;;False
2504,63;9.65;PA004​;20250404_101506;1;Marche2;0,2298;1,4029;7,5181;-0,2384;0,0557;-0,0364;-0,9689;;False
2504,64;9.67;PA004​;20250404_101506;1;Marche2;0,2285;1,4048;7,5325;-0,2374;0,0604;-0,0365;-0,9688;;False
2504,66;9.68;PA004​;20250404_101506;1;Marche2;0,2275;1,4067;7,5468;-0,2365;0,0655;-0,0371;-0,9687;;False
2504,67;9.69;PA004​;20250404_101506;1;Marche2;0,2265;1,4083;7,5608;-0,2350;0,0701;-0,0376;-0,9687;;False
2504,69;9.71;PA004​;20250404_101506;1;Marche2;0,2254;1,4096;7,5749;-0,2331;0,0748;-0,0384;-0,9688;;False
2504,70;9.72;PA004​;20250404_101506;1;Marche2;0,2244;1,4108;7,5890;-0,2316;0,0797;-0,0389;-0,9688;;False
2504,71;9.74;PA004​;20250404_101506;1;Marche2;0,2232;1,4117;7,6032;-0,2298;0,0842;-0,0391;-0,9688;;False
2504,73;9.75;PA004​;20250404_101506;1;Marche2;0,2222;1,4123;7,6175;-0,2281;0,0890;-0,0390;-0,9688;;False
2504,74;9.76;PA004​;20250404_101506;1;Marche2;0,2213;1,4126;7,6321;-0,2262;0,0936;-0,0394;-0,9688;;False
2504,76;9.78;PA004​;20250404_101506;1;Marche2;0,2204;1,4127;7,6470;-0,2246;0,0989;-0,0404;-0,9686;;False
2504,77;9.79;PA004​;20250404_101506;1;Marche2;0,2192;1,4124;7,6616;-0,2216;0,1047;-0,0420;-0,9686;;False
2504,78;9.81;PA004​;20250404_101506;1;Marche2;0,2180;1,4116;7,6761;-0,2187;0,1110;-0,0438;-0,9685;;False
2504,80;9.82;PA004​;20250404_101506;1;Marche2;0,2169;1,4105;7,6905;-0,2168;0,1178;-0,0460;-0,9680;;False
2504,81;9.83;PA004​;20250404_101506;1;Marche2;0,2160;1,4090;7,7048;-0,2150;0,1250;-0,0484;-0,9674;;False
2504,82;9.85;PA004​;20250404_101506;1;Marche2;0,2154;1,4069;7,7189;-0,2127;0,1329;-0,0499;-0,9668;;False
2504,84;9.86;PA004​;20250404_101506;1;Marche2;0,2145;1,4044;7,7326;-0,2114;0,1401;-0,0504;-0,9660;;False
2504,85;9.88;PA004​;20250404_101506;1;Marche2;0,2137;1,4019;7,7460;-0,2125;0,1472;-0,0509;-0,9647;;False
2504,87;9.89;PA004​;20250404_101506;1;Marche2;0,2131;1,3994;7,7594;-0,2143;0,1547;-0,0523;-0,9630;;False
2504,88;9.9;PA004​;20250404_101506;1;Marche2;0,2126;1,3969;7,7728;-0,2157;0,1624;-0,0532;-0,9614;;False
2504,89;9.92;PA004​;20250404_101506;1;Marche2;0,2123;1,3947;7,7864;-0,2167;0,1692;-0,0545;-0,9599;;False
2504,91;9.93;PA004​;20250404_101506;1;Marche2;0,2124;1,3922;7,7997;-0,2146;0,1763;-0,0551;-0,9591;;False
2504,92;9.94;PA004​;20250404_101506;1;Marche2;0,2123;1,3900;7,8129;-0,2141;0,1833;-0,0575;-0,9577;;False
2504,94;9.96;PA004​;20250404_101506;1;Marche2;0,2122;1,3879;7,8254;-0,2122;0,1909;-0,0618;-0,9564;;False
2504,95;9.97;PA004​;20250404_101506;1;Marche2;0,2118;1,3872;7,8388;-0,2162;0,2000;-0,0683;-0,9532;;False
2504,96;9.99;PA004​;20250404_101506;1;Marche2;0,2108;1,3888;7,8545;-0,2214;0,2110;-0,0776;-0,9489;;False
2504,98;10.0;PA004​;20250404_101506;1;Marche2;0,2102;1,3887;7,8688;-0,2089;0,2224;-0,0796;-0,9490;;False
2504,99;10.01;PA004​;20250404_101506;1;Marche2;0,2100;1,3890;7,8836;-0,2107;0,2283;-0,0739;-0,9476;;False
2505,01;10.03;PA004​;20250404_101506;1;Marche2;0,2097;1,3890;7,8975;-0,2139;0,2325;-0,0702;-0,9462;;False
2505,02;10.04;PA004​;20250404_101506;1;Marche2;0,2092;1,3895;7,9114;-0,2214;0,2360;-0,0688;-0,9437;;False
2505,03;10.06;PA004​;20250404_101506;1;Marche2;0,2078;1,3905;7,9251;-0,2251;0,2397;-0,0687;-0,9419;;False
2505,05;10.07;PA004​;20250404_101506;1;Marche2;0,2057;1,3919;7,9386;-0,2257;0,2435;-0,0678;-0,9408;;False
2505,06;10.08;PA004​;20250404_101506;1;Marche2;0,2032;1,3934;7,9517;-0,2247;0,2475;-0,0678;-0,9400;;False
2505,08;10.1;PA004​;20250404_101506;1;Marche2;0,2002;1,3948;7,9646;-0,2235;0,2521;-0,0678;-0,9391;;False
2505,09;10.11;PA004​;20250404_101506;1;Marche2;0,1959;1,3958;7,9766;-0,2219;0,2578;-0,0690;-0,9378;;False
2505,10;10.13;PA004​;20250404_101506;1;Marche2;0,1908;1,3970;7,9885;-0,2233;0,2650;-0,0722;-0,9352;;False
2505,12;10.14;PA004​;20250404_101506;1;Marche2;0,1852;1,3980;8,0001;-0,2232;0,2735;-0,0751;-0,9326;;False
2505,13;10.15;PA004​;20250404_101506;1;Marche2;0,1793;1,3990;8,0111;-0,2248;0,2827;-0,0781;-0,9292;;False
2505,15;10.17;PA004​;20250404_101506;1;Marche2;0,1729;1,3996;8,0215;-0,2253;0,2917;-0,0812;-0,9260;;False
2505,16;10.18;PA004​;20250404_101506;1;Marche2;0,1662;1,4001;8,0319;-0,2255;0,3011;-0,0839;-0,9227;;False
2505,17;10.2;PA004​;20250404_101506;1;Marche2;0,1590;1,4003;8,0419;-0,2246;0,3107;-0,0868;-0,9195;;False
2505,19;10.21;PA004​;20250404_101506;1;Marche2;0,1515;1,4004;8,0518;-0,2241;0,3206;-0,0895;-0,9160;;False
2505,20;10.22;PA004​;20250404_101506;1;Marche2;0,1439;1,4000;8,0610;-0,2227;0,3305;-0,0921;-0,9125;;False
2505,21;10.24;PA004​;20250404_101506;1;Marche2;0,1362;1,3992;8,0698;-0,2221;0,3403;-0,0950;-0,9087;;False
2505,23;10.25;PA004​;20250404_101506;1;Marche2;0,1285;1,3981;8,0781;-0,2226;0,3497;-0,0972;-0,9048;;False
2505,24;10.26;PA004​;20250404_101506;1;Marche2;0,1207;1,3970;8,0857;-0,2239;0,3591;-0,0997;-0,9006;;False
2505,25;10.28;PA004​;20250404_101506;1;Marche2;0,1128;1,3957;8,0929;-0,2255;0,3680;-0,1018;-0,8963;;False
2505,27;10.29;PA004​;20250404_101506;1;Marche2;0,1046;1,3946;8,0995;-0,2276;0,3763;-0,1041;-0,8920;;False
2505,28;10.31;PA004​;20250404_101506;1;Marche2;0,0964;1,3936;8,1055;-0,2284;0,3846;-0,1062;-0,8881;;False
2505,30;10.32;PA004​;20250404_101506;1;Marche2;0,0883;1,3926;8,1108;-0,2269;0,3931;-0,1080;-0,8845;;False
2505,31;10.33;PA004​;20250404_101506;1;Marche2;0,0800;1,3916;8,1154;-0,2242;0,4010;-0,1095;-0,8815;;False
2505,32;10.35;PA004​;20250404_101506;1;Marche2;0,0717;1,3905;8,1189;-0,2206;0,4084;-0,1108;-0,8788;;False
2505,34;10.36;PA004​;20250404_101506;1;Marche2;0,0634;1,3895;8,1216;-0,2179;0,4152;-0,1127;-0,8760;;False
2505,35;10.38;PA004​;20250404_101506;1;Marche2;0,0552;1,3886;8,1235;-0,2140;0,4220;-0,1152;-0,8734;;False
2505,37;10.39;PA004​;20250404_101506;1;Marche2;0,0466;1,3878;8,1246;-0,2083;0,4285;-0,1171;-0,8714;;False
2505,38;10.4;PA004​;20250404_101506;1;Marche2;0,0378;1,3869;8,1250;-0,2010;0,4353;-0,1186;-0,8695;;False
2505,39;10.42;PA004​;20250404_101506;1;Marche2;0,0293;1,3856;8,1246;-0,1939;0,4421;-0,1197;-0,8676;;False
2505,41;10.43;PA004​;20250404_101506;1;Marche2;0,0204;1,3847;8,1240;-0,1876;0,4477;-0,1210;-0,8658;;False
2505,42;10.45;PA004​;20250404_101506;1;Marche2;0,0109;1,3850;8,1236;-0,1855;0,4535;-0,1234;-0,8629;;False
2505,44;10.46;PA004​;20250404_101506;1;Marche2;-0,0015;1,3881;8,1242;-0,1899;0,4588;-0,1309;-0,8581;;False
2505,45;10.47;PA004​;20250404_101506;1;Marche2;-0,0115;1,3876;8,1215;-0,1639;0,4728;-0,1320;-0,8557;;False
2505,46;10.49;PA004​;20250404_101506;1;Marche2;-0,0217;1,3869;8,1186;-0,1544;0,4882;-0,1426;-0,8470;;False
2505,48;10.5;PA004​;20250404_101506;1;Marche2;-0,0313;1,3855;8,1152;-0,1476;0,5027;-0,1501;-0,8384;;False
2505,49;10.51;PA004​;20250404_101506;1;Marche2;-0,0404;1,3856;8,1120;-0,1450;0,5169;-0,1596;-0,8285;;False
2505,50;10.53;PA004​;20250404_101506;1;Marche2;-0,0498;1,3852;8,1091;-0,1382;0,5316;-0,1697;-0,8182;;False
2505,52;10.54;PA004​;20250404_101506;1;Marche2;-0,0585;1,3851;8,1060;-0,1309;0,5472;-0,1770;-0,8076;;False
2505,53;10.56;PA004​;20250404_101506;1;Marche2;-0,0667;1,3851;8,1024;-0,1255;0,5618;-0,1843;-0,7967;;False
2505,55;10.57;PA004​;20250404_101506;1;Marche2;-0,0743;1,3856;8,0986;-0,1231;0,5761;-0,1917;-0,7850;;False
2505,56;10.58;PA004​;20250404_101506;1;Marche2;-0,0819;1,3866;8,0947;-0,1211;0,5904;-0,1984;-0,7729;;False
2505,57;10.6;PA004​;20250404_101506;1;Marche2;-0,0887;1,3879;8,0900;-0,1155;0,6049;-0,2035;-0,7612;;False
2505,59;10.61;PA004​;20250404_101506;1;Marche2;-0,0952;1,3893;8,0848;-0,1082;0,6196;-0,2077;-0,7492;;False
2505,60;10.63;PA004​;20250404_101506;1;Marche2;-0,1012;1,3905;8,0796;-0,1005;0,6354;-0,2115;-0,7358;;False
2505,62;10.64;PA004​;20250404_101506;1;Marche2;-0,1068;1,3915;8,0740;-0,0931;0,6512;-0,2157;-0,7216;;False
2505,63;10.65;PA004​;20250404_101506;1;Marche2;-0,1119;1,3923;8,0683;-0,0866;0,6678;-0,2192;-0,7061;;False
2505,64;10.67;PA004​;20250404_101506;1;Marche2;-0,1163;1,3926;8,0621;-0,0812;0,6848;-0,2221;-0,6893;;False
2505,66;10.68;PA004​;20250404_101506;1;Marche2;-0,1203;1,3928;8,0558;-0,0782;0,7007;-0,2251;-0,6725;;False
2505,67;10.7;PA004​;20250404_101506;1;Marche2;-0,1237;1,3928;8,0500;-0,0782;0,7160;-0,2275;-0,6554;;False
2505,69;10.71;PA004​;20250404_101506;1;Marche2;-0,1269;1,3930;8,0440;-0,0777;0,7300;-0,2302;-0,6388;;False
2505,70;10.72;PA004​;20250404_101506;1;Marche2;-0,1292;1,3931;8,0393;-0,0776;0,7439;-0,2326;-0,6217;;False
2505,71;10.74;PA004​;20250404_101506;1;Marche2;-0,1314;1,3932;8,0353;-0,0792;0,7564;-0,2353;-0,6052;;False
2505,73;10.75;PA004​;20250404_101506;1;Marche2;-0,1336;1,3932;8,0308;-0,0796;0,7683;-0,2374;-0,5891;;False
2505,74;10.76;PA004​;20250404_101506;1;Marche2;-0,1361;1,3933;8,0259;-0,0791;0,7794;-0,2395;-0,5735;;False
2505,76;10.78;PA004​;20250404_101506;1;Marche2;-0,1384;1,3932;8,0216;-0,0771;0,7902;-0,2407;-0,5582;;False
2505,77;10.79;PA004​;20250404_101506;1;Marche2;-0,1405;1,3931;8,0174;-0,0757;0,8008;-0,2422;-0,5426;;False
2505,78;10.81;PA004​;20250404_101506;1;Marche2;-0,1423;1,3929;8,0148;-0,0745;0,8107;-0,2428;-0,5275;;False
2505,80;10.82;PA004​;20250404_101506;1;Marche2;-0,1438;1,3927;8,0124;-0,0732;0,8200;-0,2430;-0,5130;;False
2505,81;10.83;PA004​;20250404_101506;1;Marche2;-0,1452;1,3922;8,0098;-0,0728;0,8290;-0,2432;-0,4983;;False
2505,82;10.85;PA004​;20250404_101506;1;Marche2;-0,1464;1,3918;8,0074;-0,0727;0,8375;-0,2422;-0,4844;;False
2505,84;10.86;PA004​;20250404_101506;1;Marche2;-0,1476;1,3916;8,0050;-0,0719;0,8461;-0,2400;-0,4705;;False
2505,85;10.88;PA004​;20250404_101506;1;Marche2;-0,1481;1,3915;8,0031;-0,0705;0,8553;-0,2352;-0,4563;;False
2505,87;10.89;PA004​;20250404_101506;1;Marche2;-0,1481;1,3909;8,0014;-0,0672;0,8651;-0,2286;-0,4414;;False
2505,88;10.9;PA004​;20250404_101506;1;Marche2;-0,1479;1,3902;7,9996;-0,0633;0,8751;-0,2222;-0,4252;;False
2505,89;10.92;PA004​;20250404_101506;1;Marche2;-0,1484;1,3903;7,9970;-0,0610;0,8843;-0,2199;-0,4074;;False
2505,91;10.93;PA004​;20250404_101506;1;Marche2;-0,1510;1,3923;7,9926;-0,0595;0,8932;-0,2182;-0,3887;;False
2505,92;10.95;PA004​;20250404_101506;1;Marche2;-0,1513;1,3928;7,9898;-0,0582;0,9038;-0,2055;-0,3708;;False
2505,94;10.96;PA004​;20250404_101506;1;Marche2;-0,1516;1,3916;7,9877;-0,0624;0,9112;-0,1968;-0,3565;;False
2505,95;10.97;PA004​;20250404_101506;1;Marche2;-0,1516;1,3927;7,9855;-0,0656;0,9171;-0,1989;-0,3393;;False
2505,96;10.99;PA004​;20250404_101506;1;Marche2;-0,1518;1,3933;7,9829;-0,0663;0,9237;-0,1962;-0,3222;;False
2505,98;11.0;PA004​;20250404_101506;1;Marche2;-0,1521;1,3944;7,9797;-0,0688;0,9297;-0,1893;-0,3083;;False
2505,99;11.02;PA004​;20250404_101506;1;Marche2;-0,1519;1,3957;7,9767;-0,0703;0,9355;-0,1796;-0,2959;;False
2506,00;11.03;PA004​;20250404_101506;1;Marche2;-0,1517;1,3971;7,9737;-0,0708;0,9408;-0,1729;-0,2830;;False
2506,02;11.04;PA004​;20250404_101506;1;Marche2;-0,1509;1,3992;7,9703;-0,0706;0,9455;-0,1663;-0,2710;;False
2506,03;11.06;PA004​;20250404_101506;1;Marche2;-0,1499;1,4017;7,9665;-0,0705;0,9495;-0,1590;-0,2612;;False
2506,05;11.07;PA004​;20250404_101506;1;Marche2;-0,1492;1,4043;7,9630;-0,0697;0,9535;-0,1496;-0,2522;;False
2506,06;11.08;PA004​;20250404_101506;1;Marche2;-0,1485;1,4072;7,9595;-0,0687;0,9573;-0,1390;-0,2440;;False
2506,07;11.1;PA004​;20250404_101506;1;Marche2;-0,1476;1,4101;7,9559;-0,0678;0,9606;-0,1282;-0,2372;;False
2506,09;11.11;PA004​;20250404_101506;1;Marche2;-0,1466;1,4130;7,9519;-0,0674;0,9637;-0,1169;-0,2302;;False
2506,10;11.13;PA004​;20250404_101506;1;Marche2;-0,1451;1,4160;7,9476;-0,0659;0,9666;-0,1059;-0,2237;;False
2506,12;11.14;PA004​;20250404_101506;1;Marche2;-0,1437;1,4187;7,9431;-0,0644;0,9694;-0,0966;-0,2164;;False
2506,13;11.15;PA004​;20250404_101506;1;Marche2;-0,1422;1,4210;7,9384;-0,0638;0,9716;-0,0887;-0,2098;;False
2506,14;11.17;PA004​;20250404_101506;1;Marche2;-0,1403;1,4227;7,9334;-0,0623;0,9738;-0,0823;-0,2027;;False
2506,16;11.18;PA004​;20250404_101506;1;Marche2;-0,1386;1,4241;7,9281;-0,0622;0,9758;-0,0776;-0,1948;;False
2506,17;11.2;PA004​;20250404_101506;1;Marche2;-0,1361;1,4249;7,9218;-0,0609;0,9777;-0,0744;-0,1865;;False
2506,19;11.21;PA004​;20250404_101506;1;Marche2;-0,1337;1,4255;7,9153;-0,0600;0,9796;-0,0713;-0,1783;;False
2506,20;11.22;PA004​;20250404_101506;1;Marche2;-0,1311;1,4259;7,9082;-0,0587;0,9812;-0,0694;-0,1702;;False
2506,21;11.24;PA004​;20250404_101506;1;Marche2;-0,1287;1,4258;7,9007;-0,0577;0,9828;-0,0675;-0,1617;;False
2506,23;11.25;PA004​;20250404_101506;1;Marche2;-0,1261;1,4254;7,8929;-0,0567;0,9842;-0,0670;-0,1535;;False
2506,24;11.26;PA004​;20250404_101506;1;Marche2;-0,1233;1,4248;7,8848;-0,0559;0,9855;-0,0660;-0,1457;;False
2506,26;11.28;PA004​;20250404_101506;1;Marche2;-0,1204;1,4240;7,8760;-0,0553;0,9867;-0,0653;-0,1381;;False
2506,27;11.29;PA004​;20250404_101506;1;Marche2;-0,1174;1,4231;7,8667;-0,0543;0,9879;-0,0640;-0,1306;;False
2506,28;11.31;PA004​;20250404_101506;1;Marche2;-0,1143;1,4220;7,8570;-0,0539;0,9888;-0,0632;-0,1237;;False
2506,30;11.32;PA004​;20250404_101506;1;Marche2;-0,1111;1,4208;7,8472;-0,0540;0,9897;-0,0620;-0,1174;;False
2506,31;11.33;PA004​;20250404_101506;1;Marche2;-0,1077;1,4194;7,8371;-0,0542;0,9904;-0,0613;-0,1112;;False
2506,32;11.35;PA004​;20250404_101506;1;Marche2;-0,1041;1,4179;7,8266;-0,0542;0,9911;-0,0611;-0,1053;;False
2506,34;11.36;PA004​;20250404_101506;1;Marche2;-0,1001;1,4163;7,8158;-0,0541;0,9916;-0,0613;-0,1003;;False
2506,35;11.38;PA004​;20250404_101506;1;Marche2;-0,0957;1,4146;7,8049;-0,0535;0,9921;-0,0617;-0,0952;;False
2506,37;11.39;PA004​;20250404_101506;1;Marche2;-0,0913;1,4131;7,7939;-0,0527;0,9926;-0,0626;-0,0896;;False
2506,38;11.4;PA004​;20250404_101506;1;Marche2;-0,0865;1,4115;7,7829;-0,0517;0,9931;-0,0636;-0,0842;;False
2506,39;11.42;PA004​;20250404_101506;1;Marche2;-0,0815;1,4097;7,7720;-0,0502;0,9936;-0,0644;-0,0785;;False
2506,41;11.43;PA004​;20250404_101506;1;Marche2;-0,0764;1,4085;7,7610;-0,0496;0,9939;-0,0668;-0,0727;;False
2506,42;11.45;PA004​;20250404_101506;1;Marche2;-0,0719;1,4093;7,7487;-0,0520;0,9936;-0,0730;-0,0684;;False
2506,44;11.46;PA004​;20250404_101506;1;Marche2;-0,0673;1,4101;7,7356;-0,0527;0,9943;-0,0651;-0,0665;;False
2506,45;11.47;PA004​;20250404_101506;1;Marche2;-0,0624;1,4112;7,7235;-0,0486;0,9951;-0,0593;-0,0618;;False
2506,46;11.49;PA004​;20250404_101506;1;Marche2;-0,0581;1,4133;7,7111;-0,0493;0,9950;-0,0667;-0,0565;;False
2506,48;11.5;PA004​;20250404_101506;1;Marche2;-0,0541;1,4161;7,6991;-0,0509;0,9949;-0,0686;-0,0540;;False
2506,49;11.51;PA004​;20250404_101506;1;Marche2;-0,0506;1,4200;7,6867;-0,0497;0,9950;-0,0682;-0,0527;;False
2506,51;11.53;PA004​;20250404_101506;1;Marche2;-0,0466;1,4240;7,6742;-0,0490;0,9954;-0,0632;-0,0534;;False
2506,52;11.54;PA004​;20250404_101506;1;Marche2;-0,0429;1,4273;7,6627;-0,0483;0,9956;-0,0589;-0,0542;;False
2506,53;11.56;PA004​;20250404_101506;1;Marche2;-0,0402;1,4304;7,6517;-0,0465;0,9958;-0,0574;-0,0540;;False
2506,55;11.57;PA004​;20250404_101506;1;Marche2;-0,0378;1,4334;7,6408;-0,0450;0,9959;-0,0572;-0,0533;;False
2506,56;11.58;PA004​;20250404_101506;1;Marche2;-0,0356;1,4364;7,6301;-0,0440;0,9961;-0,0563;-0,0517;;False
2506,57;11.6;PA004​;20250404_101506;1;Marche2;-0,0335;1,4393;7,6192;-0,0435;0,9964;-0,0539;-0,0494;;False
2506,59;11.61;PA004​;20250404_101506;1;Marche2;-0,0314;1,4423;7,6083;-0,0442;0,9966;-0,0516;-0,0469;;False
2506,60;11.63;PA004​;20250404_101506;1;Marche2;-0,0294;1,4451;7,5974;-0,0448;0,9968;-0,0496;-0,0440;;False
2506,62;11.64;PA004​;20250404_101506;1;Marche2;-0,0274;1,4476;7,5867;-0,0455;0,9970;-0,0475;-0,0407;;False
2506,63;11.65;PA004​;20250404_101506;1;Marche2;-0,0251;1,4497;7,5761;-0,0463;0,9972;-0,0466;-0,0370;;False
2506,64;11.67;PA004​;20250404_101506;1;Marche2;-0,0228;1,4511;7,5657;-0,0467;0,9973;-0,0465;-0,0317;;False
2506,66;11.68;PA004​;20250404_101506;1;Marche2;-0,0200;1,4523;7,5553;-0,0459;0,9975;-0,0488;-0,0246;;False
2506,67;11.69;PA004​;20250404_101506;1;Marche2;-0,0169;1,4533;7,5449;-0,0451;0,9975;-0,0513;-0,0157;;False
2506,69;11.71;PA004​;20250404_101506;1;Marche2;-0,0135;1,4540;7,5347;-0,0446;0,9975;-0,0538;-0,0043;;False
2506,70;11.72;PA004​;20250404_101506;1;Marche2;-0,0097;1,4546;7,5250;-0,0446;0,9974;-0,0555;0,0097;;False
2506,71;11.74;PA004​;20250404_101506;1;Marche2;-0,0057;1,4552;7,5152;-0,0457;0,9970;-0,0572;0,0266;;False
2506,73;11.75;PA004​;20250404_101506;1;Marche2;-0,0012;1,4559;7,5054;-0,0471;0,9962;-0,0576;0,0453;;False
2506,74;11.76;PA004​;20250404_101506;1;Marche2;0,0037;1,4568;7,4956;-0,0490;0,9948;-0,0570;0,0683;;False
2506,76;11.78;PA004​;20250404_101506;1;Marche2;0,0086;1,4576;7,4860;-0,0518;0,9927;-0,0558;0,0935;;False
2506,77;11.79;PA004​;20250404_101506;1;Marche2;0,0133;1,4582;7,4769;-0,0545;0,9899;-0,0533;0,1198;;False
2506,78;11.81;PA004​;20250404_101506;1;Marche2;0,0180;1,4584;7,4683;-0,0573;0,9862;-0,0491;0,1474;;False
2506,80;11.82;PA004​;20250404_101506;1;Marche2;0,0225;1,4577;7,4602;-0,0610;0,9815;-0,0446;0,1761;;False
2506,81;11.83;PA004​;20250404_101506;1;Marche2;0,0268;1,4567;7,4523;-0,0655;0,9759;-0,0426;0,2037;;False
2506,82;11.85;PA004​;20250404_101506;1;Marche2;0,0306;1,4553;7,4450;-0,0705;0,9695;-0,0416;0,2309;;False
2506,84;11.86;PA004​;20250404_101506;1;Marche2;0,0340;1,4535;7,4386;-0,0759;0,9624;-0,0418;0,2573;;False
2506,85;11.88;PA004​;20250404_101506;1;Marche2;0,0368;1,4514;7,4331;-0,0806;0,9548;-0,0439;0,2829;;False
2506,87;11.89;PA004​;20250404_101506;1;Marche2;0,0391;1,4490;7,4280;-0,0842;0,9470;-0,0470;0,3065;;False
2506,88;11.9;PA004​;20250404_101506;1;Marche2;0,0409;1,4466;7,4233;-0,0867;0,9390;-0,0479;0,3294;;False
2506,89;11.92;PA004​;20250404_101506;1;Marche2;0,0425;1,4440;7,4190;-0,0881;0,9310;-0,0459;0,3513;;False
2506,91;11.93;PA004​;20250404_101506;1;Marche2;0,0438;1,4408;7,4153;-0,0875;0,9228;-0,0427;0,3727;;False
2506,92;11.94;PA004​;20250404_101506;1;Marche2;0,0448;1,4403;7,4102;-0,0808;0,9137;-0,0498;0,3950;;False
2506,94;11.96;PA004​;20250404_101506;1;Marche2;0,0457;1,4454;7,4016;-0,0714;0,9048;-0,0604;0,4155;;False
2506,95;11.97;PA004​;20250404_101506;1;Marche2;0,0453;1,4434;7,3959;-0,0882;0,9025;-0,0337;0,4202;;False
2506,96;11.99;PA004​;20250404_101506;1;Marche2;0,0447;1,4420;7,3892;-0,0966;0,9003;-0,0344;0,4231;;False
2506,98;12.0;PA004​;20250404_101506;1;Marche2;0,0437;1,4416;7,3821;-0,0920;0,8999;-0,0394;0,4244;;False
2506,99;12.01;PA004​;20250404_101506;1;Marche2;0,0431;1,4436;7,3748;-0,0832;0,9005;-0,0456;0,4244;;False
2507,01;12.03;PA004​;20250404_101506;1;Marche2;0,0438;1,4461;7,3676;-0,0864;0,9014;-0,0431;0,4222;;False
2507,02;12.04;PA004​;20250404_101506;1;Marche2;0,0442;1,4489;7,3610;-0,0905;0,9025;-0,0389;0,4192;;False
2507,03;12.06;PA004​;20250404_101506;1;Marche2;0,0450;1,4524;7,3547;-0,0902;0,9030;-0,0356;0,4185;;False
2507,05;12.07;PA004​;20250404_101506;1;Marche2;0,0467;1,4557;7,3491;-0,0875;0,9023;-0,0332;0,4207;;False
2507,06;12.08;PA004​;20250404_101506;1;Marche2;0,0492;1,4582;7,3442;-0,0847;0,9003;-0,0311;0,4258;;False
2507,07;12.1;PA004​;20250404_101506;1;Marche2;0,0517;1,4606;7,3396;-0,0821;0,8980;-0,0294;0,4312;;False
2507,09;12.11;PA004​;20250404_101506;1;Marche2;0,0542;1,4634;7,3353;-0,0778;0,8955;-0,0276;0,4374;;False
2507,10;12.13;PA004​;20250404_101506;1;Marche2;0,0567;1,4656;7,3311;-0,0747;0,8920;-0,0244;0,4451;;False
2507,12;12.14;PA004​;20250404_101506;1;Marche2;0,0592;1,4678;7,3270;-0,0726;0,8884;-0,0216;0,4527;;False
2507,13;12.15;PA004​;20250404_101506;1;Marche2;0,0621;1,4693;7,3231;-0,0724;0,8845;-0,0201;0,4605;;False
2507,14;12.17;PA004​;20250404_101506;1;Marche2;0,0650;1,4705;7,3192;-0,0732;0,8809;-0,0198;0,4672;;False
2507,16;12.18;PA004​;20250404_101506;1;Marche2;0,0674;1,4716;7,3153;-0,0741;0,8779;-0,0204;0,4727;;False
2507,17;12.19;PA004​;20250404_101506;1;Marche2;0,0694;1,4725;7,3112;-0,0747;0,8753;-0,0216;0,4773;;False
2507,19;12.21;PA004​;20250404_101506;1;Marche2;0,0711;1,4728;7,3069;-0,0752;0,8737;-0,0232;0,4800;;False
2507,20;12.22;PA004​;20250404_101506;1;Marche2;0,0728;1,4730;7,3029;-0,0755;0,8735;-0,0247;0,4803;;False
2507,21;12.24;PA004​;20250404_101506;1;Marche2;0,0747;1,4728;7,2989;-0,0744;0,8735;-0,0262;0,4804;;False
2507,23;12.25;PA004​;20250404_101506;1;Marche2;0,0766;1,4721;7,2951;-0,0735;0,8738;-0,0278;0,4798;;False
2507,24;12.26;PA004​;20250404_101506;1;Marche2;0,0784;1,4715;7,2914;-0,0721;0,8745;-0,0301;0,4787;;False
2507,26;12.28;PA004​;20250404_101506;1;Marche2;0,0801;1,4706;7,2878;-0,0709;0,8749;-0,0319;0,4780;;False
2507,27;12.29;PA004​;20250404_101506;1;Marche2;0,0820;1,4697;7,2845;-0,0688;0,8750;-0,0344;0,4780;;False
2507,28;12.31;PA004​;20250404_101506;1;Marche2;0,0841;1,4684;7,2813;-0,0673;0,8748;-0,0373;0,4784;;False
2507,30;12.32;PA004​;20250404_101506;1;Marche2;0,0864;1,4669;7,2786;-0,0658;0,8745;-0,0411;0,4788;;False
2507,31;12.33;PA004​;20250404_101506;1;Marche2;0,0889;1,4650;7,2763;-0,0647;0,8742;-0,0451;0,4792;;False
2507,32;12.35;PA004​;20250404_101506;1;Marche2;0,0914;1,4631;7,2742;-0,0642;0,8736;-0,0501;0,4797;;False
2507,34;12.36;PA004​;20250404_101506;1;Marche2;0,0939;1,4610;7,2725;-0,0632;0,8731;-0,0557;0,4803;;False
2507,35;12.38;PA004​;20250404_101506;1;Marche2;0,0964;1,4586;7,2713;-0,0614;0,8723;-0,0618;0,4811;;False
2507,37;12.39;PA004​;20250404_101506;1;Marche2;0,0992;1,4561;7,2710;-0,0586;0,8714;-0,0685;0,4823;;False
2507,38;12.4;PA004​;20250404_101506;1;Marche2;0,1021;1,4535;7,2712;-0,0550;0,8700;-0,0755;0,4841;;False
2507,39;12.42;PA004​;20250404_101506;1;Marche2;0,1050;1,4507;7,2718;-0,0506;0,8686;-0,0831;0,4858;;False
2507,41;12.43;PA004​;20250404_101506;1;Marche2;0,1078;1,4475;7,2727;-0,0459;0,8675;-0,0907;0,4870;;False
2507,42;12.44;PA004​;20250404_101506;1;Marche2;0,1107;1,4442;7,2741;-0,0401;0,8665;-0,0985;0,4877;;False
2507,44;12.46;PA004​;20250404_101506;1;Marche2;0,1136;1,4406;7,2760;-0,0329;0,8654;-0,1073;0,4883;;False
2507,45;12.47;PA004​;20250404_101506;1;Marche2;0,1167;1,4371;7,2785;-0,0261;0,8646;-0,1151;0,4885;;False
2507,46;12.49;PA004​;20250404_101506;1;Marche2;0,1201;1,4339;7,2818;-0,0201;0,8642;-0,1222;0,4877;;False
2507,48;12.5;PA004​;20250404_101506;1;Marche2;0,1236;1,4308;7,2854;-0,0135;0,8641;-0,1293;0,4863;;False
2507,49;12.51;PA004​;20250404_101506;1;Marche2;0,1263;1,4280;7,2892;-0,0076;0,8644;-0,1351;0,4843;;False
2507,51;12.53;PA004​;20250404_101506;1;Marche2;0,1290;1,4258;7,2936;-0,0024;0,8650;-0,1392;0,4821;;False
2507,52;12.54;PA004​;20250404_101506;1;Marche2;0,1316;1,4240;7,2985;0,0025;0,8657;-0,1413;0,4803;;False
2507,53;12.56;PA004​;20250404_101506;1;Marche2;0,1344;1,4226;7,3046;0,0073;0,8665;-0,1434;0,4782;;False
2507,55;12.57;PA004​;20250404_101506;1;Marche2;0,1372;1,4213;7,3112;0,0112;0,8670;-0,1457;0,4764;;False
2507,56;12.59;PA004​;20250404_101506;1;Marche2;0,1397;1,4203;7,3184;0,0154;0,8675;-0,1481;0,4746;;False
2507,57;12.6;PA004​;20250404_101506;1;Marche2;0,1421;1,4193;7,3258;0,0193;0,8677;-0,1508;0,4732;;False
2507,59;12.61;PA004​;20250404_101506;1;Marche2;0,1447;1,4185;7,3340;0,0236;0,8678;-0,1524;0,4723;;False
2507,60;12.63;PA004​;20250404_101506;1;Marche2;0,1479;1,4181;7,3427;0,0279;0,8681;-0,1528;0,4714;;False
2507,62;12.64;PA004​;20250404_101506;1;Marche2;0,1525;1,4184;7,3518;0,0314;0,8682;-0,1534;0,4710;;False
2507,63;12.65;PA004​;20250404_101506;1;Marche2;0,1572;1,4185;7,3615;0,0347;0,8677;-0,1514;0,4722;;False
2507,64;12.67;PA004​;20250404_101506;1;Marche2;0,1616;1,4183;7,3715;0,0396;0,8658;-0,1520;0,4751;;False
2507,66;12.68;PA004​;20250404_101506;1;Marche2;0,1664;1,4182;7,3820;0,0437;0,8630;-0,1529;0,4795;;False
2507,67;12.7;PA004​;20250404_101506;1;Marche2;0,1712;1,4186;7,3931;0,0485;0,8590;-0,1539;0,4860;;False
2507,69;12.71;PA004​;20250404_101506;1;Marche2;0,1765;1,4192;7,4047;0,0543;0,8541;-0,1543;0,4936;;False
2507,70;12.72;PA004​;20250404_101506;1;Marche2;0,1819;1,4203;7,4166;0,0602;0,8492;-0,1548;0,5012;;False
2507,72;12.74;PA004​;20250404_101506;1;Marche2;0,1873;1,4213;7,4288;0,0658;0,8434;-0,1546;0,5103;;False
2507,73;12.75;PA004​;20250404_101506;1;Marche2;0,1924;1,4224;7,4411;0,0716;0,8373;-0,1551;0,5194;;False
2507,74;12.77;PA004​;20250404_101506;1;Marche2;0,1975;1,4232;7,4539;0,0781;0,8298;-0,1546;0,5305;;False
2507,76;12.78;PA004​;20250404_101506;1;Marche2;0,2023;1,4238;7,4673;0,0858;0,8210;-0,1543;0,5430;;False
2507,77;12.79;PA004​;20250404_101506;1;Marche2;0,2072;1,4246;7,4810;0,0931;0,8111;-0,1542;0,5564;;False
2507,78;12.81;PA004​;20250404_101506;1;Marche2;0,2120;1,4254;7,4952;0,1008;0,8001;-0,1533;0,5711;;False
2507,80;12.82;PA004​;20250404_101506;1;Marche2;0,2165;1,4254;7,5093;0,1083;0,7881;-0,1509;0,5868;;False
2507,81;12.83;PA004​;20250404_101506;1;Marche2;0,2209;1,4249;7,5234;0,1152;0,7752;-0,1492;0,6029;;False
2507,83;12.85;PA004​;20250404_101506;1;Marche2;0,2250;1,4241;7,5374;0,1210;0,7610;-0,1477;0,6201;;False
2507,84;12.86;PA004​;20250404_101506;1;Marche2;0,2289;1,4232;7,5514;0,1276;0,7456;-0,1459;0,6376;;False
2507,85;12.88;PA004​;20250404_101506;1;Marche2;0,2324;1,4222;7,5655;0,1345;0,7285;-0,1447;0,6560;;False
2507,87;12.89;PA004​;20250404_101506;1;Marche2;0,2355;1,4207;7,5793;0,1412;0,7100;-0,1450;0,6745;;False
2507,88;12.9;PA004​;20250404_101506;1;Marche2;0,2383;1,4187;7,5928;0,1476;0,6905;-0,1454;0,6930;;False
2507,89;12.92;PA004​;20250404_101506;1;Marche2;0,2408;1,4163;7,6058;0,1549;0,6697;-0,1478;0,7111;;False
2507,91;12.93;PA004​;20250404_101506;1;Marche2;0,2425;1,4135;7,6185;0,1612;0,6482;-0,1513;0,7287;;False
2507,92;12.95;PA004​;20250404_101506;1;Marche2;0,2437;1,4107;7,6308;0,1688;0,6256;-0,1559;0,7455;;False
2507,94;12.96;PA004​;20250404_101506;1;Marche2;0,2442;1,4081;7,6425;0,1771;0,6018;-0,1603;0,7621;;False
2507,95;12.97;PA004​;20250404_101506;1;Marche2;0,2442;1,4055;7,6537;0,1851;0,5778;-0,1652;0,7775;;False
2507,96;12.99;PA004​;20250404_101506;1;Marche2;0,2440;1,4026;7,6641;0,1929;0,5528;-0,1702;0,7926;;False
2507,98;13.0;PA004​;20250404_101506;1;Marche2;0,2434;1,3995;7,6739;0,2004;0,5276;-0,1750;0,8068;;False
2507,99;13.01;PA004​;20250404_101506;1;Marche2;0,2425;1,3964;7,6831;0,2080;0,5017;-0,1791;0,8204;;False
2508,01;13.03;PA004​;20250404_101506;1;Marche2;0,2414;1,3932;7,6917;0,2140;0,4757;-0,1822;0,8335;;False
2508,02;13.04;PA004​;20250404_101506;1;Marche2;0,2400;1,3900;7,6998;0,2191;0,4499;-0,1845;0,8459;;False
2508,03;13.06;PA004​;20250404_101506;1;Marche2;0,2383;1,3866;7,7071;0,2245;0,4239;-0,1867;0,8573;;False
2508,05;13.07;PA004​;20250404_101506;1;Marche2;0,2374;1,3840;7,7139;0,2338;0,3971;-0,1912;0,8666;;False
2508,06;13.09;PA004​;20250404_101506;1;Marche2;0,2351;1,3804;7,7197;0,2336;0,3749;-0,1928;0,8762;;False
2508,07;13.1;PA004​;20250404_101506;1;Marche2;0,2341;1,3776;7,7254;0,2427;0,3521;-0,1987;0,8818;;False
2508,09;13.11;PA004​;20250404_101506;1;Marche2;0,2330;1,3756;7,7307;0,2490;0,3326;-0,2020;0,8869;;False
2508,10;13.13;PA004​;20250404_101506;1;Marche2;0,2318;1,3738;7,7360;0,2522;0,3173;-0,2067;0,8905;;False
2508,12;13.14;PA004​;20250404_101506;1;Marche2;0,2307;1,3724;7,7413;0,2547;0,3067;-0,2094;0,8929;;False
2508,13;13.15;PA004​;20250404_101506;1;Marche2;0,2296;1,3714;7,7467;0,2581;0,2960;-0,2087;0,8957;;False
2508,14;13.17;PA004​;20250404_101506;1;Marche2;0,2285;1,3710;7,7526;0,2621;0,2868;-0,2051;0,8983;;False
2508,16;13.18;PA004​;20250404_101506;1;Marche2;0,2271;1,3707;7,7590;0,2657;0,2781;-0,2007;0,9010;;False
2508,17;13.19;PA004​;20250404_101506;1;Marche2;0,2252;1,3706;7,7657;0,2686;0,2703;-0,1959;0,9036;;False
2508,19;13.21;PA004​;20250404_101506;1;Marche2;0,2229;1,3705;7,7730;0,2710;0,2629;-0,1913;0,9060;;False
2508,20;13.22;PA004​;20250404_101506;1;Marche2;0,2203;1,3707;7,7809;0,2738;0,2548;-0,1867;0,9084;;False
2508,21;13.24;PA004​;20250404_101506;1;Marche2;0,2174;1,3711;7,7895;0,2767;0,2456;-0,1819;0,9111;;False
2508,23;13.25;PA004​;20250404_101506;1;Marche2;0,2139;1,3713;7,7985;0,2791;0,2358;-0,1763;0,9140;;False
2508,24;13.27;PA004​;20250404_101506;1;Marche2;0,2097;1,3713;7,8077;0,2813;0,2247;-0,1703;0,9173;;False
2508,26;13.28;PA004​;20250404_101506;1;Marche2;0,2051;1,3713;7,8173;0,2841;0,2129;-0,1640;0,9204;;False
2508,27;13.29;PA004​;20250404_101506;1;Marche2;0,1999;1,3711;7,8271;0,2870;0,2007;-0,1577;0,9233;;False
2508,28;13.31;PA004​;20250404_101506;1;Marche2;0,1942;1,3707;7,8369;0,2903;0,1880;-0,1521;0,9259;;False
2508,30;13.32;PA004​;20250404_101506;1;Marche2;0,1883;1,3704;7,8467;0,2937;0,1753;-0,1457;0,9283;;False
2508,31;13.33;PA004​;20250404_101506;1;Marche2;0,1823;1,3701;7,8567;0,2967;0,1637;-0,1385;0,9306;;False
2508,33;13.35;PA004​;20250404_101506;1;Marche2;0,1760;1,3698;7,8668;0,2991;0,1524;-0,1311;0,9328;;False
2508,34;13.36;PA004​;20250404_101506;1;Marche2;0,1696;1,3694;7,8768;0,3010;0,1414;-0,1236;0,9349;;False
2508,35;13.38;PA004​;20250404_101506;1;Marche2;0,1633;1,3690;7,8869;0,3027;0,1314;-0,1159;0,9369;;False
2508,37;13.39;PA004​;20250404_101506;1;Marche2;0,1573;1,3684;7,8970;0,3039;0,1215;-0,1086;0,9387;;False
2508,38;13.4;PA004​;20250404_101506;1;Marche2;0,1514;1,3676;7,9071;0,3044;0,1121;-0,1007;0,9406;;False
2508,39;13.42;PA004​;20250404_101506;1;Marche2;0,1457;1,3667;7,9170;0,3042;0,1037;-0,0941;0,9423;;False
2508,41;13.43;PA004​;20250404_101506;1;Marche2;0,1401;1,3656;7,9269;0,3037;0,0962;-0,0873;0,9439;;False
2508,42;13.45;PA004​;20250404_101506;1;Marche2;0,1347;1,3644;7,9367;0,3033;0,0892;-0,0812;0,9452;;False
2508,44;13.46;PA004​;20250404_101506;1;Marche2;0,1292;1,3629;7,9461;0,3025;0,0829;-0,0747;0,9466;;False
2508,45;13.47;PA004​;20250404_101506;1;Marche2;0,1239;1,3615;7,9555;0,3033;0,0769;-0,0695;0,9472;;False
2508,46;13.49;PA004​;20250404_101506;1;Marche2;0,1193;1,3610;7,9662;0,3083;0,0717;-0,0668;0,9462;;False
2508,48;13.5;PA004​;20250404_101506;1;Marche2;0,1146;1,3602;7,9769;0,3062;0,0667;-0,0619;0,9476;;False
2508,49;13.51;PA004​;20250404_101506;1;Marche2;0,1095;1,3588;7,9867;0,3050;0,0604;-0,0564;0,9487;;False
2508,51;13.53;PA004​;20250404_101506;1;Marche2;0,1046;1,3572;7,9961;0,3091;0,0552;-0,0543;0,9479;;False
2508,52;13.54;PA004​;20250404_101506;1;Marche2;0,1002;1,3565;8,0054;0,3137;0,0517;-0,0538;0,9466;;False
2508,53;13.56;PA004​;20250404_101506;1;Marche2;0,0962;1,3559;8,0150;0,3176;0,0479;-0,0517;0,9456;;False
2508,55;13.57;PA004​;20250404_101506;1;Marche2;0,0926;1,3558;8,0245;0,3206;0,0440;-0,0495;0,9449;;False
2508,56;13.58;PA004​;20250404_101506;1;Marche2;0,0892;1,3558;8,0342;0,3206;0,0414;-0,0476;0,9451;;False
2508,57;13.6;PA004​;20250404_101506;1;Marche2;0,0860;1,3559;8,0440;0,3189;0,0404;-0,0465;0,9458;;False
2508,59;13.61;PA004​;20250404_101506;1;Marche2;0,0831;1,3560;8,0536;0,3171;0,0405;-0,0456;0,9464;;False
2508,60;13.63;PA004​;20250404_101506;1;Marche2;0,0805;1,3556;8,0630;0,3159;0,0408;-0,0439;0,9469;;False
2508,62;13.64;PA004​;20250404_101506;1;Marche2;0,0780;1,3551;8,0724;0,3171;0,0417;-0,0413;0,9466;;False
2508,63;13.66;PA004​;20250404_101506;1;Marche2;0,0758;1,3547;8,0821;0,3193;0,0432;-0,0381;0,9459;;False
2508,64;13.67;PA004​;20250404_101506;1;Marche2;0,0736;1,3542;8,0917;0,3210;0,0447;-0,0347;0,9454;;False
2508,66;13.68;PA004​;20250404_101506;1;Marche2;0,0721;1,3541;8,1014;0,3233;0,0459;-0,0313;0,9447;;False
2508,67;13.7;PA004​;20250404_101506;1;Marche2;0,0707;1,3542;8,1114;0,3262;0,0470;-0,0279;0,9437;;False
2508,69;13.71;PA004​;20250404_101506;1;Marche2;0,0693;1,3544;8,1213;0,3280;0,0482;-0,0250;0,9431;;False
2508,70;13.72;PA004​;20250404_101506;1;Marche2;0,0680;1,3546;8,1314;0,3293;0,0490;-0,0231;0,9427;;False
2508,71;13.74;PA004​;20250404_101506;1;Marche2;0,0669;1,3548;8,1413;0,3303;0,0494;-0,0213;0,9424;;False
2508,73;13.75;PA004​;20250404_101506;1;Marche2;0,0663;1,3551;8,1514;0,3311;0,0502;-0,0203;0,9420;;False
2508,74;13.77;PA004​;20250404_101506;1;Marche2;0,0665;1,3555;8,1618;0,3313;0,0509;-0,0204;0,9419;;False
2508,76;13.78;PA004​;20250404_101506;1;Marche2;0,0666;1,3558;8,1723;0,3312;0,0516;-0,0205;0,9419;;False
2508,77;13.79;PA004​;20250404_101506;1;Marche2;0,0668;1,3560;8,1830;0,3303;0,0525;-0,0211;0,9422;;False
2508,78;13.81;PA004​;20250404_101506;1;Marche2;0,0673;1,3560;8,1938;0,3285;0,0534;-0,0216;0,9428;;False
2508,80;13.82;PA004​;20250404_101506;1;Marche2;0,0682;1,3559;8,2049;0,3264;0,0541;-0,0221;0,9434;;False
2508,81;13.83;PA004​;20250404_101506;1;Marche2;0,0700;1,3557;8,2164;0,3239;0,0546;-0,0225;0,9442;;False
2508,82;13.85;PA004​;20250404_101506;1;Marche2;0,0722;1,3554;8,2281;0,3213;0,0548;-0,0228;0,9451;;False
2508,84;13.86;PA004​;20250404_101506;1;Marche2;0,0744;1,3550;8,2399;0,3181;0,0549;-0,0231;0,9462;;False
2508,85;13.88;PA004​;20250404_101506;1;Marche2;0,0768;1,3544;8,2515;0,3146;0,0542;-0,0237;0,9474;;False
2508,87;13.89;PA004​;20250404_101506;1;Marche2;0,0795;1,3536;8,2630;0,3113;0,0531;-0,0244;0,9485;;False
2508,88;13.9;PA004​;20250404_101506;1;Marche2;0,0827;1,3527;8,2742;0,3085;0,0517;-0,0253;0,9495;;False
2508,89;13.92;PA004​;20250404_101506;1;Marche2;0,0872;1,3515;8,2851;0,3070;0,0500;-0,0276;0,9500;;False
