Timestamp;ElapsedTime;ID_Subject;ID_Session;sessionNumber;ID_Test;HeadPosition_X;HeadPosition_Y;HeadPosition_Z;HeadRotation_X;HeadRotation_Y;HeadRotation_Z;HeadRotation_W;Events;FalseStart
1037,53;0.0;pa030​;20250612_123326;1;TUG1;-0,0188;1,0999;0,3057;0,1578;0,0466;0,0200;0,9862;;True
1037,55;0.0;pa030​;20250612_123326;1;TUG1;-0,0184;1,0945;0,3060;0,1603;0,0453;0,0200;0,9858;;True
1037,56;0.0;pa030​;20250612_123326;1;TUG1;-0,0181;1,0895;0,3064;0,1619;0,0438;0,0196;0,9856;;True
1037,57;0.0;pa030​;20250612_123326;1;TUG1;-0,0178;1,0848;0,3066;0,1629;0,0425;0,0186;0,9856;;True
1037,59;0.0;pa030​;20250612_123326;1;TUG1;-0,0174;1,0803;0,3066;0,1636;0,0411;0,0171;0,9855;;True
1037,60;0.0;pa030​;20250612_123326;1;TUG1;-0,0170;1,0760;0,3065;0,1649;0,0403;0,0160;0,9854;;True
1037,61;0.0;pa030​;20250612_123326;1;TUG1;-0,0166;1,0719;0,3063;0,1662;0,0395;0,0150;0,9852;;True
1037,63;0.0;pa030​;20250612_123326;1;TUG1;-0,0163;1,0681;0,3061;0,1673;0,0391;0,0144;0,9850;;True
1037,64;0.0;pa030​;20250612_123326;1;TUG1;-0,0160;1,0646;0,3057;0,1682;0,0387;0,0139;0,9849;;True
1037,66;0.0;pa030​;20250612_123326;1;TUG1;-0,0156;1,0613;0,3053;0,1687;0,0385;0,0138;0,9848;;True
1037,67;0.0;pa030​;20250612_123326;1;TUG1;-0,0153;1,0582;0,3048;0,1695;0,0385;0,0135;0,9847;;True
1037,68;0.0;pa030​;20250612_123326;1;TUG1;-0,0149;1,0554;0,3042;0,1704;0,0387;0,0134;0,9845;;True
1037,70;0.0;pa030​;20250612_123326;1;TUG1;-0,0146;1,0527;0,3036;0,1711;0,0389;0,0132;0,9844;;True
1037,71;0.0;pa030​;20250612_123326;1;TUG1;-0,0144;1,0503;0,3029;0,1716;0,0390;0,0126;0,9843;;True
1037,73;0.0;pa030​;20250612_123326;1;TUG1;-0,0143;1,0480;0,3021;0,1718;0,0388;0,0121;0,9843;;True
1037,74;0.0;pa030​;20250612_123326;1;TUG1;-0,0142;1,0460;0,3013;0,1718;0,0378;0,0117;0,9843;;True
1037,75;0.0;pa030​;20250612_123326;1;TUG1;-0,0141;1,0440;0,3004;0,1719;0,0370;0,0106;0,9844;;True
1037,77;0.0;pa030​;20250612_123326;1;TUG1;-0,0141;1,0422;0,2995;0,1722;0,0363;0,0094;0,9844;;True
1037,78;0.0;pa030​;20250612_123326;1;TUG1;-0,0140;1,0406;0,2985;0,1731;0,0359;0,0087;0,9842;;True
1037,80;0.0;pa030​;20250612_123326;1;TUG1;-0,0139;1,0391;0,2974;0,1737;0,0357;0,0083;0,9841;;True
1037,81;0.0;pa030​;20250612_123326;1;TUG1;-0,0138;1,0378;0,2962;0,1737;0,0359;0,0081;0,9841;;True
1037,82;0.0;pa030​;20250612_123326;1;TUG1;-0,0138;1,0365;0,2951;0,1730;0,0362;0,0083;0,9842;;True
1037,84;0.0;pa030​;20250612_123326;1;TUG1;-0,0137;1,0354;0,2939;0,1727;0,0359;0,0086;0,9843;;True
1037,85;0.0;pa030​;20250612_123326;1;TUG1;-0,0135;1,0339;0,2923;0,1718;0,0352;0,0082;0,9845;;True
1037,87;0.0;pa030​;20250612_123326;1;TUG1;-0,0131;1,0323;0,2904;0,1709;0,0345;0,0073;0,9847;;True
1037,89;0.0;pa030​;20250612_123326;1;TUG1;-0,0128;1,0295;0,2868;0,1699;0,0353;0,0048;0,9848;;True
1037,91;0.0;pa030​;20250612_123326;1;TUG1;-0,0127;1,0282;0,2847;0,1700;0,0359;0,0042;0,9848;;True
1037,92;0.0;pa030​;20250612_123326;1;TUG1;-0,0128;1,0269;0,2825;0,1695;0,0366;0,0044;0,9848;;True
1037,93;0.0;pa030​;20250612_123326;1;TUG1;-0,0128;1,0256;0,2801;0,1683;0,0373;0,0049;0,9850;;True
1037,95;0.0;pa030​;20250612_123326;1;TUG1;-0,0129;1,0245;0,2777;0,1669;0,0388;0,0053;0,9852;;True
1037,96;0.0;pa030​;20250612_123326;1;TUG1;-0,0130;1,0232;0,2750;0,1649;0,0398;0,0063;0,9855;;True
1037,98;0.0;pa030​;20250612_123326;1;TUG1;-0,0131;1,0218;0,2722;0,1625;0,0407;0,0075;0,9858;;True
1037,99;0.0;pa030​;20250612_123326;1;TUG1;-0,0133;1,0204;0,2694;0,1601;0,0416;0,0082;0,9862;;True
1038,00;0.0;pa030​;20250612_123326;1;TUG1;-0,0136;1,0191;0,2663;0,1578;0,0427;0,0083;0,9865;;True
1038,02;0.0;pa030​;20250612_123326;1;TUG1;-0,0140;1,0177;0,2631;0,1558;0,0436;0,0088;0,9868;;True
1038,03;0.0;pa030​;20250612_123326;1;TUG1;-0,0144;1,0163;0,2597;0,1546;0,0440;0,0090;0,9870;;True
1038,05;0.0;pa030​;20250612_123326;1;TUG1;-0,0149;1,0149;0,2560;0,1536;0,0441;0,0095;0,9871;;True
1038,06;0.0;pa030​;20250612_123326;1;TUG1;-0,0154;1,0136;0,2523;0,1529;0,0441;0,0102;0,9872;;True
1038,07;0.0;pa030​;20250612_123326;1;TUG1;-0,0160;1,0125;0,2484;0,1516;0,0441;0,0110;0,9874;;True
1038,09;0.0;pa030​;20250612_123326;1;TUG1;-0,0164;1,0113;0,2442;0,1497;0,0440;0,0121;0,9877;;True
1038,10;0.0;pa030​;20250612_123326;1;TUG1;-0,0164;1,0102;0,2395;0,1477;0,0437;0,0132;0,9880;;True
1038,12;0.0;pa030​;20250612_123326;1;TUG1;-0,0165;1,0093;0,2346;0,1466;0,0437;0,0140;0,9881;;True
1038,13;0.0;pa030​;20250612_123326;1;TUG1;-0,0169;1,0086;0,2299;0,1453;0,0440;0,0149;0,9883;;True
1038,14;0.0;pa030​;20250612_123326;1;TUG1;-0,0172;1,0082;0,2249;0,1445;0,0444;0,0151;0,9884;;True
1038,16;0.0;pa030​;20250612_123326;1;TUG1;-0,0175;1,0081;0,2195;0,1431;0,0447;0,0156;0,9886;;True
1038,17;0.0;pa030​;20250612_123326;1;TUG1;-0,0177;1,0084;0,2139;0,1412;0,0451;0,0157;0,9888;;True
1038,18;0.0;pa030​;20250612_123326;1;TUG1;-0,0179;1,0089;0,2079;0,1383;0,0458;0,0157;0,9892;;True
1038,20;0.0;pa030​;20250612_123326;1;TUG1;-0,0181;1,0099;0,2016;0,1349;0,0458;0,0160;0,9897;;True
1038,21;0.0;pa030​;20250612_123326;1;TUG1;-0,0186;1,0114;0,1950;0,1306;0,0460;0,0161;0,9902;;True
1038,23;0.0;pa030​;20250612_123326;1;TUG1;-0,0191;1,0132;0,1881;0,1256;0,0456;0,0161;0,9909;;True
1038,24;0.0;pa030​;20250612_123326;1;TUG1;-0,0196;1,0153;0,1807;0,1196;0,0455;0,0160;0,9916;;True
1038,25;0.0;pa030​;20250612_123326;1;TUG1;-0,0201;1,0177;0,1731;0,1145;0,0456;0,0160;0,9923;;True
1038,27;0.0;pa030​;20250612_123326;1;TUG1;-0,0207;1,0202;0,1652;0,1082;0,0453;0,0166;0,9930;;True
1038,28;0.0;pa030​;20250612_123326;1;TUG1;-0,0214;1,0231;0,1572;0,1018;0,0448;0,0174;0,9936;;True
1038,30;0.0;pa030​;20250612_123326;1;TUG1;-0,0221;1,0260;0,1490;0,0951;0,0438;0,0186;0,9943;;True
1038,31;0.0;pa030​;20250612_123326;1;TUG1;-0,0228;1,0291;0,1405;0,0883;0,0436;0,0194;0,9950;;True
1038,32;0.0;pa030​;20250612_123326;1;TUG1;-0,0235;1,0320;0,1316;0,0807;0,0429;0,0200;0,9956;;True
1038,34;0.0;pa030​;20250612_123326;1;TUG1;-0,0243;1,0349;0,1223;0,0733;0,0426;0,0204;0,9962;;True
1038,35;0.0;pa030​;20250612_123326;1;TUG1;-0,0251;1,0378;0,1127;0,0662;0,0419;0,0213;0,9967;;True
1038,37;0.0;pa030​;20250612_123326;1;TUG1;-0,0259;1,0409;0,1026;0,0593;0,0415;0,0213;0,9972;;True
1038,38;0.0;pa030​;20250612_123326;1;TUG1;-0,0266;1,0442;0,0924;0,0518;0,0408;0,0213;0,9976;;True
1038,39;0.0;pa030​;20250612_123326;1;TUG1;-0,0272;1,0481;0,0823;0,0448;0,0396;0,0210;0,9980;;True
1038,41;0.0;pa030​;20250612_123326;1;TUG1;-0,0279;1,0525;0,0725;0,0382;0,0385;0,0207;0,9983;;True
1038,42;0.0;pa030​;20250612_123326;1;TUG1;-0,0287;1,0577;0,0629;0,0321;0,0373;0,0202;0,9986;;True
1038,43;0.0;pa030​;20250612_123326;1;TUG1;-0,0293;1,0635;0,0535;0,0251;0,0348;0,0203;0,9989;;True
1038,45;0.0;pa030​;20250612_123326;1;TUG1;-0,0300;1,0698;0,0439;0,0173;0,0327;0,0193;0,9991;;True
1038,46;0.0;pa030​;20250612_123326;1;TUG1;-0,0305;1,0761;0,0343;0,0077;0,0293;0,0163;0,9994;;True
1038,48;0.0;pa030​;20250612_123326;1;TUG1;-0,0311;1,0823;0,0246;-0,0037;0,0261;0,0134;0,9996;;True
1038,49;0.0;pa030​;20250612_123326;1;TUG1;-0,0316;1,0881;0,0149;-0,0153;0,0233;0,0108;0,9996;;True
1038,50;0.0;pa030​;20250612_123326;1;TUG1;-0,0318;1,0934;0,0053;-0,0259;0,0209;0,0094;0,9994;;True
1038,52;0.0;pa030​;20250612_123326;1;TUG1;-0,0320;1,0982;-0,0043;-0,0353;0,0191;0,0093;0,9992;;True
1038,53;0.0;pa030​;20250612_123326;1;TUG1;-0,0320;1,1022;-0,0137;-0,0442;0,0174;0,0088;0,9988;;True
1038,55;0.0;pa030​;20250612_123326;1;TUG1;-0,0319;1,1062;-0,0230;-0,0497;0,0170;0,0092;0,9986;;True
1038,56;0.0;pa030​;20250612_123326;1;TUG1;-0,0316;1,1096;-0,0320;-0,0546;0,0165;0,0094;0,9983;;True
1038,57;0.0;pa030​;20250612_123326;1;TUG1;-0,0311;1,1127;-0,0407;-0,0595;0,0162;0,0088;0,9981;;True
1038,59;0.0;pa030​;20250612_123326;1;TUG1;-0,0306;1,1155;-0,0492;-0,0643;0,0155;0,0080;0,9978;;True
1038,60;0.0;pa030​;20250612_123326;1;TUG1;-0,0303;1,1184;-0,0574;-0,0685;0,0140;0,0071;0,9975;;True
1038,61;0.0;pa030​;20250612_123326;1;TUG1;-0,0299;1,1209;-0,0654;-0,0727;0,0118;0,0064;0,9973;;True
1038,63;0.0;pa030​;20250612_123326;1;TUG1;-0,0295;1,1231;-0,0733;-0,0755;0,0097;0,0058;0,9971;;True
1038,64;0.0;pa030​;20250612_123326;1;TUG1;-0,0289;1,1249;-0,0809;-0,0772;0,0071;0,0052;0,9970;;True
1038,66;0.0;pa030​;20250612_123326;1;TUG1;-0,0282;1,1264;-0,0883;-0,0781;0,0047;0,0052;0,9969;;True
1038,67;0.0;pa030​;20250612_123326;1;TUG1;-0,0275;1,1279;-0,0955;-0,0789;0,0028;0,0051;0,9969;;True
1038,68;0.0;pa030​;20250612_123326;1;TUG1;-0,0268;1,1292;-0,1027;-0,0797;0,0011;0,0048;0,9968;;True
1038,70;0.0;pa030​;20250612_123326;1;TUG1;-0,0261;1,1303;-0,1097;-0,0799;-0,0002;0,0048;0,9968;;True
1038,71;0.0;pa030​;20250612_123326;1;TUG1;-0,0253;1,1309;-0,1167;-0,0790;-0,0015;0,0053;0,9969;;True
1038,73;0.0;pa030​;20250612_123326;1;TUG1;-0,0246;1,1313;-0,1234;-0,0774;-0,0027;0,0058;0,9970;;True
1038,74;0.0;pa030​;20250612_123326;1;TUG1;-0,0237;1,1314;-0,1299;-0,0754;-0,0041;0,0066;0,9971;;True
1038,75;0.0;pa030​;20250612_123326;1;TUG1;-0,0228;1,1315;-0,1362;-0,0744;-0,0056;0,0074;0,9972;;True
1038,77;0.0;pa030​;20250612_123326;1;TUG1;-0,0221;1,1320;-0,1423;-0,0749;-0,0071;0,0082;0,9971;;True
1038,78;0.0;pa030​;20250612_123326;1;TUG1;-0,0215;1,1326;-0,1482;-0,0776;-0,0090;0,0094;0,9969;;True
1038,79;0.0;pa030​;20250612_123326;1;TUG1;-0,0209;1,1334;-0,1540;-0,0818;-0,0109;0,0103;0,9965;;True
1038,81;0.0;pa030​;20250612_123326;1;TUG1;-0,0203;1,1342;-0,1596;-0,0877;-0,0131;0,0111;0,9960;;True
1038,82;0.0;pa030​;20250612_123326;1;TUG1;-0,0197;1,1353;-0,1650;-0,0952;-0,0154;0,0119;0,9953;;True
1038,84;0.0;pa030​;20250612_123326;1;TUG1;-0,0191;1,1363;-0,1704;-0,1029;-0,0174;0,0121;0,9945;;True
1038,85;0.0;pa030​;20250612_123326;1;TUG1;-0,0187;1,1373;-0,1758;-0,1099;-0,0189;0,0123;0,9937;;True
1038,87;0.0;pa030​;20250612_123326;1;TUG1;-0,0182;1,1378;-0,1809;-0,1160;-0,0206;0,0122;0,9930;;True
1038,88;0.0;pa030​;20250612_123326;1;TUG1;-0,0176;1,1383;-0,1856;-0,1209;-0,0224;0,0122;0,9923;;True
1038,89;0.0;pa030​;20250612_123326;1;TUG1;-0,0170;1,1385;-0,1899;-0,1248;-0,0236;0,0118;0,9918;;True
1038,91;0.0;pa030​;20250612_123326;1;TUG1;-0,0164;1,1387;-0,1939;-0,1276;-0,0251;0,0115;0,9914;;True
1038,92;0.0;pa030​;20250612_123326;1;TUG1;-0,0160;1,1387;-0,1978;-0,1299;-0,0264;0,0115;0,9911;;True
1038,93;0.0;pa030​;20250612_123326;1;TUG1;-0,0155;1,1387;-0,2015;-0,1312;-0,0282;0,0116;0,9909;;True
1038,95;0.0;pa030​;20250612_123326;1;TUG1;-0,0151;1,1385;-0,2050;-0,1329;-0,0299;0,0115;0,9906;;True
1038,96;0.0;pa030​;20250612_123326;1;TUG1;-0,0148;1,1382;-0,2083;-0,1336;-0,0317;0,0116;0,9905;;True
1038,98;0.0;pa030​;20250612_123326;1;TUG1;-0,0144;1,1379;-0,2115;-0,1340;-0,0332;0,0116;0,9904;;True
1038,99;0.0;pa030​;20250612_123326;1;TUG1;-0,0140;1,1377;-0,2144;-0,1345;-0,0345;0,0119;0,9902;;True
1039,00;0.0;pa030​;20250612_123326;1;TUG1;-0,0136;1,1377;-0,2174;-0,1352;-0,0354;0,0124;0,9901;;True
1039,02;0.0;pa030​;20250612_123326;1;TUG1;-0,0132;1,1377;-0,2201;-0,1365;-0,0363;0,0122;0,9899;;True
1039,03;0.0;pa030​;20250612_123326;1;TUG1;-0,0128;1,1378;-0,2228;-0,1383;-0,0372;0,0119;0,9896;;True
1039,05;0.0;pa030​;20250612_123326;1;TUG1;-0,0125;1,1379;-0,2252;-0,1406;-0,0383;0,0116;0,9893;;True
1039,06;0.0;pa030​;20250612_123326;1;TUG1;-0,0122;1,1379;-0,2274;-0,1424;-0,0397;0,0112;0,9889;;True
1039,07;0.0;pa030​;20250612_123326;1;TUG1;-0,0119;1,1378;-0,2295;-0,1442;-0,0414;0,0108;0,9886;;True
1039,09;0.0;pa030​;20250612_123326;1;TUG1;-0,0118;1,1377;-0,2316;-0,1454;-0,0432;0,0104;0,9884;;True
1039,10;0.0;pa030​;20250612_123326;1;TUG1;-0,0118;1,1377;-0,2338;-0,1465;-0,0457;0,0105;0,9881;;True
1039,11;0.0;pa030​;20250612_123326;1;TUG1;-0,0119;1,1380;-0,2359;-0,1489;-0,0484;0,0105;0,9876;;True
1039,13;0.0;pa030​;20250612_123326;1;TUG1;-0,0120;1,1386;-0,2379;-0,1523;-0,0510;0,0103;0,9870;;True
1039,14;0.0;pa030​;20250612_123326;1;TUG1;-0,0120;1,1392;-0,2397;-0,1566;-0,0539;0,0102;0,9861;;True
1039,16;0.0;pa030​;20250612_123326;1;TUG1;-0,0120;1,1397;-0,2414;-0,1606;-0,0559;0,0097;0,9854;;True
1039,17;0.0;pa030​;20250612_123326;1;TUG1;-0,0121;1,1402;-0,2431;-0,1642;-0,0579;0,0093;0,9847;;True
1039,18;0.0;pa030​;20250612_123326;1;TUG1;-0,0121;1,1407;-0,2447;-0,1678;-0,0591;0,0090;0,9840;;True
1039,20;0.0;pa030​;20250612_123326;1;TUG1;-0,0121;1,1412;-0,2461;-0,1709;-0,0602;0,0090;0,9834;;True
1039,21;0.0;pa030​;20250612_123326;1;TUG1;-0,0121;1,1417;-0,2472;-0,1738;-0,0612;0,0089;0,9828;;True
1039,23;0.0;pa030​;20250612_123326;1;TUG1;-0,0121;1,1420;-0,2482;-0,1761;-0,0622;0,0091;0,9824;;True
1039,24;0.0;pa030​;20250612_123326;1;TUG1;-0,0122;1,1422;-0,2493;-0,1778;-0,0626;0,0097;0,9820;;True
1039,25;0.0;pa030​;20250612_123326;1;TUG1;-0,0120;1,1423;-0,2504;-0,1797;-0,0634;0,0097;0,9816;;True
1039,27;0.0;pa030​;20250612_123326;1;TUG1;-0,0118;1,1424;-0,2514;-0,1811;-0,0636;0,0095;0,9814;;True
1039,28;0.0;pa030​;20250612_123326;1;TUG1;-0,0115;1,1423;-0,2521;-0,1821;-0,0634;0,0088;0,9812;;True
1039,29;0.0;pa030​;20250612_123326;1;TUG1;-0,0111;1,1421;-0,2527;-0,1825;-0,0622;0,0080;0,9812;;True
1039,31;0.0;pa030​;20250612_123326;1;TUG1;-0,0105;1,1419;-0,2532;-0,1823;-0,0610;0,0067;0,9813;;True
1039,32;0.0;pa030​;20250612_123326;1;TUG1;-0,0099;1,1416;-0,2535;-0,1816;-0,0589;0,0055;0,9816;;True
1039,34;0.0;pa030​;20250612_123326;1;TUG1;-0,0093;1,1412;-0,2538;-0,1810;-0,0567;0,0045;0,9818;;True
1039,35;0.0;pa030​;20250612_123326;1;TUG1;-0,0087;1,1408;-0,2540;-0,1795;-0,0542;0,0035;0,9823;;True
1039,36;0.0;pa030​;20250612_123326;1;TUG1;-0,0081;1,1402;-0,2540;-0,1770;-0,0516;0,0025;0,9828;;True
1039,38;0.0;pa030​;20250612_123326;1;TUG1;-0,0075;1,1397;-0,2539;-0,1743;-0,0490;0,0019;0,9835;;True
1039,39;0.0;pa030​;20250612_123326;1;TUG1;-0,0069;1,1389;-0,2537;-0,1711;-0,0463;0,0011;0,9842;;True
1039,41;0.0;pa030​;20250612_123326;1;TUG1;-0,0063;1,1381;-0,2530;-0,1668;-0,0435;0,0005;0,9850;;True
1039,42;0.0;pa030​;20250612_123326;1;TUG1;-0,0058;1,1371;-0,2521;-0,1619;-0,0408;0,0001;0,9860;;True
1039,43;0.0;pa030​;20250612_123326;1;TUG1;-0,0054;1,1359;-0,2511;-0,1558;-0,0381;-0,0001;0,9871;;True
1039,45;0.0;pa030​;20250612_123326;1;TUG1;-0,0050;1,1346;-0,2503;-0,1490;-0,0355;-0,0002;0,9882;;True
1039,46;0.0;pa030​;20250612_123326;1;TUG1;-0,0046;1,1333;-0,2494;-0,1424;-0,0331;-0,0001;0,9893;;True
1039,48;0.0;pa030​;20250612_123326;1;TUG1;-0,0043;1,1323;-0,2486;-0,1373;-0,0305;0,0008;0,9901;;True
1039,49;0.0;pa030​;20250612_123326;1;TUG1;-0,0041;1,1315;-0,2478;-0,1334;-0,0284;0,0018;0,9907;;True
1039,50;0.0;pa030​;20250612_123326;1;TUG1;-0,0040;1,1309;-0,2473;-0,1303;-0,0268;0,0027;0,9911;;True
1039,53;0.0;pa030​;20250612_123326;1;TUG1;-0,0040;1,1296;-0,2458;-0,1237;-0,0246;0,0034;0,9920;;True
1039,55;0.0;pa030​;20250612_123326;1;TUG1;-0,0042;1,1289;-0,2448;-0,1204;-0,0237;0,0038;0,9924;;True
1039,56;0.0;pa030​;20250612_123326;1;TUG1;-0,0043;1,1285;-0,2443;-0,1173;-0,0231;0,0041;0,9928;;True
1039,57;0.0;pa030​;20250612_123326;1;TUG1;-0,0044;1,1281;-0,2439;-0,1158;-0,0231;0,0039;0,9930;;True
1039,59;0.0;pa030​;20250612_123326;1;TUG1;-0,0046;1,1277;-0,2437;-0,1148;-0,0228;0,0037;0,9931;;True
1039,60;0.0;pa030​;20250612_123326;1;TUG1;-0,0047;1,1274;-0,2436;-0,1137;-0,0227;0,0035;0,9933;;True
1039,61;0.0;pa030​;20250612_123326;1;TUG1;-0,0048;1,1272;-0,2432;-0,1121;-0,0222;0,0035;0,9934;;True
1039,63;0.0;pa030​;20250612_123326;1;TUG1;-0,0048;1,1273;-0,2429;-0,1116;-0,0212;0,0037;0,9935;;True
1039,64;0.0;pa030​;20250612_123326;1;TUG1;-0,0049;1,1271;-0,2427;-0,1125;-0,0197;0,0040;0,9934;;True
1039,66;0.0;pa030​;20250612_123326;1;TUG1;-0,0048;1,1273;-0,2429;-0,1144;-0,0179;0,0041;0,9933;;True
1039,67;0.0;pa030​;20250612_123326;1;TUG1;-0,0046;1,1276;-0,2431;-0,1162;-0,0159;0,0043;0,9931;;True
1039,68;0.0;pa030​;20250612_123326;1;TUG1;-0,0044;1,1279;-0,2433;-0,1175;-0,0138;0,0044;0,9930;;True
1039,70;0.0;pa030​;20250612_123326;1;TUG1;-0,0041;1,1283;-0,2434;-0,1185;-0,0117;0,0045;0,9929;;True
1039,71;0.0;pa030​;20250612_123326;1;TUG1;-0,0039;1,1285;-0,2433;-0,1200;-0,0099;0,0049;0,9927;;True
1039,73;0.0;pa030​;20250612_123326;1;TUG1;-0,0037;1,1287;-0,2435;-0,1213;-0,0084;0,0053;0,9926;;True
1039,74;0.0;pa030​;20250612_123326;1;TUG1;-0,0036;1,1288;-0,2437;-0,1222;-0,0072;0,0057;0,9925;;True
1039,75;0.0;pa030​;20250612_123326;1;TUG1;-0,0034;1,1289;-0,2438;-0,1232;-0,0063;0,0058;0,9923;;True
1039,77;0.0;pa030​;20250612_123326;1;TUG1;-0,0033;1,1290;-0,2439;-0,1242;-0,0056;0,0058;0,9922;;True
1039,78;0.0;pa030​;20250612_123326;1;TUG1;-0,0031;1,1292;-0,2438;-0,1250;-0,0051;0,0056;0,9921;;True
1039,80;0.0;pa030​;20250612_123326;1;TUG1;-0,0029;1,1293;-0,2436;-0,1258;-0,0046;0,0053;0,9920;;True
1039,81;0.0;pa030​;20250612_123326;1;TUG1;-0,0026;1,1294;-0,2437;-0,1268;-0,0041;0,0050;0,9919;;True
1039,82;0.0;pa030​;20250612_123326;1;TUG1;-0,0024;1,1295;-0,2437;-0,1281;-0,0037;0,0047;0,9917;;True
1039,84;0.0;pa030​;20250612_123326;1;TUG1;-0,0021;1,1296;-0,2438;-0,1299;-0,0037;0,0043;0,9915;;True
1039,85;0.0;pa030​;20250612_123326;1;TUG1;-0,0018;1,1301;-0,2438;-0,1319;-0,0038;0,0037;0,9912;;True
1039,86;0.0;pa030​;20250612_123326;1;TUG1;-0,0016;1,1304;-0,2440;-0,1341;-0,0043;0,0030;0,9910;;True
1039,88;0.0;pa030​;20250612_123326;1;TUG1;-0,0013;1,1307;-0,2442;-0,1364;-0,0049;0,0024;0,9906;;True
1039,89;0.0;pa030​;20250612_123326;1;TUG1;-0,0011;1,1311;-0,2445;-0,1397;-0,0058;0,0017;0,9902;;True
1039,91;0.0;pa030​;20250612_123326;1;TUG1;-0,0010;1,1320;-0,2450;-0,1447;-0,0070;0,0012;0,9894;;True
1039,92;0.0;pa030​;20250612_123326;1;TUG1;-0,0010;1,1334;-0,2457;-0,1534;-0,0085;0,0003;0,9881;;True
1039,93;0.0;pa030​;20250612_123326;1;TUG1;-0,0009;1,1349;-0,2464;-0,1618;-0,0108;-0,0010;0,9868;;True
1039,95;0.0;pa030​;20250612_123326;1;TUG1;-0,0010;1,1361;-0,2472;-0,1707;-0,0131;-0,0023;0,9852;;True
1039,96;0.0;pa030​;20250612_123326;1;TUG1;-0,0012;1,1371;-0,2483;-0,1778;-0,0157;-0,0029;0,9839;;True
1039,98;0.0;pa030​;20250612_123326;1;TUG1;-0,0014;1,1381;-0,2494;-0,1845;-0,0188;-0,0032;0,9826;;True
1039,99;0.0;pa030​;20250612_123326;1;TUG1;-0,0016;1,1391;-0,2505;-0,1910;-0,0225;-0,0032;0,9813;;True
1040,00;0.0;pa030​;20250612_123326;1;TUG1;-0,0020;1,1402;-0,2515;-0,1974;-0,0258;-0,0032;0,9800;;True
1040,02;0.0;pa030​;20250612_123326;1;TUG1;-0,0025;1,1413;-0,2524;-0,2039;-0,0292;-0,0027;0,9786;;True
1040,03;0.0;pa030​;20250612_123326;1;TUG1;-0,0029;1,1424;-0,2535;-0,2097;-0,0326;-0,0027;0,9772;;True
1040,05;0.0;pa030​;20250612_123326;1;TUG1;-0,0033;1,1432;-0,2548;-0,2149;-0,0355;-0,0024;0,9760;;True
1040,06;0.0;pa030​;20250612_123326;1;TUG1;-0,0035;1,1440;-0,2560;-0,2198;-0,0386;-0,0025;0,9748;;True
1040,07;0.0;pa030​;20250612_123326;1;TUG1;-0,0037;1,1446;-0,2572;-0,2242;-0,0411;-0,0031;0,9737;;True
1040,09;0.0;pa030​;20250612_123326;1;TUG1;-0,0038;1,1454;-0,2583;-0,2284;-0,0427;-0,0037;0,9726;;True
1040,10;0.0;pa030​;20250612_123326;1;TUG1;-0,0038;1,1461;-0,2593;-0,2327;-0,0438;-0,0042;0,9716;;True
1040,12;0.0;pa030​;20250612_123326;1;TUG1;-0,0038;1,1467;-0,2602;-0,2370;-0,0446;-0,0040;0,9705;;True
1040,13;0.0;pa030​;20250612_123326;1;TUG1;-0,0039;1,1472;-0,2614;-0,2407;-0,0449;-0,0042;0,9696;;True
1040,14;0.0;pa030​;20250612_123326;1;TUG1;-0,0040;1,1476;-0,2625;-0,2439;-0,0451;-0,0047;0,9687;;True
1040,16;0.0;pa030​;20250612_123326;1;TUG1;-0,0039;1,1482;-0,2636;-0,2462;-0,0456;-0,0050;0,9681;;True
1040,17;0.0;pa030​;20250612_123326;1;TUG1;-0,0038;1,1488;-0,2645;-0,2489;-0,0460;-0,0047;0,9674;;True
1040,18;0.0;pa030​;20250612_123326;1;TUG1;-0,0038;1,1495;-0,2655;-0,2518;-0,0456;-0,0046;0,9667;;True
1040,20;0.0;pa030​;20250612_123326;1;TUG1;-0,0036;1,1500;-0,2665;-0,2552;-0,0455;-0,0045;0,9658;;True
1040,21;0.0;pa030​;20250612_123326;1;TUG1;-0,0035;1,1504;-0,2676;-0,2577;-0,0451;-0,0053;0,9652;;True
1040,22;0.0;pa030​;20250612_123326;1;TUG1;-0,0033;1,1507;-0,2687;-0,2594;-0,0446;-0,0056;0,9647;;True
1040,24;0.0;pa030​;20250612_123326;1;TUG1;-0,0031;1,1508;-0,2696;-0,2606;-0,0440;-0,0059;0,9644;;True
1040,25;0.0;pa030​;20250612_123326;1;TUG1;-0,0029;1,1509;-0,2704;-0,2612;-0,0435;-0,0061;0,9643;;True
1040,27;0.0;pa030​;20250612_123326;1;TUG1;-0,0027;1,1508;-0,2711;-0,2607;-0,0431;-0,0064;0,9644;;True
1040,28;0.0;pa030​;20250612_123326;1;TUG1;-0,0027;1,1507;-0,2717;-0,2608;-0,0431;-0,0063;0,9644;;True
1040,29;0.0;pa030​;20250612_123326;1;TUG1;-0,0027;1,1507;-0,2725;-0,2610;-0,0434;-0,0061;0,9643;;True
1040,31;0.0;pa030​;20250612_123326;1;TUG1;-0,0027;1,1507;-0,2733;-0,2612;-0,0436;-0,0061;0,9643;;True
1040,32;0.0;pa030​;20250612_123326;1;TUG1;-0,0027;1,1505;-0,2739;-0,2619;-0,0438;-0,0058;0,9641;;True
1040,34;0.0;pa030​;20250612_123326;1;TUG1;-0,0027;1,1506;-0,2746;-0,2620;-0,0437;-0,0056;0,9641;;True
1040,35;0.0;pa030​;20250612_123326;1;TUG1;-0,0027;1,1508;-0,2752;-0,2629;-0,0439;-0,0056;0,9638;;True
1040,36;0.0;pa030​;20250612_123326;1;TUG1;-0,0028;1,1509;-0,2760;-0,2647;-0,0443;-0,0055;0,9633;;True
1040,38;0.0;pa030​;20250612_123326;1;TUG1;-0,0029;1,1511;-0,2767;-0,2661;-0,0448;-0,0055;0,9629;;True
1040,39;0.0;pa030​;20250612_123326;1;TUG1;-0,0028;1,1511;-0,2775;-0,2672;-0,0452;-0,0056;0,9626;;True
1040,41;0.0;pa030​;20250612_123326;1;TUG1;-0,0028;1,1511;-0,2780;-0,2675;-0,0452;-0,0056;0,9625;;True
1040,42;0.0;pa030​;20250612_123326;1;TUG1;-0,0027;1,1511;-0,2785;-0,2676;-0,0448;-0,0057;0,9625;;True
1040,43;0.0;pa030​;20250612_123326;1;TUG1;-0,0025;1,1511;-0,2788;-0,2673;-0,0445;-0,0058;0,9626;;True
1040,45;0.0;pa030​;20250612_123326;1;TUG1;-0,0025;1,1509;-0,2792;-0,2670;-0,0438;-0,0057;0,9627;;True
1040,46;0.0;pa030​;20250612_123326;1;TUG1;-0,0025;1,1507;-0,2795;-0,2662;-0,0430;-0,0055;0,9629;;True
1040,48;0.0;pa030​;20250612_123326;1;TUG1;-0,0025;1,1504;-0,2797;-0,2653;-0,0422;-0,0049;0,9632;;True
1040,49;0.0;pa030​;20250612_123326;1;TUG1;-0,0026;1,1503;-0,2798;-0,2642;-0,0414;-0,0045;0,9636;;True
1040,50;0.0;pa030​;20250612_123326;1;TUG1;-0,0027;1,1502;-0,2799;-0,2631;-0,0406;-0,0041;0,9639;;True
1040,52;0.0;pa030​;20250612_123326;1;TUG1;-0,0028;1,1500;-0,2799;-0,2619;-0,0397;-0,0036;0,9643;;True
1040,53;0.0;pa030​;20250612_123326;1;TUG1;-0,0027;1,1497;-0,2800;-0,2604;-0,0386;-0,0037;0,9647;;True
1040,55;0.0;pa030​;20250612_123326;1;TUG1;-0,0026;1,1493;-0,2801;-0,2589;-0,0370;-0,0044;0,9652;;True
1040,56;0.0;pa030​;20250612_123326;1;TUG1;-0,0022;1,1489;-0,2802;-0,2571;-0,0342;-0,0054;0,9658;;True
1040,57;0.0;pa030​;20250612_123326;1;TUG1;-0,0016;1,1486;-0,2801;-0,2551;-0,0299;-0,0064;0,9664;;True
1040,59;0.0;pa030​;20250612_123326;1;TUG1;-0,0007;1,1484;-0,2799;-0,2528;-0,0236;-0,0078;0,9672;;True
1040,60;0.0;pa030​;20250612_123326;1;TUG1;0,0005;1,1480;-0,2797;-0,2509;-0,0159;-0,0092;0,9678;;True
1040,62;0.0;pa030​;20250612_123326;1;TUG1;0,0014;1,1476;-0,2795;-0,2484;-0,0078;-0,0101;0,9686;;True
1040,63;0.0;pa030​;20250612_123326;1;TUG1;0,0024;1,1472;-0,2793;-0,2465;-0,0003;-0,0108;0,9691;;True
1040,64;0.0;pa030​;20250612_123326;1;TUG1;0,0032;1,1470;-0,2793;-0,2454;0,0065;-0,0117;0,9693;;True
1040,66;0.0;pa030​;20250612_123326;1;TUG1;0,0040;1,1470;-0,2792;-0,2452;0,0114;-0,0123;0,9693;;True
1040,67;0.0;pa030​;20250612_123326;1;TUG1;0,0046;1,1469;-0,2792;-0,2453;0,0163;-0,0125;0,9692;;True
1040,68;0.0;pa030​;20250612_123326;1;TUG1;0,0051;1,1470;-0,2793;-0,2450;0,0199;-0,0128;0,9692;;True
1040,70;0.0;pa030​;20250612_123326;1;TUG1;0,0055;1,1469;-0,2794;-0,2452;0,0224;-0,0128;0,9691;;True
1040,71;0.0;pa030​;20250612_123326;1;TUG1;0,0057;1,1467;-0,2793;-0,2459;0,0235;-0,0124;0,9689;;True
1040,73;0.0;pa030​;20250612_123326;1;TUG1;0,0057;1,1468;-0,2791;-0,2458;0,0239;-0,0120;0,9689;;True
1040,74;0.0;pa030​;20250612_123326;1;TUG1;0,0060;1,1469;-0,2789;-0,2460;0,0236;-0,0117;0,9689;;True
1040,75;0.0;pa030​;20250612_123326;1;TUG1;0,0058;1,1470;-0,2787;-0,2458;0,0227;-0,0116;0,9690;;True
1040,77;0.0;pa030​;20250612_123326;1;TUG1;0,0057;1,1469;-0,2786;-0,2456;0,0218;-0,0115;0,9691;;True
1040,78;0.0;pa030​;20250612_123326;1;TUG1;0,0055;1,1468;-0,2785;-0,2451;0,0206;-0,0115;0,9692;;True
1040,80;0.0;pa030​;20250612_123326;1;TUG1;0,0053;1,1466;-0,2783;-0,2446;0,0192;-0,0115;0,9694;;True
1040,81;0.0;pa030​;20250612_123326;1;TUG1;0,0052;1,1465;-0,2782;-0,2443;0,0180;-0,0116;0,9695;;True
1040,82;0.0;pa030​;20250612_123326;1;TUG1;0,0051;1,1463;-0,2780;-0,2438;0,0171;-0,0115;0,9696;;True
1040,84;0.0;pa030​;20250612_123326;1;TUG1;0,0050;1,1462;-0,2779;-0,2434;0,0165;-0,0116;0,9697;;True
1040,85;0.0;pa030​;20250612_123326;1;TUG1;0,0049;1,1461;-0,2776;-0,2431;0,0162;-0,0118;0,9698;;True
1040,86;0.0;pa030​;20250612_123326;1;TUG1;0,0048;1,1461;-0,2773;-0,2428;0,0159;-0,0118;0,9699;;True
1040,88;0.0;pa030​;20250612_123326;1;TUG1;0,0048;1,1459;-0,2770;-0,2422;0,0159;-0,0115;0,9700;;True
1040,89;0.0;pa030​;20250612_123326;1;TUG1;0,0049;1,1457;-0,2768;-0,2419;0,0159;-0,0112;0,9701;;True
1040,91;0.0;pa030​;20250612_123326;1;TUG1;0,0049;1,1456;-0,2766;-0,2415;0,0161;-0,0110;0,9702;;True
1040,92;0.0;pa030​;20250612_123326;1;TUG1;0,0050;1,1454;-0,2765;-0,2412;0,0160;-0,0107;0,9703;;True
1040,93;0.0;pa030​;20250612_123326;1;TUG1;0,0050;1,1452;-0,2763;-0,2406;0,0160;-0,0105;0,9704;;True
1040,95;0.0;pa030​;20250612_123326;1;TUG1;0,0050;1,1451;-0,2761;-0,2401;0,0157;-0,0105;0,9706;;True
1040,96;0.0;pa030​;20250612_123326;1;TUG1;0,0049;1,1451;-0,2758;-0,2396;0,0153;-0,0104;0,9707;;True
1040,98;0.0;pa030​;20250612_123326;1;TUG1;0,0047;1,1452;-0,2753;-0,2390;0,0146;-0,0102;0,9708;;True
1040,99;0.0;pa030​;20250612_123326;1;TUG1;0,0046;1,1455;-0,2747;-0,2383;0,0139;-0,0102;0,9710;;True
1041,00;0.0;pa030​;20250612_123326;1;TUG1;0,0043;1,1456;-0,2742;-0,2377;0,0130;-0,0103;0,9712;;True
1041,02;0.0;pa030​;20250612_123326;1;TUG1;0,0041;1,1456;-0,2738;-0,2372;0,0119;-0,0100;0,9713;;True
1041,03;0.0;pa030​;20250612_123326;1;TUG1;0,0039;1,1454;-0,2732;-0,2368;0,0106;-0,0097;0,9715;;True
1041,05;0.0;pa030​;20250612_123326;1;TUG1;0,0036;1,1453;-0,2725;-0,2359;0,0089;-0,0092;0,9717;;True
1041,06;0.0;pa030​;20250612_123326;1;TUG1;0,0032;1,1451;-0,2715;-0,2349;0,0070;-0,0089;0,9720;;True
1041,07;0.0;pa030​;20250612_123326;1;TUG1;0,0028;1,1449;-0,2706;-0,2337;0,0055;-0,0088;0,9723;;True
1041,09;0.0;pa030​;20250612_123326;1;TUG1;0,0026;1,1445;-0,2698;-0,2322;0,0040;-0,0086;0,9726;;True
1041,10;0.0;pa030​;20250612_123326;1;TUG1;0,0022;1,1443;-0,2690;-0,2301;0,0028;-0,0085;0,9731;;True
1041,12;0.0;pa030​;20250612_123326;1;TUG1;0,0019;1,1442;-0,2682;-0,2282;0,0015;-0,0083;0,9736;;True
1041,13;0.0;pa030​;20250612_123326;1;TUG1;0,0015;1,1445;-0,2672;-0,2270;0,0001;-0,0075;0,9739;;True
1041,14;0.0;pa030​;20250612_123326;1;TUG1;0,0012;1,1448;-0,2661;-0,2261;-0,0012;-0,0071;0,9741;;True
1041,16;0.0;pa030​;20250612_123326;1;TUG1;0,0009;1,1451;-0,2653;-0,2257;-0,0025;-0,0066;0,9742;;True
1041,17;0.0;pa030​;20250612_123326;1;TUG1;0,0006;1,1454;-0,2647;-0,2264;-0,0040;-0,0064;0,9740;;True
1041,19;0.0;pa030​;20250612_123326;1;TUG1;0,0002;1,1458;-0,2642;-0,2285;-0,0064;-0,0069;0,9735;;True
1041,20;0.0;pa030​;20250612_123326;1;TUG1;-0,0001;1,1461;-0,2638;-0,2310;-0,0092;-0,0071;0,9729;;True
1041,21;0.0;pa030​;20250612_123326;1;TUG1;-0,0006;1,1463;-0,2633;-0,2326;-0,0121;-0,0079;0,9725;;True
1041,23;0.0;pa030​;20250612_123326;1;TUG1;-0,0010;1,1462;-0,2628;-0,2323;-0,0148;-0,0085;0,9725;;True
1041,24;0.0;pa030​;20250612_123326;1;TUG1;-0,0012;1,1460;-0,2624;-0,2321;-0,0177;-0,0092;0,9725;;True
1041,25;0.0;pa030​;20250612_123326;1;TUG1;-0,0016;1,1459;-0,2619;-0,2321;-0,0199;-0,0098;0,9724;;True
1041,27;0.0;pa030​;20250612_123326;1;TUG1;-0,0019;1,1460;-0,2615;-0,2330;-0,0216;-0,0098;0,9722;;True
1041,28;0.0;pa030​;20250612_123326;1;TUG1;-0,0022;1,1461;-0,2609;-0,2344;-0,0231;-0,0097;0,9718;;True
1041,30;0.0;pa030​;20250612_123326;1;TUG1;-0,0024;1,1463;-0,2602;-0,2346;-0,0244;-0,0097;0,9717;;True
1041,31;0.0;pa030​;20250612_123326;1;TUG1;-0,0026;1,1462;-0,2595;-0,2342;-0,0253;-0,0097;0,9718;;True
1041,32;0.0;pa030​;20250612_123326;1;TUG1;-0,0029;1,1460;-0,2587;-0,2329;-0,0260;-0,0097;0,9721;;True
1041,34;0.0;pa030​;20250612_123326;1;TUG1;-0,0031;1,1461;-0,2578;-0,2332;-0,0265;-0,0094;0,9720;;True
1041,35;0.0;pa030​;20250612_123326;1;TUG1;-0,0032;1,1462;-0,2570;-0,2344;-0,0264;-0,0085;0,9717;;True
1041,36;0.0;pa030​;20250612_123326;1;TUG1;-0,0031;1,1461;-0,2559;-0,2347;-0,0256;-0,0078;0,9717;;True
1041,38;0.0;pa030​;20250612_123326;1;TUG1;-0,0030;1,1455;-0,2550;-0,2336;-0,0240;-0,0075;0,9720;;True
1041,39;0.0;pa030​;20250612_123326;1;TUG1;-0,0029;1,1448;-0,2541;-0,2294;-0,0218;-0,0070;0,9731;;True
1041,41;0.0;pa030​;20250612_123326;1;TUG1;-0,0028;1,1444;-0,2533;-0,2269;-0,0198;-0,0070;0,9737;;True
1041,44;0.0;pa030​;20250612_123326;1;TUG1;-0,0025;1,1443;-0,2521;-0,2275;-0,0165;-0,0077;0,9736;;True
1041,45;0.0;pa030​;20250612_123326;1;TUG1;-0,0023;1,1441;-0,2517;-0,2271;-0,0145;-0,0080;0,9737;;True
1041,46;0.0;pa030​;20250612_123326;1;TUG1;-0,0020;1,1441;-0,2515;-0,2252;-0,0121;-0,0079;0,9742;;True
1041,48;0.0;pa030​;20250612_123326;1;TUG1;-0,0017;1,1441;-0,2514;-0,2245;-0,0092;-0,0077;0,9744;;True
1041,49;0.0;pa030​;20250612_123326;1;TUG1;-0,0013;1,1443;-0,2513;-0,2250;-0,0058;-0,0074;0,9743;;True
1041,50;0.0;pa030​;20250612_123326;1;TUG1;-0,0008;1,1447;-0,2513;-0,2266;-0,0017;-0,0074;0,9740;;True
1041,52;0.0;pa030​;20250612_123326;1;TUG1;-0,0002;1,1450;-0,2514;-0,2288;0,0028;-0,0074;0,9734;;True
1041,53;0.0;pa030​;20250612_123326;1;TUG1;0,0004;1,1452;-0,2513;-0,2311;0,0075;-0,0073;0,9729;;True
1041,55;0.0;pa030​;20250612_123326;1;TUG1;0,0010;1,1452;-0,2512;-0,2324;0,0121;-0,0073;0,9725;;True
1041,56;0.0;pa030​;20250612_123326;1;TUG1;0,0015;1,1451;-0,2512;-0,2326;0,0164;-0,0067;0,9724;;True
1041,57;0.0;pa030​;20250612_123326;1;TUG1;0,0018;1,1453;-0,2513;-0,2329;0,0200;-0,0076;0,9723;;True
1041,59;0.0;pa030​;20250612_123326;1;TUG1;0,0024;1,1455;-0,2509;-0,2354;0,0227;-0,0080;0,9716;;True
1041,60;0.0;pa030​;20250612_123326;1;TUG1;0,0030;1,1457;-0,2508;-0,2369;0,0261;-0,0082;0,9712;;True
1041,62;0.0;pa030​;20250612_123326;1;TUG1;0,0037;1,1460;-0,2505;-0,2374;0,0291;-0,0085;0,9709;;True
1041,63;0.0;pa030​;20250612_123326;1;TUG1;0,0044;1,1462;-0,2501;-0,2378;0,0318;-0,0092;0,9707;;True
1041,64;0.0;pa030​;20250612_123326;1;TUG1;0,0049;1,1463;-0,2496;-0,2385;0,0343;-0,0094;0,9705;;True
1041,66;0.0;pa030​;20250612_123326;1;TUG1;0,0055;1,1464;-0,2490;-0,2391;0,0363;-0,0095;0,9703;;True
1041,67;0.0;pa030​;20250612_123326;1;TUG1;0,0063;1,1465;-0,2485;-0,2394;0,0391;-0,0100;0,9701;;True
1041,68;0.0;pa030​;20250612_123326;1;TUG1;0,0071;1,1465;-0,2478;-0,2397;0,0423;-0,0107;0,9699;;True
1041,70;0.0;pa030​;20250612_123326;1;TUG1;0,0077;1,1466;-0,2470;-0,2394;0,0456;-0,0117;0,9698;;True
1041,71;0.0;pa030​;20250612_123326;1;TUG1;0,0084;1,1465;-0,2463;-0,2384;0,0484;-0,0131;0,9699;;True
1041,73;0.0;pa030​;20250612_123326;1;TUG1;0,0089;1,1461;-0,2457;-0,2372;0,0508;-0,0141;0,9700;;True
1041,74;0.0;pa030​;20250612_123326;1;TUG1;0,0096;1,1459;-0,2451;-0,2352;0,0522;-0,0151;0,9704;;True
1041,75;0.0;pa030​;20250612_123326;1;TUG1;0,0100;1,1456;-0,2447;-0,2341;0,0536;-0,0159;0,9706;;True
1041,77;0.0;pa030​;20250612_123326;1;TUG1;0,0106;1,1457;-0,2442;-0,2337;0,0550;-0,0164;0,9706;;True
1041,78;0.0;pa030​;20250612_123326;1;TUG1;0,0111;1,1459;-0,2438;-0,2340;0,0563;-0,0168;0,9705;;True
1041,80;0.0;pa030​;20250612_123326;1;TUG1;0,0116;1,1459;-0,2436;-0,2343;0,0578;-0,0163;0,9703;;True
1041,81;0.0;pa030​;20250612_123326;1;TUG1;0,0119;1,1459;-0,2435;-0,2343;0,0592;-0,0156;0,9702;;True
1041,82;0.0;pa030​;20250612_123326;1;TUG1;0,0122;1,1459;-0,2435;-0,2342;0,0604;-0,0150;0,9702;;True
1041,84;0.0;pa030​;20250612_123326;1;TUG1;0,0125;1,1460;-0,2436;-0,2348;0,0614;-0,0152;0,9700;;True
1041,85;0.0;pa030​;20250612_123326;1;TUG1;0,0127;1,1462;-0,2437;-0,2358;0,0621;-0,0157;0,9697;;True
1041,87;0.0;pa030​;20250612_123326;1;TUG1;0,0128;1,1464;-0,2439;-0,2370;0,0626;-0,0157;0,9694;;True
1041,88;0.0;pa030​;20250612_123326;1;TUG1;0,0130;1,1465;-0,2439;-0,2382;0,0626;-0,0154;0,9691;;True
1041,89;0.0;pa030​;20250612_123326;1;TUG1;0,0130;1,1466;-0,2441;-0,2395;0,0622;-0,0153;0,9688;;True
1041,91;0.0;pa030​;20250612_123326;1;TUG1;0,0130;1,1467;-0,2442;-0,2399;0,0616;-0,0148;0,9687;;True
1041,92;0.0;pa030​;20250612_123326;1;TUG1;0,0130;1,1468;-0,2442;-0,2400;0,0610;-0,0142;0,9688;;True
1041,93;0.0;pa030​;20250612_123326;1;TUG1;0,0129;1,1469;-0,2441;-0,2395;0,0597;-0,0136;0,9690;;True
1041,95;0.0;pa030​;20250612_123326;1;TUG1;0,0127;1,1469;-0,2438;-0,2386;0,0580;-0,0130;0,9693;;True
1041,96;0.0;pa030​;20250612_123326;1;TUG1;0,0125;1,1467;-0,2435;-0,2374;0,0555;-0,0127;0,9697;;True
1041,98;0.0;pa030​;20250612_123326;1;TUG1;0,0121;1,1462;-0,2430;-0,2358;0,0528;-0,0127;0,9703;;True
1041,99;0.0;pa030​;20250612_123326;1;TUG1;0,0118;1,1458;-0,2426;-0,2342;0,0495;-0,0127;0,9709;;True
1042,01;0.0;pa030​;20250612_123326;1;TUG1;0,0113;1,1455;-0,2421;-0,2323;0,0449;-0,0125;0,9715;;True
1042,02;0.0;pa030​;20250612_123326;1;TUG1;0,0106;1,1453;-0,2415;-0,2306;0,0393;-0,0125;0,9722;;True
1042,03;0.0;pa030​;20250612_123326;1;TUG1;0,0098;1,1448;-0,2407;-0,2286;0,0331;-0,0134;0,9729;;True
1042,05;0.0;pa030​;20250612_123326;1;TUG1;0,0092;1,1441;-0,2401;-0,2257;0,0273;-0,0141;0,9737;;True
1042,06;0.0;pa030​;20250612_123326;1;TUG1;0,0087;1,1434;-0,2393;-0,2223;0,0219;-0,0149;0,9746;;True
1042,07;0.0;pa030​;20250612_123326;1;TUG1;0,0081;1,1427;-0,2385;-0,2194;0,0171;-0,0152;0,9754;;True
1042,09;0.0;pa030​;20250612_123326;1;TUG1;0,0074;1,1422;-0,2377;-0,2164;0,0126;-0,0144;0,9761;;True
1042,10;0.0;pa030​;20250612_123326;1;TUG1;0,0066;1,1417;-0,2369;-0,2134;0,0088;-0,0136;0,9768;;True
1042,12;0.0;pa030​;20250612_123326;1;TUG1;0,0058;1,1412;-0,2361;-0,2103;0,0046;-0,0130;0,9775;;True
1042,13;0.0;pa030​;20250612_123326;1;TUG1;0,0052;1,1405;-0,2355;-0,2078;0,0011;-0,0123;0,9781;;True
1042,14;0.0;pa030​;20250612_123326;1;TUG1;0,0045;1,1400;-0,2350;-0,2057;-0,0022;-0,0112;0,9785;;True
1042,16;0.0;pa030​;20250612_123326;1;TUG1;0,0040;1,1395;-0,2346;-0,2042;-0,0052;-0,0107;0,9789;;True
1042,17;0.0;pa030​;20250612_123326;1;TUG1;0,0034;1,1394;-0,2342;-0,2021;-0,0069;-0,0105;0,9793;;True
1042,19;0.0;pa030​;20250612_123326;1;TUG1;0,0031;1,1393;-0,2339;-0,2013;-0,0080;-0,0103;0,9794;;True
1042,20;0.0;pa030​;20250612_123326;1;TUG1;0,0029;1,1393;-0,2338;-0,2012;-0,0085;-0,0103;0,9795;;True
1042,21;0.0;pa030​;20250612_123326;1;TUG1;0,0027;1,1393;-0,2337;-0,2017;-0,0086;-0,0104;0,9793;;True
1042,23;0.0;pa030​;20250612_123326;1;TUG1;0,0026;1,1394;-0,2337;-0,2024;-0,0085;-0,0109;0,9792;;True
1042,24;0.0;pa030​;20250612_123326;1;TUG1;0,0023;1,1392;-0,2336;-0,2026;-0,0085;-0,0114;0,9792;;True
1042,25;0.0;pa030​;20250612_123326;1;TUG1;0,0022;1,1393;-0,2336;-0,2027;-0,0085;-0,0114;0,9791;;True
1042,27;0.0;pa030​;20250612_123326;1;TUG1;0,0021;1,1392;-0,2337;-0,2024;-0,0085;-0,0118;0,9792;;True
1042,28;0.0;pa030​;20250612_123326;1;TUG1;0,0020;1,1392;-0,2337;-0,2021;-0,0083;-0,0122;0,9792;;True
1042,30;0.0;pa030​;20250612_123326;1;TUG1;0,0017;1,1393;-0,2336;-0,2017;-0,0078;-0,0122;0,9793;;True
1042,31;0.0;pa030​;20250612_123326;1;TUG1;0,0015;1,1394;-0,2334;-0,2013;-0,0068;-0,0124;0,9794;;True
1042,32;0.0;pa030​;20250612_123326;1;TUG1;0,0015;1,1394;-0,2334;-0,2007;-0,0058;-0,0126;0,9796;;True
1042,34;0.0;pa030​;20250612_123326;1;TUG1;0,0016;1,1393;-0,2333;-0,2003;-0,0044;-0,0129;0,9797;;True
1042,35;0.0;pa030​;20250612_123326;1;TUG1;0,0018;1,1392;-0,2332;-0,1995;-0,0025;-0,0134;0,9798;;True
1042,37;0.0;pa030​;20250612_123326;1;TUG1;0,0020;1,1390;-0,2331;-0,1984;-0,0001;-0,0138;0,9800;;True
1042,38;0.0;pa030​;20250612_123326;1;TUG1;0,0023;1,1389;-0,2329;-0,1972;0,0025;-0,0143;0,9802;;True
1042,39;0.0;pa030​;20250612_123326;1;TUG1;0,0026;1,1386;-0,2325;-0,1958;0,0049;-0,0144;0,9805;;True
1042,41;0.0;pa030​;20250612_123326;1;TUG1;0,0027;1,1384;-0,2321;-0,1948;0,0072;-0,0145;0,9807;;True
1042,42;0.0;pa030​;20250612_123326;1;TUG1;0,0027;1,1384;-0,2316;-0,1936;0,0094;-0,0148;0,9809;;True
1042,43;0.0;pa030​;20250612_123326;1;TUG1;0,0026;1,1383;-0,2311;-0,1927;0,0112;-0,0148;0,9811;;True
1042,45;0.0;pa030​;20250612_123326;1;TUG1;0,0026;1,1381;-0,2307;-0,1918;0,0122;-0,0149;0,9813;;True
1042,46;0.0;pa030​;20250612_123326;1;TUG1;0,0026;1,1378;-0,2302;-0,1904;0,0130;-0,0148;0,9815;;True
1042,48;0.0;pa030​;20250612_123326;1;TUG1;0,0025;1,1376;-0,2298;-0,1892;0,0133;-0,0144;0,9818;;True
1042,49;0.0;pa030​;20250612_123326;1;TUG1;0,0023;1,1373;-0,2293;-0,1881;0,0134;-0,0143;0,9820;;True
1042,50;0.0;pa030​;20250612_123326;1;TUG1;0,0022;1,1369;-0,2288;-0,1867;0,0132;-0,0141;0,9822;;True
1042,52;0.0;pa030​;20250612_123326;1;TUG1;0,0021;1,1365;-0,2282;-0,1848;0,0131;-0,0141;0,9826;;True
1042,53;0.0;pa030​;20250612_123326;1;TUG1;0,0021;1,1361;-0,2276;-0,1821;0,0129;-0,0142;0,9831;;True
1042,55;0.0;pa030​;20250612_123326;1;TUG1;0,0020;1,1355;-0,2270;-0,1790;0,0129;-0,0142;0,9837;;True
1042,56;0.0;pa030​;20250612_123326;1;TUG1;0,0019;1,1348;-0,2263;-0,1747;0,0129;-0,0142;0,9844;;True
1042,57;0.0;pa030​;20250612_123326;1;TUG1;0,0019;1,1339;-0,2257;-0,1699;0,0131;-0,0143;0,9853;;True
1042,59;0.0;pa030​;20250612_123326;1;TUG1;0,0018;1,1330;-0,2250;-0,1645;0,0131;-0,0140;0,9862;;True
1042,60;0.0;pa030​;20250612_123326;1;TUG1;0,0018;1,1323;-0,2244;-0,1597;0,0134;-0,0142;0,9870;;True
1042,62;0.0;pa030​;20250612_123326;1;TUG1;0,0017;1,1316;-0,2238;-0,1560;0,0132;-0,0134;0,9876;;True
1042,63;0.0;pa030​;20250612_123326;1;TUG1;0,0016;1,1310;-0,2233;-0,1521;0,0134;-0,0135;0,9882;;True
1042,64;0.0;pa030​;20250612_123326;1;TUG1;0,0016;1,1303;-0,2227;-0,1483;0,0133;-0,0132;0,9888;;True
1042,66;0.0;pa030​;20250612_123326;1;TUG1;0,0015;1,1297;-0,2222;-0,1442;0,0134;-0,0130;0,9894;;True
1042,67;0.0;pa030​;20250612_123326;1;TUG1;0,0014;1,1291;-0,2216;-0,1400;0,0131;-0,0130;0,9900;;True
1042,69;0.0;pa030​;20250612_123326;1;TUG1;0,0013;1,1288;-0,2211;-0,1368;0,0125;-0,0129;0,9904;;True
1042,70;0.0;pa030​;20250612_123326;1;TUG1;0,0012;1,1285;-0,2206;-0,1351;0,0118;-0,0134;0,9907;;True
1042,71;0.0;pa030​;20250612_123326;1;TUG1;0,0011;1,1286;-0,2201;-0,1354;0,0109;-0,0138;0,9906;;True
1042,73;0.0;pa030​;20250612_123326;1;TUG1;0,0011;1,1287;-0,2197;-0,1357;0,0101;-0,0141;0,9906;;True
1042,74;0.0;pa030​;20250612_123326;1;TUG1;0,0010;1,1287;-0,2195;-0,1361;0,0095;-0,0147;0,9905;;True
1042,75;0.0;pa030​;20250612_123326;1;TUG1;0,0010;1,1286;-0,2193;-0,1360;0,0091;-0,0152;0,9905;;True
1042,77;0.0;pa030​;20250612_123326;1;TUG1;0,0011;1,1285;-0,2192;-0,1358;0,0087;-0,0156;0,9906;;True
1042,78;0.0;pa030​;20250612_123326;1;TUG1;0,0013;1,1286;-0,2189;-0,1353;0,0086;-0,0158;0,9906;;True
1042,80;0.0;pa030​;20250612_123326;1;TUG1;0,0014;1,1287;-0,2189;-0,1359;0,0087;-0,0157;0,9906;;True
1042,81;0.0;pa030​;20250612_123326;1;TUG1;0,0016;1,1288;-0,2187;-0,1369;0,0092;-0,0158;0,9904;;True
1042,82;0.0;pa030​;20250612_123326;1;TUG1;0,0018;1,1291;-0,2186;-0,1385;0,0099;-0,0153;0,9902;;True
1042,84;0.0;pa030​;20250612_123326;1;TUG1;0,0023;1,1297;-0,2185;-0,1401;0,0108;-0,0155;0,9900;;True
1042,85;0.0;pa030​;20250612_123326;1;TUG1;0,0026;1,1297;-0,2187;-0,1419;0,0118;-0,0153;0,9897;;True
1042,87;0.0;pa030​;20250612_123326;1;TUG1;0,0029;1,1297;-0,2188;-0,1413;0,0128;-0,0151;0,9898;;True
1042,88;0.0;pa030​;20250612_123326;1;TUG1;0,0032;1,1298;-0,2188;-0,1407;0,0139;-0,0147;0,9899;;True
1042,89;0.0;pa030​;20250612_123326;1;TUG1;0,0034;1,1300;-0,2189;-0,1402;0,0148;-0,0141;0,9899;;True
1042,91;0.0;pa030​;20250612_123326;1;TUG1;0,0037;1,1302;-0,2190;-0,1403;0,0156;-0,0134;0,9899;;True
1042,92;0.0;pa030​;20250612_123326;1;TUG1;0,0040;1,1304;-0,2191;-0,1406;0,0164;-0,0127;0,9899;;True
1042,93;0.0;pa030​;20250612_123326;1;TUG1;0,0043;1,1305;-0,2193;-0,1408;0,0170;-0,0123;0,9898;;True
1042,95;0.0;pa030​;20250612_123326;1;TUG1;0,0046;1,1307;-0,2196;-0,1409;0,0177;-0,0116;0,9898;;True
1042,96;0.0;pa030​;20250612_123326;1;TUG1;0,0049;1,1310;-0,2199;-0,1413;0,0182;-0,0107;0,9897;;True
1042,98;0.0;pa030​;20250612_123326;1;TUG1;0,0052;1,1313;-0,2202;-0,1428;0,0184;-0,0097;0,9895;;True
1042,99;0.0;pa030​;20250612_123326;1;TUG1;0,0055;1,1318;-0,2206;-0,1441;0,0186;-0,0090;0,9894;;True
1043,00;0.0;pa030​;20250612_123326;1;TUG1;0,0059;1,1320;-0,2210;-0,1457;0,0186;-0,0085;0,9891;;True
1043,02;0.0;pa030​;20250612_123326;1;TUG1;0,0064;1,1324;-0,2215;-0,1471;0,0186;-0,0081;0,9889;;True
1043,03;0.0;pa030​;20250612_123326;1;TUG1;0,0068;1,1327;-0,2220;-0,1488;0,0184;-0,0081;0,9887;;True
1043,05;0.0;pa030​;20250612_123326;1;TUG1;0,0071;1,1330;-0,2224;-0,1502;0,0179;-0,0082;0,9885;;True
1043,06;0.0;pa030​;20250612_123326;1;TUG1;0,0073;1,1333;-0,2227;-0,1518;0,0171;-0,0087;0,9882;;True
1043,07;0.0;pa030​;20250612_123326;1;TUG1;0,0076;1,1335;-0,2231;-0,1534;0,0162;-0,0090;0,9880;;True
1043,09;0.0;pa030​;20250612_123326;1;TUG1;0,0078;1,1339;-0,2235;-0,1550;0,0155;-0,0092;0,9878;;True
1043,10;0.0;pa030​;20250612_123326;1;TUG1;0,0081;1,1342;-0,2239;-0,1569;0,0144;-0,0093;0,9875;;True
1043,12;0.0;pa030​;20250612_123326;1;TUG1;0,0083;1,1347;-0,2244;-0,1598;0,0134;-0,0094;0,9870;;True
1043,13;0.0;pa030​;20250612_123326;1;TUG1;0,0084;1,1352;-0,2248;-0,1627;0,0122;-0,0094;0,9866;;True
1043,14;0.0;pa030​;20250612_123326;1;TUG1;0,0085;1,1357;-0,2254;-0,1659;0,0108;-0,0091;0,9860;;True
1043,16;0.0;pa030​;20250612_123326;1;TUG1;0,0085;1,1363;-0,2260;-0,1694;0,0090;-0,0086;0,9855;;True
1043,17;0.0;pa030​;20250612_123326;1;TUG1;0,0085;1,1370;-0,2266;-0,1730;0,0068;-0,0088;0,9849;;True
1043,19;0.0;pa030​;20250612_123326;1;TUG1;0,0084;1,1375;-0,2273;-0,1763;0,0049;-0,0089;0,9843;;True
1043,20;0.0;pa030​;20250612_123326;1;TUG1;0,0085;1,1380;-0,2279;-0,1796;0,0027;-0,0086;0,9837;;True
1043,21;0.0;pa030​;20250612_123326;1;TUG1;0,0085;1,1385;-0,2286;-0,1824;0,0009;-0,0082;0,9832;;True
1043,23;0.0;pa030​;20250612_123326;1;TUG1;0,0085;1,1392;-0,2293;-0,1848;-0,0011;-0,0084;0,9827;;True
1043,24;0.0;pa030​;20250612_123326;1;TUG1;0,0083;1,1397;-0,2301;-0,1881;-0,0030;-0,0085;0,9821;;True
1043,25;0.0;pa030​;20250612_123326;1;TUG1;0,0079;1,1402;-0,2309;-0,1910;-0,0055;-0,0088;0,9815;;True
1043,27;0.0;pa030​;20250612_123326;1;TUG1;0,0076;1,1406;-0,2319;-0,1931;-0,0078;-0,0085;0,9811;;True
1043,28;0.0;pa030​;20250612_123326;1;TUG1;0,0076;1,1408;-0,2327;-0,1950;-0,0099;-0,0089;0,9807;;True
1043,30;0.0;pa030​;20250612_123326;1;TUG1;0,0075;1,1412;-0,2334;-0,1963;-0,0114;-0,0091;0,9804;;True
1043,31;0.0;pa030​;20250612_123326;1;TUG1;0,0075;1,1416;-0,2342;-0,1980;-0,0123;-0,0093;0,9801;;True
1043,32;0.0;pa030​;20250612_123326;1;TUG1;0,0075;1,1421;-0,2349;-0,2002;-0,0130;-0,0093;0,9796;;True
1043,34;0.0;pa030​;20250612_123326;1;TUG1;0,0075;1,1427;-0,2356;-0,2029;-0,0132;-0,0095;0,9791;;True
1043,35;0.0;pa030​;20250612_123326;1;TUG1;0,0075;1,1433;-0,2364;-0,2060;-0,0133;-0,0093;0,9784;;True
1043,37;0.0;pa030​;20250612_123326;1;TUG1;0,0075;1,1436;-0,2371;-0,2087;-0,0131;-0,0093;0,9779;;True
1043,38;0.0;pa030​;20250612_123326;1;TUG1;0,0075;1,1439;-0,2378;-0,2109;-0,0126;-0,0093;0,9774;;True
1043,39;0.0;pa030​;20250612_123326;1;TUG1;0,0076;1,1443;-0,2384;-0,2133;-0,0124;-0,0097;0,9769;;True
1043,41;0.0;pa030​;20250612_123326;1;TUG1;0,0077;1,1448;-0,2389;-0,2157;-0,0112;-0,0100;0,9763;;True
1043,42;0.0;pa030​;20250612_123326;1;TUG1;0,0080;1,1451;-0,2393;-0,2178;-0,0095;-0,0108;0,9759;;True
1043,43;0.0;pa030​;20250612_123326;1;TUG1;0,0084;1,1454;-0,2396;-0,2200;-0,0073;-0,0116;0,9754;;True
1043,45;0.0;pa030​;20250612_123326;1;TUG1;0,0088;1,1457;-0,2399;-0,2221;-0,0051;-0,0124;0,9749;;True
1043,46;0.0;pa030​;20250612_123326;1;TUG1;0,0092;1,1460;-0,2402;-0,2233;-0,0026;-0,0136;0,9746;;True
1043,48;0.0;pa030​;20250612_123326;1;TUG1;0,0096;1,1461;-0,2404;-0,2246;-0,0001;-0,0150;0,9743;;True
1043,49;0.0;pa030​;20250612_123326;1;TUG1;0,0101;1,1461;-0,2409;-0,2249;0,0029;-0,0167;0,9742;;True
1043,51;0.0;pa030​;20250612_123326;1;TUG1;0,0107;1,1460;-0,2411;-0,2240;0,0064;-0,0179;0,9744;;True
1043,52;0.0;pa030​;20250612_123326;1;TUG1;0,0113;1,1460;-0,2411;-0,2234;0,0102;-0,0189;0,9745;;True
1043,53;0.0;pa030​;20250612_123326;1;TUG1;0,0120;1,1462;-0,2410;-0,2236;0,0137;-0,0205;0,9744;;True
1043,55;0.0;pa030​;20250612_123326;1;TUG1;0,0126;1,1466;-0,2408;-0,2235;0,0168;-0,0216;0,9743;;True
1043,56;0.0;pa030​;20250612_123326;1;TUG1;0,0130;1,1467;-0,2404;-0,2238;0,0199;-0,0222;0,9742;;True
1043,57;0.0;pa030​;20250612_123326;1;TUG1;0,0133;1,1469;-0,2401;-0,2235;0,0220;-0,0225;0,9742;;True
1043,59;0.0;pa030​;20250612_123326;1;TUG1;0,0135;1,1469;-0,2397;-0,2233;0,0229;-0,0227;0,9742;;True
1043,60;0.0;pa030​;20250612_123326;1;TUG1;0,0135;1,1469;-0,2392;-0,2226;0,0234;-0,0225;0,9744;;True
1043,62;0.0;pa030​;20250612_123326;1;TUG1;0,0135;1,1467;-0,2387;-0,2216;0,0233;-0,0224;0,9746;;True
1043,63;0.0;pa030​;20250612_123326;1;TUG1;0,0134;1,1466;-0,2382;-0,2211;0,0231;-0,0225;0,9747;;True
1043,64;0.0;pa030​;20250612_123326;1;TUG1;0,0133;1,1465;-0,2376;-0,2206;0,0228;-0,0224;0,9748;;True
1043,66;0.0;pa030​;20250612_123326;1;TUG1;0,0132;1,1463;-0,2371;-0,2193;0,0226;-0,0225;0,9751;;True
1043,67;0.0;pa030​;20250612_123326;1;TUG1;0,0130;1,1462;-0,2365;-0,2182;0,0226;-0,0224;0,9754;;True
1043,68;0.0;pa030​;20250612_123326;1;TUG1;0,0129;1,1461;-0,2359;-0,2178;0,0229;-0,0223;0,9755;;True
1043,70;0.0;pa030​;20250612_123326;1;TUG1;0,0129;1,1461;-0,2353;-0,2171;0,0237;-0,0221;0,9756;;True
1043,71;0.0;pa030​;20250612_123326;1;TUG1;0,0129;1,1461;-0,2347;-0,2162;0,0250;-0,0221;0,9758;;True
1043,73;0.0;pa030​;20250612_123326;1;TUG1;0,0130;1,1460;-0,2343;-0,2149;0,0270;-0,0218;0,9760;;True
1043,74;0.0;pa030​;20250612_123326;1;TUG1;0,0130;1,1459;-0,2339;-0,2142;0,0293;-0,0213;0,9761;;True
1043,75;0.0;pa030​;20250612_123326;1;TUG1;0,0132;1,1459;-0,2335;-0,2139;0,0318;-0,0205;0,9761;;True
1043,77;0.0;pa030​;20250612_123326;1;TUG1;0,0134;1,1459;-0,2331;-0,2130;0,0344;-0,0198;0,9763;;True
1043,78;0.0;pa030​;20250612_123326;1;TUG1;0,0137;1,1458;-0,2329;-0,2120;0,0372;-0,0195;0,9764;;True
1043,80;0.0;pa030​;20250612_123326;1;TUG1;0,0139;1,1459;-0,2326;-0,2113;0,0396;-0,0194;0,9764;;True
1043,81;0.0;pa030​;20250612_123326;1;TUG1;0,0141;1,1459;-0,2324;-0,2111;0,0419;-0,0193;0,9764;;True
1043,82;0.0;pa030​;20250612_123326;1;TUG1;0,0143;1,1459;-0,2322;-0,2111;0,0434;-0,0191;0,9763;;True
1043,84;0.0;pa030​;20250612_123326;1;TUG1;0,0144;1,1459;-0,2320;-0,2108;0,0446;-0,0188;0,9763;;True
1043,85;0.0;pa030​;20250612_123326;1;TUG1;0,0144;1,1459;-0,2317;-0,2105;0,0455;-0,0185;0,9764;;True
1043,87;0.0;pa030​;20250612_123326;1;TUG1;0,0145;1,1459;-0,2314;-0,2099;0,0461;-0,0187;0,9765;;True
1043,88;0.0;pa030​;20250612_123326;1;TUG1;0,0146;1,1459;-0,2312;-0,2097;0,0469;-0,0186;0,9765;;True
1043,89;0.0;pa030​;20250612_123326;1;TUG1;0,0148;1,1460;-0,2311;-0,2102;0,0473;-0,0186;0,9763;;True
1043,91;0.0;pa030​;20250612_123326;1;TUG1;0,0150;1,1461;-0,2311;-0,2111;0,0478;-0,0190;0,9761;;True
1043,92;0.0;pa030​;20250612_123326;1;TUG1;0,0152;1,1463;-0,2310;-0,2109;0,0481;-0,0188;0,9761;;True
1043,93;0.0;pa030​;20250612_123326;1;TUG1;0,0154;1,1463;-0,2309;-0,2107;0,0486;-0,0192;0,9761;;True
1043,95;0.0;pa030​;20250612_123326;1;TUG1;0,0155;1,1462;-0,2309;-0,2101;0,0478;-0,0199;0,9763;;True
1043,96;0.0;pa030​;20250612_123326;1;TUG1;0,0156;1,1461;-0,2308;-0,2098;0,0470;-0,0194;0,9764;;True
1043,98;0.0;pa030​;20250612_123326;1;TUG1;0,0157;1,1458;-0,2309;-0,2087;0,0456;-0,0192;0,9767;;True
1043,99;0.0;pa030​;20250612_123326;1;TUG1;0,0158;1,1454;-0,2309;-0,2085;0,0439;-0,0189;0,9769;;True
1044,01;0.0;pa030​;20250612_123326;1;TUG1;0,0155;1,1453;-0,2308;-0,2075;0,0405;-0,0184;0,9772;;True
1044,02;0.0;pa030​;20250612_123326;1;TUG1;0,0151;1,1451;-0,2307;-0,2064;0,0359;-0,0182;0,9776;;True
1044,03;0.0;pa030​;20250612_123326;1;TUG1;0,0137;1,1447;-0,2306;-0,2051;0,0295;-0,0182;0,9781;;True
1044,05;0.0;pa030​;20250612_123326;1;TUG1;0,0127;1,1445;-0,2305;-0,2037;0,0219;-0,0180;0,9786;;True
1044,06;0.0;pa030​;20250612_123326;1;TUG1;0,0114;1,1441;-0,2304;-0,2027;0,0137;-0,0180;0,9790;;True
1044,07;0.0;pa030​;20250612_123326;1;TUG1;0,0103;1,1438;-0,2304;-0,2015;0,0059;-0,0181;0,9793;;True
1044,09;0.0;pa030​;20250612_123326;1;TUG1;0,0093;1,1434;-0,2304;-0,2004;-0,0006;-0,0179;0,9796;;True
1044,10;0.0;pa030​;20250612_123326;1;TUG1;0,0085;1,1430;-0,2303;-0,1986;-0,0061;-0,0174;0,9799;;True
1044,12;0.0;pa030​;20250612_123326;1;TUG1;0,0076;1,1426;-0,2302;-0,1971;-0,0097;-0,0160;0,9802;;True
1044,13;0.0;pa030​;20250612_123326;1;TUG1;0,0069;1,1421;-0,2302;-0,1953;-0,0129;-0,0148;0,9806;;True
1044,14;0.0;pa030​;20250612_123326;1;TUG1;0,0061;1,1416;-0,2303;-0,1932;-0,0148;-0,0131;0,9810;;True
1044,16;0.0;pa030​;20250612_123326;1;TUG1;0,0053;1,1413;-0,2303;-0,1909;-0,0164;-0,0109;0,9814;;True
1044,17;0.0;pa030​;20250612_123326;1;TUG1;0,0046;1,1411;-0,2304;-0,1898;-0,0180;-0,0087;0,9816;;True
1044,18;0.0;pa030​;20250612_123326;1;TUG1;0,0038;1,1411;-0,2305;-0,1889;-0,0185;-0,0070;0,9818;;True
1044,20;0.0;pa030​;20250612_123326;1;TUG1;0,0031;1,1410;-0,2307;-0,1887;-0,0191;-0,0053;0,9818;;True
1044,21;0.0;pa030​;20250612_123326;1;TUG1;0,0023;1,1409;-0,2310;-0,1887;-0,0189;-0,0037;0,9819;;True
1044,23;0.0;pa030​;20250612_123326;1;TUG1;0,0014;1,1408;-0,2313;-0,1885;-0,0184;-0,0026;0,9819;;True
1044,24;0.0;pa030​;20250612_123326;1;TUG1;0,0007;1,1408;-0,2316;-0,1883;-0,0180;-0,0016;0,9820;;True
1044,25;0.0;pa030​;20250612_123326;1;TUG1;-0,0002;1,1408;-0,2318;-0,1883;-0,0171;-0,0005;0,9820;;True
1044,27;0.0;pa030​;20250612_123326;1;TUG1;-0,0011;1,1408;-0,2320;-0,1882;-0,0164;0,0003;0,9820;;True
1044,28;0.0;pa030​;20250612_123326;1;TUG1;-0,0021;1,1408;-0,2322;-0,1882;-0,0156;0,0009;0,9820;;True
1044,30;0.0;pa030​;20250612_123326;1;TUG1;-0,0031;1,1408;-0,2323;-0,1883;-0,0152;0,0014;0,9820;;True
1044,31;0.0;pa030​;20250612_123326;1;TUG1;-0,0041;1,1408;-0,2324;-0,1878;-0,0148;0,0019;0,9821;;True
1044,32;0.0;pa030​;20250612_123326;1;TUG1;-0,0052;1,1405;-0,2324;-0,1868;-0,0141;0,0024;0,9823;;True
1044,34;0.0;pa030​;20250612_123326;1;TUG1;-0,0063;1,1403;-0,2323;-0,1852;-0,0134;0,0028;0,9826;;True
1044,35;0.0;pa030​;20250612_123326;1;TUG1;-0,0072;1,1399;-0,2321;-0,1825;-0,0128;0,0029;0,9831;;True
1044,38;0.0;pa030​;20250612_123326;1;TUG1;-0,0093;1,1386;-0,2315;-0,1751;-0,0100;0,0028;0,9845;;True
1044,39;0.0;pa030​;20250612_123326;1;TUG1;-0,0103;1,1378;-0,2310;-0,1699;-0,0081;0,0019;0,9854;;True
1044,41;0.0;pa030​;20250612_123326;1;TUG1;-0,0113;1,1369;-0,2304;-0,1640;-0,0063;0,0017;0,9864;;True
1044,42;0.0;pa030​;20250612_123326;1;TUG1;-0,0123;1,1357;-0,2296;-0,1582;-0,0048;0,0028;0,9874;;True
1044,44;0.0;pa030​;20250612_123326;1;TUG1;-0,0133;1,1348;-0,2287;-0,1512;-0,0034;0,0039;0,9885;;True
1044,45;0.0;pa030​;20250612_123326;1;TUG1;-0,0144;1,1339;-0,2277;-0,1441;-0,0014;0,0049;0,9896;;True
1044,46;0.0;pa030​;20250612_123326;1;TUG1;-0,0153;1,1329;-0,2266;-0,1380;0,0004;0,0058;0,9904;;True
1044,48;0.0;pa030​;20250612_123326;1;TUG1;-0,0163;1,1323;-0,2252;-0,1328;0,0028;0,0059;0,9911;;True
1044,49;0.0;pa030​;20250612_123326;1;TUG1;-0,0172;1,1317;-0,2237;-0,1288;0,0046;0,0060;0,9916;;True
1044,50;0.0;pa030​;20250612_123326;1;TUG1;-0,0183;1,1314;-0,2221;-0,1254;0,0070;0,0065;0,9921;;True
1044,52;0.0;pa030​;20250612_123326;1;TUG1;-0,0193;1,1312;-0,2205;-0,1230;0,0087;0,0065;0,9923;;True
1044,53;0.0;pa030​;20250612_123326;1;TUG1;-0,0206;1,1312;-0,2190;-0,1209;0,0107;0,0062;0,9926;;True
1044,55;0.0;pa030​;20250612_123326;1;TUG1;-0,0217;1,1310;-0,2173;-0,1198;0,0119;0,0064;0,9927;;True
1044,56;0.0;pa030​;20250612_123326;1;TUG1;-0,0228;1,1310;-0,2155;-0,1188;0,0130;0,0065;0,9928;;True
1044,57;0.0;pa030​;20250612_123326;1;TUG1;-0,0239;1,1312;-0,2137;-0,1186;0,0139;0,0066;0,9928;;True
1044,59;0.0;pa030​;20250612_123326;1;TUG1;-0,0252;1,1314;-0,2119;-0,1189;0,0148;0,0066;0,9928;;True
1044,60;0.0;pa030​;20250612_123326;1;TUG1;-0,0266;1,1316;-0,2100;-0,1195;0,0151;0,0064;0,9927;;True
1044,62;0.0;pa030​;20250612_123326;1;TUG1;-0,0279;1,1319;-0,2079;-0,1203;0,0146;0,0067;0,9926;;True
1044,63;0.0;pa030​;20250612_123326;1;TUG1;-0,0293;1,1322;-0,2059;-0,1213;0,0140;0,0066;0,9925;;True
1044,64;0.0;pa030​;20250612_123326;1;TUG1;-0,0308;1,1327;-0,2037;-0,1227;0,0135;0,0067;0,9923;;True
1044,66;0.0;pa030​;20250612_123326;1;TUG1;-0,0321;1,1331;-0,2015;-0,1243;0,0128;0,0069;0,9921;;True
1044,67;0.0;pa030​;20250612_123326;1;TUG1;-0,0335;1,1335;-0,1992;-0,1259;0,0121;0,0070;0,9919;;True
1044,68;0.0;pa030​;20250612_123326;1;TUG1;-0,0348;1,1341;-0,1968;-0,1272;0,0113;0,0073;0,9918;;True
1044,70;0.0;pa030​;20250612_123326;1;TUG1;-0,0361;1,1349;-0,1943;-0,1293;0,0103;0,0076;0,9915;;True
1044,71;0.0;pa030​;20250612_123326;1;TUG1;-0,0374;1,1358;-0,1918;-0,1323;0,0090;0,0069;0,9912;;True
1044,73;0.0;pa030​;20250612_123326;1;TUG1;-0,0386;1,1364;-0,1892;-0,1352;0,0081;0,0071;0,9908;;True
1044,74;0.0;pa030​;20250612_123326;1;TUG1;-0,0397;1,1370;-0,1866;-0,1366;0,0076;0,0073;0,9906;;True
1044,75;0.0;pa030​;20250612_123326;1;TUG1;-0,0407;1,1376;-0,1839;-0,1379;0,0072;0,0071;0,9904;;True
1044,77;0.0;pa030​;20250612_123326;1;TUG1;-0,0416;1,1383;-0,1809;-0,1403;0,0072;0,0072;0,9901;;True
1044,78;0.0;pa030​;20250612_123326;1;TUG1;-0,0425;1,1388;-0,1778;-0,1422;0,0073;0,0076;0,9898;;True
1044,80;0.0;pa030​;20250612_123326;1;TUG1;-0,0434;1,1390;-0,1747;-0,1429;0,0071;0,0078;0,9897;;True
1044,81;0.0;pa030​;20250612_123326;1;TUG1;-0,0442;1,1392;-0,1715;-0,1439;0,0067;0,0081;0,9895;;True
1044,83;0.0;pa030​;20250612_123326;1;TUG1;-0,0450;1,1396;-0,1682;-0,1450;0,0064;0,0078;0,9894;;True
1044,84;0.0;pa030​;20250612_123326;1;TUG1;-0,0458;1,1400;-0,1648;-0,1472;0,0061;0,0077;0,9891;;True
1044,85;0.0;pa030​;20250612_123326;1;TUG1;-0,0466;1,1402;-0,1614;-0,1486;0,0056;0,0074;0,9889;;True
1044,86;0.0;pa030​;20250612_123326;1;TUG1;-0,0473;1,1403;-0,1581;-0,1493;0,0050;0,0076;0,9888;;True
1044,89;0.0;pa030​;20250612_123326;1;TUG1;-0,0485;1,1408;-0,1509;-0,1510;0,0045;0,0064;0,9885;;True
1044,91;0.0;pa030​;20250612_123326;1;TUG1;-0,0491;1,1410;-0,1472;-0,1513;0,0041;0,0061;0,9885;;True
1044,92;0.0;pa030​;20250612_123326;1;TUG1;-0,0496;1,1410;-0,1435;-0,1513;0,0039;0,0059;0,9885;;True
1044,93;0.0;pa030​;20250612_123326;1;TUG1;-0,0503;1,1412;-0,1399;-0,1514;0,0041;0,0057;0,9885;;True
1044,95;0.0;pa030​;20250612_123326;1;TUG1;-0,0510;1,1413;-0,1362;-0,1518;0,0039;0,0047;0,9884;;True
1044,96;0.0;pa030​;20250612_123326;1;TUG1;-0,0516;1,1414;-0,1325;-0,1526;0,0032;0,0037;0,9883;;True
1044,98;0.0;pa030​;20250612_123326;1;TUG1;-0,0520;1,1416;-0,1288;-0,1531;0,0024;0,0036;0,9882;;True
1044,99;0.0;pa030​;20250612_123326;1;TUG1;-0,0523;1,1417;-0,1252;-0,1532;0,0019;0,0033;0,9882;;True
1045,00;0.0;pa030​;20250612_123326;1;TUG1;-0,0526;1,1417;-0,1216;-0,1526;0,0017;0,0031;0,9883;;True
1045,02;0.0;pa030​;20250612_123326;1;TUG1;-0,0528;1,1415;-0,1181;-0,1510;0,0015;0,0026;0,9885;;True
1045,03;0.0;pa030​;20250612_123326;1;TUG1;-0,0529;1,1413;-0,1148;-0,1489;0,0014;0,0018;0,9889;;True
1045,05;0.0;pa030​;20250612_123326;1;TUG1;-0,0530;1,1410;-0,1114;-0,1468;0,0010;0,0014;0,9892;;True
1045,06;0.0;pa030​;20250612_123326;1;TUG1;-0,0531;1,1406;-0,1080;-0,1448;0,0004;0,0006;0,9895;;True
1045,07;0.0;pa030​;20250612_123326;1;TUG1;-0,0530;1,1402;-0,1047;-0,1425;-0,0005;-0,0005;0,9898;;True
1045,09;0.0;pa030​;20250612_123326;1;TUG1;-0,0529;1,1398;-0,1015;-0,1402;-0,0011;-0,0014;0,9901;;True
1045,10;0.0;pa030​;20250612_123326;1;TUG1;-0,0527;1,1395;-0,0984;-0,1381;-0,0015;-0,0022;0,9904;;True
1045,11;0.0;pa030​;20250612_123326;1;TUG1;-0,0526;1,1393;-0,0954;-0,1368;-0,0014;-0,0030;0,9906;;True
1045,13;0.0;pa030​;20250612_123326;1;TUG1;-0,0523;1,1391;-0,0925;-0,1356;-0,0013;-0,0033;0,9908;;True
1045,14;0.0;pa030​;20250612_123326;1;TUG1;-0,0521;1,1389;-0,0898;-0,1343;-0,0010;-0,0037;0,9909;;True
1045,16;0.0;pa030​;20250612_123326;1;TUG1;-0,0518;1,1386;-0,0871;-0,1331;-0,0006;-0,0042;0,9911;;True
1045,17;0.0;pa030​;20250612_123326;1;TUG1;-0,0517;1,1381;-0,0845;-0,1317;-0,0001;-0,0049;0,9913;;True
1045,18;0.0;pa030​;20250612_123326;1;TUG1;-0,0517;1,1375;-0,0820;-0,1301;0,0004;-0,0052;0,9915;;True
1045,20;0.0;pa030​;20250612_123326;1;TUG1;-0,0516;1,1370;-0,0796;-0,1285;0,0005;-0,0057;0,9917;;True
1045,21;0.0;pa030​;20250612_123326;1;TUG1;-0,0512;1,1366;-0,0771;-0,1274;0,0006;-0,0058;0,9918;;True
1045,23;0.0;pa030​;20250612_123326;1;TUG1;-0,0510;1,1362;-0,0749;-0,1261;0,0009;-0,0056;0,9920;;True
1045,24;0.0;pa030​;20250612_123326;1;TUG1;-0,0507;1,1359;-0,0728;-0,1247;0,0010;-0,0055;0,9922;;True
1045,25;0.0;pa030​;20250612_123326;1;TUG1;-0,0505;1,1354;-0,0708;-0,1241;0,0010;-0,0054;0,9923;;True
1045,27;0.0;pa030​;20250612_123326;1;TUG1;-0,0504;1,1350;-0,0690;-0,1234;0,0006;-0,0053;0,9923;;True
1045,28;0.0;pa030​;20250612_123326;1;TUG1;-0,0502;1,1346;-0,0672;-0,1230;-0,0001;-0,0055;0,9924;;True
1045,29;0.0;pa030​;20250612_123326;1;TUG1;-0,0500;1,1342;-0,0657;-0,1229;-0,0008;-0,0051;0,9924;;True
1045,31;0.0;pa030​;20250612_123326;1;TUG1;-0,0497;1,1337;-0,0642;-0,1225;-0,0018;-0,0049;0,9925;;True
1045,32;0.0;pa030​;20250612_123326;1;TUG1;-0,0495;1,1333;-0,0628;-0,1214;-0,0025;-0,0045;0,9926;;True
1045,34;0.0;pa030​;20250612_123326;1;TUG1;-0,0492;1,1328;-0,0615;-0,1205;-0,0034;-0,0043;0,9927;;True
1045,35;0.0;pa030​;20250612_123326;1;TUG1;-0,0489;1,1323;-0,0601;-0,1195;-0,0040;-0,0041;0,9928;;True
1045,37;0.0;pa030​;20250612_123326;1;TUG1;-0,0485;1,1318;-0,0587;-0,1188;-0,0044;-0,0036;0,9929;;True
1045,38;0.0;pa030​;20250612_123326;1;TUG1;-0,0480;1,1314;-0,0570;-0,1184;-0,0050;-0,0037;0,9929;;True
1045,39;0.0;pa030​;20250612_123326;1;TUG1;-0,0474;1,1307;-0,0551;-0,1186;-0,0054;-0,0043;0,9929;;True
1045,41;0.0;pa030​;20250612_123326;1;TUG1;-0,0467;1,1300;-0,0527;-0,1187;-0,0056;-0,0052;0,9929;;True
1045,42;0.0;pa030​;20250612_123326;1;TUG1;-0,0461;1,1289;-0,0500;-0,1188;-0,0051;-0,0062;0,9929;;True
1045,43;0.0;pa030​;20250612_123326;1;TUG1;-0,0455;1,1273;-0,0468;-0,1175;-0,0043;-0,0068;0,9930;;True
1045,45;0.0;pa030​;20250612_123326;1;TUG1;-0,0450;1,1254;-0,0432;-0,1141;-0,0038;-0,0063;0,9934;;True
1045,46;0.0;pa030​;20250612_123326;1;TUG1;-0,0444;1,1234;-0,0393;-0,1086;-0,0037;-0,0050;0,9941;;True
1045,48;0.0;pa030​;20250612_123326;1;TUG1;-0,0437;1,1212;-0,0353;-0,1017;-0,0039;-0,0034;0,9948;;True
1045,49;0.0;pa030​;20250612_123326;1;TUG1;-0,0430;1,1192;-0,0312;-0,0953;-0,0042;-0,0027;0,9954;;True
1045,50;0.0;pa030​;20250612_123326;1;TUG1;-0,0422;1,1174;-0,0273;-0,0896;-0,0042;-0,0025;0,9960;;True
1045,52;0.0;pa030​;20250612_123326;1;TUG1;-0,0413;1,1157;-0,0238;-0,0836;-0,0037;-0,0036;0,9965;;True
1045,53;0.0;pa030​;20250612_123326;1;TUG1;-0,0402;1,1142;-0,0208;-0,0764;-0,0029;-0,0030;0,9971;;True
1045,55;0.0;pa030​;20250612_123326;1;TUG1;-0,0391;1,1130;-0,0183;-0,0707;-0,0019;-0,0024;0,9975;;True
1045,56;0.0;pa030​;20250612_123326;1;TUG1;-0,0379;1,1124;-0,0161;-0,0667;-0,0009;-0,0023;0,9978;;True
1045,57;0.0;pa030​;20250612_123326;1;TUG1;-0,0370;1,1123;-0,0142;-0,0650;0,0003;-0,0024;0,9979;;True
1045,59;0.0;pa030​;20250612_123326;1;TUG1;-0,0362;1,1124;-0,0128;-0,0652;0,0010;-0,0030;0,9979;;True
1045,60;0.0;pa030​;20250612_123326;1;TUG1;-0,0353;1,1124;-0,0118;-0,0666;0,0009;-0,0035;0,9978;;True
1045,61;0.0;pa030​;20250612_123326;1;TUG1;-0,0346;1,1124;-0,0112;-0,0676;0,0006;-0,0034;0,9977;;True
1045,63;0.0;pa030​;20250612_123326;1;TUG1;-0,0339;1,1123;-0,0108;-0,0678;-0,0001;-0,0034;0,9977;;True
1045,64;0.0;pa030​;20250612_123326;1;TUG1;-0,0332;1,1121;-0,0107;-0,0678;-0,0007;-0,0033;0,9977;;True
1045,66;0.0;pa030​;20250612_123326;1;TUG1;-0,0322;1,1119;-0,0112;-0,0672;-0,0011;-0,0033;0,9977;;True
1045,67;0.0;pa030​;20250612_123326;1;TUG1;-0,0313;1,1117;-0,0119;-0,0667;-0,0012;-0,0034;0,9978;;True
1045,68;0.0;pa030​;20250612_123326;1;TUG1;-0,0306;1,1118;-0,0123;-0,0665;-0,0012;-0,0041;0,9978;;True
1045,70;0.0;pa030​;20250612_123326;1;TUG1;-0,0298;1,1120;-0,0128;-0,0669;-0,0015;-0,0050;0,9977;;True
1045,71;0.0;pa030​;20250612_123326;1;TUG1;-0,0291;1,1124;-0,0134;-0,0685;-0,0019;-0,0060;0,9976;;True
1045,73;0.0;pa030​;20250612_123326;1;TUG1;-0,0284;1,1127;-0,0141;-0,0702;-0,0024;-0,0067;0,9975;;True
1045,74;0.0;pa030​;20250612_123326;1;TUG1;-0,0277;1,1129;-0,0148;-0,0714;-0,0032;-0,0067;0,9974;;True
1045,75;0.0;pa030​;20250612_123326;1;TUG1;-0,0271;1,1131;-0,0157;-0,0717;-0,0036;-0,0075;0,9974;;True
1045,77;0.0;pa030​;20250612_123326;1;TUG1;-0,0263;1,1134;-0,0167;-0,0716;-0,0044;-0,0077;0,9974;;True
1045,78;0.0;pa030​;20250612_123326;1;TUG1;-0,0255;1,1138;-0,0179;-0,0722;-0,0049;-0,0080;0,9973;;True
1045,79;0.0;pa030​;20250612_123326;1;TUG1;-0,0246;1,1144;-0,0191;-0,0735;-0,0055;-0,0087;0,9972;;True
1045,81;0.0;pa030​;20250612_123326;1;TUG1;-0,0237;1,1150;-0,0204;-0,0751;-0,0058;-0,0097;0,9971;;True
1045,82;0.0;pa030​;20250612_123326;1;TUG1;-0,0227;1,1157;-0,0217;-0,0767;-0,0062;-0,0112;0,9970;;True
1045,84;0.0;pa030​;20250612_123326;1;TUG1;-0,0216;1,1163;-0,0231;-0,0780;-0,0060;-0,0123;0,9969;;True
1045,85;0.0;pa030​;20250612_123326;1;TUG1;-0,0205;1,1171;-0,0246;-0,0793;-0,0057;-0,0132;0,9968;;True
1045,86;0.0;pa030​;20250612_123326;1;TUG1;-0,0195;1,1180;-0,0261;-0,0805;-0,0054;-0,0140;0,9966;;True
1045,88;0.0;pa030​;20250612_123326;1;TUG1;-0,0186;1,1189;-0,0279;-0,0822;-0,0048;-0,0147;0,9965;;True
1045,89;0.0;pa030​;20250612_123326;1;TUG1;-0,0178;1,1196;-0,0299;-0,0836;-0,0042;-0,0155;0,9964;;True
1045,91;0.0;pa030​;20250612_123326;1;TUG1;-0,0172;1,1205;-0,0319;-0,0855;-0,0036;-0,0161;0,9962;;True
1045,92;0.0;pa030​;20250612_123326;1;TUG1;-0,0165;1,1216;-0,0340;-0,0881;-0,0032;-0,0164;0,9960;;True
1045,93;0.0;pa030​;20250612_123326;1;TUG1;-0,0158;1,1226;-0,0361;-0,0908;-0,0026;-0,0168;0,9957;;True
1045,95;0.0;pa030​;20250612_123326;1;TUG1;-0,0152;1,1237;-0,0382;-0,0934;-0,0016;-0,0172;0,9955;;True
1045,96;0.0;pa030​;20250612_123326;1;TUG1;-0,0148;1,1247;-0,0404;-0,0960;-0,0007;-0,0175;0,9952;;True
1045,98;0.0;pa030​;20250612_123326;1;TUG1;-0,0144;1,1256;-0,0426;-0,0986;0,0001;-0,0173;0,9950;;True
1045,99;0.0;pa030​;20250612_123326;1;TUG1;-0,0143;1,1265;-0,0448;-0,1008;0,0011;-0,0169;0,9948;;True
1046,00;0.0;pa030​;20250612_123326;1;TUG1;-0,0141;1,1273;-0,0472;-0,1029;0,0019;-0,0162;0,9946;;True
1046,02;0.0;pa030​;20250612_123326;1;TUG1;-0,0139;1,1281;-0,0497;-0,1046;0,0029;-0,0155;0,9944;;True
1046,03;0.0;pa030​;20250612_123326;1;TUG1;-0,0137;1,1289;-0,0521;-0,1059;0,0039;-0,0143;0,9943;;True
1046,05;0.0;pa030​;20250612_123326;1;TUG1;-0,0137;1,1295;-0,0544;-0,1070;0,0050;-0,0131;0,9942;;True
1046,06;0.0;pa030​;20250612_123326;1;TUG1;-0,0136;1,1301;-0,0568;-0,1082;0,0064;-0,0120;0,9940;;True
1046,07;0.0;pa030​;20250612_123326;1;TUG1;-0,0135;1,1306;-0,0592;-0,1090;0,0080;-0,0109;0,9939;;True
1046,09;0.0;pa030​;20250612_123326;1;TUG1;-0,0133;1,1312;-0,0617;-0,1100;0,0098;-0,0096;0,9938;;True
1046,10;0.0;pa030​;20250612_123326;1;TUG1;-0,0131;1,1319;-0,0642;-0,1107;0,0118;-0,0084;0,9937;;True
1046,12;0.0;pa030​;20250612_123326;1;TUG1;-0,0130;1,1325;-0,0668;-0,1119;0,0138;-0,0078;0,9936;;True
1046,13;0.0;pa030​;20250612_123326;1;TUG1;-0,0129;1,1330;-0,0697;-0,1134;0,0156;-0,0069;0,9934;;True
1046,14;0.0;pa030​;20250612_123326;1;TUG1;-0,0127;1,1334;-0,0729;-0,1151;0,0174;-0,0059;0,9932;;True
1046,16;0.0;pa030​;20250612_123326;1;TUG1;-0,0126;1,1340;-0,0758;-0,1166;0,0192;-0,0048;0,9930;;True
1046,17;0.0;pa030​;20250612_123326;1;TUG1;-0,0127;1,1346;-0,0785;-0,1176;0,0212;-0,0043;0,9928;;True
1046,19;0.0;pa030​;20250612_123326;1;TUG1;-0,0128;1,1353;-0,0812;-0,1187;0,0233;-0,0035;0,9927;;True
1046,20;0.0;pa030​;20250612_123326;1;TUG1;-0,0130;1,1361;-0,0838;-0,1202;0,0252;-0,0030;0,9924;;True
1046,21;0.0;pa030​;20250612_123326;1;TUG1;-0,0134;1,1370;-0,0863;-0,1228;0,0272;-0,0031;0,9921;;True
1046,23;0.0;pa030​;20250612_123326;1;TUG1;-0,0140;1,1379;-0,0887;-0,1261;0,0291;-0,0026;0,9916;;True
1046,24;0.0;pa030​;20250612_123326;1;TUG1;-0,0148;1,1386;-0,0908;-0,1287;0,0302;-0,0022;0,9912;;True
1046,25;0.0;pa030​;20250612_123326;1;TUG1;-0,0158;1,1390;-0,0929;-0,1310;0,0312;-0,0010;0,9909;;True
1046,27;0.0;pa030​;20250612_123326;1;TUG1;-0,0168;1,1391;-0,0948;-0,1327;0,0315;-0,0001;0,9907;;True
1046,28;0.0;pa030​;20250612_123326;1;TUG1;-0,0180;1,1391;-0,0964;-0,1333;0,0311;0,0011;0,9906;;True
1046,30;0.0;pa030​;20250612_123326;1;TUG1;-0,0192;1,1390;-0,0977;-0,1332;0,0303;0,0020;0,9906;;True
1046,31;0.0;pa030​;20250612_123326;1;TUG1;-0,0203;1,1388;-0,0989;-0,1330;0,0291;0,0033;0,9907;;True
1046,32;0.02;pa030​;20250612_123326;1;TUG1;-0,0212;1,1384;-0,1000;-0,1320;0,0276;0,0047;0,9908;;False
1046,34;0.03;pa030​;20250612_123326;1;TUG1;-0,0221;1,1381;-0,1011;-0,1304;0,0264;0,0058;0,9911;;False
1046,35;0.04;pa030​;20250612_123326;1;TUG1;-0,0227;1,1378;-0,1019;-0,1283;0,0247;0,0066;0,9914;;False
1046,36;0.06;pa030​;20250612_123326;1;TUG1;-0,0231;1,1375;-0,1028;-0,1267;0,0228;0,0067;0,9917;;False
1046,38;0.07;pa030​;20250612_123326;1;TUG1;-0,0232;1,1373;-0,1040;-0,1253;0,0207;0,0058;0,9919;;False
1046,39;0.08;pa030​;20250612_123326;1;TUG1;-0,0229;1,1372;-0,1050;-0,1254;0,0194;0,0050;0,9919;;False
1046,41;0.1;pa030​;20250612_123326;1;TUG1;-0,0223;1,1372;-0,1061;-0,1249;0,0187;0,0040;0,9920;;False
1046,42;0.11;pa030​;20250612_123326;1;TUG1;-0,0215;1,1373;-0,1072;-0,1241;0,0185;0,0030;0,9921;;False
1046,44;0.13;pa030​;20250612_123326;1;TUG1;-0,0205;1,1376;-0,1083;-0,1248;0,0185;0,0019;0,9920;;False
1046,45;0.14;pa030​;20250612_123326;1;TUG1;-0,0192;1,1380;-0,1094;-0,1260;0,0185;0,0011;0,9919;;False
1046,46;0.15;pa030​;20250612_123326;1;TUG1;-0,0177;1,1384;-0,1105;-0,1282;0,0194;0,0000;0,9916;;False
1046,48;0.17;pa030​;20250612_123326;1;TUG1;-0,0162;1,1385;-0,1116;-0,1288;0,0202;-0,0017;0,9915;;False
1046,49;0.18;pa030​;20250612_123326;1;TUG1;-0,0146;1,1387;-0,1131;-0,1290;0,0207;-0,0031;0,9914;;False
1046,51;0.2;pa030​;20250612_123326;1;TUG1;-0,0130;1,1391;-0,1145;-0,1302;0,0208;-0,0060;0,9913;;False
1046,52;0.21;pa030​;20250612_123326;1;TUG1;-0,0116;1,1395;-0,1157;-0,1329;0,0207;-0,0086;0,9909;;False
1046,53;0.22;pa030​;20250612_123326;1;TUG1;-0,0105;1,1399;-0,1171;-0,1348;0,0204;-0,0108;0,9906;;False
1046,55;0.24;pa030​;20250612_123326;1;TUG1;-0,0096;1,1400;-0,1184;-0,1357;0,0201;-0,0124;0,9905;;False
1046,56;0.25;pa030​;20250612_123326;1;TUG1;-0,0089;1,1402;-0,1198;-0,1356;0,0197;-0,0136;0,9905;;False
1046,57;0.26;pa030​;20250612_123326;1;TUG1;-0,0084;1,1405;-0,1210;-0,1369;0,0192;-0,0148;0,9903;;False
1046,59;0.28;pa030​;20250612_123326;1;TUG1;-0,0082;1,1410;-0,1222;-0,1388;0,0188;-0,0155;0,9900;;False
1046,60;0.29;pa030​;20250612_123326;1;TUG1;-0,0082;1,1410;-0,1235;-0,1405;0,0181;-0,0158;0,9898;;False
1046,62;0.31;pa030​;20250612_123326;1;TUG1;-0,0083;1,1406;-0,1251;-0,1406;0,0172;-0,0157;0,9898;;False
1046,63;0.32;pa030​;20250612_123326;1;TUG1;-0,0087;1,1403;-0,1267;-0,1399;0,0162;-0,0157;0,9899;;False
1046,64;0.33;pa030​;20250612_123326;1;TUG1;-0,0093;1,1402;-0,1280;-0,1398;0,0153;-0,0157;0,9899;;False
1046,66;0.35;pa030​;20250612_123326;1;TUG1;-0,0099;1,1402;-0,1292;-0,1396;0,0141;-0,0151;0,9900;;False
1046,67;0.36;pa030​;20250612_123326;1;TUG1;-0,0108;1,1401;-0,1305;-0,1402;0,0128;-0,0142;0,9899;;False
1046,68;0.38;pa030​;20250612_123326;1;TUG1;-0,0117;1,1398;-0,1318;-0,1398;0,0113;-0,0130;0,9900;;False
1046,70;0.39;pa030​;20250612_123326;1;TUG1;-0,0126;1,1395;-0,1331;-0,1387;0,0099;-0,0119;0,9902;;False
1046,71;0.4;pa030​;20250612_123326;1;TUG1;-0,0135;1,1392;-0,1344;-0,1367;0,0087;-0,0110;0,9905;;False
1046,73;0.42;pa030​;20250612_123326;1;TUG1;-0,0145;1,1388;-0,1358;-0,1348;0,0074;-0,0104;0,9908;;False
1046,74;0.43;pa030​;20250612_123326;1;TUG1;-0,0153;1,1384;-0,1371;-0,1326;0,0061;-0,0095;0,9911;;False
1046,75;0.44;pa030​;20250612_123326;1;TUG1;-0,0160;1,1378;-0,1384;-0,1295;0,0053;-0,0085;0,9915;;False
1046,77;0.46;pa030​;20250612_123326;1;TUG1;-0,0166;1,1370;-0,1393;-0,1252;0,0048;-0,0082;0,9921;;False
1046,78;0.47;pa030​;20250612_123326;1;TUG1;-0,0171;1,1360;-0,1401;-0,1192;0,0048;-0,0088;0,9928;;False
1046,80;0.49;pa030​;20250612_123326;1;TUG1;-0,0175;1,1348;-0,1404;-0,1125;0,0047;-0,0096;0,9936;;False
1046,81;0.5;pa030​;20250612_123326;1;TUG1;-0,0179;1,1335;-0,1404;-0,1053;0,0052;-0,0100;0,9944;;False
1046,82;0.51;pa030​;20250612_123326;1;TUG1;-0,0184;1,1319;-0,1397;-0,0981;0,0058;-0,0112;0,9951;;False
1046,84;0.53;pa030​;20250612_123326;1;TUG1;-0,0187;1,1303;-0,1382;-0,0902;0,0057;-0,0121;0,9958;;False
1046,85;0.54;pa030​;20250612_123326;1;TUG1;-0,0191;1,1283;-0,1361;-0,0820;0,0058;-0,0120;0,9965;;False
1046,87;0.56;pa030​;20250612_123326;1;TUG1;-0,0195;1,1262;-0,1329;-0,0715;0,0060;-0,0111;0,9974;;False
1046,88;0.57;pa030​;20250612_123326;1;TUG1;-0,0197;1,1233;-0,1291;-0,0612;0,0053;-0,0093;0,9981;;False
1046,89;0.58;pa030​;20250612_123326;1;TUG1;-0,0196;1,1204;-0,1245;-0,0487;0,0043;-0,0070;0,9988;;False
1046,91;0.6;pa030​;20250612_123326;1;TUG1;-0,0193;1,1168;-0,1192;-0,0348;0,0040;-0,0042;0,9994;;False
1046,92;0.61;pa030​;20250612_123326;1;TUG1;-0,0187;1,1130;-0,1131;-0,0197;0,0055;-0,0045;0,9998;;False
1046,93;0.63;pa030​;20250612_123326;1;TUG1;-0,0180;1,1090;-0,1065;-0,0054;0,0082;-0,0065;0,9999;;False
1046,95;0.64;pa030​;20250612_123326;1;TUG1;-0,0171;1,1047;-0,0992;0,0084;0,0111;-0,0070;0,9999;;False
1046,96;0.65;pa030​;20250612_123326;1;TUG1;-0,0161;1,0997;-0,0913;0,0213;0,0137;-0,0065;0,9997;;False
1046,98;0.67;pa030​;20250612_123326;1;TUG1;-0,0150;1,0944;-0,0831;0,0348;0,0164;-0,0062;0,9992;;False
1046,99;0.68;pa030​;20250612_123326;1;TUG1;-0,0138;1,0885;-0,0743;0,0483;0,0195;-0,0060;0,9986;;False
1047,00;0.7;pa030​;20250612_123326;1;TUG1;-0,0126;1,0824;-0,0646;0,0614;0,0226;-0,0061;0,9978;;False
1047,02;0.71;pa030​;20250612_123326;1;TUG1;-0,0113;1,0760;-0,0542;0,0754;0,0242;-0,0060;0,9968;;False
1047,03;0.72;pa030​;20250612_123326;1;TUG1;-0,0101;1,0688;-0,0434;0,0893;0,0248;-0,0060;0,9957;;False
1047,05;0.74;pa030​;20250612_123326;1;TUG1;-0,0089;1,0611;-0,0322;0,1043;0,0251;-0,0057;0,9942;;False
1047,06;0.75;pa030​;20250612_123326;1;TUG1;-0,0074;1,0531;-0,0207;0,1201;0,0255;-0,0057;0,9924;;False
1047,07;0.77;pa030​;20250612_123326;1;TUG1;-0,0058;1,0449;-0,0088;0,1359;0,0263;-0,0051;0,9904;;False
1047,10;0.79;pa030​;20250612_123326;1;TUG1;-0,0025;1,0281;0,0164;0,1642;0,0280;-0,0059;0,9860;;False
1047,12;0.81;pa030​;20250612_123326;1;TUG1;-0,0007;1,0195;0,0295;0,1763;0,0294;-0,0075;0,9839;;False
1047,13;0.82;pa030​;20250612_123326;1;TUG1;0,0011;1,0106;0,0428;0,1875;0,0314;-0,0086;0,9817;;False
1047,14;0.83;pa030​;20250612_123326;1;TUG1;0,0031;1,0017;0,0563;0,1990;0,0338;-0,0091;0,9794;;False
1047,16;0.85;pa030​;20250612_123326;1;TUG1;0,0051;0,9927;0,0699;0,2101;0,0357;-0,0090;0,9770;;False
1047,17;0.86;pa030​;20250612_123326;1;TUG1;0,0071;0,9839;0,0838;0,2204;0,0379;-0,0099;0,9746;;False
1047,18;0.88;pa030​;20250612_123326;1;TUG1;0,0092;0,9754;0,0980;0,2286;0,0401;-0,0110;0,9726;;False
1047,20;0.89;pa030​;20250612_123326;1;TUG1;0,0113;0,9674;0,1125;0,2348;0,0427;-0,0116;0,9710;;False
1047,21;0.9;pa030​;20250612_123326;1;TUG1;0,0134;0,9599;0,1271;0,2388;0,0451;-0,0124;0,9699;;False
1047,23;0.92;pa030​;20250612_123326;1;TUG1;0,0155;0,9531;0,1422;0,2405;0,0470;-0,0137;0,9694;;False
1047,24;0.93;pa030​;20250612_123326;1;TUG1;0,0175;0,9478;0,1575;0,2413;0,0488;-0,0158;0,9691;;False
1047,25;0.94;pa030​;20250612_123326;1;TUG1;0,0195;0,9437;0,1730;0,2416;0,0504;-0,0169;0,9689;;False
1047,27;0.96;pa030​;20250612_123326;1;TUG1;0,0213;0,9405;0,1886;0,2381;0,0516;-0,0179;0,9697;;False
1047,28;0.97;pa030​;20250612_123326;1;TUG1;0,0231;0,9365;0,2024;0,2228;0,0514;-0,0195;0,9733;;False
1047,30;0.99;pa030​;20250612_123326;1;TUG1;0,0247;0,9337;0,2153;0,2215;0,0538;-0,0227;0,9734;;False
1047,31;1.0;pa030​;20250612_123326;1;TUG1;0,0268;0,9321;0,2273;0,2307;0,0531;-0,0213;0,9713;;False
1047,32;1.01;pa030​;20250612_123326;1;TUG1;0,0284;0,9312;0,2374;0,2360;0,0489;-0,0168;0,9704;;False
1047,34;1.03;pa030​;20250612_123326;1;TUG1;0,0295;0,9317;0,2467;0,2382;0,0468;-0,0179;0,9699;;False
1047,35;1.04;pa030​;20250612_123326;1;TUG1;0,0310;0,9350;0,2560;0,2505;0,0434;-0,0191;0,9669;;False
1047,37;1.06;pa030​;20250612_123326;1;TUG1;0,0325;0,9408;0,2644;0,2600;0,0406;-0,0190;0,9646;;False
1047,38;1.07;pa030​;20250612_123326;1;TUG1;0,0341;0,9485;0,2734;0,2624;0,0420;-0,0215;0,9638;;False
1047,39;1.08;pa030​;20250612_123326;1;TUG1;0,0361;0,9589;0,2830;0,2574;0,0421;-0,0234;0,9651;;False
1047,41;1.1;pa030​;20250612_123326;1;TUG1;0,0374;0,9705;0,2922;0,2487;0,0428;-0,0235;0,9673;;False
1047,42;1.11;pa030​;20250612_123326;1;TUG1;0,0389;0,9834;0,3009;0,2361;0,0418;-0,0230;0,9706;;False
1047,44;1.13;pa030​;20250612_123326;1;TUG1;0,0407;0,9970;0,3091;0,2265;0,0415;-0,0201;0,9729;;False
1047,45;1.14;pa030​;20250612_123326;1;TUG1;0,0426;1,0113;0,3168;0,2177;0,0425;-0,0174;0,9749;;False
1047,46;1.15;pa030​;20250612_123326;1;TUG1;0,0443;1,0260;0,3242;0,2090;0,0446;-0,0157;0,9768;;False
1047,48;1.17;pa030​;20250612_123326;1;TUG1;0,0460;1,0416;0,3314;0,2003;0,0446;-0,0117;0,9786;;False
1047,49;1.18;pa030​;20250612_123326;1;TUG1;0,0478;1,0576;0,3389;0,1906;0,0439;-0,0092;0,9806;;False
1047,50;1.2;pa030​;20250612_123326;1;TUG1;0,0499;1,0744;0,3461;0,1805;0,0435;-0,0080;0,9826;;False
1047,52;1.21;pa030​;20250612_123326;1;TUG1;0,0522;1,0915;0,3529;0,1703;0,0433;-0,0063;0,9844;;False
1047,53;1.22;pa030​;20250612_123326;1;TUG1;0,0546;1,1087;0,3592;0,1599;0,0436;-0,0056;0,9861;;False
1047,55;1.24;pa030​;20250612_123326;1;TUG1;0,0571;1,1262;0,3652;0,1479;0,0431;-0,0063;0,9880;;False
1047,56;1.25;pa030​;20250612_123326;1;TUG1;0,0594;1,1432;0,3709;0,1330;0,0420;-0,0083;0,9902;;False
1047,57;1.26;pa030​;20250612_123326;1;TUG1;0,0612;1,1597;0,3760;0,1174;0,0428;-0,0105;0,9921;;False
1047,59;1.28;pa030​;20250612_123326;1;TUG1;0,0633;1,1751;0,3808;0,1013;0,0417;-0,0122;0,9939;;False
1047,60;1.29;pa030​;20250612_123326;1;TUG1;0,0652;1,1892;0,3853;0,0852;0,0410;-0,0138;0,9954;;False
1047,61;1.31;pa030​;20250612_123326;1;TUG1;0,0668;1,2020;0,3896;0,0699;0,0397;-0,0145;0,9967;;False
1047,63;1.32;pa030​;20250612_123326;1;TUG1;0,0685;1,2139;0,3939;0,0584;0,0368;-0,0136;0,9975;;False
1047,64;1.33;pa030​;20250612_123326;1;TUG1;0,0702;1,2242;0,3982;0,0484;0,0334;-0,0112;0,9982;;False
1047,66;1.35;pa030​;20250612_123326;1;TUG1;0,0721;1,2336;0,4024;0,0400;0,0305;-0,0086;0,9987;;False
1047,67;1.36;pa030​;20250612_123326;1;TUG1;0,0743;1,2426;0,4072;0,0349;0,0285;-0,0075;0,9990;;False
1047,68;1.38;pa030​;20250612_123326;1;TUG1;0,0768;1,2508;0,4122;0,0275;0,0268;-0,0073;0,9992;;False
1047,70;1.39;pa030​;20250612_123326;1;TUG1;0,0788;1,2582;0,4177;0,0187;0,0267;-0,0097;0,9994;;False
1047,71;1.4;pa030​;20250612_123326;1;TUG1;0,0806;1,2649;0,4237;0,0102;0,0271;-0,0127;0,9995;;False
1047,73;1.42;pa030​;20250612_123326;1;TUG1;0,0828;1,2708;0,4302;0,0038;0,0268;-0,0152;0,9995;;False
1047,74;1.43;pa030​;20250612_123326;1;TUG1;0,0847;1,2762;0,4375;0,0027;0,0270;-0,0162;0,9995;;False
1047,75;1.45;pa030​;20250612_123326;1;TUG1;0,0859;1,2813;0,4456;0,0042;0,0278;-0,0167;0,9995;;False
1047,77;1.46;pa030​;20250612_123326;1;TUG1;0,0870;1,2865;0,4546;0,0060;0,0274;-0,0160;0,9995;;False
1047,78;1.47;pa030​;20250612_123326;1;TUG1;0,0876;1,2921;0,4648;0,0046;0,0271;-0,0145;0,9995;;False
1047,80;1.49;pa030​;20250612_123326;1;TUG1;0,0878;1,2979;0,4761;-0,0029;0,0275;-0,0145;0,9995;;False
1047,81;1.5;pa030​;20250612_123326;1;TUG1;0,0878;1,3037;0,4880;-0,0107;0,0283;-0,0168;0,9994;;False
1047,82;1.51;pa030​;20250612_123326;1;TUG1;0,0871;1,3085;0,5000;-0,0170;0,0286;-0,0191;0,9993;;False
1047,84;1.53;pa030​;20250612_123326;1;TUG1;0,0859;1,3125;0,5123;-0,0173;0,0276;-0,0202;0,9993;;False
1047,85;1.54;pa030​;20250612_123326;1;TUG1;0,0843;1,3156;0,5251;-0,0130;0,0250;-0,0212;0,9994;;False
1047,87;1.56;pa030​;20250612_123326;1;TUG1;0,0827;1,3182;0,5386;-0,0059;0,0212;-0,0227;0,9995;;False
1047,88;1.57;pa030​;20250612_123326;1;TUG1;0,0816;1,3209;0,5529;-0,0006;0,0176;-0,0238;0,9996;;False
1047,89;1.58;pa030​;20250612_123326;1;TUG1;0,0810;1,3242;0,5676;-0,0039;0,0138;-0,0221;0,9997;;False
1047,91;1.6;pa030​;20250612_123326;1;TUG1;0,0806;1,3269;0,5818;-0,0126;0,0116;-0,0213;0,9996;;False
1047,92;1.61;pa030​;20250612_123326;1;TUG1;0,0804;1,3271;0,5955;-0,0218;0,0131;-0,0230;0,9994;;False
1047,93;1.63;pa030​;20250612_123326;1;TUG1;0,0805;1,3257;0,6089;-0,0289;0,0154;-0,0235;0,9992;;False
1047,95;1.64;pa030​;20250612_123326;1;TUG1;0,0808;1,3225;0,6228;-0,0337;0,0167;-0,0209;0,9991;;False
1047,96;1.65;pa030​;20250612_123326;1;TUG1;0,0816;1,3190;0,6375;-0,0283;0,0165;-0,0146;0,9994;;False
1047,98;1.67;pa030​;20250612_123326;1;TUG1;0,0829;1,3157;0,6519;-0,0107;0,0173;-0,0077;0,9998;;False
1047,99;1.68;pa030​;20250612_123326;1;TUG1;0,0843;1,3122;0,6660;0,0012;0,0221;-0,0098;0,9997;;False
1048,00;1.69;pa030​;20250612_123326;1;TUG1;0,0857;1,3104;0,6815;0,0059;0,0285;-0,0194;0,9994;;False
1048,02;1.71;pa030​;20250612_123326;1;TUG1;0,0865;1,3099;0,6978;0,0039;0,0335;-0,0200;0,9992;;False
1048,03;1.72;pa030​;20250612_123326;1;TUG1;0,0871;1,3090;0,7138;0,0009;0,0339;-0,0166;0,9993;;False
1048,05;1.74;pa030​;20250612_123326;1;TUG1;0,0878;1,3075;0,7287;0,0018;0,0315;-0,0157;0,9994;;False
1048,06;1.75;pa030​;20250612_123326;1;TUG1;0,0891;1,3080;0,7433;0,0095;0,0285;-0,0132;0,9995;;False
1048,07;1.76;pa030​;20250612_123326;1;TUG1;0,0911;1,3104;0,7590;0,0124;0,0252;-0,0105;0,9996;;False
1048,09;1.78;pa030​;20250612_123326;1;TUG1;0,0935;1,3139;0,7755;0,0055;0,0216;-0,0105;0,9997;;False
1048,10;1.79;pa030​;20250612_123326;1;TUG1;0,0963;1,3191;0,7920;0,0005;0,0185;-0,0117;0,9998;;False
1048,12;1.81;pa030​;20250612_123326;1;TUG1;0,0994;1,3241;0,8086;-0,0034;0,0156;-0,0096;0,9998;;False
1048,13;1.82;pa030​;20250612_123326;1;TUG1;0,1032;1,3292;0,8245;-0,0029;0,0127;-0,0081;0,9999;;False
1048,14;1.84;pa030​;20250612_123326;1;TUG1;0,1074;1,3343;0,8402;0,0008;0,0107;-0,0072;0,9999;;False
1048,16;1.85;pa030​;20250612_123326;1;TUG1;0,1119;1,3406;0,8559;0,0034;0,0097;-0,0088;0,9999;;False
1048,17;1.86;pa030​;20250612_123326;1;TUG1;0,1166;1,3476;0,8718;0,0038;0,0094;-0,0120;0,9999;;False
1048,19;1.88;pa030​;20250612_123326;1;TUG1;0,1211;1,3539;0,8879;0,0005;0,0082;-0,0134;0,9999;;False
1048,20;1.89;pa030​;20250612_123326;1;TUG1;0,1250;1,3594;0,9040;-0,0027;0,0071;-0,0163;0,9998;;False
1048,21;1.9;pa030​;20250612_123326;1;TUG1;0,1287;1,3631;0,9207;-0,0069;0,0048;-0,0188;0,9998;;False
1048,23;1.92;pa030​;20250612_123326;1;TUG1;0,1324;1,3652;0,9378;-0,0121;0,0011;-0,0182;0,9998;;False
1048,24;1.93;pa030​;20250612_123326;1;TUG1;0,1356;1,3656;0,9546;-0,0142;-0,0014;-0,0163;0,9998;;False
1048,25;1.94;pa030​;20250612_123326;1;TUG1;0,1392;1,3650;0,9726;-0,0086;-0,0049;-0,0142;0,9999;;False
1048,27;1.96;pa030​;20250612_123326;1;TUG1;0,1429;1,3627;0,9905;-0,0065;-0,0052;-0,0134;0,9999;;False
1048,28;1.97;pa030​;20250612_123326;1;TUG1;0,1471;1,3609;1,0084;-0,0006;-0,0026;-0,0142;0,9999;;False
1048,30;1.99;pa030​;20250612_123326;1;TUG1;0,1511;1,3588;1,0263;0,0024;0,0006;-0,0142;0,9999;;False
1048,31;2.0;pa030​;20250612_123326;1;TUG1;0,1541;1,3557;1,0447;0,0024;0,0012;-0,0091;1,0000;;False
1048,32;2.01;pa030​;20250612_123326;1;TUG1;0,1571;1,3525;1,0623;0,0090;-0,0031;-0,0044;0,9999;;False
1048,34;2.03;pa030​;20250612_123326;1;TUG1;0,1604;1,3488;1,0792;0,0182;-0,0100;-0,0012;0,9998;;False
1048,35;2.04;pa030​;20250612_123326;1;TUG1;0,1639;1,3456;1,0970;0,0252;-0,0142;-0,0004;0,9996;;False
1048,37;2.06;pa030​;20250612_123326;1;TUG1;0,1681;1,3442;1,1146;0,0278;-0,0168;-0,0022;0,9995;;False
1048,38;2.07;pa030​;20250612_123326;1;TUG1;0,1721;1,3444;1,1331;0,0282;-0,0177;-0,0042;0,9994;;False
1048,39;2.09;pa030​;20250612_123326;1;TUG1;0,1755;1,3445;1,1524;0,0216;-0,0198;-0,0036;0,9996;;False
1048,41;2.1;pa030​;20250612_123326;1;TUG1;0,1786;1,3447;1,1717;0,0154;-0,0234;-0,0051;0,9996;;False
1048,42;2.11;pa030​;20250612_123326;1;TUG1;0,1816;1,3446;1,1905;0,0121;-0,0272;-0,0103;0,9995;;False
1048,43;2.13;pa030​;20250612_123326;1;TUG1;0,1848;1,3443;1,2086;0,0170;-0,0303;-0,0114;0,9993;;False
1048,45;2.14;pa030​;20250612_123326;1;TUG1;0,1881;1,3446;1,2268;0,0261;-0,0309;-0,0097;0,9991;;False
1048,46;2.15;pa030​;20250612_123326;1;TUG1;0,1910;1,3460;1,2456;0,0330;-0,0296;-0,0090;0,9990;;False
1048,48;2.17;pa030​;20250612_123326;1;TUG1;0,1936;1,3475;1,2645;0,0371;-0,0276;-0,0094;0,9989;;False
1048,49;2.18;pa030​;20250612_123326;1;TUG1;0,1957;1,3486;1,2833;0,0424;-0,0279;-0,0098;0,9987;;False
1048,50;2.19;pa030​;20250612_123326;1;TUG1;0,1977;1,3497;1,3022;0,0513;-0,0305;-0,0096;0,9982;;False
1048,52;2.21;pa030​;20250612_123326;1;TUG1;0,1996;1,3508;1,3213;0,0580;-0,0351;-0,0085;0,9977;;False
1048,53;2.22;pa030​;20250612_123326;1;TUG1;0,2016;1,3514;1,3411;0,0606;-0,0401;-0,0105;0,9973;;False
1048,55;2.24;pa030​;20250612_123326;1;TUG1;0,2040;1,3503;1,3610;0,0571;-0,0448;-0,0152;0,9972;;False
1048,56;2.25;pa030​;20250612_123326;1;TUG1;0,2063;1,3479;1,3804;0,0502;-0,0484;-0,0187;0,9974;;False
1048,57;2.26;pa030​;20250612_123326;1;TUG1;0,2084;1,3469;1,4004;0,0523;-0,0500;-0,0197;0,9972;;False
1048,59;2.28;pa030​;20250612_123326;1;TUG1;0,2107;1,3470;1,4213;0,0501;-0,0518;-0,0175;0,9972;;False
1048,60;2.29;pa030​;20250612_123326;1;TUG1;0,2133;1,3451;1,4436;0,0373;-0,0545;-0,0146;0,9977;;False
1048,62;2.31;pa030​;20250612_123326;1;TUG1;0,2161;1,3429;1,4647;0,0354;-0,0557;-0,0139;0,9977;;False
1048,63;2.32;pa030​;20250612_123326;1;TUG1;0,2192;1,3407;1,4843;0,0439;-0,0561;-0,0133;0,9974;;False
1048,64;2.33;pa030​;20250612_123326;1;TUG1;0,2224;1,3381;1,5040;0,0521;-0,0550;-0,0146;0,9970;;False
1048,66;2.35;pa030​;20250612_123326;1;TUG1;0,2256;1,3374;1,5240;0,0605;-0,0531;-0,0174;0,9966;;False
1048,67;2.36;pa030​;20250612_123326;1;TUG1;0,2281;1,3380;1,5446;0,0604;-0,0525;-0,0179;0,9966;;False
1048,68;2.38;pa030​;20250612_123326;1;TUG1;0,2303;1,3390;1,5655;0,0564;-0,0549;-0,0154;0,9968;;False
1048,70;2.39;pa030​;20250612_123326;1;TUG1;0,2324;1,3404;1,5858;0,0540;-0,0605;-0,0125;0,9966;;False
1048,71;2.4;pa030​;20250612_123326;1;TUG1;0,2350;1,3416;1,6059;0,0540;-0,0658;-0,0108;0,9963;;False
1048,73;2.42;pa030​;20250612_123326;1;TUG1;0,2380;1,3433;1,6258;0,0571;-0,0690;-0,0086;0,9959;;False
1048,74;2.43;pa030​;20250612_123326;1;TUG1;0,2414;1,3453;1,6461;0,0596;-0,0715;-0,0068;0,9956;;False
1048,75;2.44;pa030​;20250612_123326;1;TUG1;0,2449;1,3477;1,6666;0,0621;-0,0744;-0,0054;0,9953;;False
1048,77;2.46;pa030​;20250612_123326;1;TUG1;0,2484;1,3505;1,6869;0,0660;-0,0785;-0,0045;0,9947;;False
1048,78;2.47;pa030​;20250612_123326;1;TUG1;0,2518;1,3531;1,7067;0,0698;-0,0810;-0,0053;0,9943;;False
1048,80;2.49;pa030​;20250612_123326;1;TUG1;0,2558;1,3559;1,7262;0,0741;-0,0830;-0,0054;0,9938;;False
1048,81;2.5;pa030​;20250612_123326;1;TUG1;0,2596;1,3584;1,7458;0,0760;-0,0850;-0,0039;0,9935;;False
1048,82;2.51;pa030​;20250612_123326;1;TUG1;0,2630;1,3598;1,7649;0,0747;-0,0880;-0,0029;0,9933;;False
1048,84;2.53;pa030​;20250612_123326;1;TUG1;0,2661;1,3605;1,7835;0,0746;-0,0923;-0,0014;0,9929;;False
1048,85;2.54;pa030​;20250612_123326;1;TUG1;0,2690;1,3599;1,8019;0,0743;-0,0996;0,0014;0,9922;;False
1048,86;2.56;pa030​;20250612_123326;1;TUG1;0,2720;1,3578;1,8201;0,0723;-0,1073;0,0043;0,9916;;False
1048,88;2.57;pa030​;20250612_123326;1;TUG1;0,2751;1,3545;1,8384;0,0725;-0,1147;0,0067;0,9907;;False
1048,89;2.58;pa030​;20250612_123326;1;TUG1;0,2781;1,3514;1,8571;0,0811;-0,1208;0,0086;0,9893;;False
1048,91;2.6;pa030​;20250612_123326;1;TUG1;0,2807;1,3495;1,8763;0,0897;-0,1248;0,0087;0,9881;;False
1048,92;2.61;pa030​;20250612_123326;1;TUG1;0,2829;1,3476;1,8963;0,0871;-0,1283;0,0033;0,9879;;False
1048,93;2.63;pa030​;20250612_123326;1;TUG1;0,2843;1,3454;1,9159;0,0823;-0,1305;0,0016;0,9880;;False
1048,95;2.64;pa030​;20250612_123326;1;TUG1;0,2856;1,3427;1,9344;0,0841;-0,1336;0,0045;0,9874;;False
1048,96;2.65;pa030​;20250612_123326;1;TUG1;0,2863;1,3400;1,9520;0,0913;-0,1379;0,0099;0,9862;;False
1048,98;2.67;pa030​;20250612_123326;1;TUG1;0,2867;1,3377;1,9701;0,0980;-0,1453;0,0172;0,9844;;False
1048,99;2.68;pa030​;20250612_123326;1;TUG1;0,2864;1,3361;1,9886;0,1004;-0,1505;0,0195;0,9833;;False
1049,00;2.7;pa030​;20250612_123326;1;TUG1;0,2862;1,3358;2,0076;0,1026;-0,1548;0,0213;0,9824;;False
1049,02;2.71;pa030​;20250612_123326;1;TUG1;0,2862;1,3351;2,0268;0,0983;-0,1585;0,0231;0,9822;;False
1049,03;2.72;pa030​;20250612_123326;1;TUG1;0,2857;1,3343;2,0450;0,0956;-0,1622;0,0245;0,9818;;False
1049,05;2.74;pa030​;20250612_123326;1;TUG1;0,2849;1,3333;2,0621;0,0986;-0,1681;0,0287;0,9804;;False
1049,06;2.75;pa030​;20250612_123326;1;TUG1;0,2838;1,3320;2,0795;0,1041;-0,1744;0,0318;0,9786;;False
1049,07;2.77;pa030​;20250612_123326;1;TUG1;0,2828;1,3309;2,0967;0,1084;-0,1787;0,0331;0,9774;;False
1049,09;2.78;pa030​;20250612_123326;1;TUG1;0,2816;1,3302;2,1141;0,1119;-0,1817;0,0360;0,9763;;False
1049,10;2.79;pa030​;20250612_123326;1;TUG1;0,2803;1,3292;2,1309;0,1133;-0,1839;0,0391;0,9756;;False
1049,12;2.81;pa030​;20250612_123326;1;TUG1;0,2787;1,3282;2,1470;0,1175;-0,1867;0,0429;0,9744;;False
1049,13;2.82;pa030​;20250612_123326;1;TUG1;0,2766;1,3273;2,1628;0,1218;-0,1917;0,0470;0,9727;;False
1049,14;2.83;pa030​;20250612_123326;1;TUG1;0,2744;1,3264;2,1784;0,1245;-0,1993;0,0506;0,9707;;False
1049,16;2.85;pa030​;20250612_123326;1;TUG1;0,2720;1,3257;2,1942;0,1278;-0,2071;0,0527;0,9685;;False
1049,17;2.86;pa030​;20250612_123326;1;TUG1;0,2696;1,3250;2,2103;0,1305;-0,2153;0,0544;0,9663;;False
1049,19;2.88;pa030​;20250612_123326;1;TUG1;0,2673;1,3243;2,2265;0,1305;-0,2223;0,0531;0,9648;;False
1049,20;2.89;pa030​;20250612_123326;1;TUG1;0,2650;1,3230;2,2430;0,1273;-0,2287;0,0507;0,9638;;False
1049,21;2.9;pa030​;20250612_123326;1;TUG1;0,2629;1,3218;2,2595;0,1193;-0,2347;0,0493;0,9635;;False
1049,23;2.92;pa030​;20250612_123326;1;TUG1;0,2610;1,3210;2,2765;0,1136;-0,2398;0,0509;0,9628;;False
1049,24;2.93;pa030​;20250612_123326;1;TUG1;0,2598;1,3196;2,2933;0,1083;-0,2446;0,0534;0,9621;;False
1049,25;2.94;pa030​;20250612_123326;1;TUG1;0,2590;1,3172;2,3094;0,1057;-0,2497;0,0566;0,9609;;False
1049,27;2.96;pa030​;20250612_123326;1;TUG1;0,2583;1,3150;2,3252;0,1095;-0,2537;0,0579;0,9593;;False
1049,28;2.97;pa030​;20250612_123326;1;TUG1;0,2574;1,3140;2,3412;0,1177;-0,2558;0,0571;0,9578;;False
1049,30;2.99;pa030​;20250612_123326;1;TUG1;0,2563;1,3128;2,3575;0,1215;-0,2575;0,0567;0,9569;;False
1049,31;3.0;pa030​;20250612_123326;1;TUG1;0,2552;1,3118;2,3731;0,1241;-0,2600;0,0583;0,9558;;False
1049,32;3.01;pa030​;20250612_123326;1;TUG1;0,2540;1,3113;2,3883;0,1280;-0,2653;0,0635;0,9535;;False
1049,34;3.03;pa030​;20250612_123326;1;TUG1;0,2523;1,3110;2,4032;0,1311;-0,2712;0,0686;0,9511;;False
1049,35;3.04;pa030​;20250612_123326;1;TUG1;0,2506;1,3111;2,4179;0,1325;-0,2788;0,0718;0,9485;;False
1049,37;3.06;pa030​;20250612_123326;1;TUG1;0,2490;1,3115;2,4327;0,1320;-0,2865;0,0744;0,9460;;False
1049,38;3.07;pa030​;20250612_123326;1;TUG1;0,2477;1,3119;2,4472;0,1304;-0,2950;0,0765;0,9435;;False
1049,39;3.08;pa030​;20250612_123326;1;TUG1;0,2463;1,3120;2,4613;0,1301;-0,3032;0,0774;0,9408;;False
1049,41;3.1;pa030​;20250612_123326;1;TUG1;0,2451;1,3122;2,4754;0,1318;-0,3115;0,0788;0,9377;;False
1049,42;3.11;pa030​;20250612_123326;1;TUG1;0,2441;1,3123;2,4893;0,1335;-0,3197;0,0809;0,9346;;False
1049,43;3.13;pa030​;20250612_123326;1;TUG1;0,2428;1,3127;2,5031;0,1366;-0,3271;0,0828;0,9314;;False
1049,45;3.14;pa030​;20250612_123326;1;TUG1;0,2413;1,3137;2,5170;0,1396;-0,3346;0,0843;0,9282;;False
1049,46;3.15;pa030​;20250612_123326;1;TUG1;0,2396;1,3148;2,5309;0,1398;-0,3423;0,0857;0,9252;;False
1049,48;3.17;pa030​;20250612_123326;1;TUG1;0,2379;1,3154;2,5444;0,1382;-0,3499;0,0859;0,9225;;False
1049,49;3.18;pa030​;20250612_123326;1;TUG1;0,2362;1,3156;2,5575;0,1375;-0,3571;0,0877;0,9197;;False
1049,50;3.2;pa030​;20250612_123326;1;TUG1;0,2346;1,3156;2,5702;0,1365;-0,3652;0,0930;0,9162;;False
1049,52;3.21;pa030​;20250612_123326;1;TUG1;0,2324;1,3155;2,5828;0,1336;-0,3746;0,0991;0,9122;;False
1049,53;3.22;pa030​;20250612_123326;1;TUG1;0,2297;1,3149;2,5956;0,1271;-0,3846;0,1013;0,9086;Collision avec Droite1 - Objet Parent Plot1;False
1049,55;3.24;pa030​;20250612_123326;1;TUG1;0,2268;1,3139;2,6084;0,1206;-0,3937;0,0992;0,9059;Collision avec Droite1 - Objet Parent Plot1;False
1049,56;3.25;pa030​;20250612_123326;1;TUG1;0,2236;1,3125;2,6213;0,1166;-0,4019;0,0975;0,9030;Collision avec Droite1 - Objet Parent Plot1;False
1049,57;3.26;pa030​;20250612_123326;1;TUG1;0,2201;1,3110;2,6339;0,1158;-0,4097;0,0977;0,8996;Collision avec Droite1 - Objet Parent Plot1;False
1049,59;3.28;pa030​;20250612_123326;1;TUG1;0,2163;1,3090;2,6457;0,1158;-0,4175;0,0972;0,8960;Collision avec Droite1 - Objet Parent Plot1;False
1049,60;3.29;pa030​;20250612_123326;1;TUG1;0,2123;1,3067;2,6566;0,1178;-0,4251;0,0968;0,8922;Collision avec Droite1 - Objet Parent Plot1;False
1049,62;3.31;pa030​;20250612_123326;1;TUG1;0,2081;1,3051;2,6670;0,1201;-0,4333;0,0990;0,8877;Collision avec Droite1 - Objet Parent Plot1;False
1049,63;3.32;pa030​;20250612_123326;1;TUG1;0,2035;1,3036;2,6772;0,1204;-0,4420;0,1005;0,8832;Collision avec Droite1 - Objet Parent Plot1;False
1049,64;3.33;pa030​;20250612_123326;1;TUG1;0,1981;1,3026;2,6870;0,1185;-0,4513;0,1030;0,8784;Collision avec Droite1 - Objet Parent Plot1;False
1049,66;3.35;pa030​;20250612_123326;1;TUG1;0,1924;1,3019;2,6964;0,1170;-0,4613;0,1052;0,8732;Collision avec Droite1 - Objet Parent Plot1;False
1049,67;3.36;pa030​;20250612_123326;1;TUG1;0,1866;1,3010;2,7051;0,1155;-0,4726;0,1068;0,8671;Collision avec Droite1 - Objet Parent Plot1;False
1049,68;3.38;pa030​;20250612_123326;1;TUG1;0,1807;1,3004;2,7135;0,1148;-0,4840;0,1092;0,8606;Collision avec Droite1 - Objet Parent Plot1;False
1049,70;3.39;pa030​;20250612_123326;1;TUG1;0,1745;1,3000;2,7215;0,1148;-0,4958;0,1111;0,8536;Collision avec Droite1 - Objet Parent Plot1;False
1049,71;3.4;pa030​;20250612_123326;1;TUG1;0,1678;1,2998;2,7293;0,1144;-0,5074;0,1118;0,8467;Collision avec Droite1 - Objet Parent Plot1;False
1049,73;3.42;pa030​;20250612_123326;1;TUG1;0,1609;1,2997;2,7367;0,1145;-0,5182;0,1125;0,8400;Collision avec Droite1 - Objet Parent Plot1;False
1049,74;3.43;pa030​;20250612_123326;1;TUG1;0,1540;1,2996;2,7438;0,1144;-0,5292;0,1146;0,8329;Collision avec Droite1 - Objet Parent Plot1;False
1049,75;3.45;pa030​;20250612_123326;1;TUG1;0,1473;1,2994;2,7503;0,1148;-0,5397;0,1173;0,8257;Collision avec Chemin1 - Objet Parent Plot1;False
1049,77;3.46;pa030​;20250612_123326;1;TUG1;0,1404;1,2994;2,7563;0,1168;-0,5501;0,1192;0,8183;Collision avec Chemin1 - Objet Parent Plot1;False
1049,78;3.47;pa030​;20250612_123326;1;TUG1;0,1337;1,2995;2,7620;0,1192;-0,5605;0,1220;0,8104;Collision avec Chemin1 - Objet Parent Plot1;False
1049,80;3.49;pa030​;20250612_123326;1;TUG1;0,1270;1,2999;2,7676;0,1202;-0,5713;0,1242;0,8024;Collision avec Chemin1 - Objet Parent Plot1;False
1049,81;3.5;pa030​;20250612_123326;1;TUG1;0,1201;1,3009;2,7730;0,1206;-0,5820;0,1264;0,7942;Collision avec Chemin1 - Objet Parent Plot1;False
1049,82;3.52;pa030​;20250612_123326;1;TUG1;0,1132;1,3022;2,7783;0,1187;-0,5928;0,1275;0,7863;Collision avec Chemin1 - Objet Parent Plot1;False
1049,84;3.53;pa030​;20250612_123326;1;TUG1;0,1066;1,3033;2,7835;0,1132;-0,6037;0,1248;0,7792;Collision avec Chemin1 - Objet Parent Plot1;False
1049,85;3.54;pa030​;20250612_123326;1;TUG1;0,1004;1,3039;2,7886;0,1036;-0,6143;0,1207;0,7728;Collision avec Gauche1 - Objet Parent Plot1;False
1049,87;3.56;pa030​;20250612_123326;1;TUG1;0,0941;1,3047;2,7942;0,0971;-0,6249;0,1219;0,7650;Collision avec Gauche1 - Objet Parent Plot1;False
1049,88;3.57;pa030​;20250612_123326;1;TUG1;0,0880;1,3049;2,8001;0,0918;-0,6372;0,1253;0,7549;Collision avec Gauche1 - Objet Parent Plot1;False
1049,89;3.58;pa030​;20250612_123326;1;TUG1;0,0821;1,3042;2,8055;0,0893;-0,6501;0,1264;0,7439;Collision avec Gauche1 - Objet Parent Plot1;False
1049,91;3.6;pa030​;20250612_123326;1;TUG1;0,0764;1,3036;2,8109;0,0951;-0,6615;0,1256;0,7332;Collision avec Gauche1 - Objet Parent Plot1;False
1049,92;3.61;pa030​;20250612_123326;1;TUG1;0,0710;1,3038;2,8163;0,1056;-0,6705;0,1275;0,7232;Collision avec Gauche1 - Objet Parent Plot1;False
1049,94;3.63;pa030​;20250612_123326;1;TUG1;0,0654;1,3038;2,8218;0,1105;-0,6801;0,1295;0,7130;Collision avec Gauche1 - Objet Parent Plot1;False
1049,95;3.64;pa030​;20250612_123326;1;TUG1;0,0599;1,3042;2,8267;0,1122;-0,6911;0,1315;0,7018;Collision avec Gauche1 - Objet Parent Plot1;False
1049,96;3.65;pa030​;20250612_123326;1;TUG1;0,0544;1,3048;2,8313;0,1119;-0,7033;0,1342;0,6891;Collision avec Gauche1 - Objet Parent Plot1;False
1049,98;3.67;pa030​;20250612_123326;1;TUG1;0,0493;1,3056;2,8361;0,1099;-0,7152;0,1365;0,6765;Collision avec Gauche1 - Objet Parent Plot1;False
1049,99;3.68;pa030​;20250612_123326;1;TUG1;0,0444;1,3063;2,8412;0,1089;-0,7262;0,1384;0,6645;Collision avec Gauche1 - Objet Parent Plot1;False
1050,00;3.7;pa030​;20250612_123326;1;TUG1;0,0398;1,3068;2,8462;0,1076;-0,7368;0,1403;0,6526;Collision avec Gauche1 - Objet Parent Plot1;False
1050,02;3.71;pa030​;20250612_123326;1;TUG1;0,0350;1,3072;2,8508;0,1080;-0,7471;0,1410;0,6405;Collision avec Gauche1 - Objet Parent Plot1;False
1050,03;3.72;pa030​;20250612_123326;1;TUG1;0,0303;1,3074;2,8554;0,1096;-0,7573;0,1406;0,6282;Collision avec Gauche1 - Objet Parent Plot1;False
1050,05;3.74;pa030​;20250612_123326;1;TUG1;0,0257;1,3074;2,8599;0,1115;-0,7670;0,1410;0,6160;Collision avec Gauche1 - Objet Parent Plot1;False
1050,06;3.75;pa030​;20250612_123326;1;TUG1;0,0210;1,3074;2,8643;0,1135;-0,7761;0,1421;0,6038;Collision avec Gauche1 - Objet Parent Plot1;False
1050,08;3.77;pa030​;20250612_123326;1;TUG1;0,0164;1,3073;2,8687;0,1139;-0,7846;0,1438;0,5923;Collision avec Gauche1 - Objet Parent Plot1;False
1050,09;3.78;pa030​;20250612_123326;1;TUG1;0,0118;1,3071;2,8734;0,1130;-0,7926;0,1461;0,5811;Collision avec Gauche1 - Objet Parent Plot1;False
1050,10;3.79;pa030​;20250612_123326;1;TUG1;0,0071;1,3070;2,8783;0,1122;-0,8002;0,1480;0,5702;Collision avec Gauche1 - Objet Parent Plot1;False
1050,12;3.81;pa030​;20250612_123326;1;TUG1;0,0025;1,3063;2,8829;0,1113;-0,8068;0,1480;0,5610;Collision avec Gauche1 - Objet Parent Plot1;False
1050,13;3.82;pa030​;20250612_123326;1;TUG1;-0,0021;1,3058;2,8871;0,1109;-0,8132;0,1497;0,5513;Collision avec Gauche1 - Objet Parent Plot1;False
1050,14;3.83;pa030​;20250612_123326;1;TUG1;-0,0066;1,3052;2,8910;0,1115;-0,8197;0,1505;0,5414;Collision avec Gauche1 - Objet Parent Plot1;False
1050,16;3.85;pa030​;20250612_123326;1;TUG1;-0,0107;1,3044;2,8945;0,1130;-0,8259;0,1508;0,5313;Collision avec Gauche1 - Objet Parent Plot1;False
1050,17;3.86;pa030​;20250612_123326;1;TUG1;-0,0147;1,3036;2,8979;0,1135;-0,8325;0,1529;0,5202;Collision avec Gauche1 - Objet Parent Plot1;False
1050,19;3.88;pa030​;20250612_123326;1;TUG1;-0,0189;1,3029;2,9009;0,1116;-0,8403;0,1558;0,5071;Collision avec Gauche1 - Objet Parent Plot1;False
1050,20;3.89;pa030​;20250612_123326;1;TUG1;-0,0236;1,3024;2,9032;0,1093;-0,8487;0,1582;0,4926;Collision avec Gauche1 - Objet Parent Plot1;False
1050,21;3.9;pa030​;20250612_123326;1;TUG1;-0,0286;1,3017;2,9052;0,1068;-0,8570;0,1576;0,4789;Collision avec Gauche1 - Objet Parent Plot1;False
1050,23;3.92;pa030​;20250612_123326;1;TUG1;-0,0336;1,3002;2,9073;0,1055;-0,8639;0,1558;0,4671;Collision avec Gauche1 - Objet Parent Plot1;False
1050,24;3.93;pa030​;20250612_123326;1;TUG1;-0,0380;1,2981;2,9095;0,1056;-0,8699;0,1558;0,4560;Collision avec Gauche1 - Objet Parent Plot1;False
1050,25;3.94;pa030​;20250612_123326;1;TUG1;-0,0420;1,2959;2,9116;0,1078;-0,8750;0,1588;0,4445;Collision avec Gauche1 - Objet Parent Plot1;False
1050,27;3.96;pa030​;20250612_123326;1;TUG1;-0,0456;1,2941;2,9135;0,1107;-0,8801;0,1627;0,4322;Collision avec Gauche1 - Objet Parent Plot1;False
1050,28;3.97;pa030​;20250612_123326;1;TUG1;-0,0495;1,2926;2,9149;0,1128;-0,8849;0,1646;0,4208;Collision avec Gauche1 - Objet Parent Plot1;False
1050,30;3.99;pa030​;20250612_123326;1;TUG1;-0,0538;1,2915;2,9158;0,1143;-0,8891;0,1650;0,4114;Collision avec Gauche1 - Objet Parent Plot1;False
1050,31;4.0;pa030​;20250612_123326;1;TUG1;-0,0583;1,2905;2,9165;0,1147;-0,8930;0,1646;0,4027;Collision avec Gauche1 - Objet Parent Plot1;False
1050,32;4.01;pa030​;20250612_123326;1;TUG1;-0,0624;1,2892;2,9170;0,1135;-0,8969;0,1648;0,3945;Collision avec Gauche1 - Objet Parent Plot1;False
1050,34;4.03;pa030​;20250612_123326;1;TUG1;-0,0660;1,2876;2,9175;0,1137;-0,9003;0,1656;0,3862;Collision avec Gauche1 - Objet Parent Plot1;False
1050,35;4.04;pa030​;20250612_123326;1;TUG1;-0,0696;1,2860;2,9177;0,1142;-0,9034;0,1683;0,3776;Collision avec Gauche1 - Objet Parent Plot1;False
1050,37;4.06;pa030​;20250612_123326;1;TUG1;-0,0732;1,2846;2,9175;0,1140;-0,9063;0,1712;0,3691;Collision avec Gauche1 - Objet Parent Plot1;False
1050,38;4.07;pa030​;20250612_123326;1;TUG1;-0,0771;1,2834;2,9171;0,1144;-0,9090;0,1741;0,3610;Collision avec Gauche1 - Objet Parent Plot1;False
1050,39;4.08;pa030​;20250612_123326;1;TUG1;-0,0809;1,2825;2,9163;0,1141;-0,9116;0,1762;0,3534;Collision avec Gauche1 - Objet Parent Plot1;False
1050,41;4.1;pa030​;20250612_123326;1;TUG1;-0,0847;1,2815;2,9153;0,1143;-0,9143;0,1769;0,3461;Collision avec Gauche1 - Objet Parent Plot1;False
1050,42;4.11;pa030​;20250612_123326;1;TUG1;-0,0883;1,2804;2,9142;0,1151;-0,9168;0,1767;0,3392;Collision avec Gauche1 - Objet Parent Plot1;False
1050,43;4.13;pa030​;20250612_123326;1;TUG1;-0,0918;1,2793;2,9128;0,1153;-0,9190;0,1776;0,3325;Collision avec Gauche1 - Objet Parent Plot1;False
1050,45;4.14;pa030​;20250612_123326;1;TUG1;-0,0952;1,2782;2,9112;0,1156;-0,9208;0,1789;0,3268;Collision avec Gauche1 - Objet Parent Plot1;False
1050,46;4.15;pa030​;20250612_123326;1;TUG1;-0,0989;1,2771;2,9095;0,1151;-0,9228;0,1805;0,3204;Collision avec Gauche1 - Objet Parent Plot1;False
1050,48;4.17;pa030​;20250612_123326;1;TUG1;-0,1025;1,2764;2,9072;0,1137;-0,9243;0,1822;0,3155;Collision avec Gauche1 - Objet Parent Plot1;False
1050,49;4.18;pa030​;20250612_123326;1;TUG1;-0,1060;1,2757;2,9047;0,1115;-0,9260;0,1832;0,3108;Collision avec Gauche1 - Objet Parent Plot1;False
1050,50;4.2;pa030​;20250612_123326;1;TUG1;-0,1093;1,2750;2,9021;0,1089;-0,9278;0,1835;0,3060;Collision avec Gauche1 - Objet Parent Plot1;False
1050,52;4.21;pa030​;20250612_123326;1;TUG1;-0,1125;1,2744;2,8992;0,1061;-0,9298;0,1843;0,3004;Collision avec Gauche1 - Objet Parent Plot1;False
1050,53;4.22;pa030​;20250612_123326;1;TUG1;-0,1157;1,2742;2,8959;0,1039;-0,9318;0,1853;0,2942;;False
1050,55;4.24;pa030​;20250612_123326;1;TUG1;-0,1188;1,2742;2,8922;0,1016;-0,9343;0,1854;0,2871;;False
1050,56;4.25;pa030​;20250612_123326;1;TUG1;-0,1219;1,2747;2,8881;0,0989;-0,9372;0,1840;0,2794;;False
1050,57;4.26;pa030​;20250612_123326;1;TUG1;-0,1248;1,2752;2,8837;0,0969;-0,9400;0,1818;0,2721;;False
1050,59;4.28;pa030​;20250612_123326;1;TUG1;-0,1277;1,2758;2,8790;0,0941;-0,9430;0,1791;0,2642;;False
1050,60;4.29;pa030​;20250612_123326;1;TUG1;-0,1304;1,2764;2,8740;0,0908;-0,9458;0,1767;0,2569;;False
1050,61;4.31;pa030​;20250612_123326;1;TUG1;-0,1335;1,2774;2,8686;0,0876;-0,9485;0,1747;0,2491;;False
1050,63;4.32;pa030​;20250612_123326;1;TUG1;-0,1366;1,2784;2,8628;0,0835;-0,9513;0,1723;0,2415;;False
1050,64;4.33;pa030​;20250612_123326;1;TUG1;-0,1398;1,2798;2,8564;0,0800;-0,9541;0,1688;0,2341;;False
1050,66;4.35;pa030​;20250612_123326;1;TUG1;-0,1429;1,2812;2,8496;0,0762;-0,9569;0,1649;0,2265;;False
1050,67;4.36;pa030​;20250612_123326;1;TUG1;-0,1458;1,2825;2,8423;0,0725;-0,9597;0,1608;0,2187;;False
1050,69;4.38;pa030​;20250612_123326;1;TUG1;-0,1489;1,2840;2,8348;0,0706;-0,9620;0,1573;0,2116;;False
1050,70;4.39;pa030​;20250612_123326;1;TUG1;-0,1520;1,2856;2,8270;0,0678;-0,9644;0,1541;0,2041;;False
1050,71;4.4;pa030​;20250612_123326;1;TUG1;-0,1549;1,2874;2,8189;0,0657;-0,9664;0,1521;0,1964;;False
1050,73;4.42;pa030​;20250612_123326;1;TUG1;-0,1575;1,2894;2,8103;0,0633;-0,9685;0,1495;0,1889;;False
1050,74;4.43;pa030​;20250612_123326;1;TUG1;-0,1601;1,2916;2,8013;0,0601;-0,9710;0,1448;0,1804;;False
1050,75;4.45;pa030​;20250612_123326;1;TUG1;-0,1629;1,2942;2,7920;0,0548;-0,9736;0,1401;0,1715;;False
1050,77;4.46;pa030​;20250612_123326;1;TUG1;-0,1661;1,2967;2,7824;0,0489;-0,9767;0,1320;0,1622;;False
1050,78;4.47;pa030​;20250612_123326;1;TUG1;-0,1688;1,2977;2,7734;0,0435;-0,9803;0,1171;0,1530;;False
1050,80;4.49;pa030​;20250612_123326;1;TUG1;-0,1710;1,2974;2,7654;0,0405;-0,9833;0,1050;0,1429;;False
1050,81;4.5;pa030​;20250612_123326;1;TUG1;-0,1736;1,2968;2,7574;0,0383;-0,9855;0,0999;0,1320;;False
1050,82;4.51;pa030​;20250612_123326;1;TUG1;-0,1769;1,2957;2,7497;0,0365;-0,9871;0,0987;0,1210;;False
1050,84;4.53;pa030​;20250612_123326;1;TUG1;-0,1806;1,2943;2,7414;0,0360;-0,9882;0,0970;0,1125;;False
1050,85;4.54;pa030​;20250612_123326;1;TUG1;-0,1847;1,2931;2,7326;0,0374;-0,9890;0,0970;0,1053;;False
1050,87;4.56;pa030​;20250612_123326;1;TUG1;-0,1886;1,2924;2,7239;0,0392;-0,9894;0,0979;0,1002;;False
1050,88;4.57;pa030​;20250612_123326;1;TUG1;-0,1924;1,2914;2,7151;0,0419;-0,9895;0,0982;0,0970;;False
1050,89;4.58;pa030​;20250612_123326;1;TUG1;-0,1958;1,2910;2,7064;0,0405;-0,9897;0,1000;0,0945;;False
1050,91;4.6;pa030​;20250612_123326;1;TUG1;-0,1987;1,2914;2,6975;0,0355;-0,9900;0,1023;0,0904;;False
1050,92;4.61;pa030​;20250612_123326;1;TUG1;-0,2016;1,2926;2,6880;0,0305;-0,9909;0,1012;0,0828;;False
1050,93;4.63;pa030​;20250612_123326;1;TUG1;-0,2046;1,2941;2,6783;0,0291;-0,9918;0,0989;0,0755;;False
1050,95;4.64;pa030​;20250612_123326;1;TUG1;-0,2081;1,2955;2,6688;0,0283;-0,9925;0,0961;0,0699;;False
1050,96;4.65;pa030​;20250612_123326;1;TUG1;-0,2117;1,2972;2,6591;0,0285;-0,9929;0,0946;0,0659;;False
1050,98;4.67;pa030​;20250612_123326;1;TUG1;-0,2154;1,2987;2,6495;0,0291;-0,9932;0,0935;0,0629;;False
1050,99;4.68;pa030​;20250612_123326;1;TUG1;-0,2192;1,3004;2,6398;0,0282;-0,9934;0,0941;0,0591;;False
1051,01;4.7;pa030​;20250612_123326;1;TUG1;-0,2229;1,3028;2,6301;0,0268;-0,9935;0,0963;0,0544;;False
1051,02;4.71;pa030​;20250612_123326;1;TUG1;-0,2264;1,3054;2,6204;0,0264;-0,9937;0,0968;0,0496;;False
1051,03;4.72;pa030​;20250612_123326;1;TUG1;-0,2302;1,3084;2,6107;0,0264;-0,9940;0,0969;0,0445;;False
1051,05;4.74;pa030​;20250612_123326;1;TUG1;-0,2339;1,3112;2,6013;0,0262;-0,9942;0,0965;0,0399;;False
1051,06;4.75;pa030​;20250612_123326;1;TUG1;-0,2378;1,3141;2,5918;0,0260;-0,9942;0,0979;0,0358;;False
1051,07;4.77;pa030​;20250612_123326;1;TUG1;-0,2417;1,3170;2,5825;0,0251;-0,9944;0,0971;0,0327;;False
1051,09;4.78;pa030​;20250612_123326;1;TUG1;-0,2458;1,3201;2,5729;0,0251;-0,9946;0,0964;0,0300;;False
1051,10;4.79;pa030​;20250612_123326;1;TUG1;-0,2500;1,3223;2,5635;0,0256;-0,9950;0,0928;0,0273;;False
1051,12;4.81;pa030​;20250612_123326;1;TUG1;-0,2541;1,3236;2,5540;0,0247;-0,9952;0,0911;0,0238;;False
1051,13;4.82;pa030​;20250612_123326;1;TUG1;-0,2581;1,3242;2,5446;0,0227;-0,9955;0,0902;0,0195;;False
1051,14;4.83;pa030​;20250612_123326;1;TUG1;-0,2621;1,3234;2,5352;0,0207;-0,9958;0,0885;0,0146;;False
1051,16;4.85;pa030​;20250612_123326;1;TUG1;-0,2658;1,3213;2,5258;0,0174;-0,9962;0,0846;0,0098;;False
1051,17;4.86;pa030​;20250612_123326;1;TUG1;-0,2697;1,3189;2,5162;0,0160;-0,9965;0,0821;0,0057;;False
1051,18;4.88;pa030​;20250612_123326;1;TUG1;-0,2735;1,3163;2,5062;0,0166;-0,9965;0,0818;0,0036;;False
1051,20;4.89;pa030​;20250612_123326;1;TUG1;-0,2770;1,3132;2,4958;0,0181;-0,9966;0,0809;0,0028;;False
1051,21;4.9;pa030​;20250612_123326;1;TUG1;-0,2804;1,3094;2,4852;0,0180;-0,9966;0,0798;0,0026;;False
1051,23;4.92;pa030​;20250612_123326;1;TUG1;-0,2833;1,3053;2,4748;0,0138;-0,9967;0,0796;0,0008;;False
1051,24;4.93;pa030​;20250612_123326;1;TUG1;-0,2860;1,3016;2,4645;0,0110;-0,9967;0,0804;-0,0022;;False
1051,25;4.94;pa030​;20250612_123326;1;TUG1;-0,2884;1,2981;2,4543;0,0123;-0,9966;0,0816;-0,0046;;False
1051,27;4.96;pa030​;20250612_123326;1;TUG1;-0,2907;1,2950;2,4435;0,0147;-0,9966;0,0805;-0,0060;;False
1051,28;4.97;pa030​;20250612_123326;1;TUG1;-0,2929;1,2924;2,4324;0,0130;-0,9969;0,0774;-0,0081;;False
1051,30;4.99;pa030​;20250612_123326;1;TUG1;-0,2949;1,2898;2,4209;0,0104;-0,9973;0,0715;-0,0106;;False
1051,31;5.0;pa030​;20250612_123326;1;TUG1;-0,2966;1,2873;2,4091;0,0095;-0,9976;0,0667;-0,0125;;False
1051,32;5.01;pa030​;20250612_123326;1;TUG1;-0,2982;1,2849;2,3976;0,0079;-0,9977;0,0660;-0,0151;;False
1051,34;5.03;pa030​;20250612_123326;1;TUG1;-0,2999;1,2830;2,3859;0,0061;-0,9974;0,0691;-0,0182;;False
1051,35;5.04;pa030​;20250612_123326;1;TUG1;-0,3012;1,2821;2,3733;0,0055;-0,9971;0,0732;-0,0200;;False
1051,36;5.06;pa030​;20250612_123326;1;TUG1;-0,3021;1,2825;2,3598;0,0062;-0,9970;0,0743;-0,0205;;False
1051,38;5.07;pa030​;20250612_123326;1;TUG1;-0,3026;1,2844;2,3453;0,0077;-0,9972;0,0719;-0,0205;;False
1051,39;5.08;pa030​;20250612_123326;1;TUG1;-0,3022;1,2870;2,3302;0,0068;-0,9975;0,0663;-0,0213;;False
1051,41;5.1;pa030​;20250612_123326;1;TUG1;-0,3016;1,2902;2,3150;0,0044;-0,9977;0,0634;-0,0242;;False
1051,42;5.11;pa030​;20250612_123326;1;TUG1;-0,3007;1,2941;2,2993;0,0017;-0,9977;0,0615;-0,0279;;False
1051,43;5.13;pa030​;20250612_123326;1;TUG1;-0,3000;1,2983;2,2828;-0,0002;-0,9977;0,0597;-0,0319;;False
1051,45;5.14;pa030​;20250612_123326;1;TUG1;-0,2990;1,3029;2,2656;0,0003;-0,9977;0,0581;-0,0351;;False
1051,46;5.15;pa030​;20250612_123326;1;TUG1;-0,2978;1,3078;2,2477;0,0042;-0,9976;0,0582;-0,0381;;False
1051,48;5.17;pa030​;20250612_123326;1;TUG1;-0,2965;1,3126;2,2294;0,0087;-0,9974;0,0599;-0,0404;;False
1051,49;5.18;pa030​;20250612_123326;1;TUG1;-0,2953;1,3167;2,2111;0,0106;-0,9973;0,0589;-0,0433;;False
1051,51;5.2;pa030​;20250612_123326;1;TUG1;-0,2940;1,3188;2,1936;0,0119;-0,9976;0,0514;-0,0458;;False
1051,52;5.21;pa030​;20250612_123326;1;TUG1;-0,2927;1,3211;2,1763;0,0130;-0,9977;0,0467;-0,0469;;False
1051,53;5.22;pa030​;20250612_123326;1;TUG1;-0,2912;1,3231;2,1576;0,0126;-0,9979;0,0414;-0,0480;;False
1051,55;5.24;pa030​;20250612_123326;1;TUG1;-0,2895;1,3234;2,1375;0,0114;-0,9983;0,0248;-0,0517;;False
1051,56;5.25;pa030​;20250612_123326;1;TUG1;-0,2875;1,3230;2,1175;0,0112;-0,9982;0,0179;-0,0557;;False
1051,57;5.26;pa030​;20250612_123326;1;TUG1;-0,2862;1,3216;2,0989;0,0110;-0,9979;0,0220;-0,0599;;False
1051,59;5.28;pa030​;20250612_123326;1;TUG1;-0,2853;1,3182;2,0813;0,0106;-0,9977;0,0268;-0,0614;;False
1051,60;5.29;pa030​;20250612_123326;1;TUG1;-0,2847;1,3150;2,0636;0,0089;-0,9974;0,0381;-0,0600;;False
1051,62;5.31;pa030​;20250612_123326;1;TUG1;-0,2839;1,3122;2,0461;0,0063;-0,9972;0,0479;-0,0574;;False
1051,63;5.32;pa030​;20250612_123326;1;TUG1;-0,2824;1,3109;2,0280;0,0086;-0,9972;0,0514;-0,0543;;False
1051,64;5.33;pa030​;20250612_123326;1;TUG1;-0,2807;1,3106;2,0095;0,0090;-0,9975;0,0459;-0,0535;;False
1051,66;5.35;pa030​;20250612_123326;1;TUG1;-0,2791;1,3094;1,9918;0,0067;-0,9976;0,0416;-0,0542;;False
1051,67;5.36;pa030​;20250612_123326;1;TUG1;-0,2773;1,3090;1,9750;0,0058;-0,9975;0,0441;-0,0547;;False
1051,68;5.38;pa030​;20250612_123326;1;TUG1;-0,2752;1,3091;1,9579;0,0064;-0,9974;0,0472;-0,0548;;False
1051,70;5.39;pa030​;20250612_123326;1;TUG1;-0,2727;1,3103;1,9402;0,0067;-0,9972;0,0484;-0,0563;;False
1051,71;5.4;pa030​;20250612_123326;1;TUG1;-0,2701;1,3125;1,9223;0,0064;-0,9970;0,0478;-0,0601;;False
1051,73;5.42;pa030​;20250612_123326;1;TUG1;-0,2674;1,3155;1,9042;0,0050;-0,9967;0,0480;-0,0653;;False
1051,74;5.43;pa030​;20250612_123326;1;TUG1;-0,2649;1,3196;1,8856;0,0051;-0,9963;0,0494;-0,0701;;False
1051,75;5.44;pa030​;20250612_123326;1;TUG1;-0,2629;1,3242;1,8666;0,0048;-0,9960;0,0498;-0,0740;;False
1051,77;5.46;pa030​;20250612_123326;1;TUG1;-0,2612;1,3293;1,8473;0,0032;-0,9958;0,0490;-0,0773;;False
1051,78;5.47;pa030​;20250612_123326;1;TUG1;-0,2595;1,3351;1,8277;0,0035;-0,9956;0,0500;-0,0798;;False
1051,80;5.49;pa030​;20250612_123326;1;TUG1;-0,2578;1,3409;1,8083;0,0059;-0,9953;0,0513;-0,0815;;False
1051,81;5.5;pa030​;20250612_123326;1;TUG1;-0,2561;1,3469;1,7889;0,0078;-0,9950;0,0541;-0,0833;;False
1051,82;5.52;pa030​;20250612_123326;1;TUG1;-0,2544;1,3528;1,7690;0,0064;-0,9948;0,0529;-0,0866;;False
1051,84;5.53;pa030​;20250612_123326;1;TUG1;-0,2526;1,3573;1,7489;0,0048;-0,9948;0,0459;-0,0909;;False
1051,85;5.54;pa030​;20250612_123326;1;TUG1;-0,2511;1,3606;1,7289;0,0040;-0,9947;0,0396;-0,0946;;False
1051,87;5.56;pa030​;20250612_123326;1;TUG1;-0,2499;1,3612;1,7096;0,0034;-0,9947;0,0313;-0,0975;;False
1051,88;5.57;pa030​;20250612_123326;1;TUG1;-0,2489;1,3607;1,6902;0,0040;-0,9946;0,0290;-0,0991;;False
1051,89;5.58;pa030​;20250612_123326;1;TUG1;-0,2477;1,3593;1,6701;0,0047;-0,9946;0,0341;-0,0983;;False
1051,91;5.6;pa030​;20250612_123326;1;TUG1;-0,2464;1,3573;1,6497;0,0058;-0,9945;0,0428;-0,0957;;False
1051,92;5.61;pa030​;20250612_123326;1;TUG1;-0,2449;1,3564;1,6285;0,0059;-0,9943;0,0528;-0,0924;;False
1051,93;5.63;pa030​;20250612_123326;1;TUG1;-0,2426;1,3559;1,6071;0,0081;-0,9949;0,0489;-0,0884;;False
1051,95;5.64;pa030​;20250612_123326;1;TUG1;-0,2398;1,3546;1,5855;0,0095;-0,9953;0,0438;-0,0854;;False
1051,96;5.65;pa030​;20250612_123326;1;TUG1;-0,2371;1,3516;1,5665;0,0032;-0,9954;0,0453;-0,0847;;False
1051,98;5.67;pa030​;20250612_123326;1;TUG1;-0,2343;1,3493;1,5480;-0,0065;-0,9945;0,0547;-0,0887;;False
1051,99;5.68;pa030​;20250612_123326;1;TUG1;-0,2310;1,3470;1,5294;-0,0125;-0,9937;0,0597;-0,0942;;False
1052,00;5.69;pa030​;20250612_123326;1;TUG1;-0,2279;1,3466;1,5101;-0,0117;-0,9930;0,0624;-0,0999;;False
1052,02;5.71;pa030​;20250612_123326;1;TUG1;-0,2253;1,3473;1,4903;-0,0084;-0,9929;0,0576;-0,1033;;False
1052,03;5.72;pa030​;20250612_123326;1;TUG1;-0,2225;1,3483;1,4692;-0,0056;-0,9934;0,0461;-0,1052;;False
1052,05;5.74;pa030​;20250612_123326;1;TUG1;-0,2195;1,3485;1,4492;-0,0019;-0,9937;0,0352;-0,1063;;False
1052,06;5.75;pa030​;20250612_123326;1;TUG1;-0,2165;1,3481;1,4304;-0,0005;-0,9935;0,0338;-0,1086;;False
1052,08;5.77;pa030​;20250612_123326;1;TUG1;-0,2134;1,3473;1,4112;-0,0015;-0,9932;0,0397;-0,1098;;False
1052,09;5.78;pa030​;20250612_123326;1;TUG1;-0,2104;1,3471;1,3921;-0,0022;-0,9929;0,0448;-0,1099;;False
1052,10;5.79;pa030​;20250612_123326;1;TUG1;-0,2072;1,3480;1,3724;-0,0023;-0,9929;0,0509;-0,1073;;False
1052,12;5.81;pa030​;20250612_123326;1;TUG1;-0,2039;1,3490;1,3527;-0,0029;-0,9932;0,0511;-0,1045;;False
1052,13;5.82;pa030​;20250612_123326;1;TUG1;-0,2000;1,3505;1,3332;-0,0046;-0,9933;0,0505;-0,1036;;False
1052,14;5.83;pa030​;20250612_123326;1;TUG1;-0,1959;1,3515;1,3138;-0,0047;-0,9932;0,0495;-0,1048;;False
1052,16;5.85;pa030​;20250612_123326;1;TUG1;-0,1920;1,3513;1,2946;-0,0041;-0,9931;0,0459;-0,1075;;False
1052,17;5.86;pa030​;20250612_123326;1;TUG1;-0,1885;1,3499;1,2758;-0,0043;-0,9931;0,0410;-0,1095;;False
1052,18;5.88;pa030​;20250612_123326;1;TUG1;-0,1852;1,3476;1,2571;-0,0030;-0,9934;0,0362;-0,1092;;False
1052,20;5.89;pa030​;20250612_123326;1;TUG1;-0,1818;1,3452;1,2384;-0,0004;-0,9938;0,0347;-0,1056;;False
1052,21;5.9;pa030​;20250612_123326;1;TUG1;-0,1785;1,3440;1,2188;-0,0026;-0,9939;0,0386;-0,1031;;False
1052,23;5.92;pa030​;20250612_123326;1;TUG1;-0,1749;1,3450;1,1982;-0,0096;-0,9937;0,0432;-0,1033;;False
1052,24;5.93;pa030​;20250612_123326;1;TUG1;-0,1716;1,3427;1,1782;-0,0129;-0,9937;0,0310;-0,1070;;False
1052,25;5.94;pa030​;20250612_123326;1;TUG1;-0,1687;1,3411;1,1597;-0,0137;-0,9933;0,0370;-0,1083;;False
1052,27;5.96;pa030​;20250612_123326;1;TUG1;-0,1663;1,3401;1,1418;-0,0115;-0,9930;0,0502;-0,1065;;False
1052,28;5.97;pa030​;20250612_123326;1;TUG1;-0,1640;1,3398;1,1227;-0,0102;-0,9930;0,0555;-0,1038;;False
1052,30;5.99;pa030​;20250612_123326;1;TUG1;-0,1609;1,3424;1,1034;-0,0122;-0,9930;0,0572;-0,1025;;False
1052,31;6.0;pa030​;20250612_123326;1;TUG1;-0,1574;1,3446;1,0841;-0,0139;-0,9931;0,0497;-0,1053;;False
1052,32;6.02;pa030​;20250612_123326;1;TUG1;-0,1539;1,3465;1,0649;-0,0150;-0,9928;0,0431;-0,1105;;False
1052,34;6.03;pa030​;20250612_123326;1;TUG1;-0,1508;1,3484;1,0465;-0,0164;-0,9923;0,0425;-0,1153;;False
1052,35;6.04;pa030​;20250612_123326;1;TUG1;-0,1480;1,3498;1,0277;-0,0190;-0,9916;0,0441;-0,1205;;False
1052,37;6.06;pa030​;20250612_123326;1;TUG1;-0,1452;1,3512;1,0083;-0,0216;-0,9907;0,0458;-0,1265;;False
1052,38;6.07;pa030​;20250612_123326;1;TUG1;-0,1425;1,3526;0,9888;-0,0229;-0,9898;0,0474;-0,1321;;False
1052,39;6.08;pa030​;20250612_123326;1;TUG1;-0,1399;1,3535;0,9693;-0,0232;-0,9891;0,0490;-0,1366;;False
1052,41;6.1;pa030​;20250612_123326;1;TUG1;-0,1375;1,3545;0,9499;-0,0224;-0,9885;0,0544;-0,1395;;False
1052,42;6.11;pa030​;20250612_123326;1;TUG1;-0,1355;1,3548;0,9311;-0,0210;-0,9879;0,0604;-0,1414;;False
1052,43;6.13;pa030​;20250612_123326;1;TUG1;-0,1333;1,3540;0,9127;-0,0201;-0,9876;0,0632;-0,1423;;False
1052,45;6.14;pa030​;20250612_123326;1;TUG1;-0,1311;1,3529;0,8951;-0,0212;-0,9874;0,0653;-0,1426;;False
1052,46;6.15;pa030​;20250612_123326;1;TUG1;-0,1292;1,3510;0,8783;-0,0247;-0,9872;0,0632;-0,1440;;False
1052,48;6.17;pa030​;20250612_123326;1;TUG1;-0,1272;1,3484;0,8621;-0,0301;-0,9869;0,0602;-0,1463;;False
1052,49;6.18;pa030​;20250612_123326;1;TUG1;-0,1245;1,3461;0,8458;-0,0364;-0,9862;0,0615;-0,1494;;False
1052,50;6.2;pa030​;20250612_123326;1;TUG1;-0,1212;1,3449;0,8285;-0,0384;-0,9852;0,0662;-0,1532;;False
1052,52;6.21;pa030​;20250612_123326;1;TUG1;-0,1171;1,3445;0,8105;-0,0364;-0,9850;0,0655;-0,1555;;False
1052,53;6.22;pa030​;20250612_123326;1;TUG1;-0,1133;1,3429;0,7928;-0,0325;-0,9855;0,0552;-0,1571;;False
1052,55;6.24;pa030​;20250612_123326;1;TUG1;-0,1094;1,3402;0,7765;-0,0304;-0,9859;0,0510;-0,1567;;False
1052,56;6.25;pa030​;20250612_123326;1;TUG1;-0,1055;1,3382;0,7613;-0,0313;-0,9854;0,0581;-0,1567;;False
1052,57;6.26;pa030​;20250612_123326;1;TUG1;-0,1015;1,3365;0,7462;-0,0346;-0,9846;0,0662;-0,1581;;False
1052,59;6.28;pa030​;20250612_123326;1;TUG1;-0,0965;1,3352;0,7308;-0,0347;-0,9841;0,0694;-0,1595;;False
1052,60;6.29;pa030​;20250612_123326;1;TUG1;-0,0913;1,3353;0,7156;-0,0324;-0,9840;0,0699;-0,1608;;False
1052,62;6.31;pa030​;20250612_123326;1;TUG1;-0,0857;1,3354;0,7000;-0,0328;-0,9839;0,0669;-0,1625;;False
1052,63;6.32;pa030​;20250612_123326;1;TUG1;-0,0801;1,3353;0,6856;-0,0358;-0,9835;0,0634;-0,1654;;False
1052,64;6.33;pa030​;20250612_123326;1;TUG1;-0,0741;1,3351;0,6718;-0,0374;-0,9829;0,0652;-0,1681;;False
1052,66;6.35;pa030​;20250612_123326;1;TUG1;-0,0681;1,3348;0,6580;-0,0392;-0,9822;0,0668;-0,1713;;False
1052,67;6.36;pa030​;20250612_123326;1;TUG1;-0,0620;1,3347;0,6447;-0,0414;-0,9815;0,0687;-0,1737;;False
1052,69;6.38;pa030​;20250612_123326;1;TUG1;-0,0560;1,3344;0,6315;-0,0439;-0,9811;0,0683;-0,1757;;False
1052,70;6.39;pa030​;20250612_123326;1;TUG1;-0,0500;1,3342;0,6187;-0,0464;-0,9806;0,0682;-0,1779;;False
1052,71;6.4;pa030​;20250612_123326;1;TUG1;-0,0436;1,3339;0,6064;-0,0495;-0,9800;0,0675;-0,1803;;False
1052,73;6.42;pa030​;20250612_123326;1;TUG1;-0,0370;1,3335;0,5941;-0,0522;-0,9792;0,0665;-0,1842;;False
1052,74;6.43;pa030​;20250612_123326;1;TUG1;-0,0302;1,3329;0,5821;-0,0544;-0,9783;0,0658;-0,1887;;False
1052,75;6.45;pa030​;20250612_123326;1;TUG1;-0,0237;1,3321;0,5701;-0,0564;-0,9773;0,0647;-0,1939;;False
1052,77;6.46;pa030​;20250612_123326;1;TUG1;-0,0171;1,3310;0,5581;-0,0579;-0,9763;0,0638;-0,1984;;False
1052,78;6.47;pa030​;20250612_123326;1;TUG1;-0,0107;1,3296;0,5462;-0,0586;-0,9753;0,0644;-0,2028;;False
1052,80;6.49;pa030​;20250612_123326;1;TUG1;-0,0044;1,3278;0,5345;-0,0583;-0,9744;0,0658;-0,2071;;False
1052,81;6.5;pa030​;20250612_123326;1;TUG1;0,0021;1,3261;0,5232;-0,0563;-0,9738;0,0695;-0,2091;;False
1052,83;6.52;pa030​;20250612_123326;1;TUG1;0,0085;1,3241;0,5115;-0,0533;-0,9736;0,0690;-0,2111;;False
1052,84;6.53;pa030​;20250612_123326;1;TUG1;0,0155;1,3227;0,4994;-0,0522;-0,9734;0,0656;-0,2130;;False
1052,85;6.54;pa030​;20250612_123326;1;TUG1;0,0229;1,3214;0,4875;-0,0515;-0,9731;0,0615;-0,2159;;False
1052,87;6.56;pa030​;20250612_123326;1;TUG1;0,0306;1,3200;0,4750;-0,0543;-0,9722;0,0561;-0,2210;;False
1052,88;6.57;pa030​;20250612_123326;1;TUG1;0,0380;1,3174;0,4633;-0,0603;-0,9706;0,0484;-0,2278;;False
1052,89;6.58;pa030​;20250612_123326;1;TUG1;0,0451;1,3150;0,4522;-0,0637;-0,9688;0,0526;-0,2336;;False
1052,91;6.6;pa030​;20250612_123326;1;TUG1;0,0519;1,3129;0,4415;-0,0690;-0,9665;0,0614;-0,2394;;False
1052,92;6.61;pa030​;20250612_123326;1;TUG1;0,0582;1,3112;0,4308;-0,0768;-0,9640;0,0666;-0,2457;;False
1052,94;6.63;pa030​;20250612_123326;1;TUG1;0,0643;1,3106;0,4208;-0,0826;-0,9614;0,0711;-0,2527;;False
1052,95;6.64;pa030​;20250612_123326;1;TUG1;0,0705;1,3109;0,4113;-0,0862;-0,9589;0,0736;-0,2602;;False
1052,96;6.65;pa030​;20250612_123326;1;TUG1;0,0765;1,3116;0,4020;-0,0873;-0,9565;0,0735;-0,2683;;False
1052,98;6.67;pa030​;20250612_123326;1;TUG1;0,0825;1,3126;0,3933;-0,0873;-0,9545;0,0716;-0,2759;;False
1052,99;6.68;pa030​;20250612_123326;1;TUG1;0,0882;1,3137;0,3847;-0,0878;-0,9522;0,0678;-0,2847;;False
1053,00;6.7;pa030​;20250612_123326;1;TUG1;0,0939;1,3146;0,3767;-0,0878;-0,9497;0,0643;-0,2935;;False
1053,02;6.71;pa030​;20250612_123326;1;TUG1;0,0996;1,3151;0,3691;-0,0878;-0,9468;0,0623;-0,3032;;False
1053,03;6.72;pa030​;20250612_123326;1;TUG1;0,1051;1,3155;0,3618;-0,0889;-0,9434;0,0619;-0,3135;;False
1053,05;6.74;pa030​;20250612_123326;1;TUG1;0,1105;1,3157;0,3549;-0,0904;-0,9396;0,0627;-0,3241;;False
1053,06;6.75;pa030​;20250612_123326;1;TUG1;0,1158;1,3159;0,3483;-0,0914;-0,9357;0,0643;-0,3347;;False
1053,07;6.77;pa030​;20250612_123326;1;TUG1;0,1212;1,3163;0,3416;-0,0920;-0,9318;0,0652;-0,3449;;False
1053,09;6.78;pa030​;20250612_123326;1;TUG1;0,1268;1,3165;0,3346;-0,0933;-0,9279;0,0644;-0,3551;;False
1053,10;6.79;pa030​;20250612_123326;1;TUG1;0,1326;1,3164;0,3278;-0,0943;-0,9237;0,0631;-0,3659;;False
1053,12;6.81;pa030​;20250612_123326;1;TUG1;0,1385;1,3157;0,3212;-0,0955;-0,9192;0,0625;-0,3769;;False
1053,13;6.82;pa030​;20250612_123326;1;TUG1;0,1445;1,3147;0,3145;-0,0974;-0,9140;0,0626;-0,3889;;False
1053,14;6.84;pa030​;20250612_123326;1;TUG1;0,1507;1,3131;0,3080;-0,0986;-0,9088;0,0626;-0,4006;;False
1053,16;6.85;pa030​;20250612_123326;1;TUG1;0,1569;1,3112;0,3014;-0,1000;-0,9034;0,0633;-0,4122;;False
1053,17;6.86;pa030​;20250612_123326;1;TUG1;0,1634;1,3088;0,2947;-0,1030;-0,8976;0,0638;-0,4239;;False
1053,19;6.88;pa030​;20250612_123326;1;TUG1;0,1702;1,3056;0,2883;-0,1052;-0,8918;0,0649;-0,4353;;False
1053,20;6.89;pa030​;20250612_123326;1;TUG1;0,1771;1,3021;0,2819;-0,1072;-0,8857;0,0656;-0,4469;;False
1053,21;6.9;pa030​;20250612_123326;1;TUG1;0,1839;1,2985;0,2755;-0,1097;-0,8796;0,0661;-0,4582;;False
1053,23;6.92;pa030​;20250612_123326;1;TUG1;0,1909;1,2946;0,2694;-0,1133;-0,8728;0,0672;-0,4700;;False
1053,24;6.93;pa030​;20250612_123326;1;TUG1;0,1982;1,2904;0,2638;-0,1174;-0,8653;0,0672;-0,4827;;False
1053,26;6.95;pa030​;20250612_123326;1;TUG1;0,2057;1,2861;0,2583;-0,1213;-0,8568;0,0678;-0,4965;;False
1053,27;6.96;pa030​;20250612_123326;1;TUG1;0,2129;1,2815;0,2531;-0,1251;-0,8479;0,0684;-0,5106;;False
1053,28;6.97;pa030​;20250612_123326;1;TUG1;0,2196;1,2764;0,2483;-0,1283;-0,8389;0,0694;-0,5243;;False
1053,30;6.99;pa030​;20250612_123326;1;TUG1;0,2261;1,2714;0,2440;-0,1321;-0,8299;0,0718;-0,5373;;False
1053,31;7.0;pa030​;20250612_123326;1;TUG1;0,2324;1,2666;0,2402;-0,1347;-0,8207;0,0728;-0,5504;;False
1053,32;7.02;pa030​;20250612_123326;1;TUG1;0,2384;1,2618;0,2367;-0,1369;-0,8119;0,0734;-0,5628;;False
1053,34;7.03;pa030​;20250612_123326;1;TUG1;0,2438;1,2567;0,2334;-0,1381;-0,8032;0,0737;-0,5748;;False
1053,35;7.04;pa030​;20250612_123326;1;TUG1;0,2486;1,2513;0,2306;-0,1386;-0,7948;0,0728;-0,5863;;False
1053,37;7.06;pa030​;20250612_123326;1;TUG1;0,2528;1,2460;0,2283;-0,1407;-0,7863;0,0724;-0,5972;;False
1053,38;7.07;pa030​;20250612_123326;1;TUG1;0,2563;1,2405;0,2263;-0,1439;-0,7772;0,0721;-0,6083;;False
1053,39;7.09;pa030​;20250612_123326;1;TUG1;0,2591;1,2350;0,2246;-0,1478;-0,7680;0,0724;-0,6189;;False
1053,41;7.1;pa030​;20250612_123326;1;TUG1;0,2615;1,2296;0,2232;-0,1506;-0,7589;0,0729;-0,6293;;False
1053,42;7.11;pa030​;20250612_123326;1;TUG1;0,2636;1,2245;0,2221;-0,1521;-0,7501;0,0735;-0,6394;;False
1053,44;7.13;pa030​;20250612_123326;1;TUG1;0,2654;1,2194;0,2213;-0,1534;-0,7414;0,0738;-0,6491;;False
1053,45;7.14;pa030​;20250612_123326;1;TUG1;0,2672;1,2143;0,2208;-0,1544;-0,7331;0,0738;-0,6583;;False
1053,46;7.15;pa030​;20250612_123326;1;TUG1;0,2686;1,2093;0,2208;-0,1549;-0,7247;0,0742;-0,6673;;False
1053,48;7.17;pa030​;20250612_123326;1;TUG1;0,2697;1,2045;0,2214;-0,1548;-0,7161;0,0745;-0,6766;;False
1053,49;7.18;pa030​;20250612_123326;1;TUG1;0,2701;1,1997;0,2225;-0,1551;-0,7067;0,0740;-0,6864;;False
1053,50;7.2;pa030​;20250612_123326;1;TUG1;0,2699;1,1948;0,2241;-0,1560;-0,6965;0,0741;-0,6965;;False
1053,52;7.21;pa030​;20250612_123326;1;TUG1;0,2693;1,1899;0,2260;-0,1573;-0,6860;0,0739;-0,7066;;False
1053,53;7.22;pa030​;20250612_123326;1;TUG1;0,2687;1,1849;0,2282;-0,1577;-0,6754;0,0735;-0,7167;;False
1053,55;7.24;pa030​;20250612_123326;1;TUG1;0,2678;1,1794;0,2309;-0,1568;-0,6649;0,0715;-0,7268;;False
1053,56;7.25;pa030​;20250612_123326;1;TUG1;0,2667;1,1739;0,2339;-0,1564;-0,6546;0,0698;-0,7363;;False
1053,57;7.26;pa030​;20250612_123326;1;TUG1;0,2651;1,1682;0,2366;-0,1568;-0,6437;0,0687;-0,7458;;False
1053,59;7.28;pa030​;20250612_123326;1;TUG1;0,2629;1,1618;0,2395;-0,1572;-0,6334;0,0687;-0,7546;;False
1053,60;7.29;pa030​;20250612_123326;1;TUG1;0,2602;1,1552;0,2428;-0,1587;-0,6228;0,0690;-0,7630;;False
1053,62;7.31;pa030​;20250612_123326;1;TUG1;0,2572;1,1486;0,2469;-0,1610;-0,6117;0,0705;-0,7714;;False
1053,63;7.32;pa030​;20250612_123326;1;TUG1;0,2539;1,1417;0,2512;-0,1627;-0,6001;0,0718;-0,7799;;False
1053,64;7.33;pa030​;20250612_123326;1;TUG1;0,2498;1,1346;0,2551;-0,1649;-0,5875;0,0723;-0,7889;;False
1053,66;7.35;pa030​;20250612_123326;1;TUG1;0,2450;1,1275;0,2589;-0,1681;-0,5741;0,0722;-0,7981;;False
1053,67;7.36;pa030​;20250612_123326;1;TUG1;0,2398;1,1206;0,2625;-0,1732;-0,5596;0,0729;-0,8072;;False
1053,68;7.38;pa030​;20250612_123326;1;TUG1;0,2343;1,1141;0,2659;-0,1799;-0,5441;0,0715;-0,8164;;False
1053,70;7.39;pa030​;20250612_123326;1;TUG1;0,2284;1,1079;0,2690;-0,1856;-0,5286;0,0712;-0,8253;;False
