Timestamp;ElapsedTime;ID_Subject;ID_Session;sessionNumber;ID_Test;HeadPosition_X;HeadPosition_Y;HeadPosition_Z;HeadRotation_X;HeadRotation_Y;HeadRotation_Z;HeadRotation_W;Events;FalseStart
3122,50;0.0;pa032​;20250620_093447;1;F8W2;0,0741;1,5581;1,1029;-0,0019;0,0595;-0,0149;0,9981;;False
3122,51;0.01;pa032​;20250620_093447;1;F8W2;0,0741;1,5580;1,1029;-0,0017;0,0596;-0,0149;0,9981;;False
3122,55;0.06;pa032​;20250620_093447;1;F8W2;0,0740;1,5579;1,1029;-0,0014;0,0595;-0,0149;0,9981;;False
3122,57;0.07;pa032​;20250620_093447;1;F8W2;0,0740;1,5579;1,1029;-0,0014;0,0594;-0,0150;0,9981;;False
3122,58;0.08;pa032​;20250620_093447;1;F8W2;0,0740;1,5579;1,1029;-0,0013;0,0593;-0,0149;0,9981;;False
3122,59;0.1;pa032​;20250620_093447;1;F8W2;0,0742;1,5580;1,1028;-0,0014;0,0592;-0,0150;0,9981;;False
3122,61;0.11;pa032​;20250620_093447;1;F8W2;0,0743;1,5582;1,1027;-0,0014;0,0590;-0,0151;0,9981;;False
3122,62;0.13;pa032​;20250620_093447;1;F8W2;0,0743;1,5582;1,1027;-0,0014;0,0590;-0,0151;0,9981;;False
3122,64;0.14;pa032​;20250620_093447;1;F8W2;0,0742;1,5582;1,1027;-0,0014;0,0589;-0,0152;0,9981;;False
3122,65;0.15;pa032​;20250620_093447;1;F8W2;0,0742;1,5582;1,1027;-0,0014;0,0589;-0,0151;0,9981;;False
3122,66;0.17;pa032​;20250620_093447;1;F8W2;0,0742;1,5582;1,1027;-0,0015;0,0588;-0,0151;0,9982;;False
3122,69;0.2;pa032​;20250620_093447;1;F8W2;0,0741;1,5582;1,1027;-0,0017;0,0588;-0,0152;0,9982;;False
3122,71;0.21;pa032​;20250620_093447;1;F8W2;0,0740;1,5582;1,1027;-0,0019;0,0587;-0,0152;0,9982;;False
3122,72;0.22;pa032​;20250620_093447;1;F8W2;0,0740;1,5583;1,1026;-0,0021;0,0587;-0,0152;0,9982;;False
3122,73;0.24;pa032​;20250620_093447;1;F8W2;0,0739;1,5583;1,1025;-0,0025;0,0585;-0,0152;0,9982;;False
3122,75;0.25;pa032​;20250620_093447;1;F8W2;0,0739;1,5584;1,1026;-0,0029;0,0585;-0,0150;0,9982;;False
3122,76;0.26;pa032​;20250620_093447;1;F8W2;0,0738;1,5585;1,1026;-0,0032;0,0584;-0,0151;0,9982;;False
3122,78;0.28;pa032​;20250620_093447;1;F8W2;0,0738;1,5585;1,1027;-0,0036;0,0583;-0,0151;0,9982;;False
3122,79;0.29;pa032​;20250620_093447;1;F8W2;0,0737;1,5586;1,1028;-0,0039;0,0584;-0,0151;0,9982;;False
3122,80;0.31;pa032​;20250620_093447;1;F8W2;0,0737;1,5586;1,1028;-0,0040;0,0584;-0,0151;0,9982;;False
3122,82;0.32;pa032​;20250620_093447;1;F8W2;0,0737;1,5587;1,1027;-0,0041;0,0583;-0,0151;0,9982;;False
3122,83;0.33;pa032​;20250620_093447;1;F8W2;0,0737;1,5588;1,1027;-0,0042;0,0584;-0,0148;0,9982;;False
3122,84;0.35;pa032​;20250620_093447;1;F8W2;0,0737;1,5588;1,1027;-0,0042;0,0584;-0,0148;0,9982;;False
3122,86;0.36;pa032​;20250620_093447;1;F8W2;0,0737;1,5588;1,1029;-0,0041;0,0587;-0,0143;0,9982;;False
3122,87;0.38;pa032​;20250620_093447;1;F8W2;0,0736;1,5588;1,1032;-0,0040;0,0587;-0,0142;0,9982;;False
3122,89;0.39;pa032​;20250620_093447;1;F8W2;0,0736;1,5587;1,1035;-0,0039;0,0586;-0,0139;0,9982;;False
3122,90;0.4;pa032​;20250620_093447;1;F8W2;0,0735;1,5586;1,1038;-0,0034;0,0586;-0,0135;0,9982;;False
3122,91;0.42;pa032​;20250620_093447;1;F8W2;0,0733;1,5583;1,1044;-0,0028;0,0587;-0,0133;0,9982;;False
3122,93;0.43;pa032​;20250620_093447;1;F8W2;0,0733;1,5581;1,1049;-0,0024;0,0586;-0,0127;0,9982;;False
3122,94;0.44;pa032​;20250620_093447;1;F8W2;0,0733;1,5579;1,1054;-0,0016;0,0586;-0,0121;0,9982;;False
3122,96;0.46;pa032​;20250620_093447;1;F8W2;0,0733;1,5575;1,1060;-0,0004;0,0584;-0,0114;0,9982;;False
3122,97;0.47;pa032​;20250620_093447;1;F8W2;0,0732;1,5570;1,1068;0,0015;0,0585;-0,0108;0,9982;;False
3122,98;0.49;pa032​;20250620_093447;1;F8W2;0,0730;1,5564;1,1077;0,0041;0,0584;-0,0108;0,9982;;False
3123,00;0.5;pa032​;20250620_093447;1;F8W2;0,0728;1,5558;1,1087;0,0060;0,0583;-0,0104;0,9982;;False
3123,01;0.51;pa032​;20250620_093447;1;F8W2;0,0726;1,5550;1,1097;0,0096;0,0579;-0,0105;0,9982;;False
3123,02;0.53;pa032​;20250620_093447;1;F8W2;0,0724;1,5540;1,1107;0,0137;0,0571;-0,0099;0,9982;;False
3123,04;0.54;pa032​;20250620_093447;1;F8W2;0,0721;1,5531;1,1120;0,0181;0,0562;-0,0088;0,9982;;False
3123,05;0.56;pa032​;20250620_093447;1;F8W2;0,0719;1,5522;1,1134;0,0231;0,0548;-0,0077;0,9982;;False
3123,07;0.57;pa032​;20250620_093447;1;F8W2;0,0716;1,5509;1,1148;0,0284;0,0532;-0,0065;0,9982;;False
3123,08;0.58;pa032​;20250620_093447;1;F8W2;0,0713;1,5494;1,1164;0,0352;0,0510;-0,0054;0,9981;;False
3123,09;0.6;pa032​;20250620_093447;1;F8W2;0,0708;1,5477;1,1181;0,0433;0,0488;-0,0045;0,9979;;False
3123,11;0.61;pa032​;20250620_093447;1;F8W2;0,0702;1,5454;1,1199;0,0529;0,0459;-0,0031;0,9975;;False
3123,12;0.63;pa032​;20250620_093447;1;F8W2;0,0696;1,5429;1,1218;0,0644;0,0427;-0,0020;0,9970;;False
3123,14;0.64;pa032​;20250620_093447;1;F8W2;0,0689;1,5401;1,1237;0,0773;0,0390;-0,0006;0,9962;;False
3123,15;0.65;pa032​;20250620_093447;1;F8W2;0,0682;1,5367;1,1256;0,0920;0,0344;0,0005;0,9952;;False
3123,17;0.67;pa032​;20250620_093447;1;F8W2;0,0673;1,5331;1,1277;0,1074;0,0289;0,0028;0,9938;;False
3123,19;0.7;pa032​;20250620_093447;1;F8W2;0,0652;1,5254;1,1319;0,1406;0,0170;0,0075;0,9899;;False
3123,22;0.72;pa032​;20250620_093447;1;F8W2;0,0628;1,5162;1,1360;0,1758;0,0049;0,0101;0,9844;;False
3123,23;0.74;pa032​;20250620_093447;1;F8W2;0,0617;1,5114;1,1381;0,1933;-0,0009;0,0112;0,9811;;False
3123,25;0.75;pa032​;20250620_093447;1;F8W2;0,0606;1,5068;1,1403;0,2102;-0,0063;0,0128;0,9776;;False
3123,26;0.76;pa032​;20250620_093447;1;F8W2;0,0595;1,5022;1,1426;0,2261;-0,0125;0,0157;0,9739;;False
3123,27;0.78;pa032​;20250620_093447;1;F8W2;0,0583;1,4975;1,1449;0,2411;-0,0191;0,0191;0,9701;;False
3123,29;0.79;pa032​;20250620_093447;1;F8W2;0,0570;1,4926;1,1472;0,2559;-0,0250;0,0214;0,9661;;False
3123,30;0.81;pa032​;20250620_093447;1;F8W2;0,0559;1,4877;1,1493;0,2709;-0,0303;0,0222;0,9619;;False
3123,32;0.82;pa032​;20250620_093447;1;F8W2;0,0547;1,4828;1,1511;0,2852;-0,0351;0,0234;0,9575;;False
3123,33;0.84;pa032​;20250620_093447;1;F8W2;0,0537;1,4786;1,1530;0,2985;-0,0391;0,0252;0,9533;;False
3123,36;0.86;pa032​;20250620_093447;1;F8W2;0,0517;1,4711;1,1571;0,3207;-0,0463;0,0292;0,9456;;False
3123,39;0.89;pa032​;20250620_093447;1;F8W2;0,0502;1,4647;1,1607;0,3393;-0,0529;0,0333;0,9386;;False
3123,40;0.9;pa032​;20250620_093447;1;F8W2;0,0494;1,4619;1,1622;0,3475;-0,0558;0,0358;0,9353;;False
3123,41;0.92;pa032​;20250620_093447;1;F8W2;0,0489;1,4592;1,1639;0,3552;-0,0587;0,0373;0,9322;;False
3123,43;0.93;pa032​;20250620_093447;1;F8W2;0,0484;1,4569;1,1653;0,3624;-0,0606;0,0382;0,9293;;False
3123,44;0.95;pa032​;20250620_093447;1;F8W2;0,0480;1,4547;1,1669;0,3685;-0,0616;0,0384;0,9268;;False
3123,46;0.96;pa032​;20250620_093447;1;F8W2;0,0477;1,4526;1,1688;0,3737;-0,0625;0,0391;0,9246;;False
3123,47;0.97;pa032​;20250620_093447;1;F8W2;0,0474;1,4507;1,1706;0,3781;-0,0640;0,0399;0,9227;;False
3123,48;0.99;pa032​;20250620_093447;1;F8W2;0,0471;1,4488;1,1722;0,3822;-0,0646;0,0409;0,9209;;False
3123,50;1.0;pa032​;20250620_093447;1;F8W2;0,0470;1,4470;1,1738;0,3871;-0,0653;0,0417;0,9188;;False
3123,51;1.01;pa032​;20250620_093447;1;F8W2;0,0470;1,4452;1,1753;0,3915;-0,0659;0,0425;0,9168;;False
3123,53;1.03;pa032​;20250620_093447;1;F8W2;0,0470;1,4433;1,1769;0,3953;-0,0663;0,0439;0,9151;;False
3123,54;1.04;pa032​;20250620_093447;1;F8W2;0,0470;1,4417;1,1784;0,3990;-0,0670;0,0457;0,9134;;False
3123,55;1.06;pa032​;20250620_093447;1;F8W2;0,0470;1,4401;1,1797;0,4031;-0,0678;0,0472;0,9114;;False
3123,57;1.07;pa032​;20250620_093447;1;F8W2;0,0471;1,4386;1,1807;0,4075;-0,0691;0,0488;0,9093;;False
3123,58;1.08;pa032​;20250620_093447;1;F8W2;0,0471;1,4370;1,1820;0,4114;-0,0698;0,0496;0,9074;;False
3123,59;1.1;pa032​;20250620_093447;1;F8W2;0,0471;1,4357;1,1832;0,4148;-0,0703;0,0502;0,9058;;False
3123,61;1.11;pa032​;20250620_093447;1;F8W2;0,0472;1,4345;1,1847;0,4165;-0,0711;0,0509;0,9049;;False
3123,62;1.13;pa032​;20250620_093447;1;F8W2;0,0474;1,4336;1,1862;0,4179;-0,0724;0,0520;0,9041;;False
3123,64;1.14;pa032​;20250620_093447;1;F8W2;0,0473;1,4329;1,1875;0,4183;-0,0737;0,0533;0,9037;;False
3123,65;1.15;pa032​;20250620_093447;1;F8W2;0,0474;1,4323;1,1888;0,4183;-0,0751;0,0542;0,9036;;False
3123,66;1.17;pa032​;20250620_093447;1;F8W2;0,0475;1,4318;1,1900;0,4184;-0,0767;0,0551;0,9033;;False
3123,68;1.18;pa032​;20250620_093447;1;F8W2;0,0476;1,4314;1,1911;0,4178;-0,0784;0,0559;0,9034;;False
3123,69;1.2;pa032​;20250620_093447;1;F8W2;0,0475;1,4315;1,1922;0,4169;-0,0800;0,0567;0,9037;;False
3123,71;1.21;pa032​;20250620_093447;1;F8W2;0,0475;1,4317;1,1935;0,4153;-0,0818;0,0575;0,9042;;False
3123,72;1.22;pa032​;20250620_093447;1;F8W2;0,0475;1,4324;1,1948;0,4118;-0,0834;0,0586;0,9055;;False
3123,73;1.24;pa032​;20250620_093447;1;F8W2;0,0474;1,4336;1,1963;0,4080;-0,0848;0,0596;0,9071;;False
3123,75;1.25;pa032​;20250620_093447;1;F8W2;0,0473;1,4351;1,1977;0,4015;-0,0860;0,0605;0,9098;;False
3123,76;1.26;pa032​;20250620_093447;1;F8W2;0,0471;1,4372;1,1993;0,3938;-0,0872;0,0610;0,9130;;False
3123,77;1.28;pa032​;20250620_093447;1;F8W2;0,0468;1,4397;1,2007;0,3850;-0,0884;0,0615;0,9166;;False
3123,79;1.29;pa032​;20250620_093447;1;F8W2;0,0467;1,4425;1,2020;0,3753;-0,0890;0,0615;0,9206;;False
3123,80;1.31;pa032​;20250620_093447;1;F8W2;0,0464;1,4455;1,2034;0,3639;-0,0898;0,0621;0,9250;;False
3123,82;1.32;pa032​;20250620_093447;1;F8W2;0,0462;1,4487;1,2049;0,3518;-0,0903;0,0626;0,9296;;False
3123,83;1.33;pa032​;20250620_093447;1;F8W2;0,0459;1,4522;1,2063;0,3397;-0,0902;0,0632;0,9341;;False
3123,84;1.35;pa032​;20250620_093447;1;F8W2;0,0456;1,4555;1,2075;0,3274;-0,0897;0,0630;0,9385;;False
3123,86;1.36;pa032​;20250620_093447;1;F8W2;0,0453;1,4589;1,2086;0,3154;-0,0888;0,0628;0,9427;;False
3123,87;1.38;pa032​;20250620_093447;1;F8W2;0,0449;1,4622;1,2096;0,3031;-0,0880;0,0622;0,9469;;False
3123,89;1.39;pa032​;20250620_093447;1;F8W2;0,0445;1,4656;1,2107;0,2910;-0,0870;0,0614;0,9508;;False
3123,90;1.4;pa032​;20250620_093447;1;F8W2;0,0440;1,4691;1,2113;0,2793;-0,0862;0,0600;0,9544;;False
3123,91;1.42;pa032​;20250620_093447;1;F8W2;0,0434;1,4724;1,2114;0,2675;-0,0840;0,0587;0,9581;;False
3123,93;1.43;pa032​;20250620_093447;1;F8W2;0,0428;1,4756;1,2120;0,2565;-0,0821;0,0575;0,9613;;False
3123,94;1.44;pa032​;20250620_093447;1;F8W2;0,0421;1,4787;1,2126;0,2454;-0,0798;0,0562;0,9645;;False
3123,96;1.46;pa032​;20250620_093447;1;F8W2;0,0412;1,4818;1,2131;0,2351;-0,0771;0,0547;0,9674;;False
3123,97;1.47;pa032​;20250620_093447;1;F8W2;0,0402;1,4847;1,2135;0,2252;-0,0742;0,0527;0,9701;;False
3123,98;1.49;pa032​;20250620_093447;1;F8W2;0,0390;1,4875;1,2141;0,2158;-0,0715;0,0510;0,9725;;False
3124,00;1.5;pa032​;20250620_093447;1;F8W2;0,0376;1,4901;1,2146;0,2072;-0,0690;0,0489;0,9747;;False
3124,01;1.51;pa032​;20250620_093447;1;F8W2;0,0360;1,4926;1,2149;0,1994;-0,0664;0,0473;0,9765;;False
3124,02;1.53;pa032​;20250620_093447;1;F8W2;0,0343;1,4950;1,2152;0,1918;-0,0644;0,0457;0,9782;;False
3124,04;1.54;pa032​;20250620_093447;1;F8W2;0,0323;1,4973;1,2157;0,1842;-0,0612;0,0440;0,9800;;False
3124,05;1.56;pa032​;20250620_093447;1;F8W2;0,0301;1,4994;1,2161;0,1775;-0,0582;0,0425;0,9815;;False
3124,07;1.57;pa032​;20250620_093447;1;F8W2;0,0277;1,5014;1,2165;0,1707;-0,0554;0,0413;0,9829;;False
3124,08;1.58;pa032​;20250620_093447;1;F8W2;0,0251;1,5034;1,2170;0,1642;-0,0528;0,0404;0,9842;;False
3124,09;1.6;pa032​;20250620_093447;1;F8W2;0,0221;1,5055;1,2177;0,1575;-0,0500;0,0395;0,9855;;False
3124,11;1.61;pa032​;20250620_093447;1;F8W2;0,0190;1,5075;1,2182;0,1512;-0,0470;0,0385;0,9866;;False
3124,12;1.63;pa032​;20250620_093447;1;F8W2;0,0158;1,5095;1,2189;0,1453;-0,0445;0,0367;0,9877;;False
3124,14;1.64;pa032​;20250620_093447;1;F8W2;0,0123;1,5114;1,2196;0,1381;-0,0416;0,0353;0,9889;;False
3124,15;1.65;pa032​;20250620_093447;1;F8W2;0,0087;1,5133;1,2204;0,1306;-0,0386;0,0336;0,9901;;False
3124,16;1.67;pa032​;20250620_093447;1;F8W2;0,0048;1,5152;1,2211;0,1230;-0,0360;0,0328;0,9912;;False
3124,18;1.68;pa032​;20250620_093447;1;F8W2;0,0010;1,5172;1,2220;0,1159;-0,0341;0,0312;0,9922;;False
3124,19;1.7;pa032​;20250620_093447;1;F8W2;-0,0031;1,5191;1,2229;0,1086;-0,0316;0,0291;0,9932;;False
3124,21;1.71;pa032​;20250620_093447;1;F8W2;-0,0073;1,5209;1,2239;0,1024;-0,0292;0,0274;0,9939;;False
3124,22;1.72;pa032​;20250620_093447;1;F8W2;-0,0115;1,5223;1,2248;0,0970;-0,0274;0,0262;0,9946;;False
3124,23;1.74;pa032​;20250620_093447;1;F8W2;-0,0158;1,5236;1,2259;0,0928;-0,0258;0,0248;0,9950;;False
3124,25;1.75;pa032​;20250620_093447;1;F8W2;-0,0201;1,5248;1,2272;0,0886;-0,0248;0,0237;0,9955;;False
3124,26;1.76;pa032​;20250620_093447;1;F8W2;-0,0244;1,5257;1,2285;0,0839;-0,0234;0,0227;0,9959;;False
3124,27;1.78;pa032​;20250620_093447;1;F8W2;-0,0287;1,5265;1,2299;0,0801;-0,0220;0,0214;0,9963;;False
3124,29;1.79;pa032​;20250620_093447;1;F8W2;-0,0332;1,5268;1,2316;0,0770;-0,0200;0,0200;0,9966;;False
3124,30;1.81;pa032​;20250620_093447;1;F8W2;-0,0375;1,5270;1,2334;0,0744;-0,0186;0,0186;0,9969;;False
3124,32;1.82;pa032​;20250620_093447;1;F8W2;-0,0422;1,5280;1,2360;0,0753;-0,0161;0,0177;0,9969;;False
3124,33;1.84;pa032​;20250620_093447;1;F8W2;-0,0467;1,5283;1,2386;0,0740;-0,0141;0,0169;0,9970;;False
3124,36;1.86;pa032​;20250620_093447;1;F8W2;-0,0556;1,5283;1,2443;0,0714;-0,0088;0,0143;0,9973;;False
3124,39;1.89;pa032​;20250620_093447;1;F8W2;-0,0643;1,5275;1,2510;0,0693;-0,0035;0,0114;0,9975;;False
3124,41;1.92;pa032​;20250620_093447;1;F8W2;-0,0729;1,5265;1,2587;0,0691;0,0017;0,0106;0,9976;;False
3124,43;1.93;pa032​;20250620_093447;1;F8W2;-0,0772;1,5262;1,2630;0,0693;0,0041;0,0103;0,9975;;False
3124,44;1.95;pa032​;20250620_093447;1;F8W2;-0,0816;1,5259;1,2675;0,0695;0,0063;0,0101;0,9975;;False
3124,47;1.97;pa032​;20250620_093447;1;F8W2;-0,0903;1,5255;1,2774;0,0711;0,0110;0,0091;0,9974;;False
3124,50;2.0;pa032​;20250620_093447;1;F8W2;-0,0990;1,5242;1,2882;0,0721;0,0140;0,0094;0,9973;;False
3124,53;2.03;pa032​;20250620_093447;1;F8W2;-0,1076;1,5221;1,2999;0,0756;0,0164;0,0098;0,9970;;False
3124,55;2.06;pa032​;20250620_093447;1;F8W2;-0,1163;1,5189;1,3129;0,0820;0,0188;0,0099;0,9964;;False
3124,58;2.08;pa032​;20250620_093447;1;F8W2;-0,1250;1,5137;1,3268;0,0946;0,0215;0,0087;0,9952;;False
3124,59;2.1;pa032​;20250620_093447;1;F8W2;-0,1293;1,5103;1,3341;0,1043;0,0228;0,0082;0,9943;;False
3124,61;2.11;pa032​;20250620_093447;1;F8W2;-0,1336;1,5064;1,3417;0,1159;0,0238;0,0082;0,9929;;False
3124,62;2.12;pa032​;20250620_093447;1;F8W2;-0,1375;1,5023;1,3497;0,1267;0,0236;0,0083;0,9916;;False
3124,63;2.14;pa032​;20250620_093447;1;F8W2;-0,1417;1,4988;1,3582;0,1356;0,0240;0,0094;0,9904;;False
3124,65;2.15;pa032​;20250620_093447;1;F8W2;-0,1456;1,4960;1,3675;0,1415;0,0237;0,0101;0,9896;;False
3124,66;2.17;pa032​;20250620_093447;1;F8W2;-0,1494;1,4931;1,3767;0,1460;0,0235;0,0107;0,9890;;False
3124,68;2.18;pa032​;20250620_093447;1;F8W2;-0,1530;1,4904;1,3862;0,1500;0,0228;0,0117;0,9884;;False
3124,69;2.19;pa032​;20250620_093447;1;F8W2;-0,1561;1,4876;1,3958;0,1533;0,0214;0,0131;0,9879;;False
3124,71;2.21;pa032​;20250620_093447;1;F8W2;-0,1591;1,4853;1,4057;0,1579;0,0204;0,0143;0,9871;;False
3124,72;2.22;pa032​;20250620_093447;1;F8W2;-0,1616;1,4832;1,4160;0,1615;0,0192;0,0145;0,9866;;False
3124,73;2.24;pa032​;20250620_093447;1;F8W2;-0,1639;1,4816;1,4266;0,1645;0,0180;0,0144;0,9861;;False
3124,75;2.25;pa032​;20250620_093447;1;F8W2;-0,1661;1,4803;1,4374;0,1669;0,0168;0,0141;0,9857;;False
3124,76;2.27;pa032​;20250620_093447;1;F8W2;-0,1678;1,4796;1,4487;0,1680;0,0148;0,0136;0,9856;;False
3124,79;2.29;pa032​;20250620_093447;1;F8W2;-0,1710;1,4792;1,4714;0,1681;0,0109;0,0129;0,9856;;False
3124,80;2.31;pa032​;20250620_093447;1;F8W2;-0,1724;1,4809;1,4837;0,1707;0,0096;0,0116;0,9852;;False
3124,82;2.32;pa032​;20250620_093447;1;F8W2;-0,1739;1,4835;1,4971;0,1712;0,0091;0,0090;0,9852;;False
3124,83;2.33;pa032​;20250620_093447;1;F8W2;-0,1751;1,4857;1,5107;0,1664;0,0095;0,0050;0,9860;;False
3124,84;2.35;pa032​;20250620_093447;1;F8W2;-0,1762;1,4878;1,5242;0,1622;0,0098;0,0033;0,9867;Collision avec Debut - Objet Parent SceneAnchor;False
3124,86;2.36;pa032​;20250620_093447;1;F8W2;-0,1772;1,4895;1,5375;0,1598;0,0098;0,0029;0,9871;Collision avec Debut - Objet Parent SceneAnchor;False
3124,87;2.37;pa032​;20250620_093447;1;F8W2;-0,1782;1,4907;1,5504;0,1590;0,0101;0,0022;0,9872;Collision avec Debut - Objet Parent SceneAnchor;False
3124,89;2.39;pa032​;20250620_093447;1;F8W2;-0,1795;1,4916;1,5629;0,1598;0,0109;0,0012;0,9871;Collision avec Debut - Objet Parent SceneAnchor;False
3124,90;2.4;pa032​;20250620_093447;1;F8W2;-0,1809;1,4924;1,5756;0,1610;0,0128;-0,0007;0,9869;Collision avec Debut - Objet Parent SceneAnchor;False
3124,91;2.42;pa032​;20250620_093447;1;F8W2;-0,1825;1,4935;1,5887;0,1616;0,0160;-0,0046;0,9867;;False
3124,93;2.43;pa032​;20250620_093447;1;F8W2;-0,1841;1,4946;1,6019;0,1609;0,0196;-0,0077;0,9867;;False
3124,94;2.44;pa032​;20250620_093447;1;F8W2;-0,1859;1,4956;1,6150;0,1616;0,0225;-0,0089;0,9866;;False
3124,96;2.46;pa032​;20250620_093447;1;F8W2;-0,1881;1,4970;1,6281;0,1646;0,0255;-0,0091;0,9860;;False
3124,97;2.47;pa032​;20250620_093447;1;F8W2;-0,1903;1,4979;1,6413;0,1666;0,0278;-0,0093;0,9856;;False
3124,98;2.49;pa032​;20250620_093447;1;F8W2;-0,1927;1,4991;1,6545;0,1703;0,0305;-0,0096;0,9849;;False
3125,00;2.5;pa032​;20250620_093447;1;F8W2;-0,1951;1,5002;1,6679;0,1728;0,0337;-0,0107;0,9843;;False
3125,01;2.51;pa032​;20250620_093447;1;F8W2;-0,1977;1,5011;1,6812;0,1740;0,0363;-0,0105;0,9840;;False
3125,02;2.53;pa032​;20250620_093447;1;F8W2;-0,2004;1,5020;1,6945;0,1754;0,0389;-0,0093;0,9837;;False
3125,04;2.54;pa032​;20250620_093447;1;F8W2;-0,2032;1,5025;1,7079;0,1755;0,0411;-0,0085;0,9836;;False
3125,05;2.56;pa032​;20250620_093447;1;F8W2;-0,2060;1,5027;1,7214;0,1752;0,0430;-0,0081;0,9836;;False
3125,07;2.57;pa032​;20250620_093447;1;F8W2;-0,2089;1,5027;1,7349;0,1741;0,0447;-0,0070;0,9837;;False
3125,08;2.58;pa032​;20250620_093447;1;F8W2;-0,2118;1,5025;1,7486;0,1725;0,0458;-0,0058;0,9839;;False
3125,09;2.6;pa032​;20250620_093447;1;F8W2;-0,2148;1,5021;1,7624;0,1690;0,0468;-0,0044;0,9845;;False
3125,11;2.61;pa032​;20250620_093447;1;F8W2;-0,2178;1,5016;1,7764;0,1652;0,0479;-0,0035;0,9851;;False
3125,12;2.63;pa032​;20250620_093447;1;F8W2;-0,2207;1,5008;1,7904;0,1609;0,0496;-0,0034;0,9857;;False
3125,14;2.64;pa032​;20250620_093447;1;F8W2;-0,2236;1,4997;1,8046;0,1568;0,0516;-0,0037;0,9863;;False
3125,15;2.65;pa032​;20250620_093447;1;F8W2;-0,2266;1,4983;1,8189;0,1530;0,0537;-0,0039;0,9868;;False
3125,16;2.67;pa032​;20250620_093447;1;F8W2;-0,2295;1,4966;1,8332;0,1495;0,0555;-0,0048;0,9872;;False
3125,18;2.68;pa032​;20250620_093447;1;F8W2;-0,2326;1,4945;1,8476;0,1466;0,0572;-0,0053;0,9875;;False
3125,20;2.71;pa032​;20250620_093447;1;F8W2;-0,2425;1,4863;1,8902;0,1390;0,0616;-0,0070;0,9883;;False
3125,22;2.72;pa032​;20250620_093447;1;F8W2;-0,2458;1,4827;1,9037;0,1390;0,0628;-0,0089;0,9883;;False
3125,23;2.73;pa032​;20250620_093447;1;F8W2;-0,2494;1,4791;1,9170;0,1406;0,0649;-0,0115;0,9879;;False
3125,24;2.75;pa032​;20250620_093447;1;F8W2;-0,2531;1,4759;1,9301;0,1454;0,0677;-0,0148;0,9869;;False
3125,26;2.76;pa032​;20250620_093447;1;F8W2;-0,2569;1,4728;1,9431;0,1504;0,0712;-0,0176;0,9859;;False
3125,27;2.78;pa032​;20250620_093447;1;F8W2;-0,2606;1,4704;1,9563;0,1557;0,0749;-0,0202;0,9847;;False
3125,29;2.79;pa032​;20250620_093447;1;F8W2;-0,2642;1,4696;1,9704;0,1572;0,0791;-0,0225;0,9841;;False
3125,30;2.8;pa032​;20250620_093447;1;F8W2;-0,2680;1,4691;1,9847;0,1548;0,0852;-0,0262;0,9839;;False
3125,31;2.82;pa032​;20250620_093447;1;F8W2;-0,2717;1,4688;1,9984;0,1519;0,0925;-0,0315;0,9835;;False
3125,33;2.83;pa032​;20250620_093447;1;F8W2;-0,2757;1,4696;2,0125;0,1523;0,1017;-0,0376;0,9824;;False
3125,34;2.84;pa032​;20250620_093447;1;F8W2;-0,2795;1,4741;2,0281;0,1584;0,1113;-0,0438;0,9801;;False
3125,35;2.86;pa032​;20250620_093447;1;F8W2;-0,2831;1,4762;2,0438;0,1519;0,1197;-0,0455;0,9801;;False
3125,37;2.87;pa032​;20250620_093447;1;F8W2;-0,2870;1,4779;2,0579;0,1468;0,1251;-0,0420;0,9803;;False
3125,38;2.89;pa032​;20250620_093447;1;F8W2;-0,2908;1,4815;2,0720;0,1546;0,1305;-0,0425;0,9784;;False
3125,40;2.9;pa032​;20250620_093447;1;F8W2;-0,2936;1,4823;2,0857;0,1525;0,1340;-0,0410;0,9783;;False
3125,41;2.91;pa032​;20250620_093447;1;F8W2;-0,2961;1,4851;2,0991;0,1573;0,1371;-0,0385;0,9772;;False
3125,42;2.93;pa032​;20250620_093447;1;F8W2;-0,2978;1,4874;2,1128;0,1599;0,1411;-0,0385;0,9762;;False
3125,44;2.94;pa032​;20250620_093447;1;F8W2;-0,2990;1,4900;2,1269;0,1600;0,1464;-0,0409;0,9753;;False
3125,45;2.96;pa032​;20250620_093447;1;F8W2;-0,2996;1,4927;2,1412;0,1585;0,1521;-0,0441;0,9746;;False
3125,47;2.97;pa032​;20250620_093447;1;F8W2;-0,3000;1,4954;2,1556;0,1571;0,1579;-0,0469;0,9737;;False
3125,48;2.98;pa032​;20250620_093447;1;F8W2;-0,2999;1,4984;2,1697;0,1575;0,1636;-0,0495;0,9726;;False
3125,49;3.0;pa032​;20250620_093447;1;F8W2;-0,2995;1,5006;2,1833;0,1549;0,1694;-0,0512;0,9719;;False
3125,51;3.01;pa032​;20250620_093447;1;F8W2;-0,2987;1,5039;2,1972;0,1558;0,1758;-0,0538;0,9705;;False
3125,52;3.03;pa032​;20250620_093447;1;F8W2;-0,2974;1,5061;2,2110;0,1527;0,1831;-0,0557;0,9696;;False
3125,53;3.04;pa032​;20250620_093447;1;F8W2;-0,2958;1,5081;2,2246;0,1507;0,1904;-0,0573;0,9684;;False
3125,55;3.05;pa032​;20250620_093447;1;F8W2;-0,2940;1,5098;2,2382;0,1499;0,1984;-0,0592;0,9668;;False
3125,57;3.07;pa032​;20250620_093447;1;F8W2;-0,2915;1,5102;2,2515;0,1477;0,2064;-0,0616;0,9653;;False
3125,58;3.08;pa032​;20250620_093447;1;F8W2;-0,2889;1,5104;2,2649;0,1459;0,2148;-0,0636;0,9636;;False
3125,59;3.09;pa032​;20250620_093447;1;F8W2;-0,2861;1,5105;2,2783;0,1450;0,2239;-0,0658;0,9615;;False
3125,60;3.11;pa032​;20250620_093447;1;F8W2;-0,2830;1,5098;2,2914;0,1436;0,2336;-0,0676;0,9593;;False
3125,62;3.12;pa032​;20250620_093447;1;F8W2;-0,2796;1,5088;2,3043;0,1432;0,2437;-0,0700;0,9567;;False
3125,63;3.13;pa032​;20250620_093447;1;F8W2;-0,2759;1,5071;2,3170;0,1433;0,2533;-0,0723;0,9540;Collision avec Gauche1 - Objet Parent Plot1;False
3125,65;3.15;pa032​;20250620_093447;1;F8W2;-0,2721;1,5052;2,3297;0,1439;0,2634;-0,0744;0,9510;Collision avec Gauche1 - Objet Parent Plot1;False
3125,66;3.16;pa032​;20250620_093447;1;F8W2;-0,2681;1,5029;2,3423;0,1443;0,2734;-0,0767;0,9479;Collision avec Gauche1 - Objet Parent Plot1;False
3125,67;3.18;pa032​;20250620_093447;1;F8W2;-0,2638;1,5005;2,3550;0,1439;0,2836;-0,0789;0,9448;Collision avec Gauche1 - Objet Parent Plot1;False
3125,69;3.19;pa032​;20250620_093447;1;F8W2;-0,2592;1,4977;2,3676;0,1429;0,2930;-0,0810;0,9419;Collision avec Gauche1 - Objet Parent Plot1;False
3125,70;3.2;pa032​;20250620_093447;1;F8W2;-0,2542;1,4948;2,3799;0,1432;0,3020;-0,0833;0,9388;Collision avec Gauche1 - Objet Parent Plot1;False
3125,72;3.22;pa032​;20250620_093447;1;F8W2;-0,2490;1,4914;2,3921;0,1430;0,3109;-0,0854;0,9357;Collision avec Gauche1 - Objet Parent Plot1;False
3125,73;3.23;pa032​;20250620_093447;1;F8W2;-0,2436;1,4876;2,4043;0,1414;0,3200;-0,0868;0,9328;Collision avec Gauche1 - Objet Parent Plot1;False
3125,74;3.25;pa032​;20250620_093447;1;F8W2;-0,2377;1,4839;2,4161;0,1403;0,3275;-0,0880;0,9302;Collision avec Gauche1 - Objet Parent Plot1;False
3125,76;3.26;pa032​;20250620_093447;1;F8W2;-0,2314;1,4798;2,4277;0,1391;0,3336;-0,0877;0,9283;Collision avec Gauche1 - Objet Parent Plot1;False
3125,77;3.27;pa032​;20250620_093447;1;F8W2;-0,2254;1,4757;2,4387;0,1409;0,3395;-0,0896;0,9257;Collision avec Gauche1 - Objet Parent Plot1;False
3125,78;3.29;pa032​;20250620_093447;1;F8W2;-0,2191;1,4724;2,4498;0,1448;0,3441;-0,0919;0,9231;Collision avec Gauche1 - Objet Parent Plot1;False
3125,80;3.3;pa032​;20250620_093447;1;F8W2;-0,2120;1,4693;2,4612;0,1453;0,3484;-0,0933;0,9213;Collision avec Gauche1 - Objet Parent Plot1;False
3125,81;3.32;pa032​;20250620_093447;1;F8W2;-0,2046;1,4668;2,4724;0,1428;0,3525;-0,0936;0,9201;Collision avec Chemin1 - Objet Parent Plot1;False
3125,83;3.33;pa032​;20250620_093447;1;F8W2;-0,1965;1,4652;2,4836;0,1376;0,3565;-0,0968;0,9190;Collision avec Chemin1 - Objet Parent Plot1;False
3125,84;3.34;pa032​;20250620_093447;1;F8W2;-0,1879;1,4650;2,4951;0,1331;0,3613;-0,1008;0,9174;Collision avec Chemin1 - Objet Parent Plot1;False
3125,85;3.36;pa032​;20250620_093447;1;F8W2;-0,1786;1,4676;2,5068;0,1321;0,3680;-0,1080;0,9140;Collision avec Chemin1 - Objet Parent Plot1;False
3125,87;3.37;pa032​;20250620_093447;1;F8W2;-0,1682;1,4714;2,5192;0,1353;0,3759;-0,1172;0,9092;Collision avec Chemin1 - Objet Parent Plot1;False
3125,88;3.39;pa032​;20250620_093447;1;F8W2;-0,1585;1,4715;2,5295;0,1215;0,3844;-0,1145;0,9079;Collision avec Droite1 - Objet Parent Plot1;False
3125,90;3.4;pa032​;20250620_093447;1;F8W2;-0,1497;1,4709;2,5388;0,1150;0,3936;-0,1155;0,9047;Collision avec Droite1 - Objet Parent Plot1;False
3125,91;3.41;pa032​;20250620_093447;1;F8W2;-0,1427;1,4683;2,5465;0,1088;0,4057;-0,1205;0,8995;Collision avec Droite1 - Objet Parent Plot1;False
3125,92;3.43;pa032​;20250620_093447;1;F8W2;-0,1360;1,4669;2,5537;0,1129;0,4183;-0,1289;0,8920;Collision avec Droite1 - Objet Parent Plot1;False
3125,94;3.44;pa032​;20250620_093447;1;F8W2;-0,1288;1,4658;2,5608;0,1203;0,4309;-0,1374;0,8837;Collision avec Droite1 - Objet Parent Plot1;False
3125,95;3.45;pa032​;20250620_093447;1;F8W2;-0,1210;1,4659;2,5689;0,1231;0,4460;-0,1459;0,8744;Collision avec Droite1 - Objet Parent Plot1;False
3125,96;3.47;pa032​;20250620_093447;1;F8W2;-0,1129;1,4672;2,5769;0,1239;0,4611;-0,1537;0,8651;Collision avec Droite1 - Objet Parent Plot1;False
3125,98;3.48;pa032​;20250620_093447;1;F8W2;-0,1052;1,4689;2,5844;0,1278;0,4759;-0,1595;0,8554;Collision avec Droite1 - Objet Parent Plot1;False
3125,99;3.5;pa032​;20250620_093447;1;F8W2;-0,0978;1,4703;2,5915;0,1313;0,4903;-0,1621;0,8462;Collision avec Droite1 - Objet Parent Plot1;False
3126,01;3.51;pa032​;20250620_093447;1;F8W2;-0,0904;1,4721;2,5982;0,1331;0,5046;-0,1622;0,8375;Collision avec Droite1 - Objet Parent Plot1;False
3126,02;3.52;pa032​;20250620_093447;1;F8W2;-0,0828;1,4745;2,6047;0,1346;0,5192;-0,1636;0,8280;Collision avec Droite1 - Objet Parent Plot1;False
3126,03;3.54;pa032​;20250620_093447;1;F8W2;-0,0753;1,4764;2,6109;0,1335;0,5345;-0,1638;0,8183;Collision avec Droite1 - Objet Parent Plot1;False
3126,05;3.55;pa032​;20250620_093447;1;F8W2;-0,0682;1,4784;2,6168;0,1330;0,5496;-0,1637;0,8084;Collision avec Droite1 - Objet Parent Plot1;False
3126,06;3.57;pa032​;20250620_093447;1;F8W2;-0,0610;1,4802;2,6229;0,1325;0,5647;-0,1639;0,7979;Collision avec Droite1 - Objet Parent Plot1;False
3126,08;3.58;pa032​;20250620_093447;1;F8W2;-0,0539;1,4816;2,6289;0,1306;0,5798;-0,1637;0,7874;Collision avec Droite1 - Objet Parent Plot1;False
3126,09;3.59;pa032​;20250620_093447;1;F8W2;-0,0465;1,4828;2,6345;0,1293;0,5946;-0,1640;0,7765;Collision avec Droite1 - Objet Parent Plot1;False
3126,11;3.61;pa032​;20250620_093447;1;F8W2;-0,0390;1,4836;2,6398;0,1265;0,6095;-0,1645;0,7651;Collision avec Droite1 - Objet Parent Plot1;False
3126,12;3.62;pa032​;20250620_093447;1;F8W2;-0,0312;1,4845;2,6450;0,1242;0,6240;-0,1654;0,7536;Collision avec Droite1 - Objet Parent Plot1;False
3126,13;3.64;pa032​;20250620_093447;1;F8W2;-0,0233;1,4843;2,6498;0,1211;0,6383;-0,1652;0,7421;Collision avec Droite1 - Objet Parent Plot1;False
3126,15;3.65;pa032​;20250620_093447;1;F8W2;-0,0155;1,4841;2,6543;0,1196;0,6527;-0,1653;0,7296;Collision avec Droite1 - Objet Parent Plot1;False
3126,16;3.66;pa032​;20250620_093447;1;F8W2;-0,0076;1,4831;2,6585;0,1172;0,6674;-0,1654;0,7166;Collision avec Droite1 - Objet Parent Plot1;False
3126,17;3.68;pa032​;20250620_093447;1;F8W2;0,0002;1,4820;2,6625;0,1144;0,6827;-0,1660;0,7023;Collision avec Droite1 - Objet Parent Plot1;False
3126,19;3.69;pa032​;20250620_093447;1;F8W2;0,0079;1,4802;2,6663;0,1109;0,6975;-0,1660;0,6882;Collision avec Droite1 - Objet Parent Plot1;False
3126,20;3.71;pa032​;20250620_093447;1;F8W2;0,0153;1,4777;2,6700;0,1084;0,7122;-0,1663;0,6733;Collision avec Droite1 - Objet Parent Plot1;False
3126,22;3.72;pa032​;20250620_093447;1;F8W2;0,0224;1,4749;2,6730;0,1066;0,7264;-0,1674;0,6580;Collision avec Droite1 - Objet Parent Plot1;False
3126,23;3.73;pa032​;20250620_093447;1;F8W2;0,0288;1,4716;2,6758;0,1062;0,7411;-0,1683;0,6413;Collision avec Droite1 - Objet Parent Plot1;False
3126,24;3.75;pa032​;20250620_093447;1;F8W2;0,0349;1,4681;2,6781;0,1062;0,7555;-0,1703;0,6236;Collision avec Droite1 - Objet Parent Plot1;False
3126,26;3.76;pa032​;20250620_093447;1;F8W2;0,0401;1,4645;2,6803;0,1065;0,7702;-0,1736;0,6044;Collision avec Droite1 - Objet Parent Plot1;False
3126,27;3.77;pa032​;20250620_093447;1;F8W2;0,0453;1,4613;2,6823;0,1080;0,7843;-0,1779;0,5845;Collision avec Droite1 - Objet Parent Plot1;False
3126,29;3.79;pa032​;20250620_093447;1;F8W2;0,0498;1,4576;2,6840;0,1090;0,7988;-0,1804;0,5634;Collision avec Droite1 - Objet Parent Plot1;False
3126,30;3.8;pa032​;20250620_093447;1;F8W2;0,0542;1,4541;2,6858;0,1092;0,8129;-0,1814;0,5425;Collision avec Droite1 - Objet Parent Plot1;False
3126,31;3.82;pa032​;20250620_093447;1;F8W2;0,0586;1,4512;2,6875;0,1083;0,8266;-0,1829;0,5211;Collision avec Droite1 - Objet Parent Plot1;False
3126,33;3.83;pa032​;20250620_093447;1;F8W2;0,0628;1,4481;2,6886;0,1052;0,8397;-0,1833;0,5003;Collision avec Droite1 - Objet Parent Plot1;False
3126,34;3.84;pa032​;20250620_093447;1;F8W2;0,0663;1,4450;2,6896;0,1025;0,8522;-0,1838;0,4791;Collision avec Droite1 - Objet Parent Plot1;False
3126,35;3.86;pa032​;20250620_093447;1;F8W2;0,0700;1,4443;2,6907;0,1021;0,8645;-0,1925;0,4530;Collision avec Droite1 - Objet Parent Plot1;False
3126,37;3.87;pa032​;20250620_093447;1;F8W2;0,0763;1,4489;2,6910;0,1030;0,8763;-0,2158;0,4183;Collision avec Droite1 - Objet Parent Plot1;False
3126,38;3.89;pa032​;20250620_093447;1;F8W2;0,0785;1,4449;2,6914;0,0957;0,8889;-0,2075;0,3970;Collision avec Droite1 - Objet Parent Plot1;False
3126,40;3.9;pa032​;20250620_093447;1;F8W2;0,0817;1,4446;2,6924;0,1068;0,8954;-0,2043;0,3810;Collision avec Droite1 - Objet Parent Plot1;False
3126,41;3.91;pa032​;20250620_093447;1;F8W2;0,0863;1,4460;2,6917;0,1129;0,8999;-0,2013;0,3699;Collision avec Droite1 - Objet Parent Plot1;False
3126,42;3.93;pa032​;20250620_093447;1;F8W2;0,0911;1,4483;2,6904;0,1140;0,9052;-0,2018;0,3561;Collision avec Droite1 - Objet Parent Plot1;False
3126,44;3.94;pa032​;20250620_093447;1;F8W2;0,0945;1,4510;2,6886;0,1149;0,9101;-0,2037;0,3422;Collision avec Droite1 - Objet Parent Plot1;False
3126,45;3.95;pa032​;20250620_093447;1;F8W2;0,0980;1,4533;2,6860;0,1149;0,9150;-0,2058;0,3274;Collision avec Droite1 - Objet Parent Plot1;False
3126,47;3.97;pa032​;20250620_093447;1;F8W2;0,1017;1,4563;2,6828;0,1104;0,9199;-0,2082;0,3134;Collision avec Droite1 - Objet Parent Plot1;False
3126,48;3.98;pa032​;20250620_093447;1;F8W2;0,1060;1,4598;2,6788;0,1043;0,9247;-0,2112;0,2991;Collision avec Droite1 - Objet Parent Plot1;False
3126,49;4.0;pa032​;20250620_093447;1;F8W2;0,1099;1,4629;2,6738;0,0963;0,9298;-0,2107;0,2859;Collision avec Droite1 - Objet Parent Plot1;False
3126,51;4.01;pa032​;20250620_093447;1;F8W2;0,1129;1,4655;2,6686;0,0899;0,9344;-0,2107;0,2726;Collision avec Droite1 - Objet Parent Plot1;False
3126,52;4.02;pa032​;20250620_093447;1;F8W2;0,1152;1,4672;2,6632;0,0828;0,9392;-0,2117;0,2575;Collision avec Droite1 - Objet Parent Plot1;False
3126,53;4.04;pa032​;20250620_093447;1;F8W2;0,1170;1,4679;2,6579;0,0755;0,9441;-0,2120;0,2408;Collision avec Droite1 - Objet Parent Plot1;False
3126,55;4.05;pa032​;20250620_093447;1;F8W2;0,1187;1,4685;2,6526;0,0686;0,9486;-0,2136;0,2233;Collision avec Droite1 - Objet Parent Plot1;False
3126,56;4.07;pa032​;20250620_093447;1;F8W2;0,1204;1,4683;2,6472;0,0625;0,9526;-0,2168;0,2041;Collision avec Droite1 - Objet Parent Plot1;False
3126,58;4.08;pa032​;20250620_093447;1;F8W2;0,1218;1,4673;2,6418;0,0570;0,9559;-0,2193;0,1866;Collision avec Droite1 - Objet Parent Plot1;False
3126,59;4.09;pa032​;20250620_093447;1;F8W2;0,1235;1,4659;2,6363;0,0529;0,9585;-0,2225;0,1701;Collision avec Droite1 - Objet Parent Plot1;False
3126,60;4.11;pa032​;20250620_093447;1;F8W2;0,1253;1,4642;2,6308;0,0500;0,9605;-0,2255;0,1550;Collision avec Droite1 - Objet Parent Plot1;False
3126,62;4.12;pa032​;20250620_093447;1;F8W2;0,1274;1,4624;2,6252;0,0476;0,9622;-0,2278;0,1414;Collision avec Droite1 - Objet Parent Plot1;False
3126,63;4.14;pa032​;20250620_093447;1;F8W2;0,1294;1,4606;2,6192;0,0453;0,9636;-0,2299;0,1290;Collision avec Droite1 - Objet Parent Plot1;False
3126,65;4.15;pa032​;20250620_093447;1;F8W2;0,1313;1,4589;2,6128;0,0435;0,9645;-0,2318;0,1186;Collision avec Droite1 - Objet Parent Plot1;False
3126,66;4.16;pa032​;20250620_093447;1;F8W2;0,1335;1,4573;2,6060;0,0417;0,9655;-0,2332;0,1084;Collision avec Droite1 - Objet Parent Plot1;False
3126,67;4.18;pa032​;20250620_093447;1;F8W2;0,1352;1,4554;2,5985;0,0376;0,9665;-0,2336;0,0996;Collision avec Droite1 - Objet Parent Plot1;False
3126,69;4.19;pa032​;20250620_093447;1;F8W2;0,1370;1,4532;2,5910;0,0339;0,9675;-0,2338;0,0902;Collision avec Droite1 - Objet Parent Plot1;False
3126,70;4.2;pa032​;20250620_093447;1;F8W2;0,1384;1,4513;2,5833;0,0317;0,9680;-0,2351;0,0818;Collision avec Droite1 - Objet Parent Plot1;False
3126,71;4.22;pa032​;20250620_093447;1;F8W2;0,1398;1,4494;2,5755;0,0300;0,9683;-0,2366;0,0741;Collision avec Droite1 - Objet Parent Plot1;False
3126,73;4.23;pa032​;20250620_093447;1;F8W2;0,1409;1,4475;2,5675;0,0285;0,9685;-0,2381;0,0675;Collision avec Droite1 - Objet Parent Plot1;False
3126,74;4.25;pa032​;20250620_093447;1;F8W2;0,1419;1,4459;2,5591;0,0266;0,9688;-0,2386;0,0612;Collision avec Droite1 - Objet Parent Plot1;False
3126,76;4.26;pa032​;20250620_093447;1;F8W2;0,1425;1,4446;2,5504;0,0239;0,9693;-0,2383;0,0554;Collision avec Droite1 - Objet Parent Plot1;False
3126,77;4.27;pa032​;20250620_093447;1;F8W2;0,1428;1,4438;2,5417;0,0213;0,9697;-0,2383;0,0496;Collision avec Droite1 - Objet Parent Plot1;False
3126,78;4.29;pa032​;20250620_093447;1;F8W2;0,1429;1,4430;2,5328;0,0184;0,9700;-0,2385;0,0447;Collision avec Droite1 - Objet Parent Plot1;False
3126,80;4.3;pa032​;20250620_093447;1;F8W2;0,1435;1,4437;2,5234;0,0152;0,9696;-0,2411;0,0396;Collision avec Droite1 - Objet Parent Plot1;False
3126,81;4.32;pa032​;20250620_093447;1;F8W2;0,1447;1,4470;2,5120;0,0100;0,9671;-0,2521;0,0322;Collision avec Droite1 - Objet Parent Plot1;False
3126,83;4.33;pa032​;20250620_093447;1;F8W2;0,1446;1,4467;2,5005;0,0050;0,9690;-0,2454;0,0282;Collision avec Droite1 - Objet Parent Plot1;False
3126,84;4.34;pa032​;20250620_093447;1;F8W2;0,1444;1,4472;2,4906;0,0056;0,9688;-0,2464;0,0251;Collision avec Droite1 - Objet Parent Plot1;False
3126,85;4.36;pa032​;20250620_093447;1;F8W2;0,1441;1,4462;2,4817;0,0054;0,9691;-0,2458;0,0222;Collision avec Droite1 - Objet Parent Plot1;False
3126,87;4.37;pa032​;20250620_093447;1;F8W2;0,1439;1,4455;2,4722;0,0042;0,9686;-0,2477;0,0187;Collision avec Droite1 - Objet Parent Plot1;False
3126,88;4.39;pa032​;20250620_093447;1;F8W2;0,1437;1,4448;2,4631;-0,0010;0,9683;-0,2494;0,0127;Collision avec Droite1 - Objet Parent Plot1;False
3126,90;4.4;pa032​;20250620_093447;1;F8W2;0,1431;1,4440;2,4528;-0,0083;0,9685;-0,2487;0,0055;Collision avec Droite1 - Objet Parent Plot1;False
3126,91;4.41;pa032​;20250620_093447;1;F8W2;0,1425;1,4442;2,4418;-0,0148;0,9682;-0,2496;-0,0027;Collision avec Droite1 - Objet Parent Plot1;False
3126,92;4.43;pa032​;20250620_093447;1;F8W2;0,1418;1,4440;2,4308;-0,0202;0,9677;-0,2510;-0,0093;Collision avec Droite1 - Objet Parent Plot1;False
3126,94;4.44;pa032​;20250620_093447;1;F8W2;0,1413;1,4435;2,4202;-0,0236;0,9671;-0,2530;-0,0147;Collision avec Droite1 - Objet Parent Plot1;False
3126,95;4.46;pa032​;20250620_093447;1;F8W2;0,1410;1,4436;2,4095;-0,0253;0,9656;-0,2578;-0,0201;Collision avec Droite1 - Objet Parent Plot1;False
3126,97;4.47;pa032​;20250620_093447;1;F8W2;0,1403;1,4435;2,3987;-0,0276;0,9645;-0,2615;-0,0260;Collision avec Droite1 - Objet Parent Plot1;False
3126,98;4.48;pa032​;20250620_093447;1;F8W2;0,1391;1,4437;2,3882;-0,0305;0,9629;-0,2660;-0,0340;Collision avec Droite1 - Objet Parent Plot1;False
3126,99;4.5;pa032​;20250620_093447;1;F8W2;0,1378;1,4435;2,3776;-0,0320;0,9617;-0,2689;-0,0420;Collision avec Droite1 - Objet Parent Plot1;False
3127,01;4.51;pa032​;20250620_093447;1;F8W2;0,1364;1,4434;2,3670;-0,0319;0,9607;-0,2717;-0,0477;;False
3127,02;4.52;pa032​;20250620_093447;1;F8W2;0,1354;1,4433;2,3563;-0,0314;0,9595;-0,2750;-0,0522;;False
3127,03;4.54;pa032​;20250620_093447;1;F8W2;0,1344;1,4430;2,3458;-0,0313;0,9584;-0,2784;-0,0555;;False
3127,05;4.55;pa032​;20250620_093447;1;F8W2;0,1331;1,4426;2,3352;-0,0320;0,9573;-0,2814;-0,0586;;False
3127,06;4.57;pa032​;20250620_093447;1;F8W2;0,1320;1,4422;2,3244;-0,0333;0,9564;-0,2834;-0,0630;;False
3127,08;4.58;pa032​;20250620_093447;1;F8W2;0,1305;1,4418;2,3134;-0,0345;0,9557;-0,2844;-0,0672;;False
3127,09;4.59;pa032​;20250620_093447;1;F8W2;0,1289;1,4414;2,3018;-0,0334;0,9553;-0,2853;-0,0694;;False
3127,10;4.61;pa032​;20250620_093447;1;F8W2;0,1275;1,4409;2,2902;-0,0314;0,9554;-0,2853;-0,0697;;False
3127,12;4.62;pa032​;20250620_093447;1;F8W2;0,1261;1,4402;2,2783;-0,0312;0,9554;-0,2853;-0,0699;;False
3127,13;4.64;pa032​;20250620_093447;1;F8W2;0,1244;1,4391;2,2666;-0,0334;0,9555;-0,2842;-0,0718;;False
3127,15;4.65;pa032​;20250620_093447;1;F8W2;0,1222;1,4378;2,2548;-0,0359;0,9554;-0,2837;-0,0742;;False
3127,16;4.66;pa032​;20250620_093447;1;F8W2;0,1198;1,4365;2,2432;-0,0376;0,9554;-0,2830;-0,0760;;False
3127,17;4.68;pa032​;20250620_093447;1;F8W2;0,1178;1,4350;2,2314;-0,0377;0,9555;-0,2824;-0,0765;;False
3127,19;4.69;pa032​;20250620_093447;1;F8W2;0,1161;1,4334;2,2200;-0,0385;0,9557;-0,2814;-0,0768;;False
3127,20;4.7;pa032​;20250620_093447;1;F8W2;0,1143;1,4314;2,2090;-0,0400;0,9557;-0,2813;-0,0771;;False
3127,23;4.73;pa032​;20250620_093447;1;F8W2;0,1130;1,4292;2,1988;-0,0414;0,9551;-0,2829;-0,0779;;False
3127,24;4.74;pa032​;20250620_093447;1;F8W2;0,1116;1,4275;2,1885;-0,0432;0,9543;-0,2850;-0,0789;;False
3127,25;4.76;pa032​;20250620_093447;1;F8W2;0,1102;1,4264;2,1785;-0,0446;0,9527;-0,2896;-0,0801;;False
3127,27;4.77;pa032​;20250620_093447;1;F8W2;0,1087;1,4258;2,1685;-0,0460;0,9509;-0,2950;-0,0814;;False
3127,28;4.79;pa032​;20250620_093447;1;F8W2;0,1073;1,4257;2,1584;-0,0461;0,9500;-0,2977;-0,0824;;False
3127,29;4.8;pa032​;20250620_093447;1;F8W2;0,1059;1,4260;2,1480;-0,0463;0,9496;-0,2985;-0,0844;;False
3127,31;4.81;pa032​;20250620_093447;1;F8W2;0,1043;1,4268;2,1373;-0,0477;0,9497;-0,2969;-0,0874;;False
3127,32;4.83;pa032​;20250620_093447;1;F8W2;0,1026;1,4278;2,1269;-0,0500;0,9501;-0,2937;-0,0922;;False
3127,34;4.84;pa032​;20250620_093447;1;F8W2;0,1007;1,4298;2,1161;-0,0528;0,9496;-0,2931;-0,0974;;False
3127,35;4.85;pa032​;20250620_093447;1;F8W2;0,0984;1,4329;2,1041;-0,0562;0,9486;-0,2940;-0,1030;;False
3127,37;4.87;pa032​;20250620_093447;1;F8W2;0,0956;1,4370;2,0908;-0,0595;0,9472;-0,2960;-0,1081;;False
3127,38;4.88;pa032​;20250620_093447;1;F8W2;0,0932;1,4375;2,0787;-0,0598;0,9505;-0,2835;-0,1123;;False
3127,39;4.9;pa032​;20250620_093447;1;F8W2;0,0908;1,4399;2,0669;-0,0601;0,9512;-0,2803;-0,1143;;False
3127,41;4.91;pa032​;20250620_093447;1;F8W2;0,0876;1,4415;2,0549;-0,0595;0,9527;-0,2753;-0,1140;;False
3127,42;4.92;pa032​;20250620_093447;1;F8W2;0,0838;1,4439;2,0431;-0,0594;0,9527;-0,2754;-0,1141;;False
3127,43;4.94;pa032​;20250620_093447;1;F8W2;0,0794;1,4461;2,0316;-0,0597;0,9525;-0,2759;-0,1145;;False
3127,45;4.95;pa032​;20250620_093447;1;F8W2;0,0747;1,4482;2,0197;-0,0608;0,9519;-0,2776;-0,1150;;False
3127,46;4.97;pa032​;20250620_093447;1;F8W2;0,0697;1,4508;2,0078;-0,0628;0,9510;-0,2803;-0,1146;;False
3127,48;4.98;pa032​;20250620_093447;1;F8W2;0,0644;1,4534;1,9954;-0,0642;0,9504;-0,2822;-0,1135;;False
3127,49;4.99;pa032​;20250620_093447;1;F8W2;0,0583;1,4564;1,9829;-0,0652;0,9501;-0,2840;-0,1111;Collision avec Debut - Objet Parent SceneAnchor;False
3127,51;5.01;pa032​;20250620_093447;1;F8W2;0,0517;1,4590;1,9705;-0,0655;0,9505;-0,2833;-0,1096;Collision avec Debut - Objet Parent SceneAnchor;False
3127,52;5.02;pa032​;20250620_093447;1;F8W2;0,0449;1,4615;1,9582;-0,0666;0,9507;-0,2826;-0,1088;Collision avec Debut - Objet Parent SceneAnchor;False
3127,53;5.04;pa032​;20250620_093447;1;F8W2;0,0375;1,4635;1,9460;-0,0680;0,9513;-0,2804;-0,1088;Collision avec Debut - Objet Parent SceneAnchor;False
3127,55;5.05;pa032​;20250620_093447;1;F8W2;0,0297;1,4652;1,9338;-0,0701;0,9519;-0,2776;-0,1096;Collision avec Debut - Objet Parent SceneAnchor;False
3127,56;5.06;pa032​;20250620_093447;1;F8W2;0,0217;1,4664;1,9217;-0,0724;0,9527;-0,2734;-0,1111;Collision avec Debut - Objet Parent SceneAnchor;False
3127,57;5.08;pa032​;20250620_093447;1;F8W2;0,0132;1,4672;1,9094;-0,0751;0,9536;-0,2686;-0,1130;Collision avec Debut - Objet Parent SceneAnchor;False
3127,59;5.09;pa032​;20250620_093447;1;F8W2;0,0046;1,4672;1,8971;-0,0779;0,9547;-0,2630;-0,1155;Collision avec Debut - Objet Parent SceneAnchor;False
3127,60;5.11;pa032​;20250620_093447;1;F8W2;-0,0041;1,4667;1,8850;-0,0809;0,9555;-0,2579;-0,1185;Collision avec Debut - Objet Parent SceneAnchor;False
3127,61;5.12;pa032​;20250620_093447;1;F8W2;-0,0130;1,4657;1,8728;-0,0835;0,9559;-0,2540;-0,1211;Collision avec Debut - Objet Parent SceneAnchor;False
3127,63;5.13;pa032​;20250620_093447;1;F8W2;-0,0219;1,4637;1,8607;-0,0850;0,9564;-0,2510;-0,1232;Collision avec Debut - Objet Parent SceneAnchor;False
3127,64;5.15;pa032​;20250620_093447;1;F8W2;-0,0308;1,4617;1,8486;-0,0862;0,9565;-0,2490;-0,1249;Collision avec Debut - Objet Parent SceneAnchor;False
3127,66;5.16;pa032​;20250620_093447;1;F8W2;-0,0399;1,4593;1,8364;-0,0862;0,9566;-0,2484;-0,1260;Collision avec Debut - Objet Parent SceneAnchor;False
3127,67;5.17;pa032​;20250620_093447;1;F8W2;-0,0492;1,4567;1,8243;-0,0861;0,9567;-0,2472;-0,1269;Collision avec Debut - Objet Parent SceneAnchor;False
3127,68;5.19;pa032​;20250620_093447;1;F8W2;-0,0587;1,4540;1,8120;-0,0851;0,9571;-0,2456;-0,1280;Collision avec Debut - Objet Parent SceneAnchor;False
3127,70;5.2;pa032​;20250620_093447;1;F8W2;-0,0684;1,4509;1,7999;-0,0839;0,9577;-0,2432;-0,1289;Collision avec Debut - Objet Parent SceneAnchor;False
3127,71;5.22;pa032​;20250620_093447;1;F8W2;-0,0780;1,4476;1,7880;-0,0830;0,9581;-0,2416;-0,1296;Collision avec Debut - Objet Parent SceneAnchor;False
3127,73;5.23;pa032​;20250620_093447;1;F8W2;-0,0875;1,4441;1,7766;-0,0825;0,9581;-0,2414;-0,1304;Collision avec Debut - Objet Parent SceneAnchor;False
3127,74;5.24;pa032​;20250620_093447;1;F8W2;-0,0969;1,4407;1,7653;-0,0825;0,9579;-0,2418;-0,1309;Collision avec Debut - Objet Parent SceneAnchor;False
3127,75;5.26;pa032​;20250620_093447;1;F8W2;-0,1067;1,4377;1,7539;-0,0827;0,9572;-0,2447;-0,1303;Collision avec Debut - Objet Parent SceneAnchor;False
3127,77;5.27;pa032​;20250620_093447;1;F8W2;-0,1164;1,4350;1,7429;-0,0832;0,9567;-0,2468;-0,1300;Collision avec Debut - Objet Parent SceneAnchor;False
3127,78;5.29;pa032​;20250620_093447;1;F8W2;-0,1265;1,4328;1,7319;-0,0833;0,9559;-0,2502;-0,1292;Collision avec Debut - Objet Parent SceneAnchor;False
3127,80;5.3;pa032​;20250620_093447;1;F8W2;-0,1365;1,4312;1,7209;-0,0815;0,9558;-0,2522;-0,1275;Collision avec Debut - Objet Parent SceneAnchor;False
3127,81;5.31;pa032​;20250620_093447;1;F8W2;-0,1469;1,4314;1,7092;-0,0777;0,9559;-0,2551;-0,1233;Collision avec Debut - Objet Parent SceneAnchor;False
3127,82;5.33;pa032​;20250620_093447;1;F8W2;-0,1584;1,4340;1,6960;-0,0736;0,9556;-0,2604;-0,1164;Collision avec Debut - Objet Parent SceneAnchor;False
3127,84;5.34;pa032​;20250620_093447;1;F8W2;-0,1699;1,4362;1,6823;-0,0702;0,9570;-0,2584;-0,1114;Collision avec Debut - Objet Parent SceneAnchor;False
3127,85;5.35;pa032​;20250620_093447;1;F8W2;-0,1812;1,4374;1,6696;-0,0685;0,9595;-0,2501;-0,1102;Collision avec Debut - Objet Parent SceneAnchor;False
3127,86;5.37;pa032​;20250620_093447;1;F8W2;-0,1928;1,4404;1,6573;-0,0680;0,9592;-0,2519;-0,1088;Collision avec Debut - Objet Parent SceneAnchor;False
3127,88;5.38;pa032​;20250620_093447;1;F8W2;-0,2034;1,4420;1,6456;-0,0678;0,9599;-0,2489;-0,1095;Collision avec Debut - Objet Parent SceneAnchor;False
3127,89;5.4;pa032​;20250620_093447;1;F8W2;-0,2134;1,4450;1,6340;-0,0689;0,9589;-0,2524;-0,1097;Collision avec Debut - Objet Parent SceneAnchor;False
3127,91;5.41;pa032​;20250620_093447;1;F8W2;-0,2226;1,4471;1,6223;-0,0680;0,9593;-0,2512;-0,1096;Collision avec Debut - Objet Parent SceneAnchor;False
3127,92;5.42;pa032​;20250620_093447;1;F8W2;-0,2317;1,4498;1,6100;-0,0648;0,9601;-0,2498;-0,1075;Collision avec Debut - Objet Parent SceneAnchor;False
3127,93;5.44;pa032​;20250620_093447;1;F8W2;-0,2405;1,4531;1,5974;-0,0614;0,9608;-0,2494;-0,1040;Collision avec Debut - Objet Parent SceneAnchor;False
3127,95;5.45;pa032​;20250620_093447;1;F8W2;-0,2490;1,4561;1,5844;-0,0591;0,9614;-0,2491;-0,1006;Collision avec Debut - Objet Parent SceneAnchor;False
3127,96;5.47;pa032​;20250620_093447;1;F8W2;-0,2569;1,4587;1,5715;-0,0577;0,9621;-0,2479;-0,0976;Collision avec Debut - Objet Parent SceneAnchor;False
3127,98;5.48;pa032​;20250620_093447;1;F8W2;-0,2646;1,4616;1,5584;-0,0560;0,9625;-0,2479;-0,0949;Collision avec Debut - Objet Parent SceneAnchor;False
3127,99;5.49;pa032​;20250620_093447;1;F8W2;-0,2719;1,4644;1,5452;-0,0551;0,9627;-0,2484;-0,0922;Collision avec Debut - Objet Parent SceneAnchor;False
3128,00;5.51;pa032​;20250620_093447;1;F8W2;-0,2789;1,4673;1,5317;-0,0542;0,9625;-0,2505;-0,0892;Collision avec Debut - Objet Parent SceneAnchor;False
3128,02;5.52;pa032​;20250620_093447;1;F8W2;-0,2854;1,4697;1,5181;-0,0536;0,9623;-0,2524;-0,0858;Collision avec Debut - Objet Parent SceneAnchor;False
3128,03;5.53;pa032​;20250620_093447;1;F8W2;-0,2915;1,4718;1,5045;-0,0523;0,9623;-0,2539;-0,0826;Collision avec Debut - Objet Parent SceneAnchor;False
3128,05;5.55;pa032​;20250620_093447;1;F8W2;-0,2974;1,4734;1,4908;-0,0507;0,9623;-0,2551;-0,0792;;False
3128,06;5.56;pa032​;20250620_093447;1;F8W2;-0,3029;1,4744;1,4769;-0,0482;0,9627;-0,2551;-0,0757;;False
3128,07;5.58;pa032​;20250620_093447;1;F8W2;-0,3082;1,4751;1,4627;-0,0447;0,9634;-0,2546;-0,0714;;False
3128,09;5.59;pa032​;20250620_093447;1;F8W2;-0,3131;1,4757;1,4487;-0,0406;0,9639;-0,2544;-0,0666;;False
3128,10;5.6;pa032​;20250620_093447;1;F8W2;-0,3177;1,4756;1,4348;-0,0372;0,9646;-0,2538;-0,0618;;False
3128,11;5.62;pa032​;20250620_093447;1;F8W2;-0,3220;1,4751;1,4209;-0,0339;0,9650;-0,2537;-0,0567;;False
3128,13;5.63;pa032​;20250620_093447;1;F8W2;-0,3262;1,4741;1,4070;-0,0317;0,9654;-0,2536;-0,0517;;False
3128,14;5.65;pa032​;20250620_093447;1;F8W2;-0,3300;1,4730;1,3930;-0,0288;0,9656;-0,2538;-0,0474;;False
3128,16;5.66;pa032​;20250620_093447;1;F8W2;-0,3338;1,4714;1,3791;-0,0266;0,9659;-0,2541;-0,0428;;False
3128,17;5.67;pa032​;20250620_093447;1;F8W2;-0,3372;1,4697;1,3650;-0,0232;0,9661;-0,2543;-0,0382;;False
3128,18;5.69;pa032​;20250620_093447;1;F8W2;-0,3404;1,4677;1,3510;-0,0194;0,9665;-0,2539;-0,0337;;False
3128,20;5.7;pa032​;20250620_093447;1;F8W2;-0,3434;1,4654;1,3372;-0,0170;0,9668;-0,2533;-0,0297;;False
3128,21;5.72;pa032​;20250620_093447;1;F8W2;-0,3460;1,4628;1,3232;-0,0144;0,9671;-0,2527;-0,0256;;False
3128,23;5.73;pa032​;20250620_093447;1;F8W2;-0,3481;1,4602;1,3092;-0,0122;0,9674;-0,2519;-0,0220;;False
3128,24;5.74;pa032​;20250620_093447;1;F8W2;-0,3498;1,4575;1,2952;-0,0113;0,9677;-0,2511;-0,0190;;False
3128,25;5.76;pa032​;20250620_093447;1;F8W2;-0,3512;1,4547;1,2812;-0,0106;0,9681;-0,2499;-0,0166;;False
3128,27;5.77;pa032​;20250620_093447;1;F8W2;-0,3523;1,4521;1,2672;-0,0103;0,9683;-0,2491;-0,0144;;False
3128,28;5.79;pa032​;20250620_093447;1;F8W2;-0,3529;1,4498;1,2528;-0,0098;0,9684;-0,2489;-0,0129;;False
3128,30;5.8;pa032​;20250620_093447;1;F8W2;-0,3532;1,4479;1,2385;-0,0081;0,9684;-0,2489;-0,0106;;False
3128,31;5.81;pa032​;20250620_093447;1;F8W2;-0,3530;1,4465;1,2239;-0,0060;0,9683;-0,2496;-0,0080;;False
3128,32;5.83;pa032​;20250620_093447;1;F8W2;-0,3526;1,4454;1,2091;-0,0029;0,9686;-0,2484;-0,0051;;False
3128,34;5.84;pa032​;20250620_093447;1;F8W2;-0,3522;1,4456;1,1934;0,0012;0,9689;-0,2474;-0,0011;;False
3128,35;5.85;pa032​;20250620_093447;1;F8W2;-0,3518;1,4467;1,1768;0,0057;0,9698;-0,2440;0,0033;Collision avec Droite2 - Objet Parent Plot2;False
3128,37;5.87;pa032​;20250620_093447;1;F8W2;-0,3514;1,4504;1,1589;0,0104;0,9687;-0,2478;0,0092;Collision avec Droite2 - Objet Parent Plot2;False
3128,38;5.88;pa032​;20250620_093447;1;F8W2;-0,3504;1,4516;1,1424;0,0126;0,9700;-0,2424;0,0134;Collision avec Droite2 - Objet Parent Plot2;False
3128,39;5.9;pa032​;20250620_093447;1;F8W2;-0,3489;1,4523;1,1269;0,0142;0,9710;-0,2382;0,0175;Collision avec Droite2 - Objet Parent Plot2;False
3128,41;5.91;pa032​;20250620_093447;1;F8W2;-0,3475;1,4527;1,1125;0,0169;0,9715;-0,2353;0,0235;Collision avec Droite2 - Objet Parent Plot2;False
3128,42;5.92;pa032​;20250620_093447;1;F8W2;-0,3461;1,4532;1,0987;0,0198;0,9707;-0,2375;0,0303;Collision avec Droite2 - Objet Parent Plot2;False
3128,44;5.94;pa032​;20250620_093447;1;F8W2;-0,3448;1,4538;1,0855;0,0226;0,9688;-0,2437;0,0377;Collision avec Droite2 - Objet Parent Plot2;False
3128,45;5.95;pa032​;20250620_093447;1;F8W2;-0,3434;1,4543;1,0724;0,0265;0,9674;-0,2480;0,0449;Collision avec Droite2 - Objet Parent Plot2;False
3128,46;5.97;pa032​;20250620_093447;1;F8W2;-0,3421;1,4555;1,0588;0,0320;0,9658;-0,2516;0,0536;Collision avec Droite2 - Objet Parent Plot2;False
3128,48;5.98;pa032​;20250620_093447;1;F8W2;-0,3404;1,4572;1,0449;0,0377;0,9647;-0,2531;0,0625;Collision avec Droite2 - Objet Parent Plot2;False
3128,49;5.99;pa032​;20250620_093447;1;F8W2;-0,3387;1,4587;1,0312;0,0421;0,9641;-0,2522;0,0716;Collision avec Droite2 - Objet Parent Plot2;False
3128,50;6.01;pa032​;20250620_093447;1;F8W2;-0,3369;1,4600;1,0181;0,0457;0,9635;-0,2512;0,0805;Collision avec Droite2 - Objet Parent Plot2;False
3128,52;6.02;pa032​;20250620_093447;1;F8W2;-0,3348;1,4613;1,0050;0,0489;0,9626;-0,2511;0,0895;Collision avec Droite2 - Objet Parent Plot2;False
3128,53;6.04;pa032​;20250620_093447;1;F8W2;-0,3325;1,4627;0,9921;0,0516;0,9615;-0,2511;0,0990;Collision avec Droite2 - Objet Parent Plot2;False
3128,55;6.05;pa032​;20250620_093447;1;F8W2;-0,3300;1,4641;0,9795;0,0543;0,9597;-0,2531;0,1099;Collision avec Droite2 - Objet Parent Plot2;False
3128,56;6.06;pa032​;20250620_093447;1;F8W2;-0,3270;1,4652;0,9672;0,0561;0,9577;-0,2550;0,1210;Collision avec Droite2 - Objet Parent Plot2;False
3128,57;6.08;pa032​;20250620_093447;1;F8W2;-0,3240;1,4662;0,9550;0,0578;0,9556;-0,2567;0,1330;Collision avec Droite2 - Objet Parent Plot2;False
3128,59;6.09;pa032​;20250620_093447;1;F8W2;-0,3208;1,4672;0,9427;0,0602;0,9536;-0,2567;0,1453;Collision avec Droite2 - Objet Parent Plot2;False
3128,60;6.11;pa032​;20250620_093447;1;F8W2;-0,3173;1,4681;0,9304;0,0626;0,9518;-0,2558;0,1573;Collision avec Droite2 - Objet Parent Plot2;False
3128,62;6.12;pa032​;20250620_093447;1;F8W2;-0,3137;1,4685;0,9182;0,0641;0,9498;-0,2550;0,1694;Collision avec Droite2 - Objet Parent Plot2;False
3128,63;6.13;pa032​;20250620_093447;1;F8W2;-0,3096;1,4687;0,9063;0,0659;0,9474;-0,2557;0,1808;Collision avec Droite2 - Objet Parent Plot2;False
3128,64;6.15;pa032​;20250620_093447;1;F8W2;-0,3054;1,4687;0,8944;0,0672;0,9448;-0,2567;0,1923;Collision avec Droite2 - Objet Parent Plot2;False
3128,66;6.16;pa032​;20250620_093447;1;F8W2;-0,3013;1,4683;0,8830;0,0696;0,9421;-0,2570;0,2037;Collision avec Droite2 - Objet Parent Plot2;False
3128,67;6.18;pa032​;20250620_093447;1;F8W2;-0,2967;1,4679;0,8713;0,0728;0,9390;-0,2582;0,2150;Collision avec Droite2 - Objet Parent Plot2;False
3128,69;6.19;pa032​;20250620_093447;1;F8W2;-0,2920;1,4672;0,8597;0,0758;0,9359;-0,2591;0,2262;Collision avec Droite2 - Objet Parent Plot2;False
3128,70;6.2;pa032​;20250620_093447;1;F8W2;-0,2869;1,4664;0,8479;0,0788;0,9327;-0,2606;0,2367;Collision avec Droite2 - Objet Parent Plot2;False
3128,71;6.22;pa032​;20250620_093447;1;F8W2;-0,2818;1,4653;0,8359;0,0817;0,9295;-0,2615;0,2471;Collision avec Droite2 - Objet Parent Plot2;False
3128,73;6.23;pa032​;20250620_093447;1;F8W2;-0,2764;1,4641;0,8242;0,0853;0,9263;-0,2622;0,2567;Collision avec Droite2 - Objet Parent Plot2;False
3128,74;6.24;pa032​;20250620_093447;1;F8W2;-0,2710;1,4624;0,8126;0,0892;0,9227;-0,2630;0,2675;Collision avec Droite2 - Objet Parent Plot2;False
3128,76;6.26;pa032​;20250620_093447;1;F8W2;-0,2653;1,4605;0,8014;0,0929;0,9192;-0,2632;0,2778;Collision avec Droite2 - Objet Parent Plot2;False
3128,77;6.27;pa032​;20250620_093447;1;F8W2;-0,2596;1,4583;0,7901;0,0957;0,9155;-0,2631;0,2889;Collision avec Droite2 - Objet Parent Plot2;False
3128,78;6.29;pa032​;20250620_093447;1;F8W2;-0,2539;1,4557;0,7793;0,0994;0,9113;-0,2637;0,3001;Collision avec Droite2 - Objet Parent Plot2;False
3128,80;6.3;pa032​;20250620_093447;1;F8W2;-0,2481;1,4529;0,7690;0,1039;0,9068;-0,2640;0,3118;Collision avec Droite2 - Objet Parent Plot2;False
3128,81;6.31;pa032​;20250620_093447;1;F8W2;-0,2421;1,4501;0,7587;0,1089;0,9013;-0,2652;0,3249;Collision avec Droite2 - Objet Parent Plot2;False
3128,82;6.33;pa032​;20250620_093447;1;F8W2;-0,2362;1,4472;0,7487;0,1138;0,8958;-0,2654;0,3379;Collision avec Droite2 - Objet Parent Plot2;False
3128,84;6.34;pa032​;20250620_093447;1;F8W2;-0,2303;1,4445;0,7387;0,1180;0,8896;-0,2673;0,3511;Collision avec Droite2 - Objet Parent Plot2;False
3128,85;6.36;pa032​;20250620_093447;1;F8W2;-0,2244;1,4415;0,7290;0,1209;0,8838;-0,2680;0,3639;;False
3128,87;6.37;pa032​;20250620_093447;1;F8W2;-0,2186;1,4387;0,7193;0,1244;0,8773;-0,2691;0,3774;Collision avec Chemin2 - Objet Parent Plot2;False
3128,88;6.38;pa032​;20250620_093447;1;F8W2;-0,2127;1,4358;0,7102;0,1283;0,8706;-0,2685;0,3919;Collision avec Chemin2 - Objet Parent Plot2;False
3128,89;6.4;pa032​;20250620_093447;1;F8W2;-0,2066;1,4331;0,7013;0,1323;0,8631;-0,2676;0,4074;Collision avec Chemin2 - Objet Parent Plot2;False
3128,91;6.41;pa032​;20250620_093447;1;F8W2;-0,2000;1,4312;0,6924;0,1383;0,8535;-0,2690;0,4243;Collision avec Chemin2 - Objet Parent Plot2;False
3128,92;6.43;pa032​;20250620_093447;1;F8W2;-0,1931;1,4304;0,6834;0,1468;0,8420;-0,2729;0,4416;Collision avec Chemin2 - Objet Parent Plot2;False
3128,94;6.44;pa032​;20250620_093447;1;F8W2;-0,1861;1,4297;0,6748;0,1539;0,8310;-0,2727;0,4598;Collision avec Chemin2 - Objet Parent Plot2;False
3128,95;6.45;pa032​;20250620_093447;1;F8W2;-0,1792;1,4294;0,6660;0,1588;0,8201;-0,2721;0,4776;Collision avec Chemin2 - Objet Parent Plot2;False
3128,96;6.47;pa032​;20250620_093447;1;F8W2;-0,1720;1,4300;0,6571;0,1631;0,8093;-0,2724;0,4942;Collision avec Chemin2 - Objet Parent Plot2;False
3128,98;6.48;pa032​;20250620_093447;1;F8W2;-0,1647;1,4306;0,6487;0,1659;0,7996;-0,2708;0,5096;Collision avec Chemin2 - Objet Parent Plot2;False
3128,99;6.5;pa032​;20250620_093447;1;F8W2;-0,1579;1,4302;0,6412;0,1646;0,7919;-0,2698;0,5225;Collision avec Chemin2 - Objet Parent Plot2;False
3129,01;6.51;pa032​;20250620_093447;1;F8W2;-0,1512;1,4306;0,6344;0,1656;0,7830;-0,2713;0,5347;Collision avec Chemin2 - Objet Parent Plot2;False
3129,02;6.52;pa032​;20250620_093447;1;F8W2;-0,1443;1,4307;0,6283;0,1683;0,7735;-0,2715;0,5474;Collision avec Chemin2 - Objet Parent Plot2;False
3129,03;6.54;pa032​;20250620_093447;1;F8W2;-0,1369;1,4312;0,6225;0,1727;0,7628;-0,2706;0,5614;Collision avec Chemin2 - Objet Parent Plot2;False
3129,05;6.55;pa032​;20250620_093447;1;F8W2;-0,1291;1,4322;0,6171;0,1779;0,7511;-0,2685;0,5762;Collision avec Chemin2 - Objet Parent Plot2;False
3129,06;6.56;pa032​;20250620_093447;1;F8W2;-0,1214;1,4328;0,6124;0,1822;0,7399;-0,2669;0,5899;Collision avec Chemin2 - Objet Parent Plot2;False
3129,07;6.58;pa032​;20250620_093447;1;F8W2;-0,1139;1,4337;0,6080;0,1877;0,7279;-0,2672;0,6030;Collision avec Chemin2 - Objet Parent Plot2;False
3129,09;6.59;pa032​;20250620_093447;1;F8W2;-0,1066;1,4343;0,6044;0,1932;0,7159;-0,2665;0,6158;Collision avec Chemin2 - Objet Parent Plot2;False
3129,10;6.61;pa032​;20250620_093447;1;F8W2;-0,0991;1,4351;0,6011;0,1986;0,7030;-0,2665;0,6288;Collision avec Chemin2 - Objet Parent Plot2;False
3129,12;6.62;pa032​;20250620_093447;1;F8W2;-0,0916;1,4361;0,5983;0,2045;0,6900;-0,2665;0,6411;Collision avec Chemin2 - Objet Parent Plot2;False
3129,13;6.63;pa032​;20250620_093447;1;F8W2;-0,0839;1,4369;0,5956;0,2100;0,6770;-0,2657;0,6534;Collision avec Chemin2 - Objet Parent Plot2;False
3129,15;6.65;pa032​;20250620_093447;1;F8W2;-0,0766;1,4374;0,5935;0,2146;0,6647;-0,2649;0,6648;Collision avec Chemin2 - Objet Parent Plot2;False
3129,16;6.66;pa032​;20250620_093447;1;F8W2;-0,0694;1,4379;0,5917;0,2197;0,6524;-0,2644;0,6755;Collision avec Chemin2 - Objet Parent Plot2;False
3129,17;6.68;pa032​;20250620_093447;1;F8W2;-0,0626;1,4383;0,5902;0,2240;0,6405;-0,2646;0,6853;Collision avec Chemin2 - Objet Parent Plot2;False
3129,19;6.69;pa032​;20250620_093447;1;F8W2;-0,0557;1,4387;0,5889;0,2277;0,6292;-0,2644;0,6945;Collision avec Chemin2 - Objet Parent Plot2;False
3129,20;6.7;pa032​;20250620_093447;1;F8W2;-0,0487;1,4389;0,5876;0,2309;0,6181;-0,2631;0,7039;Collision avec Chemin2 - Objet Parent Plot2;False
3129,21;6.72;pa032​;20250620_093447;1;F8W2;-0,0419;1,4391;0,5866;0,2343;0,6076;-0,2621;0,7122;Collision avec Chemin2 - Objet Parent Plot2;False
3129,23;6.73;pa032​;20250620_093447;1;F8W2;-0,0352;1,4390;0,5859;0,2377;0,5975;-0,2617;0,7197;Collision avec Chemin2 - Objet Parent Plot2;False
3129,24;6.74;pa032​;20250620_093447;1;F8W2;-0,0287;1,4385;0,5852;0,2410;0,5878;-0,2609;0,7269;Collision avec Chemin2 - Objet Parent Plot2;False
3129,25;6.76;pa032​;20250620_093447;1;F8W2;-0,0223;1,4379;0,5845;0,2440;0,5786;-0,2603;0,7335;Collision avec Chemin2 - Objet Parent Plot2;False
3129,27;6.77;pa032​;20250620_093447;1;F8W2;-0,0158;1,4374;0,5841;0,2475;0,5704;-0,2594;0,7390;Collision avec Chemin2 - Objet Parent Plot2;False
3129,28;6.79;pa032​;20250620_093447;1;F8W2;-0,0093;1,4367;0,5836;0,2507;0,5628;-0,2580;0,7442;Collision avec Chemin2 - Objet Parent Plot2;False
3129,30;6.8;pa032​;20250620_093447;1;F8W2;-0,0027;1,4358;0,5832;0,2530;0,5560;-0,2566;0,7490;Collision avec Chemin2 - Objet Parent Plot2;False
3129,31;6.81;pa032​;20250620_093447;1;F8W2;0,0039;1,4346;0,5831;0,2547;0,5500;-0,2557;0,7531;Collision avec Chemin2 - Objet Parent Plot2;False
3129,32;6.83;pa032​;20250620_093447;1;F8W2;0,0103;1,4333;0,5831;0,2559;0,5455;-0,2550;0,7563;Collision avec Chemin2 - Objet Parent Plot2;False
3129,34;6.84;pa032​;20250620_093447;1;F8W2;0,0168;1,4320;0,5830;0,2579;0,5410;-0,2541;0,7591;Collision avec Chemin2 - Objet Parent Plot2;False
3129,35;6.86;pa032​;20250620_093447;1;F8W2;0,0232;1,4305;0,5832;0,2600;0,5372;-0,2520;0,7618;Collision avec Chemin2 - Objet Parent Plot2;False
3129,37;6.87;pa032​;20250620_093447;1;F8W2;0,0298;1,4290;0,5836;0,2621;0,5339;-0,2507;0,7638;Collision avec Chemin2 - Objet Parent Plot2;False
3129,38;6.88;pa032​;20250620_093447;1;F8W2;0,0365;1,4274;0,5843;0,2638;0,5313;-0,2497;0,7654;Collision avec Chemin2 - Objet Parent Plot2;False
3129,39;6.9;pa032​;20250620_093447;1;F8W2;0,0433;1,4259;0,5855;0,2651;0,5296;-0,2491;0,7663;Collision avec Chemin2 - Objet Parent Plot2;False
3129,41;6.91;pa032​;20250620_093447;1;F8W2;0,0501;1,4240;0,5869;0,2654;0,5280;-0,2472;0,7679;Collision avec Chemin2 - Objet Parent Plot2;False
3129,42;6.93;pa032​;20250620_093447;1;F8W2;0,0570;1,4224;0,5887;0,2665;0,5261;-0,2450;0,7695;Collision avec Chemin2 - Objet Parent Plot2;False
3129,44;6.94;pa032​;20250620_093447;1;F8W2;0,0639;1,4211;0,5908;0,2690;0,5227;-0,2428;0,7717;Collision avec Chemin2 - Objet Parent Plot2;False
3129,45;6.95;pa032​;20250620_093447;1;F8W2;0,0709;1,4200;0,5932;0,2719;0,5183;-0,2415;0,7740;Collision avec Chemin2 - Objet Parent Plot2;False
3129,46;6.97;pa032​;20250620_093447;1;F8W2;0,0786;1,4202;0,5960;0,2796;0,5117;-0,2431;0,7752;Collision avec Chemin2 - Objet Parent Plot2;False
3129,48;6.98;pa032​;20250620_093447;1;F8W2;0,0860;1,4198;0,5994;0,2827;0,5075;-0,2414;0,7773;Collision avec Chemin2 - Objet Parent Plot2;False
3129,49;7.0;pa032​;20250620_093447;1;F8W2;0,0930;1,4192;0,6028;0,2837;0,5040;-0,2380;0,7803;Collision avec Chemin2 - Objet Parent Plot2;False
3129,51;7.01;pa032​;20250620_093447;1;F8W2;0,0992;1,4194;0,6059;0,2880;0,4971;-0,2353;0,7839;Collision avec Chemin2 - Objet Parent Plot2;False
3129,52;7.02;pa032​;20250620_093447;1;F8W2;0,1050;1,4199;0,6095;0,2941;0,4889;-0,2337;0,7873;Collision avec Chemin2 - Objet Parent Plot2;False
3129,53;7.04;pa032​;20250620_093447;1;F8W2;0,1102;1,4206;0,6127;0,2987;0,4801;-0,2330;0,7912;Collision avec Chemin2 - Objet Parent Plot2;False
3129,55;7.05;pa032​;20250620_093447;1;F8W2;0,1156;1,4217;0,6164;0,3035;0,4714;-0,2329;0,7946;Collision avec Chemin2 - Objet Parent Plot2;False
3129,56;7.06;pa032​;20250620_093447;1;F8W2;0,1212;1,4229;0,6200;0,3057;0,4635;-0,2316;0,7988;Collision avec Chemin2 - Objet Parent Plot2;False
3129,58;7.08;pa032​;20250620_093447;1;F8W2;0,1271;1,4244;0,6233;0,3056;0,4559;-0,2286;0,8040;Collision avec Chemin2 - Objet Parent Plot2;False
3129,59;7.09;pa032​;20250620_093447;1;F8W2;0,1329;1,4259;0,6267;0,3053;0,4484;-0,2245;0,8095;Collision avec Chemin2 - Objet Parent Plot2;False
3129,60;7.11;pa032​;20250620_093447;1;F8W2;0,1384;1,4274;0,6301;0,3044;0,4408;-0,2200;0,8153;Collision avec Chemin2 - Objet Parent Plot2;False
3129,62;7.12;pa032​;20250620_093447;1;F8W2;0,1437;1,4287;0,6334;0,3032;0,4335;-0,2157;0,8207;Collision avec Chemin2 - Objet Parent Plot2;False
3129,63;7.13;pa032​;20250620_093447;1;F8W2;0,1491;1,4299;0,6367;0,3031;0,4254;-0,2124;0,8259;Collision avec Chemin2 - Objet Parent Plot2;False
3129,65;7.15;pa032​;20250620_093447;1;F8W2;0,1542;1,4307;0,6398;0,3024;0,4173;-0,2097;0,8309;Collision avec Chemin2 - Objet Parent Plot2;False
3129,66;7.16;pa032​;20250620_093447;1;F8W2;0,1592;1,4316;0,6431;0,3029;0,4089;-0,2072;0,8355;Collision avec Chemin2 - Objet Parent Plot2;False
3129,67;7.18;pa032​;20250620_093447;1;F8W2;0,1642;1,4324;0,6463;0,3049;0,3997;-0,2055;0,8397;Collision avec Chemin2 - Objet Parent Plot2;False
3129,69;7.19;pa032​;20250620_093447;1;F8W2;0,1690;1,4331;0,6495;0,3065;0,3907;-0,2030;0,8439;Collision avec Chemin2 - Objet Parent Plot2;False
3129,70;7.2;pa032​;20250620_093447;1;F8W2;0,1739;1,4335;0,6526;0,3079;0,3820;-0,2017;0,8477;Collision avec Chemin2 - Objet Parent Plot2;False
3129,71;7.22;pa032​;20250620_093447;1;F8W2;0,1788;1,4340;0,6557;0,3089;0,3737;-0,1998;0,8515;Collision avec Chemin2 - Objet Parent Plot2;False
3129,73;7.23;pa032​;20250620_093447;1;F8W2;0,1837;1,4346;0,6588;0,3099;0,3661;-0,1986;0,8547;Collision avec Chemin2 - Objet Parent Plot2;False
3129,74;7.25;pa032​;20250620_093447;1;F8W2;0,1884;1,4351;0,6621;0,3113;0,3587;-0,1974;0,8576;Collision avec Chemin2 - Objet Parent Plot2;False
3129,76;7.26;pa032​;20250620_093447;1;F8W2;0,1928;1,4355;0,6651;0,3130;0,3510;-0,1962;0,8604;Collision avec Chemin2 - Objet Parent Plot2;False
3129,77;7.27;pa032​;20250620_093447;1;F8W2;0,1971;1,4361;0,6682;0,3158;0,3432;-0,1949;0,8629;Collision avec Chemin2 - Objet Parent Plot2;False
3129,78;7.29;pa032​;20250620_093447;1;F8W2;0,2015;1,4367;0,6713;0,3185;0,3357;-0,1928;0,8653;Collision avec Chemin2 - Objet Parent Plot2;False
3129,80;7.3;pa032​;20250620_093447;1;F8W2;0,2061;1,4374;0,6744;0,3209;0,3280;-0,1901;0,8679;Collision avec Chemin2 - Objet Parent Plot2;False
3129,81;7.31;pa032​;20250620_093447;1;F8W2;0,2106;1,4381;0,6777;0,3228;0,3202;-0,1869;0,8708;Collision avec Chemin2 - Objet Parent Plot2;False
3129,82;7.33;pa032​;20250620_093447;1;F8W2;0,2153;1,4388;0,6812;0,3238;0,3125;-0,1819;0,8743;Collision avec Chemin2 - Objet Parent Plot2;False
3129,84;7.34;pa032​;20250620_093447;1;F8W2;0,2203;1,4396;0,6851;0,3234;0,3050;-0,1765;0,8782;Collision avec Chemin2 - Objet Parent Plot2;False
3129,85;7.36;pa032​;20250620_093447;1;F8W2;0,2250;1,4401;0,6887;0,3224;0,2972;-0,1710;0,8823;Collision avec Chemin2 - Objet Parent Plot2;False
3129,87;7.37;pa032​;20250620_093447;1;F8W2;0,2295;1,4407;0,6918;0,3224;0,2892;-0,1656;0,8860;Collision avec Chemin2 - Objet Parent Plot2;False
3129,88;7.38;pa032​;20250620_093447;1;F8W2;0,2337;1,4409;0,6946;0,3225;0,2806;-0,1607;0,8896;Collision avec Chemin2 - Objet Parent Plot2;False
3129,89;7.4;pa032​;20250620_093447;1;F8W2;0,2381;1,4411;0,6977;0,3233;0,2715;-0,1562;0,8929;Collision avec Chemin2 - Objet Parent Plot2;False
3129,91;7.41;pa032​;20250620_093447;1;F8W2;0,2423;1,4411;0,7006;0,3237;0,2624;-0,1514;0,8963;;False
3129,92;7.43;pa032​;20250620_093447;1;F8W2;0,2465;1,4412;0,7037;0,3246;0,2541;-0,1475;0,8990;;False
3129,94;7.44;pa032​;20250620_093447;1;F8W2;0,2507;1,4410;0,7065;0,3256;0,2451;-0,1437;0,9018;;False
3129,95;7.45;pa032​;20250620_093447;1;F8W2;0,2544;1,4404;0,7087;0,3252;0,2364;-0,1397;0,9049;;False
3129,96;7.47;pa032​;20250620_093447;1;F8W2;0,2581;1,4401;0,7109;0,3267;0,2268;-0,1352;0,9075;;False
3129,98;7.48;pa032​;20250620_093447;1;F8W2;0,2618;1,4400;0,7133;0,3276;0,2166;-0,1295;0,9105;;False
3129,99;7.5;pa032​;20250620_093447;1;F8W2;0,2656;1,4400;0,7158;0,3273;0,2064;-0,1229;0,9139;;False
3130,01;7.51;pa032​;20250620_093447;1;F8W2;0,2696;1,4402;0,7184;0,3253;0,1954;-0,1144;0,9181;;False
3130,02;7.52;pa032​;20250620_093447;1;F8W2;0,2738;1,4405;0,7210;0,3240;0,1838;-0,1056;0,9220;;False
3130,03;7.54;pa032​;20250620_093447;1;F8W2;0,2784;1,4413;0,7241;0,3236;0,1712;-0,0962;0,9256;;False
3130,05;7.55;pa032​;20250620_093447;1;F8W2;0,2829;1,4417;0,7271;0,3210;0,1591;-0,0880;0,9295;;False
3130,06;7.56;pa032​;20250620_093447;1;F8W2;0,2871;1,4416;0,7302;0,3156;0,1492;-0,0817;0,9335;;False
3130,07;7.58;pa032​;20250620_093447;1;F8W2;0,2915;1,4420;0,7334;0,3125;0,1404;-0,0781;0,9362;;False
3130,09;7.59;pa032​;20250620_093447;1;F8W2;0,2954;1,4423;0,7368;0,3111;0,1320;-0,0752;0,9382;;False
3130,10;7.61;pa032​;20250620_093447;1;F8W2;0,2991;1,4426;0,7406;0,3105;0,1222;-0,0724;0,9399;;False
3130,12;7.62;pa032​;20250620_093447;1;F8W2;0,3026;1,4430;0,7445;0,3102;0,1108;-0,0686;0,9417;;False
3130,13;7.63;pa032​;20250620_093447;1;F8W2;0,3056;1,4431;0,7486;0,3106;0,0994;-0,0643;0,9431;;False
3130,15;7.65;pa032​;20250620_093447;1;F8W2;0,3085;1,4433;0,7530;0,3121;0,0879;-0,0609;0,9440;;False
3130,16;7.66;pa032​;20250620_093447;1;F8W2;0,3113;1,4437;0,7575;0,3135;0,0775;-0,0580;0,9446;;False
3130,17;7.68;pa032​;20250620_093447;1;F8W2;0,3139;1,4444;0,7627;0,3159;0,0683;-0,0557;0,9447;;False
3130,19;7.69;pa032​;20250620_093447;1;F8W2;0,3163;1,4452;0,7680;0,3180;0,0587;-0,0533;0,9448;;False
3130,20;7.7;pa032​;20250620_093447;1;F8W2;0,3184;1,4460;0,7736;0,3202;0,0497;-0,0505;0,9447;;False
3130,21;7.72;pa032​;20250620_093447;1;F8W2;0,3203;1,4468;0,7796;0,3213;0,0405;-0,0473;0,9449;Collision avec Gauche2 - Objet Parent Plot2;False
3130,23;7.73;pa032​;20250620_093447;1;F8W2;0,3220;1,4475;0,7860;0,3214;0,0304;-0,0430;0,9455;Collision avec Gauche2 - Objet Parent Plot2;False
3130,24;7.75;pa032​;20250620_093447;1;F8W2;0,3233;1,4481;0,7927;0,3202;0,0201;-0,0372;0,9464;Collision avec Gauche2 - Objet Parent Plot2;False
3130,26;7.76;pa032​;20250620_093447;1;F8W2;0,3243;1,4485;0,7998;0,3188;0,0099;-0,0316;0,9472;Collision avec Gauche2 - Objet Parent Plot2;False
3130,27;7.77;pa032​;20250620_093447;1;F8W2;0,3250;1,4484;0,8068;0,3179;-0,0005;-0,0265;0,9478;Collision avec Gauche2 - Objet Parent Plot2;False
3130,28;7.79;pa032​;20250620_093447;1;F8W2;0,3253;1,4480;0,8137;0,3170;-0,0109;-0,0210;0,9481;Collision avec Gauche2 - Objet Parent Plot2;False
3130,30;7.8;pa032​;20250620_093447;1;F8W2;0,3254;1,4476;0,8208;0,3170;-0,0225;-0,0156;0,9480;Collision avec Gauche2 - Objet Parent Plot2;False
3130,31;7.82;pa032​;20250620_093447;1;F8W2;0,3250;1,4469;0,8279;0,3159;-0,0340;-0,0104;0,9481;Collision avec Gauche2 - Objet Parent Plot2;False
3130,33;7.83;pa032​;20250620_093447;1;F8W2;0,3241;1,4460;0,8350;0,3156;-0,0454;-0,0059;0,9478;Collision avec Gauche2 - Objet Parent Plot2;False
3130,34;7.84;pa032​;20250620_093447;1;F8W2;0,3230;1,4450;0,8423;0,3165;-0,0568;-0,0018;0,9469;Collision avec Gauche2 - Objet Parent Plot2;False
3130,35;7.86;pa032​;20250620_093447;1;F8W2;0,3217;1,4440;0,8497;0,3166;-0,0680;0,0016;0,9461;Collision avec Gauche2 - Objet Parent Plot2;False
3130,37;7.87;pa032​;20250620_093447;1;F8W2;0,3200;1,4431;0,8571;0,3174;-0,0786;0,0051;0,9450;Collision avec Gauche2 - Objet Parent Plot2;False
3130,38;7.89;pa032​;20250620_093447;1;F8W2;0,3179;1,4421;0,8642;0,3185;-0,0889;0,0078;0,9437;Collision avec Gauche2 - Objet Parent Plot2;False
3130,40;7.9;pa032​;20250620_093447;1;F8W2;0,3154;1,4412;0,8717;0,3197;-0,0986;0,0100;0,9423;Collision avec Gauche2 - Objet Parent Plot2;False
3130,41;7.91;pa032​;20250620_093447;1;F8W2;0,3126;1,4403;0,8792;0,3198;-0,1077;0,0125;0,9413;Collision avec Gauche2 - Objet Parent Plot2;False
3130,42;7.93;pa032​;20250620_093447;1;F8W2;0,3095;1,4394;0,8871;0,3194;-0,1170;0,0147;0,9403;Collision avec Gauche2 - Objet Parent Plot2;False
3130,44;7.94;pa032​;20250620_093447;1;F8W2;0,3059;1,4385;0,8949;0,3182;-0,1256;0,0177;0,9395;Collision avec Gauche2 - Objet Parent Plot2;False
3130,45;7.95;pa032​;20250620_093447;1;F8W2;0,3019;1,4377;0,9029;0,3161;-0,1354;0,0212;0,9388;Collision avec Gauche2 - Objet Parent Plot2;False
3130,47;7.97;pa032​;20250620_093447;1;F8W2;0,2973;1,4367;0,9107;0,3139;-0,1451;0,0253;0,9380;Collision avec Gauche2 - Objet Parent Plot2;False
3130,48;7.98;pa032​;20250620_093447;1;F8W2;0,2925;1,4357;0,9185;0,3119;-0,1552;0,0295;0,9369;Collision avec Gauche2 - Objet Parent Plot2;False
3130,49;8.0;pa032​;20250620_093447;1;F8W2;0,2872;1,4345;0,9261;0,3094;-0,1653;0,0344;0,9358;Collision avec Gauche2 - Objet Parent Plot2;False
3130,51;8.01;pa032​;20250620_093447;1;F8W2;0,2816;1,4331;0,9339;0,3071;-0,1754;0,0385;0,9346;Collision avec Gauche2 - Objet Parent Plot2;False
3130,52;8.03;pa032​;20250620_093447;1;F8W2;0,2755;1,4319;0,9420;0,3041;-0,1855;0,0426;0,9334;Collision avec Gauche2 - Objet Parent Plot2;False
3130,53;8.04;pa032​;20250620_093447;1;F8W2;0,2690;1,4307;0,9502;0,3008;-0,1965;0,0466;0,9321;Collision avec Gauche2 - Objet Parent Plot2;False
3130,55;8.05;pa032​;20250620_093447;1;F8W2;0,2622;1,4298;0,9580;0,2991;-0,2075;0,0508;0,9300;Collision avec Gauche2 - Objet Parent Plot2;False
3130,56;8.07;pa032​;20250620_093447;1;F8W2;0,2552;1,4289;0,9656;0,2987;-0,2198;0,0549;0,9271;Collision avec Gauche2 - Objet Parent Plot2;False
3130,58;8.08;pa032​;20250620_093447;1;F8W2;0,2479;1,4283;0,9733;0,2997;-0,2318;0,0588;0,9236;Collision avec Gauche2 - Objet Parent Plot2;False
3130,59;8.09;pa032​;20250620_093447;1;F8W2;0,2405;1,4286;0,9813;0,3025;-0,2436;0,0633;0,9193;Collision avec Gauche2 - Objet Parent Plot2;False
3130,60;8.11;pa032​;20250620_093447;1;F8W2;0,2325;1,4295;0,9900;0,3048;-0,2549;0,0683;0,9151;Collision avec Gauche2 - Objet Parent Plot2;False
3130,62;8.12;pa032​;20250620_093447;1;F8W2;0,2243;1,4296;0,9978;0,3024;-0,2648;0,0705;0,9129;Collision avec Gauche2 - Objet Parent Plot2;False
3130,63;8.14;pa032​;20250620_093447;1;F8W2;0,2162;1,4299;1,0048;0,3028;-0,2745;0,0732;0,9097;Collision avec Chemin2 - Objet Parent Plot2;False
3130,65;8.15;pa032​;20250620_093447;1;F8W2;0,2083;1,4304;1,0110;0,3043;-0,2851;0,0774;0,9056;Collision avec Chemin2 - Objet Parent Plot2;False
3130,66;8.16;pa032​;20250620_093447;1;F8W2;0,2004;1,4311;1,0169;0,3075;-0,2956;0,0823;0,9007;Collision avec Chemin2 - Objet Parent Plot2;False
3130,67;8.18;pa032​;20250620_093447;1;F8W2;0,1925;1,4326;1,0226;0,3111;-0,3067;0,0883;0,8952;Collision avec Chemin2 - Objet Parent Plot2;False
3130,69;8.19;pa032​;20250620_093447;1;F8W2;0,1844;1,4340;1,0282;0,3115;-0,3174;0,0937;0,8908;Collision avec Chemin2 - Objet Parent Plot2;False
3130,70;8.2;pa032​;20250620_093447;1;F8W2;0,1759;1,4351;1,0342;0,3085;-0,3286;0,0979;0,8873;Collision avec Chemin2 - Objet Parent Plot2;False
3130,72;8.22;pa032​;20250620_093447;1;F8W2;0,1673;1,4364;1,0402;0,3044;-0,3405;0,1020;0,8837;Collision avec Chemin2 - Objet Parent Plot2;False
3130,73;8.23;pa032​;20250620_093447;1;F8W2;0,1588;1,4374;1,0457;0,2996;-0,3538;0,1068;0,8796;Collision avec Droite2 - Objet Parent Plot2;False
3130,74;8.25;pa032​;20250620_093447;1;F8W2;0,1504;1,4382;1,0506;0,2965;-0,3673;0,1114;0,8745;Collision avec Droite2 - Objet Parent Plot2;False
3130,76;8.26;pa032​;20250620_093447;1;F8W2;0,1422;1,4387;1,0548;0,2946;-0,3813;0,1159;0,8686;Collision avec Droite2 - Objet Parent Plot2;False
3130,77;8.27;pa032​;20250620_093447;1;F8W2;0,1341;1,4390;1,0589;0,2944;-0,3954;0,1204;0,8617;Collision avec Droite2 - Objet Parent Plot2;False
3130,78;8.29;pa032​;20250620_093447;1;F8W2;0,1260;1,4393;1,0630;0,2962;-0,4096;0,1247;0,8538;Collision avec Droite2 - Objet Parent Plot2;False
3130,80;8.3;pa032​;20250620_093447;1;F8W2;0,1179;1,4399;1,0668;0,2979;-0,4235;0,1295;0,8457;Collision avec Droite2 - Objet Parent Plot2;False
3130,81;8.32;pa032​;20250620_093447;1;F8W2;0,1097;1,4407;1,0702;0,2986;-0,4370;0,1341;0,8378;Collision avec Droite2 - Objet Parent Plot2;False
3130,83;8.33;pa032​;20250620_093447;1;F8W2;0,1015;1,4416;1,0734;0,2985;-0,4509;0,1391;0,8296;Collision avec Droite2 - Objet Parent Plot2;False
3130,84;8.35;pa032​;20250620_093447;1;F8W2;0,0931;1,4424;1,0763;0,2972;-0,4644;0,1440;0,8218;Collision avec Droite2 - Objet Parent Plot2;False
3130,86;8.36;pa032​;20250620_093447;1;F8W2;0,0849;1,4432;1,0791;0,2951;-0,4782;0,1482;0,8138;Collision avec Droite2 - Objet Parent Plot2;False
3130,87;8.37;pa032​;20250620_093447;1;F8W2;0,0765;1,4440;1,0817;0,2932;-0,4914;0,1529;0,8057;Collision avec Droite2 - Objet Parent Plot2;False
3130,88;8.39;pa032​;20250620_093447;1;F8W2;0,0682;1,4447;1,0839;0,2908;-0,5043;0,1581;0,7976;Collision avec Droite2 - Objet Parent Plot2;False
3130,90;8.4;pa032​;20250620_093447;1;F8W2;0,0598;1,4453;1,0861;0,2885;-0,5171;0,1636;0,7891;Collision avec Droite2 - Objet Parent Plot2;False
3130,91;8.41;pa032​;20250620_093447;1;F8W2;0,0514;1,4457;1,0882;0,2865;-0,5295;0,1687;0,7804;Collision avec Droite2 - Objet Parent Plot2;False
3130,92;8.43;pa032​;20250620_093447;1;F8W2;0,0427;1,4461;1,0903;0,2836;-0,5424;0,1741;0,7714;Collision avec Droite2 - Objet Parent Plot2;False
3130,94;8.44;pa032​;20250620_093447;1;F8W2;0,0340;1,4464;1,0923;0,2807;-0,5549;0,1784;0,7625;Collision avec Droite2 - Objet Parent Plot2;False
3130,95;8.46;pa032​;20250620_093447;1;F8W2;0,0250;1,4465;1,0944;0,2787;-0,5669;0,1818;0,7536;Collision avec Droite2 - Objet Parent Plot2;False
3130,97;8.47;pa032​;20250620_093447;1;F8W2;0,0159;1,4465;1,0964;0,2771;-0,5781;0,1850;0,7449;Collision avec Droite2 - Objet Parent Plot2;False
3130,98;8.48;pa032​;20250620_093447;1;F8W2;0,0070;1,4462;1,0985;0,2760;-0,5890;0,1881;0,7358;Collision avec Droite2 - Objet Parent Plot2;False
3130,99;8.5;pa032​;20250620_093447;1;F8W2;-0,0020;1,4458;1,1005;0,2753;-0,5993;0,1921;0,7267;Collision avec Droite2 - Objet Parent Plot2;False
3131,01;8.51;pa032​;20250620_093447;1;F8W2;-0,0111;1,4451;1,1026;0,2745;-0,6085;0,1954;0,7185;Collision avec Droite2 - Objet Parent Plot2;False
3131,02;8.53;pa032​;20250620_093447;1;F8W2;-0,0205;1,4442;1,1051;0,2735;-0,6179;0,1987;0,7099;Collision avec Droite2 - Objet Parent Plot2;False
3131,04;8.54;pa032​;20250620_093447;1;F8W2;-0,0297;1,4430;1,1074;0,2724;-0,6261;0,2020;0,7021;Collision avec Droite2 - Objet Parent Plot2;False
3131,05;8.55;pa032​;20250620_093447;1;F8W2;-0,0388;1,4417;1,1099;0,2720;-0,6340;0,2046;0,6944;Collision avec Droite2 - Objet Parent Plot2;False
3131,06;8.57;pa032​;20250620_093447;1;F8W2;-0,0476;1,4402;1,1124;0,2712;-0,6409;0,2076;0,6875;Collision avec Droite2 - Objet Parent Plot2;False
3131,08;8.58;pa032​;20250620_093447;1;F8W2;-0,0563;1,4386;1,1151;0,2706;-0,6471;0,2108;0,6809;Collision avec Droite2 - Objet Parent Plot2;False
3131,09;8.59;pa032​;20250620_093447;1;F8W2;-0,0648;1,4368;1,1181;0,2704;-0,6523;0,2131;0,6753;Collision avec Droite2 - Objet Parent Plot2;False
3131,10;8.61;pa032​;20250620_093447;1;F8W2;-0,0733;1,4350;1,1213;0,2705;-0,6562;0,2152;0,6707;Collision avec Droite2 - Objet Parent Plot2;False
3131,12;8.62;pa032​;20250620_093447;1;F8W2;-0,0820;1,4332;1,1249;0,2698;-0,6602;0,2175;0,6664;Collision avec Droite2 - Objet Parent Plot2;False
3131,13;8.64;pa032​;20250620_093447;1;F8W2;-0,0906;1,4314;1,1285;0,2676;-0,6647;0,2198;0,6620;Collision avec Droite2 - Objet Parent Plot2;False
3131,15;8.65;pa032​;20250620_093447;1;F8W2;-0,0993;1,4297;1,1323;0,2651;-0,6694;0,2220;0,6575;Collision avec Droite2 - Objet Parent Plot2;False
3131,16;8.66;pa032​;20250620_093447;1;F8W2;-0,1081;1,4279;1,1364;0,2634;-0,6730;0,2240;0,6539;Collision avec Droite2 - Objet Parent Plot2;False
3131,17;8.68;pa032​;20250620_093447;1;F8W2;-0,1166;1,4260;1,1407;0,2617;-0,6764;0,2246;0,6508;Collision avec Droite2 - Objet Parent Plot2;False
3131,19;8.69;pa032​;20250620_093447;1;F8W2;-0,1249;1,4243;1,1451;0,2598;-0,6797;0,2266;0,6475;;False
3131,20;8.71;pa032​;20250620_093447;1;F8W2;-0,1330;1,4229;1,1493;0,2574;-0,6832;0,2320;0,6428;;False
3131,22;8.72;pa032​;20250620_093447;1;F8W2;-0,1410;1,4221;1,1536;0,2550;-0,6883;0,2389;0,6357;;False
3131,23;8.73;pa032​;20250620_093447;1;F8W2;-0,1501;1,4231;1,1577;0,2564;-0,6935;0,2511;0,6247;;False
3131,25;8.75;pa032​;20250620_093447;1;F8W2;-0,1592;1,4234;1,1617;0,2525;-0,7013;0,2546;0,6161;;False
3131,26;8.76;pa032​;20250620_093447;1;F8W2;-0,1684;1,4240;1,1657;0,2511;-0,7073;0,2576;0,6085;;False
3131,27;8.78;pa032​;20250620_093447;1;F8W2;-0,1769;1,4238;1,1695;0,2463;-0,7135;0,2543;0,6046;;False
3131,29;8.79;pa032​;20250620_093447;1;F8W2;-0,1854;1,4243;1,1731;0,2444;-0,7187;0,2545;0,5991;;False
3131,30;8.8;pa032​;20250620_093447;1;F8W2;-0,1936;1,4248;1,1759;0,2430;-0,7241;0,2544;0,5932;;False
3131,31;8.82;pa032​;20250620_093447;1;F8W2;-0,2018;1,4251;1,1782;0,2425;-0,7297;0,2532;0,5870;;False
3131,33;8.83;pa032​;20250620_093447;1;F8W2;-0,2104;1,4257;1,1802;0,2428;-0,7355;0,2523;0,5800;;False
3131,34;8.84;pa032​;20250620_093447;1;F8W2;-0,2192;1,4264;1,1821;0,2417;-0,7408;0,2515;0,5740;;False
3131,36;8.86;pa032​;20250620_093447;1;F8W2;-0,2279;1,4271;1,1840;0,2406;-0,7453;0,2518;0,5685;;False
3131,37;8.87;pa032​;20250620_093447;1;F8W2;-0,2364;1,4280;1,1860;0,2402;-0,7482;0,2533;0,5642;;False
3131,38;8.89;pa032​;20250620_093447;1;F8W2;-0,2450;1,4289;1,1878;0,2416;-0,7499;0,2553;0,5605;;False
3131,40;8.9;pa032​;20250620_093447;1;F8W2;-0,2539;1,4299;1,1893;0,2429;-0,7504;0,2569;0,5585;;False
3131,41;8.92;pa032​;20250620_093447;1;F8W2;-0,2638;1,4312;1,1910;0,2450;-0,7493;0,2574;0,5588;;False
3131,43;8.93;pa032​;20250620_093447;1;F8W2;-0,2740;1,4323;1,1926;0,2446;-0,7484;0,2560;0,5608;;False
3131,44;8.94;pa032​;20250620_093447;1;F8W2;-0,2841;1,4330;1,1942;0,2434;-0,7472;0,2544;0,5637;;False
3131,45;8.96;pa032​;20250620_093447;1;F8W2;-0,2937;1,4336;1,1957;0,2431;-0,7452;0,2542;0,5666;;False
3131,47;8.97;pa032​;20250620_093447;1;F8W2;-0,3031;1,4337;1,1973;0,2447;-0,7419;0,2541;0,5701;;False
3131,48;8.98;pa032​;20250620_093447;1;F8W2;-0,3124;1,4334;1,1990;0,2476;-0,7373;0,2540;0,5750;;False
3131,49;9.0;pa032​;20250620_093447;1;F8W2;-0,3215;1,4329;1,2006;0,2495;-0,7326;0,2544;0,5799;;False
3131,51;9.01;pa032​;20250620_093447;1;F8W2;-0,3304;1,4321;1,2023;0,2509;-0,7276;0,2549;0,5854;;False
3131,52;9.03;pa032​;20250620_093447;1;F8W2;-0,3391;1,4312;1,2039;0,2525;-0,7218;0,2555;0,5916;;False
3131,54;9.04;pa032​;20250620_093447;1;F8W2;-0,3478;1,4303;1,2055;0,2544;-0,7155;0,2559;0,5982;;False
3131,55;9.05;pa032​;20250620_093447;1;F8W2;-0,3563;1,4291;1,2073;0,2555;-0,7091;0,2560;0,6053;;False
3131,56;9.07;pa032​;20250620_093447;1;F8W2;-0,3643;1,4275;1,2091;0,2552;-0,7028;0,2561;0,6127;;False
3131,58;9.08;pa032​;20250620_093447;1;F8W2;-0,3721;1,4259;1,2110;0,2552;-0,6968;0,2566;0,6193;;False
3131,59;9.1;pa032​;20250620_093447;1;F8W2;-0,3791;1,4244;1,2124;0,2559;-0,6904;0,2569;0,6261;;False
3131,61;9.11;pa032​;20250620_093447;1;F8W2;-0,3859;1,4229;1,2139;0,2585;-0,6837;0,2578;0,6319;;False
3131,62;9.12;pa032​;20250620_093447;1;F8W2;-0,3918;1,4215;1,2149;0,2602;-0,6777;0,2595;0,6369;;False
3131,63;9.14;pa032​;20250620_093447;1;F8W2;-0,3975;1,4204;1,2152;0,2622;-0,6730;0,2634;0,6394;;False
3131,65;9.15;pa032​;20250620_093447;1;F8W2;-0,4029;1,4193;1,2150;0,2630;-0,6695;0,2665;0,6416;;False
3131,66;9.16;pa032​;20250620_093447;1;F8W2;-0,4082;1,4185;1,2141;0,2633;-0,6674;0,2690;0,6425;;False
3131,68;9.18;pa032​;20250620_093447;1;F8W2;-0,4135;1,4180;1,2127;0,2626;-0,6670;0,2708;0,6426;;False
3131,69;9.19;pa032​;20250620_093447;1;F8W2;-0,4190;1,4179;1,2104;0,2609;-0,6684;0,2737;0,6404;;False
3131,70;9.21;pa032​;20250620_093447;1;F8W2;-0,4242;1,4179;1,2073;0,2584;-0,6716;0,2752;0,6376;;False
3131,72;9.22;pa032​;20250620_093447;1;F8W2;-0,4293;1,4181;1,2036;0,2567;-0,6764;0,2765;0,6325;;False
3131,73;9.23;pa032​;20250620_093447;1;F8W2;-0,4343;1,4187;1,1991;0,2549;-0,6834;0,2778;0,6251;;False
3131,75;9.25;pa032​;20250620_093447;1;F8W2;-0,4395;1,4198;1,1938;0,2526;-0,6926;0,2797;0,6150;;False
3131,76;9.26;pa032​;20250620_093447;1;F8W2;-0,4447;1,4211;1,1877;0,2495;-0,7045;0,2798;0,6025;;False
3131,77;9.28;pa032​;20250620_093447;1;F8W2;-0,4499;1,4224;1,1809;0,2468;-0,7174;0,2782;0,5891;;False
3131,79;9.29;pa032​;20250620_093447;1;F8W2;-0,4549;1,4238;1,1735;0,2441;-0,7310;0,2749;0,5749;;False
3131,80;9.31;pa032​;20250620_093447;1;F8W2;-0,4595;1,4253;1,1656;0,2418;-0,7452;0,2712;0,5592;;False
3131,81;9.32;pa032​;20250620_093447;1;F8W2;-0,4642;1,4268;1,1570;0,2388;-0,7595;0,2678;0,5426;;False
3131,83;9.33;pa032​;20250620_093447;1;F8W2;-0,4687;1,4284;1,1477;0,2361;-0,7742;0,2627;0,5252;;False
3131,84;9.35;pa032​;20250620_093447;1;F8W2;-0,4730;1,4301;1,1379;0,2334;-0,7890;0,2578;0,5065;;False
3131,86;9.36;pa032​;20250620_093447;1;F8W2;-0,4774;1,4319;1,1276;0,2307;-0,8035;0,2529;0,4871;;False
3131,87;9.37;pa032​;20250620_093447;1;F8W2;-0,4814;1,4338;1,1162;0,2285;-0,8174;0,2476;0,4673;;False
3131,88;9.39;pa032​;20250620_093447;1;F8W2;-0,4853;1,4358;1,1048;0,2267;-0,8307;0,2428;0,4467;;False
3131,90;9.4;pa032​;20250620_093447;1;F8W2;-0,4888;1,4378;1,0934;0,2252;-0,8434;0,2390;0,4253;;False
3131,91;9.42;pa032​;20250620_093447;1;F8W2;-0,4919;1,4398;1,0818;0,2227;-0,8554;0,2358;0,4039;;False
3131,93;9.43;pa032​;20250620_093447;1;F8W2;-0,4946;1,4418;1,0703;0,2201;-0,8666;0,2329;0,3825;;False
3131,94;9.44;pa032​;20250620_093447;1;F8W2;-0,4972;1,4438;1,0589;0,2169;-0,8767;0,2315;0,3616;;False
3131,95;9.46;pa032​;20250620_093447;1;F8W2;-0,4995;1,4457;1,0477;0,2138;-0,8859;0,2302;0,3414;;False
3131,97;9.47;pa032​;20250620_093447;1;F8W2;-0,5013;1,4470;1,0365;0,2095;-0,8945;0,2279;0,3225;;False
3131,98;9.48;pa032​;20250620_093447;1;F8W2;-0,5028;1,4481;1,0254;0,2056;-0,9020;0,2258;0,3051;;False
3131,99;9.5;pa032​;20250620_093447;1;F8W2;-0,5041;1,4492;1,0145;0,2015;-0,9088;0,2248;0,2879;;False
3132,01;9.51;pa032​;20250620_093447;1;F8W2;-0,5054;1,4503;1,0042;0,1973;-0,9147;0,2255;0,2713;;False
3132,02;9.53;pa032​;20250620_093447;1;F8W2;-0,5065;1,4514;0,9942;0,1930;-0,9198;0,2272;0,2553;;False
3132,04;9.54;pa032​;20250620_093447;1;F8W2;-0,5074;1,4525;0,9844;0,1883;-0,9245;0,2292;0,2392;;False
3132,05;9.55;pa032​;20250620_093447;1;F8W2;-0,5081;1,4537;0,9747;0,1841;-0,9284;0,2323;0,2241;;False
3132,06;9.57;pa032​;20250620_093447;1;F8W2;-0,5088;1,4547;0,9656;0,1794;-0,9324;0,2341;0,2087;;False
3132,08;9.58;pa032​;20250620_093447;1;F8W2;-0,5095;1,4559;0,9563;0,1746;-0,9356;0,2375;0,1944;;False
3132,09;9.6;pa032​;20250620_093447;1;F8W2;-0,5102;1,4573;0,9472;0,1701;-0,9383;0,2408;0,1806;;False
3132,11;9.61;pa032​;20250620_093447;1;F8W2;-0,5109;1,4587;0,9384;0,1664;-0,9404;0,2441;0,1683;;False
3132,12;9.62;pa032​;20250620_093447;1;F8W2;-0,5117;1,4600;0,9296;0,1636;-0,9423;0,2466;0,1565;;False
3132,13;9.64;pa032​;20250620_093447;1;F8W2;-0,5124;1,4617;0,9206;0,1607;-0,9435;0,2494;0,1472;;False
3132,15;9.65;pa032​;20250620_093447;1;F8W2;-0,5135;1,4631;0,9119;0,1578;-0,9453;0,2505;0,1369;;False
3132,16;9.67;pa032​;20250620_093447;1;F8W2;-0,5144;1,4646;0,9030;0,1531;-0,9470;0,2517;0,1276;;False
3132,18;9.68;pa032​;20250620_093447;1;F8W2;-0,5151;1,4661;0,8941;0,1476;-0,9488;0,2531;0,1176;;False
3132,19;9.69;pa032​;20250620_093447;1;F8W2;-0,5158;1,4675;0,8853;0,1412;-0,9509;0,2537;0,1071;;False
3132,20;9.71;pa032​;20250620_093447;1;F8W2;-0,5166;1,4686;0,8765;0,1361;-0,9525;0,2544;0,0975;;False
3132,22;9.72;pa032​;20250620_093447;1;F8W2;-0,5175;1,4698;0,8678;0,1310;-0,9538;0,2555;0,0890;;False
3132,23;9.73;pa032​;20250620_093447;1;F8W2;-0,5186;1,4705;0,8592;0,1259;-0,9550;0,2564;0,0806;;False
3132,25;9.75;pa032​;20250620_093447;1;F8W2;-0,5197;1,4709;0,8506;0,1201;-0,9562;0,2569;0,0722;;False
3132,26;9.76;pa032​;20250620_093447;1;F8W2;-0,5205;1,4712;0,8422;0,1139;-0,9574;0,2573;0,0645;;False
3132,27;9.78;pa032​;20250620_093447;1;F8W2;-0,5214;1,4713;0,8340;0,1085;-0,9584;0,2577;0,0565;;False
3132,29;9.79;pa032​;20250620_093447;1;F8W2;-0,5221;1,4709;0,8262;0,1028;-0,9592;0,2587;0,0484;;False
3132,30;9.8;pa032​;20250620_093447;1;F8W2;-0,5229;1,4703;0,8185;0,0979;-0,9597;0,2602;0,0407;;False
3132,31;9.82;pa032​;20250620_093447;1;F8W2;-0,5237;1,4693;0,8112;0,0932;-0,9598;0,2627;0,0338;;False
3132,33;9.83;pa032​;20250620_093447;1;F8W2;-0,5245;1,4680;0,8042;0,0888;-0,9596;0,2658;0,0270;;False
3132,34;9.85;pa032​;20250620_093447;1;F8W2;-0,5251;1,4667;0,7976;0,0837;-0,9592;0,2692;0,0204;;False
3132,36;9.86;pa032​;20250620_093447;1;F8W2;-0,5258;1,4653;0,7912;0,0788;-0,9587;0,2731;0,0127;;False
3132,37;9.87;pa032​;20250620_093447;1;F8W2;-0,5263;1,4640;0,7851;0,0733;-0,9583;0,2760;0,0046;;False
3132,38;9.89;pa032​;20250620_093447;1;F8W2;-0,5268;1,4627;0,7790;0,0679;-0,9579;0,2791;-0,0039;;False
3132,40;9.9;pa032​;20250620_093447;1;F8W2;-0,5274;1,4614;0,7728;0,0624;-0,9578;0,2802;-0,0132;;False
3132,41;9.92;pa032​;20250620_093447;1;F8W2;-0,5281;1,4606;0,7665;0,0560;-0,9576;0,2816;-0,0229;;False
3132,43;9.93;pa032​;20250620_093447;1;F8W2;-0,5289;1,4603;0,7601;0,0489;-0,9574;0,2828;-0,0336;;False
3132,44;9.94;pa032​;20250620_093447;1;F8W2;-0,5300;1,4620;0,7530;0,0406;-0,9550;0,2900;-0,0463;;False
3132,45;9.96;pa032​;20250620_093447;1;F8W2;-0,5307;1,4626;0,7460;0,0328;-0,9543;0,2913;-0,0578;;False
3132,47;9.97;pa032​;20250620_093447;1;F8W2;-0,5317;1,4631;0,7391;0,0288;-0,9547;0,2883;-0,0678;;False
3132,48;9.99;pa032​;20250620_093447;1;F8W2;-0,5328;1,4640;0,7326;0,0259;-0,9540;0,2888;-0,0762;;False
3132,50;10.0;pa032​;20250620_093447;1;F8W2;-0,5337;1,4649;0,7256;0,0216;-0,9536;0,2881;-0,0851;;False
3132,51;10.01;pa032​;20250620_093447;1;F8W2;-0,5342;1,4660;0,7188;0,0174;-0,9535;0,2857;-0,0941;;False
3132,52;10.03;pa032​;20250620_093447;1;F8W2;-0,5343;1,4669;0,7117;0,0135;-0,9534;0,2832;-0,1034;;False
3132,54;10.04;pa032​;20250620_093447;1;F8W2;-0,5344;1,4676;0,7043;0,0102;-0,9534;0,2796;-0,1127;;False
3132,55;10.06;pa032​;20250620_093447;1;F8W2;-0,5344;1,4683;0,6967;0,0064;-0,9533;0,2765;-0,1216;;False
3132,57;10.07;pa032​;20250620_093447;1;F8W2;-0,5343;1,4688;0,6889;0,0028;-0,9525;0,2750;-0,1306;;False
3132,58;10.08;pa032​;20250620_093447;1;F8W2;-0,5337;1,4692;0,6812;-0,0010;-0,9515;0,2747;-0,1387;;False
3132,59;10.1;pa032​;20250620_093447;1;F8W2;-0,5328;1,4694;0,6737;-0,0055;-0,9498;0,2763;-0,1467;;False
3132,61;10.11;pa032​;20250620_093447;1;F8W2;-0,5317;1,4695;0,6659;-0,0096;-0,9478;0,2787;-0,1546;;False
3132,62;10.12;pa032​;20250620_093447;1;F8W2;-0,5304;1,4694;0,6576;-0,0134;-0,9458;0,2813;-0,1617;;False
3132,63;10.14;pa032​;20250620_093447;1;F8W2;-0,5288;1,4695;0,6490;-0,0179;-0,9441;0,2826;-0,1686;;False
3132,65;10.15;pa032​;20250620_093447;1;F8W2;-0,5268;1,4697;0,6406;-0,0225;-0,9428;0,2830;-0,1749;;False
3132,66;10.17;pa032​;20250620_093447;1;F8W2;-0,5246;1,4696;0,6323;-0,0275;-0,9413;0,2834;-0,1813;;False
3132,68;10.18;pa032​;20250620_093447;1;F8W2;-0,5223;1,4693;0,6242;-0,0324;-0,9396;0,2842;-0,1880;;False
3132,69;10.19;pa032​;20250620_093447;1;F8W2;-0,5195;1,4688;0,6161;-0,0373;-0,9378;0,2851;-0,1944;;False
3132,70;10.21;pa032​;20250620_093447;1;F8W2;-0,5167;1,4680;0,6077;-0,0414;-0,9359;0,2862;-0,2012;;False
3132,72;10.22;pa032​;20250620_093447;1;F8W2;-0,5135;1,4671;0,5994;-0,0458;-0,9339;0,2872;-0,2078;;False
3132,73;10.24;pa032​;20250620_093447;1;F8W2;-0,5101;1,4661;0,5912;-0,0501;-0,9319;0,2881;-0,2145;;False
3132,75;10.25;pa032​;20250620_093447;1;F8W2;-0,5065;1,4650;0,5830;-0,0544;-0,9300;0,2881;-0,2216;;False
3132,76;10.26;pa032​;20250620_093447;1;F8W2;-0,5024;1,4639;0,5748;-0,0588;-0,9282;0,2881;-0,2281;;False
3132,77;10.28;pa032​;20250620_093447;1;F8W2;-0,4981;1,4624;0,5664;-0,0622;-0,9264;0,2878;-0,2348;;False
3132,79;10.29;pa032​;20250620_093447;1;F8W2;-0,4935;1,4606;0,5583;-0,0652;-0,9247;0,2875;-0,2408;;False
3132,80;10.31;pa032​;20250620_093447;1;F8W2;-0,4888;1,4586;0,5503;-0,0681;-0,9228;0,2881;-0,2466;;False
3132,82;10.32;pa032​;20250620_093447;1;F8W2;-0,4838;1,4567;0,5422;-0,0713;-0,9209;0,2886;-0,2523;;False
3132,83;10.33;pa032​;20250620_093447;1;F8W2;-0,4783;1,4549;0,5341;-0,0744;-0,9190;0,2886;-0,2580;;False
3132,84;10.35;pa032​;20250620_093447;1;F8W2;-0,4725;1,4529;0,5261;-0,0775;-0,9174;0,2882;-0,2632;;False
3132,86;10.36;pa032​;20250620_093447;1;F8W2;-0,4665;1,4509;0,5181;-0,0800;-0,9159;0,2879;-0,2682;;False
3132,87;10.37;pa032​;20250620_093447;1;F8W2;-0,4601;1,4487;0,5102;-0,0829;-0,9145;0,2864;-0,2735;;False
3132,89;10.39;pa032​;20250620_093447;1;F8W2;-0,4533;1,4465;0,5022;-0,0857;-0,9132;0,2852;-0,2782;;False
3132,90;10.4;pa032​;20250620_093447;1;F8W2;-0,4464;1,4443;0,4945;-0,0881;-0,9119;0,2843;-0,2825;;False
3132,91;10.42;pa032​;20250620_093447;1;F8W2;-0,4392;1,4422;0,4870;-0,0904;-0,9105;0,2839;-0,2866;;False
3132,93;10.43;pa032​;20250620_093447;1;F8W2;-0,4316;1,4402;0,4795;-0,0932;-0,9092;0,2834;-0,2906;;False
3132,94;10.44;pa032​;20250620_093447;1;F8W2;-0,4236;1,4383;0,4718;-0,0961;-0,9079;0,2822;-0,2948;;False
3132,95;10.46;pa032​;20250620_093447;1;F8W2;-0,4152;1,4366;0,4638;-0,0995;-0,9064;0,2807;-0,2996;;False
3132,97;10.47;pa032​;20250620_093447;1;F8W2;-0,4064;1,4352;0,4560;-0,1033;-0,9052;0,2777;-0,3047;;False
3132,98;10.49;pa032​;20250620_093447;1;F8W2;-0,3974;1,4341;0,4482;-0,1076;-0,9033;0,2765;-0,3099;;False
3133,00;10.5;pa032​;20250620_093447;1;F8W2;-0,3883;1,4332;0,4400;-0,1125;-0,9011;0,2749;-0,3158;;False
3133,01;10.51;pa032​;20250620_093447;1;F8W2;-0,3788;1,4331;0,4317;-0,1173;-0,8991;0,2734;-0,3212;;False
3133,02;10.53;pa032​;20250620_093447;1;F8W2;-0,3689;1,4336;0,4231;-0,1220;-0,8967;0,2733;-0,3261;;False
3133,04;10.54;pa032​;20250620_093447;1;F8W2;-0,3591;1,4335;0,4147;-0,1247;-0,8957;0,2691;-0,3313;;False
3133,05;10.55;pa032​;20250620_093447;1;F8W2;-0,3492;1,4338;0,4067;-0,1284;-0,8940;0,2670;-0,3362;;False
3133,07;10.57;pa032​;20250620_093447;1;F8W2;-0,3398;1,4337;0,3994;-0,1318;-0,8917;0,2654;-0,3422;;False
3133,08;10.58;pa032​;20250620_093447;1;F8W2;-0,3306;1,4340;0,3926;-0,1365;-0,8875;0,2682;-0,3490;;False
3133,09;10.6;pa032​;20250620_093447;1;F8W2;-0,3218;1,4346;0,3857;-0,1410;-0,8831;0,2720;-0,3553;;False
3133,11;10.61;pa032​;20250620_093447;1;F8W2;-0,3132;1,4356;0,3784;-0,1447;-0,8793;0,2745;-0,3614;;False
3133,12;10.63;pa032​;20250620_093447;1;F8W2;-0,3045;1,4368;0,3712;-0,1473;-0,8767;0,2747;-0,3664;;False
3133,13;10.64;pa032​;20250620_093447;1;F8W2;-0,2957;1,4381;0,3641;-0,1489;-0,8750;0,2727;-0,3714;;False
3133,15;10.65;pa032​;20250620_093447;1;F8W2;-0,2870;1,4394;0,3572;-0,1496;-0,8740;0,2684;-0,3765;;False
3133,16;10.67;pa032​;20250620_093447;1;F8W2;-0,2785;1,4408;0,3504;-0,1516;-0,8723;0,2646;-0,3821;;False
3133,18;10.68;pa032​;20250620_093447;1;F8W2;-0,2703;1,4419;0,3439;-0,1541;-0,8703;0,2607;-0,3884;;False
3133,19;10.69;pa032​;20250620_093447;1;F8W2;-0,2622;1,4429;0,3377;-0,1577;-0,8675;0,2585;-0,3946;;False
3133,21;10.71;pa032​;20250620_093447;1;F8W2;-0,2544;1,4438;0,3318;-0,1608;-0,8646;0,2575;-0,4004;;False
3133,22;10.72;pa032​;20250620_093447;1;F8W2;-0,2467;1,4447;0,3260;-0,1640;-0,8612;0,2578;-0,4063;;False
3133,23;10.74;pa032​;20250620_093447;1;F8W2;-0,2390;1,4459;0,3202;-0,1688;-0,8566;0,2601;-0,4125;;False
3133,25;10.75;pa032​;20250620_093447;1;F8W2;-0,2313;1,4469;0,3146;-0,1740;-0,8518;0,2606;-0,4198;;False
3133,26;10.76;pa032​;20250620_093447;1;F8W2;-0,2236;1,4482;0,3091;-0,1785;-0,8470;0,2605;-0,4276;;False
3133,27;10.78;pa032​;20250620_093447;1;F8W2;-0,2160;1,4495;0,3038;-0,1819;-0,8427;0,2589;-0,4356;Collision avec Chemin2 - Objet Parent Plot2;False
3133,29;10.79;pa032​;20250620_093447;1;F8W2;-0,2083;1,4508;0,2985;-0,1845;-0,8384;0,2586;-0,4430;Collision avec Chemin2 - Objet Parent Plot2;False
3133,30;10.8;pa032​;20250620_093447;1;F8W2;-0,2009;1,4521;0,2934;-0,1871;-0,8341;0,2582;-0,4502;Collision avec Chemin2 - Objet Parent Plot2;False
3133,32;10.82;pa032​;20250620_093447;1;F8W2;-0,1934;1,4535;0,2884;-0,1896;-0,8293;0,2577;-0,4581;Collision avec Chemin2 - Objet Parent Plot2;False
3133,33;10.83;pa032​;20250620_093447;1;F8W2;-0,1856;1,4549;0,2837;-0,1917;-0,8242;0,2559;-0,4674;Collision avec Chemin2 - Objet Parent Plot2;False
3133,34;10.85;pa032​;20250620_093447;1;F8W2;-0,1775;1,4563;0,2791;-0,1927;-0,8192;0,2532;-0,4772;Collision avec Chemin2 - Objet Parent Plot2;False
3133,36;10.86;pa032​;20250620_093447;1;F8W2;-0,1691;1,4578;0,2748;-0,1934;-0,8137;0,2495;-0,4881;Collision avec Chemin2 - Objet Parent Plot2;False
3133,37;10.87;pa032​;20250620_093447;1;F8W2;-0,1607;1,4591;0,2704;-0,1938;-0,8075;0,2452;-0,5003;Collision avec Chemin2 - Objet Parent Plot2;False
3133,38;10.89;pa032​;20250620_093447;1;F8W2;-0,1522;1,4604;0,2663;-0,1950;-0,8005;0,2399;-0,5134;Collision avec Chemin2 - Objet Parent Plot2;False
3133,40;10.9;pa032​;20250620_093447;1;F8W2;-0,1435;1,4614;0,2624;-0,1960;-0,7926;0,2338;-0,5280;Collision avec Chemin2 - Objet Parent Plot2;False
3133,41;10.92;pa032​;20250620_093447;1;F8W2;-0,1346;1,4621;0,2588;-0,1961;-0,7834;0,2271;-0,5442;Collision avec Chemin2 - Objet Parent Plot2;False
3133,43;10.93;pa032​;20250620_093447;1;F8W2;-0,1256;1,4622;0,2558;-0,1953;-0,7737;0,2195;-0,5614;Collision avec Chemin2 - Objet Parent Plot2;False
3133,44;10.94;pa032​;20250620_093447;1;F8W2;-0,1167;1,4618;0,2532;-0,1936;-0,7619;0,2127;-0,5803;Collision avec Chemin2 - Objet Parent Plot2;False
3133,45;10.96;pa032​;20250620_093447;1;F8W2;-0,1083;1,4610;0,2508;-0,1921;-0,7488;0,2064;-0,5998;Collision avec Chemin2 - Objet Parent Plot2;False
3133,47;10.97;pa032​;20250620_093447;1;F8W2;-0,1005;1,4599;0,2488;-0,1931;-0,7333;0,2008;-0,6202;Collision avec Chemin2 - Objet Parent Plot2;False
3133,48;10.99;pa032​;20250620_093447;1;F8W2;-0,0932;1,4581;0,2471;-0,1955;-0,7154;0,1955;-0,6416;Collision avec Chemin2 - Objet Parent Plot2;False
3133,50;11.0;pa032​;20250620_093447;1;F8W2;-0,0865;1,4560;0,2458;-0,1981;-0,6960;0,1913;-0,6631;Collision avec Chemin2 - Objet Parent Plot2;False
3133,51;11.01;pa032​;20250620_093447;1;F8W2;-0,0802;1,4536;0,2446;-0,2011;-0,6744;0,1890;-0,6848;Collision avec Chemin2 - Objet Parent Plot2;False
3133,52;11.03;pa032​;20250620_093447;1;F8W2;-0,0746;1,4512;0,2438;-0,2051;-0,6510;0,1862;-0,7067;Collision avec Chemin2 - Objet Parent Plot2;False
3133,54;11.04;pa032​;20250620_093447;1;F8W2;-0,0690;1,4488;0,2430;-0,2096;-0,6260;0,1825;-0,7286;Collision avec Chemin2 - Objet Parent Plot2;False
3133,55;11.05;pa032​;20250620_093447;1;F8W2;-0,0639;1,4468;0,2420;-0,2134;-0,5992;0,1783;-0,7507;Collision avec Chemin2 - Objet Parent Plot2;False
3133,57;11.07;pa032​;20250620_093447;1;F8W2;-0,0590;1,4453;0,2410;-0,2170;-0,5719;0,1741;-0,7717;Collision avec Chemin2 - Objet Parent Plot2;False
3133,58;11.08;pa032​;20250620_093447;1;F8W2;-0,0544;1,4439;0,2399;-0,2194;-0,5441;0,1684;-0,7921;Collision avec Chemin2 - Objet Parent Plot2;False
3133,59;11.1;pa032​;20250620_093447;1;F8W2;-0,0503;1,4427;0,2387;-0,2209;-0,5167;0,1628;-0,8110;Collision avec Chemin2 - Objet Parent Plot2;False
3133,61;11.11;pa032​;20250620_093447;1;F8W2;-0,0468;1,4420;0,2371;-0,2231;-0,4900;0,1583;-0,8277;Collision avec Chemin2 - Objet Parent Plot2;False
3133,62;11.12;pa032​;20250620_093447;1;F8W2;-0,0434;1,4416;0,2351;-0,2266;-0,4630;0,1553;-0,8427;Collision avec Chemin2 - Objet Parent Plot2;False
3133,63;11.14;pa032​;20250620_093447;1;F8W2;-0,0403;1,4413;0,2330;-0,2289;-0,4375;0,1515;-0,8563;Collision avec Chemin2 - Objet Parent Plot2;False
3133,65;11.15;pa032​;20250620_093447;1;F8W2;-0,0373;1,4420;0,2308;-0,2325;-0,4137;0,1498;-0,8674;Collision avec Chemin2 - Objet Parent Plot2;False
3133,66;11.17;pa032​;20250620_093447;1;F8W2;-0,0343;1,4433;0,2287;-0,2384;-0,3901;0,1484;-0,8769;Collision avec Chemin2 - Objet Parent Plot2;False
3133,68;11.18;pa032​;20250620_093447;1;F8W2;-0,0311;1,4450;0,2264;-0,2427;-0,3687;0,1494;-0,8848;Collision avec Chemin2 - Objet Parent Plot2;False
3133,69;11.19;pa032​;20250620_093447;1;F8W2;-0,0286;1,4463;0,2238;-0,2442;-0,3515;0,1485;-0,8915;Collision avec Chemin2 - Objet Parent Plot2;False
3133,70;11.21;pa032​;20250620_093447;1;F8W2;-0,0260;1,4481;0,2208;-0,2464;-0,3362;0,1477;-0,8969;Collision avec Chemin2 - Objet Parent Plot2;False
3133,72;11.22;pa032​;20250620_093447;1;F8W2;-0,0234;1,4500;0,2178;-0,2478;-0,3224;0,1453;-0,9020;Collision avec Chemin2 - Objet Parent Plot2;False
3133,73;11.23;pa032​;20250620_093447;1;F8W2;-0,0210;1,4519;0,2146;-0,2493;-0,3089;0,1426;-0,9067;Collision avec Chemin2 - Objet Parent Plot2;False
3133,75;11.25;pa032​;20250620_093447;1;F8W2;-0,0195;1,4536;0,2116;-0,2503;-0,2976;0,1388;-0,9108;Collision avec Chemin2 - Objet Parent Plot2;False
3133,76;11.26;pa032​;20250620_093447;1;F8W2;-0,0180;1,4554;0,2086;-0,2516;-0,2862;0,1355;-0,9146;Collision avec Chemin2 - Objet Parent Plot2;False
3133,77;11.28;pa032​;20250620_093447;1;F8W2;-0,0167;1,4571;0,2052;-0,2524;-0,2761;0,1323;-0,9179;Collision avec Chemin2 - Objet Parent Plot2;False
3133,79;11.29;pa032​;20250620_093447;1;F8W2;-0,0154;1,4585;0,2015;-0,2528;-0,2672;0,1290;-0,9209;Collision avec Chemin2 - Objet Parent Plot2;False
3133,80;11.31;pa032​;20250620_093447;1;F8W2;-0,0142;1,4599;0,1979;-0,2536;-0,2594;0,1256;-0,9234;Collision avec Chemin2 - Objet Parent Plot2;False
3133,81;11.32;pa032​;20250620_093447;1;F8W2;-0,0131;1,4611;0,1941;-0,2539;-0,2518;0,1225;-0,9258;Collision avec Chemin2 - Objet Parent Plot2;False
3133,83;11.33;pa032​;20250620_093447;1;F8W2;-0,0124;1,4621;0,1903;-0,2543;-0,2450;0,1191;-0,9280;Collision avec Chemin2 - Objet Parent Plot2;False
3133,84;11.35;pa032​;20250620_093447;1;F8W2;-0,0120;1,4631;0,1864;-0,2550;-0,2387;0,1154;-0,9299;Collision avec Chemin2 - Objet Parent Plot2;False
3133,86;11.36;pa032​;20250620_093447;1;F8W2;-0,0116;1,4640;0,1825;-0,2555;-0,2326;0,1121;-0,9317;Collision avec Chemin2 - Objet Parent Plot2;False
3133,87;11.37;pa032​;20250620_093447;1;F8W2;-0,0115;1,4651;0,1787;-0,2566;-0,2272;0,1090;-0,9331;Collision avec Chemin2 - Objet Parent Plot2;False
3133,88;11.39;pa032​;20250620_093447;1;F8W2;-0,0114;1,4660;0,1749;-0,2571;-0,2225;0,1058;-0,9345;Collision avec Chemin2 - Objet Parent Plot2;False
3133,90;11.4;pa032​;20250620_093447;1;F8W2;-0,0114;1,4671;0,1713;-0,2575;-0,2181;0,1030;-0,9357;Collision avec Chemin2 - Objet Parent Plot2;False
3133,91;11.42;pa032​;20250620_093447;1;F8W2;-0,0116;1,4680;0,1679;-0,2577;-0,2145;0,0999;-0,9368;Collision avec Chemin2 - Objet Parent Plot2;False
3133,93;11.43;pa032​;20250620_093447;1;F8W2;-0,0117;1,4688;0,1646;-0,2572;-0,2113;0,0978;-0,9379;Collision avec Chemin2 - Objet Parent Plot2;False
3133,94;11.44;pa032​;20250620_093447;1;F8W2;-0,0121;1,4698;0,1614;-0,2571;-0,2089;0,0963;-0,9386;Collision avec Chemin2 - Objet Parent Plot2;False
3133,95;11.46;pa032​;20250620_093447;1;F8W2;-0,0128;1,4707;0,1583;-0,2564;-0,2082;0,0953;-0,9390;Collision avec Chemin2 - Objet Parent Plot2;False
3133,97;11.47;pa032​;20250620_093447;1;F8W2;-0,0133;1,4716;0,1553;-0,2557;-0,2074;0,0939;-0,9396;Collision avec Chemin2 - Objet Parent Plot2;False
3133,98;11.48;pa032​;20250620_093447;1;F8W2;-0,0141;1,4724;0,1524;-0,2549;-0,2071;0,0924;-0,9400;Collision avec Chemin2 - Objet Parent Plot2;False
3134,00;11.5;pa032​;20250620_093447;1;F8W2;-0,0149;1,4733;0,1497;-0,2541;-0,2072;0,0913;-0,9403;Collision avec Chemin2 - Objet Parent Plot2;False
3134,01;11.51;pa032​;20250620_093447;1;F8W2;-0,0159;1,4741;0,1472;-0,2528;-0,2077;0,0905;-0,9406;Collision avec Chemin2 - Objet Parent Plot2;False
3134,02;11.53;pa032​;20250620_093447;1;F8W2;-0,0172;1,4748;0,1449;-0,2510;-0,2082;0,0889;-0,9412;Collision avec Chemin2 - Objet Parent Plot2;False
3134,04;11.54;pa032​;20250620_093447;1;F8W2;-0,0189;1,4757;0,1429;-0,2500;-0,2082;0,0867;-0,9416;Collision avec Chemin2 - Objet Parent Plot2;False
3134,05;11.55;pa032​;20250620_093447;1;F8W2;-0,0208;1,4765;0,1411;-0,2485;-0,2082;0,0852;-0,9421;Collision avec Chemin2 - Objet Parent Plot2;False
3134,06;11.57;pa032​;20250620_093447;1;F8W2;-0,0230;1,4773;0,1396;-0,2466;-0,2090;0,0847;-0,9425;Collision avec Chemin2 - Objet Parent Plot2;False
3134,08;11.58;pa032​;20250620_093447;1;F8W2;-0,0255;1,4781;0,1382;-0,2441;-0,2098;0,0839;-0,9431;Collision avec Chemin2 - Objet Parent Plot2;False
3134,09;11.6;pa032​;20250620_093447;1;F8W2;-0,0281;1,4789;0,1371;-0,2416;-0,2101;0,0824;-0,9438;Collision avec Chemin2 - Objet Parent Plot2;False
3134,11;11.61;pa032​;20250620_093447;1;F8W2;-0,0309;1,4795;0,1362;-0,2385;-0,2102;0,0811;-0,9446;Collision avec Chemin2 - Objet Parent Plot2;False
3134,12;11.62;pa032​;20250620_093447;1;F8W2;-0,0338;1,4801;0,1358;-0,2350;-0,2097;0,0789;-0,9458;Collision avec Chemin2 - Objet Parent Plot2;False
3134,13;11.64;pa032​;20250620_093447;1;F8W2;-0,0367;1,4803;0,1355;-0,2305;-0,2089;0,0763;-0,9473;Collision avec Chemin2 - Objet Parent Plot2;False
3134,15;11.65;pa032​;20250620_093447;1;F8W2;-0,0393;1,4820;0,1359;-0,2329;-0,2084;0,0758;-0,9469;Collision avec Chemin2 - Objet Parent Plot2;False
3134,16;11.67;pa032​;20250620_093447;1;F8W2;-0,0418;1,4832;0,1369;-0,2328;-0,2082;0,0756;-0,9470;Collision avec Chemin2 - Objet Parent Plot2;False
3134,18;11.68;pa032​;20250620_093447;1;F8W2;-0,0449;1,4833;0,1372;-0,2273;-0,2078;0,0728;-0,9486;Collision avec Chemin2 - Objet Parent Plot2;False
3134,19;11.69;pa032​;20250620_093447;1;F8W2;-0,0480;1,4839;0,1377;-0,2284;-0,2050;0,0693;-0,9492;Collision avec Chemin2 - Objet Parent Plot2;False
3134,20;11.71;pa032​;20250620_093447;1;F8W2;-0,0511;1,4839;0,1381;-0,2287;-0,2011;0,0656;-0,9502;Collision avec Chemin2 - Objet Parent Plot2;False
3134,22;11.72;pa032​;20250620_093447;1;F8W2;-0,0543;1,4839;0,1383;-0,2302;-0,1968;0,0624;-0,9510;Collision avec Chemin2 - Objet Parent Plot2;False
3134,23;11.73;pa032​;20250620_093447;1;F8W2;-0,0571;1,4839;0,1385;-0,2328;-0,1920;0,0596;-0,9515;Collision avec Chemin2 - Objet Parent Plot2;False
3134,25;11.75;pa032​;20250620_093447;1;F8W2;-0,0596;1,4839;0,1387;-0,2351;-0,1871;0,0572;-0,9521;Collision avec Chemin2 - Objet Parent Plot2;False
3134,26;11.76;pa032​;20250620_093447;1;F8W2;-0,0623;1,4839;0,1390;-0,2373;-0,1820;0,0547;-0,9527;Collision avec Chemin2 - Objet Parent Plot2;False
3134,27;11.78;pa032​;20250620_093447;1;F8W2;-0,0647;1,4838;0,1392;-0,2392;-0,1765;0,0529;-0,9533;Collision avec Chemin2 - Objet Parent Plot2;False
3134,29;11.79;pa032​;20250620_093447;1;F8W2;-0,0669;1,4838;0,1395;-0,2404;-0,1713;0,0508;-0,9541;Collision avec Chemin2 - Objet Parent Plot2;False
3134,30;11.8;pa032​;20250620_093447;1;F8W2;-0,0687;1,4840;0,1396;-0,2412;-0,1662;0,0490;-0,9549;Collision avec Chemin2 - Objet Parent Plot2;False
3134,31;11.82;pa032​;20250620_093447;1;F8W2;-0,0701;1,4843;0,1396;-0,2414;-0,1608;0,0471;-0,9559;Collision avec Chemin2 - Objet Parent Plot2;False
3134,33;11.83;pa032​;20250620_093447;1;F8W2;-0,0715;1,4848;0,1399;-0,2415;-0,1557;0,0454;-0,9568;Collision avec Chemin2 - Objet Parent Plot2;False
3134,34;11.85;pa032​;20250620_093447;1;F8W2;-0,0727;1,4854;0,1403;-0,2411;-0,1505;0,0435;-0,9578;Collision avec Chemin2 - Objet Parent Plot2;False
3134,36;11.86;pa032​;20250620_093447;1;F8W2;-0,0736;1,4861;0,1407;-0,2402;-0,1457;0,0417;-0,9588;Collision avec Chemin2 - Objet Parent Plot2;False
3134,37;11.87;pa032​;20250620_093447;1;F8W2;-0,0744;1,4868;0,1411;-0,2388;-0,1410;0,0400;-0,9599;Collision avec Chemin2 - Objet Parent Plot2;False
3134,38;11.89;pa032​;20250620_093447;1;F8W2;-0,0748;1,4875;0,1413;-0,2369;-0,1364;0,0380;-0,9612;Collision avec Chemin2 - Objet Parent Plot2;False
3134,40;11.9;pa032​;20250620_093447;1;F8W2;-0,0750;1,4882;0,1416;-0,2348;-0,1319;0,0356;-0,9624;Collision avec Chemin2 - Objet Parent Plot2;False
3134,41;11.92;pa032​;20250620_093447;1;F8W2;-0,0752;1,4888;0,1419;-0,2321;-0,1277;0,0333;-0,9637;Collision avec Chemin2 - Objet Parent Plot2;False
3134,43;11.93;pa032​;20250620_093447;1;F8W2;-0,0751;1,4893;0,1422;-0,2293;-0,1234;0,0307;-0,9650;Collision avec Chemin2 - Objet Parent Plot2;False
3134,44;11.94;pa032​;20250620_093447;1;F8W2;-0,0750;1,4897;0,1424;-0,2262;-0,1193;0,0273;-0,9664;Collision avec Chemin2 - Objet Parent Plot2;False
3134,45;11.96;pa032​;20250620_093447;1;F8W2;-0,0746;1,4897;0,1424;-0,2231;-0,1151;0,0239;-0,9677;Collision avec Chemin2 - Objet Parent Plot2;False
3134,47;11.97;pa032​;20250620_093447;1;F8W2;-0,0740;1,4898;0,1423;-0,2217;-0,1102;0,0202;-0,9687;Collision avec Chemin2 - Objet Parent Plot2;False
3134,48;11.98;pa032​;20250620_093447;1;F8W2;-0,0732;1,4898;0,1422;-0,2206;-0,1049;0,0161;-0,9696;Collision avec Chemin2 - Objet Parent Plot2;False
3134,50;12.0;pa032​;20250620_093447;1;F8W2;-0,0722;1,4901;0,1422;-0,2200;-0,0991;0,0127;-0,9704;Collision avec Chemin2 - Objet Parent Plot2;False
3134,51;12.01;pa032​;20250620_093447;1;F8W2;-0,0711;1,4906;0,1424;-0,2192;-0,0936;0,0093;-0,9711;Collision avec Chemin2 - Objet Parent Plot2;False
3134,52;12.03;pa032​;20250620_093447;1;F8W2;-0,0697;1,4909;0,1425;-0,2174;-0,0880;0,0064;-0,9721;Collision avec Chemin2 - Objet Parent Plot2;False
3134,54;12.04;pa032​;20250620_093447;1;F8W2;-0,0681;1,4914;0,1428;-0,2166;-0,0824;0,0037;-0,9728;Collision avec Chemin2 - Objet Parent Plot2;False
3134,55;12.05;pa032​;20250620_093447;1;F8W2;-0,0663;1,4924;0,1433;-0,2171;-0,0767;0,0024;-0,9731;Collision avec Chemin2 - Objet Parent Plot2;False
3134,57;12.07;pa032​;20250620_093447;1;F8W2;-0,0642;1,4933;0,1439;-0,2152;-0,0712;0,0012;-0,9740;Collision avec Chemin2 - Objet Parent Plot2;False
3134,58;12.08;pa032​;20250620_093447;1;F8W2;-0,0622;1,4941;0,1445;-0,2128;-0,0666;0,0006;-0,9748;Collision avec Chemin2 - Objet Parent Plot2;False
3134,59;12.1;pa032​;20250620_093447;1;F8W2;-0,0601;1,4949;0,1448;-0,2112;-0,0631;0,0014;-0,9754;Collision avec Chemin2 - Objet Parent Plot2;False
3134,61;12.11;pa032​;20250620_093447;1;F8W2;-0,0579;1,4955;0,1450;-0,2100;-0,0606;0,0029;-0,9758;Collision avec Chemin2 - Objet Parent Plot2;False
3134,62;12.12;pa032​;20250620_093447;1;F8W2;-0,0557;1,4960;0,1450;-0,2097;-0,0589;0,0047;-0,9760;Collision avec Chemin2 - Objet Parent Plot2;False
3134,63;12.14;pa032​;20250620_093447;1;F8W2;-0,0534;1,4962;0,1449;-0,2093;-0,0577;0,0065;-0,9761;Collision avec Chemin2 - Objet Parent Plot2;False
3134,65;12.15;pa032​;20250620_093447;1;F8W2;-0,0511;1,4964;0,1448;-0,2092;-0,0576;0,0084;-0,9761;Collision avec Chemin2 - Objet Parent Plot2;False
3134,66;12.17;pa032​;20250620_093447;1;F8W2;-0,0487;1,4967;0,1448;-0,2091;-0,0575;0,0101;-0,9762;Collision avec Chemin2 - Objet Parent Plot2;False
3134,68;12.18;pa032​;20250620_093447;1;F8W2;-0,0463;1,4968;0,1447;-0,2086;-0,0575;0,0106;-0,9763;Collision avec Chemin2 - Objet Parent Plot2;False
3134,69;12.19;pa032​;20250620_093447;1;F8W2;-0,0440;1,4970;0,1446;-0,2084;-0,0573;0,0104;-0,9763;Collision avec Chemin2 - Objet Parent Plot2;False
3134,71;12.21;pa032​;20250620_093447;1;F8W2;-0,0417;1,4972;0,1444;-0,2080;-0,0572;0,0096;-0,9764;Collision avec Chemin2 - Objet Parent Plot2;False
3134,72;12.22;pa032​;20250620_093447;1;F8W2;-0,0395;1,4973;0,1442;-0,2073;-0,0570;0,0089;-0,9766;Collision avec Chemin2 - Objet Parent Plot2;False
3134,73;12.23;pa032​;20250620_093447;1;F8W2;-0,0374;1,4977;0,1441;-0,2068;-0,0572;0,0087;-0,9767;Collision avec Chemin2 - Objet Parent Plot2;False
3134,75;12.25;pa032​;20250620_093447;1;F8W2;-0,0353;1,4981;0,1439;-0,2060;-0,0571;0,0084;-0,9768;Collision avec Chemin2 - Objet Parent Plot2;False
3134,76;12.26;pa032​;20250620_093447;1;F8W2;-0,0333;1,4987;0,1437;-0,2058;-0,0570;0,0079;-0,9769;Collision avec Chemin2 - Objet Parent Plot2;False
3134,77;12.28;pa032​;20250620_093447;1;F8W2;-0,0315;1,4993;0,1434;-0,2055;-0,0570;0,0076;-0,9770;Collision avec Chemin2 - Objet Parent Plot2;False
3134,79;12.29;pa032​;20250620_093447;1;F8W2;-0,0299;1,4999;0,1429;-0,2049;-0,0570;0,0070;-0,9771;Collision avec Chemin2 - Objet Parent Plot2;False
3134,80;12.31;pa032​;20250620_093447;1;F8W2;-0,0282;1,5005;0,1423;-0,2044;-0,0572;0,0069;-0,9772;Collision avec Chemin2 - Objet Parent Plot2;False
3134,81;12.32;pa032​;20250620_093447;1;F8W2;-0,0265;1,5012;0,1418;-0,2037;-0,0579;0,0072;-0,9773;Collision avec Chemin2 - Objet Parent Plot2;False
3134,83;12.33;pa032​;20250620_093447;1;F8W2;-0,0249;1,5019;0,1412;-0,2030;-0,0588;0,0077;-0,9774;Collision avec Chemin2 - Objet Parent Plot2;False
3134,84;12.35;pa032​;20250620_093447;1;F8W2;-0,0234;1,5025;0,1406;-0,2024;-0,0598;0,0083;-0,9774;Collision avec Chemin2 - Objet Parent Plot2;False
3134,86;12.36;pa032​;20250620_093447;1;F8W2;-0,0219;1,5031;0,1398;-0,2013;-0,0607;0,0090;-0,9776;Collision avec Chemin2 - Objet Parent Plot2;False
3134,87;12.37;pa032​;20250620_093447;1;F8W2;-0,0204;1,5036;0,1391;-0,1996;-0,0615;0,0096;-0,9779;Collision avec Chemin2 - Objet Parent Plot2;False
3134,88;12.39;pa032​;20250620_093447;1;F8W2;-0,0192;1,5041;0,1383;-0,1978;-0,0623;0,0100;-0,9782;Collision avec Chemin2 - Objet Parent Plot2;False
3134,90;12.4;pa032​;20250620_093447;1;F8W2;-0,0181;1,5046;0,1374;-0,1961;-0,0633;0,0105;-0,9785;Collision avec Chemin2 - Objet Parent Plot2;False
3134,91;12.42;pa032​;20250620_093447;1;F8W2;-0,0171;1,5050;0,1363;-0,1947;-0,0644;0,0114;-0,9787;Collision avec Chemin2 - Objet Parent Plot2;False
3134,93;12.43;pa032​;20250620_093447;1;F8W2;-0,0163;1,5052;0,1352;-0,1938;-0,0657;0,0123;-0,9788;Collision avec Chemin2 - Objet Parent Plot2;False
3134,94;12.44;pa032​;20250620_093447;1;F8W2;-0,0157;1,5054;0,1338;-0,1936;-0,0671;0,0133;-0,9787;Collision avec Chemin2 - Objet Parent Plot2;False
3134,95;12.46;pa032​;20250620_093447;1;F8W2;-0,0153;1,5055;0,1324;-0,1934;-0,0685;0,0144;-0,9786;Collision avec Chemin2 - Objet Parent Plot2;False
3134,97;12.47;pa032​;20250620_093447;1;F8W2;-0,0150;1,5057;0,1310;-0,1940;-0,0700;0,0154;-0,9784;Collision avec Chemin2 - Objet Parent Plot2;False
3134,98;12.48;pa032​;20250620_093447;1;F8W2;-0,0147;1,5059;0,1294;-0,1945;-0,0715;0,0163;-0,9781;Collision avec Chemin2 - Objet Parent Plot2;False
3135,00;12.5;pa032​;20250620_093447;1;F8W2;-0,0146;1,5061;0,1279;-0,1953;-0,0727;0,0167;-0,9779;Collision avec Chemin2 - Objet Parent Plot2;False
3135,01;12.51;pa032​;20250620_093447;1;F8W2;-0,0147;1,5064;0,1263;-0,1954;-0,0738;0,0167;-0,9778;Collision avec Chemin2 - Objet Parent Plot2;False
3135,02;12.53;pa032​;20250620_093447;1;F8W2;-0,0148;1,5066;0,1244;-0,1953;-0,0745;0,0165;-0,9778;Collision avec Chemin2 - Objet Parent Plot2;False
3135,04;12.54;pa032​;20250620_093447;1;F8W2;-0,0151;1,5069;0,1226;-0,1949;-0,0751;0,0161;-0,9778;Collision avec Chemin2 - Objet Parent Plot2;False
3135,05;12.55;pa032​;20250620_093447;1;F8W2;-0,0155;1,5071;0,1207;-0,1944;-0,0758;0,0159;-0,9779;Collision avec Chemin2 - Objet Parent Plot2;False
3135,07;12.57;pa032​;20250620_093447;1;F8W2;-0,0159;1,5072;0,1189;-0,1941;-0,0762;0,0159;-0,9779;Collision avec Chemin2 - Objet Parent Plot2;False
3135,08;12.58;pa032​;20250620_093447;1;F8W2;-0,0164;1,5073;0,1171;-0,1934;-0,0766;0,0156;-0,9780;Collision avec Chemin2 - Objet Parent Plot2;False
3135,09;12.6;pa032​;20250620_093447;1;F8W2;-0,0170;1,5073;0,1152;-0,1929;-0,0768;0,0155;-0,9781;Collision avec Chemin2 - Objet Parent Plot2;False
3135,11;12.61;pa032​;20250620_093447;1;F8W2;-0,0177;1,5071;0,1132;-0,1924;-0,0769;0,0154;-0,9782;Collision avec Chemin2 - Objet Parent Plot2;False
3135,12;12.62;pa032​;20250620_093447;1;F8W2;-0,0184;1,5070;0,1112;-0,1919;-0,0770;0,0162;-0,9783;Collision avec Chemin2 - Objet Parent Plot2;False
3135,13;12.64;pa032​;20250620_093447;1;F8W2;-0,0191;1,5069;0,1093;-0,1913;-0,0773;0,0171;-0,9783;Collision avec Chemin2 - Objet Parent Plot2;False
3135,15;12.65;pa032​;20250620_093447;1;F8W2;-0,0198;1,5068;0,1075;-0,1910;-0,0773;0,0181;-0,9784;Collision avec Chemin2 - Objet Parent Plot2;False
3135,16;12.67;pa032​;20250620_093447;1;F8W2;-0,0204;1,5066;0,1056;-0,1909;-0,0772;0,0190;-0,9784;Collision avec Chemin2 - Objet Parent Plot2;False
3135,18;12.68;pa032​;20250620_093447;1;F8W2;-0,0211;1,5064;0,1037;-0,1909;-0,0772;0,0198;-0,9784;Collision avec Chemin2 - Objet Parent Plot2;False
3135,19;12.69;pa032​;20250620_093447;1;F8W2;-0,0218;1,5062;0,1018;-0,1915;-0,0769;0,0203;-0,9783;Collision avec Chemin2 - Objet Parent Plot2;False
3135,20;12.71;pa032​;20250620_093447;1;F8W2;-0,0224;1,5060;0,1000;-0,1918;-0,0766;0,0209;-0,9782;Collision avec Chemin2 - Objet Parent Plot2;False
3135,22;12.72;pa032​;20250620_093447;1;F8W2;-0,0229;1,5060;0,0981;-0,1917;-0,0766;0,0212;-0,9782;Collision avec Chemin2 - Objet Parent Plot2;False
3135,23;12.74;pa032​;20250620_093447;1;F8W2;-0,0234;1,5061;0,0964;-0,1913;-0,0768;0,0216;-0,9783;Collision avec Chemin2 - Objet Parent Plot2;False
3135,25;12.75;pa032​;20250620_093447;1;F8W2;-0,0238;1,5062;0,0945;-0,1905;-0,0771;0,0224;-0,9784;Collision avec Chemin2 - Objet Parent Plot2;False
3135,26;12.76;pa032​;20250620_093447;1;F8W2;-0,0243;1,5063;0,0927;-0,1897;-0,0776;0,0225;-0,9785;Collision avec Chemin2 - Objet Parent Plot2;False
3135,27;12.78;pa032​;20250620_093447;1;F8W2;-0,0247;1,5065;0,0908;-0,1887;-0,0782;0,0230;-0,9786;Collision avec Chemin2 - Objet Parent Plot2;False
3135,29;12.79;pa032​;20250620_093447;1;F8W2;-0,0250;1,5067;0,0891;-0,1878;-0,0790;0,0232;-0,9787;Collision avec Chemin2 - Objet Parent Plot2;False
3135,30;12.8;pa032​;20250620_093447;1;F8W2;-0,0252;1,5069;0,0875;-0,1869;-0,0797;0,0234;-0,9789;Collision avec Chemin2 - Objet Parent Plot2;False
3135,31;12.82;pa032​;20250620_093447;1;F8W2;-0,0254;1,5071;0,0859;-0,1861;-0,0805;0,0237;-0,9789;Collision avec Chemin2 - Objet Parent Plot2;False
3135,33;12.83;pa032​;20250620_093447;1;F8W2;-0,0254;1,5074;0,0844;-0,1851;-0,0816;0,0243;-0,9790;Collision avec Chemin2 - Objet Parent Plot2;False
3135,34;12.85;pa032​;20250620_093447;1;F8W2;-0,0255;1,5076;0,0827;-0,1840;-0,0827;0,0249;-0,9791;Collision avec Chemin2 - Objet Parent Plot2;False
3135,36;12.86;pa032​;20250620_093447;1;F8W2;-0,0255;1,5078;0,0812;-0,1832;-0,0838;0,0255;-0,9792;Collision avec Chemin2 - Objet Parent Plot2;False
3135,37;12.87;pa032​;20250620_093447;1;F8W2;-0,0254;1,5080;0,0799;-0,1825;-0,0850;0,0262;-0,9792;Collision avec Chemin2 - Objet Parent Plot2;False
3135,39;12.89;pa032​;20250620_093447;1;F8W2;-0,0253;1,5082;0,0786;-0,1820;-0,0865;0,0269;-0,9791;Collision avec Chemin2 - Objet Parent Plot2;False
3135,40;12.9;pa032​;20250620_093447;1;F8W2;-0,0252;1,5083;0,0774;-0,1812;-0,0882;0,0278;-0,9791;Collision avec Chemin2 - Objet Parent Plot2;False
3135,41;12.92;pa032​;20250620_093447;1;F8W2;-0,0251;1,5085;0,0763;-0,1806;-0,0900;0,0285;-0,9790;Collision avec Chemin2 - Objet Parent Plot2;False
3135,43;12.93;pa032​;20250620_093447;1;F8W2;-0,0250;1,5086;0,0753;-0,1797;-0,0916;0,0291;-0,9790;Collision avec Chemin2 - Objet Parent Plot2;False
3135,44;12.94;pa032​;20250620_093447;1;F8W2;-0,0249;1,5088;0,0742;-0,1791;-0,0934;0,0296;-0,9789;Collision avec Chemin2 - Objet Parent Plot2;False
3135,45;12.96;pa032​;20250620_093447;1;F8W2;-0,0248;1,5089;0,0733;-0,1788;-0,0954;0,0304;-0,9788;Collision avec Chemin2 - Objet Parent Plot2;False
3135,47;12.97;pa032​;20250620_093447;1;F8W2;-0,0246;1,5089;0,0724;-0,1785;-0,0974;0,0310;-0,9786;Collision avec Chemin2 - Objet Parent Plot2;False
3135,48;12.99;pa032​;20250620_093447;1;F8W2;-0,0244;1,5090;0,0715;-0,1783;-0,0992;0,0314;-0,9785;Collision avec Chemin2 - Objet Parent Plot2;False
3135,50;13.0;pa032​;20250620_093447;1;F8W2;-0,0243;1,5091;0,0707;-0,1780;-0,1010;0,0316;-0,9783;Collision avec Chemin2 - Objet Parent Plot2;False
3135,51;13.01;pa032​;20250620_093447;1;F8W2;-0,0242;1,5092;0,0698;-0,1777;-0,1027;0,0319;-0,9782;Collision avec Chemin2 - Objet Parent Plot2;False
3135,52;13.03;pa032​;20250620_093447;1;F8W2;-0,0241;1,5092;0,0690;-0,1773;-0,1044;0,0321;-0,9781;Collision avec Chemin2 - Objet Parent Plot2;False
3135,54;13.04;pa032​;20250620_093447;1;F8W2;-0,0241;1,5092;0,0684;-0,1773;-0,1058;0,0323;-0,9779;Collision avec Chemin2 - Objet Parent Plot2;False
3135,55;13.06;pa032​;20250620_093447;1;F8W2;-0,0240;1,5092;0,0678;-0,1773;-0,1070;0,0324;-0,9778;Collision avec Chemin2 - Objet Parent Plot2;False
3135,57;13.07;pa032​;20250620_093447;1;F8W2;-0,0240;1,5092;0,0673;-0,1774;-0,1081;0,0323;-0,9777;Collision avec Chemin2 - Objet Parent Plot2;False
3135,58;13.08;pa032​;20250620_093447;1;F8W2;-0,0240;1,5092;0,0668;-0,1775;-0,1089;0,0321;-0,9775;Collision avec Chemin2 - Objet Parent Plot2;False
3135,59;13.1;pa032​;20250620_093447;1;F8W2;-0,0241;1,5092;0,0664;-0,1774;-0,1095;0,0317;-0,9775;Collision avec Chemin2 - Objet Parent Plot2;False
3135,61;13.11;pa032​;20250620_093447;1;F8W2;-0,0242;1,5092;0,0661;-0,1770;-0,1098;0,0313;-0,9776;Collision avec Chemin2 - Objet Parent Plot2;False
3135,62;13.12;pa032​;20250620_093447;1;F8W2;-0,0243;1,5091;0,0660;-0,1772;-0,1100;0,0311;-0,9775;Collision avec Chemin2 - Objet Parent Plot2;False
3135,63;13.14;pa032​;20250620_093447;1;F8W2;-0,0244;1,5091;0,0660;-0,1774;-0,1102;0,0308;-0,9775;Collision avec Chemin2 - Objet Parent Plot2;False
3135,65;13.15;pa032​;20250620_093447;1;F8W2;-0,0245;1,5091;0,0657;-0,1781;-0,1102;0,0305;-0,9773;Collision avec Chemin2 - Objet Parent Plot2;False
3135,66;13.17;pa032​;20250620_093447;1;F8W2;-0,0247;1,5090;0,0659;-0,1791;-0,1102;0,0299;-0,9772;Collision avec Chemin2 - Objet Parent Plot2;False
3135,68;13.18;pa032​;20250620_093447;1;F8W2;-0,0249;1,5091;0,0662;-0,1808;-0,1098;0,0293;-0,9769;Collision avec Chemin2 - Objet Parent Plot2;False
3135,69;13.19;pa032​;20250620_093447;1;F8W2;-0,0252;1,5091;0,0672;-0,1825;-0,1091;0,0279;-0,9767;Collision avec Chemin2 - Objet Parent Plot2;False
3135,70;13.21;pa032​;20250620_093447;1;F8W2;-0,0255;1,5092;0,0680;-0,1853;-0,1082;0,0264;-0,9764;Collision avec Chemin2 - Objet Parent Plot2;False
3135,72;13.22;pa032​;20250620_093447;1;F8W2;-0,0259;1,5091;0,0690;-0,1877;-0,1072;0,0250;-0,9760;Collision avec Chemin2 - Objet Parent Plot2;False
3135,73;13.24;pa032​;20250620_093447;1;F8W2;-0,0263;1,5090;0,0701;-0,1893;-0,1058;0,0231;-0,9759;Collision avec Chemin2 - Objet Parent Plot2;False
3135,75;13.25;pa032​;20250620_093447;1;F8W2;-0,0267;1,5089;0,0714;-0,1906;-0,1042;0,0210;-0,9759;Collision avec Chemin2 - Objet Parent Plot2;False
3135,76;13.26;pa032​;20250620_093447;1;F8W2;-0,0273;1,5084;0,0730;-0,1913;-0,1023;0,0189;-0,9760;Collision avec Chemin2 - Objet Parent Plot2;False
3135,77;13.28;pa032​;20250620_093447;1;F8W2;-0,0279;1,5079;0,0748;-0,1921;-0,1002;0,0169;-0,9761;Collision avec Chemin2 - Objet Parent Plot2;False
3135,79;13.29;pa032​;20250620_093447;1;F8W2;-0,0286;1,5072;0,0769;-0,1927;-0,0979;0,0156;-0,9762;Collision avec Chemin2 - Objet Parent Plot2;False
3135,80;13.3;pa032​;20250620_093447;1;F8W2;-0,0294;1,5065;0,0793;-0,1938;-0,0952;0,0141;-0,9763;Collision avec Chemin2 - Objet Parent Plot2;False
3135,82;13.32;pa032​;20250620_093447;1;F8W2;-0,0305;1,5057;0,0817;-0,1947;-0,0928;0,0128;-0,9764;Collision avec Chemin2 - Objet Parent Plot2;False
3135,83;13.33;pa032​;20250620_093447;1;F8W2;-0,0317;1,5048;0,0843;-0,1952;-0,0904;0,0116;-0,9765;Collision avec Chemin2 - Objet Parent Plot2;False
3135,84;13.35;pa032​;20250620_093447;1;F8W2;-0,0330;1,5037;0,0871;-0,1953;-0,0880;0,0109;-0,9767;Collision avec Chemin2 - Objet Parent Plot2;False
3135,86;13.36;pa032​;20250620_093447;1;F8W2;-0,0347;1,5026;0,0901;-0,1958;-0,0861;0,0112;-0,9768;Collision avec Chemin2 - Objet Parent Plot2;False
3135,87;13.37;pa032​;20250620_093447;1;F8W2;-0,0367;1,5013;0,0933;-0,1963;-0,0845;0,0120;-0,9768;Collision avec Chemin2 - Objet Parent Plot2;False
3135,89;13.39;pa032​;20250620_093447;1;F8W2;-0,0390;1,5000;0,0966;-0,1968;-0,0830;0,0130;-0,9768;Collision avec Chemin2 - Objet Parent Plot2;False
3135,90;13.4;pa032​;20250620_093447;1;F8W2;-0,0416;1,4986;0,1000;-0,1980;-0,0819;0,0147;-0,9767;Collision avec Chemin2 - Objet Parent Plot2;False
3135,91;13.42;pa032​;20250620_093447;1;F8W2;-0,0445;1,4970;0,1035;-0,1992;-0,0814;0,0165;-0,9764;Collision avec Chemin2 - Objet Parent Plot2;False
3135,93;13.43;pa032​;20250620_093447;1;F8W2;-0,0479;1,4953;0,1069;-0,2008;-0,0813;0,0181;-0,9761;Collision avec Chemin2 - Objet Parent Plot2;False
3135,94;13.44;pa032​;20250620_093447;1;F8W2;-0,0515;1,4936;0,1101;-0,2030;-0,0811;0,0194;-0,9756;Collision avec Chemin2 - Objet Parent Plot2;False
3135,95;13.46;pa032​;20250620_093447;1;F8W2;-0,0557;1,4918;0,1133;-0,2056;-0,0810;0,0203;-0,9751;Collision avec Chemin2 - Objet Parent Plot2;False
3135,97;13.47;pa032​;20250620_093447;1;F8W2;-0,0602;1,4901;0,1167;-0,2089;-0,0807;0,0210;-0,9744;Collision avec Chemin2 - Objet Parent Plot2;False
3135,98;13.48;pa032​;20250620_093447;1;F8W2;-0,0650;1,4887;0,1205;-0,2124;-0,0807;0,0218;-0,9736;Collision avec Chemin2 - Objet Parent Plot2;False
3136,00;13.5;pa032​;20250620_093447;1;F8W2;-0,0699;1,4878;0,1248;-0,2157;-0,0806;0,0224;-0,9729;Collision avec Chemin2 - Objet Parent Plot2;False
3136,01;13.51;pa032​;20250620_093447;1;F8W2;-0,0752;1,4871;0,1292;-0,2178;-0,0806;0,0228;-0,9724;Collision avec Chemin2 - Objet Parent Plot2;False
3136,02;13.53;pa032​;20250620_093447;1;F8W2;-0,0805;1,4866;0,1339;-0,2191;-0,0803;0,0227;-0,9721;Collision avec Chemin2 - Objet Parent Plot2;False
3136,04;13.54;pa032​;20250620_093447;1;F8W2;-0,0859;1,4861;0,1388;-0,2198;-0,0803;0,0225;-0,9720;Collision avec Chemin2 - Objet Parent Plot2;False
3136,05;13.55;pa032​;20250620_093447;1;F8W2;-0,0914;1,4854;0,1438;-0,2186;-0,0804;0,0221;-0,9722;Collision avec Chemin2 - Objet Parent Plot2;False
3136,07;13.57;pa032​;20250620_093447;1;F8W2;-0,0969;1,4844;0,1488;-0,2157;-0,0805;0,0216;-0,9729;Collision avec Chemin2 - Objet Parent Plot2;False
3136,08;13.58;pa032​;20250620_093447;1;F8W2;-0,1024;1,4842;0,1547;-0,2153;-0,0807;0,0214;-0,9730;Collision avec Chemin2 - Objet Parent Plot2;False
3136,09;13.6;pa032​;20250620_093447;1;F8W2;-0,1076;1,4842;0,1617;-0,2153;-0,0805;0,0207;-0,9730;Collision avec Chemin2 - Objet Parent Plot2;False
3136,11;13.61;pa032​;20250620_093447;1;F8W2;-0,1126;1,4839;0,1690;-0,2149;-0,0798;0,0191;-0,9732;Collision avec Chemin2 - Objet Parent Plot2;False
3136,12;13.62;pa032​;20250620_093447;1;F8W2;-0,1178;1,4832;0,1761;-0,2135;-0,0792;0,0175;-0,9736;Collision avec Chemin2 - Objet Parent Plot2;False
3136,13;13.64;pa032​;20250620_093447;1;F8W2;-0,1228;1,4825;0,1836;-0,2144;-0,0784;0,0169;-0,9734;Collision avec Chemin2 - Objet Parent Plot2;False
3136,15;13.65;pa032​;20250620_093447;1;F8W2;-0,1276;1,4820;0,1915;-0,2157;-0,0776;0,0163;-0,9732;Collision avec Chemin2 - Objet Parent Plot2;False
3136,16;13.67;pa032​;20250620_093447;1;F8W2;-0,1322;1,4817;0,2000;-0,2177;-0,0762;0,0156;-0,9729;Collision avec Chemin2 - Objet Parent Plot2;False
3136,18;13.68;pa032​;20250620_093447;1;F8W2;-0,1366;1,4814;0,2087;-0,2198;-0,0747;0,0147;-0,9726;Collision avec Chemin2 - Objet Parent Plot2;False
3136,19;13.69;pa032​;20250620_093447;1;F8W2;-0,1409;1,4813;0,2177;-0,2232;-0,0732;0,0141;-0,9719;Collision avec Chemin2 - Objet Parent Plot2;False
3136,20;13.71;pa032​;20250620_093447;1;F8W2;-0,1449;1,4811;0,2272;-0,2258;-0,0711;0,0138;-0,9715;Collision avec Chemin2 - Objet Parent Plot2;False
3136,22;13.72;pa032​;20250620_093447;1;F8W2;-0,1488;1,4805;0,2369;-0,2276;-0,0694;0,0141;-0,9712;Collision avec Chemin2 - Objet Parent Plot2;False
3136,23;13.73;pa032​;20250620_093447;1;F8W2;-0,1526;1,4799;0,2470;-0,2285;-0,0688;0,0157;-0,9710;Collision avec Chemin2 - Objet Parent Plot2;False
3136,25;13.75;pa032​;20250620_093447;1;F8W2;-0,1562;1,4793;0,2576;-0,2287;-0,0692;0,0179;-0,9709;Collision avec Chemin2 - Objet Parent Plot2;False
3136,26;13.76;pa032​;20250620_093447;1;F8W2;-0,1596;1,4784;0,2685;-0,2271;-0,0705;0,0201;-0,9711;Collision avec Chemin2 - Objet Parent Plot2;False
3136,27;13.78;pa032​;20250620_093447;1;F8W2;-0,1628;1,4772;0,2798;-0,2250;-0,0722;0,0217;-0,9714;Collision avec Chemin2 - Objet Parent Plot2;False
3136,29;13.79;pa032​;20250620_093447;1;F8W2;-0,1659;1,4756;0,2913;-0,2228;-0,0738;0,0223;-0,9718;Collision avec Chemin2 - Objet Parent Plot2;False
3136,30;13.8;pa032​;20250620_093447;1;F8W2;-0,1689;1,4738;0,3029;-0,2210;-0,0750;0,0223;-0,9721;Collision avec Chemin2 - Objet Parent Plot2;False
3136,31;13.82;pa032​;20250620_093447;1;F8W2;-0,1718;1,4716;0,3148;-0,2196;-0,0764;0,0222;-0,9723;Collision avec Chemin2 - Objet Parent Plot2;False
3136,33;13.83;pa032​;20250620_093447;1;F8W2;-0,1746;1,4692;0,3270;-0,2187;-0,0779;0,0222;-0,9724;Collision avec Chemin2 - Objet Parent Plot2;False
3136,34;13.85;pa032​;20250620_093447;1;F8W2;-0,1774;1,4667;0,3395;-0,2177;-0,0792;0,0219;-0,9725;Collision avec Chemin2 - Objet Parent Plot2;False
3136,36;13.86;pa032​;20250620_093447;1;F8W2;-0,1800;1,4640;0,3520;-0,2167;-0,0803;0,0213;-0,9727;Collision avec Chemin2 - Objet Parent Plot2;False
3136,37;13.87;pa032​;20250620_093447;1;F8W2;-0,1825;1,4610;0,3647;-0,2161;-0,0808;0,0204;-0,9728;Collision avec Chemin2 - Objet Parent Plot2;False
3136,38;13.89;pa032​;20250620_093447;1;F8W2;-0,1849;1,4580;0,3774;-0,2165;-0,0808;0,0194;-0,9727;Collision avec Chemin2 - Objet Parent Plot2;False
3136,40;13.9;pa032​;20250620_093447;1;F8W2;-0,1871;1,4549;0,3900;-0,2183;-0,0802;0,0184;-0,9724;Collision avec Chemin2 - Objet Parent Plot2;False
3136,41;13.92;pa032​;20250620_093447;1;F8W2;-0,1891;1,4520;0,4026;-0,2222;-0,0792;0,0176;-0,9716;Collision avec Chemin2 - Objet Parent Plot2;False
3136,43;13.93;pa032​;20250620_093447;1;F8W2;-0,1908;1,4493;0,4151;-0,2271;-0,0777;0,0170;-0,9706;Collision avec Chemin2 - Objet Parent Plot2;False
3136,44;13.94;pa032​;20250620_093447;1;F8W2;-0,1924;1,4471;0,4275;-0,2330;-0,0763;0,0163;-0,9693;Collision avec Chemin2 - Objet Parent Plot2;False
3136,45;13.96;pa032​;20250620_093447;1;F8W2;-0,1937;1,4453;0,4403;-0,2380;-0,0743;0,0156;-0,9683;Collision avec Chemin2 - Objet Parent Plot2;False
3136,47;13.97;pa032​;20250620_093447;1;F8W2;-0,1948;1,4446;0,4537;-0,2407;-0,0716;0,0142;-0,9679;Collision avec Chemin2 - Objet Parent Plot2;False
3136,48;13.98;pa032​;20250620_093447;1;F8W2;-0,1955;1,4445;0,4672;-0,2402;-0,0683;0,0126;-0,9682;Collision avec Chemin2 - Objet Parent Plot2;False
3136,50;14.0;pa032​;20250620_093447;1;F8W2;-0,1962;1,4456;0,4813;-0,2394;-0,0656;0,0110;-0,9686;Collision avec Chemin2 - Objet Parent Plot2;False
3136,51;14.01;pa032​;20250620_093447;1;F8W2;-0,1965;1,4478;0,4963;-0,2380;-0,0627;0,0108;-0,9692;Collision avec Chemin2 - Objet Parent Plot2;False
3136,52;14.03;pa032​;20250620_093447;1;F8W2;-0,1967;1,4513;0,5123;-0,2366;-0,0614;0,0120;-0,9696;Collision avec Chemin2 - Objet Parent Plot2;False
3136,54;14.04;pa032​;20250620_093447;1;F8W2;-0,1965;1,4530;0,5273;-0,2258;-0,0606;0,0133;-0,9722;Collision avec Chemin2 - Objet Parent Plot2;False
3136,55;14.05;pa032​;20250620_093447;1;F8W2;-0,1963;1,4566;0,5418;-0,2262;-0,0609;0,0139;-0,9721;Collision avec Chemin2 - Objet Parent Plot2;False
3136,56;14.07;pa032​;20250620_093447;1;F8W2;-0,1960;1,4587;0,5559;-0,2227;-0,0616;0,0148;-0,9728;Collision avec Chemin2 - Objet Parent Plot2;False
3136,58;14.08;pa032​;20250620_093447;1;F8W2;-0,1963;1,4606;0,5698;-0,2208;-0,0633;0,0163;-0,9731;Collision avec Chemin2 - Objet Parent Plot2;False
3136,59;14.1;pa032​;20250620_093447;1;F8W2;-0,1966;1,4627;0,5834;-0,2223;-0,0658;0,0189;-0,9726;Collision avec Chemin2 - Objet Parent Plot2;False
3136,61;14.11;pa032​;20250620_093447;1;F8W2;-0,1971;1,4645;0,5977;-0,2233;-0,0692;0,0230;-0,9720;Collision avec Chemin2 - Objet Parent Plot2;False
3136,62;14.12;pa032​;20250620_093447;1;F8W2;-0,1977;1,4666;0,6119;-0,2232;-0,0736;0,0275;-0,9716;Collision avec Chemin2 - Objet Parent Plot2;False
3136,63;14.14;pa032​;20250620_093447;1;F8W2;-0,1984;1,4686;0,6262;-0,2236;-0,0777;0,0304;-0,9711;Collision avec Chemin2 - Objet Parent Plot2;False
3136,65;14.15;pa032​;20250620_093447;1;F8W2;-0,1994;1,4706;0,6401;-0,2264;-0,0811;0,0319;-0,9701;Collision avec Chemin2 - Objet Parent Plot2;False
3136,66;14.17;pa032​;20250620_093447;1;F8W2;-0,2007;1,4725;0,6540;-0,2298;-0,0838;0,0321;-0,9691;Collision avec Chemin2 - Objet Parent Plot2;False
3136,68;14.18;pa032​;20250620_093447;1;F8W2;-0,2023;1,4744;0,6678;-0,2334;-0,0860;0,0323;-0,9680;Collision avec Chemin2 - Objet Parent Plot2;False
3136,69;14.19;pa032​;20250620_093447;1;F8W2;-0,2039;1,4763;0,6817;-0,2374;-0,0880;0,0323;-0,9669;Collision avec Chemin2 - Objet Parent Plot2;False
3136,70;14.21;pa032​;20250620_093447;1;F8W2;-0,2056;1,4781;0,6956;-0,2403;-0,0899;0,0308;-0,9660;Collision avec Chemin2 - Objet Parent Plot2;False
3136,72;14.22;pa032​;20250620_093447;1;F8W2;-0,2074;1,4797;0,7095;-0,2426;-0,0913;0,0281;-0,9654;Collision avec Chemin2 - Objet Parent Plot2;False
3136,73;14.24;pa032​;20250620_093447;1;F8W2;-0,2093;1,4811;0,7235;-0,2434;-0,0921;0,0252;-0,9652;Collision avec Chemin2 - Objet Parent Plot2;False
3136,75;14.25;pa032​;20250620_093447;1;F8W2;-0,2113;1,4823;0,7377;-0,2438;-0,0929;0,0227;-0,9651;Collision avec Chemin2 - Objet Parent Plot2;False
3136,76;14.26;pa032​;20250620_093447;1;F8W2;-0,2134;1,4832;0,7519;-0,2434;-0,0938;0,0200;-0,9652;Collision avec Chemin2 - Objet Parent Plot2;False
3136,77;14.28;pa032​;20250620_093447;1;F8W2;-0,2154;1,4836;0,7661;-0,2429;-0,0941;0,0178;-0,9653;Collision avec Chemin2 - Objet Parent Plot2;False
3136,79;14.29;pa032​;20250620_093447;1;F8W2;-0,2173;1,4836;0,7801;-0,2428;-0,0943;0,0158;-0,9654;Collision avec Droite2 - Objet Parent Plot2;False
3136,80;14.3;pa032​;20250620_093447;1;F8W2;-0,2194;1,4833;0,7943;-0,2430;-0,0944;0,0140;-0,9653;Collision avec Droite2 - Objet Parent Plot2;False
3136,81;14.32;pa032​;20250620_093447;1;F8W2;-0,2216;1,4824;0,8087;-0,2438;-0,0944;0,0130;-0,9651;Collision avec Droite2 - Objet Parent Plot2;False
3136,83;14.33;pa032​;20250620_093447;1;F8W2;-0,2238;1,4812;0,8232;-0,2450;-0,0940;0,0119;-0,9649;Collision avec Droite2 - Objet Parent Plot2;False
3136,84;14.35;pa032​;20250620_093447;1;F8W2;-0,2260;1,4797;0,8378;-0,2463;-0,0934;0,0108;-0,9646;Collision avec Droite2 - Objet Parent Plot2;False
3136,86;14.36;pa032​;20250620_093447;1;F8W2;-0,2282;1,4779;0,8524;-0,2477;-0,0929;0,0099;-0,9643;Collision avec Droite2 - Objet Parent Plot2;False
3136,87;14.37;pa032​;20250620_093447;1;F8W2;-0,2303;1,4758;0,8672;-0,2487;-0,0921;0,0086;-0,9642;;False
3136,89;14.39;pa032​;20250620_093447;1;F8W2;-0,2324;1,4734;0,8819;-0,2490;-0,0910;0,0070;-0,9642;;False
3136,90;14.4;pa032​;20250620_093447;1;F8W2;-0,2347;1,4705;0,8964;-0,2489;-0,0902;0,0056;-0,9643;;False
3136,91;14.42;pa032​;20250620_093447;1;F8W2;-0,2369;1,4672;0,9105;-0,2495;-0,0895;0,0052;-0,9642;;False
3136,93;14.43;pa032​;20250620_093447;1;F8W2;-0,2391;1,4635;0,9242;-0,2508;-0,0897;0,0054;-0,9639;;False
3136,94;14.44;pa032​;20250620_093447;1;F8W2;-0,2414;1,4599;0,9376;-0,2527;-0,0905;0,0062;-0,9633;;False
3136,95;14.46;pa032​;20250620_093447;1;F8W2;-0,2438;1,4565;0,9507;-0,2565;-0,0921;0,0074;-0,9621;;False
3136,97;14.47;pa032​;20250620_093447;1;F8W2;-0,2462;1,4530;0,9636;-0,2589;-0,0940;0,0091;-0,9613;;False
3136,98;14.49;pa032​;20250620_093447;1;F8W2;-0,2488;1,4497;0,9761;-0,2605;-0,0962;0,0105;-0,9606;;False
3137,00;14.5;pa032​;20250620_093447;1;F8W2;-0,2515;1,4471;0,9885;-0,2625;-0,0984;0,0119;-0,9598;;False
3137,01;14.51;pa032​;20250620_093447;1;F8W2;-0,2542;1,4449;1,0009;-0,2634;-0,1008;0,0127;-0,9593;;False
3137,02;14.53;pa032​;20250620_093447;1;F8W2;-0,2568;1,4435;1,0136;-0,2647;-0,1041;0,0148;-0,9586;;False
3137,04;14.54;pa032​;20250620_093447;1;F8W2;-0,2593;1,4439;1,0268;-0,2694;-0,1088;0,0183;-0,9567;;False
3137,05;14.55;pa032​;20250620_093447;1;F8W2;-0,2620;1,4455;1,0407;-0,2743;-0,1141;0,0214;-0,9546;;False
3137,07;14.57;pa032​;20250620_093447;1;F8W2;-0,2648;1,4465;1,0541;-0,2707;-0,1193;0,0230;-0,9550;;False
3137,08;14.58;pa032​;20250620_093447;1;F8W2;-0,2678;1,4485;1,0675;-0,2723;-0,1232;0,0236;-0,9540;;False
3137,09;14.6;pa032​;20250620_093447;1;F8W2;-0,2709;1,4509;1,0807;-0,2738;-0,1257;0,0232;-0,9532;;False
3137,11;14.61;pa032​;20250620_093447;1;F8W2;-0,2736;1,4531;1,0938;-0,2731;-0,1268;0,0218;-0,9533;;False
3137,12;14.62;pa032​;20250620_093447;1;F8W2;-0,2762;1,4555;1,1069;-0,2732;-0,1282;0,0198;-0,9532;;False
3137,13;14.64;pa032​;20250620_093447;1;F8W2;-0,2786;1,4577;1,1197;-0,2725;-0,1289;0,0174;-0,9533;;False
3137,15;14.65;pa032​;20250620_093447;1;F8W2;-0,2807;1,4598;1,1325;-0,2725;-0,1300;0,0155;-0,9532;;False
3137,16;14.67;pa032​;20250620_093447;1;F8W2;-0,2826;1,4621;1,1451;-0,2733;-0,1309;0,0135;-0,9529;;False
3137,18;14.68;pa032​;20250620_093447;1;F8W2;-0,2842;1,4643;1,1577;-0,2745;-0,1315;0,0112;-0,9525;;False
3137,19;14.69;pa032​;20250620_093447;1;F8W2;-0,2856;1,4663;1,1702;-0,2760;-0,1317;0,0090;-0,9521;;False
3137,20;14.71;pa032​;20250620_093447;1;F8W2;-0,2867;1,4685;1,1825;-0,2787;-0,1317;0,0078;-0,9513;;False
3137,22;14.72;pa032​;20250620_093447;1;F8W2;-0,2876;1,4705;1,1948;-0,2814;-0,1314;0,0072;-0,9505;;False
3137,23;14.74;pa032​;20250620_093447;1;F8W2;-0,2882;1,4722;1,2070;-0,2833;-0,1315;0,0070;-0,9499;;False
3137,25;14.75;pa032​;20250620_093447;1;F8W2;-0,2885;1,4737;1,2191;-0,2849;-0,1317;0,0076;-0,9494;;False
3137,26;14.76;pa032​;20250620_093447;1;F8W2;-0,2885;1,4748;1,2309;-0,2862;-0,1323;0,0093;-0,9489;;False
3137,27;14.78;pa032​;20250620_093447;1;F8W2;-0,2881;1,4757;1,2427;-0,2876;-0,1333;0,0113;-0,9484;;False
3137,29;14.79;pa032​;20250620_093447;1;F8W2;-0,2874;1,4763;1,2543;-0,2890;-0,1344;0,0133;-0,9478;;False
3137,30;14.8;pa032​;20250620_093447;1;F8W2;-0,2863;1,4766;1,2658;-0,2901;-0,1355;0,0151;-0,9472;;False
3137,32;14.82;pa032​;20250620_093447;1;F8W2;-0,2849;1,4765;1,2771;-0,2912;-0,1369;0,0169;-0,9467;;False
3137,33;14.83;pa032​;20250620_093447;1;F8W2;-0,2833;1,4760;1,2884;-0,2925;-0,1387;0,0182;-0,9460;;False
3137,34;14.85;pa032​;20250620_093447;1;F8W2;-0,2815;1,4753;1,2996;-0,2945;-0,1407;0,0194;-0,9450;;False
3137,36;14.86;pa032​;20250620_093447;1;F8W2;-0,2794;1,4742;1,3107;-0,2971;-0,1431;0,0203;-0,9438;;False
3137,37;14.88;pa032​;20250620_093447;1;F8W2;-0,2772;1,4728;1,3218;-0,3001;-0,1456;0,0209;-0,9425;;False
3137,38;14.89;pa032​;20250620_093447;1;F8W2;-0,2748;1,4713;1,3329;-0,3031;-0,1482;0,0208;-0,9411;;False
3137,40;14.9;pa032​;20250620_093447;1;F8W2;-0,2721;1,4697;1,3441;-0,3061;-0,1500;0,0211;-0,9399;;False
3137,41;14.92;pa032​;20250620_093447;1;F8W2;-0,2692;1,4679;1,3553;-0,3088;-0,1521;0,0208;-0,9387;;False
3137,43;14.93;pa032​;20250620_093447;1;F8W2;-0,2662;1,4661;1,3665;-0,3112;-0,1537;0,0200;-0,9376;;False
3137,44;14.95;pa032​;20250620_093447;1;F8W2;-0,2630;1,4641;1,3776;-0,3127;-0,1548;0,0186;-0,9370;;False
3137,45;14.96;pa032​;20250620_093447;1;F8W2;-0,2596;1,4618;1,3890;-0,3136;-0,1558;0,0170;-0,9365;;False
3137,47;14.97;pa032​;20250620_093447;1;F8W2;-0,2561;1,4594;1,4004;-0,3140;-0,1562;0,0157;-0,9363;;False
3137,48;14.99;pa032​;20250620_093447;1;F8W2;-0,2524;1,4565;1,4118;-0,3133;-0,1566;0,0139;-0,9366;;False
3137,50;15.0;pa032​;20250620_093447;1;F8W2;-0,2487;1,4536;1,4228;-0,3129;-0,1566;0,0121;-0,9367;;False
3137,51;15.01;pa032​;20250620_093447;1;F8W2;-0,2447;1,4504;1,4336;-0,3134;-0,1554;0,0099;-0,9368;;False
3137,53;15.03;pa032​;20250620_093447;1;F8W2;-0,2408;1,4476;1,4442;-0,3161;-0,1536;0,0081;-0,9362;;False
3137,54;15.04;pa032​;20250620_093447;1;F8W2;-0,2367;1,4448;1,4548;-0,3189;-0,1517;0,0065;-0,9355;;False
3137,55;15.05;pa032​;20250620_093447;1;F8W2;-0,2322;1,4425;1,4657;-0,3216;-0,1491;0,0051;-0,9351;;False
3137,57;15.07;pa032​;20250620_093447;1;F8W2;-0,2275;1,4408;1,4769;-0,3228;-0,1462;0,0039;-0,9351;;False
3137,58;15.08;pa032​;20250620_093447;1;F8W2;-0,2224;1,4395;1,4883;-0,3214;-0,1430;0,0029;-0,9361;;False
3137,59;15.1;pa032​;20250620_093447;1;F8W2;-0,2171;1,4386;1,5001;-0,3177;-0,1395;0,0017;-0,9379;;False
3137,61;15.11;pa032​;20250620_093447;1;F8W2;-0,2115;1,4381;1,5118;-0,3127;-0,1354;0,0006;-0,9402;;False
3137,62;15.12;pa032​;20250620_093447;1;F8W2;-0,2058;1,4379;1,5232;-0,3078;-0,1312;-0,0006;-0,9424;;False
