Timestamp;ElapsedTime;ID_Subject;ID_Session;sessionNumber;ID_Test;HeadPosition_X;HeadPosition_Y;HeadPosition_Z;HeadRotation_X;HeadRotation_Y;HeadRotation_Z;HeadRotation_W;Events;FalseStart
1570,83;0.0;pa016​;20250417_161114;1;TUG2;0,0438;1,2509;-0,2829;0,0825;0,0254;-0,0193;-0,9961;;False
1570,84;0.01;pa016​;20250417_161114;1;TUG2;0,0438;1,2509;-0,2829;0,0823;0,0254;-0,0191;-0,9961;;False
1570,88;0.06;pa016​;20250417_161114;1;TUG2;0,0440;1,2508;-0,2830;0,0820;0,0251;-0,0188;-0,9961;;False
1570,90;0.07;pa016​;20250417_161114;1;TUG2;0,0441;1,2508;-0,2830;0,0820;0,0250;-0,0188;-0,9961;;False
1570,91;0.08;pa016​;20250417_161114;1;TUG2;0,0441;1,2508;-0,2830;0,0820;0,0247;-0,0187;-0,9961;;False
1570,92;0.1;pa016​;20250417_161114;1;TUG2;0,0441;1,2508;-0,2830;0,0820;0,0247;-0,0188;-0,9961;;False
1570,94;0.11;pa016​;20250417_161114;1;TUG2;0,0442;1,2508;-0,2830;0,0820;0,0246;-0,0188;-0,9961;;False
1570,95;0.12;pa016​;20250417_161114;1;TUG2;0,0442;1,2508;-0,2830;0,0821;0,0247;-0,0188;-0,9961;;False
1570,96;0.14;pa016​;20250417_161114;1;TUG2;0,0442;1,2508;-0,2830;0,0821;0,0247;-0,0188;-0,9961;;False
1570,98;0.15;pa016​;20250417_161114;1;TUG2;0,0442;1,2508;-0,2830;0,0821;0,0247;-0,0188;-0,9961;;False
1570,99;0.17;pa016​;20250417_161114;1;TUG2;0,0442;1,2508;-0,2830;0,0821;0,0248;-0,0187;-0,9961;;False
1571,01;0.18;pa016​;20250417_161114;1;TUG2;0,0442;1,2507;-0,2830;0,0820;0,0250;-0,0188;-0,9961;;False
1571,02;0.2;pa016​;20250417_161114;1;TUG2;0,0441;1,2507;-0,2830;0,0819;0,0251;-0,0188;-0,9961;;False
1571,03;0.21;pa016​;20250417_161114;1;TUG2;0,0441;1,2507;-0,2830;0,0818;0,0253;-0,0188;-0,9961;;False
1571,05;0.22;pa016​;20250417_161114;1;TUG2;0,0442;1,2508;-0,2830;0,0818;0,0253;-0,0187;-0,9962;;False
1571,06;0.24;pa016​;20250417_161114;1;TUG2;0,0442;1,2508;-0,2830;0,0818;0,0253;-0,0187;-0,9962;;False
1571,08;0.25;pa016​;20250417_161114;1;TUG2;0,0442;1,2508;-0,2830;0,0817;0,0252;-0,0187;-0,9962;;False
1571,09;0.27;pa016​;20250417_161114;1;TUG2;0,0442;1,2508;-0,2830;0,0818;0,0251;-0,0186;-0,9962;;False
1571,10;0.28;pa016​;20250417_161114;1;TUG2;0,0443;1,2508;-0,2830;0,0818;0,0250;-0,0186;-0,9962;;False
1571,12;0.29;pa016​;20250417_161114;1;TUG2;0,0443;1,2509;-0,2830;0,0817;0,0249;-0,0185;-0,9962;;False
1571,13;0.31;pa016​;20250417_161114;1;TUG2;0,0443;1,2510;-0,2830;0,0817;0,0247;-0,0185;-0,9962;;False
1571,15;0.32;pa016​;20250417_161114;1;TUG2;0,0444;1,2510;-0,2830;0,0816;0,0246;-0,0185;-0,9962;;False
1571,16;0.33;pa016​;20250417_161114;1;TUG2;0,0444;1,2510;-0,2830;0,0816;0,0244;-0,0185;-0,9962;;False
1571,17;0.35;pa016​;20250417_161114;1;TUG2;0,0444;1,2510;-0,2830;0,0816;0,0243;-0,0186;-0,9962;;False
1571,19;0.36;pa016​;20250417_161114;1;TUG2;0,0445;1,2510;-0,2830;0,0816;0,0243;-0,0186;-0,9962;;False
1571,20;0.38;pa016​;20250417_161114;1;TUG2;0,0445;1,2511;-0,2830;0,0816;0,0243;-0,0187;-0,9962;;False
1571,22;0.39;pa016​;20250417_161114;1;TUG2;0,0445;1,2511;-0,2830;0,0816;0,0245;-0,0188;-0,9962;;False
1571,23;0.4;pa016​;20250417_161114;1;TUG2;0,0445;1,2511;-0,2830;0,0814;0,0246;-0,0188;-0,9962;;False
1571,24;0.42;pa016​;20250417_161114;1;TUG2;0,0445;1,2511;-0,2830;0,0815;0,0248;-0,0188;-0,9962;;False
1571,26;0.43;pa016​;20250417_161114;1;TUG2;0,0445;1,2511;-0,2830;0,0817;0,0252;-0,0190;-0,9962;;False
1571,27;0.44;pa016​;20250417_161114;1;TUG2;0,0445;1,2512;-0,2830;0,0819;0,0253;-0,0189;-0,9961;;False
1571,29;0.46;pa016​;20250417_161114;1;TUG2;0,0445;1,2512;-0,2829;0,0818;0,0253;-0,0186;-0,9962;;False
1571,30;0.47;pa016​;20250417_161114;1;TUG2;0,0445;1,2511;-0,2829;0,0819;0,0254;-0,0182;-0,9962;;False
1571,31;0.49;pa016​;20250417_161114;1;TUG2;0,0446;1,2511;-0,2829;0,0817;0,0254;-0,0181;-0,9962;;False
1571,33;0.5;pa016​;20250417_161114;1;TUG2;0,0446;1,2512;-0,2828;0,0816;0,0255;-0,0181;-0,9962;;False
1571,34;0.51;pa016​;20250417_161114;1;TUG2;0,0446;1,2511;-0,2828;0,0816;0,0255;-0,0181;-0,9962;;False
1571,36;0.53;pa016​;20250417_161114;1;TUG2;0,0446;1,2510;-0,2828;0,0810;0,0254;-0,0183;-0,9962;;False
1571,38;0.56;pa016​;20250417_161114;1;TUG2;0,0447;1,2509;-0,2827;0,0805;0,0254;-0,0183;-0,9963;;False
1571,40;0.57;pa016​;20250417_161114;1;TUG2;0,0447;1,2509;-0,2827;0,0802;0,0254;-0,0185;-0,9963;;False
1571,41;0.58;pa016​;20250417_161114;1;TUG2;0,0448;1,2508;-0,2827;0,0799;0,0252;-0,0185;-0,9963;;False
1571,42;0.6;pa016​;20250417_161114;1;TUG2;0,0448;1,2508;-0,2827;0,0798;0,0252;-0,0184;-0,9963;;False
1571,44;0.61;pa016​;20250417_161114;1;TUG2;0,0449;1,2508;-0,2827;0,0797;0,0252;-0,0184;-0,9963;;False
1571,45;0.62;pa016​;20250417_161114;1;TUG2;0,0449;1,2507;-0,2827;0,0797;0,0253;-0,0184;-0,9963;;False
1571,46;0.64;pa016​;20250417_161114;1;TUG2;0,0450;1,2507;-0,2827;0,0794;0,0252;-0,0185;-0,9964;;False
1571,48;0.65;pa016​;20250417_161114;1;TUG2;0,0450;1,2507;-0,2827;0,0794;0,0252;-0,0186;-0,9963;;False
1571,49;0.67;pa016​;20250417_161114;1;TUG2;0,0450;1,2507;-0,2827;0,0793;0,0253;-0,0186;-0,9964;;False
1571,51;0.68;pa016​;20250417_161114;1;TUG2;0,0451;1,2507;-0,2827;0,0792;0,0254;-0,0185;-0,9964;;False
1571,52;0.69;pa016​;20250417_161114;1;TUG2;0,0451;1,2507;-0,2827;0,0792;0,0254;-0,0184;-0,9964;;False
1571,53;0.71;pa016​;20250417_161114;1;TUG2;0,0451;1,2507;-0,2827;0,0792;0,0254;-0,0183;-0,9964;;False
1571,55;0.72;pa016​;20250417_161114;1;TUG2;0,0452;1,2507;-0,2826;0,0792;0,0253;-0,0182;-0,9964;;False
1571,56;0.74;pa016​;20250417_161114;1;TUG2;0,0452;1,2507;-0,2826;0,0791;0,0253;-0,0182;-0,9964;;False
1571,58;0.75;pa016​;20250417_161114;1;TUG2;0,0452;1,2507;-0,2826;0,0791;0,0253;-0,0182;-0,9964;;False
1571,59;0.77;pa016​;20250417_161114;1;TUG2;0,0452;1,2507;-0,2826;0,0790;0,0253;-0,0183;-0,9964;;False
1571,60;0.78;pa016​;20250417_161114;1;TUG2;0,0452;1,2507;-0,2826;0,0790;0,0253;-0,0183;-0,9964;;False
1571,62;0.79;pa016​;20250417_161114;1;TUG2;0,0452;1,2507;-0,2826;0,0790;0,0253;-0,0184;-0,9964;;False
1571,63;0.81;pa016​;20250417_161114;1;TUG2;0,0452;1,2507;-0,2826;0,0789;0,0254;-0,0184;-0,9964;;False
1571,65;0.82;pa016​;20250417_161114;1;TUG2;0,0452;1,2507;-0,2826;0,0789;0,0255;-0,0185;-0,9964;;False
1571,66;0.83;pa016​;20250417_161114;1;TUG2;0,0452;1,2506;-0,2826;0,0789;0,0257;-0,0185;-0,9964;;False
1571,67;0.85;pa016​;20250417_161114;1;TUG2;0,0452;1,2506;-0,2826;0,0788;0,0259;-0,0185;-0,9964;;False
1571,69;0.86;pa016​;20250417_161114;1;TUG2;0,0452;1,2506;-0,2827;0,0788;0,0259;-0,0185;-0,9964;;False
1571,70;0.88;pa016​;20250417_161114;1;TUG2;0,0452;1,2507;-0,2827;0,0788;0,0260;-0,0184;-0,9964;;False
1571,72;0.89;pa016​;20250417_161114;1;TUG2;0,0452;1,2507;-0,2827;0,0788;0,0261;-0,0184;-0,9964;;False
1571,73;0.9;pa016​;20250417_161114;1;TUG2;0,0452;1,2507;-0,2827;0,0788;0,0261;-0,0184;-0,9964;;False
1571,74;0.92;pa016​;20250417_161114;1;TUG2;0,0452;1,2507;-0,2827;0,0788;0,0261;-0,0184;-0,9964;;False
1571,76;0.93;pa016​;20250417_161114;1;TUG2;0,0452;1,2508;-0,2827;0,0790;0,0259;-0,0183;-0,9964;;False
1571,77;0.94;pa016​;20250417_161114;1;TUG2;0,0452;1,2508;-0,2828;0,0796;0,0260;-0,0180;-0,9963;;False
1571,78;0.96;pa016​;20250417_161114;1;TUG2;0,0452;1,2509;-0,2828;0,0795;0,0261;-0,0182;-0,9963;;False
1571,80;0.97;pa016​;20250417_161114;1;TUG2;0,0452;1,2508;-0,2829;0,0795;0,0261;-0,0182;-0,9963;;False
1571,81;0.99;pa016​;20250417_161114;1;TUG2;0,0452;1,2508;-0,2829;0,0795;0,0262;-0,0182;-0,9963;;False
1571,83;1.0;pa016​;20250417_161114;1;TUG2;0,0452;1,2509;-0,2830;0,0795;0,0261;-0,0182;-0,9963;;False
1571,84;1.01;pa016​;20250417_161114;1;TUG2;0,0452;1,2508;-0,2830;0,0796;0,0261;-0,0183;-0,9963;;False
1571,85;1.03;pa016​;20250417_161114;1;TUG2;0,0452;1,2508;-0,2831;0,0796;0,0260;-0,0183;-0,9963;;False
1571,87;1.04;pa016​;20250417_161114;1;TUG2;0,0453;1,2508;-0,2832;0,0797;0,0259;-0,0183;-0,9963;;False
1571,88;1.06;pa016​;20250417_161114;1;TUG2;0,0453;1,2508;-0,2833;0,0797;0,0258;-0,0183;-0,9963;;False
1571,90;1.07;pa016​;20250417_161114;1;TUG2;0,0453;1,2508;-0,2834;0,0798;0,0258;-0,0183;-0,9963;;False
1571,91;1.08;pa016​;20250417_161114;1;TUG2;0,0453;1,2509;-0,2835;0,0800;0,0258;-0,0182;-0,9963;;False
1571,92;1.1;pa016​;20250417_161114;1;TUG2;0,0453;1,2510;-0,2836;0,0802;0,0258;-0,0182;-0,9963;;False
1571,94;1.11;pa016​;20250417_161114;1;TUG2;0,0452;1,2510;-0,2837;0,0802;0,0259;-0,0182;-0,9963;;False
1571,95;1.13;pa016​;20250417_161114;1;TUG2;0,0452;1,2510;-0,2838;0,0805;0,0260;-0,0182;-0,9962;;False
1571,97;1.14;pa016​;20250417_161114;1;TUG2;0,0452;1,2511;-0,2838;0,0807;0,0261;-0,0184;-0,9962;;False
1571,98;1.15;pa016​;20250417_161114;1;TUG2;0,0452;1,2512;-0,2839;0,0810;0,0262;-0,0183;-0,9962;;False
1571,99;1.17;pa016​;20250417_161114;1;TUG2;0,0452;1,2512;-0,2839;0,0812;0,0262;-0,0181;-0,9962;;False
1572,01;1.18;pa016​;20250417_161114;1;TUG2;0,0452;1,2513;-0,2839;0,0814;0,0262;-0,0178;-0,9962;;False
1572,02;1.2;pa016​;20250417_161114;1;TUG2;0,0452;1,2514;-0,2840;0,0816;0,0262;-0,0179;-0,9962;;False
1572,03;1.21;pa016​;20250417_161114;1;TUG2;0,0452;1,2514;-0,2840;0,0819;0,0262;-0,0179;-0,9961;;False
1572,05;1.22;pa016​;20250417_161114;1;TUG2;0,0452;1,2515;-0,2841;0,0821;0,0262;-0,0180;-0,9961;;False
1572,06;1.24;pa016​;20250417_161114;1;TUG2;0,0452;1,2515;-0,2841;0,0823;0,0263;-0,0181;-0,9961;;False
1572,08;1.25;pa016​;20250417_161114;1;TUG2;0,0451;1,2516;-0,2841;0,0824;0,0263;-0,0180;-0,9961;;False
1572,09;1.26;pa016​;20250417_161114;1;TUG2;0,0451;1,2516;-0,2842;0,0825;0,0263;-0,0180;-0,9961;;False
1572,10;1.28;pa016​;20250417_161114;1;TUG2;0,0451;1,2516;-0,2842;0,0828;0,0264;-0,0181;-0,9961;;False
1572,12;1.29;pa016​;20250417_161114;1;TUG2;0,0451;1,2517;-0,2843;0,0828;0,0263;-0,0182;-0,9960;;False
1572,13;1.31;pa016​;20250417_161114;1;TUG2;0,0451;1,2517;-0,2844;0,0828;0,0263;-0,0181;-0,9961;;False
1572,15;1.32;pa016​;20250417_161114;1;TUG2;0,0451;1,2517;-0,2845;0,0829;0,0263;-0,0182;-0,9960;;False
1572,16;1.33;pa016​;20250417_161114;1;TUG2;0,0451;1,2518;-0,2845;0,0830;0,0263;-0,0182;-0,9960;;False
1572,17;1.35;pa016​;20250417_161114;1;TUG2;0,0451;1,2518;-0,2846;0,0834;0,0263;-0,0183;-0,9960;;False
1572,19;1.36;pa016​;20250417_161114;1;TUG2;0,0451;1,2519;-0,2847;0,0838;0,0264;-0,0183;-0,9960;;False
1572,20;1.38;pa016​;20250417_161114;1;TUG2;0,0451;1,2519;-0,2848;0,0842;0,0265;-0,0183;-0,9959;;False
1572,22;1.39;pa016​;20250417_161114;1;TUG2;0,0451;1,2520;-0,2848;0,0845;0,0266;-0,0181;-0,9959;;False
1572,23;1.4;pa016​;20250417_161114;1;TUG2;0,0451;1,2520;-0,2849;0,0847;0,0266;-0,0179;-0,9959;;False
1572,24;1.42;pa016​;20250417_161114;1;TUG2;0,0452;1,2520;-0,2850;0,0851;0,0266;-0,0178;-0,9959;;False
1572,26;1.43;pa016​;20250417_161114;1;TUG2;0,0452;1,2520;-0,2850;0,0850;0,0265;-0,0176;-0,9959;;False
1572,27;1.44;pa016​;20250417_161114;1;TUG2;0,0453;1,2520;-0,2851;0,0850;0,0265;-0,0175;-0,9959;;False
1572,28;1.46;pa016​;20250417_161114;1;TUG2;0,0453;1,2520;-0,2851;0,0851;0,0264;-0,0174;-0,9959;;False
1572,30;1.47;pa016​;20250417_161114;1;TUG2;0,0453;1,2520;-0,2852;0,0852;0,0263;-0,0175;-0,9959;;False
1572,31;1.49;pa016​;20250417_161114;1;TUG2;0,0453;1,2521;-0,2852;0,0853;0,0263;-0,0176;-0,9959;;False
1572,33;1.5;pa016​;20250417_161114;1;TUG2;0,0453;1,2521;-0,2853;0,0859;0,0262;-0,0176;-0,9958;;False
1572,34;1.51;pa016​;20250417_161114;1;TUG2;0,0454;1,2522;-0,2854;0,0862;0,0262;-0,0176;-0,9958;;False
1572,35;1.53;pa016​;20250417_161114;1;TUG2;0,0454;1,2522;-0,2854;0,0865;0,0262;-0,0176;-0,9958;;False
1572,37;1.54;pa016​;20250417_161114;1;TUG2;0,0454;1,2523;-0,2854;0,0871;0,0262;-0,0176;-0,9957;;False
1572,38;1.56;pa016​;20250417_161114;1;TUG2;0,0454;1,2525;-0,2855;0,0874;0,0263;-0,0175;-0,9957;;False
1572,40;1.57;pa016​;20250417_161114;1;TUG2;0,0454;1,2526;-0,2855;0,0880;0,0263;-0,0176;-0,9956;;False
1572,41;1.58;pa016​;20250417_161114;1;TUG2;0,0455;1,2527;-0,2855;0,0885;0,0264;-0,0175;-0,9956;;False
1572,42;1.6;pa016​;20250417_161114;1;TUG2;0,0455;1,2528;-0,2855;0,0892;0,0265;-0,0174;-0,9955;;False
1572,44;1.61;pa016​;20250417_161114;1;TUG2;0,0455;1,2529;-0,2855;0,0897;0,0265;-0,0172;-0,9955;;False
1572,45;1.63;pa016​;20250417_161114;1;TUG2;0,0456;1,2530;-0,2856;0,0901;0,0266;-0,0170;-0,9954;;False
1572,47;1.64;pa016​;20250417_161114;1;TUG2;0,0456;1,2530;-0,2856;0,0905;0,0265;-0,0170;-0,9954;;False
1572,48;1.65;pa016​;20250417_161114;1;TUG2;0,0457;1,2531;-0,2856;0,0912;0,0264;-0,0168;-0,9953;;False
1572,49;1.67;pa016​;20250417_161114;1;TUG2;0,0457;1,2532;-0,2857;0,0917;0,0263;-0,0167;-0,9953;;False
1572,51;1.68;pa016​;20250417_161114;1;TUG2;0,0458;1,2533;-0,2857;0,0925;0,0262;-0,0168;-0,9952;;False
1572,52;1.7;pa016​;20250417_161114;1;TUG2;0,0458;1,2535;-0,2857;0,0934;0,0262;-0,0167;-0,9951;;False
1572,53;1.71;pa016​;20250417_161114;1;TUG2;0,0459;1,2536;-0,2858;0,0940;0,0260;-0,0168;-0,9951;;False
1572,55;1.72;pa016​;20250417_161114;1;TUG2;0,0459;1,2537;-0,2858;0,0949;0,0261;-0,0167;-0,9950;;False
1572,58;1.75;pa016​;20250417_161114;1;TUG2;0,0461;1,2539;-0,2859;0,0962;0,0260;-0,0167;-0,9949;;False
1572,59;1.76;pa016​;20250417_161114;1;TUG2;0,0462;1,2540;-0,2860;0,0968;0,0260;-0,0167;-0,9948;;False
1572,60;1.78;pa016​;20250417_161114;1;TUG2;0,0462;1,2541;-0,2861;0,0973;0,0260;-0,0166;-0,9948;;False
1572,62;1.79;pa016​;20250417_161114;1;TUG2;0,0463;1,2542;-0,2862;0,0979;0,0260;-0,0166;-0,9947;;False
1572,63;1.81;pa016​;20250417_161114;1;TUG2;0,0463;1,2543;-0,2862;0,0985;0,0260;-0,0164;-0,9947;;False
1572,65;1.82;pa016​;20250417_161114;1;TUG2;0,0464;1,2544;-0,2862;0,0990;0,0260;-0,0164;-0,9946;;False
1572,66;1.83;pa016​;20250417_161114;1;TUG2;0,0464;1,2545;-0,2863;0,0994;0,0260;-0,0162;-0,9946;;False
1572,67;1.85;pa016​;20250417_161114;1;TUG2;0,0465;1,2545;-0,2863;0,0998;0,0260;-0,0164;-0,9945;;False
1572,69;1.86;pa016​;20250417_161114;1;TUG2;0,0466;1,2546;-0,2862;0,1003;0,0260;-0,0164;-0,9945;;False
1572,70;1.88;pa016​;20250417_161114;1;TUG2;0,0466;1,2547;-0,2862;0,1008;0,0258;-0,0160;-0,9944;;False
1572,72;1.89;pa016​;20250417_161114;1;TUG2;0,0468;1,2547;-0,2862;0,1010;0,0257;-0,0157;-0,9944;;False
1572,73;1.9;pa016​;20250417_161114;1;TUG2;0,0469;1,2547;-0,2861;0,1012;0,0256;-0,0155;-0,9944;;False
1572,74;1.92;pa016​;20250417_161114;1;TUG2;0,0469;1,2547;-0,2860;0,1013;0,0253;-0,0155;-0,9944;;False
1572,76;1.93;pa016​;20250417_161114;1;TUG2;0,0470;1,2546;-0,2859;0,1012;0,0252;-0,0154;-0,9944;;False
1572,77;1.94;pa016​;20250417_161114;1;TUG2;0,0470;1,2546;-0,2858;0,1007;0,0251;-0,0153;-0,9945;;False
1572,78;1.96;pa016​;20250417_161114;1;TUG2;0,0471;1,2547;-0,2858;0,1004;0,0250;-0,0154;-0,9945;;False
1572,80;1.97;pa016​;20250417_161114;1;TUG2;0,0471;1,2547;-0,2857;0,0998;0,0250;-0,0155;-0,9946;;False
1572,81;1.99;pa016​;20250417_161114;1;TUG2;0,0471;1,2546;-0,2855;0,0991;0,0250;-0,0156;-0,9946;;False
1572,83;2.0;pa016​;20250417_161114;1;TUG2;0,0472;1,2545;-0,2854;0,0983;0,0249;-0,0158;-0,9947;;False
1572,84;2.01;pa016​;20250417_161114;1;TUG2;0,0472;1,2543;-0,2853;0,0977;0,0249;-0,0160;-0,9948;;False
1572,85;2.03;pa016​;20250417_161114;1;TUG2;0,0473;1,2541;-0,2853;0,0970;0,0248;-0,0159;-0,9949;;False
1572,87;2.04;pa016​;20250417_161114;1;TUG2;0,0473;1,2539;-0,2851;0,0965;0,0247;-0,0159;-0,9949;;False
1572,88;2.06;pa016​;20250417_161114;1;TUG2;0,0474;1,2538;-0,2849;0,0962;0,0247;-0,0159;-0,9949;;False
1572,90;2.07;pa016​;20250417_161114;1;TUG2;0,0475;1,2537;-0,2848;0,0957;0,0246;-0,0160;-0,9950;;False
1572,91;2.08;pa016​;20250417_161114;1;TUG2;0,0475;1,2535;-0,2847;0,0954;0,0245;-0,0159;-0,9950;;False
1572,92;2.1;pa016​;20250417_161114;1;TUG2;0,0476;1,2533;-0,2846;0,0949;0,0243;-0,0158;-0,9951;;False
1572,94;2.11;pa016​;20250417_161114;1;TUG2;0,0477;1,2532;-0,2844;0,0947;0,0241;-0,0156;-0,9951;;False
1572,95;2.13;pa016​;20250417_161114;1;TUG2;0,0478;1,2531;-0,2843;0,0945;0,0240;-0,0154;-0,9951;;False
1572,97;2.14;pa016​;20250417_161114;1;TUG2;0,0479;1,2530;-0,2842;0,0942;0,0237;-0,0152;-0,9952;;False
1572,98;2.15;pa016​;20250417_161114;1;TUG2;0,0480;1,2530;-0,2841;0,0939;0,0234;-0,0151;-0,9952;;False
1572,99;2.17;pa016​;20250417_161114;1;TUG2;0,0482;1,2529;-0,2840;0,0938;0,0232;-0,0150;-0,9952;;False
1573,01;2.18;pa016​;20250417_161114;1;TUG2;0,0483;1,2529;-0,2840;0,0937;0,0228;-0,0149;-0,9952;;False
1573,02;2.2;pa016​;20250417_161114;1;TUG2;0,0483;1,2529;-0,2839;0,0937;0,0226;-0,0149;-0,9952;;False
1573,03;2.21;pa016​;20250417_161114;1;TUG2;0,0484;1,2529;-0,2838;0,0937;0,0224;-0,0150;-0,9952;;False
1573,05;2.22;pa016​;20250417_161114;1;TUG2;0,0484;1,2529;-0,2838;0,0937;0,0225;-0,0150;-0,9952;;False
1573,06;2.24;pa016​;20250417_161114;1;TUG2;0,0485;1,2529;-0,2838;0,0937;0,0223;-0,0150;-0,9952;;False
1573,08;2.25;pa016​;20250417_161114;1;TUG2;0,0485;1,2529;-0,2837;0,0937;0,0224;-0,0149;-0,9952;;False
1573,09;2.27;pa016​;20250417_161114;1;TUG2;0,0486;1,2529;-0,2836;0,0936;0,0223;-0,0148;-0,9952;;False
1573,10;2.28;pa016​;20250417_161114;1;TUG2;0,0486;1,2529;-0,2836;0,0936;0,0223;-0,0147;-0,9952;;False
1573,12;2.29;pa016​;20250417_161114;1;TUG2;0,0487;1,2528;-0,2836;0,0935;0,0223;-0,0147;-0,9953;;False
1573,13;2.31;pa016​;20250417_161114;1;TUG2;0,0487;1,2527;-0,2836;0,0933;0,0223;-0,0148;-0,9953;;False
1573,15;2.32;pa016​;20250417_161114;1;TUG2;0,0488;1,2527;-0,2835;0,0930;0,0224;-0,0147;-0,9953;;False
1573,16;2.33;pa016​;20250417_161114;1;TUG2;0,0488;1,2526;-0,2834;0,0928;0,0223;-0,0146;-0,9953;;False
1573,17;2.35;pa016​;20250417_161114;1;TUG2;0,0489;1,2525;-0,2834;0,0925;0,0223;-0,0148;-0,9954;;False
1573,19;2.36;pa016​;20250417_161114;1;TUG2;0,0489;1,2524;-0,2834;0,0923;0,0221;-0,0147;-0,9954;;False
1573,20;2.38;pa016​;20250417_161114;1;TUG2;0,0490;1,2523;-0,2833;0,0920;0,0220;-0,0146;-0,9954;;False
1573,22;2.39;pa016​;20250417_161114;1;TUG2;0,0490;1,2522;-0,2832;0,0917;0,0219;-0,0147;-0,9954;;False
1573,23;2.4;pa016​;20250417_161114;1;TUG2;0,0491;1,2522;-0,2832;0,0915;0,0218;-0,0147;-0,9955;;False
1573,24;2.42;pa016​;20250417_161114;1;TUG2;0,0492;1,2521;-0,2832;0,0912;0,0217;-0,0146;-0,9955;;False
1573,26;2.43;pa016​;20250417_161114;1;TUG2;0,0492;1,2520;-0,2831;0,0910;0,0215;-0,0145;-0,9955;;False
1573,27;2.44;pa016​;20250417_161114;1;TUG2;0,0493;1,2520;-0,2831;0,0910;0,0216;-0,0146;-0,9955;;False
1573,28;2.46;pa016​;20250417_161114;1;TUG2;0,0493;1,2520;-0,2831;0,0909;0,0214;-0,0145;-0,9955;;False
1573,30;2.47;pa016​;20250417_161114;1;TUG2;0,0493;1,2520;-0,2831;0,0909;0,0214;-0,0145;-0,9955;;False
1573,31;2.49;pa016​;20250417_161114;1;TUG2;0,0493;1,2519;-0,2831;0,0908;0,0213;-0,0144;-0,9955;;False
1573,33;2.5;pa016​;20250417_161114;1;TUG2;0,0493;1,2519;-0,2832;0,0909;0,0214;-0,0145;-0,9955;;False
1573,34;2.51;pa016​;20250417_161114;1;TUG2;0,0493;1,2518;-0,2832;0,0909;0,0214;-0,0145;-0,9955;;False
1573,35;2.53;pa016​;20250417_161114;1;TUG2;0,0493;1,2518;-0,2832;0,0908;0,0214;-0,0146;-0,9955;;False
1573,37;2.54;pa016​;20250417_161114;1;TUG2;0,0494;1,2518;-0,2832;0,0907;0,0215;-0,0145;-0,9955;;False
1573,38;2.56;pa016​;20250417_161114;1;TUG2;0,0494;1,2518;-0,2832;0,0908;0,0214;-0,0145;-0,9955;;False
1573,40;2.57;pa016​;20250417_161114;1;TUG2;0,0495;1,2518;-0,2831;0,0909;0,0214;-0,0144;-0,9955;;False
1573,41;2.58;pa016​;20250417_161114;1;TUG2;0,0496;1,2518;-0,2830;0,0910;0,0212;-0,0142;-0,9955;;False
1573,42;2.6;pa016​;20250417_161114;1;TUG2;0,0496;1,2518;-0,2830;0,0909;0,0209;-0,0138;-0,9955;;False
1573,44;2.61;pa016​;20250417_161114;1;TUG2;0,0496;1,2517;-0,2829;0,0908;0,0206;-0,0138;-0,9956;;False
1573,45;2.63;pa016​;20250417_161114;1;TUG2;0,0497;1,2516;-0,2829;0,0905;0,0206;-0,0137;-0,9956;;False
1573,47;2.64;pa016​;20250417_161114;1;TUG2;0,0497;1,2515;-0,2829;0,0902;0,0204;-0,0137;-0,9956;;False
1573,48;2.65;pa016​;20250417_161114;1;TUG2;0,0497;1,2513;-0,2828;0,0899;0,0203;-0,0139;-0,9956;;False
1573,49;2.67;pa016​;20250417_161114;1;TUG2;0,0497;1,2512;-0,2828;0,0897;0,0203;-0,0140;-0,9957;;False
1573,51;2.68;pa016​;20250417_161114;1;TUG2;0,0497;1,2512;-0,2828;0,0894;0,0203;-0,0142;-0,9957;;False
1573,52;2.69;pa016​;20250417_161114;1;TUG2;0,0497;1,2511;-0,2827;0,0891;0,0202;-0,0145;-0,9957;;False
1573,53;2.71;pa016​;20250417_161114;1;TUG2;0,0498;1,2511;-0,2826;0,0891;0,0202;-0,0146;-0,9957;;False
1573,55;2.72;pa016​;20250417_161114;1;TUG2;0,0498;1,2511;-0,2826;0,0892;0,0203;-0,0146;-0,9957;;False
1573,56;2.74;pa016​;20250417_161114;1;TUG2;0,0498;1,2511;-0,2826;0,0892;0,0204;-0,0146;-0,9957;;False
1573,58;2.75;pa016​;20250417_161114;1;TUG2;0,0497;1,2510;-0,2826;0,0893;0,0205;-0,0147;-0,9957;;False
1573,59;2.76;pa016​;20250417_161114;1;TUG2;0,0497;1,2510;-0,2826;0,0895;0,0206;-0,0146;-0,9957;;False
1573,60;2.78;pa016​;20250417_161114;1;TUG2;0,0497;1,2510;-0,2827;0,0900;0,0208;-0,0146;-0,9956;;False
1573,62;2.79;pa016​;20250417_161114;1;TUG2;0,0497;1,2511;-0,2827;0,0904;0,0210;-0,0147;-0,9956;;False
1573,63;2.81;pa016​;20250417_161114;1;TUG2;0,0496;1,2512;-0,2827;0,0909;0,0212;-0,0148;-0,9955;;False
1573,65;2.82;pa016​;20250417_161114;1;TUG2;0,0496;1,2513;-0,2828;0,0918;0,0213;-0,0148;-0,9954;;False
1573,66;2.83;pa016​;20250417_161114;1;TUG2;0,0496;1,2516;-0,2829;0,0932;0,0214;-0,0149;-0,9953;;False
1573,67;2.85;pa016​;20250417_161114;1;TUG2;0,0496;1,2518;-0,2830;0,0945;0,0215;-0,0150;-0,9952;;False
1573,69;2.86;pa016​;20250417_161114;1;TUG2;0,0495;1,2521;-0,2831;0,0961;0,0215;-0,0149;-0,9950;;False
1573,70;2.88;pa016​;20250417_161114;1;TUG2;0,0495;1,2526;-0,2835;0,0977;0,0216;-0,0151;-0,9949;;False
1573,72;2.89;pa016​;20250417_161114;1;TUG2;0,0495;1,2530;-0,2837;0,0994;0,0216;-0,0152;-0,9947;;False
1573,73;2.9;pa016​;20250417_161114;1;TUG2;0,0494;1,2534;-0,2841;0,1014;0,0219;-0,0153;-0,9945;;False
1573,74;2.92;pa016​;20250417_161114;1;TUG2;0,0494;1,2539;-0,2844;0,1030;0,0220;-0,0154;-0,9943;;False
1573,76;2.93;pa016​;20250417_161114;1;TUG2;0,0493;1,2543;-0,2848;0,1058;0,0223;-0,0156;-0,9940;;False
1573,77;2.94;pa016​;20250417_161114;1;TUG2;0,0492;1,2549;-0,2852;0,1080;0,0224;-0,0158;-0,9938;;False
1573,78;2.96;pa016​;20250417_161114;1;TUG2;0,0491;1,2553;-0,2856;0,1110;0,0228;-0,0158;-0,9934;;False
1573,80;2.97;pa016​;20250417_161114;1;TUG2;0,0490;1,2558;-0,2861;0,1135;0,0230;-0,0159;-0,9931;;False
1573,81;2.99;pa016​;20250417_161114;1;TUG2;0,0489;1,2563;-0,2865;0,1158;0,0232;-0,0158;-0,9929;;False
1573,83;3.0;pa016​;20250417_161114;1;TUG2;0,0488;1,2565;-0,2870;0,1176;0,0238;-0,0159;-0,9926;;False
1573,84;3.01;pa016​;20250417_161114;1;TUG2;0,0488;1,2568;-0,2873;0,1190;0,0242;-0,0157;-0,9925;;False
1573,85;3.03;pa016​;20250417_161114;1;TUG2;0,0488;1,2572;-0,2877;0,1203;0,0245;-0,0157;-0,9923;;False
1573,87;3.04;pa016​;20250417_161114;1;TUG2;0,0488;1,2575;-0,2880;0,1216;0,0248;-0,0155;-0,9922;;False
1573,88;3.06;pa016​;20250417_161114;1;TUG2;0,0488;1,2577;-0,2883;0,1226;0,0249;-0,0155;-0,9920;;False
1573,90;3.07;pa016​;20250417_161114;1;TUG2;0,0488;1,2578;-0,2886;0,1236;0,0251;-0,0154;-0,9919;;False
1573,91;3.08;pa016​;20250417_161114;1;TUG2;0,0487;1,2580;-0,2888;0,1245;0,0252;-0,0154;-0,9918;;False
1573,92;3.1;pa016​;20250417_161114;1;TUG2;0,0487;1,2581;-0,2891;0,1252;0,0254;-0,0153;-0,9917;;False
1573,94;3.11;pa016​;20250417_161114;1;TUG2;0,0486;1,2583;-0,2893;0,1261;0,0253;-0,0153;-0,9916;;False
1573,95;3.13;pa016​;20250417_161114;1;TUG2;0,0486;1,2585;-0,2896;0,1272;0,0251;-0,0154;-0,9914;;False
1573,97;3.14;pa016​;20250417_161114;1;TUG2;0,0486;1,2586;-0,2898;0,1277;0,0252;-0,0154;-0,9914;;False
1573,98;3.15;pa016​;20250417_161114;1;TUG2;0,0486;1,2587;-0,2900;0,1290;0,0251;-0,0154;-0,9912;;False
1573,99;3.17;pa016​;20250417_161114;1;TUG2;0,0486;1,2589;-0,2902;0,1295;0,0250;-0,0155;-0,9911;;False
1574,01;3.18;pa016​;20250417_161114;1;TUG2;0,0486;1,2590;-0,2903;0,1301;0,0249;-0,0155;-0,9911;;False
1574,02;3.2;pa016​;20250417_161114;1;TUG2;0,0486;1,2591;-0,2905;0,1305;0,0250;-0,0156;-0,9910;;False
1574,03;3.21;pa016​;20250417_161114;1;TUG2;0,0486;1,2592;-0,2906;0,1308;0,0251;-0,0154;-0,9910;;False
1574,05;3.22;pa016​;20250417_161114;1;TUG2;0,0486;1,2592;-0,2907;0,1305;0,0252;-0,0155;-0,9910;;False
1574,06;3.24;pa016​;20250417_161114;1;TUG2;0,0486;1,2592;-0,2907;0,1306;0,0252;-0,0155;-0,9910;;False
1574,08;3.25;pa016​;20250417_161114;1;TUG2;0,0485;1,2591;-0,2907;0,1306;0,0253;-0,0156;-0,9910;;False
1574,09;3.26;pa016​;20250417_161114;1;TUG2;0,0486;1,2590;-0,2907;0,1300;0,0252;-0,0155;-0,9911;;False
1574,10;3.28;pa016​;20250417_161114;1;TUG2;0,0486;1,2589;-0,2906;0,1295;0,0250;-0,0151;-0,9911;;False
1574,12;3.29;pa016​;20250417_161114;1;TUG2;0,0486;1,2589;-0,2905;0,1289;0,0249;-0,0150;-0,9912;;False
1574,13;3.31;pa016​;20250417_161114;1;TUG2;0,0486;1,2589;-0,2903;0,1284;0,0250;-0,0151;-0,9913;;False
1574,15;3.32;pa016​;20250417_161114;1;TUG2;0,0485;1,2587;-0,2901;0,1280;0,0249;-0,0154;-0,9913;;False
1574,16;3.33;pa016​;20250417_161114;1;TUG2;0,0485;1,2586;-0,2899;0,1272;0,0249;-0,0154;-0,9914;;False
1574,17;3.35;pa016​;20250417_161114;1;TUG2;0,0485;1,2584;-0,2898;0,1265;0,0248;-0,0157;-0,9915;;False
1574,19;3.36;pa016​;20250417_161114;1;TUG2;0,0484;1,2583;-0,2896;0,1259;0,0248;-0,0159;-0,9916;;False
1574,20;3.38;pa016​;20250417_161114;1;TUG2;0,0484;1,2582;-0,2894;0,1255;0,0248;-0,0160;-0,9917;;False
1574,22;3.39;pa016​;20250417_161114;1;TUG2;0,0483;1,2580;-0,2893;0,1247;0,0248;-0,0162;-0,9918;;False
1574,23;3.4;pa016​;20250417_161114;1;TUG2;0,0483;1,2579;-0,2891;0,1244;0,0249;-0,0163;-0,9918;;False
1574,24;3.42;pa016​;20250417_161114;1;TUG2;0,0483;1,2578;-0,2889;0,1238;0,0250;-0,0163;-0,9919;;False
1574,26;3.43;pa016​;20250417_161114;1;TUG2;0,0482;1,2576;-0,2888;0,1234;0,0251;-0,0163;-0,9919;;False
1574,27;3.45;pa016​;20250417_161114;1;TUG2;0,0482;1,2575;-0,2886;0,1227;0,0252;-0,0163;-0,9920;;False
1574,28;3.46;pa016​;20250417_161114;1;TUG2;0,0482;1,2573;-0,2885;0,1222;0,0252;-0,0163;-0,9921;;False
1574,30;3.47;pa016​;20250417_161114;1;TUG2;0,0482;1,2572;-0,2884;0,1216;0,0254;-0,0164;-0,9921;;False
1574,31;3.49;pa016​;20250417_161114;1;TUG2;0,0482;1,2571;-0,2883;0,1208;0,0255;-0,0165;-0,9922;;False
1574,33;3.5;pa016​;20250417_161114;1;TUG2;0,0481;1,2570;-0,2881;0,1200;0,0256;-0,0165;-0,9923;;False
1574,34;3.51;pa016​;20250417_161114;1;TUG2;0,0481;1,2569;-0,2880;0,1193;0,0255;-0,0164;-0,9924;;False
1574,35;3.53;pa016​;20250417_161114;1;TUG2;0,0481;1,2567;-0,2879;0,1184;0,0253;-0,0161;-0,9925;;False
1574,37;3.54;pa016​;20250417_161114;1;TUG2;0,0482;1,2566;-0,2878;0,1174;0,0253;-0,0159;-0,9926;;False
1574,38;3.56;pa016​;20250417_161114;1;TUG2;0,0481;1,2564;-0,2877;0,1165;0,0251;-0,0158;-0,9927;;False
1574,40;3.57;pa016​;20250417_161114;1;TUG2;0,0481;1,2563;-0,2876;0,1157;0,0251;-0,0160;-0,9928;;False
1574,41;3.58;pa016​;20250417_161114;1;TUG2;0,0481;1,2562;-0,2875;0,1149;0,0250;-0,0161;-0,9929;;False
1574,42;3.6;pa016​;20250417_161114;1;TUG2;0,0481;1,2561;-0,2875;0,1141;0,0250;-0,0161;-0,9930;;False
1574,44;3.61;pa016​;20250417_161114;1;TUG2;0,0480;1,2560;-0,2876;0,1134;0,0251;-0,0165;-0,9931;;False
1574,45;3.63;pa016​;20250417_161114;1;TUG2;0,0479;1,2559;-0,2876;0,1127;0,0252;-0,0167;-0,9932;;False
1574,47;3.64;pa016​;20250417_161114;1;TUG2;0,0479;1,2558;-0,2877;0,1125;0,0255;-0,0170;-0,9932;;False
1574,48;3.65;pa016​;20250417_161114;1;TUG2;0,0478;1,2558;-0,2877;0,1124;0,0256;-0,0171;-0,9932;;False
1574,49;3.67;pa016​;20250417_161114;1;TUG2;0,0478;1,2558;-0,2878;0,1119;0,0257;-0,0171;-0,9932;;False
1574,51;3.68;pa016​;20250417_161114;1;TUG2;0,0477;1,2557;-0,2879;0,1115;0,0258;-0,0172;-0,9933;;False
1574,52;3.7;pa016​;20250417_161114;1;TUG2;0,0478;1,2558;-0,2879;0,1115;0,0260;-0,0172;-0,9933;;False
1574,53;3.71;pa016​;20250417_161114;1;TUG2;0,0478;1,2558;-0,2879;0,1115;0,0260;-0,0172;-0,9933;;False
1574,55;3.72;pa016​;20250417_161114;1;TUG2;0,0477;1,2558;-0,2880;0,1113;0,0260;-0,0171;-0,9933;;False
1574,56;3.74;pa016​;20250417_161114;1;TUG2;0,0477;1,2558;-0,2881;0,1112;0,0260;-0,0171;-0,9933;;False
1574,58;3.75;pa016​;20250417_161114;1;TUG2;0,0478;1,2558;-0,2882;0,1113;0,0260;-0,0171;-0,9933;;False
1574,59;3.77;pa016​;20250417_161114;1;TUG2;0,0478;1,2557;-0,2882;0,1113;0,0260;-0,0171;-0,9933;;False
1574,60;3.78;pa016​;20250417_161114;1;TUG2;0,0478;1,2557;-0,2883;0,1112;0,0259;-0,0172;-0,9933;;False
1574,62;3.79;pa016​;20250417_161114;1;TUG2;0,0478;1,2557;-0,2885;0,1111;0,0259;-0,0173;-0,9933;;False
1574,63;3.81;pa016​;20250417_161114;1;TUG2;0,0478;1,2557;-0,2886;0,1112;0,0257;-0,0173;-0,9933;;False
1574,65;3.82;pa016​;20250417_161114;1;TUG2;0,0478;1,2557;-0,2886;0,1112;0,0256;-0,0173;-0,9933;;False
1574,66;3.83;pa016​;20250417_161114;1;TUG2;0,0478;1,2557;-0,2887;0,1113;0,0255;-0,0172;-0,9933;;False
1574,67;3.85;pa016​;20250417_161114;1;TUG2;0,0478;1,2558;-0,2888;0,1113;0,0254;-0,0173;-0,9933;;False
1574,69;3.86;pa016​;20250417_161114;1;TUG2;0,0478;1,2558;-0,2890;0,1114;0,0253;-0,0173;-0,9933;;False
1574,70;3.88;pa016​;20250417_161114;1;TUG2;0,0478;1,2558;-0,2891;0,1119;0,0252;-0,0173;-0,9933;;False
1574,72;3.89;pa016​;20250417_161114;1;TUG2;0,0478;1,2559;-0,2892;0,1122;0,0252;-0,0173;-0,9932;;False
1574,73;3.9;pa016​;20250417_161114;1;TUG2;0,0479;1,2560;-0,2893;0,1125;0,0254;-0,0173;-0,9932;;False
1574,74;3.92;pa016​;20250417_161114;1;TUG2;0,0479;1,2561;-0,2895;0,1127;0,0253;-0,0173;-0,9932;;False
1574,76;3.93;pa016​;20250417_161114;1;TUG2;0,0479;1,2561;-0,2896;0,1127;0,0254;-0,0172;-0,9932;;False
1574,77;3.94;pa016​;20250417_161114;1;TUG2;0,0479;1,2562;-0,2897;0,1131;0,0255;-0,0173;-0,9931;;False
1574,79;3.96;pa016​;20250417_161114;1;TUG2;0,0480;1,2563;-0,2896;0,1135;0,0255;-0,0173;-0,9931;;False
1574,80;3.97;pa016​;20250417_161114;1;TUG2;0,0480;1,2564;-0,2896;0,1136;0,0255;-0,0172;-0,9931;;False
1574,81;3.99;pa016​;20250417_161114;1;TUG2;0,0480;1,2565;-0,2897;0,1137;0,0254;-0,0168;-0,9930;;False
1574,83;4.0;pa016​;20250417_161114;1;TUG2;0,0481;1,2565;-0,2898;0,1137;0,0253;-0,0164;-0,9931;;False
1574,84;4.01;pa016​;20250417_161114;1;TUG2;0,0481;1,2565;-0,2898;0,1137;0,0253;-0,0165;-0,9931;;False
1574,85;4.03;pa016​;20250417_161114;1;TUG2;0,0481;1,2565;-0,2898;0,1139;0,0253;-0,0165;-0,9930;;False
1574,87;4.04;pa016​;20250417_161114;1;TUG2;0,0482;1,2565;-0,2898;0,1139;0,0253;-0,0167;-0,9930;;False
1574,88;4.06;pa016​;20250417_161114;1;TUG2;0,0482;1,2564;-0,2899;0,1136;0,0254;-0,0168;-0,9931;;False
1574,90;4.07;pa016​;20250417_161114;1;TUG2;0,0483;1,2564;-0,2899;0,1134;0,0253;-0,0168;-0,9931;;False
1574,91;4.08;pa016​;20250417_161114;1;TUG2;0,0483;1,2564;-0,2898;0,1126;0,0252;-0,0169;-0,9932;;False
1574,92;4.1;pa016​;20250417_161114;1;TUG2;0,0484;1,2564;-0,2897;0,1121;0,0254;-0,0170;-0,9932;;False
1574,94;4.11;pa016​;20250417_161114;1;TUG2;0,0485;1,2563;-0,2896;0,1115;0,0253;-0,0168;-0,9933;;False
1574,95;4.13;pa016​;20250417_161114;1;TUG2;0,0485;1,2562;-0,2896;0,1111;0,0253;-0,0169;-0,9933;;False
1574,97;4.14;pa016​;20250417_161114;1;TUG2;0,0486;1,2561;-0,2895;0,1103;0,0254;-0,0169;-0,9934;;False
1574,98;4.15;pa016​;20250417_161114;1;TUG2;0,0486;1,2559;-0,2894;0,1095;0,0254;-0,0168;-0,9935;;False
1574,99;4.17;pa016​;20250417_161114;1;TUG2;0,0486;1,2557;-0,2893;0,1086;0,0255;-0,0168;-0,9936;;False
1575,01;4.18;pa016​;20250417_161114;1;TUG2;0,0487;1,2554;-0,2891;0,1077;0,0255;-0,0168;-0,9937;;False
1575,02;4.2;pa016​;20250417_161114;1;TUG2;0,0487;1,2552;-0,2890;0,1068;0,0256;-0,0168;-0,9938;;False
1575,04;4.21;pa016​;20250417_161114;1;TUG2;0,0488;1,2551;-0,2888;0,1060;0,0255;-0,0168;-0,9939;;False
1575,05;4.22;pa016​;20250417_161114;1;TUG2;0,0488;1,2550;-0,2885;0,1053;0,0254;-0,0166;-0,9940;;False
1575,06;4.24;pa016​;20250417_161114;1;TUG2;0,0488;1,2549;-0,2883;0,1046;0,0251;-0,0166;-0,9941;;False
1575,08;4.25;pa016​;20250417_161114;1;TUG2;0,0489;1,2548;-0,2881;0,1040;0,0250;-0,0165;-0,9941;;False
1575,09;4.27;pa016​;20250417_161114;1;TUG2;0,0489;1,2547;-0,2880;0,1036;0,0248;-0,0165;-0,9942;;False
1575,10;4.28;pa016​;20250417_161114;1;TUG2;0,0490;1,2546;-0,2879;0,1031;0,0247;-0,0165;-0,9942;;False
1575,12;4.29;pa016​;20250417_161114;1;TUG2;0,0490;1,2545;-0,2878;0,1028;0,0246;-0,0165;-0,9943;;False
1575,13;4.31;pa016​;20250417_161114;1;TUG2;0,0491;1,2545;-0,2878;0,1029;0,0244;-0,0166;-0,9943;;False
1575,15;4.32;pa016​;20250417_161114;1;TUG2;0,0491;1,2545;-0,2878;0,1029;0,0244;-0,0165;-0,9943;;False
1575,16;4.33;pa016​;20250417_161114;1;TUG2;0,0491;1,2545;-0,2877;0,1029;0,0244;-0,0165;-0,9942;;False
1575,17;4.35;pa016​;20250417_161114;1;TUG2;0,0491;1,2546;-0,2876;0,1031;0,0243;-0,0165;-0,9942;;False
1575,19;4.36;pa016​;20250417_161114;1;TUG2;0,0491;1,2546;-0,2875;0,1032;0,0243;-0,0165;-0,9942;;False
1575,20;4.38;pa016​;20250417_161114;1;TUG2;0,0491;1,2546;-0,2875;0,1032;0,0244;-0,0164;-0,9942;;False
1575,22;4.39;pa016​;20250417_161114;1;TUG2;0,0491;1,2546;-0,2875;0,1033;0,0245;-0,0163;-0,9942;;False
1575,23;4.41;pa016​;20250417_161114;1;TUG2;0,0491;1,2546;-0,2874;0,1032;0,0245;-0,0163;-0,9942;;False
1575,24;4.42;pa016​;20250417_161114;1;TUG2;0,0491;1,2546;-0,2874;0,1031;0,0246;-0,0162;-0,9942;;False
1575,26;4.43;pa016​;20250417_161114;1;TUG2;0,0491;1,2545;-0,2874;0,1030;0,0247;-0,0162;-0,9942;;False
1575,27;4.44;pa016​;20250417_161114;1;TUG2;0,0491;1,2545;-0,2874;0,1028;0,0247;-0,0162;-0,9943;;False
1575,28;4.46;pa016​;20250417_161114;1;TUG2;0,0491;1,2544;-0,2874;0,1026;0,0245;-0,0163;-0,9943;;False
1575,30;4.47;pa016​;20250417_161114;1;TUG2;0,0491;1,2544;-0,2873;0,1022;0,0246;-0,0163;-0,9943;;False
1575,31;4.49;pa016​;20250417_161114;1;TUG2;0,0490;1,2544;-0,2872;0,1019;0,0245;-0,0164;-0,9944;;False
1575,33;4.5;pa016​;20250417_161114;1;TUG2;0,0490;1,2545;-0,2871;0,1018;0,0245;-0,0165;-0,9944;;False
1575,34;4.51;pa016​;20250417_161114;1;TUG2;0,0490;1,2544;-0,2871;0,1017;0,0244;-0,0165;-0,9944;;False
1575,36;4.53;pa016​;20250417_161114;1;TUG2;0,0490;1,2544;-0,2872;0,1015;0,0245;-0,0164;-0,9944;;False
1575,37;4.54;pa016​;20250417_161114;1;TUG2;0,0490;1,2543;-0,2872;0,1013;0,0245;-0,0165;-0,9944;;False
1575,38;4.56;pa016​;20250417_161114;1;TUG2;0,0490;1,2543;-0,2873;0,1011;0,0245;-0,0165;-0,9944;;False
1575,40;4.57;pa016​;20250417_161114;1;TUG2;0,0490;1,2543;-0,2873;0,1010;0,0245;-0,0164;-0,9944;;False
1575,41;4.58;pa016​;20250417_161114;1;TUG2;0,0490;1,2543;-0,2874;0,1010;0,0245;-0,0165;-0,9944;;False
1575,42;4.6;pa016​;20250417_161114;1;TUG2;0,0489;1,2543;-0,2875;0,1012;0,0246;-0,0165;-0,9944;;False
1575,44;4.61;pa016​;20250417_161114;1;TUG2;0,0489;1,2543;-0,2876;0,1014;0,0246;-0,0166;-0,9944;;False
1575,45;4.63;pa016​;20250417_161114;1;TUG2;0,0489;1,2544;-0,2877;0,1017;0,0246;-0,0166;-0,9944;;False
1575,47;4.64;pa016​;20250417_161114;1;TUG2;0,0489;1,2544;-0,2877;0,1020;0,0247;-0,0166;-0,9943;;False
1575,48;4.65;pa016​;20250417_161114;1;TUG2;0,0489;1,2545;-0,2879;0,1024;0,0248;-0,0168;-0,9943;;False
1575,49;4.67;pa016​;20250417_161114;1;TUG2;0,0489;1,2545;-0,2880;0,1025;0,0248;-0,0167;-0,9943;;False
1575,51;4.68;pa016​;20250417_161114;1;TUG2;0,0489;1,2546;-0,2880;0,1027;0,0248;-0,0164;-0,9943;;False
1575,52;4.7;pa016​;20250417_161114;1;TUG2;0,0490;1,2546;-0,2881;0,1029;0,0247;-0,0160;-0,9943;;False
1575,53;4.71;pa016​;20250417_161114;1;TUG2;0,0490;1,2547;-0,2881;0,1030;0,0246;-0,0159;-0,9942;;False
1575,55;4.72;pa016​;20250417_161114;1;TUG2;0,0490;1,2547;-0,2882;0,1033;0,0245;-0,0161;-0,9942;;False
1575,56;4.74;pa016​;20250417_161114;1;TUG2;0,0490;1,2548;-0,2883;0,1035;0,0246;-0,0162;-0,9942;;False
1575,58;4.75;pa016​;20250417_161114;1;TUG2;0,0490;1,2548;-0,2883;0,1035;0,0245;-0,0162;-0,9942;;False
1575,59;4.76;pa016​;20250417_161114;1;TUG2;0,0490;1,2548;-0,2883;0,1035;0,0245;-0,0162;-0,9942;;False
1575,60;4.78;pa016​;20250417_161114;1;TUG2;0,0490;1,2548;-0,2884;0,1035;0,0246;-0,0163;-0,9942;;False
1575,62;4.79;pa016​;20250417_161114;1;TUG2;0,0490;1,2548;-0,2885;0,1034;0,0245;-0,0163;-0,9942;;False
1575,63;4.81;pa016​;20250417_161114;1;TUG2;0,0490;1,2548;-0,2886;0,1034;0,0245;-0,0163;-0,9942;;False
1575,65;4.82;pa016​;20250417_161114;1;TUG2;0,0490;1,2548;-0,2887;0,1035;0,0245;-0,0164;-0,9942;;False
1575,66;4.83;pa016​;20250417_161114;1;TUG2;0,0490;1,2549;-0,2888;0,1035;0,0246;-0,0163;-0,9942;;False
1575,67;4.85;pa016​;20250417_161114;1;TUG2;0,0490;1,2549;-0,2890;0,1035;0,0247;-0,0162;-0,9942;;False
1575,69;4.86;pa016​;20250417_161114;1;TUG2;0,0490;1,2549;-0,2891;0,1036;0,0247;-0,0161;-0,9942;;False
1575,70;4.88;pa016​;20250417_161114;1;TUG2;0,0491;1,2550;-0,2891;0,1037;0,0248;-0,0162;-0,9942;;False
1575,72;4.89;pa016​;20250417_161114;1;TUG2;0,0492;1,2551;-0,2891;0,1039;0,0248;-0,0162;-0,9941;;False
1575,73;4.9;pa016​;20250417_161114;1;TUG2;0,0493;1,2552;-0,2892;0,1041;0,0248;-0,0161;-0,9941;;False
1575,74;4.92;pa016​;20250417_161114;1;TUG2;0,0493;1,2552;-0,2892;0,1042;0,0247;-0,0160;-0,9941;;False
1575,76;4.93;pa016​;20250417_161114;1;TUG2;0,0493;1,2552;-0,2893;0,1041;0,0246;-0,0157;-0,9941;;False
1575,77;4.94;pa016​;20250417_161114;1;TUG2;0,0494;1,2553;-0,2893;0,1041;0,0245;-0,0156;-0,9941;;False
1575,79;4.96;pa016​;20250417_161114;1;TUG2;0,0494;1,2553;-0,2894;0,1041;0,0243;-0,0156;-0,9941;;False
1575,80;4.97;pa016​;20250417_161114;1;TUG2;0,0495;1,2553;-0,2895;0,1041;0,0242;-0,0156;-0,9941;;False
1575,81;4.99;pa016​;20250417_161114;1;TUG2;0,0495;1,2553;-0,2895;0,1042;0,0242;-0,0156;-0,9941;;False
1575,83;5.0;pa016​;20250417_161114;1;TUG2;0,0495;1,2553;-0,2896;0,1043;0,0241;-0,0157;-0,9941;;False
1575,84;5.01;pa016​;20250417_161114;1;TUG2;0,0495;1,2554;-0,2895;0,1044;0,0242;-0,0157;-0,9941;;False
1575,86;5.03;pa016​;20250417_161114;1;TUG2;0,0495;1,2555;-0,2895;0,1045;0,0242;-0,0158;-0,9941;;False
1575,87;5.04;pa016​;20250417_161114;1;TUG2;0,0495;1,2556;-0,2895;0,1046;0,0243;-0,0158;-0,9941;;False
1575,88;5.06;pa016​;20250417_161114;1;TUG2;0,0495;1,2556;-0,2895;0,1047;0,0243;-0,0159;-0,9941;;False
1575,90;5.07;pa016​;20250417_161114;1;TUG2;0,0495;1,2556;-0,2895;0,1047;0,0245;-0,0158;-0,9941;;False
1575,91;5.08;pa016​;20250417_161114;1;TUG2;0,0495;1,2556;-0,2895;0,1048;0,0245;-0,0158;-0,9941;;False
1575,92;5.1;pa016​;20250417_161114;1;TUG2;0,0495;1,2556;-0,2894;0,1048;0,0246;-0,0157;-0,9941;;False
1575,94;5.11;pa016​;20250417_161114;1;TUG2;0,0495;1,2556;-0,2894;0,1048;0,0247;-0,0157;-0,9941;;False
1575,95;5.13;pa016​;20250417_161114;1;TUG2;0,0495;1,2556;-0,2894;0,1046;0,0246;-0,0157;-0,9941;;False
1575,97;5.14;pa016​;20250417_161114;1;TUG2;0,0495;1,2556;-0,2893;0,1047;0,0246;-0,0156;-0,9941;;False
1575,98;5.15;pa016​;20250417_161114;1;TUG2;0,0495;1,2556;-0,2893;0,1047;0,0246;-0,0157;-0,9941;;False
1575,99;5.17;pa016​;20250417_161114;1;TUG2;0,0495;1,2556;-0,2892;0,1046;0,0246;-0,0157;-0,9941;;False
1576,01;5.18;pa016​;20250417_161114;1;TUG2;0,0496;1,2556;-0,2892;0,1045;0,0245;-0,0157;-0,9941;;False
1576,02;5.19;pa016​;20250417_161114;1;TUG2;0,0496;1,2556;-0,2891;0,1046;0,0245;-0,0157;-0,9941;;False
1576,03;5.21;pa016​;20250417_161114;1;TUG2;0,0496;1,2556;-0,2891;0,1045;0,0244;-0,0157;-0,9941;;False
1576,05;5.22;pa016​;20250417_161114;1;TUG2;0,0496;1,2555;-0,2891;0,1045;0,0244;-0,0157;-0,9941;;False
1576,06;5.24;pa016​;20250417_161114;1;TUG2;0,0496;1,2555;-0,2891;0,1044;0,0244;-0,0157;-0,9941;;False
1576,08;5.25;pa016​;20250417_161114;1;TUG2;0,0496;1,2555;-0,2890;0,1043;0,0244;-0,0157;-0,9941;;False
1576,09;5.26;pa016​;20250417_161114;1;TUG2;0,0496;1,2555;-0,2890;0,1043;0,0244;-0,0156;-0,9941;;False
1576,10;5.28;pa016​;20250417_161114;1;TUG2;0,0496;1,2554;-0,2889;0,1041;0,0245;-0,0156;-0,9941;;False
1576,12;5.29;pa016​;20250417_161114;1;TUG2;0,0496;1,2554;-0,2888;0,1040;0,0246;-0,0157;-0,9941;;False
1576,13;5.31;pa016​;20250417_161114;1;TUG2;0,0496;1,2553;-0,2887;0,1039;0,0248;-0,0157;-0,9942;;False
1576,15;5.32;pa016​;20250417_161114;1;TUG2;0,0496;1,2552;-0,2886;0,1037;0,0249;-0,0158;-0,9942;;False
1576,16;5.33;pa016​;20250417_161114;1;TUG2;0,0496;1,2550;-0,2884;0,1033;0,0250;-0,0155;-0,9942;;False
1576,17;5.35;pa016​;20250417_161114;1;TUG2;0,0496;1,2549;-0,2882;0,1030;0,0251;-0,0157;-0,9942;;False
1576,19;5.36;pa016​;20250417_161114;1;TUG2;0,0497;1,2547;-0,2879;0,1025;0,0250;-0,0157;-0,9943;;False
1576,20;5.38;pa016​;20250417_161114;1;TUG2;0,0497;1,2545;-0,2873;0,1017;0,0251;-0,0155;-0,9944;;False
1576,22;5.39;pa016​;20250417_161114;1;TUG2;0,0497;1,2542;-0,2868;0,1011;0,0252;-0,0150;-0,9944;;False
1576,23;5.4;pa016​;20250417_161114;1;TUG2;0,0496;1,2539;-0,2863;0,0998;0,0251;-0,0150;-0,9946;;False
1576,24;5.42;pa016​;20250417_161114;1;TUG2;0,0496;1,2538;-0,2857;0,0986;0,0252;-0,0150;-0,9947;;False
1576,26;5.43;pa016​;20250417_161114;1;TUG2;0,0495;1,2534;-0,2851;0,0977;0,0253;-0,0153;-0,9948;;False
1576,27;5.44;pa016​;20250417_161114;1;TUG2;0,0494;1,2530;-0,2844;0,0954;0,0256;-0,0156;-0,9950;;False
1576,28;5.46;pa016​;20250417_161114;1;TUG2;0,0492;1,2527;-0,2835;0,0938;0,0259;-0,0160;-0,9951;;False
1576,30;5.47;pa016​;20250417_161114;1;TUG2;0,0492;1,2522;-0,2825;0,0917;0,0263;-0,0165;-0,9953;;False
1576,31;5.49;pa016​;20250417_161114;1;TUG2;0,0490;1,2516;-0,2815;0,0891;0,0267;-0,0170;-0,9955;;False
1576,33;5.5;pa016​;20250417_161114;1;TUG2;0,0489;1,2510;-0,2803;0,0862;0,0273;-0,0174;-0,9958;;False
1576,34;5.52;pa016​;20250417_161114;1;TUG2;0,0487;1,2502;-0,2789;0,0827;0,0280;-0,0178;-0,9960;;False
1576,35;5.53;pa016​;20250417_161114;1;TUG2;0,0485;1,2493;-0,2774;0,0794;0,0286;-0,0179;-0,9963;;False
1576,37;5.54;pa016​;20250417_161114;1;TUG2;0,0482;1,2484;-0,2757;0,0749;0,0291;-0,0178;-0,9966;;False
1576,38;5.56;pa016​;20250417_161114;1;TUG2;0,0480;1,2473;-0,2740;0,0695;0,0296;-0,0180;-0,9970;;False
1576,40;5.57;pa016​;20250417_161114;1;TUG2;0,0478;1,2462;-0,2720;0,0633;0,0302;-0,0181;-0,9974;;False
1576,41;5.58;pa016​;20250417_161114;1;TUG2;0,0475;1,2449;-0,2700;0,0573;0,0305;-0,0184;-0,9977;;False
1576,42;5.6;pa016​;20250417_161114;1;TUG2;0,0473;1,2434;-0,2676;0,0501;0,0311;-0,0187;-0,9981;;False
1576,44;5.61;pa016​;20250417_161114;1;TUG2;0,0469;1,2417;-0,2652;0,0429;0,0310;-0,0191;-0,9984;;False
1576,45;5.63;pa016​;20250417_161114;1;TUG2;0,0466;1,2399;-0,2624;0,0350;0,0314;-0,0195;-0,9987;;False
1576,47;5.64;pa016​;20250417_161114;1;TUG2;0,0463;1,2380;-0,2592;0,0266;0,0319;-0,0201;-0,9989;;False
1576,48;5.65;pa016​;20250417_161114;1;TUG2;0,0459;1,2359;-0,2559;0,0181;0,0321;-0,0213;-0,9991;;False
1576,49;5.67;pa016​;20250417_161114;1;TUG2;0,0455;1,2337;-0,2520;0,0092;0,0321;-0,0222;-0,9992;;False
1576,51;5.68;pa016​;20250417_161114;1;TUG2;0,0452;1,2311;-0,2477;0,0005;0,0320;-0,0226;-0,9992;;False
1576,52;5.7;pa016​;20250417_161114;1;TUG2;0,0447;1,2282;-0,2433;-0,0094;0,0317;-0,0231;-0,9992;;False
1576,53;5.71;pa016​;20250417_161114;1;TUG2;0,0442;1,2249;-0,2385;-0,0202;0,0316;-0,0233;-0,9990;;False
1576,55;5.72;pa016​;20250417_161114;1;TUG2;0,0437;1,2215;-0,2331;-0,0317;0,0313;-0,0232;-0,9987;;False
1576,56;5.74;pa016​;20250417_161114;1;TUG2;0,0432;1,2178;-0,2273;-0,0436;0,0313;-0,0235;-0,9983;;False
1576,58;5.75;pa016​;20250417_161114;1;TUG2;0,0426;1,2137;-0,2209;-0,0559;0,0311;-0,0235;-0,9977;;False
1576,59;5.77;pa016​;20250417_161114;1;TUG2;0,0419;1,2093;-0,2143;-0,0690;0,0310;-0,0231;-0,9969;;False
1576,60;5.78;pa016​;20250417_161114;1;TUG2;0,0412;1,2045;-0,2075;-0,0825;0,0310;-0,0231;-0,9958;;False
1576,62;5.79;pa016​;20250417_161114;1;TUG2;0,0405;1,1995;-0,2006;-0,0974;0,0305;-0,0229;-0,9945;;False
1576,63;5.81;pa016​;20250417_161114;1;TUG2;0,0397;1,1944;-0,1933;-0,1120;0,0305;-0,0231;-0,9930;;False
1576,65;5.82;pa016​;20250417_161114;1;TUG2;0,0389;1,1894;-0,1856;-0,1249;0,0304;-0,0232;-0,9914;;False
1576,66;5.83;pa016​;20250417_161114;1;TUG2;0,0380;1,1845;-0,1775;-0,1360;0,0304;-0,0230;-0,9900;;False
1576,67;5.85;pa016​;20250417_161114;1;TUG2;0,0370;1,1796;-0,1689;-0,1453;0,0307;-0,0226;-0,9887;;False
1576,69;5.86;pa016​;20250417_161114;1;TUG2;0,0361;1,1748;-0,1601;-0,1545;0,0315;-0,0225;-0,9872;;False
1576,70;5.88;pa016​;20250417_161114;1;TUG2;0,0349;1,1694;-0,1511;-0,1632;0,0327;-0,0223;-0,9858;;False
1576,72;5.89;pa016​;20250417_161114;1;TUG2;0,0342;1,1641;-0,1420;-0,1737;0,0341;-0,0220;-0,9840;;False
1576,73;5.9;pa016​;20250417_161114;1;TUG2;0,0331;1,1586;-0,1326;-0,1832;0,0353;-0,0220;-0,9822;;False
1576,74;5.92;pa016​;20250417_161114;1;TUG2;0,0320;1,1535;-0,1227;-0,1926;0,0366;-0,0214;-0,9804;;False
1576,76;5.93;pa016​;20250417_161114;1;TUG2;0,0309;1,1485;-0,1121;-0,2000;0,0374;-0,0210;-0,9788;;False
1576,77;5.94;pa016​;20250417_161114;1;TUG2;0,0298;1,1432;-0,1015;-0,2070;0,0383;-0,0205;-0,9774;;False
1576,79;5.96;pa016​;20250417_161114;1;TUG2;0,0288;1,1373;-0,0913;-0,2148;0,0391;-0,0201;-0,9757;;False
1576,80;5.97;pa016​;20250417_161114;1;TUG2;0,0278;1,1315;-0,0807;-0,2237;0,0400;-0,0195;-0,9736;;False
1576,81;5.99;pa016​;20250417_161114;1;TUG2;0,0266;1,1257;-0,0698;-0,2318;0,0401;-0,0193;-0,9717;;False
1576,83;6.0;pa016​;20250417_161114;1;TUG2;0,0254;1,1198;-0,0587;-0,2396;0,0408;-0,0190;-0,9698;;False
1576,84;6.01;pa016​;20250417_161114;1;TUG2;0,0243;1,1139;-0,0474;-0,2461;0,0419;-0,0192;-0,9681;;False
1576,85;6.03;pa016​;20250417_161114;1;TUG2;0,0232;1,1078;-0,0361;-0,2533;0,0427;-0,0190;-0,9663;;False
1576,87;6.04;pa016​;20250417_161114;1;TUG2;0,0222;1,1015;-0,0249;-0,2595;0,0435;-0,0187;-0,9646;;False
1576,88;6.06;pa016​;20250417_161114;1;TUG2;0,0210;1,0955;-0,0134;-0,2668;0,0440;-0,0191;-0,9626;;False
1576,90;6.07;pa016​;20250417_161114;1;TUG2;0,0201;1,0895;-0,0015;-0,2724;0,0447;-0,0191;-0,9610;;False
1576,91;6.08;pa016​;20250417_161114;1;TUG2;0,0192;1,0835;0,0104;-0,2766;0,0454;-0,0191;-0,9597;;False
1576,92;6.1;pa016​;20250417_161114;1;TUG2;0,0181;1,0773;0,0224;-0,2814;0,0451;-0,0189;-0,9584;;False
1576,94;6.11;pa016​;20250417_161114;1;TUG2;0,0171;1,0712;0,0342;-0,2846;0,0451;-0,0184;-0,9574;;False
1576,95;6.13;pa016​;20250417_161114;1;TUG2;0,0161;1,0651;0,0463;-0,2886;0,0451;-0,0190;-0,9562;;False
1576,97;6.14;pa016​;20250417_161114;1;TUG2;0,0151;1,0589;0,0582;-0,2919;0,0456;-0,0194;-0,9552;;False
1576,98;6.15;pa016​;20250417_161114;1;TUG2;0,0140;1,0527;0,0701;-0,2951;0,0462;-0,0201;-0,9541;;False
1576,99;6.17;pa016​;20250417_161114;1;TUG2;0,0131;1,0466;0,0819;-0,2978;0,0467;-0,0203;-0,9533;;False
1577,01;6.18;pa016​;20250417_161114;1;TUG2;0,0121;1,0407;0,0939;-0,3002;0,0472;-0,0203;-0,9525;;False
1577,02;6.2;pa016​;20250417_161114;1;TUG2;0,0110;1,0349;0,1057;-0,3016;0,0471;-0,0202;-0,9521;;False
1577,03;6.21;pa016​;20250417_161114;1;TUG2;0,0100;1,0292;0,1173;-0,3028;0,0471;-0,0203;-0,9517;;False
1577,05;6.22;pa016​;20250417_161114;1;TUG2;0,0092;1,0234;0,1285;-0,3022;0,0466;-0,0200;-0,9519;;False
1577,06;6.24;pa016​;20250417_161114;1;TUG2;0,0084;1,0179;0,1396;-0,3014;0,0461;-0,0194;-0,9522;;False
1577,08;6.25;pa016​;20250417_161114;1;TUG2;0,0077;1,0129;0,1505;-0,2998;0,0452;-0,0191;-0,9527;;False
1577,09;6.26;pa016​;20250417_161114;1;TUG2;0,0068;1,0082;0,1613;-0,2977;0,0444;-0,0191;-0,9534;;False
1577,10;6.28;pa016​;20250417_161114;1;TUG2;0,0061;1,0038;0,1717;-0,2932;0,0438;-0,0188;-0,9549;;False
1577,12;6.29;pa016​;20250417_161114;1;TUG2;0,0056;0,9995;0,1814;-0,2894;0,0434;-0,0186;-0,9560;;False
1577,13;6.31;pa016​;20250417_161114;1;TUG2;0,0051;0,9957;0,1905;-0,2878;0,0428;-0,0183;-0,9566;;False
1577,15;6.32;pa016​;20250417_161114;1;TUG2;0,0046;0,9925;0,1992;-0,2868;0,0417;-0,0173;-0,9569;;False
1577,16;6.33;pa016​;20250417_161114;1;TUG2;0,0039;0,9901;0,2075;-0,2855;0,0408;-0,0166;-0,9574;;False
1577,17;6.35;pa016​;20250417_161114;1;TUG2;0,0033;0,9885;0,2159;-0,2838;0,0402;-0,0159;-0,9579;;False
1577,19;6.36;pa016​;20250417_161114;1;TUG2;0,0027;0,9878;0,2237;-0,2821;0,0396;-0,0149;-0,9585;;False
1577,20;6.37;pa016​;20250417_161114;1;TUG2;0,0018;0,9878;0,2307;-0,2797;0,0394;-0,0137;-0,9592;;False
1577,21;6.39;pa016​;20250417_161114;1;TUG2;0,0009;0,9894;0,2374;-0,2772;0,0400;-0,0131;-0,9599;;False
1577,23;6.4;pa016​;20250417_161114;1;TUG2;-0,0001;0,9919;0,2439;-0,2758;0,0405;-0,0121;-0,9603;;False
1577,24;6.42;pa016​;20250417_161114;1;TUG2;-0,0010;0,9959;0,2501;-0,2740;0,0410;-0,0118;-0,9608;;False
1577,26;6.43;pa016​;20250417_161114;1;TUG2;-0,0020;1,0012;0,2561;-0,2706;0,0406;-0,0111;-0,9618;;False
1577,27;6.45;pa016​;20250417_161114;1;TUG2;-0,0030;1,0077;0,2617;-0,2670;0,0407;-0,0114;-0,9628;;False
1577,28;6.46;pa016​;20250417_161114;1;TUG2;-0,0042;1,0158;0,2670;-0,2649;0,0401;-0,0115;-0,9634;;False
1577,30;6.47;pa016​;20250417_161114;1;TUG2;-0,0058;1,0250;0,2721;-0,2608;0,0393;-0,0117;-0,9645;;False
1577,31;6.49;pa016​;20250417_161114;1;TUG2;-0,0073;1,0355;0,2772;-0,2555;0,0384;-0,0122;-0,9660;;False
1577,33;6.5;pa016​;20250417_161114;1;TUG2;-0,0091;1,0471;0,2819;-0,2493;0,0382;-0,0133;-0,9676;;False
1577,34;6.51;pa016​;20250417_161114;1;TUG2;-0,0114;1,0601;0,2862;-0,2444;0,0379;-0,0146;-0,9688;;False
1577,35;6.53;pa016​;20250417_161114;1;TUG2;-0,0138;1,0740;0,2905;-0,2371;0,0396;-0,0163;-0,9706;;False
1577,37;6.54;pa016​;20250417_161114;1;TUG2;-0,0165;1,0890;0,2946;-0,2306;0,0413;-0,0183;-0,9720;;False
1577,38;6.56;pa016​;20250417_161114;1;TUG2;-0,0194;1,1054;0,2986;-0,2257;0,0427;-0,0193;-0,9731;;False
1577,40;6.57;pa016​;20250417_161114;1;TUG2;-0,0224;1,1224;0,3022;-0,2189;0,0438;-0,0204;-0,9745;;False
1577,41;6.58;pa016​;20250417_161114;1;TUG2;-0,0255;1,1403;0,3058;-0,2133;0,0453;-0,0221;-0,9757;;False
1577,42;6.6;pa016​;20250417_161114;1;TUG2;-0,0287;1,1585;0,3090;-0,2080;0,0465;-0,0233;-0,9767;;False
1577,44;6.61;pa016​;20250417_161114;1;TUG2;-0,0319;1,1776;0,3119;-0,2041;0,0470;-0,0242;-0,9775;;False
1577,45;6.63;pa016​;20250417_161114;1;TUG2;-0,0351;1,1969;0,3148;-0,1989;0,0474;-0,0249;-0,9786;;False
1577,46;6.64;pa016​;20250417_161114;1;TUG2;-0,0383;1,2168;0,3180;-0,1936;0,0480;-0,0260;-0,9796;;False
1577,48;6.65;pa016​;20250417_161114;1;TUG2;-0,0419;1,2371;0,3209;-0,1886;0,0474;-0,0270;-0,9805;;False
1577,49;6.67;pa016​;20250417_161114;1;TUG2;-0,0452;1,2574;0,3236;-0,1842;0,0484;-0,0293;-0,9813;;False
1577,51;6.68;pa016​;20250417_161114;1;TUG2;-0,0489;1,2779;0,3260;-0,1802;0,0478;-0,0315;-0,9820;;False
1577,52;6.7;pa016​;20250417_161114;1;TUG2;-0,0524;1,2977;0,3282;-0,1757;0,0460;-0,0319;-0,9828;;False
1577,53;6.71;pa016​;20250417_161114;1;TUG2;-0,0560;1,3175;0,3306;-0,1690;0,0460;-0,0336;-0,9840;;False
1577,55;6.72;pa016​;20250417_161114;1;TUG2;-0,0597;1,3363;0,3340;-0,1592;0,0486;-0,0373;-0,9853;;False
1577,56;6.74;pa016​;20250417_161114;1;TUG2;-0,0632;1,3542;0,3368;-0,1515;0,0489;-0,0375;-0,9865;;False
1577,58;6.75;pa016​;20250417_161114;1;TUG2;-0,0665;1,3709;0,3385;-0,1498;0,0492;-0,0381;-0,9868;;False
1577,59;6.76;pa016​;20250417_161114;1;TUG2;-0,0694;1,3862;0,3400;-0,1520;0,0485;-0,0386;-0,9864;;False
1577,60;6.78;pa016​;20250417_161114;1;TUG2;-0,0724;1,4006;0,3415;-0,1558;0,0465;-0,0367;-0,9860;;False
1577,62;6.79;pa016​;20250417_161114;1;TUG2;-0,0754;1,4142;0,3428;-0,1600;0,0450;-0,0355;-0,9854;;False
1577,63;6.81;pa016​;20250417_161114;1;TUG2;-0,0780;1,4265;0,3441;-0,1664;0,0443;-0,0354;-0,9844;;False
1577,65;6.82;pa016​;20250417_161114;1;TUG2;-0,0803;1,4375;0,3454;-0,1725;0,0435;-0,0359;-0,9834;;False
1577,66;6.83;pa016​;20250417_161114;1;TUG2;-0,0823;1,4476;0,3470;-0,1801;0,0437;-0,0372;-0,9820;;False
1577,67;6.85;pa016​;20250417_161114;1;TUG2;-0,0845;1,4570;0,3486;-0,1877;0,0438;-0,0386;-0,9805;;False
1577,69;6.86;pa016​;20250417_161114;1;TUG2;-0,0866;1,4651;0,3503;-0,1970;0,0439;-0,0399;-0,9786;;False
1577,70;6.88;pa016​;20250417_161114;1;TUG2;-0,0883;1,4718;0,3523;-0,2048;0,0441;-0,0405;-0,9770;;False
1577,71;6.89;pa016​;20250417_161114;1;TUG2;-0,0897;1,4776;0,3541;-0,2083;0,0455;-0,0404;-0,9762;;False
1577,73;6.9;pa016​;20250417_161114;1;TUG2;-0,0912;1,4831;0,3569;-0,2114;0,0485;-0,0414;-0,9753;;False
1577,74;6.92;pa016​;20250417_161114;1;TUG2;-0,0929;1,4883;0,3599;-0,2144;0,0499;-0,0402;-0,9746;;False
1577,76;6.93;pa016​;20250417_161114;1;TUG2;-0,0942;1,4925;0,3629;-0,2188;0,0503;-0,0371;-0,9738;;False
1577,77;6.94;pa016​;20250417_161114;1;TUG2;-0,0956;1,4957;0,3657;-0,2234;0,0506;-0,0346;-0,9728;;False
1577,78;6.96;pa016​;20250417_161114;1;TUG2;-0,0969;1,4988;0,3690;-0,2253;0,0514;-0,0310;-0,9724;;False
1577,80;6.97;pa016​;20250417_161114;1;TUG2;-0,0983;1,5019;0,3735;-0,2239;0,0524;-0,0283;-0,9728;;False
1577,81;6.99;pa016​;20250417_161114;1;TUG2;-0,0996;1,5048;0,3783;-0,2199;0,0535;-0,0269;-0,9737;;False
1577,83;7.0;pa016​;20250417_161114;1;TUG2;-0,1008;1,5067;0,3833;-0,2167;0,0552;-0,0256;-0,9743;;False
1577,84;7.01;pa016​;20250417_161114;1;TUG2;-0,1021;1,5074;0,3883;-0,2145;0,0558;-0,0239;-0,9748;;False
1577,86;7.03;pa016​;20250417_161114;1;TUG2;-0,1033;1,5072;0,3942;-0,2124;0,0560;-0,0226;-0,9753;;False
1577,87;7.04;pa016​;20250417_161114;1;TUG2;-0,1046;1,5066;0,4006;-0,2101;0,0558;-0,0211;-0,9759;;False
1577,88;7.06;pa016​;20250417_161114;1;TUG2;-0,1059;1,5055;0,4077;-0,2085;0,0549;-0,0198;-0,9763;;False
1577,90;7.07;pa016​;20250417_161114;1;TUG2;-0,1072;1,5035;0,4152;-0,2083;0,0543;-0,0191;-0,9764;;False
1577,91;7.08;pa016​;20250417_161114;1;TUG2;-0,1085;1,5009;0,4234;-0,2090;0,0538;-0,0188;-0,9763;;False
1577,92;7.1;pa016​;20250417_161114;1;TUG2;-0,1097;1,4981;0,4324;-0,2086;0,0535;-0,0190;-0,9764;;False
1577,94;7.11;pa016​;20250417_161114;1;TUG2;-0,1109;1,4953;0,4418;-0,2077;0,0534;-0,0197;-0,9765;;False
1577,95;7.12;pa016​;20250417_161114;1;TUG2;-0,1122;1,4923;0,4515;-0,2082;0,0531;-0,0207;-0,9764;;False
1577,96;7.14;pa016​;20250417_161114;1;TUG2;-0,1134;1,4891;0,4613;-0,2093;0,0527;-0,0212;-0,9762;;False
1577,98;7.15;pa016​;20250417_161114;1;TUG2;-0,1147;1,4862;0,4716;-0,2099;0,0519;-0,0213;-0,9761;;False
1577,99;7.17;pa016​;20250417_161114;1;TUG2;-0,1159;1,4837;0,4824;-0,2093;0,0516;-0,0215;-0,9762;;False
1578,01;7.18;pa016​;20250417_161114;1;TUG2;-0,1172;1,4816;0,4937;-0,2073;0,0520;-0,0219;-0,9766;;False
1578,02;7.2;pa016​;20250417_161114;1;TUG2;-0,1184;1,4798;0,5053;-0,2041;0,0530;-0,0223;-0,9773;;False
1578,03;7.21;pa016​;20250417_161114;1;TUG2;-0,1196;1,4783;0,5174;-0,2006;0,0539;-0,0225;-0,9779;;False
1578,05;7.22;pa016​;20250417_161114;1;TUG2;-0,1206;1,4769;0,5301;-0,1956;0,0553;-0,0221;-0,9789;;False
1578,06;7.24;pa016​;20250417_161114;1;TUG2;-0,1216;1,4759;0,5432;-0,1908;0,0567;-0,0213;-0,9798;;False
1578,08;7.25;pa016​;20250417_161114;1;TUG2;-0,1225;1,4752;0,5570;-0,1861;0,0582;-0,0206;-0,9806;;False
1578,09;7.27;pa016​;20250417_161114;1;TUG2;-0,1233;1,4745;0,5715;-0,1805;0,0603;-0,0198;-0,9815;;False
1578,10;7.28;pa016​;20250417_161114;1;TUG2;-0,1238;1,4742;0,5864;-0,1759;0,0622;-0,0182;-0,9823;;False
1578,12;7.29;pa016​;20250417_161114;1;TUG2;-0,1243;1,4740;0,6015;-0,1713;0,0642;-0,0170;-0,9830;;False
1578,13;7.31;pa016​;20250417_161114;1;TUG2;-0,1246;1,4759;0,6179;-0,1720;0,0672;-0,0161;-0,9827;;False
1578,15;7.32;pa016​;20250417_161114;1;TUG2;-0,1251;1,4785;0,6359;-0,1685;0,0701;-0,0138;-0,9831;;False
1578,16;7.33;pa016​;20250417_161114;1;TUG2;-0,1253;1,4801;0,6536;-0,1595;0,0732;-0,0114;-0,9844;;False
1578,17;7.35;pa016​;20250417_161114;1;TUG2;-0,1250;1,4840;0,6716;-0,1604;0,0767;-0,0101;-0,9840;;False
1578,19;7.36;pa016​;20250417_161114;1;TUG2;-0,1247;1,4865;0,6900;-0,1554;0,0788;-0,0070;-0,9847;;False
1578,20;7.38;pa016​;20250417_161114;1;TUG2;-0,1243;1,4896;0,7067;-0,1583;0,0779;-0,0019;-0,9843;;False
1578,21;7.39;pa016​;20250417_161114;1;TUG2;-0,1238;1,4932;0,7233;-0,1641;0,0759;0,0031;-0,9835;;False
1578,23;7.4;pa016​;20250417_161114;1;TUG2;-0,1235;1,4970;0,7393;-0,1684;0,0725;0,0084;-0,9830;;False
1578,24;7.42;pa016​;20250417_161114;1;TUG2;-0,1237;1,5015;0,7555;-0,1711;0,0699;0,0118;-0,9827;;False
1578,26;7.43;pa016​;20250417_161114;1;TUG2;-0,1243;1,5064;0,7717;-0,1694;0,0669;0,0143;-0,9832;;False
1578,27;7.44;pa016​;20250417_161114;1;TUG2;-0,1255;1,5115;0,7871;-0,1686;0,0631;0,0162;-0,9835;;False
1578,29;7.46;pa016​;20250417_161114;1;TUG2;-0,1269;1,5165;0,8022;-0,1695;0,0603;0,0165;-0,9835;;False
1578,30;7.47;pa016​;20250417_161114;1;TUG2;-0,1288;1,5216;0,8171;-0,1706;0,0584;0,0157;-0,9835;;False
1578,31;7.49;pa016​;20250417_161114;1;TUG2;-0,1312;1,5266;0,8317;-0,1724;0,0572;0,0134;-0,9833;;False
1578,33;7.5;pa016​;20250417_161114;1;TUG2;-0,1340;1,5315;0,8461;-0,1745;0,0573;0,0104;-0,9829;;False
1578,34;7.51;pa016​;20250417_161114;1;TUG2;-0,1372;1,5362;0,8604;-0,1765;0,0578;0,0069;-0,9826;;False
1578,36;7.53;pa016​;20250417_161114;1;TUG2;-0,1406;1,5405;0,8744;-0,1779;0,0593;0,0025;-0,9823;;False
1578,37;7.54;pa016​;20250417_161114;1;TUG2;-0,1441;1,5444;0,8882;-0,1785;0,0612;-0,0026;-0,9820;;False
1578,38;7.56;pa016​;20250417_161114;1;TUG2;-0,1477;1,5477;0,9019;-0,1788;0,0638;-0,0072;-0,9818;;False
1578,40;7.57;pa016​;20250417_161114;1;TUG2;-0,1513;1,5507;0,9155;-0,1793;0,0660;-0,0114;-0,9815;;False
1578,41;7.58;pa016​;20250417_161114;1;TUG2;-0,1548;1,5532;0,9290;-0,1792;0,0684;-0,0156;-0,9813;;False
1578,42;7.6;pa016​;20250417_161114;1;TUG2;-0,1584;1,5552;0,9426;-0,1790;0,0704;-0,0190;-0,9812;;False
1578,44;7.61;pa016​;20250417_161114;1;TUG2;-0,1618;1,5566;0,9561;-0,1784;0,0724;-0,0216;-0,9810;;False
1578,45;7.63;pa016​;20250417_161114;1;TUG2;-0,1653;1,5573;0,9698;-0,1771;0,0742;-0,0241;-0,9811;;False
1578,47;7.64;pa016​;20250417_161114;1;TUG2;-0,1688;1,5576;0,9836;-0,1754;0,0755;-0,0256;-0,9813;;False
1578,48;7.65;pa016​;20250417_161114;1;TUG2;-0,1722;1,5577;0,9977;-0,1738;0,0766;-0,0267;-0,9814;;False
1578,49;7.67;pa016​;20250417_161114;1;TUG2;-0,1756;1,5572;1,0120;-0,1719;0,0771;-0,0270;-0,9817;;False
1578,51;7.68;pa016​;20250417_161114;1;TUG2;-0,1791;1,5563;1,0264;-0,1703;0,0772;-0,0273;-0,9820;;False
1578,52;7.7;pa016​;20250417_161114;1;TUG2;-0,1825;1,5548;1,0408;-0,1687;0,0769;-0,0275;-0,9823;;False
1578,53;7.71;pa016​;20250417_161114;1;TUG2;-0,1861;1,5532;1,0553;-0,1677;0,0765;-0,0280;-0,9825;;False
1578,55;7.72;pa016​;20250417_161114;1;TUG2;-0,1896;1,5512;1,0699;-0,1670;0,0760;-0,0288;-0,9826;;False
1578,56;7.74;pa016​;20250417_161114;1;TUG2;-0,1933;1,5490;1,0845;-0,1670;0,0753;-0,0298;-0,9826;;False
1578,58;7.75;pa016​;20250417_161114;1;TUG2;-0,1971;1,5467;1,0992;-0,1671;0,0740;-0,0304;-0,9827;;False
1578,59;7.76;pa016​;20250417_161114;1;TUG2;-0,2010;1,5443;1,1140;-0,1672;0,0722;-0,0307;-0,9828;;False
1578,60;7.78;pa016​;20250417_161114;1;TUG2;-0,2050;1,5420;1,1289;-0,1671;0,0704;-0,0311;-0,9829;;False
1578,62;7.79;pa016​;20250417_161114;1;TUG2;-0,2093;1,5399;1,1440;-0,1661;0,0685;-0,0320;-0,9832;;False
1578,63;7.81;pa016​;20250417_161114;1;TUG2;-0,2138;1,5377;1,1592;-0,1644;0,0665;-0,0329;-0,9836;;False
1578,65;7.82;pa016​;20250417_161114;1;TUG2;-0,2185;1,5355;1,1747;-0,1612;0,0645;-0,0337;-0,9842;;False
1578,66;7.83;pa016​;20250417_161114;1;TUG2;-0,2234;1,5334;1,1902;-0,1583;0,0626;-0,0350;-0,9848;;False
1578,67;7.85;pa016​;20250417_161114;1;TUG2;-0,2284;1,5314;1,2059;-0,1552;0,0613;-0,0368;-0,9853;;False
1578,69;7.86;pa016​;20250417_161114;1;TUG2;-0,2334;1,5294;1,2218;-0,1526;0,0604;-0,0384;-0,9857;;False
1578,70;7.88;pa016​;20250417_161114;1;TUG2;-0,2386;1,5277;1,2378;-0,1508;0,0597;-0,0405;-0,9859;;False
1578,72;7.89;pa016​;20250417_161114;1;TUG2;-0,2438;1,5258;1,2536;-0,1483;0,0596;-0,0422;-0,9862;;False
1578,73;7.9;pa016​;20250417_161114;1;TUG2;-0,2491;1,5250;1,2697;-0,1487;0,0598;-0,0436;-0,9861;;False
1578,74;7.92;pa016​;20250417_161114;1;TUG2;-0,2544;1,5247;1,2863;-0,1472;0,0602;-0,0441;-0,9863;;False
1578,76;7.93;pa016​;20250417_161114;1;TUG2;-0,2599;1,5264;1,3036;-0,1493;0,0610;-0,0445;-0,9859;;False
1578,77;7.94;pa016​;20250417_161114;1;TUG2;-0,2650;1,5277;1,3206;-0,1465;0,0619;-0,0439;-0,9863;;False
1578,78;7.96;pa016​;20250417_161114;1;TUG2;-0,2700;1,5298;1,3377;-0,1464;0,0623;-0,0442;-0,9863;;False
1578,80;7.97;pa016​;20250417_161114;1;TUG2;-0,2748;1,5319;1,3545;-0,1468;0,0636;-0,0446;-0,9861;;False
1578,81;7.99;pa016​;20250417_161114;1;TUG2;-0,2790;1,5342;1,3702;-0,1489;0,0654;-0,0455;-0,9856;;False
1578,83;8.0;pa016​;20250417_161114;1;TUG2;-0,2828;1,5372;1,3858;-0,1527;0,0671;-0,0465;-0,9849;;False
1578,84;8.01;pa016​;20250417_161114;1;TUG2;-0,2863;1,5405;1,4012;-0,1555;0,0672;-0,0450;-0,9845;;False
1578,85;8.03;pa016​;20250417_161114;1;TUG2;-0,2894;1,5439;1,4161;-0,1565;0,0654;-0,0415;-0,9846;;False
1578,87;8.04;pa016​;20250417_161114;1;TUG2;-0,2921;1,5473;1,4310;-0,1569;0,0635;-0,0385;-0,9848;;False
1578,88;8.06;pa016​;20250417_161114;1;TUG2;-0,2946;1,5507;1,4460;-0,1569;0,0615;-0,0367;-0,9850;;False
1578,90;8.07;pa016​;20250417_161114;1;TUG2;-0,2969;1,5541;1,4612;-0,1551;0,0596;-0,0354;-0,9855;;False
1578,91;8.08;pa016​;20250417_161114;1;TUG2;-0,2991;1,5571;1,4762;-0,1534;0,0571;-0,0338;-0,9859;;False
1578,92;8.1;pa016​;20250417_161114;1;TUG2;-0,3010;1,5599;1,4913;-0,1524;0,0547;-0,0332;-0,9863;;False
1578,94;8.11;pa016​;20250417_161114;1;TUG2;-0,3027;1,5626;1,5065;-0,1524;0,0522;-0,0334;-0,9864;;False
1578,95;8.13;pa016​;20250417_161114;1;TUG2;-0,3042;1,5648;1,5217;-0,1525;0,0496;-0,0331;-0,9865;;False
1578,97;8.14;pa016​;20250417_161114;1;TUG2;-0,3054;1,5665;1,5368;-0,1536;0,0469;-0,0326;-0,9865;;False
1578,98;8.15;pa016​;20250417_161114;1;TUG2;-0,3066;1,5680;1,5520;-0,1551;0,0442;-0,0312;-0,9864;;False
1578,99;8.17;pa016​;20250417_161114;1;TUG2;-0,3076;1,5691;1,5672;-0,1565;0,0411;-0,0293;-0,9864;;False
1579,01;8.18;pa016​;20250417_161114;1;TUG2;-0,3086;1,5699;1,5823;-0,1573;0,0381;-0,0271;-0,9864;;False
1579,02;8.2;pa016​;20250417_161114;1;TUG2;-0,3097;1,5703;1,5975;-0,1587;0,0350;-0,0246;-0,9864;;False
1579,03;8.21;pa016​;20250417_161114;1;TUG2;-0,3105;1,5703;1,6127;-0,1598;0,0319;-0,0219;-0,9864;;False
1579,05;8.22;pa016​;20250417_161114;1;TUG2;-0,3111;1,5700;1,6281;-0,1604;0,0293;-0,0196;-0,9864;;False
1579,06;8.24;pa016​;20250417_161114;1;TUG2;-0,3117;1,5693;1,6437;-0,1606;0,0268;-0,0174;-0,9865;;False
1579,08;8.25;pa016​;20250417_161114;1;TUG2;-0,3122;1,5683;1,6593;-0,1603;0,0245;-0,0155;-0,9866;;False
1579,09;8.26;pa016​;20250417_161114;1;TUG2;-0,3126;1,5668;1,6753;-0,1597;0,0226;-0,0138;-0,9868;;False
1579,10;8.28;pa016​;20250417_161114;1;TUG2;-0,3132;1,5651;1,6912;-0,1595;0,0197;-0,0125;-0,9869;;False
1579,12;8.29;pa016​;20250417_161114;1;TUG2;-0,3133;1,5631;1,7075;-0,1591;0,0177;-0,0110;-0,9870;;False
1579,13;8.31;pa016​;20250417_161114;1;TUG2;-0,3135;1,5608;1,7241;-0,1583;0,0154;-0,0098;-0,9872;;False
1579,15;8.32;pa016​;20250417_161114;1;TUG2;-0,3135;1,5581;1,7408;-0,1570;0,0132;-0,0090;-0,9875;;False
1579,16;8.33;pa016​;20250417_161114;1;TUG2;-0,3135;1,5552;1,7577;-0,1565;0,0109;-0,0080;-0,9876;;False
1579,17;8.35;pa016​;20250417_161114;1;TUG2;-0,3133;1,5519;1,7745;-0,1559;0,0088;-0,0069;-0,9877;;False
1579,19;8.36;pa016​;20250417_161114;1;TUG2;-0,3131;1,5483;1,7915;-0,1551;0,0069;-0,0060;-0,9879;;False
1579,20;8.37;pa016​;20250417_161114;1;TUG2;-0,3127;1,5447;1,8085;-0,1546;0,0052;-0,0053;-0,9880;;False
1579,22;8.39;pa016​;20250417_161114;1;TUG2;-0,3122;1,5412;1,8257;-0,1543;0,0038;-0,0047;-0,9880;;False
1579,23;8.4;pa016​;20250417_161114;1;TUG2;-0,3114;1,5376;1,8428;-0,1528;0,0023;-0,0041;-0,9882;;False
1579,24;8.42;pa016​;20250417_161114;1;TUG2;-0,3104;1,5343;1,8600;-0,1519;0,0008;-0,0037;-0,9884;;False
1579,26;8.43;pa016​;20250417_161114;1;TUG2;-0,3092;1,5310;1,8775;-0,1499;-0,0006;-0,0029;-0,9887;;False
1579,27;8.44;pa016​;20250417_161114;1;TUG2;-0,3077;1,5279;1,8948;-0,1478;-0,0019;-0,0023;-0,9890;;False
1579,28;8.46;pa016​;20250417_161114;1;TUG2;-0,3059;1,5249;1,9122;-0,1451;-0,0035;-0,0011;-0,9894;;False
1579,30;8.47;pa016​;20250417_161114;1;TUG2;-0,3039;1,5218;1,9296;-0,1409;-0,0059;0,0010;-0,9900;;False
1579,31;8.49;pa016​;20250417_161114;1;TUG2;-0,3015;1,5192;1,9470;-0,1372;-0,0086;0,0035;-0,9905;;False
1579,33;8.5;pa016​;20250417_161114;1;TUG2;-0,2993;1,5192;1,9659;-0,1378;-0,0120;0,0063;-0,9904;;False
1579,34;8.51;pa016​;20250417_161114;1;TUG2;-0,2968;1,5194;1,9857;-0,1333;-0,0151;0,0096;-0,9909;;False
1579,35;8.53;pa016​;20250417_161114;1;TUG2;-0,2940;1,5202;2,0055;-0,1303;-0,0184;0,0113;-0,9912;;False
1579,37;8.54;pa016​;20250417_161114;1;TUG2;-0,2910;1,5207;2,0251;-0,1276;-0,0221;0,0137;-0,9915;;False
1579,38;8.56;pa016​;20250417_161114;1;TUG2;-0,2883;1,5189;2,0429;-0,1227;-0,0280;0,0183;-0,9919;;False
1579,40;8.57;pa016​;20250417_161114;1;TUG2;-0,2856;1,5184;2,0601;-0,1264;-0,0357;0,0251;-0,9910;;False
1579,41;8.58;pa016​;20250417_161114;1;TUG2;-0,2834;1,5188;2,0769;-0,1332;-0,0454;0,0318;-0,9895;;False
1579,42;8.6;pa016​;20250417_161114;1;TUG2;-0,2820;1,5201;2,0932;-0,1414;-0,0552;0,0382;-0,9877;;False
1579,44;8.61;pa016​;20250417_161114;1;TUG2;-0,2807;1,5218;2,1094;-0,1463;-0,0632;0,0415;-0,9864;;False
1579,45;8.62;pa016​;20250417_161114;1;TUG2;-0,2800;1,5244;2,1254;-0,1477;-0,0706;0,0421;-0,9856;;False
1579,46;8.64;pa016​;20250417_161114;1;TUG2;-0,2797;1,5275;2,1407;-0,1484;-0,0770;0,0407;-0,9851;;False
1579,48;8.65;pa016​;20250417_161114;1;TUG2;-0,2799;1,5315;2,1553;-0,1509;-0,0824;0,0375;-0,9844;;False
1579,49;8.67;pa016​;20250417_161114;1;TUG2;-0,2805;1,5356;2,1696;-0,1516;-0,0861;0,0327;-0,9841;;False
1579,51;8.68;pa016​;20250417_161114;1;TUG2;-0,2813;1,5403;2,1840;-0,1507;-0,0894;0,0286;-0,9841;;False
1579,53;8.71;pa016​;20250417_161114;1;TUG2;-0,2828;1,5498;2,2123;-0,1447;-0,0952;0,0211;-0,9847;;False
1579,55;8.72;pa016​;20250417_161114;1;TUG2;-0,2838;1,5543;2,2259;-0,1408;-0,0979;0,0183;-0,9850;;False
1579,56;8.74;pa016​;20250417_161114;1;TUG2;-0,2846;1,5583;2,2396;-0,1377;-0,1007;0,0160;-0,9852;;False
1579,58;8.75;pa016​;20250417_161114;1;TUG2;-0,2852;1,5619;2,2526;-0,1340;-0,1036;0,0139;-0,9855;;False
1579,59;8.76;pa016​;20250417_161114;1;TUG2;-0,2855;1,5649;2,2662;-0,1304;-0,1070;0,0128;-0,9856;;False
1579,60;8.78;pa016​;20250417_161114;1;TUG2;-0,2859;1,5679;2,2798;-0,1287;-0,1119;0,0123;-0,9853;;False
1579,62;8.79;pa016​;20250417_161114;1;TUG2;-0,2862;1,5699;2,2931;-0,1241;-0,1169;0,0119;-0,9853;;False
1579,63;8.81;pa016​;20250417_161114;1;TUG2;-0,2864;1,5716;2,3067;-0,1207;-0,1226;0,0120;-0,9850;;False
1579,65;8.82;pa016​;20250417_161114;1;TUG2;-0,2864;1,5729;2,3203;-0,1181;-0,1284;0,0119;-0,9846;;False
1579,66;8.83;pa016​;20250417_161114;1;TUG2;-0,2863;1,5735;2,3339;-0,1159;-0,1342;0,0111;-0,9841;;False
1579,67;8.85;pa016​;20250417_161114;1;TUG2;-0,2861;1,5737;2,3476;-0,1140;-0,1399;0,0104;-0,9835;;False
1579,69;8.86;pa016​;20250417_161114;1;TUG2;-0,2858;1,5733;2,3613;-0,1128;-0,1461;0,0096;-0,9828;;False
1579,70;8.88;pa016​;20250417_161114;1;TUG2;-0,2855;1,5727;2,3750;-0,1124;-0,1524;0,0091;-0,9819;;False
1579,72;8.89;pa016​;20250417_161114;1;TUG2;-0,2850;1,5717;2,3887;-0,1117;-0,1590;0,0086;-0,9809;;False
1579,73;8.9;pa016​;20250417_161114;1;TUG2;-0,2844;1,5702;2,4025;-0,1085;-0,1653;0,0080;-0,9802;;False
1579,74;8.92;pa016​;20250417_161114;1;TUG2;-0,2838;1,5686;2,4163;-0,1063;-0,1723;0,0077;-0,9793;;False
1579,76;8.93;pa016​;20250417_161114;1;TUG2;-0,2829;1,5669;2,4300;-0,1035;-0,1791;0,0075;-0,9783;;False
1579,77;8.94;pa016​;20250417_161114;1;TUG2;-0,2821;1,5649;2,4436;-0,1012;-0,1872;0,0080;-0,9771;;False
1579,78;8.96;pa016​;20250417_161114;1;TUG2;-0,2810;1,5625;2,4569;-0,0990;-0,1954;0,0087;-0,9757;;False
1579,80;8.97;pa016​;20250417_161114;1;TUG2;-0,2799;1,5603;2,4703;-0,0976;-0,2039;0,0096;-0,9741;;False
1579,81;8.99;pa016​;20250417_161114;1;TUG2;-0,2787;1,5582;2,4838;-0,0956;-0,2131;0,0110;-0,9723;;False
1579,83;9.0;pa016​;20250417_161114;1;TUG2;-0,2773;1,5560;2,4971;-0,0933;-0,2230;0,0125;-0,9703;;False
1579,84;9.01;pa016​;20250417_161114;1;TUG2;-0,2759;1,5532;2,5100;-0,0908;-0,2329;0,0126;-0,9682;;False
1579,85;9.03;pa016​;20250417_161114;1;TUG2;-0,2744;1,5504;2,5228;-0,0890;-0,2425;0,0134;-0,9660;;False
1579,87;9.04;pa016​;20250417_161114;1;TUG2;-0,2726;1,5487;2,5359;-0,0888;-0,2528;0,0147;-0,9633;Collision avec Gauche1 - Objet Parent Plot1;False
1579,88;9.06;pa016​;20250417_161114;1;TUG2;-0,2708;1,5475;2,5495;-0,0880;-0,2643;0,0177;-0,9603;Collision avec Gauche1 - Objet Parent Plot1;False
1579,90;9.07;pa016​;20250417_161114;1;TUG2;-0,2686;1,5476;2,5636;-0,0890;-0,2765;0,0225;-0,9566;Collision avec Gauche1 - Objet Parent Plot1;False
1579,91;9.08;pa016​;20250417_161114;1;TUG2;-0,2660;1,5480;2,5779;-0,0881;-0,2898;0,0278;-0,9526;Collision avec Gauche1 - Objet Parent Plot1;False
1579,92;9.1;pa016​;20250417_161114;1;TUG2;-0,2635;1,5476;2,5915;-0,0886;-0,3019;0,0306;-0,9487;Collision avec Gauche1 - Objet Parent Plot1;False
1579,94;9.11;pa016​;20250417_161114;1;TUG2;-0,2611;1,5473;2,6043;-0,0923;-0,3121;0,0304;-0,9451;Collision avec Gauche1 - Objet Parent Plot1;False
1579,95;9.13;pa016​;20250417_161114;1;TUG2;-0,2585;1,5475;2,6169;-0,0986;-0,3198;0,0279;-0,9419;Collision avec Gauche1 - Objet Parent Plot1;False
1579,97;9.14;pa016​;20250417_161114;1;TUG2;-0,2558;1,5486;2,6293;-0,1067;-0,3265;0,0256;-0,9388;Collision avec Gauche1 - Objet Parent Plot1;False
1579,98;9.15;pa016​;20250417_161114;1;TUG2;-0,2530;1,5496;2,6410;-0,1139;-0,3332;0,0232;-0,9357;Collision avec Gauche1 - Objet Parent Plot1;False
1579,99;9.17;pa016​;20250417_161114;1;TUG2;-0,2502;1,5512;2,6521;-0,1188;-0,3387;0,0207;-0,9331;Collision avec Gauche1 - Objet Parent Plot1;False
1580,01;9.18;pa016​;20250417_161114;1;TUG2;-0,2468;1,5530;2,6632;-0,1198;-0,3440;0,0194;-0,9311;Collision avec Gauche1 - Objet Parent Plot1;False
1580,02;9.2;pa016​;20250417_161114;1;TUG2;-0,2435;1,5554;2,6735;-0,1202;-0,3499;0,0192;-0,9288;Collision avec Gauche1 - Objet Parent Plot1;False
1580,04;9.21;pa016​;20250417_161114;1;TUG2;-0,2398;1,5576;2,6832;-0,1201;-0,3547;0,0191;-0,9270;Collision avec Gauche1 - Objet Parent Plot1;False
1580,05;9.22;pa016​;20250417_161114;1;TUG2;-0,2358;1,5600;2,6924;-0,1202;-0,3593;0,0202;-0,9252;Collision avec Gauche1 - Objet Parent Plot1;False
1580,06;9.24;pa016​;20250417_161114;1;TUG2;-0,2312;1,5627;2,7014;-0,1193;-0,3640;0,0215;-0,9235;Collision avec Gauche1 - Objet Parent Plot1;False
1580,08;9.25;pa016​;20250417_161114;1;TUG2;-0,2261;1,5651;2,7101;-0,1174;-0,3690;0,0231;-0,9217;Collision avec Gauche1 - Objet Parent Plot1;False
1580,09;9.27;pa016​;20250417_161114;1;TUG2;-0,2208;1,5672;2,7182;-0,1155;-0,3745;0,0253;-0,9197;Collision avec Gauche1 - Objet Parent Plot1;False
1580,11;9.28;pa016​;20250417_161114;1;TUG2;-0,2149;1,5689;2,7258;-0,1136;-0,3805;0,0287;-0,9173;Collision avec Gauche1 - Objet Parent Plot1;False
1580,12;9.29;pa016​;20250417_161114;1;TUG2;-0,2086;1,5704;2,7330;-0,1113;-0,3874;0,0318;-0,9146;Collision avec Gauche1 - Objet Parent Plot1;False
1580,13;9.31;pa016​;20250417_161114;1;TUG2;-0,2018;1,5716;2,7399;-0,1089;-0,3950;0,0357;-0,9115;Collision avec Chemin1 - Objet Parent Plot1;False
1580,15;9.32;pa016​;20250417_161114;1;TUG2;-0,1947;1,5725;2,7465;-0,1065;-0,4037;0,0401;-0,9078;Collision avec Chemin1 - Objet Parent Plot1;False
1580,16;9.33;pa016​;20250417_161114;1;TUG2;-0,1871;1,5729;2,7526;-0,1036;-0,4126;0,0443;-0,9039;Collision avec Chemin1 - Objet Parent Plot1;False
1580,17;9.35;pa016​;20250417_161114;1;TUG2;-0,1793;1,5731;2,7585;-0,1014;-0,4223;0,0485;-0,8995;Collision avec Chemin1 - Objet Parent Plot1;False
1580,19;9.36;pa016​;20250417_161114;1;TUG2;-0,1710;1,5729;2,7640;-0,0991;-0,4323;0,0526;-0,8947;Collision avec Chemin1 - Objet Parent Plot1;False
1580,20;9.38;pa016​;20250417_161114;1;TUG2;-0,1624;1,5723;2,7691;-0,0972;-0,4427;0,0565;-0,8896;Collision avec Chemin1 - Objet Parent Plot1;False
1580,22;9.39;pa016​;20250417_161114;1;TUG2;-0,1539;1,5714;2,7738;-0,0960;-0,4535;0,0611;-0,8840;Collision avec Chemin1 - Objet Parent Plot1;False
1580,23;9.4;pa016​;20250417_161114;1;TUG2;-0,1450;1,5702;2,7780;-0,0959;-0,4650;0,0659;-0,8776;Collision avec Chemin1 - Objet Parent Plot1;False
1580,24;9.42;pa016​;20250417_161114;1;TUG2;-0,1357;1,5688;2,7818;-0,0953;-0,4768;0,0696;-0,8711;Collision avec Chemin1 - Objet Parent Plot1;False
1580,26;9.43;pa016​;20250417_161114;1;TUG2;-0,1260;1,5673;2,7853;-0,0949;-0,4882;0,0730;-0,8645;Collision avec Chemin1 - Objet Parent Plot1;False
1580,27;9.45;pa016​;20250417_161114;1;TUG2;-0,1160;1,5656;2,7885;-0,0938;-0,4993;0,0758;-0,8580;Collision avec Chemin1 - Objet Parent Plot1;False
1580,29;9.46;pa016​;20250417_161114;1;TUG2;-0,1057;1,5638;2,7913;-0,0929;-0,5105;0,0792;-0,8512;Collision avec Droite1 - Objet Parent Plot1;False
1580,30;9.47;pa016​;20250417_161114;1;TUG2;-0,0954;1,5616;2,7934;-0,0910;-0,5215;0,0831;-0,8443;Collision avec Droite1 - Objet Parent Plot1;False
1580,31;9.49;pa016​;20250417_161114;1;TUG2;-0,0849;1,5594;2,7952;-0,0895;-0,5326;0,0868;-0,8371;Collision avec Droite1 - Objet Parent Plot1;False
1580,33;9.5;pa016​;20250417_161114;1;TUG2;-0,0740;1,5570;2,7964;-0,0875;-0,5433;0,0905;-0,8301;Collision avec Droite1 - Objet Parent Plot1;False
1580,34;9.51;pa016​;20250417_161114;1;TUG2;-0,0626;1,5545;2,7973;-0,0848;-0,5539;0,0947;-0,8228;Collision avec Droite1 - Objet Parent Plot1;False
1580,35;9.53;pa016​;20250417_161114;1;TUG2;-0,0509;1,5519;2,7978;-0,0824;-0,5640;0,0985;-0,8157;Collision avec Droite1 - Objet Parent Plot1;False
1580,37;9.54;pa016​;20250417_161114;1;TUG2;-0,0392;1,5490;2,7979;-0,0790;-0,5740;0,1024;-0,8086;Collision avec Droite1 - Objet Parent Plot1;False
1580,38;9.56;pa016​;20250417_161114;1;TUG2;-0,0269;1,5462;2,7976;-0,0757;-0,5836;0,1070;-0,8014;Collision avec Droite1 - Objet Parent Plot1;False
1580,40;9.57;pa016​;20250417_161114;1;TUG2;-0,0141;1,5433;2,7971;-0,0719;-0,5933;0,1110;-0,7940;Collision avec Droite1 - Objet Parent Plot1;False
1580,41;9.58;pa016​;20250417_161114;1;TUG2;-0,0010;1,5403;2,7958;-0,0675;-0,6030;0,1152;-0,7865;Collision avec Droite1 - Objet Parent Plot1;False
1580,42;9.6;pa016​;20250417_161114;1;TUG2;0,0123;1,5368;2,7940;-0,0626;-0,6129;0,1191;-0,7786;Collision avec Droite1 - Objet Parent Plot1;False
1580,44;9.61;pa016​;20250417_161114;1;TUG2;0,0260;1,5333;2,7920;-0,0590;-0,6231;0,1231;-0,7702;Collision avec Droite1 - Objet Parent Plot1;False
1580,45;9.63;pa016​;20250417_161114;1;TUG2;0,0403;1,5301;2,7898;-0,0553;-0,6339;0,1277;-0,7608;Collision avec Droite1 - Objet Parent Plot1;False
1580,47;9.64;pa016​;20250417_161114;1;TUG2;0,0554;1,5283;2,7873;-0,0549;-0,6447;0,1356;-0,7503;Collision avec Droite1 - Objet Parent Plot1;False
1580,48;9.65;pa016​;20250417_161114;1;TUG2;0,0721;1,5280;2,7845;-0,0535;-0,6563;0,1439;-0,7387;Collision avec Droite1 - Objet Parent Plot1;False
1580,49;9.67;pa016​;20250417_161114;1;TUG2;0,0871;1,5245;2,7809;-0,0472;-0,6693;0,1450;-0,7271;Collision avec Droite1 - Objet Parent Plot1;False
1580,51;9.68;pa016​;20250417_161114;1;TUG2;0,1001;1,5204;2,7772;-0,0419;-0,6821;0,1471;-0,7150;Collision avec Droite1 - Objet Parent Plot1;False
1580,52;9.7;pa016​;20250417_161114;1;TUG2;0,1116;1,5174;2,7733;-0,0407;-0,6956;0,1534;-0,7007;Collision avec Droite1 - Objet Parent Plot1;False
1580,54;9.71;pa016​;20250417_161114;1;TUG2;0,1222;1,5147;2,7690;-0,0413;-0,7089;0,1616;-0,6854;Collision avec Droite1 - Objet Parent Plot1;False
1580,55;9.72;pa016​;20250417_161114;1;TUG2;0,1321;1,5129;2,7649;-0,0428;-0,7221;0,1689;-0,6695;;False
1580,56;9.74;pa016​;20250417_161114;1;TUG2;0,1416;1,5122;2,7609;-0,0438;-0,7346;0,1757;-0,6539;;False
1580,58;9.75;pa016​;20250417_161114;1;TUG2;0,1507;1,5118;2,7570;-0,0412;-0,7477;0,1787;-0,6382;;False
1580,59;9.77;pa016​;20250417_161114;1;TUG2;0,1588;1,5119;2,7533;-0,0379;-0,7607;0,1793;-0,6227;;False
1580,60;9.78;pa016​;20250417_161114;1;TUG2;0,1665;1,5127;2,7498;-0,0359;-0,7732;0,1805;-0,6068;;False
1580,62;9.79;pa016​;20250417_161114;1;TUG2;0,1736;1,5138;2,7463;-0,0349;-0,7852;0,1805;-0,5913;;False
1580,63;9.81;pa016​;20250417_161114;1;TUG2;0,1801;1,5151;2,7430;-0,0342;-0,7973;0,1805;-0,5750;;False
1580,65;9.82;pa016​;20250417_161114;1;TUG2;0,1863;1,5169;2,7395;-0,0335;-0,8092;0,1805;-0,5581;;False
1580,66;9.83;pa016​;20250417_161114;1;TUG2;0,1920;1,5188;2,7359;-0,0336;-0,8212;0,1794;-0,5407;;False
1580,67;9.85;pa016​;20250417_161114;1;TUG2;0,1974;1,5209;2,7322;-0,0337;-0,8331;0,1774;-0,5228;;False
1580,69;9.86;pa016​;20250417_161114;1;TUG2;0,2026;1,5234;2,7281;-0,0345;-0,8446;0,1744;-0,5050;;False
1580,70;9.88;pa016​;20250417_161114;1;TUG2;0,2075;1,5258;2,7240;-0,0341;-0,8562;0,1710;-0,4864;;False
1580,72;9.89;pa016​;20250417_161114;1;TUG2;0,2121;1,5286;2,7197;-0,0342;-0,8673;0,1674;-0,4675;;False
1580,73;9.9;pa016​;20250417_161114;1;TUG2;0,2166;1,5312;2,7150;-0,0340;-0,8780;0,1630;-0,4487;;False
1580,74;9.92;pa016​;20250417_161114;1;TUG2;0,2208;1,5339;2,7098;-0,0336;-0,8886;0,1582;-0,4293;;False
1580,76;9.93;pa016​;20250417_161114;1;TUG2;0,2249;1,5364;2,7045;-0,0324;-0,8988;0,1550;-0,4088;;False
1580,77;9.95;pa016​;20250417_161114;1;TUG2;0,2288;1,5385;2,6991;-0,0309;-0,9085;0,1517;-0,3881;;False
1580,79;9.96;pa016​;20250417_161114;1;TUG2;0,2324;1,5405;2,6936;-0,0300;-0,9178;0,1488;-0,3670;;False
1580,80;9.97;pa016​;20250417_161114;1;TUG2;0,2360;1,5421;2,6878;-0,0287;-0,9264;0,1460;-0,3459;;False
1580,81;9.99;pa016​;20250417_161114;1;TUG2;0,2395;1,5433;2,6819;-0,0267;-0,9347;0,1433;-0,3242;;False
1580,83;10.0;pa016​;20250417_161114;1;TUG2;0,2429;1,5444;2,6760;-0,0252;-0,9423;0,1414;-0,3024;;False
1580,84;10.01;pa016​;20250417_161114;1;TUG2;0,2464;1,5453;2,6700;-0,0241;-0,9490;0,1412;-0,2810;;False
1580,86;10.03;pa016​;20250417_161114;1;TUG2;0,2499;1,5458;2,6640;-0,0225;-0,9551;0,1407;-0,2597;;False
1580,87;10.04;pa016​;20250417_161114;1;TUG2;0,2532;1,5464;2,6579;-0,0206;-0,9605;0,1406;-0,2391;;False
1580,88;10.06;pa016​;20250417_161114;1;TUG2;0,2567;1,5464;2,6521;-0,0184;-0,9655;0,1393;-0,2193;;False
1580,90;10.07;pa016​;20250417_161114;1;TUG2;0,2605;1,5466;2,6463;-0,0173;-0,9697;0,1382;-0,2007;;False
1580,91;10.08;pa016​;20250417_161114;1;TUG2;0,2646;1,5464;2,6407;-0,0156;-0,9734;0,1364;-0,1834;;False
1580,92;10.1;pa016​;20250417_161114;1;TUG2;0,2689;1,5460;2,6353;-0,0138;-0,9765;0,1357;-0,1667;;False
1580,94;10.11;pa016​;20250417_161114;1;TUG2;0,2735;1,5454;2,6302;-0,0120;-0,9792;0,1347;-0,1511;;False
1580,95;10.13;pa016​;20250417_161114;1;TUG2;0,2781;1,5443;2,6253;-0,0106;-0,9815;0,1335;-0,1368;;False
1580,97;10.14;pa016​;20250417_161114;1;TUG2;0,2831;1,5428;2,6207;-0,0100;-0,9835;0,1316;-0,1234;;False
1580,98;10.15;pa016​;20250417_161114;1;TUG2;0,2883;1,5413;2,6161;-0,0088;-0,9851;0,1310;-0,1112;;False
1580,99;10.17;pa016​;20250417_161114;1;TUG2;0,2938;1,5393;2,6119;-0,0086;-0,9864;0,1307;-0,0990;;False
1581,01;10.18;pa016​;20250417_161114;1;TUG2;0,2994;1,5376;2,6078;-0,0071;-0,9872;0,1328;-0,0875;;False
1581,02;10.2;pa016​;20250417_161114;1;TUG2;0,3051;1,5355;2,6039;-0,0060;-0,9881;0,1333;-0,0759;;False
1581,03;10.21;pa016​;20250417_161114;1;TUG2;0,3113;1,5350;2,5994;-0,0032;-0,9884;0,1377;-0,0633;;False
1581,05;10.22;pa016​;20250417_161114;1;TUG2;0,3178;1,5354;2,5939;0,0012;-0,9888;0,1405;-0,0499;;False
1581,06;10.24;pa016​;20250417_161114;1;TUG2;0,3239;1,5339;2,5894;-0,0003;-0,9898;0,1369;-0,0395;;False
1581,08;10.25;pa016​;20250417_161114;1;TUG2;0,3302;1,5330;2,5854;-0,0025;-0,9900;0,1378;-0,0314;;False
1581,09;10.27;pa016​;20250417_161114;1;TUG2;0,3365;1,5333;2,5802;-0,0049;-0,9900;0,1387;-0,0237;;False
1581,10;10.28;pa016​;20250417_161114;1;TUG2;0,3424;1,5339;2,5750;-0,0100;-0,9901;0,1390;-0,0174;;False
1581,12;10.29;pa016​;20250417_161114;1;TUG2;0,3482;1,5350;2,5698;-0,0164;-0,9898;0,1412;-0,0135;;False
1581,13;10.31;pa016​;20250417_161114;1;TUG2;0,3538;1,5366;2,5640;-0,0209;-0,9895;0,1428;-0,0100;;False
1581,15;10.32;pa016​;20250417_161114;1;TUG2;0,3589;1,5385;2,5581;-0,0229;-0,9896;0,1420;-0,0071;;False
1581,16;10.33;pa016​;20250417_161114;1;TUG2;0,3637;1,5409;2,5519;-0,0242;-0,9895;0,1425;-0,0044;;False
1581,17;10.35;pa016​;20250417_161114;1;TUG2;0,3680;1,5435;2,5449;-0,0236;-0,9896;0,1421;-0,0025;;False
1581,19;10.36;pa016​;20250417_161114;1;TUG2;0,3716;1,5460;2,5376;-0,0218;-0,9897;0,1417;-0,0009;;False
1581,20;10.38;pa016​;20250417_161114;1;TUG2;0,3749;1,5484;2,5302;-0,0201;-0,9897;0,1418;0,0009;;False
1581,22;10.39;pa016​;20250417_161114;1;TUG2;0,3780;1,5508;2,5225;-0,0180;-0,9897;0,1420;0,0029;;False
1581,23;10.4;pa016​;20250417_161114;1;TUG2;0,3806;1,5529;2,5143;-0,0155;-0,9898;0,1415;0,0053;;False
1581,24;10.42;pa016​;20250417_161114;1;TUG2;0,3830;1,5544;2,5058;-0,0135;-0,9899;0,1410;0,0080;;False
1581,26;10.43;pa016​;20250417_161114;1;TUG2;0,3849;1,5550;2,4971;-0,0115;-0,9899;0,1409;0,0108;;False
1581,27;10.44;pa016​;20250417_161114;1;TUG2;0,3864;1,5552;2,4884;-0,0097;-0,9898;0,1416;0,0141;;False
1581,29;10.46;pa016​;20250417_161114;1;TUG2;0,3877;1,5551;2,4796;-0,0087;-0,9894;0,1438;0,0185;;False
1581,30;10.47;pa016​;20250417_161114;1;TUG2;0,3887;1,5543;2,4706;-0,0076;-0,9891;0,1453;0,0230;;False
1581,31;10.49;pa016​;20250417_161114;1;TUG2;0,3893;1,5528;2,4613;-0,0065;-0,9886;0,1478;0,0278;;False
1581,33;10.5;pa016​;20250417_161114;1;TUG2;0,3898;1,5510;2,4518;-0,0056;-0,9883;0,1488;0,0329;;False
1581,34;10.51;pa016​;20250417_161114;1;TUG2;0,3903;1,5489;2,4420;-0,0042;-0,9878;0,1508;0,0385;;False
1581,35;10.53;pa016​;20250417_161114;1;TUG2;0,3907;1,5463;2,4324;-0,0032;-0,9873;0,1527;0,0437;;False
1581,37;10.54;pa016​;20250417_161114;1;TUG2;0,3910;1,5432;2,4227;-0,0021;-0,9868;0,1545;0,0488;;False
1581,38;10.56;pa016​;20250417_161114;1;TUG2;0,3911;1,5401;2,4122;-0,0012;-0,9861;0,1568;0,0541;;False
1581,40;10.57;pa016​;20250417_161114;1;TUG2;0,3910;1,5367;2,4017;-0,0008;-0,9856;0,1584;0,0584;;False
1581,41;10.58;pa016​;20250417_161114;1;TUG2;0,3910;1,5337;2,3910;-0,0011;-0,9849;0,1614;0,0625;;False
1581,42;10.6;pa016​;20250417_161114;1;TUG2;0,3908;1,5306;2,3801;-0,0015;-0,9845;0,1626;0,0659;;False
1581,44;10.61;pa016​;20250417_161114;1;TUG2;0,3903;1,5273;2,3684;-0,0025;-0,9844;0,1619;0,0687;;False
1581,45;10.63;pa016​;20250417_161114;1;TUG2;0,3897;1,5242;2,3565;-0,0036;-0,9842;0,1621;0,0709;;False
1581,47;10.64;pa016​;20250417_161114;1;TUG2;0,3888;1,5208;2,3444;-0,0046;-0,9842;0,1617;0,0726;;False
1581,48;10.65;pa016​;20250417_161114;1;TUG2;0,3877;1,5175;2,3319;-0,0053;-0,9840;0,1621;0,0738;;False
1581,49;10.67;pa016​;20250417_161114;1;TUG2;0,3860;1,5142;2,3186;-0,0060;-0,9841;0,1614;0,0743;;False
1581,51;10.68;pa016​;20250417_161114;1;TUG2;0,3838;1,5112;2,3052;-0,0061;-0,9841;0,1608;0,0750;;False
1581,52;10.7;pa016​;20250417_161114;1;TUG2;0,3812;1,5076;2,2922;-0,0066;-0,9838;0,1630;0,0750;;False
1581,53;10.71;pa016​;20250417_161114;1;TUG2;0,3782;1,5053;2,2780;-0,0065;-0,9832;0,1665;0,0747;;False
1581,55;10.72;pa016​;20250417_161114;1;TUG2;0,3746;1,5028;2,2634;-0,0051;-0,9834;0,1655;0,0747;;False
1581,56;10.74;pa016​;20250417_161114;1;TUG2;0,3706;1,5008;2,2489;-0,0035;-0,9833;0,1656;0,0754;;False
1581,58;10.75;pa016​;20250417_161114;1;TUG2;0,3664;1,4986;2,2344;-0,0005;-0,9831;0,1663;0,0763;;False
1581,59;10.77;pa016​;20250417_161114;1;TUG2;0,3616;1,4979;2,2195;0,0025;-0,9826;0,1695;0,0764;;False
1581,60;10.78;pa016​;20250417_161114;1;TUG2;0,3568;1,4975;2,2039;0,0055;-0,9823;0,1707;0,0771;;False
1581,62;10.79;pa016​;20250417_161114;1;TUG2;0,3515;1,4994;2,1869;0,0088;-0,9817;0,1737;0,0774;;False
1581,63;10.81;pa016​;20250417_161114;1;TUG2;0,3460;1,5000;2,1704;0,0119;-0,9823;0,1697;0,0782;;False
1581,65;10.82;pa016​;20250417_161114;1;TUG2;0,3406;1,5005;2,1551;0,0134;-0,9820;0,1714;0,0785;;False
1581,66;10.83;pa016​;20250417_161114;1;TUG2;0,3351;1,5023;2,1398;0,0148;-0,9812;0,1760;0,0784;;False
1581,67;10.85;pa016​;20250417_161114;1;TUG2;0,3297;1,5040;2,1249;0,0157;-0,9806;0,1789;0,0787;;False
1581,69;10.86;pa016​;20250417_161114;1;TUG2;0,3248;1,5069;2,1101;0,0173;-0,9795;0,1845;0,0792;;False
1581,70;10.88;pa016​;20250417_161114;1;TUG2;0,3199;1,5099;2,0953;0,0191;-0,9790;0,1865;0,0795;;False
1581,72;10.89;pa016​;20250417_161114;1;TUG2;0,3151;1,5133;2,0803;0,0211;-0,9791;0,1852;0,0810;;False
1581,73;10.9;pa016​;20250417_161114;1;TUG2;0,3106;1,5164;2,0658;0,0227;-0,9793;0,1835;0,0825;;False
1581,74;10.92;pa016​;20250417_161114;1;TUG2;0,3062;1,5194;2,0512;0,0244;-0,9792;0,1834;0,0836;;False
1581,76;10.93;pa016​;20250417_161114;1;TUG2;0,3021;1,5227;2,0362;0,0248;-0,9790;0,1838;0,0849;;False
1581,77;10.95;pa016​;20250417_161114;1;TUG2;0,2980;1,5257;2,0216;0,0248;-0,9788;0,1842;0,0860;;False
1581,79;10.96;pa016​;20250417_161114;1;TUG2;0,2942;1,5287;2,0070;0,0243;-0,9783;0,1865;0,0870;;False
1581,80;10.97;pa016​;20250417_161114;1;TUG2;0,2904;1,5316;1,9922;0,0240;-0,9777;0,1891;0,0879;;False
1581,81;10.99;pa016​;20250417_161114;1;TUG2;0,2870;1,5340;1,9776;0,0229;-0,9772;0,1914;0,0884;;False
1581,83;11.0;pa016​;20250417_161114;1;TUG2;0,2835;1,5362;1,9631;0,0218;-0,9769;0,1937;0,0879;;False
1581,84;11.01;pa016​;20250417_161114;1;TUG2;0,2801;1,5387;1,9483;0,0193;-0,9768;0,1947;0,0866;;False
1581,85;11.03;pa016​;20250417_161114;1;TUG2;0,2768;1,5408;1,9343;0,0173;-0,9768;0,1961;0,0849;;False
1581,87;11.04;pa016​;20250417_161114;1;TUG2;0,2735;1,5424;1,9201;0,0152;-0,9767;0,1978;0,0824;;False
1581,88;11.06;pa016​;20250417_161114;1;TUG2;0,2702;1,5436;1,9054;0,0133;-0,9770;0,1975;0,0797;;False
1581,90;11.07;pa016​;20250417_161114;1;TUG2;0,2667;1,5446;1,8907;0,0118;-0,9775;0,1959;0,0769;;False
1581,91;11.08;pa016​;20250417_161114;1;TUG2;0,2631;1,5453;1,8762;0,0102;-0,9782;0,1939;0,0740;;False
1581,92;11.1;pa016​;20250417_161114;1;TUG2;0,2593;1,5456;1,8618;0,0095;-0,9787;0,1922;0,0714;;False
1581,94;11.11;pa016​;20250417_161114;1;TUG2;0,2555;1,5453;1,8473;0,0091;-0,9792;0,1907;0,0693;;False
1581,95;11.13;pa016​;20250417_161114;1;TUG2;0,2515;1,5445;1,8326;0,0093;-0,9796;0,1891;0,0667;;False
1581,96;11.14;pa016​;20250417_161114;1;TUG2;0,2476;1,5435;1,8180;0,0098;-0,9799;0,1882;0,0649;;False
1581,98;11.15;pa016​;20250417_161114;1;TUG2;0,2434;1,5419;1,8030;0,0100;-0,9802;0,1874;0,0629;;False
1581,99;11.17;pa016​;20250417_161114;1;TUG2;0,2393;1,5403;1,7881;0,0104;-0,9806;0,1862;0,0610;;False
1582,01;11.18;pa016​;20250417_161114;1;TUG2;0,2351;1,5382;1,7728;0,0109;-0,9808;0,1853;0,0600;;False
1582,02;11.2;pa016​;20250417_161114;1;TUG2;0,2310;1,5357;1,7577;0,0117;-0,9809;0,1852;0,0588;;False
1582,03;11.21;pa016​;20250417_161114;1;TUG2;0,2268;1,5330;1,7424;0,0122;-0,9810;0,1849;0,0578;;False
1582,05;11.22;pa016​;20250417_161114;1;TUG2;0,2226;1,5306;1,7270;0,0129;-0,9810;0,1850;0,0570;;False
1582,06;11.24;pa016​;20250417_161114;1;TUG2;0,2184;1,5283;1,7114;0,0134;-0,9812;0,1843;0,0564;;False
1582,08;11.25;pa016​;20250417_161114;1;TUG2;0,2144;1,5258;1,6953;0,0135;-0,9815;0,1823;0,0563;;False
1582,09;11.26;pa016​;20250417_161114;1;TUG2;0,2105;1,5234;1,6797;0,0134;-0,9819;0,1803;0,0563;;False
1582,10;11.28;pa016​;20250417_161114;1;TUG2;0,2067;1,5208;1,6635;0,0126;-0,9824;0,1774;0,0567;;False
1582,12;11.29;pa016​;20250417_161114;1;TUG2;0,2032;1,5188;1,6478;0,0125;-0,9827;0,1755;0,0576;;False
1582,13;11.31;pa016​;20250417_161114;1;TUG2;0,1998;1,5168;1,6318;0,0126;-0,9828;0,1748;0,0588;;False
1582,15;11.32;pa016​;20250417_161114;1;TUG2;0,1967;1,5152;1,6155;0,0127;-0,9829;0,1737;0,0603;;False
1582,16;11.33;pa016​;20250417_161114;1;TUG2;0,1939;1,5139;1,5991;0,0123;-0,9833;0,1706;0,0616;;False
1582,17;11.35;pa016​;20250417_161114;1;TUG2;0,1912;1,5134;1,5823;0,0113;-0,9838;0,1675;0,0624;;False
1582,19;11.36;pa016​;20250417_161114;1;TUG2;0,1885;1,5150;1,5642;0,0093;-0,9840;0,1667;0,0619;;False
1582,20;11.38;pa016​;20250417_161114;1;TUG2;0,1860;1,5165;1,5457;0,0066;-0,9848;0,1624;0,0612;;False
1582,21;11.39;pa016​;20250417_161114;1;TUG2;0,1841;1,5173;1,5287;0,0030;-0,9850;0,1617;0,0594;;False
1582,23;11.4;pa016​;20250417_161114;1;TUG2;0,1821;1,5186;1,5116;-0,0029;-0,9852;0,1622;0,0549;;False
1582,24;11.42;pa016​;20250417_161114;1;TUG2;0,1801;1,5193;1,4957;-0,0102;-0,9855;0,1622;0,0491;;False
1582,26;11.43;pa016​;20250417_161114;1;TUG2;0,1777;1,5205;1,4812;-0,0179;-0,9848;0,1678;0,0409;;False
1582,27;11.44;pa016​;20250417_161114;1;TUG2;0,1750;1,5230;1,4668;-0,0225;-0,9835;0,1764;0,0338;;False
1582,29;11.46;pa016​;20250417_161114;1;TUG2;0,1717;1,5267;1,4517;-0,0214;-0,9832;0,1789;0,0301;;False
1582,30;11.47;pa016​;20250417_161114;1;TUG2;0,1679;1,5305;1,4366;-0,0204;-0,9837;0,1763;0,0273;;False
1582,31;11.49;pa016​;20250417_161114;1;TUG2;0,1637;1,5341;1,4225;-0,0202;-0,9844;0,1731;0,0240;;False
1582,33;11.5;pa016​;20250417_161114;1;TUG2;0,1594;1,5378;1,4088;-0,0185;-0,9846;0,1724;0,0205;;False
1582,34;11.51;pa016​;20250417_161114;1;TUG2;0,1547;1,5414;1,3949;-0,0162;-0,9850;0,1707;0,0179;;False
1582,36;11.53;pa016​;20250417_161114;1;TUG2;0,1497;1,5449;1,3814;-0,0129;-0,9853;0,1698;0,0158;;False
1582,37;11.54;pa016​;20250417_161114;1;TUG2;0,1446;1,5483;1,3681;-0,0097;-0,9854;0,1696;0,0140;;False
1582,38;11.56;pa016​;20250417_161114;1;TUG2;0,1396;1,5516;1,3549;-0,0050;-0,9854;0,1699;0,0132;;False
1582,40;11.57;pa016​;20250417_161114;1;TUG2;0,1346;1,5547;1,3418;-0,0007;-0,9854;0,1696;0,0131;;False
1582,41;11.58;pa016​;20250417_161114;1;TUG2;0,1297;1,5576;1,3288;0,0035;-0,9855;0,1692;0,0135;;False
1582,42;11.6;pa016​;20250417_161114;1;TUG2;0,1252;1,5601;1,3157;0,0067;-0,9856;0,1684;0,0141;;False
1582,44;11.61;pa016​;20250417_161114;1;TUG2;0,1208;1,5624;1,3026;0,0088;-0,9858;0,1672;0,0145;;False
1582,45;11.63;pa016​;20250417_161114;1;TUG2;0,1165;1,5644;1,2892;0,0103;-0,9860;0,1658;0,0146;;False
1582,47;11.64;pa016​;20250417_161114;1;TUG2;0,1124;1,5660;1,2757;0,0113;-0,9863;0,1642;0,0147;;False
1582,48;11.65;pa016​;20250417_161114;1;TUG2;0,1085;1,5670;1,2622;0,0117;-0,9865;0,1629;0,0146;;False
1582,49;11.67;pa016​;20250417_161114;1;TUG2;0,1049;1,5674;1,2485;0,0113;-0,9867;0,1617;0,0142;;False
1582,51;11.68;pa016​;20250417_161114;1;TUG2;0,1012;1,5674;1,2345;0,0109;-0,9868;0,1609;0,0138;;False
1582,52;11.7;pa016​;20250417_161114;1;TUG2;0,0975;1,5669;1,2203;0,0102;-0,9869;0,1607;0,0132;;False
1582,53;11.71;pa016​;20250417_161114;1;TUG2;0,0938;1,5660;1,2060;0,0094;-0,9868;0,1610;0,0124;;False
1582,55;11.72;pa016​;20250417_161114;1;TUG2;0,0901;1,5646;1,1917;0,0082;-0,9868;0,1616;0,0114;;False
1582,56;11.74;pa016​;20250417_161114;1;TUG2;0,0866;1,5627;1,1774;0,0073;-0,9866;0,1624;0,0102;;False
1582,58;11.75;pa016​;20250417_161114;1;TUG2;0,0829;1,5607;1,1629;0,0069;-0,9865;0,1633;0,0090;;False
1582,59;11.76;pa016​;20250417_161114;1;TUG2;0,0792;1,5583;1,1486;0,0059;-0,9864;0,1638;0,0075;;False
1582,60;11.78;pa016​;20250417_161114;1;TUG2;0,0756;1,5560;1,1342;0,0042;-0,9862;0,1651;0,0053;;False
1582,62;11.79;pa016​;20250417_161114;1;TUG2;0,0719;1,5532;1,1204;0,0024;-0,9864;0,1645;0,0027;;False
1582,63;11.81;pa016​;20250417_161114;1;TUG2;0,0682;1,5508;1,1064;0,0004;-0,9863;0,1647;-0,0006;;False
1582,65;11.82;pa016​;20250417_161114;1;TUG2;0,0643;1,5483;1,0925;-0,0014;-0,9864;0,1644;-0,0040;;False
1582,66;11.83;pa016​;20250417_161114;1;TUG2;0,0603;1,5459;1,0786;-0,0034;-0,9864;0,1642;-0,0081;;False
1582,67;11.85;pa016​;20250417_161114;1;TUG2;0,0562;1,5438;1,0648;-0,0052;-0,9865;0,1633;-0,0123;;False
1582,69;11.86;pa016​;20250417_161114;1;TUG2;0,0520;1,5416;1,0510;-0,0065;-0,9869;0,1602;-0,0170;;False
1582,70;11.88;pa016​;20250417_161114;1;TUG2;0,0478;1,5399;1,0371;-0,0079;-0,9871;0,1585;-0,0210;;False
1582,71;11.89;pa016​;20250417_161114;1;TUG2;0,0432;1,5389;1,0227;-0,0084;-0,9871;0,1580;-0,0260;;False
1582,73;11.9;pa016​;20250417_161114;1;TUG2;0,0384;1,5399;1,0071;-0,0098;-0,9866;0,1602;-0,0309;;False
1582,74;11.92;pa016​;20250417_161114;1;TUG2;0,0332;1,5401;0,9918;-0,0122;-0,9865;0,1590;-0,0373;;False
1582,76;11.93;pa016​;20250417_161114;1;TUG2;0,0282;1,5401;0,9777;-0,0123;-0,9860;0,1608;-0,0424;;False
1582,77;11.94;pa016​;20250417_161114;1;TUG2;0,0235;1,5404;0,9634;-0,0074;-0,9857;0,1622;-0,0440;;False
1582,78;11.96;pa016​;20250417_161114;1;TUG2;0,0187;1,5417;0,9492;0,0001;-0,9853;0,1651;-0,0436;;False
1582,80;11.97;pa016​;20250417_161114;1;TUG2;0,0143;1,5433;0,9355;0,0067;-0,9848;0,1684;-0,0416;;False
1582,81;11.99;pa016​;20250417_161114;1;TUG2;0,0103;1,5452;0,9218;0,0121;-0,9846;0,1700;-0,0397;;False
1582,83;12.0;pa016​;20250417_161114;1;TUG2;0,0069;1,5475;0,9080;0,0157;-0,9847;0,1696;-0,0380;;False
1582,84;12.01;pa016​;20250417_161114;1;TUG2;0,0040;1,5499;0,8942;0,0177;-0,9849;0,1681;-0,0369;;False
1582,86;12.03;pa016​;20250417_161114;1;TUG2;0,0017;1,5526;0,8805;0,0185;-0,9852;0,1663;-0,0360;;False
1582,87;12.04;pa016​;20250417_161114;1;TUG2;-0,0002;1,5552;0,8668;0,0184;-0,9855;0,1648;-0,0359;;False
1582,88;12.06;pa016​;20250417_161114;1;TUG2;-0,0016;1,5576;0,8535;0,0166;-0,9857;0,1638;-0,0366;;False
1582,89;12.07;pa016​;20250417_161114;1;TUG2;-0,0027;1,5600;0,8402;0,0140;-0,9856;0,1641;-0,0380;;False
1582,91;12.08;pa016​;20250417_161114;1;TUG2;-0,0035;1,5620;0,8268;0,0109;-0,9855;0,1645;-0,0396;;False
1582,92;12.1;pa016​;20250417_161114;1;TUG2;-0,0040;1,5635;0,8137;0,0079;-0,9854;0,1652;-0,0412;;False
1582,94;12.11;pa016​;20250417_161114;1;TUG2;-0,0043;1,5649;0,8006;0,0052;-0,9850;0,1669;-0,0426;;False
1582,95;12.13;pa016​;20250417_161114;1;TUG2;-0,0043;1,5660;0,7878;0,0032;-0,9847;0,1690;-0,0436;;False
1582,96;12.14;pa016​;20250417_161114;1;TUG2;-0,0043;1,5669;0,7750;0,0016;-0,9843;0,1711;-0,0440;;False
1582,98;12.15;pa016​;20250417_161114;1;TUG2;-0,0042;1,5673;0,7622;0,0001;-0,9839;0,1732;-0,0439;;False
1582,99;12.17;pa016​;20250417_161114;1;TUG2;-0,0041;1,5675;0,7494;-0,0012;-0,9837;0,1748;-0,0432;;False
1583,01;12.18;pa016​;20250417_161114;1;TUG2;-0,0039;1,5675;0,7366;-0,0022;-0,9835;0,1759;-0,0425;;False
1583,02;12.19;pa016​;20250417_161114;1;TUG2;-0,0037;1,5673;0,7239;-0,0027;-0,9834;0,1767;-0,0409;;False
1583,03;12.21;pa016​;20250417_161114;1;TUG2;-0,0033;1,5669;0,7112;-0,0029;-0,9834;0,1774;-0,0392;;False
1583,05;12.22;pa016​;20250417_161114;1;TUG2;-0,0027;1,5664;0,6985;-0,0033;-0,9834;0,1777;-0,0373;;False
1583,06;12.24;pa016​;20250417_161114;1;TUG2;-0,0021;1,5657;0,6857;-0,0033;-0,9835;0,1776;-0,0353;;False
1583,08;12.25;pa016​;20250417_161114;1;TUG2;-0,0013;1,5647;0,6729;-0,0033;-0,9837;0,1768;-0,0332;;False
1583,09;12.26;pa016​;20250417_161114;1;TUG2;-0,0005;1,5636;0,6602;-0,0031;-0,9838;0,1762;-0,0314;;False
1583,10;12.28;pa016​;20250417_161114;1;TUG2;0,0005;1,5622;0,6475;-0,0026;-0,9841;0,1752;-0,0295;;False
1583,12;12.29;pa016​;20250417_161114;1;TUG2;0,0015;1,5605;0,6348;-0,0014;-0,9843;0,1743;-0,0275;;False
1583,13;12.31;pa016​;20250417_161114;1;TUG2;0,0026;1,5589;0,6221;0,0003;-0,9844;0,1741;-0,0253;;False
1583,15;12.32;pa016​;20250417_161114;1;TUG2;0,0037;1,5568;0,6094;0,0022;-0,9847;0,1727;-0,0226;;False
1583,16;12.33;pa016​;20250417_161114;1;TUG2;0,0049;1,5549;0,5967;0,0043;-0,9848;0,1724;-0,0197;;False
1583,17;12.35;pa016​;20250417_161114;1;TUG2;0,0062;1,5529;0,5841;0,0066;-0,9849;0,1722;-0,0167;;False
1583,19;12.36;pa016​;20250417_161114;1;TUG2;0,0076;1,5509;0,5714;0,0091;-0,9849;0,1723;-0,0133;;False
1583,20;12.38;pa016​;20250417_161114;1;TUG2;0,0089;1,5488;0,5589;0,0118;-0,9850;0,1720;-0,0095;;False
1583,22;12.39;pa016​;20250417_161114;1;TUG2;0,0102;1,5466;0,5465;0,0145;-0,9850;0,1716;-0,0057;;False
1583,23;12.4;pa016​;20250417_161114;1;TUG2;0,0115;1,5449;0,5341;0,0167;-0,9850;0,1720;-0,0016;;False
1583,24;12.42;pa016​;20250417_161114;1;TUG2;0,0130;1,5437;0,5214;0,0200;-0,9848;0,1727;0,0026;;False
1583,26;12.43;pa016​;20250417_161114;1;TUG2;0,0145;1,5435;0,5083;0,0240;-0,9844;0,1742;0,0079;;False
1583,27;12.44;pa016​;20250417_161114;1;TUG2;0,0161;1,5435;0,4953;0,0286;-0,9839;0,1757;0,0140;;False
1583,28;12.46;pa016​;20250417_161114;1;TUG2;0,0176;1,5444;0,4821;0,0322;-0,9828;0,1805;0,0199;;False
1583,30;12.47;pa016​;20250417_161114;1;TUG2;0,0190;1,5435;0,4701;0,0336;-0,9827;0,1801;0,0251;;False
1583,31;12.49;pa016​;20250417_161114;1;TUG2;0,0203;1,5440;0,4585;0,0335;-0,9818;0,1849;0,0286;;False
1583,33;12.5;pa016​;20250417_161114;1;TUG2;0,0213;1,5447;0,4464;0,0320;-0,9813;0,1874;0,0313;;False
1583,34;12.51;pa016​;20250417_161114;1;TUG2;0,0221;1,5459;0,4346;0,0325;-0,9807;0,1897;0,0351;;False
1583,35;12.53;pa016​;20250417_161114;1;TUG2;0,0224;1,5475;0,4228;0,0331;-0,9801;0,1921;0,0386;;False
1583,37;12.54;pa016​;20250417_161114;1;TUG2;0,0225;1,5488;0,4112;0,0345;-0,9799;0,1920;0,0426;;False
1583,38;12.56;pa016​;20250417_161114;1;TUG2;0,0221;1,5502;0,3996;0,0363;-0,9796;0,1919;0,0466;;False
1583,40;12.57;pa016​;20250417_161114;1;TUG2;0,0213;1,5516;0,3880;0,0374;-0,9795;0,1915;0,0508;;False
1583,41;12.58;pa016​;20250417_161114;1;TUG2;0,0200;1,5528;0,3764;0,0383;-0,9792;0,1917;0,0544;;False
1583,42;12.6;pa016​;20250417_161114;1;TUG2;0,0180;1,5535;0,3653;0,0399;-0,9788;0,1925;0,0583;;False
1583,44;12.61;pa016​;20250417_161114;1;TUG2;0,0156;1,5539;0,3545;0,0420;-0,9780;0,1946;0,0624;;False
1583,45;12.63;pa016​;20250417_161114;1;TUG2;0,0126;1,5541;0,3440;0,0453;-0,9771;0,1966;0,0675;;False
1583,47;12.64;pa016​;20250417_161114;1;TUG2;0,0090;1,5541;0,3337;0,0498;-0,9761;0,1986;0,0735;;False
1583,48;12.65;pa016​;20250417_161114;1;TUG2;0,0048;1,5538;0,3238;0,0549;-0,9748;0,2009;0,0801;;False
1583,49;12.67;pa016​;20250417_161114;1;TUG2;0,0000;1,5530;0,3146;0,0611;-0,9733;0,2029;0,0880;;False
1583,51;12.68;pa016​;20250417_161114;1;TUG2;-0,0050;1,5522;0,3058;0,0675;-0,9717;0,2048;0,0968;;False
1583,52;12.7;pa016​;20250417_161114;1;TUG2;-0,0107;1,5513;0,2974;0,0743;-0,9699;0,2062;0,1064;;False
1583,53;12.71;pa016​;20250417_161114;1;TUG2;-0,0167;1,5501;0,2894;0,0803;-0,9680;0,2072;0,1165;;False
1583,55;12.72;pa016​;20250417_161114;1;TUG2;-0,0233;1,5487;0,2819;0,0862;-0,9662;0,2075;0,1266;;False
1583,56;12.74;pa016​;20250417_161114;1;TUG2;-0,0299;1,5473;0,2749;0,0917;-0,9642;0,2075;0,1373;;False
1583,58;12.75;pa016​;20250417_161114;1;TUG2;-0,0367;1,5455;0,2686;0,0966;-0,9623;0,2066;0,1482;;False
1583,59;12.76;pa016​;20250417_161114;1;TUG2;-0,0436;1,5436;0,2630;0,1002;-0,9603;0,2062;0,1589;;False
1583,60;12.78;pa016​;20250417_161114;1;TUG2;-0,0509;1,5418;0,2579;0,1030;-0,9584;0,2060;0,1687;;False
1583,62;12.79;pa016​;20250417_161114;1;TUG2;-0,0585;1,5400;0,2533;0,1058;-0,9564;0,2058;0,1781;;False
1583,63;12.81;pa016​;20250417_161114;1;TUG2;-0,0663;1,5383;0,2491;0,1081;-0,9546;0,2054;0,1866;;False
1583,65;12.82;pa016​;20250417_161114;1;TUG2;-0,0743;1,5367;0,2453;0,1104;-0,9530;0,2040;0,1951;;False
1583,66;12.83;pa016​;20250417_161114;1;TUG2;-0,0827;1,5351;0,2418;0,1130;-0,9515;0,2014;0,2035;;False
1583,67;12.85;pa016​;20250417_161114;1;TUG2;-0,0916;1,5332;0,2388;0,1165;-0,9500;0,1974;0,2121;;False
1583,69;12.86;pa016​;20250417_161114;1;TUG2;-0,1008;1,5316;0,2360;0,1212;-0,9479;0,1953;0,2206;;False
1583,70;12.88;pa016​;20250417_161114;1;TUG2;-0,1107;1,5306;0,2327;0,1279;-0,9451;0,1939;0,2300;;False
1583,72;12.89;pa016​;20250417_161114;1;TUG2;-0,1203;1,5282;0,2299;0,1377;-0,9418;0,1880;0,2424;;False
1583,73;12.9;pa016​;20250417_161114;1;TUG2;-0,1291;1,5251;0,2282;0,1527;-0,9364;0,1828;0,2579;;False
1583,74;12.92;pa016​;20250417_161114;1;TUG2;-0,1380;1,5217;0,2267;0,1684;-0,9298;0,1785;0,2744;;False
1583,76;12.93;pa016​;20250417_161114;1;TUG2;-0,1466;1,5186;0,2253;0,1835;-0,9217;0,1770;0,2924;;False
1583,77;12.95;pa016​;20250417_161114;1;TUG2;-0,1549;1,5153;0,2241;0,1968;-0,9133;0,1761;0,3099;;False
1583,79;12.96;pa016​;20250417_161114;1;TUG2;-0,1624;1,5121;0,2230;0,2081;-0,9041;0,1771;0,3285;;False
1583,80;12.97;pa016​;20250417_161114;1;TUG2;-0,1698;1,5090;0,2218;0,2168;-0,8954;0,1775;0,3460;;False
1583,81;12.99;pa016​;20250417_161114;1;TUG2;-0,1770;1,5062;0,2204;0,2227;-0,8869;0,1783;0,3634;;False
1583,83;13.0;pa016​;20250417_161114;1;TUG2;-0,1839;1,5035;0,2189;0,2273;-0,8781;0,1782;0,3814;;False
1583,84;13.01;pa016​;20250417_161114;1;TUG2;-0,1904;1,5009;0,2175;0,2314;-0,8691;0,1791;0,3988;;False
1583,85;13.03;pa016​;20250417_161114;1;TUG2;-0,1964;1,4986;0,2160;0,2343;-0,8599;0,1814;0,4157;;False
1583,87;13.04;pa016​;20250417_161114;1;TUG2;-0,2022;1,4961;0,2144;0,2365;-0,8507;0,1836;0,4320;;False
1583,88;13.06;pa016​;20250417_161114;1;TUG2;-0,2076;1,4937;0,2127;0,2389;-0,8414;0,1867;0,4473;;False
1583,90;13.07;pa016​;20250417_161114;1;TUG2;-0,2126;1,4913;0,2112;0,2413;-0,8323;0,1904;0,4614;;False
1583,91;13.08;pa016​;20250417_161114;1;TUG2;-0,2172;1,4888;0,2098;0,2443;-0,8230;0,1938;0,4749;;False
1583,93;13.1;pa016​;20250417_161114;1;TUG2;-0,2214;1,4866;0,2084;0,2482;-0,8136;0,1983;0,4870;;False
1583,94;13.11;pa016​;20250417_161114;1;TUG2;-0,2254;1,4843;0,2070;0,2522;-0,8041;0,2013;0,4993;;False
1583,95;13.13;pa016​;20250417_161114;1;TUG2;-0,2292;1,4821;0,2056;0,2567;-0,7946;0,2030;0,5114;;False
1583,96;13.14;pa016​;20250417_161114;1;TUG2;-0,2329;1,4799;0,2043;0,2610;-0,7849;0,2041;0,5236;;False
1583,98;13.15;pa016​;20250417_161114;1;TUG2;-0,2362;1,4776;0,2031;0,2655;-0,7752;0,2042;0,5355;;False
1583,99;13.17;pa016​;20250417_161114;1;TUG2;-0,2393;1,4751;0,2020;0,2700;-0,7652;0,2040;0,5477;;False
1584,01;13.18;pa016​;20250417_161114;1;TUG2;-0,2422;1,4725;0,2009;0,2745;-0,7546;0,2039;0,5601;;False
1584,02;13.2;pa016​;20250417_161114;1;TUG2;-0,2449;1,4696;0,1997;0,2784;-0,7441;0,2029;0,5724;;False
1584,03;13.21;pa016​;20250417_161114;1;TUG2;-0,2475;1,4666;0,1983;0,2820;-0,7331;0,2028;0,5847;;False
1584,05;13.22;pa016​;20250417_161114;1;TUG2;-0,2497;1,4632;0,1970;0,2850;-0,7222;0,2025;0,5968;;False
1584,06;13.24;pa016​;20250417_161114;1;TUG2;-0,2516;1,4597;0,1955;0,2882;-0,7112;0,2033;0,6081;;False
1584,08;13.25;pa016​;20250417_161114;1;TUG2;-0,2533;1,4561;0,1938;0,2915;-0,6999;0,2040;0,6193;;False
1584,09;13.26;pa016​;20250417_161114;1;TUG2;-0,2550;1,4524;0,1921;0,2942;-0,6892;0,2053;0,6295;;False
1584,10;13.28;pa016​;20250417_161114;1;TUG2;-0,2568;1,4486;0,1903;0,2968;-0,6786;0,2062;0,6395;;False
1584,12;13.29;pa016​;20250417_161114;1;TUG2;-0,2584;1,4447;0,1882;0,2980;-0,6681;0,2067;0,6497;;False
1584,13;13.31;pa016​;20250417_161114;1;TUG2;-0,2600;1,4406;0,1861;0,2995;-0,6578;0,2065;0,6595;;False
1584,15;13.32;pa016​;20250417_161114;1;TUG2;-0,2616;1,4366;0,1838;0,3010;-0,6473;0,2064;0,6692;;False
1584,16;13.33;pa016​;20250417_161114;1;TUG2;-0,2634;1,4323;0,1814;0,3026;-0,6368;0,2061;0,6786;;False
1584,17;13.35;pa016​;20250417_161114;1;TUG2;-0,2650;1,4279;0,1792;0,3041;-0,6263;0,2056;0,6878;;False
1584,19;13.36;pa016​;20250417_161114;1;TUG2;-0,2662;1,4229;0,1767;0,3054;-0,6154;0,2044;0,6973;;False
1584,20;13.38;pa016​;20250417_161114;1;TUG2;-0,2673;1,4179;0,1743;0,3081;-0,6044;0,2042;0,7058;;False
1584,21;13.39;pa016​;20250417_161114;1;TUG2;-0,2689;1,4129;0,1718;0,3120;-0,5935;0,2050;0,7130;;False
1584,23;13.4;pa016​;20250417_161114;1;TUG2;-0,2710;1,4078;0,1694;0,3171;-0,5820;0,2059;0,7199;;False
1584,24;13.42;pa016​;20250417_161114;1;TUG2;-0,2722;1,4018;0,1668;0,3199;-0,5714;0,2049;0,7275;;False
1584,26;13.43;pa016​;20250417_161114;1;TUG2;-0,2726;1,3957;0,1641;0,3222;-0,5624;0,2051;0,7333;;False
1584,27;13.44;pa016​;20250417_161114;1;TUG2;-0,2727;1,3892;0,1613;0,3245;-0,5545;0,2064;0,7380;;False
1584,29;13.46;pa016​;20250417_161114;1;TUG2;-0,2727;1,3830;0,1584;0,3291;-0,5468;0,2095;0,7408;;False
1584,30;13.47;pa016​;20250417_161114;1;TUG2;-0,2725;1,3770;0,1557;0,3356;-0,5382;0,2125;0,7433;;False
1584,31;13.49;pa016​;20250417_161114;1;TUG2;-0,2721;1,3712;0,1534;0,3424;-0,5305;0,2150;0,7450;;False
1584,33;13.5;pa016​;20250417_161114;1;TUG2;-0,2713;1,3656;0,1511;0,3479;-0,5235;0,2171;0,7469;;False
1584,34;13.51;pa016​;20250417_161114;1;TUG2;-0,2704;1,3603;0,1488;0,3536;-0,5166;0,2185;0,7486;;False
1584,35;13.53;pa016​;20250417_161114;1;TUG2;-0,2693;1,3552;0,1467;0,3580;-0,5097;0,2182;0,7513;;False
1584,37;13.54;pa016​;20250417_161114;1;TUG2;-0,2681;1,3505;0,1453;0,3623;-0,5032;0,2183;0,7536;;False
1584,38;13.56;pa016​;20250417_161114;1;TUG2;-0,2667;1,3461;0,1441;0,3654;-0,4967;0,2178;0,7566;;False
1584,40;13.57;pa016​;20250417_161114;1;TUG2;-0,2652;1,3418;0,1433;0,3677;-0,4910;0,2169;0,7594;;False
1584,41;13.58;pa016​;20250417_161114;1;TUG2;-0,2638;1,3377;0,1427;0,3699;-0,4855;0,2159;0,7622;;False
1584,42;13.6;pa016​;20250417_161114;1;TUG2;-0,2621;1,3336;0,1424;0,3717;-0,4800;0,2145;0,7651;;False
1584,44;13.61;pa016​;20250417_161114;1;TUG2;-0,2601;1,3294;0,1426;0,3744;-0,4745;0,2127;0,7677;;False
1584,45;13.63;pa016​;20250417_161114;1;TUG2;-0,2577;1,3252;0,1430;0,3769;-0,4682;0,2107;0,7709;;False
1584,46;13.64;pa016​;20250417_161114;1;TUG2;-0,2552;1,3208;0,1437;0,3802;-0,4619;0,2084;0,7737;;False
1584,48;13.65;pa016​;20250417_161114;1;TUG2;-0,2526;1,3163;0,1445;0,3840;-0,4551;0,2059;0,7766;;False
1584,49;13.67;pa016​;20250417_161114;1;TUG2;-0,2498;1,3118;0,1456;0,3882;-0,4478;0,2035;0,7793;;False
1584,51;13.68;pa016​;20250417_161114;1;TUG2;-0,2467;1,3072;0,1472;0,3924;-0,4404;0,2008;0,7822;;False
1584,52;13.7;pa016​;20250417_161114;1;TUG2;-0,2435;1,3025;0,1490;0,3963;-0,4328;0,1984;0,7850;;False
1584,53;13.71;pa016​;20250417_161114;1;TUG2;-0,2401;1,2975;0,1509;0,4000;-0,4255;0,1961;0,7877;;False
1584,55;13.72;pa016​;20250417_161114;1;TUG2;-0,2366;1,2922;0,1529;0,4031;-0,4189;0,1938;0,7902;;False
1584,56;13.74;pa016​;20250417_161114;1;TUG2;-0,2329;1,2868;0,1550;0,4060;-0,4124;0,1920;0,7926;;False
1584,58;13.75;pa016​;20250417_161114;1;TUG2;-0,2288;1,2810;0,1573;0,4090;-0,4070;0,1899;0,7944;;False
1584,59;13.76;pa016​;20250417_161114;1;TUG2;-0,2245;1,2752;0,1596;0,4128;-0,4013;0,1886;0,7956;;False
1584,60;13.78;pa016​;20250417_161114;1;TUG2;-0,2199;1,2690;0,1619;0,4158;-0,3956;0,1861;0,7975;;False
1584,62;13.79;pa016​;20250417_161114;1;TUG2;-0,2152;1,2630;0,1645;0,4190;-0,3897;0,1829;0,7994;;False
1584,63;13.81;pa016​;20250417_161114;1;TUG2;-0,2100;1,2568;0,1670;0,4221;-0,3833;0,1798;0,8016;;False
1584,65;13.82;pa016​;20250417_161114;1;TUG2;-0,2046;1,2509;0,1694;0,4261;-0,3760;0,1770;0,8036;;False
1584,66;13.83;pa016​;20250417_161114;1;TUG2;-0,1992;1,2449;0,1723;0,4295;-0,3692;0,1739;0,8056;;False
