Timestamp;ElapsedTime;ID_Subject;ID_Session;sessionNumber;ID_Test;HeadPosition_X;HeadPosition_Y;HeadPosition_Z;HeadRotation_X;HeadRotation_Y;HeadRotation_Z;HeadRotation_W;Events;FalseStart
386,19;0.0;p031​;20250325_091248;1;F8W2;-0,0840;1,6875;1,0869;-0,0243;0,0015;-0,0018;-0,9997;;False
386,22;0.03;p031​;20250325_091248;1;F8W2;-0,0834;1,6875;1,0879;-0,0252;0,0008;-0,0016;-0,9997;;False
386,27;0.08;p031​;20250325_091248;1;F8W2;-0,0822;1,6870;1,0904;-0,0277;-0,0011;-0,0009;-0,9996;;False
386,29;0.1;p031​;20250325_091248;1;F8W2;-0,0819;1,6867;1,0910;-0,0285;-0,0017;-0,0005;-0,9996;;False
386,30;0.11;p031​;20250325_091248;1;F8W2;-0,0815;1,6864;1,0915;-0,0294;-0,0024;0,0000;-0,9996;;False
386,31;0.12;p031​;20250325_091248;1;F8W2;-0,0812;1,6861;1,0920;-0,0306;-0,0031;0,0004;-0,9995;;False
386,33;0.14;p031​;20250325_091248;1;F8W2;-0,0809;1,6858;1,0924;-0,0321;-0,0039;0,0007;-0,9995;;False
386,34;0.15;p031​;20250325_091248;1;F8W2;-0,0805;1,6855;1,0928;-0,0335;-0,0045;0,0010;-0,9994;;False
386,36;0.16;p031​;20250325_091248;1;F8W2;-0,0802;1,6851;1,0931;-0,0348;-0,0051;0,0015;-0,9994;;False
386,37;0.18;p031​;20250325_091248;1;F8W2;-0,0798;1,6849;1,0934;-0,0360;-0,0058;0,0019;-0,9993;;False
386,38;0.19;p031​;20250325_091248;1;F8W2;-0,0796;1,6846;1,0936;-0,0370;-0,0065;0,0024;-0,9993;;False
386,40;0.21;p031​;20250325_091248;1;F8W2;-0,0792;1,6844;1,0937;-0,0377;-0,0070;0,0028;-0,9993;;False
386,41;0.22;p031​;20250325_091248;1;F8W2;-0,0790;1,6843;1,0938;-0,0384;-0,0075;0,0033;-0,9992;;False
386,43;0.23;p031​;20250325_091248;1;F8W2;-0,0787;1,6843;1,0938;-0,0387;-0,0081;0,0037;-0,9992;;False
386,44;0.25;p031​;20250325_091248;1;F8W2;-0,0785;1,6842;1,0937;-0,0388;-0,0086;0,0042;-0,9992;;False
386,45;0.26;p031​;20250325_091248;1;F8W2;-0,0783;1,6842;1,0935;-0,0387;-0,0091;0,0047;-0,9992;;False
386,47;0.28;p031​;20250325_091248;1;F8W2;-0,0780;1,6841;1,0935;-0,0385;-0,0094;0,0049;-0,9992;;False
386,48;0.29;p031​;20250325_091248;1;F8W2;-0,0779;1,6841;1,0933;-0,0382;-0,0097;0,0052;-0,9992;;False
386,50;0.3;p031​;20250325_091248;1;F8W2;-0,0777;1,6842;1,0929;-0,0381;-0,0098;0,0052;-0,9992;;False
386,51;0.32;p031​;20250325_091248;1;F8W2;-0,0778;1,6843;1,0924;-0,0377;-0,0100;0,0053;-0,9992;;False
386,52;0.33;p031​;20250325_091248;1;F8W2;-0,0777;1,6844;1,0919;-0,0373;-0,0101;0,0055;-0,9992;;False
386,54;0.35;p031​;20250325_091248;1;F8W2;-0,0777;1,6846;1,0915;-0,0371;-0,0101;0,0056;-0,9992;;False
386,55;0.36;p031​;20250325_091248;1;F8W2;-0,0778;1,6846;1,0911;-0,0367;-0,0099;0,0055;-0,9993;;False
386,57;0.37;p031​;20250325_091248;1;F8W2;-0,0778;1,6847;1,0907;-0,0364;-0,0097;0,0055;-0,9993;;False
386,58;0.39;p031​;20250325_091248;1;F8W2;-0,0779;1,6848;1,0903;-0,0359;-0,0094;0,0056;-0,9993;;False
386,59;0.4;p031​;20250325_091248;1;F8W2;-0,0779;1,6849;1,0899;-0,0354;-0,0088;0,0056;-0,9993;;False
386,61;0.42;p031​;20250325_091248;1;F8W2;-0,0781;1,6851;1,0896;-0,0349;-0,0083;0,0056;-0,9993;;False
386,62;0.43;p031​;20250325_091248;1;F8W2;-0,0784;1,6852;1,0894;-0,0345;-0,0078;0,0056;-0,9994;;False
386,63;0.44;p031​;20250325_091248;1;F8W2;-0,0786;1,6852;1,0892;-0,0342;-0,0071;0,0054;-0,9994;;False
386,65;0.46;p031​;20250325_091248;1;F8W2;-0,0787;1,6853;1,0889;-0,0340;-0,0064;0,0053;-0,9994;;False
386,66;0.47;p031​;20250325_091248;1;F8W2;-0,0789;1,6852;1,0886;-0,0337;-0,0058;0,0052;-0,9994;;False
386,68;0.48;p031​;20250325_091248;1;F8W2;-0,0791;1,6853;1,0883;-0,0336;-0,0053;0,0051;-0,9994;;False
386,69;0.5;p031​;20250325_091248;1;F8W2;-0,0793;1,6854;1,0880;-0,0332;-0,0049;0,0050;-0,9994;;False
386,72;0.53;p031​;20250325_091248;1;F8W2;-0,0796;1,6855;1,0874;-0,0329;-0,0039;0,0048;-0,9994;;False
386,73;0.54;p031​;20250325_091248;1;F8W2;-0,0798;1,6855;1,0871;-0,0327;-0,0034;0,0049;-0,9994;;False
386,75;0.55;p031​;20250325_091248;1;F8W2;-0,0800;1,6858;1,0871;-0,0325;-0,0029;0,0048;-0,9995;;False
386,76;0.57;p031​;20250325_091248;1;F8W2;-0,0802;1,6860;1,0871;-0,0322;-0,0026;0,0049;-0,9995;;False
386,77;0.58;p031​;20250325_091248;1;F8W2;-0,0803;1,6862;1,0870;-0,0319;-0,0025;0,0050;-0,9995;;False
386,79;0.6;p031​;20250325_091248;1;F8W2;-0,0805;1,6863;1,0869;-0,0316;-0,0023;0,0049;-0,9995;;False
386,80;0.61;p031​;20250325_091248;1;F8W2;-0,0806;1,6863;1,0867;-0,0311;-0,0024;0,0049;-0,9995;;False
386,81;0.62;p031​;20250325_091248;1;F8W2;-0,0808;1,6864;1,0865;-0,0306;-0,0025;0,0049;-0,9995;;False
386,83;0.64;p031​;20250325_091248;1;F8W2;-0,0809;1,6865;1,0864;-0,0301;-0,0027;0,0047;-0,9995;;False
386,84;0.65;p031​;20250325_091248;1;F8W2;-0,0810;1,6867;1,0863;-0,0295;-0,0029;0,0044;-0,9995;;False
386,86;0.67;p031​;20250325_091248;1;F8W2;-0,0812;1,6868;1,0862;-0,0290;-0,0031;0,0041;-0,9996;;False
386,87;0.68;p031​;20250325_091248;1;F8W2;-0,0813;1,6870;1,0862;-0,0284;-0,0032;0,0038;-0,9996;;False
386,88;0.69;p031​;20250325_091248;1;F8W2;-0,0815;1,6872;1,0864;-0,0276;-0,0035;0,0036;-0,9996;;False
386,90;0.71;p031​;20250325_091248;1;F8W2;-0,0818;1,6874;1,0865;-0,0271;-0,0033;0,0034;-0,9996;;False
386,91;0.72;p031​;20250325_091248;1;F8W2;-0,0820;1,6874;1,0865;-0,0267;-0,0031;0,0034;-0,9996;;False
386,93;0.73;p031​;20250325_091248;1;F8W2;-0,0823;1,6875;1,0866;-0,0265;-0,0027;0,0032;-0,9996;;False
386,94;0.75;p031​;20250325_091248;1;F8W2;-0,0826;1,6875;1,0868;-0,0262;-0,0022;0,0031;-0,9996;;False
386,97;0.78;p031​;20250325_091248;1;F8W2;-0,0834;1,6876;1,0873;-0,0260;-0,0009;0,0027;-0,9997;;False
386,98;0.79;p031​;20250325_091248;1;F8W2;-0,0837;1,6875;1,0875;-0,0261;-0,0002;0,0025;-0,9997;;False
387,00;0.81;p031​;20250325_091248;1;F8W2;-0,0840;1,6875;1,0877;-0,0261;0,0005;0,0022;-0,9997;;False
387,01;0.82;p031​;20250325_091248;1;F8W2;-0,0843;1,6875;1,0880;-0,0263;0,0013;0,0018;-0,9997;;False
387,02;0.83;p031​;20250325_091248;1;F8W2;-0,0846;1,6875;1,0882;-0,0265;0,0021;0,0014;-0,9996;;False
387,04;0.85;p031​;20250325_091248;1;F8W2;-0,0849;1,6875;1,0885;-0,0266;0,0027;0,0010;-0,9996;;False
387,05;0.86;p031​;20250325_091248;1;F8W2;-0,0852;1,6875;1,0888;-0,0268;0,0032;0,0009;-0,9996;;False
387,07;0.87;p031​;20250325_091248;1;F8W2;-0,0854;1,6874;1,0890;-0,0268;0,0036;0,0008;-0,9996;;False
387,08;0.89;p031​;20250325_091248;1;F8W2;-0,0858;1,6874;1,0894;-0,0270;0,0041;0,0005;-0,9996;;False
387,09;0.9;p031​;20250325_091248;1;F8W2;-0,0861;1,6874;1,0898;-0,0273;0,0044;0,0001;-0,9996;;False
387,12;0.93;p031​;20250325_091248;1;F8W2;-0,0866;1,6873;1,0904;-0,0278;0,0050;-0,0002;-0,9996;;False
387,15;0.96;p031​;20250325_091248;1;F8W2;-0,0870;1,6872;1,0910;-0,0281;0,0054;-0,0002;-0,9996;;False
387,18;0.99;p031​;20250325_091248;1;F8W2;-0,0873;1,6871;1,0917;-0,0283;0,0056;-0,0002;-0,9996;;False
387,19;1.0;p031​;20250325_091248;1;F8W2;-0,0875;1,6871;1,0919;-0,0286;0,0058;-0,0003;-0,9996;;False
387,22;1.03;p031​;20250325_091248;1;F8W2;-0,0879;1,6870;1,0925;-0,0291;0,0059;-0,0004;-0,9996;;False
387,23;1.04;p031​;20250325_091248;1;F8W2;-0,0881;1,6869;1,0928;-0,0293;0,0059;-0,0006;-0,9996;;False
387,25;1.05;p031​;20250325_091248;1;F8W2;-0,0881;1,6869;1,0931;-0,0297;0,0060;-0,0006;-0,9995;;False
387,26;1.07;p031​;20250325_091248;1;F8W2;-0,0883;1,6868;1,0933;-0,0299;0,0059;-0,0007;-0,9995;;False
387,27;1.08;p031​;20250325_091248;1;F8W2;-0,0884;1,6866;1,0936;-0,0300;0,0058;-0,0008;-0,9995;;False
387,29;1.1;p031​;20250325_091248;1;F8W2;-0,0885;1,6865;1,0938;-0,0303;0,0057;-0,0008;-0,9995;;False
387,30;1.11;p031​;20250325_091248;1;F8W2;-0,0885;1,6864;1,0941;-0,0306;0,0055;-0,0008;-0,9995;;False
387,32;1.12;p031​;20250325_091248;1;F8W2;-0,0886;1,6863;1,0943;-0,0309;0,0053;-0,0009;-0,9995;;False
387,33;1.14;p031​;20250325_091248;1;F8W2;-0,0886;1,6862;1,0945;-0,0312;0,0050;-0,0011;-0,9995;;False
387,34;1.15;p031​;20250325_091248;1;F8W2;-0,0886;1,6862;1,0948;-0,0314;0,0044;-0,0011;-0,9995;;False
387,36;1.17;p031​;20250325_091248;1;F8W2;-0,0886;1,6861;1,0951;-0,0317;0,0040;-0,0011;-0,9995;;False
387,37;1.18;p031​;20250325_091248;1;F8W2;-0,0885;1,6860;1,0953;-0,0318;0,0033;-0,0011;-0,9995;;False
387,38;1.19;p031​;20250325_091248;1;F8W2;-0,0884;1,6860;1,0955;-0,0321;0,0026;-0,0012;-0,9995;;False
387,40;1.21;p031​;20250325_091248;1;F8W2;-0,0883;1,6859;1,0957;-0,0322;0,0019;-0,0011;-0,9995;;False
387,41;1.22;p031​;20250325_091248;1;F8W2;-0,0882;1,6858;1,0958;-0,0324;0,0010;-0,0012;-0,9995;;False
387,43;1.23;p031​;20250325_091248;1;F8W2;-0,0880;1,6858;1,0959;-0,0325;0,0004;-0,0011;-0,9995;;False
387,44;1.25;p031​;20250325_091248;1;F8W2;-0,0879;1,6858;1,0960;-0,0326;-0,0005;-0,0010;-0,9995;;False
387,45;1.26;p031​;20250325_091248;1;F8W2;-0,0878;1,6857;1,0961;-0,0324;-0,0013;-0,0010;-0,9995;;False
387,47;1.28;p031​;20250325_091248;1;F8W2;-0,0877;1,6857;1,0963;-0,0324;-0,0019;-0,0009;-0,9995;;False
387,48;1.29;p031​;20250325_091248;1;F8W2;-0,0876;1,6858;1,0964;-0,0324;-0,0026;-0,0007;-0,9995;;False
387,50;1.3;p031​;20250325_091248;1;F8W2;-0,0876;1,6859;1,0966;-0,0325;-0,0031;-0,0007;-0,9995;;False
387,51;1.32;p031​;20250325_091248;1;F8W2;-0,0875;1,6859;1,0967;-0,0325;-0,0036;-0,0006;-0,9995;;False
387,52;1.33;p031​;20250325_091248;1;F8W2;-0,0874;1,6858;1,0968;-0,0324;-0,0041;-0,0004;-0,9995;;False
387,54;1.35;p031​;20250325_091248;1;F8W2;-0,0873;1,6858;1,0970;-0,0324;-0,0043;-0,0001;-0,9995;;False
387,55;1.36;p031​;20250325_091248;1;F8W2;-0,0873;1,6858;1,0971;-0,0325;-0,0046;-0,0001;-0,9995;;False
387,57;1.37;p031​;20250325_091248;1;F8W2;-0,0873;1,6858;1,0973;-0,0326;-0,0049;0,0000;-0,9995;;False
387,58;1.39;p031​;20250325_091248;1;F8W2;-0,0872;1,6858;1,0974;-0,0325;-0,0051;0,0003;-0,9995;;False
387,59;1.4;p031​;20250325_091248;1;F8W2;-0,0872;1,6857;1,0976;-0,0326;-0,0053;0,0004;-0,9995;;False
387,61;1.42;p031​;20250325_091248;1;F8W2;-0,0872;1,6857;1,0977;-0,0325;-0,0053;0,0006;-0,9995;;False
387,62;1.43;p031​;20250325_091248;1;F8W2;-0,0873;1,6858;1,0977;-0,0325;-0,0052;0,0005;-0,9995;;False
387,63;1.44;p031​;20250325_091248;1;F8W2;-0,0873;1,6858;1,0978;-0,0325;-0,0050;0,0006;-0,9995;;False
387,65;1.46;p031​;20250325_091248;1;F8W2;-0,0873;1,6857;1,0978;-0,0326;-0,0048;0,0007;-0,9995;;False
387,66;1.47;p031​;20250325_091248;1;F8W2;-0,0874;1,6857;1,0978;-0,0325;-0,0043;0,0009;-0,9995;;False
387,68;1.49;p031​;20250325_091248;1;F8W2;-0,0874;1,6859;1,0978;-0,0320;-0,0041;0,0013;-0,9995;;False
387,69;1.5;p031​;20250325_091248;1;F8W2;-0,0875;1,6860;1,0978;-0,0315;-0,0039;0,0020;-0,9995;;False
387,70;1.51;p031​;20250325_091248;1;F8W2;-0,0875;1,6862;1,0978;-0,0306;-0,0038;0,0029;-0,9995;;False
387,72;1.53;p031​;20250325_091248;1;F8W2;-0,0873;1,6864;1,0976;-0,0296;-0,0039;0,0040;-0,9995;;False
387,73;1.54;p031​;20250325_091248;1;F8W2;-0,0871;1,6866;1,0973;-0,0285;-0,0039;0,0051;-0,9996;;False
387,75;1.55;p031​;20250325_091248;1;F8W2;-0,0868;1,6870;1,0969;-0,0274;-0,0042;0,0063;-0,9996;;False
387,76;1.57;p031​;20250325_091248;1;F8W2;-0,0865;1,6874;1,0966;-0,0261;-0,0045;0,0080;-0,9996;;False
387,77;1.58;p031​;20250325_091248;1;F8W2;-0,0862;1,6877;1,0962;-0,0245;-0,0048;0,0101;-0,9996;;False
387,79;1.6;p031​;20250325_091248;1;F8W2;-0,0857;1,6881;1,0957;-0,0228;-0,0050;0,0132;-0,9996;;False
387,80;1.61;p031​;20250325_091248;1;F8W2;-0,0846;1,6889;1,0947;-0,0193;-0,0056;0,0187;-0,9996;;False
387,81;1.62;p031​;20250325_091248;1;F8W2;-0,0840;1,6893;1,0941;-0,0168;-0,0063;0,0215;-0,9996;;False
387,83;1.63;p031​;20250325_091248;1;F8W2;-0,0831;1,6897;1,0935;-0,0148;-0,0068;0,0248;-0,9996;;False
387,84;1.65;p031​;20250325_091248;1;F8W2;-0,0824;1,6901;1,0928;-0,0126;-0,0079;0,0282;-0,9995;;False
387,85;1.66;p031​;20250325_091248;1;F8W2;-0,0818;1,6905;1,0921;-0,0105;-0,0090;0,0317;-0,9994;;False
387,87;1.68;p031​;20250325_091248;1;F8W2;-0,0809;1,6909;1,0913;-0,0082;-0,0103;0,0360;-0,9993;;False
387,88;1.69;p031​;20250325_091248;1;F8W2;-0,0798;1,6913;1,0905;-0,0059;-0,0112;0,0393;-0,9991;;False
387,89;1.7;p031​;20250325_091248;1;F8W2;-0,0791;1,6916;1,0897;-0,0035;-0,0129;0,0423;-0,9990;;False
387,91;1.72;p031​;20250325_091248;1;F8W2;-0,0780;1,6920;1,0890;-0,0017;-0,0139;0,0454;-0,9989;;False
387,92;1.73;p031​;20250325_091248;1;F8W2;-0,0771;1,6923;1,0882;0,0006;-0,0155;0,0480;-0,9987;;False
387,94;1.74;p031​;20250325_091248;1;F8W2;-0,0762;1,6928;1,0874;0,0031;-0,0172;0,0512;-0,9985;;False
387,95;1.76;p031​;20250325_091248;1;F8W2;-0,0751;1,6931;1,0864;0,0054;-0,0188;0,0537;-0,9984;;False
387,96;1.77;p031​;20250325_091248;1;F8W2;-0,0739;1,6934;1,0854;0,0077;-0,0205;0,0560;-0,9982;;False
387,98;1.79;p031​;20250325_091248;1;F8W2;-0,0728;1,6938;1,0843;0,0100;-0,0221;0,0588;-0,9980;;False
387,99;1.8;p031​;20250325_091248;1;F8W2;-0,0717;1,6943;1,0832;0,0125;-0,0236;0,0616;-0,9977;;False
388,01;1.81;p031​;20250325_091248;1;F8W2;-0,0707;1,6947;1,0819;0,0154;-0,0254;0,0639;-0,9975;;False
388,02;1.83;p031​;20250325_091248;1;F8W2;-0,0694;1,6950;1,0807;0,0186;-0,0265;0,0669;-0,9972;;False
388,03;1.84;p031​;20250325_091248;1;F8W2;-0,0682;1,6955;1,0795;0,0215;-0,0284;0,0703;-0,9969;;False
388,05;1.86;p031​;20250325_091248;1;F8W2;-0,0670;1,6959;1,0784;0,0249;-0,0303;0,0738;-0,9965;;False
388,06;1.87;p031​;20250325_091248;1;F8W2;-0,0659;1,6965;1,0773;0,0278;-0,0318;0,0768;-0,9962;;False
388,07;1.88;p031​;20250325_091248;1;F8W2;-0,0646;1,6967;1,0760;0,0312;-0,0329;0,0804;-0,9957;;False
388,09;1.9;p031​;20250325_091248;1;F8W2;-0,0634;1,6971;1,0746;0,0346;-0,0347;0,0834;-0,9953;;False
388,10;1.91;p031​;20250325_091248;1;F8W2;-0,0621;1,6975;1,0732;0,0378;-0,0361;0,0862;-0,9949;;False
388,12;1.92;p031​;20250325_091248;1;F8W2;-0,0609;1,6978;1,0719;0,0410;-0,0377;0,0898;-0,9944;;False
388,13;1.94;p031​;20250325_091248;1;F8W2;-0,0595;1,6982;1,0706;0,0437;-0,0391;0,0929;-0,9939;;False
388,14;1.95;p031​;20250325_091248;1;F8W2;-0,0583;1,6984;1,0691;0,0471;-0,0409;0,0956;-0,9935;;False
388,16;1.97;p031​;20250325_091248;1;F8W2;-0,0570;1,6986;1,0677;0,0500;-0,0427;0,0991;-0,9929;;False
388,17;1.98;p031​;20250325_091248;1;F8W2;-0,0558;1,6989;1,0664;0,0528;-0,0447;0,1019;-0,9924;;False
388,19;1.99;p031​;20250325_091248;1;F8W2;-0,0546;1,6990;1,0649;0,0563;-0,0467;0,1048;-0,9918;;False
388,20;2.01;p031​;20250325_091248;1;F8W2;-0,0534;1,6992;1,0636;0,0593;-0,0483;0,1078;-0,9912;;False
388,21;2.02;p031​;20250325_091248;1;F8W2;-0,0522;1,6995;1,0623;0,0622;-0,0498;0,1101;-0,9907;;False
388,23;2.04;p031​;20250325_091248;1;F8W2;-0,0509;1,6997;1,0610;0,0655;-0,0512;0,1127;-0,9901;;False
388,24;2.05;p031​;20250325_091248;1;F8W2;-0,0497;1,7000;1,0597;0,0688;-0,0533;0,1154;-0,9895;;False
388,26;2.06;p031​;20250325_091248;1;F8W2;-0,0485;1,7003;1,0584;0,0725;-0,0552;0,1188;-0,9887;;False
388,27;2.08;p031​;20250325_091248;1;F8W2;-0,0474;1,7006;1,0571;0,0761;-0,0578;0,1222;-0,9879;;False
388,28;2.09;p031​;20250325_091248;1;F8W2;-0,0462;1,7005;1,0559;0,0799;-0,0595;0,1250;-0,9871;;False
388,30;2.11;p031​;20250325_091248;1;F8W2;-0,0453;1,7006;1,0546;0,0822;-0,0617;0,1271;-0,9866;;False
388,31;2.12;p031​;20250325_091248;1;F8W2;-0,0443;1,7002;1,0535;0,0849;-0,0634;0,1296;-0,9859;;False
388,32;2.13;p031​;20250325_091248;1;F8W2;-0,0434;1,7000;1,0522;0,0851;-0,0654;0,1326;-0,9853;;False
388,34;2.15;p031​;20250325_091248;1;F8W2;-0,0423;1,7001;1,0512;0,0855;-0,0669;0,1348;-0,9849;;False
388,35;2.16;p031​;20250325_091248;1;F8W2;-0,0416;1,7001;1,0504;0,0879;-0,0687;0,1361;-0,9844;;False
388,37;2.17;p031​;20250325_091248;1;F8W2;-0,0408;1,7002;1,0494;0,0899;-0,0703;0,1379;-0,9838;;False
388,38;2.19;p031​;20250325_091248;1;F8W2;-0,0403;1,7001;1,0484;0,0917;-0,0720;0,1393;-0,9834;;False
388,39;2.2;p031​;20250325_091248;1;F8W2;-0,0396;1,7001;1,0476;0,0928;-0,0732;0,1402;-0,9830;;False
388,41;2.22;p031​;20250325_091248;1;F8W2;-0,0390;1,7000;1,0467;0,0942;-0,0741;0,1411;-0,9827;;False
388,42;2.23;p031​;20250325_091248;1;F8W2;-0,0386;1,6998;1,0459;0,0948;-0,0751;0,1416;-0,9825;;False
388,44;2.25;p031​;20250325_091248;1;F8W2;-0,0382;1,6996;1,0452;0,0956;-0,0759;0,1413;-0,9824;;False
388,45;2.26;p031​;20250325_091248;1;F8W2;-0,0380;1,6994;1,0445;0,0955;-0,0766;0,1411;-0,9824;;False
388,46;2.27;p031​;20250325_091248;1;F8W2;-0,0381;1,6991;1,0438;0,0953;-0,0767;0,1409;-0,9824;;False
388,48;2.29;p031​;20250325_091248;1;F8W2;-0,0381;1,6988;1,0432;0,0944;-0,0762;0,1407;-0,9826;;False
388,49;2.3;p031​;20250325_091248;1;F8W2;-0,0383;1,6984;1,0425;0,0934;-0,0754;0,1404;-0,9828;;False
388,51;2.31;p031​;20250325_091248;1;F8W2;-0,0385;1,6981;1,0418;0,0915;-0,0742;0,1396;-0,9832;;False
388,52;2.33;p031​;20250325_091248;1;F8W2;-0,0387;1,6980;1,0413;0,0909;-0,0729;0,1384;-0,9835;;False
388,53;2.34;p031​;20250325_091248;1;F8W2;-0,0388;1,6979;1,0409;0,0907;-0,0716;0,1375;-0,9837;;False
388,55;2.36;p031​;20250325_091248;1;F8W2;-0,0390;1,6978;1,0404;0,0908;-0,0710;0,1364;-0,9839;;False
388,56;2.37;p031​;20250325_091248;1;F8W2;-0,0392;1,6977;1,0400;0,0905;-0,0704;0,1354;-0,9841;;False
388,57;2.38;p031​;20250325_091248;1;F8W2;-0,0394;1,6976;1,0396;0,0904;-0,0700;0,1340;-0,9844;;False
388,59;2.4;p031​;20250325_091248;1;F8W2;-0,0398;1,6978;1,0392;0,0901;-0,0699;0,1324;-0,9846;;False
388,60;2.41;p031​;20250325_091248;1;F8W2;-0,0402;1,6976;1,0389;0,0906;-0,0689;0,1304;-0,9849;;False
388,62;2.42;p031​;20250325_091248;1;F8W2;-0,0408;1,6977;1,0384;0,0901;-0,0674;0,1288;-0,9853;;False
388,63;2.44;p031​;20250325_091248;1;F8W2;-0,0412;1,6977;1,0381;0,0899;-0,0660;0,1270;-0,9856;;False
388,64;2.45;p031​;20250325_091248;1;F8W2;-0,0416;1,6978;1,0378;0,0903;-0,0651;0,1251;-0,9859;;False
388,66;2.47;p031​;20250325_091248;1;F8W2;-0,0421;1,6979;1,0375;0,0905;-0,0643;0,1234;-0,9861;;False
388,67;2.48;p031​;20250325_091248;1;F8W2;-0,0427;1,6980;1,0372;0,0910;-0,0637;0,1216;-0,9863;;False
388,69;2.49;p031​;20250325_091248;1;F8W2;-0,0431;1,6985;1,0369;0,0921;-0,0635;0,1195;-0,9865;;False
388,70;2.51;p031​;20250325_091248;1;F8W2;-0,0436;1,6986;1,0367;0,0947;-0,0636;0,1178;-0,9865;;False
388,71;2.52;p031​;20250325_091248;1;F8W2;-0,0442;1,6985;1,0364;0,0948;-0,0632;0,1166;-0,9866;;False
388,73;2.54;p031​;20250325_091248;1;F8W2;-0,0450;1,6984;1,0360;0,0935;-0,0624;0,1151;-0,9870;;False
388,74;2.55;p031​;20250325_091248;1;F8W2;-0,0457;1,6985;1,0359;0,0922;-0,0613;0,1132;-0,9874;;False
388,76;2.56;p031​;20250325_091248;1;F8W2;-0,0463;1,6987;1,0359;0,0918;-0,0602;0,1110;-0,9877;;False
388,77;2.58;p031​;20250325_091248;1;F8W2;-0,0469;1,6990;1,0358;0,0924;-0,0593;0,1089;-0,9880;;False
388,78;2.59;p031​;20250325_091248;1;F8W2;-0,0477;1,6994;1,0359;0,0927;-0,0585;0,1070;-0,9882;;False
388,80;2.61;p031​;20250325_091248;1;F8W2;-0,0486;1,6996;1,0360;0,0932;-0,0579;0,1052;-0,9884;;False
388,81;2.62;p031​;20250325_091248;1;F8W2;-0,0493;1,6997;1,0358;0,0929;-0,0572;0,1034;-0,9886;;False
388,83;2.63;p031​;20250325_091248;1;F8W2;-0,0501;1,6998;1,0358;0,0921;-0,0567;0,1017;-0,9889;;False
388,84;2.65;p031​;20250325_091248;1;F8W2;-0,0508;1,7001;1,0358;0,0921;-0,0562;0,0997;-0,9892;;False
388,85;2.66;p031​;20250325_091248;1;F8W2;-0,0517;1,7004;1,0359;0,0923;-0,0556;0,0978;-0,9894;;False
388,87;2.68;p031​;20250325_091248;1;F8W2;-0,0525;1,7007;1,0360;0,0926;-0,0546;0,0958;-0,9896;;False
388,88;2.69;p031​;20250325_091248;1;F8W2;-0,0533;1,7008;1,0361;0,0927;-0,0535;0,0944;-0,9898;;False
388,89;2.7;p031​;20250325_091248;1;F8W2;-0,0541;1,7008;1,0362;0,0925;-0,0525;0,0926;-0,9900;;False
388,91;2.72;p031​;20250325_091248;1;F8W2;-0,0550;1,7009;1,0363;0,0921;-0,0516;0,0910;-0,9902;;False
388,92;2.73;p031​;20250325_091248;1;F8W2;-0,0558;1,7014;1,0366;0,0919;-0,0507;0,0897;-0,9904;;False
388,94;2.75;p031​;20250325_091248;1;F8W2;-0,0567;1,7016;1,0368;0,0917;-0,0499;0,0884;-0,9906;;False
388,95;2.76;p031​;20250325_091248;1;F8W2;-0,0576;1,7017;1,0369;0,0910;-0,0489;0,0865;-0,9909;;False
388,96;2.77;p031​;20250325_091248;1;F8W2;-0,0584;1,7017;1,0372;0,0906;-0,0476;0,0845;-0,9911;;False
388,98;2.79;p031​;20250325_091248;1;F8W2;-0,0593;1,7019;1,0374;0,0896;-0,0470;0,0824;-0,9914;;False
388,99;2.8;p031​;20250325_091248;1;F8W2;-0,0601;1,7021;1,0377;0,0895;-0,0461;0,0808;-0,9916;;False
389,01;2.81;p031​;20250325_091248;1;F8W2;-0,0608;1,7021;1,0379;0,0891;-0,0454;0,0791;-0,9918;;False
389,02;2.83;p031​;20250325_091248;1;F8W2;-0,0615;1,7022;1,0381;0,0884;-0,0449;0,0772;-0,9921;;False
389,03;2.84;p031​;20250325_091248;1;F8W2;-0,0624;1,7021;1,0384;0,0879;-0,0446;0,0755;-0,9923;;False
389,05;2.86;p031​;20250325_091248;1;F8W2;-0,0632;1,7021;1,0387;0,0871;-0,0441;0,0738;-0,9925;;False
389,06;2.87;p031​;20250325_091248;1;F8W2;-0,0641;1,7021;1,0390;0,0865;-0,0437;0,0718;-0,9927;;False
389,07;2.88;p031​;20250325_091248;1;F8W2;-0,0649;1,7022;1,0392;0,0854;-0,0435;0,0699;-0,9929;;False
389,09;2.9;p031​;20250325_091248;1;F8W2;-0,0657;1,7021;1,0394;0,0849;-0,0431;0,0678;-0,9931;;False
389,10;2.91;p031​;20250325_091248;1;F8W2;-0,0665;1,7021;1,0396;0,0837;-0,0426;0,0659;-0,9934;;False
389,12;2.92;p031​;20250325_091248;1;F8W2;-0,0673;1,7020;1,0398;0,0832;-0,0421;0,0639;-0,9936;;False
389,13;2.94;p031​;20250325_091248;1;F8W2;-0,0681;1,7020;1,0399;0,0822;-0,0416;0,0613;-0,9939;;False
389,14;2.95;p031​;20250325_091248;1;F8W2;-0,0690;1,7019;1,0401;0,0816;-0,0408;0,0591;-0,9941;;False
389,16;2.97;p031​;20250325_091248;1;F8W2;-0,0701;1,7017;1,0403;0,0809;-0,0400;0,0572;-0,9943;;False
389,17;2.98;p031​;20250325_091248;1;F8W2;-0,0711;1,7017;1,0405;0,0801;-0,0393;0,0551;-0,9945;;False
389,19;2.99;p031​;20250325_091248;1;F8W2;-0,0718;1,7016;1,0406;0,0793;-0,0382;0,0532;-0,9947;;False
389,20;3.01;p031​;20250325_091248;1;F8W2;-0,0727;1,7015;1,0406;0,0789;-0,0372;0,0509;-0,9949;;False
389,21;3.02;p031​;20250325_091248;1;F8W2;-0,0736;1,7013;1,0407;0,0782;-0,0357;0,0490;-0,9951;;False
389,23;3.04;p031​;20250325_091248;1;F8W2;-0,0744;1,7011;1,0407;0,0777;-0,0342;0,0467;-0,9953;;False
389,24;3.05;p031​;20250325_091248;1;F8W2;-0,0754;1,7010;1,0408;0,0768;-0,0325;0,0449;-0,9955;;False
389,26;3.06;p031​;20250325_091248;1;F8W2;-0,0764;1,7010;1,0407;0,0764;-0,0308;0,0432;-0,9957;;False
389,27;3.08;p031​;20250325_091248;1;F8W2;-0,0774;1,7008;1,0406;0,0760;-0,0293;0,0418;-0,9958;;False
389,28;3.09;p031​;20250325_091248;1;F8W2;-0,0782;1,7008;1,0406;0,0755;-0,0279;0,0398;-0,9960;;False
389,30;3.11;p031​;20250325_091248;1;F8W2;-0,0790;1,7006;1,0405;0,0757;-0,0260;0,0382;-0,9961;;False
389,31;3.12;p031​;20250325_091248;1;F8W2;-0,0798;1,7008;1,0405;0,0752;-0,0243;0,0363;-0,9962;;False
389,32;3.13;p031​;20250325_091248;1;F8W2;-0,0805;1,7010;1,0407;0,0761;-0,0230;0,0348;-0,9962;;False
389,34;3.15;p031​;20250325_091248;1;F8W2;-0,0812;1,7015;1,0412;0,0781;-0,0218;0,0334;-0,9961;;False
389,35;3.16;p031​;20250325_091248;1;F8W2;-0,0820;1,7017;1,0417;0,0808;-0,0207;0,0318;-0,9960;;False
389,37;3.18;p031​;20250325_091248;1;F8W2;-0,0829;1,7015;1,0422;0,0825;-0,0197;0,0301;-0,9959;;False
389,38;3.19;p031​;20250325_091248;1;F8W2;-0,0834;1,7011;1,0427;0,0820;-0,0183;0,0288;-0,9960;;False
389,39;3.2;p031​;20250325_091248;1;F8W2;-0,0840;1,7007;1,0432;0,0810;-0,0174;0,0277;-0,9962;;False
389,41;3.22;p031​;20250325_091248;1;F8W2;-0,0846;1,7003;1,0437;0,0786;-0,0167;0,0268;-0,9964;;False
389,42;3.23;p031​;20250325_091248;1;F8W2;-0,0851;1,6998;1,0442;0,0760;-0,0158;0,0258;-0,9966;;False
389,44;3.25;p031​;20250325_091248;1;F8W2;-0,0855;1,6997;1,0448;0,0728;-0,0153;0,0250;-0,9969;;False
389,45;3.26;p031​;20250325_091248;1;F8W2;-0,0860;1,6997;1,0455;0,0702;-0,0152;0,0239;-0,9971;;False
389,46;3.27;p031​;20250325_091248;1;F8W2;-0,0864;1,6995;1,0461;0,0683;-0,0150;0,0229;-0,9973;;False
389,48;3.29;p031​;20250325_091248;1;F8W2;-0,0867;1,6992;1,0465;0,0662;-0,0148;0,0219;-0,9975;;False
389,49;3.3;p031​;20250325_091248;1;F8W2;-0,0871;1,6991;1,0469;0,0640;-0,0149;0,0213;-0,9976;;False
389,51;3.31;p031​;20250325_091248;1;F8W2;-0,0875;1,6991;1,0472;0,0623;-0,0153;0,0205;-0,9977;;False
389,52;3.33;p031​;20250325_091248;1;F8W2;-0,0878;1,6990;1,0475;0,0612;-0,0154;0,0196;-0,9978;;False
389,53;3.34;p031​;20250325_091248;1;F8W2;-0,0882;1,6991;1,0477;0,0607;-0,0156;0,0184;-0,9979;;False
389,55;3.36;p031​;20250325_091248;1;F8W2;-0,0886;1,6994;1,0482;0,0609;-0,0159;0,0176;-0,9979;;False
389,56;3.37;p031​;20250325_091248;1;F8W2;-0,0891;1,6996;1,0485;0,0614;-0,0163;0,0168;-0,9978;;False
389,57;3.38;p031​;20250325_091248;1;F8W2;-0,0894;1,6998;1,0489;0,0621;-0,0166;0,0161;-0,9978;;False
389,59;3.4;p031​;20250325_091248;1;F8W2;-0,0897;1,6999;1,0492;0,0626;-0,0173;0,0155;-0,9978;;False
389,60;3.41;p031​;20250325_091248;1;F8W2;-0,0899;1,6998;1,0496;0,0629;-0,0176;0,0148;-0,9978;;False
389,62;3.43;p031​;20250325_091248;1;F8W2;-0,0902;1,6998;1,0501;0,0628;-0,0180;0,0143;-0,9978;;False
389,63;3.44;p031​;20250325_091248;1;F8W2;-0,0905;1,6997;1,0506;0,0621;-0,0185;0,0136;-0,9978;;False
389,64;3.45;p031​;20250325_091248;1;F8W2;-0,0907;1,6994;1,0510;0,0612;-0,0187;0,0130;-0,9979;;False
389,66;3.47;p031​;20250325_091248;1;F8W2;-0,0910;1,6991;1,0515;0,0600;-0,0191;0,0123;-0,9979;;False
389,67;3.48;p031​;20250325_091248;1;F8W2;-0,0913;1,6988;1,0521;0,0589;-0,0194;0,0119;-0,9980;;False
389,69;3.49;p031​;20250325_091248;1;F8W2;-0,0916;1,6984;1,0527;0,0577;-0,0197;0,0112;-0,9981;;False
389,70;3.51;p031​;20250325_091248;1;F8W2;-0,0919;1,6982;1,0534;0,0567;-0,0199;0,0108;-0,9981;;False
389,71;3.52;p031​;20250325_091248;1;F8W2;-0,0922;1,6978;1,0537;0,0554;-0,0200;0,0105;-0,9982;;False
389,73;3.54;p031​;20250325_091248;1;F8W2;-0,0925;1,6973;1,0541;0,0541;-0,0200;0,0100;-0,9983;;False
389,74;3.55;p031​;20250325_091248;1;F8W2;-0,0927;1,6969;1,0543;0,0524;-0,0199;0,0094;-0,9984;;False
389,76;3.56;p031​;20250325_091248;1;F8W2;-0,0929;1,6965;1,0546;0,0508;-0,0195;0,0092;-0,9985;;False
389,77;3.58;p031​;20250325_091248;1;F8W2;-0,0932;1,6963;1,0547;0,0494;-0,0192;0,0087;-0,9986;;False
389,78;3.59;p031​;20250325_091248;1;F8W2;-0,0934;1,6960;1,0549;0,0485;-0,0186;0,0086;-0,9986;;False
389,80;3.61;p031​;20250325_091248;1;F8W2;-0,0937;1,6958;1,0550;0,0475;-0,0182;0,0083;-0,9987;;False
389,82;3.63;p031​;20250325_091248;1;F8W2;-0,0940;1,6956;1,0551;0,0467;-0,0180;0,0083;-0,9987;;False
389,84;3.64;p031​;20250325_091248;1;F8W2;-0,0943;1,6956;1,0551;0,0459;-0,0178;0,0080;-0,9988;;False
389,85;3.66;p031​;20250325_091248;1;F8W2;-0,0946;1,6954;1,0551;0,0454;-0,0174;0,0077;-0,9988;;False
389,86;3.67;p031​;20250325_091248;1;F8W2;-0,0948;1,6955;1,0550;0,0451;-0,0170;0,0074;-0,9988;;False
389,88;3.69;p031​;20250325_091248;1;F8W2;-0,0951;1,6956;1,0550;0,0454;-0,0167;0,0071;-0,9988;;False
389,89;3.7;p031​;20250325_091248;1;F8W2;-0,0953;1,6955;1,0552;0,0458;-0,0164;0,0068;-0,9988;;False
389,91;3.71;p031​;20250325_091248;1;F8W2;-0,0955;1,6957;1,0551;0,0460;-0,0161;0,0069;-0,9988;;False
389,92;3.73;p031​;20250325_091248;1;F8W2;-0,0957;1,6958;1,0550;0,0467;-0,0159;0,0063;-0,9988;;False
389,93;3.74;p031​;20250325_091248;1;F8W2;-0,0958;1,6958;1,0548;0,0471;-0,0157;0,0063;-0,9987;;False
389,95;3.76;p031​;20250325_091248;1;F8W2;-0,0961;1,6959;1,0548;0,0473;-0,0155;0,0059;-0,9987;;False
389,96;3.77;p031​;20250325_091248;1;F8W2;-0,0964;1,6959;1,0547;0,0476;-0,0152;0,0057;-0,9987;;False
389,97;3.78;p031​;20250325_091248;1;F8W2;-0,0965;1,6959;1,0546;0,0483;-0,0150;0,0055;-0,9987;;False
389,99;3.8;p031​;20250325_091248;1;F8W2;-0,0966;1,6959;1,0545;0,0484;-0,0147;0,0056;-0,9987;;False
390,00;3.81;p031​;20250325_091248;1;F8W2;-0,0967;1,6958;1,0544;0,0485;-0,0146;0,0053;-0,9987;;False
390,02;3.83;p031​;20250325_091248;1;F8W2;-0,0968;1,6958;1,0544;0,0487;-0,0144;0,0047;-0,9987;;False
390,03;3.84;p031​;20250325_091248;1;F8W2;-0,0969;1,6957;1,0544;0,0485;-0,0142;0,0046;-0,9987;;False
390,04;3.85;p031​;20250325_091248;1;F8W2;-0,0969;1,6955;1,0543;0,0485;-0,0138;0,0046;-0,9987;;False
390,06;3.87;p031​;20250325_091248;1;F8W2;-0,0970;1,6954;1,0542;0,0480;-0,0134;0,0043;-0,9987;;False
390,07;3.88;p031​;20250325_091248;1;F8W2;-0,0970;1,6952;1,0541;0,0480;-0,0132;0,0043;-0,9987;;False
390,09;3.89;p031​;20250325_091248;1;F8W2;-0,0970;1,6952;1,0540;0,0477;-0,0127;0,0042;-0,9988;;False
390,10;3.91;p031​;20250325_091248;1;F8W2;-0,0970;1,6951;1,0539;0,0472;-0,0124;0,0045;-0,9988;;False
390,11;3.92;p031​;20250325_091248;1;F8W2;-0,0970;1,6949;1,0538;0,0469;-0,0120;0,0045;-0,9988;;False
390,13;3.94;p031​;20250325_091248;1;F8W2;-0,0969;1,6948;1,0538;0,0468;-0,0119;0,0045;-0,9988;;False
390,14;3.95;p031​;20250325_091248;1;F8W2;-0,0969;1,6947;1,0537;0,0466;-0,0116;0,0047;-0,9988;;False
390,16;3.96;p031​;20250325_091248;1;F8W2;-0,0968;1,6945;1,0537;0,0463;-0,0114;0,0049;-0,9989;;False
390,17;3.98;p031​;20250325_091248;1;F8W2;-0,0968;1,6944;1,0536;0,0460;-0,0112;0,0048;-0,9989;;False
390,18;3.99;p031​;20250325_091248;1;F8W2;-0,0967;1,6943;1,0535;0,0456;-0,0109;0,0049;-0,9989;;False
390,20;4.01;p031​;20250325_091248;1;F8W2;-0,0966;1,6942;1,0534;0,0454;-0,0107;0,0049;-0,9989;;False
390,21;4.02;p031​;20250325_091248;1;F8W2;-0,0965;1,6941;1,0533;0,0452;-0,0107;0,0049;-0,9989;;False
390,23;4.03;p031​;20250325_091248;1;F8W2;-0,0964;1,6941;1,0531;0,0452;-0,0105;0,0050;-0,9989;;False
390,24;4.05;p031​;20250325_091248;1;F8W2;-0,0963;1,6941;1,0530;0,0449;-0,0104;0,0051;-0,9989;;False
390,25;4.06;p031​;20250325_091248;1;F8W2;-0,0962;1,6941;1,0529;0,0451;-0,0105;0,0052;-0,9989;;False
390,27;4.08;p031​;20250325_091248;1;F8W2;-0,0960;1,6941;1,0527;0,0453;-0,0105;0,0057;-0,9989;;False
390,28;4.09;p031​;20250325_091248;1;F8W2;-0,0959;1,6940;1,0527;0,0449;-0,0106;0,0055;-0,9989;;False
390,29;4.1;p031​;20250325_091248;1;F8W2;-0,0958;1,6939;1,0526;0,0450;-0,0105;0,0056;-0,9989;;False
390,31;4.12;p031​;20250325_091248;1;F8W2;-0,0956;1,6939;1,0525;0,0450;-0,0106;0,0058;-0,9989;;False
390,32;4.13;p031​;20250325_091248;1;F8W2;-0,0955;1,6940;1,0524;0,0452;-0,0107;0,0058;-0,9989;;False
390,34;4.15;p031​;20250325_091248;1;F8W2;-0,0953;1,6940;1,0522;0,0453;-0,0107;0,0059;-0,9989;;False
390,35;4.16;p031​;20250325_091248;1;F8W2;-0,0952;1,6940;1,0521;0,0453;-0,0108;0,0060;-0,9989;;False
390,36;4.17;p031​;20250325_091248;1;F8W2;-0,0951;1,6941;1,0520;0,0454;-0,0108;0,0060;-0,9989;;False
390,38;4.19;p031​;20250325_091248;1;F8W2;-0,0949;1,6941;1,0519;0,0454;-0,0109;0,0065;-0,9989;;False
390,39;4.2;p031​;20250325_091248;1;F8W2;-0,0947;1,6941;1,0517;0,0455;-0,0110;0,0066;-0,9989;;False
390,41;4.21;p031​;20250325_091248;1;F8W2;-0,0945;1,6941;1,0515;0,0453;-0,0110;0,0067;-0,9989;;False
390,42;4.23;p031​;20250325_091248;1;F8W2;-0,0943;1,6941;1,0515;0,0454;-0,0112;0,0070;-0,9989;;False
390,43;4.24;p031​;20250325_091248;1;F8W2;-0,0941;1,6941;1,0513;0,0454;-0,0112;0,0070;-0,9989;;False
390,45;4.26;p031​;20250325_091248;1;F8W2;-0,0940;1,6940;1,0512;0,0454;-0,0115;0,0073;-0,9989;;False
390,46;4.27;p031​;20250325_091248;1;F8W2;-0,0938;1,6940;1,0510;0,0454;-0,0119;0,0074;-0,9989;;False
390,48;4.28;p031​;20250325_091248;1;F8W2;-0,0936;1,6940;1,0508;0,0453;-0,0121;0,0076;-0,9989;;False
390,49;4.3;p031​;20250325_091248;1;F8W2;-0,0934;1,6939;1,0506;0,0448;-0,0124;0,0079;-0,9989;;False
390,50;4.31;p031​;20250325_091248;1;F8W2;-0,0933;1,6938;1,0504;0,0448;-0,0128;0,0081;-0,9989;;False
390,52;4.33;p031​;20250325_091248;1;F8W2;-0,0931;1,6938;1,0502;0,0448;-0,0131;0,0083;-0,9989;;False
390,53;4.34;p031​;20250325_091248;1;F8W2;-0,0930;1,6937;1,0500;0,0445;-0,0133;0,0084;-0,9989;;False
390,54;4.35;p031​;20250325_091248;1;F8W2;-0,0929;1,6937;1,0499;0,0444;-0,0138;0,0086;-0,9989;;False
390,56;4.37;p031​;20250325_091248;1;F8W2;-0,0929;1,6936;1,0497;0,0443;-0,0142;0,0089;-0,9989;;False
390,57;4.38;p031​;20250325_091248;1;F8W2;-0,0928;1,6936;1,0495;0,0443;-0,0146;0,0090;-0,9989;;False
390,59;4.39;p031​;20250325_091248;1;F8W2;-0,0927;1,6936;1,0493;0,0444;-0,0150;0,0090;-0,9989;;False
390,60;4.41;p031​;20250325_091248;1;F8W2;-0,0926;1,6936;1,0490;0,0445;-0,0156;0,0093;-0,9988;;False
390,61;4.42;p031​;20250325_091248;1;F8W2;-0,0926;1,6937;1,0487;0,0446;-0,0160;0,0094;-0,9988;;False
390,63;4.44;p031​;20250325_091248;1;F8W2;-0,0925;1,6937;1,0484;0,0449;-0,0163;0,0094;-0,9988;;False
390,64;4.45;p031​;20250325_091248;1;F8W2;-0,0926;1,6938;1,0479;0,0452;-0,0167;0,0095;-0,9988;;False
390,66;4.46;p031​;20250325_091248;1;F8W2;-0,0925;1,6939;1,0476;0,0454;-0,0168;0,0097;-0,9988;;False
390,67;4.48;p031​;20250325_091248;1;F8W2;-0,0926;1,6941;1,0473;0,0460;-0,0169;0,0095;-0,9988;;False
390,68;4.49;p031​;20250325_091248;1;F8W2;-0,0926;1,6941;1,0470;0,0466;-0,0170;0,0093;-0,9987;;False
390,70;4.51;p031​;20250325_091248;1;F8W2;-0,0927;1,6942;1,0467;0,0469;-0,0171;0,0094;-0,9987;;False
390,71;4.52;p031​;20250325_091248;1;F8W2;-0,0928;1,6943;1,0464;0,0475;-0,0170;0,0093;-0,9987;;False
390,73;4.53;p031​;20250325_091248;1;F8W2;-0,0928;1,6943;1,0461;0,0481;-0,0169;0,0093;-0,9987;;False
390,74;4.55;p031​;20250325_091248;1;F8W2;-0,0929;1,6945;1,0458;0,0482;-0,0169;0,0093;-0,9987;;False
390,75;4.56;p031​;20250325_091248;1;F8W2;-0,0929;1,6945;1,0455;0,0487;-0,0169;0,0094;-0,9986;;False
390,77;4.58;p031​;20250325_091248;1;F8W2;-0,0930;1,6946;1,0453;0,0490;-0,0167;0,0093;-0,9986;;False
390,78;4.59;p031​;20250325_091248;1;F8W2;-0,0930;1,6947;1,0451;0,0494;-0,0168;0,0092;-0,9986;;False
390,79;4.6;p031​;20250325_091248;1;F8W2;-0,0930;1,6949;1,0448;0,0495;-0,0169;0,0093;-0,9986;;False
390,81;4.62;p031​;20250325_091248;1;F8W2;-0,0930;1,6950;1,0447;0,0497;-0,0169;0,0093;-0,9986;;False
390,82;4.63;p031​;20250325_091248;1;F8W2;-0,0930;1,6951;1,0446;0,0499;-0,0167;0,0094;-0,9986;;False
390,84;4.65;p031​;20250325_091248;1;F8W2;-0,0931;1,6952;1,0445;0,0499;-0,0167;0,0100;-0,9986;;False
390,85;4.66;p031​;20250325_091248;1;F8W2;-0,0930;1,6954;1,0444;0,0502;-0,0168;0,0105;-0,9985;;False
390,87;4.67;p031​;20250325_091248;1;F8W2;-0,0930;1,6955;1,0445;0,0509;-0,0169;0,0108;-0,9985;;False
390,88;4.69;p031​;20250325_091248;1;F8W2;-0,0930;1,6957;1,0445;0,0511;-0,0170;0,0108;-0,9985;;False
390,89;4.7;p031​;20250325_091248;1;F8W2;-0,0930;1,6958;1,0446;0,0514;-0,0171;0,0110;-0,9985;;False
390,91;4.71;p031​;20250325_091248;1;F8W2;-0,0930;1,6958;1,0447;0,0515;-0,0171;0,0116;-0,9985;;False
390,92;4.73;p031​;20250325_091248;1;F8W2;-0,0930;1,6958;1,0448;0,0513;-0,0175;0,0119;-0,9985;;False
390,93;4.74;p031​;20250325_091248;1;F8W2;-0,0929;1,6956;1,0449;0,0512;-0,0175;0,0119;-0,9985;;False
390,95;4.76;p031​;20250325_091248;1;F8W2;-0,0930;1,6955;1,0451;0,0509;-0,0176;0,0124;-0,9985;;False
390,96;4.77;p031​;20250325_091248;1;F8W2;-0,0930;1,6953;1,0452;0,0502;-0,0177;0,0123;-0,9985;;False
390,98;4.79;p031​;20250325_091248;1;F8W2;-0,0929;1,6952;1,0453;0,0495;-0,0178;0,0128;-0,9985;;False
390,99;4.8;p031​;20250325_091248;1;F8W2;-0,0928;1,6951;1,0454;0,0489;-0,0179;0,0132;-0,9986;;False
391,00;4.81;p031​;20250325_091248;1;F8W2;-0,0928;1,6950;1,0455;0,0484;-0,0179;0,0135;-0,9986;;False
391,02;4.83;p031​;20250325_091248;1;F8W2;-0,0928;1,6948;1,0457;0,0481;-0,0181;0,0138;-0,9986;;False
391,03;4.84;p031​;20250325_091248;1;F8W2;-0,0928;1,6946;1,0458;0,0475;-0,0179;0,0144;-0,9986;;False
391,05;4.85;p031​;20250325_091248;1;F8W2;-0,0928;1,6944;1,0460;0,0468;-0,0178;0,0151;-0,9986;;False
391,06;4.87;p031​;20250325_091248;1;F8W2;-0,0929;1,6942;1,0462;0,0461;-0,0177;0,0158;-0,9987;;False
391,07;4.88;p031​;20250325_091248;1;F8W2;-0,0929;1,6940;1,0464;0,0453;-0,0176;0,0163;-0,9987;;False
391,09;4.9;p031​;20250325_091248;1;F8W2;-0,0930;1,6938;1,0467;0,0447;-0,0175;0,0171;-0,9987;;False
391,10;4.91;p031​;20250325_091248;1;F8W2;-0,0932;1,6936;1,0469;0,0443;-0,0175;0,0174;-0,9987;;False
391,11;4.92;p031​;20250325_091248;1;F8W2;-0,0932;1,6935;1,0471;0,0440;-0,0175;0,0180;-0,9987;;False
391,13;4.94;p031​;20250325_091248;1;F8W2;-0,0933;1,6934;1,0473;0,0434;-0,0175;0,0180;-0,9987;;False
391,14;4.95;p031​;20250325_091248;1;F8W2;-0,0934;1,6933;1,0474;0,0432;-0,0176;0,0182;-0,9987;;False
391,16;4.97;p031​;20250325_091248;1;F8W2;-0,0934;1,6932;1,0476;0,0429;-0,0178;0,0185;-0,9988;;False
391,17;4.98;p031​;20250325_091248;1;F8W2;-0,0935;1,6931;1,0477;0,0425;-0,0180;0,0185;-0,9988;;False
391,18;4.99;p031​;20250325_091248;1;F8W2;-0,0935;1,6930;1,0478;0,0421;-0,0183;0,0182;-0,9988;;False
391,20;5.01;p031​;20250325_091248;1;F8W2;-0,0935;1,6929;1,0478;0,0417;-0,0185;0,0181;-0,9988;;False
391,21;5.02;p031​;20250325_091248;1;F8W2;-0,0936;1,6927;1,0480;0,0413;-0,0186;0,0182;-0,9988;;False
391,23;5.03;p031​;20250325_091248;1;F8W2;-0,0937;1,6927;1,0481;0,0412;-0,0187;0,0178;-0,9988;;False
391,24;5.05;p031​;20250325_091248;1;F8W2;-0,0938;1,6926;1,0483;0,0411;-0,0185;0,0178;-0,9988;;False
391,25;5.06;p031​;20250325_091248;1;F8W2;-0,0939;1,6925;1,0484;0,0404;-0,0184;0,0179;-0,9989;;False
391,27;5.08;p031​;20250325_091248;1;F8W2;-0,0941;1,6924;1,0485;0,0402;-0,0181;0,0179;-0,9989;;False
391,28;5.09;p031​;20250325_091248;1;F8W2;-0,0941;1,6922;1,0484;0,0398;-0,0178;0,0182;-0,9989;;False
391,30;5.1;p031​;20250325_091248;1;F8W2;-0,0941;1,6920;1,0484;0,0398;-0,0174;0,0185;-0,9989;;False
391,31;5.12;p031​;20250325_091248;1;F8W2;-0,0942;1,6919;1,0485;0,0398;-0,0172;0,0187;-0,9989;;False
391,32;5.13;p031​;20250325_091248;1;F8W2;-0,0944;1,6919;1,0486;0,0396;-0,0168;0,0191;-0,9989;;False
391,34;5.15;p031​;20250325_091248;1;F8W2;-0,0945;1,6918;1,0486;0,0395;-0,0165;0,0188;-0,9989;;False
391,35;5.16;p031​;20250325_091248;1;F8W2;-0,0946;1,6918;1,0487;0,0393;-0,0161;0,0189;-0,9989;;False
391,37;5.18;p031​;20250325_091248;1;F8W2;-0,0947;1,6918;1,0488;0,0388;-0,0157;0,0190;-0,9989;;False
391,38;5.19;p031​;20250325_091248;1;F8W2;-0,0949;1,6917;1,0488;0,0387;-0,0154;0,0190;-0,9990;;False
391,39;5.2;p031​;20250325_091248;1;F8W2;-0,0951;1,6917;1,0488;0,0389;-0,0151;0,0188;-0,9990;;False
391,41;5.22;p031​;20250325_091248;1;F8W2;-0,0952;1,6917;1,0489;0,0390;-0,0148;0,0187;-0,9990;;False
391,42;5.23;p031​;20250325_091248;1;F8W2;-0,0952;1,6917;1,0489;0,0390;-0,0143;0,0187;-0,9990;;False
391,43;5.24;p031​;20250325_091248;1;F8W2;-0,0953;1,6917;1,0489;0,0389;-0,0139;0,0188;-0,9990;;False
391,45;5.26;p031​;20250325_091248;1;F8W2;-0,0954;1,6918;1,0489;0,0389;-0,0135;0,0189;-0,9990;;False
391,46;5.27;p031​;20250325_091248;1;F8W2;-0,0956;1,6918;1,0488;0,0392;-0,0133;0,0188;-0,9990;;False
391,48;5.29;p031​;20250325_091248;1;F8W2;-0,0956;1,6918;1,0489;0,0393;-0,0127;0,0187;-0,9990;;False
391,49;5.3;p031​;20250325_091248;1;F8W2;-0,0957;1,6918;1,0489;0,0392;-0,0126;0,0185;-0,9990;;False
391,50;5.31;p031​;20250325_091248;1;F8W2;-0,0958;1,6918;1,0489;0,0393;-0,0124;0,0185;-0,9990;;False
391,52;5.33;p031​;20250325_091248;1;F8W2;-0,0959;1,6918;1,0489;0,0393;-0,0121;0,0186;-0,9990;;False
391,54;5.34;p031​;20250325_091248;1;F8W2;-0,0959;1,6918;1,0489;0,0394;-0,0121;0,0186;-0,9990;;False
391,55;5.36;p031​;20250325_091248;1;F8W2;-0,0959;1,6918;1,0489;0,0394;-0,0119;0,0186;-0,9990;;False
391,56;5.37;p031​;20250325_091248;1;F8W2;-0,0958;1,6919;1,0488;0,0395;-0,0117;0,0185;-0,9990;;False
391,57;5.38;p031​;20250325_091248;1;F8W2;-0,0958;1,6919;1,0488;0,0394;-0,0116;0,0184;-0,9990;;False
391,59;5.4;p031​;20250325_091248;1;F8W2;-0,0959;1,6919;1,0488;0,0395;-0,0114;0,0182;-0,9990;;False
391,60;5.41;p031​;20250325_091248;1;F8W2;-0,0959;1,6920;1,0489;0,0397;-0,0113;0,0181;-0,9990;;False
391,62;5.42;p031​;20250325_091248;1;F8W2;-0,0959;1,6920;1,0490;0,0398;-0,0112;0,0182;-0,9990;;False
391,63;5.44;p031​;20250325_091248;1;F8W2;-0,0960;1,6921;1,0490;0,0398;-0,0111;0,0182;-0,9990;;False
391,64;5.45;p031​;20250325_091248;1;F8W2;-0,0960;1,6921;1,0491;0,0397;-0,0109;0,0182;-0,9990;;False
391,66;5.47;p031​;20250325_091248;1;F8W2;-0,0960;1,6921;1,0491;0,0398;-0,0108;0,0181;-0,9990;;False
391,67;5.48;p031​;20250325_091248;1;F8W2;-0,0960;1,6921;1,0491;0,0399;-0,0108;0,0179;-0,9990;;False
391,69;5.49;p031​;20250325_091248;1;F8W2;-0,0959;1,6920;1,0491;0,0398;-0,0106;0,0176;-0,9990;;False
391,70;5.51;p031​;20250325_091248;1;F8W2;-0,0959;1,6920;1,0490;0,0398;-0,0106;0,0176;-0,9990;;False
391,71;5.52;p031​;20250325_091248;1;F8W2;-0,0959;1,6920;1,0490;0,0399;-0,0106;0,0175;-0,9990;;False
391,73;5.53;p031​;20250325_091248;1;F8W2;-0,0959;1,6920;1,0491;0,0398;-0,0105;0,0174;-0,9990;;False
391,74;5.55;p031​;20250325_091248;1;F8W2;-0,0958;1,6920;1,0490;0,0398;-0,0106;0,0173;-0,9990;;False
391,75;5.56;p031​;20250325_091248;1;F8W2;-0,0956;1,6920;1,0490;0,0399;-0,0106;0,0173;-0,9990;;False
391,77;5.58;p031​;20250325_091248;1;F8W2;-0,0954;1,6920;1,0490;0,0400;-0,0107;0,0171;-0,9990;;False
391,78;5.59;p031​;20250325_091248;1;F8W2;-0,0954;1,6921;1,0490;0,0402;-0,0108;0,0171;-0,9990;;False
391,80;5.61;p031​;20250325_091248;1;F8W2;-0,0953;1,6921;1,0490;0,0404;-0,0111;0,0171;-0,9990;;False
391,81;5.62;p031​;20250325_091248;1;F8W2;-0,0951;1,6922;1,0490;0,0405;-0,0114;0,0170;-0,9990;;False
391,82;5.63;p031​;20250325_091248;1;F8W2;-0,0949;1,6923;1,0491;0,0404;-0,0116;0,0169;-0,9990;;False
391,84;5.65;p031​;20250325_091248;1;F8W2;-0,0947;1,6924;1,0491;0,0401;-0,0119;0,0167;-0,9990;;False
391,85;5.66;p031​;20250325_091248;1;F8W2;-0,0946;1,6924;1,0492;0,0403;-0,0121;0,0168;-0,9990;;False
391,87;5.68;p031​;20250325_091248;1;F8W2;-0,0945;1,6924;1,0492;0,0401;-0,0124;0,0167;-0,9990;;False
391,88;5.69;p031​;20250325_091248;1;F8W2;-0,0943;1,6923;1,0493;0,0401;-0,0125;0,0167;-0,9990;;False
391,89;5.7;p031​;20250325_091248;1;F8W2;-0,0942;1,6923;1,0494;0,0400;-0,0127;0,0166;-0,9990;;False
391,91;5.72;p031​;20250325_091248;1;F8W2;-0,0940;1,6923;1,0495;0,0400;-0,0129;0,0167;-0,9990;;False
391,92;5.73;p031​;20250325_091248;1;F8W2;-0,0940;1,6922;1,0495;0,0398;-0,0130;0,0168;-0,9990;;False
391,94;5.74;p031​;20250325_091248;1;F8W2;-0,0938;1,6922;1,0497;0,0396;-0,0133;0,0167;-0,9990;;False
391,95;5.76;p031​;20250325_091248;1;F8W2;-0,0936;1,6922;1,0498;0,0394;-0,0134;0,0168;-0,9990;;False
391,96;5.77;p031​;20250325_091248;1;F8W2;-0,0934;1,6921;1,0500;0,0393;-0,0137;0,0170;-0,9990;;False
391,98;5.79;p031​;20250325_091248;1;F8W2;-0,0933;1,6920;1,0501;0,0389;-0,0141;0,0168;-0,9990;;False
391,99;5.8;p031​;20250325_091248;1;F8W2;-0,0932;1,6920;1,0503;0,0386;-0,0142;0,0168;-0,9990;;False
392,01;5.81;p031​;20250325_091248;1;F8W2;-0,0931;1,6919;1,0504;0,0381;-0,0145;0,0169;-0,9990;;False
392,02;5.83;p031​;20250325_091248;1;F8W2;-0,0929;1,6917;1,0505;0,0378;-0,0146;0,0166;-0,9990;;False
392,03;5.84;p031​;20250325_091248;1;F8W2;-0,0928;1,6916;1,0506;0,0374;-0,0150;0,0164;-0,9991;;False
392,05;5.85;p031​;20250325_091248;1;F8W2;-0,0927;1,6916;1,0507;0,0369;-0,0150;0,0166;-0,9991;;False
392,06;5.87;p031​;20250325_091248;1;F8W2;-0,0926;1,6915;1,0508;0,0366;-0,0153;0,0165;-0,9991;;False
392,08;5.88;p031​;20250325_091248;1;F8W2;-0,0925;1,6914;1,0509;0,0361;-0,0156;0,0165;-0,9991;;False
392,09;5.9;p031​;20250325_091248;1;F8W2;-0,0923;1,6913;1,0509;0,0358;-0,0156;0,0164;-0,9991;;False
392,10;5.91;p031​;20250325_091248;1;F8W2;-0,0922;1,6912;1,0510;0,0357;-0,0158;0,0161;-0,9991;;False
392,12;5.92;p031​;20250325_091248;1;F8W2;-0,0922;1,6912;1,0511;0,0356;-0,0159;0,0163;-0,9991;;False
392,13;5.94;p031​;20250325_091248;1;F8W2;-0,0921;1,6913;1,0512;0,0357;-0,0160;0,0164;-0,9991;;False
392,14;5.95;p031​;20250325_091248;1;F8W2;-0,0920;1,6913;1,0513;0,0357;-0,0162;0,0162;-0,9991;;False
392,16;5.97;p031​;20250325_091248;1;F8W2;-0,0919;1,6913;1,0514;0,0357;-0,0166;0,0165;-0,9991;;False
392,17;5.98;p031​;20250325_091248;1;F8W2;-0,0919;1,6914;1,0515;0,0357;-0,0168;0,0165;-0,9991;;False
392,19;5.99;p031​;20250325_091248;1;F8W2;-0,0918;1,6914;1,0516;0,0357;-0,0169;0,0163;-0,9991;;False
392,20;6.01;p031​;20250325_091248;1;F8W2;-0,0917;1,6914;1,0517;0,0359;-0,0171;0,0165;-0,9991;;False
392,21;6.02;p031​;20250325_091248;1;F8W2;-0,0916;1,6914;1,0519;0,0359;-0,0173;0,0167;-0,9991;;False
392,23;6.04;p031​;20250325_091248;1;F8W2;-0,0914;1,6913;1,0521;0,0359;-0,0175;0,0168;-0,9991;;False
392,24;6.05;p031​;20250325_091248;1;F8W2;-0,0914;1,6912;1,0523;0,0358;-0,0177;0,0168;-0,9991;;False
392,26;6.06;p031​;20250325_091248;1;F8W2;-0,0913;1,6912;1,0525;0,0357;-0,0180;0,0167;-0,9991;;False
392,27;6.08;p031​;20250325_091248;1;F8W2;-0,0913;1,6912;1,0527;0,0354;-0,0179;0,0169;-0,9991;;False
392,28;6.09;p031​;20250325_091248;1;F8W2;-0,0913;1,6912;1,0529;0,0353;-0,0180;0,0170;-0,9991;;False
392,30;6.11;p031​;20250325_091248;1;F8W2;-0,0913;1,6911;1,0531;0,0352;-0,0179;0,0170;-0,9991;;False
392,31;6.12;p031​;20250325_091248;1;F8W2;-0,0914;1,6911;1,0533;0,0351;-0,0178;0,0171;-0,9991;;False
392,33;6.13;p031​;20250325_091248;1;F8W2;-0,0914;1,6911;1,0535;0,0350;-0,0175;0,0172;-0,9991;;False
392,34;6.15;p031​;20250325_091248;1;F8W2;-0,0915;1,6911;1,0537;0,0350;-0,0173;0,0172;-0,9991;;False
392,35;6.16;p031​;20250325_091248;1;F8W2;-0,0915;1,6912;1,0539;0,0350;-0,0171;0,0172;-0,9991;;False
392,37;6.18;p031​;20250325_091248;1;F8W2;-0,0914;1,6912;1,0540;0,0349;-0,0168;0,0173;-0,9991;;False
392,38;6.19;p031​;20250325_091248;1;F8W2;-0,0915;1,6912;1,0543;0,0347;-0,0168;0,0173;-0,9991;;False
392,39;6.2;p031​;20250325_091248;1;F8W2;-0,0916;1,6912;1,0546;0,0346;-0,0165;0,0173;-0,9991;;False
392,41;6.22;p031​;20250325_091248;1;F8W2;-0,0917;1,6911;1,0548;0,0342;-0,0165;0,0172;-0,9991;;False
392,42;6.23;p031​;20250325_091248;1;F8W2;-0,0918;1,6909;1,0551;0,0338;-0,0165;0,0172;-0,9991;;False
392,44;6.24;p031​;20250325_091248;1;F8W2;-0,0919;1,6909;1,0554;0,0331;-0,0164;0,0171;-0,9992;;False
392,45;6.26;p031​;20250325_091248;1;F8W2;-0,0919;1,6909;1,0558;0,0328;-0,0161;0,0172;-0,9992;;False
392,46;6.27;p031​;20250325_091248;1;F8W2;-0,0920;1,6908;1,0561;0,0325;-0,0161;0,0174;-0,9992;;False
392,48;6.29;p031​;20250325_091248;1;F8W2;-0,0922;1,6906;1,0565;0,0321;-0,0160;0,0173;-0,9992;;False
392,49;6.3;p031​;20250325_091248;1;F8W2;-0,0923;1,6905;1,0569;0,0313;-0,0155;0,0173;-0,9992;;False
392,51;6.31;p031​;20250325_091248;1;F8W2;-0,0924;1,6903;1,0573;0,0307;-0,0151;0,0174;-0,9993;;False
392,52;6.33;p031​;20250325_091248;1;F8W2;-0,0926;1,6902;1,0577;0,0298;-0,0147;0,0176;-0,9993;;False
392,54;6.34;p031​;20250325_091248;1;F8W2;-0,0928;1,6900;1,0581;0,0291;-0,0145;0,0176;-0,9993;;False
392,55;6.36;p031​;20250325_091248;1;F8W2;-0,0929;1,6899;1,0586;0,0283;-0,0142;0,0177;-0,9993;;False
392,56;6.37;p031​;20250325_091248;1;F8W2;-0,0930;1,6898;1,0590;0,0271;-0,0139;0,0176;-0,9994;;False
392,58;6.38;p031​;20250325_091248;1;F8W2;-0,0932;1,6896;1,0596;0,0258;-0,0136;0,0174;-0,9994;;False
392,59;6.4;p031​;20250325_091248;1;F8W2;-0,0934;1,6894;1,0603;0,0247;-0,0135;0,0172;-0,9995;;False
392,60;6.41;p031​;20250325_091248;1;F8W2;-0,0936;1,6890;1,0611;0,0232;-0,0132;0,0167;-0,9995;;False
392,62;6.43;p031​;20250325_091248;1;F8W2;-0,0938;1,6883;1,0623;0,0204;-0,0126;0,0152;-0,9996;;False
392,63;6.44;p031​;20250325_091248;1;F8W2;-0,0943;1,6875;1,0640;0,0163;-0,0117;0,0126;-0,9997;;False
392,65;6.45;p031​;20250325_091248;1;F8W2;-0,0949;1,6858;1,0662;0,0109;-0,0104;0,0106;-0,9998;;False
392,66;6.47;p031​;20250325_091248;1;F8W2;-0,0957;1,6839;1,0686;0,0024;-0,0087;0,0093;-0,9999;;False
392,69;6.5;p031​;20250325_091248;1;F8W2;-0,0974;1,6786;1,0745;-0,0208;-0,0044;0,0067;-0,9998;;False
392,70;6.51;p031​;20250325_091248;1;F8W2;-0,0984;1,6746;1,0779;-0,0372;-0,0023;0,0037;-0,9993;;False
392,72;6.52;p031​;20250325_091248;1;F8W2;-0,0994;1,6699;1,0814;-0,0573;-0,0008;0,0016;-0,9984;;False
392,73;6.54;p031​;20250325_091248;1;F8W2;-0,1004;1,6647;1,0852;-0,0780;0,0010;-0,0005;-0,9970;;False
392,74;6.55;p031​;20250325_091248;1;F8W2;-0,1013;1,6593;1,0894;-0,1007;0,0028;-0,0025;-0,9949;;False
392,76;6.57;p031​;20250325_091248;1;F8W2;-0,1024;1,6530;1,0936;-0,1254;0,0040;-0,0043;-0,9921;;False
392,77;6.58;p031​;20250325_091248;1;F8W2;-0,1034;1,6460;1,0978;-0,1515;0,0054;-0,0062;-0,9884;;False
392,78;6.59;p031​;20250325_091248;1;F8W2;-0,1043;1,6380;1,1020;-0,1799;0,0065;-0,0081;-0,9836;;False
392,80;6.61;p031​;20250325_091248;1;F8W2;-0,1051;1,6295;1,1062;-0,2094;0,0073;-0,0103;-0,9778;;False
392,81;6.62;p031​;20250325_091248;1;F8W2;-0,1061;1,6206;1,1100;-0,2390;0,0079;-0,0128;-0,9709;;False
392,83;6.63;p031​;20250325_091248;1;F8W2;-0,1070;1,6119;1,1134;-0,2693;0,0098;-0,0159;-0,9629;;False
392,84;6.65;p031​;20250325_091248;1;F8W2;-0,1078;1,6045;1,1163;-0,2957;0,0113;-0,0174;-0,9551;;False
392,85;6.66;p031​;20250325_091248;1;F8W2;-0,1087;1,5991;1,1199;-0,3171;0,0117;-0,0187;-0,9481;;False
392,87;6.68;p031​;20250325_091248;1;F8W2;-0,1093;1,5952;1,1239;-0,3319;0,0128;-0,0199;-0,9430;;False
392,88;6.69;p031​;20250325_091248;1;F8W2;-0,1101;1,5920;1,1282;-0,3422;0,0135;-0,0214;-0,9393;;False
392,90;6.71;p031​;20250325_091248;1;F8W2;-0,1108;1,5887;1,1330;-0,3452;0,0149;-0,0226;-0,9381;;False
392,91;6.72;p031​;20250325_091248;1;F8W2;-0,1118;1,5871;1,1382;-0,3480;0,0166;-0,0232;-0,9371;;False
392,92;6.73;p031​;20250325_091248;1;F8W2;-0,1127;1,5854;1,1432;-0,3464;0,0183;-0,0228;-0,9376;;False
392,94;6.75;p031​;20250325_091248;1;F8W2;-0,1135;1,5842;1,1478;-0,3461;0,0200;-0,0220;-0,9377;;False
392,95;6.76;p031​;20250325_091248;1;F8W2;-0,1143;1,5825;1,1519;-0,3461;0,0220;-0,0215;-0,9377;;False
392,97;6.77;p031​;20250325_091248;1;F8W2;-0,1150;1,5807;1,1558;-0,3483;0,0238;-0,0210;-0,9369;;False
392,98;6.79;p031​;20250325_091248;1;F8W2;-0,1159;1,5789;1,1597;-0,3518;0,0252;-0,0205;-0,9355;;False
392,99;6.8;p031​;20250325_091248;1;F8W2;-0,1165;1,5766;1,1632;-0,3561;0,0274;-0,0198;-0,9339;;False
393,01;6.81;p031​;20250325_091248;1;F8W2;-0,1172;1,5743;1,1666;-0,3602;0,0290;-0,0203;-0,9322;;False
393,02;6.83;p031​;20250325_091248;1;F8W2;-0,1176;1,5720;1,1697;-0,3651;0,0314;-0,0209;-0,9302;;False
393,03;6.84;p031​;20250325_091248;1;F8W2;-0,1179;1,5697;1,1724;-0,3706;0,0340;-0,0216;-0,9279;;False
393,05;6.86;p031​;20250325_091248;1;F8W2;-0,1179;1,5671;1,1748;-0,3756;0,0365;-0,0217;-0,9258;;False
393,06;6.87;p031​;20250325_091248;1;F8W2;-0,1180;1,5648;1,1772;-0,3807;0,0379;-0,0219;-0,9237;;False
393,08;6.88;p031​;20250325_091248;1;F8W2;-0,1181;1,5622;1,1794;-0,3857;0,0391;-0,0216;-0,9216;;False
393,09;6.9;p031​;20250325_091248;1;F8W2;-0,1180;1,5595;1,1813;-0,3911;0,0396;-0,0212;-0,9193;;False
393,10;6.91;p031​;20250325_091248;1;F8W2;-0,1178;1,5571;1,1832;-0,3966;0,0396;-0,0205;-0,9169;;False
393,12;6.93;p031​;20250325_091248;1;F8W2;-0,1175;1,5552;1,1852;-0,4009;0,0394;-0,0191;-0,9151;;False
393,13;6.94;p031​;20250325_091248;1;F8W2;-0,1172;1,5538;1,1870;-0,4027;0,0393;-0,0185;-0,9143;;False
393,15;6.95;p031​;20250325_091248;1;F8W2;-0,1167;1,5529;1,1887;-0,4038;0,0396;-0,0182;-0,9138;;False
393,16;6.97;p031​;20250325_091248;1;F8W2;-0,1164;1,5526;1,1903;-0,4037;0,0397;-0,0177;-0,9138;;False
393,17;6.98;p031​;20250325_091248;1;F8W2;-0,1157;1,5528;1,1915;-0,4023;0,0399;-0,0166;-0,9145;;False
393,19;7.0;p031​;20250325_091248;1;F8W2;-0,1150;1,5537;1,1926;-0,3996;0,0397;-0,0153;-0,9157;;False
393,20;7.01;p031​;20250325_091248;1;F8W2;-0,1143;1,5551;1,1936;-0,3948;0,0390;-0,0140;-0,9178;;False
393,21;7.02;p031​;20250325_091248;1;F8W2;-0,1136;1,5573;1,1943;-0,3884;0,0381;-0,0131;-0,9206;;False
393,23;7.04;p031​;20250325_091248;1;F8W2;-0,1130;1,5603;1,1951;-0,3789;0,0371;-0,0121;-0,9246;;False
393,24;7.05;p031​;20250325_091248;1;F8W2;-0,1126;1,5647;1,1959;-0,3656;0,0359;-0,0107;-0,9300;;False
393,26;7.06;p031​;20250325_091248;1;F8W2;-0,1121;1,5703;1,1971;-0,3488;0,0348;-0,0095;-0,9365;;False
393,27;7.08;p031​;20250325_091248;1;F8W2;-0,1116;1,5764;1,1980;-0,3267;0,0336;-0,0091;-0,9445;;False
393,28;7.09;p031​;20250325_091248;1;F8W2;-0,1109;1,5842;1,1988;-0,3001;0,0318;-0,0092;-0,9533;;False
393,30;7.11;p031​;20250325_091248;1;F8W2;-0,1105;1,5931;1,1992;-0,2703;0,0305;-0,0099;-0,9622;;False
393,31;7.12;p031​;20250325_091248;1;F8W2;-0,1100;1,6021;1,1985;-0,2393;0,0301;-0,0104;-0,9704;;False
393,33;7.13;p031​;20250325_091248;1;F8W2;-0,1091;1,6115;1,1971;-0,2082;0,0287;-0,0085;-0,9776;;False
393,34;7.15;p031​;20250325_091248;1;F8W2;-0,1082;1,6208;1,1954;-0,1757;0,0259;-0,0073;-0,9841;;False
393,35;7.16;p031​;20250325_091248;1;F8W2;-0,1074;1,6301;1,1930;-0,1441;0,0230;-0,0069;-0,9893;;False
393,37;7.18;p031​;20250325_091248;1;F8W2;-0,1063;1,6382;1,1897;-0,1168;0,0198;-0,0056;-0,9929;;False
393,38;7.19;p031​;20250325_091248;1;F8W2;-0,1053;1,6449;1,1861;-0,0943;0,0168;-0,0056;-0,9954;;False
393,40;7.2;p031​;20250325_091248;1;F8W2;-0,1044;1,6505;1,1819;-0,0796;0,0137;-0,0065;-0,9967;;False
393,41;7.22;p031​;20250325_091248;1;F8W2;-0,1033;1,6550;1,1777;-0,0672;0,0108;-0,0066;-0,9977;;False
393,42;7.23;p031​;20250325_091248;1;F8W2;-0,1024;1,6590;1,1738;-0,0586;0,0073;-0,0066;-0,9982;;False
393,44;7.25;p031​;20250325_091248;1;F8W2;-0,1013;1,6624;1,1704;-0,0516;0,0040;-0,0063;-0,9986;;False
393,45;7.26;p031​;20250325_091248;1;F8W2;-0,1001;1,6653;1,1671;-0,0443;0,0004;-0,0061;-0,9990;;False
393,47;7.27;p031​;20250325_091248;1;F8W2;-0,0990;1,6676;1,1639;-0,0399;-0,0028;-0,0062;-0,9992;;False
393,48;7.29;p031​;20250325_091248;1;F8W2;-0,0981;1,6692;1,1609;-0,0361;-0,0058;-0,0060;-0,9993;;False
393,49;7.3;p031​;20250325_091248;1;F8W2;-0,0975;1,6708;1,1581;-0,0334;-0,0086;-0,0058;-0,9994;;False
393,51;7.32;p031​;20250325_091248;1;F8W2;-0,0967;1,6720;1,1558;-0,0310;-0,0106;-0,0054;-0,9994;;False
393,52;7.33;p031​;20250325_091248;1;F8W2;-0,0962;1,6730;1,1535;-0,0292;-0,0129;-0,0054;-0,9995;;False
393,54;7.34;p031​;20250325_091248;1;F8W2;-0,0954;1,6738;1,1515;-0,0281;-0,0141;-0,0048;-0,9995;;False
393,55;7.36;p031​;20250325_091248;1;F8W2;-0,0950;1,6744;1,1493;-0,0271;-0,0156;-0,0047;-0,9995;;False
393,56;7.37;p031​;20250325_091248;1;F8W2;-0,0944;1,6749;1,1473;-0,0272;-0,0166;-0,0040;-0,9995;;False
393,58;7.39;p031​;20250325_091248;1;F8W2;-0,0938;1,6752;1,1456;-0,0277;-0,0176;-0,0037;-0,9995;;False
393,59;7.4;p031​;20250325_091248;1;F8W2;-0,0933;1,6756;1,1440;-0,0273;-0,0184;-0,0032;-0,9995;;False
393,60;7.41;p031​;20250325_091248;1;F8W2;-0,0928;1,6761;1,1425;-0,0254;-0,0188;-0,0028;-0,9995;;False
393,62;7.43;p031​;20250325_091248;1;F8W2;-0,0925;1,6767;1,1408;-0,0234;-0,0189;-0,0022;-0,9995;;False
393,63;7.44;p031​;20250325_091248;1;F8W2;-0,0922;1,6771;1,1390;-0,0224;-0,0187;-0,0018;-0,9996;;False
393,65;7.45;p031​;20250325_091248;1;F8W2;-0,0917;1,6778;1,1376;-0,0219;-0,0185;-0,0013;-0,9996;;False
393,66;7.47;p031​;20250325_091248;1;F8W2;-0,0913;1,6786;1,1361;-0,0198;-0,0184;-0,0009;-0,9996;;False
393,67;7.48;p031​;20250325_091248;1;F8W2;-0,0910;1,6794;1,1347;-0,0169;-0,0185;-0,0003;-0,9997;;False
393,69;7.5;p031​;20250325_091248;1;F8W2;-0,0907;1,6799;1,1332;-0,0146;-0,0184;0,0004;-0,9997;;False
393,70;7.51;p031​;20250325_091248;1;F8W2;-0,0903;1,6803;1,1317;-0,0135;-0,0185;0,0010;-0,9997;;False
393,72;7.52;p031​;20250325_091248;1;F8W2;-0,0899;1,6808;1,1303;-0,0127;-0,0185;0,0014;-0,9997;;False
393,73;7.54;p031​;20250325_091248;1;F8W2;-0,0894;1,6813;1,1290;-0,0113;-0,0185;0,0021;-0,9998;;False
393,74;7.55;p031​;20250325_091248;1;F8W2;-0,0891;1,6819;1,1278;-0,0098;-0,0183;0,0028;-0,9998;;False
393,76;7.57;p031​;20250325_091248;1;F8W2;-0,0888;1,6824;1,1266;-0,0087;-0,0182;0,0034;-0,9998;;False
393,77;7.58;p031​;20250325_091248;1;F8W2;-0,0884;1,6829;1,1254;-0,0077;-0,0181;0,0041;-0,9998;;False
393,79;7.59;p031​;20250325_091248;1;F8W2;-0,0880;1,6833;1,1245;-0,0070;-0,0182;0,0050;-0,9998;;False
393,80;7.61;p031​;20250325_091248;1;F8W2;-0,0877;1,6835;1,1235;-0,0065;-0,0181;0,0058;-0,9998;;False
393,81;7.62;p031​;20250325_091248;1;F8W2;-0,0873;1,6838;1,1225;-0,0063;-0,0180;0,0063;-0,9998;;False
393,83;7.64;p031​;20250325_091248;1;F8W2;-0,0869;1,6841;1,1216;-0,0063;-0,0179;0,0069;-0,9998;;False
393,84;7.65;p031​;20250325_091248;1;F8W2;-0,0865;1,6844;1,1209;-0,0059;-0,0182;0,0081;-0,9998;;False
393,86;7.66;p031​;20250325_091248;1;F8W2;-0,0860;1,6848;1,1203;-0,0049;-0,0185;0,0093;-0,9998;;False
393,87;7.68;p031​;20250325_091248;1;F8W2;-0,0854;1,6850;1,1198;-0,0035;-0,0189;0,0104;-0,9998;;False
393,88;7.69;p031​;20250325_091248;1;F8W2;-0,0849;1,6853;1,1193;-0,0025;-0,0198;0,0109;-0,9997;;False
393,90;7.71;p031​;20250325_091248;1;F8W2;-0,0844;1,6855;1,1188;-0,0017;-0,0205;0,0113;-0,9997;;False
393,91;7.72;p031​;20250325_091248;1;F8W2;-0,0840;1,6855;1,1184;-0,0007;-0,0213;0,0122;-0,9997;;False
393,92;7.73;p031​;20250325_091248;1;F8W2;-0,0835;1,6858;1,1181;-0,0004;-0,0217;0,0136;-0,9997;;False
393,94;7.75;p031​;20250325_091248;1;F8W2;-0,0830;1,6860;1,1179;0,0008;-0,0226;0,0144;-0,9996;;False
393,95;7.76;p031​;20250325_091248;1;F8W2;-0,0825;1,6860;1,1177;0,0017;-0,0236;0,0151;-0,9996;;False
393,97;7.78;p031​;20250325_091248;1;F8W2;-0,0820;1,6860;1,1174;0,0017;-0,0244;0,0159;-0,9996;;False
393,98;7.79;p031​;20250325_091248;1;F8W2;-0,0815;1,6859;1,1170;0,0011;-0,0255;0,0166;-0,9995;;False
393,99;7.8;p031​;20250325_091248;1;F8W2;-0,0810;1,6858;1,1167;0,0005;-0,0265;0,0172;-0,9995;;False
394,01;7.82;p031​;20250325_091248;1;F8W2;-0,0806;1,6857;1,1164;0,0001;-0,0275;0,0180;-0,9995;;False
394,02;7.83;p031​;20250325_091248;1;F8W2;-0,0802;1,6858;1,1162;-0,0004;-0,0285;0,0186;-0,9994;;False
394,04;7.84;p031​;20250325_091248;1;F8W2;-0,0798;1,6859;1,1160;-0,0005;-0,0294;0,0190;-0,9994;;False
394,05;7.86;p031​;20250325_091248;1;F8W2;-0,0796;1,6860;1,1158;-0,0001;-0,0302;0,0193;-0,9994;;False
394,06;7.87;p031​;20250325_091248;1;F8W2;-0,0794;1,6862;1,1157;0,0006;-0,0312;0,0196;-0,9993;;False
394,08;7.89;p031​;20250325_091248;1;F8W2;-0,0791;1,6864;1,1155;0,0013;-0,0318;0,0199;-0,9993;;False
394,09;7.9;p031​;20250325_091248;1;F8W2;-0,0789;1,6865;1,1153;0,0018;-0,0324;0,0204;-0,9993;;False
394,11;7.91;p031​;20250325_091248;1;F8W2;-0,0787;1,6865;1,1150;0,0019;-0,0331;0,0208;-0,9992;;False
394,12;7.93;p031​;20250325_091248;1;F8W2;-0,0785;1,6864;1,1146;0,0019;-0,0337;0,0211;-0,9992;;False
394,13;7.94;p031​;20250325_091248;1;F8W2;-0,0784;1,6863;1,1143;0,0016;-0,0341;0,0213;-0,9992;;False
394,15;7.96;p031​;20250325_091248;1;F8W2;-0,0783;1,6865;1,1140;0,0013;-0,0345;0,0214;-0,9992;;False
394,16;7.97;p031​;20250325_091248;1;F8W2;-0,0782;1,6868;1,1139;0,0017;-0,0351;0,0221;-0,9991;;False
394,17;7.98;p031​;20250325_091248;1;F8W2;-0,0781;1,6869;1,1137;0,0022;-0,0355;0,0226;-0,9991;;False
394,19;8.0;p031​;20250325_091248;1;F8W2;-0,0780;1,6869;1,1135;0,0025;-0,0362;0,0226;-0,9991;;False
394,20;8.01;p031​;20250325_091248;1;F8W2;-0,0780;1,6870;1,1132;0,0026;-0,0365;0,0229;-0,9991;;False
394,22;8.03;p031​;20250325_091248;1;F8W2;-0,0780;1,6872;1,1131;0,0030;-0,0371;0,0234;-0,9990;;False
394,23;8.04;p031​;20250325_091248;1;F8W2;-0,0780;1,6873;1,1129;0,0033;-0,0376;0,0239;-0,9990;;False
394,24;8.05;p031​;20250325_091248;1;F8W2;-0,0780;1,6874;1,1128;0,0035;-0,0382;0,0242;-0,9990;;False
394,26;8.07;p031​;20250325_091248;1;F8W2;-0,0779;1,6875;1,1126;0,0041;-0,0388;0,0245;-0,9989;;False
394,27;8.08;p031​;20250325_091248;1;F8W2;-0,0780;1,6876;1,1125;0,0045;-0,0394;0,0248;-0,9989;;False
394,29;8.09;p031​;20250325_091248;1;F8W2;-0,0780;1,6877;1,1123;0,0040;-0,0401;0,0250;-0,9989;;False
394,31;8.12;p031​;20250325_091248;1;F8W2;-0,0781;1,6876;1,1116;0,0032;-0,0413;0,0254;-0,9988;;False
394,33;8.14;p031​;20250325_091248;1;F8W2;-0,0782;1,6877;1,1113;0,0033;-0,0421;0,0254;-0,9988;;False
394,34;8.15;p031​;20250325_091248;1;F8W2;-0,0782;1,6878;1,1111;0,0036;-0,0430;0,0254;-0,9987;;False
394,36;8.16;p031​;20250325_091248;1;F8W2;-0,0783;1,6879;1,1109;0,0037;-0,0437;0,0253;-0,9987;;False
394,37;8.18;p031​;20250325_091248;1;F8W2;-0,0783;1,6879;1,1106;0,0035;-0,0444;0,0254;-0,9987;;False
394,38;8.19;p031​;20250325_091248;1;F8W2;-0,0784;1,6878;1,1104;0,0027;-0,0451;0,0256;-0,9987;;False
394,40;8.21;p031​;20250325_091248;1;F8W2;-0,0784;1,6878;1,1101;0,0026;-0,0458;0,0259;-0,9986;;False
394,41;8.22;p031​;20250325_091248;1;F8W2;-0,0785;1,6880;1,1100;0,0033;-0,0465;0,0262;-0,9986;;False
394,43;8.23;p031​;20250325_091248;1;F8W2;-0,0785;1,6881;1,1098;0,0038;-0,0473;0,0263;-0,9985;;False
394,44;8.25;p031​;20250325_091248;1;F8W2;-0,0785;1,6883;1,1097;0,0038;-0,0481;0,0264;-0,9985;;False
394,45;8.26;p031​;20250325_091248;1;F8W2;-0,0785;1,6886;1,1096;0,0049;-0,0487;0,0269;-0,9984;;False
394,47;8.27;p031​;20250325_091248;1;F8W2;-0,0785;1,6887;1,1095;0,0056;-0,0492;0,0272;-0,9984;;False
394,48;8.29;p031​;20250325_091248;1;F8W2;-0,0786;1,6888;1,1095;0,0056;-0,0496;0,0276;-0,9984;;False
394,49;8.3;p031​;20250325_091248;1;F8W2;-0,0787;1,6888;1,1095;0,0055;-0,0495;0,0281;-0,9984;;False
394,51;8.32;p031​;20250325_091248;1;F8W2;-0,0788;1,6888;1,1095;0,0056;-0,0495;0,0282;-0,9984;;False
394,52;8.33;p031​;20250325_091248;1;F8W2;-0,0789;1,6887;1,1095;0,0056;-0,0496;0,0281;-0,9984;;False
394,54;8.34;p031​;20250325_091248;1;F8W2;-0,0790;1,6885;1,1096;0,0057;-0,0496;0,0282;-0,9984;;False
394,55;8.36;p031​;20250325_091248;1;F8W2;-0,0791;1,6884;1,1098;0,0056;-0,0495;0,0283;-0,9984;;False
394,56;8.37;p031​;20250325_091248;1;F8W2;-0,0792;1,6883;1,1101;0,0053;-0,0493;0,0282;-0,9984;;False
394,58;8.39;p031​;20250325_091248;1;F8W2;-0,0793;1,6881;1,1104;0,0050;-0,0490;0,0282;-0,9984;;False
394,59;8.4;p031​;20250325_091248;1;F8W2;-0,0794;1,6880;1,1108;0,0049;-0,0487;0,0282;-0,9984;;False
394,61;8.41;p031​;20250325_091248;1;F8W2;-0,0794;1,6877;1,1113;0,0044;-0,0485;0,0281;-0,9984;;False
394,62;8.43;p031​;20250325_091248;1;F8W2;-0,0795;1,6876;1,1116;0,0039;-0,0482;0,0281;-0,9984;;False
394,63;8.44;p031​;20250325_091248;1;F8W2;-0,0795;1,6875;1,1120;0,0037;-0,0480;0,0281;-0,9984;;False
394,65;8.46;p031​;20250325_091248;1;F8W2;-0,0795;1,6873;1,1124;0,0037;-0,0476;0,0281;-0,9985;;False
394,66;8.47;p031​;20250325_091248;1;F8W2;-0,0795;1,6871;1,1128;0,0034;-0,0473;0,0281;-0,9985;;False
394,67;8.48;p031​;20250325_091248;1;F8W2;-0,0794;1,6869;1,1131;0,0029;-0,0470;0,0282;-0,9985;;False
394,69;8.5;p031​;20250325_091248;1;F8W2;-0,0794;1,6867;1,1134;0,0025;-0,0470;0,0283;-0,9985;;False
394,70;8.51;p031​;20250325_091248;1;F8W2;-0,0793;1,6866;1,1138;0,0021;-0,0469;0,0283;-0,9985;;False
394,72;8.52;p031​;20250325_091248;1;F8W2;-0,0792;1,6865;1,1143;0,0023;-0,0471;0,0284;-0,9985;;False
394,73;8.54;p031​;20250325_091248;1;F8W2;-0,0791;1,6863;1,1148;0,0023;-0,0470;0,0283;-0,9985;;False
394,75;8.55;p031​;20250325_091248;1;F8W2;-0,0790;1,6861;1,1153;0,0021;-0,0472;0,0280;-0,9985;;False
394,76;8.57;p031​;20250325_091248;1;F8W2;-0,0789;1,6859;1,1159;0,0014;-0,0473;0,0281;-0,9985;;False
394,77;8.58;p031​;20250325_091248;1;F8W2;-0,0789;1,6858;1,1165;0,0008;-0,0476;0,0278;-0,9985;;False
394,79;8.59;p031​;20250325_091248;1;F8W2;-0,0788;1,6855;1,1172;0,0001;-0,0475;0,0273;-0,9985;;False
394,80;8.61;p031​;20250325_091248;1;F8W2;-0,0788;1,6851;1,1181;-0,0008;-0,0475;0,0263;-0,9985;;False
394,81;8.62;p031​;20250325_091248;1;F8W2;-0,0790;1,6846;1,1192;-0,0027;-0,0472;0,0243;-0,9986;;False
394,83;8.64;p031​;20250325_091248;1;F8W2;-0,0794;1,6838;1,1206;-0,0059;-0,0460;0,0211;-0,9987;;False
394,84;8.65;p031​;20250325_091248;1;F8W2;-0,0798;1,6827;1,1222;-0,0100;-0,0445;0,0183;-0,9988;;False
394,86;8.66;p031​;20250325_091248;1;F8W2;-0,0803;1,6812;1,1240;-0,0158;-0,0430;0,0159;-0,9988;;False
394,87;8.68;p031​;20250325_091248;1;F8W2;-0,0811;1,6793;1,1262;-0,0241;-0,0414;0,0128;-0,9988;;False
394,88;8.69;p031​;20250325_091248;1;F8W2;-0,0818;1,6766;1,1285;-0,0340;-0,0390;0,0088;-0,9986;;False
394,90;8.71;p031​;20250325_091248;1;F8W2;-0,0825;1,6732;1,1312;-0,0471;-0,0359;0,0056;-0,9982;;False
394,91;8.72;p031​;20250325_091248;1;F8W2;-0,0835;1,6691;1,1342;-0,0622;-0,0331;0,0027;-0,9975;;False
394,93;8.73;p031​;20250325_091248;1;F8W2;-0,0844;1,6643;1,1375;-0,0803;-0,0300;0,0002;-0,9963;;False
394,94;8.75;p031​;20250325_091248;1;F8W2;-0,0854;1,6588;1,1409;-0,1006;-0,0272;-0,0018;-0,9946;;False
394,95;8.76;p031​;20250325_091248;1;F8W2;-0,0864;1,6527;1,1446;-0,1232;-0,0243;-0,0030;-0,9921;;False
394,97;8.78;p031​;20250325_091248;1;F8W2;-0,0874;1,6458;1,1485;-0,1473;-0,0212;-0,0036;-0,9889;;False
394,98;8.79;p031​;20250325_091248;1;F8W2;-0,0883;1,6382;1,1516;-0,1732;-0,0185;-0,0039;-0,9847;;False
394,99;8.8;p031​;20250325_091248;1;F8W2;-0,0893;1,6302;1,1543;-0,2022;-0,0157;-0,0048;-0,9792;;False
395,01;8.82;p031​;20250325_091248;1;F8W2;-0,0903;1,6223;1,1569;-0,2329;-0,0128;-0,0055;-0,9724;;False
395,02;8.83;p031​;20250325_091248;1;F8W2;-0,0912;1,6144;1,1600;-0,2608;-0,0100;-0,0056;-0,9653;;False
395,04;8.84;p031​;20250325_091248;1;F8W2;-0,0920;1,6065;1,1629;-0,2847;-0,0074;-0,0059;-0,9586;;False
395,05;8.86;p031​;20250325_091248;1;F8W2;-0,0930;1,6005;1,1663;-0,3058;-0,0050;-0,0062;-0,9521;;False
395,07;8.87;p031​;20250325_091248;1;F8W2;-0,0940;1,5964;1,1703;-0,3190;-0,0031;-0,0060;-0,9477;;False
395,08;8.89;p031​;20250325_091248;1;F8W2;-0,0952;1,5931;1,1743;-0,3281;-0,0018;-0,0058;-0,9446;;False
395,09;8.9;p031​;20250325_091248;1;F8W2;-0,0963;1,5894;1,1779;-0,3359;0,0002;-0,0050;-0,9419;;False
395,11;8.92;p031​;20250325_091248;1;F8W2;-0,0975;1,5855;1,1813;-0,3441;0,0021;-0,0053;-0,9389;;False
395,13;8.94;p031​;20250325_091248;1;F8W2;-0,0995;1,5788;1,1880;-0,3646;0,0056;-0,0072;-0,9311;;False
395,15;8.96;p031​;20250325_091248;1;F8W2;-0,1006;1,5759;1,1917;-0,3746;0,0073;-0,0081;-0,9271;;False
395,16;8.97;p031​;20250325_091248;1;F8W2;-0,1018;1,5728;1,1954;-0,3818;0,0086;-0,0089;-0,9242;;False
395,18;8.98;p031​;20250325_091248;1;F8W2;-0,1029;1,5698;1,1994;-0,3893;0,0102;-0,0094;-0,9210;;False
395,19;9.0;p031​;20250325_091248;1;F8W2;-0,1040;1,5667;1,2033;-0,3966;0,0116;-0,0106;-0,9178;;False
395,20;9.01;p031​;20250325_091248;1;F8W2;-0,1052;1,5638;1,2072;-0,4025;0,0130;-0,0118;-0,9153;;False
395,22;9.02;p031​;20250325_091248;1;F8W2;-0,1063;1,5609;1,2111;-0,4083;0,0148;-0,0130;-0,9126;;False
395,23;9.04;p031​;20250325_091248;1;F8W2;-0,1075;1,5577;1,2148;-0,4137;0,0168;-0,0146;-0,9102;;False
395,24;9.05;p031​;20250325_091248;1;F8W2;-0,1087;1,5541;1,2184;-0,4189;0,0186;-0,0162;-0,9077;;False
395,26;9.07;p031​;20250325_091248;1;F8W2;-0,1097;1,5503;1,2218;-0,4249;0,0209;-0,0179;-0,9048;;False
395,27;9.08;p031​;20250325_091248;1;F8W2;-0,1106;1,5463;1,2249;-0,4310;0,0233;-0,0195;-0,9018;;False
395,29;9.1;p031​;20250325_091248;1;F8W2;-0,1117;1,5426;1,2277;-0,4369;0,0256;-0,0214;-0,8989;;False
395,30;9.11;p031​;20250325_091248;1;F8W2;-0,1126;1,5390;1,2301;-0,4436;0,0278;-0,0225;-0,8955;;False
395,31;9.12;p031​;20250325_091248;1;F8W2;-0,1133;1,5357;1,2321;-0,4502;0,0307;-0,0233;-0,8921;;False
395,33;9.14;p031​;20250325_091248;1;F8W2;-0,1141;1,5331;1,2337;-0,4563;0,0331;-0,0241;-0,8889;;False
395,35;9.16;p031​;20250325_091248;1;F8W2;-0,1150;1,5298;1,2370;-0,4621;0,0387;-0,0245;-0,8856;;False
395,37;9.18;p031​;20250325_091248;1;F8W2;-0,1153;1,5289;1,2379;-0,4626;0,0412;-0,0244;-0,8853;;False
395,38;9.19;p031​;20250325_091248;1;F8W2;-0,1156;1,5284;1,2385;-0,4633;0,0435;-0,0242;-0,8848;;False
395,40;9.21;p031​;20250325_091248;1;F8W2;-0,1157;1,5285;1,2386;-0,4631;0,0453;-0,0238;-0,8848;;False
395,43;9.23;p031​;20250325_091248;1;F8W2;-0,1153;1,5299;1,2385;-0,4615;0,0479;-0,0226;-0,8856;;False
395,45;9.26;p031​;20250325_091248;1;F8W2;-0,1147;1,5325;1,2379;-0,4559;0,0501;-0,0218;-0,8884;;False
395,47;9.28;p031​;20250325_091248;1;F8W2;-0,1142;1,5342;1,2373;-0,4519;0,0508;-0,0211;-0,8904;;False
395,48;9.29;p031​;20250325_091248;1;F8W2;-0,1136;1,5361;1,2364;-0,4483;0,0516;-0,0207;-0,8922;;False
395,49;9.3;p031​;20250325_091248;1;F8W2;-0,1130;1,5383;1,2353;-0,4442;0,0522;-0,0204;-0,8942;;False
395,52;9.33;p031​;20250325_091248;1;F8W2;-0,1116;1,5433;1,2330;-0,4345;0,0521;-0,0196;-0,8989;;False
395,54;9.34;p031​;20250325_091248;1;F8W2;-0,1104;1,5464;1,2318;-0,4282;0,0510;-0,0188;-0,9021;;False
395,55;9.36;p031​;20250325_091248;1;F8W2;-0,1091;1,5496;1,2303;-0,4208;0,0489;-0,0188;-0,9056;;False
395,56;9.37;p031​;20250325_091248;1;F8W2;-0,1076;1,5530;1,2287;-0,4125;0,0468;-0,0196;-0,9095;;False
395,58;9.38;p031​;20250325_091248;1;F8W2;-0,1062;1,5567;1,2272;-0,4036;0,0449;-0,0207;-0,9136;;False
395,59;9.4;p031​;20250325_091248;1;F8W2;-0,1047;1,5606;1,2259;-0,3943;0,0418;-0,0216;-0,9178;;False
395,60;9.41;p031​;20250325_091248;1;F8W2;-0,1029;1,5645;1,2244;-0,3842;0,0384;-0,0221;-0,9222;;False
395,62;9.43;p031​;20250325_091248;1;F8W2;-0,1014;1,5685;1,2227;-0,3743;0,0351;-0,0233;-0,9263;;False
395,63;9.44;p031​;20250325_091248;1;F8W2;-0,1000;1,5729;1,2211;-0,3637;0,0322;-0,0243;-0,9307;;False
395,65;9.46;p031​;20250325_091248;1;F8W2;-0,0985;1,5776;1,2196;-0,3520;0,0292;-0,0244;-0,9352;;False
395,66;9.47;p031​;20250325_091248;1;F8W2;-0,0969;1,5822;1,2180;-0,3399;0,0255;-0,0230;-0,9398;;False
395,67;9.48;p031​;20250325_091248;1;F8W2;-0,0955;1,5867;1,2164;-0,3277;0,0218;-0,0230;-0,9443;;False
395,69;9.5;p031​;20250325_091248;1;F8W2;-0,0941;1,5911;1,2147;-0,3155;0,0188;-0,0233;-0,9485;;False
395,72;9.52;p031​;20250325_091248;1;F8W2;-0,0922;1,5997;1,2114;-0,2910;0,0169;-0,0226;-0,9563;;False
395,73;9.54;p031​;20250325_091248;1;F8W2;-0,0920;1,6041;1,2099;-0,2788;0,0182;-0,0205;-0,9600;;False
395,76;9.57;p031​;20250325_091248;1;F8W2;-0,0915;1,6115;1,2069;-0,2561;0,0206;-0,0169;-0,9663;;False
395,77;9.58;p031​;20250325_091248;1;F8W2;-0,0914;1,6145;1,2054;-0,2471;0,0226;-0,0157;-0,9686;;False
395,78;9.59;p031​;20250325_091248;1;F8W2;-0,0917;1,6168;1,2038;-0,2399;0,0249;-0,0151;-0,9704;;False
395,80;9.61;p031​;20250325_091248;1;F8W2;-0,0919;1,6187;1,2026;-0,2351;0,0278;-0,0153;-0,9714;;False
395,81;9.62;p031​;20250325_091248;1;F8W2;-0,0925;1,6206;1,2016;-0,2306;0,0306;-0,0167;-0,9724;;False
395,83;9.63;p031​;20250325_091248;1;F8W2;-0,0931;1,6220;1,2008;-0,2265;0,0333;-0,0180;-0,9733;;False
395,84;9.65;p031​;20250325_091248;1;F8W2;-0,0942;1,6232;1,2003;-0,2237;0,0372;-0,0209;-0,9737;;False
395,85;9.66;p031​;20250325_091248;1;F8W2;-0,0954;1,6240;1,1999;-0,2207;0,0406;-0,0231;-0,9742;;False
395,87;9.68;p031​;20250325_091248;1;F8W2;-0,0968;1,6249;1,1995;-0,2178;0,0433;-0,0268;-0,9747;;False
395,88;9.69;p031​;20250325_091248;1;F8W2;-0,0983;1,6258;1,1995;-0,2142;0,0465;-0,0317;-0,9752;;False
395,90;9.71;p031​;20250325_091248;1;F8W2;-0,1002;1,6269;1,1998;-0,2094;0,0496;-0,0379;-0,9758;;False
395,91;9.72;p031​;20250325_091248;1;F8W2;-0,1026;1,6279;1,2001;-0,2041;0,0539;-0,0448;-0,9764;;False
395,92;9.73;p031​;20250325_091248;1;F8W2;-0,1052;1,6289;1,2004;-0,1992;0,0591;-0,0512;-0,9768;;False
395,94;9.75;p031​;20250325_091248;1;F8W2;-0,1081;1,6299;1,2008;-0,1933;0,0646;-0,0573;-0,9773;;False
395,95;9.76;p031​;20250325_091248;1;F8W2;-0,1111;1,6309;1,2013;-0,1872;0,0703;-0,0627;-0,9778;;False
395,97;9.77;p031​;20250325_091248;1;F8W2;-0,1149;1,6318;1,2018;-0,1805;0,0769;-0,0683;-0,9782;;False
395,98;9.79;p031​;20250325_091248;1;F8W2;-0,1192;1,6325;1,2023;-0,1737;0,0857;-0,0736;-0,9783;;False
396,00;9.8;p031​;20250325_091248;1;F8W2;-0,1235;1,6327;1,2031;-0,1661;0,0959;-0,0775;-0,9784;;False
396,01;9.82;p031​;20250325_091248;1;F8W2;-0,1280;1,6327;1,2038;-0,1584;0,1053;-0,0809;-0,9784;;False
396,02;9.83;p031​;20250325_091248;1;F8W2;-0,1371;1,6322;1,2057;-0,1440;0,1240;-0,0887;-0,9778;;False
396,03;9.84;p031​;20250325_091248;1;F8W2;-0,1417;1,6308;1,2068;-0,1371;0,1339;-0,0918;-0,9772;;False
396,05;9.86;p031​;20250325_091248;1;F8W2;-0,1463;1,6294;1,2079;-0,1350;0,1435;-0,0946;-0,9758;;False
396,06;9.87;p031​;20250325_091248;1;F8W2;-0,1505;1,6275;1,2094;-0,1372;0,1524;-0,0968;-0,9740;;False
396,07;9.88;p031​;20250325_091248;1;F8W2;-0,1542;1,6256;1,2113;-0,1391;0,1615;-0,1002;-0,9719;;False
396,09;9.9;p031​;20250325_091248;1;F8W2;-0,1573;1,6244;1,2140;-0,1438;0,1696;-0,1017;-0,9696;;False
396,10;9.91;p031​;20250325_091248;1;F8W2;-0,1599;1,6235;1,2168;-0,1498;0,1753;-0,1022;-0,9677;;False
396,12;9.92;p031​;20250325_091248;1;F8W2;-0,1621;1,6221;1,2201;-0,1548;0,1792;-0,1033;-0,9661;;False
396,13;9.94;p031​;20250325_091248;1;F8W2;-0,1635;1,6214;1,2247;-0,1585;0,1818;-0,1052;-0,9648;;False
396,14;9.95;p031​;20250325_091248;1;F8W2;-0,1645;1,6212;1,2296;-0,1601;0,1819;-0,1060;-0,9644;;False
396,16;9.97;p031​;20250325_091248;1;F8W2;-0,1652;1,6220;1,2352;-0,1630;0,1782;-0,1056;-0,9646;;False
396,17;9.98;p031​;20250325_091248;1;F8W2;-0,1654;1,6224;1,2409;-0,1645;0,1719;-0,1034;-0,9658;;False
396,19;10.0;p031​;20250325_091248;1;F8W2;-0,1649;1,6226;1,2472;-0,1660;0,1620;-0,0989;-0,9677;;False
396,20;10.01;p031​;20250325_091248;1;F8W2;-0,1640;1,6229;1,2538;-0,1677;0,1496;-0,0949;-0,9698;;False
396,21;10.02;p031​;20250325_091248;1;F8W2;-0,1630;1,6231;1,2607;-0,1686;0,1366;-0,0925;-0,9718;;False
396,23;10.04;p031​;20250325_091248;1;F8W2;-0,1619;1,6228;1,2676;-0,1690;0,1227;-0,0904;-0,9738;;False
396,24;10.05;p031​;20250325_091248;1;F8W2;-0,1609;1,6224;1,2746;-0,1710;0,1106;-0,0884;-0,9751;;False
396,26;10.06;p031​;20250325_091248;1;F8W2;-0,1595;1,6217;1,2820;-0,1734;0,0963;-0,0847;-0,9765;;False
396,27;10.08;p031​;20250325_091248;1;F8W2;-0,1577;1,6210;1,2896;-0,1747;0,0769;-0,0782;-0,9785;;False
396,28;10.09;p031​;20250325_091248;1;F8W2;-0,1558;1,6197;1,2971;-0,1758;0,0588;-0,0722;-0,9800;;False
396,30;10.11;p031​;20250325_091248;1;F8W2;-0,1539;1,6184;1,3045;-0,1789;0,0405;-0,0689;-0,9806;;False
396,31;10.12;p031​;20250325_091248;1;F8W2;-0,1514;1,6159;1,3112;-0,1806;0,0224;-0,0633;-0,9813;;False
396,32;10.13;p031​;20250325_091248;1;F8W2;-0,1481;1,6135;1,3166;-0,1861;0,0010;-0,0552;-0,9810;;False
396,34;10.15;p031​;20250325_091248;1;F8W2;-0,1442;1,6114;1,3218;-0,1936;-0,0204;-0,0487;-0,9797;;False
396,35;10.16;p031​;20250325_091248;1;F8W2;-0,1404;1,6098;1,3267;-0,2001;-0,0422;-0,0431;-0,9779;;False
396,37;10.17;p031​;20250325_091248;1;F8W2;-0,1368;1,6088;1,3315;-0,2042;-0,0642;-0,0367;-0,9761;;False
396,38;10.19;p031​;20250325_091248;1;F8W2;-0,1325;1,6084;1,3356;-0,2070;-0,0854;-0,0295;-0,9742;;False
396,39;10.2;p031​;20250325_091248;1;F8W2;-0,1275;1,6081;1,3390;-0,2109;-0,1067;-0,0211;-0,9714;;False
396,41;10.22;p031​;20250325_091248;1;F8W2;-0,1223;1,6081;1,3413;-0,2145;-0,1290;-0,0125;-0,9681;;False
396,42;10.23;p031​;20250325_091248;1;F8W2;-0,1163;1,6090;1,3437;-0,2144;-0,1499;-0,0058;-0,9652;;False
396,44;10.24;p031​;20250325_091248;1;F8W2;-0,1101;1,6110;1,3454;-0,2060;-0,1711;-0,0024;-0,9635;;False
396,45;10.26;p031​;20250325_091248;1;F8W2;-0,1044;1,6132;1,3465;-0,2011;-0,1899;0,0036;-0,9610;;False
396,46;10.27;p031​;20250325_091248;1;F8W2;-0,0986;1,6136;1,3463;-0,1955;-0,2070;0,0120;-0,9585;;False
396,48;10.29;p031​;20250325_091248;1;F8W2;-0,0926;1,6141;1,3452;-0,1924;-0,2252;0,0220;-0,9549;;False
396,49;10.3;p031​;20250325_091248;1;F8W2;-0,0859;1,6147;1,3437;-0,1895;-0,2457;0,0346;-0,9500;;False
396,51;10.31;p031​;20250325_091248;1;F8W2;-0,0785;1,6161;1,3414;-0,1861;-0,2695;0,0457;-0,9437;;False
396,52;10.33;p031​;20250325_091248;1;F8W2;-0,0716;1,6167;1,3382;-0,1837;-0,2932;0,0546;-0,9367;;False
396,53;10.34;p031​;20250325_091248;1;F8W2;-0,0652;1,6168;1,3345;-0,1821;-0,3133;0,0620;-0,9300;;False
396,55;10.36;p031​;20250325_091248;1;F8W2;-0,0590;1,6167;1,3296;-0,1807;-0,3329;0,0695;-0,9229;;False
396,56;10.37;p031​;20250325_091248;1;F8W2;-0,0533;1,6169;1,3242;-0,1808;-0,3540;0,0772;-0,9144;;False
396,57;10.38;p031​;20250325_091248;1;F8W2;-0,0477;1,6172;1,3183;-0,1786;-0,3753;0,0854;-0,9055;;False
396,59;10.4;p031​;20250325_091248;1;F8W2;-0,0414;1,6183;1,3119;-0,1747;-0,3979;0,0925;-0,8959;;False
396,60;10.41;p031​;20250325_091248;1;F8W2;-0,0352;1,6197;1,3051;-0,1704;-0,4208;0,0977;-0,8856;;False
396,62;10.43;p031​;20250325_091248;1;F8W2;-0,0298;1,6206;1,2981;-0,1660;-0,4410;0,1001;-0,8763;;False
396,63;10.44;p031​;20250325_091248;1;F8W2;-0,0248;1,6217;1,2910;-0,1609;-0,4599;0,1024;-0,8673;;False
396,64;10.45;p031​;20250325_091248;1;F8W2;-0,0193;1,6229;1,2835;-0,1551;-0,4786;0,1049;-0,8579;;False
396,66;10.47;p031​;20250325_091248;1;F8W2;-0,0140;1,6241;1,2753;-0,1481;-0,4989;0,1057;-0,8473;;False
396,67;10.48;p031​;20250325_091248;1;F8W2;-0,0091;1,6249;1,2667;-0,1410;-0,5192;0,1077;-0,8361;;False
396,69;10.49;p031​;20250325_091248;1;F8W2;-0,0046;1,6256;1,2583;-0,1358;-0,5372;0,1096;-0,8252;;False
396,70;10.51;p031​;20250325_091248;1;F8W2;-0,0006;1,6263;1,2501;-0,1325;-0,5541;0,1116;-0,8142;;False
396,71;10.52;p031​;20250325_091248;1;F8W2;0,0031;1,6268;1,2417;-0,1289;-0,5695;0,1134;-0,8039;;False
396,73;10.54;p031​;20250325_091248;1;F8W2;0,0070;1,6277;1,2333;-0,1250;-0,5846;0,1161;-0,7932;;False
396,74;10.55;p031​;20250325_091248;1;F8W2;0,0109;1,6288;1,2247;-0,1208;-0,5992;0,1169;-0,7828;;False
396,75;10.56;p031​;20250325_091248;1;F8W2;0,0145;1,6299;1,2162;-0,1172;-0,6134;0,1168;-0,7722;;False
396,77;10.58;p031​;20250325_091248;1;F8W2;0,0171;1,6310;1,2085;-0,1138;-0,6253;0,1153;-0,7634;;False
396,78;10.59;p031​;20250325_091248;1;F8W2;0,0198;1,6328;1,2019;-0,1115;-0,6339;0,1148;-0,7566;;False
396,80;10.61;p031​;20250325_091248;1;F8W2;0,0223;1,6345;1,1959;-0,1077;-0,6378;0,1150;-0,7539;;False
396,81;10.62;p031​;20250325_091248;1;F8W2;0,0246;1,6360;1,1903;-0,1034;-0,6419;0,1145;-0,7511;;False
396,82;10.63;p031​;20250325_091248;1;F8W2;0,0266;1,6377;1,1858;-0,0988;-0,6434;0,1127;-0,7507;;False
396,84;10.65;p031​;20250325_091248;1;F8W2;0,0279;1,6397;1,1823;-0,0954;-0,6409;0,1124;-0,7533;;False
396,85;10.66;p031​;20250325_091248;1;F8W2;0,0289;1,6412;1,1795;-0,0920;-0,6334;0,1136;-0,7599;;False
396,87;10.67;p031​;20250325_091248;1;F8W2;0,0296;1,6427;1,1778;-0,0886;-0,6239;0,1152;-0,7679;;False
396,88;10.69;p031​;20250325_091248;1;F8W2;0,0301;1,6445;1,1764;-0,0855;-0,6107;0,1137;-0,7790;;False
396,89;10.7;p031​;20250325_091248;1;F8W2;0,0302;1,6470;1,1762;-0,0819;-0,5941;0,1112;-0,7925;;False
396,91;10.72;p031​;20250325_091248;1;F8W2;0,0297;1,6494;1,1770;-0,0755;-0,5730;0,1088;-0,8088;;False
396,92;10.73;p031​;20250325_091248;1;F8W2;0,0289;1,6520;1,1782;-0,0689;-0,5524;0,1073;-0,8238;;False
396,94;10.75;p031​;20250325_091248;1;F8W2;0,0276;1,6545;1,1793;-0,0626;-0,5289;0,1043;-0,8399;;False
396,95;10.76;p031​;20250325_091248;1;F8W2;0,0257;1,6566;1,1805;-0,0579;-0,5053;0,0995;-0,8553;;False
396,96;10.77;p031​;20250325_091248;1;F8W2;0,0231;1,6587;1,1822;-0,0537;-0,4793;0,0945;-0,8709;;False
396,98;10.79;p031​;20250325_091248;1;F8W2;0,0198;1,6607;1,1845;-0,0495;-0,4505;0,0891;-0,8869;;False
396,99;10.8;p031​;20250325_091248;1;F8W2;0,0162;1,6631;1,1870;-0,0458;-0,4195;0,0841;-0,9027;;False
397,00;10.81;p031​;20250325_091248;1;F8W2;0,0122;1,6649;1,1890;-0,0421;-0,3877;0,0784;-0,9175;;False
397,02;10.83;p031​;20250325_091248;1;F8W2;0,0078;1,6664;1,1909;-0,0400;-0,3564;0,0730;-0,9306;;False
397,03;10.84;p031​;20250325_091248;1;F8W2;0,0034;1,6682;1,1926;-0,0390;-0,3250;0,0675;-0,9425;;False
397,05;10.85;p031​;20250325_091248;1;F8W2;-0,0012;1,6700;1,1940;-0,0377;-0,2946;0,0613;-0,9529;;False
397,06;10.87;p031​;20250325_091248;1;F8W2;-0,0058;1,6711;1,1950;-0,0370;-0,2638;0,0548;-0,9623;;False
397,07;10.88;p031​;20250325_091248;1;F8W2;-0,0107;1,6715;1,1958;-0,0368;-0,2356;0,0490;-0,9699;;False
397,09;10.9;p031​;20250325_091248;1;F8W2;-0,0152;1,6715;1,1960;-0,0381;-0,2086;0,0434;-0,9763;;False
397,10;10.91;p031​;20250325_091248;1;F8W2;-0,0194;1,6711;1,1959;-0,0408;-0,1845;0,0381;-0,9813;;False
397,12;10.92;p031​;20250325_091248;1;F8W2;-0,0231;1,6708;1,1956;-0,0436;-0,1618;0,0328;-0,9853;;False
397,13;10.94;p031​;20250325_091248;1;F8W2;-0,0263;1,6707;1,1952;-0,0468;-0,1421;0,0284;-0,9883;;False
397,14;10.95;p031​;20250325_091248;1;F8W2;-0,0293;1,6706;1,1947;-0,0491;-0,1236;0,0242;-0,9908;;False
397,16;10.97;p031​;20250325_091248;1;F8W2;-0,0317;1,6703;1,1943;-0,0507;-0,1069;0,0204;-0,9928;;False
397,17;10.98;p031​;20250325_091248;1;F8W2;-0,0339;1,6697;1,1935;-0,0520;-0,0925;0,0176;-0,9942;;False
397,19;10.99;p031​;20250325_091248;1;F8W2;-0,0359;1,6691;1,1925;-0,0531;-0,0807;0,0158;-0,9952;;False
397,20;11.01;p031​;20250325_091248;1;F8W2;-0,0372;1,6687;1,1913;-0,0540;-0,0702;0,0148;-0,9960;;False
397,21;11.02;p031​;20250325_091248;1;F8W2;-0,0386;1,6682;1,1901;-0,0545;-0,0599;0,0128;-0,9966;;False
397,23;11.04;p031​;20250325_091248;1;F8W2;-0,0395;1,6680;1,1889;-0,0559;-0,0516;0,0123;-0,9970;;False
397,24;11.05;p031​;20250325_091248;1;F8W2;-0,0402;1,6677;1,1875;-0,0567;-0,0444;0,0116;-0,9973;;False
397,25;11.06;p031​;20250325_091248;1;F8W2;-0,0405;1,6675;1,1860;-0,0580;-0,0379;0,0124;-0,9975;;False
397,27;11.08;p031​;20250325_091248;1;F8W2;-0,0408;1,6673;1,1844;-0,0590;-0,0334;0,0130;-0,9976;;False
397,28;11.09;p031​;20250325_091248;1;F8W2;-0,0411;1,6671;1,1827;-0,0599;-0,0293;0,0129;-0,9977;;False
397,30;11.11;p031​;20250325_091248;1;F8W2;-0,0408;1,6671;1,1812;-0,0612;-0,0260;0,0139;-0,9977;;False
397,31;11.12;p031​;20250325_091248;1;F8W2;-0,0405;1,6669;1,1794;-0,0617;-0,0228;0,0143;-0,9977;;False
397,32;11.13;p031​;20250325_091248;1;F8W2;-0,0402;1,6668;1,1775;-0,0617;-0,0210;0,0152;-0,9978;;False
397,34;11.15;p031​;20250325_091248;1;F8W2;-0,0398;1,6670;1,1756;-0,0624;-0,0188;0,0150;-0,9978;;False
397,35;11.16;p031​;20250325_091248;1;F8W2;-0,0396;1,6671;1,1735;-0,0620;-0,0179;0,0155;-0,9978;;False
397,37;11.17;p031​;20250325_091248;1;F8W2;-0,0390;1,6672;1,1716;-0,0608;-0,0167;0,0156;-0,9979;;False
397,38;11.19;p031​;20250325_091248;1;F8W2;-0,0384;1,6677;1,1696;-0,0604;-0,0161;0,0153;-0,9979;;False
397,39;11.2;p031​;20250325_091248;1;F8W2;-0,0380;1,6680;1,1675;-0,0593;-0,0156;0,0146;-0,9980;;False
397,41;11.22;p031​;20250325_091248;1;F8W2;-0,0377;1,6683;1,1654;-0,0580;-0,0140;0,0133;-0,9981;;False
397,42;11.23;p031​;20250325_091248;1;F8W2;-0,0374;1,6688;1,1634;-0,0567;-0,0125;0,0126;-0,9982;;False
397,44;11.24;p031​;20250325_091248;1;F8W2;-0,0370;1,6694;1,1615;-0,0554;-0,0114;0,0127;-0,9983;;False
397,45;11.26;p031​;20250325_091248;1;F8W2;-0,0366;1,6700;1,1597;-0,0533;-0,0106;0,0127;-0,9984;;False
397,46;11.27;p031​;20250325_091248;1;F8W2;-0,0364;1,6708;1,1583;-0,0515;-0,0102;0,0127;-0,9985;;False
397,48;11.29;p031​;20250325_091248;1;F8W2;-0,0365;1,6715;1,1570;-0,0492;-0,0097;0,0128;-0,9987;;False
397,49;11.3;p031​;20250325_091248;1;F8W2;-0,0365;1,6720;1,1559;-0,0468;-0,0090;0,0133;-0,9988;;False
397,51;11.31;p031​;20250325_091248;1;F8W2;-0,0365;1,6724;1,1548;-0,0452;-0,0088;0,0134;-0,9988;;False
397,52;11.33;p031​;20250325_091248;1;F8W2;-0,0366;1,6729;1,1537;-0,0441;-0,0090;0,0135;-0,9989;;False
397,53;11.34;p031​;20250325_091248;1;F8W2;-0,0367;1,6734;1,1527;-0,0436;-0,0089;0,0131;-0,9989;;False
397,55;11.36;p031​;20250325_091248;1;F8W2;-0,0371;1,6738;1,1519;-0,0434;-0,0088;0,0127;-0,9989;;False
397,56;11.37;p031​;20250325_091248;1;F8W2;-0,0376;1,6740;1,1511;-0,0429;-0,0081;0,0132;-0,9990;;False
397,57;11.38;p031​;20250325_091248;1;F8W2;-0,0382;1,6744;1,1506;-0,0413;-0,0074;0,0136;-0,9990;;False
397,59;11.4;p031​;20250325_091248;1;F8W2;-0,0387;1,6751;1,1502;-0,0395;-0,0065;0,0145;-0,9991;;False
397,60;11.41;p031​;20250325_091248;1;F8W2;-0,0394;1,6758;1,1500;-0,0377;-0,0056;0,0150;-0,9992;;False
397,62;11.42;p031​;20250325_091248;1;F8W2;-0,0403;1,6763;1,1497;-0,0360;-0,0046;0,0150;-0,9992;;False
397,63;11.44;p031​;20250325_091248;1;F8W2;-0,0412;1,6766;1,1494;-0,0357;-0,0027;0,0146;-0,9993;;False
397,64;11.45;p031​;20250325_091248;1;F8W2;-0,0423;1,6767;1,1489;-0,0361;-0,0008;0,0147;-0,9992;;False
397,66;11.47;p031​;20250325_091248;1;F8W2;-0,0434;1,6767;1,1482;-0,0375;0,0008;0,0153;-0,9992;;False
397,67;11.48;p031​;20250325_091248;1;F8W2;-0,0446;1,6767;1,1473;-0,0393;0,0018;0,0154;-0,9991;;False
397,69;11.49;p031​;20250325_091248;1;F8W2;-0,0458;1,6769;1,1463;-0,0409;0,0027;0,0159;-0,9990;;False
397,70;11.51;p031​;20250325_091248;1;F8W2;-0,0472;1,6772;1,1452;-0,0424;0,0031;0,0161;-0,9990;;False
397,71;11.52;p031​;20250325_091248;1;F8W2;-0,0489;1,6776;1,1438;-0,0429;0,0036;0,0161;-0,9989;;False
397,73;11.54;p031​;20250325_091248;1;F8W2;-0,0505;1,6782;1,1424;-0,0424;0,0042;0,0160;-0,9990;;False
397,74;11.55;p031​;20250325_091248;1;F8W2;-0,0523;1,6791;1,1409;-0,0407;0,0043;0,0160;-0,9990;;False
397,76;11.56;p031​;20250325_091248;1;F8W2;-0,0540;1,6803;1,1394;-0,0375;0,0042;0,0161;-0,9992;;False
397,77;11.58;p031​;20250325_091248;1;F8W2;-0,0560;1,6816;1,1378;-0,0325;0,0039;0,0162;-0,9993;;False
397,78;11.59;p031​;20250325_091248;1;F8W2;-0,0581;1,6827;1,1361;-0,0278;0,0042;0,0166;-0,9995;;False
397,80;11.61;p031​;20250325_091248;1;F8W2;-0,0604;1,6834;1,1341;-0,0232;0,0045;0,0180;-0,9996;;False
397,81;11.62;p031​;20250325_091248;1;F8W2;-0,0627;1,6840;1,1323;-0,0197;0,0054;0,0195;-0,9996;;False
397,83;11.63;p031​;20250325_091248;1;F8W2;-0,0653;1,6846;1,1305;-0,0166;0,0058;0,0212;-0,9996;;False
397,84;11.65;p031​;20250325_091248;1;F8W2;-0,0680;1,6852;1,1289;-0,0130;0,0064;0,0241;-0,9996;;False
397,85;11.66;p031​;20250325_091248;1;F8W2;-0,0714;1,6861;1,1275;-0,0091;0,0073;0,0274;-0,9996;;False
397,87;11.68;p031​;20250325_091248;1;F8W2;-0,0755;1,6867;1,1267;-0,0066;0,0106;0,0312;-0,9994;;False
397,88;11.69;p031​;20250325_091248;1;F8W2;-0,0796;1,6876;1,1262;-0,0058;0,0148;0,0346;-0,9993;;False
397,89;11.7;p031​;20250325_091248;1;F8W2;-0,0839;1,6880;1,1260;-0,0038;0,0177;0,0366;-0,9992;;False
397,91;11.72;p031​;20250325_091248;1;F8W2;-0,0881;1,6884;1,1265;-0,0037;0,0192;0,0354;-0,9992;;False
397,92;11.73;p031​;20250325_091248;1;F8W2;-0,0924;1,6880;1,1275;-0,0050;0,0189;0,0311;-0,9993;;False
397,94;11.75;p031​;20250325_091248;1;F8W2;-0,0972;1,6873;1,1291;-0,0099;0,0178;0,0233;-0,9995;;False
397,95;11.76;p031​;20250325_091248;1;F8W2;-0,1022;1,6868;1,1316;-0,0163;0,0176;0,0154;-0,9996;;False
397,97;11.77;p031​;20250325_091248;1;F8W2;-0,1075;1,6850;1,1345;-0,0233;0,0177;0,0072;-0,9995;;False
397,98;11.79;p031​;20250325_091248;1;F8W2;-0,1131;1,6821;1,1375;-0,0318;0,0178;-0,0015;-0,9993;;False
397,99;11.8;p031​;20250325_091248;1;F8W2;-0,1186;1,6783;1,1408;-0,0450;0,0186;-0,0104;-0,9988;;False
398,01;11.81;p031​;20250325_091248;1;F8W2;-0,1239;1,6736;1,1447;-0,0633;0,0212;-0,0194;-0,9976;;False
398,02;11.83;p031​;20250325_091248;1;F8W2;-0,1296;1,6685;1,1489;-0,0841;0,0241;-0,0284;-0,9958;;False
398,04;11.85;p031​;20250325_091248;1;F8W2;-0,1350;1,6619;1,1537;-0,1103;0,0290;-0,0383;-0,9927;;False
398,06;11.87;p031​;20250325_091248;1;F8W2;-0,1406;1,6553;1,1587;-0,1322;0,0331;-0,0467;-0,9896;;False
398,07;11.88;p031​;20250325_091248;1;F8W2;-0,1460;1,6477;1,1636;-0,1559;0,0378;-0,0553;-0,9855;;False
398,09;11.89;p031​;20250325_091248;1;F8W2;-0,1514;1,6391;1,1686;-0,1816;0,0429;-0,0645;-0,9803;;False
398,10;11.91;p031​;20250325_091248;1;F8W2;-0,1569;1,6299;1,1736;-0,2094;0,0487;-0,0746;-0,9738;;False
398,11;11.92;p031​;20250325_091248;1;F8W2;-0,1622;1,6203;1,1773;-0,2352;0,0569;-0,0856;-0,9665;;False
398,13;11.94;p031​;20250325_091248;1;F8W2;-0,1673;1,6122;1,1802;-0,2640;0,0670;-0,0970;-0,9573;;False
398,14;11.95;p031​;20250325_091248;1;F8W2;-0,1723;1,6053;1,1835;-0,2883;0,0780;-0,1067;-0,9484;;False
398,15;11.96;p031​;20250325_091248;1;F8W2;-0,1770;1,6002;1,1871;-0,3069;0,0878;-0,1147;-0,9407;;False
398,17;11.98;p031​;20250325_091248;1;F8W2;-0,1810;1,5958;1,1907;-0,3176;0,0959;-0,1210;-0,9356;;False
398,18;11.99;p031​;20250325_091248;1;F8W2;-0,1851;1,5927;1,1949;-0,3233;0,1010;-0,1272;-0,9323;;False
398,20;12.01;p031​;20250325_091248;1;F8W2;-0,1893;1,5905;1,1986;-0,3247;0,1086;-0,1307;-0,9304;;False
398,21;12.02;p031​;20250325_091248;1;F8W2;-0,1932;1,5880;1,2019;-0,3259;0,1166;-0,1333;-0,9287;;False
398,22;12.03;p031​;20250325_091248;1;F8W2;-0,1963;1,5861;1,2046;-0,3262;0,1249;-0,1347;-0,9273;;False
398,24;12.05;p031​;20250325_091248;1;F8W2;-0,1990;1,5851;1,2071;-0,3285;0,1315;-0,1349;-0,9256;;False
398,25;12.06;p031​;20250325_091248;1;F8W2;-0,2010;1,5844;1,2096;-0,3298;0,1360;-0,1335;-0,9246;;False
398,27;12.07;p031​;20250325_091248;1;F8W2;-0,2026;1,5838;1,2121;-0,3296;0,1400;-0,1329;-0,9242;;False
398,28;12.09;p031​;20250325_091248;1;F8W2;-0,2039;1,5834;1,2147;-0,3280;0,1450;-0,1324;-0,9240;;False
398,29;12.1;p031​;20250325_091248;1;F8W2;-0,2047;1,5833;1,2175;-0,3261;0,1503;-0,1324;-0,9239;;False
398,31;12.12;p031​;20250325_091248;1;F8W2;-0,2051;1,5831;1,2203;-0,3222;0,1548;-0,1322;-0,9246;;False
398,32;12.13;p031​;20250325_091248;1;F8W2;-0,2050;1,5831;1,2235;-0,3193;0,1588;-0,1318;-0,9249;;False
398,34;12.15;p031​;20250325_091248;1;F8W2;-0,2046;1,5836;1,2274;-0,3162;0,1631;-0,1318;-0,9252;;False
398,35;12.16;p031​;20250325_091248;1;F8W2;-0,2044;1,5846;1,2323;-0,3149;0,1679;-0,1330;-0,9246;;False
398,36;12.17;p031​;20250325_091248;1;F8W2;-0,2035;1,5848;1,2374;-0,3095;0,1746;-0,1325;-0,9253;;False
398,38;12.19;p031​;20250325_091248;1;F8W2;-0,2022;1,5850;1,2425;-0,3030;0,1805;-0,1292;-0,9268;;False
398,39;12.2;p031​;20250325_091248;1;F8W2;-0,2005;1,5848;1,2475;-0,2960;0,1843;-0,1234;-0,9291;;False
398,41;12.21;p031​;20250325_091248;1;F8W2;-0,1982;1,5844;1,2522;-0,2897;0,1857;-0,1169;-0,9316;;False
398,42;12.23;p031​;20250325_091248;1;F8W2;-0,1953;1,5835;1,2569;-0,2860;0,1860;-0,1102;-0,9335;;False
398,43;12.24;p031​;20250325_091248;1;F8W2;-0,1920;1,5821;1,2612;-0,2846;0,1852;-0,1041;-0,9348;;False
398,45;12.26;p031​;20250325_091248;1;F8W2;-0,1883;1,5808;1,2653;-0,2885;0,1818;-0,0974;-0,9350;;False
398,46;12.27;p031​;20250325_091248;1;F8W2;-0,1848;1,5802;1,2700;-0,2936;0,1783;-0,0910;-0,9347;;False
398,47;12.28;p031​;20250325_091248;1;F8W2;-0,1813;1,5801;1,2750;-0,2988;0,1718;-0,0824;-0,9351;;False
398,49;12.3;p031​;20250325_091248;1;F8W2;-0,1777;1,5805;1,2805;-0,3020;0,1650;-0,0742;-0,9360;;False
398,50;12.31;p031​;20250325_091248;1;F8W2;-0,1747;1,5813;1,2863;-0,3021;0,1575;-0,0691;-0,9376;;False
398,52;12.33;p031​;20250325_091248;1;F8W2;-0,1719;1,5825;1,2925;-0,2987;0,1519;-0,0656;-0,9399;;False
398,53;12.34;p031​;20250325_091248;1;F8W2;-0,1701;1,5843;1,2988;-0,2931;0,1473;-0,0646;-0,9424;;False
398,54;12.35;p031​;20250325_091248;1;F8W2;-0,1686;1,5862;1,3052;-0,2885;0,1434;-0,0617;-0,9447;;False
398,56;12.37;p031​;20250325_091248;1;F8W2;-0,1677;1,5883;1,3116;-0,2839;0,1402;-0,0583;-0,9468;;False
398,57;12.38;p031​;20250325_091248;1;F8W2;-0,1673;1,5904;1,3185;-0,2796;0,1368;-0,0541;-0,9488;;False
398,59;12.39;p031​;20250325_091248;1;F8W2;-0,1673;1,5923;1,3261;-0,2740;0,1344;-0,0507;-0,9509;;False
398,60;12.41;p031​;20250325_091248;1;F8W2;-0,1677;1,5939;1,3341;-0,2670;0,1327;-0,0478;-0,9533;;False
398,61;12.42;p031​;20250325_091248;1;F8W2;-0,1687;1,5949;1,3424;-0,2598;0,1313;-0,0452;-0,9556;;False
398,63;12.44;p031​;20250325_091248;1;F8W2;-0,1701;1,5952;1,3513;-0,2534;0,1304;-0,0417;-0,9576;;False
398,64;12.45;p031​;20250325_091248;1;F8W2;-0,1718;1,5951;1,3606;-0,2476;0,1292;-0,0385;-0,9594;;False
398,66;12.46;p031​;20250325_091248;1;F8W2;-0,1743;1,5941;1,3704;-0,2422;0,1274;-0,0353;-0,9612;;False
398,67;12.48;p031​;20250325_091248;1;F8W2;-0,1773;1,5925;1,3808;-0,2376;0,1260;-0,0328;-0,9626;;False
398,68;12.49;p031​;20250325_091248;1;F8W2;-0,1809;1,5902;1,3913;-0,2338;0,1243;-0,0309;-0,9638;;False
398,70;12.51;p031​;20250325_091248;1;F8W2;-0,1852;1,5868;1,4017;-0,2325;0,1220;-0,0302;-0,9644;;False
398,71;12.52;p031​;20250325_091248;1;F8W2;-0,1901;1,5833;1,4126;-0,2335;0,1192;-0,0303;-0,9645;;False
398,73;12.53;p031​;20250325_091248;1;F8W2;-0,1957;1,5791;1,4239;-0,2360;0,1151;-0,0303;-0,9644;;False
398,74;12.55;p031​;20250325_091248;1;F8W2;-0,2020;1,5747;1,4356;-0,2379;0,1106;-0,0309;-0,9645;;False
398,75;12.56;p031​;20250325_091248;1;F8W2;-0,2092;1,5701;1,4476;-0,2408;0,1060;-0,0342;-0,9642;;False
398,77;12.58;p031​;20250325_091248;1;F8W2;-0,2172;1,5655;1,4597;-0,2440;0,1025;-0,0395;-0,9635;;False
398,78;12.59;p031​;20250325_091248;1;F8W2;-0,2261;1,5609;1,4719;-0,2474;0,1016;-0,0467;-0,9624;;False
398,79;12.6;p031​;20250325_091248;1;F8W2;-0,2360;1,5565;1,4841;-0,2512;0,1019;-0,0536;-0,9611;;False
398,81;12.62;p031​;20250325_091248;1;F8W2;-0,2467;1,5525;1,4966;-0,2548;0,1030;-0,0595;-0,9596;;False
398,82;12.63;p031​;20250325_091248;1;F8W2;-0,2580;1,5492;1,5096;-0,2581;0,1052;-0,0648;-0,9582;;False
398,84;12.64;p031​;20250325_091248;1;F8W2;-0,2698;1,5462;1,5231;-0,2601;0,1080;-0,0706;-0,9569;;False
398,85;12.66;p031​;20250325_091248;1;F8W2;-0,2823;1,5435;1,5366;-0,2615;0,1111;-0,0770;-0,9557;Collision avec Debut - Objet Parent SceneAnchor;False
398,87;12.67;p031​;20250325_091248;1;F8W2;-0,2954;1,5414;1,5501;-0,2632;0,1150;-0,0838;-0,9542;Collision avec Debut - Objet Parent SceneAnchor;False
398,88;12.69;p031​;20250325_091248;1;F8W2;-0,3089;1,5397;1,5639;-0,2649;0,1201;-0,0891;-0,9526;Collision avec Debut - Objet Parent SceneAnchor;False
398,89;12.7;p031​;20250325_091248;1;F8W2;-0,3227;1,5385;1,5775;-0,2650;0,1247;-0,0924;-0,9517;Collision avec Debut - Objet Parent SceneAnchor;False
398,91;12.71;p031​;20250325_091248;1;F8W2;-0,3366;1,5380;1,5909;-0,2638;0,1288;-0,0959;-0,9511;;False
398,92;12.73;p031​;20250325_091248;1;F8W2;-0,3504;1,5379;1,6041;-0,2604;0,1328;-0,0992;-0,9512;;False
398,93;12.74;p031​;20250325_091248;1;F8W2;-0,3645;1,5388;1,6177;-0,2579;0,1359;-0,1031;-0,9510;;False
398,95;12.76;p031​;20250325_091248;1;F8W2;-0,3785;1,5397;1,6315;-0,2539;0,1397;-0,1056;-0,9513;;False
398,96;12.77;p031​;20250325_091248;1;F8W2;-0,3920;1,5406;1,6447;-0,2473;0,1442;-0,1071;-0,9521;;False
398,98;12.78;p031​;20250325_091248;1;F8W2;-0,4050;1,5415;1,6573;-0,2416;0,1498;-0,1084;-0,9526;;False
398,99;12.8;p031​;20250325_091248;1;F8W2;-0,4173;1,5430;1,6699;-0,2395;0,1560;-0,1102;-0,9519;;False
399,00;12.81;p031​;20250325_091248;1;F8W2;-0,4287;1,5445;1,6823;-0,2372;0,1628;-0,1120;-0,9512;;False
399,02;12.83;p031​;20250325_091248;1;F8W2;-0,4392;1,5464;1,6943;-0,2361;0,1690;-0,1140;-0,9501;;False
399,03;12.84;p031​;20250325_091248;1;F8W2;-0,4488;1,5490;1,7063;-0,2379;0,1755;-0,1155;-0,9483;;False
399,05;12.85;p031​;20250325_091248;1;F8W2;-0,4577;1,5522;1,7184;-0,2404;0,1812;-0,1154;-0,9466;;False
399,06;12.87;p031​;20250325_091248;1;F8W2;-0,4658;1,5559;1,7307;-0,2423;0,1861;-0,1131;-0,9454;;False
399,07;12.88;p031​;20250325_091248;1;F8W2;-0,4731;1,5603;1,7433;-0,2438;0,1893;-0,1090;-0,9449;;False
399,09;12.9;p031​;20250325_091248;1;F8W2;-0,4797;1,5653;1,7562;-0,2457;0,1921;-0,1053;-0,9443;;False
399,10;12.91;p031​;20250325_091248;1;F8W2;-0,4859;1,5706;1,7690;-0,2479;0,1929;-0,1015;-0,9439;;False
399,11;12.92;p031​;20250325_091248;1;F8W2;-0,4911;1,5762;1,7820;-0,2504;0,1933;-0,0978;-0,9436;;False
399,13;12.94;p031​;20250325_091248;1;F8W2;-0,4956;1,5821;1,7950;-0,2517;0,1922;-0,0936;-0,9439;;False
399,14;12.95;p031​;20250325_091248;1;F8W2;-0,4998;1,5881;1,8080;-0,2519;0,1906;-0,0891;-0,9446;;False
399,16;12.96;p031​;20250325_091248;1;F8W2;-0,5035;1,5940;1,8212;-0,2509;0,1889;-0,0841;-0,9457;;False
399,17;12.98;p031​;20250325_091248;1;F8W2;-0,5070;1,5998;1,8342;-0,2485;0,1858;-0,0797;-0,9473;;False
399,18;12.99;p031​;20250325_091248;1;F8W2;-0,5101;1,6052;1,8476;-0,2457;0,1827;-0,0755;-0,9490;;False
399,20;13.01;p031​;20250325_091248;1;F8W2;-0,5130;1,6102;1,8609;-0,2415;0,1786;-0,0714;-0,9511;;False
399,21;13.02;p031​;20250325_091248;1;F8W2;-0,5155;1,6147;1,8746;-0,2359;0,1743;-0,0678;-0,9536;;False
399,23;13.03;p031​;20250325_091248;1;F8W2;-0,5179;1,6186;1,8885;-0,2299;0,1694;-0,0652;-0,9561;;False
399,24;13.05;p031​;20250325_091248;1;F8W2;-0,5198;1,6215;1,9024;-0,2230;0,1645;-0,0617;-0,9589;;False
399,25;13.06;p031​;20250325_091248;1;F8W2;-0,5217;1,6235;1,9162;-0,2172;0,1588;-0,0590;-0,9613;;False
399,27;13.08;p031​;20250325_091248;1;F8W2;-0,5230;1,6244;1,9300;-0,2121;0,1534;-0,0557;-0,9635;;False
399,28;13.09;p031​;20250325_091248;1;F8W2;-0,5241;1,6244;1,9437;-0,2081;0,1474;-0,0526;-0,9655;;False
399,30;13.1;p031​;20250325_091248;1;F8W2;-0,5252;1,6235;1,9575;-0,2070;0,1414;-0,0508;-0,9667;;False
399,31;13.12;p031​;20250325_091248;1;F8W2;-0,5260;1,6216;1,9710;-0,2059;0,1350;-0,0488;-0,9680;;False
399,32;13.13;p031​;20250325_091248;1;F8W2;-0,5267;1,6195;1,9848;-0,2060;0,1287;-0,0469;-0,9689;;False
399,34;13.15;p031​;20250325_091248;1;F8W2;-0,5270;1,6165;1,9987;-0,2068;0,1227;-0,0442;-0,9697;;False
399,35;13.16;p031​;20250325_091248;1;F8W2;-0,5272;1,6131;2,0128;-0,2069;0,1169;-0,0415;-0,9705;;False
399,37;13.17;p031​;20250325_091248;1;F8W2;-0,5272;1,6092;2,0269;-0,2077;0,1121;-0,0393;-0,9710;;False
399,38;13.19;p031​;20250325_091248;1;F8W2;-0,5271;1,6050;2,0408;-0,2081;0,1078;-0,0372;-0,9714;;False
399,39;13.2;p031​;20250325_091248;1;F8W2;-0,5266;1,6009;2,0548;-0,2098;0,1044;-0,0338;-0,9716;;False
399,41;13.21;p031​;20250325_091248;1;F8W2;-0,5259;1,5971;2,0689;-0,2119;0,1013;-0,0303;-0,9716;;False
399,42;13.23;p031​;20250325_091248;1;F8W2;-0,5249;1,5940;2,0834;-0,2137;0,0977;-0,0269;-0,9716;;False
399,43;13.24;p031​;20250325_091248;1;F8W2;-0,5236;1,5916;2,0983;-0,2150;0,0944;-0,0228;-0,9718;;False
399,45;13.26;p031​;20250325_091248;1;F8W2;-0,5220;1,5898;2,1134;-0,2130;0,0913;-0,0178;-0,9726;;False
399,46;13.27;p031​;20250325_091248;1;F8W2;-0,5201;1,5889;2,1289;-0,2093;0,0901;-0,0123;-0,9736;;False
399,48;13.28;p031​;20250325_091248;1;F8W2;-0,5182;1,5886;2,1446;-0,2052;0,0892;-0,0070;-0,9746;;False
399,49;13.3;p031​;20250325_091248;1;F8W2;-0,5158;1,5885;2,1604;-0,1982;0,0888;-0,0007;-0,9761;;False
399,50;13.31;p031​;20250325_091248;1;F8W2;-0,5129;1,5890;2,1760;-0,1914;0,0881;0,0070;-0,9775;;False
399,52;13.33;p031​;20250325_091248;1;F8W2;-0,5096;1,5910;2,1921;-0,1884;0,0858;0,0156;-0,9782;;False
399,53;13.34;p031​;20250325_091248;1;F8W2;-0,5060;1,5936;2,2081;-0,1849;0,0819;0,0242;-0,9790;;False
399,55;13.35;p031​;20250325_091248;1;F8W2;-0,5022;1,5957;2,2235;-0,1765;0,0769;0,0330;-0,9807;;False
399,56;13.37;p031​;20250325_091248;1;F8W2;-0,4982;1,5989;2,2390;-0,1702;0,0702;0,0432;-0,9819;;False
399,58;13.38;p031​;20250325_091248;1;F8W2;-0,4936;1,6023;2,2546;-0,1645;0,0617;0,0541;-0,9830;;False
399,59;13.4;p031​;20250325_091248;1;F8W2;-0,4889;1,6051;2,2698;-0,1565;0,0520;0,0638;-0,9842;;False
399,60;13.41;p031​;20250325_091248;1;F8W2;-0,4841;1,6075;2,2848;-0,1476;0,0392;0,0752;-0,9854;;False
399,62;13.42;p031​;20250325_091248;1;F8W2;-0,4793;1,6094;2,2997;-0,1392;0,0241;0,0881;-0,9860;;False
399,63;13.44;p031​;20250325_091248;1;F8W2;-0,4748;1,6106;2,3141;-0,1328;0,0073;0,1004;-0,9860;Collision avec Gauche1 - Objet Parent Plot1;False
399,64;13.45;p031​;20250325_091248;1;F8W2;-0,4706;1,6121;2,3282;-0,1324;-0,0103;0,1105;-0,9850;Collision avec Gauche1 - Objet Parent Plot1;False
399,66;13.47;p031​;20250325_091248;1;F8W2;-0,4665;1,6132;2,3420;-0,1340;-0,0266;0,1192;-0,9834;Collision avec Gauche1 - Objet Parent Plot1;False
399,67;13.48;p031​;20250325_091248;1;F8W2;-0,4629;1,6145;2,3556;-0,1388;-0,0433;0,1258;-0,9813;Collision avec Gauche1 - Objet Parent Plot1;False
399,69;13.49;p031​;20250325_091248;1;F8W2;-0,4596;1,6156;2,3688;-0,1440;-0,0597;0,1312;-0,9790;Collision avec Gauche1 - Objet Parent Plot1;False
399,70;13.51;p031​;20250325_091248;1;F8W2;-0,4565;1,6169;2,3821;-0,1484;-0,0759;0,1359;-0,9766;Collision avec Gauche1 - Objet Parent Plot1;False
399,71;13.52;p031​;20250325_091248;1;F8W2;-0,4536;1,6186;2,3952;-0,1516;-0,0922;0,1391;-0,9743;Collision avec Gauche1 - Objet Parent Plot1;False
399,73;13.54;p031​;20250325_091248;1;F8W2;-0,4508;1,6207;2,4081;-0,1536;-0,1076;0,1413;-0,9720;Collision avec Gauche1 - Objet Parent Plot1;False
399,74;13.55;p031​;20250325_091248;1;F8W2;-0,4481;1,6226;2,4207;-0,1546;-0,1221;0,1439;-0,9698;Collision avec Gauche1 - Objet Parent Plot1;False
399,76;13.56;p031​;20250325_091248;1;F8W2;-0,4455;1,6248;2,4333;-0,1547;-0,1354;0,1451;-0,9678;Collision avec Gauche1 - Objet Parent Plot1;False
399,77;13.58;p031​;20250325_091248;1;F8W2;-0,4429;1,6271;2,4459;-0,1529;-0,1475;0,1449;-0,9664;Collision avec Gauche1 - Objet Parent Plot1;False
399,78;13.59;p031​;20250325_091248;1;F8W2;-0,4402;1,6293;2,4582;-0,1494;-0,1599;0,1462;-0,9647;Collision avec Gauche1 - Objet Parent Plot1;False
399,80;13.61;p031​;20250325_091248;1;F8W2;-0,4374;1,6315;2,4706;-0,1443;-0,1713;0,1474;-0,9634;Collision avec Gauche1 - Objet Parent Plot1;False
399,81;13.62;p031​;20250325_091248;1;F8W2;-0,4347;1,6334;2,4830;-0,1389;-0,1832;0,1483;-0,9618;Collision avec Gauche1 - Objet Parent Plot1;False
399,83;13.63;p031​;20250325_091248;1;F8W2;-0,4316;1,6348;2,4954;-0,1330;-0,1941;0,1493;-0,9604;Collision avec Gauche1 - Objet Parent Plot1;False
399,84;13.65;p031​;20250325_091248;1;F8W2;-0,4287;1,6361;2,5078;-0,1272;-0,2057;0,1499;-0,9587;Collision avec Gauche1 - Objet Parent Plot1;False
399,85;13.66;p031​;20250325_091248;1;F8W2;-0,4255;1,6367;2,5201;-0,1216;-0,2170;0,1511;-0,9567;Collision avec Gauche1 - Objet Parent Plot1;False
399,87;13.68;p031​;20250325_091248;1;F8W2;-0,4222;1,6370;2,5326;-0,1168;-0,2280;0,1515;-0,9547;Collision avec Gauche1 - Objet Parent Plot1;False
399,88;13.69;p031​;20250325_091248;1;F8W2;-0,4188;1,6368;2,5452;-0,1129;-0,2386;0,1516;-0,9526;Collision avec Gauche1 - Objet Parent Plot1;False
399,89;13.7;p031​;20250325_091248;1;F8W2;-0,4154;1,6358;2,5577;-0,1093;-0,2493;0,1526;-0,9501;Collision avec Gauche1 - Objet Parent Plot1;False
399,91;13.72;p031​;20250325_091248;1;F8W2;-0,4118;1,6342;2,5702;-0,1063;-0,2595;0,1535;-0,9475;Collision avec Gauche1 - Objet Parent Plot1;False
399,92;13.73;p031​;20250325_091248;1;F8W2;-0,4082;1,6317;2,5824;-0,1038;-0,2700;0,1546;-0,9447;Collision avec Gauche1 - Objet Parent Plot1;False
399,94;13.75;p031​;20250325_091248;1;F8W2;-0,4047;1,6289;2,5947;-0,1030;-0,2804;0,1558;-0,9415;Collision avec Gauche1 - Objet Parent Plot1;False
399,95;13.76;p031​;20250325_091248;1;F8W2;-0,4010;1,6255;2,6069;-0,1038;-0,2907;0,1593;-0,9378;Collision avec Gauche1 - Objet Parent Plot1;False
399,96;13.77;p031​;20250325_091248;1;F8W2;-0,3975;1,6217;2,6189;-0,1060;-0,3017;0,1638;-0,9332;Collision avec Gauche1 - Objet Parent Plot1;False
399,98;13.79;p031​;20250325_091248;1;F8W2;-0,3936;1,6179;2,6307;-0,1092;-0,3135;0,1693;-0,9280;Collision avec Gauche1 - Objet Parent Plot1;False
399,99;13.8;p031​;20250325_091248;1;F8W2;-0,3895;1,6140;2,6424;-0,1122;-0,3260;0,1759;-0,9221;Collision avec Gauche1 - Objet Parent Plot1;False
400,01;13.81;p031​;20250325_091248;1;F8W2;-0,3853;1,6102;2,6540;-0,1143;-0,3390;0,1814;-0,9160;Collision avec Gauche1 - Objet Parent Plot1;False
400,02;13.83;p031​;20250325_091248;1;F8W2;-0,3809;1,6069;2,6657;-0,1155;-0,3516;0,1860;-0,9102;Collision avec Gauche1 - Objet Parent Plot1;False
400,03;13.84;p031​;20250325_091248;1;F8W2;-0,3767;1,6033;2,6770;-0,1144;-0,3637;0,1882;-0,9051;Collision avec Gauche1 - Objet Parent Plot1;False
400,05;13.86;p031​;20250325_091248;1;F8W2;-0,3728;1,6002;2,6882;-0,1138;-0,3758;0,1906;-0,8997;Collision avec Gauche1 - Objet Parent Plot1;False
400,06;13.87;p031​;20250325_091248;1;F8W2;-0,3684;1,5984;2,6995;-0,1150;-0,3885;0,1975;-0,8927;Collision avec Gauche1 - Objet Parent Plot1;False
400,08;13.89;p031​;20250325_091248;1;F8W2;-0,3633;1,5976;2,7108;-0,1170;-0,4021;0,2064;-0,8843;Collision avec Gauche1 - Objet Parent Plot1;False
400,09;13.9;p031​;20250325_091248;1;F8W2;-0,3586;1,5965;2,7217;-0,1170;-0,4166;0,2105;-0,8766;Collision avec Gauche1 - Objet Parent Plot1;False
400,10;13.91;p031​;20250325_091248;1;F8W2;-0,3537;1,5962;2,7322;-0,1178;-0,4296;0,2104;-0,8702;Collision avec Gauche1 - Objet Parent Plot1;False
400,12;13.93;p031​;20250325_091248;1;F8W2;-0,3489;1,5970;2,7427;-0,1205;-0,4415;0,2117;-0,8636;Collision avec Gauche1 - Objet Parent Plot1;False
400,13;13.94;p031​;20250325_091248;1;F8W2;-0,3437;1,5986;2,7528;-0,1234;-0,4521;0,2144;-0,8570;;False
400,15;13.95;p031​;20250325_091248;1;F8W2;-0,3387;1,5998;2,7623;-0,1229;-0,4626;0,2127;-0,8518;;False
400,16;13.97;p031​;20250325_091248;1;F8W2;-0,3334;1,6016;2,7714;-0,1222;-0,4723;0,2097;-0,8474;;False
400,17;13.98;p031​;20250325_091248;1;F8W2;-0,3276;1,6039;2,7801;-0,1198;-0,4815;0,2084;-0,8428;;False
400,19;13.99;p031​;20250325_091248;1;F8W2;-0,3215;1,6067;2,7884;-0,1167;-0,4917;0,2095;-0,8371;;False
400,20;14.01;p031​;20250325_091248;1;F8W2;-0,3147;1,6097;2,7957;-0,1134;-0,5027;0,2114;-0,8305;;False
400,21;14.02;p031​;20250325_091248;1;F8W2;-0,3077;1,6125;2,8025;-0,1103;-0,5154;0,2120;-0,8230;;False
400,23;14.04;p031​;20250325_091248;1;F8W2;-0,3002;1,6152;2,8083;-0,1077;-0,5282;0,2132;-0,8148;;False
400,24;14.05;p031​;20250325_091248;1;F8W2;-0,2927;1,6180;2,8134;-0,1063;-0,5417;0,2146;-0,8057;;False
400,26;14.06;p031​;20250325_091248;1;F8W2;-0,2853;1,6204;2,8179;-0,1045;-0,5555;0,2158;-0,7962;;False
400,27;14.08;p031​;20250325_091248;1;F8W2;-0,2778;1,6224;2,8216;-0,1020;-0,5702;0,2180;-0,7855;;False
400,28;14.09;p031​;20250325_091248;1;F8W2;-0,2704;1,6240;2,8246;-0,0976;-0,5856;0,2207;-0,7738;;False
400,30;14.11;p031​;20250325_091248;1;F8W2;-0,2630;1,6254;2,8270;-0,0937;-0,6014;0,2238;-0,7612;;False
400,31;14.12;p031​;20250325_091248;1;F8W2;-0,2558;1,6264;2,8288;-0,0899;-0,6178;0,2264;-0,7477;;False
400,33;14.13;p031​;20250325_091248;1;F8W2;-0,2485;1,6270;2,8301;-0,0862;-0,6338;0,2284;-0,7340;;False
400,34;14.15;p031​;20250325_091248;1;F8W2;-0,2415;1,6275;2,8314;-0,0827;-0,6496;0,2297;-0,7201;;False
400,35;14.16;p031​;20250325_091248;1;F8W2;-0,2343;1,6277;2,8324;-0,0790;-0,6644;0,2298;-0,7068;;False
400,37;14.18;p031​;20250325_091248;1;F8W2;-0,2272;1,6275;2,8331;-0,0756;-0,6782;0,2290;-0,6941;;False
400,38;14.19;p031​;20250325_091248;1;F8W2;-0,2200;1,6269;2,8335;-0,0724;-0,6911;0,2284;-0,6819;Collision avec Chemin1 - Objet Parent Plot1;False
400,40;14.2;p031​;20250325_091248;1;F8W2;-0,2127;1,6261;2,8337;-0,0695;-0,7031;0,2278;-0,6700;Collision avec Chemin1 - Objet Parent Plot1;False
400,41;14.22;p031​;20250325_091248;1;F8W2;-0,2052;1,6249;2,8334;-0,0661;-0,7137;0,2277;-0,6591;Collision avec Chemin1 - Objet Parent Plot1;False
400,42;14.23;p031​;20250325_091248;1;F8W2;-0,1976;1,6235;2,8329;-0,0630;-0,7240;0,2263;-0,6485;Collision avec Chemin1 - Objet Parent Plot1;False
400,44;14.25;p031​;20250325_091248;1;F8W2;-0,1898;1,6218;2,8319;-0,0593;-0,7332;0,2254;-0,6389;Collision avec Chemin1 - Objet Parent Plot1;False
400,45;14.26;p031​;20250325_091248;1;F8W2;-0,1820;1,6197;2,8307;-0,0554;-0,7418;0,2243;-0,6296;Collision avec Chemin1 - Objet Parent Plot1;False
400,47;14.27;p031​;20250325_091248;1;F8W2;-0,1745;1,6173;2,8293;-0,0514;-0,7502;0,2227;-0,6205;Collision avec Chemin1 - Objet Parent Plot1;False
400,48;14.29;p031​;20250325_091248;1;F8W2;-0,1666;1,6147;2,8271;-0,0472;-0,7577;0,2233;-0,6113;Collision avec Chemin1 - Objet Parent Plot1;False
400,49;14.3;p031​;20250325_091248;1;F8W2;-0,1587;1,6119;2,8248;-0,0431;-0,7650;0,2240;-0,6023;Collision avec Chemin1 - Objet Parent Plot1;False
400,51;14.31;p031​;20250325_091248;1;F8W2;-0,1507;1,6092;2,8220;-0,0392;-0,7713;0,2255;-0,5939;Collision avec Chemin1 - Objet Parent Plot1;False
400,52;14.33;p031​;20250325_091248;1;F8W2;-0,1423;1,6066;2,8188;-0,0355;-0,7770;0,2280;-0,5857;Collision avec Chemin1 - Objet Parent Plot1;False
400,53;14.34;p031​;20250325_091248;1;F8W2;-0,1338;1,6041;2,8152;-0,0314;-0,7829;0,2299;-0,5773;Collision avec Chemin1 - Objet Parent Plot1;False
400,55;14.36;p031​;20250325_091248;1;F8W2;-0,1250;1,6022;2,8110;-0,0269;-0,7888;0,2319;-0,5686;Collision avec Chemin1 - Objet Parent Plot1;False
400,56;14.37;p031​;20250325_091248;1;F8W2;-0,1158;1,6004;2,8061;-0,0216;-0,7945;0,2335;-0,5602;Collision avec Chemin1 - Objet Parent Plot1;False
400,58;14.38;p031​;20250325_091248;1;F8W2;-0,1065;1,5988;2,8009;-0,0155;-0,7999;0,2349;-0,5520;Collision avec Chemin1 - Objet Parent Plot1;False
400,59;14.4;p031​;20250325_091248;1;F8W2;-0,0971;1,5973;2,7951;-0,0075;-0,8053;0,2371;-0,5433;Collision avec Chemin1 - Objet Parent Plot1;False
400,60;14.41;p031​;20250325_091248;1;F8W2;-0,0879;1,5959;2,7890;0,0005;-0,8117;0,2389;-0,5331;Collision avec Chemin1 - Objet Parent Plot1;False
400,62;14.43;p031​;20250325_091248;1;F8W2;-0,0787;1,5950;2,7820;0,0074;-0,8176;0,2434;-0,5217;Collision avec Chemin1 - Objet Parent Plot1;False
400,63;14.44;p031​;20250325_091248;1;F8W2;-0,0696;1,5942;2,7746;0,0138;-0,8239;0,2477;-0,5095;Collision avec Chemin1 - Objet Parent Plot1;False
400,64;14.45;p031​;20250325_091248;1;F8W2;-0,0606;1,5935;2,7670;0,0199;-0,8303;0,2515;-0,4969;Collision avec Chemin1 - Objet Parent Plot1;False
400,66;14.47;p031​;20250325_091248;1;F8W2;-0,0523;1,5928;2,7595;0,0269;-0,8382;0,2532;-0,4822;Collision avec Chemin1 - Objet Parent Plot1;False
400,67;14.48;p031​;20250325_091248;1;F8W2;-0,0443;1,5927;2,7516;0,0341;-0,8455;0,2572;-0,4667;Collision avec Chemin1 - Objet Parent Plot1;False
400,69;14.5;p031​;20250325_091248;1;F8W2;-0,0367;1,5929;2,7432;0,0411;-0,8533;0,2608;-0,4496;Collision avec Chemin1 - Objet Parent Plot1;False
400,70;14.51;p031​;20250325_091248;1;F8W2;-0,0300;1,5924;2,7350;0,0481;-0,8622;0,2593;-0,4325;Collision avec Chemin1 - Objet Parent Plot1;False
400,71;14.52;p031​;20250325_091248;1;F8W2;-0,0239;1,5916;2,7271;0,0566;-0,8714;0,2565;-0,4144;Collision avec Chemin1 - Objet Parent Plot1;False
400,73;14.54;p031​;20250325_091248;1;F8W2;-0,0181;1,5910;2,7196;0,0676;-0,8810;0,2558;-0,3922;Collision avec Droite1 - Objet Parent Plot1;False
400,74;14.55;p031​;20250325_091248;1;F8W2;-0,0129;1,5902;2,7120;0,0771;-0,8907;0,2549;-0,3685;Collision avec Droite1 - Objet Parent Plot1;False
400,76;14.56;p031​;20250325_091248;1;F8W2;-0,0078;1,5897;2,7045;0,0825;-0,8996;0,2545;-0,3451;Collision avec Droite1 - Objet Parent Plot1;False
400,77;14.58;p031​;20250325_091248;1;F8W2;-0,0031;1,5889;2,6977;0,0862;-0,9080;0,2544;-0,3215;Collision avec Droite1 - Objet Parent Plot1;False
400,78;14.59;p031​;20250325_091248;1;F8W2;0,0017;1,5885;2,6917;0,0876;-0,9157;0,2558;-0,2974;Collision avec Droite1 - Objet Parent Plot1;False
400,80;14.61;p031​;20250325_091248;1;F8W2;0,0064;1,5884;2,6858;0,0877;-0,9228;0,2567;-0,2736;Collision avec Droite1 - Objet Parent Plot1;False
400,81;14.62;p031​;20250325_091248;1;F8W2;0,0110;1,5888;2,6804;0,0874;-0,9294;0,2569;-0,2500;Collision avec Droite1 - Objet Parent Plot1;False
400,83;14.63;p031​;20250325_091248;1;F8W2;0,0156;1,5897;2,6755;0,0848;-0,9352;0,2567;-0,2287;Collision avec Droite1 - Objet Parent Plot1;False
400,84;14.65;p031​;20250325_091248;1;F8W2;0,0202;1,5909;2,6711;0,0811;-0,9402;0,2567;-0,2087;Collision avec Droite1 - Objet Parent Plot1;False
400,85;14.66;p031​;20250325_091248;1;F8W2;0,0248;1,5924;2,6667;0,0774;-0,9444;0,2564;-0,1910;Collision avec Droite1 - Objet Parent Plot1;False
400,87;14.68;p031​;20250325_091248;1;F8W2;0,0297;1,5945;2,6621;0,0748;-0,9482;0,2549;-0,1740;Collision avec Droite1 - Objet Parent Plot1;False
400,88;14.69;p031​;20250325_091248;1;F8W2;0,0345;1,5968;2,6571;0,0742;-0,9521;0,2510;-0,1584;Collision avec Droite1 - Objet Parent Plot1;False
400,90;14.7;p031​;20250325_091248;1;F8W2;0,0393;1,5993;2,6518;0,0748;-0,9558;0,2456;-0,1435;Collision avec Droite1 - Objet Parent Plot1;False
400,91;14.72;p031​;20250325_091248;1;F8W2;0,0441;1,6016;2,6468;0,0767;-0,9594;0,2391;-0,1287;Collision avec Droite1 - Objet Parent Plot1;False
400,92;14.73;p031​;20250325_091248;1;F8W2;0,0489;1,6036;2,6421;0,0790;-0,9625;0,2334;-0,1134;Collision avec Droite1 - Objet Parent Plot1;False
400,94;14.75;p031​;20250325_091248;1;F8W2;0,0538;1,6055;2,6371;0,0819;-0,9651;0,2287;-0,0981;Collision avec Droite1 - Objet Parent Plot1;False
400,95;14.76;p031​;20250325_091248;1;F8W2;0,0585;1,6069;2,6320;0,0850;-0,9672;0,2245;-0,0829;Collision avec Droite1 - Objet Parent Plot1;False
400,97;14.77;p031​;20250325_091248;1;F8W2;0,0632;1,6079;2,6268;0,0880;-0,9691;0,2202;-0,0678;Collision avec Droite1 - Objet Parent Plot1;False
400,98;14.79;p031​;20250325_091248;1;F8W2;0,0682;1,6087;2,6213;0,0904;-0,9706;0,2167;-0,0527;Collision avec Droite1 - Objet Parent Plot1;False
400,99;14.8;p031​;20250325_091248;1;F8W2;0,0735;1,6091;2,6156;0,0917;-0,9718;0,2137;-0,0383;Collision avec Droite1 - Objet Parent Plot1;False
401,01;14.82;p031​;20250325_091248;1;F8W2;0,0789;1,6089;2,6095;0,0927;-0,9726;0,2118;-0,0241;Collision avec Droite1 - Objet Parent Plot1;False
401,02;14.83;p031​;20250325_091248;1;F8W2;0,0841;1,6083;2,6030;0,0931;-0,9731;0,2106;-0,0104;Collision avec Droite1 - Objet Parent Plot1;False
401,03;14.84;p031​;20250325_091248;1;F8W2;0,0894;1,6074;2,5963;0,0931;-0,9734;0,2093;0,0035;Collision avec Droite1 - Objet Parent Plot1;False
401,05;14.86;p031​;20250325_091248;1;F8W2;0,0951;1,6064;2,5897;0,0933;-0,9733;0,2089;0,0167;Collision avec Droite1 - Objet Parent Plot1;False
401,06;14.87;p031​;20250325_091248;1;F8W2;0,1010;1,6051;2,5830;0,0937;-0,9731;0,2083;0,0290;Collision avec Droite1 - Objet Parent Plot1;False
401,08;14.88;p031​;20250325_091248;1;F8W2;0,1070;1,6033;2,5758;0,0943;-0,9728;0,2077;0,0411;Collision avec Droite1 - Objet Parent Plot1;False
401,09;14.9;p031​;20250325_091248;1;F8W2;0,1131;1,6012;2,5683;0,0960;-0,9721;0,2073;0,0533;Collision avec Droite1 - Objet Parent Plot1;False
401,10;14.91;p031​;20250325_091248;1;F8W2;0,1191;1,5985;2,5609;0,0985;-0,9712;0,2070;0,0645;Collision avec Droite1 - Objet Parent Plot1;False
401,12;14.93;p031​;20250325_091248;1;F8W2;0,1255;1,5960;2,5536;0,1004;-0,9699;0,2084;0,0758;Collision avec Droite1 - Objet Parent Plot1;False
401,13;14.94;p031​;20250325_091248;1;F8W2;0,1319;1,5933;2,5464;0,1023;-0,9685;0,2097;0,0865;Collision avec Droite1 - Objet Parent Plot1;False
401,15;14.95;p031​;20250325_091248;1;F8W2;0,1386;1,5906;2,5392;0,1045;-0,9668;0,2116;0,0975;Collision avec Droite1 - Objet Parent Plot1;False
401,16;14.97;p031​;20250325_091248;1;F8W2;0,1452;1,5877;2,5321;0,1069;-0,9649;0,2143;0,1078;Collision avec Droite1 - Objet Parent Plot1;False
401,17;14.98;p031​;20250325_091248;1;F8W2;0,1518;1,5850;2,5251;0,1087;-0,9627;0,2179;0,1176;Collision avec Droite1 - Objet Parent Plot1;False
401,19;15.0;p031​;20250325_091248;1;F8W2;0,1588;1,5826;2,5184;0,1091;-0,9608;0,2210;0,1265;Collision avec Droite1 - Objet Parent Plot1;False
401,20;15.01;p031​;20250325_091248;1;F8W2;0,1658;1,5805;2,5118;0,1094;-0,9591;0,2235;0,1346;Collision avec Droite1 - Objet Parent Plot1;False
401,22;15.02;p031​;20250325_091248;1;F8W2;0,1732;1,5792;2,5052;0,1109;-0,9576;0,2246;0,1424;Collision avec Droite1 - Objet Parent Plot1;False
401,23;15.04;p031​;20250325_091248;1;F8W2;0,1802;1,5786;2,4978;0,1152;-0,9555;0,2261;0,1502;;False
401,24;15.05;p031​;20250325_091248;1;F8W2;0,1872;1,5789;2,4901;0,1205;-0,9536;0,2261;0,1584;;False
401,26;15.06;p031​;20250325_091248;1;F8W2;0,1939;1,5807;2,4819;0,1262;-0,9512;0,2267;0,1672;;False
401,27;15.08;p031​;20250325_091248;1;F8W2;0,2006;1,5826;2,4740;0,1287;-0,9503;0,2230;0,1753;;False
401,28;15.09;p031​;20250325_091248;1;F8W2;0,2074;1,5857;2,4656;0,1295;-0,9494;0,2201;0,1827;;False
401,30;15.11;p031​;20250325_091248;1;F8W2;0,2140;1,5887;2,4573;0,1308;-0,9490;0,2157;0,1891;;False
401,31;15.12;p031​;20250325_091248;1;F8W2;0,2204;1,5915;2,4490;0,1279;-0,9498;0,2097;0,1938;;False
401,33;15.13;p031​;20250325_091248;1;F8W2;0,2264;1,5945;2,4404;0,1251;-0,9510;0,2022;0,1976;;False
401,34;15.15;p031​;20250325_091248;1;F8W2;0,2319;1,5976;2,4315;0,1256;-0,9512;0,1954;0,2029;;False
401,35;15.16;p031​;20250325_091248;1;F8W2;0,2368;1,6004;2,4225;0,1257;-0,9509;0,1902;0,2095;;False
401,37;15.18;p031​;20250325_091248;1;F8W2;0,2409;1,6034;2,4131;0,1250;-0,9496;0,1882;0,2171;;False
401,38;15.19;p031​;20250325_091248;1;F8W2;0,2447;1,6060;2,4039;0,1235;-0,9485;0,1873;0,2238;;False
401,40;15.2;p031​;20250325_091248;1;F8W2;0,2483;1,6082;2,3947;0,1218;-0,9469;0,1881;0,2304;;False
401,41;15.22;p031​;20250325_091248;1;F8W2;0,2510;1,6107;2,3854;0,1216;-0,9450;0,1901;0,2368;;False
401,42;15.23;p031​;20250325_091248;1;F8W2;0,2531;1,6129;2,3761;0,1215;-0,9428;0,1922;0,2439;;False
401,44;15.25;p031​;20250325_091248;1;F8W2;0,2544;1,6148;2,3670;0,1211;-0,9405;0,1944;0,2511;;False
401,45;15.26;p031​;20250325_091248;1;F8W2;0,2554;1,6163;2,3581;0,1214;-0,9381;0,1962;0,2584;;False
401,46;15.27;p031​;20250325_091248;1;F8W2;0,2562;1,6176;2,3494;0,1230;-0,9353;0,1981;0,2661;;False
401,48;15.29;p031​;20250325_091248;1;F8W2;0,2564;1,6188;2,3408;0,1256;-0,9324;0,1996;0,2739;;False
401,49;15.3;p031​;20250325_091248;1;F8W2;0,2559;1,6198;2,3324;0,1281;-0,9295;0,2003;0,2821;;False
401,51;15.31;p031​;20250325_091248;1;F8W2;0,2548;1,6208;2,3241;0,1302;-0,9263;0,2007;0,2909;;False
401,52;15.33;p031​;20250325_091248;1;F8W2;0,2534;1,6218;2,3156;0,1314;-0,9233;0,2006;0,3001;;False
401,53;15.34;p031​;20250325_091248;1;F8W2;0,2518;1,6224;2,3074;0,1308;-0,9211;0,1992;0,3080;;False
401,55;15.36;p031​;20250325_091248;1;F8W2;0,2496;1,6227;2,2993;0,1306;-0,9191;0,1974;0,3149;;False
401,56;15.37;p031​;20250325_091248;1;F8W2;0,2471;1,6226;2,2913;0,1310;-0,9169;0,1955;0,3223;;False
401,58;15.38;p031​;20250325_091248;1;F8W2;0,2441;1,6222;2,2835;0,1319;-0,9144;0,1938;0,3299;;False
401,59;15.4;p031​;20250325_091248;1;F8W2;0,2407;1,6213;2,2757;0,1316;-0,9124;0,1917;0,3367;;False
401,60;15.41;p031​;20250325_091248;1;F8W2;0,2373;1,6202;2,2679;0,1310;-0,9102;0,1901;0,3438;;False
401,62;15.43;p031​;20250325_091248;1;F8W2;0,2335;1,6186;2,2604;0,1315;-0,9078;0,1887;0,3506;;False
401,63;15.44;p031​;20250325_091248;1;F8W2;0,2294;1,6167;2,2530;0,1325;-0,9054;0,1884;0,3568;;False
401,65;15.46;p031​;20250325_091248;1;F8W2;0,2253;1,6145;2,2457;0,1323;-0,9031;0,1885;0,3626;;False
401,66;15.47;p031​;20250325_091248;1;F8W2;0,2209;1,6122;2,2386;0,1327;-0,9008;0,1886;0,3680;;False
401,67;15.48;p031​;20250325_091248;1;F8W2;0,2163;1,6095;2,2316;0,1338;-0,8988;0,1892;0,3721;;False
401,69;15.5;p031​;20250325_091248;1;F8W2;0,2115;1,6070;2,2246;0,1355;-0,8967;0,1905;0,3759;;False
401,70;15.51;p031​;20250325_091248;1;F8W2;0,2064;1,6047;2,2176;0,1382;-0,8945;0,1925;0,3792;;False
401,71;15.52;p031​;20250325_091248;1;F8W2;0,2007;1,6026;2,2107;0,1407;-0,8928;0,1934;0,3817;;False
401,73;15.54;p031​;20250325_091248;1;F8W2;0,1946;1,6012;2,2037;0,1429;-0,8913;0,1935;0,3843;;False
401,74;15.55;p031​;20250325_091248;1;F8W2;0,1882;1,6003;2,1966;0,1444;-0,8904;0,1925;0,3863;;False
401,76;15.56;p031​;20250325_091248;1;F8W2;0,1811;1,6000;2,1893;0,1462;-0,8900;0,1902;0,3878;;False
401,77;15.58;p031​;20250325_091248;1;F8W2;0,1739;1,5999;2,1818;0,1474;-0,8896;0,1865;0,3900;;False
401,78;15.59;p031​;20250325_091248;1;F8W2;0,1667;1,6001;2,1746;0,1480;-0,8890;0,1830;0,3927;;False
401,80;15.61;p031​;20250325_091248;1;F8W2;0,1594;1,6004;2,1674;0,1486;-0,8885;0,1814;0,3945;;False
401,81;15.62;p031​;20250325_091248;1;F8W2;0,1519;1,6018;2,1599;0,1501;-0,8874;0,1826;0,3957;;False
401,83;15.63;p031​;20250325_091248;1;F8W2;0,1443;1,6034;2,1522;0,1506;-0,8870;0,1829;0,3965;;False
401,84;15.65;p031​;20250325_091248;1;F8W2;0,1369;1,6047;2,1447;0,1479;-0,8879;0,1794;0,3970;;False
401,85;15.66;p031​;20250325_091248;1;F8W2;0,1299;1,6065;2,1370;0,1450;-0,8886;0,1761;0,3979;;False
401,87;15.68;p031​;20250325_091248;1;F8W2;0,1222;1,6095;2,1288;0,1456;-0,8882;0,1755;0,3988;;False
401,88;15.69;p031​;20250325_091248;1;F8W2;0,1142;1,6120;2,1206;0,1430;-0,8887;0,1722;0,4002;;False
401,90;15.7;p031​;20250325_091248;1;F8W2;0,1064;1,6144;2,1122;0,1361;-0,8902;0,1672;0,4015;;False
401,91;15.72;p031​;20250325_091248;1;F8W2;0,0984;1,6166;2,1036;0,1309;-0,8913;0,1619;0,4028;;False
401,92;15.73;p031​;20250325_091248;1;F8W2;0,0907;1,6179;2,0947;0,1258;-0,8921;0,1562;0,4049;;False
401,94;15.75;p031​;20250325_091248;1;F8W2;0,0831;1,6189;2,0858;0,1217;-0,8924;0,1523;0,4070;;False
401,95;15.76;p031​;20250325_091248;1;F8W2;0,0758;1,6194;2,0767;0,1184;-0,8922;0,1515;0,4086;;False
401,97;15.77;p031​;20250325_091248;1;F8W2;0,0686;1,6197;2,0672;0,1161;-0,8918;0,1536;0,4095;;False
401,98;15.79;p031​;20250325_091248;1;F8W2;0,0612;1,6199;2,0573;0,1141;-0,8912;0,1571;0,4099;;False
401,99;15.8;p031​;20250325_091248;1;F8W2;0,0538;1,6202;2,0471;0,1126;-0,8905;0,1618;0,4102;;False
402,01;15.82;p031​;20250325_091248;1;F8W2;0,0465;1,6203;2,0369;0,1110;-0,8897;0,1679;0,4098;;False
402,02;15.83;p031​;20250325_091248;1;F8W2;0,0397;1,6202;2,0267;0,1089;-0,8891;0,1750;0,4087;;False
402,03;15.84;p031​;20250325_091248;1;F8W2;0,0330;1,6203;2,0163;0,1069;-0,8885;0,1835;0,4067;;False
402,05;15.86;p031​;20250325_091248;1;F8W2;0,0267;1,6203;2,0057;0,1046;-0,8880;0,1918;0,4046;;False
402,06;15.87;p031​;20250325_091248;1;F8W2;0,0201;1,6206;1,9952;0,1021;-0,8879;0,1994;0,4018;;False
402,08;15.89;p031​;20250325_091248;1;F8W2;0,0135;1,6210;1,9844;0,0984;-0,8882;0,2051;0,3992;;False
402,09;15.9;p031​;20250325_091248;1;F8W2;0,0067;1,6216;1,9734;0,0927;-0,8894;0,2084;0,3962;Collision avec Debut - Objet Parent SceneAnchor;False
402,10;15.91;p031​;20250325_091248;1;F8W2;0,0000;1,6221;1,9621;0,0862;-0,8908;0,2096;0,3938;Collision avec Debut - Objet Parent SceneAnchor;False
402,12;15.93;p031​;20250325_091248;1;F8W2;-0,0071;1,6224;1,9506;0,0797;-0,8928;0,2095;0,3907;Collision avec Debut - Objet Parent SceneAnchor;False
402,13;15.94;p031​;20250325_091248;1;F8W2;-0,0141;1,6225;1,9390;0,0741;-0,8945;0,2102;0,3875;Collision avec Debut - Objet Parent SceneAnchor;False
402,15;15.95;p031​;20250325_091248;1;F8W2;-0,0212;1,6221;1,9273;0,0682;-0,8965;0,2110;0,3834;Collision avec Debut - Objet Parent SceneAnchor;False
402,16;15.97;p031​;20250325_091248;1;F8W2;-0,0284;1,6212;1,9153;0,0628;-0,8985;0,2123;0,3791;Collision avec Debut - Objet Parent SceneAnchor;False
402,17;15.98;p031​;20250325_091248;1;F8W2;-0,0355;1,6199;1,9032;0,0577;-0,9003;0,2135;0,3749;Collision avec Debut - Objet Parent SceneAnchor;False
402,19;16.0;p031​;20250325_091248;1;F8W2;-0,0430;1,6183;1,8910;0,0534;-0,9021;0,2154;0,3701;Collision avec Debut - Objet Parent SceneAnchor;False
402,20;16.01;p031​;20250325_091248;1;F8W2;-0,0505;1,6163;1,8787;0,0494;-0,9035;0,2178;0,3658;Collision avec Debut - Objet Parent SceneAnchor;False
402,22;16.02;p031​;20250325_091248;1;F8W2;-0,0578;1,6140;1,8663;0,0462;-0,9046;0,2203;0,3620;Collision avec Debut - Objet Parent SceneAnchor;False
402,23;16.04;p031​;20250325_091248;1;F8W2;-0,0650;1,6113;1,8540;0,0435;-0,9055;0,2227;0,3585;Collision avec Debut - Objet Parent SceneAnchor;False
402,24;16.05;p031​;20250325_091248;1;F8W2;-0,0722;1,6085;1,8416;0,0406;-0,9064;0,2257;0,3547;Collision avec Debut - Objet Parent SceneAnchor;False
402,26;16.07;p031​;20250325_091248;1;F8W2;-0,0794;1,6057;1,8288;0,0383;-0,9069;0,2289;0,3518;Collision avec Debut - Objet Parent SceneAnchor;False
402,27;16.08;p031​;20250325_091248;1;F8W2;-0,0866;1,6026;1,8159;0,0359;-0,9076;0,2305;0,3492;Collision avec Debut - Objet Parent SceneAnchor;False
402,28;16.09;p031​;20250325_091248;1;F8W2;-0,0936;1,5997;1,8027;0,0337;-0,9080;0,2319;0,3473;Collision avec Debut - Objet Parent SceneAnchor;False
402,30;16.11;p031​;20250325_091248;1;F8W2;-0,1006;1,5969;1,7895;0,0316;-0,9084;0,2332;0,3456;Collision avec Debut - Objet Parent SceneAnchor;False
402,31;16.12;p031​;20250325_091248;1;F8W2;-0,1074;1,5940;1,7761;0,0285;-0,9085;0,2344;0,3447;Collision avec Debut - Objet Parent SceneAnchor;False
402,33;16.13;p031​;20250325_091248;1;F8W2;-0,1141;1,5912;1,7627;0,0259;-0,9088;0,2357;0,3432;Collision avec Debut - Objet Parent SceneAnchor;False
402,34;16.15;p031​;20250325_091248;1;F8W2;-0,1206;1,5892;1,7487;0,0230;-0,9087;0,2377;0,3425;Collision avec Debut - Objet Parent SceneAnchor;False
402,36;16.16;p031​;20250325_091248;1;F8W2;-0,1270;1,5877;1,7344;0,0197;-0,9089;0,2383;0,3415;Collision avec Debut - Objet Parent SceneAnchor;False
402,37;16.18;p031​;20250325_091248;1;F8W2;-0,1331;1,5863;1,7200;0,0162;-0,9094;0,2374;0,3410;Collision avec Debut - Objet Parent SceneAnchor;False
402,38;16.19;p031​;20250325_091248;1;F8W2;-0,1392;1,5853;1,7053;0,0119;-0,9099;0,2371;0,3402;Collision avec Debut - Objet Parent SceneAnchor;False
402,40;16.21;p031​;20250325_091248;1;F8W2;-0,1450;1,5847;1,6905;0,0067;-0,9108;0,2366;0,3383;Collision avec Debut - Objet Parent SceneAnchor;False
402,41;16.22;p031​;20250325_091248;1;F8W2;-0,1509;1,5856;1,6750;0,0016;-0,9113;0,2388;0,3355;Collision avec Debut - Objet Parent SceneAnchor;False
402,42;16.23;p031​;20250325_091248;1;F8W2;-0,1565;1,5868;1,6589;-0,0051;-0,9125;0,2381;0,3325;Collision avec Debut - Objet Parent SceneAnchor;False
402,44;16.25;p031​;20250325_091248;1;F8W2;-0,1618;1,5882;1,6431;-0,0114;-0,9144;0,2349;0,3295;Collision avec Debut - Objet Parent SceneAnchor;False
402,45;16.26;p031​;20250325_091248;1;F8W2;-0,1672;1,5908;1,6271;-0,0177;-0,9158;0,2361;0,3244;Collision avec Debut - Objet Parent SceneAnchor;False
402,47;16.27;p031​;20250325_091248;1;F8W2;-0,1722;1,5935;1,6112;-0,0250;-0,9175;0,2372;0,3182;Collision avec Debut - Objet Parent SceneAnchor;False
402,48;16.29;p031​;20250325_091248;1;F8W2;-0,1771;1,5964;1,5954;-0,0311;-0,9198;0,2356;0,3123;Collision avec Debut - Objet Parent SceneAnchor;False
402,49;16.3;p031​;20250325_091248;1;F8W2;-0,1818;1,5993;1,5799;-0,0384;-0,9228;0,2321;0,3052;Collision avec Debut - Objet Parent SceneAnchor;False
402,51;16.32;p031​;20250325_091248;1;F8W2;-0,1864;1,6022;1,5647;-0,0460;-0,9258;0,2285;0,2975;Collision avec Debut - Objet Parent SceneAnchor;False
402,52;16.33;p031​;20250325_091248;1;F8W2;-0,1909;1,6050;1,5500;-0,0521;-0,9289;0,2252;0,2893;Collision avec Debut - Objet Parent SceneAnchor;False
402,54;16.34;p031​;20250325_091248;1;F8W2;-0,1954;1,6075;1,5357;-0,0579;-0,9320;0,2225;0,2803;Collision avec Debut - Objet Parent SceneAnchor;False
402,55;16.36;p031​;20250325_091248;1;F8W2;-0,1998;1,6099;1,5217;-0,0625;-0,9349;0,2200;0,2713;Collision avec Debut - Objet Parent SceneAnchor;False
402,56;16.37;p031​;20250325_091248;1;F8W2;-0,2041;1,6123;1,5078;-0,0673;-0,9374;0,2191;0,2623;Collision avec Debut - Objet Parent SceneAnchor;False
402,58;16.39;p031​;20250325_091248;1;F8W2;-0,2088;1,6141;1,4945;-0,0720;-0,9396;0,2189;0,2529;Collision avec Debut - Objet Parent SceneAnchor;False
402,59;16.4;p031​;20250325_091248;1;F8W2;-0,2135;1,6157;1,4816;-0,0753;-0,9417;0,2197;0,2435;;False
402,61;16.41;p031​;20250325_091248;1;F8W2;-0,2182;1,6171;1,4694;-0,0773;-0,9435;0,2211;0,2345;;False
402,62;16.43;p031​;20250325_091248;1;F8W2;-0,2230;1,6187;1,4574;-0,0792;-0,9448;0,2241;0,2253;;False
402,63;16.44;p031​;20250325_091248;1;F8W2;-0,2279;1,6202;1,4459;-0,0813;-0,9461;0,2269;0,2163;;False
402,65;16.45;p031​;20250325_091248;1;F8W2;-0,2329;1,6218;1,4347;-0,0819;-0,9474;0,2290;0,2080;;False
402,66;16.47;p031​;20250325_091248;1;F8W2;-0,2380;1,6236;1,4238;-0,0818;-0,9486;0,2307;0,2005;;False
402,67;16.48;p031​;20250325_091248;1;F8W2;-0,2431;1,6254;1,4131;-0,0819;-0,9500;0,2306;0,1937;;False
402,69;16.5;p031​;20250325_091248;1;F8W2;-0,2484;1,6273;1,4023;-0,0813;-0,9516;0,2294;0,1876;;False
402,70;16.51;p031​;20250325_091248;1;F8W2;-0,2537;1,6290;1,3918;-0,0806;-0,9533;0,2265;0,1826;;False
402,72;16.52;p031​;20250325_091248;1;F8W2;-0,2591;1,6305;1,3813;-0,0807;-0,9549;0,2235;0,1779;;False
402,73;16.54;p031​;20250325_091248;1;F8W2;-0,2645;1,6318;1,3710;-0,0816;-0,9564;0,2202;0,1735;;False
402,74;16.55;p031​;20250325_091248;1;F8W2;-0,2696;1,6329;1,3607;-0,0826;-0,9578;0,2171;0,1693;;False
402,76;16.57;p031​;20250325_091248;1;F8W2;-0,2750;1,6337;1,3504;-0,0836;-0,9592;0,2141;0,1644;;False
402,77;16.58;p031​;20250325_091248;1;F8W2;-0,2801;1,6341;1,3401;-0,0849;-0,9605;0,2110;0,1601;;False
402,79;16.59;p031​;20250325_091248;1;F8W2;-0,2855;1,6342;1,3297;-0,0859;-0,9617;0,2088;0,1553;;False
402,80;16.61;p031​;20250325_091248;1;F8W2;-0,2909;1,6339;1,3193;-0,0869;-0,9628;0,2072;0,1502;;False
402,81;16.62;p031​;20250325_091248;1;F8W2;-0,2962;1,6332;1,3088;-0,0880;-0,9637;0,2060;0,1454;;False
402,83;16.64;p031​;20250325_091248;1;F8W2;-0,3016;1,6322;1,2982;-0,0885;-0,9646;0,2051;0,1404;;False
402,84;16.65;p031​;20250325_091248;1;F8W2;-0,3069;1,6312;1,2875;-0,0890;-0,9655;0,2038;0,1353;;False
402,85;16.66;p031​;20250325_091248;1;F8W2;-0,3122;1,6298;1,2766;-0,0894;-0,9666;0,2021;0,1298;;False
402,87;16.68;p031​;20250325_091248;1;F8W2;-0,3173;1,6280;1,2658;-0,0895;-0,9677;0,2002;0,1245;;False
402,88;16.69;p031​;20250325_091248;1;F8W2;-0,3225;1,6258;1,2549;-0,0896;-0,9688;0,1982;0,1190;;False
402,90;16.71;p031​;20250325_091248;1;F8W2;-0,3276;1,6233;1,2440;-0,0901;-0,9697;0,1970;0,1133;;False
402,91;16.72;p031​;20250325_091248;1;F8W2;-0,3325;1,6207;1,2332;-0,0903;-0,9704;0,1965;0,1076;;False
402,94;16.75;p031​;20250325_091248;1;F8W2;-0,3416;1,6158;1,2111;-0,0930;-0,9716;0,1962;0,0938;;False
402,95;16.76;p031​;20250325_091248;1;F8W2;-0,3461;1,6136;1,1998;-0,0954;-0,9722;0,1958;0,0859;Collision avec Droite2 - Objet Parent Plot2;False
402,97;16.78;p031​;20250325_091248;1;F8W2;-0,3504;1,6114;1,1883;-0,0979;-0,9729;0,1944;0,0775;Collision avec Droite2 - Objet Parent Plot2;False
402,98;16.79;p031​;20250325_091248;1;F8W2;-0,3548;1,6093;1,1769;-0,1000;-0,9737;0,1928;0,0686;Collision avec Droite2 - Objet Parent Plot2;False
402,99;16.8;p031​;20250325_091248;1;F8W2;-0,3592;1,6068;1,1658;-0,1011;-0,9747;0,1899;0,0598;Collision avec Droite2 - Objet Parent Plot2;False
403,01;16.82;p031​;20250325_091248;1;F8W2;-0,3635;1,6047;1,1548;-0,1023;-0,9752;0,1892;0,0515;Collision avec Droite2 - Objet Parent Plot2;False
403,02;16.83;p031​;20250325_091248;1;F8W2;-0,3678;1,6036;1,1434;-0,1056;-0,9746;0,1930;0,0426;Collision avec Droite2 - Objet Parent Plot2;False
403,04;16.85;p031​;20250325_091248;1;F8W2;-0,3717;1,6027;1,1321;-0,1092;-0,9741;0,1950;0,0329;Collision avec Droite2 - Objet Parent Plot2;False
403,05;16.86;p031​;20250325_091248;1;F8W2;-0,3754;1,6023;1,1209;-0,1111;-0,9740;0,1962;0,0234;Collision avec Droite2 - Objet Parent Plot2;False
403,06;16.87;p031​;20250325_091248;1;F8W2;-0,3786;1,6034;1,1095;-0,1140;-0,9732;0,1993;0,0140;Collision avec Droite2 - Objet Parent Plot2;False
403,08;16.89;p031​;20250325_091248;1;F8W2;-0,3818;1,6052;1,0978;-0,1182;-0,9722;0,2022;0,0036;Collision avec Droite2 - Objet Parent Plot2;False
403,09;16.9;p031​;20250325_091248;1;F8W2;-0,3844;1,6062;1,0865;-0,1207;-0,9724;0,1995;-0,0062;Collision avec Droite2 - Objet Parent Plot2;False
403,11;16.91;p031​;20250325_091248;1;F8W2;-0,3867;1,6073;1,0752;-0,1200;-0,9732;0,1955;-0,0145;Collision avec Droite2 - Objet Parent Plot2;False
403,12;16.93;p031​;20250325_091248;1;F8W2;-0,3882;1,6090;1,0637;-0,1192;-0,9739;0,1917;-0,0217;Collision avec Droite2 - Objet Parent Plot2;False
403,13;16.94;p031​;20250325_091248;1;F8W2;-0,3892;1,6106;1,0521;-0,1209;-0,9742;0,1880;-0,0299;Collision avec Droite2 - Objet Parent Plot2;False
403,15;16.96;p031​;20250325_091248;1;F8W2;-0,3896;1,6122;1,0404;-0,1241;-0,9739;0,1859;-0,0393;Collision avec Droite2 - Objet Parent Plot2;False
403,16;16.97;p031​;20250325_091248;1;F8W2;-0,3892;1,6133;1,0288;-0,1292;-0,9728;0,1852;-0,0512;Collision avec Droite2 - Objet Parent Plot2;False
403,17;16.98;p031​;20250325_091248;1;F8W2;-0,3879;1,6141;1,0174;-0,1352;-0,9712;0,1854;-0,0644;Collision avec Droite2 - Objet Parent Plot2;False
403,19;17.0;p031​;20250325_091248;1;F8W2;-0,3858;1,6145;1,0063;-0,1402;-0,9690;0,1875;-0,0795;Collision avec Droite2 - Objet Parent Plot2;False
403,20;17.01;p031​;20250325_091248;1;F8W2;-0,3832;1,6148;0,9955;-0,1445;-0,9662;0,1912;-0,0950;Collision avec Droite2 - Objet Parent Plot2;False
403,22;17.03;p031​;20250325_091248;1;F8W2;-0,3799;1,6149;0,9851;-0,1500;-0,9628;0,1956;-0,1110;Collision avec Droite2 - Objet Parent Plot2;False
403,23;17.04;p031​;20250325_091248;1;F8W2;-0,3761;1,6147;0,9752;-0,1564;-0,9587;0,2001;-0,1280;Collision avec Droite2 - Objet Parent Plot2;False
403,24;17.05;p031​;20250325_091248;1;F8W2;-0,3717;1,6141;0,9659;-0,1626;-0,9543;0,2042;-0,1459;Collision avec Droite2 - Objet Parent Plot2;False
403,26;17.07;p031​;20250325_091248;1;F8W2;-0,3669;1,6133;0,9573;-0,1685;-0,9494;0,2080;-0,1641;Collision avec Droite2 - Objet Parent Plot2;False
403,27;17.08;p031​;20250325_091248;1;F8W2;-0,3620;1,6126;0,9490;-0,1742;-0,9443;0,2116;-0,1822;Collision avec Droite2 - Objet Parent Plot2;False
403,29;17.09;p031​;20250325_091248;1;F8W2;-0,3569;1,6119;0,9412;-0,1790;-0,9392;0,2140;-0,2001;Collision avec Droite2 - Objet Parent Plot2;False
403,30;17.11;p031​;20250325_091248;1;F8W2;-0,3515;1,6113;0,9337;-0,1839;-0,9339;0,2152;-0,2183;Collision avec Droite2 - Objet Parent Plot2;False
403,31;17.12;p031​;20250325_091248;1;F8W2;-0,3458;1,6107;0,9266;-0,1876;-0,9289;0,2151;-0,2359;Collision avec Droite2 - Objet Parent Plot2;False
403,33;17.14;p031​;20250325_091248;1;F8W2;-0,3397;1,6101;0,9199;-0,1914;-0,9239;0,2138;-0,2533;Collision avec Droite2 - Objet Parent Plot2;False
403,34;17.15;p031​;20250325_091248;1;F8W2;-0,3336;1,6093;0,9134;-0,1941;-0,9192;0,2117;-0,2694;Collision avec Droite2 - Objet Parent Plot2;False
403,36;17.16;p031​;20250325_091248;1;F8W2;-0,3275;1,6083;0,9070;-0,1959;-0,9147;0,2094;-0,2849;Collision avec Droite2 - Objet Parent Plot2;False
403,37;17.18;p031​;20250325_091248;1;F8W2;-0,3213;1,6071;0,9009;-0,1976;-0,9103;0,2066;-0,2994;Collision avec Droite2 - Objet Parent Plot2;False
403,38;17.19;p031​;20250325_091248;1;F8W2;-0,3148;1,6057;0,8951;-0,1998;-0,9058;0,2037;-0,3133;Collision avec Droite2 - Objet Parent Plot2;False
403,40;17.21;p031​;20250325_091248;1;F8W2;-0,3083;1,6040;0,8893;-0,2017;-0,9012;0,2009;-0,3267;Collision avec Droite2 - Objet Parent Plot2;False
403,41;17.22;p031​;20250325_091248;1;F8W2;-0,3018;1,6020;0,8837;-0,2038;-0,8970;0,1975;-0,3389;Collision avec Droite2 - Objet Parent Plot2;False
403,43;17.23;p031​;20250325_091248;1;F8W2;-0,2950;1,5998;0,8780;-0,2063;-0,8926;0,1944;-0,3506;Collision avec Droite2 - Objet Parent Plot2;False
403,44;17.25;p031​;20250325_091248;1;F8W2;-0,2883;1,5973;0,8725;-0,2088;-0,8879;0,1922;-0,3620;Collision avec Droite2 - Objet Parent Plot2;False
403,45;17.26;p031​;20250325_091248;1;F8W2;-0,2811;1,5948;0,8673;-0,2129;-0,8829;0,1912;-0,3723;Collision avec Droite2 - Objet Parent Plot2;False
403,47;17.28;p031​;20250325_091248;1;F8W2;-0,2739;1,5922;0,8622;-0,2169;-0,8775;0,1909;-0,3827;Collision avec Droite2 - Objet Parent Plot2;False
403,48;17.29;p031​;20250325_091248;1;F8W2;-0,2664;1,5899;0,8570;-0,2205;-0,8722;0,1913;-0,3925;Collision avec Droite2 - Objet Parent Plot2;False
403,49;17.3;p031​;20250325_091248;1;F8W2;-0,2587;1,5879;0,8520;-0,2234;-0,8677;0,1910;-0,4009;Collision avec Droite2 - Objet Parent Plot2;False
403,51;17.32;p031​;20250325_091248;1;F8W2;-0,2507;1,5863;0,8468;-0,2255;-0,8635;0,1902;-0,4091;Collision avec Droite2 - Objet Parent Plot2;False
403,52;17.33;p031​;20250325_091248;1;F8W2;-0,2420;1,5851;0,8418;-0,2278;-0,8600;0,1881;-0,4161;Collision avec Droite2 - Objet Parent Plot2;False
403,54;17.34;p031​;20250325_091248;1;F8W2;-0,2329;1,5843;0,8369;-0,2300;-0,8564;0,1845;-0,4238;Collision avec Droite2 - Objet Parent Plot2;False
403,55;17.36;p031​;20250325_091248;1;F8W2;-0,2238;1,5837;0,8321;-0,2314;-0,8533;0,1787;-0,4318;Collision avec Droite2 - Objet Parent Plot2;False
403,56;17.37;p031​;20250325_091248;1;F8W2;-0,2145;1,5836;0,8276;-0,2336;-0,8496;0,1742;-0,4397;Collision avec Chemin2 - Objet Parent Plot2;False
403,58;17.39;p031​;20250325_091248;1;F8W2;-0,2045;1,5840;0,8232;-0,2374;-0,8448;0,1709;-0,4481;Collision avec Chemin2 - Objet Parent Plot2;False
403,59;17.4;p031​;20250325_091248;1;F8W2;-0,1942;1,5845;0,8192;-0,2416;-0,8398;0,1668;-0,4566;Collision avec Chemin2 - Objet Parent Plot2;False
403,61;17.41;p031​;20250325_091248;1;F8W2;-0,1841;1,5844;0,8153;-0,2427;-0,8358;0,1595;-0,4660;Collision avec Chemin2 - Objet Parent Plot2;False
403,62;17.43;p031​;20250325_091248;1;F8W2;-0,1738;1,5854;0,8115;-0,2459;-0,8305;0,1541;-0,4754;Collision avec Chemin2 - Objet Parent Plot2;False
403,63;17.44;p031​;20250325_091248;1;F8W2;-0,1630;1,5869;0,8081;-0,2530;-0,8236;0,1502;-0,4848;Collision avec Chemin2 - Objet Parent Plot2;False
403,65;17.46;p031​;20250325_091248;1;F8W2;-0,1528;1,5874;0,8051;-0,2571;-0,8174;0,1440;-0,4949;Collision avec Chemin2 - Objet Parent Plot2;False
403,66;17.47;p031​;20250325_091248;1;F8W2;-0,1430;1,5879;0,8024;-0,2594;-0,8113;0,1374;-0,5056;Collision avec Chemin2 - Objet Parent Plot2;False
403,68;17.48;p031​;20250325_091248;1;F8W2;-0,1332;1,5883;0,8000;-0,2634;-0,8041;0,1303;-0,5167;Collision avec Chemin2 - Objet Parent Plot2;False
403,69;17.5;p031​;20250325_091248;1;F8W2;-0,1237;1,5884;0,7975;-0,2672;-0,7957;0,1220;-0,5297;Collision avec Chemin2 - Objet Parent Plot2;False
403,70;17.51;p031​;20250325_091248;1;F8W2;-0,1139;1,5886;0,7952;-0,2706;-0,7867;0,1155;-0,5427;Collision avec Chemin2 - Objet Parent Plot2;False
403,72;17.53;p031​;20250325_091248;1;F8W2;-0,1043;1,5887;0,7929;-0,2745;-0,7767;0,1111;-0,5559;Collision avec Chemin2 - Objet Parent Plot2;False
403,73;17.54;p031​;20250325_091248;1;F8W2;-0,0950;1,5885;0,7906;-0,2780;-0,7660;0,1091;-0,5693;Collision avec Chemin2 - Objet Parent Plot2;False
403,74;17.55;p031​;20250325_091248;1;F8W2;-0,0860;1,5884;0,7887;-0,2818;-0,7551;0,1090;-0,5818;Collision avec Chemin2 - Objet Parent Plot2;False
403,76;17.57;p031​;20250325_091248;1;F8W2;-0,0774;1,5882;0,7866;-0,2842;-0,7438;0,1111;-0,5947;Collision avec Chemin2 - Objet Parent Plot2;False
403,77;17.58;p031​;20250325_091248;1;F8W2;-0,0690;1,5883;0,7849;-0,2865;-0,7329;0,1139;-0,6064;Collision avec Chemin2 - Objet Parent Plot2;False
403,79;17.59;p031​;20250325_091248;1;F8W2;-0,0611;1,5886;0,7828;-0,2884;-0,7213;0,1175;-0,6187;Collision avec Chemin2 - Objet Parent Plot2;False
403,80;17.61;p031​;20250325_091248;1;F8W2;-0,0533;1,5892;0,7809;-0,2891;-0,7104;0,1214;-0,6301;Collision avec Chemin2 - Objet Parent Plot2;False
403,81;17.62;p031​;20250325_091248;1;F8W2;-0,0455;1,5906;0,7791;-0,2888;-0,7004;0,1251;-0,6406;Collision avec Chemin2 - Objet Parent Plot2;False
403,83;17.64;p031​;20250325_091248;1;F8W2;-0,0378;1,5921;0,7773;-0,2867;-0,6918;0,1272;-0,6504;Collision avec Chemin2 - Objet Parent Plot2;False
403,84;17.65;p031​;20250325_091248;1;F8W2;-0,0301;1,5937;0,7756;-0,2842;-0,6836;0,1281;-0,6600;Collision avec Gauche2 - Objet Parent Plot2;False
403,86;17.67;p031​;20250325_091248;1;F8W2;-0,0220;1,5955;0,7740;-0,2815;-0,6760;0,1267;-0,6691;Collision avec Gauche2 - Objet Parent Plot2;False
403,87;17.68;p031​;20250325_091248;1;F8W2;-0,0141;1,5972;0,7724;-0,2782;-0,6686;0,1243;-0,6783;Collision avec Gauche2 - Objet Parent Plot2;False
403,88;17.69;p031​;20250325_091248;1;F8W2;-0,0059;1,5989;0,7712;-0,2756;-0,6616;0,1203;-0,6869;Collision avec Gauche2 - Objet Parent Plot2;False
403,90;17.71;p031​;20250325_091248;1;F8W2;0,0023;1,6003;0,7701;-0,2730;-0,6543;0,1158;-0,6956;Collision avec Gauche2 - Objet Parent Plot2;False
403,91;17.72;p031​;20250325_091248;1;F8W2;0,0105;1,6016;0,7691;-0,2718;-0,6463;0,1116;-0,7042;Collision avec Gauche2 - Objet Parent Plot2;False
403,92;17.73;p031​;20250325_091248;1;F8W2;0,0187;1,6025;0,7683;-0,2710;-0,6376;0,1070;-0,7131;Collision avec Gauche2 - Objet Parent Plot2;False
403,94;17.75;p031​;20250325_091248;1;F8W2;0,0269;1,6031;0,7677;-0,2707;-0,6284;0,1029;-0,7220;Collision avec Gauche2 - Objet Parent Plot2;False
403,95;17.76;p031​;20250325_091248;1;F8W2;0,0354;1,6035;0,7674;-0,2709;-0,6186;0,0997;-0,7307;Collision avec Gauche2 - Objet Parent Plot2;False
403,97;17.78;p031​;20250325_091248;1;F8W2;0,0441;1,6038;0,7670;-0,2711;-0,6083;0,0980;-0,7395;;False
403,98;17.79;p031​;20250325_091248;1;F8W2;0,0528;1,6038;0,7669;-0,2709;-0,5979;0,0963;-0,7483;;False
403,99;17.8;p031​;20250325_091248;1;F8W2;0,0617;1,6035;0,7668;-0,2697;-0,5880;0,0958;-0,7566;;False
404,01;17.82;p031​;20250325_091248;1;F8W2;0,0705;1,6030;0,7668;-0,2676;-0,5787;0,0956;-0,7644;;False
404,02;17.83;p031​;20250325_091248;1;F8W2;0,0792;1,6022;0,7668;-0,2655;-0,5694;0,0958;-0,7721;;False
404,04;17.85;p031​;20250325_091248;1;F8W2;0,0880;1,6014;0,7670;-0,2645;-0,5603;0,0957;-0,7791;;False
404,05;17.86;p031​;20250325_091248;1;F8W2;0,0967;1,6004;0,7671;-0,2642;-0,5511;0,0956;-0,7857;;False
404,06;17.87;p031​;20250325_091248;1;F8W2;0,1055;1,5992;0,7673;-0,2641;-0,5422;0,0950;-0,7920;;False
404,08;17.89;p031​;20250325_091248;1;F8W2;0,1143;1,5980;0,7673;-0,2638;-0,5332;0,0936;-0,7983;;False
404,09;17.9;p031​;20250325_091248;1;F8W2;0,1231;1,5968;0,7675;-0,2644;-0,5245;0,0919;-0,8041;;False
404,11;17.91;p031​;20250325_091248;1;F8W2;0,1315;1,5953;0,7677;-0,2647;-0,5162;0,0888;-0,8097;;False
404,12;17.93;p031​;20250325_091248;1;F8W2;0,1402;1,5939;0,7678;-0,2660;-0,5066;0,0856;-0,8157;;False
404,13;17.94;p031​;20250325_091248;1;F8W2;0,1487;1,5923;0,7680;-0,2672;-0,4973;0,0812;-0,8214;;False
404,15;17.96;p031​;20250325_091248;1;F8W2;0,1569;1,5907;0,7682;-0,2678;-0,4883;0,0762;-0,8271;;False
404,16;17.97;p031​;20250325_091248;1;F8W2;0,1652;1,5893;0,7683;-0,2685;-0,4794;0,0716;-0,8325;;False
404,18;17.98;p031​;20250325_091248;1;F8W2;0,1738;1,5886;0,7686;-0,2716;-0,4697;0,0676;-0,8373;;False
404,19;18.0;p031​;20250325_091248;1;F8W2;0,1823;1,5884;0,7691;-0,2756;-0,4593;0,0624;-0,8421;;False
404,20;18.01;p031​;20250325_091248;1;F8W2;0,1907;1,5883;0,7697;-0,2781;-0,4491;0,0573;-0,8471;;False
404,22;18.03;p031​;20250325_091248;1;F8W2;0,1995;1,5893;0,7707;-0,2820;-0,4375;0,0521;-0,8522;;False
404,23;18.04;p031​;20250325_091248;1;F8W2;0,2084;1,5911;0,7723;-0,2864;-0,4254;0,0469;-0,8572;;False
404,24;18.05;p031​;20250325_091248;1;F8W2;0,2172;1,5927;0,7741;-0,2866;-0,4134;0,0413;-0,8633;;False
404,26;18.07;p031​;20250325_091248;1;F8W2;0,2257;1,5943;0,7762;-0,2833;-0,4033;0,0374;-0,8693;;False
404,27;18.08;p031​;20250325_091248;1;F8W2;0,2342;1,5959;0,7789;-0,2795;-0,3946;0,0344;-0,8746;;False
404,29;18.09;p031​;20250325_091248;1;F8W2;0,2426;1,5972;0,7818;-0,2754;-0,3853;0,0307;-0,8802;;False
404,30;18.11;p031​;20250325_091248;1;F8W2;0,2507;1,5984;0,7852;-0,2728;-0,3750;0,0272;-0,8855;;False
404,31;18.12;p031​;20250325_091248;1;F8W2;0,2587;1,5998;0,7894;-0,2734;-0,3637;0,0253;-0,8901;;False
404,33;18.14;p031​;20250325_091248;1;F8W2;0,2662;1,6010;0,7939;-0,2747;-0,3521;0,0248;-0,8944;;False
404,34;18.15;p031​;20250325_091248;1;F8W2;0,2735;1,6021;0,7988;-0,2766;-0,3400;0,0251;-0,8985;;False
404,36;18.16;p031​;20250325_091248;1;F8W2;0,2804;1,6030;0,8042;-0,2787;-0,3275;0,0248;-0,9024;;False
404,37;18.18;p031​;20250325_091248;1;F8W2;0,2870;1,6039;0,8101;-0,2809;-0,3149;0,0235;-0,9063;;False
404,38;18.19;p031​;20250325_091248;1;F8W2;0,2932;1,6044;0,8165;-0,2827;-0,3018;0,0210;-0,9103;;False
404,40;18.21;p031​;20250325_091248;1;F8W2;0,2986;1,6046;0,8232;-0,2843;-0,2888;0,0178;-0,9140;;False
404,41;18.22;p031​;20250325_091248;1;F8W2;0,3034;1,6047;0,8302;-0,2866;-0,2751;0,0147;-0,9176;;False
404,43;18.23;p031​;20250325_091248;1;F8W2;0,3074;1,6043;0,8375;-0,2896;-0,2605;0,0110;-0,9209;;False
404,44;18.25;p031​;20250325_091248;1;F8W2;0,3111;1,6039;0,8449;-0,2930;-0,2461;0,0074;-0,9239;;False
404,45;18.26;p031​;20250325_091248;1;F8W2;0,3145;1,6033;0,8524;-0,2956;-0,2317;0,0033;-0,9268;;False
404,47;18.28;p031​;20250325_091248;1;F8W2;0,3176;1,6026;0,8602;-0,2976;-0,2173;-0,0008;-0,9296;;False
404,48;18.29;p031​;20250325_091248;1;F8W2;0,3203;1,6017;0,8679;-0,2987;-0,2032;-0,0046;-0,9325;;False
404,49;18.3;p031​;20250325_091248;1;F8W2;0,3226;1,6006;0,8761;-0,2997;-0,1893;-0,0083;-0,9351;;False
404,51;18.32;p031​;20250325_091248;1;F8W2;0,3248;1,5995;0,8845;-0,3000;-0,1757;-0,0114;-0,9376;;False
404,52;18.33;p031​;20250325_091248;1;F8W2;0,3266;1,5982;0,8932;-0,3000;-0,1632;-0,0139;-0,9398;;False
404,54;18.34;p031​;20250325_091248;1;F8W2;0,3282;1,5967;0,9020;-0,2994;-0,1514;-0,0166;-0,9419;;False
404,55;18.36;p031​;20250325_091248;1;F8W2;0,3296;1,5951;0,9110;-0,2996;-0,1399;-0,0188;-0,9436;;False
404,57;18.37;p031​;20250325_091248;1;F8W2;0,3305;1,5933;0,9201;-0,2988;-0,1295;-0,0213;-0,9452;;False
404,58;18.39;p031​;20250325_091248;1;F8W2;0,3312;1,5914;0,9293;-0,2986;-0,1198;-0,0240;-0,9465;;False
404,59;18.4;p031​;20250325_091248;1;F8W2;0,3319;1,5893;0,9386;-0,2986;-0,1103;-0,0272;-0,9476;;False
404,61;18.41;p031​;20250325_091248;1;F8W2;0,3321;1,5873;0,9482;-0,2987;-0,1023;-0,0304;-0,9484;;False
404,62;18.43;p031​;20250325_091248;1;F8W2;0,3321;1,5854;0,9580;-0,2989;-0,0947;-0,0337;-0,9490;;False
404,63;18.44;p031​;20250325_091248;1;F8W2;0,3318;1,5835;0,9680;-0,2991;-0,0873;-0,0379;-0,9495;;False
404,65;18.46;p031​;20250325_091248;1;F8W2;0,3315;1,5818;0,9782;-0,2991;-0,0806;-0,0422;-0,9499;;False
404,66;18.47;p031​;20250325_091248;1;F8W2;0,3308;1,5803;0,9887;-0,2984;-0,0742;-0,0474;-0,9504;;False
404,68;18.49;p031​;20250325_091248;1;F8W2;0,3298;1,5791;0,9996;-0,2970;-0,0681;-0,0531;-0,9510;;False
404,69;18.5;p031​;20250325_091248;1;F8W2;0,3286;1,5781;1,0110;-0,2948;-0,0615;-0,0599;-0,9517;;False
404,70;18.51;p031​;20250325_091248;1;F8W2;0,3271;1,5775;1,0229;-0,2921;-0,0541;-0,0677;-0,9524;;False
404,72;18.52;p031​;20250325_091248;1;F8W2;0,3253;1,5769;1,0349;-0,2894;-0,0459;-0,0751;-0,9531;;False
404,73;18.54;p031​;20250325_091248;1;F8W2;0,3232;1,5763;1,0465;-0,2863;-0,0369;-0,0819;-0,9539;;False
404,74;18.55;p031​;20250325_091248;1;F8W2;0,3212;1,5763;1,0581;-0,2847;-0,0269;-0,0885;-0,9541;;False
404,76;18.57;p031​;20250325_091248;1;F8W2;0,3189;1,5771;1,0697;-0,2855;-0,0155;-0,0956;-0,9535;;False
404,77;18.58;p031​;20250325_091248;1;F8W2;0,3165;1,5779;1,0812;-0,2857;-0,0031;-0,1018;-0,9529;;False
404,79;18.6;p031​;20250325_091248;1;F8W2;0,3139;1,5788;1,0922;-0,2840;0,0092;-0,1059;-0,9529;;False
404,80;18.61;p031​;20250325_091248;1;F8W2;0,3114;1,5800;1,1027;-0,2814;0,0213;-0,1101;-0,9530;;False
404,81;18.62;p031​;20250325_091248;1;F8W2;0,3091;1,5814;1,1130;-0,2786;0,0343;-0,1142;-0,9530;;False
404,83;18.64;p031​;20250325_091248;1;F8W2;0,3067;1,5828;1,1227;-0,2744;0,0471;-0,1181;-0,9532;;False
404,84;18.65;p031​;20250325_091248;1;F8W2;0,3046;1,5845;1,1321;-0,2708;0,0599;-0,1208;-0,9531;;False
404,86;18.67;p031​;20250325_091248;1;F8W2;0,3028;1,5864;1,1412;-0,2677;0,0719;-0,1226;-0,9530;;False
404,87;18.68;p031​;20250325_091248;1;F8W2;0,3013;1,5882;1,1499;-0,2642;0,0832;-0,1234;-0,9529;;False
404,88;18.69;p031​;20250325_091248;1;F8W2;0,2999;1,5901;1,1583;-0,2615;0,0933;-0,1230;-0,9528;;False
404,90;18.71;p031​;20250325_091248;1;F8W2;0,2988;1,5921;1,1664;-0,2600;0,1025;-0,1220;-0,9524;;False
404,91;18.72;p031​;20250325_091248;1;F8W2;0,2979;1,5939;1,1741;-0,2587;0,1108;-0,1210;-0,9519;;False
404,93;18.73;p031​;20250325_091248;1;F8W2;0,2972;1,5959;1,1817;-0,2582;0,1183;-0,1198;-0,9513;;False
404,94;18.75;p031​;20250325_091248;1;F8W2;0,2964;1,5981;1,1891;-0,2573;0,1254;-0,1187;-0,9508;;False
404,95;18.76;p031​;20250325_091248;1;F8W2;0,2957;1,6005;1,1964;-0,2563;0,1320;-0,1174;-0,9503;;False
404,97;18.78;p031​;20250325_091248;1;F8W2;0,2950;1,6030;1,2036;-0,2548;0,1381;-0,1158;-0,9501;;False
404,98;18.79;p031​;20250325_091248;1;F8W2;0,2944;1,6057;1,2106;-0,2519;0,1436;-0,1146;-0,9502;;False
405,00;18.8;p031​;20250325_091248;1;F8W2;0,2936;1,6085;1,2178;-0,2475;0,1489;-0,1140;-0,9505;;False
405,01;18.82;p031​;20250325_091248;1;F8W2;0,2927;1,6114;1,2251;-0,2424;0,1540;-0,1131;-0,9512;;False
405,02;18.83;p031​;20250325_091248;1;F8W2;0,2919;1,6142;1,2323;-0,2360;0,1589;-0,1125;-0,9521;;False
405,04;18.85;p031​;20250325_091248;1;F8W2;0,2911;1,6167;1,2396;-0,2297;0,1638;-0,1117;-0,9528;;False
405,05;18.86;p031​;20250325_091248;1;F8W2;0,2903;1,6191;1,2469;-0,2242;0,1686;-0,1112;-0,9534;;False
405,07;18.87;p031​;20250325_091248;1;F8W2;0,2894;1,6212;1,2542;-0,2194;0,1733;-0,1106;-0,9537;;False
405,08;18.89;p031​;20250325_091248;1;F8W2;0,2885;1,6231;1,2616;-0,2146;0,1781;-0,1100;-0,9540;;False
405,09;18.9;p031​;20250325_091248;1;F8W2;0,2873;1,6247;1,2694;-0,2105;0,1829;-0,1091;-0,9541;;False
405,11;18.91;p031​;20250325_091248;1;F8W2;0,2862;1,6262;1,2772;-0,2066;0,1874;-0,1074;-0,9543;;False
405,12;18.93;p031​;20250325_091248;1;F8W2;0,2853;1,6276;1,2851;-0,2031;0,1917;-0,1052;-0,9544;;False
405,13;18.94;p031​;20250325_091248;1;F8W2;0,2844;1,6290;1,2932;-0,1999;0,1957;-0,1030;-0,9545;;False
405,15;18.96;p031​;20250325_091248;1;F8W2;0,2835;1,6300;1,3012;-0,1964;0,1993;-0,1008;-0,9547;;False
405,16;18.97;p031​;20250325_091248;1;F8W2;0,2826;1,6308;1,3092;-0,1930;0,2031;-0,0988;-0,9549;;False
405,18;18.98;p031​;20250325_091248;1;F8W2;0,2818;1,6315;1,3173;-0,1900;0,2065;-0,0963;-0,9550;;False
405,19;19.0;p031​;20250325_091248;1;F8W2;0,2810;1,6319;1,3251;-0,1870;0,2095;-0,0945;-0,9551;;False
405,20;19.01;p031​;20250325_091248;1;F8W2;0,2805;1,6323;1,3332;-0,1840;0,2126;-0,0920;-0,9552;;False
405,22;19.03;p031​;20250325_091248;1;F8W2;0,2799;1,6326;1,3413;-0,1809;0,2150;-0,0894;-0,9556;;False
405,23;19.04;p031​;20250325_091248;1;F8W2;0,2795;1,6329;1,3495;-0,1782;0,2171;-0,0868;-0,9558;;False
405,25;19.05;p031​;20250325_091248;1;F8W2;0,2792;1,6331;1,3576;-0,1749;0,2194;-0,0844;-0,9561;;False
405,26;19.07;p031​;20250325_091248;1;F8W2;0,2788;1,6334;1,3657;-0,1721;0,2214;-0,0826;-0,9563;;False
405,27;19.08;p031​;20250325_091248;1;F8W2;0,2785;1,6336;1,3739;-0,1686;0,2240;-0,0807;-0,9565;;False
405,29;19.1;p031​;20250325_091248;1;F8W2;0,2783;1,6339;1,3823;-0,1654;0,2264;-0,0785;-0,9567;;False
405,30;19.11;p031​;20250325_091248;1;F8W2;0,2781;1,6342;1,3907;-0,1615;0,2287;-0,0765;-0,9570;;False
405,32;19.12;p031​;20250325_091248;1;F8W2;0,2780;1,6345;1,3991;-0,1565;0,2311;-0,0740;-0,9574;;False
405,33;19.14;p031​;20250325_091248;1;F8W2;0,2779;1,6349;1,4073;-0,1509;0,2330;-0,0717;-0,9580;;False
405,34;19.15;p031​;20250325_091248;1;F8W2;0,2781;1,6351;1,4156;-0,1452;0,2353;-0,0692;-0,9585;;False
405,36;19.16;p031​;20250325_091248;1;F8W2;0,2783;1,6358;1,4241;-0,1413;0,2372;-0,0673;-0,9588;;False
405,37;19.18;p031​;20250325_091248;1;F8W2;0,2785;1,6368;1,4327;-0,1372;0,2391;-0,0659;-0,9590;;False
405,38;19.19;p031​;20250325_091248;1;F8W2;0,2784;1,6383;1,4415;-0,1340;0,2409;-0,0646;-0,9591;;False
405,40;19.21;p031​;20250325_091248;1;F8W2;0,2782;1,6400;1,4506;-0,1302;0,2428;-0,0634;-0,9592;;False
405,41;19.22;p031​;20250325_091248;1;F8W2;0,2781;1,6421;1,4598;-0,1260;0,2449;-0,0622;-0,9593;;False
405,43;19.23;p031​;20250325_091248;1;F8W2;0,2779;1,6445;1,4691;-0,1217;0,2469;-0,0606;-0,9595;;False
405,44;19.25;p031​;20250325_091248;1;F8W2;0,2777;1,6469;1,4785;-0,1175;0,2484;-0,0575;-0,9598;;False
405,45;19.26;p031​;20250325_091248;1;F8W2;0,2773;1,6489;1,4875;-0,1125;0,2486;-0,0533;-0,9606;;False
405,47;19.28;p031​;20250325_091248;1;F8W2;0,2771;1,6505;1,4965;-0,1072;0,2481;-0,0474;-0,9616;;False
405,48;19.29;p031​;20250325_091248;1;F8W2;0,2768;1,6517;1,5053;-0,1019;0,2466;-0,0410;-0,9629;;False
405,50;19.3;p031​;20250325_091248;1;F8W2;0,2762;1,6529;1,5140;-0,0980;0,2442;-0,0353;-0,9641;;False
